ISO-10303-21;
HEADER;
/* Generated by software containing ST-Developer
 * from STEP Tools, Inc. (www.steptools.com) 
 */
/* OPTION: using custom renumber hook */

FILE_DESCRIPTION(
/* description */ ('STEP AP242 Edition 2',
'CAx-IF Rec.Pracs.---Representation and Presentation of Product Manufa
cturing Information (PMI)---4.0---2014-10-13',
'CAx-IF Rec.Pracs.---3D Tessellated Geometry---0.4---2014-09-14','2;1',
'CAx-IF Rec.Pracs.---User Defined Attributes---1.5---2016-08-15'),
/* implementation_level */ '2;1');

FILE_NAME(
/* name */ 'LimeArm MKI - Pinion',
/* time_stamp */ '2026-05-27T02:34:59Z',
/* author */ (''),
/* organization */ (''),
/* preprocessor_version */ 'ST-DEVELOPER v20',
/* originating_system */ 'ONSHAPE BY PTC INC, 1.215',
/* authorisation */ '  ');

FILE_SCHEMA (('AP242_MANAGED_MODEL_BASED_3D_ENGINEERING_MIM_LF { 1 0 10303 442 3 1 4 }'));
ENDSEC;

DATA;
#10=SHAPE_REPRESENTATION_RELATIONSHIP('','',#1847,#11);
#11=ADVANCED_BREP_SHAPE_REPRESENTATION('',(#1845),#6015);
#12=B_SPLINE_SURFACE_WITH_KNOTS('',3,1,((#5109,#5110),(#5111,#5112),(#5113,
#5114),(#5115,#5116),(#5117,#5118),(#5119,#5120),(#5121,#5122),(#5123,#5124),
(#5125,#5126),(#5127,#5128),(#5129,#5130),(#5131,#5132),(#5133,#5134)),
 .SURF_OF_LINEAR_EXTRUSION.,.F.,.F.,.F.,(4,1,1,1,1,1,1,1,1,1,4),(2,2),(0.040923936490771,
0.100160164119064,0.129778277933211,0.159396391747358,0.218632619375651,
0.277868847003945,0.396341302260532,0.514813757517119,0.633286212773706,
0.751758668030293,0.988703578543467),(0.,1.),.UNSPECIFIED.);
#13=B_SPLINE_SURFACE_WITH_KNOTS('',3,1,((#5136,#5137),(#5138,#5139),(#5140,
#5141),(#5142,#5143),(#5144,#5145),(#5146,#5147),(#5148,#5149),(#5150,#5151),
(#5152,#5153),(#5154,#5155),(#5156,#5157),(#5158,#5159),(#5160,#5161)),
 .SURF_OF_LINEAR_EXTRUSION.,.F.,.F.,.F.,(4,1,1,1,1,1,1,1,1,1,4),(2,2),(0.040923936490771,
0.100160164119064,0.129778277933211,0.159396391747358,0.218632619375651,
0.277868847003945,0.396341302260532,0.514813757517119,0.633286212773706,
0.751758668030293,0.988703578543467),(0.,1.),.UNSPECIFIED.);
#14=B_SPLINE_SURFACE_WITH_KNOTS('',3,1,((#5168,#5169),(#5170,#5171),(#5172,
#5173),(#5174,#5175),(#5176,#5177),(#5178,#5179),(#5180,#5181),(#5182,#5183),
(#5184,#5185),(#5186,#5187),(#5188,#5189),(#5190,#5191),(#5192,#5193)),
 .SURF_OF_LINEAR_EXTRUSION.,.F.,.F.,.F.,(4,1,1,1,1,1,1,1,1,1,4),(2,2),(0.0409239364907707,
0.100160164119064,0.129778277933211,0.159396391747358,0.218632619375651,
0.277868847003945,0.396341302260532,0.514813757517119,0.633286212773706,
0.751758668030293,0.988703578543467),(0.,1.),.UNSPECIFIED.);
#15=B_SPLINE_SURFACE_WITH_KNOTS('',3,1,((#5195,#5196),(#5197,#5198),(#5199,
#5200),(#5201,#5202),(#5203,#5204),(#5205,#5206),(#5207,#5208),(#5209,#5210),
(#5211,#5212),(#5213,#5214),(#5215,#5216),(#5217,#5218),(#5219,#5220)),
 .SURF_OF_LINEAR_EXTRUSION.,.F.,.F.,.F.,(4,1,1,1,1,1,1,1,1,1,4),(2,2),(0.040923936490771,
0.100160164119064,0.129778277933211,0.159396391747358,0.218632619375651,
0.277868847003945,0.396341302260532,0.514813757517119,0.633286212773706,
0.751758668030293,0.988703578543467),(0.,1.),.UNSPECIFIED.);
#16=B_SPLINE_SURFACE_WITH_KNOTS('',3,1,((#5227,#5228),(#5229,#5230),(#5231,
#5232),(#5233,#5234),(#5235,#5236),(#5237,#5238),(#5239,#5240),(#5241,#5242),
(#5243,#5244),(#5245,#5246),(#5247,#5248),(#5249,#5250),(#5251,#5252)),
 .SURF_OF_LINEAR_EXTRUSION.,.F.,.F.,.F.,(4,1,1,1,1,1,1,1,1,1,4),(2,2),(0.04092393649077,
0.100160164119064,0.12977827793321,0.159396391747357,0.218632619375651,
0.277868847003944,0.396341302260531,0.514813757517119,0.633286212773706,
0.751758668030293,0.988703578543467),(0.,1.),.UNSPECIFIED.);
#17=B_SPLINE_SURFACE_WITH_KNOTS('',3,1,((#5254,#5255),(#5256,#5257),(#5258,
#5259),(#5260,#5261),(#5262,#5263),(#5264,#5265),(#5266,#5267),(#5268,#5269),
(#5270,#5271),(#5272,#5273),(#5274,#5275),(#5276,#5277),(#5278,#5279)),
 .SURF_OF_LINEAR_EXTRUSION.,.F.,.F.,.F.,(4,1,1,1,1,1,1,1,1,1,4),(2,2),(0.0409239364907711,
0.100160164119065,0.129778277933211,0.159396391747358,0.218632619375652,
0.277868847003945,0.396341302260532,0.514813757517119,0.633286212773706,
0.751758668030293,0.988703578543467),(0.,1.),.UNSPECIFIED.);
#18=B_SPLINE_SURFACE_WITH_KNOTS('',3,1,((#5286,#5287),(#5288,#5289),(#5290,
#5291),(#5292,#5293),(#5294,#5295),(#5296,#5297),(#5298,#5299),(#5300,#5301),
(#5302,#5303),(#5304,#5305),(#5306,#5307),(#5308,#5309),(#5310,#5311)),
 .SURF_OF_LINEAR_EXTRUSION.,.F.,.F.,.F.,(4,1,1,1,1,1,1,1,1,1,4),(2,2),(0.0409239364907725,
0.100160164119066,0.129778277933213,0.159396391747359,0.218632619375653,
0.277868847003946,0.396341302260533,0.51481375751712,0.633286212773707,
0.751758668030293,0.988703578543467),(0.,1.),.UNSPECIFIED.);
#19=B_SPLINE_SURFACE_WITH_KNOTS('',3,1,((#5313,#5314),(#5315,#5316),(#5317,
#5318),(#5319,#5320),(#5321,#5322),(#5323,#5324),(#5325,#5326),(#5327,#5328),
(#5329,#5330),(#5331,#5332),(#5333,#5334),(#5335,#5336),(#5337,#5338)),
 .SURF_OF_LINEAR_EXTRUSION.,.F.,.F.,.F.,(4,1,1,1,1,1,1,1,1,1,4),(2,2),(0.0409239364907721,
0.100160164119066,0.129778277933212,0.159396391747359,0.218632619375652,
0.277868847003946,0.396341302260533,0.51481375751712,0.633286212773706,
0.751758668030293,0.988703578543467),(0.,1.),.UNSPECIFIED.);
#20=B_SPLINE_SURFACE_WITH_KNOTS('',3,1,((#5345,#5346),(#5347,#5348),(#5349,
#5350),(#5351,#5352),(#5353,#5354),(#5355,#5356),(#5357,#5358),(#5359,#5360),
(#5361,#5362),(#5363,#5364),(#5365,#5366),(#5367,#5368),(#5369,#5370)),
 .SURF_OF_LINEAR_EXTRUSION.,.F.,.F.,.F.,(4,1,1,1,1,1,1,1,1,1,4),(2,2),(0.0409239364907711,
0.100160164119065,0.129778277933211,0.159396391747358,0.218632619375652,
0.277868847003945,0.396341302260532,0.514813757517119,0.633286212773706,
0.751758668030293,0.988703578543467),(0.,1.),.UNSPECIFIED.);
#21=B_SPLINE_SURFACE_WITH_KNOTS('',3,1,((#5372,#5373),(#5374,#5375),(#5376,
#5377),(#5378,#5379),(#5380,#5381),(#5382,#5383),(#5384,#5385),(#5386,#5387),
(#5388,#5389),(#5390,#5391),(#5392,#5393),(#5394,#5395),(#5396,#5397)),
 .SURF_OF_LINEAR_EXTRUSION.,.F.,.F.,.F.,(4,1,1,1,1,1,1,1,1,1,4),(2,2),(0.0409239364907725,
0.100160164119066,0.129778277933213,0.159396391747359,0.218632619375653,
0.277868847003946,0.396341302260533,0.51481375751712,0.633286212773707,
0.751758668030293,0.988703578543467),(0.,1.),.UNSPECIFIED.);
#22=B_SPLINE_SURFACE_WITH_KNOTS('',3,1,((#5404,#5405),(#5406,#5407),(#5408,
#5409),(#5410,#5411),(#5412,#5413),(#5414,#5415),(#5416,#5417),(#5418,#5419),
(#5420,#5421),(#5422,#5423),(#5424,#5425),(#5426,#5427),(#5428,#5429)),
 .SURF_OF_LINEAR_EXTRUSION.,.F.,.F.,.F.,(4,1,1,1,1,1,1,1,1,1,4),(2,2),(0.0409239364907723,
0.100160164119066,0.129778277933212,0.159396391747359,0.218632619375653,
0.277868847003946,0.396341302260533,0.51481375751712,0.633286212773706,
0.751758668030293,0.988703578543467),(0.,1.),.UNSPECIFIED.);
#23=B_SPLINE_SURFACE_WITH_KNOTS('',3,1,((#5431,#5432),(#5433,#5434),(#5435,
#5436),(#5437,#5438),(#5439,#5440),(#5441,#5442),(#5443,#5444),(#5445,#5446),
(#5447,#5448),(#5449,#5450),(#5451,#5452),(#5453,#5454),(#5455,#5456)),
 .SURF_OF_LINEAR_EXTRUSION.,.F.,.F.,.F.,(4,1,1,1,1,1,1,1,1,1,4),(2,2),(0.040923936490772,
0.100160164119065,0.129778277933212,0.159396391747359,0.218632619375652,
0.277868847003946,0.396341302260533,0.51481375751712,0.633286212773706,
0.751758668030293,0.988703578543467),(0.,1.),.UNSPECIFIED.);
#24=B_SPLINE_SURFACE_WITH_KNOTS('',3,1,((#5463,#5464),(#5465,#5466),(#5467,
#5468),(#5469,#5470),(#5471,#5472),(#5473,#5474),(#5475,#5476),(#5477,#5478),
(#5479,#5480),(#5481,#5482),(#5483,#5484),(#5485,#5486),(#5487,#5488)),
 .SURF_OF_LINEAR_EXTRUSION.,.F.,.F.,.F.,(4,1,1,1,1,1,1,1,1,1,4),(2,2),(0.0409239364907718,
0.100160164119065,0.129778277933212,0.159396391747359,0.218632619375652,
0.277868847003946,0.396341302260533,0.514813757517119,0.633286212773706,
0.751758668030293,0.988703578543467),(0.,1.),.UNSPECIFIED.);
#25=B_SPLINE_SURFACE_WITH_KNOTS('',3,1,((#5490,#5491),(#5492,#5493),(#5494,
#5495),(#5496,#5497),(#5498,#5499),(#5500,#5501),(#5502,#5503),(#5504,#5505),
(#5506,#5507),(#5508,#5509),(#5510,#5511),(#5512,#5513),(#5514,#5515)),
 .SURF_OF_LINEAR_EXTRUSION.,.F.,.F.,.F.,(4,1,1,1,1,1,1,1,1,1,4),(2,2),(0.040923936490772,
0.100160164119065,0.129778277933212,0.159396391747359,0.218632619375652,
0.277868847003946,0.396341302260533,0.51481375751712,0.633286212773706,
0.751758668030293,0.988703578543467),(0.,1.),.UNSPECIFIED.);
#26=B_SPLINE_SURFACE_WITH_KNOTS('',3,1,((#5522,#5523),(#5524,#5525),(#5526,
#5527),(#5528,#5529),(#5530,#5531),(#5532,#5533),(#5534,#5535),(#5536,#5537),
(#5538,#5539),(#5540,#5541),(#5542,#5543),(#5544,#5545),(#5546,#5547)),
 .SURF_OF_LINEAR_EXTRUSION.,.F.,.F.,.F.,(4,1,1,1,1,1,1,1,1,1,4),(2,2),(0.0409239364907711,
0.100160164119065,0.129778277933211,0.159396391747358,0.218632619375652,
0.277868847003945,0.396341302260532,0.514813757517119,0.633286212773706,
0.751758668030293,0.988703578543467),(0.,1.),.UNSPECIFIED.);
#27=B_SPLINE_SURFACE_WITH_KNOTS('',3,1,((#5549,#5550),(#5551,#5552),(#5553,
#5554),(#5555,#5556),(#5557,#5558),(#5559,#5560),(#5561,#5562),(#5563,#5564),
(#5565,#5566),(#5567,#5568),(#5569,#5570),(#5571,#5572),(#5573,#5574)),
 .SURF_OF_LINEAR_EXTRUSION.,.F.,.F.,.F.,(4,1,1,1,1,1,1,1,1,1,4),(2,2),(0.0409239364907705,
0.100160164119064,0.129778277933211,0.159396391747358,0.218632619375651,
0.277868847003945,0.396341302260532,0.514813757517119,0.633286212773706,
0.751758668030293,0.988703578543467),(0.,1.),.UNSPECIFIED.);
#28=B_SPLINE_SURFACE_WITH_KNOTS('',3,1,((#5581,#5582),(#5583,#5584),(#5585,
#5586),(#5587,#5588),(#5589,#5590),(#5591,#5592),(#5593,#5594),(#5595,#5596),
(#5597,#5598),(#5599,#5600),(#5601,#5602),(#5603,#5604),(#5605,#5606)),
 .SURF_OF_LINEAR_EXTRUSION.,.F.,.F.,.F.,(4,1,1,1,1,1,1,1,1,1,4),(2,2),(0.0409239364907705,
0.100160164119064,0.129778277933211,0.159396391747358,0.218632619375651,
0.277868847003945,0.396341302260532,0.514813757517119,0.633286212773706,
0.751758668030293,0.988703578543467),(0.,1.),.UNSPECIFIED.);
#29=B_SPLINE_SURFACE_WITH_KNOTS('',3,1,((#5608,#5609),(#5610,#5611),(#5612,
#5613),(#5614,#5615),(#5616,#5617),(#5618,#5619),(#5620,#5621),(#5622,#5623),
(#5624,#5625),(#5626,#5627),(#5628,#5629),(#5630,#5631),(#5632,#5633)),
 .SURF_OF_LINEAR_EXTRUSION.,.F.,.F.,.F.,(4,1,1,1,1,1,1,1,1,1,4),(2,2),(0.0409239364907712,
0.100160164119065,0.129778277933211,0.159396391747358,0.218632619375652,
0.277868847003945,0.396341302260532,0.514813757517119,0.633286212773706,
0.751758668030293,0.988703578543467),(0.,1.),.UNSPECIFIED.);
#30=B_SPLINE_SURFACE_WITH_KNOTS('',3,1,((#5640,#5641),(#5642,#5643),(#5644,
#5645),(#5646,#5647),(#5648,#5649),(#5650,#5651),(#5652,#5653),(#5654,#5655),
(#5656,#5657),(#5658,#5659),(#5660,#5661),(#5662,#5663),(#5664,#5665)),
 .SURF_OF_LINEAR_EXTRUSION.,.F.,.F.,.F.,(4,1,1,1,1,1,1,1,1,1,4),(2,2),(0.0409239364907707,
0.100160164119064,0.129778277933211,0.159396391747358,0.218632619375651,
0.277868847003945,0.396341302260532,0.514813757517119,0.633286212773706,
0.751758668030293,0.988703578543467),(0.,1.),.UNSPECIFIED.);
#31=B_SPLINE_SURFACE_WITH_KNOTS('',3,1,((#5667,#5668),(#5669,#5670),(#5671,
#5672),(#5673,#5674),(#5675,#5676),(#5677,#5678),(#5679,#5680),(#5681,#5682),
(#5683,#5684),(#5685,#5686),(#5687,#5688),(#5689,#5690),(#5691,#5692)),
 .SURF_OF_LINEAR_EXTRUSION.,.F.,.F.,.F.,(4,1,1,1,1,1,1,1,1,1,4),(2,2),(0.0409239364907712,
0.100160164119065,0.129778277933211,0.159396391747358,0.218632619375652,
0.277868847003945,0.396341302260532,0.514813757517119,0.633286212773706,
0.751758668030293,0.988703578543467),(0.,1.),.UNSPECIFIED.);
#32=B_SPLINE_SURFACE_WITH_KNOTS('',3,1,((#5699,#5700),(#5701,#5702),(#5703,
#5704),(#5705,#5706),(#5707,#5708),(#5709,#5710),(#5711,#5712),(#5713,#5714),
(#5715,#5716),(#5717,#5718),(#5719,#5720),(#5721,#5722),(#5723,#5724)),
 .SURF_OF_LINEAR_EXTRUSION.,.F.,.F.,.F.,(4,1,1,1,1,1,1,1,1,1,4),(2,2),(0.0409239364907709,
0.100160164119064,0.129778277933211,0.159396391747358,0.218632619375651,
0.277868847003945,0.396341302260532,0.514813757517119,0.633286212773706,
0.751758668030293,0.988703578543467),(0.,1.),.UNSPECIFIED.);
#33=B_SPLINE_SURFACE_WITH_KNOTS('',3,1,((#5726,#5727),(#5728,#5729),(#5730,
#5731),(#5732,#5733),(#5734,#5735),(#5736,#5737),(#5738,#5739),(#5740,#5741),
(#5742,#5743),(#5744,#5745),(#5746,#5747),(#5748,#5749),(#5750,#5751)),
 .SURF_OF_LINEAR_EXTRUSION.,.F.,.F.,.F.,(4,1,1,1,1,1,1,1,1,1,4),(2,2),(0.0409239364907703,
0.100160164119064,0.129778277933211,0.159396391747357,0.218632619375651,
0.277868847003944,0.396341302260532,0.514813757517119,0.633286212773706,
0.751758668030293,0.988703578543467),(0.,1.),.UNSPECIFIED.);
#34=B_SPLINE_SURFACE_WITH_KNOTS('',3,1,((#5758,#5759),(#5760,#5761),(#5762,
#5763),(#5764,#5765),(#5766,#5767),(#5768,#5769),(#5770,#5771),(#5772,#5773),
(#5774,#5775),(#5776,#5777),(#5778,#5779),(#5780,#5781),(#5782,#5783)),
 .SURF_OF_LINEAR_EXTRUSION.,.F.,.F.,.F.,(4,1,1,1,1,1,1,1,1,1,4),(2,2),(0.0409239364907719,
0.100160164119065,0.129778277933212,0.159396391747359,0.218632619375652,
0.277868847003946,0.396341302260533,0.514813757517119,0.633286212773706,
0.751758668030293,0.988703578543467),(0.,1.),.UNSPECIFIED.);
#35=B_SPLINE_SURFACE_WITH_KNOTS('',3,1,((#5785,#5786),(#5787,#5788),(#5789,
#5790),(#5791,#5792),(#5793,#5794),(#5795,#5796),(#5797,#5798),(#5799,#5800),
(#5801,#5802),(#5803,#5804),(#5805,#5806),(#5807,#5808),(#5809,#5810)),
 .SURF_OF_LINEAR_EXTRUSION.,.F.,.F.,.F.,(4,1,1,1,1,1,1,1,1,1,4),(2,2),(0.0409239364907716,
0.100160164119065,0.129778277933212,0.159396391747359,0.218632619375652,
0.277868847003945,0.396341302260532,0.514813757517119,0.633286212773706,
0.751758668030293,0.988703578543467),(0.,1.),.UNSPECIFIED.);
#36=B_SPLINE_SURFACE_WITH_KNOTS('',3,1,((#5817,#5818),(#5819,#5820),(#5821,
#5822),(#5823,#5824),(#5825,#5826),(#5827,#5828),(#5829,#5830),(#5831,#5832),
(#5833,#5834),(#5835,#5836),(#5837,#5838),(#5839,#5840),(#5841,#5842)),
 .SURF_OF_LINEAR_EXTRUSION.,.F.,.F.,.F.,(4,1,1,1,1,1,1,1,1,1,4),(2,2),(0.0409239364907721,
0.100160164119066,0.129778277933212,0.159396391747359,0.218632619375652,
0.277868847003946,0.396341302260533,0.51481375751712,0.633286212773706,
0.751758668030293,0.988703578543467),(0.,1.),.UNSPECIFIED.);
#37=B_SPLINE_SURFACE_WITH_KNOTS('',3,1,((#5844,#5845),(#5846,#5847),(#5848,
#5849),(#5850,#5851),(#5852,#5853),(#5854,#5855),(#5856,#5857),(#5858,#5859),
(#5860,#5861),(#5862,#5863),(#5864,#5865),(#5866,#5867),(#5868,#5869)),
 .SURF_OF_LINEAR_EXTRUSION.,.F.,.F.,.F.,(4,1,1,1,1,1,1,1,1,1,4),(2,2),(0.0409239364907725,
0.100160164119066,0.129778277933213,0.159396391747359,0.218632619375653,
0.277868847003946,0.396341302260533,0.51481375751712,0.633286212773707,
0.751758668030293,0.988703578543467),(0.,1.),.UNSPECIFIED.);
#38=B_SPLINE_SURFACE_WITH_KNOTS('',3,1,((#5876,#5877),(#5878,#5879),(#5880,
#5881),(#5882,#5883),(#5884,#5885),(#5886,#5887),(#5888,#5889),(#5890,#5891),
(#5892,#5893),(#5894,#5895),(#5896,#5897),(#5898,#5899),(#5900,#5901)),
 .SURF_OF_LINEAR_EXTRUSION.,.F.,.F.,.F.,(4,1,1,1,1,1,1,1,1,1,4),(2,2),(0.0409239364907717,
0.100160164119065,0.129778277933212,0.159396391747359,0.218632619375652,
0.277868847003946,0.396341302260532,0.514813757517119,0.633286212773706,
0.751758668030293,0.988703578543467),(0.,1.),.UNSPECIFIED.);
#39=B_SPLINE_SURFACE_WITH_KNOTS('',3,1,((#5903,#5904),(#5905,#5906),(#5907,
#5908),(#5909,#5910),(#5911,#5912),(#5913,#5914),(#5915,#5916),(#5917,#5918),
(#5919,#5920),(#5921,#5922),(#5923,#5924),(#5925,#5926),(#5927,#5928)),
 .SURF_OF_LINEAR_EXTRUSION.,.F.,.F.,.F.,(4,1,1,1,1,1,1,1,1,1,4),(2,2),(0.0409239364907723,
0.100160164119066,0.129778277933212,0.159396391747359,0.218632619375653,
0.277868847003946,0.396341302260533,0.51481375751712,0.633286212773706,
0.751758668030293,0.988703578543467),(0.,1.),.UNSPECIFIED.);
#40=B_SPLINE_SURFACE_WITH_KNOTS('',3,1,((#5935,#5936),(#5937,#5938),(#5939,
#5940),(#5941,#5942),(#5943,#5944),(#5945,#5946),(#5947,#5948),(#5949,#5950),
(#5951,#5952),(#5953,#5954),(#5955,#5956),(#5957,#5958),(#5959,#5960)),
 .SURF_OF_LINEAR_EXTRUSION.,.F.,.F.,.F.,(4,1,1,1,1,1,1,1,1,1,4),(2,2),(0.0409239364907721,
0.100160164119066,0.129778277933212,0.159396391747359,0.218632619375652,
0.277868847003946,0.396341302260533,0.51481375751712,0.633286212773706,
0.751758668030293,0.988703578543467),(0.,1.),.UNSPECIFIED.);
#41=B_SPLINE_SURFACE_WITH_KNOTS('',3,1,((#5962,#5963),(#5964,#5965),(#5966,
#5967),(#5968,#5969),(#5970,#5971),(#5972,#5973),(#5974,#5975),(#5976,#5977),
(#5978,#5979),(#5980,#5981),(#5982,#5983),(#5984,#5985),(#5986,#5987)),
 .SURF_OF_LINEAR_EXTRUSION.,.F.,.F.,.F.,(4,1,1,1,1,1,1,1,1,1,4),(2,2),(0.0409239364907733,
0.100160164119067,0.129778277933213,0.15939639174736,0.218632619375653,
0.277868847003947,0.396341302260533,0.51481375751712,0.633286212773707,
0.751758668030294,0.988703578543467),(0.,1.),.UNSPECIFIED.);
#42=CYLINDRICAL_SURFACE('',#1912,0.01275);
#43=CYLINDRICAL_SURFACE('',#1914,0.01275);
#44=CYLINDRICAL_SURFACE('',#1916,0.01275);
#45=CYLINDRICAL_SURFACE('',#1918,0.01275);
#46=CYLINDRICAL_SURFACE('',#1920,0.01275);
#47=CYLINDRICAL_SURFACE('',#1922,0.01275);
#48=CYLINDRICAL_SURFACE('',#1924,0.01275);
#49=CYLINDRICAL_SURFACE('',#1926,0.01275);
#50=CYLINDRICAL_SURFACE('',#1928,0.01275);
#51=CYLINDRICAL_SURFACE('',#1930,0.01275);
#52=CYLINDRICAL_SURFACE('',#1932,0.01275);
#53=CYLINDRICAL_SURFACE('',#1934,0.01275);
#54=CYLINDRICAL_SURFACE('',#1936,0.01275);
#55=CYLINDRICAL_SURFACE('',#1938,0.01275);
#56=CYLINDRICAL_SURFACE('',#1988,0.01275);
#57=CYLINDRICAL_SURFACE('',#1989,0.009375);
#58=CYLINDRICAL_SURFACE('',#1990,0.000615555615745068);
#59=CYLINDRICAL_SURFACE('',#1991,0.000615555615745068);
#60=CYLINDRICAL_SURFACE('',#1992,0.009375);
#61=CYLINDRICAL_SURFACE('',#1993,0.000615555615745068);
#62=CYLINDRICAL_SURFACE('',#1994,0.000615555615745068);
#63=CYLINDRICAL_SURFACE('',#1995,0.009375);
#64=CYLINDRICAL_SURFACE('',#1996,0.000615555615745068);
#65=CYLINDRICAL_SURFACE('',#1997,0.000615555615745068);
#66=CYLINDRICAL_SURFACE('',#1998,0.009375);
#67=CYLINDRICAL_SURFACE('',#1999,0.000615555615745068);
#68=CYLINDRICAL_SURFACE('',#2000,0.000615555615745068);
#69=CYLINDRICAL_SURFACE('',#2001,0.009375);
#70=CYLINDRICAL_SURFACE('',#2002,0.000615555615745068);
#71=CYLINDRICAL_SURFACE('',#2003,0.000615555615745068);
#72=CYLINDRICAL_SURFACE('',#2004,0.009375);
#73=CYLINDRICAL_SURFACE('',#2005,0.000615555615745068);
#74=CYLINDRICAL_SURFACE('',#2006,0.000615555615745068);
#75=CYLINDRICAL_SURFACE('',#2007,0.009375);
#76=CYLINDRICAL_SURFACE('',#2008,0.000615555615745068);
#77=CYLINDRICAL_SURFACE('',#2009,0.000615555615745068);
#78=CYLINDRICAL_SURFACE('',#2010,0.009375);
#79=CYLINDRICAL_SURFACE('',#2011,0.000615555615745068);
#80=CYLINDRICAL_SURFACE('',#2012,0.000615555615745068);
#81=CYLINDRICAL_SURFACE('',#2013,0.009375);
#82=CYLINDRICAL_SURFACE('',#2014,0.000615555615745068);
#83=CYLINDRICAL_SURFACE('',#2015,0.000615555615745068);
#84=CYLINDRICAL_SURFACE('',#2016,0.009375);
#85=CYLINDRICAL_SURFACE('',#2017,0.000615555615745068);
#86=CYLINDRICAL_SURFACE('',#2018,0.000615555615745068);
#87=CYLINDRICAL_SURFACE('',#2019,0.009375);
#88=CYLINDRICAL_SURFACE('',#2020,0.000615555615745068);
#89=CYLINDRICAL_SURFACE('',#2021,0.000615555615745068);
#90=CYLINDRICAL_SURFACE('',#2022,0.009375);
#91=CYLINDRICAL_SURFACE('',#2023,0.000615555615745068);
#92=CYLINDRICAL_SURFACE('',#2024,0.000615555615745068);
#93=CYLINDRICAL_SURFACE('',#2025,0.009375);
#94=CYLINDRICAL_SURFACE('',#2026,0.000615555615745068);
#95=CYLINDRICAL_SURFACE('',#2027,0.000615555615745068);
#96=CYLINDRICAL_SURFACE('',#2028,0.009375);
#97=CYLINDRICAL_SURFACE('',#2029,0.000615555615745068);
#98=CYLINDRICAL_SURFACE('',#2030,0.000615555615745068);
#99=CYLINDRICAL_SURFACE('',#2031,0.009375);
#100=CYLINDRICAL_SURFACE('',#2032,0.000615555615745068);
#101=CYLINDRICAL_SURFACE('',#2033,0.000615555615745068);
#102=CYLINDRICAL_SURFACE('',#2034,0.0027);
#103=CYLINDRICAL_SURFACE('',#2037,0.0027);
#104=CYLINDRICAL_SURFACE('',#2040,0.006);
#105=LINE('',#3796,#203);
#106=LINE('',#3800,#204);
#107=LINE('',#3802,#205);
#108=LINE('',#3806,#206);
#109=LINE('',#3808,#207);
#110=LINE('',#3812,#208);
#111=LINE('',#3814,#209);
#112=LINE('',#3818,#210);
#113=LINE('',#3823,#211);
#114=LINE('',#3824,#212);
#115=LINE('',#3826,#213);
#116=LINE('',#3830,#214);
#117=LINE('',#3835,#215);
#118=LINE('',#3836,#216);
#119=LINE('',#3841,#217);
#120=LINE('',#3842,#218);
#121=LINE('',#3847,#219);
#122=LINE('',#3848,#220);
#123=LINE('',#3850,#221);
#124=LINE('',#3854,#222);
#125=LINE('',#3859,#223);
#126=LINE('',#3860,#224);
#127=LINE('',#3862,#225);
#128=LINE('',#3866,#226);
#129=LINE('',#3868,#227);
#130=LINE('',#3872,#228);
#131=LINE('',#3877,#229);
#132=LINE('',#3878,#230);
#133=LINE('',#3883,#231);
#134=LINE('',#3884,#232);
#135=LINE('',#5107,#233);
#136=LINE('',#5108,#234);
#137=LINE('',#5135,#235);
#138=LINE('',#5162,#236);
#139=LINE('',#5164,#237);
#140=LINE('',#5165,#238);
#141=LINE('',#5194,#239);
#142=LINE('',#5221,#240);
#143=LINE('',#5223,#241);
#144=LINE('',#5224,#242);
#145=LINE('',#5253,#243);
#146=LINE('',#5280,#244);
#147=LINE('',#5282,#245);
#148=LINE('',#5283,#246);
#149=LINE('',#5312,#247);
#150=LINE('',#5339,#248);
#151=LINE('',#5341,#249);
#152=LINE('',#5342,#250);
#153=LINE('',#5371,#251);
#154=LINE('',#5398,#252);
#155=LINE('',#5400,#253);
#156=LINE('',#5401,#254);
#157=LINE('',#5430,#255);
#158=LINE('',#5457,#256);
#159=LINE('',#5459,#257);
#160=LINE('',#5460,#258);
#161=LINE('',#5489,#259);
#162=LINE('',#5516,#260);
#163=LINE('',#5518,#261);
#164=LINE('',#5519,#262);
#165=LINE('',#5548,#263);
#166=LINE('',#5575,#264);
#167=LINE('',#5577,#265);
#168=LINE('',#5578,#266);
#169=LINE('',#5607,#267);
#170=LINE('',#5634,#268);
#171=LINE('',#5636,#269);
#172=LINE('',#5637,#270);
#173=LINE('',#5666,#271);
#174=LINE('',#5693,#272);
#175=LINE('',#5695,#273);
#176=LINE('',#5696,#274);
#177=LINE('',#5725,#275);
#178=LINE('',#5752,#276);
#179=LINE('',#5754,#277);
#180=LINE('',#5755,#278);
#181=LINE('',#5784,#279);
#182=LINE('',#5811,#280);
#183=LINE('',#5813,#281);
#184=LINE('',#5814,#282);
#185=LINE('',#5843,#283);
#186=LINE('',#5870,#284);
#187=LINE('',#5872,#285);
#188=LINE('',#5873,#286);
#189=LINE('',#5902,#287);
#190=LINE('',#5929,#288);
#191=LINE('',#5931,#289);
#192=LINE('',#5932,#290);
#193=LINE('',#5961,#291);
#194=LINE('',#5988,#292);
#195=LINE('',#5990,#293);
#196=LINE('',#5991,#294);
#197=LINE('',#5998,#295);
#198=LINE('',#5999,#296);
#199=LINE('',#6001,#297);
#200=LINE('',#6003,#298);
#201=LINE('',#6007,#299);
#202=LINE('',#6009,#300);
#203=VECTOR('',#2169,1.);
#204=VECTOR('',#2172,1.);
#205=VECTOR('',#2175,1.);
#206=VECTOR('',#2178,1.);
#207=VECTOR('',#2181,1.);
#208=VECTOR('',#2184,1.);
#209=VECTOR('',#2187,1.);
#210=VECTOR('',#2190,1.);
#211=VECTOR('',#2195,1.);
#212=VECTOR('',#2196,1.);
#213=VECTOR('',#2199,1.);
#214=VECTOR('',#2202,1.);
#215=VECTOR('',#2207,1.);
#216=VECTOR('',#2208,1.);
#217=VECTOR('',#2213,1.);
#218=VECTOR('',#2214,1.);
#219=VECTOR('',#2219,1.);
#220=VECTOR('',#2220,1.);
#221=VECTOR('',#2223,1.);
#222=VECTOR('',#2226,1.);
#223=VECTOR('',#2231,1.);
#224=VECTOR('',#2232,1.);
#225=VECTOR('',#2235,1.);
#226=VECTOR('',#2238,1.);
#227=VECTOR('',#2241,1.);
#228=VECTOR('',#2244,1.);
#229=VECTOR('',#2249,1.);
#230=VECTOR('',#2250,1.);
#231=VECTOR('',#2255,1.);
#232=VECTOR('',#2256,1.);
#233=VECTOR('',#2355,1.);
#234=VECTOR('',#2356,1.);
#235=VECTOR('',#2357,1.);
#236=VECTOR('',#2358,1.);
#237=VECTOR('',#2361,1.);
#238=VECTOR('',#2362,1.);
#239=VECTOR('',#2367,1.);
#240=VECTOR('',#2368,1.);
#241=VECTOR('',#2371,1.);
#242=VECTOR('',#2372,1.);
#243=VECTOR('',#2377,1.);
#244=VECTOR('',#2378,1.);
#245=VECTOR('',#2381,1.);
#246=VECTOR('',#2382,1.);
#247=VECTOR('',#2387,1.);
#248=VECTOR('',#2388,1.);
#249=VECTOR('',#2391,1.);
#250=VECTOR('',#2392,1.);
#251=VECTOR('',#2397,1.);
#252=VECTOR('',#2398,1.);
#253=VECTOR('',#2401,1.);
#254=VECTOR('',#2402,1.);
#255=VECTOR('',#2407,1.);
#256=VECTOR('',#2408,1.);
#257=VECTOR('',#2411,1.);
#258=VECTOR('',#2412,1.);
#259=VECTOR('',#2417,1.);
#260=VECTOR('',#2418,1.);
#261=VECTOR('',#2421,1.);
#262=VECTOR('',#2422,1.);
#263=VECTOR('',#2427,1.);
#264=VECTOR('',#2428,1.);
#265=VECTOR('',#2431,1.);
#266=VECTOR('',#2432,1.);
#267=VECTOR('',#2437,1.);
#268=VECTOR('',#2438,1.);
#269=VECTOR('',#2441,1.);
#270=VECTOR('',#2442,1.);
#271=VECTOR('',#2447,1.);
#272=VECTOR('',#2448,1.);
#273=VECTOR('',#2451,1.);
#274=VECTOR('',#2452,1.);
#275=VECTOR('',#2457,1.);
#276=VECTOR('',#2458,1.);
#277=VECTOR('',#2461,1.);
#278=VECTOR('',#2462,1.);
#279=VECTOR('',#2467,1.);
#280=VECTOR('',#2468,1.);
#281=VECTOR('',#2471,1.);
#282=VECTOR('',#2472,1.);
#283=VECTOR('',#2477,1.);
#284=VECTOR('',#2478,1.);
#285=VECTOR('',#2481,1.);
#286=VECTOR('',#2482,1.);
#287=VECTOR('',#2487,1.);
#288=VECTOR('',#2488,1.);
#289=VECTOR('',#2491,1.);
#290=VECTOR('',#2492,1.);
#291=VECTOR('',#2497,1.);
#292=VECTOR('',#2498,1.);
#293=VECTOR('',#2501,1.);
#294=VECTOR('',#2502,1.);
#295=VECTOR('',#2511,1.);
#296=VECTOR('',#2512,1.);
#297=VECTOR('',#2515,1.);
#298=VECTOR('',#2516,1.);
#299=VECTOR('',#2521,1.);
#300=VECTOR('',#2524,1.);
#301=B_SPLINE_CURVE_WITH_KNOTS('',3,(#2536,#2537,#2538,#2539,#2540,#2541,
#2542,#2543,#2544,#2545,#2546,#2547,#2548,#2549,#2550,#2551,#2552,#2553,
#2554,#2555,#2556,#2557,#2558,#2559,#2560,#2561,#2562,#2563,#2564,#2565,
#2566,#2567,#2568,#2569,#2570,#2571,#2572),.UNSPECIFIED.,.F.,.F.,(4,1,1,
1,1,1,1,1,1,1,1,1,1,1,1,1,1,1,1,1,1,1,1,1,1,1,1,1,1,1,1,1,1,1,4),(0.,0.113487938645312,
0.12174344508947,0.132401255975107,0.145011747191337,0.159310699871886,
0.175118786671481,0.192303988722985,0.210763856851149,0.230415887111964,
0.251191783137002,0.273033793531268,0.295892248872636,0.31972383596219,
0.344490347744951,0.370157752534217,0.396695484754358,0.42407589370298,
0.452273807757534,0.48126618468468,0.511031827341331,0.541551149838043,
0.572805983201345,0.604779412349468,0.6374556381784,0.670819859994088,0.704858174586883,
0.739557489036557,0.77490544493564,0.810890352177644,0.84750113081172,0.884727259742564,
0.922558731273061,0.960986010660936,0.988703578543467),.UNSPECIFIED.);
#302=B_SPLINE_CURVE_WITH_KNOTS('',3,(#2576,#2577,#2578,#2579,#2580,#2581,
#2582,#2583,#2584,#2585,#2586,#2587,#2588,#2589,#2590,#2591,#2592,#2593,
#2594,#2595,#2596,#2597,#2598,#2599,#2600,#2601,#2602,#2603,#2604,#2605,
#2606,#2607,#2608,#2609,#2610,#2611,#2612),.UNSPECIFIED.,.F.,.F.,(4,1,1,
1,1,1,1,1,1,1,1,1,1,1,1,1,1,1,1,1,1,1,1,1,1,1,1,1,1,1,1,1,1,1,4),(0.,0.113487938645312,
0.12174344508947,0.132401255975107,0.145011747191337,0.159310699871886,
0.175118786671481,0.192303988722985,0.210763856851149,0.230415887111964,
0.251191783137002,0.273033793531268,0.295892248872636,0.31972383596219,
0.344490347744951,0.370157752534217,0.396695484754358,0.42407589370298,
0.452273807757534,0.48126618468468,0.511031827341331,0.541551149838043,
0.572805983201345,0.604779412349468,0.6374556381784,0.670819859994088,0.704858174586883,
0.739557489036557,0.77490544493564,0.810890352177644,0.84750113081172,0.884727259742564,
0.922558731273061,0.960986010660936,0.988703578543467),.UNSPECIFIED.);
#303=B_SPLINE_CURVE_WITH_KNOTS('',3,(#2620,#2621,#2622,#2623,#2624,#2625,
#2626,#2627,#2628,#2629,#2630,#2631,#2632,#2633,#2634,#2635,#2636,#2637,
#2638,#2639,#2640,#2641,#2642,#2643,#2644,#2645,#2646,#2647,#2648,#2649,
#2650,#2651,#2652,#2653,#2654,#2655,#2656),.UNSPECIFIED.,.F.,.F.,(4,1,1,
1,1,1,1,1,1,1,1,1,1,1,1,1,1,1,1,1,1,1,1,1,1,1,1,1,1,1,1,1,1,1,4),(0.,0.113487938645312,
0.12174344508947,0.132401255975107,0.145011747191337,0.159310699871886,
0.175118786671481,0.192303988722985,0.210763856851149,0.230415887111964,
0.251191783137002,0.273033793531268,0.295892248872636,0.31972383596219,
0.344490347744951,0.370157752534217,0.396695484754358,0.42407589370298,
0.452273807757534,0.48126618468468,0.511031827341331,0.541551149838043,
0.572805983201345,0.604779412349468,0.6374556381784,0.670819859994088,0.704858174586883,
0.739557489036557,0.77490544493564,0.810890352177644,0.84750113081172,0.884727259742564,
0.922558731273061,0.960986010660936,0.988703578543467),.UNSPECIFIED.);
#304=B_SPLINE_CURVE_WITH_KNOTS('',3,(#2660,#2661,#2662,#2663,#2664,#2665,
#2666,#2667,#2668,#2669,#2670,#2671,#2672,#2673,#2674,#2675,#2676,#2677,
#2678,#2679,#2680,#2681,#2682,#2683,#2684,#2685,#2686,#2687,#2688,#2689,
#2690,#2691,#2692,#2693,#2694,#2695,#2696),.UNSPECIFIED.,.F.,.F.,(4,1,1,
1,1,1,1,1,1,1,1,1,1,1,1,1,1,1,1,1,1,1,1,1,1,1,1,1,1,1,1,1,1,1,4),(0.,0.113487938645312,
0.12174344508947,0.132401255975107,0.145011747191337,0.159310699871886,
0.175118786671481,0.192303988722985,0.210763856851149,0.230415887111964,
0.251191783137002,0.273033793531268,0.295892248872636,0.31972383596219,
0.344490347744951,0.370157752534217,0.396695484754358,0.42407589370298,
0.452273807757534,0.48126618468468,0.511031827341331,0.541551149838043,
0.572805983201345,0.604779412349468,0.6374556381784,0.670819859994088,0.704858174586883,
0.739557489036557,0.77490544493564,0.810890352177644,0.84750113081172,0.884727259742564,
0.922558731273061,0.960986010660936,0.988703578543467),.UNSPECIFIED.);
#305=B_SPLINE_CURVE_WITH_KNOTS('',3,(#2704,#2705,#2706,#2707,#2708,#2709,
#2710,#2711,#2712,#2713,#2714,#2715,#2716,#2717,#2718,#2719,#2720,#2721,
#2722,#2723,#2724,#2725,#2726,#2727,#2728,#2729,#2730,#2731,#2732,#2733,
#2734,#2735,#2736,#2737,#2738,#2739,#2740),.UNSPECIFIED.,.F.,.F.,(4,1,1,
1,1,1,1,1,1,1,1,1,1,1,1,1,1,1,1,1,1,1,1,1,1,1,1,1,1,1,1,1,1,1,4),(0.,0.113487938645312,
0.12174344508947,0.132401255975107,0.145011747191337,0.159310699871886,
0.175118786671481,0.192303988722985,0.210763856851149,0.230415887111964,
0.251191783137002,0.273033793531268,0.295892248872636,0.31972383596219,
0.344490347744951,0.370157752534217,0.396695484754358,0.42407589370298,
0.452273807757534,0.48126618468468,0.511031827341331,0.541551149838043,
0.572805983201345,0.604779412349468,0.6374556381784,0.670819859994088,0.704858174586883,
0.739557489036557,0.77490544493564,0.810890352177644,0.84750113081172,0.884727259742564,
0.922558731273061,0.960986010660936,0.988703578543467),.UNSPECIFIED.);
#306=B_SPLINE_CURVE_WITH_KNOTS('',3,(#2744,#2745,#2746,#2747,#2748,#2749,
#2750,#2751,#2752,#2753,#2754,#2755,#2756,#2757,#2758,#2759,#2760,#2761,
#2762,#2763,#2764,#2765,#2766,#2767,#2768,#2769,#2770,#2771,#2772,#2773,
#2774,#2775,#2776,#2777,#2778,#2779,#2780),.UNSPECIFIED.,.F.,.F.,(4,1,1,
1,1,1,1,1,1,1,1,1,1,1,1,1,1,1,1,1,1,1,1,1,1,1,1,1,1,1,1,1,1,1,4),(0.,0.113487938645312,
0.12174344508947,0.132401255975107,0.145011747191337,0.159310699871886,
0.175118786671481,0.192303988722985,0.210763856851149,0.230415887111964,
0.251191783137002,0.273033793531268,0.295892248872636,0.31972383596219,
0.344490347744951,0.370157752534217,0.396695484754358,0.42407589370298,
0.452273807757534,0.48126618468468,0.511031827341331,0.541551149838043,
0.572805983201345,0.604779412349468,0.6374556381784,0.670819859994088,0.704858174586883,
0.739557489036557,0.77490544493564,0.810890352177644,0.84750113081172,0.884727259742564,
0.922558731273061,0.960986010660936,0.988703578543467),.UNSPECIFIED.);
#307=B_SPLINE_CURVE_WITH_KNOTS('',3,(#2788,#2789,#2790,#2791,#2792,#2793,
#2794,#2795,#2796,#2797,#2798,#2799,#2800,#2801,#2802,#2803,#2804,#2805,
#2806,#2807,#2808,#2809,#2810,#2811,#2812,#2813,#2814,#2815,#2816,#2817,
#2818,#2819,#2820,#2821,#2822,#2823,#2824),.UNSPECIFIED.,.F.,.F.,(4,1,1,
1,1,1,1,1,1,1,1,1,1,1,1,1,1,1,1,1,1,1,1,1,1,1,1,1,1,1,1,1,1,1,4),(0.,0.113487938645312,
0.12174344508947,0.132401255975107,0.145011747191337,0.159310699871886,
0.175118786671481,0.192303988722985,0.210763856851149,0.230415887111964,
0.251191783137002,0.273033793531268,0.295892248872636,0.31972383596219,
0.344490347744951,0.370157752534217,0.396695484754358,0.42407589370298,
0.452273807757534,0.48126618468468,0.511031827341331,0.541551149838043,
0.572805983201345,0.604779412349468,0.6374556381784,0.670819859994088,0.704858174586883,
0.739557489036557,0.77490544493564,0.810890352177644,0.84750113081172,0.884727259742564,
0.922558731273061,0.960986010660936,0.988703578543467),.UNSPECIFIED.);
#308=B_SPLINE_CURVE_WITH_KNOTS('',3,(#2828,#2829,#2830,#2831,#2832,#2833,
#2834,#2835,#2836,#2837,#2838,#2839,#2840,#2841,#2842,#2843,#2844,#2845,
#2846,#2847,#2848,#2849,#2850,#2851,#2852,#2853,#2854,#2855,#2856,#2857,
#2858,#2859,#2860,#2861,#2862,#2863,#2864),.UNSPECIFIED.,.F.,.F.,(4,1,1,
1,1,1,1,1,1,1,1,1,1,1,1,1,1,1,1,1,1,1,1,1,1,1,1,1,1,1,1,1,1,1,4),(0.,0.113487938645312,
0.12174344508947,0.132401255975107,0.145011747191337,0.159310699871886,
0.175118786671481,0.192303988722985,0.210763856851149,0.230415887111964,
0.251191783137002,0.273033793531268,0.295892248872636,0.31972383596219,
0.344490347744951,0.370157752534217,0.396695484754358,0.42407589370298,
0.452273807757534,0.48126618468468,0.511031827341331,0.541551149838043,
0.572805983201345,0.604779412349468,0.6374556381784,0.670819859994088,0.704858174586883,
0.739557489036557,0.77490544493564,0.810890352177644,0.84750113081172,0.884727259742564,
0.922558731273061,0.960986010660936,0.988703578543467),.UNSPECIFIED.);
#309=B_SPLINE_CURVE_WITH_KNOTS('',3,(#2872,#2873,#2874,#2875,#2876,#2877,
#2878,#2879,#2880,#2881,#2882,#2883,#2884,#2885,#2886,#2887,#2888,#2889,
#2890,#2891,#2892,#2893,#2894,#2895,#2896,#2897,#2898,#2899,#2900,#2901,
#2902,#2903,#2904,#2905,#2906,#2907,#2908),.UNSPECIFIED.,.F.,.F.,(4,1,1,
1,1,1,1,1,1,1,1,1,1,1,1,1,1,1,1,1,1,1,1,1,1,1,1,1,1,1,1,1,1,1,4),(0.,0.113487938645312,
0.12174344508947,0.132401255975107,0.145011747191337,0.159310699871886,
0.175118786671481,0.192303988722985,0.210763856851149,0.230415887111964,
0.251191783137002,0.273033793531268,0.295892248872636,0.31972383596219,
0.344490347744951,0.370157752534217,0.396695484754358,0.42407589370298,
0.452273807757534,0.48126618468468,0.511031827341331,0.541551149838043,
0.572805983201345,0.604779412349468,0.6374556381784,0.670819859994088,0.704858174586883,
0.739557489036557,0.77490544493564,0.810890352177644,0.84750113081172,0.884727259742564,
0.922558731273061,0.960986010660936,0.988703578543467),.UNSPECIFIED.);
#310=B_SPLINE_CURVE_WITH_KNOTS('',3,(#2912,#2913,#2914,#2915,#2916,#2917,
#2918,#2919,#2920,#2921,#2922,#2923,#2924,#2925,#2926,#2927,#2928,#2929,
#2930,#2931,#2932,#2933,#2934,#2935,#2936,#2937,#2938,#2939,#2940,#2941,
#2942,#2943,#2944,#2945,#2946,#2947,#2948),.UNSPECIFIED.,.F.,.F.,(4,1,1,
1,1,1,1,1,1,1,1,1,1,1,1,1,1,1,1,1,1,1,1,1,1,1,1,1,1,1,1,1,1,1,4),(0.,0.113487938645312,
0.12174344508947,0.132401255975107,0.145011747191337,0.159310699871886,
0.175118786671481,0.192303988722985,0.210763856851149,0.230415887111964,
0.251191783137002,0.273033793531268,0.295892248872636,0.31972383596219,
0.344490347744951,0.370157752534217,0.396695484754358,0.42407589370298,
0.452273807757534,0.48126618468468,0.511031827341331,0.541551149838043,
0.572805983201345,0.604779412349468,0.6374556381784,0.670819859994088,0.704858174586883,
0.739557489036557,0.77490544493564,0.810890352177644,0.84750113081172,0.884727259742564,
0.922558731273061,0.960986010660936,0.988703578543467),.UNSPECIFIED.);
#311=B_SPLINE_CURVE_WITH_KNOTS('',3,(#2956,#2957,#2958,#2959,#2960,#2961,
#2962,#2963,#2964,#2965,#2966,#2967,#2968,#2969,#2970,#2971,#2972,#2973,
#2974,#2975,#2976,#2977,#2978,#2979,#2980,#2981,#2982,#2983,#2984,#2985,
#2986,#2987,#2988,#2989,#2990,#2991,#2992),.UNSPECIFIED.,.F.,.F.,(4,1,1,
1,1,1,1,1,1,1,1,1,1,1,1,1,1,1,1,1,1,1,1,1,1,1,1,1,1,1,1,1,1,1,4),(0.,0.113487938645312,
0.12174344508947,0.132401255975107,0.145011747191337,0.159310699871886,
0.175118786671481,0.192303988722985,0.210763856851149,0.230415887111964,
0.251191783137002,0.273033793531268,0.295892248872636,0.31972383596219,
0.344490347744951,0.370157752534217,0.396695484754358,0.42407589370298,
0.452273807757534,0.48126618468468,0.511031827341331,0.541551149838043,
0.572805983201345,0.604779412349468,0.6374556381784,0.670819859994088,0.704858174586883,
0.739557489036557,0.77490544493564,0.810890352177644,0.84750113081172,0.884727259742564,
0.922558731273061,0.960986010660936,0.988703578543467),.UNSPECIFIED.);
#312=B_SPLINE_CURVE_WITH_KNOTS('',3,(#2996,#2997,#2998,#2999,#3000,#3001,
#3002,#3003,#3004,#3005,#3006,#3007,#3008,#3009,#3010,#3011,#3012,#3013,
#3014,#3015,#3016,#3017,#3018,#3019,#3020,#3021,#3022,#3023,#3024,#3025,
#3026,#3027,#3028,#3029,#3030,#3031,#3032),.UNSPECIFIED.,.F.,.F.,(4,1,1,
1,1,1,1,1,1,1,1,1,1,1,1,1,1,1,1,1,1,1,1,1,1,1,1,1,1,1,1,1,1,1,4),(0.,0.113487938645312,
0.12174344508947,0.132401255975107,0.145011747191337,0.159310699871886,
0.175118786671481,0.192303988722985,0.210763856851149,0.230415887111964,
0.251191783137002,0.273033793531268,0.295892248872636,0.31972383596219,
0.344490347744951,0.370157752534217,0.396695484754358,0.42407589370298,
0.452273807757534,0.48126618468468,0.511031827341331,0.541551149838043,
0.572805983201345,0.604779412349468,0.6374556381784,0.670819859994088,0.704858174586883,
0.739557489036557,0.77490544493564,0.810890352177644,0.84750113081172,0.884727259742564,
0.922558731273061,0.960986010660936,0.988703578543467),.UNSPECIFIED.);
#313=B_SPLINE_CURVE_WITH_KNOTS('',3,(#3040,#3041,#3042,#3043,#3044,#3045,
#3046,#3047,#3048,#3049,#3050,#3051,#3052,#3053,#3054,#3055,#3056,#3057,
#3058,#3059,#3060,#3061,#3062,#3063,#3064,#3065,#3066,#3067,#3068,#3069,
#3070,#3071,#3072,#3073,#3074,#3075,#3076),.UNSPECIFIED.,.F.,.F.,(4,1,1,
1,1,1,1,1,1,1,1,1,1,1,1,1,1,1,1,1,1,1,1,1,1,1,1,1,1,1,1,1,1,1,4),(0.,0.113487938645312,
0.12174344508947,0.132401255975107,0.145011747191337,0.159310699871886,
0.175118786671481,0.192303988722985,0.210763856851149,0.230415887111964,
0.251191783137002,0.273033793531268,0.295892248872636,0.31972383596219,
0.344490347744951,0.370157752534217,0.396695484754358,0.42407589370298,
0.452273807757534,0.48126618468468,0.511031827341331,0.541551149838043,
0.572805983201345,0.604779412349468,0.6374556381784,0.670819859994088,0.704858174586883,
0.739557489036557,0.77490544493564,0.810890352177644,0.84750113081172,0.884727259742564,
0.922558731273061,0.960986010660936,0.988703578543467),.UNSPECIFIED.);
#314=B_SPLINE_CURVE_WITH_KNOTS('',3,(#3080,#3081,#3082,#3083,#3084,#3085,
#3086,#3087,#3088,#3089,#3090,#3091,#3092,#3093,#3094,#3095,#3096,#3097,
#3098,#3099,#3100,#3101,#3102,#3103,#3104,#3105,#3106,#3107,#3108,#3109,
#3110,#3111,#3112,#3113,#3114,#3115,#3116),.UNSPECIFIED.,.F.,.F.,(4,1,1,
1,1,1,1,1,1,1,1,1,1,1,1,1,1,1,1,1,1,1,1,1,1,1,1,1,1,1,1,1,1,1,4),(0.,0.113487938645312,
0.12174344508947,0.132401255975107,0.145011747191337,0.159310699871886,
0.175118786671481,0.192303988722985,0.210763856851149,0.230415887111964,
0.251191783137002,0.273033793531268,0.295892248872636,0.31972383596219,
0.344490347744951,0.370157752534217,0.396695484754358,0.42407589370298,
0.452273807757534,0.48126618468468,0.511031827341331,0.541551149838043,
0.572805983201345,0.604779412349468,0.6374556381784,0.670819859994088,0.704858174586883,
0.739557489036557,0.77490544493564,0.810890352177644,0.84750113081172,0.884727259742564,
0.922558731273061,0.960986010660936,0.988703578543467),.UNSPECIFIED.);
#315=B_SPLINE_CURVE_WITH_KNOTS('',3,(#3124,#3125,#3126,#3127,#3128,#3129,
#3130,#3131,#3132,#3133,#3134,#3135,#3136,#3137,#3138,#3139,#3140,#3141,
#3142,#3143,#3144,#3145,#3146,#3147,#3148,#3149,#3150,#3151,#3152,#3153,
#3154,#3155,#3156,#3157,#3158,#3159,#3160),.UNSPECIFIED.,.F.,.F.,(4,1,1,
1,1,1,1,1,1,1,1,1,1,1,1,1,1,1,1,1,1,1,1,1,1,1,1,1,1,1,1,1,1,1,4),(0.,0.113487938645312,
0.12174344508947,0.132401255975107,0.145011747191337,0.159310699871886,
0.175118786671481,0.192303988722985,0.210763856851149,0.230415887111964,
0.251191783137002,0.273033793531268,0.295892248872636,0.31972383596219,
0.344490347744951,0.370157752534217,0.396695484754358,0.42407589370298,
0.452273807757534,0.48126618468468,0.511031827341331,0.541551149838043,
0.572805983201345,0.604779412349468,0.6374556381784,0.670819859994088,0.704858174586883,
0.739557489036557,0.77490544493564,0.810890352177644,0.84750113081172,0.884727259742564,
0.922558731273061,0.960986010660936,0.988703578543467),.UNSPECIFIED.);
#316=B_SPLINE_CURVE_WITH_KNOTS('',3,(#3164,#3165,#3166,#3167,#3168,#3169,
#3170,#3171,#3172,#3173,#3174,#3175,#3176,#3177,#3178,#3179,#3180,#3181,
#3182,#3183,#3184,#3185,#3186,#3187,#3188,#3189,#3190,#3191,#3192,#3193,
#3194,#3195,#3196,#3197,#3198,#3199,#3200),.UNSPECIFIED.,.F.,.F.,(4,1,1,
1,1,1,1,1,1,1,1,1,1,1,1,1,1,1,1,1,1,1,1,1,1,1,1,1,1,1,1,1,1,1,4),(0.,0.113487938645312,
0.12174344508947,0.132401255975107,0.145011747191337,0.159310699871886,
0.175118786671481,0.192303988722985,0.210763856851149,0.230415887111964,
0.251191783137002,0.273033793531268,0.295892248872636,0.31972383596219,
0.344490347744951,0.370157752534217,0.396695484754358,0.42407589370298,
0.452273807757534,0.48126618468468,0.511031827341331,0.541551149838043,
0.572805983201345,0.604779412349468,0.6374556381784,0.670819859994088,0.704858174586883,
0.739557489036557,0.77490544493564,0.810890352177644,0.84750113081172,0.884727259742564,
0.922558731273061,0.960986010660936,0.988703578543467),.UNSPECIFIED.);
#317=B_SPLINE_CURVE_WITH_KNOTS('',3,(#3208,#3209,#3210,#3211,#3212,#3213,
#3214,#3215,#3216,#3217,#3218,#3219,#3220,#3221,#3222,#3223,#3224,#3225,
#3226,#3227,#3228,#3229,#3230,#3231,#3232,#3233,#3234,#3235,#3236,#3237,
#3238,#3239,#3240,#3241,#3242,#3243,#3244),.UNSPECIFIED.,.F.,.F.,(4,1,1,
1,1,1,1,1,1,1,1,1,1,1,1,1,1,1,1,1,1,1,1,1,1,1,1,1,1,1,1,1,1,1,4),(0.,0.113487938645312,
0.12174344508947,0.132401255975107,0.145011747191337,0.159310699871886,
0.175118786671481,0.192303988722985,0.210763856851149,0.230415887111964,
0.251191783137002,0.273033793531268,0.295892248872636,0.31972383596219,
0.344490347744951,0.370157752534217,0.396695484754358,0.42407589370298,
0.452273807757534,0.48126618468468,0.511031827341331,0.541551149838043,
0.572805983201345,0.604779412349468,0.6374556381784,0.670819859994088,0.704858174586883,
0.739557489036557,0.77490544493564,0.810890352177644,0.84750113081172,0.884727259742564,
0.922558731273061,0.960986010660936,0.988703578543467),.UNSPECIFIED.);
#318=B_SPLINE_CURVE_WITH_KNOTS('',3,(#3248,#3249,#3250,#3251,#3252,#3253,
#3254,#3255,#3256,#3257,#3258,#3259,#3260,#3261,#3262,#3263,#3264,#3265,
#3266,#3267,#3268,#3269,#3270,#3271,#3272,#3273,#3274,#3275,#3276,#3277,
#3278,#3279,#3280,#3281,#3282,#3283,#3284),.UNSPECIFIED.,.F.,.F.,(4,1,1,
1,1,1,1,1,1,1,1,1,1,1,1,1,1,1,1,1,1,1,1,1,1,1,1,1,1,1,1,1,1,1,4),(0.,0.113487938645312,
0.12174344508947,0.132401255975107,0.145011747191337,0.159310699871886,
0.175118786671481,0.192303988722985,0.210763856851149,0.230415887111964,
0.251191783137002,0.273033793531268,0.295892248872636,0.31972383596219,
0.344490347744951,0.370157752534217,0.396695484754358,0.42407589370298,
0.452273807757534,0.48126618468468,0.511031827341331,0.541551149838043,
0.572805983201345,0.604779412349468,0.6374556381784,0.670819859994088,0.704858174586883,
0.739557489036557,0.77490544493564,0.810890352177644,0.84750113081172,0.884727259742564,
0.922558731273061,0.960986010660936,0.988703578543467),.UNSPECIFIED.);
#319=B_SPLINE_CURVE_WITH_KNOTS('',3,(#3292,#3293,#3294,#3295,#3296,#3297,
#3298,#3299,#3300,#3301,#3302,#3303,#3304,#3305,#3306,#3307,#3308,#3309,
#3310,#3311,#3312,#3313,#3314,#3315,#3316,#3317,#3318,#3319,#3320,#3321,
#3322,#3323,#3324,#3325,#3326,#3327,#3328),.UNSPECIFIED.,.F.,.F.,(4,1,1,
1,1,1,1,1,1,1,1,1,1,1,1,1,1,1,1,1,1,1,1,1,1,1,1,1,1,1,1,1,1,1,4),(0.,0.113487938645312,
0.12174344508947,0.132401255975107,0.145011747191337,0.159310699871886,
0.175118786671481,0.192303988722985,0.210763856851149,0.230415887111964,
0.251191783137002,0.273033793531268,0.295892248872636,0.31972383596219,
0.344490347744951,0.370157752534217,0.396695484754358,0.42407589370298,
0.452273807757534,0.48126618468468,0.511031827341331,0.541551149838043,
0.572805983201345,0.604779412349468,0.6374556381784,0.670819859994088,0.704858174586883,
0.739557489036557,0.77490544493564,0.810890352177644,0.84750113081172,0.884727259742564,
0.922558731273061,0.960986010660936,0.988703578543467),.UNSPECIFIED.);
#320=B_SPLINE_CURVE_WITH_KNOTS('',3,(#3332,#3333,#3334,#3335,#3336,#3337,
#3338,#3339,#3340,#3341,#3342,#3343,#3344,#3345,#3346,#3347,#3348,#3349,
#3350,#3351,#3352,#3353,#3354,#3355,#3356,#3357,#3358,#3359,#3360,#3361,
#3362,#3363,#3364,#3365,#3366,#3367,#3368),.UNSPECIFIED.,.F.,.F.,(4,1,1,
1,1,1,1,1,1,1,1,1,1,1,1,1,1,1,1,1,1,1,1,1,1,1,1,1,1,1,1,1,1,1,4),(0.,0.113487938645312,
0.12174344508947,0.132401255975107,0.145011747191337,0.159310699871886,
0.175118786671481,0.192303988722985,0.210763856851149,0.230415887111964,
0.251191783137002,0.273033793531268,0.295892248872636,0.31972383596219,
0.344490347744951,0.370157752534217,0.396695484754358,0.42407589370298,
0.452273807757534,0.48126618468468,0.511031827341331,0.541551149838043,
0.572805983201345,0.604779412349468,0.6374556381784,0.670819859994088,0.704858174586883,
0.739557489036557,0.77490544493564,0.810890352177644,0.84750113081172,0.884727259742564,
0.922558731273061,0.960986010660936,0.988703578543467),.UNSPECIFIED.);
#321=B_SPLINE_CURVE_WITH_KNOTS('',3,(#3376,#3377,#3378,#3379,#3380,#3381,
#3382,#3383,#3384,#3385,#3386,#3387,#3388,#3389,#3390,#3391,#3392,#3393,
#3394,#3395,#3396,#3397,#3398,#3399,#3400,#3401,#3402,#3403,#3404,#3405,
#3406,#3407,#3408,#3409,#3410,#3411,#3412),.UNSPECIFIED.,.F.,.F.,(4,1,1,
1,1,1,1,1,1,1,1,1,1,1,1,1,1,1,1,1,1,1,1,1,1,1,1,1,1,1,1,1,1,1,4),(0.,0.113487938645312,
0.12174344508947,0.132401255975107,0.145011747191337,0.159310699871886,
0.175118786671481,0.192303988722985,0.210763856851149,0.230415887111964,
0.251191783137002,0.273033793531268,0.295892248872636,0.31972383596219,
0.344490347744951,0.370157752534217,0.396695484754358,0.42407589370298,
0.452273807757534,0.48126618468468,0.511031827341331,0.541551149838043,
0.572805983201345,0.604779412349468,0.6374556381784,0.670819859994088,0.704858174586883,
0.739557489036557,0.77490544493564,0.810890352177644,0.84750113081172,0.884727259742564,
0.922558731273061,0.960986010660936,0.988703578543467),.UNSPECIFIED.);
#322=B_SPLINE_CURVE_WITH_KNOTS('',3,(#3416,#3417,#3418,#3419,#3420,#3421,
#3422,#3423,#3424,#3425,#3426,#3427,#3428,#3429,#3430,#3431,#3432,#3433,
#3434,#3435,#3436,#3437,#3438,#3439,#3440,#3441,#3442,#3443,#3444,#3445,
#3446,#3447,#3448,#3449,#3450,#3451,#3452),.UNSPECIFIED.,.F.,.F.,(4,1,1,
1,1,1,1,1,1,1,1,1,1,1,1,1,1,1,1,1,1,1,1,1,1,1,1,1,1,1,1,1,1,1,4),(0.,0.113487938645312,
0.12174344508947,0.132401255975107,0.145011747191337,0.159310699871886,
0.175118786671481,0.192303988722985,0.210763856851149,0.230415887111964,
0.251191783137002,0.273033793531268,0.295892248872636,0.31972383596219,
0.344490347744951,0.370157752534217,0.396695484754358,0.42407589370298,
0.452273807757534,0.48126618468468,0.511031827341331,0.541551149838043,
0.572805983201345,0.604779412349468,0.6374556381784,0.670819859994088,0.704858174586883,
0.739557489036557,0.77490544493564,0.810890352177644,0.84750113081172,0.884727259742564,
0.922558731273061,0.960986010660936,0.988703578543467),.UNSPECIFIED.);
#323=B_SPLINE_CURVE_WITH_KNOTS('',3,(#3460,#3461,#3462,#3463,#3464,#3465,
#3466,#3467,#3468,#3469,#3470,#3471,#3472,#3473,#3474,#3475,#3476,#3477,
#3478,#3479,#3480,#3481,#3482,#3483,#3484,#3485,#3486,#3487,#3488,#3489,
#3490,#3491,#3492,#3493,#3494,#3495,#3496),.UNSPECIFIED.,.F.,.F.,(4,1,1,
1,1,1,1,1,1,1,1,1,1,1,1,1,1,1,1,1,1,1,1,1,1,1,1,1,1,1,1,1,1,1,4),(0.,0.113487938645312,
0.12174344508947,0.132401255975107,0.145011747191337,0.159310699871886,
0.175118786671481,0.192303988722985,0.210763856851149,0.230415887111964,
0.251191783137002,0.273033793531268,0.295892248872636,0.31972383596219,
0.344490347744951,0.370157752534217,0.396695484754358,0.42407589370298,
0.452273807757534,0.48126618468468,0.511031827341331,0.541551149838043,
0.572805983201345,0.604779412349468,0.6374556381784,0.670819859994088,0.704858174586883,
0.739557489036557,0.77490544493564,0.810890352177644,0.84750113081172,0.884727259742564,
0.922558731273061,0.960986010660936,0.988703578543467),.UNSPECIFIED.);
#324=B_SPLINE_CURVE_WITH_KNOTS('',3,(#3500,#3501,#3502,#3503,#3504,#3505,
#3506,#3507,#3508,#3509,#3510,#3511,#3512,#3513,#3514,#3515,#3516,#3517,
#3518,#3519,#3520,#3521,#3522,#3523,#3524,#3525,#3526,#3527,#3528,#3529,
#3530,#3531,#3532,#3533,#3534,#3535,#3536),.UNSPECIFIED.,.F.,.F.,(4,1,1,
1,1,1,1,1,1,1,1,1,1,1,1,1,1,1,1,1,1,1,1,1,1,1,1,1,1,1,1,1,1,1,4),(0.,0.113487938645312,
0.12174344508947,0.132401255975107,0.145011747191337,0.159310699871886,
0.175118786671481,0.192303988722985,0.210763856851149,0.230415887111964,
0.251191783137002,0.273033793531268,0.295892248872636,0.31972383596219,
0.344490347744951,0.370157752534217,0.396695484754358,0.42407589370298,
0.452273807757534,0.48126618468468,0.511031827341331,0.541551149838043,
0.572805983201345,0.604779412349468,0.6374556381784,0.670819859994088,0.704858174586883,
0.739557489036557,0.77490544493564,0.810890352177644,0.84750113081172,0.884727259742564,
0.922558731273061,0.960986010660936,0.988703578543467),.UNSPECIFIED.);
#325=B_SPLINE_CURVE_WITH_KNOTS('',3,(#3544,#3545,#3546,#3547,#3548,#3549,
#3550,#3551,#3552,#3553,#3554,#3555,#3556,#3557,#3558,#3559,#3560,#3561,
#3562,#3563,#3564,#3565,#3566,#3567,#3568,#3569,#3570,#3571,#3572,#3573,
#3574,#3575,#3576,#3577,#3578,#3579,#3580),.UNSPECIFIED.,.F.,.F.,(4,1,1,
1,1,1,1,1,1,1,1,1,1,1,1,1,1,1,1,1,1,1,1,1,1,1,1,1,1,1,1,1,1,1,4),(0.,0.113487938645312,
0.12174344508947,0.132401255975107,0.145011747191337,0.159310699871886,
0.175118786671481,0.192303988722985,0.210763856851149,0.230415887111964,
0.251191783137002,0.273033793531268,0.295892248872636,0.31972383596219,
0.344490347744951,0.370157752534217,0.396695484754358,0.42407589370298,
0.452273807757534,0.48126618468468,0.511031827341331,0.541551149838043,
0.572805983201345,0.604779412349468,0.6374556381784,0.670819859994088,0.704858174586883,
0.739557489036557,0.77490544493564,0.810890352177644,0.84750113081172,0.884727259742564,
0.922558731273061,0.960986010660936,0.988703578543467),.UNSPECIFIED.);
#326=B_SPLINE_CURVE_WITH_KNOTS('',3,(#3584,#3585,#3586,#3587,#3588,#3589,
#3590,#3591,#3592,#3593,#3594,#3595,#3596,#3597,#3598,#3599,#3600,#3601,
#3602,#3603,#3604,#3605,#3606,#3607,#3608,#3609,#3610,#3611,#3612,#3613,
#3614,#3615,#3616,#3617,#3618,#3619,#3620),.UNSPECIFIED.,.F.,.F.,(4,1,1,
1,1,1,1,1,1,1,1,1,1,1,1,1,1,1,1,1,1,1,1,1,1,1,1,1,1,1,1,1,1,1,4),(0.,0.113487938645312,
0.12174344508947,0.132401255975107,0.145011747191337,0.159310699871886,
0.175118786671481,0.192303988722985,0.210763856851149,0.230415887111964,
0.251191783137002,0.273033793531268,0.295892248872636,0.31972383596219,
0.344490347744951,0.370157752534217,0.396695484754358,0.42407589370298,
0.452273807757534,0.48126618468468,0.511031827341331,0.541551149838043,
0.572805983201345,0.604779412349468,0.6374556381784,0.670819859994088,0.704858174586883,
0.739557489036557,0.77490544493564,0.810890352177644,0.84750113081172,0.884727259742564,
0.922558731273061,0.960986010660936,0.988703578543467),.UNSPECIFIED.);
#327=B_SPLINE_CURVE_WITH_KNOTS('',3,(#3628,#3629,#3630,#3631,#3632,#3633,
#3634,#3635,#3636,#3637,#3638,#3639,#3640,#3641,#3642,#3643,#3644,#3645,
#3646,#3647,#3648,#3649,#3650,#3651,#3652,#3653,#3654,#3655,#3656,#3657,
#3658,#3659,#3660,#3661,#3662,#3663,#3664),.UNSPECIFIED.,.F.,.F.,(4,1,1,
1,1,1,1,1,1,1,1,1,1,1,1,1,1,1,1,1,1,1,1,1,1,1,1,1,1,1,1,1,1,1,4),(0.,0.113487938645312,
0.12174344508947,0.132401255975107,0.145011747191337,0.159310699871886,
0.175118786671481,0.192303988722985,0.210763856851149,0.230415887111964,
0.251191783137002,0.273033793531268,0.295892248872636,0.31972383596219,
0.344490347744951,0.370157752534217,0.396695484754358,0.42407589370298,
0.452273807757534,0.48126618468468,0.511031827341331,0.541551149838043,
0.572805983201345,0.604779412349468,0.6374556381784,0.670819859994088,0.704858174586883,
0.739557489036557,0.77490544493564,0.810890352177644,0.84750113081172,0.884727259742564,
0.922558731273061,0.960986010660936,0.988703578543467),.UNSPECIFIED.);
#328=B_SPLINE_CURVE_WITH_KNOTS('',3,(#3668,#3669,#3670,#3671,#3672,#3673,
#3674,#3675,#3676,#3677,#3678,#3679,#3680,#3681,#3682,#3683,#3684,#3685,
#3686,#3687,#3688,#3689,#3690,#3691,#3692,#3693,#3694,#3695,#3696,#3697,
#3698,#3699,#3700,#3701,#3702,#3703,#3704),.UNSPECIFIED.,.F.,.F.,(4,1,1,
1,1,1,1,1,1,1,1,1,1,1,1,1,1,1,1,1,1,1,1,1,1,1,1,1,1,1,1,1,1,1,4),(0.,0.113487938645312,
0.12174344508947,0.132401255975107,0.145011747191337,0.159310699871886,
0.175118786671481,0.192303988722985,0.210763856851149,0.230415887111964,
0.251191783137002,0.273033793531268,0.295892248872636,0.31972383596219,
0.344490347744951,0.370157752534217,0.396695484754358,0.42407589370298,
0.452273807757534,0.48126618468468,0.511031827341331,0.541551149838043,
0.572805983201345,0.604779412349468,0.6374556381784,0.670819859994088,0.704858174586883,
0.739557489036557,0.77490544493564,0.810890352177644,0.84750113081172,0.884727259742564,
0.922558731273061,0.960986010660936,0.988703578543467),.UNSPECIFIED.);
#329=B_SPLINE_CURVE_WITH_KNOTS('',3,(#3712,#3713,#3714,#3715,#3716,#3717,
#3718,#3719,#3720,#3721,#3722,#3723,#3724,#3725,#3726,#3727,#3728,#3729,
#3730,#3731,#3732,#3733,#3734,#3735,#3736,#3737,#3738,#3739,#3740,#3741,
#3742,#3743,#3744,#3745,#3746,#3747,#3748),.UNSPECIFIED.,.F.,.F.,(4,1,1,
1,1,1,1,1,1,1,1,1,1,1,1,1,1,1,1,1,1,1,1,1,1,1,1,1,1,1,1,1,1,1,4),(0.,0.113487938645312,
0.12174344508947,0.132401255975107,0.145011747191337,0.159310699871886,
0.175118786671481,0.192303988722985,0.210763856851149,0.230415887111964,
0.251191783137002,0.273033793531268,0.295892248872636,0.31972383596219,
0.344490347744951,0.370157752534217,0.396695484754358,0.42407589370298,
0.452273807757534,0.48126618468468,0.511031827341331,0.541551149838043,
0.572805983201345,0.604779412349468,0.6374556381784,0.670819859994088,0.704858174586883,
0.739557489036557,0.77490544493564,0.810890352177644,0.84750113081172,0.884727259742564,
0.922558731273061,0.960986010660936,0.988703578543467),.UNSPECIFIED.);
#330=B_SPLINE_CURVE_WITH_KNOTS('',3,(#3752,#3753,#3754,#3755,#3756,#3757,
#3758,#3759,#3760,#3761,#3762,#3763,#3764,#3765,#3766,#3767,#3768,#3769,
#3770,#3771,#3772,#3773,#3774,#3775,#3776,#3777,#3778,#3779,#3780,#3781,
#3782,#3783,#3784,#3785,#3786,#3787,#3788),.UNSPECIFIED.,.F.,.F.,(4,1,1,
1,1,1,1,1,1,1,1,1,1,1,1,1,1,1,1,1,1,1,1,1,1,1,1,1,1,1,1,1,1,1,4),(0.,0.113487938645312,
0.12174344508947,0.132401255975107,0.145011747191337,0.159310699871886,
0.175118786671481,0.192303988722985,0.210763856851149,0.230415887111964,
0.251191783137002,0.273033793531268,0.295892248872636,0.31972383596219,
0.344490347744951,0.370157752534217,0.396695484754358,0.42407589370298,
0.452273807757534,0.48126618468468,0.511031827341331,0.541551149838043,
0.572805983201345,0.604779412349468,0.6374556381784,0.670819859994088,0.704858174586883,
0.739557489036557,0.77490544493564,0.810890352177644,0.84750113081172,0.884727259742564,
0.922558731273061,0.960986010660936,0.988703578543467),.UNSPECIFIED.);
#331=B_SPLINE_CURVE_WITH_KNOTS('',3,(#3891,#3892,#3893,#3894,#3895,#3896,
#3897,#3898,#3899,#3900,#3901,#3902,#3903,#3904,#3905,#3906,#3907,#3908,
#3909,#3910,#3911,#3912,#3913,#3914,#3915,#3916,#3917,#3918,#3919,#3920,
#3921,#3922,#3923,#3924,#3925,#3926,#3927),.UNSPECIFIED.,.F.,.F.,(4,1,1,
1,1,1,1,1,1,1,1,1,1,1,1,1,1,1,1,1,1,1,1,1,1,1,1,1,1,1,1,1,1,1,4),(0.,0.113487938645312,
0.12174344508947,0.132401255975107,0.145011747191337,0.159310699871886,
0.175118786671481,0.192303988722985,0.210763856851149,0.230415887111964,
0.251191783137002,0.273033793531268,0.295892248872636,0.31972383596219,
0.344490347744951,0.370157752534217,0.396695484754358,0.42407589370298,
0.452273807757534,0.48126618468468,0.511031827341331,0.541551149838043,
0.572805983201345,0.604779412349468,0.6374556381784,0.670819859994088,0.704858174586883,
0.739557489036557,0.77490544493564,0.810890352177644,0.84750113081172,0.884727259742564,
0.922558731273061,0.960986010660936,0.988703578543467),.UNSPECIFIED.);
#332=B_SPLINE_CURVE_WITH_KNOTS('',3,(#3928,#3929,#3930,#3931,#3932,#3933,
#3934,#3935,#3936,#3937,#3938,#3939,#3940,#3941,#3942,#3943,#3944,#3945,
#3946,#3947,#3948,#3949,#3950,#3951,#3952,#3953,#3954,#3955,#3956,#3957,
#3958,#3959,#3960,#3961,#3962,#3963,#3964),.UNSPECIFIED.,.F.,.F.,(4,1,1,
1,1,1,1,1,1,1,1,1,1,1,1,1,1,1,1,1,1,1,1,1,1,1,1,1,1,1,1,1,1,1,4),(0.,0.113487938645312,
0.12174344508947,0.132401255975107,0.145011747191337,0.159310699871886,
0.175118786671481,0.192303988722985,0.210763856851149,0.230415887111964,
0.251191783137002,0.273033793531268,0.295892248872636,0.31972383596219,
0.344490347744951,0.370157752534217,0.396695484754358,0.42407589370298,
0.452273807757534,0.48126618468468,0.511031827341331,0.541551149838043,
0.572805983201345,0.604779412349468,0.6374556381784,0.670819859994088,0.704858174586883,
0.739557489036557,0.77490544493564,0.810890352177644,0.84750113081172,0.884727259742564,
0.922558731273061,0.960986010660936,0.988703578543467),.UNSPECIFIED.);
#333=B_SPLINE_CURVE_WITH_KNOTS('',3,(#3972,#3973,#3974,#3975,#3976,#3977,
#3978,#3979,#3980,#3981,#3982,#3983,#3984,#3985,#3986,#3987,#3988,#3989,
#3990,#3991,#3992,#3993,#3994,#3995,#3996,#3997,#3998,#3999,#4000,#4001,
#4002,#4003,#4004,#4005,#4006,#4007,#4008),.UNSPECIFIED.,.F.,.F.,(4,1,1,
1,1,1,1,1,1,1,1,1,1,1,1,1,1,1,1,1,1,1,1,1,1,1,1,1,1,1,1,1,1,1,4),(0.,0.113487938645312,
0.12174344508947,0.132401255975107,0.145011747191337,0.159310699871886,
0.175118786671481,0.192303988722985,0.210763856851149,0.230415887111964,
0.251191783137002,0.273033793531268,0.295892248872636,0.31972383596219,
0.344490347744951,0.370157752534217,0.396695484754358,0.42407589370298,
0.452273807757534,0.48126618468468,0.511031827341331,0.541551149838043,
0.572805983201345,0.604779412349468,0.6374556381784,0.670819859994088,0.704858174586883,
0.739557489036557,0.77490544493564,0.810890352177644,0.84750113081172,0.884727259742564,
0.922558731273061,0.960986010660936,0.988703578543467),.UNSPECIFIED.);
#334=B_SPLINE_CURVE_WITH_KNOTS('',3,(#4009,#4010,#4011,#4012,#4013,#4014,
#4015,#4016,#4017,#4018,#4019,#4020,#4021,#4022,#4023,#4024,#4025,#4026,
#4027,#4028,#4029,#4030,#4031,#4032,#4033,#4034,#4035,#4036,#4037,#4038,
#4039,#4040,#4041,#4042,#4043,#4044,#4045),.UNSPECIFIED.,.F.,.F.,(4,1,1,
1,1,1,1,1,1,1,1,1,1,1,1,1,1,1,1,1,1,1,1,1,1,1,1,1,1,1,1,1,1,1,4),(0.,0.113487938645312,
0.12174344508947,0.132401255975107,0.145011747191337,0.159310699871886,
0.175118786671481,0.192303988722985,0.210763856851149,0.230415887111964,
0.251191783137002,0.273033793531268,0.295892248872636,0.31972383596219,
0.344490347744951,0.370157752534217,0.396695484754358,0.42407589370298,
0.452273807757534,0.48126618468468,0.511031827341331,0.541551149838043,
0.572805983201345,0.604779412349468,0.6374556381784,0.670819859994088,0.704858174586883,
0.739557489036557,0.77490544493564,0.810890352177644,0.84750113081172,0.884727259742564,
0.922558731273061,0.960986010660936,0.988703578543467),.UNSPECIFIED.);
#335=B_SPLINE_CURVE_WITH_KNOTS('',3,(#4053,#4054,#4055,#4056,#4057,#4058,
#4059,#4060,#4061,#4062,#4063,#4064,#4065,#4066,#4067,#4068,#4069,#4070,
#4071,#4072,#4073,#4074,#4075,#4076,#4077,#4078,#4079,#4080,#4081,#4082,
#4083,#4084,#4085,#4086,#4087,#4088,#4089),.UNSPECIFIED.,.F.,.F.,(4,1,1,
1,1,1,1,1,1,1,1,1,1,1,1,1,1,1,1,1,1,1,1,1,1,1,1,1,1,1,1,1,1,1,4),(0.,0.113487938645312,
0.12174344508947,0.132401255975107,0.145011747191337,0.159310699871886,
0.175118786671481,0.192303988722985,0.210763856851149,0.230415887111964,
0.251191783137002,0.273033793531268,0.295892248872636,0.31972383596219,
0.344490347744951,0.370157752534217,0.396695484754358,0.42407589370298,
0.452273807757534,0.48126618468468,0.511031827341331,0.541551149838043,
0.572805983201345,0.604779412349468,0.6374556381784,0.670819859994088,0.704858174586883,
0.739557489036557,0.77490544493564,0.810890352177644,0.84750113081172,0.884727259742564,
0.922558731273061,0.960986010660936,0.988703578543467),.UNSPECIFIED.);
#336=B_SPLINE_CURVE_WITH_KNOTS('',3,(#4090,#4091,#4092,#4093,#4094,#4095,
#4096,#4097,#4098,#4099,#4100,#4101,#4102,#4103,#4104,#4105,#4106,#4107,
#4108,#4109,#4110,#4111,#4112,#4113,#4114,#4115,#4116,#4117,#4118,#4119,
#4120,#4121,#4122,#4123,#4124,#4125,#4126),.UNSPECIFIED.,.F.,.F.,(4,1,1,
1,1,1,1,1,1,1,1,1,1,1,1,1,1,1,1,1,1,1,1,1,1,1,1,1,1,1,1,1,1,1,4),(0.,0.113487938645312,
0.12174344508947,0.132401255975107,0.145011747191337,0.159310699871886,
0.175118786671481,0.192303988722985,0.210763856851149,0.230415887111964,
0.251191783137002,0.273033793531268,0.295892248872636,0.31972383596219,
0.344490347744951,0.370157752534217,0.396695484754358,0.42407589370298,
0.452273807757534,0.48126618468468,0.511031827341331,0.541551149838043,
0.572805983201345,0.604779412349468,0.6374556381784,0.670819859994088,0.704858174586883,
0.739557489036557,0.77490544493564,0.810890352177644,0.84750113081172,0.884727259742564,
0.922558731273061,0.960986010660936,0.988703578543467),.UNSPECIFIED.);
#337=B_SPLINE_CURVE_WITH_KNOTS('',3,(#4134,#4135,#4136,#4137,#4138,#4139,
#4140,#4141,#4142,#4143,#4144,#4145,#4146,#4147,#4148,#4149,#4150,#4151,
#4152,#4153,#4154,#4155,#4156,#4157,#4158,#4159,#4160,#4161,#4162,#4163,
#4164,#4165,#4166,#4167,#4168,#4169,#4170),.UNSPECIFIED.,.F.,.F.,(4,1,1,
1,1,1,1,1,1,1,1,1,1,1,1,1,1,1,1,1,1,1,1,1,1,1,1,1,1,1,1,1,1,1,4),(0.,0.113487938645312,
0.12174344508947,0.132401255975107,0.145011747191337,0.159310699871886,
0.175118786671481,0.192303988722985,0.210763856851149,0.230415887111964,
0.251191783137002,0.273033793531268,0.295892248872636,0.31972383596219,
0.344490347744951,0.370157752534217,0.396695484754358,0.42407589370298,
0.452273807757534,0.48126618468468,0.511031827341331,0.541551149838043,
0.572805983201345,0.604779412349468,0.6374556381784,0.670819859994088,0.704858174586883,
0.739557489036557,0.77490544493564,0.810890352177644,0.84750113081172,0.884727259742564,
0.922558731273061,0.960986010660936,0.988703578543467),.UNSPECIFIED.);
#338=B_SPLINE_CURVE_WITH_KNOTS('',3,(#4171,#4172,#4173,#4174,#4175,#4176,
#4177,#4178,#4179,#4180,#4181,#4182,#4183,#4184,#4185,#4186,#4187,#4188,
#4189,#4190,#4191,#4192,#4193,#4194,#4195,#4196,#4197,#4198,#4199,#4200,
#4201,#4202,#4203,#4204,#4205,#4206,#4207),.UNSPECIFIED.,.F.,.F.,(4,1,1,
1,1,1,1,1,1,1,1,1,1,1,1,1,1,1,1,1,1,1,1,1,1,1,1,1,1,1,1,1,1,1,4),(0.,0.113487938645312,
0.12174344508947,0.132401255975107,0.145011747191337,0.159310699871886,
0.175118786671481,0.192303988722985,0.210763856851149,0.230415887111964,
0.251191783137002,0.273033793531268,0.295892248872636,0.31972383596219,
0.344490347744951,0.370157752534217,0.396695484754358,0.42407589370298,
0.452273807757534,0.48126618468468,0.511031827341331,0.541551149838043,
0.572805983201345,0.604779412349468,0.6374556381784,0.670819859994088,0.704858174586883,
0.739557489036557,0.77490544493564,0.810890352177644,0.84750113081172,0.884727259742564,
0.922558731273061,0.960986010660936,0.988703578543467),.UNSPECIFIED.);
#339=B_SPLINE_CURVE_WITH_KNOTS('',3,(#4215,#4216,#4217,#4218,#4219,#4220,
#4221,#4222,#4223,#4224,#4225,#4226,#4227,#4228,#4229,#4230,#4231,#4232,
#4233,#4234,#4235,#4236,#4237,#4238,#4239,#4240,#4241,#4242,#4243,#4244,
#4245,#4246,#4247,#4248,#4249,#4250,#4251),.UNSPECIFIED.,.F.,.F.,(4,1,1,
1,1,1,1,1,1,1,1,1,1,1,1,1,1,1,1,1,1,1,1,1,1,1,1,1,1,1,1,1,1,1,4),(0.,0.113487938645312,
0.12174344508947,0.132401255975107,0.145011747191337,0.159310699871886,
0.175118786671481,0.192303988722985,0.210763856851149,0.230415887111964,
0.251191783137002,0.273033793531268,0.295892248872636,0.31972383596219,
0.344490347744951,0.370157752534217,0.396695484754358,0.42407589370298,
0.452273807757534,0.48126618468468,0.511031827341331,0.541551149838043,
0.572805983201345,0.604779412349468,0.6374556381784,0.670819859994088,0.704858174586883,
0.739557489036557,0.77490544493564,0.810890352177644,0.84750113081172,0.884727259742564,
0.922558731273061,0.960986010660936,0.988703578543467),.UNSPECIFIED.);
#340=B_SPLINE_CURVE_WITH_KNOTS('',3,(#4252,#4253,#4254,#4255,#4256,#4257,
#4258,#4259,#4260,#4261,#4262,#4263,#4264,#4265,#4266,#4267,#4268,#4269,
#4270,#4271,#4272,#4273,#4274,#4275,#4276,#4277,#4278,#4279,#4280,#4281,
#4282,#4283,#4284,#4285,#4286,#4287,#4288),.UNSPECIFIED.,.F.,.F.,(4,1,1,
1,1,1,1,1,1,1,1,1,1,1,1,1,1,1,1,1,1,1,1,1,1,1,1,1,1,1,1,1,1,1,4),(0.,0.113487938645312,
0.12174344508947,0.132401255975107,0.145011747191337,0.159310699871886,
0.175118786671481,0.192303988722985,0.210763856851149,0.230415887111964,
0.251191783137002,0.273033793531268,0.295892248872636,0.31972383596219,
0.344490347744951,0.370157752534217,0.396695484754358,0.42407589370298,
0.452273807757534,0.48126618468468,0.511031827341331,0.541551149838043,
0.572805983201345,0.604779412349468,0.6374556381784,0.670819859994088,0.704858174586883,
0.739557489036557,0.77490544493564,0.810890352177644,0.84750113081172,0.884727259742564,
0.922558731273061,0.960986010660936,0.988703578543467),.UNSPECIFIED.);
#341=B_SPLINE_CURVE_WITH_KNOTS('',3,(#4296,#4297,#4298,#4299,#4300,#4301,
#4302,#4303,#4304,#4305,#4306,#4307,#4308,#4309,#4310,#4311,#4312,#4313,
#4314,#4315,#4316,#4317,#4318,#4319,#4320,#4321,#4322,#4323,#4324,#4325,
#4326,#4327,#4328,#4329,#4330,#4331,#4332),.UNSPECIFIED.,.F.,.F.,(4,1,1,
1,1,1,1,1,1,1,1,1,1,1,1,1,1,1,1,1,1,1,1,1,1,1,1,1,1,1,1,1,1,1,4),(0.,0.113487938645312,
0.12174344508947,0.132401255975107,0.145011747191337,0.159310699871886,
0.175118786671481,0.192303988722985,0.210763856851149,0.230415887111964,
0.251191783137002,0.273033793531268,0.295892248872636,0.31972383596219,
0.344490347744951,0.370157752534217,0.396695484754358,0.42407589370298,
0.452273807757534,0.48126618468468,0.511031827341331,0.541551149838043,
0.572805983201345,0.604779412349468,0.6374556381784,0.670819859994088,0.704858174586883,
0.739557489036557,0.77490544493564,0.810890352177644,0.84750113081172,0.884727259742564,
0.922558731273061,0.960986010660936,0.988703578543467),.UNSPECIFIED.);
#342=B_SPLINE_CURVE_WITH_KNOTS('',3,(#4333,#4334,#4335,#4336,#4337,#4338,
#4339,#4340,#4341,#4342,#4343,#4344,#4345,#4346,#4347,#4348,#4349,#4350,
#4351,#4352,#4353,#4354,#4355,#4356,#4357,#4358,#4359,#4360,#4361,#4362,
#4363,#4364,#4365,#4366,#4367,#4368,#4369),.UNSPECIFIED.,.F.,.F.,(4,1,1,
1,1,1,1,1,1,1,1,1,1,1,1,1,1,1,1,1,1,1,1,1,1,1,1,1,1,1,1,1,1,1,4),(0.,0.113487938645312,
0.12174344508947,0.132401255975107,0.145011747191337,0.159310699871886,
0.175118786671481,0.192303988722985,0.210763856851149,0.230415887111964,
0.251191783137002,0.273033793531268,0.295892248872636,0.31972383596219,
0.344490347744951,0.370157752534217,0.396695484754358,0.42407589370298,
0.452273807757534,0.48126618468468,0.511031827341331,0.541551149838043,
0.572805983201345,0.604779412349468,0.6374556381784,0.670819859994088,0.704858174586883,
0.739557489036557,0.77490544493564,0.810890352177644,0.84750113081172,0.884727259742564,
0.922558731273061,0.960986010660936,0.988703578543467),.UNSPECIFIED.);
#343=B_SPLINE_CURVE_WITH_KNOTS('',3,(#4377,#4378,#4379,#4380,#4381,#4382,
#4383,#4384,#4385,#4386,#4387,#4388,#4389,#4390,#4391,#4392,#4393,#4394,
#4395,#4396,#4397,#4398,#4399,#4400,#4401,#4402,#4403,#4404,#4405,#4406,
#4407,#4408,#4409,#4410,#4411,#4412,#4413),.UNSPECIFIED.,.F.,.F.,(4,1,1,
1,1,1,1,1,1,1,1,1,1,1,1,1,1,1,1,1,1,1,1,1,1,1,1,1,1,1,1,1,1,1,4),(0.,0.113487938645312,
0.12174344508947,0.132401255975107,0.145011747191337,0.159310699871886,
0.175118786671481,0.192303988722985,0.210763856851149,0.230415887111964,
0.251191783137002,0.273033793531268,0.295892248872636,0.31972383596219,
0.344490347744951,0.370157752534217,0.396695484754358,0.42407589370298,
0.452273807757534,0.48126618468468,0.511031827341331,0.541551149838043,
0.572805983201345,0.604779412349468,0.6374556381784,0.670819859994088,0.704858174586883,
0.739557489036557,0.77490544493564,0.810890352177644,0.84750113081172,0.884727259742564,
0.922558731273061,0.960986010660936,0.988703578543467),.UNSPECIFIED.);
#344=B_SPLINE_CURVE_WITH_KNOTS('',3,(#4414,#4415,#4416,#4417,#4418,#4419,
#4420,#4421,#4422,#4423,#4424,#4425,#4426,#4427,#4428,#4429,#4430,#4431,
#4432,#4433,#4434,#4435,#4436,#4437,#4438,#4439,#4440,#4441,#4442,#4443,
#4444,#4445,#4446,#4447,#4448,#4449,#4450),.UNSPECIFIED.,.F.,.F.,(4,1,1,
1,1,1,1,1,1,1,1,1,1,1,1,1,1,1,1,1,1,1,1,1,1,1,1,1,1,1,1,1,1,1,4),(0.,0.113487938645312,
0.12174344508947,0.132401255975107,0.145011747191337,0.159310699871886,
0.175118786671481,0.192303988722985,0.210763856851149,0.230415887111964,
0.251191783137002,0.273033793531268,0.295892248872636,0.31972383596219,
0.344490347744951,0.370157752534217,0.396695484754358,0.42407589370298,
0.452273807757534,0.48126618468468,0.511031827341331,0.541551149838043,
0.572805983201345,0.604779412349468,0.6374556381784,0.670819859994088,0.704858174586883,
0.739557489036557,0.77490544493564,0.810890352177644,0.84750113081172,0.884727259742564,
0.922558731273061,0.960986010660936,0.988703578543467),.UNSPECIFIED.);
#345=B_SPLINE_CURVE_WITH_KNOTS('',3,(#4458,#4459,#4460,#4461,#4462,#4463,
#4464,#4465,#4466,#4467,#4468,#4469,#4470,#4471,#4472,#4473,#4474,#4475,
#4476,#4477,#4478,#4479,#4480,#4481,#4482,#4483,#4484,#4485,#4486,#4487,
#4488,#4489,#4490,#4491,#4492,#4493,#4494),.UNSPECIFIED.,.F.,.F.,(4,1,1,
1,1,1,1,1,1,1,1,1,1,1,1,1,1,1,1,1,1,1,1,1,1,1,1,1,1,1,1,1,1,1,4),(0.,0.113487938645312,
0.12174344508947,0.132401255975107,0.145011747191337,0.159310699871886,
0.175118786671481,0.192303988722985,0.210763856851149,0.230415887111964,
0.251191783137002,0.273033793531268,0.295892248872636,0.31972383596219,
0.344490347744951,0.370157752534217,0.396695484754358,0.42407589370298,
0.452273807757534,0.48126618468468,0.511031827341331,0.541551149838043,
0.572805983201345,0.604779412349468,0.6374556381784,0.670819859994088,0.704858174586883,
0.739557489036557,0.77490544493564,0.810890352177644,0.84750113081172,0.884727259742564,
0.922558731273061,0.960986010660936,0.988703578543467),.UNSPECIFIED.);
#346=B_SPLINE_CURVE_WITH_KNOTS('',3,(#4495,#4496,#4497,#4498,#4499,#4500,
#4501,#4502,#4503,#4504,#4505,#4506,#4507,#4508,#4509,#4510,#4511,#4512,
#4513,#4514,#4515,#4516,#4517,#4518,#4519,#4520,#4521,#4522,#4523,#4524,
#4525,#4526,#4527,#4528,#4529,#4530,#4531),.UNSPECIFIED.,.F.,.F.,(4,1,1,
1,1,1,1,1,1,1,1,1,1,1,1,1,1,1,1,1,1,1,1,1,1,1,1,1,1,1,1,1,1,1,4),(0.,0.113487938645312,
0.12174344508947,0.132401255975107,0.145011747191337,0.159310699871886,
0.175118786671481,0.192303988722985,0.210763856851149,0.230415887111964,
0.251191783137002,0.273033793531268,0.295892248872636,0.31972383596219,
0.344490347744951,0.370157752534217,0.396695484754358,0.42407589370298,
0.452273807757534,0.48126618468468,0.511031827341331,0.541551149838043,
0.572805983201345,0.604779412349468,0.6374556381784,0.670819859994088,0.704858174586883,
0.739557489036557,0.77490544493564,0.810890352177644,0.84750113081172,0.884727259742564,
0.922558731273061,0.960986010660936,0.988703578543467),.UNSPECIFIED.);
#347=B_SPLINE_CURVE_WITH_KNOTS('',3,(#4539,#4540,#4541,#4542,#4543,#4544,
#4545,#4546,#4547,#4548,#4549,#4550,#4551,#4552,#4553,#4554,#4555,#4556,
#4557,#4558,#4559,#4560,#4561,#4562,#4563,#4564,#4565,#4566,#4567,#4568,
#4569,#4570,#4571,#4572,#4573,#4574,#4575),.UNSPECIFIED.,.F.,.F.,(4,1,1,
1,1,1,1,1,1,1,1,1,1,1,1,1,1,1,1,1,1,1,1,1,1,1,1,1,1,1,1,1,1,1,4),(0.,0.113487938645312,
0.12174344508947,0.132401255975107,0.145011747191337,0.159310699871886,
0.175118786671481,0.192303988722985,0.210763856851149,0.230415887111964,
0.251191783137002,0.273033793531268,0.295892248872636,0.31972383596219,
0.344490347744951,0.370157752534217,0.396695484754358,0.42407589370298,
0.452273807757534,0.48126618468468,0.511031827341331,0.541551149838043,
0.572805983201345,0.604779412349468,0.6374556381784,0.670819859994088,0.704858174586883,
0.739557489036557,0.77490544493564,0.810890352177644,0.84750113081172,0.884727259742564,
0.922558731273061,0.960986010660936,0.988703578543467),.UNSPECIFIED.);
#348=B_SPLINE_CURVE_WITH_KNOTS('',3,(#4576,#4577,#4578,#4579,#4580,#4581,
#4582,#4583,#4584,#4585,#4586,#4587,#4588,#4589,#4590,#4591,#4592,#4593,
#4594,#4595,#4596,#4597,#4598,#4599,#4600,#4601,#4602,#4603,#4604,#4605,
#4606,#4607,#4608,#4609,#4610,#4611,#4612),.UNSPECIFIED.,.F.,.F.,(4,1,1,
1,1,1,1,1,1,1,1,1,1,1,1,1,1,1,1,1,1,1,1,1,1,1,1,1,1,1,1,1,1,1,4),(0.,0.113487938645312,
0.12174344508947,0.132401255975107,0.145011747191337,0.159310699871886,
0.175118786671481,0.192303988722985,0.210763856851149,0.230415887111964,
0.251191783137002,0.273033793531268,0.295892248872636,0.31972383596219,
0.344490347744951,0.370157752534217,0.396695484754358,0.42407589370298,
0.452273807757534,0.48126618468468,0.511031827341331,0.541551149838043,
0.572805983201345,0.604779412349468,0.6374556381784,0.670819859994088,0.704858174586883,
0.739557489036557,0.77490544493564,0.810890352177644,0.84750113081172,0.884727259742564,
0.922558731273061,0.960986010660936,0.988703578543467),.UNSPECIFIED.);
#349=B_SPLINE_CURVE_WITH_KNOTS('',3,(#4620,#4621,#4622,#4623,#4624,#4625,
#4626,#4627,#4628,#4629,#4630,#4631,#4632,#4633,#4634,#4635,#4636,#4637,
#4638,#4639,#4640,#4641,#4642,#4643,#4644,#4645,#4646,#4647,#4648,#4649,
#4650,#4651,#4652,#4653,#4654,#4655,#4656),.UNSPECIFIED.,.F.,.F.,(4,1,1,
1,1,1,1,1,1,1,1,1,1,1,1,1,1,1,1,1,1,1,1,1,1,1,1,1,1,1,1,1,1,1,4),(0.,0.113487938645312,
0.12174344508947,0.132401255975107,0.145011747191337,0.159310699871886,
0.175118786671481,0.192303988722985,0.210763856851149,0.230415887111964,
0.251191783137002,0.273033793531268,0.295892248872636,0.31972383596219,
0.344490347744951,0.370157752534217,0.396695484754358,0.42407589370298,
0.452273807757534,0.48126618468468,0.511031827341331,0.541551149838043,
0.572805983201345,0.604779412349468,0.6374556381784,0.670819859994088,0.704858174586883,
0.739557489036557,0.77490544493564,0.810890352177644,0.84750113081172,0.884727259742564,
0.922558731273061,0.960986010660936,0.988703578543467),.UNSPECIFIED.);
#350=B_SPLINE_CURVE_WITH_KNOTS('',3,(#4657,#4658,#4659,#4660,#4661,#4662,
#4663,#4664,#4665,#4666,#4667,#4668,#4669,#4670,#4671,#4672,#4673,#4674,
#4675,#4676,#4677,#4678,#4679,#4680,#4681,#4682,#4683,#4684,#4685,#4686,
#4687,#4688,#4689,#4690,#4691,#4692,#4693),.UNSPECIFIED.,.F.,.F.,(4,1,1,
1,1,1,1,1,1,1,1,1,1,1,1,1,1,1,1,1,1,1,1,1,1,1,1,1,1,1,1,1,1,1,4),(0.,0.113487938645312,
0.12174344508947,0.132401255975107,0.145011747191337,0.159310699871886,
0.175118786671481,0.192303988722985,0.210763856851149,0.230415887111964,
0.251191783137002,0.273033793531268,0.295892248872636,0.31972383596219,
0.344490347744951,0.370157752534217,0.396695484754358,0.42407589370298,
0.452273807757534,0.48126618468468,0.511031827341331,0.541551149838043,
0.572805983201345,0.604779412349468,0.6374556381784,0.670819859994088,0.704858174586883,
0.739557489036557,0.77490544493564,0.810890352177644,0.84750113081172,0.884727259742564,
0.922558731273061,0.960986010660936,0.988703578543467),.UNSPECIFIED.);
#351=B_SPLINE_CURVE_WITH_KNOTS('',3,(#4701,#4702,#4703,#4704,#4705,#4706,
#4707,#4708,#4709,#4710,#4711,#4712,#4713,#4714,#4715,#4716,#4717,#4718,
#4719,#4720,#4721,#4722,#4723,#4724,#4725,#4726,#4727,#4728,#4729,#4730,
#4731,#4732,#4733,#4734,#4735,#4736,#4737),.UNSPECIFIED.,.F.,.F.,(4,1,1,
1,1,1,1,1,1,1,1,1,1,1,1,1,1,1,1,1,1,1,1,1,1,1,1,1,1,1,1,1,1,1,4),(0.,0.113487938645312,
0.12174344508947,0.132401255975107,0.145011747191337,0.159310699871886,
0.175118786671481,0.192303988722985,0.210763856851149,0.230415887111964,
0.251191783137002,0.273033793531268,0.295892248872636,0.31972383596219,
0.344490347744951,0.370157752534217,0.396695484754358,0.42407589370298,
0.452273807757534,0.48126618468468,0.511031827341331,0.541551149838043,
0.572805983201345,0.604779412349468,0.6374556381784,0.670819859994088,0.704858174586883,
0.739557489036557,0.77490544493564,0.810890352177644,0.84750113081172,0.884727259742564,
0.922558731273061,0.960986010660936,0.988703578543467),.UNSPECIFIED.);
#352=B_SPLINE_CURVE_WITH_KNOTS('',3,(#4741,#4742,#4743,#4744,#4745,#4746,
#4747,#4748,#4749,#4750,#4751,#4752,#4753,#4754,#4755,#4756,#4757,#4758,
#4759,#4760,#4761,#4762,#4763,#4764,#4765,#4766,#4767,#4768,#4769,#4770,
#4771,#4772,#4773,#4774,#4775,#4776,#4777),.UNSPECIFIED.,.F.,.F.,(4,1,1,
1,1,1,1,1,1,1,1,1,1,1,1,1,1,1,1,1,1,1,1,1,1,1,1,1,1,1,1,1,1,1,4),(0.,0.113487938645312,
0.12174344508947,0.132401255975107,0.145011747191337,0.159310699871886,
0.175118786671481,0.192303988722985,0.210763856851149,0.230415887111964,
0.251191783137002,0.273033793531268,0.295892248872636,0.31972383596219,
0.344490347744951,0.370157752534217,0.396695484754358,0.42407589370298,
0.452273807757534,0.48126618468468,0.511031827341331,0.541551149838043,
0.572805983201345,0.604779412349468,0.6374556381784,0.670819859994088,0.704858174586883,
0.739557489036557,0.77490544493564,0.810890352177644,0.84750113081172,0.884727259742564,
0.922558731273061,0.960986010660936,0.988703578543467),.UNSPECIFIED.);
#353=B_SPLINE_CURVE_WITH_KNOTS('',3,(#4785,#4786,#4787,#4788,#4789,#4790,
#4791,#4792,#4793,#4794,#4795,#4796,#4797,#4798,#4799,#4800,#4801,#4802,
#4803,#4804,#4805,#4806,#4807,#4808,#4809,#4810,#4811,#4812,#4813,#4814,
#4815,#4816,#4817,#4818,#4819,#4820,#4821),.UNSPECIFIED.,.F.,.F.,(4,1,1,
1,1,1,1,1,1,1,1,1,1,1,1,1,1,1,1,1,1,1,1,1,1,1,1,1,1,1,1,1,1,1,4),(0.,0.113487938645312,
0.12174344508947,0.132401255975107,0.145011747191337,0.159310699871886,
0.175118786671481,0.192303988722985,0.210763856851149,0.230415887111964,
0.251191783137002,0.273033793531268,0.295892248872636,0.31972383596219,
0.344490347744951,0.370157752534217,0.396695484754358,0.42407589370298,
0.452273807757534,0.48126618468468,0.511031827341331,0.541551149838043,
0.572805983201345,0.604779412349468,0.6374556381784,0.670819859994088,0.704858174586883,
0.739557489036557,0.77490544493564,0.810890352177644,0.84750113081172,0.884727259742564,
0.922558731273061,0.960986010660936,0.988703578543467),.UNSPECIFIED.);
#354=B_SPLINE_CURVE_WITH_KNOTS('',3,(#4822,#4823,#4824,#4825,#4826,#4827,
#4828,#4829,#4830,#4831,#4832,#4833,#4834,#4835,#4836,#4837,#4838,#4839,
#4840,#4841,#4842,#4843,#4844,#4845,#4846,#4847,#4848,#4849,#4850,#4851,
#4852,#4853,#4854,#4855,#4856,#4857,#4858),.UNSPECIFIED.,.F.,.F.,(4,1,1,
1,1,1,1,1,1,1,1,1,1,1,1,1,1,1,1,1,1,1,1,1,1,1,1,1,1,1,1,1,1,1,4),(0.,0.113487938645312,
0.12174344508947,0.132401255975107,0.145011747191337,0.159310699871886,
0.175118786671481,0.192303988722985,0.210763856851149,0.230415887111964,
0.251191783137002,0.273033793531268,0.295892248872636,0.31972383596219,
0.344490347744951,0.370157752534217,0.396695484754358,0.42407589370298,
0.452273807757534,0.48126618468468,0.511031827341331,0.541551149838043,
0.572805983201345,0.604779412349468,0.6374556381784,0.670819859994088,0.704858174586883,
0.739557489036557,0.77490544493564,0.810890352177644,0.84750113081172,0.884727259742564,
0.922558731273061,0.960986010660936,0.988703578543467),.UNSPECIFIED.);
#355=B_SPLINE_CURVE_WITH_KNOTS('',3,(#4866,#4867,#4868,#4869,#4870,#4871,
#4872,#4873,#4874,#4875,#4876,#4877,#4878,#4879,#4880,#4881,#4882,#4883,
#4884,#4885,#4886,#4887,#4888,#4889,#4890,#4891,#4892,#4893,#4894,#4895,
#4896,#4897,#4898,#4899,#4900,#4901,#4902),.UNSPECIFIED.,.F.,.F.,(4,1,1,
1,1,1,1,1,1,1,1,1,1,1,1,1,1,1,1,1,1,1,1,1,1,1,1,1,1,1,1,1,1,1,4),(0.,0.113487938645312,
0.12174344508947,0.132401255975107,0.145011747191337,0.159310699871886,
0.175118786671481,0.192303988722985,0.210763856851149,0.230415887111964,
0.251191783137002,0.273033793531268,0.295892248872636,0.31972383596219,
0.344490347744951,0.370157752534217,0.396695484754358,0.42407589370298,
0.452273807757534,0.48126618468468,0.511031827341331,0.541551149838043,
0.572805983201345,0.604779412349468,0.6374556381784,0.670819859994088,0.704858174586883,
0.739557489036557,0.77490544493564,0.810890352177644,0.84750113081172,0.884727259742564,
0.922558731273061,0.960986010660936,0.988703578543467),.UNSPECIFIED.);
#356=B_SPLINE_CURVE_WITH_KNOTS('',3,(#4903,#4904,#4905,#4906,#4907,#4908,
#4909,#4910,#4911,#4912,#4913,#4914,#4915,#4916,#4917,#4918,#4919,#4920,
#4921,#4922,#4923,#4924,#4925,#4926,#4927,#4928,#4929,#4930,#4931,#4932,
#4933,#4934,#4935,#4936,#4937,#4938,#4939),.UNSPECIFIED.,.F.,.F.,(4,1,1,
1,1,1,1,1,1,1,1,1,1,1,1,1,1,1,1,1,1,1,1,1,1,1,1,1,1,1,1,1,1,1,4),(0.,0.113487938645312,
0.12174344508947,0.132401255975107,0.145011747191337,0.159310699871886,
0.175118786671481,0.192303988722985,0.210763856851149,0.230415887111964,
0.251191783137002,0.273033793531268,0.295892248872636,0.31972383596219,
0.344490347744951,0.370157752534217,0.396695484754358,0.42407589370298,
0.452273807757534,0.48126618468468,0.511031827341331,0.541551149838043,
0.572805983201345,0.604779412349468,0.6374556381784,0.670819859994088,0.704858174586883,
0.739557489036557,0.77490544493564,0.810890352177644,0.84750113081172,0.884727259742564,
0.922558731273061,0.960986010660936,0.988703578543467),.UNSPECIFIED.);
#357=B_SPLINE_CURVE_WITH_KNOTS('',3,(#4947,#4948,#4949,#4950,#4951,#4952,
#4953,#4954,#4955,#4956,#4957,#4958,#4959,#4960,#4961,#4962,#4963,#4964,
#4965,#4966,#4967,#4968,#4969,#4970,#4971,#4972,#4973,#4974,#4975,#4976,
#4977,#4978,#4979,#4980,#4981,#4982,#4983),.UNSPECIFIED.,.F.,.F.,(4,1,1,
1,1,1,1,1,1,1,1,1,1,1,1,1,1,1,1,1,1,1,1,1,1,1,1,1,1,1,1,1,1,1,4),(0.,0.113487938645312,
0.12174344508947,0.132401255975107,0.145011747191337,0.159310699871886,
0.175118786671481,0.192303988722985,0.210763856851149,0.230415887111964,
0.251191783137002,0.273033793531268,0.295892248872636,0.31972383596219,
0.344490347744951,0.370157752534217,0.396695484754358,0.42407589370298,
0.452273807757534,0.48126618468468,0.511031827341331,0.541551149838043,
0.572805983201345,0.604779412349468,0.6374556381784,0.670819859994088,0.704858174586883,
0.739557489036557,0.77490544493564,0.810890352177644,0.84750113081172,0.884727259742564,
0.922558731273061,0.960986010660936,0.988703578543467),.UNSPECIFIED.);
#358=B_SPLINE_CURVE_WITH_KNOTS('',3,(#4984,#4985,#4986,#4987,#4988,#4989,
#4990,#4991,#4992,#4993,#4994,#4995,#4996,#4997,#4998,#4999,#5000,#5001,
#5002,#5003,#5004,#5005,#5006,#5007,#5008,#5009,#5010,#5011,#5012,#5013,
#5014,#5015,#5016,#5017,#5018,#5019,#5020),.UNSPECIFIED.,.F.,.F.,(4,1,1,
1,1,1,1,1,1,1,1,1,1,1,1,1,1,1,1,1,1,1,1,1,1,1,1,1,1,1,1,1,1,1,4),(0.,0.113487938645312,
0.12174344508947,0.132401255975107,0.145011747191337,0.159310699871886,
0.175118786671481,0.192303988722985,0.210763856851149,0.230415887111964,
0.251191783137002,0.273033793531268,0.295892248872636,0.31972383596219,
0.344490347744951,0.370157752534217,0.396695484754358,0.42407589370298,
0.452273807757534,0.48126618468468,0.511031827341331,0.541551149838043,
0.572805983201345,0.604779412349468,0.6374556381784,0.670819859994088,0.704858174586883,
0.739557489036557,0.77490544493564,0.810890352177644,0.84750113081172,0.884727259742564,
0.922558731273061,0.960986010660936,0.988703578543467),.UNSPECIFIED.);
#359=B_SPLINE_CURVE_WITH_KNOTS('',3,(#5028,#5029,#5030,#5031,#5032,#5033,
#5034,#5035,#5036,#5037,#5038,#5039,#5040,#5041,#5042,#5043,#5044,#5045,
#5046,#5047,#5048,#5049,#5050,#5051,#5052,#5053,#5054,#5055,#5056,#5057,
#5058,#5059,#5060,#5061,#5062,#5063,#5064),.UNSPECIFIED.,.F.,.F.,(4,1,1,
1,1,1,1,1,1,1,1,1,1,1,1,1,1,1,1,1,1,1,1,1,1,1,1,1,1,1,1,1,1,1,4),(0.,0.113487938645312,
0.12174344508947,0.132401255975107,0.145011747191337,0.159310699871886,
0.175118786671481,0.192303988722985,0.210763856851149,0.230415887111964,
0.251191783137002,0.273033793531268,0.295892248872636,0.31972383596219,
0.344490347744951,0.370157752534217,0.396695484754358,0.42407589370298,
0.452273807757534,0.48126618468468,0.511031827341331,0.541551149838043,
0.572805983201345,0.604779412349468,0.6374556381784,0.670819859994088,0.704858174586883,
0.739557489036557,0.77490544493564,0.810890352177644,0.84750113081172,0.884727259742564,
0.922558731273061,0.960986010660936,0.988703578543467),.UNSPECIFIED.);
#360=B_SPLINE_CURVE_WITH_KNOTS('',3,(#5065,#5066,#5067,#5068,#5069,#5070,
#5071,#5072,#5073,#5074,#5075,#5076,#5077,#5078,#5079,#5080,#5081,#5082,
#5083,#5084,#5085,#5086,#5087,#5088,#5089,#5090,#5091,#5092,#5093,#5094,
#5095,#5096,#5097,#5098,#5099,#5100,#5101),.UNSPECIFIED.,.F.,.F.,(4,1,1,
1,1,1,1,1,1,1,1,1,1,1,1,1,1,1,1,1,1,1,1,1,1,1,1,1,1,1,1,1,1,1,4),(0.,0.113487938645312,
0.12174344508947,0.132401255975107,0.145011747191337,0.159310699871886,
0.175118786671481,0.192303988722985,0.210763856851149,0.230415887111964,
0.251191783137002,0.273033793531268,0.295892248872636,0.31972383596219,
0.344490347744951,0.370157752534217,0.396695484754358,0.42407589370298,
0.452273807757534,0.48126618468468,0.511031827341331,0.541551149838043,
0.572805983201345,0.604779412349468,0.6374556381784,0.670819859994088,0.704858174586883,
0.739557489036557,0.77490544493564,0.810890352177644,0.84750113081172,0.884727259742564,
0.922558731273061,0.960986010660936,0.988703578543467),.UNSPECIFIED.);
#361=ORIENTED_EDGE('',*,*,#929,.F.);
#362=ORIENTED_EDGE('',*,*,#930,.T.);
#363=ORIENTED_EDGE('',*,*,#931,.F.);
#364=ORIENTED_EDGE('',*,*,#932,.F.);
#365=ORIENTED_EDGE('',*,*,#933,.F.);
#366=ORIENTED_EDGE('',*,*,#934,.F.);
#367=ORIENTED_EDGE('',*,*,#935,.F.);
#368=ORIENTED_EDGE('',*,*,#936,.T.);
#369=ORIENTED_EDGE('',*,*,#937,.F.);
#370=ORIENTED_EDGE('',*,*,#938,.F.);
#371=ORIENTED_EDGE('',*,*,#939,.F.);
#372=ORIENTED_EDGE('',*,*,#940,.F.);
#373=ORIENTED_EDGE('',*,*,#941,.F.);
#374=ORIENTED_EDGE('',*,*,#942,.T.);
#375=ORIENTED_EDGE('',*,*,#943,.F.);
#376=ORIENTED_EDGE('',*,*,#944,.F.);
#377=ORIENTED_EDGE('',*,*,#945,.F.);
#378=ORIENTED_EDGE('',*,*,#946,.F.);
#379=ORIENTED_EDGE('',*,*,#947,.F.);
#380=ORIENTED_EDGE('',*,*,#948,.T.);
#381=ORIENTED_EDGE('',*,*,#949,.F.);
#382=ORIENTED_EDGE('',*,*,#950,.F.);
#383=ORIENTED_EDGE('',*,*,#951,.F.);
#384=ORIENTED_EDGE('',*,*,#952,.F.);
#385=ORIENTED_EDGE('',*,*,#953,.F.);
#386=ORIENTED_EDGE('',*,*,#954,.T.);
#387=ORIENTED_EDGE('',*,*,#955,.F.);
#388=ORIENTED_EDGE('',*,*,#956,.F.);
#389=ORIENTED_EDGE('',*,*,#957,.F.);
#390=ORIENTED_EDGE('',*,*,#958,.F.);
#391=ORIENTED_EDGE('',*,*,#959,.F.);
#392=ORIENTED_EDGE('',*,*,#960,.T.);
#393=ORIENTED_EDGE('',*,*,#961,.F.);
#394=ORIENTED_EDGE('',*,*,#962,.F.);
#395=ORIENTED_EDGE('',*,*,#963,.F.);
#396=ORIENTED_EDGE('',*,*,#964,.F.);
#397=ORIENTED_EDGE('',*,*,#965,.F.);
#398=ORIENTED_EDGE('',*,*,#966,.T.);
#399=ORIENTED_EDGE('',*,*,#967,.F.);
#400=ORIENTED_EDGE('',*,*,#968,.F.);
#401=ORIENTED_EDGE('',*,*,#969,.F.);
#402=ORIENTED_EDGE('',*,*,#970,.F.);
#403=ORIENTED_EDGE('',*,*,#971,.F.);
#404=ORIENTED_EDGE('',*,*,#972,.T.);
#405=ORIENTED_EDGE('',*,*,#973,.F.);
#406=ORIENTED_EDGE('',*,*,#974,.F.);
#407=ORIENTED_EDGE('',*,*,#975,.F.);
#408=ORIENTED_EDGE('',*,*,#976,.F.);
#409=ORIENTED_EDGE('',*,*,#977,.F.);
#410=ORIENTED_EDGE('',*,*,#978,.T.);
#411=ORIENTED_EDGE('',*,*,#979,.F.);
#412=ORIENTED_EDGE('',*,*,#980,.F.);
#413=ORIENTED_EDGE('',*,*,#981,.F.);
#414=ORIENTED_EDGE('',*,*,#982,.F.);
#415=ORIENTED_EDGE('',*,*,#983,.F.);
#416=ORIENTED_EDGE('',*,*,#984,.T.);
#417=ORIENTED_EDGE('',*,*,#985,.F.);
#418=ORIENTED_EDGE('',*,*,#986,.F.);
#419=ORIENTED_EDGE('',*,*,#987,.F.);
#420=ORIENTED_EDGE('',*,*,#988,.F.);
#421=ORIENTED_EDGE('',*,*,#989,.F.);
#422=ORIENTED_EDGE('',*,*,#990,.T.);
#423=ORIENTED_EDGE('',*,*,#991,.F.);
#424=ORIENTED_EDGE('',*,*,#992,.F.);
#425=ORIENTED_EDGE('',*,*,#993,.F.);
#426=ORIENTED_EDGE('',*,*,#994,.F.);
#427=ORIENTED_EDGE('',*,*,#995,.F.);
#428=ORIENTED_EDGE('',*,*,#996,.T.);
#429=ORIENTED_EDGE('',*,*,#997,.F.);
#430=ORIENTED_EDGE('',*,*,#998,.F.);
#431=ORIENTED_EDGE('',*,*,#999,.F.);
#432=ORIENTED_EDGE('',*,*,#1000,.F.);
#433=ORIENTED_EDGE('',*,*,#1001,.F.);
#434=ORIENTED_EDGE('',*,*,#1002,.T.);
#435=ORIENTED_EDGE('',*,*,#1003,.F.);
#436=ORIENTED_EDGE('',*,*,#1004,.F.);
#437=ORIENTED_EDGE('',*,*,#1005,.F.);
#438=ORIENTED_EDGE('',*,*,#1006,.F.);
#439=ORIENTED_EDGE('',*,*,#1007,.F.);
#440=ORIENTED_EDGE('',*,*,#1008,.T.);
#441=ORIENTED_EDGE('',*,*,#1009,.F.);
#442=ORIENTED_EDGE('',*,*,#1010,.F.);
#443=ORIENTED_EDGE('',*,*,#1011,.F.);
#444=ORIENTED_EDGE('',*,*,#1012,.F.);
#445=ORIENTED_EDGE('',*,*,#1013,.F.);
#446=ORIENTED_EDGE('',*,*,#1014,.T.);
#447=ORIENTED_EDGE('',*,*,#1015,.F.);
#448=ORIENTED_EDGE('',*,*,#1016,.F.);
#449=ORIENTED_EDGE('',*,*,#1017,.F.);
#450=ORIENTED_EDGE('',*,*,#1018,.F.);
#451=ORIENTED_EDGE('',*,*,#1019,.F.);
#452=ORIENTED_EDGE('',*,*,#1020,.T.);
#453=ORIENTED_EDGE('',*,*,#1021,.F.);
#454=ORIENTED_EDGE('',*,*,#1022,.F.);
#455=ORIENTED_EDGE('',*,*,#1023,.F.);
#456=ORIENTED_EDGE('',*,*,#1024,.F.);
#457=ORIENTED_EDGE('',*,*,#1025,.T.);
#458=ORIENTED_EDGE('',*,*,#931,.T.);
#459=ORIENTED_EDGE('',*,*,#1026,.F.);
#460=ORIENTED_EDGE('',*,*,#1027,.F.);
#461=ORIENTED_EDGE('',*,*,#1028,.T.);
#462=ORIENTED_EDGE('',*,*,#937,.T.);
#463=ORIENTED_EDGE('',*,*,#1029,.F.);
#464=ORIENTED_EDGE('',*,*,#1030,.F.);
#465=ORIENTED_EDGE('',*,*,#1031,.T.);
#466=ORIENTED_EDGE('',*,*,#949,.T.);
#467=ORIENTED_EDGE('',*,*,#1032,.F.);
#468=ORIENTED_EDGE('',*,*,#1033,.T.);
#469=ORIENTED_EDGE('',*,*,#943,.T.);
#470=ORIENTED_EDGE('',*,*,#1034,.F.);
#471=ORIENTED_EDGE('',*,*,#1035,.F.);
#472=ORIENTED_EDGE('',*,*,#1036,.F.);
#473=ORIENTED_EDGE('',*,*,#1037,.T.);
#474=ORIENTED_EDGE('',*,*,#1009,.T.);
#475=ORIENTED_EDGE('',*,*,#1038,.F.);
#476=ORIENTED_EDGE('',*,*,#1039,.T.);
#477=ORIENTED_EDGE('',*,*,#1015,.T.);
#478=ORIENTED_EDGE('',*,*,#1040,.F.);
#479=ORIENTED_EDGE('',*,*,#1041,.F.);
#480=ORIENTED_EDGE('',*,*,#1042,.T.);
#481=ORIENTED_EDGE('',*,*,#1003,.T.);
#482=ORIENTED_EDGE('',*,*,#1043,.F.);
#483=ORIENTED_EDGE('',*,*,#1044,.F.);
#484=ORIENTED_EDGE('',*,*,#1045,.T.);
#485=ORIENTED_EDGE('',*,*,#997,.T.);
#486=ORIENTED_EDGE('',*,*,#1046,.F.);
#487=ORIENTED_EDGE('',*,*,#1047,.F.);
#488=ORIENTED_EDGE('',*,*,#1048,.F.);
#489=ORIENTED_EDGE('',*,*,#1049,.T.);
#490=ORIENTED_EDGE('',*,*,#967,.T.);
#491=ORIENTED_EDGE('',*,*,#1050,.F.);
#492=ORIENTED_EDGE('',*,*,#1051,.T.);
#493=ORIENTED_EDGE('',*,*,#961,.T.);
#494=ORIENTED_EDGE('',*,*,#1052,.F.);
#495=ORIENTED_EDGE('',*,*,#1053,.F.);
#496=ORIENTED_EDGE('',*,*,#1054,.F.);
#497=ORIENTED_EDGE('',*,*,#1055,.T.);
#498=ORIENTED_EDGE('',*,*,#973,.T.);
#499=ORIENTED_EDGE('',*,*,#1056,.F.);
#500=ORIENTED_EDGE('',*,*,#1057,.F.);
#501=ORIENTED_EDGE('',*,*,#1058,.T.);
#502=ORIENTED_EDGE('',*,*,#979,.T.);
#503=ORIENTED_EDGE('',*,*,#1059,.F.);
#504=ORIENTED_EDGE('',*,*,#1060,.T.);
#505=ORIENTED_EDGE('',*,*,#991,.T.);
#506=ORIENTED_EDGE('',*,*,#1061,.F.);
#507=ORIENTED_EDGE('',*,*,#1062,.F.);
#508=ORIENTED_EDGE('',*,*,#1063,.T.);
#509=ORIENTED_EDGE('',*,*,#985,.T.);
#510=ORIENTED_EDGE('',*,*,#1064,.F.);
#511=ORIENTED_EDGE('',*,*,#1065,.T.);
#512=ORIENTED_EDGE('',*,*,#1066,.F.);
#513=ORIENTED_EDGE('',*,*,#1067,.T.);
#514=ORIENTED_EDGE('',*,*,#1038,.T.);
#515=ORIENTED_EDGE('',*,*,#1068,.F.);
#516=ORIENTED_EDGE('',*,*,#1069,.F.);
#517=ORIENTED_EDGE('',*,*,#1070,.T.);
#518=ORIENTED_EDGE('',*,*,#1071,.F.);
#519=ORIENTED_EDGE('',*,*,#1072,.T.);
#520=ORIENTED_EDGE('',*,*,#1036,.T.);
#521=ORIENTED_EDGE('',*,*,#1073,.F.);
#522=ORIENTED_EDGE('',*,*,#1074,.F.);
#523=ORIENTED_EDGE('',*,*,#1075,.T.);
#524=ORIENTED_EDGE('',*,*,#1076,.F.);
#525=ORIENTED_EDGE('',*,*,#1077,.T.);
#526=ORIENTED_EDGE('',*,*,#1041,.T.);
#527=ORIENTED_EDGE('',*,*,#1078,.F.);
#528=ORIENTED_EDGE('',*,*,#1079,.F.);
#529=ORIENTED_EDGE('',*,*,#1080,.T.);
#530=ORIENTED_EDGE('',*,*,#1081,.F.);
#531=ORIENTED_EDGE('',*,*,#1082,.T.);
#532=ORIENTED_EDGE('',*,*,#1044,.T.);
#533=ORIENTED_EDGE('',*,*,#1083,.F.);
#534=ORIENTED_EDGE('',*,*,#1084,.F.);
#535=ORIENTED_EDGE('',*,*,#1085,.T.);
#536=ORIENTED_EDGE('',*,*,#1086,.F.);
#537=ORIENTED_EDGE('',*,*,#1087,.T.);
#538=ORIENTED_EDGE('',*,*,#1059,.T.);
#539=ORIENTED_EDGE('',*,*,#1088,.F.);
#540=ORIENTED_EDGE('',*,*,#1089,.F.);
#541=ORIENTED_EDGE('',*,*,#1090,.T.);
#542=ORIENTED_EDGE('',*,*,#1091,.F.);
#543=ORIENTED_EDGE('',*,*,#1092,.T.);
#544=ORIENTED_EDGE('',*,*,#1062,.T.);
#545=ORIENTED_EDGE('',*,*,#1093,.F.);
#546=ORIENTED_EDGE('',*,*,#1094,.F.);
#547=ORIENTED_EDGE('',*,*,#1095,.T.);
#548=ORIENTED_EDGE('',*,*,#1096,.F.);
#549=ORIENTED_EDGE('',*,*,#1097,.T.);
#550=ORIENTED_EDGE('',*,*,#1057,.T.);
#551=ORIENTED_EDGE('',*,*,#1098,.F.);
#552=ORIENTED_EDGE('',*,*,#1099,.F.);
#553=ORIENTED_EDGE('',*,*,#1100,.T.);
#554=ORIENTED_EDGE('',*,*,#1101,.F.);
#555=ORIENTED_EDGE('',*,*,#1102,.T.);
#556=ORIENTED_EDGE('',*,*,#1054,.T.);
#557=ORIENTED_EDGE('',*,*,#1103,.F.);
#558=ORIENTED_EDGE('',*,*,#1104,.F.);
#559=ORIENTED_EDGE('',*,*,#1105,.T.);
#560=ORIENTED_EDGE('',*,*,#1106,.F.);
#561=ORIENTED_EDGE('',*,*,#1107,.T.);
#562=ORIENTED_EDGE('',*,*,#1048,.T.);
#563=ORIENTED_EDGE('',*,*,#1108,.F.);
#564=ORIENTED_EDGE('',*,*,#1109,.F.);
#565=ORIENTED_EDGE('',*,*,#1110,.T.);
#566=ORIENTED_EDGE('',*,*,#1111,.F.);
#567=ORIENTED_EDGE('',*,*,#1112,.T.);
#568=ORIENTED_EDGE('',*,*,#1050,.T.);
#569=ORIENTED_EDGE('',*,*,#1113,.F.);
#570=ORIENTED_EDGE('',*,*,#1114,.F.);
#571=ORIENTED_EDGE('',*,*,#1115,.T.);
#572=ORIENTED_EDGE('',*,*,#1116,.F.);
#573=ORIENTED_EDGE('',*,*,#1117,.T.);
#574=ORIENTED_EDGE('',*,*,#1118,.T.);
#575=ORIENTED_EDGE('',*,*,#1119,.F.);
#576=ORIENTED_EDGE('',*,*,#1120,.F.);
#577=ORIENTED_EDGE('',*,*,#1121,.T.);
#578=ORIENTED_EDGE('',*,*,#1122,.F.);
#579=ORIENTED_EDGE('',*,*,#1123,.T.);
#580=ORIENTED_EDGE('',*,*,#1030,.T.);
#581=ORIENTED_EDGE('',*,*,#1124,.F.);
#582=ORIENTED_EDGE('',*,*,#1125,.F.);
#583=ORIENTED_EDGE('',*,*,#1126,.T.);
#584=ORIENTED_EDGE('',*,*,#1127,.F.);
#585=ORIENTED_EDGE('',*,*,#1128,.T.);
#586=ORIENTED_EDGE('',*,*,#1032,.T.);
#587=ORIENTED_EDGE('',*,*,#1129,.F.);
#588=ORIENTED_EDGE('',*,*,#1130,.F.);
#589=ORIENTED_EDGE('',*,*,#1131,.T.);
#590=ORIENTED_EDGE('',*,*,#1132,.F.);
#591=ORIENTED_EDGE('',*,*,#1133,.T.);
#592=ORIENTED_EDGE('',*,*,#1027,.T.);
#593=ORIENTED_EDGE('',*,*,#1134,.F.);
#594=ORIENTED_EDGE('',*,*,#1135,.F.);
#595=ORIENTED_EDGE('',*,*,#1136,.T.);
#596=ORIENTED_EDGE('',*,*,#1137,.F.);
#597=ORIENTED_EDGE('',*,*,#1138,.T.);
#598=ORIENTED_EDGE('',*,*,#1024,.T.);
#599=ORIENTED_EDGE('',*,*,#1139,.F.);
#600=ORIENTED_EDGE('',*,*,#1140,.F.);
#601=ORIENTED_EDGE('',*,*,#1141,.T.);
#602=ORIENTED_EDGE('',*,*,#1118,.F.);
#603=ORIENTED_EDGE('',*,*,#1142,.T.);
#604=ORIENTED_EDGE('',*,*,#955,.T.);
#605=ORIENTED_EDGE('',*,*,#1143,.F.);
#606=ORIENTED_EDGE('',*,*,#1119,.T.);
#607=ORIENTED_EDGE('',*,*,#1143,.T.);
#608=ORIENTED_EDGE('',*,*,#954,.F.);
#609=ORIENTED_EDGE('',*,*,#1144,.F.);
#610=ORIENTED_EDGE('',*,*,#950,.T.);
#611=ORIENTED_EDGE('',*,*,#1031,.F.);
#612=ORIENTED_EDGE('',*,*,#1123,.F.);
#613=ORIENTED_EDGE('',*,*,#1145,.F.);
#614=ORIENTED_EDGE('',*,*,#952,.T.);
#615=ORIENTED_EDGE('',*,*,#1146,.F.);
#616=ORIENTED_EDGE('',*,*,#1121,.F.);
#617=ORIENTED_EDGE('',*,*,#1147,.F.);
#618=ORIENTED_EDGE('',*,*,#1120,.T.);
#619=ORIENTED_EDGE('',*,*,#1144,.T.);
#620=ORIENTED_EDGE('',*,*,#953,.T.);
#621=ORIENTED_EDGE('',*,*,#1147,.T.);
#622=ORIENTED_EDGE('',*,*,#1122,.T.);
#623=ORIENTED_EDGE('',*,*,#1146,.T.);
#624=ORIENTED_EDGE('',*,*,#951,.T.);
#625=ORIENTED_EDGE('',*,*,#1145,.T.);
#626=ORIENTED_EDGE('',*,*,#1093,.T.);
#627=ORIENTED_EDGE('',*,*,#1064,.T.);
#628=ORIENTED_EDGE('',*,*,#984,.F.);
#629=ORIENTED_EDGE('',*,*,#1148,.F.);
#630=ORIENTED_EDGE('',*,*,#980,.T.);
#631=ORIENTED_EDGE('',*,*,#1058,.F.);
#632=ORIENTED_EDGE('',*,*,#1097,.F.);
#633=ORIENTED_EDGE('',*,*,#1149,.F.);
#634=ORIENTED_EDGE('',*,*,#982,.T.);
#635=ORIENTED_EDGE('',*,*,#1150,.F.);
#636=ORIENTED_EDGE('',*,*,#1095,.F.);
#637=ORIENTED_EDGE('',*,*,#1151,.F.);
#638=ORIENTED_EDGE('',*,*,#1094,.T.);
#639=ORIENTED_EDGE('',*,*,#1148,.T.);
#640=ORIENTED_EDGE('',*,*,#983,.T.);
#641=ORIENTED_EDGE('',*,*,#1151,.T.);
#642=ORIENTED_EDGE('',*,*,#1096,.T.);
#643=ORIENTED_EDGE('',*,*,#1150,.T.);
#644=ORIENTED_EDGE('',*,*,#981,.T.);
#645=ORIENTED_EDGE('',*,*,#1149,.T.);
#646=ORIENTED_EDGE('',*,*,#1088,.T.);
#647=ORIENTED_EDGE('',*,*,#1061,.T.);
#648=ORIENTED_EDGE('',*,*,#990,.F.);
#649=ORIENTED_EDGE('',*,*,#1152,.F.);
#650=ORIENTED_EDGE('',*,*,#986,.T.);
#651=ORIENTED_EDGE('',*,*,#1063,.F.);
#652=ORIENTED_EDGE('',*,*,#1092,.F.);
#653=ORIENTED_EDGE('',*,*,#1153,.F.);
#654=ORIENTED_EDGE('',*,*,#988,.T.);
#655=ORIENTED_EDGE('',*,*,#1154,.F.);
#656=ORIENTED_EDGE('',*,*,#1090,.F.);
#657=ORIENTED_EDGE('',*,*,#1155,.F.);
#658=ORIENTED_EDGE('',*,*,#1089,.T.);
#659=ORIENTED_EDGE('',*,*,#1152,.T.);
#660=ORIENTED_EDGE('',*,*,#989,.T.);
#661=ORIENTED_EDGE('',*,*,#1155,.T.);
#662=ORIENTED_EDGE('',*,*,#1091,.T.);
#663=ORIENTED_EDGE('',*,*,#1154,.T.);
#664=ORIENTED_EDGE('',*,*,#987,.T.);
#665=ORIENTED_EDGE('',*,*,#1153,.T.);
#666=ORIENTED_EDGE('',*,*,#1098,.T.);
#667=ORIENTED_EDGE('',*,*,#1056,.T.);
#668=ORIENTED_EDGE('',*,*,#978,.F.);
#669=ORIENTED_EDGE('',*,*,#1156,.F.);
#670=ORIENTED_EDGE('',*,*,#974,.T.);
#671=ORIENTED_EDGE('',*,*,#1055,.F.);
#672=ORIENTED_EDGE('',*,*,#1102,.F.);
#673=ORIENTED_EDGE('',*,*,#1157,.F.);
#674=ORIENTED_EDGE('',*,*,#976,.T.);
#675=ORIENTED_EDGE('',*,*,#1158,.F.);
#676=ORIENTED_EDGE('',*,*,#1100,.F.);
#677=ORIENTED_EDGE('',*,*,#1159,.F.);
#678=ORIENTED_EDGE('',*,*,#1099,.T.);
#679=ORIENTED_EDGE('',*,*,#1156,.T.);
#680=ORIENTED_EDGE('',*,*,#977,.T.);
#681=ORIENTED_EDGE('',*,*,#1159,.T.);
#682=ORIENTED_EDGE('',*,*,#1101,.T.);
#683=ORIENTED_EDGE('',*,*,#1158,.T.);
#684=ORIENTED_EDGE('',*,*,#975,.T.);
#685=ORIENTED_EDGE('',*,*,#1157,.T.);
#686=ORIENTED_EDGE('',*,*,#1103,.T.);
#687=ORIENTED_EDGE('',*,*,#1053,.T.);
#688=ORIENTED_EDGE('',*,*,#972,.F.);
#689=ORIENTED_EDGE('',*,*,#1160,.F.);
#690=ORIENTED_EDGE('',*,*,#968,.T.);
#691=ORIENTED_EDGE('',*,*,#1049,.F.);
#692=ORIENTED_EDGE('',*,*,#1107,.F.);
#693=ORIENTED_EDGE('',*,*,#1161,.F.);
#694=ORIENTED_EDGE('',*,*,#970,.T.);
#695=ORIENTED_EDGE('',*,*,#1162,.F.);
#696=ORIENTED_EDGE('',*,*,#1105,.F.);
#697=ORIENTED_EDGE('',*,*,#1163,.F.);
#698=ORIENTED_EDGE('',*,*,#1104,.T.);
#699=ORIENTED_EDGE('',*,*,#1160,.T.);
#700=ORIENTED_EDGE('',*,*,#971,.T.);
#701=ORIENTED_EDGE('',*,*,#1163,.T.);
#702=ORIENTED_EDGE('',*,*,#1106,.T.);
#703=ORIENTED_EDGE('',*,*,#1162,.T.);
#704=ORIENTED_EDGE('',*,*,#969,.T.);
#705=ORIENTED_EDGE('',*,*,#1161,.T.);
#706=ORIENTED_EDGE('',*,*,#1113,.T.);
#707=ORIENTED_EDGE('',*,*,#1052,.T.);
#708=ORIENTED_EDGE('',*,*,#960,.F.);
#709=ORIENTED_EDGE('',*,*,#1164,.F.);
#710=ORIENTED_EDGE('',*,*,#956,.T.);
#711=ORIENTED_EDGE('',*,*,#1142,.F.);
#712=ORIENTED_EDGE('',*,*,#1117,.F.);
#713=ORIENTED_EDGE('',*,*,#1165,.F.);
#714=ORIENTED_EDGE('',*,*,#958,.T.);
#715=ORIENTED_EDGE('',*,*,#1166,.F.);
#716=ORIENTED_EDGE('',*,*,#1115,.F.);
#717=ORIENTED_EDGE('',*,*,#1167,.F.);
#718=ORIENTED_EDGE('',*,*,#1114,.T.);
#719=ORIENTED_EDGE('',*,*,#1164,.T.);
#720=ORIENTED_EDGE('',*,*,#959,.T.);
#721=ORIENTED_EDGE('',*,*,#1167,.T.);
#722=ORIENTED_EDGE('',*,*,#1116,.T.);
#723=ORIENTED_EDGE('',*,*,#1166,.T.);
#724=ORIENTED_EDGE('',*,*,#957,.T.);
#725=ORIENTED_EDGE('',*,*,#1165,.T.);
#726=ORIENTED_EDGE('',*,*,#1108,.T.);
#727=ORIENTED_EDGE('',*,*,#1047,.T.);
#728=ORIENTED_EDGE('',*,*,#966,.F.);
#729=ORIENTED_EDGE('',*,*,#1168,.F.);
#730=ORIENTED_EDGE('',*,*,#962,.T.);
#731=ORIENTED_EDGE('',*,*,#1051,.F.);
#732=ORIENTED_EDGE('',*,*,#1112,.F.);
#733=ORIENTED_EDGE('',*,*,#1169,.F.);
#734=ORIENTED_EDGE('',*,*,#964,.T.);
#735=ORIENTED_EDGE('',*,*,#1170,.F.);
#736=ORIENTED_EDGE('',*,*,#1110,.F.);
#737=ORIENTED_EDGE('',*,*,#1171,.F.);
#738=ORIENTED_EDGE('',*,*,#1109,.T.);
#739=ORIENTED_EDGE('',*,*,#1168,.T.);
#740=ORIENTED_EDGE('',*,*,#965,.T.);
#741=ORIENTED_EDGE('',*,*,#1171,.T.);
#742=ORIENTED_EDGE('',*,*,#1111,.T.);
#743=ORIENTED_EDGE('',*,*,#1170,.T.);
#744=ORIENTED_EDGE('',*,*,#963,.T.);
#745=ORIENTED_EDGE('',*,*,#1169,.T.);
#746=ORIENTED_EDGE('',*,*,#1083,.T.);
#747=ORIENTED_EDGE('',*,*,#1046,.T.);
#748=ORIENTED_EDGE('',*,*,#996,.F.);
#749=ORIENTED_EDGE('',*,*,#1172,.F.);
#750=ORIENTED_EDGE('',*,*,#992,.T.);
#751=ORIENTED_EDGE('',*,*,#1060,.F.);
#752=ORIENTED_EDGE('',*,*,#1087,.F.);
#753=ORIENTED_EDGE('',*,*,#1173,.F.);
#754=ORIENTED_EDGE('',*,*,#994,.T.);
#755=ORIENTED_EDGE('',*,*,#1174,.F.);
#756=ORIENTED_EDGE('',*,*,#1085,.F.);
#757=ORIENTED_EDGE('',*,*,#1175,.F.);
#758=ORIENTED_EDGE('',*,*,#1084,.T.);
#759=ORIENTED_EDGE('',*,*,#1172,.T.);
#760=ORIENTED_EDGE('',*,*,#995,.T.);
#761=ORIENTED_EDGE('',*,*,#1175,.T.);
#762=ORIENTED_EDGE('',*,*,#1086,.T.);
#763=ORIENTED_EDGE('',*,*,#1174,.T.);
#764=ORIENTED_EDGE('',*,*,#993,.T.);
#765=ORIENTED_EDGE('',*,*,#1173,.T.);
#766=ORIENTED_EDGE('',*,*,#1078,.T.);
#767=ORIENTED_EDGE('',*,*,#1043,.T.);
#768=ORIENTED_EDGE('',*,*,#1002,.F.);
#769=ORIENTED_EDGE('',*,*,#1176,.F.);
#770=ORIENTED_EDGE('',*,*,#998,.T.);
#771=ORIENTED_EDGE('',*,*,#1045,.F.);
#772=ORIENTED_EDGE('',*,*,#1082,.F.);
#773=ORIENTED_EDGE('',*,*,#1177,.F.);
#774=ORIENTED_EDGE('',*,*,#1000,.T.);
#775=ORIENTED_EDGE('',*,*,#1178,.F.);
#776=ORIENTED_EDGE('',*,*,#1080,.F.);
#777=ORIENTED_EDGE('',*,*,#1179,.F.);
#778=ORIENTED_EDGE('',*,*,#1079,.T.);
#779=ORIENTED_EDGE('',*,*,#1176,.T.);
#780=ORIENTED_EDGE('',*,*,#1001,.T.);
#781=ORIENTED_EDGE('',*,*,#1179,.T.);
#782=ORIENTED_EDGE('',*,*,#1081,.T.);
#783=ORIENTED_EDGE('',*,*,#1178,.T.);
#784=ORIENTED_EDGE('',*,*,#999,.T.);
#785=ORIENTED_EDGE('',*,*,#1177,.T.);
#786=ORIENTED_EDGE('',*,*,#1068,.T.);
#787=ORIENTED_EDGE('',*,*,#1040,.T.);
#788=ORIENTED_EDGE('',*,*,#1014,.F.);
#789=ORIENTED_EDGE('',*,*,#1180,.F.);
#790=ORIENTED_EDGE('',*,*,#1010,.T.);
#791=ORIENTED_EDGE('',*,*,#1037,.F.);
#792=ORIENTED_EDGE('',*,*,#1072,.F.);
#793=ORIENTED_EDGE('',*,*,#1181,.F.);
#794=ORIENTED_EDGE('',*,*,#1012,.T.);
#795=ORIENTED_EDGE('',*,*,#1182,.F.);
#796=ORIENTED_EDGE('',*,*,#1070,.F.);
#797=ORIENTED_EDGE('',*,*,#1183,.F.);
#798=ORIENTED_EDGE('',*,*,#1069,.T.);
#799=ORIENTED_EDGE('',*,*,#1180,.T.);
#800=ORIENTED_EDGE('',*,*,#1013,.T.);
#801=ORIENTED_EDGE('',*,*,#1183,.T.);
#802=ORIENTED_EDGE('',*,*,#1071,.T.);
#803=ORIENTED_EDGE('',*,*,#1182,.T.);
#804=ORIENTED_EDGE('',*,*,#1011,.T.);
#805=ORIENTED_EDGE('',*,*,#1181,.T.);
#806=ORIENTED_EDGE('',*,*,#1073,.T.);
#807=ORIENTED_EDGE('',*,*,#1035,.T.);
#808=ORIENTED_EDGE('',*,*,#1008,.F.);
#809=ORIENTED_EDGE('',*,*,#1184,.F.);
#810=ORIENTED_EDGE('',*,*,#1004,.T.);
#811=ORIENTED_EDGE('',*,*,#1042,.F.);
#812=ORIENTED_EDGE('',*,*,#1077,.F.);
#813=ORIENTED_EDGE('',*,*,#1185,.F.);
#814=ORIENTED_EDGE('',*,*,#1006,.T.);
#815=ORIENTED_EDGE('',*,*,#1186,.F.);
#816=ORIENTED_EDGE('',*,*,#1075,.F.);
#817=ORIENTED_EDGE('',*,*,#1187,.F.);
#818=ORIENTED_EDGE('',*,*,#1074,.T.);
#819=ORIENTED_EDGE('',*,*,#1184,.T.);
#820=ORIENTED_EDGE('',*,*,#1007,.T.);
#821=ORIENTED_EDGE('',*,*,#1187,.T.);
#822=ORIENTED_EDGE('',*,*,#1076,.T.);
#823=ORIENTED_EDGE('',*,*,#1186,.T.);
#824=ORIENTED_EDGE('',*,*,#1005,.T.);
#825=ORIENTED_EDGE('',*,*,#1185,.T.);
#826=ORIENTED_EDGE('',*,*,#1129,.T.);
#827=ORIENTED_EDGE('',*,*,#1034,.T.);
#828=ORIENTED_EDGE('',*,*,#942,.F.);
#829=ORIENTED_EDGE('',*,*,#1188,.F.);
#830=ORIENTED_EDGE('',*,*,#938,.T.);
#831=ORIENTED_EDGE('',*,*,#1028,.F.);
#832=ORIENTED_EDGE('',*,*,#1133,.F.);
#833=ORIENTED_EDGE('',*,*,#1189,.F.);
#834=ORIENTED_EDGE('',*,*,#940,.T.);
#835=ORIENTED_EDGE('',*,*,#1190,.F.);
#836=ORIENTED_EDGE('',*,*,#1131,.F.);
#837=ORIENTED_EDGE('',*,*,#1191,.F.);
#838=ORIENTED_EDGE('',*,*,#1130,.T.);
#839=ORIENTED_EDGE('',*,*,#1188,.T.);
#840=ORIENTED_EDGE('',*,*,#941,.T.);
#841=ORIENTED_EDGE('',*,*,#1191,.T.);
#842=ORIENTED_EDGE('',*,*,#1132,.T.);
#843=ORIENTED_EDGE('',*,*,#1190,.T.);
#844=ORIENTED_EDGE('',*,*,#939,.T.);
#845=ORIENTED_EDGE('',*,*,#1189,.T.);
#846=ORIENTED_EDGE('',*,*,#1124,.T.);
#847=ORIENTED_EDGE('',*,*,#1029,.T.);
#848=ORIENTED_EDGE('',*,*,#948,.F.);
#849=ORIENTED_EDGE('',*,*,#1192,.F.);
#850=ORIENTED_EDGE('',*,*,#944,.T.);
#851=ORIENTED_EDGE('',*,*,#1033,.F.);
#852=ORIENTED_EDGE('',*,*,#1128,.F.);
#853=ORIENTED_EDGE('',*,*,#1193,.F.);
#854=ORIENTED_EDGE('',*,*,#946,.T.);
#855=ORIENTED_EDGE('',*,*,#1194,.F.);
#856=ORIENTED_EDGE('',*,*,#1126,.F.);
#857=ORIENTED_EDGE('',*,*,#1195,.F.);
#858=ORIENTED_EDGE('',*,*,#1125,.T.);
#859=ORIENTED_EDGE('',*,*,#1192,.T.);
#860=ORIENTED_EDGE('',*,*,#947,.T.);
#861=ORIENTED_EDGE('',*,*,#1195,.T.);
#862=ORIENTED_EDGE('',*,*,#1127,.T.);
#863=ORIENTED_EDGE('',*,*,#1194,.T.);
#864=ORIENTED_EDGE('',*,*,#945,.T.);
#865=ORIENTED_EDGE('',*,*,#1193,.T.);
#866=ORIENTED_EDGE('',*,*,#1134,.T.);
#867=ORIENTED_EDGE('',*,*,#1026,.T.);
#868=ORIENTED_EDGE('',*,*,#936,.F.);
#869=ORIENTED_EDGE('',*,*,#1196,.F.);
#870=ORIENTED_EDGE('',*,*,#932,.T.);
#871=ORIENTED_EDGE('',*,*,#1025,.F.);
#872=ORIENTED_EDGE('',*,*,#1138,.F.);
#873=ORIENTED_EDGE('',*,*,#1197,.F.);
#874=ORIENTED_EDGE('',*,*,#934,.T.);
#875=ORIENTED_EDGE('',*,*,#1198,.F.);
#876=ORIENTED_EDGE('',*,*,#1136,.F.);
#877=ORIENTED_EDGE('',*,*,#1199,.F.);
#878=ORIENTED_EDGE('',*,*,#1135,.T.);
#879=ORIENTED_EDGE('',*,*,#1196,.T.);
#880=ORIENTED_EDGE('',*,*,#935,.T.);
#881=ORIENTED_EDGE('',*,*,#1199,.T.);
#882=ORIENTED_EDGE('',*,*,#1137,.T.);
#883=ORIENTED_EDGE('',*,*,#1198,.T.);
#884=ORIENTED_EDGE('',*,*,#933,.T.);
#885=ORIENTED_EDGE('',*,*,#1197,.T.);
#886=ORIENTED_EDGE('',*,*,#1139,.T.);
#887=ORIENTED_EDGE('',*,*,#1023,.T.);
#888=ORIENTED_EDGE('',*,*,#930,.F.);
#889=ORIENTED_EDGE('',*,*,#1200,.F.);
#890=ORIENTED_EDGE('',*,*,#1016,.T.);
#891=ORIENTED_EDGE('',*,*,#1039,.F.);
#892=ORIENTED_EDGE('',*,*,#1067,.F.);
#893=ORIENTED_EDGE('',*,*,#1201,.F.);
#894=ORIENTED_EDGE('',*,*,#1018,.T.);
#895=ORIENTED_EDGE('',*,*,#1202,.F.);
#896=ORIENTED_EDGE('',*,*,#1141,.F.);
#897=ORIENTED_EDGE('',*,*,#1203,.F.);
#898=ORIENTED_EDGE('',*,*,#1140,.T.);
#899=ORIENTED_EDGE('',*,*,#1200,.T.);
#900=ORIENTED_EDGE('',*,*,#929,.T.);
#901=ORIENTED_EDGE('',*,*,#1203,.T.);
#902=ORIENTED_EDGE('',*,*,#1066,.T.);
#903=ORIENTED_EDGE('',*,*,#1202,.T.);
#904=ORIENTED_EDGE('',*,*,#1017,.T.);
#905=ORIENTED_EDGE('',*,*,#1201,.T.);
#906=ORIENTED_EDGE('',*,*,#1204,.F.);
#907=ORIENTED_EDGE('',*,*,#1205,.F.);
#908=ORIENTED_EDGE('',*,*,#1019,.T.);
#909=ORIENTED_EDGE('',*,*,#1206,.T.);
#910=ORIENTED_EDGE('',*,*,#1207,.T.);
#911=ORIENTED_EDGE('',*,*,#1208,.F.);
#912=ORIENTED_EDGE('',*,*,#1020,.F.);
#913=ORIENTED_EDGE('',*,*,#1205,.T.);
#914=ORIENTED_EDGE('',*,*,#1209,.F.);
#915=ORIENTED_EDGE('',*,*,#1210,.F.);
#916=ORIENTED_EDGE('',*,*,#1021,.T.);
#917=ORIENTED_EDGE('',*,*,#1208,.T.);
#918=ORIENTED_EDGE('',*,*,#1211,.F.);
#919=ORIENTED_EDGE('',*,*,#1206,.F.);
#920=ORIENTED_EDGE('',*,*,#1022,.T.);
#921=ORIENTED_EDGE('',*,*,#1210,.T.);
#922=ORIENTED_EDGE('',*,*,#1065,.F.);
#923=ORIENTED_EDGE('',*,*,#1212,.T.);
#924=ORIENTED_EDGE('',*,*,#1204,.T.);
#925=ORIENTED_EDGE('',*,*,#1211,.T.);
#926=ORIENTED_EDGE('',*,*,#1209,.T.);
#927=ORIENTED_EDGE('',*,*,#1207,.F.);
#928=ORIENTED_EDGE('',*,*,#1212,.F.);
#929=EDGE_CURVE('',#1213,#1214,#1403,.F.);
#930=EDGE_CURVE('',#1213,#1215,#301,.T.);
#931=EDGE_CURVE('',#1216,#1215,#1404,.T.);
#932=EDGE_CURVE('',#1217,#1216,#302,.T.);
#933=EDGE_CURVE('',#1218,#1217,#1405,.F.);
#934=EDGE_CURVE('',#1219,#1218,#1406,.T.);
#935=EDGE_CURVE('',#1220,#1219,#1407,.F.);
#936=EDGE_CURVE('',#1220,#1221,#303,.T.);
#937=EDGE_CURVE('',#1222,#1221,#1408,.T.);
#938=EDGE_CURVE('',#1223,#1222,#304,.T.);
#939=EDGE_CURVE('',#1224,#1223,#1409,.F.);
#940=EDGE_CURVE('',#1225,#1224,#1410,.T.);
#941=EDGE_CURVE('',#1226,#1225,#1411,.F.);
#942=EDGE_CURVE('',#1226,#1227,#305,.T.);
#943=EDGE_CURVE('',#1228,#1227,#1412,.T.);
#944=EDGE_CURVE('',#1229,#1228,#306,.T.);
#945=EDGE_CURVE('',#1230,#1229,#1413,.F.);
#946=EDGE_CURVE('',#1231,#1230,#1414,.T.);
#947=EDGE_CURVE('',#1232,#1231,#1415,.F.);
#948=EDGE_CURVE('',#1232,#1233,#307,.T.);
#949=EDGE_CURVE('',#1234,#1233,#1416,.T.);
#950=EDGE_CURVE('',#1235,#1234,#308,.T.);
#951=EDGE_CURVE('',#1236,#1235,#1417,.F.);
#952=EDGE_CURVE('',#1237,#1236,#1418,.T.);
#953=EDGE_CURVE('',#1238,#1237,#1419,.F.);
#954=EDGE_CURVE('',#1238,#1239,#309,.T.);
#955=EDGE_CURVE('',#1240,#1239,#1420,.T.);
#956=EDGE_CURVE('',#1241,#1240,#310,.T.);
#957=EDGE_CURVE('',#1242,#1241,#1421,.F.);
#958=EDGE_CURVE('',#1243,#1242,#1422,.T.);
#959=EDGE_CURVE('',#1244,#1243,#1423,.F.);
#960=EDGE_CURVE('',#1244,#1245,#311,.T.);
#961=EDGE_CURVE('',#1246,#1245,#1424,.T.);
#962=EDGE_CURVE('',#1247,#1246,#312,.T.);
#963=EDGE_CURVE('',#1248,#1247,#1425,.F.);
#964=EDGE_CURVE('',#1249,#1248,#1426,.T.);
#965=EDGE_CURVE('',#1250,#1249,#1427,.F.);
#966=EDGE_CURVE('',#1250,#1251,#313,.T.);
#967=EDGE_CURVE('',#1252,#1251,#1428,.T.);
#968=EDGE_CURVE('',#1253,#1252,#314,.T.);
#969=EDGE_CURVE('',#1254,#1253,#1429,.F.);
#970=EDGE_CURVE('',#1255,#1254,#1430,.T.);
#971=EDGE_CURVE('',#1256,#1255,#1431,.F.);
#972=EDGE_CURVE('',#1256,#1257,#315,.T.);
#973=EDGE_CURVE('',#1258,#1257,#1432,.T.);
#974=EDGE_CURVE('',#1259,#1258,#316,.T.);
#975=EDGE_CURVE('',#1260,#1259,#1433,.F.);
#976=EDGE_CURVE('',#1261,#1260,#1434,.T.);
#977=EDGE_CURVE('',#1262,#1261,#1435,.F.);
#978=EDGE_CURVE('',#1262,#1263,#317,.T.);
#979=EDGE_CURVE('',#1264,#1263,#1436,.T.);
#980=EDGE_CURVE('',#1265,#1264,#318,.T.);
#981=EDGE_CURVE('',#1266,#1265,#1437,.F.);
#982=EDGE_CURVE('',#1267,#1266,#1438,.T.);
#983=EDGE_CURVE('',#1268,#1267,#1439,.F.);
#984=EDGE_CURVE('',#1268,#1269,#319,.T.);
#985=EDGE_CURVE('',#1270,#1269,#1440,.T.);
#986=EDGE_CURVE('',#1271,#1270,#320,.T.);
#987=EDGE_CURVE('',#1272,#1271,#1441,.F.);
#988=EDGE_CURVE('',#1273,#1272,#1442,.T.);
#989=EDGE_CURVE('',#1274,#1273,#1443,.F.);
#990=EDGE_CURVE('',#1274,#1275,#321,.T.);
#991=EDGE_CURVE('',#1276,#1275,#1444,.T.);
#992=EDGE_CURVE('',#1277,#1276,#322,.T.);
#993=EDGE_CURVE('',#1278,#1277,#1445,.F.);
#994=EDGE_CURVE('',#1279,#1278,#1446,.T.);
#995=EDGE_CURVE('',#1280,#1279,#1447,.F.);
#996=EDGE_CURVE('',#1280,#1281,#323,.T.);
#997=EDGE_CURVE('',#1282,#1281,#1448,.T.);
#998=EDGE_CURVE('',#1283,#1282,#324,.T.);
#999=EDGE_CURVE('',#1284,#1283,#1449,.F.);
#1000=EDGE_CURVE('',#1285,#1284,#1450,.T.);
#1001=EDGE_CURVE('',#1286,#1285,#1451,.F.);
#1002=EDGE_CURVE('',#1286,#1287,#325,.T.);
#1003=EDGE_CURVE('',#1288,#1287,#1452,.T.);
#1004=EDGE_CURVE('',#1289,#1288,#326,.T.);
#1005=EDGE_CURVE('',#1290,#1289,#1453,.F.);
#1006=EDGE_CURVE('',#1291,#1290,#1454,.T.);
#1007=EDGE_CURVE('',#1292,#1291,#1455,.F.);
#1008=EDGE_CURVE('',#1292,#1293,#327,.T.);
#1009=EDGE_CURVE('',#1294,#1293,#1456,.T.);
#1010=EDGE_CURVE('',#1295,#1294,#328,.T.);
#1011=EDGE_CURVE('',#1296,#1295,#1457,.F.);
#1012=EDGE_CURVE('',#1297,#1296,#1458,.T.);
#1013=EDGE_CURVE('',#1298,#1297,#1459,.F.);
#1014=EDGE_CURVE('',#1298,#1299,#329,.T.);
#1015=EDGE_CURVE('',#1300,#1299,#1460,.T.);
#1016=EDGE_CURVE('',#1301,#1300,#330,.T.);
#1017=EDGE_CURVE('',#1302,#1301,#1461,.F.);
#1018=EDGE_CURVE('',#1214,#1302,#1462,.T.);
#1019=EDGE_CURVE('',#1303,#1304,#1463,.F.);
#1020=EDGE_CURVE('',#1303,#1305,#105,.T.);
#1021=EDGE_CURVE('',#1306,#1305,#1464,.F.);
#1022=EDGE_CURVE('',#1304,#1306,#106,.T.);
#1023=EDGE_CURVE('',#1307,#1215,#107,.T.);
#1024=EDGE_CURVE('',#1308,#1307,#1465,.T.);
#1025=EDGE_CURVE('',#1308,#1216,#108,.T.);
#1026=EDGE_CURVE('',#1309,#1221,#109,.T.);
#1027=EDGE_CURVE('',#1310,#1309,#1466,.T.);
#1028=EDGE_CURVE('',#1310,#1222,#110,.T.);
#1029=EDGE_CURVE('',#1311,#1233,#111,.T.);
#1030=EDGE_CURVE('',#1312,#1311,#1467,.T.);
#1031=EDGE_CURVE('',#1312,#1234,#112,.T.);
#1032=EDGE_CURVE('',#1313,#1314,#1468,.T.);
#1033=EDGE_CURVE('',#1313,#1228,#113,.T.);
#1034=EDGE_CURVE('',#1314,#1227,#114,.T.);
#1035=EDGE_CURVE('',#1315,#1293,#115,.T.);
#1036=EDGE_CURVE('',#1316,#1315,#1469,.T.);
#1037=EDGE_CURVE('',#1316,#1294,#116,.T.);
#1038=EDGE_CURVE('',#1317,#1318,#1470,.T.);
#1039=EDGE_CURVE('',#1317,#1300,#117,.T.);
#1040=EDGE_CURVE('',#1318,#1299,#118,.T.);
#1041=EDGE_CURVE('',#1319,#1320,#1471,.T.);
#1042=EDGE_CURVE('',#1319,#1288,#119,.T.);
#1043=EDGE_CURVE('',#1320,#1287,#120,.T.);
#1044=EDGE_CURVE('',#1321,#1322,#1472,.T.);
#1045=EDGE_CURVE('',#1321,#1282,#121,.T.);
#1046=EDGE_CURVE('',#1322,#1281,#122,.T.);
#1047=EDGE_CURVE('',#1323,#1251,#123,.T.);
#1048=EDGE_CURVE('',#1324,#1323,#1473,.T.);
#1049=EDGE_CURVE('',#1324,#1252,#124,.T.);
#1050=EDGE_CURVE('',#1325,#1326,#1474,.T.);
#1051=EDGE_CURVE('',#1325,#1246,#125,.T.);
#1052=EDGE_CURVE('',#1326,#1245,#126,.T.);
#1053=EDGE_CURVE('',#1327,#1257,#127,.T.);
#1054=EDGE_CURVE('',#1328,#1327,#1475,.T.);
#1055=EDGE_CURVE('',#1328,#1258,#128,.T.);
#1056=EDGE_CURVE('',#1329,#1263,#129,.T.);
#1057=EDGE_CURVE('',#1330,#1329,#1476,.T.);
#1058=EDGE_CURVE('',#1330,#1264,#130,.T.);
#1059=EDGE_CURVE('',#1331,#1332,#1477,.T.);
#1060=EDGE_CURVE('',#1331,#1276,#131,.T.);
#1061=EDGE_CURVE('',#1332,#1275,#132,.T.);
#1062=EDGE_CURVE('',#1333,#1334,#1478,.T.);
#1063=EDGE_CURVE('',#1333,#1270,#133,.T.);
#1064=EDGE_CURVE('',#1334,#1269,#134,.T.);
#1065=EDGE_CURVE('',#1335,#1335,#1479,.T.);
#1066=EDGE_CURVE('',#1336,#1337,#1480,.T.);
#1067=EDGE_CURVE('',#1336,#1317,#331,.T.);
#1068=EDGE_CURVE('',#1338,#1318,#332,.T.);
#1069=EDGE_CURVE('',#1339,#1338,#1481,.T.);
#1070=EDGE_CURVE('',#1339,#1340,#1482,.T.);
#1071=EDGE_CURVE('',#1341,#1340,#1483,.T.);
#1072=EDGE_CURVE('',#1341,#1316,#333,.T.);
#1073=EDGE_CURVE('',#1342,#1315,#334,.T.);
#1074=EDGE_CURVE('',#1343,#1342,#1484,.T.);
#1075=EDGE_CURVE('',#1343,#1344,#1485,.T.);
#1076=EDGE_CURVE('',#1345,#1344,#1486,.T.);
#1077=EDGE_CURVE('',#1345,#1319,#335,.T.);
#1078=EDGE_CURVE('',#1346,#1320,#336,.T.);
#1079=EDGE_CURVE('',#1347,#1346,#1487,.T.);
#1080=EDGE_CURVE('',#1347,#1348,#1488,.T.);
#1081=EDGE_CURVE('',#1349,#1348,#1489,.T.);
#1082=EDGE_CURVE('',#1349,#1321,#337,.T.);
#1083=EDGE_CURVE('',#1350,#1322,#338,.T.);
#1084=EDGE_CURVE('',#1351,#1350,#1490,.T.);
#1085=EDGE_CURVE('',#1351,#1352,#1491,.T.);
#1086=EDGE_CURVE('',#1353,#1352,#1492,.T.);
#1087=EDGE_CURVE('',#1353,#1331,#339,.T.);
#1088=EDGE_CURVE('',#1354,#1332,#340,.T.);
#1089=EDGE_CURVE('',#1355,#1354,#1493,.T.);
#1090=EDGE_CURVE('',#1355,#1356,#1494,.T.);
#1091=EDGE_CURVE('',#1357,#1356,#1495,.T.);
#1092=EDGE_CURVE('',#1357,#1333,#341,.T.);
#1093=EDGE_CURVE('',#1358,#1334,#342,.T.);
#1094=EDGE_CURVE('',#1359,#1358,#1496,.T.);
#1095=EDGE_CURVE('',#1359,#1360,#1497,.T.);
#1096=EDGE_CURVE('',#1361,#1360,#1498,.T.);
#1097=EDGE_CURVE('',#1361,#1330,#343,.T.);
#1098=EDGE_CURVE('',#1362,#1329,#344,.T.);
#1099=EDGE_CURVE('',#1363,#1362,#1499,.T.);
#1100=EDGE_CURVE('',#1363,#1364,#1500,.T.);
#1101=EDGE_CURVE('',#1365,#1364,#1501,.T.);
#1102=EDGE_CURVE('',#1365,#1328,#345,.T.);
#1103=EDGE_CURVE('',#1366,#1327,#346,.T.);
#1104=EDGE_CURVE('',#1367,#1366,#1502,.T.);
#1105=EDGE_CURVE('',#1367,#1368,#1503,.T.);
#1106=EDGE_CURVE('',#1369,#1368,#1504,.T.);
#1107=EDGE_CURVE('',#1369,#1324,#347,.T.);
#1108=EDGE_CURVE('',#1370,#1323,#348,.T.);
#1109=EDGE_CURVE('',#1371,#1370,#1505,.T.);
#1110=EDGE_CURVE('',#1371,#1372,#1506,.T.);
#1111=EDGE_CURVE('',#1373,#1372,#1507,.T.);
#1112=EDGE_CURVE('',#1373,#1325,#349,.T.);
#1113=EDGE_CURVE('',#1374,#1326,#350,.T.);
#1114=EDGE_CURVE('',#1375,#1374,#1508,.T.);
#1115=EDGE_CURVE('',#1375,#1376,#1509,.T.);
#1116=EDGE_CURVE('',#1377,#1376,#1510,.T.);
#1117=EDGE_CURVE('',#1377,#1378,#351,.T.);
#1118=EDGE_CURVE('',#1378,#1379,#1511,.T.);
#1119=EDGE_CURVE('',#1380,#1379,#352,.T.);
#1120=EDGE_CURVE('',#1381,#1380,#1512,.T.);
#1121=EDGE_CURVE('',#1381,#1382,#1513,.T.);
#1122=EDGE_CURVE('',#1383,#1382,#1514,.T.);
#1123=EDGE_CURVE('',#1383,#1312,#353,.T.);
#1124=EDGE_CURVE('',#1384,#1311,#354,.T.);
#1125=EDGE_CURVE('',#1385,#1384,#1515,.T.);
#1126=EDGE_CURVE('',#1385,#1386,#1516,.T.);
#1127=EDGE_CURVE('',#1387,#1386,#1517,.T.);
#1128=EDGE_CURVE('',#1387,#1313,#355,.T.);
#1129=EDGE_CURVE('',#1388,#1314,#356,.T.);
#1130=EDGE_CURVE('',#1389,#1388,#1518,.T.);
#1131=EDGE_CURVE('',#1389,#1390,#1519,.T.);
#1132=EDGE_CURVE('',#1391,#1390,#1520,.T.);
#1133=EDGE_CURVE('',#1391,#1310,#357,.T.);
#1134=EDGE_CURVE('',#1392,#1309,#358,.T.);
#1135=EDGE_CURVE('',#1393,#1392,#1521,.T.);
#1136=EDGE_CURVE('',#1393,#1394,#1522,.T.);
#1137=EDGE_CURVE('',#1395,#1394,#1523,.T.);
#1138=EDGE_CURVE('',#1395,#1308,#359,.T.);
#1139=EDGE_CURVE('',#1396,#1307,#360,.T.);
#1140=EDGE_CURVE('',#1397,#1396,#1524,.T.);
#1141=EDGE_CURVE('',#1397,#1337,#1525,.T.);
#1142=EDGE_CURVE('',#1378,#1240,#135,.T.);
#1143=EDGE_CURVE('',#1379,#1239,#136,.T.);
#1144=EDGE_CURVE('',#1380,#1238,#137,.T.);
#1145=EDGE_CURVE('',#1235,#1383,#138,.F.);
#1146=EDGE_CURVE('',#1382,#1236,#139,.T.);
#1147=EDGE_CURVE('',#1237,#1381,#140,.F.);
#1148=EDGE_CURVE('',#1358,#1268,#141,.T.);
#1149=EDGE_CURVE('',#1265,#1361,#142,.F.);
#1150=EDGE_CURVE('',#1360,#1266,#143,.T.);
#1151=EDGE_CURVE('',#1267,#1359,#144,.F.);
#1152=EDGE_CURVE('',#1354,#1274,#145,.T.);
#1153=EDGE_CURVE('',#1271,#1357,#146,.F.);
#1154=EDGE_CURVE('',#1356,#1272,#147,.T.);
#1155=EDGE_CURVE('',#1273,#1355,#148,.F.);
#1156=EDGE_CURVE('',#1362,#1262,#149,.T.);
#1157=EDGE_CURVE('',#1259,#1365,#150,.F.);
#1158=EDGE_CURVE('',#1364,#1260,#151,.T.);
#1159=EDGE_CURVE('',#1261,#1363,#152,.F.);
#1160=EDGE_CURVE('',#1366,#1256,#153,.T.);
#1161=EDGE_CURVE('',#1253,#1369,#154,.F.);
#1162=EDGE_CURVE('',#1368,#1254,#155,.T.);
#1163=EDGE_CURVE('',#1255,#1367,#156,.F.);
#1164=EDGE_CURVE('',#1374,#1244,#157,.T.);
#1165=EDGE_CURVE('',#1241,#1377,#158,.F.);
#1166=EDGE_CURVE('',#1376,#1242,#159,.T.);
#1167=EDGE_CURVE('',#1243,#1375,#160,.F.);
#1168=EDGE_CURVE('',#1370,#1250,#161,.T.);
#1169=EDGE_CURVE('',#1247,#1373,#162,.F.);
#1170=EDGE_CURVE('',#1372,#1248,#163,.T.);
#1171=EDGE_CURVE('',#1249,#1371,#164,.F.);
#1172=EDGE_CURVE('',#1350,#1280,#165,.T.);
#1173=EDGE_CURVE('',#1277,#1353,#166,.F.);
#1174=EDGE_CURVE('',#1352,#1278,#167,.T.);
#1175=EDGE_CURVE('',#1279,#1351,#168,.F.);
#1176=EDGE_CURVE('',#1346,#1286,#169,.T.);
#1177=EDGE_CURVE('',#1283,#1349,#170,.F.);
#1178=EDGE_CURVE('',#1348,#1284,#171,.T.);
#1179=EDGE_CURVE('',#1285,#1347,#172,.F.);
#1180=EDGE_CURVE('',#1338,#1298,#173,.T.);
#1181=EDGE_CURVE('',#1295,#1341,#174,.F.);
#1182=EDGE_CURVE('',#1340,#1296,#175,.T.);
#1183=EDGE_CURVE('',#1297,#1339,#176,.F.);
#1184=EDGE_CURVE('',#1342,#1292,#177,.T.);
#1185=EDGE_CURVE('',#1289,#1345,#178,.F.);
#1186=EDGE_CURVE('',#1344,#1290,#179,.T.);
#1187=EDGE_CURVE('',#1291,#1343,#180,.F.);
#1188=EDGE_CURVE('',#1388,#1226,#181,.T.);
#1189=EDGE_CURVE('',#1223,#1391,#182,.F.);
#1190=EDGE_CURVE('',#1390,#1224,#183,.T.);
#1191=EDGE_CURVE('',#1225,#1389,#184,.F.);
#1192=EDGE_CURVE('',#1384,#1232,#185,.T.);
#1193=EDGE_CURVE('',#1229,#1387,#186,.F.);
#1194=EDGE_CURVE('',#1386,#1230,#187,.T.);
#1195=EDGE_CURVE('',#1231,#1385,#188,.F.);
#1196=EDGE_CURVE('',#1392,#1220,#189,.T.);
#1197=EDGE_CURVE('',#1217,#1395,#190,.F.);
#1198=EDGE_CURVE('',#1394,#1218,#191,.T.);
#1199=EDGE_CURVE('',#1219,#1393,#192,.F.);
#1200=EDGE_CURVE('',#1396,#1213,#193,.T.);
#1201=EDGE_CURVE('',#1301,#1336,#194,.F.);
#1202=EDGE_CURVE('',#1337,#1302,#195,.T.);
#1203=EDGE_CURVE('',#1214,#1397,#196,.F.);
#1204=EDGE_CURVE('',#1398,#1399,#1526,.T.);
#1205=EDGE_CURVE('',#1303,#1398,#197,.T.);
#1206=EDGE_CURVE('',#1304,#1399,#198,.T.);
#1207=EDGE_CURVE('',#1398,#1400,#199,.T.);
#1208=EDGE_CURVE('',#1305,#1400,#200,.T.);
#1209=EDGE_CURVE('',#1401,#1400,#1527,.T.);
#1210=EDGE_CURVE('',#1306,#1401,#201,.T.);
#1211=EDGE_CURVE('',#1399,#1401,#202,.T.);
#1212=EDGE_CURVE('',#1402,#1402,#1528,.T.);
#1213=VERTEX_POINT('',#2534);
#1214=VERTEX_POINT('',#2535);
#1215=VERTEX_POINT('',#2573);
#1216=VERTEX_POINT('',#2575);
#1217=VERTEX_POINT('',#2613);
#1218=VERTEX_POINT('',#2615);
#1219=VERTEX_POINT('',#2617);
#1220=VERTEX_POINT('',#2619);
#1221=VERTEX_POINT('',#2657);
#1222=VERTEX_POINT('',#2659);
#1223=VERTEX_POINT('',#2697);
#1224=VERTEX_POINT('',#2699);
#1225=VERTEX_POINT('',#2701);
#1226=VERTEX_POINT('',#2703);
#1227=VERTEX_POINT('',#2741);
#1228=VERTEX_POINT('',#2743);
#1229=VERTEX_POINT('',#2781);
#1230=VERTEX_POINT('',#2783);
#1231=VERTEX_POINT('',#2785);
#1232=VERTEX_POINT('',#2787);
#1233=VERTEX_POINT('',#2825);
#1234=VERTEX_POINT('',#2827);
#1235=VERTEX_POINT('',#2865);
#1236=VERTEX_POINT('',#2867);
#1237=VERTEX_POINT('',#2869);
#1238=VERTEX_POINT('',#2871);
#1239=VERTEX_POINT('',#2909);
#1240=VERTEX_POINT('',#2911);
#1241=VERTEX_POINT('',#2949);
#1242=VERTEX_POINT('',#2951);
#1243=VERTEX_POINT('',#2953);
#1244=VERTEX_POINT('',#2955);
#1245=VERTEX_POINT('',#2993);
#1246=VERTEX_POINT('',#2995);
#1247=VERTEX_POINT('',#3033);
#1248=VERTEX_POINT('',#3035);
#1249=VERTEX_POINT('',#3037);
#1250=VERTEX_POINT('',#3039);
#1251=VERTEX_POINT('',#3077);
#1252=VERTEX_POINT('',#3079);
#1253=VERTEX_POINT('',#3117);
#1254=VERTEX_POINT('',#3119);
#1255=VERTEX_POINT('',#3121);
#1256=VERTEX_POINT('',#3123);
#1257=VERTEX_POINT('',#3161);
#1258=VERTEX_POINT('',#3163);
#1259=VERTEX_POINT('',#3201);
#1260=VERTEX_POINT('',#3203);
#1261=VERTEX_POINT('',#3205);
#1262=VERTEX_POINT('',#3207);
#1263=VERTEX_POINT('',#3245);
#1264=VERTEX_POINT('',#3247);
#1265=VERTEX_POINT('',#3285);
#1266=VERTEX_POINT('',#3287);
#1267=VERTEX_POINT('',#3289);
#1268=VERTEX_POINT('',#3291);
#1269=VERTEX_POINT('',#3329);
#1270=VERTEX_POINT('',#3331);
#1271=VERTEX_POINT('',#3369);
#1272=VERTEX_POINT('',#3371);
#1273=VERTEX_POINT('',#3373);
#1274=VERTEX_POINT('',#3375);
#1275=VERTEX_POINT('',#3413);
#1276=VERTEX_POINT('',#3415);
#1277=VERTEX_POINT('',#3453);
#1278=VERTEX_POINT('',#3455);
#1279=VERTEX_POINT('',#3457);
#1280=VERTEX_POINT('',#3459);
#1281=VERTEX_POINT('',#3497);
#1282=VERTEX_POINT('',#3499);
#1283=VERTEX_POINT('',#3537);
#1284=VERTEX_POINT('',#3539);
#1285=VERTEX_POINT('',#3541);
#1286=VERTEX_POINT('',#3543);
#1287=VERTEX_POINT('',#3581);
#1288=VERTEX_POINT('',#3583);
#1289=VERTEX_POINT('',#3621);
#1290=VERTEX_POINT('',#3623);
#1291=VERTEX_POINT('',#3625);
#1292=VERTEX_POINT('',#3627);
#1293=VERTEX_POINT('',#3665);
#1294=VERTEX_POINT('',#3667);
#1295=VERTEX_POINT('',#3705);
#1296=VERTEX_POINT('',#3707);
#1297=VERTEX_POINT('',#3709);
#1298=VERTEX_POINT('',#3711);
#1299=VERTEX_POINT('',#3749);
#1300=VERTEX_POINT('',#3751);
#1301=VERTEX_POINT('',#3789);
#1302=VERTEX_POINT('',#3791);
#1303=VERTEX_POINT('',#3794);
#1304=VERTEX_POINT('',#3795);
#1305=VERTEX_POINT('',#3797);
#1306=VERTEX_POINT('',#3799);
#1307=VERTEX_POINT('',#3803);
#1308=VERTEX_POINT('',#3805);
#1309=VERTEX_POINT('',#3809);
#1310=VERTEX_POINT('',#3811);
#1311=VERTEX_POINT('',#3815);
#1312=VERTEX_POINT('',#3817);
#1313=VERTEX_POINT('',#3821);
#1314=VERTEX_POINT('',#3822);
#1315=VERTEX_POINT('',#3827);
#1316=VERTEX_POINT('',#3829);
#1317=VERTEX_POINT('',#3833);
#1318=VERTEX_POINT('',#3834);
#1319=VERTEX_POINT('',#3839);
#1320=VERTEX_POINT('',#3840);
#1321=VERTEX_POINT('',#3845);
#1322=VERTEX_POINT('',#3846);
#1323=VERTEX_POINT('',#3851);
#1324=VERTEX_POINT('',#3853);
#1325=VERTEX_POINT('',#3857);
#1326=VERTEX_POINT('',#3858);
#1327=VERTEX_POINT('',#3863);
#1328=VERTEX_POINT('',#3865);
#1329=VERTEX_POINT('',#3869);
#1330=VERTEX_POINT('',#3871);
#1331=VERTEX_POINT('',#3875);
#1332=VERTEX_POINT('',#3876);
#1333=VERTEX_POINT('',#3881);
#1334=VERTEX_POINT('',#3882);
#1335=VERTEX_POINT('',#3887);
#1336=VERTEX_POINT('',#3889);
#1337=VERTEX_POINT('',#3890);
#1338=VERTEX_POINT('',#3965);
#1339=VERTEX_POINT('',#3967);
#1340=VERTEX_POINT('',#3969);
#1341=VERTEX_POINT('',#3971);
#1342=VERTEX_POINT('',#4046);
#1343=VERTEX_POINT('',#4048);
#1344=VERTEX_POINT('',#4050);
#1345=VERTEX_POINT('',#4052);
#1346=VERTEX_POINT('',#4127);
#1347=VERTEX_POINT('',#4129);
#1348=VERTEX_POINT('',#4131);
#1349=VERTEX_POINT('',#4133);
#1350=VERTEX_POINT('',#4208);
#1351=VERTEX_POINT('',#4210);
#1352=VERTEX_POINT('',#4212);
#1353=VERTEX_POINT('',#4214);
#1354=VERTEX_POINT('',#4289);
#1355=VERTEX_POINT('',#4291);
#1356=VERTEX_POINT('',#4293);
#1357=VERTEX_POINT('',#4295);
#1358=VERTEX_POINT('',#4370);
#1359=VERTEX_POINT('',#4372);
#1360=VERTEX_POINT('',#4374);
#1361=VERTEX_POINT('',#4376);
#1362=VERTEX_POINT('',#4451);
#1363=VERTEX_POINT('',#4453);
#1364=VERTEX_POINT('',#4455);
#1365=VERTEX_POINT('',#4457);
#1366=VERTEX_POINT('',#4532);
#1367=VERTEX_POINT('',#4534);
#1368=VERTEX_POINT('',#4536);
#1369=VERTEX_POINT('',#4538);
#1370=VERTEX_POINT('',#4613);
#1371=VERTEX_POINT('',#4615);
#1372=VERTEX_POINT('',#4617);
#1373=VERTEX_POINT('',#4619);
#1374=VERTEX_POINT('',#4694);
#1375=VERTEX_POINT('',#4696);
#1376=VERTEX_POINT('',#4698);
#1377=VERTEX_POINT('',#4700);
#1378=VERTEX_POINT('',#4738);
#1379=VERTEX_POINT('',#4740);
#1380=VERTEX_POINT('',#4778);
#1381=VERTEX_POINT('',#4780);
#1382=VERTEX_POINT('',#4782);
#1383=VERTEX_POINT('',#4784);
#1384=VERTEX_POINT('',#4859);
#1385=VERTEX_POINT('',#4861);
#1386=VERTEX_POINT('',#4863);
#1387=VERTEX_POINT('',#4865);
#1388=VERTEX_POINT('',#4940);
#1389=VERTEX_POINT('',#4942);
#1390=VERTEX_POINT('',#4944);
#1391=VERTEX_POINT('',#4946);
#1392=VERTEX_POINT('',#5021);
#1393=VERTEX_POINT('',#5023);
#1394=VERTEX_POINT('',#5025);
#1395=VERTEX_POINT('',#5027);
#1396=VERTEX_POINT('',#5102);
#1397=VERTEX_POINT('',#5104);
#1398=VERTEX_POINT('',#5996);
#1399=VERTEX_POINT('',#5997);
#1400=VERTEX_POINT('',#6002);
#1401=VERTEX_POINT('',#6006);
#1402=VERTEX_POINT('',#6012);
#1403=CIRCLE('',#1850,0.000615555615745068);
#1404=CIRCLE('',#1851,0.01275);
#1405=CIRCLE('',#1852,0.000615555615745068);
#1406=CIRCLE('',#1853,0.009375);
#1407=CIRCLE('',#1854,0.000615555615745068);
#1408=CIRCLE('',#1855,0.01275);
#1409=CIRCLE('',#1856,0.000615555615745068);
#1410=CIRCLE('',#1857,0.009375);
#1411=CIRCLE('',#1858,0.000615555615745068);
#1412=CIRCLE('',#1859,0.01275);
#1413=CIRCLE('',#1860,0.000615555615745068);
#1414=CIRCLE('',#1861,0.009375);
#1415=CIRCLE('',#1862,0.000615555615745068);
#1416=CIRCLE('',#1863,0.01275);
#1417=CIRCLE('',#1864,0.000615555615745068);
#1418=CIRCLE('',#1865,0.009375);
#1419=CIRCLE('',#1866,0.000615555615745068);
#1420=CIRCLE('',#1867,0.01275);
#1421=CIRCLE('',#1868,0.000615555615745068);
#1422=CIRCLE('',#1869,0.009375);
#1423=CIRCLE('',#1870,0.000615555615745068);
#1424=CIRCLE('',#1871,0.01275);
#1425=CIRCLE('',#1872,0.000615555615745068);
#1426=CIRCLE('',#1873,0.009375);
#1427=CIRCLE('',#1874,0.000615555615745068);
#1428=CIRCLE('',#1875,0.01275);
#1429=CIRCLE('',#1876,0.000615555615745068);
#1430=CIRCLE('',#1877,0.009375);
#1431=CIRCLE('',#1878,0.000615555615745068);
#1432=CIRCLE('',#1879,0.01275);
#1433=CIRCLE('',#1880,0.000615555615745068);
#1434=CIRCLE('',#1881,0.009375);
#1435=CIRCLE('',#1882,0.000615555615745068);
#1436=CIRCLE('',#1883,0.01275);
#1437=CIRCLE('',#1884,0.000615555615745068);
#1438=CIRCLE('',#1885,0.009375);
#1439=CIRCLE('',#1886,0.000615555615745068);
#1440=CIRCLE('',#1887,0.01275);
#1441=CIRCLE('',#1888,0.000615555615745068);
#1442=CIRCLE('',#1889,0.009375);
#1443=CIRCLE('',#1890,0.000615555615745068);
#1444=CIRCLE('',#1891,0.01275);
#1445=CIRCLE('',#1892,0.000615555615745068);
#1446=CIRCLE('',#1893,0.009375);
#1447=CIRCLE('',#1894,0.000615555615745068);
#1448=CIRCLE('',#1895,0.01275);
#1449=CIRCLE('',#1896,0.000615555615745068);
#1450=CIRCLE('',#1897,0.009375);
#1451=CIRCLE('',#1898,0.000615555615745068);
#1452=CIRCLE('',#1899,0.01275);
#1453=CIRCLE('',#1900,0.000615555615745068);
#1454=CIRCLE('',#1901,0.009375);
#1455=CIRCLE('',#1902,0.000615555615745068);
#1456=CIRCLE('',#1903,0.01275);
#1457=CIRCLE('',#1904,0.000615555615745068);
#1458=CIRCLE('',#1905,0.009375);
#1459=CIRCLE('',#1906,0.000615555615745068);
#1460=CIRCLE('',#1907,0.01275);
#1461=CIRCLE('',#1908,0.000615555615745068);
#1462=CIRCLE('',#1909,0.009375);
#1463=CIRCLE('',#1910,0.0027);
#1464=CIRCLE('',#1911,0.0027);
#1465=CIRCLE('',#1913,0.01275);
#1466=CIRCLE('',#1915,0.01275);
#1467=CIRCLE('',#1917,0.01275);
#1468=CIRCLE('',#1919,0.01275);
#1469=CIRCLE('',#1921,0.01275);
#1470=CIRCLE('',#1923,0.01275);
#1471=CIRCLE('',#1925,0.01275);
#1472=CIRCLE('',#1927,0.01275);
#1473=CIRCLE('',#1929,0.01275);
#1474=CIRCLE('',#1931,0.01275);
#1475=CIRCLE('',#1933,0.01275);
#1476=CIRCLE('',#1935,0.01275);
#1477=CIRCLE('',#1937,0.01275);
#1478=CIRCLE('',#1939,0.01275);
#1479=CIRCLE('',#1941,0.006);
#1480=CIRCLE('',#1942,0.000615555615745068);
#1481=CIRCLE('',#1943,0.000615555615745068);
#1482=CIRCLE('',#1944,0.009375);
#1483=CIRCLE('',#1945,0.000615555615745068);
#1484=CIRCLE('',#1946,0.000615555615745068);
#1485=CIRCLE('',#1947,0.009375);
#1486=CIRCLE('',#1948,0.000615555615745068);
#1487=CIRCLE('',#1949,0.000615555615745068);
#1488=CIRCLE('',#1950,0.009375);
#1489=CIRCLE('',#1951,0.000615555615745068);
#1490=CIRCLE('',#1952,0.000615555615745068);
#1491=CIRCLE('',#1953,0.009375);
#1492=CIRCLE('',#1954,0.000615555615745068);
#1493=CIRCLE('',#1955,0.000615555615745068);
#1494=CIRCLE('',#1956,0.009375);
#1495=CIRCLE('',#1957,0.000615555615745068);
#1496=CIRCLE('',#1958,0.000615555615745068);
#1497=CIRCLE('',#1959,0.009375);
#1498=CIRCLE('',#1960,0.000615555615745068);
#1499=CIRCLE('',#1961,0.000615555615745068);
#1500=CIRCLE('',#1962,0.009375);
#1501=CIRCLE('',#1963,0.000615555615745068);
#1502=CIRCLE('',#1964,0.000615555615745068);
#1503=CIRCLE('',#1965,0.009375);
#1504=CIRCLE('',#1966,0.000615555615745068);
#1505=CIRCLE('',#1967,0.000615555615745068);
#1506=CIRCLE('',#1968,0.009375);
#1507=CIRCLE('',#1969,0.000615555615745068);
#1508=CIRCLE('',#1970,0.000615555615745068);
#1509=CIRCLE('',#1971,0.009375);
#1510=CIRCLE('',#1972,0.000615555615745068);
#1511=CIRCLE('',#1973,0.01275);
#1512=CIRCLE('',#1974,0.000615555615745068);
#1513=CIRCLE('',#1975,0.009375);
#1514=CIRCLE('',#1976,0.000615555615745068);
#1515=CIRCLE('',#1977,0.000615555615745068);
#1516=CIRCLE('',#1978,0.009375);
#1517=CIRCLE('',#1979,0.000615555615745068);
#1518=CIRCLE('',#1980,0.000615555615745068);
#1519=CIRCLE('',#1981,0.009375);
#1520=CIRCLE('',#1982,0.000615555615745068);
#1521=CIRCLE('',#1983,0.000615555615745068);
#1522=CIRCLE('',#1984,0.009375);
#1523=CIRCLE('',#1985,0.000615555615745068);
#1524=CIRCLE('',#1986,0.000615555615745068);
#1525=CIRCLE('',#1987,0.009375);
#1526=CIRCLE('',#2035,0.0027);
#1527=CIRCLE('',#2038,0.0027);
#1528=CIRCLE('',#2041,0.006);
#1529=EDGE_LOOP('',(#361,#362,#363,#364,#365,#366,#367,#368,#369,#370,#371,
#372,#373,#374,#375,#376,#377,#378,#379,#380,#381,#382,#383,#384,#385,#386,
#387,#388,#389,#390,#391,#392,#393,#394,#395,#396,#397,#398,#399,#400,#401,
#402,#403,#404,#405,#406,#407,#408,#409,#410,#411,#412,#413,#414,#415,#416,
#417,#418,#419,#420,#421,#422,#423,#424,#425,#426,#427,#428,#429,#430,#431,
#432,#433,#434,#435,#436,#437,#438,#439,#440,#441,#442,#443,#444,#445,#446,
#447,#448,#449,#450));
#1530=EDGE_LOOP('',(#451,#452,#453,#454));
#1531=EDGE_LOOP('',(#455,#456,#457,#458));
#1532=EDGE_LOOP('',(#459,#460,#461,#462));
#1533=EDGE_LOOP('',(#463,#464,#465,#466));
#1534=EDGE_LOOP('',(#467,#468,#469,#470));
#1535=EDGE_LOOP('',(#471,#472,#473,#474));
#1536=EDGE_LOOP('',(#475,#476,#477,#478));
#1537=EDGE_LOOP('',(#479,#480,#481,#482));
#1538=EDGE_LOOP('',(#483,#484,#485,#486));
#1539=EDGE_LOOP('',(#487,#488,#489,#490));
#1540=EDGE_LOOP('',(#491,#492,#493,#494));
#1541=EDGE_LOOP('',(#495,#496,#497,#498));
#1542=EDGE_LOOP('',(#499,#500,#501,#502));
#1543=EDGE_LOOP('',(#503,#504,#505,#506));
#1544=EDGE_LOOP('',(#507,#508,#509,#510));
#1545=EDGE_LOOP('',(#511));
#1546=EDGE_LOOP('',(#512,#513,#514,#515,#516,#517,#518,#519,#520,#521,#522,
#523,#524,#525,#526,#527,#528,#529,#530,#531,#532,#533,#534,#535,#536,#537,
#538,#539,#540,#541,#542,#543,#544,#545,#546,#547,#548,#549,#550,#551,#552,
#553,#554,#555,#556,#557,#558,#559,#560,#561,#562,#563,#564,#565,#566,#567,
#568,#569,#570,#571,#572,#573,#574,#575,#576,#577,#578,#579,#580,#581,#582,
#583,#584,#585,#586,#587,#588,#589,#590,#591,#592,#593,#594,#595,#596,#597,
#598,#599,#600,#601));
#1547=EDGE_LOOP('',(#602,#603,#604,#605));
#1548=EDGE_LOOP('',(#606,#607,#608,#609));
#1549=EDGE_LOOP('',(#610,#611,#612,#613));
#1550=EDGE_LOOP('',(#614,#615,#616,#617));
#1551=EDGE_LOOP('',(#618,#619,#620,#621));
#1552=EDGE_LOOP('',(#622,#623,#624,#625));
#1553=EDGE_LOOP('',(#626,#627,#628,#629));
#1554=EDGE_LOOP('',(#630,#631,#632,#633));
#1555=EDGE_LOOP('',(#634,#635,#636,#637));
#1556=EDGE_LOOP('',(#638,#639,#640,#641));
#1557=EDGE_LOOP('',(#642,#643,#644,#645));
#1558=EDGE_LOOP('',(#646,#647,#648,#649));
#1559=EDGE_LOOP('',(#650,#651,#652,#653));
#1560=EDGE_LOOP('',(#654,#655,#656,#657));
#1561=EDGE_LOOP('',(#658,#659,#660,#661));
#1562=EDGE_LOOP('',(#662,#663,#664,#665));
#1563=EDGE_LOOP('',(#666,#667,#668,#669));
#1564=EDGE_LOOP('',(#670,#671,#672,#673));
#1565=EDGE_LOOP('',(#674,#675,#676,#677));
#1566=EDGE_LOOP('',(#678,#679,#680,#681));
#1567=EDGE_LOOP('',(#682,#683,#684,#685));
#1568=EDGE_LOOP('',(#686,#687,#688,#689));
#1569=EDGE_LOOP('',(#690,#691,#692,#693));
#1570=EDGE_LOOP('',(#694,#695,#696,#697));
#1571=EDGE_LOOP('',(#698,#699,#700,#701));
#1572=EDGE_LOOP('',(#702,#703,#704,#705));
#1573=EDGE_LOOP('',(#706,#707,#708,#709));
#1574=EDGE_LOOP('',(#710,#711,#712,#713));
#1575=EDGE_LOOP('',(#714,#715,#716,#717));
#1576=EDGE_LOOP('',(#718,#719,#720,#721));
#1577=EDGE_LOOP('',(#722,#723,#724,#725));
#1578=EDGE_LOOP('',(#726,#727,#728,#729));
#1579=EDGE_LOOP('',(#730,#731,#732,#733));
#1580=EDGE_LOOP('',(#734,#735,#736,#737));
#1581=EDGE_LOOP('',(#738,#739,#740,#741));
#1582=EDGE_LOOP('',(#742,#743,#744,#745));
#1583=EDGE_LOOP('',(#746,#747,#748,#749));
#1584=EDGE_LOOP('',(#750,#751,#752,#753));
#1585=EDGE_LOOP('',(#754,#755,#756,#757));
#1586=EDGE_LOOP('',(#758,#759,#760,#761));
#1587=EDGE_LOOP('',(#762,#763,#764,#765));
#1588=EDGE_LOOP('',(#766,#767,#768,#769));
#1589=EDGE_LOOP('',(#770,#771,#772,#773));
#1590=EDGE_LOOP('',(#774,#775,#776,#777));
#1591=EDGE_LOOP('',(#778,#779,#780,#781));
#1592=EDGE_LOOP('',(#782,#783,#784,#785));
#1593=EDGE_LOOP('',(#786,#787,#788,#789));
#1594=EDGE_LOOP('',(#790,#791,#792,#793));
#1595=EDGE_LOOP('',(#794,#795,#796,#797));
#1596=EDGE_LOOP('',(#798,#799,#800,#801));
#1597=EDGE_LOOP('',(#802,#803,#804,#805));
#1598=EDGE_LOOP('',(#806,#807,#808,#809));
#1599=EDGE_LOOP('',(#810,#811,#812,#813));
#1600=EDGE_LOOP('',(#814,#815,#816,#817));
#1601=EDGE_LOOP('',(#818,#819,#820,#821));
#1602=EDGE_LOOP('',(#822,#823,#824,#825));
#1603=EDGE_LOOP('',(#826,#827,#828,#829));
#1604=EDGE_LOOP('',(#830,#831,#832,#833));
#1605=EDGE_LOOP('',(#834,#835,#836,#837));
#1606=EDGE_LOOP('',(#838,#839,#840,#841));
#1607=EDGE_LOOP('',(#842,#843,#844,#845));
#1608=EDGE_LOOP('',(#846,#847,#848,#849));
#1609=EDGE_LOOP('',(#850,#851,#852,#853));
#1610=EDGE_LOOP('',(#854,#855,#856,#857));
#1611=EDGE_LOOP('',(#858,#859,#860,#861));
#1612=EDGE_LOOP('',(#862,#863,#864,#865));
#1613=EDGE_LOOP('',(#866,#867,#868,#869));
#1614=EDGE_LOOP('',(#870,#871,#872,#873));
#1615=EDGE_LOOP('',(#874,#875,#876,#877));
#1616=EDGE_LOOP('',(#878,#879,#880,#881));
#1617=EDGE_LOOP('',(#882,#883,#884,#885));
#1618=EDGE_LOOP('',(#886,#887,#888,#889));
#1619=EDGE_LOOP('',(#890,#891,#892,#893));
#1620=EDGE_LOOP('',(#894,#895,#896,#897));
#1621=EDGE_LOOP('',(#898,#899,#900,#901));
#1622=EDGE_LOOP('',(#902,#903,#904,#905));
#1623=EDGE_LOOP('',(#906,#907,#908,#909));
#1624=EDGE_LOOP('',(#910,#911,#912,#913));
#1625=EDGE_LOOP('',(#914,#915,#916,#917));
#1626=EDGE_LOOP('',(#918,#919,#920,#921));
#1627=EDGE_LOOP('',(#922));
#1628=EDGE_LOOP('',(#923));
#1629=EDGE_LOOP('',(#924,#925,#926,#927));
#1630=EDGE_LOOP('',(#928));
#1631=FACE_BOUND('',#1529,.T.);
#1632=FACE_BOUND('',#1530,.T.);
#1633=FACE_BOUND('',#1531,.T.);
#1634=FACE_BOUND('',#1532,.T.);
#1635=FACE_BOUND('',#1533,.T.);
#1636=FACE_BOUND('',#1534,.T.);
#1637=FACE_BOUND('',#1535,.T.);
#1638=FACE_BOUND('',#1536,.T.);
#1639=FACE_BOUND('',#1537,.T.);
#1640=FACE_BOUND('',#1538,.T.);
#1641=FACE_BOUND('',#1539,.T.);
#1642=FACE_BOUND('',#1540,.T.);
#1643=FACE_BOUND('',#1541,.T.);
#1644=FACE_BOUND('',#1542,.T.);
#1645=FACE_BOUND('',#1543,.T.);
#1646=FACE_BOUND('',#1544,.T.);
#1647=FACE_BOUND('',#1545,.T.);
#1648=FACE_BOUND('',#1546,.T.);
#1649=FACE_BOUND('',#1547,.T.);
#1650=FACE_BOUND('',#1548,.T.);
#1651=FACE_BOUND('',#1549,.T.);
#1652=FACE_BOUND('',#1550,.T.);
#1653=FACE_BOUND('',#1551,.T.);
#1654=FACE_BOUND('',#1552,.T.);
#1655=FACE_BOUND('',#1553,.T.);
#1656=FACE_BOUND('',#1554,.T.);
#1657=FACE_BOUND('',#1555,.T.);
#1658=FACE_BOUND('',#1556,.T.);
#1659=FACE_BOUND('',#1557,.T.);
#1660=FACE_BOUND('',#1558,.T.);
#1661=FACE_BOUND('',#1559,.T.);
#1662=FACE_BOUND('',#1560,.T.);
#1663=FACE_BOUND('',#1561,.T.);
#1664=FACE_BOUND('',#1562,.T.);
#1665=FACE_BOUND('',#1563,.T.);
#1666=FACE_BOUND('',#1564,.T.);
#1667=FACE_BOUND('',#1565,.T.);
#1668=FACE_BOUND('',#1566,.T.);
#1669=FACE_BOUND('',#1567,.T.);
#1670=FACE_BOUND('',#1568,.T.);
#1671=FACE_BOUND('',#1569,.T.);
#1672=FACE_BOUND('',#1570,.T.);
#1673=FACE_BOUND('',#1571,.T.);
#1674=FACE_BOUND('',#1572,.T.);
#1675=FACE_BOUND('',#1573,.T.);
#1676=FACE_BOUND('',#1574,.T.);
#1677=FACE_BOUND('',#1575,.T.);
#1678=FACE_BOUND('',#1576,.T.);
#1679=FACE_BOUND('',#1577,.T.);
#1680=FACE_BOUND('',#1578,.T.);
#1681=FACE_BOUND('',#1579,.T.);
#1682=FACE_BOUND('',#1580,.T.);
#1683=FACE_BOUND('',#1581,.T.);
#1684=FACE_BOUND('',#1582,.T.);
#1685=FACE_BOUND('',#1583,.T.);
#1686=FACE_BOUND('',#1584,.T.);
#1687=FACE_BOUND('',#1585,.T.);
#1688=FACE_BOUND('',#1586,.T.);
#1689=FACE_BOUND('',#1587,.T.);
#1690=FACE_BOUND('',#1588,.T.);
#1691=FACE_BOUND('',#1589,.T.);
#1692=FACE_BOUND('',#1590,.T.);
#1693=FACE_BOUND('',#1591,.T.);
#1694=FACE_BOUND('',#1592,.T.);
#1695=FACE_BOUND('',#1593,.T.);
#1696=FACE_BOUND('',#1594,.T.);
#1697=FACE_BOUND('',#1595,.T.);
#1698=FACE_BOUND('',#1596,.T.);
#1699=FACE_BOUND('',#1597,.T.);
#1700=FACE_BOUND('',#1598,.T.);
#1701=FACE_BOUND('',#1599,.T.);
#1702=FACE_BOUND('',#1600,.T.);
#1703=FACE_BOUND('',#1601,.T.);
#1704=FACE_BOUND('',#1602,.T.);
#1705=FACE_BOUND('',#1603,.T.);
#1706=FACE_BOUND('',#1604,.T.);
#1707=FACE_BOUND('',#1605,.T.);
#1708=FACE_BOUND('',#1606,.T.);
#1709=FACE_BOUND('',#1607,.T.);
#1710=FACE_BOUND('',#1608,.T.);
#1711=FACE_BOUND('',#1609,.T.);
#1712=FACE_BOUND('',#1610,.T.);
#1713=FACE_BOUND('',#1611,.T.);
#1714=FACE_BOUND('',#1612,.T.);
#1715=FACE_BOUND('',#1613,.T.);
#1716=FACE_BOUND('',#1614,.T.);
#1717=FACE_BOUND('',#1615,.T.);
#1718=FACE_BOUND('',#1616,.T.);
#1719=FACE_BOUND('',#1617,.T.);
#1720=FACE_BOUND('',#1618,.T.);
#1721=FACE_BOUND('',#1619,.T.);
#1722=FACE_BOUND('',#1620,.T.);
#1723=FACE_BOUND('',#1621,.T.);
#1724=FACE_BOUND('',#1622,.T.);
#1725=FACE_BOUND('',#1623,.T.);
#1726=FACE_BOUND('',#1624,.T.);
#1727=FACE_BOUND('',#1625,.T.);
#1728=FACE_BOUND('',#1626,.T.);
#1729=FACE_BOUND('',#1627,.T.);
#1730=FACE_BOUND('',#1628,.T.);
#1731=FACE_BOUND('',#1629,.T.);
#1732=FACE_BOUND('',#1630,.T.);
#1733=PLANE('',#1849);
#1734=PLANE('',#1940);
#1735=PLANE('',#2036);
#1736=PLANE('',#2039);
#1737=PLANE('',#2042);
#1738=ADVANCED_FACE('',(#1631,#1632),#1733,.F.);
#1739=ADVANCED_FACE('',(#1633),#42,.T.);
#1740=ADVANCED_FACE('',(#1634),#43,.T.);
#1741=ADVANCED_FACE('',(#1635),#44,.T.);
#1742=ADVANCED_FACE('',(#1636),#45,.T.);
#1743=ADVANCED_FACE('',(#1637),#46,.T.);
#1744=ADVANCED_FACE('',(#1638),#47,.T.);
#1745=ADVANCED_FACE('',(#1639),#48,.T.);
#1746=ADVANCED_FACE('',(#1640),#49,.T.);
#1747=ADVANCED_FACE('',(#1641),#50,.T.);
#1748=ADVANCED_FACE('',(#1642),#51,.T.);
#1749=ADVANCED_FACE('',(#1643),#52,.T.);
#1750=ADVANCED_FACE('',(#1644),#53,.T.);
#1751=ADVANCED_FACE('',(#1645),#54,.T.);
#1752=ADVANCED_FACE('',(#1646),#55,.T.);
#1753=ADVANCED_FACE('',(#1647,#1648),#1734,.T.);
#1754=ADVANCED_FACE('',(#1649),#56,.T.);
#1755=ADVANCED_FACE('',(#1650),#12,.T.);
#1756=ADVANCED_FACE('',(#1651),#13,.F.);
#1757=ADVANCED_FACE('',(#1652),#57,.T.);
#1758=ADVANCED_FACE('',(#1653),#58,.F.);
#1759=ADVANCED_FACE('',(#1654),#59,.F.);
#1760=ADVANCED_FACE('',(#1655),#14,.T.);
#1761=ADVANCED_FACE('',(#1656),#15,.F.);
#1762=ADVANCED_FACE('',(#1657),#60,.T.);
#1763=ADVANCED_FACE('',(#1658),#61,.F.);
#1764=ADVANCED_FACE('',(#1659),#62,.F.);
#1765=ADVANCED_FACE('',(#1660),#16,.T.);
#1766=ADVANCED_FACE('',(#1661),#17,.F.);
#1767=ADVANCED_FACE('',(#1662),#63,.T.);
#1768=ADVANCED_FACE('',(#1663),#64,.F.);
#1769=ADVANCED_FACE('',(#1664),#65,.F.);
#1770=ADVANCED_FACE('',(#1665),#18,.T.);
#1771=ADVANCED_FACE('',(#1666),#19,.F.);
#1772=ADVANCED_FACE('',(#1667),#66,.T.);
#1773=ADVANCED_FACE('',(#1668),#67,.F.);
#1774=ADVANCED_FACE('',(#1669),#68,.F.);
#1775=ADVANCED_FACE('',(#1670),#20,.T.);
#1776=ADVANCED_FACE('',(#1671),#21,.F.);
#1777=ADVANCED_FACE('',(#1672),#69,.T.);
#1778=ADVANCED_FACE('',(#1673),#70,.F.);
#1779=ADVANCED_FACE('',(#1674),#71,.F.);
#1780=ADVANCED_FACE('',(#1675),#22,.T.);
#1781=ADVANCED_FACE('',(#1676),#23,.F.);
#1782=ADVANCED_FACE('',(#1677),#72,.T.);
#1783=ADVANCED_FACE('',(#1678),#73,.F.);
#1784=ADVANCED_FACE('',(#1679),#74,.F.);
#1785=ADVANCED_FACE('',(#1680),#24,.T.);
#1786=ADVANCED_FACE('',(#1681),#25,.F.);
#1787=ADVANCED_FACE('',(#1682),#75,.T.);
#1788=ADVANCED_FACE('',(#1683),#76,.F.);
#1789=ADVANCED_FACE('',(#1684),#77,.F.);
#1790=ADVANCED_FACE('',(#1685),#26,.T.);
#1791=ADVANCED_FACE('',(#1686),#27,.F.);
#1792=ADVANCED_FACE('',(#1687),#78,.T.);
#1793=ADVANCED_FACE('',(#1688),#79,.F.);
#1794=ADVANCED_FACE('',(#1689),#80,.F.);
#1795=ADVANCED_FACE('',(#1690),#28,.T.);
#1796=ADVANCED_FACE('',(#1691),#29,.F.);
#1797=ADVANCED_FACE('',(#1692),#81,.T.);
#1798=ADVANCED_FACE('',(#1693),#82,.F.);
#1799=ADVANCED_FACE('',(#1694),#83,.F.);
#1800=ADVANCED_FACE('',(#1695),#30,.T.);
#1801=ADVANCED_FACE('',(#1696),#31,.F.);
#1802=ADVANCED_FACE('',(#1697),#84,.T.);
#1803=ADVANCED_FACE('',(#1698),#85,.F.);
#1804=ADVANCED_FACE('',(#1699),#86,.F.);
#1805=ADVANCED_FACE('',(#1700),#32,.T.);
#1806=ADVANCED_FACE('',(#1701),#33,.F.);
#1807=ADVANCED_FACE('',(#1702),#87,.T.);
#1808=ADVANCED_FACE('',(#1703),#88,.F.);
#1809=ADVANCED_FACE('',(#1704),#89,.F.);
#1810=ADVANCED_FACE('',(#1705),#34,.T.);
#1811=ADVANCED_FACE('',(#1706),#35,.F.);
#1812=ADVANCED_FACE('',(#1707),#90,.T.);
#1813=ADVANCED_FACE('',(#1708),#91,.F.);
#1814=ADVANCED_FACE('',(#1709),#92,.F.);
#1815=ADVANCED_FACE('',(#1710),#36,.T.);
#1816=ADVANCED_FACE('',(#1711),#37,.F.);
#1817=ADVANCED_FACE('',(#1712),#93,.T.);
#1818=ADVANCED_FACE('',(#1713),#94,.F.);
#1819=ADVANCED_FACE('',(#1714),#95,.F.);
#1820=ADVANCED_FACE('',(#1715),#38,.T.);
#1821=ADVANCED_FACE('',(#1716),#39,.F.);
#1822=ADVANCED_FACE('',(#1717),#96,.T.);
#1823=ADVANCED_FACE('',(#1718),#97,.F.);
#1824=ADVANCED_FACE('',(#1719),#98,.F.);
#1825=ADVANCED_FACE('',(#1720),#40,.T.);
#1826=ADVANCED_FACE('',(#1721),#41,.F.);
#1827=ADVANCED_FACE('',(#1722),#99,.T.);
#1828=ADVANCED_FACE('',(#1723),#100,.F.);
#1829=ADVANCED_FACE('',(#1724),#101,.F.);
#1830=ADVANCED_FACE('',(#1725),#102,.F.);
#1831=ADVANCED_FACE('',(#1726),#1735,.F.);
#1832=ADVANCED_FACE('',(#1727),#103,.F.);
#1833=ADVANCED_FACE('',(#1728),#1736,.T.);
#1834=ADVANCED_FACE('',(#1729,#1730),#104,.T.);
#1835=ADVANCED_FACE('',(#1731,#1732),#1737,.F.);
#1836=CLOSED_SHELL('',(#1738,#1739,#1740,#1741,#1742,#1743,#1744,#1745,
#1746,#1747,#1748,#1749,#1750,#1751,#1752,#1753,#1754,#1755,#1756,#1757,
#1758,#1759,#1760,#1761,#1762,#1763,#1764,#1765,#1766,#1767,#1768,#1769,
#1770,#1771,#1772,#1773,#1774,#1775,#1776,#1777,#1778,#1779,#1780,#1781,
#1782,#1783,#1784,#1785,#1786,#1787,#1788,#1789,#1790,#1791,#1792,#1793,
#1794,#1795,#1796,#1797,#1798,#1799,#1800,#1801,#1802,#1803,#1804,#1805,
#1806,#1807,#1808,#1809,#1810,#1811,#1812,#1813,#1814,#1815,#1816,#1817,
#1818,#1819,#1820,#1821,#1822,#1823,#1824,#1825,#1826,#1827,#1828,#1829,
#1830,#1831,#1832,#1833,#1834,#1835));
#1837=STYLED_ITEM('',(#1838),#1845);
#1838=PRESENTATION_STYLE_ASSIGNMENT((#1839));
#1839=SURFACE_STYLE_USAGE(.BOTH.,#1840);
#1840=SURFACE_SIDE_STYLE('',(#1841));
#1841=SURFACE_STYLE_FILL_AREA(#1842);
#1842=FILL_AREA_STYLE('',(#1843));
#1843=FILL_AREA_STYLE_COLOUR('',#1844);
#1844=COLOUR_RGB('',0.498039215686275,0.498039215686275,0.498039215686275);
#1845=MANIFOLD_SOLID_BREP('Pinion',#1836);
#1846=SHAPE_DEFINITION_REPRESENTATION(#6020,#1847);
#1847=SHAPE_REPRESENTATION('Pinion',(#1848),#6015);
#1848=AXIS2_PLACEMENT_3D('',#2531,#2043,#2044);
#1849=AXIS2_PLACEMENT_3D('',#2532,#2045,#2046);
#1850=AXIS2_PLACEMENT_3D('',#2533,#2047,#2048);
#1851=AXIS2_PLACEMENT_3D('',#2574,#2049,#2050);
#1852=AXIS2_PLACEMENT_3D('',#2614,#2051,#2052);
#1853=AXIS2_PLACEMENT_3D('',#2616,#2053,#2054);
#1854=AXIS2_PLACEMENT_3D('',#2618,#2055,#2056);
#1855=AXIS2_PLACEMENT_3D('',#2658,#2057,#2058);
#1856=AXIS2_PLACEMENT_3D('',#2698,#2059,#2060);
#1857=AXIS2_PLACEMENT_3D('',#2700,#2061,#2062);
#1858=AXIS2_PLACEMENT_3D('',#2702,#2063,#2064);
#1859=AXIS2_PLACEMENT_3D('',#2742,#2065,#2066);
#1860=AXIS2_PLACEMENT_3D('',#2782,#2067,#2068);
#1861=AXIS2_PLACEMENT_3D('',#2784,#2069,#2070);
#1862=AXIS2_PLACEMENT_3D('',#2786,#2071,#2072);
#1863=AXIS2_PLACEMENT_3D('',#2826,#2073,#2074);
#1864=AXIS2_PLACEMENT_3D('',#2866,#2075,#2076);
#1865=AXIS2_PLACEMENT_3D('',#2868,#2077,#2078);
#1866=AXIS2_PLACEMENT_3D('',#2870,#2079,#2080);
#1867=AXIS2_PLACEMENT_3D('',#2910,#2081,#2082);
#1868=AXIS2_PLACEMENT_3D('',#2950,#2083,#2084);
#1869=AXIS2_PLACEMENT_3D('',#2952,#2085,#2086);
#1870=AXIS2_PLACEMENT_3D('',#2954,#2087,#2088);
#1871=AXIS2_PLACEMENT_3D('',#2994,#2089,#2090);
#1872=AXIS2_PLACEMENT_3D('',#3034,#2091,#2092);
#1873=AXIS2_PLACEMENT_3D('',#3036,#2093,#2094);
#1874=AXIS2_PLACEMENT_3D('',#3038,#2095,#2096);
#1875=AXIS2_PLACEMENT_3D('',#3078,#2097,#2098);
#1876=AXIS2_PLACEMENT_3D('',#3118,#2099,#2100);
#1877=AXIS2_PLACEMENT_3D('',#3120,#2101,#2102);
#1878=AXIS2_PLACEMENT_3D('',#3122,#2103,#2104);
#1879=AXIS2_PLACEMENT_3D('',#3162,#2105,#2106);
#1880=AXIS2_PLACEMENT_3D('',#3202,#2107,#2108);
#1881=AXIS2_PLACEMENT_3D('',#3204,#2109,#2110);
#1882=AXIS2_PLACEMENT_3D('',#3206,#2111,#2112);
#1883=AXIS2_PLACEMENT_3D('',#3246,#2113,#2114);
#1884=AXIS2_PLACEMENT_3D('',#3286,#2115,#2116);
#1885=AXIS2_PLACEMENT_3D('',#3288,#2117,#2118);
#1886=AXIS2_PLACEMENT_3D('',#3290,#2119,#2120);
#1887=AXIS2_PLACEMENT_3D('',#3330,#2121,#2122);
#1888=AXIS2_PLACEMENT_3D('',#3370,#2123,#2124);
#1889=AXIS2_PLACEMENT_3D('',#3372,#2125,#2126);
#1890=AXIS2_PLACEMENT_3D('',#3374,#2127,#2128);
#1891=AXIS2_PLACEMENT_3D('',#3414,#2129,#2130);
#1892=AXIS2_PLACEMENT_3D('',#3454,#2131,#2132);
#1893=AXIS2_PLACEMENT_3D('',#3456,#2133,#2134);
#1894=AXIS2_PLACEMENT_3D('',#3458,#2135,#2136);
#1895=AXIS2_PLACEMENT_3D('',#3498,#2137,#2138);
#1896=AXIS2_PLACEMENT_3D('',#3538,#2139,#2140);
#1897=AXIS2_PLACEMENT_3D('',#3540,#2141,#2142);
#1898=AXIS2_PLACEMENT_3D('',#3542,#2143,#2144);
#1899=AXIS2_PLACEMENT_3D('',#3582,#2145,#2146);
#1900=AXIS2_PLACEMENT_3D('',#3622,#2147,#2148);
#1901=AXIS2_PLACEMENT_3D('',#3624,#2149,#2150);
#1902=AXIS2_PLACEMENT_3D('',#3626,#2151,#2152);
#1903=AXIS2_PLACEMENT_3D('',#3666,#2153,#2154);
#1904=AXIS2_PLACEMENT_3D('',#3706,#2155,#2156);
#1905=AXIS2_PLACEMENT_3D('',#3708,#2157,#2158);
#1906=AXIS2_PLACEMENT_3D('',#3710,#2159,#2160);
#1907=AXIS2_PLACEMENT_3D('',#3750,#2161,#2162);
#1908=AXIS2_PLACEMENT_3D('',#3790,#2163,#2164);
#1909=AXIS2_PLACEMENT_3D('',#3792,#2165,#2166);
#1910=AXIS2_PLACEMENT_3D('',#3793,#2167,#2168);
#1911=AXIS2_PLACEMENT_3D('',#3798,#2170,#2171);
#1912=AXIS2_PLACEMENT_3D('',#3801,#2173,#2174);
#1913=AXIS2_PLACEMENT_3D('',#3804,#2176,#2177);
#1914=AXIS2_PLACEMENT_3D('',#3807,#2179,#2180);
#1915=AXIS2_PLACEMENT_3D('',#3810,#2182,#2183);
#1916=AXIS2_PLACEMENT_3D('',#3813,#2185,#2186);
#1917=AXIS2_PLACEMENT_3D('',#3816,#2188,#2189);
#1918=AXIS2_PLACEMENT_3D('',#3819,#2191,#2192);
#1919=AXIS2_PLACEMENT_3D('',#3820,#2193,#2194);
#1920=AXIS2_PLACEMENT_3D('',#3825,#2197,#2198);
#1921=AXIS2_PLACEMENT_3D('',#3828,#2200,#2201);
#1922=AXIS2_PLACEMENT_3D('',#3831,#2203,#2204);
#1923=AXIS2_PLACEMENT_3D('',#3832,#2205,#2206);
#1924=AXIS2_PLACEMENT_3D('',#3837,#2209,#2210);
#1925=AXIS2_PLACEMENT_3D('',#3838,#2211,#2212);
#1926=AXIS2_PLACEMENT_3D('',#3843,#2215,#2216);
#1927=AXIS2_PLACEMENT_3D('',#3844,#2217,#2218);
#1928=AXIS2_PLACEMENT_3D('',#3849,#2221,#2222);
#1929=AXIS2_PLACEMENT_3D('',#3852,#2224,#2225);
#1930=AXIS2_PLACEMENT_3D('',#3855,#2227,#2228);
#1931=AXIS2_PLACEMENT_3D('',#3856,#2229,#2230);
#1932=AXIS2_PLACEMENT_3D('',#3861,#2233,#2234);
#1933=AXIS2_PLACEMENT_3D('',#3864,#2236,#2237);
#1934=AXIS2_PLACEMENT_3D('',#3867,#2239,#2240);
#1935=AXIS2_PLACEMENT_3D('',#3870,#2242,#2243);
#1936=AXIS2_PLACEMENT_3D('',#3873,#2245,#2246);
#1937=AXIS2_PLACEMENT_3D('',#3874,#2247,#2248);
#1938=AXIS2_PLACEMENT_3D('',#3879,#2251,#2252);
#1939=AXIS2_PLACEMENT_3D('',#3880,#2253,#2254);
#1940=AXIS2_PLACEMENT_3D('',#3885,#2257,#2258);
#1941=AXIS2_PLACEMENT_3D('',#3886,#2259,#2260);
#1942=AXIS2_PLACEMENT_3D('',#3888,#2261,#2262);
#1943=AXIS2_PLACEMENT_3D('',#3966,#2263,#2264);
#1944=AXIS2_PLACEMENT_3D('',#3968,#2265,#2266);
#1945=AXIS2_PLACEMENT_3D('',#3970,#2267,#2268);
#1946=AXIS2_PLACEMENT_3D('',#4047,#2269,#2270);
#1947=AXIS2_PLACEMENT_3D('',#4049,#2271,#2272);
#1948=AXIS2_PLACEMENT_3D('',#4051,#2273,#2274);
#1949=AXIS2_PLACEMENT_3D('',#4128,#2275,#2276);
#1950=AXIS2_PLACEMENT_3D('',#4130,#2277,#2278);
#1951=AXIS2_PLACEMENT_3D('',#4132,#2279,#2280);
#1952=AXIS2_PLACEMENT_3D('',#4209,#2281,#2282);
#1953=AXIS2_PLACEMENT_3D('',#4211,#2283,#2284);
#1954=AXIS2_PLACEMENT_3D('',#4213,#2285,#2286);
#1955=AXIS2_PLACEMENT_3D('',#4290,#2287,#2288);
#1956=AXIS2_PLACEMENT_3D('',#4292,#2289,#2290);
#1957=AXIS2_PLACEMENT_3D('',#4294,#2291,#2292);
#1958=AXIS2_PLACEMENT_3D('',#4371,#2293,#2294);
#1959=AXIS2_PLACEMENT_3D('',#4373,#2295,#2296);
#1960=AXIS2_PLACEMENT_3D('',#4375,#2297,#2298);
#1961=AXIS2_PLACEMENT_3D('',#4452,#2299,#2300);
#1962=AXIS2_PLACEMENT_3D('',#4454,#2301,#2302);
#1963=AXIS2_PLACEMENT_3D('',#4456,#2303,#2304);
#1964=AXIS2_PLACEMENT_3D('',#4533,#2305,#2306);
#1965=AXIS2_PLACEMENT_3D('',#4535,#2307,#2308);
#1966=AXIS2_PLACEMENT_3D('',#4537,#2309,#2310);
#1967=AXIS2_PLACEMENT_3D('',#4614,#2311,#2312);
#1968=AXIS2_PLACEMENT_3D('',#4616,#2313,#2314);
#1969=AXIS2_PLACEMENT_3D('',#4618,#2315,#2316);
#1970=AXIS2_PLACEMENT_3D('',#4695,#2317,#2318);
#1971=AXIS2_PLACEMENT_3D('',#4697,#2319,#2320);
#1972=AXIS2_PLACEMENT_3D('',#4699,#2321,#2322);
#1973=AXIS2_PLACEMENT_3D('',#4739,#2323,#2324);
#1974=AXIS2_PLACEMENT_3D('',#4779,#2325,#2326);
#1975=AXIS2_PLACEMENT_3D('',#4781,#2327,#2328);
#1976=AXIS2_PLACEMENT_3D('',#4783,#2329,#2330);
#1977=AXIS2_PLACEMENT_3D('',#4860,#2331,#2332);
#1978=AXIS2_PLACEMENT_3D('',#4862,#2333,#2334);
#1979=AXIS2_PLACEMENT_3D('',#4864,#2335,#2336);
#1980=AXIS2_PLACEMENT_3D('',#4941,#2337,#2338);
#1981=AXIS2_PLACEMENT_3D('',#4943,#2339,#2340);
#1982=AXIS2_PLACEMENT_3D('',#4945,#2341,#2342);
#1983=AXIS2_PLACEMENT_3D('',#5022,#2343,#2344);
#1984=AXIS2_PLACEMENT_3D('',#5024,#2345,#2346);
#1985=AXIS2_PLACEMENT_3D('',#5026,#2347,#2348);
#1986=AXIS2_PLACEMENT_3D('',#5103,#2349,#2350);
#1987=AXIS2_PLACEMENT_3D('',#5105,#2351,#2352);
#1988=AXIS2_PLACEMENT_3D('',#5106,#2353,#2354);
#1989=AXIS2_PLACEMENT_3D('',#5163,#2359,#2360);
#1990=AXIS2_PLACEMENT_3D('',#5166,#2363,#2364);
#1991=AXIS2_PLACEMENT_3D('',#5167,#2365,#2366);
#1992=AXIS2_PLACEMENT_3D('',#5222,#2369,#2370);
#1993=AXIS2_PLACEMENT_3D('',#5225,#2373,#2374);
#1994=AXIS2_PLACEMENT_3D('',#5226,#2375,#2376);
#1995=AXIS2_PLACEMENT_3D('',#5281,#2379,#2380);
#1996=AXIS2_PLACEMENT_3D('',#5284,#2383,#2384);
#1997=AXIS2_PLACEMENT_3D('',#5285,#2385,#2386);
#1998=AXIS2_PLACEMENT_3D('',#5340,#2389,#2390);
#1999=AXIS2_PLACEMENT_3D('',#5343,#2393,#2394);
#2000=AXIS2_PLACEMENT_3D('',#5344,#2395,#2396);
#2001=AXIS2_PLACEMENT_3D('',#5399,#2399,#2400);
#2002=AXIS2_PLACEMENT_3D('',#5402,#2403,#2404);
#2003=AXIS2_PLACEMENT_3D('',#5403,#2405,#2406);
#2004=AXIS2_PLACEMENT_3D('',#5458,#2409,#2410);
#2005=AXIS2_PLACEMENT_3D('',#5461,#2413,#2414);
#2006=AXIS2_PLACEMENT_3D('',#5462,#2415,#2416);
#2007=AXIS2_PLACEMENT_3D('',#5517,#2419,#2420);
#2008=AXIS2_PLACEMENT_3D('',#5520,#2423,#2424);
#2009=AXIS2_PLACEMENT_3D('',#5521,#2425,#2426);
#2010=AXIS2_PLACEMENT_3D('',#5576,#2429,#2430);
#2011=AXIS2_PLACEMENT_3D('',#5579,#2433,#2434);
#2012=AXIS2_PLACEMENT_3D('',#5580,#2435,#2436);
#2013=AXIS2_PLACEMENT_3D('',#5635,#2439,#2440);
#2014=AXIS2_PLACEMENT_3D('',#5638,#2443,#2444);
#2015=AXIS2_PLACEMENT_3D('',#5639,#2445,#2446);
#2016=AXIS2_PLACEMENT_3D('',#5694,#2449,#2450);
#2017=AXIS2_PLACEMENT_3D('',#5697,#2453,#2454);
#2018=AXIS2_PLACEMENT_3D('',#5698,#2455,#2456);
#2019=AXIS2_PLACEMENT_3D('',#5753,#2459,#2460);
#2020=AXIS2_PLACEMENT_3D('',#5756,#2463,#2464);
#2021=AXIS2_PLACEMENT_3D('',#5757,#2465,#2466);
#2022=AXIS2_PLACEMENT_3D('',#5812,#2469,#2470);
#2023=AXIS2_PLACEMENT_3D('',#5815,#2473,#2474);
#2024=AXIS2_PLACEMENT_3D('',#5816,#2475,#2476);
#2025=AXIS2_PLACEMENT_3D('',#5871,#2479,#2480);
#2026=AXIS2_PLACEMENT_3D('',#5874,#2483,#2484);
#2027=AXIS2_PLACEMENT_3D('',#5875,#2485,#2486);
#2028=AXIS2_PLACEMENT_3D('',#5930,#2489,#2490);
#2029=AXIS2_PLACEMENT_3D('',#5933,#2493,#2494);
#2030=AXIS2_PLACEMENT_3D('',#5934,#2495,#2496);
#2031=AXIS2_PLACEMENT_3D('',#5989,#2499,#2500);
#2032=AXIS2_PLACEMENT_3D('',#5992,#2503,#2504);
#2033=AXIS2_PLACEMENT_3D('',#5993,#2505,#2506);
#2034=AXIS2_PLACEMENT_3D('',#5994,#2507,#2508);
#2035=AXIS2_PLACEMENT_3D('',#5995,#2509,#2510);
#2036=AXIS2_PLACEMENT_3D('',#6000,#2513,#2514);
#2037=AXIS2_PLACEMENT_3D('',#6004,#2517,#2518);
#2038=AXIS2_PLACEMENT_3D('',#6005,#2519,#2520);
#2039=AXIS2_PLACEMENT_3D('',#6008,#2522,#2523);
#2040=AXIS2_PLACEMENT_3D('',#6010,#2525,#2526);
#2041=AXIS2_PLACEMENT_3D('',#6011,#2527,#2528);
#2042=AXIS2_PLACEMENT_3D('',#6013,#2529,#2530);
#2043=DIRECTION('',(0.,0.,1.));
#2044=DIRECTION('',(1.,0.,0.));
#2045=DIRECTION('',(-1.,0.,0.));
#2046=DIRECTION('',(0.,1.,0.));
#2047=DIRECTION('',(-1.,0.,0.));
#2048=DIRECTION('',(0.,0.994521895368273,-0.104528463267654));
#2049=DIRECTION('',(-1.,0.,0.));
#2050=DIRECTION('',(0.,0.,1.));
#2051=DIRECTION('',(-1.,0.,0.));
#2052=DIRECTION('',(0.,0.951056516295154,0.309016994374948));
#2053=DIRECTION('',(-1.,0.,0.));
#2054=DIRECTION('',(0.,0.951056516295154,0.309016994374948));
#2055=DIRECTION('',(-1.,0.,0.));
#2056=DIRECTION('',(0.,0.951056516295154,0.309016994374948));
#2057=DIRECTION('',(-1.,0.,0.));
#2058=DIRECTION('',(0.,0.,1.));
#2059=DIRECTION('',(-1.,0.,0.));
#2060=DIRECTION('',(0.,0.743144825477394,0.669130606358858));
#2061=DIRECTION('',(-1.,0.,0.));
#2062=DIRECTION('',(0.,0.743144825477394,0.669130606358858));
#2063=DIRECTION('',(-1.,0.,0.));
#2064=DIRECTION('',(0.,0.743144825477394,0.669130606358858));
#2065=DIRECTION('',(-1.,0.,0.));
#2066=DIRECTION('',(0.,0.,1.));
#2067=DIRECTION('',(-1.,0.,0.));
#2068=DIRECTION('',(0.,0.4067366430758,0.913545457642601));
#2069=DIRECTION('',(-1.,0.,0.));
#2070=DIRECTION('',(0.,0.4067366430758,0.913545457642601));
#2071=DIRECTION('',(-1.,0.,0.));
#2072=DIRECTION('',(0.,0.4067366430758,0.913545457642601));
#2073=DIRECTION('',(-1.,0.,0.));
#2074=DIRECTION('',(0.,0.,1.));
#2075=DIRECTION('',(-1.,0.,0.));
#2076=DIRECTION('',(0.,0.,1.));
#2077=DIRECTION('',(-1.,0.,0.));
#2078=DIRECTION('',(0.,0.,1.));
#2079=DIRECTION('',(-1.,0.,0.));
#2080=DIRECTION('',(0.,0.,1.));
#2081=DIRECTION('',(-1.,0.,0.));
#2082=DIRECTION('',(0.,0.,1.));
#2083=DIRECTION('',(-1.,0.,0.));
#2084=DIRECTION('',(0.,-0.4067366430758,0.913545457642601));
#2085=DIRECTION('',(-1.,0.,0.));
#2086=DIRECTION('',(0.,-0.4067366430758,0.913545457642601));
#2087=DIRECTION('',(-1.,0.,0.));
#2088=DIRECTION('',(0.,-0.4067366430758,0.913545457642601));
#2089=DIRECTION('',(-1.,0.,0.));
#2090=DIRECTION('',(0.,0.,1.));
#2091=DIRECTION('',(-1.,0.,0.));
#2092=DIRECTION('',(0.,-0.743144825477395,0.669130606358858));
#2093=DIRECTION('',(-1.,0.,0.));
#2094=DIRECTION('',(0.,-0.743144825477395,0.669130606358858));
#2095=DIRECTION('',(-1.,0.,0.));
#2096=DIRECTION('',(0.,-0.743144825477395,0.669130606358858));
#2097=DIRECTION('',(-1.,0.,0.));
#2098=DIRECTION('',(0.,0.,1.));
#2099=DIRECTION('',(-1.,0.,0.));
#2100=DIRECTION('',(0.,-0.951056516295154,0.309016994374948));
#2101=DIRECTION('',(-1.,0.,0.));
#2102=DIRECTION('',(0.,-0.951056516295154,0.309016994374948));
#2103=DIRECTION('',(-1.,0.,0.));
#2104=DIRECTION('',(0.,-0.951056516295154,0.309016994374948));
#2105=DIRECTION('',(-1.,0.,0.));
#2106=DIRECTION('',(0.,0.,1.));
#2107=DIRECTION('',(-1.,0.,0.));
#2108=DIRECTION('',(0.,-0.994521895368273,-0.104528463267653));
#2109=DIRECTION('',(-1.,0.,0.));
#2110=DIRECTION('',(0.,-0.994521895368273,-0.104528463267653));
#2111=DIRECTION('',(-1.,0.,0.));
#2112=DIRECTION('',(0.,-0.994521895368273,-0.104528463267653));
#2113=DIRECTION('',(-1.,0.,0.));
#2114=DIRECTION('',(0.,0.,1.));
#2115=DIRECTION('',(-1.,0.,0.));
#2116=DIRECTION('',(0.,-0.866025403784438,-0.5));
#2117=DIRECTION('',(-1.,0.,0.));
#2118=DIRECTION('',(0.,-0.866025403784438,-0.5));
#2119=DIRECTION('',(-1.,0.,0.));
#2120=DIRECTION('',(0.,-0.866025403784438,-0.5));
#2121=DIRECTION('',(-1.,0.,0.));
#2122=DIRECTION('',(0.,0.,1.));
#2123=DIRECTION('',(-1.,0.,0.));
#2124=DIRECTION('',(0.,-0.587785252292473,-0.809016994374948));
#2125=DIRECTION('',(-1.,0.,0.));
#2126=DIRECTION('',(0.,-0.587785252292473,-0.809016994374948));
#2127=DIRECTION('',(-1.,0.,0.));
#2128=DIRECTION('',(0.,-0.587785252292473,-0.809016994374948));
#2129=DIRECTION('',(-1.,0.,0.));
#2130=DIRECTION('',(0.,0.,1.));
#2131=DIRECTION('',(-1.,0.,0.));
#2132=DIRECTION('',(0.,-0.207911690817759,-0.978147600733806));
#2133=DIRECTION('',(-1.,0.,0.));
#2134=DIRECTION('',(0.,-0.207911690817759,-0.978147600733806));
#2135=DIRECTION('',(-1.,0.,0.));
#2136=DIRECTION('',(0.,-0.207911690817759,-0.978147600733806));
#2137=DIRECTION('',(-1.,0.,0.));
#2138=DIRECTION('',(0.,0.,1.));
#2139=DIRECTION('',(-1.,0.,0.));
#2140=DIRECTION('',(0.,0.207911690817759,-0.978147600733806));
#2141=DIRECTION('',(-1.,0.,0.));
#2142=DIRECTION('',(0.,0.207911690817759,-0.978147600733806));
#2143=DIRECTION('',(-1.,0.,0.));
#2144=DIRECTION('',(0.,0.207911690817759,-0.978147600733806));
#2145=DIRECTION('',(-1.,0.,0.));
#2146=DIRECTION('',(0.,0.,1.));
#2147=DIRECTION('',(-1.,0.,0.));
#2148=DIRECTION('',(0.,0.587785252292473,-0.809016994374947));
#2149=DIRECTION('',(-1.,0.,0.));
#2150=DIRECTION('',(0.,0.587785252292473,-0.809016994374947));
#2151=DIRECTION('',(-1.,0.,0.));
#2152=DIRECTION('',(0.,0.587785252292473,-0.809016994374947));
#2153=DIRECTION('',(-1.,0.,0.));
#2154=DIRECTION('',(0.,0.,1.));
#2155=DIRECTION('',(-1.,0.,0.));
#2156=DIRECTION('',(0.,0.866025403784439,-0.5));
#2157=DIRECTION('',(-1.,0.,0.));
#2158=DIRECTION('',(0.,0.866025403784439,-0.5));
#2159=DIRECTION('',(-1.,0.,0.));
#2160=DIRECTION('',(0.,0.866025403784439,-0.5));
#2161=DIRECTION('',(-1.,0.,0.));
#2162=DIRECTION('',(0.,0.,1.));
#2163=DIRECTION('',(-1.,0.,0.));
#2164=DIRECTION('',(0.,0.994521895368273,-0.104528463267654));
#2165=DIRECTION('',(-1.,0.,0.));
#2166=DIRECTION('',(0.,0.994521895368273,-0.104528463267654));
#2167=DIRECTION('',(-1.,0.,0.));
#2168=DIRECTION('',(0.,0.,1.));
#2169=DIRECTION('',(0.,-1.,0.));
#2170=DIRECTION('',(-1.,0.,0.));
#2171=DIRECTION('',(0.,0.,1.));
#2172=DIRECTION('',(0.,-1.,0.));
#2173=DIRECTION('',(1.,0.,0.));
#2174=DIRECTION('',(0.,0.,-1.));
#2175=DIRECTION('',(1.,0.,0.));
#2176=DIRECTION('',(-1.,0.,0.));
#2177=DIRECTION('',(0.,0.,1.));
#2178=DIRECTION('',(1.,0.,0.));
#2179=DIRECTION('',(1.,0.,0.));
#2180=DIRECTION('',(0.,0.,-1.));
#2181=DIRECTION('',(1.,0.,0.));
#2182=DIRECTION('',(-1.,0.,0.));
#2183=DIRECTION('',(0.,0.,1.));
#2184=DIRECTION('',(1.,0.,0.));
#2185=DIRECTION('',(1.,0.,0.));
#2186=DIRECTION('',(0.,0.,-1.));
#2187=DIRECTION('',(1.,0.,0.));
#2188=DIRECTION('',(-1.,0.,0.));
#2189=DIRECTION('',(0.,0.,1.));
#2190=DIRECTION('',(1.,0.,0.));
#2191=DIRECTION('',(1.,0.,0.));
#2192=DIRECTION('',(0.,0.,-1.));
#2193=DIRECTION('',(-1.,0.,0.));
#2194=DIRECTION('',(0.,0.,1.));
#2195=DIRECTION('',(1.,0.,0.));
#2196=DIRECTION('',(1.,0.,0.));
#2197=DIRECTION('',(1.,0.,0.));
#2198=DIRECTION('',(0.,0.,-1.));
#2199=DIRECTION('',(1.,0.,0.));
#2200=DIRECTION('',(-1.,0.,0.));
#2201=DIRECTION('',(0.,0.,1.));
#2202=DIRECTION('',(1.,0.,0.));
#2203=DIRECTION('',(1.,0.,0.));
#2204=DIRECTION('',(0.,0.,-1.));
#2205=DIRECTION('',(-1.,0.,0.));
#2206=DIRECTION('',(0.,0.,1.));
#2207=DIRECTION('',(1.,0.,0.));
#2208=DIRECTION('',(1.,0.,0.));
#2209=DIRECTION('',(1.,0.,0.));
#2210=DIRECTION('',(0.,0.,-1.));
#2211=DIRECTION('',(-1.,0.,0.));
#2212=DIRECTION('',(0.,0.,1.));
#2213=DIRECTION('',(1.,0.,0.));
#2214=DIRECTION('',(1.,0.,0.));
#2215=DIRECTION('',(1.,0.,0.));
#2216=DIRECTION('',(0.,0.,-1.));
#2217=DIRECTION('',(-1.,0.,0.));
#2218=DIRECTION('',(0.,0.,1.));
#2219=DIRECTION('',(1.,0.,0.));
#2220=DIRECTION('',(1.,0.,0.));
#2221=DIRECTION('',(1.,0.,0.));
#2222=DIRECTION('',(0.,0.,-1.));
#2223=DIRECTION('',(1.,0.,0.));
#2224=DIRECTION('',(-1.,0.,0.));
#2225=DIRECTION('',(0.,0.,1.));
#2226=DIRECTION('',(1.,0.,0.));
#2227=DIRECTION('',(1.,0.,0.));
#2228=DIRECTION('',(0.,0.,-1.));
#2229=DIRECTION('',(-1.,0.,0.));
#2230=DIRECTION('',(0.,0.,1.));
#2231=DIRECTION('',(1.,0.,0.));
#2232=DIRECTION('',(1.,0.,0.));
#2233=DIRECTION('',(1.,0.,0.));
#2234=DIRECTION('',(0.,0.,-1.));
#2235=DIRECTION('',(1.,0.,0.));
#2236=DIRECTION('',(-1.,0.,0.));
#2237=DIRECTION('',(0.,0.,1.));
#2238=DIRECTION('',(1.,0.,0.));
#2239=DIRECTION('',(1.,0.,0.));
#2240=DIRECTION('',(0.,0.,-1.));
#2241=DIRECTION('',(1.,0.,0.));
#2242=DIRECTION('',(-1.,0.,0.));
#2243=DIRECTION('',(0.,0.,1.));
#2244=DIRECTION('',(1.,0.,0.));
#2245=DIRECTION('',(1.,0.,0.));
#2246=DIRECTION('',(0.,0.,-1.));
#2247=DIRECTION('',(-1.,0.,0.));
#2248=DIRECTION('',(0.,0.,1.));
#2249=DIRECTION('',(1.,0.,0.));
#2250=DIRECTION('',(1.,0.,0.));
#2251=DIRECTION('',(1.,0.,0.));
#2252=DIRECTION('',(0.,0.,-1.));
#2253=DIRECTION('',(-1.,0.,0.));
#2254=DIRECTION('',(0.,0.,1.));
#2255=DIRECTION('',(1.,0.,0.));
#2256=DIRECTION('',(1.,0.,0.));
#2257=DIRECTION('',(-1.,0.,0.));
#2258=DIRECTION('',(0.,1.,0.));
#2259=DIRECTION('',(1.,0.,0.));
#2260=DIRECTION('',(0.,0.,-1.));
#2261=DIRECTION('',(-1.,0.,0.));
#2262=DIRECTION('',(0.,0.994521895368273,-0.104528463267654));
#2263=DIRECTION('',(-1.,0.,0.));
#2264=DIRECTION('',(0.,0.866025403784439,-0.5));
#2265=DIRECTION('',(-1.,0.,0.));
#2266=DIRECTION('',(0.,0.866025403784439,-0.5));
#2267=DIRECTION('',(-1.,0.,0.));
#2268=DIRECTION('',(0.,0.866025403784439,-0.5));
#2269=DIRECTION('',(-1.,0.,0.));
#2270=DIRECTION('',(0.,0.587785252292473,-0.809016994374947));
#2271=DIRECTION('',(-1.,0.,0.));
#2272=DIRECTION('',(0.,0.587785252292473,-0.809016994374947));
#2273=DIRECTION('',(-1.,0.,0.));
#2274=DIRECTION('',(0.,0.587785252292473,-0.809016994374947));
#2275=DIRECTION('',(-1.,0.,0.));
#2276=DIRECTION('',(0.,0.207911690817759,-0.978147600733806));
#2277=DIRECTION('',(-1.,0.,0.));
#2278=DIRECTION('',(0.,0.207911690817759,-0.978147600733806));
#2279=DIRECTION('',(-1.,0.,0.));
#2280=DIRECTION('',(0.,0.207911690817759,-0.978147600733806));
#2281=DIRECTION('',(-1.,0.,0.));
#2282=DIRECTION('',(0.,-0.207911690817759,-0.978147600733806));
#2283=DIRECTION('',(-1.,0.,0.));
#2284=DIRECTION('',(0.,-0.207911690817759,-0.978147600733806));
#2285=DIRECTION('',(-1.,0.,0.));
#2286=DIRECTION('',(0.,-0.207911690817759,-0.978147600733806));
#2287=DIRECTION('',(-1.,0.,0.));
#2288=DIRECTION('',(0.,-0.587785252292473,-0.809016994374948));
#2289=DIRECTION('',(-1.,0.,0.));
#2290=DIRECTION('',(0.,-0.587785252292473,-0.809016994374948));
#2291=DIRECTION('',(-1.,0.,0.));
#2292=DIRECTION('',(0.,-0.587785252292473,-0.809016994374948));
#2293=DIRECTION('',(-1.,0.,0.));
#2294=DIRECTION('',(0.,-0.866025403784438,-0.5));
#2295=DIRECTION('',(-1.,0.,0.));
#2296=DIRECTION('',(0.,-0.866025403784438,-0.5));
#2297=DIRECTION('',(-1.,0.,0.));
#2298=DIRECTION('',(0.,-0.866025403784438,-0.5));
#2299=DIRECTION('',(-1.,0.,0.));
#2300=DIRECTION('',(0.,-0.994521895368273,-0.104528463267653));
#2301=DIRECTION('',(-1.,0.,0.));
#2302=DIRECTION('',(0.,-0.994521895368273,-0.104528463267653));
#2303=DIRECTION('',(-1.,0.,0.));
#2304=DIRECTION('',(0.,-0.994521895368273,-0.104528463267653));
#2305=DIRECTION('',(-1.,0.,0.));
#2306=DIRECTION('',(0.,-0.951056516295154,0.309016994374948));
#2307=DIRECTION('',(-1.,0.,0.));
#2308=DIRECTION('',(0.,-0.951056516295154,0.309016994374948));
#2309=DIRECTION('',(-1.,0.,0.));
#2310=DIRECTION('',(0.,-0.951056516295154,0.309016994374948));
#2311=DIRECTION('',(-1.,0.,0.));
#2312=DIRECTION('',(0.,-0.743144825477395,0.669130606358858));
#2313=DIRECTION('',(-1.,0.,0.));
#2314=DIRECTION('',(0.,-0.743144825477395,0.669130606358858));
#2315=DIRECTION('',(-1.,0.,0.));
#2316=DIRECTION('',(0.,-0.743144825477395,0.669130606358858));
#2317=DIRECTION('',(-1.,0.,0.));
#2318=DIRECTION('',(0.,-0.4067366430758,0.913545457642601));
#2319=DIRECTION('',(-1.,0.,0.));
#2320=DIRECTION('',(0.,-0.4067366430758,0.913545457642601));
#2321=DIRECTION('',(-1.,0.,0.));
#2322=DIRECTION('',(0.,-0.4067366430758,0.913545457642601));
#2323=DIRECTION('',(-1.,0.,0.));
#2324=DIRECTION('',(0.,0.,1.));
#2325=DIRECTION('',(-1.,0.,0.));
#2326=DIRECTION('',(0.,0.,1.));
#2327=DIRECTION('',(-1.,0.,0.));
#2328=DIRECTION('',(0.,0.,1.));
#2329=DIRECTION('',(-1.,0.,0.));
#2330=DIRECTION('',(0.,0.,1.));
#2331=DIRECTION('',(-1.,0.,0.));
#2332=DIRECTION('',(0.,0.4067366430758,0.913545457642601));
#2333=DIRECTION('',(-1.,0.,0.));
#2334=DIRECTION('',(0.,0.4067366430758,0.913545457642601));
#2335=DIRECTION('',(-1.,0.,0.));
#2336=DIRECTION('',(0.,0.4067366430758,0.913545457642601));
#2337=DIRECTION('',(-1.,0.,0.));
#2338=DIRECTION('',(0.,0.743144825477394,0.669130606358858));
#2339=DIRECTION('',(-1.,0.,0.));
#2340=DIRECTION('',(0.,0.743144825477394,0.669130606358858));
#2341=DIRECTION('',(-1.,0.,0.));
#2342=DIRECTION('',(0.,0.743144825477394,0.669130606358858));
#2343=DIRECTION('',(-1.,0.,0.));
#2344=DIRECTION('',(0.,0.951056516295154,0.309016994374948));
#2345=DIRECTION('',(-1.,0.,0.));
#2346=DIRECTION('',(0.,0.951056516295154,0.309016994374948));
#2347=DIRECTION('',(-1.,0.,0.));
#2348=DIRECTION('',(0.,0.951056516295154,0.309016994374948));
#2349=DIRECTION('',(-1.,0.,0.));
#2350=DIRECTION('',(0.,0.994521895368273,-0.104528463267654));
#2351=DIRECTION('',(-1.,0.,0.));
#2352=DIRECTION('',(0.,0.994521895368273,-0.104528463267654));
#2353=DIRECTION('',(1.,0.,0.));
#2354=DIRECTION('',(0.,0.,-1.));
#2355=DIRECTION('',(1.,0.,0.));
#2356=DIRECTION('',(1.,0.,0.));
#2357=DIRECTION('',(1.,0.,0.));
#2358=DIRECTION('',(1.,0.,0.));
#2359=DIRECTION('',(1.,0.,0.));
#2360=DIRECTION('',(0.,0.,-1.));
#2361=DIRECTION('',(1.,0.,0.));
#2362=DIRECTION('',(1.,0.,0.));
#2363=DIRECTION('',(1.,0.,0.));
#2364=DIRECTION('',(0.,0.,-1.));
#2365=DIRECTION('',(1.,0.,0.));
#2366=DIRECTION('',(0.,0.,-1.));
#2367=DIRECTION('',(1.,0.,0.));
#2368=DIRECTION('',(1.,0.,0.));
#2369=DIRECTION('',(1.,0.,0.));
#2370=DIRECTION('',(0.,0.866025403784438,0.5));
#2371=DIRECTION('',(1.,0.,0.));
#2372=DIRECTION('',(1.,0.,0.));
#2373=DIRECTION('',(1.,0.,0.));
#2374=DIRECTION('',(0.,0.866025403784438,0.5));
#2375=DIRECTION('',(1.,0.,0.));
#2376=DIRECTION('',(0.,0.866025403784438,0.5));
#2377=DIRECTION('',(1.,0.,0.));
#2378=DIRECTION('',(1.,0.,0.));
#2379=DIRECTION('',(1.,0.,0.));
#2380=DIRECTION('',(0.,0.587785252292473,0.809016994374948));
#2381=DIRECTION('',(1.,0.,0.));
#2382=DIRECTION('',(1.,0.,0.));
#2383=DIRECTION('',(1.,0.,0.));
#2384=DIRECTION('',(0.,0.587785252292473,0.809016994374948));
#2385=DIRECTION('',(1.,0.,0.));
#2386=DIRECTION('',(0.,0.587785252292473,0.809016994374948));
#2387=DIRECTION('',(1.,0.,0.));
#2388=DIRECTION('',(1.,0.,0.));
#2389=DIRECTION('',(1.,0.,0.));
#2390=DIRECTION('',(0.,0.994521895368273,0.104528463267653));
#2391=DIRECTION('',(1.,0.,0.));
#2392=DIRECTION('',(1.,0.,0.));
#2393=DIRECTION('',(1.,0.,0.));
#2394=DIRECTION('',(0.,0.994521895368273,0.104528463267653));
#2395=DIRECTION('',(1.,0.,0.));
#2396=DIRECTION('',(0.,0.994521895368273,0.104528463267653));
#2397=DIRECTION('',(1.,0.,0.));
#2398=DIRECTION('',(1.,0.,0.));
#2399=DIRECTION('',(1.,0.,0.));
#2400=DIRECTION('',(0.,0.951056516295154,-0.309016994374948));
#2401=DIRECTION('',(1.,0.,0.));
#2402=DIRECTION('',(1.,0.,0.));
#2403=DIRECTION('',(1.,0.,0.));
#2404=DIRECTION('',(0.,0.951056516295154,-0.309016994374948));
#2405=DIRECTION('',(1.,0.,0.));
#2406=DIRECTION('',(0.,0.951056516295154,-0.309016994374948));
#2407=DIRECTION('',(1.,0.,0.));
#2408=DIRECTION('',(1.,0.,0.));
#2409=DIRECTION('',(1.,0.,0.));
#2410=DIRECTION('',(0.,0.4067366430758,-0.913545457642601));
#2411=DIRECTION('',(1.,0.,0.));
#2412=DIRECTION('',(1.,0.,0.));
#2413=DIRECTION('',(1.,0.,0.));
#2414=DIRECTION('',(0.,0.4067366430758,-0.913545457642601));
#2415=DIRECTION('',(1.,0.,0.));
#2416=DIRECTION('',(0.,0.4067366430758,-0.913545457642601));
#2417=DIRECTION('',(1.,0.,0.));
#2418=DIRECTION('',(1.,0.,0.));
#2419=DIRECTION('',(1.,0.,0.));
#2420=DIRECTION('',(0.,0.743144825477395,-0.669130606358858));
#2421=DIRECTION('',(1.,0.,0.));
#2422=DIRECTION('',(1.,0.,0.));
#2423=DIRECTION('',(1.,0.,0.));
#2424=DIRECTION('',(0.,0.743144825477395,-0.669130606358858));
#2425=DIRECTION('',(1.,0.,0.));
#2426=DIRECTION('',(0.,0.743144825477395,-0.669130606358858));
#2427=DIRECTION('',(1.,0.,0.));
#2428=DIRECTION('',(1.,0.,0.));
#2429=DIRECTION('',(1.,0.,0.));
#2430=DIRECTION('',(0.,0.207911690817759,0.978147600733806));
#2431=DIRECTION('',(1.,0.,0.));
#2432=DIRECTION('',(1.,0.,0.));
#2433=DIRECTION('',(1.,0.,0.));
#2434=DIRECTION('',(0.,0.207911690817759,0.978147600733806));
#2435=DIRECTION('',(1.,0.,0.));
#2436=DIRECTION('',(0.,0.207911690817759,0.978147600733806));
#2437=DIRECTION('',(1.,0.,0.));
#2438=DIRECTION('',(1.,0.,0.));
#2439=DIRECTION('',(1.,0.,0.));
#2440=DIRECTION('',(0.,-0.207911690817759,0.978147600733806));
#2441=DIRECTION('',(1.,0.,0.));
#2442=DIRECTION('',(1.,0.,0.));
#2443=DIRECTION('',(1.,0.,0.));
#2444=DIRECTION('',(0.,-0.207911690817759,0.978147600733806));
#2445=DIRECTION('',(1.,0.,0.));
#2446=DIRECTION('',(0.,-0.207911690817759,0.978147600733806));
#2447=DIRECTION('',(1.,0.,0.));
#2448=DIRECTION('',(1.,0.,0.));
#2449=DIRECTION('',(1.,0.,0.));
#2450=DIRECTION('',(0.,-0.866025403784439,0.5));
#2451=DIRECTION('',(1.,0.,0.));
#2452=DIRECTION('',(1.,0.,0.));
#2453=DIRECTION('',(1.,0.,0.));
#2454=DIRECTION('',(0.,-0.866025403784439,0.5));
#2455=DIRECTION('',(1.,0.,0.));
#2456=DIRECTION('',(0.,-0.866025403784439,0.5));
#2457=DIRECTION('',(1.,0.,0.));
#2458=DIRECTION('',(1.,0.,0.));
#2459=DIRECTION('',(1.,0.,0.));
#2460=DIRECTION('',(0.,-0.587785252292473,0.809016994374947));
#2461=DIRECTION('',(1.,0.,0.));
#2462=DIRECTION('',(1.,0.,0.));
#2463=DIRECTION('',(1.,0.,0.));
#2464=DIRECTION('',(0.,-0.587785252292473,0.809016994374947));
#2465=DIRECTION('',(1.,0.,0.));
#2466=DIRECTION('',(0.,-0.587785252292473,0.809016994374947));
#2467=DIRECTION('',(1.,0.,0.));
#2468=DIRECTION('',(1.,0.,0.));
#2469=DIRECTION('',(1.,0.,0.));
#2470=DIRECTION('',(0.,-0.743144825477394,-0.669130606358858));
#2471=DIRECTION('',(1.,0.,0.));
#2472=DIRECTION('',(1.,0.,0.));
#2473=DIRECTION('',(1.,0.,0.));
#2474=DIRECTION('',(0.,-0.743144825477394,-0.669130606358858));
#2475=DIRECTION('',(1.,0.,0.));
#2476=DIRECTION('',(0.,-0.743144825477394,-0.669130606358858));
#2477=DIRECTION('',(1.,0.,0.));
#2478=DIRECTION('',(1.,0.,0.));
#2479=DIRECTION('',(1.,0.,0.));
#2480=DIRECTION('',(0.,-0.4067366430758,-0.913545457642601));
#2481=DIRECTION('',(1.,0.,0.));
#2482=DIRECTION('',(1.,0.,0.));
#2483=DIRECTION('',(1.,0.,0.));
#2484=DIRECTION('',(0.,-0.4067366430758,-0.913545457642601));
#2485=DIRECTION('',(1.,0.,0.));
#2486=DIRECTION('',(0.,-0.4067366430758,-0.913545457642601));
#2487=DIRECTION('',(1.,0.,0.));
#2488=DIRECTION('',(1.,0.,0.));
#2489=DIRECTION('',(1.,0.,0.));
#2490=DIRECTION('',(0.,-0.951056516295154,-0.309016994374948));
#2491=DIRECTION('',(1.,0.,0.));
#2492=DIRECTION('',(1.,0.,0.));
#2493=DIRECTION('',(1.,0.,0.));
#2494=DIRECTION('',(0.,-0.951056516295154,-0.309016994374948));
#2495=DIRECTION('',(1.,0.,0.));
#2496=DIRECTION('',(0.,-0.951056516295154,-0.309016994374948));
#2497=DIRECTION('',(1.,0.,0.));
#2498=DIRECTION('',(1.,0.,0.));
#2499=DIRECTION('',(1.,0.,0.));
#2500=DIRECTION('',(0.,-0.994521895368273,0.104528463267654));
#2501=DIRECTION('',(1.,0.,0.));
#2502=DIRECTION('',(1.,0.,0.));
#2503=DIRECTION('',(1.,0.,0.));
#2504=DIRECTION('',(0.,-0.994521895368273,0.104528463267654));
#2505=DIRECTION('',(1.,0.,0.));
#2506=DIRECTION('',(0.,-0.994521895368273,0.104528463267654));
#2507=DIRECTION('',(-1.,0.,0.));
#2508=DIRECTION('',(0.,0.,1.));
#2509=DIRECTION('',(1.,0.,0.));
#2510=DIRECTION('',(0.,0.,-1.));
#2511=DIRECTION('',(-1.,0.,0.));
#2512=DIRECTION('',(-1.,0.,0.));
#2513=DIRECTION('',(0.,0.,-1.));
#2514=DIRECTION('',(0.,1.,0.));
#2515=DIRECTION('',(0.,-1.,0.));
#2516=DIRECTION('',(-1.,0.,0.));
#2517=DIRECTION('',(-1.,0.,0.));
#2518=DIRECTION('',(0.,0.,1.));
#2519=DIRECTION('',(1.,0.,0.));
#2520=DIRECTION('',(0.,0.,-1.));
#2521=DIRECTION('',(-1.,0.,0.));
#2522=DIRECTION('',(0.,0.,-1.));
#2523=DIRECTION('',(0.,1.,0.));
#2524=DIRECTION('',(0.,-1.,0.));
#2525=DIRECTION('',(-1.,0.,0.));
#2526=DIRECTION('',(0.,0.,1.));
#2527=DIRECTION('',(1.,0.,0.));
#2528=DIRECTION('',(0.,0.,-1.));
#2529=DIRECTION('',(1.,0.,0.));
#2530=DIRECTION('',(0.,-1.,0.));
#2531=CARTESIAN_POINT('',(0.,0.,0.));
#2532=CARTESIAN_POINT('',(-0.0165,0.03,2.87235629264391E-17));
#2533=CARTESIAN_POINT('',(-0.0165,0.0292355921118287,-0.00996126910046086));
#2534=CARTESIAN_POINT('',(-0.0165,0.0298510757658448,-0.00997068120513211));
#2535=CARTESIAN_POINT('',(-0.0165,0.029282690149854,-0.00934751793680456));
#2536=CARTESIAN_POINT('',(-0.0165,0.0298602765744201,-0.00937395873493924));
#2537=CARTESIAN_POINT('',(-0.0165,0.0298513889392653,-0.0099482907363352));
#2538=CARTESIAN_POINT('',(-0.0165,0.0298418547866904,-0.0105644016403635));
#2539=CARTESIAN_POINT('',(-0.0165,0.0298425325662864,-0.0105780601426844));
#2540=CARTESIAN_POINT('',(-0.0165,0.0298428926597605,-0.0105901633290581));
#2541=CARTESIAN_POINT('',(-0.0165,0.0298437112204924,-0.0106043950624341));
#2542=CARTESIAN_POINT('',(-0.0165,0.0298451376162363,-0.0106235441175442));
#2543=CARTESIAN_POINT('',(-0.0165,0.0298473463631893,-0.0106466412184975));
#2544=CARTESIAN_POINT('',(-0.0165,0.0298505028863901,-0.0106739625149835));
#2545=CARTESIAN_POINT('',(-0.0165,0.0298547745734926,-0.010705384166105));
#2546=CARTESIAN_POINT('',(-0.0165,0.0298603271209658,-0.0107408988093137));
#2547=CARTESIAN_POINT('',(-0.0165,0.0298673254736163,-0.0107804576947071));
#2548=CARTESIAN_POINT('',(-0.0165,0.0298759333694311,-0.0108240179410299));
#2549=CARTESIAN_POINT('',(-0.0165,0.0298863133020733,-0.0108715286002673));
#2550=CARTESIAN_POINT('',(-0.0165,0.0298986263615978,-0.0109229347563784));
#2551=CARTESIAN_POINT('',(-0.0165,0.0299130321118239,-0.0109781763797198));
#2552=CARTESIAN_POINT('',(-0.0165,0.0299296884583412,-0.0110371887033205));
#2553=CARTESIAN_POINT('',(-0.0165,0.0299487515204944,-0.0110999021680175));
#2554=CARTESIAN_POINT('',(-0.0165,0.0299703755036092,-0.0111662424954257));
#2555=CARTESIAN_POINT('',(-0.0165,0.0299947125726133,-0.0112361307291138));
#2556=CARTESIAN_POINT('',(-0.0165,0.0300219127268171,-0.0113094832890621));
#2557=CARTESIAN_POINT('',(-0.0165,0.0300521236760294,-0.0113862120265407));
#2558=CARTESIAN_POINT('',(-0.0165,0.0300854907179858,-0.0114662242829387));
#2559=CARTESIAN_POINT('',(-0.0165,0.0301221566174592,-0.0115494229514712));
#2560=CARTESIAN_POINT('',(-0.0165,0.0301622614859995,-0.0116357065420362));
#2561=CARTESIAN_POINT('',(-0.0165,0.0302059426667157,-0.0117249692489594));
#2562=CARTESIAN_POINT('',(-0.0165,0.0302533346074385,-0.0118171010221303));
#2563=CARTESIAN_POINT('',(-0.0165,0.0303045687867779,-0.0119119876394671));
#2564=CARTESIAN_POINT('',(-0.0165,0.0303597734452495,-0.0120095107884059));
#2565=CARTESIAN_POINT('',(-0.0165,0.030419074074026,-0.0121095481266418));
#2566=CARTESIAN_POINT('',(-0.0165,0.0304825910056254,-0.0122119734361738));
#2567=CARTESIAN_POINT('',(-0.0165,0.03055044812366,-0.0123166564331252));
#2568=CARTESIAN_POINT('',(-0.0165,0.0306227389974028,-0.0124234639091281));
#2569=CARTESIAN_POINT('',(-0.0165,0.0306996559446199,-0.0125322557903164));
#2570=CARTESIAN_POINT('',(-0.0165,0.0307730250239918,-0.0126320577409406));
#2571=CARTESIAN_POINT('',(-0.0165,0.0308218564198172,-0.0126955381419747));
#2572=CARTESIAN_POINT('',(-0.0165,0.0308424285909375,-0.0127221387380098));
#2573=CARTESIAN_POINT('',(-0.0165,0.0308424285909375,-0.0127221387380098));
#2574=CARTESIAN_POINT('',(-0.0165,0.03,2.79428505919827E-17));
#2575=CARTESIAN_POINT('',(-0.0165,0.0318210618708227,-0.012619280235522));
#2576=CARTESIAN_POINT('',(-0.0165,0.0320856257437344,-0.00914006511229935));
#2577=CARTESIAN_POINT('',(-0.0165,0.0322137295002383,-0.00969999873823704));
#2578=CARTESIAN_POINT('',(-0.0165,0.0323511519684921,-0.0103006638790159));
#2579=CARTESIAN_POINT('',(-0.0165,0.0323533287623181,-0.0103141648285925));
#2580=CARTESIAN_POINT('',(-0.0165,0.0323554929316937,-0.0103260783989482));
#2581=CARTESIAN_POINT('',(-0.0165,0.0323576512022272,-0.01034016932315));
#2582=CARTESIAN_POINT('',(-0.0165,0.0323602372890781,-0.0103591964898132));
#2583=CARTESIAN_POINT('',(-0.0165,0.0323628789658576,-0.0103822480880082));
#2584=CARTESIAN_POINT('',(-0.0165,0.0323654718372097,-0.0104096286266906));
#2585=CARTESIAN_POINT('',(-0.0165,0.0323678264253323,-0.0104412517730344));
#2586=CARTESIAN_POINT('',(-0.0165,0.0323697791238618,-0.0104771447756134));
#2587=CARTESIAN_POINT('',(-0.0165,0.0323711584567566,-0.0105172942437812));
#2588=CARTESIAN_POINT('',(-0.0165,0.0323717953485834,-0.0105616922763824));
#2589=CARTESIAN_POINT('',(-0.0165,0.0323715202638675,-0.010610322823071));
#2590=CARTESIAN_POINT('',(-0.0165,0.0323701642150716,-0.0106631656603589));
#2591=CARTESIAN_POINT('',(-0.0165,0.0323675586443635,-0.0107201952455779));
#2592=CARTESIAN_POINT('',(-0.0165,0.0323635356309595,-0.0107813810574889));
#2593=CARTESIAN_POINT('',(-0.0165,0.0323579280049339,-0.0108466875160004));
#2594=CARTESIAN_POINT('',(-0.0165,0.0323505694873727,-0.0109160740269783));
#2595=CARTESIAN_POINT('',(-0.0165,0.0323412948225518,-0.010989494996246));
#2596=CARTESIAN_POINT('',(-0.0165,0.0323299399117424,-0.0110668998568181));
#2597=CARTESIAN_POINT('',(-0.0165,0.032316341945798,-0.0111482330968221));
#2598=CARTESIAN_POINT('',(-0.0165,0.0323003395372786,-0.0112334342915578));
#2599=CARTESIAN_POINT('',(-0.0165,0.0322817728515284,-0.011322438138722));
#2600=CARTESIAN_POINT('',(-0.0165,0.0322604837377922,-0.0114151744968441));
#2601=CARTESIAN_POINT('',(-0.0165,0.0322363158560008,-0.0115115684275957));
#2602=CARTESIAN_POINT('',(-0.0165,0.0322091148156267,-0.011611540239001));
#2603=CARTESIAN_POINT('',(-0.0165,0.0321787282630766,-0.0117150055409448));
#2604=CARTESIAN_POINT('',(-0.0165,0.0321450061616331,-0.0118218752689791));
#2605=CARTESIAN_POINT('',(-0.0165,0.0321078003260108,-0.0119320558453539));
#2606=CARTESIAN_POINT('',(-0.0165,0.0320669668110483,-0.0120454488287714));
#2607=CARTESIAN_POINT('',(-0.0165,0.0320223573527461,-0.0121619525392217));
#2608=CARTESIAN_POINT('',(-0.0165,0.0319738527309674,-0.0122814561334048));
#2609=CARTESIAN_POINT('',(-0.0165,0.0319212357075562,-0.012403862583517));
#2610=CARTESIAN_POINT('',(-0.0165,0.0318702199109017,-0.0125167379114145));
#2611=CARTESIAN_POINT('',(-0.0165,0.0318356539157474,-0.0125889837314507));
#2612=CARTESIAN_POINT('',(-0.0165,0.0318210618708227,-0.012619280235522));
#2613=CARTESIAN_POINT('',(-0.0165,0.032218691070294,-0.00972183480915467));
#2614=CARTESIAN_POINT('',(-0.0165,0.0328187680431642,-0.00958466213437546));
#2615=CARTESIAN_POINT('',(-0.0165,0.0326450931680934,-0.0089941151389175));
#2616=CARTESIAN_POINT('',(-0.0165,0.03,1.01165870451072E-18));
#2617=CARTESIAN_POINT('',(-0.0165,0.0331466829113835,-0.00883113875189413));
#2618=CARTESIAN_POINT('',(-0.0165,0.0333532918006711,-0.00941098483745705));
#2619=CARTESIAN_POINT('',(-0.0165,0.033919392344909,-0.00916924346762381));
#2620=CARTESIAN_POINT('',(-0.0165,0.0336850888074155,-0.00862036805951235));
#2621=CARTESIAN_POINT('',(-0.0165,0.0339105714189494,-0.00914866137745417));
#2622=CARTESIAN_POINT('',(-0.0165,0.0341524564180391,-0.00971538458444616));
#2623=CARTESIAN_POINT('',(-0.0165,0.0341586310138937,-0.00972758656940201));
#2624=CARTESIAN_POINT('',(-0.0165,0.0341638827850474,-0.00973849691712586));
#2625=CARTESIAN_POINT('',(-0.0165,0.0341704191449443,-0.00975116531386163));
#2626=CARTESIAN_POINT('',(-0.0165,0.0341795108446906,-0.00976807867875902));
#2627=CARTESIAN_POINT('',(-0.0165,0.0341909230727431,-0.00978828055209859));
#2628=CARTESIAN_POINT('',(-0.0165,0.0342049192725924,-0.00981195592474971));
#2629=CARTESIAN_POINT('',(-0.0165,0.0342216019898384,-0.00983892357973115));
#2630=CARTESIAN_POINT('',(-0.0165,0.0342411196011196,-0.0098691093961945));
#2631=CARTESIAN_POINT('',(-0.0165,0.0342636029626432,-0.00990240174979089));
#2632=CARTESIAN_POINT('',(-0.0165,0.0342891842151255,-0.00993869486830517));
#2633=CARTESIAN_POINT('',(-0.0165,0.03431799108149,-0.00997787611628289));
#2634=CARTESIAN_POINT('',(-0.0165,0.0343501483884583,-0.0100198298041961));
#2635=CARTESIAN_POINT('',(-0.0165,0.0343857774885772,-0.0100644361917845));
#2636=CARTESIAN_POINT('',(-0.0165,0.0344249962926804,-0.0101115718854865));
#2637=CARTESIAN_POINT('',(-0.0165,0.0344679191306259,-0.0101611098403864));
#2638=CARTESIAN_POINT('',(-0.0165,0.034514656664247,-0.0102129194788468));
#2639=CARTESIAN_POINT('',(-0.0165,0.0345653157886489,-0.0102668667795261));
#2640=CARTESIAN_POINT('',(-0.0165,0.0346199995399633,-0.0103228143780613));
#2641=CARTESIAN_POINT('',(-0.0165,0.0346788070044967,-0.0103806216675889));
#2642=CARTESIAN_POINT('',(-0.0165,0.0347418332306833,-0.0104401449023422));
#2643=CARTESIAN_POINT('',(-0.0165,0.0348091691437448,-0.0105012373031949));
#2644=CARTESIAN_POINT('',(-0.0165,0.034880901462208,-0.0105637491658235));
#2645=CARTESIAN_POINT('',(-0.0165,0.0349571126202017,-0.01062752796946));
#2646=CARTESIAN_POINT('',(-0.0165,0.035037880680518,-0.0106924184934664));
#2647=CARTESIAN_POINT('',(-0.0165,0.035123279296538,-0.0107582629136103));
#2648=CARTESIAN_POINT('',(-0.0165,0.0352133774997469,-0.0108249009858695));
#2649=CARTESIAN_POINT('',(-0.0165,0.0353082401709374,-0.0108921699031286));
#2650=CARTESIAN_POINT('',(-0.0165,0.0354079259018484,-0.010959905415862));
#2651=CARTESIAN_POINT('',(-0.0165,0.0355124948745648,-0.0110279381158212));
#2652=CARTESIAN_POINT('',(-0.0165,0.0356219783881463,-0.0110961082530548));
#2653=CARTESIAN_POINT('',(-0.0165,0.0357364951604408,-0.011164209641036));
#2654=CARTESIAN_POINT('',(-0.0165,0.0358441142600017,-0.0112255413666433));
#2655=CARTESIAN_POINT('',(-0.0165,0.0359145437650661,-0.0112636720806426));
#2656=CARTESIAN_POINT('',(-0.0165,0.035944156815682,-0.0112796054784989));
#2657=CARTESIAN_POINT('',(-0.0165,0.035944156815682,-0.0112796054784989));
#2658=CARTESIAN_POINT('',(-0.0165,0.03,2.79428505919827E-17));
#2659=CARTESIAN_POINT('',(-0.0165,0.0367963464812052,-0.0107875935457084));
#2660=CARTESIAN_POINT('',(-0.0165,0.035622913325802,-0.00750156455217966));
#2661=CARTESIAN_POINT('',(-0.0165,0.0359676874540221,-0.00796098488085062));
#2662=CARTESIAN_POINT('',(-0.0165,0.0363375416486466,-0.00845382503835265));
#2663=CARTESIAN_POINT('',(-0.0165,0.0363450215796676,-0.0084652733876988));
#2664=CARTESIAN_POINT('',(-0.0165,0.0363518443323838,-0.00847527672879462));
#2665=CARTESIAN_POINT('',(-0.0165,0.0363595473058337,-0.00848727158088158));
#2666=CARTESIAN_POINT('',(-0.0165,0.0363696488596252,-0.00850360190627409));
#2667=CARTESIAN_POINT('',(-0.0165,0.0363814380811151,-0.00852358612235111));
#2668=CARTESIAN_POINT('',(-0.0165,0.0363949434553503,-0.00854754487330261));
#2669=CARTESIAN_POINT('',(-0.0165,0.0364099567710218,-0.0085754763577325));
#2670=CARTESIAN_POINT('',(-0.0165,0.0364263396492724,-0.00860747201315491));
#2671=CARTESIAN_POINT('',(-0.0165,0.0364439299924769,-0.00864358935219502));
#2672=CARTESIAN_POINT('',(-0.0165,0.0364625701288516,-0.00868388992596247));
#2673=CARTESIAN_POINT('',(-0.0165,0.03648209865177,-0.0087284280280264));
#2674=CARTESIAN_POINT('',(-0.0165,0.0365023529578012,-0.00877725391673486));
#2675=CARTESIAN_POINT('',(-0.0165,0.0365231686725643,-0.00883041281634599));
#2676=CARTESIAN_POINT('',(-0.0165,0.0365443799786836,-0.00888794514385643));
#2677=CARTESIAN_POINT('',(-0.0165,0.0365658196871058,-0.00894988638936967));
#2678=CARTESIAN_POINT('',(-0.0165,0.0365873193833627,-0.00901626710002598));
#2679=CARTESIAN_POINT('',(-0.0165,0.0366087095540158,-0.00908711283903114));
#2680=CARTESIAN_POINT('',(-0.0165,0.0366298197199708,-0.00916244415611127));
#2681=CARTESIAN_POINT('',(-0.0165,0.0366504785689588,-0.00924227655909317));
#2682=CARTESIAN_POINT('',(-0.0165,0.0366705140892774,-0.00932662048945201));
#2683=CARTESIAN_POINT('',(-0.0165,0.0366897537038632,-0.00941548130117667));
#2684=CARTESIAN_POINT('',(-0.0165,0.0367080244057058,-0.00950885924255255));
#2685=CARTESIAN_POINT('',(-0.0165,0.0367251528908812,-0.00960674944324505));
#2686=CARTESIAN_POINT('',(-0.0165,0.0367409657029775,-0.00970914189729662));
#2687=CARTESIAN_POINT('',(-0.0165,0.0367552893355095,-0.00981602147828985));
#2688=CARTESIAN_POINT('',(-0.0165,0.0367679504973408,-0.00992736784723372));
#2689=CARTESIAN_POINT('',(-0.0165,0.036778775752977,-0.0100431557889852));
#2690=CARTESIAN_POINT('',(-0.0165,0.036787593562287,-0.0101633539207156));
#2691=CARTESIAN_POINT('',(-0.0165,0.0367942271223815,-0.0102879296575152));
#2692=CARTESIAN_POINT('',(-0.0165,0.0367985224362145,-0.0104168302301892));
#2693=CARTESIAN_POINT('',(-0.0165,0.036800241582092,-0.0105500553581462));
#2694=CARTESIAN_POINT('',(-0.0165,0.0367995468647453,-0.010673922095102));
#2695=CARTESIAN_POINT('',(-0.0165,0.036797354279201,-0.0107539811926633));
#2696=CARTESIAN_POINT('',(-0.0165,0.0367963464812052,-0.0107875935457084));
#2697=CARTESIAN_POINT('',(-0.0165,0.0359811016039923,-0.00797891507190137));
#2698=CARTESIAN_POINT('',(-0.0165,0.0364735060435325,-0.00760952830441177));
#2699=CARTESIAN_POINT('',(-0.0165,0.0360746490477938,-0.00714067671485957));
#2700=CARTESIAN_POINT('',(-0.0165,0.03,7.53347261182245E-18));
#2701=CARTESIAN_POINT('',(-0.0165,0.036466585610818,-0.00678777544840431));
#2702=CARTESIAN_POINT('',(-0.0165,0.0368911768734779,-0.0072334557999437));
#2703=CARTESIAN_POINT('',(-0.0165,0.0373100103809769,-0.00678236023460154));
#2704=CARTESIAN_POINT('',(-0.0165,0.0368727157076279,-0.00637623743301049));
#2705=CARTESIAN_POINT('',(-0.0165,0.0372935805738712,-0.0067671453534319));
#2706=CARTESIAN_POINT('',(-0.0165,0.0377450606108265,-0.00718648927237995));
#2707=CARTESIAN_POINT('',(-0.0165,0.0377556643792221,-0.00719512490592033));
#2708=CARTESIAN_POINT('',(-0.0165,0.037764899749112,-0.00720295591675553));
#2709=CARTESIAN_POINT('',(-0.0165,0.0377760237121669,-0.00721187049596666));
#2710=CARTESIAN_POINT('',(-0.0165,0.0377912086784339,-0.0072236236962075));
#2711=CARTESIAN_POINT('',(-0.0165,0.0378098511096788,-0.00723743725450464));
#2712=CARTESIAN_POINT('',(-0.0165,0.037832266916071,-0.00725337301630555));
#2713=CARTESIAN_POINT('',(-0.0165,0.037858476070091,-0.00727122372260711));
#2714=CARTESIAN_POINT('',(-0.0165,0.0378885839728778,-0.00729086131042904));
#2715=CARTESIAN_POINT('',(-0.0165,0.0379226647658121,-0.00731213058184009));
#2716=CARTESIAN_POINT('',(-0.0165,0.0379607961440094,-0.00733488116264216));
#2717=CARTESIAN_POINT('',(-0.0165,0.0380030489751996,-0.00735895820563435));
#2718=CARTESIAN_POINT('',(-0.0165,0.0380494902390969,-0.00738420525157221));
#2719=CARTESIAN_POINT('',(-0.0165,0.0381001820940179,-0.00741046355375718));
#2720=CARTESIAN_POINT('',(-0.0165,0.038155182068186,-0.00743757242790508));
#2721=CARTESIAN_POINT('',(-0.0165,0.038214542933301,-0.00746536931056766));
#2722=CARTESIAN_POINT('',(-0.0165,0.0382783126732684,-0.00749368990291448));
#2723=CARTESIAN_POINT('',(-0.0165,0.0383465344302351,-0.0075223682922018));
#2724=CARTESIAN_POINT('',(-0.0165,0.0384192464612716,-0.00755123708126925));
#2725=CARTESIAN_POINT('',(-0.0165,0.0384964820962594,-0.00758012751732363));
#2726=CARTESIAN_POINT('',(-0.0165,0.038578269699593,-0.0076088696223919));
#2727=CARTESIAN_POINT('',(-0.0165,0.0386646326351469,-0.00763729232445026));
#2728=CARTESIAN_POINT('',(-0.0165,0.0387555892340032,-0.00766522359019164));
#2729=CARTESIAN_POINT('',(-0.0165,0.0388511527677004,-0.00769249055598042));
#2730=CARTESIAN_POINT('',(-0.0165,0.0389513314162268,-0.0077189196697097));
#2731=CARTESIAN_POINT('',(-0.0165,0.0390561282723953,-0.00774433679423991));
#2732=CARTESIAN_POINT('',(-0.0165,0.0391655412224904,-0.00776856746173802));
#2733=CARTESIAN_POINT('',(-0.0165,0.0392795633184457,-0.00779143655110742));
#2734=CARTESIAN_POINT('',(-0.0165,0.0393981812801774,-0.00781277018153278));
#2735=CARTESIAN_POINT('',(-0.0165,0.0395213811822136,-0.00783238911261916));
#2736=CARTESIAN_POINT('',(-0.0165,0.0396491266415092,-0.00785013467504947));
#2737=CARTESIAN_POINT('',(-0.0165,0.0397814422485989,-0.00786577022115997));
#2738=CARTESIAN_POINT('',(-0.0165,0.0399047030483459,-0.00787802690921158));
#2739=CARTESIAN_POINT('',(-0.0165,0.0399845527613917,-0.00788421478931899));
#2740=CARTESIAN_POINT('',(-0.0165,0.0400180863260256,-0.00788672595975663));
#2741=CARTESIAN_POINT('',(-0.0165,0.0400180863260256,-0.00788672595975663));
#2742=CARTESIAN_POINT('',(-0.0165,0.03,2.79428505919827E-17));
#2743=CARTESIAN_POINT('',(-0.0165,0.0405964810421179,-0.00709063392963109));
#2744=CARTESIAN_POINT('',(-0.0165,0.0381879481112744,-0.00456597533141361));
#2745=CARTESIAN_POINT('',(-0.0165,0.0386897780322671,-0.00484544441428796));
#2746=CARTESIAN_POINT('',(-0.0165,0.0392281128029916,-0.00514524304796877));
#2747=CARTESIAN_POINT('',(-0.0165,0.0392396025231811,-0.00515265927347751));
#2748=CARTESIAN_POINT('',(-0.0165,0.0392499041433105,-0.00515902271676054));
#2749=CARTESIAN_POINT('',(-0.0165,0.0392618199055881,-0.00516684747783697));
#2750=CARTESIAN_POINT('',(-0.0165,0.0392776902758999,-0.00517765730034211));
#2751=CARTESIAN_POINT('',(-0.0165,0.0392965885786027,-0.00519111868179056));
#2752=CARTESIAN_POINT('',(-0.0165,0.0393186712538235,-0.00520751295931315));
#2753=CARTESIAN_POINT('',(-0.0165,0.0393437473583724,-0.00522692317442165));
#2754=CARTESIAN_POINT('',(-0.0165,0.0393717276678609,-0.00524948914319351));
#2755=CARTESIAN_POINT('',(-0.0165,0.0394024874912317,-0.00527532933707022));
#2756=CARTESIAN_POINT('',(-0.0165,0.0394359078232349,-0.00530456411668031));
#2757=CARTESIAN_POINT('',(-0.0165,0.0394718632947639,-0.00533730873165677));
#2758=CARTESIAN_POINT('',(-0.0165,0.0395102258021049,-0.0053736752320588));
#2759=CARTESIAN_POINT('',(-0.0165,0.0395508635761517,-0.00541377178938587));
#2760=CARTESIAN_POINT('',(-0.0165,0.0395936415742676,-0.00545770277040441));
#2761=CARTESIAN_POINT('',(-0.0165,0.0396384214967779,-0.00550556859885158));
#2762=CARTESIAN_POINT('',(-0.0165,0.0396850619140514,-0.00555746568126404));
#2763=CARTESIAN_POINT('',(-0.0165,0.0397334183653489,-0.00561348631811932));
#2764=CARTESIAN_POINT('',(-0.0165,0.0397833434685948,-0.00567371862262079));
#2765=CARTESIAN_POINT('',(-0.0165,0.0398346870298455,-0.0057382464408504));
#2766=CARTESIAN_POINT('',(-0.0165,0.039887296155522,-0.0058071492750328));
#2767=CARTESIAN_POINT('',(-0.0165,0.0399410153662956,-0.00588050220969557));
#2768=CARTESIAN_POINT('',(-0.0165,0.0399956867133845,-0.0059583758399494));
#2769=CARTESIAN_POINT('',(-0.0165,0.0400511498948324,-0.00604083620557855));
#2770=CARTESIAN_POINT('',(-0.0165,0.0401072423805327,-0.00612794471676462));
#2771=CARTESIAN_POINT('',(-0.0165,0.0401637995119558,-0.006219758126283));
#2772=CARTESIAN_POINT('',(-0.0165,0.0402206547071581,-0.006316328337396));
#2773=CARTESIAN_POINT('',(-0.0165,0.0402776392690091,-0.00641770285749489));
#2774=CARTESIAN_POINT('',(-0.0165,0.0403345837232546,-0.00652392278859638));
#2775=CARTESIAN_POINT('',(-0.0165,0.0403913132989416,-0.00663503027511763));
#2776=CARTESIAN_POINT('',(-0.0165,0.0404476658496027,-0.00675103974624205));
#2777=CARTESIAN_POINT('',(-0.0165,0.0405034239088288,-0.00687204771710785));
#2778=CARTESIAN_POINT('',(-0.0165,0.0405531703937305,-0.00698548817900829));
#2779=CARTESIAN_POINT('',(-0.0165,0.0405837303357558,-0.0070595176088124));
#2780=CARTESIAN_POINT('',(-0.0165,0.0405964810421179,-0.00709063392963109));
#2781=CARTESIAN_POINT('',(-0.0165,0.0387093253337581,-0.00485636843254849));
#2782=CARTESIAN_POINT('',(-0.0165,0.0390089160390177,-0.00431863790022089));
#2783=CARTESIAN_POINT('',(-0.0165,0.0384538429206765,-0.00405255041579101));
#2784=CARTESIAN_POINT('',(-0.0165,0.03,1.77192456404585E-17));
#2785=CARTESIAN_POINT('',(-0.0165,0.0386683569110561,-0.0035707441048813));
#2786=CARTESIAN_POINT('',(-0.0165,0.0392375148604837,-0.00380519654073713));
#2787=CARTESIAN_POINT('',(-0.0165,0.0394366612128143,-0.00322274530120826));
#2788=CARTESIAN_POINT('',(-0.0165,0.0388719876253294,-0.00302959742804255));
#2789=CARTESIAN_POINT('',(-0.0165,0.0394154633874712,-0.00321552842021572));
#2790=CARTESIAN_POINT('',(-0.0165,0.0399984734623352,-0.00341498467791381));
#2791=CARTESIAN_POINT('',(-0.0165,0.040011672915384,-0.0034185607805473));
#2792=CARTESIAN_POINT('',(-0.0165,0.0400232950046556,-0.00342195840157795));
#2793=CARTESIAN_POINT('',(-0.0165,0.0400370831365982,-0.00342557775153244));
#2794=CARTESIAN_POINT('',(-0.0165,0.0400557357507671,-0.0034301385520206));
#2795=CARTESIAN_POINT('',(-0.0165,0.040078384939481,-0.00343517530555351));
#2796=CARTESIAN_POINT('',(-0.0165,0.0401053444558498,-0.00344061601851697));
#2797=CARTESIAN_POINT('',(-0.0165,0.040136548245811,-0.00344626322685053));
#2798=CARTESIAN_POINT('',(-0.0165,0.0401720405101899,-0.00345195706869476));
#2799=CARTESIAN_POINT('',(-0.0165,0.0402118258558223,-0.00345752560766823));
#2800=CARTESIAN_POINT('',(-0.0165,0.0402559140980315,-0.00346279986865487));
#2801=CARTESIAN_POINT('',(-0.0165,0.0403043069956797,-0.00346760956719512));
#2802=CARTESIAN_POINT('',(-0.0165,0.0403570021000726,-0.00347178452755272));
#2803=CARTESIAN_POINT('',(-0.0165,0.0404139916275587,-0.00347515444533737));
#2804=CARTESIAN_POINT('',(-0.0165,0.0404752627765989,-0.00347754912931461));
#2805=CARTESIAN_POINT('',(-0.0165,0.0405407976360286,-0.00347879860620068));
#2806=CARTESIAN_POINT('',(-0.0165,0.0406105732149719,-0.00347873326473273));
#2807=CARTESIAN_POINT('',(-0.0165,0.0406845614429489,-0.00347718398858526));
#2808=CARTESIAN_POINT('',(-0.0165,0.0407627291829732,-0.00347398229229046));
#2809=CARTESIAN_POINT('',(-0.0165,0.0408450382454622,-0.0034689604560165));
#2810=CARTESIAN_POINT('',(-0.0165,0.0409314454063095,-0.00346195166031957));
#2811=CARTESIAN_POINT('',(-0.0165,0.0410219024282157,-0.00345279012018557));
#2812=CARTESIAN_POINT('',(-0.0165,0.041116356085208,-0.00344131121944541));
#2813=CARTESIAN_POINT('',(-0.0165,0.0412147481914652,-0.00342735164128899));
#2814=CARTESIAN_POINT('',(-0.0165,0.041317015629777,-0.00341074951087638));
#2815=CARTESIAN_POINT('',(-0.0165,0.041423090397613,-0.0033913444880544));
#2816=CARTESIAN_POINT('',(-0.0165,0.0415328996015373,-0.00336897804825227));
#2817=CARTESIAN_POINT('',(-0.0165,0.0416463656660085,-0.00334349303642078));
#2818=CARTESIAN_POINT('',(-0.0165,0.0417634057353672,-0.00331473600602762));
#2819=CARTESIAN_POINT('',(-0.0165,0.0418839341844251,-0.00328254887682394));
#2820=CARTESIAN_POINT('',(-0.0165,0.0420078532389914,-0.00324680149549342));
#2821=CARTESIAN_POINT('',(-0.0165,0.0421350891103612,-0.0032072676717662));
#2822=CARTESIAN_POINT('',(-0.0165,0.0422526786982288,-0.00316833002954956));
#2823=CARTESIAN_POINT('',(-0.0165,0.0423281418784585,-0.00314150513507933));
#2824=CARTESIAN_POINT('',(-0.0165,0.0423597976991423,-0.00313015987391643));
#2825=CARTESIAN_POINT('',(-0.0165,0.0423597976991423,-0.00313015987391643));
#2826=CARTESIAN_POINT('',(-0.0165,0.03,2.79428505919827E-17));
#2827=CARTESIAN_POINT('',(-0.0165,0.0425643877648403,-0.00216763929073359));
#2828=CARTESIAN_POINT('',(-0.0165,0.0393372122831342,-0.000840887495262483));
#2829=CARTESIAN_POINT('',(-0.0165,0.039909327044578,-0.00089208258901433));
#2830=CARTESIAN_POINT('',(-0.0165,0.0405230594189264,-0.000947001791525422));
#2831=CARTESIAN_POINT('',(-0.0165,0.0405365722512829,-0.000949103560432003));
#2832=CARTESIAN_POINT('',(-0.0165,0.0405485714951177,-0.000950726808748533));
#2833=CARTESIAN_POINT('',(-0.0165,0.0405626397026738,-0.000953028506538589));
#2834=CARTESIAN_POINT('',(-0.0165,0.0405815347583013,-0.00095644870964107));
#2835=CARTESIAN_POINT('',(-0.0165,0.0406042744539942,-0.000961059661315707));
#2836=CARTESIAN_POINT('',(-0.0165,0.0406311161350399,-0.000967054745888391));
#2837=CARTESIAN_POINT('',(-0.0165,0.0406619191421805,-0.000974587489146984));
#2838=CARTESIAN_POINT('',(-0.0165,0.0406966588332032,-0.000983821910262255));
#2839=CARTESIAN_POINT('',(-0.0165,0.0407352694838353,-0.000994916954703476));
#2840=CARTESIAN_POINT('',(-0.0165,0.0407776913324494,-0.001008030981172));
#2841=CARTESIAN_POINT('',(-0.0165,0.0408238567249165,-0.00102332026765605));
#2842=CARTESIAN_POINT('',(-0.0165,0.0408736942075355,-0.00104093928145286));
#2843=CARTESIAN_POINT('',(-0.0165,0.0409271274005509,-0.00106104043746823));
#2844=CARTESIAN_POINT('',(-0.0165,0.0409840753861632,-0.00108377400627634));
#2845=CARTESIAN_POINT('',(-0.0165,0.0410444526673467,-0.00110928798107153));
#2846=CARTESIAN_POINT('',(-0.0165,0.0411081692537754,-0.00113772795822083));
#2847=CARTESIAN_POINT('',(-0.0165,0.0411751307159833,-0.00116923701588245));
#2848=CARTESIAN_POINT('',(-0.0165,0.0412452382526136,-0.00120395559516365));
#2849=CARTESIAN_POINT('',(-0.0165,0.0413183887579451,-0.00124202138265222));
#2850=CARTESIAN_POINT('',(-0.0165,0.0413944748932112,-0.00128356919466545));
#2851=CARTESIAN_POINT('',(-0.0165,0.0414733851606061,-0.00132873086347265));
#2852=CARTESIAN_POINT('',(-0.0165,0.0415550039803558,-0.00137763512447383));
#2853=CARTESIAN_POINT('',(-0.0165,0.0416392117701368,-0.00143040750869343));
#2854=CARTESIAN_POINT('',(-0.0165,0.0417258850290794,-0.00148717022407395));
#2855=CARTESIAN_POINT('',(-0.0165,0.0418148964175651,-0.00154804208951312));
#2856=CARTESIAN_POINT('',(-0.0165,0.0419061148663748,-0.00161313827598098));
#2857=CARTESIAN_POINT('',(-0.0165,0.0419994055860079,-0.00168257079894363));
#2858=CARTESIAN_POINT('',(-0.0165,0.0420946304717258,-0.0017564461383509));
#2859=CARTESIAN_POINT('',(-0.0165,0.0421916470039969,-0.00183487388079445));
#2860=CARTESIAN_POINT('',(-0.0165,0.0422903129235302,-0.00191793315889898));
#2861=CARTESIAN_POINT('',(-0.0165,0.0423904688211184,-0.00200580059518797));
#2862=CARTESIAN_POINT('',(-0.0165,0.0424820548890964,-0.00208919989559624));
#2863=CARTESIAN_POINT('',(-0.0165,0.0425400832670868,-0.00214439929669369));
#2864=CARTESIAN_POINT('',(-0.0165,0.0425643877648403,-0.00216763929073359));
#2865=CARTESIAN_POINT('',(-0.0165,0.0399316275915804,-0.000894111572485799));
#2866=CARTESIAN_POINT('',(-0.0165,0.039986602607924,-0.000281015769488167));
#2867=CARTESIAN_POINT('',(-0.0165,0.0393712905518224,-0.00026370133356743));
#2868=CARTESIAN_POINT('',(-0.0165,0.03,2.98077650989246E-17));
#2869=CARTESIAN_POINT('',(-0.0165,0.0393712905518224,0.000263701333567488));
#2870=CARTESIAN_POINT('',(-0.0165,0.039986602607924,0.000281015769488225));
#2871=CARTESIAN_POINT('',(-0.0165,0.0399316275915804,0.000894111572485856));
#2872=CARTESIAN_POINT('',(-0.0165,0.0393372122831342,0.00084088749526254));
#2873=CARTESIAN_POINT('',(-0.0165,0.039909327044578,0.000892082589014388));
#2874=CARTESIAN_POINT('',(-0.0165,0.0405230594189264,0.00094700179152548));
#2875=CARTESIAN_POINT('',(-0.0165,0.0405365722512829,0.00094910356043206));
#2876=CARTESIAN_POINT('',(-0.0165,0.0405485714951177,0.000950726808748591));
#2877=CARTESIAN_POINT('',(-0.0165,0.0405626397026738,0.000953028506538646));
#2878=CARTESIAN_POINT('',(-0.0165,0.0405815347583013,0.000956448709641127));
#2879=CARTESIAN_POINT('',(-0.0165,0.0406042744539942,0.000961059661315764));
#2880=CARTESIAN_POINT('',(-0.0165,0.0406311161350399,0.000967054745888448));
#2881=CARTESIAN_POINT('',(-0.0165,0.0406619191421805,0.000974587489147041));
#2882=CARTESIAN_POINT('',(-0.0165,0.0406966588332032,0.000983821910262313));
#2883=CARTESIAN_POINT('',(-0.0165,0.0407352694838353,0.000994916954703533));
#2884=CARTESIAN_POINT('',(-0.0165,0.0407776913324494,0.00100803098117206));
#2885=CARTESIAN_POINT('',(-0.0165,0.0408238567249165,0.00102332026765611));
#2886=CARTESIAN_POINT('',(-0.0165,0.0408736942075355,0.00104093928145292));
#2887=CARTESIAN_POINT('',(-0.0165,0.0409271274005509,0.00106104043746829));
#2888=CARTESIAN_POINT('',(-0.0165,0.0409840753861632,0.0010837740062764));
#2889=CARTESIAN_POINT('',(-0.0165,0.0410444526673467,0.00110928798107158));
#2890=CARTESIAN_POINT('',(-0.0165,0.0411081692537754,0.00113772795822089));
#2891=CARTESIAN_POINT('',(-0.0165,0.0411751307159833,0.00116923701588251));
#2892=CARTESIAN_POINT('',(-0.0165,0.0412452382526136,0.0012039555951637));
#2893=CARTESIAN_POINT('',(-0.0165,0.0413183887579451,0.00124202138265228));
#2894=CARTESIAN_POINT('',(-0.0165,0.0413944748932112,0.0012835691946655));
#2895=CARTESIAN_POINT('',(-0.0165,0.0414733851606061,0.00132873086347271));
#2896=CARTESIAN_POINT('',(-0.0165,0.0415550039803558,0.00137763512447389));
#2897=CARTESIAN_POINT('',(-0.0165,0.0416392117701368,0.00143040750869349));
#2898=CARTESIAN_POINT('',(-0.0165,0.0417258850290794,0.00148717022407401));
#2899=CARTESIAN_POINT('',(-0.0165,0.0418148964175651,0.00154804208951318));
#2900=CARTESIAN_POINT('',(-0.0165,0.0419061148663748,0.00161313827598103));
#2901=CARTESIAN_POINT('',(-0.0165,0.0419994055860079,0.00168257079894368));
#2902=CARTESIAN_POINT('',(-0.0165,0.0420946304717258,0.00175644613835095));
#2903=CARTESIAN_POINT('',(-0.0165,0.0421916470039969,0.0018348738807945));
#2904=CARTESIAN_POINT('',(-0.0165,0.0422903129235302,0.00191793315889904));
#2905=CARTESIAN_POINT('',(-0.0165,0.0423904688211184,0.00200580059518803));
#2906=CARTESIAN_POINT('',(-0.0165,0.0424820548890964,0.0020891998955963));
#2907=CARTESIAN_POINT('',(-0.0165,0.0425400832670868,0.00214439929669375));
#2908=CARTESIAN_POINT('',(-0.0165,0.0425643877648403,0.00216763929073365));
#2909=CARTESIAN_POINT('',(-0.0165,0.0425643877648403,0.00216763929073365));
#2910=CARTESIAN_POINT('',(-0.0165,0.03,2.79428505919827E-17));
#2911=CARTESIAN_POINT('',(-0.0165,0.0423597976991423,0.00313015987391649));
#2912=CARTESIAN_POINT('',(-0.0165,0.0388719876253294,0.00302959742804261));
#2913=CARTESIAN_POINT('',(-0.0165,0.0394154633874712,0.00321552842021577));
#2914=CARTESIAN_POINT('',(-0.0165,0.0399984734623352,0.00341498467791387));
#2915=CARTESIAN_POINT('',(-0.0165,0.040011672915384,0.00341856078054737));
#2916=CARTESIAN_POINT('',(-0.0165,0.0400232950046556,0.003421958401578));
#2917=CARTESIAN_POINT('',(-0.0165,0.0400370831365982,0.00342557775153249));
#2918=CARTESIAN_POINT('',(-0.0165,0.0400557357507671,0.00343013855202066));
#2919=CARTESIAN_POINT('',(-0.0165,0.040078384939481,0.00343517530555357));
#2920=CARTESIAN_POINT('',(-0.0165,0.0401053444558498,0.00344061601851704));
#2921=CARTESIAN_POINT('',(-0.0165,0.040136548245811,0.00344626322685059));
#2922=CARTESIAN_POINT('',(-0.0165,0.0401720405101899,0.00345195706869482));
#2923=CARTESIAN_POINT('',(-0.0165,0.0402118258558223,0.00345752560766828));
#2924=CARTESIAN_POINT('',(-0.0165,0.0402559140980315,0.00346279986865493));
#2925=CARTESIAN_POINT('',(-0.0165,0.0403043069956797,0.00346760956719517));
#2926=CARTESIAN_POINT('',(-0.0165,0.0403570021000726,0.00347178452755277));
#2927=CARTESIAN_POINT('',(-0.0165,0.0404139916275587,0.00347515444533743));
#2928=CARTESIAN_POINT('',(-0.0165,0.0404752627765989,0.00347754912931467));
#2929=CARTESIAN_POINT('',(-0.0165,0.0405407976360286,0.00347879860620073));
#2930=CARTESIAN_POINT('',(-0.0165,0.0406105732149719,0.00347873326473279));
#2931=CARTESIAN_POINT('',(-0.0165,0.0406845614429489,0.00347718398858532));
#2932=CARTESIAN_POINT('',(-0.0165,0.0407627291829732,0.00347398229229051));
#2933=CARTESIAN_POINT('',(-0.0165,0.0408450382454622,0.00346896045601655));
#2934=CARTESIAN_POINT('',(-0.0165,0.0409314454063095,0.00346195166031962));
#2935=CARTESIAN_POINT('',(-0.0165,0.0410219024282157,0.00345279012018562));
#2936=CARTESIAN_POINT('',(-0.0165,0.041116356085208,0.00344131121944547));
#2937=CARTESIAN_POINT('',(-0.0165,0.0412147481914652,0.00342735164128904));
#2938=CARTESIAN_POINT('',(-0.0165,0.041317015629777,0.00341074951087645));
#2939=CARTESIAN_POINT('',(-0.0165,0.041423090397613,0.00339134448805446));
#2940=CARTESIAN_POINT('',(-0.0165,0.0415328996015373,0.00336897804825232));
#2941=CARTESIAN_POINT('',(-0.0165,0.0416463656660085,0.00334349303642084));
#2942=CARTESIAN_POINT('',(-0.0165,0.0417634057353672,0.00331473600602768));
#2943=CARTESIAN_POINT('',(-0.0165,0.0418839341844251,0.003282548876824));
#2944=CARTESIAN_POINT('',(-0.0165,0.0420078532389914,0.00324680149549348));
#2945=CARTESIAN_POINT('',(-0.0165,0.0421350891103612,0.00320726767176626));
#2946=CARTESIAN_POINT('',(-0.0165,0.0422526786982288,0.00316833002954961));
#2947=CARTESIAN_POINT('',(-0.0165,0.0423281418784585,0.00314150513507938));
#2948=CARTESIAN_POINT('',(-0.0165,0.0423597976991423,0.00313015987391649));
#2949=CARTESIAN_POINT('',(-0.0165,0.0394366612128143,0.00322274530120832));
#2950=CARTESIAN_POINT('',(-0.0165,0.0392375148604837,0.00380519654073718));
#2951=CARTESIAN_POINT('',(-0.0165,0.0386683569110561,0.00357074410488136));
#2952=CARTESIAN_POINT('',(-0.0165,0.03,4.17088161521005E-17));
#2953=CARTESIAN_POINT('',(-0.0165,0.0384538429206765,0.00405255041579106));
#2954=CARTESIAN_POINT('',(-0.0165,0.0390089160390177,0.00431863790022094));
#2955=CARTESIAN_POINT('',(-0.0165,0.0387093253337581,0.00485636843254854));
#2956=CARTESIAN_POINT('',(-0.0165,0.0381879481112744,0.00456597533141367));
#2957=CARTESIAN_POINT('',(-0.0165,0.0386897780322671,0.00484544441428801));
#2958=CARTESIAN_POINT('',(-0.0165,0.0392281128029916,0.00514524304796883));
#2959=CARTESIAN_POINT('',(-0.0165,0.0392396025231811,0.00515265927347757));
#2960=CARTESIAN_POINT('',(-0.0165,0.0392499041433105,0.0051590227167606));
#2961=CARTESIAN_POINT('',(-0.0165,0.0392618199055881,0.00516684747783702));
#2962=CARTESIAN_POINT('',(-0.0165,0.0392776902758999,0.00517765730034216));
#2963=CARTESIAN_POINT('',(-0.0165,0.0392965885786027,0.00519111868179062));
#2964=CARTESIAN_POINT('',(-0.0165,0.0393186712538235,0.0052075129593132));
#2965=CARTESIAN_POINT('',(-0.0165,0.0393437473583724,0.00522692317442171));
#2966=CARTESIAN_POINT('',(-0.0165,0.0393717276678609,0.00524948914319357));
#2967=CARTESIAN_POINT('',(-0.0165,0.0394024874912317,0.00527532933707027));
#2968=CARTESIAN_POINT('',(-0.0165,0.0394359078232349,0.00530456411668037));
#2969=CARTESIAN_POINT('',(-0.0165,0.0394718632947639,0.00533730873165682));
#2970=CARTESIAN_POINT('',(-0.0165,0.0395102258021049,0.00537367523205885));
#2971=CARTESIAN_POINT('',(-0.0165,0.0395508635761517,0.00541377178938592));
#2972=CARTESIAN_POINT('',(-0.0165,0.0395936415742676,0.00545770277040447));
#2973=CARTESIAN_POINT('',(-0.0165,0.0396384214967779,0.00550556859885164));
#2974=CARTESIAN_POINT('',(-0.0165,0.0396850619140514,0.0055574656812641));
#2975=CARTESIAN_POINT('',(-0.0165,0.0397334183653489,0.00561348631811938));
#2976=CARTESIAN_POINT('',(-0.0165,0.0397833434685948,0.00567371862262085));
#2977=CARTESIAN_POINT('',(-0.0165,0.0398346870298455,0.00573824644085045));
#2978=CARTESIAN_POINT('',(-0.0165,0.039887296155522,0.00580714927503285));
#2979=CARTESIAN_POINT('',(-0.0165,0.0399410153662956,0.00588050220969563));
#2980=CARTESIAN_POINT('',(-0.0165,0.0399956867133845,0.00595837583994946));
#2981=CARTESIAN_POINT('',(-0.0165,0.0400511498948324,0.0060408362055786));
#2982=CARTESIAN_POINT('',(-0.0165,0.0401072423805327,0.00612794471676468));
#2983=CARTESIAN_POINT('',(-0.0165,0.0401637995119558,0.00621975812628306));
#2984=CARTESIAN_POINT('',(-0.0165,0.0402206547071581,0.00631632833739605));
#2985=CARTESIAN_POINT('',(-0.0165,0.0402776392690091,0.00641770285749495));
#2986=CARTESIAN_POINT('',(-0.0165,0.0403345837232546,0.00652392278859643));
#2987=CARTESIAN_POINT('',(-0.0165,0.0403913132989416,0.00663503027511768));
#2988=CARTESIAN_POINT('',(-0.0165,0.0404476658496027,0.00675103974624211));
#2989=CARTESIAN_POINT('',(-0.0165,0.0405034239088288,0.00687204771710791));
#2990=CARTESIAN_POINT('',(-0.0165,0.0405531703937305,0.00698548817900835));
#2991=CARTESIAN_POINT('',(-0.0165,0.0405837303357558,0.00705951760881245));
#2992=CARTESIAN_POINT('',(-0.0165,0.0405964810421179,0.00709063392963114));
#2993=CARTESIAN_POINT('',(-0.0165,0.0405964810421179,0.00709063392963114));
#2994=CARTESIAN_POINT('',(-0.0165,0.03,2.79428505919827E-17));
#2995=CARTESIAN_POINT('',(-0.0165,0.0400180863260255,0.0078867259597567));
#2996=CARTESIAN_POINT('',(-0.0165,0.0368727157076279,0.00637623743301055));
#2997=CARTESIAN_POINT('',(-0.0165,0.0372935805738712,0.00676714535343196));
#2998=CARTESIAN_POINT('',(-0.0165,0.0377450606108265,0.00718648927238001));
#2999=CARTESIAN_POINT('',(-0.0165,0.0377556643792221,0.00719512490592039));
#3000=CARTESIAN_POINT('',(-0.0165,0.037764899749112,0.00720295591675559));
#3001=CARTESIAN_POINT('',(-0.0165,0.0377760237121669,0.00721187049596672));
#3002=CARTESIAN_POINT('',(-0.0165,0.0377912086784338,0.00722362369620756));
#3003=CARTESIAN_POINT('',(-0.0165,0.0378098511096788,0.0072374372545047));
#3004=CARTESIAN_POINT('',(-0.0165,0.037832266916071,0.00725337301630561));
#3005=CARTESIAN_POINT('',(-0.0165,0.037858476070091,0.00727122372260717));
#3006=CARTESIAN_POINT('',(-0.0165,0.0378885839728778,0.0072908613104291));
#3007=CARTESIAN_POINT('',(-0.0165,0.0379226647658121,0.00731213058184015));
#3008=CARTESIAN_POINT('',(-0.0165,0.0379607961440094,0.00733488116264222));
#3009=CARTESIAN_POINT('',(-0.0165,0.0380030489751996,0.00735895820563441));
#3010=CARTESIAN_POINT('',(-0.0165,0.0380494902390969,0.00738420525157227));
#3011=CARTESIAN_POINT('',(-0.0165,0.0381001820940179,0.00741046355375724));
#3012=CARTESIAN_POINT('',(-0.0165,0.038155182068186,0.00743757242790514));
#3013=CARTESIAN_POINT('',(-0.0165,0.038214542933301,0.00746536931056772));
#3014=CARTESIAN_POINT('',(-0.0165,0.0382783126732684,0.00749368990291454));
#3015=CARTESIAN_POINT('',(-0.0165,0.0383465344302351,0.00752236829220186));
#3016=CARTESIAN_POINT('',(-0.0165,0.0384192464612716,0.00755123708126931));
#3017=CARTESIAN_POINT('',(-0.0165,0.0384964820962594,0.00758012751732369));
#3018=CARTESIAN_POINT('',(-0.0165,0.038578269699593,0.00760886962239196));
#3019=CARTESIAN_POINT('',(-0.0165,0.0386646326351469,0.00763729232445032));
#3020=CARTESIAN_POINT('',(-0.0165,0.0387555892340032,0.0076652235901917));
#3021=CARTESIAN_POINT('',(-0.0165,0.0388511527677004,0.00769249055598048));
#3022=CARTESIAN_POINT('',(-0.0165,0.0389513314162268,0.00771891966970976));
#3023=CARTESIAN_POINT('',(-0.0165,0.0390561282723953,0.00774433679423997));
#3024=CARTESIAN_POINT('',(-0.0165,0.0391655412224904,0.00776856746173808));
#3025=CARTESIAN_POINT('',(-0.0165,0.0392795633184457,0.00779143655110748));
#3026=CARTESIAN_POINT('',(-0.0165,0.0393981812801774,0.00781277018153284));
#3027=CARTESIAN_POINT('',(-0.0165,0.0395213811822136,0.00783238911261923));
#3028=CARTESIAN_POINT('',(-0.0165,0.0396491266415092,0.00785013467504953));
#3029=CARTESIAN_POINT('',(-0.0165,0.0397814422485989,0.00786577022116004));
#3030=CARTESIAN_POINT('',(-0.0165,0.0399047030483459,0.00787802690921165));
#3031=CARTESIAN_POINT('',(-0.0165,0.0399845527613917,0.00788421478931905));
#3032=CARTESIAN_POINT('',(-0.0165,0.0400180863260255,0.0078867259597567));
#3033=CARTESIAN_POINT('',(-0.0165,0.0373100103809769,0.0067823602346016));
#3034=CARTESIAN_POINT('',(-0.0165,0.0368911768734779,0.00723345579994376));
#3035=CARTESIAN_POINT('',(-0.0165,0.036466585610818,0.00678777544840437));
#3036=CARTESIAN_POINT('',(-0.0165,0.03,5.13645989552374E-17));
#3037=CARTESIAN_POINT('',(-0.0165,0.0360746490477938,0.00714067671485963));
#3038=CARTESIAN_POINT('',(-0.0165,0.0364735060435325,0.00760952830441183));
#3039=CARTESIAN_POINT('',(-0.0165,0.0359811016039923,0.00797891507190143));
#3040=CARTESIAN_POINT('',(-0.0165,0.035622913325802,0.00750156455217972));
#3041=CARTESIAN_POINT('',(-0.0165,0.0359676874540221,0.00796098488085068));
#3042=CARTESIAN_POINT('',(-0.0165,0.0363375416486466,0.00845382503835271));
#3043=CARTESIAN_POINT('',(-0.0165,0.0363450215796676,0.00846527338769886));
#3044=CARTESIAN_POINT('',(-0.0165,0.0363518443323838,0.00847527672879468));
#3045=CARTESIAN_POINT('',(-0.0165,0.0363595473058337,0.00848727158088165));
#3046=CARTESIAN_POINT('',(-0.0165,0.0363696488596252,0.00850360190627415));
#3047=CARTESIAN_POINT('',(-0.0165,0.0363814380811151,0.00852358612235117));
#3048=CARTESIAN_POINT('',(-0.0165,0.0363949434553503,0.00854754487330267));
#3049=CARTESIAN_POINT('',(-0.0165,0.0364099567710218,0.00857547635773256));
#3050=CARTESIAN_POINT('',(-0.0165,0.0364263396492724,0.00860747201315497));
#3051=CARTESIAN_POINT('',(-0.0165,0.0364439299924769,0.00864358935219508));
#3052=CARTESIAN_POINT('',(-0.0165,0.0364625701288516,0.00868388992596253));
#3053=CARTESIAN_POINT('',(-0.0165,0.03648209865177,0.00872842802802646));
#3054=CARTESIAN_POINT('',(-0.0165,0.0365023529578012,0.00877725391673492));
#3055=CARTESIAN_POINT('',(-0.0165,0.0365231686725643,0.00883041281634605));
#3056=CARTESIAN_POINT('',(-0.0165,0.0365443799786836,0.00888794514385649));
#3057=CARTESIAN_POINT('',(-0.0165,0.0365658196871058,0.00894988638936973));
#3058=CARTESIAN_POINT('',(-0.0165,0.0365873193833627,0.00901626710002604));
#3059=CARTESIAN_POINT('',(-0.0165,0.0366087095540158,0.0090871128390312));
#3060=CARTESIAN_POINT('',(-0.0165,0.0366298197199708,0.00916244415611133));
#3061=CARTESIAN_POINT('',(-0.0165,0.0366504785689588,0.00924227655909323));
#3062=CARTESIAN_POINT('',(-0.0165,0.0366705140892774,0.00932662048945208));
#3063=CARTESIAN_POINT('',(-0.0165,0.0366897537038632,0.00941548130117673));
#3064=CARTESIAN_POINT('',(-0.0165,0.0367080244057058,0.00950885924255261));
#3065=CARTESIAN_POINT('',(-0.0165,0.0367251528908812,0.00960674944324512));
#3066=CARTESIAN_POINT('',(-0.0165,0.0367409657029775,0.00970914189729669));
#3067=CARTESIAN_POINT('',(-0.0165,0.0367552893355095,0.00981602147828991));
#3068=CARTESIAN_POINT('',(-0.0165,0.0367679504973407,0.00992736784723378));
#3069=CARTESIAN_POINT('',(-0.0165,0.036778775752977,0.0100431557889852));
#3070=CARTESIAN_POINT('',(-0.0165,0.036787593562287,0.0101633539207157));
#3071=CARTESIAN_POINT('',(-0.0165,0.0367942271223815,0.0102879296575153));
#3072=CARTESIAN_POINT('',(-0.0165,0.0367985224362145,0.0104168302301892));
#3073=CARTESIAN_POINT('',(-0.0165,0.036800241582092,0.0105500553581462));
#3074=CARTESIAN_POINT('',(-0.0165,0.0367995468647453,0.010673922095102));
#3075=CARTESIAN_POINT('',(-0.0165,0.036797354279201,0.0107539811926634));
#3076=CARTESIAN_POINT('',(-0.0165,0.0367963464812052,0.0107875935457084));
#3077=CARTESIAN_POINT('',(-0.0165,0.0367963464812052,0.0107875935457084));
#3078=CARTESIAN_POINT('',(-0.0165,0.03,2.79428505919827E-17));
#3079=CARTESIAN_POINT('',(-0.0165,0.035944156815682,0.0112796054784989));
#3080=CARTESIAN_POINT('',(-0.0165,0.0336850888074155,0.00862036805951241));
#3081=CARTESIAN_POINT('',(-0.0165,0.0339105714189494,0.00914866137745423));
#3082=CARTESIAN_POINT('',(-0.0165,0.0341524564180391,0.00971538458444622));
#3083=CARTESIAN_POINT('',(-0.0165,0.0341586310138937,0.00972758656940207));
#3084=CARTESIAN_POINT('',(-0.0165,0.0341638827850474,0.00973849691712592));
#3085=CARTESIAN_POINT('',(-0.0165,0.0341704191449443,0.00975116531386169));
#3086=CARTESIAN_POINT('',(-0.0165,0.0341795108446906,0.00976807867875908));
#3087=CARTESIAN_POINT('',(-0.0165,0.0341909230727431,0.00978828055209864));
#3088=CARTESIAN_POINT('',(-0.0165,0.0342049192725924,0.00981195592474977));
#3089=CARTESIAN_POINT('',(-0.0165,0.0342216019898384,0.00983892357973121));
#3090=CARTESIAN_POINT('',(-0.0165,0.0342411196011196,0.00986910939619456));
#3091=CARTESIAN_POINT('',(-0.0165,0.0342636029626432,0.00990240174979095));
#3092=CARTESIAN_POINT('',(-0.0165,0.0342891842151255,0.00993869486830523));
#3093=CARTESIAN_POINT('',(-0.0165,0.03431799108149,0.00997787611628295));
#3094=CARTESIAN_POINT('',(-0.0165,0.0343501483884583,0.0100198298041962));
#3095=CARTESIAN_POINT('',(-0.0165,0.0343857774885772,0.0100644361917845));
#3096=CARTESIAN_POINT('',(-0.0165,0.0344249962926804,0.0101115718854865));
#3097=CARTESIAN_POINT('',(-0.0165,0.0344679191306259,0.0101611098403865));
#3098=CARTESIAN_POINT('',(-0.0165,0.034514656664247,0.0102129194788468));
#3099=CARTESIAN_POINT('',(-0.0165,0.0345653157886489,0.0102668667795262));
#3100=CARTESIAN_POINT('',(-0.0165,0.0346199995399633,0.0103228143780614));
#3101=CARTESIAN_POINT('',(-0.0165,0.0346788070044967,0.0103806216675889));
#3102=CARTESIAN_POINT('',(-0.0165,0.0347418332306833,0.0104401449023423));
#3103=CARTESIAN_POINT('',(-0.0165,0.0348091691437448,0.010501237303195));
#3104=CARTESIAN_POINT('',(-0.0165,0.034880901462208,0.0105637491658236));
#3105=CARTESIAN_POINT('',(-0.0165,0.0349571126202017,0.0106275279694601));
#3106=CARTESIAN_POINT('',(-0.0165,0.035037880680518,0.0106924184934665));
#3107=CARTESIAN_POINT('',(-0.0165,0.035123279296538,0.0107582629136103));
#3108=CARTESIAN_POINT('',(-0.0165,0.0352133774997469,0.0108249009858695));
#3109=CARTESIAN_POINT('',(-0.0165,0.0353082401709374,0.0108921699031287));
#3110=CARTESIAN_POINT('',(-0.0165,0.0354079259018484,0.0109599054158621));
#3111=CARTESIAN_POINT('',(-0.0165,0.0355124948745648,0.0110279381158213));
#3112=CARTESIAN_POINT('',(-0.0165,0.0356219783881463,0.0110961082530549));
#3113=CARTESIAN_POINT('',(-0.0165,0.0357364951604408,0.0111642096410361));
#3114=CARTESIAN_POINT('',(-0.0165,0.0358441142600017,0.0112255413666433));
#3115=CARTESIAN_POINT('',(-0.0165,0.0359145437650661,0.0112636720806427));
#3116=CARTESIAN_POINT('',(-0.0165,0.035944156815682,0.0112796054784989));
#3117=CARTESIAN_POINT('',(-0.0165,0.033919392344909,0.00916924346762388));
#3118=CARTESIAN_POINT('',(-0.0165,0.0333532918006711,0.00941098483745711));
#3119=CARTESIAN_POINT('',(-0.0165,0.0331466829113835,0.0088311387518942));
#3120=CARTESIAN_POINT('',(-0.0165,0.03,5.71055409416401E-17));
#3121=CARTESIAN_POINT('',(-0.0165,0.0326450931680934,0.00899411513891756));
#3122=CARTESIAN_POINT('',(-0.0165,0.0328187680431642,0.00958466213437552));
#3123=CARTESIAN_POINT('',(-0.0165,0.0322186910702939,0.00972183480915473));
#3124=CARTESIAN_POINT('',(-0.0165,0.0320856257437344,0.00914006511229941));
#3125=CARTESIAN_POINT('',(-0.0165,0.0322137295002383,0.0096999987382371));
#3126=CARTESIAN_POINT('',(-0.0165,0.0323511519684921,0.010300663879016));
#3127=CARTESIAN_POINT('',(-0.0165,0.0323533287623181,0.0103141648285926));
#3128=CARTESIAN_POINT('',(-0.0165,0.0323554929316937,0.0103260783989482));
#3129=CARTESIAN_POINT('',(-0.0165,0.0323576512022272,0.0103401693231501));
#3130=CARTESIAN_POINT('',(-0.0165,0.0323602372890781,0.0103591964898133));
#3131=CARTESIAN_POINT('',(-0.0165,0.0323628789658576,0.0103822480880082));
#3132=CARTESIAN_POINT('',(-0.0165,0.0323654718372097,0.0104096286266907));
#3133=CARTESIAN_POINT('',(-0.0165,0.0323678264253323,0.0104412517730345));
#3134=CARTESIAN_POINT('',(-0.0165,0.0323697791238618,0.0104771447756135));
#3135=CARTESIAN_POINT('',(-0.0165,0.0323711584567566,0.0105172942437813));
#3136=CARTESIAN_POINT('',(-0.0165,0.0323717953485834,0.0105616922763824));
#3137=CARTESIAN_POINT('',(-0.0165,0.0323715202638675,0.010610322823071));
#3138=CARTESIAN_POINT('',(-0.0165,0.0323701642150716,0.010663165660359));
#3139=CARTESIAN_POINT('',(-0.0165,0.0323675586443635,0.010720195245578));
#3140=CARTESIAN_POINT('',(-0.0165,0.0323635356309595,0.0107813810574889));
#3141=CARTESIAN_POINT('',(-0.0165,0.0323579280049339,0.0108466875160005));
#3142=CARTESIAN_POINT('',(-0.0165,0.0323505694873727,0.0109160740269783));
#3143=CARTESIAN_POINT('',(-0.0165,0.0323412948225518,0.010989494996246));
#3144=CARTESIAN_POINT('',(-0.0165,0.0323299399117424,0.0110668998568181));
#3145=CARTESIAN_POINT('',(-0.0165,0.032316341945798,0.0111482330968222));
#3146=CARTESIAN_POINT('',(-0.0165,0.0323003395372786,0.0112334342915579));
#3147=CARTESIAN_POINT('',(-0.0165,0.0322817728515284,0.0113224381387221));
#3148=CARTESIAN_POINT('',(-0.0165,0.0322604837377922,0.0114151744968441));
#3149=CARTESIAN_POINT('',(-0.0165,0.0322363158560008,0.0115115684275957));
#3150=CARTESIAN_POINT('',(-0.0165,0.0322091148156266,0.011611540239001));
#3151=CARTESIAN_POINT('',(-0.0165,0.0321787282630766,0.0117150055409448));
#3152=CARTESIAN_POINT('',(-0.0165,0.0321450061616331,0.0118218752689792));
#3153=CARTESIAN_POINT('',(-0.0165,0.0321078003260108,0.0119320558453539));
#3154=CARTESIAN_POINT('',(-0.0165,0.0320669668110483,0.0120454488287714));
#3155=CARTESIAN_POINT('',(-0.0165,0.0320223573527461,0.0121619525392217));
#3156=CARTESIAN_POINT('',(-0.0165,0.0319738527309674,0.0122814561334049));
#3157=CARTESIAN_POINT('',(-0.0165,0.0319212357075562,0.0124038625835171));
#3158=CARTESIAN_POINT('',(-0.0165,0.0318702199109017,0.0125167379114146));
#3159=CARTESIAN_POINT('',(-0.0165,0.0318356539157474,0.0125889837314508));
#3160=CARTESIAN_POINT('',(-0.0165,0.0318210618708227,0.012619280235522));
#3161=CARTESIAN_POINT('',(-0.0165,0.0318210618708227,0.012619280235522));
#3162=CARTESIAN_POINT('',(-0.0165,0.03,2.79428505919827E-17));
#3163=CARTESIAN_POINT('',(-0.0165,0.0308424285909375,0.0127221387380099));
#3164=CARTESIAN_POINT('',(-0.0165,0.0298602765744201,0.0093739587349393));
#3165=CARTESIAN_POINT('',(-0.0165,0.0298513889392653,0.00994829073633526));
#3166=CARTESIAN_POINT('',(-0.0165,0.0298418547866904,0.0105644016403636));
#3167=CARTESIAN_POINT('',(-0.0165,0.0298425325662864,0.0105780601426845));
#3168=CARTESIAN_POINT('',(-0.0165,0.0298428926597605,0.0105901633290581));
#3169=CARTESIAN_POINT('',(-0.0165,0.0298437112204924,0.0106043950624341));
#3170=CARTESIAN_POINT('',(-0.0165,0.0298451376162363,0.0106235441175442));
#3171=CARTESIAN_POINT('',(-0.0165,0.0298473463631893,0.0106466412184976));
#3172=CARTESIAN_POINT('',(-0.0165,0.0298505028863901,0.0106739625149835));
#3173=CARTESIAN_POINT('',(-0.0165,0.0298547745734926,0.0107053841661051));
#3174=CARTESIAN_POINT('',(-0.0165,0.0298603271209658,0.0107408988093138));
#3175=CARTESIAN_POINT('',(-0.0165,0.0298673254736163,0.0107804576947072));
#3176=CARTESIAN_POINT('',(-0.0165,0.0298759333694311,0.0108240179410299));
#3177=CARTESIAN_POINT('',(-0.0165,0.0298863133020733,0.0108715286002674));
#3178=CARTESIAN_POINT('',(-0.0165,0.0298986263615978,0.0109229347563785));
#3179=CARTESIAN_POINT('',(-0.0165,0.0299130321118239,0.0109781763797198));
#3180=CARTESIAN_POINT('',(-0.0165,0.0299296884583412,0.0110371887033205));
#3181=CARTESIAN_POINT('',(-0.0165,0.0299487515204944,0.0110999021680175));
#3182=CARTESIAN_POINT('',(-0.0165,0.0299703755036092,0.0111662424954258));
#3183=CARTESIAN_POINT('',(-0.0165,0.0299947125726133,0.0112361307291138));
#3184=CARTESIAN_POINT('',(-0.0165,0.0300219127268171,0.0113094832890621));
#3185=CARTESIAN_POINT('',(-0.0165,0.0300521236760294,0.0113862120265408));
#3186=CARTESIAN_POINT('',(-0.0165,0.0300854907179858,0.0114662242829387));
#3187=CARTESIAN_POINT('',(-0.0165,0.0301221566174592,0.0115494229514713));
#3188=CARTESIAN_POINT('',(-0.0165,0.0301622614859995,0.0116357065420362));
#3189=CARTESIAN_POINT('',(-0.0165,0.0302059426667157,0.0117249692489595));
#3190=CARTESIAN_POINT('',(-0.0165,0.0302533346074385,0.0118171010221304));
#3191=CARTESIAN_POINT('',(-0.0165,0.0303045687867779,0.0119119876394672));
#3192=CARTESIAN_POINT('',(-0.0165,0.0303597734452495,0.012009510788406));
#3193=CARTESIAN_POINT('',(-0.0165,0.030419074074026,0.0121095481266419));
#3194=CARTESIAN_POINT('',(-0.0165,0.0304825910056255,0.0122119734361739));
#3195=CARTESIAN_POINT('',(-0.0165,0.03055044812366,0.0123166564331253));
#3196=CARTESIAN_POINT('',(-0.0165,0.0306227389974028,0.0124234639091282));
#3197=CARTESIAN_POINT('',(-0.0165,0.0306996559446199,0.0125322557903165));
#3198=CARTESIAN_POINT('',(-0.0165,0.0307730250239918,0.0126320577409406));
#3199=CARTESIAN_POINT('',(-0.0165,0.0308218564198172,0.0126955381419748));
#3200=CARTESIAN_POINT('',(-0.0165,0.0308424285909375,0.0127221387380099));
#3201=CARTESIAN_POINT('',(-0.0165,0.0298510757658448,0.00997068120513217));
#3202=CARTESIAN_POINT('',(-0.0165,0.0292355921118287,0.00996126910046092));
#3203=CARTESIAN_POINT('',(-0.0165,0.029282690149854,0.00934751793680462));
#3204=CARTESIAN_POINT('',(-0.0165,0.03,5.79389810870388E-17));
#3205=CARTESIAN_POINT('',(-0.0165,0.0287581766497127,0.00929238934648574));
#3206=CARTESIAN_POINT('',(-0.0165,0.0286766394404292,0.00990252080738376));
#3207=CARTESIAN_POINT('',(-0.0165,0.0280726486943662,0.00978376098780863));
#3208=CARTESIAN_POINT('',(-0.0165,0.0281877145232602,0.00919816537961774));
#3209=CARTESIAN_POINT('',(-0.0165,0.0280769976047621,0.00976179469206026));
#3210=CARTESIAN_POINT('',(-0.0165,0.0279582267534404,0.0103664243564038));
#3211=CARTESIAN_POINT('',(-0.0165,0.0279547240226432,0.0103796434693768));
#3212=CARTESIAN_POINT('',(-0.0165,0.0279518554041324,0.0103914073044464));
#3213=CARTESIAN_POINT('',(-0.0165,0.0279480957871669,0.0104051578519566));
#3214=CARTESIAN_POINT('',(-0.0165,0.0279427192491667,0.010423591889918));
#3215=CARTESIAN_POINT('',(-0.0165,0.0279357566113218,0.0104457250394858));
#3216=CARTESIAN_POINT('',(-0.0165,0.0279269886487785,0.0104717930220167));
#3217=CARTESIAN_POINT('',(-0.0165,0.0279162773796752,0.0105016399009843));
#3218=CARTESIAN_POINT('',(-0.0165,0.027903462259168,0.0105352240244963));
#3219=CARTESIAN_POINT('',(-0.0165,0.0278883920825648,0.010572463413999));
#3220=CARTESIAN_POINT('',(-0.0165,0.0278709156054608,0.0106132820822537));
#3221=CARTESIAN_POINT('',(-0.0165,0.0278508844777572,0.0106575964102499));
#3222=CARTESIAN_POINT('',(-0.0165,0.0278281525472901,0.0107053191894881));
#3223=CARTESIAN_POINT('',(-0.0165,0.0278025762179573,0.0107563585269331));
#3224=CARTESIAN_POINT('',(-0.0165,0.0277740145005955,0.0108106182405095));
#3225=CARTESIAN_POINT('',(-0.0165,0.0277423291496054,0.0108679978320521));
#3226=CARTESIAN_POINT('',(-0.0165,0.0277073847727626,0.0109283925852468));
#3227=CARTESIAN_POINT('',(-0.0165,0.027669048946273,0.0109916936321821));
#3228=CARTESIAN_POINT('',(-0.0165,0.0276271923259343,0.0110577880326522));
#3229=CARTESIAN_POINT('',(-0.0165,0.0275816887569029,0.0111265588535924));
#3230=CARTESIAN_POINT('',(-0.0165,0.0275324153813558,0.0111978852521065));
#3231=CARTESIAN_POINT('',(-0.0165,0.0274792527439088,0.0112716425609611));
#3232=CARTESIAN_POINT('',(-0.0165,0.0274220848957641,0.0113477023770266));
#3233=CARTESIAN_POINT('',(-0.0165,0.027360799493326,0.011425932651499));
#3234=CARTESIAN_POINT('',(-0.0165,0.0272952879074758,0.0115061977858507));
#3235=CARTESIAN_POINT('',(-0.0165,0.027225445280833,0.0115883587180862));
#3236=CARTESIAN_POINT('',(-0.0165,0.02715117077381,0.0116722730583529));
#3237=CARTESIAN_POINT('',(-0.0165,0.0270723670739125,0.0117577950467367));
#3238=CARTESIAN_POINT('',(-0.0165,0.0269889427203754,0.0118447762048654));
#3239=CARTESIAN_POINT('',(-0.0165,0.026900803624281,0.0119330633390265));
#3240=CARTESIAN_POINT('',(-0.0165,0.0268078859566469,0.0120225066976286));
#3241=CARTESIAN_POINT('',(-0.0165,0.0267100307253056,0.0121129292826438));
#3242=CARTESIAN_POINT('',(-0.0165,0.0266175149440487,0.0121952960318494));
#3243=CARTESIAN_POINT('',(-0.0165,0.0265565523138688,0.0122472366157435));
#3244=CARTESIAN_POINT('',(-0.0165,0.0265308991191472,0.0122689787300519));
#3245=CARTESIAN_POINT('',(-0.0165,0.0265308991191472,0.0122689787300519));
#3246=CARTESIAN_POINT('',(-0.0165,0.03,2.79428505919827E-17));
#3247=CARTESIAN_POINT('',(-0.0165,0.0255950368095964,0.0119648986327169));
#3248=CARTESIAN_POINT('',(-0.0165,0.0260596237910549,0.00850670678535355));
#3249=CARTESIAN_POINT('',(-0.0165,0.0258179026620713,0.00902777024951987));
#3250=CARTESIAN_POINT('',(-0.0165,0.0255585978994272,0.00958673767808615));
#3251=CARTESIAN_POINT('',(-0.0165,0.025553661668515,0.00959949101863723));
#3252=CARTESIAN_POINT('',(-0.0165,0.0255490678208763,0.00961069429278269));
#3253=CARTESIAN_POINT('',(-0.0165,0.0255440270458562,0.009624028566807));
#3254=CARTESIAN_POINT('',(-0.0165,0.0255375415008154,0.00964210226653756));
#3255=CARTESIAN_POINT('',(-0.0165,0.0255301648542548,0.00966410089651922));
#3256=CARTESIAN_POINT('',(-0.0165,0.0255219359092698,0.0096903440164714));
#3257=CARTESIAN_POINT('',(-0.0165,0.0255130579527215,0.00972078657479745));
#3258=CARTESIAN_POINT('',(-0.0165,0.0255036853504853,0.00975548924030033));
#3259=CARTESIAN_POINT('',(-0.0165,0.0254939886155114,0.00979447456682501));
#3260=CARTESIAN_POINT('',(-0.0165,0.0254841347712721,0.00983776997863459));
#3261=CARTESIAN_POINT('',(-0.0165,0.0254742929855394,0.00988539502452881));
#3262=CARTESIAN_POINT('',(-0.0165,0.0254646327577676,0.00993736505743596));
#3263=CARTESIAN_POINT('',(-0.0165,0.0254553242730147,0.00999369013800021));
#3264=CARTESIAN_POINT('',(-0.0165,0.025446538128315,0.0100543753246389));
#3265=CARTESIAN_POINT('',(-0.0165,0.0254384452380474,0.0101194205713528));
#3266=CARTESIAN_POINT('',(-0.0165,0.0254312166875274,0.0101888207424172));
#3267=CARTESIAN_POINT('',(-0.0165,0.0254250236008076,0.0102625655985946));
#3268=CARTESIAN_POINT('',(-0.0165,0.0254200370041333,0.0103406397959538));
#3269=CARTESIAN_POINT('',(-0.0165,0.0254164276904477,0.0104230228856148));
#3270=CARTESIAN_POINT('',(-0.0165,0.0254143660834899,0.0105096893176376));
#3271=CARTESIAN_POINT('',(-0.0165,0.0254140221022567,0.0106006084482246));
#3272=CARTESIAN_POINT('',(-0.0165,0.0254155650247622,0.0106957445500554));
#3273=CARTESIAN_POINT('',(-0.0165,0.0254191633552242,0.0107950568273121));
#3274=CARTESIAN_POINT('',(-0.0165,0.0254249846792602,0.0108984994290754));
#3275=CARTESIAN_POINT('',(-0.0165,0.0254331955668634,0.0110060214854497));
#3276=CARTESIAN_POINT('',(-0.0165,0.0254439612936292,0.0111175670726467));
#3277=CARTESIAN_POINT('',(-0.0165,0.0254574462625472,0.0112330754672676));
#3278=CARTESIAN_POINT('',(-0.0165,0.0254738117403281,0.0113524803070754));
#3279=CARTESIAN_POINT('',(-0.0165,0.0254932238915101,0.011475712959831));
#3280=CARTESIAN_POINT('',(-0.0165,0.025515822376602,0.0116026897916868));
#3281=CARTESIAN_POINT('',(-0.0165,0.0255418398597996,0.0117333610614816));
#3282=CARTESIAN_POINT('',(-0.0165,0.0255682727386219,0.0118543765731874));
#3283=CARTESIAN_POINT('',(-0.0165,0.0255870626332508,0.0119322303232162));
#3284=CARTESIAN_POINT('',(-0.0165,0.0255950368095964,0.0119648986327169));
#3285=CARTESIAN_POINT('',(-0.0165,0.0258085095398002,0.00904809758147802));
#3286=CARTESIAN_POINT('',(-0.0165,0.0252500654912788,0.00878915944070623));
#3287=CARTESIAN_POINT('',(-0.0165,0.0255427267779701,0.008247626350907));
#3288=CARTESIAN_POINT('',(-0.0165,0.03,5.37208100187281E-17));
#3289=CARTESIAN_POINT('',(-0.0165,0.0250859826702076,0.00798392501733954));
#3290=CARTESIAN_POINT('',(-0.0165,0.0247633319007972,0.00850814367121803));
#3291=CARTESIAN_POINT('',(-0.0165,0.0242598628686195,0.00815398600899219));
#3292=CARTESIAN_POINT('',(-0.0165,0.0246031639258109,0.00766581929009104));
#3293=CARTESIAN_POINT('',(-0.0165,0.0242727702933508,0.00813568766050551));
#3294=CARTESIAN_POINT('',(-0.0165,0.0239183426816464,0.0086397358865607));
#3295=CARTESIAN_POINT('',(-0.0165,0.0239097660802021,0.0086503874582052));
#3296=CARTESIAN_POINT('',(-0.0165,0.023902360684006,0.00865996748403412));
#3297=CARTESIAN_POINT('',(-0.0165,0.0238933332514699,0.00867100006026838));
#3298=CARTESIAN_POINT('',(-0.0165,0.0238809237408833,0.00868565355689646));
#3299=CARTESIAN_POINT('',(-0.0165,0.023865560691751,0.00870304123520349));
#3300=CARTESIAN_POINT('',(-0.0165,0.0238469479556904,0.00872328927058298));
#3301=CARTESIAN_POINT('',(-0.0165,0.0238250229050979,0.00874619908565044));
#3302=CARTESIAN_POINT('',(-0.0165,0.0237996558163115,0.00877166733003805));
#3303=CARTESIAN_POINT('',(-0.0165,0.0237707419006532,0.00879955761212151));
#3304=CARTESIAN_POINT('',(-0.0165,0.0237381738962786,0.00882973899746256));
#3305=CARTESIAN_POINT('',(-0.0165,0.0237018502895441,0.00886207475687272));
#3306=CARTESIAN_POINT('',(-0.0165,0.0236616730346969,0.00889642577598307));
#3307=CARTESIAN_POINT('',(-0.0165,0.0236175483264345,0.00893264970053195));
#3308=CARTESIAN_POINT('',(-0.0165,0.0235693864855218,0.00897060131836253));
#3309=CARTESIAN_POINT('',(-0.0165,0.023517102094606,0.00901013259028128));
#3310=CARTESIAN_POINT('',(-0.0165,0.0234606140586972,0.0090510927841963));
#3311=CARTESIAN_POINT('',(-0.0165,0.023399845683209,0.00909332858271213));
#3312=CARTESIAN_POINT('',(-0.0165,0.0233347247432531,0.00913668420079014));
#3313=CARTESIAN_POINT('',(-0.0165,0.0232651835516071,0.00918100150296258));
#3314=CARTESIAN_POINT('',(-0.0165,0.0231911590232989,0.00922612012297216));
#3315=CARTESIAN_POINT('',(-0.0165,0.0231125927371372,0.00927187758475191));
#3316=CARTESIAN_POINT('',(-0.0165,0.023029430994882,0.00931810942558154));
#3317=CARTESIAN_POINT('',(-0.0165,0.022941624874639,0.00936464931861863));
#3318=CARTESIAN_POINT('',(-0.0165,0.0228491302916605,0.00941132920500141));
#3319=CARTESIAN_POINT('',(-0.0165,0.0227519080155715,0.00945797939593659));
#3320=CARTESIAN_POINT('',(-0.0165,0.0226499238399961,0.00950442879666565));
#3321=CARTESIAN_POINT('',(-0.0165,0.0225431481514449,0.00955050466832395));
#3322=CARTESIAN_POINT('',(-0.0165,0.0224315577879462,0.00959603416872446));
#3323=CARTESIAN_POINT('',(-0.0165,0.022315129104493,0.00964083907903649));
#3324=CARTESIAN_POINT('',(-0.0165,0.0221938646998679,0.0096847566327878));
#3325=CARTESIAN_POINT('',(-0.0165,0.022067691319082,0.00972756046629356));
#3326=CARTESIAN_POINT('',(-0.0165,0.0219496723722816,0.00976517667759114));
#3327=CARTESIAN_POINT('',(-0.0165,0.0218728540996624,0.00978783102652247));
#3328=CARTESIAN_POINT('',(-0.0165,0.0218405754255632,0.00979725934198327));
#3329=CARTESIAN_POINT('',(-0.0165,0.0218405754255632,0.00979725934198327));
#3330=CARTESIAN_POINT('',(-0.0165,0.03,2.79428505919827E-17));
#3331=CARTESIAN_POINT('',(-0.0165,0.0211093031817105,0.00913881885613548));
#3332=CARTESIAN_POINT('',(-0.0165,0.0229402978514104,0.00616856795157517));
#3333=CARTESIAN_POINT('',(-0.0165,0.0225075390077667,0.00654626627184451));
#3334=CARTESIAN_POINT('',(-0.0165,0.0220432997842244,0.00695143967849));
#3335=CARTESIAN_POINT('',(-0.0165,0.0220336030619728,0.00696108268882951));
#3336=CARTESIAN_POINT('',(-0.0165,0.0220248495912121,0.00696944890286846));
#3337=CARTESIAN_POINT('',(-0.0165,0.022014821076235,0.00697958010042419));
#3338=CARTESIAN_POINT('',(-0.0165,0.0220015450000662,0.00699345333789739));
#3339=CARTESIAN_POINT('',(-0.0165,0.0219858584491971,0.00701054973393229));
#3340=CARTESIAN_POINT('',(-0.0165,0.0219676668953717,0.00703117700349969));
#3341=CARTESIAN_POINT('',(-0.0165,0.0219471743745137,0.0070553766741337));
#3342=CARTESIAN_POINT('',(-0.0165,0.0219244972306421,0.00708326695580148));
#3343=CARTESIAN_POINT('',(-0.0165,0.021899782061613,0.00711493780633076));
#3344=CARTESIAN_POINT('',(-0.0165,0.0218731702965077,0.00715048221359883));
#3345=CARTESIAN_POINT('',(-0.0165,0.0218448085265632,0.00718998684305476));
#3346=CARTESIAN_POINT('',(-0.0165,0.0218148453526372,0.00723353466193535));
#3347=CARTESIAN_POINT('',(-0.0165,0.021783432154484,0.00728120408159566));
#3348=CARTESIAN_POINT('',(-0.0165,0.0217507227228056,0.0073330691111949));
#3349=CARTESIAN_POINT('',(-0.0165,0.021716873214366,0.00738919922585144));
#3350=CARTESIAN_POINT('',(-0.0165,0.0216820420122655,0.00744965932051406));
#3351=CARTESIAN_POINT('',(-0.0165,0.0216463896107782,0.00751450964359683));
#3352=CARTESIAN_POINT('',(-0.0165,0.0216100784910925,0.00758380574036173));
#3353=CARTESIAN_POINT('',(-0.0165,0.0215732729976349,0.00765759839757584));
#3354=CARTESIAN_POINT('',(-0.0165,0.0215361392123348,0.00773593359178696));
#3355=CARTESIAN_POINT('',(-0.0165,0.0214988448278754,0.00781885244077546));
#3356=CARTESIAN_POINT('',(-0.0165,0.0214615590190279,0.0079063911575812));
#3357=CARTESIAN_POINT('',(-0.0165,0.0214244523152089,0.00799858101020997));
#3358=CARTESIAN_POINT('',(-0.0165,0.0213876964627472,0.00809544827497424));
#3359=CARTESIAN_POINT('',(-0.0165,0.021351464321554,0.00819701423003181));
#3360=CARTESIAN_POINT('',(-0.0165,0.0213159296246528,0.00830329501010063));
#3361=CARTESIAN_POINT('',(-0.0165,0.021281267260079,0.00841430201031585));
#3362=CARTESIAN_POINT('',(-0.0165,0.0212476515442575,0.00853004019883775));
#3363=CARTESIAN_POINT('',(-0.0165,0.0212152621912938,0.00865051446220253));
#3364=CARTESIAN_POINT('',(-0.0165,0.0211842608043617,0.00877570520213515));
#3365=CARTESIAN_POINT('',(-0.0165,0.0211548801643333,0.00890566161087759));
#3366=CARTESIAN_POINT('',(-0.0165,0.0211298063577225,0.00902696600229981));
#3367=CARTESIAN_POINT('',(-0.0165,0.0211153058076728,0.00910573148066415));
#3368=CARTESIAN_POINT('',(-0.0165,0.0211093031817105,0.00913881885613548));
#3369=CARTESIAN_POINT('',(-0.0165,0.0224906900928196,0.00656101568660034));
#3370=CARTESIAN_POINT('',(-0.0165,0.0220858456990871,0.0060973242666466));
#3371=CARTESIAN_POINT('',(-0.0165,0.0225734664392311,0.00572164524160441));
#3372=CARTESIAN_POINT('',(-0.0165,0.03,4.51803878353001E-17));
#3373=CARTESIAN_POINT('',(-0.0165,0.0222634669294695,0.00529496752101358));
#3374=CARTESIAN_POINT('',(-0.0165,0.0217554918491535,0.00564263120024));
#3375=CARTESIAN_POINT('',(-0.0165,0.0214395989003971,0.00511431277258365));
#3376=CARTESIAN_POINT('',(-0.0165,0.0219517753143055,0.00480798340352566));
#3377=CARTESIAN_POINT('',(-0.0165,0.0214588330284677,0.00510284632204728));
#3378=CARTESIAN_POINT('',(-0.0165,0.020930032410318,0.00541915859239477));
#3379=CARTESIAN_POINT('',(-0.0165,0.0209178649105324,0.00542540086920694));
#3380=CARTESIAN_POINT('',(-0.0165,0.0209072031969291,0.00543114061229756));
#3381=CARTESIAN_POINT('',(-0.0165,0.0208944688739196,0.00543754758459715));
#3382=CARTESIAN_POINT('',(-0.0165,0.0208771721078638,0.00544588681720211));
#3383=CARTESIAN_POINT('',(-0.0165,0.020856065058208,0.00545552253670697));
#3384=CARTESIAN_POINT('',(-0.0165,0.0208308258597864,0.00546644955567034));
#3385=CARTESIAN_POINT('',(-0.0165,0.0208014780681351,0.00547846099168341));
#3386=CARTESIAN_POINT('',(-0.0165,0.0207679452111733,0.00549140966612026));
#3387=CARTESIAN_POINT('',(-0.0165,0.020730187035152,0.00550512835763695));
#3388=CARTESIAN_POINT('',(-0.0165,0.020688158807334,0.00551945382434958));
#3389=CARTESIAN_POINT('',(-0.0165,0.0206418234031627,0.00553421986861057));
#3390=CARTESIAN_POINT('',(-0.0165,0.0205911478362974,0.00554925952431969));
#3391=CARTESIAN_POINT('',(-0.0165,0.0205361043120245,0.00556440459033396));
#3392=CARTESIAN_POINT('',(-0.0165,0.0204766699673912,0.0055794859329161));
#3393=CARTESIAN_POINT('',(-0.0165,0.0204128269827277,0.00559433356916591));
#3394=CARTESIAN_POINT('',(-0.0165,0.0203445625823394,0.00560877681416169));
#3395=CARTESIAN_POINT('',(-0.0165,0.0202718690620378,0.00562264441099448));
#3396=CARTESIAN_POINT('',(-0.0165,0.0201947438045881,0.00563576466644129));
#3397=CARTESIAN_POINT('',(-0.0165,0.0201131892941252,0.00564796558569035));
#3398=CARTESIAN_POINT('',(-0.0165,0.0200272131264922,0.00565907500790589));
#3399=CARTESIAN_POINT('',(-0.0165,0.0199368280162453,0.00566892074177566));
#3400=CARTESIAN_POINT('',(-0.0165,0.0198420518006161,0.00567733070208681));
#3401=CARTESIAN_POINT('',(-0.0165,0.019742907438452,0.00568413304338089));
#3402=CARTESIAN_POINT('',(-0.0165,0.0196394230120288,0.00568915630536574));
#3403=CARTESIAN_POINT('',(-0.0165,0.0195316317012663,0.00569222951318413));
#3404=CARTESIAN_POINT('',(-0.0165,0.0194195718475925,0.00569318245100996));
#3405=CARTESIAN_POINT('',(-0.0165,0.0193032866569649,0.00569184526914696));
#3406=CARTESIAN_POINT('',(-0.0165,0.01918282527112,0.00568805064757745));
#3407=CARTESIAN_POINT('',(-0.0165,0.0190582385773985,0.00568162615800765));
#3408=CARTESIAN_POINT('',(-0.0165,0.0189295951529945,0.0056724241628861));
#3409=CARTESIAN_POINT('',(-0.0165,0.0187969201465513,0.00566020807320863));
#3410=CARTESIAN_POINT('',(-0.0165,0.0186738045822777,0.00564656956193231));
#3411=CARTESIAN_POINT('',(-0.0165,0.0185944132444269,0.00563602053316234));
#3412=CARTESIAN_POINT('',(-0.0165,0.0185610903669447,0.00563150480837877));
#3413=CARTESIAN_POINT('',(-0.0165,0.0185610903669447,0.00563150480837877));
#3414=CARTESIAN_POINT('',(-0.0165,0.03,2.79428505919827E-17));
#3415=CARTESIAN_POINT('',(-0.0165,0.0181608518031517,0.00473255427576536));
#3416=CARTESIAN_POINT('',(-0.0165,0.0210416585486377,0.00276382767928889));
#3417=CARTESIAN_POINT('',(-0.0165,0.0204926899258905,0.00293285338480517));
#3418=CARTESIAN_POINT('',(-0.0165,0.0199037874206814,0.00311417460663601));
#3419=CARTESIAN_POINT('',(-0.0165,0.0198910068584598,0.00311903992267225));
#3420=CARTESIAN_POINT('',(-0.0165,0.0198796073191942,0.0031231224821927));
#3421=CARTESIAN_POINT('',(-0.0165,0.0198663250856059,0.00312829882718341));
#3422=CARTESIAN_POINT('',(-0.0165,0.0198485540324881,0.00313557279360574));
#3423=CARTESIAN_POINT('',(-0.0165,0.0198272699244637,0.00314481083350357));
#3424=CARTESIAN_POINT('',(-0.0165,0.0198022612467193,0.00315625561038513));
#3425=CARTESIAN_POINT('',(-0.0165,0.0197736975045767,0.00317002805042735));
#3426=CARTESIAN_POINT('',(-0.0165,0.0197416369032605,0.00318628346518443));
#3427=CARTESIAN_POINT('',(-0.0165,0.0197061767774314,0.00320516366194114));
#3428=CARTESIAN_POINT('',(-0.0165,0.0196674085074072,0.00322681111374026));
#3429=CARTESIAN_POINT('',(-0.0165,0.0196254307609329,0.00325136461743667));
#3430=CARTESIAN_POINT('',(-0.0165,0.0195803455458315,0.00327896040878673));
#3431=CARTESIAN_POINT('',(-0.0165,0.0195322592616186,0.00330973169182075));
#3432=CARTESIAN_POINT('',(-0.0165,0.0194812823008545,0.00334380862958384));
#3433=CARTESIAN_POINT('',(-0.0165,0.0194275290617652,0.00338131820543278));
#3434=CARTESIAN_POINT('',(-0.0165,0.019371117839359,0.00342238412406382));
#3435=CARTESIAN_POINT('',(-0.0165,0.0193121707472131,0.0034671267040442));
#3436=CARTESIAN_POINT('',(-0.0165,0.019250813626986,0.00351566277554887));
#3437=CARTESIAN_POINT('',(-0.0165,0.0191871759579425,0.0035681055794985));
#3438=CARTESIAN_POINT('',(-0.0165,0.0191213907631284,0.00362456466916593));
#3439=CARTESIAN_POINT('',(-0.0165,0.0190535945133247,0.00368514581427179));
#3440=CARTESIAN_POINT('',(-0.0165,0.0189839270282047,0.00374995090665248));
#3441=CARTESIAN_POINT('',(-0.0165,0.0189125313762989,0.00381907787161527));
#3442=CARTESIAN_POINT('',(-0.0165,0.0188395537681466,0.0038926205692913));
#3443=CARTESIAN_POINT('',(-0.0165,0.018765143464528,0.00397066874670492));
#3444=CARTESIAN_POINT('',(-0.0165,0.0186894526158764,0.00405330780724116));
#3445=CARTESIAN_POINT('',(-0.0165,0.0186126363555435,0.0041406192942465));
#3446=CARTESIAN_POINT('',(-0.0165,0.0185348519087743,0.00423267864723865));
#3447=CARTESIAN_POINT('',(-0.0165,0.0184562614650404,0.00432956342660252));
#3448=CARTESIAN_POINT('',(-0.0165,0.0183770206275235,0.00443132145835541));
#3449=CARTESIAN_POINT('',(-0.0165,0.0182973220438449,0.00453809236235706));
#3450=CARTESIAN_POINT('',(-0.0165,0.0182250770407524,0.00463871100220295));
#3451=CARTESIAN_POINT('',(-0.0165,0.0181797933228609,0.00470476894213176));
#3452=CARTESIAN_POINT('',(-0.0165,0.0181608518031517,0.00473255427576536));
#3453=CARTESIAN_POINT('',(-0.0165,0.0204712985487292,0.00293947457455317));
#3454=CARTESIAN_POINT('',(-0.0165,0.020290055083358,0.0023512063344318));
#3455=CARTESIAN_POINT('',(-0.0165,0.0208883212210885,0.00220633969051322));
#3456=CARTESIAN_POINT('',(-0.0165,0.03,3.37944311195692E-17));
#3457=CARTESIAN_POINT('',(-0.0165,0.0207786680408227,0.00169046203703459));
#3458=CARTESIAN_POINT('',(-0.0165,0.0201732021557964,0.00180145653304531));
#3459=CARTESIAN_POINT('',(-0.0165,0.0200995060510987,0.00119032839572248));
#3460=CARTESIAN_POINT('',(-0.0165,0.0206919978667826,0.00111880350733272));
#3461=CARTESIAN_POINT('',(-0.0165,0.0201217411270285,0.00118767649660358));
#3462=CARTESIAN_POINT('',(-0.0165,0.0195100019333143,0.00126155954609354));
#3463=CARTESIAN_POINT('',(-0.0165,0.0194963474064387,0.00126231318170324));
#3464=CARTESIAN_POINT('',(-0.0165,0.0194842728825689,0.00126322018833127));
#3465=CARTESIAN_POINT('',(-0.0165,0.019470033549222,0.00126389373298007));
#3466=CARTESIAN_POINT('',(-0.0165,0.0194508402956843,0.00126447677248496));
#3467=CARTESIAN_POINT('',(-0.0165,0.0194276388461419,0.0012646944297475));
#3468=CARTESIAN_POINT('',(-0.0165,0.0194001372720573,0.00126441105144713));
#3469=CARTESIAN_POINT('',(-0.0165,0.0193684412391399,0.00126344722199868));
#3470=CARTESIAN_POINT('',(-0.0165,0.0193325407496081,0.00126163738303962));
#3471=CARTESIAN_POINT('',(-0.0165,0.01929246704488,0.00125881239759591));
#3472=CARTESIAN_POINT('',(-0.0165,0.0192482456560229,0.00125480494234273));
#3473=CARTESIAN_POINT('',(-0.0165,0.01919991026674,0.00124944808825652));
#3474=CARTESIAN_POINT('',(-0.0165,0.0191474986537406,0.00124257588746131));
#3475=CARTESIAN_POINT('',(-0.0165,0.0190910538388585,0.0012340233754385));
#3476=CARTESIAN_POINT('',(-0.0165,0.019030623728636,0.00122362674163006));
#3477=CARTESIAN_POINT('',(-0.0165,0.0189662611822683,0.0012112234510168));
#3478=CARTESIAN_POINT('',(-0.0165,0.0188980239523902,0.00119665237882081));
#3479=CARTESIAN_POINT('',(-0.0165,0.0188259746573354,0.001179753940495));
#3480=CARTESIAN_POINT('',(-0.0165,0.018750180740066,0.00116037022195009));
#3481=CARTESIAN_POINT('',(-0.0165,0.0186707144265445,0.00113834510849573));
#3482=CARTESIAN_POINT('',(-0.0165,0.0185876526800394,0.00111352441289022));
#3483=CARTESIAN_POINT('',(-0.0165,0.018501077152392,0.00108575600201826));
#3484=CARTESIAN_POINT('',(-0.0165,0.0184110741320861,0.00105488992327102));
#3485=CARTESIAN_POINT('',(-0.0165,0.0183177344889171,0.00102077852621502));
#3486=CARTESIAN_POINT('',(-0.0165,0.0182211536165045,0.000983276596169854));
#3487=CARTESIAN_POINT('',(-0.0165,0.0181214313679525,0.000942241435320443));
#3488=CARTESIAN_POINT('',(-0.0165,0.0180186720029124,0.000897533138635783));
#3489=CARTESIAN_POINT('',(-0.0165,0.0179129840760856,0.000849014114143508));
#3490=CARTESIAN_POINT('',(-0.0165,0.0178044805358646,0.000796551495146416));
#3491=CARTESIAN_POINT('',(-0.0165,0.0176932780030537,0.000740008458306043));
#3492=CARTESIAN_POINT('',(-0.0165,0.0175794991756392,0.000679278022865662));
#3493=CARTESIAN_POINT('',(-0.0165,0.0174632632574672,0.000614154282889898));
#3494=CARTESIAN_POINT('',(-0.0165,0.017356338875253,0.000551619271541337));
#3495=CARTESIAN_POINT('',(-0.0165,0.0172881019557329,0.000509690887979312));
#3496=CARTESIAN_POINT('',(-0.0165,0.0172594967031129,0.000492011932790523));
#3497=CARTESIAN_POINT('',(-0.0165,0.0172594967031129,0.000492011932790523));
#3498=CARTESIAN_POINT('',(-0.0165,0.03,2.79428505919827E-17));
#3499=CARTESIAN_POINT('',(-0.0165,0.0172594967031129,-0.000492011932790463));
#3500=CARTESIAN_POINT('',(-0.0165,0.0206919978667826,-0.00111880350733266));
#3501=CARTESIAN_POINT('',(-0.0165,0.0201217411270285,-0.00118767649660352));
#3502=CARTESIAN_POINT('',(-0.0165,0.0195100019333143,-0.00126155954609348));
#3503=CARTESIAN_POINT('',(-0.0165,0.0194963474064387,-0.00126231318170318));
#3504=CARTESIAN_POINT('',(-0.0165,0.0194842728825689,-0.00126322018833121));
#3505=CARTESIAN_POINT('',(-0.0165,0.019470033549222,-0.00126389373298001));
#3506=CARTESIAN_POINT('',(-0.0165,0.0194508402956843,-0.00126447677248491));
#3507=CARTESIAN_POINT('',(-0.0165,0.0194276388461419,-0.00126469442974744));
#3508=CARTESIAN_POINT('',(-0.0165,0.0194001372720573,-0.00126441105144707));
#3509=CARTESIAN_POINT('',(-0.0165,0.0193684412391399,-0.00126344722199862));
#3510=CARTESIAN_POINT('',(-0.0165,0.0193325407496081,-0.00126163738303956));
#3511=CARTESIAN_POINT('',(-0.0165,0.01929246704488,-0.00125881239759585));
#3512=CARTESIAN_POINT('',(-0.0165,0.0192482456560229,-0.00125480494234267));
#3513=CARTESIAN_POINT('',(-0.0165,0.01919991026674,-0.00124944808825646));
#3514=CARTESIAN_POINT('',(-0.0165,0.0191474986537406,-0.00124257588746125));
#3515=CARTESIAN_POINT('',(-0.0165,0.0190910538388585,-0.00123402337543844));
#3516=CARTESIAN_POINT('',(-0.0165,0.019030623728636,-0.00122362674163));
#3517=CARTESIAN_POINT('',(-0.0165,0.0189662611822683,-0.00121122345101674));
#3518=CARTESIAN_POINT('',(-0.0165,0.0188980239523902,-0.00119665237882075));
#3519=CARTESIAN_POINT('',(-0.0165,0.0188259746573354,-0.00117975394049494));
#3520=CARTESIAN_POINT('',(-0.0165,0.018750180740066,-0.00116037022195003));
#3521=CARTESIAN_POINT('',(-0.0165,0.0186707144265445,-0.00113834510849568));
#3522=CARTESIAN_POINT('',(-0.0165,0.0185876526800394,-0.00111352441289016));
#3523=CARTESIAN_POINT('',(-0.0165,0.018501077152392,-0.0010857560020182));
#3524=CARTESIAN_POINT('',(-0.0165,0.0184110741320861,-0.00105488992327096));
#3525=CARTESIAN_POINT('',(-0.0165,0.0183177344889171,-0.00102077852621496));
#3526=CARTESIAN_POINT('',(-0.0165,0.0182211536165045,-0.000983276596169794));
#3527=CARTESIAN_POINT('',(-0.0165,0.0181214313679525,-0.000942241435320383));
#3528=CARTESIAN_POINT('',(-0.0165,0.0180186720029124,-0.000897533138635723));
#3529=CARTESIAN_POINT('',(-0.0165,0.0179129840760856,-0.000849014114143448));
#3530=CARTESIAN_POINT('',(-0.0165,0.0178044805358646,-0.000796551495146356));
#3531=CARTESIAN_POINT('',(-0.0165,0.0176932780030537,-0.000740008458305983));
#3532=CARTESIAN_POINT('',(-0.0165,0.0175794991756392,-0.000679278022865602));
#3533=CARTESIAN_POINT('',(-0.0165,0.0174632632574672,-0.000614154282889839));
#3534=CARTESIAN_POINT('',(-0.0165,0.017356338875253,-0.000551619271541277));
#3535=CARTESIAN_POINT('',(-0.0165,0.0172881019557329,-0.000509690887979252));
#3536=CARTESIAN_POINT('',(-0.0165,0.0172594967031129,-0.000492011932790463));
#3537=CARTESIAN_POINT('',(-0.0165,0.0200995060510987,-0.00119032839572242));
#3538=CARTESIAN_POINT('',(-0.0165,0.0201732021557964,-0.00180145653304525));
#3539=CARTESIAN_POINT('',(-0.0165,0.0207786680408227,-0.00169046203703454));
#3540=CARTESIAN_POINT('',(-0.0165,0.03,2.15316752258548E-17));
#3541=CARTESIAN_POINT('',(-0.0165,0.0208883212210885,-0.00220633969051316));
#3542=CARTESIAN_POINT('',(-0.0165,0.020290055083358,-0.00235120633443174));
#3543=CARTESIAN_POINT('',(-0.0165,0.0204712985487292,-0.0029394745745531));
#3544=CARTESIAN_POINT('',(-0.0165,0.0210416585486377,-0.00276382767928882));
#3545=CARTESIAN_POINT('',(-0.0165,0.0204926899258905,-0.00293285338480511));
#3546=CARTESIAN_POINT('',(-0.0165,0.0199037874206814,-0.00311417460663595));
#3547=CARTESIAN_POINT('',(-0.0165,0.0198910068584598,-0.00311903992267219));
#3548=CARTESIAN_POINT('',(-0.0165,0.0198796073191942,-0.00312312248219264));
#3549=CARTESIAN_POINT('',(-0.0165,0.0198663250856059,-0.00312829882718336));
#3550=CARTESIAN_POINT('',(-0.0165,0.0198485540324881,-0.00313557279360567));
#3551=CARTESIAN_POINT('',(-0.0165,0.0198272699244637,-0.00314481083350351));
#3552=CARTESIAN_POINT('',(-0.0165,0.0198022612467193,-0.00315625561038507));
#3553=CARTESIAN_POINT('',(-0.0165,0.0197736975045767,-0.00317002805042729));
#3554=CARTESIAN_POINT('',(-0.0165,0.0197416369032605,-0.00318628346518437));
#3555=CARTESIAN_POINT('',(-0.0165,0.0197061767774313,-0.00320516366194108));
#3556=CARTESIAN_POINT('',(-0.0165,0.0196674085074072,-0.0032268111137402));
#3557=CARTESIAN_POINT('',(-0.0165,0.0196254307609329,-0.00325136461743661));
#3558=CARTESIAN_POINT('',(-0.0165,0.0195803455458315,-0.00327896040878668));
#3559=CARTESIAN_POINT('',(-0.0165,0.0195322592616186,-0.00330973169182069));
#3560=CARTESIAN_POINT('',(-0.0165,0.0194812823008545,-0.00334380862958379));
#3561=CARTESIAN_POINT('',(-0.0165,0.0194275290617652,-0.00338131820543272));
#3562=CARTESIAN_POINT('',(-0.0165,0.019371117839359,-0.00342238412406376));
#3563=CARTESIAN_POINT('',(-0.0165,0.0193121707472131,-0.00346712670404414));
#3564=CARTESIAN_POINT('',(-0.0165,0.019250813626986,-0.00351566277554881));
#3565=CARTESIAN_POINT('',(-0.0165,0.0191871759579425,-0.00356810557949845));
#3566=CARTESIAN_POINT('',(-0.0165,0.0191213907631284,-0.00362456466916587));
#3567=CARTESIAN_POINT('',(-0.0165,0.0190535945133247,-0.00368514581427173));
#3568=CARTESIAN_POINT('',(-0.0165,0.0189839270282047,-0.00374995090665241));
#3569=CARTESIAN_POINT('',(-0.0165,0.0189125313762989,-0.00381907787161521));
#3570=CARTESIAN_POINT('',(-0.0165,0.0188395537681466,-0.00389262056929124));
#3571=CARTESIAN_POINT('',(-0.0165,0.018765143464528,-0.00397066874670486));
#3572=CARTESIAN_POINT('',(-0.0165,0.0186894526158764,-0.00405330780724111));
#3573=CARTESIAN_POINT('',(-0.0165,0.0186126363555435,-0.00414061929424644));
#3574=CARTESIAN_POINT('',(-0.0165,0.0185348519087743,-0.00423267864723859));
#3575=CARTESIAN_POINT('',(-0.0165,0.0184562614650404,-0.00432956342660246));
#3576=CARTESIAN_POINT('',(-0.0165,0.0183770206275235,-0.00443132145835535));
#3577=CARTESIAN_POINT('',(-0.0165,0.0182973220438449,-0.004538092362357));
#3578=CARTESIAN_POINT('',(-0.0165,0.0182250770407524,-0.00463871100220289));
#3579=CARTESIAN_POINT('',(-0.0165,0.0181797933228609,-0.0047047689421317));
#3580=CARTESIAN_POINT('',(-0.0165,0.0181608518031517,-0.0047325542757653));
#3581=CARTESIAN_POINT('',(-0.0165,0.0181608518031517,-0.0047325542757653));
#3582=CARTESIAN_POINT('',(-0.0165,0.03,2.79428505919827E-17));
#3583=CARTESIAN_POINT('',(-0.0165,0.0185610903669447,-0.00563150480837872));
#3584=CARTESIAN_POINT('',(-0.0165,0.0219517753143055,-0.0048079834035256));
#3585=CARTESIAN_POINT('',(-0.0165,0.0214588330284677,-0.00510284632204722));
#3586=CARTESIAN_POINT('',(-0.0165,0.020930032410318,-0.00541915859239472));
#3587=CARTESIAN_POINT('',(-0.0165,0.0209178649105324,-0.00542540086920689));
#3588=CARTESIAN_POINT('',(-0.0165,0.0209072031969291,-0.00543114061229751));
#3589=CARTESIAN_POINT('',(-0.0165,0.0208944688739196,-0.0054375475845971));
#3590=CARTESIAN_POINT('',(-0.0165,0.0208771721078638,-0.00544588681720205));
#3591=CARTESIAN_POINT('',(-0.0165,0.020856065058208,-0.00545552253670692));
#3592=CARTESIAN_POINT('',(-0.0165,0.0208308258597864,-0.00546644955567028));
#3593=CARTESIAN_POINT('',(-0.0165,0.0208014780681351,-0.00547846099168336));
#3594=CARTESIAN_POINT('',(-0.0165,0.0207679452111733,-0.0054914096661202));
#3595=CARTESIAN_POINT('',(-0.0165,0.020730187035152,-0.00550512835763689));
#3596=CARTESIAN_POINT('',(-0.0165,0.020688158807334,-0.00551945382434953));
#3597=CARTESIAN_POINT('',(-0.0165,0.0206418234031627,-0.00553421986861052));
#3598=CARTESIAN_POINT('',(-0.0165,0.0205911478362974,-0.00554925952431963));
#3599=CARTESIAN_POINT('',(-0.0165,0.0205361043120245,-0.0055644045903339));
#3600=CARTESIAN_POINT('',(-0.0165,0.0204766699673912,-0.00557948593291604));
#3601=CARTESIAN_POINT('',(-0.0165,0.0204128269827277,-0.00559433356916586));
#3602=CARTESIAN_POINT('',(-0.0165,0.0203445625823394,-0.00560877681416164));
#3603=CARTESIAN_POINT('',(-0.0165,0.0202718690620378,-0.00562264441099442));
#3604=CARTESIAN_POINT('',(-0.0165,0.0201947438045881,-0.00563576466644124));
#3605=CARTESIAN_POINT('',(-0.0165,0.0201131892941252,-0.0056479655856903));
#3606=CARTESIAN_POINT('',(-0.0165,0.0200272131264922,-0.00565907500790583));
#3607=CARTESIAN_POINT('',(-0.0165,0.0199368280162453,-0.00566892074177561));
#3608=CARTESIAN_POINT('',(-0.0165,0.0198420518006161,-0.00567733070208675));
#3609=CARTESIAN_POINT('',(-0.0165,0.019742907438452,-0.00568413304338083));
#3610=CARTESIAN_POINT('',(-0.0165,0.0196394230120288,-0.00568915630536568));
#3611=CARTESIAN_POINT('',(-0.0165,0.0195316317012663,-0.00569222951318407));
#3612=CARTESIAN_POINT('',(-0.0165,0.0194195718475925,-0.0056931824510099));
#3613=CARTESIAN_POINT('',(-0.0165,0.0193032866569649,-0.0056918452691469));
#3614=CARTESIAN_POINT('',(-0.0165,0.01918282527112,-0.0056880506475774));
#3615=CARTESIAN_POINT('',(-0.0165,0.0190582385773985,-0.00568162615800759));
#3616=CARTESIAN_POINT('',(-0.0165,0.0189295951529945,-0.00567242416288604));
#3617=CARTESIAN_POINT('',(-0.0165,0.0187969201465513,-0.00566020807320858));
#3618=CARTESIAN_POINT('',(-0.0165,0.0186738045822777,-0.00564656956193226));
#3619=CARTESIAN_POINT('',(-0.0165,0.0185944132444269,-0.00563602053316229));
#3620=CARTESIAN_POINT('',(-0.0165,0.0185610903669447,-0.00563150480837872));
#3621=CARTESIAN_POINT('',(-0.0165,0.0214395989003971,-0.0051143127725836));
#3622=CARTESIAN_POINT('',(-0.0165,0.0217554918491535,-0.00564263120023994));
#3623=CARTESIAN_POINT('',(-0.0165,0.0222634669294695,-0.00529496752101353));
#3624=CARTESIAN_POINT('',(-0.0165,0.03,1.05124620518201E-17));
#3625=CARTESIAN_POINT('',(-0.0165,0.0225734664392311,-0.00572164524160435));
#3626=CARTESIAN_POINT('',(-0.0165,0.0220858456990871,-0.00609732426664655));
#3627=CARTESIAN_POINT('',(-0.0165,0.0224906900928196,-0.00656101568660028));
#3628=CARTESIAN_POINT('',(-0.0165,0.0229402978514104,-0.00616856795157511));
#3629=CARTESIAN_POINT('',(-0.0165,0.0225075390077667,-0.00654626627184446));
#3630=CARTESIAN_POINT('',(-0.0165,0.0220432997842244,-0.00695143967848994));
#3631=CARTESIAN_POINT('',(-0.0165,0.0220336030619728,-0.00696108268882945));
#3632=CARTESIAN_POINT('',(-0.0165,0.0220248495912121,-0.0069694489028684));
#3633=CARTESIAN_POINT('',(-0.0165,0.022014821076235,-0.00697958010042413));
#3634=CARTESIAN_POINT('',(-0.0165,0.0220015450000662,-0.00699345333789733));
#3635=CARTESIAN_POINT('',(-0.0165,0.0219858584491972,-0.00701054973393224));
#3636=CARTESIAN_POINT('',(-0.0165,0.0219676668953717,-0.00703117700349964));
#3637=CARTESIAN_POINT('',(-0.0165,0.0219471743745137,-0.00705537667413364));
#3638=CARTESIAN_POINT('',(-0.0165,0.0219244972306421,-0.00708326695580143));
#3639=CARTESIAN_POINT('',(-0.0165,0.021899782061613,-0.0071149378063307));
#3640=CARTESIAN_POINT('',(-0.0165,0.0218731702965077,-0.00715048221359878));
#3641=CARTESIAN_POINT('',(-0.0165,0.0218448085265632,-0.0071899868430547));
#3642=CARTESIAN_POINT('',(-0.0165,0.0218148453526372,-0.0072335346619353));
#3643=CARTESIAN_POINT('',(-0.0165,0.021783432154484,-0.0072812040815956));
#3644=CARTESIAN_POINT('',(-0.0165,0.0217507227228056,-0.00733306911119485));
#3645=CARTESIAN_POINT('',(-0.0165,0.021716873214366,-0.00738919922585138));
#3646=CARTESIAN_POINT('',(-0.0165,0.0216820420122655,-0.00744965932051401));
#3647=CARTESIAN_POINT('',(-0.0165,0.0216463896107782,-0.00751450964359678));
#3648=CARTESIAN_POINT('',(-0.0165,0.0216100784910925,-0.00758380574036167));
#3649=CARTESIAN_POINT('',(-0.0165,0.0215732729976349,-0.00765759839757578));
#3650=CARTESIAN_POINT('',(-0.0165,0.0215361392123348,-0.0077359335917869));
#3651=CARTESIAN_POINT('',(-0.0165,0.0214988448278755,-0.0078188524407754));
#3652=CARTESIAN_POINT('',(-0.0165,0.0214615590190279,-0.00790639115758115));
#3653=CARTESIAN_POINT('',(-0.0165,0.0214244523152089,-0.00799858101020991));
#3654=CARTESIAN_POINT('',(-0.0165,0.0213876964627472,-0.00809544827497418));
#3655=CARTESIAN_POINT('',(-0.0165,0.021351464321554,-0.00819701423003176));
#3656=CARTESIAN_POINT('',(-0.0165,0.0213159296246528,-0.00830329501010058));
#3657=CARTESIAN_POINT('',(-0.0165,0.021281267260079,-0.00841430201031579));
#3658=CARTESIAN_POINT('',(-0.0165,0.0212476515442575,-0.0085300401988377));
#3659=CARTESIAN_POINT('',(-0.0165,0.0212152621912938,-0.00865051446220247));
#3660=CARTESIAN_POINT('',(-0.0165,0.0211842608043617,-0.00877570520213509));
#3661=CARTESIAN_POINT('',(-0.0165,0.0211548801643333,-0.00890566161087753));
#3662=CARTESIAN_POINT('',(-0.0165,0.0211298063577225,-0.00902696600229975));
#3663=CARTESIAN_POINT('',(-0.0165,0.0211153058076728,-0.0091057314806641));
#3664=CARTESIAN_POINT('',(-0.0165,0.0211093031817105,-0.00913881885613543));
#3665=CARTESIAN_POINT('',(-0.0165,0.0211093031817105,-0.00913881885613543));
#3666=CARTESIAN_POINT('',(-0.0165,0.03,2.79428505919827E-17));
#3667=CARTESIAN_POINT('',(-0.0165,0.0218405754255633,-0.00979725934198322));
#3668=CARTESIAN_POINT('',(-0.0165,0.0246031639258109,-0.00766581929009098));
#3669=CARTESIAN_POINT('',(-0.0165,0.0242727702933508,-0.00813568766050545));
#3670=CARTESIAN_POINT('',(-0.0165,0.0239183426816464,-0.00863973588656065));
#3671=CARTESIAN_POINT('',(-0.0165,0.0239097660802021,-0.00865038745820515));
#3672=CARTESIAN_POINT('',(-0.0165,0.023902360684006,-0.00865996748403407));
#3673=CARTESIAN_POINT('',(-0.0165,0.0238933332514699,-0.00867100006026832));
#3674=CARTESIAN_POINT('',(-0.0165,0.0238809237408833,-0.0086856535568964));
#3675=CARTESIAN_POINT('',(-0.0165,0.023865560691751,-0.00870304123520343));
#3676=CARTESIAN_POINT('',(-0.0165,0.0238469479556904,-0.00872328927058292));
#3677=CARTESIAN_POINT('',(-0.0165,0.0238250229050979,-0.00874619908565039));
#3678=CARTESIAN_POINT('',(-0.0165,0.0237996558163115,-0.00877166733003799));
#3679=CARTESIAN_POINT('',(-0.0165,0.0237707419006532,-0.00879955761212145));
#3680=CARTESIAN_POINT('',(-0.0165,0.0237381738962786,-0.0088297389974625));
#3681=CARTESIAN_POINT('',(-0.0165,0.0237018502895441,-0.00886207475687267));
#3682=CARTESIAN_POINT('',(-0.0165,0.0236616730346969,-0.00889642577598302));
#3683=CARTESIAN_POINT('',(-0.0165,0.0236175483264345,-0.0089326497005319));
#3684=CARTESIAN_POINT('',(-0.0165,0.0235693864855218,-0.00897060131836248));
#3685=CARTESIAN_POINT('',(-0.0165,0.023517102094606,-0.00901013259028122));
#3686=CARTESIAN_POINT('',(-0.0165,0.0234606140586972,-0.00905109278419625));
#3687=CARTESIAN_POINT('',(-0.0165,0.023399845683209,-0.00909332858271207));
#3688=CARTESIAN_POINT('',(-0.0165,0.0233347247432531,-0.00913668420079008));
#3689=CARTESIAN_POINT('',(-0.0165,0.0232651835516072,-0.00918100150296252));
#3690=CARTESIAN_POINT('',(-0.0165,0.023191159023299,-0.00922612012297211));
#3691=CARTESIAN_POINT('',(-0.0165,0.0231125927371372,-0.00927187758475186));
#3692=CARTESIAN_POINT('',(-0.0165,0.023029430994882,-0.00931810942558149));
#3693=CARTESIAN_POINT('',(-0.0165,0.022941624874639,-0.00936464931861858));
#3694=CARTESIAN_POINT('',(-0.0165,0.0228491302916605,-0.00941132920500136));
#3695=CARTESIAN_POINT('',(-0.0165,0.0227519080155716,-0.00945797939593653));
#3696=CARTESIAN_POINT('',(-0.0165,0.0226499238399961,-0.0095044287966656));
#3697=CARTESIAN_POINT('',(-0.0165,0.0225431481514449,-0.0095505046683239));
#3698=CARTESIAN_POINT('',(-0.0165,0.0224315577879462,-0.00959603416872441));
#3699=CARTESIAN_POINT('',(-0.0165,0.022315129104493,-0.00964083907903644));
#3700=CARTESIAN_POINT('',(-0.0165,0.0221938646998679,-0.00968475663278774));
#3701=CARTESIAN_POINT('',(-0.0165,0.022067691319082,-0.00972756046629351));
#3702=CARTESIAN_POINT('',(-0.0165,0.0219496723722816,-0.00976517667759108));
#3703=CARTESIAN_POINT('',(-0.0165,0.0218728540996624,-0.00978783102652242));
#3704=CARTESIAN_POINT('',(-0.0165,0.0218405754255633,-0.00979725934198322));
#3705=CARTESIAN_POINT('',(-0.0165,0.0242598628686195,-0.00815398600899214));
#3706=CARTESIAN_POINT('',(-0.0165,0.0247633319007972,-0.00850814367121798));
#3707=CARTESIAN_POINT('',(-0.0165,0.0250859826702076,-0.00798392501733948));
#3708=CARTESIAN_POINT('',(-0.0165,0.03,2.64211366166465E-18));
#3709=CARTESIAN_POINT('',(-0.0165,0.0255427267779701,-0.00824762635090694));
#3710=CARTESIAN_POINT('',(-0.0165,0.0252500654912788,-0.00878915944070617));
#3711=CARTESIAN_POINT('',(-0.0165,0.0258085095398002,-0.00904809758147796));
#3712=CARTESIAN_POINT('',(-0.0165,0.0260596237910549,-0.00850670678535349));
#3713=CARTESIAN_POINT('',(-0.0165,0.0258179026620713,-0.00902777024951981));
#3714=CARTESIAN_POINT('',(-0.0165,0.0255585978994272,-0.0095867376780861));
#3715=CARTESIAN_POINT('',(-0.0165,0.025553661668515,-0.00959949101863718));
#3716=CARTESIAN_POINT('',(-0.0165,0.0255490678208763,-0.00961069429278263));
#3717=CARTESIAN_POINT('',(-0.0165,0.0255440270458562,-0.00962402856680694));
#3718=CARTESIAN_POINT('',(-0.0165,0.0255375415008154,-0.0096421022665375));
#3719=CARTESIAN_POINT('',(-0.0165,0.0255301648542548,-0.00966410089651917));
#3720=CARTESIAN_POINT('',(-0.0165,0.0255219359092698,-0.00969034401647134));
#3721=CARTESIAN_POINT('',(-0.0165,0.0255130579527215,-0.0097207865747974));
#3722=CARTESIAN_POINT('',(-0.0165,0.0255036853504853,-0.00975548924030028));
#3723=CARTESIAN_POINT('',(-0.0165,0.0254939886155114,-0.00979447456682496));
#3724=CARTESIAN_POINT('',(-0.0165,0.0254841347712721,-0.00983776997863453));
#3725=CARTESIAN_POINT('',(-0.0165,0.0254742929855394,-0.00988539502452875));
#3726=CARTESIAN_POINT('',(-0.0165,0.0254646327577676,-0.00993736505743591));
#3727=CARTESIAN_POINT('',(-0.0165,0.0254553242730147,-0.00999369013800015));
#3728=CARTESIAN_POINT('',(-0.0165,0.025446538128315,-0.0100543753246388));
#3729=CARTESIAN_POINT('',(-0.0165,0.0254384452380474,-0.0101194205713528));
#3730=CARTESIAN_POINT('',(-0.0165,0.0254312166875274,-0.0101888207424171));
#3731=CARTESIAN_POINT('',(-0.0165,0.0254250236008077,-0.0102625655985946));
#3732=CARTESIAN_POINT('',(-0.0165,0.0254200370041333,-0.0103406397959538));
#3733=CARTESIAN_POINT('',(-0.0165,0.0254164276904477,-0.0104230228856148));
#3734=CARTESIAN_POINT('',(-0.0165,0.0254143660834899,-0.0105096893176376));
#3735=CARTESIAN_POINT('',(-0.0165,0.0254140221022567,-0.0106006084482245));
#3736=CARTESIAN_POINT('',(-0.0165,0.0254155650247622,-0.0106957445500553));
#3737=CARTESIAN_POINT('',(-0.0165,0.0254191633552242,-0.010795056827312));
#3738=CARTESIAN_POINT('',(-0.0165,0.0254249846792602,-0.0108984994290753));
#3739=CARTESIAN_POINT('',(-0.0165,0.0254331955668634,-0.0110060214854497));
#3740=CARTESIAN_POINT('',(-0.0165,0.0254439612936292,-0.0111175670726466));
#3741=CARTESIAN_POINT('',(-0.0165,0.0254574462625472,-0.0112330754672675));
#3742=CARTESIAN_POINT('',(-0.0165,0.0254738117403281,-0.0113524803070753));
#3743=CARTESIAN_POINT('',(-0.0165,0.0254932238915101,-0.0114757129598309));
#3744=CARTESIAN_POINT('',(-0.0165,0.0255158223766021,-0.0116026897916867));
#3745=CARTESIAN_POINT('',(-0.0165,0.0255418398597996,-0.0117333610614815));
#3746=CARTESIAN_POINT('',(-0.0165,0.0255682727386219,-0.0118543765731873));
#3747=CARTESIAN_POINT('',(-0.0165,0.0255870626332508,-0.0119322303232161));
#3748=CARTESIAN_POINT('',(-0.0165,0.0255950368095964,-0.0119648986327168));
#3749=CARTESIAN_POINT('',(-0.0165,0.0255950368095964,-0.0119648986327168));
#3750=CARTESIAN_POINT('',(-0.0165,0.03,2.79428505919827E-17));
#3751=CARTESIAN_POINT('',(-0.0165,0.0265308991191472,-0.0122689787300519));
#3752=CARTESIAN_POINT('',(-0.0165,0.0281877145232602,-0.00919816537961768));
#3753=CARTESIAN_POINT('',(-0.0165,0.0280769976047621,-0.0097617946920602));
#3754=CARTESIAN_POINT('',(-0.0165,0.0279582267534404,-0.0103664243564038));
#3755=CARTESIAN_POINT('',(-0.0165,0.0279547240226432,-0.0103796434693768));
#3756=CARTESIAN_POINT('',(-0.0165,0.0279518554041324,-0.0103914073044464));
#3757=CARTESIAN_POINT('',(-0.0165,0.0279480957871669,-0.0104051578519566));
#3758=CARTESIAN_POINT('',(-0.0165,0.0279427192491667,-0.010423591889918));
#3759=CARTESIAN_POINT('',(-0.0165,0.0279357566113218,-0.0104457250394858));
#3760=CARTESIAN_POINT('',(-0.0165,0.0279269886487785,-0.0104717930220166));
#3761=CARTESIAN_POINT('',(-0.0165,0.0279162773796752,-0.0105016399009842));
#3762=CARTESIAN_POINT('',(-0.0165,0.027903462259168,-0.0105352240244962));
#3763=CARTESIAN_POINT('',(-0.0165,0.0278883920825648,-0.0105724634139989));
#3764=CARTESIAN_POINT('',(-0.0165,0.0278709156054608,-0.0106132820822537));
#3765=CARTESIAN_POINT('',(-0.0165,0.0278508844777572,-0.0106575964102498));
#3766=CARTESIAN_POINT('',(-0.0165,0.0278281525472901,-0.010705319189488));
#3767=CARTESIAN_POINT('',(-0.0165,0.0278025762179573,-0.010756358526933));
#3768=CARTESIAN_POINT('',(-0.0165,0.0277740145005955,-0.0108106182405095));
#3769=CARTESIAN_POINT('',(-0.0165,0.0277423291496054,-0.0108679978320521));
#3770=CARTESIAN_POINT('',(-0.0165,0.0277073847727626,-0.0109283925852468));
#3771=CARTESIAN_POINT('',(-0.0165,0.027669048946273,-0.0109916936321821));
#3772=CARTESIAN_POINT('',(-0.0165,0.0276271923259343,-0.0110577880326521));
#3773=CARTESIAN_POINT('',(-0.0165,0.0275816887569029,-0.0111265588535923));
#3774=CARTESIAN_POINT('',(-0.0165,0.0275324153813558,-0.0111978852521065));
#3775=CARTESIAN_POINT('',(-0.0165,0.0274792527439088,-0.011271642560961));
#3776=CARTESIAN_POINT('',(-0.0165,0.0274220848957641,-0.0113477023770266));
#3777=CARTESIAN_POINT('',(-0.0165,0.027360799493326,-0.0114259326514989));
#3778=CARTESIAN_POINT('',(-0.0165,0.0272952879074758,-0.0115061977858506));
#3779=CARTESIAN_POINT('',(-0.0165,0.027225445280833,-0.0115883587180862));
#3780=CARTESIAN_POINT('',(-0.0165,0.02715117077381,-0.0116722730583529));
#3781=CARTESIAN_POINT('',(-0.0165,0.0270723670739125,-0.0117577950467366));
#3782=CARTESIAN_POINT('',(-0.0165,0.0269889427203754,-0.0118447762048653));
#3783=CARTESIAN_POINT('',(-0.0165,0.026900803624281,-0.0119330633390264));
#3784=CARTESIAN_POINT('',(-0.0165,0.0268078859566469,-0.0120225066976285));
#3785=CARTESIAN_POINT('',(-0.0165,0.0267100307253056,-0.0121129292826438));
#3786=CARTESIAN_POINT('',(-0.0165,0.0266175149440487,-0.0121952960318493));
#3787=CARTESIAN_POINT('',(-0.0165,0.0265565523138688,-0.0122472366157434));
#3788=CARTESIAN_POINT('',(-0.0165,0.0265308991191472,-0.0122689787300519));
#3789=CARTESIAN_POINT('',(-0.0165,0.0280726486943662,-0.00978376098780858));
#3790=CARTESIAN_POINT('',(-0.0165,0.0286766394404292,-0.0099025208073837));
#3791=CARTESIAN_POINT('',(-0.0165,0.0287581766497127,-0.00929238934648568));
#3792=CARTESIAN_POINT('',(-0.0165,0.03,-7.18515208083231E-19));
#3793=CARTESIAN_POINT('',(-0.0165,0.03,-1.97538236862529E-18));
#3794=CARTESIAN_POINT('',(-0.0165,0.0320976176963403,-0.0017));
#3795=CARTESIAN_POINT('',(-0.0165,0.0320976176963403,0.0017));
#3796=CARTESIAN_POINT('',(-0.0165,0.03,-0.0017));
#3797=CARTESIAN_POINT('',(-0.0165,0.0279023823036597,-0.0017));
#3798=CARTESIAN_POINT('',(-0.0165,0.03,8.46017590971702E-20));
#3799=CARTESIAN_POINT('',(-0.0165,0.0279023823036597,0.0017));
#3800=CARTESIAN_POINT('',(-0.0165,0.03,0.0017));
#3801=CARTESIAN_POINT('',(-0.0215,0.03,2.79428505919827E-17));
#3802=CARTESIAN_POINT('',(-0.0215,0.0308424285909375,-0.0127221387380098));
#3803=CARTESIAN_POINT('',(-0.0215,0.0308424285909375,-0.0127221387380098));
#3804=CARTESIAN_POINT('',(-0.0215,0.03,2.79428505919827E-17));
#3805=CARTESIAN_POINT('',(-0.0215,0.0318210618708227,-0.012619280235522));
#3806=CARTESIAN_POINT('',(-0.0215,0.0318210618708227,-0.012619280235522));
#3807=CARTESIAN_POINT('',(-0.0215,0.03,2.79428505919827E-17));
#3808=CARTESIAN_POINT('',(-0.0215,0.035944156815682,-0.0112796054784989));
#3809=CARTESIAN_POINT('',(-0.0215,0.035944156815682,-0.0112796054784989));
#3810=CARTESIAN_POINT('',(-0.0215,0.03,2.79428505919827E-17));
#3811=CARTESIAN_POINT('',(-0.0215,0.0367963464812052,-0.0107875935457084));
#3812=CARTESIAN_POINT('',(-0.0215,0.0367963464812052,-0.0107875935457084));
#3813=CARTESIAN_POINT('',(-0.0215,0.03,2.79428505919827E-17));
#3814=CARTESIAN_POINT('',(-0.0215,0.0423597976991423,-0.00313015987391643));
#3815=CARTESIAN_POINT('',(-0.0215,0.0423597976991423,-0.00313015987391643));
#3816=CARTESIAN_POINT('',(-0.0215,0.03,2.79428505919827E-17));
#3817=CARTESIAN_POINT('',(-0.0215,0.0425643877648403,-0.00216763929073359));
#3818=CARTESIAN_POINT('',(-0.0215,0.0425643877648403,-0.00216763929073359));
#3819=CARTESIAN_POINT('',(-0.0215,0.03,2.79428505919827E-17));
#3820=CARTESIAN_POINT('',(-0.0215,0.03,2.79428505919827E-17));
#3821=CARTESIAN_POINT('',(-0.0215,0.0405964810421179,-0.00709063392963109));
#3822=CARTESIAN_POINT('',(-0.0215,0.0400180863260256,-0.00788672595975663));
#3823=CARTESIAN_POINT('',(-0.0215,0.0405964810421179,-0.00709063392963109));
#3824=CARTESIAN_POINT('',(-0.0215,0.0400180863260256,-0.00788672595975663));
#3825=CARTESIAN_POINT('',(-0.0215,0.03,2.79428505919827E-17));
#3826=CARTESIAN_POINT('',(-0.0215,0.0211093031817105,-0.00913881885613543));
#3827=CARTESIAN_POINT('',(-0.0215,0.0211093031817105,-0.00913881885613543));
#3828=CARTESIAN_POINT('',(-0.0215,0.03,2.79428505919827E-17));
#3829=CARTESIAN_POINT('',(-0.0215,0.0218405754255633,-0.00979725934198322));
#3830=CARTESIAN_POINT('',(-0.0215,0.0218405754255633,-0.00979725934198322));
#3831=CARTESIAN_POINT('',(-0.0215,0.03,2.79428505919827E-17));
#3832=CARTESIAN_POINT('',(-0.0215,0.03,2.79428505919827E-17));
#3833=CARTESIAN_POINT('',(-0.0215,0.0265308991191472,-0.0122689787300519));
#3834=CARTESIAN_POINT('',(-0.0215,0.0255950368095964,-0.0119648986327168));
#3835=CARTESIAN_POINT('',(-0.0215,0.0265308991191472,-0.0122689787300519));
#3836=CARTESIAN_POINT('',(-0.0215,0.0255950368095964,-0.0119648986327168));
#3837=CARTESIAN_POINT('',(-0.0215,0.03,2.79428505919827E-17));
#3838=CARTESIAN_POINT('',(-0.0215,0.03,2.79428505919827E-17));
#3839=CARTESIAN_POINT('',(-0.0215,0.0185610903669447,-0.00563150480837872));
#3840=CARTESIAN_POINT('',(-0.0215,0.0181608518031517,-0.0047325542757653));
#3841=CARTESIAN_POINT('',(-0.0215,0.0185610903669447,-0.00563150480837872));
#3842=CARTESIAN_POINT('',(-0.0215,0.0181608518031517,-0.0047325542757653));
#3843=CARTESIAN_POINT('',(-0.0215,0.03,2.79428505919827E-17));
#3844=CARTESIAN_POINT('',(-0.0215,0.03,2.79428505919827E-17));
#3845=CARTESIAN_POINT('',(-0.0215,0.0172594967031129,-0.000492011932790463));
#3846=CARTESIAN_POINT('',(-0.0215,0.0172594967031129,0.000492011932790523));
#3847=CARTESIAN_POINT('',(-0.0215,0.0172594967031129,-0.000492011932790463));
#3848=CARTESIAN_POINT('',(-0.0215,0.0172594967031129,0.000492011932790523));
#3849=CARTESIAN_POINT('',(-0.0215,0.03,2.79428505919827E-17));
#3850=CARTESIAN_POINT('',(-0.0215,0.0367963464812052,0.0107875935457084));
#3851=CARTESIAN_POINT('',(-0.0215,0.0367963464812052,0.0107875935457084));
#3852=CARTESIAN_POINT('',(-0.0215,0.03,2.79428505919827E-17));
#3853=CARTESIAN_POINT('',(-0.0215,0.035944156815682,0.0112796054784989));
#3854=CARTESIAN_POINT('',(-0.0215,0.035944156815682,0.0112796054784989));
#3855=CARTESIAN_POINT('',(-0.0215,0.03,2.79428505919827E-17));
#3856=CARTESIAN_POINT('',(-0.0215,0.03,2.79428505919827E-17));
#3857=CARTESIAN_POINT('',(-0.0215,0.0400180863260255,0.0078867259597567));
#3858=CARTESIAN_POINT('',(-0.0215,0.0405964810421179,0.00709063392963114));
#3859=CARTESIAN_POINT('',(-0.0215,0.0400180863260255,0.0078867259597567));
#3860=CARTESIAN_POINT('',(-0.0215,0.0405964810421179,0.00709063392963114));
#3861=CARTESIAN_POINT('',(-0.0215,0.03,2.79428505919827E-17));
#3862=CARTESIAN_POINT('',(-0.0215,0.0318210618708227,0.012619280235522));
#3863=CARTESIAN_POINT('',(-0.0215,0.0318210618708227,0.012619280235522));
#3864=CARTESIAN_POINT('',(-0.0215,0.03,2.79428505919827E-17));
#3865=CARTESIAN_POINT('',(-0.0215,0.0308424285909375,0.0127221387380099));
#3866=CARTESIAN_POINT('',(-0.0215,0.0308424285909375,0.0127221387380099));
#3867=CARTESIAN_POINT('',(-0.0215,0.03,2.79428505919827E-17));
#3868=CARTESIAN_POINT('',(-0.0215,0.0265308991191472,0.0122689787300519));
#3869=CARTESIAN_POINT('',(-0.0215,0.0265308991191472,0.0122689787300519));
#3870=CARTESIAN_POINT('',(-0.0215,0.03,2.79428505919827E-17));
#3871=CARTESIAN_POINT('',(-0.0215,0.0255950368095964,0.0119648986327169));
#3872=CARTESIAN_POINT('',(-0.0215,0.0255950368095964,0.0119648986327169));
#3873=CARTESIAN_POINT('',(-0.0215,0.03,2.79428505919827E-17));
#3874=CARTESIAN_POINT('',(-0.0215,0.03,2.79428505919827E-17));
#3875=CARTESIAN_POINT('',(-0.0215,0.0181608518031517,0.00473255427576536));
#3876=CARTESIAN_POINT('',(-0.0215,0.0185610903669447,0.00563150480837877));
#3877=CARTESIAN_POINT('',(-0.0215,0.0181608518031517,0.00473255427576536));
#3878=CARTESIAN_POINT('',(-0.0215,0.0185610903669447,0.00563150480837877));
#3879=CARTESIAN_POINT('',(-0.0215,0.03,2.79428505919827E-17));
#3880=CARTESIAN_POINT('',(-0.0215,0.03,2.79428505919827E-17));
#3881=CARTESIAN_POINT('',(-0.0215,0.0211093031817105,0.00913881885613548));
#3882=CARTESIAN_POINT('',(-0.0215,0.0218405754255632,0.00979725934198327));
#3883=CARTESIAN_POINT('',(-0.0215,0.0211093031817105,0.00913881885613548));
#3884=CARTESIAN_POINT('',(-0.0215,0.0218405754255632,0.00979725934198327));
#3885=CARTESIAN_POINT('',(-0.0215,0.03,2.87235629264391E-17));
#3886=CARTESIAN_POINT('',(-0.0215,0.03,-4.99632715144137E-19));
#3887=CARTESIAN_POINT('',(-0.0215,0.03,-0.006));
#3888=CARTESIAN_POINT('',(-0.0215,0.0286766394404292,-0.0099025208073837));
#3889=CARTESIAN_POINT('',(-0.0215,0.0280726486943662,-0.00978376098780858));
#3890=CARTESIAN_POINT('',(-0.0215,0.0287581766497127,-0.00929238934648568));
#3891=CARTESIAN_POINT('',(-0.0215,0.0281877145232602,-0.00919816537961768));
#3892=CARTESIAN_POINT('',(-0.0215,0.0280769976047621,-0.0097617946920602));
#3893=CARTESIAN_POINT('',(-0.0215,0.0279582267534404,-0.0103664243564038));
#3894=CARTESIAN_POINT('',(-0.0215,0.0279547240226432,-0.0103796434693768));
#3895=CARTESIAN_POINT('',(-0.0215,0.0279518554041324,-0.0103914073044464));
#3896=CARTESIAN_POINT('',(-0.0215,0.0279480957871669,-0.0104051578519566));
#3897=CARTESIAN_POINT('',(-0.0215,0.0279427192491667,-0.010423591889918));
#3898=CARTESIAN_POINT('',(-0.0215,0.0279357566113218,-0.0104457250394858));
#3899=CARTESIAN_POINT('',(-0.0215,0.0279269886487785,-0.0104717930220166));
#3900=CARTESIAN_POINT('',(-0.0215,0.0279162773796752,-0.0105016399009842));
#3901=CARTESIAN_POINT('',(-0.0215,0.027903462259168,-0.0105352240244962));
#3902=CARTESIAN_POINT('',(-0.0215,0.0278883920825648,-0.0105724634139989));
#3903=CARTESIAN_POINT('',(-0.0215,0.0278709156054608,-0.0106132820822537));
#3904=CARTESIAN_POINT('',(-0.0215,0.0278508844777572,-0.0106575964102498));
#3905=CARTESIAN_POINT('',(-0.0215,0.0278281525472901,-0.010705319189488));
#3906=CARTESIAN_POINT('',(-0.0215,0.0278025762179573,-0.010756358526933));
#3907=CARTESIAN_POINT('',(-0.0215,0.0277740145005955,-0.0108106182405095));
#3908=CARTESIAN_POINT('',(-0.0215,0.0277423291496054,-0.0108679978320521));
#3909=CARTESIAN_POINT('',(-0.0215,0.0277073847727626,-0.0109283925852468));
#3910=CARTESIAN_POINT('',(-0.0215,0.027669048946273,-0.0109916936321821));
#3911=CARTESIAN_POINT('',(-0.0215,0.0276271923259343,-0.0110577880326521));
#3912=CARTESIAN_POINT('',(-0.0215,0.0275816887569029,-0.0111265588535923));
#3913=CARTESIAN_POINT('',(-0.0215,0.0275324153813558,-0.0111978852521065));
#3914=CARTESIAN_POINT('',(-0.0215,0.0274792527439088,-0.011271642560961));
#3915=CARTESIAN_POINT('',(-0.0215,0.0274220848957641,-0.0113477023770266));
#3916=CARTESIAN_POINT('',(-0.0215,0.027360799493326,-0.0114259326514989));
#3917=CARTESIAN_POINT('',(-0.0215,0.0272952879074758,-0.0115061977858506));
#3918=CARTESIAN_POINT('',(-0.0215,0.027225445280833,-0.0115883587180862));
#3919=CARTESIAN_POINT('',(-0.0215,0.02715117077381,-0.0116722730583529));
#3920=CARTESIAN_POINT('',(-0.0215,0.0270723670739125,-0.0117577950467366));
#3921=CARTESIAN_POINT('',(-0.0215,0.0269889427203754,-0.0118447762048653));
#3922=CARTESIAN_POINT('',(-0.0215,0.026900803624281,-0.0119330633390264));
#3923=CARTESIAN_POINT('',(-0.0215,0.0268078859566469,-0.0120225066976285));
#3924=CARTESIAN_POINT('',(-0.0215,0.0267100307253056,-0.0121129292826438));
#3925=CARTESIAN_POINT('',(-0.0215,0.0266175149440487,-0.0121952960318493));
#3926=CARTESIAN_POINT('',(-0.0215,0.0265565523138688,-0.0122472366157434));
#3927=CARTESIAN_POINT('',(-0.0215,0.0265308991191472,-0.0122689787300519));
#3928=CARTESIAN_POINT('',(-0.0215,0.0260596237910549,-0.00850670678535349));
#3929=CARTESIAN_POINT('',(-0.0215,0.0258179026620713,-0.00902777024951981));
#3930=CARTESIAN_POINT('',(-0.0215,0.0255585978994272,-0.0095867376780861));
#3931=CARTESIAN_POINT('',(-0.0215,0.025553661668515,-0.00959949101863718));
#3932=CARTESIAN_POINT('',(-0.0215,0.0255490678208763,-0.00961069429278263));
#3933=CARTESIAN_POINT('',(-0.0215,0.0255440270458562,-0.00962402856680694));
#3934=CARTESIAN_POINT('',(-0.0215,0.0255375415008154,-0.0096421022665375));
#3935=CARTESIAN_POINT('',(-0.0215,0.0255301648542548,-0.00966410089651917));
#3936=CARTESIAN_POINT('',(-0.0215,0.0255219359092698,-0.00969034401647134));
#3937=CARTESIAN_POINT('',(-0.0215,0.0255130579527215,-0.0097207865747974));
#3938=CARTESIAN_POINT('',(-0.0215,0.0255036853504853,-0.00975548924030028));
#3939=CARTESIAN_POINT('',(-0.0215,0.0254939886155114,-0.00979447456682496));
#3940=CARTESIAN_POINT('',(-0.0215,0.0254841347712721,-0.00983776997863453));
#3941=CARTESIAN_POINT('',(-0.0215,0.0254742929855394,-0.00988539502452875));
#3942=CARTESIAN_POINT('',(-0.0215,0.0254646327577676,-0.00993736505743591));
#3943=CARTESIAN_POINT('',(-0.0215,0.0254553242730147,-0.00999369013800015));
#3944=CARTESIAN_POINT('',(-0.0215,0.025446538128315,-0.0100543753246388));
#3945=CARTESIAN_POINT('',(-0.0215,0.0254384452380474,-0.0101194205713528));
#3946=CARTESIAN_POINT('',(-0.0215,0.0254312166875274,-0.0101888207424171));
#3947=CARTESIAN_POINT('',(-0.0215,0.0254250236008077,-0.0102625655985946));
#3948=CARTESIAN_POINT('',(-0.0215,0.0254200370041333,-0.0103406397959538));
#3949=CARTESIAN_POINT('',(-0.0215,0.0254164276904477,-0.0104230228856148));
#3950=CARTESIAN_POINT('',(-0.0215,0.0254143660834899,-0.0105096893176376));
#3951=CARTESIAN_POINT('',(-0.0215,0.0254140221022567,-0.0106006084482245));
#3952=CARTESIAN_POINT('',(-0.0215,0.0254155650247622,-0.0106957445500553));
#3953=CARTESIAN_POINT('',(-0.0215,0.0254191633552242,-0.010795056827312));
#3954=CARTESIAN_POINT('',(-0.0215,0.0254249846792602,-0.0108984994290753));
#3955=CARTESIAN_POINT('',(-0.0215,0.0254331955668634,-0.0110060214854497));
#3956=CARTESIAN_POINT('',(-0.0215,0.0254439612936292,-0.0111175670726466));
#3957=CARTESIAN_POINT('',(-0.0215,0.0254574462625472,-0.0112330754672675));
#3958=CARTESIAN_POINT('',(-0.0215,0.0254738117403281,-0.0113524803070753));
#3959=CARTESIAN_POINT('',(-0.0215,0.0254932238915101,-0.0114757129598309));
#3960=CARTESIAN_POINT('',(-0.0215,0.0255158223766021,-0.0116026897916867));
#3961=CARTESIAN_POINT('',(-0.0215,0.0255418398597996,-0.0117333610614815));
#3962=CARTESIAN_POINT('',(-0.0215,0.0255682727386219,-0.0118543765731873));
#3963=CARTESIAN_POINT('',(-0.0215,0.0255870626332508,-0.0119322303232161));
#3964=CARTESIAN_POINT('',(-0.0215,0.0255950368095964,-0.0119648986327168));
#3965=CARTESIAN_POINT('',(-0.0215,0.0258085095398002,-0.00904809758147796));
#3966=CARTESIAN_POINT('',(-0.0215,0.0252500654912788,-0.00878915944070617));
#3967=CARTESIAN_POINT('',(-0.0215,0.0255427267779701,-0.00824762635090694));
#3968=CARTESIAN_POINT('',(-0.0215,0.03,2.64211366166465E-18));
#3969=CARTESIAN_POINT('',(-0.0215,0.0250859826702076,-0.00798392501733948));
#3970=CARTESIAN_POINT('',(-0.0215,0.0247633319007972,-0.00850814367121798));
#3971=CARTESIAN_POINT('',(-0.0215,0.0242598628686195,-0.00815398600899214));
#3972=CARTESIAN_POINT('',(-0.0215,0.0246031639258109,-0.00766581929009098));
#3973=CARTESIAN_POINT('',(-0.0215,0.0242727702933508,-0.00813568766050545));
#3974=CARTESIAN_POINT('',(-0.0215,0.0239183426816464,-0.00863973588656065));
#3975=CARTESIAN_POINT('',(-0.0215,0.0239097660802021,-0.00865038745820515));
#3976=CARTESIAN_POINT('',(-0.0215,0.023902360684006,-0.00865996748403407));
#3977=CARTESIAN_POINT('',(-0.0215,0.0238933332514699,-0.00867100006026832));
#3978=CARTESIAN_POINT('',(-0.0215,0.0238809237408833,-0.0086856535568964));
#3979=CARTESIAN_POINT('',(-0.0215,0.023865560691751,-0.00870304123520343));
#3980=CARTESIAN_POINT('',(-0.0215,0.0238469479556904,-0.00872328927058292));
#3981=CARTESIAN_POINT('',(-0.0215,0.0238250229050979,-0.00874619908565039));
#3982=CARTESIAN_POINT('',(-0.0215,0.0237996558163115,-0.00877166733003799));
#3983=CARTESIAN_POINT('',(-0.0215,0.0237707419006532,-0.00879955761212145));
#3984=CARTESIAN_POINT('',(-0.0215,0.0237381738962786,-0.0088297389974625));
#3985=CARTESIAN_POINT('',(-0.0215,0.0237018502895441,-0.00886207475687267));
#3986=CARTESIAN_POINT('',(-0.0215,0.0236616730346969,-0.00889642577598302));
#3987=CARTESIAN_POINT('',(-0.0215,0.0236175483264345,-0.0089326497005319));
#3988=CARTESIAN_POINT('',(-0.0215,0.0235693864855218,-0.00897060131836248));
#3989=CARTESIAN_POINT('',(-0.0215,0.023517102094606,-0.00901013259028122));
#3990=CARTESIAN_POINT('',(-0.0215,0.0234606140586972,-0.00905109278419625));
#3991=CARTESIAN_POINT('',(-0.0215,0.023399845683209,-0.00909332858271207));
#3992=CARTESIAN_POINT('',(-0.0215,0.0233347247432531,-0.00913668420079008));
#3993=CARTESIAN_POINT('',(-0.0215,0.0232651835516072,-0.00918100150296252));
#3994=CARTESIAN_POINT('',(-0.0215,0.023191159023299,-0.00922612012297211));
#3995=CARTESIAN_POINT('',(-0.0215,0.0231125927371372,-0.00927187758475186));
#3996=CARTESIAN_POINT('',(-0.0215,0.023029430994882,-0.00931810942558149));
#3997=CARTESIAN_POINT('',(-0.0215,0.022941624874639,-0.00936464931861858));
#3998=CARTESIAN_POINT('',(-0.0215,0.0228491302916605,-0.00941132920500136));
#3999=CARTESIAN_POINT('',(-0.0215,0.0227519080155716,-0.00945797939593653));
#4000=CARTESIAN_POINT('',(-0.0215,0.0226499238399961,-0.0095044287966656));
#4001=CARTESIAN_POINT('',(-0.0215,0.0225431481514449,-0.0095505046683239));
#4002=CARTESIAN_POINT('',(-0.0215,0.0224315577879462,-0.00959603416872441));
#4003=CARTESIAN_POINT('',(-0.0215,0.022315129104493,-0.00964083907903644));
#4004=CARTESIAN_POINT('',(-0.0215,0.0221938646998679,-0.00968475663278774));
#4005=CARTESIAN_POINT('',(-0.0215,0.022067691319082,-0.00972756046629351));
#4006=CARTESIAN_POINT('',(-0.0215,0.0219496723722816,-0.00976517667759108));
#4007=CARTESIAN_POINT('',(-0.0215,0.0218728540996624,-0.00978783102652242));
#4008=CARTESIAN_POINT('',(-0.0215,0.0218405754255633,-0.00979725934198322));
#4009=CARTESIAN_POINT('',(-0.0215,0.0229402978514104,-0.00616856795157511));
#4010=CARTESIAN_POINT('',(-0.0215,0.0225075390077667,-0.00654626627184446));
#4011=CARTESIAN_POINT('',(-0.0215,0.0220432997842244,-0.00695143967848994));
#4012=CARTESIAN_POINT('',(-0.0215,0.0220336030619728,-0.00696108268882945));
#4013=CARTESIAN_POINT('',(-0.0215,0.0220248495912121,-0.0069694489028684));
#4014=CARTESIAN_POINT('',(-0.0215,0.022014821076235,-0.00697958010042413));
#4015=CARTESIAN_POINT('',(-0.0215,0.0220015450000662,-0.00699345333789733));
#4016=CARTESIAN_POINT('',(-0.0215,0.0219858584491972,-0.00701054973393224));
#4017=CARTESIAN_POINT('',(-0.0215,0.0219676668953717,-0.00703117700349964));
#4018=CARTESIAN_POINT('',(-0.0215,0.0219471743745137,-0.00705537667413364));
#4019=CARTESIAN_POINT('',(-0.0215,0.0219244972306421,-0.00708326695580143));
#4020=CARTESIAN_POINT('',(-0.0215,0.021899782061613,-0.0071149378063307));
#4021=CARTESIAN_POINT('',(-0.0215,0.0218731702965077,-0.00715048221359878));
#4022=CARTESIAN_POINT('',(-0.0215,0.0218448085265632,-0.0071899868430547));
#4023=CARTESIAN_POINT('',(-0.0215,0.0218148453526372,-0.0072335346619353));
#4024=CARTESIAN_POINT('',(-0.0215,0.021783432154484,-0.0072812040815956));
#4025=CARTESIAN_POINT('',(-0.0215,0.0217507227228056,-0.00733306911119485));
#4026=CARTESIAN_POINT('',(-0.0215,0.021716873214366,-0.00738919922585138));
#4027=CARTESIAN_POINT('',(-0.0215,0.0216820420122655,-0.00744965932051401));
#4028=CARTESIAN_POINT('',(-0.0215,0.0216463896107782,-0.00751450964359678));
#4029=CARTESIAN_POINT('',(-0.0215,0.0216100784910925,-0.00758380574036167));
#4030=CARTESIAN_POINT('',(-0.0215,0.0215732729976349,-0.00765759839757578));
#4031=CARTESIAN_POINT('',(-0.0215,0.0215361392123348,-0.0077359335917869));
#4032=CARTESIAN_POINT('',(-0.0215,0.0214988448278755,-0.0078188524407754));
#4033=CARTESIAN_POINT('',(-0.0215,0.0214615590190279,-0.00790639115758115));
#4034=CARTESIAN_POINT('',(-0.0215,0.0214244523152089,-0.00799858101020991));
#4035=CARTESIAN_POINT('',(-0.0215,0.0213876964627472,-0.00809544827497418));
#4036=CARTESIAN_POINT('',(-0.0215,0.021351464321554,-0.00819701423003176));
#4037=CARTESIAN_POINT('',(-0.0215,0.0213159296246528,-0.00830329501010058));
#4038=CARTESIAN_POINT('',(-0.0215,0.021281267260079,-0.00841430201031579));
#4039=CARTESIAN_POINT('',(-0.0215,0.0212476515442575,-0.0085300401988377));
#4040=CARTESIAN_POINT('',(-0.0215,0.0212152621912938,-0.00865051446220247));
#4041=CARTESIAN_POINT('',(-0.0215,0.0211842608043617,-0.00877570520213509));
#4042=CARTESIAN_POINT('',(-0.0215,0.0211548801643333,-0.00890566161087753));
#4043=CARTESIAN_POINT('',(-0.0215,0.0211298063577225,-0.00902696600229975));
#4044=CARTESIAN_POINT('',(-0.0215,0.0211153058076728,-0.0091057314806641));
#4045=CARTESIAN_POINT('',(-0.0215,0.0211093031817105,-0.00913881885613543));
#4046=CARTESIAN_POINT('',(-0.0215,0.0224906900928196,-0.00656101568660028));
#4047=CARTESIAN_POINT('',(-0.0215,0.0220858456990871,-0.00609732426664655));
#4048=CARTESIAN_POINT('',(-0.0215,0.0225734664392311,-0.00572164524160435));
#4049=CARTESIAN_POINT('',(-0.0215,0.03,1.05124620518201E-17));
#4050=CARTESIAN_POINT('',(-0.0215,0.0222634669294695,-0.00529496752101353));
#4051=CARTESIAN_POINT('',(-0.0215,0.0217554918491535,-0.00564263120023994));
#4052=CARTESIAN_POINT('',(-0.0215,0.0214395989003971,-0.0051143127725836));
#4053=CARTESIAN_POINT('',(-0.0215,0.0219517753143055,-0.0048079834035256));
#4054=CARTESIAN_POINT('',(-0.0215,0.0214588330284677,-0.00510284632204722));
#4055=CARTESIAN_POINT('',(-0.0215,0.020930032410318,-0.00541915859239472));
#4056=CARTESIAN_POINT('',(-0.0215,0.0209178649105324,-0.00542540086920689));
#4057=CARTESIAN_POINT('',(-0.0215,0.0209072031969291,-0.00543114061229751));
#4058=CARTESIAN_POINT('',(-0.0215,0.0208944688739196,-0.0054375475845971));
#4059=CARTESIAN_POINT('',(-0.0215,0.0208771721078638,-0.00544588681720205));
#4060=CARTESIAN_POINT('',(-0.0215,0.020856065058208,-0.00545552253670692));
#4061=CARTESIAN_POINT('',(-0.0215,0.0208308258597864,-0.00546644955567028));
#4062=CARTESIAN_POINT('',(-0.0215,0.0208014780681351,-0.00547846099168336));
#4063=CARTESIAN_POINT('',(-0.0215,0.0207679452111733,-0.0054914096661202));
#4064=CARTESIAN_POINT('',(-0.0215,0.020730187035152,-0.00550512835763689));
#4065=CARTESIAN_POINT('',(-0.0215,0.020688158807334,-0.00551945382434953));
#4066=CARTESIAN_POINT('',(-0.0215,0.0206418234031627,-0.00553421986861052));
#4067=CARTESIAN_POINT('',(-0.0215,0.0205911478362974,-0.00554925952431963));
#4068=CARTESIAN_POINT('',(-0.0215,0.0205361043120245,-0.0055644045903339));
#4069=CARTESIAN_POINT('',(-0.0215,0.0204766699673912,-0.00557948593291604));
#4070=CARTESIAN_POINT('',(-0.0215,0.0204128269827277,-0.00559433356916586));
#4071=CARTESIAN_POINT('',(-0.0215,0.0203445625823394,-0.00560877681416164));
#4072=CARTESIAN_POINT('',(-0.0215,0.0202718690620378,-0.00562264441099442));
#4073=CARTESIAN_POINT('',(-0.0215,0.0201947438045881,-0.00563576466644124));
#4074=CARTESIAN_POINT('',(-0.0215,0.0201131892941252,-0.0056479655856903));
#4075=CARTESIAN_POINT('',(-0.0215,0.0200272131264922,-0.00565907500790583));
#4076=CARTESIAN_POINT('',(-0.0215,0.0199368280162453,-0.00566892074177561));
#4077=CARTESIAN_POINT('',(-0.0215,0.0198420518006161,-0.00567733070208675));
#4078=CARTESIAN_POINT('',(-0.0215,0.019742907438452,-0.00568413304338083));
#4079=CARTESIAN_POINT('',(-0.0215,0.0196394230120288,-0.00568915630536568));
#4080=CARTESIAN_POINT('',(-0.0215,0.0195316317012663,-0.00569222951318407));
#4081=CARTESIAN_POINT('',(-0.0215,0.0194195718475925,-0.0056931824510099));
#4082=CARTESIAN_POINT('',(-0.0215,0.0193032866569649,-0.0056918452691469));
#4083=CARTESIAN_POINT('',(-0.0215,0.01918282527112,-0.0056880506475774));
#4084=CARTESIAN_POINT('',(-0.0215,0.0190582385773985,-0.00568162615800759));
#4085=CARTESIAN_POINT('',(-0.0215,0.0189295951529945,-0.00567242416288604));
#4086=CARTESIAN_POINT('',(-0.0215,0.0187969201465513,-0.00566020807320858));
#4087=CARTESIAN_POINT('',(-0.0215,0.0186738045822777,-0.00564656956193226));
#4088=CARTESIAN_POINT('',(-0.0215,0.0185944132444269,-0.00563602053316229));
#4089=CARTESIAN_POINT('',(-0.0215,0.0185610903669447,-0.00563150480837872));
#4090=CARTESIAN_POINT('',(-0.0215,0.0210416585486377,-0.00276382767928882));
#4091=CARTESIAN_POINT('',(-0.0215,0.0204926899258905,-0.00293285338480511));
#4092=CARTESIAN_POINT('',(-0.0215,0.0199037874206814,-0.00311417460663595));
#4093=CARTESIAN_POINT('',(-0.0215,0.0198910068584598,-0.00311903992267219));
#4094=CARTESIAN_POINT('',(-0.0215,0.0198796073191942,-0.00312312248219264));
#4095=CARTESIAN_POINT('',(-0.0215,0.0198663250856059,-0.00312829882718336));
#4096=CARTESIAN_POINT('',(-0.0215,0.0198485540324881,-0.00313557279360567));
#4097=CARTESIAN_POINT('',(-0.0215,0.0198272699244637,-0.00314481083350351));
#4098=CARTESIAN_POINT('',(-0.0215,0.0198022612467193,-0.00315625561038507));
#4099=CARTESIAN_POINT('',(-0.0215,0.0197736975045767,-0.00317002805042729));
#4100=CARTESIAN_POINT('',(-0.0215,0.0197416369032605,-0.00318628346518437));
#4101=CARTESIAN_POINT('',(-0.0215,0.0197061767774313,-0.00320516366194108));
#4102=CARTESIAN_POINT('',(-0.0215,0.0196674085074072,-0.0032268111137402));
#4103=CARTESIAN_POINT('',(-0.0215,0.0196254307609329,-0.00325136461743661));
#4104=CARTESIAN_POINT('',(-0.0215,0.0195803455458315,-0.00327896040878668));
#4105=CARTESIAN_POINT('',(-0.0215,0.0195322592616186,-0.00330973169182069));
#4106=CARTESIAN_POINT('',(-0.0215,0.0194812823008545,-0.00334380862958379));
#4107=CARTESIAN_POINT('',(-0.0215,0.0194275290617652,-0.00338131820543272));
#4108=CARTESIAN_POINT('',(-0.0215,0.019371117839359,-0.00342238412406376));
#4109=CARTESIAN_POINT('',(-0.0215,0.0193121707472131,-0.00346712670404414));
#4110=CARTESIAN_POINT('',(-0.0215,0.019250813626986,-0.00351566277554881));
#4111=CARTESIAN_POINT('',(-0.0215,0.0191871759579425,-0.00356810557949845));
#4112=CARTESIAN_POINT('',(-0.0215,0.0191213907631284,-0.00362456466916587));
#4113=CARTESIAN_POINT('',(-0.0215,0.0190535945133247,-0.00368514581427173));
#4114=CARTESIAN_POINT('',(-0.0215,0.0189839270282047,-0.00374995090665241));
#4115=CARTESIAN_POINT('',(-0.0215,0.0189125313762989,-0.00381907787161521));
#4116=CARTESIAN_POINT('',(-0.0215,0.0188395537681466,-0.00389262056929124));
#4117=CARTESIAN_POINT('',(-0.0215,0.018765143464528,-0.00397066874670486));
#4118=CARTESIAN_POINT('',(-0.0215,0.0186894526158764,-0.00405330780724111));
#4119=CARTESIAN_POINT('',(-0.0215,0.0186126363555435,-0.00414061929424644));
#4120=CARTESIAN_POINT('',(-0.0215,0.0185348519087743,-0.00423267864723859));
#4121=CARTESIAN_POINT('',(-0.0215,0.0184562614650404,-0.00432956342660246));
#4122=CARTESIAN_POINT('',(-0.0215,0.0183770206275235,-0.00443132145835535));
#4123=CARTESIAN_POINT('',(-0.0215,0.0182973220438449,-0.004538092362357));
#4124=CARTESIAN_POINT('',(-0.0215,0.0182250770407524,-0.00463871100220289));
#4125=CARTESIAN_POINT('',(-0.0215,0.0181797933228609,-0.0047047689421317));
#4126=CARTESIAN_POINT('',(-0.0215,0.0181608518031517,-0.0047325542757653));
#4127=CARTESIAN_POINT('',(-0.0215,0.0204712985487292,-0.0029394745745531));
#4128=CARTESIAN_POINT('',(-0.0215,0.020290055083358,-0.00235120633443174));
#4129=CARTESIAN_POINT('',(-0.0215,0.0208883212210885,-0.00220633969051316));
#4130=CARTESIAN_POINT('',(-0.0215,0.03,2.15316752258548E-17));
#4131=CARTESIAN_POINT('',(-0.0215,0.0207786680408227,-0.00169046203703454));
#4132=CARTESIAN_POINT('',(-0.0215,0.0201732021557964,-0.00180145653304525));
#4133=CARTESIAN_POINT('',(-0.0215,0.0200995060510987,-0.00119032839572242));
#4134=CARTESIAN_POINT('',(-0.0215,0.0206919978667826,-0.00111880350733266));
#4135=CARTESIAN_POINT('',(-0.0215,0.0201217411270285,-0.00118767649660352));
#4136=CARTESIAN_POINT('',(-0.0215,0.0195100019333143,-0.00126155954609348));
#4137=CARTESIAN_POINT('',(-0.0215,0.0194963474064387,-0.00126231318170318));
#4138=CARTESIAN_POINT('',(-0.0215,0.0194842728825689,-0.00126322018833121));
#4139=CARTESIAN_POINT('',(-0.0215,0.019470033549222,-0.00126389373298001));
#4140=CARTESIAN_POINT('',(-0.0215,0.0194508402956843,-0.00126447677248491));
#4141=CARTESIAN_POINT('',(-0.0215,0.0194276388461419,-0.00126469442974744));
#4142=CARTESIAN_POINT('',(-0.0215,0.0194001372720573,-0.00126441105144707));
#4143=CARTESIAN_POINT('',(-0.0215,0.0193684412391399,-0.00126344722199862));
#4144=CARTESIAN_POINT('',(-0.0215,0.0193325407496081,-0.00126163738303956));
#4145=CARTESIAN_POINT('',(-0.0215,0.01929246704488,-0.00125881239759585));
#4146=CARTESIAN_POINT('',(-0.0215,0.0192482456560229,-0.00125480494234267));
#4147=CARTESIAN_POINT('',(-0.0215,0.01919991026674,-0.00124944808825646));
#4148=CARTESIAN_POINT('',(-0.0215,0.0191474986537406,-0.00124257588746125));
#4149=CARTESIAN_POINT('',(-0.0215,0.0190910538388585,-0.00123402337543844));
#4150=CARTESIAN_POINT('',(-0.0215,0.019030623728636,-0.00122362674163));
#4151=CARTESIAN_POINT('',(-0.0215,0.0189662611822683,-0.00121122345101674));
#4152=CARTESIAN_POINT('',(-0.0215,0.0188980239523902,-0.00119665237882075));
#4153=CARTESIAN_POINT('',(-0.0215,0.0188259746573354,-0.00117975394049494));
#4154=CARTESIAN_POINT('',(-0.0215,0.018750180740066,-0.00116037022195003));
#4155=CARTESIAN_POINT('',(-0.0215,0.0186707144265445,-0.00113834510849568));
#4156=CARTESIAN_POINT('',(-0.0215,0.0185876526800394,-0.00111352441289016));
#4157=CARTESIAN_POINT('',(-0.0215,0.018501077152392,-0.0010857560020182));
#4158=CARTESIAN_POINT('',(-0.0215,0.0184110741320861,-0.00105488992327096));
#4159=CARTESIAN_POINT('',(-0.0215,0.0183177344889171,-0.00102077852621496));
#4160=CARTESIAN_POINT('',(-0.0215,0.0182211536165045,-0.000983276596169794));
#4161=CARTESIAN_POINT('',(-0.0215,0.0181214313679525,-0.000942241435320383));
#4162=CARTESIAN_POINT('',(-0.0215,0.0180186720029124,-0.000897533138635723));
#4163=CARTESIAN_POINT('',(-0.0215,0.0179129840760856,-0.000849014114143448));
#4164=CARTESIAN_POINT('',(-0.0215,0.0178044805358646,-0.000796551495146356));
#4165=CARTESIAN_POINT('',(-0.0215,0.0176932780030537,-0.000740008458305983));
#4166=CARTESIAN_POINT('',(-0.0215,0.0175794991756392,-0.000679278022865602));
#4167=CARTESIAN_POINT('',(-0.0215,0.0174632632574672,-0.000614154282889839));
#4168=CARTESIAN_POINT('',(-0.0215,0.017356338875253,-0.000551619271541277));
#4169=CARTESIAN_POINT('',(-0.0215,0.0172881019557329,-0.000509690887979252));
#4170=CARTESIAN_POINT('',(-0.0215,0.0172594967031129,-0.000492011932790463));
#4171=CARTESIAN_POINT('',(-0.0215,0.0206919978667826,0.00111880350733272));
#4172=CARTESIAN_POINT('',(-0.0215,0.0201217411270285,0.00118767649660358));
#4173=CARTESIAN_POINT('',(-0.0215,0.0195100019333143,0.00126155954609354));
#4174=CARTESIAN_POINT('',(-0.0215,0.0194963474064387,0.00126231318170324));
#4175=CARTESIAN_POINT('',(-0.0215,0.0194842728825689,0.00126322018833127));
#4176=CARTESIAN_POINT('',(-0.0215,0.019470033549222,0.00126389373298007));
#4177=CARTESIAN_POINT('',(-0.0215,0.0194508402956843,0.00126447677248496));
#4178=CARTESIAN_POINT('',(-0.0215,0.0194276388461419,0.0012646944297475));
#4179=CARTESIAN_POINT('',(-0.0215,0.0194001372720573,0.00126441105144713));
#4180=CARTESIAN_POINT('',(-0.0215,0.0193684412391399,0.00126344722199868));
#4181=CARTESIAN_POINT('',(-0.0215,0.0193325407496081,0.00126163738303962));
#4182=CARTESIAN_POINT('',(-0.0215,0.01929246704488,0.00125881239759591));
#4183=CARTESIAN_POINT('',(-0.0215,0.0192482456560229,0.00125480494234273));
#4184=CARTESIAN_POINT('',(-0.0215,0.01919991026674,0.00124944808825652));
#4185=CARTESIAN_POINT('',(-0.0215,0.0191474986537406,0.00124257588746131));
#4186=CARTESIAN_POINT('',(-0.0215,0.0190910538388585,0.0012340233754385));
#4187=CARTESIAN_POINT('',(-0.0215,0.019030623728636,0.00122362674163006));
#4188=CARTESIAN_POINT('',(-0.0215,0.0189662611822683,0.0012112234510168));
#4189=CARTESIAN_POINT('',(-0.0215,0.0188980239523902,0.00119665237882081));
#4190=CARTESIAN_POINT('',(-0.0215,0.0188259746573354,0.001179753940495));
#4191=CARTESIAN_POINT('',(-0.0215,0.018750180740066,0.00116037022195009));
#4192=CARTESIAN_POINT('',(-0.0215,0.0186707144265445,0.00113834510849573));
#4193=CARTESIAN_POINT('',(-0.0215,0.0185876526800394,0.00111352441289022));
#4194=CARTESIAN_POINT('',(-0.0215,0.018501077152392,0.00108575600201826));
#4195=CARTESIAN_POINT('',(-0.0215,0.0184110741320861,0.00105488992327102));
#4196=CARTESIAN_POINT('',(-0.0215,0.0183177344889171,0.00102077852621502));
#4197=CARTESIAN_POINT('',(-0.0215,0.0182211536165045,0.000983276596169854));
#4198=CARTESIAN_POINT('',(-0.0215,0.0181214313679525,0.000942241435320443));
#4199=CARTESIAN_POINT('',(-0.0215,0.0180186720029124,0.000897533138635783));
#4200=CARTESIAN_POINT('',(-0.0215,0.0179129840760856,0.000849014114143508));
#4201=CARTESIAN_POINT('',(-0.0215,0.0178044805358646,0.000796551495146416));
#4202=CARTESIAN_POINT('',(-0.0215,0.0176932780030537,0.000740008458306043));
#4203=CARTESIAN_POINT('',(-0.0215,0.0175794991756392,0.000679278022865662));
#4204=CARTESIAN_POINT('',(-0.0215,0.0174632632574672,0.000614154282889898));
#4205=CARTESIAN_POINT('',(-0.0215,0.017356338875253,0.000551619271541337));
#4206=CARTESIAN_POINT('',(-0.0215,0.0172881019557329,0.000509690887979312));
#4207=CARTESIAN_POINT('',(-0.0215,0.0172594967031129,0.000492011932790523));
#4208=CARTESIAN_POINT('',(-0.0215,0.0200995060510987,0.00119032839572248));
#4209=CARTESIAN_POINT('',(-0.0215,0.0201732021557964,0.00180145653304531));
#4210=CARTESIAN_POINT('',(-0.0215,0.0207786680408227,0.00169046203703459));
#4211=CARTESIAN_POINT('',(-0.0215,0.03,3.37944311195692E-17));
#4212=CARTESIAN_POINT('',(-0.0215,0.0208883212210885,0.00220633969051322));
#4213=CARTESIAN_POINT('',(-0.0215,0.020290055083358,0.0023512063344318));
#4214=CARTESIAN_POINT('',(-0.0215,0.0204712985487292,0.00293947457455317));
#4215=CARTESIAN_POINT('',(-0.0215,0.0210416585486377,0.00276382767928889));
#4216=CARTESIAN_POINT('',(-0.0215,0.0204926899258905,0.00293285338480517));
#4217=CARTESIAN_POINT('',(-0.0215,0.0199037874206814,0.00311417460663601));
#4218=CARTESIAN_POINT('',(-0.0215,0.0198910068584598,0.00311903992267225));
#4219=CARTESIAN_POINT('',(-0.0215,0.0198796073191942,0.0031231224821927));
#4220=CARTESIAN_POINT('',(-0.0215,0.0198663250856059,0.00312829882718341));
#4221=CARTESIAN_POINT('',(-0.0215,0.0198485540324881,0.00313557279360574));
#4222=CARTESIAN_POINT('',(-0.0215,0.0198272699244637,0.00314481083350357));
#4223=CARTESIAN_POINT('',(-0.0215,0.0198022612467193,0.00315625561038513));
#4224=CARTESIAN_POINT('',(-0.0215,0.0197736975045767,0.00317002805042735));
#4225=CARTESIAN_POINT('',(-0.0215,0.0197416369032605,0.00318628346518443));
#4226=CARTESIAN_POINT('',(-0.0215,0.0197061767774314,0.00320516366194114));
#4227=CARTESIAN_POINT('',(-0.0215,0.0196674085074072,0.00322681111374026));
#4228=CARTESIAN_POINT('',(-0.0215,0.0196254307609329,0.00325136461743667));
#4229=CARTESIAN_POINT('',(-0.0215,0.0195803455458315,0.00327896040878673));
#4230=CARTESIAN_POINT('',(-0.0215,0.0195322592616186,0.00330973169182075));
#4231=CARTESIAN_POINT('',(-0.0215,0.0194812823008545,0.00334380862958384));
#4232=CARTESIAN_POINT('',(-0.0215,0.0194275290617652,0.00338131820543278));
#4233=CARTESIAN_POINT('',(-0.0215,0.019371117839359,0.00342238412406382));
#4234=CARTESIAN_POINT('',(-0.0215,0.0193121707472131,0.0034671267040442));
#4235=CARTESIAN_POINT('',(-0.0215,0.019250813626986,0.00351566277554887));
#4236=CARTESIAN_POINT('',(-0.0215,0.0191871759579425,0.0035681055794985));
#4237=CARTESIAN_POINT('',(-0.0215,0.0191213907631284,0.00362456466916593));
#4238=CARTESIAN_POINT('',(-0.0215,0.0190535945133247,0.00368514581427179));
#4239=CARTESIAN_POINT('',(-0.0215,0.0189839270282047,0.00374995090665248));
#4240=CARTESIAN_POINT('',(-0.0215,0.0189125313762989,0.00381907787161527));
#4241=CARTESIAN_POINT('',(-0.0215,0.0188395537681466,0.0038926205692913));
#4242=CARTESIAN_POINT('',(-0.0215,0.018765143464528,0.00397066874670492));
#4243=CARTESIAN_POINT('',(-0.0215,0.0186894526158764,0.00405330780724116));
#4244=CARTESIAN_POINT('',(-0.0215,0.0186126363555435,0.0041406192942465));
#4245=CARTESIAN_POINT('',(-0.0215,0.0185348519087743,0.00423267864723865));
#4246=CARTESIAN_POINT('',(-0.0215,0.0184562614650404,0.00432956342660252));
#4247=CARTESIAN_POINT('',(-0.0215,0.0183770206275235,0.00443132145835541));
#4248=CARTESIAN_POINT('',(-0.0215,0.0182973220438449,0.00453809236235706));
#4249=CARTESIAN_POINT('',(-0.0215,0.0182250770407524,0.00463871100220295));
#4250=CARTESIAN_POINT('',(-0.0215,0.0181797933228609,0.00470476894213176));
#4251=CARTESIAN_POINT('',(-0.0215,0.0181608518031517,0.00473255427576536));
#4252=CARTESIAN_POINT('',(-0.0215,0.0219517753143055,0.00480798340352566));
#4253=CARTESIAN_POINT('',(-0.0215,0.0214588330284677,0.00510284632204728));
#4254=CARTESIAN_POINT('',(-0.0215,0.020930032410318,0.00541915859239477));
#4255=CARTESIAN_POINT('',(-0.0215,0.0209178649105324,0.00542540086920694));
#4256=CARTESIAN_POINT('',(-0.0215,0.0209072031969291,0.00543114061229756));
#4257=CARTESIAN_POINT('',(-0.0215,0.0208944688739196,0.00543754758459715));
#4258=CARTESIAN_POINT('',(-0.0215,0.0208771721078638,0.00544588681720211));
#4259=CARTESIAN_POINT('',(-0.0215,0.020856065058208,0.00545552253670697));
#4260=CARTESIAN_POINT('',(-0.0215,0.0208308258597864,0.00546644955567034));
#4261=CARTESIAN_POINT('',(-0.0215,0.0208014780681351,0.00547846099168341));
#4262=CARTESIAN_POINT('',(-0.0215,0.0207679452111733,0.00549140966612026));
#4263=CARTESIAN_POINT('',(-0.0215,0.020730187035152,0.00550512835763695));
#4264=CARTESIAN_POINT('',(-0.0215,0.020688158807334,0.00551945382434958));
#4265=CARTESIAN_POINT('',(-0.0215,0.0206418234031627,0.00553421986861057));
#4266=CARTESIAN_POINT('',(-0.0215,0.0205911478362974,0.00554925952431969));
#4267=CARTESIAN_POINT('',(-0.0215,0.0205361043120245,0.00556440459033396));
#4268=CARTESIAN_POINT('',(-0.0215,0.0204766699673912,0.0055794859329161));
#4269=CARTESIAN_POINT('',(-0.0215,0.0204128269827277,0.00559433356916591));
#4270=CARTESIAN_POINT('',(-0.0215,0.0203445625823394,0.00560877681416169));
#4271=CARTESIAN_POINT('',(-0.0215,0.0202718690620378,0.00562264441099448));
#4272=CARTESIAN_POINT('',(-0.0215,0.0201947438045881,0.00563576466644129));
#4273=CARTESIAN_POINT('',(-0.0215,0.0201131892941252,0.00564796558569035));
#4274=CARTESIAN_POINT('',(-0.0215,0.0200272131264922,0.00565907500790589));
#4275=CARTESIAN_POINT('',(-0.0215,0.0199368280162453,0.00566892074177566));
#4276=CARTESIAN_POINT('',(-0.0215,0.0198420518006161,0.00567733070208681));
#4277=CARTESIAN_POINT('',(-0.0215,0.019742907438452,0.00568413304338089));
#4278=CARTESIAN_POINT('',(-0.0215,0.0196394230120288,0.00568915630536574));
#4279=CARTESIAN_POINT('',(-0.0215,0.0195316317012663,0.00569222951318413));
#4280=CARTESIAN_POINT('',(-0.0215,0.0194195718475925,0.00569318245100996));
#4281=CARTESIAN_POINT('',(-0.0215,0.0193032866569649,0.00569184526914696));
#4282=CARTESIAN_POINT('',(-0.0215,0.01918282527112,0.00568805064757745));
#4283=CARTESIAN_POINT('',(-0.0215,0.0190582385773985,0.00568162615800765));
#4284=CARTESIAN_POINT('',(-0.0215,0.0189295951529945,0.0056724241628861));
#4285=CARTESIAN_POINT('',(-0.0215,0.0187969201465513,0.00566020807320863));
#4286=CARTESIAN_POINT('',(-0.0215,0.0186738045822777,0.00564656956193231));
#4287=CARTESIAN_POINT('',(-0.0215,0.0185944132444269,0.00563602053316234));
#4288=CARTESIAN_POINT('',(-0.0215,0.0185610903669447,0.00563150480837877));
#4289=CARTESIAN_POINT('',(-0.0215,0.0214395989003971,0.00511431277258365));
#4290=CARTESIAN_POINT('',(-0.0215,0.0217554918491535,0.00564263120024));
#4291=CARTESIAN_POINT('',(-0.0215,0.0222634669294695,0.00529496752101358));
#4292=CARTESIAN_POINT('',(-0.0215,0.03,4.51803878353001E-17));
#4293=CARTESIAN_POINT('',(-0.0215,0.0225734664392311,0.00572164524160441));
#4294=CARTESIAN_POINT('',(-0.0215,0.0220858456990871,0.0060973242666466));
#4295=CARTESIAN_POINT('',(-0.0215,0.0224906900928196,0.00656101568660034));
#4296=CARTESIAN_POINT('',(-0.0215,0.0229402978514104,0.00616856795157517));
#4297=CARTESIAN_POINT('',(-0.0215,0.0225075390077667,0.00654626627184451));
#4298=CARTESIAN_POINT('',(-0.0215,0.0220432997842244,0.00695143967849));
#4299=CARTESIAN_POINT('',(-0.0215,0.0220336030619728,0.00696108268882951));
#4300=CARTESIAN_POINT('',(-0.0215,0.0220248495912121,0.00696944890286846));
#4301=CARTESIAN_POINT('',(-0.0215,0.022014821076235,0.00697958010042419));
#4302=CARTESIAN_POINT('',(-0.0215,0.0220015450000662,0.00699345333789739));
#4303=CARTESIAN_POINT('',(-0.0215,0.0219858584491971,0.00701054973393229));
#4304=CARTESIAN_POINT('',(-0.0215,0.0219676668953717,0.00703117700349969));
#4305=CARTESIAN_POINT('',(-0.0215,0.0219471743745137,0.0070553766741337));
#4306=CARTESIAN_POINT('',(-0.0215,0.0219244972306421,0.00708326695580148));
#4307=CARTESIAN_POINT('',(-0.0215,0.021899782061613,0.00711493780633076));
#4308=CARTESIAN_POINT('',(-0.0215,0.0218731702965077,0.00715048221359883));
#4309=CARTESIAN_POINT('',(-0.0215,0.0218448085265632,0.00718998684305476));
#4310=CARTESIAN_POINT('',(-0.0215,0.0218148453526372,0.00723353466193535));
#4311=CARTESIAN_POINT('',(-0.0215,0.021783432154484,0.00728120408159566));
#4312=CARTESIAN_POINT('',(-0.0215,0.0217507227228056,0.0073330691111949));
#4313=CARTESIAN_POINT('',(-0.0215,0.021716873214366,0.00738919922585144));
#4314=CARTESIAN_POINT('',(-0.0215,0.0216820420122655,0.00744965932051406));
#4315=CARTESIAN_POINT('',(-0.0215,0.0216463896107782,0.00751450964359683));
#4316=CARTESIAN_POINT('',(-0.0215,0.0216100784910925,0.00758380574036173));
#4317=CARTESIAN_POINT('',(-0.0215,0.0215732729976349,0.00765759839757584));
#4318=CARTESIAN_POINT('',(-0.0215,0.0215361392123348,0.00773593359178696));
#4319=CARTESIAN_POINT('',(-0.0215,0.0214988448278754,0.00781885244077546));
#4320=CARTESIAN_POINT('',(-0.0215,0.0214615590190279,0.0079063911575812));
#4321=CARTESIAN_POINT('',(-0.0215,0.0214244523152089,0.00799858101020997));
#4322=CARTESIAN_POINT('',(-0.0215,0.0213876964627472,0.00809544827497424));
#4323=CARTESIAN_POINT('',(-0.0215,0.021351464321554,0.00819701423003181));
#4324=CARTESIAN_POINT('',(-0.0215,0.0213159296246528,0.00830329501010063));
#4325=CARTESIAN_POINT('',(-0.0215,0.021281267260079,0.00841430201031585));
#4326=CARTESIAN_POINT('',(-0.0215,0.0212476515442575,0.00853004019883775));
#4327=CARTESIAN_POINT('',(-0.0215,0.0212152621912938,0.00865051446220253));
#4328=CARTESIAN_POINT('',(-0.0215,0.0211842608043617,0.00877570520213515));
#4329=CARTESIAN_POINT('',(-0.0215,0.0211548801643333,0.00890566161087759));
#4330=CARTESIAN_POINT('',(-0.0215,0.0211298063577225,0.00902696600229981));
#4331=CARTESIAN_POINT('',(-0.0215,0.0211153058076728,0.00910573148066415));
#4332=CARTESIAN_POINT('',(-0.0215,0.0211093031817105,0.00913881885613548));
#4333=CARTESIAN_POINT('',(-0.0215,0.0246031639258109,0.00766581929009104));
#4334=CARTESIAN_POINT('',(-0.0215,0.0242727702933508,0.00813568766050551));
#4335=CARTESIAN_POINT('',(-0.0215,0.0239183426816464,0.0086397358865607));
#4336=CARTESIAN_POINT('',(-0.0215,0.0239097660802021,0.0086503874582052));
#4337=CARTESIAN_POINT('',(-0.0215,0.023902360684006,0.00865996748403412));
#4338=CARTESIAN_POINT('',(-0.0215,0.0238933332514699,0.00867100006026838));
#4339=CARTESIAN_POINT('',(-0.0215,0.0238809237408833,0.00868565355689646));
#4340=CARTESIAN_POINT('',(-0.0215,0.023865560691751,0.00870304123520349));
#4341=CARTESIAN_POINT('',(-0.0215,0.0238469479556904,0.00872328927058298));
#4342=CARTESIAN_POINT('',(-0.0215,0.0238250229050979,0.00874619908565044));
#4343=CARTESIAN_POINT('',(-0.0215,0.0237996558163115,0.00877166733003805));
#4344=CARTESIAN_POINT('',(-0.0215,0.0237707419006532,0.00879955761212151));
#4345=CARTESIAN_POINT('',(-0.0215,0.0237381738962786,0.00882973899746256));
#4346=CARTESIAN_POINT('',(-0.0215,0.0237018502895441,0.00886207475687272));
#4347=CARTESIAN_POINT('',(-0.0215,0.0236616730346969,0.00889642577598307));
#4348=CARTESIAN_POINT('',(-0.0215,0.0236175483264345,0.00893264970053195));
#4349=CARTESIAN_POINT('',(-0.0215,0.0235693864855218,0.00897060131836253));
#4350=CARTESIAN_POINT('',(-0.0215,0.023517102094606,0.00901013259028128));
#4351=CARTESIAN_POINT('',(-0.0215,0.0234606140586972,0.0090510927841963));
#4352=CARTESIAN_POINT('',(-0.0215,0.023399845683209,0.00909332858271213));
#4353=CARTESIAN_POINT('',(-0.0215,0.0233347247432531,0.00913668420079014));
#4354=CARTESIAN_POINT('',(-0.0215,0.0232651835516071,0.00918100150296258));
#4355=CARTESIAN_POINT('',(-0.0215,0.0231911590232989,0.00922612012297216));
#4356=CARTESIAN_POINT('',(-0.0215,0.0231125927371372,0.00927187758475191));
#4357=CARTESIAN_POINT('',(-0.0215,0.023029430994882,0.00931810942558154));
#4358=CARTESIAN_POINT('',(-0.0215,0.022941624874639,0.00936464931861863));
#4359=CARTESIAN_POINT('',(-0.0215,0.0228491302916605,0.00941132920500141));
#4360=CARTESIAN_POINT('',(-0.0215,0.0227519080155715,0.00945797939593659));
#4361=CARTESIAN_POINT('',(-0.0215,0.0226499238399961,0.00950442879666565));
#4362=CARTESIAN_POINT('',(-0.0215,0.0225431481514449,0.00955050466832395));
#4363=CARTESIAN_POINT('',(-0.0215,0.0224315577879462,0.00959603416872446));
#4364=CARTESIAN_POINT('',(-0.0215,0.022315129104493,0.00964083907903649));
#4365=CARTESIAN_POINT('',(-0.0215,0.0221938646998679,0.0096847566327878));
#4366=CARTESIAN_POINT('',(-0.0215,0.022067691319082,0.00972756046629356));
#4367=CARTESIAN_POINT('',(-0.0215,0.0219496723722816,0.00976517667759114));
#4368=CARTESIAN_POINT('',(-0.0215,0.0218728540996624,0.00978783102652247));
#4369=CARTESIAN_POINT('',(-0.0215,0.0218405754255632,0.00979725934198327));
#4370=CARTESIAN_POINT('',(-0.0215,0.0242598628686195,0.00815398600899219));
#4371=CARTESIAN_POINT('',(-0.0215,0.0247633319007972,0.00850814367121803));
#4372=CARTESIAN_POINT('',(-0.0215,0.0250859826702076,0.00798392501733954));
#4373=CARTESIAN_POINT('',(-0.0215,0.03,5.37208100187281E-17));
#4374=CARTESIAN_POINT('',(-0.0215,0.0255427267779701,0.008247626350907));
#4375=CARTESIAN_POINT('',(-0.0215,0.0252500654912788,0.00878915944070623));
#4376=CARTESIAN_POINT('',(-0.0215,0.0258085095398002,0.00904809758147802));
#4377=CARTESIAN_POINT('',(-0.0215,0.0260596237910549,0.00850670678535355));
#4378=CARTESIAN_POINT('',(-0.0215,0.0258179026620713,0.00902777024951987));
#4379=CARTESIAN_POINT('',(-0.0215,0.0255585978994272,0.00958673767808615));
#4380=CARTESIAN_POINT('',(-0.0215,0.025553661668515,0.00959949101863723));
#4381=CARTESIAN_POINT('',(-0.0215,0.0255490678208763,0.00961069429278269));
#4382=CARTESIAN_POINT('',(-0.0215,0.0255440270458562,0.009624028566807));
#4383=CARTESIAN_POINT('',(-0.0215,0.0255375415008154,0.00964210226653756));
#4384=CARTESIAN_POINT('',(-0.0215,0.0255301648542548,0.00966410089651922));
#4385=CARTESIAN_POINT('',(-0.0215,0.0255219359092698,0.0096903440164714));
#4386=CARTESIAN_POINT('',(-0.0215,0.0255130579527215,0.00972078657479745));
#4387=CARTESIAN_POINT('',(-0.0215,0.0255036853504853,0.00975548924030033));
#4388=CARTESIAN_POINT('',(-0.0215,0.0254939886155114,0.00979447456682501));
#4389=CARTESIAN_POINT('',(-0.0215,0.0254841347712721,0.00983776997863459));
#4390=CARTESIAN_POINT('',(-0.0215,0.0254742929855394,0.00988539502452881));
#4391=CARTESIAN_POINT('',(-0.0215,0.0254646327577676,0.00993736505743596));
#4392=CARTESIAN_POINT('',(-0.0215,0.0254553242730147,0.00999369013800021));
#4393=CARTESIAN_POINT('',(-0.0215,0.025446538128315,0.0100543753246389));
#4394=CARTESIAN_POINT('',(-0.0215,0.0254384452380474,0.0101194205713528));
#4395=CARTESIAN_POINT('',(-0.0215,0.0254312166875274,0.0101888207424172));
#4396=CARTESIAN_POINT('',(-0.0215,0.0254250236008076,0.0102625655985946));
#4397=CARTESIAN_POINT('',(-0.0215,0.0254200370041333,0.0103406397959538));
#4398=CARTESIAN_POINT('',(-0.0215,0.0254164276904477,0.0104230228856148));
#4399=CARTESIAN_POINT('',(-0.0215,0.0254143660834899,0.0105096893176376));
#4400=CARTESIAN_POINT('',(-0.0215,0.0254140221022567,0.0106006084482246));
#4401=CARTESIAN_POINT('',(-0.0215,0.0254155650247622,0.0106957445500554));
#4402=CARTESIAN_POINT('',(-0.0215,0.0254191633552242,0.0107950568273121));
#4403=CARTESIAN_POINT('',(-0.0215,0.0254249846792602,0.0108984994290754));
#4404=CARTESIAN_POINT('',(-0.0215,0.0254331955668634,0.0110060214854497));
#4405=CARTESIAN_POINT('',(-0.0215,0.0254439612936292,0.0111175670726467));
#4406=CARTESIAN_POINT('',(-0.0215,0.0254574462625472,0.0112330754672676));
#4407=CARTESIAN_POINT('',(-0.0215,0.0254738117403281,0.0113524803070754));
#4408=CARTESIAN_POINT('',(-0.0215,0.0254932238915101,0.011475712959831));
#4409=CARTESIAN_POINT('',(-0.0215,0.025515822376602,0.0116026897916868));
#4410=CARTESIAN_POINT('',(-0.0215,0.0255418398597996,0.0117333610614816));
#4411=CARTESIAN_POINT('',(-0.0215,0.0255682727386219,0.0118543765731874));
#4412=CARTESIAN_POINT('',(-0.0215,0.0255870626332508,0.0119322303232162));
#4413=CARTESIAN_POINT('',(-0.0215,0.0255950368095964,0.0119648986327169));
#4414=CARTESIAN_POINT('',(-0.0215,0.0281877145232602,0.00919816537961774));
#4415=CARTESIAN_POINT('',(-0.0215,0.0280769976047621,0.00976179469206026));
#4416=CARTESIAN_POINT('',(-0.0215,0.0279582267534404,0.0103664243564038));
#4417=CARTESIAN_POINT('',(-0.0215,0.0279547240226432,0.0103796434693768));
#4418=CARTESIAN_POINT('',(-0.0215,0.0279518554041324,0.0103914073044464));
#4419=CARTESIAN_POINT('',(-0.0215,0.0279480957871669,0.0104051578519566));
#4420=CARTESIAN_POINT('',(-0.0215,0.0279427192491667,0.010423591889918));
#4421=CARTESIAN_POINT('',(-0.0215,0.0279357566113218,0.0104457250394858));
#4422=CARTESIAN_POINT('',(-0.0215,0.0279269886487785,0.0104717930220167));
#4423=CARTESIAN_POINT('',(-0.0215,0.0279162773796752,0.0105016399009843));
#4424=CARTESIAN_POINT('',(-0.0215,0.027903462259168,0.0105352240244963));
#4425=CARTESIAN_POINT('',(-0.0215,0.0278883920825648,0.010572463413999));
#4426=CARTESIAN_POINT('',(-0.0215,0.0278709156054608,0.0106132820822537));
#4427=CARTESIAN_POINT('',(-0.0215,0.0278508844777572,0.0106575964102499));
#4428=CARTESIAN_POINT('',(-0.0215,0.0278281525472901,0.0107053191894881));
#4429=CARTESIAN_POINT('',(-0.0215,0.0278025762179573,0.0107563585269331));
#4430=CARTESIAN_POINT('',(-0.0215,0.0277740145005955,0.0108106182405095));
#4431=CARTESIAN_POINT('',(-0.0215,0.0277423291496054,0.0108679978320521));
#4432=CARTESIAN_POINT('',(-0.0215,0.0277073847727626,0.0109283925852468));
#4433=CARTESIAN_POINT('',(-0.0215,0.027669048946273,0.0109916936321821));
#4434=CARTESIAN_POINT('',(-0.0215,0.0276271923259343,0.0110577880326522));
#4435=CARTESIAN_POINT('',(-0.0215,0.0275816887569029,0.0111265588535924));
#4436=CARTESIAN_POINT('',(-0.0215,0.0275324153813558,0.0111978852521065));
#4437=CARTESIAN_POINT('',(-0.0215,0.0274792527439088,0.0112716425609611));
#4438=CARTESIAN_POINT('',(-0.0215,0.0274220848957641,0.0113477023770266));
#4439=CARTESIAN_POINT('',(-0.0215,0.027360799493326,0.011425932651499));
#4440=CARTESIAN_POINT('',(-0.0215,0.0272952879074758,0.0115061977858507));
#4441=CARTESIAN_POINT('',(-0.0215,0.027225445280833,0.0115883587180862));
#4442=CARTESIAN_POINT('',(-0.0215,0.02715117077381,0.0116722730583529));
#4443=CARTESIAN_POINT('',(-0.0215,0.0270723670739125,0.0117577950467367));
#4444=CARTESIAN_POINT('',(-0.0215,0.0269889427203754,0.0118447762048654));
#4445=CARTESIAN_POINT('',(-0.0215,0.026900803624281,0.0119330633390265));
#4446=CARTESIAN_POINT('',(-0.0215,0.0268078859566469,0.0120225066976286));
#4447=CARTESIAN_POINT('',(-0.0215,0.0267100307253056,0.0121129292826438));
#4448=CARTESIAN_POINT('',(-0.0215,0.0266175149440487,0.0121952960318494));
#4449=CARTESIAN_POINT('',(-0.0215,0.0265565523138688,0.0122472366157435));
#4450=CARTESIAN_POINT('',(-0.0215,0.0265308991191472,0.0122689787300519));
#4451=CARTESIAN_POINT('',(-0.0215,0.0280726486943662,0.00978376098780863));
#4452=CARTESIAN_POINT('',(-0.0215,0.0286766394404292,0.00990252080738376));
#4453=CARTESIAN_POINT('',(-0.0215,0.0287581766497127,0.00929238934648574));
#4454=CARTESIAN_POINT('',(-0.0215,0.03,5.79389810870388E-17));
#4455=CARTESIAN_POINT('',(-0.0215,0.029282690149854,0.00934751793680462));
#4456=CARTESIAN_POINT('',(-0.0215,0.0292355921118287,0.00996126910046092));
#4457=CARTESIAN_POINT('',(-0.0215,0.0298510757658448,0.00997068120513217));
#4458=CARTESIAN_POINT('',(-0.0215,0.0298602765744201,0.0093739587349393));
#4459=CARTESIAN_POINT('',(-0.0215,0.0298513889392653,0.00994829073633526));
#4460=CARTESIAN_POINT('',(-0.0215,0.0298418547866904,0.0105644016403636));
#4461=CARTESIAN_POINT('',(-0.0215,0.0298425325662864,0.0105780601426845));
#4462=CARTESIAN_POINT('',(-0.0215,0.0298428926597605,0.0105901633290581));
#4463=CARTESIAN_POINT('',(-0.0215,0.0298437112204924,0.0106043950624341));
#4464=CARTESIAN_POINT('',(-0.0215,0.0298451376162363,0.0106235441175442));
#4465=CARTESIAN_POINT('',(-0.0215,0.0298473463631893,0.0106466412184976));
#4466=CARTESIAN_POINT('',(-0.0215,0.0298505028863901,0.0106739625149835));
#4467=CARTESIAN_POINT('',(-0.0215,0.0298547745734926,0.0107053841661051));
#4468=CARTESIAN_POINT('',(-0.0215,0.0298603271209658,0.0107408988093138));
#4469=CARTESIAN_POINT('',(-0.0215,0.0298673254736163,0.0107804576947072));
#4470=CARTESIAN_POINT('',(-0.0215,0.0298759333694311,0.0108240179410299));
#4471=CARTESIAN_POINT('',(-0.0215,0.0298863133020733,0.0108715286002674));
#4472=CARTESIAN_POINT('',(-0.0215,0.0298986263615978,0.0109229347563785));
#4473=CARTESIAN_POINT('',(-0.0215,0.0299130321118239,0.0109781763797198));
#4474=CARTESIAN_POINT('',(-0.0215,0.0299296884583412,0.0110371887033205));
#4475=CARTESIAN_POINT('',(-0.0215,0.0299487515204944,0.0110999021680175));
#4476=CARTESIAN_POINT('',(-0.0215,0.0299703755036092,0.0111662424954258));
#4477=CARTESIAN_POINT('',(-0.0215,0.0299947125726133,0.0112361307291138));
#4478=CARTESIAN_POINT('',(-0.0215,0.0300219127268171,0.0113094832890621));
#4479=CARTESIAN_POINT('',(-0.0215,0.0300521236760294,0.0113862120265408));
#4480=CARTESIAN_POINT('',(-0.0215,0.0300854907179858,0.0114662242829387));
#4481=CARTESIAN_POINT('',(-0.0215,0.0301221566174592,0.0115494229514713));
#4482=CARTESIAN_POINT('',(-0.0215,0.0301622614859995,0.0116357065420362));
#4483=CARTESIAN_POINT('',(-0.0215,0.0302059426667157,0.0117249692489595));
#4484=CARTESIAN_POINT('',(-0.0215,0.0302533346074385,0.0118171010221304));
#4485=CARTESIAN_POINT('',(-0.0215,0.0303045687867779,0.0119119876394672));
#4486=CARTESIAN_POINT('',(-0.0215,0.0303597734452495,0.012009510788406));
#4487=CARTESIAN_POINT('',(-0.0215,0.030419074074026,0.0121095481266419));
#4488=CARTESIAN_POINT('',(-0.0215,0.0304825910056255,0.0122119734361739));
#4489=CARTESIAN_POINT('',(-0.0215,0.03055044812366,0.0123166564331253));
#4490=CARTESIAN_POINT('',(-0.0215,0.0306227389974028,0.0124234639091282));
#4491=CARTESIAN_POINT('',(-0.0215,0.0306996559446199,0.0125322557903165));
#4492=CARTESIAN_POINT('',(-0.0215,0.0307730250239918,0.0126320577409406));
#4493=CARTESIAN_POINT('',(-0.0215,0.0308218564198172,0.0126955381419748));
#4494=CARTESIAN_POINT('',(-0.0215,0.0308424285909375,0.0127221387380099));
#4495=CARTESIAN_POINT('',(-0.0215,0.0320856257437344,0.00914006511229941));
#4496=CARTESIAN_POINT('',(-0.0215,0.0322137295002383,0.0096999987382371));
#4497=CARTESIAN_POINT('',(-0.0215,0.0323511519684921,0.010300663879016));
#4498=CARTESIAN_POINT('',(-0.0215,0.0323533287623181,0.0103141648285926));
#4499=CARTESIAN_POINT('',(-0.0215,0.0323554929316937,0.0103260783989482));
#4500=CARTESIAN_POINT('',(-0.0215,0.0323576512022272,0.0103401693231501));
#4501=CARTESIAN_POINT('',(-0.0215,0.0323602372890781,0.0103591964898133));
#4502=CARTESIAN_POINT('',(-0.0215,0.0323628789658576,0.0103822480880082));
#4503=CARTESIAN_POINT('',(-0.0215,0.0323654718372097,0.0104096286266907));
#4504=CARTESIAN_POINT('',(-0.0215,0.0323678264253323,0.0104412517730345));
#4505=CARTESIAN_POINT('',(-0.0215,0.0323697791238618,0.0104771447756135));
#4506=CARTESIAN_POINT('',(-0.0215,0.0323711584567566,0.0105172942437813));
#4507=CARTESIAN_POINT('',(-0.0215,0.0323717953485834,0.0105616922763824));
#4508=CARTESIAN_POINT('',(-0.0215,0.0323715202638675,0.010610322823071));
#4509=CARTESIAN_POINT('',(-0.0215,0.0323701642150716,0.010663165660359));
#4510=CARTESIAN_POINT('',(-0.0215,0.0323675586443635,0.010720195245578));
#4511=CARTESIAN_POINT('',(-0.0215,0.0323635356309595,0.0107813810574889));
#4512=CARTESIAN_POINT('',(-0.0215,0.0323579280049339,0.0108466875160005));
#4513=CARTESIAN_POINT('',(-0.0215,0.0323505694873727,0.0109160740269783));
#4514=CARTESIAN_POINT('',(-0.0215,0.0323412948225518,0.010989494996246));
#4515=CARTESIAN_POINT('',(-0.0215,0.0323299399117424,0.0110668998568181));
#4516=CARTESIAN_POINT('',(-0.0215,0.032316341945798,0.0111482330968222));
#4517=CARTESIAN_POINT('',(-0.0215,0.0323003395372786,0.0112334342915579));
#4518=CARTESIAN_POINT('',(-0.0215,0.0322817728515284,0.0113224381387221));
#4519=CARTESIAN_POINT('',(-0.0215,0.0322604837377922,0.0114151744968441));
#4520=CARTESIAN_POINT('',(-0.0215,0.0322363158560008,0.0115115684275957));
#4521=CARTESIAN_POINT('',(-0.0215,0.0322091148156266,0.011611540239001));
#4522=CARTESIAN_POINT('',(-0.0215,0.0321787282630766,0.0117150055409448));
#4523=CARTESIAN_POINT('',(-0.0215,0.0321450061616331,0.0118218752689792));
#4524=CARTESIAN_POINT('',(-0.0215,0.0321078003260108,0.0119320558453539));
#4525=CARTESIAN_POINT('',(-0.0215,0.0320669668110483,0.0120454488287714));
#4526=CARTESIAN_POINT('',(-0.0215,0.0320223573527461,0.0121619525392217));
#4527=CARTESIAN_POINT('',(-0.0215,0.0319738527309674,0.0122814561334049));
#4528=CARTESIAN_POINT('',(-0.0215,0.0319212357075562,0.0124038625835171));
#4529=CARTESIAN_POINT('',(-0.0215,0.0318702199109017,0.0125167379114146));
#4530=CARTESIAN_POINT('',(-0.0215,0.0318356539157474,0.0125889837314508));
#4531=CARTESIAN_POINT('',(-0.0215,0.0318210618708227,0.012619280235522));
#4532=CARTESIAN_POINT('',(-0.0215,0.0322186910702939,0.00972183480915473));
#4533=CARTESIAN_POINT('',(-0.0215,0.0328187680431642,0.00958466213437552));
#4534=CARTESIAN_POINT('',(-0.0215,0.0326450931680934,0.00899411513891756));
#4535=CARTESIAN_POINT('',(-0.0215,0.03,5.71055409416401E-17));
#4536=CARTESIAN_POINT('',(-0.0215,0.0331466829113835,0.0088311387518942));
#4537=CARTESIAN_POINT('',(-0.0215,0.0333532918006711,0.00941098483745711));
#4538=CARTESIAN_POINT('',(-0.0215,0.033919392344909,0.00916924346762388));
#4539=CARTESIAN_POINT('',(-0.0215,0.0336850888074155,0.00862036805951241));
#4540=CARTESIAN_POINT('',(-0.0215,0.0339105714189494,0.00914866137745423));
#4541=CARTESIAN_POINT('',(-0.0215,0.0341524564180391,0.00971538458444622));
#4542=CARTESIAN_POINT('',(-0.0215,0.0341586310138937,0.00972758656940207));
#4543=CARTESIAN_POINT('',(-0.0215,0.0341638827850474,0.00973849691712592));
#4544=CARTESIAN_POINT('',(-0.0215,0.0341704191449443,0.00975116531386169));
#4545=CARTESIAN_POINT('',(-0.0215,0.0341795108446906,0.00976807867875908));
#4546=CARTESIAN_POINT('',(-0.0215,0.0341909230727431,0.00978828055209864));
#4547=CARTESIAN_POINT('',(-0.0215,0.0342049192725924,0.00981195592474977));
#4548=CARTESIAN_POINT('',(-0.0215,0.0342216019898384,0.00983892357973121));
#4549=CARTESIAN_POINT('',(-0.0215,0.0342411196011196,0.00986910939619456));
#4550=CARTESIAN_POINT('',(-0.0215,0.0342636029626432,0.00990240174979095));
#4551=CARTESIAN_POINT('',(-0.0215,0.0342891842151255,0.00993869486830523));
#4552=CARTESIAN_POINT('',(-0.0215,0.03431799108149,0.00997787611628295));
#4553=CARTESIAN_POINT('',(-0.0215,0.0343501483884583,0.0100198298041962));
#4554=CARTESIAN_POINT('',(-0.0215,0.0343857774885772,0.0100644361917845));
#4555=CARTESIAN_POINT('',(-0.0215,0.0344249962926804,0.0101115718854865));
#4556=CARTESIAN_POINT('',(-0.0215,0.0344679191306259,0.0101611098403865));
#4557=CARTESIAN_POINT('',(-0.0215,0.034514656664247,0.0102129194788468));
#4558=CARTESIAN_POINT('',(-0.0215,0.0345653157886489,0.0102668667795262));
#4559=CARTESIAN_POINT('',(-0.0215,0.0346199995399633,0.0103228143780614));
#4560=CARTESIAN_POINT('',(-0.0215,0.0346788070044967,0.0103806216675889));
#4561=CARTESIAN_POINT('',(-0.0215,0.0347418332306833,0.0104401449023423));
#4562=CARTESIAN_POINT('',(-0.0215,0.0348091691437448,0.010501237303195));
#4563=CARTESIAN_POINT('',(-0.0215,0.034880901462208,0.0105637491658236));
#4564=CARTESIAN_POINT('',(-0.0215,0.0349571126202017,0.0106275279694601));
#4565=CARTESIAN_POINT('',(-0.0215,0.035037880680518,0.0106924184934665));
#4566=CARTESIAN_POINT('',(-0.0215,0.035123279296538,0.0107582629136103));
#4567=CARTESIAN_POINT('',(-0.0215,0.0352133774997469,0.0108249009858695));
#4568=CARTESIAN_POINT('',(-0.0215,0.0353082401709374,0.0108921699031287));
#4569=CARTESIAN_POINT('',(-0.0215,0.0354079259018484,0.0109599054158621));
#4570=CARTESIAN_POINT('',(-0.0215,0.0355124948745648,0.0110279381158213));
#4571=CARTESIAN_POINT('',(-0.0215,0.0356219783881463,0.0110961082530549));
#4572=CARTESIAN_POINT('',(-0.0215,0.0357364951604408,0.0111642096410361));
#4573=CARTESIAN_POINT('',(-0.0215,0.0358441142600017,0.0112255413666433));
#4574=CARTESIAN_POINT('',(-0.0215,0.0359145437650661,0.0112636720806427));
#4575=CARTESIAN_POINT('',(-0.0215,0.035944156815682,0.0112796054784989));
#4576=CARTESIAN_POINT('',(-0.0215,0.035622913325802,0.00750156455217972));
#4577=CARTESIAN_POINT('',(-0.0215,0.0359676874540221,0.00796098488085068));
#4578=CARTESIAN_POINT('',(-0.0215,0.0363375416486466,0.00845382503835271));
#4579=CARTESIAN_POINT('',(-0.0215,0.0363450215796676,0.00846527338769886));
#4580=CARTESIAN_POINT('',(-0.0215,0.0363518443323838,0.00847527672879468));
#4581=CARTESIAN_POINT('',(-0.0215,0.0363595473058337,0.00848727158088165));
#4582=CARTESIAN_POINT('',(-0.0215,0.0363696488596252,0.00850360190627415));
#4583=CARTESIAN_POINT('',(-0.0215,0.0363814380811151,0.00852358612235117));
#4584=CARTESIAN_POINT('',(-0.0215,0.0363949434553503,0.00854754487330267));
#4585=CARTESIAN_POINT('',(-0.0215,0.0364099567710218,0.00857547635773256));
#4586=CARTESIAN_POINT('',(-0.0215,0.0364263396492724,0.00860747201315497));
#4587=CARTESIAN_POINT('',(-0.0215,0.0364439299924769,0.00864358935219508));
#4588=CARTESIAN_POINT('',(-0.0215,0.0364625701288516,0.00868388992596253));
#4589=CARTESIAN_POINT('',(-0.0215,0.03648209865177,0.00872842802802646));
#4590=CARTESIAN_POINT('',(-0.0215,0.0365023529578012,0.00877725391673492));
#4591=CARTESIAN_POINT('',(-0.0215,0.0365231686725643,0.00883041281634605));
#4592=CARTESIAN_POINT('',(-0.0215,0.0365443799786836,0.00888794514385649));
#4593=CARTESIAN_POINT('',(-0.0215,0.0365658196871058,0.00894988638936973));
#4594=CARTESIAN_POINT('',(-0.0215,0.0365873193833627,0.00901626710002604));
#4595=CARTESIAN_POINT('',(-0.0215,0.0366087095540158,0.0090871128390312));
#4596=CARTESIAN_POINT('',(-0.0215,0.0366298197199708,0.00916244415611133));
#4597=CARTESIAN_POINT('',(-0.0215,0.0366504785689588,0.00924227655909323));
#4598=CARTESIAN_POINT('',(-0.0215,0.0366705140892774,0.00932662048945208));
#4599=CARTESIAN_POINT('',(-0.0215,0.0366897537038632,0.00941548130117673));
#4600=CARTESIAN_POINT('',(-0.0215,0.0367080244057058,0.00950885924255261));
#4601=CARTESIAN_POINT('',(-0.0215,0.0367251528908812,0.00960674944324512));
#4602=CARTESIAN_POINT('',(-0.0215,0.0367409657029775,0.00970914189729669));
#4603=CARTESIAN_POINT('',(-0.0215,0.0367552893355095,0.00981602147828991));
#4604=CARTESIAN_POINT('',(-0.0215,0.0367679504973407,0.00992736784723378));
#4605=CARTESIAN_POINT('',(-0.0215,0.036778775752977,0.0100431557889852));
#4606=CARTESIAN_POINT('',(-0.0215,0.036787593562287,0.0101633539207157));
#4607=CARTESIAN_POINT('',(-0.0215,0.0367942271223815,0.0102879296575153));
#4608=CARTESIAN_POINT('',(-0.0215,0.0367985224362145,0.0104168302301892));
#4609=CARTESIAN_POINT('',(-0.0215,0.036800241582092,0.0105500553581462));
#4610=CARTESIAN_POINT('',(-0.0215,0.0367995468647453,0.010673922095102));
#4611=CARTESIAN_POINT('',(-0.0215,0.036797354279201,0.0107539811926634));
#4612=CARTESIAN_POINT('',(-0.0215,0.0367963464812052,0.0107875935457084));
#4613=CARTESIAN_POINT('',(-0.0215,0.0359811016039923,0.00797891507190143));
#4614=CARTESIAN_POINT('',(-0.0215,0.0364735060435325,0.00760952830441183));
#4615=CARTESIAN_POINT('',(-0.0215,0.0360746490477938,0.00714067671485963));
#4616=CARTESIAN_POINT('',(-0.0215,0.03,5.13645989552374E-17));
#4617=CARTESIAN_POINT('',(-0.0215,0.036466585610818,0.00678777544840437));
#4618=CARTESIAN_POINT('',(-0.0215,0.0368911768734779,0.00723345579994376));
#4619=CARTESIAN_POINT('',(-0.0215,0.0373100103809769,0.0067823602346016));
#4620=CARTESIAN_POINT('',(-0.0215,0.0368727157076279,0.00637623743301055));
#4621=CARTESIAN_POINT('',(-0.0215,0.0372935805738712,0.00676714535343196));
#4622=CARTESIAN_POINT('',(-0.0215,0.0377450606108265,0.00718648927238001));
#4623=CARTESIAN_POINT('',(-0.0215,0.0377556643792221,0.00719512490592039));
#4624=CARTESIAN_POINT('',(-0.0215,0.037764899749112,0.00720295591675559));
#4625=CARTESIAN_POINT('',(-0.0215,0.0377760237121669,0.00721187049596672));
#4626=CARTESIAN_POINT('',(-0.0215,0.0377912086784338,0.00722362369620756));
#4627=CARTESIAN_POINT('',(-0.0215,0.0378098511096788,0.0072374372545047));
#4628=CARTESIAN_POINT('',(-0.0215,0.037832266916071,0.00725337301630561));
#4629=CARTESIAN_POINT('',(-0.0215,0.037858476070091,0.00727122372260717));
#4630=CARTESIAN_POINT('',(-0.0215,0.0378885839728778,0.0072908613104291));
#4631=CARTESIAN_POINT('',(-0.0215,0.0379226647658121,0.00731213058184015));
#4632=CARTESIAN_POINT('',(-0.0215,0.0379607961440094,0.00733488116264222));
#4633=CARTESIAN_POINT('',(-0.0215,0.0380030489751996,0.00735895820563441));
#4634=CARTESIAN_POINT('',(-0.0215,0.0380494902390969,0.00738420525157227));
#4635=CARTESIAN_POINT('',(-0.0215,0.0381001820940179,0.00741046355375724));
#4636=CARTESIAN_POINT('',(-0.0215,0.038155182068186,0.00743757242790514));
#4637=CARTESIAN_POINT('',(-0.0215,0.038214542933301,0.00746536931056772));
#4638=CARTESIAN_POINT('',(-0.0215,0.0382783126732684,0.00749368990291454));
#4639=CARTESIAN_POINT('',(-0.0215,0.0383465344302351,0.00752236829220186));
#4640=CARTESIAN_POINT('',(-0.0215,0.0384192464612716,0.00755123708126931));
#4641=CARTESIAN_POINT('',(-0.0215,0.0384964820962594,0.00758012751732369));
#4642=CARTESIAN_POINT('',(-0.0215,0.038578269699593,0.00760886962239196));
#4643=CARTESIAN_POINT('',(-0.0215,0.0386646326351469,0.00763729232445032));
#4644=CARTESIAN_POINT('',(-0.0215,0.0387555892340032,0.0076652235901917));
#4645=CARTESIAN_POINT('',(-0.0215,0.0388511527677004,0.00769249055598048));
#4646=CARTESIAN_POINT('',(-0.0215,0.0389513314162268,0.00771891966970976));
#4647=CARTESIAN_POINT('',(-0.0215,0.0390561282723953,0.00774433679423997));
#4648=CARTESIAN_POINT('',(-0.0215,0.0391655412224904,0.00776856746173808));
#4649=CARTESIAN_POINT('',(-0.0215,0.0392795633184457,0.00779143655110748));
#4650=CARTESIAN_POINT('',(-0.0215,0.0393981812801774,0.00781277018153284));
#4651=CARTESIAN_POINT('',(-0.0215,0.0395213811822136,0.00783238911261923));
#4652=CARTESIAN_POINT('',(-0.0215,0.0396491266415092,0.00785013467504953));
#4653=CARTESIAN_POINT('',(-0.0215,0.0397814422485989,0.00786577022116004));
#4654=CARTESIAN_POINT('',(-0.0215,0.0399047030483459,0.00787802690921165));
#4655=CARTESIAN_POINT('',(-0.0215,0.0399845527613917,0.00788421478931905));
#4656=CARTESIAN_POINT('',(-0.0215,0.0400180863260255,0.0078867259597567));
#4657=CARTESIAN_POINT('',(-0.0215,0.0381879481112744,0.00456597533141367));
#4658=CARTESIAN_POINT('',(-0.0215,0.0386897780322671,0.00484544441428801));
#4659=CARTESIAN_POINT('',(-0.0215,0.0392281128029916,0.00514524304796883));
#4660=CARTESIAN_POINT('',(-0.0215,0.0392396025231811,0.00515265927347757));
#4661=CARTESIAN_POINT('',(-0.0215,0.0392499041433105,0.0051590227167606));
#4662=CARTESIAN_POINT('',(-0.0215,0.0392618199055881,0.00516684747783702));
#4663=CARTESIAN_POINT('',(-0.0215,0.0392776902758999,0.00517765730034216));
#4664=CARTESIAN_POINT('',(-0.0215,0.0392965885786027,0.00519111868179062));
#4665=CARTESIAN_POINT('',(-0.0215,0.0393186712538235,0.0052075129593132));
#4666=CARTESIAN_POINT('',(-0.0215,0.0393437473583724,0.00522692317442171));
#4667=CARTESIAN_POINT('',(-0.0215,0.0393717276678609,0.00524948914319357));
#4668=CARTESIAN_POINT('',(-0.0215,0.0394024874912317,0.00527532933707027));
#4669=CARTESIAN_POINT('',(-0.0215,0.0394359078232349,0.00530456411668037));
#4670=CARTESIAN_POINT('',(-0.0215,0.0394718632947639,0.00533730873165682));
#4671=CARTESIAN_POINT('',(-0.0215,0.0395102258021049,0.00537367523205885));
#4672=CARTESIAN_POINT('',(-0.0215,0.0395508635761517,0.00541377178938592));
#4673=CARTESIAN_POINT('',(-0.0215,0.0395936415742676,0.00545770277040447));
#4674=CARTESIAN_POINT('',(-0.0215,0.0396384214967779,0.00550556859885164));
#4675=CARTESIAN_POINT('',(-0.0215,0.0396850619140514,0.0055574656812641));
#4676=CARTESIAN_POINT('',(-0.0215,0.0397334183653489,0.00561348631811938));
#4677=CARTESIAN_POINT('',(-0.0215,0.0397833434685948,0.00567371862262085));
#4678=CARTESIAN_POINT('',(-0.0215,0.0398346870298455,0.00573824644085045));
#4679=CARTESIAN_POINT('',(-0.0215,0.039887296155522,0.00580714927503285));
#4680=CARTESIAN_POINT('',(-0.0215,0.0399410153662956,0.00588050220969563));
#4681=CARTESIAN_POINT('',(-0.0215,0.0399956867133845,0.00595837583994946));
#4682=CARTESIAN_POINT('',(-0.0215,0.0400511498948324,0.0060408362055786));
#4683=CARTESIAN_POINT('',(-0.0215,0.0401072423805327,0.00612794471676468));
#4684=CARTESIAN_POINT('',(-0.0215,0.0401637995119558,0.00621975812628306));
#4685=CARTESIAN_POINT('',(-0.0215,0.0402206547071581,0.00631632833739605));
#4686=CARTESIAN_POINT('',(-0.0215,0.0402776392690091,0.00641770285749495));
#4687=CARTESIAN_POINT('',(-0.0215,0.0403345837232546,0.00652392278859643));
#4688=CARTESIAN_POINT('',(-0.0215,0.0403913132989416,0.00663503027511768));
#4689=CARTESIAN_POINT('',(-0.0215,0.0404476658496027,0.00675103974624211));
#4690=CARTESIAN_POINT('',(-0.0215,0.0405034239088288,0.00687204771710791));
#4691=CARTESIAN_POINT('',(-0.0215,0.0405531703937305,0.00698548817900835));
#4692=CARTESIAN_POINT('',(-0.0215,0.0405837303357558,0.00705951760881245));
#4693=CARTESIAN_POINT('',(-0.0215,0.0405964810421179,0.00709063392963114));
#4694=CARTESIAN_POINT('',(-0.0215,0.0387093253337581,0.00485636843254854));
#4695=CARTESIAN_POINT('',(-0.0215,0.0390089160390177,0.00431863790022094));
#4696=CARTESIAN_POINT('',(-0.0215,0.0384538429206765,0.00405255041579106));
#4697=CARTESIAN_POINT('',(-0.0215,0.03,4.17088161521005E-17));
#4698=CARTESIAN_POINT('',(-0.0215,0.0386683569110562,0.00357074410488136));
#4699=CARTESIAN_POINT('',(-0.0215,0.0392375148604837,0.00380519654073718));
#4700=CARTESIAN_POINT('',(-0.0215,0.0394366612128143,0.00322274530120832));
#4701=CARTESIAN_POINT('',(-0.0215,0.0388719876253294,0.00302959742804261));
#4702=CARTESIAN_POINT('',(-0.0215,0.0394154633874712,0.00321552842021577));
#4703=CARTESIAN_POINT('',(-0.0215,0.0399984734623352,0.00341498467791387));
#4704=CARTESIAN_POINT('',(-0.0215,0.040011672915384,0.00341856078054737));
#4705=CARTESIAN_POINT('',(-0.0215,0.0400232950046556,0.003421958401578));
#4706=CARTESIAN_POINT('',(-0.0215,0.0400370831365982,0.00342557775153249));
#4707=CARTESIAN_POINT('',(-0.0215,0.0400557357507671,0.00343013855202066));
#4708=CARTESIAN_POINT('',(-0.0215,0.040078384939481,0.00343517530555357));
#4709=CARTESIAN_POINT('',(-0.0215,0.0401053444558498,0.00344061601851704));
#4710=CARTESIAN_POINT('',(-0.0215,0.040136548245811,0.00344626322685059));
#4711=CARTESIAN_POINT('',(-0.0215,0.0401720405101899,0.00345195706869482));
#4712=CARTESIAN_POINT('',(-0.0215,0.0402118258558223,0.00345752560766828));
#4713=CARTESIAN_POINT('',(-0.0215,0.0402559140980315,0.00346279986865493));
#4714=CARTESIAN_POINT('',(-0.0215,0.0403043069956797,0.00346760956719517));
#4715=CARTESIAN_POINT('',(-0.0215,0.0403570021000726,0.00347178452755277));
#4716=CARTESIAN_POINT('',(-0.0215,0.0404139916275587,0.00347515444533743));
#4717=CARTESIAN_POINT('',(-0.0215,0.0404752627765989,0.00347754912931467));
#4718=CARTESIAN_POINT('',(-0.0215,0.0405407976360286,0.00347879860620073));
#4719=CARTESIAN_POINT('',(-0.0215,0.0406105732149719,0.00347873326473279));
#4720=CARTESIAN_POINT('',(-0.0215,0.0406845614429489,0.00347718398858532));
#4721=CARTESIAN_POINT('',(-0.0215,0.0407627291829732,0.00347398229229051));
#4722=CARTESIAN_POINT('',(-0.0215,0.0408450382454622,0.00346896045601655));
#4723=CARTESIAN_POINT('',(-0.0215,0.0409314454063095,0.00346195166031962));
#4724=CARTESIAN_POINT('',(-0.0215,0.0410219024282157,0.00345279012018562));
#4725=CARTESIAN_POINT('',(-0.0215,0.041116356085208,0.00344131121944547));
#4726=CARTESIAN_POINT('',(-0.0215,0.0412147481914652,0.00342735164128904));
#4727=CARTESIAN_POINT('',(-0.0215,0.041317015629777,0.00341074951087645));
#4728=CARTESIAN_POINT('',(-0.0215,0.041423090397613,0.00339134448805446));
#4729=CARTESIAN_POINT('',(-0.0215,0.0415328996015373,0.00336897804825232));
#4730=CARTESIAN_POINT('',(-0.0215,0.0416463656660085,0.00334349303642084));
#4731=CARTESIAN_POINT('',(-0.0215,0.0417634057353672,0.00331473600602768));
#4732=CARTESIAN_POINT('',(-0.0215,0.0418839341844251,0.003282548876824));
#4733=CARTESIAN_POINT('',(-0.0215,0.0420078532389914,0.00324680149549348));
#4734=CARTESIAN_POINT('',(-0.0215,0.0421350891103612,0.00320726767176626));
#4735=CARTESIAN_POINT('',(-0.0215,0.0422526786982288,0.00316833002954961));
#4736=CARTESIAN_POINT('',(-0.0215,0.0423281418784585,0.00314150513507938));
#4737=CARTESIAN_POINT('',(-0.0215,0.0423597976991423,0.00313015987391649));
#4738=CARTESIAN_POINT('',(-0.0215,0.0423597976991423,0.00313015987391649));
#4739=CARTESIAN_POINT('',(-0.0215,0.03,2.79428505919827E-17));
#4740=CARTESIAN_POINT('',(-0.0215,0.0425643877648403,0.00216763929073365));
#4741=CARTESIAN_POINT('',(-0.0215,0.0393372122831342,0.00084088749526254));
#4742=CARTESIAN_POINT('',(-0.0215,0.039909327044578,0.000892082589014388));
#4743=CARTESIAN_POINT('',(-0.0215,0.0405230594189264,0.00094700179152548));
#4744=CARTESIAN_POINT('',(-0.0215,0.0405365722512829,0.00094910356043206));
#4745=CARTESIAN_POINT('',(-0.0215,0.0405485714951177,0.000950726808748591));
#4746=CARTESIAN_POINT('',(-0.0215,0.0405626397026738,0.000953028506538646));
#4747=CARTESIAN_POINT('',(-0.0215,0.0405815347583013,0.000956448709641127));
#4748=CARTESIAN_POINT('',(-0.0215,0.0406042744539942,0.000961059661315764));
#4749=CARTESIAN_POINT('',(-0.0215,0.0406311161350399,0.000967054745888448));
#4750=CARTESIAN_POINT('',(-0.0215,0.0406619191421805,0.000974587489147041));
#4751=CARTESIAN_POINT('',(-0.0215,0.0406966588332032,0.000983821910262313));
#4752=CARTESIAN_POINT('',(-0.0215,0.0407352694838353,0.000994916954703533));
#4753=CARTESIAN_POINT('',(-0.0215,0.0407776913324494,0.00100803098117206));
#4754=CARTESIAN_POINT('',(-0.0215,0.0408238567249165,0.00102332026765611));
#4755=CARTESIAN_POINT('',(-0.0215,0.0408736942075355,0.00104093928145292));
#4756=CARTESIAN_POINT('',(-0.0215,0.0409271274005509,0.00106104043746829));
#4757=CARTESIAN_POINT('',(-0.0215,0.0409840753861632,0.0010837740062764));
#4758=CARTESIAN_POINT('',(-0.0215,0.0410444526673467,0.00110928798107158));
#4759=CARTESIAN_POINT('',(-0.0215,0.0411081692537754,0.00113772795822089));
#4760=CARTESIAN_POINT('',(-0.0215,0.0411751307159833,0.00116923701588251));
#4761=CARTESIAN_POINT('',(-0.0215,0.0412452382526136,0.0012039555951637));
#4762=CARTESIAN_POINT('',(-0.0215,0.0413183887579451,0.00124202138265228));
#4763=CARTESIAN_POINT('',(-0.0215,0.0413944748932112,0.0012835691946655));
#4764=CARTESIAN_POINT('',(-0.0215,0.0414733851606061,0.00132873086347271));
#4765=CARTESIAN_POINT('',(-0.0215,0.0415550039803558,0.00137763512447389));
#4766=CARTESIAN_POINT('',(-0.0215,0.0416392117701368,0.00143040750869349));
#4767=CARTESIAN_POINT('',(-0.0215,0.0417258850290794,0.00148717022407401));
#4768=CARTESIAN_POINT('',(-0.0215,0.0418148964175651,0.00154804208951318));
#4769=CARTESIAN_POINT('',(-0.0215,0.0419061148663748,0.00161313827598103));
#4770=CARTESIAN_POINT('',(-0.0215,0.0419994055860079,0.00168257079894368));
#4771=CARTESIAN_POINT('',(-0.0215,0.0420946304717258,0.00175644613835095));
#4772=CARTESIAN_POINT('',(-0.0215,0.0421916470039969,0.0018348738807945));
#4773=CARTESIAN_POINT('',(-0.0215,0.0422903129235302,0.00191793315889904));
#4774=CARTESIAN_POINT('',(-0.0215,0.0423904688211184,0.00200580059518803));
#4775=CARTESIAN_POINT('',(-0.0215,0.0424820548890964,0.0020891998955963));
#4776=CARTESIAN_POINT('',(-0.0215,0.0425400832670868,0.00214439929669375));
#4777=CARTESIAN_POINT('',(-0.0215,0.0425643877648403,0.00216763929073365));
#4778=CARTESIAN_POINT('',(-0.0215,0.0399316275915804,0.000894111572485856));
#4779=CARTESIAN_POINT('',(-0.0215,0.039986602607924,0.000281015769488225));
#4780=CARTESIAN_POINT('',(-0.0215,0.0393712905518224,0.000263701333567488));
#4781=CARTESIAN_POINT('',(-0.0215,0.03,2.98077650989246E-17));
#4782=CARTESIAN_POINT('',(-0.0215,0.0393712905518224,-0.00026370133356743));
#4783=CARTESIAN_POINT('',(-0.0215,0.039986602607924,-0.000281015769488167));
#4784=CARTESIAN_POINT('',(-0.0215,0.0399316275915804,-0.000894111572485799));
#4785=CARTESIAN_POINT('',(-0.0215,0.0393372122831342,-0.000840887495262483));
#4786=CARTESIAN_POINT('',(-0.0215,0.039909327044578,-0.00089208258901433));
#4787=CARTESIAN_POINT('',(-0.0215,0.0405230594189264,-0.000947001791525422));
#4788=CARTESIAN_POINT('',(-0.0215,0.0405365722512829,-0.000949103560432003));
#4789=CARTESIAN_POINT('',(-0.0215,0.0405485714951177,-0.000950726808748533));
#4790=CARTESIAN_POINT('',(-0.0215,0.0405626397026738,-0.000953028506538589));
#4791=CARTESIAN_POINT('',(-0.0215,0.0405815347583013,-0.00095644870964107));
#4792=CARTESIAN_POINT('',(-0.0215,0.0406042744539942,-0.000961059661315707));
#4793=CARTESIAN_POINT('',(-0.0215,0.0406311161350399,-0.000967054745888391));
#4794=CARTESIAN_POINT('',(-0.0215,0.0406619191421805,-0.000974587489146984));
#4795=CARTESIAN_POINT('',(-0.0215,0.0406966588332032,-0.000983821910262255));
#4796=CARTESIAN_POINT('',(-0.0215,0.0407352694838353,-0.000994916954703476));
#4797=CARTESIAN_POINT('',(-0.0215,0.0407776913324494,-0.001008030981172));
#4798=CARTESIAN_POINT('',(-0.0215,0.0408238567249165,-0.00102332026765605));
#4799=CARTESIAN_POINT('',(-0.0215,0.0408736942075355,-0.00104093928145286));
#4800=CARTESIAN_POINT('',(-0.0215,0.0409271274005509,-0.00106104043746823));
#4801=CARTESIAN_POINT('',(-0.0215,0.0409840753861632,-0.00108377400627634));
#4802=CARTESIAN_POINT('',(-0.0215,0.0410444526673467,-0.00110928798107153));
#4803=CARTESIAN_POINT('',(-0.0215,0.0411081692537754,-0.00113772795822083));
#4804=CARTESIAN_POINT('',(-0.0215,0.0411751307159833,-0.00116923701588245));
#4805=CARTESIAN_POINT('',(-0.0215,0.0412452382526136,-0.00120395559516365));
#4806=CARTESIAN_POINT('',(-0.0215,0.0413183887579451,-0.00124202138265222));
#4807=CARTESIAN_POINT('',(-0.0215,0.0413944748932112,-0.00128356919466545));
#4808=CARTESIAN_POINT('',(-0.0215,0.0414733851606061,-0.00132873086347265));
#4809=CARTESIAN_POINT('',(-0.0215,0.0415550039803558,-0.00137763512447383));
#4810=CARTESIAN_POINT('',(-0.0215,0.0416392117701368,-0.00143040750869343));
#4811=CARTESIAN_POINT('',(-0.0215,0.0417258850290794,-0.00148717022407395));
#4812=CARTESIAN_POINT('',(-0.0215,0.0418148964175651,-0.00154804208951312));
#4813=CARTESIAN_POINT('',(-0.0215,0.0419061148663748,-0.00161313827598098));
#4814=CARTESIAN_POINT('',(-0.0215,0.0419994055860079,-0.00168257079894363));
#4815=CARTESIAN_POINT('',(-0.0215,0.0420946304717258,-0.0017564461383509));
#4816=CARTESIAN_POINT('',(-0.0215,0.0421916470039969,-0.00183487388079445));
#4817=CARTESIAN_POINT('',(-0.0215,0.0422903129235302,-0.00191793315889898));
#4818=CARTESIAN_POINT('',(-0.0215,0.0423904688211184,-0.00200580059518797));
#4819=CARTESIAN_POINT('',(-0.0215,0.0424820548890964,-0.00208919989559624));
#4820=CARTESIAN_POINT('',(-0.0215,0.0425400832670868,-0.00214439929669369));
#4821=CARTESIAN_POINT('',(-0.0215,0.0425643877648403,-0.00216763929073359));
#4822=CARTESIAN_POINT('',(-0.0215,0.0388719876253294,-0.00302959742804255));
#4823=CARTESIAN_POINT('',(-0.0215,0.0394154633874712,-0.00321552842021572));
#4824=CARTESIAN_POINT('',(-0.0215,0.0399984734623352,-0.00341498467791381));
#4825=CARTESIAN_POINT('',(-0.0215,0.040011672915384,-0.0034185607805473));
#4826=CARTESIAN_POINT('',(-0.0215,0.0400232950046556,-0.00342195840157795));
#4827=CARTESIAN_POINT('',(-0.0215,0.0400370831365982,-0.00342557775153244));
#4828=CARTESIAN_POINT('',(-0.0215,0.0400557357507671,-0.0034301385520206));
#4829=CARTESIAN_POINT('',(-0.0215,0.040078384939481,-0.00343517530555351));
#4830=CARTESIAN_POINT('',(-0.0215,0.0401053444558498,-0.00344061601851697));
#4831=CARTESIAN_POINT('',(-0.0215,0.040136548245811,-0.00344626322685053));
#4832=CARTESIAN_POINT('',(-0.0215,0.0401720405101899,-0.00345195706869476));
#4833=CARTESIAN_POINT('',(-0.0215,0.0402118258558223,-0.00345752560766823));
#4834=CARTESIAN_POINT('',(-0.0215,0.0402559140980315,-0.00346279986865487));
#4835=CARTESIAN_POINT('',(-0.0215,0.0403043069956797,-0.00346760956719512));
#4836=CARTESIAN_POINT('',(-0.0215,0.0403570021000726,-0.00347178452755272));
#4837=CARTESIAN_POINT('',(-0.0215,0.0404139916275587,-0.00347515444533737));
#4838=CARTESIAN_POINT('',(-0.0215,0.0404752627765989,-0.00347754912931461));
#4839=CARTESIAN_POINT('',(-0.0215,0.0405407976360286,-0.00347879860620068));
#4840=CARTESIAN_POINT('',(-0.0215,0.0406105732149719,-0.00347873326473273));
#4841=CARTESIAN_POINT('',(-0.0215,0.0406845614429489,-0.00347718398858526));
#4842=CARTESIAN_POINT('',(-0.0215,0.0407627291829732,-0.00347398229229046));
#4843=CARTESIAN_POINT('',(-0.0215,0.0408450382454622,-0.0034689604560165));
#4844=CARTESIAN_POINT('',(-0.0215,0.0409314454063095,-0.00346195166031957));
#4845=CARTESIAN_POINT('',(-0.0215,0.0410219024282157,-0.00345279012018557));
#4846=CARTESIAN_POINT('',(-0.0215,0.041116356085208,-0.00344131121944541));
#4847=CARTESIAN_POINT('',(-0.0215,0.0412147481914652,-0.00342735164128899));
#4848=CARTESIAN_POINT('',(-0.0215,0.041317015629777,-0.00341074951087638));
#4849=CARTESIAN_POINT('',(-0.0215,0.041423090397613,-0.0033913444880544));
#4850=CARTESIAN_POINT('',(-0.0215,0.0415328996015373,-0.00336897804825227));
#4851=CARTESIAN_POINT('',(-0.0215,0.0416463656660085,-0.00334349303642078));
#4852=CARTESIAN_POINT('',(-0.0215,0.0417634057353672,-0.00331473600602762));
#4853=CARTESIAN_POINT('',(-0.0215,0.0418839341844251,-0.00328254887682394));
#4854=CARTESIAN_POINT('',(-0.0215,0.0420078532389914,-0.00324680149549342));
#4855=CARTESIAN_POINT('',(-0.0215,0.0421350891103612,-0.0032072676717662));
#4856=CARTESIAN_POINT('',(-0.0215,0.0422526786982288,-0.00316833002954956));
#4857=CARTESIAN_POINT('',(-0.0215,0.0423281418784585,-0.00314150513507933));
#4858=CARTESIAN_POINT('',(-0.0215,0.0423597976991423,-0.00313015987391643));
#4859=CARTESIAN_POINT('',(-0.0215,0.0394366612128143,-0.00322274530120826));
#4860=CARTESIAN_POINT('',(-0.0215,0.0392375148604837,-0.00380519654073713));
#4861=CARTESIAN_POINT('',(-0.0215,0.0386683569110561,-0.0035707441048813));
#4862=CARTESIAN_POINT('',(-0.0215,0.03,1.77192456404585E-17));
#4863=CARTESIAN_POINT('',(-0.0215,0.0384538429206765,-0.00405255041579101));
#4864=CARTESIAN_POINT('',(-0.0215,0.0390089160390177,-0.00431863790022089));
#4865=CARTESIAN_POINT('',(-0.0215,0.0387093253337581,-0.00485636843254849));
#4866=CARTESIAN_POINT('',(-0.0215,0.0381879481112744,-0.00456597533141361));
#4867=CARTESIAN_POINT('',(-0.0215,0.0386897780322671,-0.00484544441428796));
#4868=CARTESIAN_POINT('',(-0.0215,0.0392281128029916,-0.00514524304796877));
#4869=CARTESIAN_POINT('',(-0.0215,0.0392396025231811,-0.00515265927347751));
#4870=CARTESIAN_POINT('',(-0.0215,0.0392499041433105,-0.00515902271676054));
#4871=CARTESIAN_POINT('',(-0.0215,0.0392618199055881,-0.00516684747783697));
#4872=CARTESIAN_POINT('',(-0.0215,0.0392776902758999,-0.00517765730034211));
#4873=CARTESIAN_POINT('',(-0.0215,0.0392965885786027,-0.00519111868179056));
#4874=CARTESIAN_POINT('',(-0.0215,0.0393186712538235,-0.00520751295931315));
#4875=CARTESIAN_POINT('',(-0.0215,0.0393437473583724,-0.00522692317442165));
#4876=CARTESIAN_POINT('',(-0.0215,0.0393717276678609,-0.00524948914319351));
#4877=CARTESIAN_POINT('',(-0.0215,0.0394024874912317,-0.00527532933707022));
#4878=CARTESIAN_POINT('',(-0.0215,0.0394359078232349,-0.00530456411668031));
#4879=CARTESIAN_POINT('',(-0.0215,0.0394718632947639,-0.00533730873165677));
#4880=CARTESIAN_POINT('',(-0.0215,0.0395102258021049,-0.0053736752320588));
#4881=CARTESIAN_POINT('',(-0.0215,0.0395508635761517,-0.00541377178938587));
#4882=CARTESIAN_POINT('',(-0.0215,0.0395936415742676,-0.00545770277040441));
#4883=CARTESIAN_POINT('',(-0.0215,0.0396384214967779,-0.00550556859885158));
#4884=CARTESIAN_POINT('',(-0.0215,0.0396850619140514,-0.00555746568126404));
#4885=CARTESIAN_POINT('',(-0.0215,0.0397334183653489,-0.00561348631811932));
#4886=CARTESIAN_POINT('',(-0.0215,0.0397833434685948,-0.00567371862262079));
#4887=CARTESIAN_POINT('',(-0.0215,0.0398346870298455,-0.0057382464408504));
#4888=CARTESIAN_POINT('',(-0.0215,0.039887296155522,-0.0058071492750328));
#4889=CARTESIAN_POINT('',(-0.0215,0.0399410153662956,-0.00588050220969557));
#4890=CARTESIAN_POINT('',(-0.0215,0.0399956867133845,-0.0059583758399494));
#4891=CARTESIAN_POINT('',(-0.0215,0.0400511498948324,-0.00604083620557855));
#4892=CARTESIAN_POINT('',(-0.0215,0.0401072423805327,-0.00612794471676462));
#4893=CARTESIAN_POINT('',(-0.0215,0.0401637995119558,-0.006219758126283));
#4894=CARTESIAN_POINT('',(-0.0215,0.0402206547071581,-0.006316328337396));
#4895=CARTESIAN_POINT('',(-0.0215,0.0402776392690091,-0.00641770285749489));
#4896=CARTESIAN_POINT('',(-0.0215,0.0403345837232546,-0.00652392278859638));
#4897=CARTESIAN_POINT('',(-0.0215,0.0403913132989416,-0.00663503027511763));
#4898=CARTESIAN_POINT('',(-0.0215,0.0404476658496027,-0.00675103974624205));
#4899=CARTESIAN_POINT('',(-0.0215,0.0405034239088288,-0.00687204771710785));
#4900=CARTESIAN_POINT('',(-0.0215,0.0405531703937305,-0.00698548817900829));
#4901=CARTESIAN_POINT('',(-0.0215,0.0405837303357558,-0.0070595176088124));
#4902=CARTESIAN_POINT('',(-0.0215,0.0405964810421179,-0.00709063392963109));
#4903=CARTESIAN_POINT('',(-0.0215,0.0368727157076279,-0.00637623743301049));
#4904=CARTESIAN_POINT('',(-0.0215,0.0372935805738712,-0.0067671453534319));
#4905=CARTESIAN_POINT('',(-0.0215,0.0377450606108265,-0.00718648927237995));
#4906=CARTESIAN_POINT('',(-0.0215,0.0377556643792221,-0.00719512490592033));
#4907=CARTESIAN_POINT('',(-0.0215,0.037764899749112,-0.00720295591675553));
#4908=CARTESIAN_POINT('',(-0.0215,0.0377760237121669,-0.00721187049596666));
#4909=CARTESIAN_POINT('',(-0.0215,0.0377912086784339,-0.0072236236962075));
#4910=CARTESIAN_POINT('',(-0.0215,0.0378098511096788,-0.00723743725450464));
#4911=CARTESIAN_POINT('',(-0.0215,0.037832266916071,-0.00725337301630555));
#4912=CARTESIAN_POINT('',(-0.0215,0.037858476070091,-0.00727122372260711));
#4913=CARTESIAN_POINT('',(-0.0215,0.0378885839728778,-0.00729086131042904));
#4914=CARTESIAN_POINT('',(-0.0215,0.0379226647658121,-0.00731213058184009));
#4915=CARTESIAN_POINT('',(-0.0215,0.0379607961440094,-0.00733488116264216));
#4916=CARTESIAN_POINT('',(-0.0215,0.0380030489751996,-0.00735895820563435));
#4917=CARTESIAN_POINT('',(-0.0215,0.0380494902390969,-0.00738420525157221));
#4918=CARTESIAN_POINT('',(-0.0215,0.0381001820940179,-0.00741046355375718));
#4919=CARTESIAN_POINT('',(-0.0215,0.038155182068186,-0.00743757242790508));
#4920=CARTESIAN_POINT('',(-0.0215,0.038214542933301,-0.00746536931056766));
#4921=CARTESIAN_POINT('',(-0.0215,0.0382783126732684,-0.00749368990291448));
#4922=CARTESIAN_POINT('',(-0.0215,0.0383465344302351,-0.0075223682922018));
#4923=CARTESIAN_POINT('',(-0.0215,0.0384192464612716,-0.00755123708126925));
#4924=CARTESIAN_POINT('',(-0.0215,0.0384964820962594,-0.00758012751732363));
#4925=CARTESIAN_POINT('',(-0.0215,0.038578269699593,-0.0076088696223919));
#4926=CARTESIAN_POINT('',(-0.0215,0.0386646326351469,-0.00763729232445026));
#4927=CARTESIAN_POINT('',(-0.0215,0.0387555892340032,-0.00766522359019164));
#4928=CARTESIAN_POINT('',(-0.0215,0.0388511527677004,-0.00769249055598042));
#4929=CARTESIAN_POINT('',(-0.0215,0.0389513314162268,-0.0077189196697097));
#4930=CARTESIAN_POINT('',(-0.0215,0.0390561282723953,-0.00774433679423991));
#4931=CARTESIAN_POINT('',(-0.0215,0.0391655412224904,-0.00776856746173802));
#4932=CARTESIAN_POINT('',(-0.0215,0.0392795633184457,-0.00779143655110742));
#4933=CARTESIAN_POINT('',(-0.0215,0.0393981812801774,-0.00781277018153278));
#4934=CARTESIAN_POINT('',(-0.0215,0.0395213811822136,-0.00783238911261916));
#4935=CARTESIAN_POINT('',(-0.0215,0.0396491266415092,-0.00785013467504947));
#4936=CARTESIAN_POINT('',(-0.0215,0.0397814422485989,-0.00786577022115997));
#4937=CARTESIAN_POINT('',(-0.0215,0.0399047030483459,-0.00787802690921158));
#4938=CARTESIAN_POINT('',(-0.0215,0.0399845527613917,-0.00788421478931899));
#4939=CARTESIAN_POINT('',(-0.0215,0.0400180863260256,-0.00788672595975663));
#4940=CARTESIAN_POINT('',(-0.0215,0.0373100103809769,-0.00678236023460154));
#4941=CARTESIAN_POINT('',(-0.0215,0.0368911768734779,-0.0072334557999437));
#4942=CARTESIAN_POINT('',(-0.0215,0.036466585610818,-0.00678777544840431));
#4943=CARTESIAN_POINT('',(-0.0215,0.03,7.53347261182245E-18));
#4944=CARTESIAN_POINT('',(-0.0215,0.0360746490477938,-0.00714067671485957));
#4945=CARTESIAN_POINT('',(-0.0215,0.0364735060435325,-0.00760952830441177));
#4946=CARTESIAN_POINT('',(-0.0215,0.0359811016039923,-0.00797891507190137));
#4947=CARTESIAN_POINT('',(-0.0215,0.035622913325802,-0.00750156455217966));
#4948=CARTESIAN_POINT('',(-0.0215,0.0359676874540221,-0.00796098488085062));
#4949=CARTESIAN_POINT('',(-0.0215,0.0363375416486466,-0.00845382503835265));
#4950=CARTESIAN_POINT('',(-0.0215,0.0363450215796676,-0.0084652733876988));
#4951=CARTESIAN_POINT('',(-0.0215,0.0363518443323838,-0.00847527672879462));
#4952=CARTESIAN_POINT('',(-0.0215,0.0363595473058337,-0.00848727158088158));
#4953=CARTESIAN_POINT('',(-0.0215,0.0363696488596252,-0.00850360190627409));
#4954=CARTESIAN_POINT('',(-0.0215,0.0363814380811151,-0.00852358612235111));
#4955=CARTESIAN_POINT('',(-0.0215,0.0363949434553503,-0.00854754487330261));
#4956=CARTESIAN_POINT('',(-0.0215,0.0364099567710218,-0.0085754763577325));
#4957=CARTESIAN_POINT('',(-0.0215,0.0364263396492724,-0.00860747201315491));
#4958=CARTESIAN_POINT('',(-0.0215,0.0364439299924769,-0.00864358935219502));
#4959=CARTESIAN_POINT('',(-0.0215,0.0364625701288516,-0.00868388992596247));
#4960=CARTESIAN_POINT('',(-0.0215,0.03648209865177,-0.0087284280280264));
#4961=CARTESIAN_POINT('',(-0.0215,0.0365023529578012,-0.00877725391673486));
#4962=CARTESIAN_POINT('',(-0.0215,0.0365231686725643,-0.00883041281634599));
#4963=CARTESIAN_POINT('',(-0.0215,0.0365443799786836,-0.00888794514385643));
#4964=CARTESIAN_POINT('',(-0.0215,0.0365658196871058,-0.00894988638936967));
#4965=CARTESIAN_POINT('',(-0.0215,0.0365873193833627,-0.00901626710002598));
#4966=CARTESIAN_POINT('',(-0.0215,0.0366087095540158,-0.00908711283903114));
#4967=CARTESIAN_POINT('',(-0.0215,0.0366298197199708,-0.00916244415611127));
#4968=CARTESIAN_POINT('',(-0.0215,0.0366504785689588,-0.00924227655909317));
#4969=CARTESIAN_POINT('',(-0.0215,0.0366705140892774,-0.00932662048945201));
#4970=CARTESIAN_POINT('',(-0.0215,0.0366897537038632,-0.00941548130117667));
#4971=CARTESIAN_POINT('',(-0.0215,0.0367080244057058,-0.00950885924255255));
#4972=CARTESIAN_POINT('',(-0.0215,0.0367251528908812,-0.00960674944324505));
#4973=CARTESIAN_POINT('',(-0.0215,0.0367409657029775,-0.00970914189729662));
#4974=CARTESIAN_POINT('',(-0.0215,0.0367552893355095,-0.00981602147828985));
#4975=CARTESIAN_POINT('',(-0.0215,0.0367679504973408,-0.00992736784723372));
#4976=CARTESIAN_POINT('',(-0.0215,0.036778775752977,-0.0100431557889852));
#4977=CARTESIAN_POINT('',(-0.0215,0.036787593562287,-0.0101633539207156));
#4978=CARTESIAN_POINT('',(-0.0215,0.0367942271223815,-0.0102879296575152));
#4979=CARTESIAN_POINT('',(-0.0215,0.0367985224362145,-0.0104168302301892));
#4980=CARTESIAN_POINT('',(-0.0215,0.036800241582092,-0.0105500553581462));
#4981=CARTESIAN_POINT('',(-0.0215,0.0367995468647453,-0.010673922095102));
#4982=CARTESIAN_POINT('',(-0.0215,0.036797354279201,-0.0107539811926633));
#4983=CARTESIAN_POINT('',(-0.0215,0.0367963464812052,-0.0107875935457084));
#4984=CARTESIAN_POINT('',(-0.0215,0.0336850888074155,-0.00862036805951235));
#4985=CARTESIAN_POINT('',(-0.0215,0.0339105714189494,-0.00914866137745417));
#4986=CARTESIAN_POINT('',(-0.0215,0.0341524564180391,-0.00971538458444616));
#4987=CARTESIAN_POINT('',(-0.0215,0.0341586310138937,-0.00972758656940201));
#4988=CARTESIAN_POINT('',(-0.0215,0.0341638827850474,-0.00973849691712586));
#4989=CARTESIAN_POINT('',(-0.0215,0.0341704191449443,-0.00975116531386163));
#4990=CARTESIAN_POINT('',(-0.0215,0.0341795108446906,-0.00976807867875902));
#4991=CARTESIAN_POINT('',(-0.0215,0.0341909230727431,-0.00978828055209859));
#4992=CARTESIAN_POINT('',(-0.0215,0.0342049192725924,-0.00981195592474971));
#4993=CARTESIAN_POINT('',(-0.0215,0.0342216019898384,-0.00983892357973115));
#4994=CARTESIAN_POINT('',(-0.0215,0.0342411196011196,-0.0098691093961945));
#4995=CARTESIAN_POINT('',(-0.0215,0.0342636029626432,-0.00990240174979089));
#4996=CARTESIAN_POINT('',(-0.0215,0.0342891842151255,-0.00993869486830517));
#4997=CARTESIAN_POINT('',(-0.0215,0.03431799108149,-0.00997787611628289));
#4998=CARTESIAN_POINT('',(-0.0215,0.0343501483884583,-0.0100198298041961));
#4999=CARTESIAN_POINT('',(-0.0215,0.0343857774885772,-0.0100644361917845));
#5000=CARTESIAN_POINT('',(-0.0215,0.0344249962926804,-0.0101115718854865));
#5001=CARTESIAN_POINT('',(-0.0215,0.0344679191306259,-0.0101611098403864));
#5002=CARTESIAN_POINT('',(-0.0215,0.034514656664247,-0.0102129194788468));
#5003=CARTESIAN_POINT('',(-0.0215,0.0345653157886489,-0.0102668667795261));
#5004=CARTESIAN_POINT('',(-0.0215,0.0346199995399633,-0.0103228143780613));
#5005=CARTESIAN_POINT('',(-0.0215,0.0346788070044967,-0.0103806216675889));
#5006=CARTESIAN_POINT('',(-0.0215,0.0347418332306833,-0.0104401449023422));
#5007=CARTESIAN_POINT('',(-0.0215,0.0348091691437448,-0.0105012373031949));
#5008=CARTESIAN_POINT('',(-0.0215,0.034880901462208,-0.0105637491658235));
#5009=CARTESIAN_POINT('',(-0.0215,0.0349571126202017,-0.01062752796946));
#5010=CARTESIAN_POINT('',(-0.0215,0.035037880680518,-0.0106924184934664));
#5011=CARTESIAN_POINT('',(-0.0215,0.035123279296538,-0.0107582629136103));
#5012=CARTESIAN_POINT('',(-0.0215,0.0352133774997469,-0.0108249009858695));
#5013=CARTESIAN_POINT('',(-0.0215,0.0353082401709374,-0.0108921699031286));
#5014=CARTESIAN_POINT('',(-0.0215,0.0354079259018484,-0.010959905415862));
#5015=CARTESIAN_POINT('',(-0.0215,0.0355124948745648,-0.0110279381158212));
#5016=CARTESIAN_POINT('',(-0.0215,0.0356219783881463,-0.0110961082530548));
#5017=CARTESIAN_POINT('',(-0.0215,0.0357364951604408,-0.011164209641036));
#5018=CARTESIAN_POINT('',(-0.0215,0.0358441142600017,-0.0112255413666433));
#5019=CARTESIAN_POINT('',(-0.0215,0.0359145437650661,-0.0112636720806426));
#5020=CARTESIAN_POINT('',(-0.0215,0.035944156815682,-0.0112796054784989));
#5021=CARTESIAN_POINT('',(-0.0215,0.033919392344909,-0.00916924346762381));
#5022=CARTESIAN_POINT('',(-0.0215,0.0333532918006711,-0.00941098483745705));
#5023=CARTESIAN_POINT('',(-0.0215,0.0331466829113835,-0.00883113875189413));
#5024=CARTESIAN_POINT('',(-0.0215,0.03,1.01165870451072E-18));
#5025=CARTESIAN_POINT('',(-0.0215,0.0326450931680934,-0.0089941151389175));
#5026=CARTESIAN_POINT('',(-0.0215,0.0328187680431642,-0.00958466213437546));
#5027=CARTESIAN_POINT('',(-0.0215,0.032218691070294,-0.00972183480915467));
#5028=CARTESIAN_POINT('',(-0.0215,0.0320856257437344,-0.00914006511229935));
#5029=CARTESIAN_POINT('',(-0.0215,0.0322137295002383,-0.00969999873823704));
#5030=CARTESIAN_POINT('',(-0.0215,0.0323511519684921,-0.0103006638790159));
#5031=CARTESIAN_POINT('',(-0.0215,0.0323533287623181,-0.0103141648285925));
#5032=CARTESIAN_POINT('',(-0.0215,0.0323554929316937,-0.0103260783989482));
#5033=CARTESIAN_POINT('',(-0.0215,0.0323576512022272,-0.01034016932315));
#5034=CARTESIAN_POINT('',(-0.0215,0.0323602372890781,-0.0103591964898132));
#5035=CARTESIAN_POINT('',(-0.0215,0.0323628789658576,-0.0103822480880082));
#5036=CARTESIAN_POINT('',(-0.0215,0.0323654718372097,-0.0104096286266906));
#5037=CARTESIAN_POINT('',(-0.0215,0.0323678264253323,-0.0104412517730344));
#5038=CARTESIAN_POINT('',(-0.0215,0.0323697791238618,-0.0104771447756134));
#5039=CARTESIAN_POINT('',(-0.0215,0.0323711584567566,-0.0105172942437812));
#5040=CARTESIAN_POINT('',(-0.0215,0.0323717953485834,-0.0105616922763824));
#5041=CARTESIAN_POINT('',(-0.0215,0.0323715202638675,-0.010610322823071));
#5042=CARTESIAN_POINT('',(-0.0215,0.0323701642150716,-0.0106631656603589));
#5043=CARTESIAN_POINT('',(-0.0215,0.0323675586443635,-0.0107201952455779));
#5044=CARTESIAN_POINT('',(-0.0215,0.0323635356309595,-0.0107813810574889));
#5045=CARTESIAN_POINT('',(-0.0215,0.0323579280049339,-0.0108466875160004));
#5046=CARTESIAN_POINT('',(-0.0215,0.0323505694873727,-0.0109160740269783));
#5047=CARTESIAN_POINT('',(-0.0215,0.0323412948225518,-0.010989494996246));
#5048=CARTESIAN_POINT('',(-0.0215,0.0323299399117424,-0.0110668998568181));
#5049=CARTESIAN_POINT('',(-0.0215,0.032316341945798,-0.0111482330968221));
#5050=CARTESIAN_POINT('',(-0.0215,0.0323003395372786,-0.0112334342915578));
#5051=CARTESIAN_POINT('',(-0.0215,0.0322817728515284,-0.011322438138722));
#5052=CARTESIAN_POINT('',(-0.0215,0.0322604837377922,-0.0114151744968441));
#5053=CARTESIAN_POINT('',(-0.0215,0.0322363158560008,-0.0115115684275957));
#5054=CARTESIAN_POINT('',(-0.0215,0.0322091148156267,-0.011611540239001));
#5055=CARTESIAN_POINT('',(-0.0215,0.0321787282630766,-0.0117150055409448));
#5056=CARTESIAN_POINT('',(-0.0215,0.0321450061616331,-0.0118218752689791));
#5057=CARTESIAN_POINT('',(-0.0215,0.0321078003260108,-0.0119320558453539));
#5058=CARTESIAN_POINT('',(-0.0215,0.0320669668110483,-0.0120454488287714));
#5059=CARTESIAN_POINT('',(-0.0215,0.0320223573527461,-0.0121619525392217));
#5060=CARTESIAN_POINT('',(-0.0215,0.0319738527309674,-0.0122814561334048));
#5061=CARTESIAN_POINT('',(-0.0215,0.0319212357075562,-0.012403862583517));
#5062=CARTESIAN_POINT('',(-0.0215,0.0318702199109017,-0.0125167379114145));
#5063=CARTESIAN_POINT('',(-0.0215,0.0318356539157474,-0.0125889837314507));
#5064=CARTESIAN_POINT('',(-0.0215,0.0318210618708227,-0.012619280235522));
#5065=CARTESIAN_POINT('',(-0.0215,0.0298602765744201,-0.00937395873493924));
#5066=CARTESIAN_POINT('',(-0.0215,0.0298513889392653,-0.0099482907363352));
#5067=CARTESIAN_POINT('',(-0.0215,0.0298418547866904,-0.0105644016403635));
#5068=CARTESIAN_POINT('',(-0.0215,0.0298425325662864,-0.0105780601426844));
#5069=CARTESIAN_POINT('',(-0.0215,0.0298428926597605,-0.0105901633290581));
#5070=CARTESIAN_POINT('',(-0.0215,0.0298437112204924,-0.0106043950624341));
#5071=CARTESIAN_POINT('',(-0.0215,0.0298451376162363,-0.0106235441175442));
#5072=CARTESIAN_POINT('',(-0.0215,0.0298473463631893,-0.0106466412184975));
#5073=CARTESIAN_POINT('',(-0.0215,0.0298505028863901,-0.0106739625149835));
#5074=CARTESIAN_POINT('',(-0.0215,0.0298547745734926,-0.010705384166105));
#5075=CARTESIAN_POINT('',(-0.0215,0.0298603271209658,-0.0107408988093137));
#5076=CARTESIAN_POINT('',(-0.0215,0.0298673254736163,-0.0107804576947071));
#5077=CARTESIAN_POINT('',(-0.0215,0.0298759333694311,-0.0108240179410299));
#5078=CARTESIAN_POINT('',(-0.0215,0.0298863133020733,-0.0108715286002673));
#5079=CARTESIAN_POINT('',(-0.0215,0.0298986263615978,-0.0109229347563784));
#5080=CARTESIAN_POINT('',(-0.0215,0.0299130321118239,-0.0109781763797198));
#5081=CARTESIAN_POINT('',(-0.0215,0.0299296884583412,-0.0110371887033205));
#5082=CARTESIAN_POINT('',(-0.0215,0.0299487515204944,-0.0110999021680175));
#5083=CARTESIAN_POINT('',(-0.0215,0.0299703755036092,-0.0111662424954257));
#5084=CARTESIAN_POINT('',(-0.0215,0.0299947125726133,-0.0112361307291138));
#5085=CARTESIAN_POINT('',(-0.0215,0.0300219127268171,-0.0113094832890621));
#5086=CARTESIAN_POINT('',(-0.0215,0.0300521236760294,-0.0113862120265407));
#5087=CARTESIAN_POINT('',(-0.0215,0.0300854907179858,-0.0114662242829387));
#5088=CARTESIAN_POINT('',(-0.0215,0.0301221566174592,-0.0115494229514712));
#5089=CARTESIAN_POINT('',(-0.0215,0.0301622614859995,-0.0116357065420362));
#5090=CARTESIAN_POINT('',(-0.0215,0.0302059426667157,-0.0117249692489594));
#5091=CARTESIAN_POINT('',(-0.0215,0.0302533346074385,-0.0118171010221303));
#5092=CARTESIAN_POINT('',(-0.0215,0.0303045687867779,-0.0119119876394671));
#5093=CARTESIAN_POINT('',(-0.0215,0.0303597734452495,-0.0120095107884059));
#5094=CARTESIAN_POINT('',(-0.0215,0.030419074074026,-0.0121095481266418));
#5095=CARTESIAN_POINT('',(-0.0215,0.0304825910056254,-0.0122119734361738));
#5096=CARTESIAN_POINT('',(-0.0215,0.03055044812366,-0.0123166564331252));
#5097=CARTESIAN_POINT('',(-0.0215,0.0306227389974028,-0.0124234639091281));
#5098=CARTESIAN_POINT('',(-0.0215,0.0306996559446199,-0.0125322557903164));
#5099=CARTESIAN_POINT('',(-0.0215,0.0307730250239918,-0.0126320577409406));
#5100=CARTESIAN_POINT('',(-0.0215,0.0308218564198172,-0.0126955381419747));
#5101=CARTESIAN_POINT('',(-0.0215,0.0308424285909375,-0.0127221387380098));
#5102=CARTESIAN_POINT('',(-0.0215,0.0298510757658448,-0.00997068120513211));
#5103=CARTESIAN_POINT('',(-0.0215,0.0292355921118287,-0.00996126910046086));
#5104=CARTESIAN_POINT('',(-0.0215,0.029282690149854,-0.00934751793680456));
#5105=CARTESIAN_POINT('',(-0.0215,0.03,-7.18515208083231E-19));
#5106=CARTESIAN_POINT('',(-0.0215,0.03,2.79428505919827E-17));
#5107=CARTESIAN_POINT('',(-0.0215,0.0423597976991423,0.00313015987391649));
#5108=CARTESIAN_POINT('',(-0.0215,0.0425643877648403,0.00216763929073365));
#5109=CARTESIAN_POINT('',(-0.0215,0.0399316276181843,0.000894111574871375));
#5110=CARTESIAN_POINT('',(-0.0165,0.0399316276181843,0.000894111574871375));
#5111=CARTESIAN_POINT('',(-0.0215,0.0401947841364355,0.00091770826860885));
#5112=CARTESIAN_POINT('',(-0.0165,0.0401947841364355,0.00091770826860885));
#5113=CARTESIAN_POINT('',(-0.0215,0.0405239877950591,0.000947437140225208));
#5114=CARTESIAN_POINT('',(-0.0165,0.0405239877950591,0.000947437140225208));
#5115=CARTESIAN_POINT('',(-0.0215,0.0405401267984762,0.000949385496062791));
#5116=CARTESIAN_POINT('',(-0.0165,0.0405401267984762,0.000949385496062791));
#5117=CARTESIAN_POINT('',(-0.0215,0.0405940117685483,0.000958207512582664));
#5118=CARTESIAN_POINT('',(-0.0165,0.0405940117685483,0.000958207512582664));
#5119=CARTESIAN_POINT('',(-0.0215,0.040671967825433,0.000976239865208544));
#5120=CARTESIAN_POINT('',(-0.0165,0.040671967825433,0.000976239865208544));
#5121=CARTESIAN_POINT('',(-0.0215,0.0408228126552966,0.00102045600987797));
#5122=CARTESIAN_POINT('',(-0.0165,0.0408228126552966,0.00102045600987797));
#5123=CARTESIAN_POINT('',(-0.0215,0.0410387633188381,0.00110229848827085));
#5124=CARTESIAN_POINT('',(-0.0165,0.0410387633188381,0.00110229848827085));
#5125=CARTESIAN_POINT('',(-0.0215,0.041324669105965,0.00124072022164056));
#5126=CARTESIAN_POINT('',(-0.0165,0.041324669105965,0.00124072022164056));
#5127=CARTESIAN_POINT('',(-0.0215,0.0416264550740073,0.00141751300912297));
#5128=CARTESIAN_POINT('',(-0.0165,0.0416264550740073,0.00141751300912297));
#5129=CARTESIAN_POINT('',(-0.0215,0.0420407857789976,0.00170202988484711));
#5130=CARTESIAN_POINT('',(-0.0165,0.0420407857789976,0.00170202988484711));
#5131=CARTESIAN_POINT('',(-0.0215,0.042356619642122,0.00196897112722637));
#5132=CARTESIAN_POINT('',(-0.0165,0.042356619642122,0.00196897112722637));
#5133=CARTESIAN_POINT('',(-0.0215,0.0425643877648403,0.00216763929073365));
#5134=CARTESIAN_POINT('',(-0.0165,0.0425643877648403,0.00216763929073365));
#5135=CARTESIAN_POINT('',(-0.0215,0.0399316275915804,0.000894111572485856));
#5136=CARTESIAN_POINT('',(-0.0215,0.0399316276181843,-0.000894111574871318));
#5137=CARTESIAN_POINT('',(-0.0165,0.0399316276181843,-0.000894111574871318));
#5138=CARTESIAN_POINT('',(-0.0215,0.0401947841364355,-0.000917708268608792));
#5139=CARTESIAN_POINT('',(-0.0165,0.0401947841364355,-0.000917708268608792));
#5140=CARTESIAN_POINT('',(-0.0215,0.0405239877950591,-0.00094743714022515));
#5141=CARTESIAN_POINT('',(-0.0165,0.0405239877950591,-0.00094743714022515));
#5142=CARTESIAN_POINT('',(-0.0215,0.0405401267984762,-0.000949385496062733));
#5143=CARTESIAN_POINT('',(-0.0165,0.0405401267984762,-0.000949385496062733));
#5144=CARTESIAN_POINT('',(-0.0215,0.0405940117685483,-0.000958207512582608));
#5145=CARTESIAN_POINT('',(-0.0165,0.0405940117685483,-0.000958207512582608));
#5146=CARTESIAN_POINT('',(-0.0215,0.040671967825433,-0.000976239865208486));
#5147=CARTESIAN_POINT('',(-0.0165,0.040671967825433,-0.000976239865208486));
#5148=CARTESIAN_POINT('',(-0.0215,0.0408228126552966,-0.00102045600987791));
#5149=CARTESIAN_POINT('',(-0.0165,0.0408228126552966,-0.00102045600987791));
#5150=CARTESIAN_POINT('',(-0.0215,0.0410387633188381,-0.00110229848827079));
#5151=CARTESIAN_POINT('',(-0.0165,0.0410387633188381,-0.00110229848827079));
#5152=CARTESIAN_POINT('',(-0.0215,0.041324669105965,-0.0012407202216405));
#5153=CARTESIAN_POINT('',(-0.0165,0.041324669105965,-0.0012407202216405));
#5154=CARTESIAN_POINT('',(-0.0215,0.0416264550740073,-0.00141751300912291));
#5155=CARTESIAN_POINT('',(-0.0165,0.0416264550740073,-0.00141751300912291));
#5156=CARTESIAN_POINT('',(-0.0215,0.0420407857789976,-0.00170202988484706));
#5157=CARTESIAN_POINT('',(-0.0165,0.0420407857789976,-0.00170202988484706));
#5158=CARTESIAN_POINT('',(-0.0215,0.042356619642122,-0.00196897112722631));
#5159=CARTESIAN_POINT('',(-0.0165,0.042356619642122,-0.00196897112722631));
#5160=CARTESIAN_POINT('',(-0.0215,0.0425643877648403,-0.00216763929073359));
#5161=CARTESIAN_POINT('',(-0.0165,0.0425643877648403,-0.00216763929073359));
#5162=CARTESIAN_POINT('',(-0.0165,0.0399316275915804,-0.000894111572485799));
#5163=CARTESIAN_POINT('',(-0.0215,0.03,2.98077650989246E-17));
#5164=CARTESIAN_POINT('',(-0.0215,0.0393712905518224,-0.00026370133356743));
#5165=CARTESIAN_POINT('',(-0.0215,0.0393712905518224,0.000263701333567488));
#5166=CARTESIAN_POINT('',(-0.019,0.039986602607924,0.000281015769488225));
#5167=CARTESIAN_POINT('',(-0.019,0.039986602607924,-0.000281015769488167));
#5168=CARTESIAN_POINT('',(-0.0215,0.0242598628532515,0.00815398603083911));
#5169=CARTESIAN_POINT('',(-0.0165,0.0242598628532515,0.00815398603083911));
#5170=CARTESIAN_POINT('',(-0.0215,0.024107849257904,0.00837008791394734));
#5171=CARTESIAN_POINT('',(-0.0165,0.024107849257904,0.00837008791394734));
#5172=CARTESIAN_POINT('',(-0.0215,0.0239175014705466,0.008640322209526));
#5173=CARTESIAN_POINT('',(-0.0165,0.0239175014705466,0.008640322209526));
#5174=CARTESIAN_POINT('',(-0.0215,0.0239077446431871,0.00865332481855817));
#5175=CARTESIAN_POINT('',(-0.0165,0.0239077446431871,0.00865332481855817));
#5176=CARTESIAN_POINT('',(-0.0215,0.0238731620677322,0.00869557956326283));
#5177=CARTESIAN_POINT('',(-0.0165,0.0238731620677322,0.00869557956326283));
#5178=CARTESIAN_POINT('',(-0.0215,0.0238185675638258,0.00875407531259092));
#5179=CARTESIAN_POINT('',(-0.0165,0.0238185675638258,0.00875407531259092));
#5180=CARTESIAN_POINT('',(-0.0215,0.0237048528443529,0.00886260269494767));
#5181=CARTESIAN_POINT('',(-0.0165,0.0237048528443529,0.00886260269494767));
#5182=CARTESIAN_POINT('',(-0.0215,0.0235259998471853,0.00900870021634216));
#5183=CARTESIAN_POINT('',(-0.0165,0.0235259998471853,0.00900870021634216));
#5184=CARTESIAN_POINT('',(-0.0215,0.0232631702160877,0.00918709102439826));
#5185=CARTESIAN_POINT('',(-0.0165,0.0232631702160877,0.00918709102439826));
#5186=CARTESIAN_POINT('',(-0.0215,0.022959170186901,0.00936004894548735));
#5187=CARTESIAN_POINT('',(-0.0165,0.022959170186901,0.00936004894548735));
#5188=CARTESIAN_POINT('',(-0.0215,0.0225056059922233,0.00957661142371484));
#5189=CARTESIAN_POINT('',(-0.0165,0.0225056059922233,0.00957661142371484));
#5190=CARTESIAN_POINT('',(-0.0215,0.0221165111634429,0.00971666095136629));
#5191=CARTESIAN_POINT('',(-0.0165,0.0221165111634429,0.00971666095136629));
#5192=CARTESIAN_POINT('',(-0.0215,0.0218405754255632,0.00979725934198327));
#5193=CARTESIAN_POINT('',(-0.0165,0.0218405754255632,0.00979725934198327));
#5194=CARTESIAN_POINT('',(-0.0215,0.0242598628686195,0.00815398600899219));
#5195=CARTESIAN_POINT('',(-0.0215,0.0258085095285641,0.00904809760571046));
#5196=CARTESIAN_POINT('',(-0.0165,0.0258085095285641,0.00904809760571046));
#5197=CARTESIAN_POINT('',(-0.0215,0.0256973666056605,0.00928779618255616));
#5198=CARTESIAN_POINT('',(-0.0165,0.0256973666056605,0.00928779618255616));
#5199=CARTESIAN_POINT('',(-0.0215,0.0255585107343943,0.00958775934975118));
#5200=CARTESIAN_POINT('',(-0.0165,0.0255585107343943,0.00958775934975118));
#5201=CARTESIAN_POINT('',(-0.0215,0.0255521285583368,0.00960271031462094));
#5202=CARTESIAN_POINT('',(-0.0165,0.0255521285583368,0.00960271031462094));
#5203=CARTESIAN_POINT('',(-0.0215,0.0255328261637195,0.00965378707584546));
#5204=CARTESIAN_POINT('',(-0.0165,0.0255328261637195,0.00965378707584546));
#5205=CARTESIAN_POINT('',(-0.0215,0.0255094646107412,0.00973031517779943));
#5206=CARTESIAN_POINT('',(-0.0165,0.0255094646107412,0.00973031517779943));
#5207=CARTESIAN_POINT('',(-0.0215,0.0254723345003505,0.00988305870482561));
#5208=CARTESIAN_POINT('',(-0.0165,0.0254723345003505,0.00988305870482561));
#5209=CARTESIAN_POINT('',(-0.0215,0.0254352368339767,0.010110998704613));
#5210=CARTESIAN_POINT('',(-0.0165,0.0254352368339767,0.010110998704613));
#5211=CARTESIAN_POINT('',(-0.0215,0.0254121606779472,0.0104278112460388));
#5212=CARTESIAN_POINT('',(-0.0165,0.0254121606779472,0.0104278112460388));
#5213=CARTESIAN_POINT('',(-0.0215,0.0254143747390918,0.0107775619546103));
#5214=CARTESIAN_POINT('',(-0.0165,0.0254143747390918,0.0107775619546103));
#5215=CARTESIAN_POINT('',(-0.0215,0.0254536082287791,0.0112786413085619));
#5216=CARTESIAN_POINT('',(-0.0165,0.0254536082287791,0.0112786413085619));
#5217=CARTESIAN_POINT('',(-0.0215,0.0255268691944351,0.0116856320785926));
#5218=CARTESIAN_POINT('',(-0.0165,0.0255268691944351,0.0116856320785926));
#5219=CARTESIAN_POINT('',(-0.0215,0.0255950368095964,0.0119648986327169));
#5220=CARTESIAN_POINT('',(-0.0165,0.0255950368095964,0.0119648986327169));
#5221=CARTESIAN_POINT('',(-0.0165,0.0258085095398002,0.00904809758147802));
#5222=CARTESIAN_POINT('',(-0.0215,0.03,5.37208100187281E-17));
#5223=CARTESIAN_POINT('',(-0.0215,0.0255427267779701,0.008247626350907));
#5224=CARTESIAN_POINT('',(-0.0215,0.0250859826702076,0.00798392501733954));
#5225=CARTESIAN_POINT('',(-0.019,0.0247633319007972,0.00850814367121803));
#5226=CARTESIAN_POINT('',(-0.019,0.0252500654912788,0.00878915944070623));
#5227=CARTESIAN_POINT('',(-0.0215,0.0214395988774719,0.00511431278629112));
#5228=CARTESIAN_POINT('',(-0.0165,0.0214395988774719,0.00511431278629112));
#5229=CARTESIAN_POINT('',(-0.0215,0.0212128309934445,0.00524990218051911));
#5230=CARTESIAN_POINT('',(-0.0165,0.0212128309934445,0.00524990218051911));
#5231=CARTESIAN_POINT('',(-0.0215,0.0209290254467041,0.00541935207369758));
#5232=CARTESIAN_POINT('',(-0.0165,0.0209290254467041,0.00541935207369758));
#5233=CARTESIAN_POINT('',(-0.0215,0.0209148235038399,0.00542726208890915));
#5234=CARTESIAN_POINT('',(-0.0165,0.0209148235038399,0.00542726208890915));
#5235=CARTESIAN_POINT('',(-0.0215,0.0208660441961044,0.0054517977183485));
#5236=CARTESIAN_POINT('',(-0.0165,0.0208660441961044,0.0054517977183485));
#5237=CARTESIAN_POINT('',(-0.0215,0.0207923772703325,0.00548303065918933));
#5238=CARTESIAN_POINT('',(-0.0165,0.0207923772703325,0.00548303065918933));
#5239=CARTESIAN_POINT('',(-0.0215,0.0206443516417093,0.00553592341310443));
#5240=CARTESIAN_POINT('',(-0.0165,0.0206443516417093,0.00553592341310443));
#5241=CARTESIAN_POINT('',(-0.0215,0.0204215380831474,0.00559664407247522));
#5242=CARTESIAN_POINT('',(-0.0165,0.0204215380831474,0.00559664407247522));
#5243=CARTESIAN_POINT('',(-0.0215,0.0201088731891001,0.0056527097430066));
#5244=CARTESIAN_POINT('',(-0.0165,0.0201088731891001,0.0056527097430066));
#5245=CARTESIAN_POINT('',(-0.0215,0.0197608070190961,0.00568706671481448));
#5246=CARTESIAN_POINT('',(-0.0165,0.0197608070190961,0.00568706671481448));
#5247=CARTESIAN_POINT('',(-0.0215,0.0192583716138887,0.00570042520513246));
#5248=CARTESIAN_POINT('',(-0.0165,0.0192583716138887,0.00570042520513246));
#5249=CARTESIAN_POINT('',(-0.0215,0.0188459525257223,0.00567010769046712));
#5250=CARTESIAN_POINT('',(-0.0165,0.0188459525257223,0.00567010769046712));
#5251=CARTESIAN_POINT('',(-0.0215,0.0185610903669447,0.00563150480837877));
#5252=CARTESIAN_POINT('',(-0.0165,0.0185610903669447,0.00563150480837877));
#5253=CARTESIAN_POINT('',(-0.0215,0.0214395989003971,0.00511431277258365));
#5254=CARTESIAN_POINT('',(-0.0215,0.0224906900726987,0.00656101570416766));
#5255=CARTESIAN_POINT('',(-0.0165,0.0224906900726987,0.00656101570416766));
#5256=CARTESIAN_POINT('',(-0.0215,0.0222916617658347,0.00673478535088501));
#5257=CARTESIAN_POINT('',(-0.0165,0.0222916617658347,0.00673478535088501));
#5258=CARTESIAN_POINT('',(-0.0215,0.0220428046037012,0.00695233756878592));
#5259=CARTESIAN_POINT('',(-0.0165,0.0220428046037012,0.00695233756878592));
#5260=CARTESIAN_POINT('',(-0.0215,0.022030893090492,0.00696340008996488));
#5261=CARTESIAN_POINT('',(-0.0165,0.022030893090492,0.00696340008996488));
#5262=CARTESIAN_POINT('',(-0.0215,0.0219924846851682,0.0070022100419827));
#5263=CARTESIAN_POINT('',(-0.0165,0.0219924846851682,0.0070022100419827));
#5264=CARTESIAN_POINT('',(-0.0215,0.0219400160612716,0.00706261994226933));
#5265=CARTESIAN_POINT('',(-0.0165,0.0219400160612716,0.00706261994226933));
#5266=CARTESIAN_POINT('',(-0.0215,0.0218439696281483,0.00718705592111104));
#5267=CARTESIAN_POINT('',(-0.0165,0.0218439696281483,0.00718705592111104));
#5268=CARTESIAN_POINT('',(-0.0215,0.0217173676732072,0.00738020049224503));
#5269=CARTESIAN_POINT('',(-0.0165,0.0217173676732072,0.00738020049224503));
#5270=CARTESIAN_POINT('',(-0.0215,0.0215674272861027,0.00766023723215028));
#5271=CARTESIAN_POINT('',(-0.0165,0.0215674272861027,0.00766023723215028));
#5272=CARTESIAN_POINT('',(-0.0215,0.0214271935024865,0.00798065094307054));
#5273=CARTESIAN_POINT('',(-0.0165,0.0214271935024865,0.00798065094307054));
#5274=CARTESIAN_POINT('',(-0.0215,0.0212592277444369,0.00845436740868309));
#5275=CARTESIAN_POINT('',(-0.0165,0.0212592277444369,0.00845436740868309));
#5276=CARTESIAN_POINT('',(-0.0215,0.0211606169072693,0.00885596989718657));
#5277=CARTESIAN_POINT('',(-0.0165,0.0211606169072693,0.00885596989718657));
#5278=CARTESIAN_POINT('',(-0.0215,0.0211093031817105,0.00913881885613548));
#5279=CARTESIAN_POINT('',(-0.0165,0.0211093031817105,0.00913881885613548));
#5280=CARTESIAN_POINT('',(-0.0165,0.0224906900928196,0.00656101568660034));
#5281=CARTESIAN_POINT('',(-0.0215,0.03,4.51803878353001E-17));
#5282=CARTESIAN_POINT('',(-0.0215,0.0225734664392311,0.00572164524160441));
#5283=CARTESIAN_POINT('',(-0.0215,0.0222634669294695,0.00529496752101358));
#5284=CARTESIAN_POINT('',(-0.019,0.0217554918491535,0.00564263120024));
#5285=CARTESIAN_POINT('',(-0.019,0.0220858456990871,0.0060973242666466));
#5286=CARTESIAN_POINT('',(-0.0215,0.0280726486892129,0.00978376101401748));
#5287=CARTESIAN_POINT('',(-0.0165,0.0280726486892129,0.00978376101401748));
#5288=CARTESIAN_POINT('',(-0.0215,0.028021673914181,0.0100430094071926));
#5289=CARTESIAN_POINT('',(-0.0165,0.028021673914181,0.0100430094071926));
#5290=CARTESIAN_POINT('',(-0.0215,0.0279576967478959,0.0103673021404643));
#5291=CARTESIAN_POINT('',(-0.0165,0.0279576967478959,0.0103673021404643));
#5292=CARTESIAN_POINT('',(-0.0215,0.0279540720801296,0.0103831490740905));
#5293=CARTESIAN_POINT('',(-0.0165,0.0279540720801296,0.0103831490740905));
#5294=CARTESIAN_POINT('',(-0.0215,0.0279396658784244,0.0104358167048287));
#5295=CARTESIAN_POINT('',(-0.0165,0.0279396658784244,0.0104358167048287));
#5296=CARTESIAN_POINT('',(-0.0215,0.0279135836820844,0.010511460816168));
#5297=CARTESIAN_POINT('',(-0.0165,0.0279135836820844,0.010511460816168));
#5298=CARTESIAN_POINT('',(-0.0215,0.0278538421798244,0.0106568574566166));
#5299=CARTESIAN_POINT('',(-0.0165,0.0278538421798244,0.0106568574566166));
#5300=CARTESIAN_POINT('',(-0.0215,0.0277498750520899,0.0108630702513314));
#5301=CARTESIAN_POINT('',(-0.0165,0.0277498750520899,0.0108630702513314));
#5302=CARTESIAN_POINT('',(-0.0215,0.0275823263148911,0.0111329408055697));
#5303=CARTESIAN_POINT('',(-0.0165,0.0275823263148911,0.0111329408055697));
#5304=CARTESIAN_POINT('',(-0.0215,0.0273749567933215,0.0114145936801103));
#5305=CARTESIAN_POINT('',(-0.0165,0.0273749567933215,0.0114145936801103));
#5306=CARTESIAN_POINT('',(-0.0215,0.0270486891789348,0.0117969145263534));
#5307=CARTESIAN_POINT('',(-0.0165,0.0270486891789348,0.0117969145263534));
#5308=CARTESIAN_POINT('',(-0.0215,0.0267501966402517,0.0120831152606807));
#5309=CARTESIAN_POINT('',(-0.0165,0.0267501966402517,0.0120831152606807));
#5310=CARTESIAN_POINT('',(-0.0215,0.0265308991191472,0.0122689787300519));
#5311=CARTESIAN_POINT('',(-0.0165,0.0265308991191472,0.0122689787300519));
#5312=CARTESIAN_POINT('',(-0.0215,0.0280726486943662,0.00978376098780863));
#5313=CARTESIAN_POINT('',(-0.0215,0.0298510757654364,0.00997068123183973));
#5314=CARTESIAN_POINT('',(-0.0165,0.0298510757654364,0.00997068123183973));
#5315=CARTESIAN_POINT('',(-0.0215,0.0298470358475649,0.010234862677284));
#5316=CARTESIAN_POINT('',(-0.0165,0.0298470358475649,0.010234862677284));
#5317=CARTESIAN_POINT('',(-0.0215,0.029842190708774,0.0105653704370852));
#5318=CARTESIAN_POINT('',(-0.0165,0.029842190708774,0.0105653704370852));
#5319=CARTESIAN_POINT('',(-0.0215,0.0298424414060886,0.0105816246879946));
#5320=CARTESIAN_POINT('',(-0.0165,0.0298424414060886,0.0105816246879946));
#5321=CARTESIAN_POINT('',(-0.0215,0.029845582581564,0.0106361366223922));
#5322=CARTESIAN_POINT('',(-0.0165,0.029845582581564,0.0106361366223922));
#5323=CARTESIAN_POINT('',(-0.0215,0.0298553675242469,0.0107155505219498));
#5324=CARTESIAN_POINT('',(-0.0165,0.0298553675242469,0.0107155505219498));
#5325=CARTESIAN_POINT('',(-0.0215,0.0298835738699919,0.0108701908537062));
#5326=CARTESIAN_POINT('',(-0.0165,0.0298835738699919,0.0108701908537062));
#5327=CARTESIAN_POINT('',(-0.0215,0.0299423950157232,0.0110935133854138));
#5328=CARTESIAN_POINT('',(-0.0165,0.0299423950157232,0.0110935133854138));
#5329=CARTESIAN_POINT('',(-0.0215,0.0300501731677865,0.0113923219617961));
#5330=CARTESIAN_POINT('',(-0.0165,0.0300501731677865,0.0113923219617961));
#5331=CARTESIAN_POINT('',(-0.0215,0.0301944522424057,0.0117109345931214));
#5332=CARTESIAN_POINT('',(-0.0165,0.0301944522424057,0.0117109345931214));
#5333=CARTESIAN_POINT('',(-0.0215,0.030434101153038,0.0121527356629508));
#5334=CARTESIAN_POINT('',(-0.0165,0.030434101153038,0.0121527356629508));
#5335=CARTESIAN_POINT('',(-0.0215,0.0306665664350006,0.0124947423129752));
#5336=CARTESIAN_POINT('',(-0.0165,0.0306665664350006,0.0124947423129752));
#5337=CARTESIAN_POINT('',(-0.0215,0.0308424285909375,0.0127221387380099));
#5338=CARTESIAN_POINT('',(-0.0165,0.0308424285909375,0.0127221387380099));
#5339=CARTESIAN_POINT('',(-0.0165,0.0298510757658448,0.00997068120513217));
#5340=CARTESIAN_POINT('',(-0.0215,0.03,5.79389810870388E-17));
#5341=CARTESIAN_POINT('',(-0.0215,0.029282690149854,0.00934751793680462));
#5342=CARTESIAN_POINT('',(-0.0215,0.0287581766497127,0.00929238934648574));
#5343=CARTESIAN_POINT('',(-0.019,0.0286766394404292,0.00990252080738376));
#5344=CARTESIAN_POINT('',(-0.019,0.0292355921118287,0.00996126910046092));
#5345=CARTESIAN_POINT('',(-0.0215,0.0322186910762462,0.00972183483519374));
#5346=CARTESIAN_POINT('',(-0.0165,0.0322186910762462,0.00972183483519374));
#5347=CARTESIAN_POINT('',(-0.0215,0.0322775691232243,0.00997940333605799));
#5348=CARTESIAN_POINT('',(-0.0165,0.0322775691232243,0.00997940333605799));
#5349=CARTESIAN_POINT('',(-0.0215,0.0323510248112766,0.0103016813473333));
#5350=CARTESIAN_POINT('',(-0.0165,0.0323510248112766,0.0103016813473333));
#5351=CARTESIAN_POINT('',(-0.0215,0.0323541590410893,0.0103176325267645));
#5352=CARTESIAN_POINT('',(-0.0165,0.0323541590410893,0.0103176325267645));
#5353=CARTESIAN_POINT('',(-0.0215,0.032362420176285,0.0103716063317112));
#5354=CARTESIAN_POINT('',(-0.0165,0.032362420176285,0.0103716063317112));
#5355=CARTESIAN_POINT('',(-0.0215,0.0323693601362078,0.0104513192510061));
#5356=CARTESIAN_POINT('',(-0.0165,0.0323693601362078,0.0104513192510061));
#5357=CARTESIAN_POINT('',(-0.0215,0.032373921699636,0.0106084447495259));
#5358=CARTESIAN_POINT('',(-0.0165,0.032373921699636,0.0106084447495259));
#5359=CARTESIAN_POINT('',(-0.0215,0.0323628173022315,0.0108391167519703));
#5360=CARTESIAN_POINT('',(-0.0165,0.0323628173022315,0.0108391167519703));
#5361=CARTESIAN_POINT('',(-0.0215,0.0323195201577257,0.011153803981866));
#5362=CARTESIAN_POINT('',(-0.0165,0.0323195201577257,0.011153803981866));
#5363=CARTESIAN_POINT('',(-0.0215,0.0322446372179456,0.0114954514691141));
#5364=CARTESIAN_POINT('',(-0.0165,0.0322446372179456,0.0114954514691141));
#5365=CARTESIAN_POINT('',(-0.0215,0.0321020808184255,0.0119774239357815));
#5366=CARTESIAN_POINT('',(-0.0165,0.0321020808184255,0.0119774239357815));
#5367=CARTESIAN_POINT('',(-0.0215,0.0319458026414975,0.0123602891697674));
#5368=CARTESIAN_POINT('',(-0.0165,0.0319458026414975,0.0123602891697674));
#5369=CARTESIAN_POINT('',(-0.0215,0.0318210618708227,0.012619280235522));
#5370=CARTESIAN_POINT('',(-0.0165,0.0318210618708227,0.012619280235522));
#5371=CARTESIAN_POINT('',(-0.0215,0.0322186910702939,0.00972183480915473));
#5372=CARTESIAN_POINT('',(-0.0215,0.0339193923553989,0.00916924349218857));
#5373=CARTESIAN_POINT('',(-0.0165,0.0339193923553989,0.00916924349218857));
#5374=CARTESIAN_POINT('',(-0.0215,0.0340231539810611,0.00941222843430093));
#5375=CARTESIAN_POINT('',(-0.0165,0.0340231539810611,0.00941222843430093));
#5376=CARTESIAN_POINT('',(-0.0215,0.034153157343259,0.00971613299247008));
#5377=CARTESIAN_POINT('',(-0.0165,0.034153157343259,0.00971613299247008));
#5378=CARTESIAN_POINT('',(-0.0215,0.0341599975661026,0.00973088002177151));
#5379=CARTESIAN_POINT('',(-0.0165,0.0341599975661026,0.00973088002177151));
#5380=CARTESIAN_POINT('',(-0.0215,0.0341850391738943,0.00977940152065962));
#5381=CARTESIAN_POINT('',(-0.0165,0.0341850391738943,0.00977940152065962));
#5382=CARTESIAN_POINT('',(-0.0215,0.0342262787067551,0.00984796983313458));
#5383=CARTESIAN_POINT('',(-0.0165,0.0342262787067551,0.00984796983313458));
#5384=CARTESIAN_POINT('',(-0.0215,0.0343149443752099,0.00997776825139722));
#5385=CARTESIAN_POINT('',(-0.0165,0.0343149443752099,0.00997776825139722));
#5386=CARTESIAN_POINT('',(-0.0215,0.034459513622576,0.0101578588204714));
#5387=CARTESIAN_POINT('',(-0.0165,0.034459513622576,0.0101578588204714));
#5388=CARTESIAN_POINT('',(-0.0215,0.0346795102611065,0.0103869967143629));
#5389=CARTESIAN_POINT('',(-0.0165,0.0346795102611065,0.0103869967143629));
#5390=CARTESIAN_POINT('',(-0.0215,0.0349409071864646,0.010619380249981));
#5391=CARTESIAN_POINT('',(-0.0165,0.0349409071864646,0.010619380249981));
#5392=CARTESIAN_POINT('',(-0.0215,0.0353395340442514,0.0109255116170779));
#5393=CARTESIAN_POINT('',(-0.0165,0.0353395340442514,0.0109255116170779));
#5394=CARTESIAN_POINT('',(-0.0215,0.0356910082833885,0.0111433980902745));
#5395=CARTESIAN_POINT('',(-0.0165,0.0356910082833885,0.0111433980902745));
#5396=CARTESIAN_POINT('',(-0.0215,0.035944156815682,0.0112796054784989));
#5397=CARTESIAN_POINT('',(-0.0165,0.035944156815682,0.0112796054784989));
#5398=CARTESIAN_POINT('',(-0.0165,0.033919392344909,0.00916924346762388));
#5399=CARTESIAN_POINT('',(-0.0215,0.03,5.71055409416401E-17));
#5400=CARTESIAN_POINT('',(-0.0215,0.0331466829113835,0.0088311387518942));
#5401=CARTESIAN_POINT('',(-0.0215,0.0326450931680934,0.00899411513891756));
#5402=CARTESIAN_POINT('',(-0.019,0.0328187680431642,0.00958466213437552));
#5403=CARTESIAN_POINT('',(-0.019,0.0333532918006711,0.00941098483745711));
#5404=CARTESIAN_POINT('',(-0.0215,0.0387093253570917,0.00485636844554862));
#5405=CARTESIAN_POINT('',(-0.0165,0.0387093253570917,0.00485636844554862));
#5406=CARTESIAN_POINT('',(-0.0215,0.0389401331589906,0.00498496049676487));
#5407=CARTESIAN_POINT('',(-0.0165,0.0389401331589906,0.00498496049676487));
#5408=CARTESIAN_POINT('',(-0.0215,0.0392287838445219,0.00514601836338767));
#5409=CARTESIAN_POINT('',(-0.0165,0.0392287838445219,0.00514601836338767));
#5410=CARTESIAN_POINT('',(-0.0215,0.0392427350900716,0.00515436259908542));
#5411=CARTESIAN_POINT('',(-0.0165,0.0392427350900716,0.00515436259908542));
#5412=CARTESIAN_POINT('',(-0.0215,0.0392883732223317,0.00518433890404375));
#5413=CARTESIAN_POINT('',(-0.0165,0.0392883732223317,0.00518433890404375));
#5414=CARTESIAN_POINT('',(-0.0215,0.0393522552054207,0.00523251986276046));
#5415=CARTESIAN_POINT('',(-0.0165,0.0393522552054207,0.00523251986276046));
#5416=CARTESIAN_POINT('',(-0.0215,0.0394720744882989,0.00533426744060175));
#5417=CARTESIAN_POINT('',(-0.0165,0.0394720744882989,0.00533426744060175));
#5418=CARTESIAN_POINT('',(-0.0215,0.0396360669011294,0.0054968693129386));
#5419=CARTESIAN_POINT('',(-0.0165,0.0396360669011294,0.0054968693129386));
#5420=CARTESIAN_POINT('',(-0.0215,0.0398409536431135,0.00573961221878948));
#5421=CARTESIAN_POINT('',(-0.0165,0.0398409536431135,0.00573961221878948));
#5422=CARTESIAN_POINT('',(-0.0215,0.0400447407384982,0.00602386787830691));
#5423=CARTESIAN_POINT('',(-0.0165,0.0400447407384982,0.00602386787830691));
#5424=CARTESIAN_POINT('',(-0.0215,0.0403075272330736,0.00645231045781838));
#5425=CARTESIAN_POINT('',(-0.0165,0.0403075272330736,0.00645231045781838));
#5426=CARTESIAN_POINT('',(-0.0215,0.0404874810392767,0.00682463462250829));
#5427=CARTESIAN_POINT('',(-0.0165,0.0404874810392767,0.00682463462250829));
#5428=CARTESIAN_POINT('',(-0.0215,0.0405964810421179,0.00709063392963114));
#5429=CARTESIAN_POINT('',(-0.0165,0.0405964810421179,0.00709063392963114));
#5430=CARTESIAN_POINT('',(-0.0215,0.0387093253337581,0.00485636843254854));
#5431=CARTESIAN_POINT('',(-0.0215,0.0394366612380885,0.00322274530984984));
#5432=CARTESIAN_POINT('',(-0.0165,0.0394366612380885,0.00322274530984984));
#5433=CARTESIAN_POINT('',(-0.0215,0.0396866643199843,0.00330822405630758));
#5434=CARTESIAN_POINT('',(-0.0165,0.0396866643199843,0.00330822405630758));
#5435=CARTESIAN_POINT('',(-0.0215,0.0399994986484029,0.00341496457167846));
#5436=CARTESIAN_POINT('',(-0.0165,0.0399994986484029,0.00341496457167846));
#5437=CARTESIAN_POINT('',(-0.0215,0.0400150348293784,0.00341974898412561));
#5438=CARTESIAN_POINT('',(-0.0165,0.0400150348293784,0.00341974898412561));
#5439=CARTESIAN_POINT('',(-0.0215,0.0400678494364074,0.003433606662846));
#5440=CARTESIAN_POINT('',(-0.0165,0.0400678494364074,0.003433606662846));
#5441=CARTESIAN_POINT('',(-0.0215,0.040146400256644,0.00344884087389874));
#5442=CARTESIAN_POINT('',(-0.0165,0.040146400256644,0.00344884087389874));
#5443=CARTESIAN_POINT('',(-0.0215,0.0403021881920274,0.00346980153550559));
#5444=CARTESIAN_POINT('',(-0.0165,0.0403021881920274,0.00346980153550559));
#5445=CARTESIAN_POINT('',(-0.0215,0.040532757274703,0.00348286975908637));
#5446=CARTESIAN_POINT('',(-0.0165,0.040532757274703,0.00348286975908637));
#5447=CARTESIAN_POINT('',(-0.0215,0.0408502463990062,0.00347270357341943));
#5448=CARTESIAN_POINT('',(-0.0165,0.0408502463990062,0.00347270357341943));
#5449=CARTESIAN_POINT('',(-0.0215,0.0411978497041921,0.0034339427370398));
#5450=CARTESIAN_POINT('',(-0.0165,0.0411978497041921,0.0034339427370398));
#5451=CARTESIAN_POINT('',(-0.0215,0.0416920830766283,0.00334254711767035));
#5452=CARTESIAN_POINT('',(-0.0165,0.0416920830766283,0.00334254711767035));
#5453=CARTESIAN_POINT('',(-0.0215,0.0420891864524794,0.00322714536349416));
#5454=CARTESIAN_POINT('',(-0.0165,0.0420891864524794,0.00322714536349416));
#5455=CARTESIAN_POINT('',(-0.0215,0.0423597976991423,0.00313015987391649));
#5456=CARTESIAN_POINT('',(-0.0165,0.0423597976991423,0.00313015987391649));
#5457=CARTESIAN_POINT('',(-0.0165,0.0394366612128143,0.00322274530120832));
#5458=CARTESIAN_POINT('',(-0.0215,0.03,4.17088161521005E-17));
#5459=CARTESIAN_POINT('',(-0.0215,0.0386683569110562,0.00357074410488136));
#5460=CARTESIAN_POINT('',(-0.0215,0.0384538429206765,0.00405255041579106));
#5461=CARTESIAN_POINT('',(-0.019,0.0390089160390177,0.00431863790022094));
#5462=CARTESIAN_POINT('',(-0.019,0.0392375148604837,0.00380519654073718));
#5463=CARTESIAN_POINT('',(-0.0215,0.035981101620021,0.00797891509326823));
#5464=CARTESIAN_POINT('',(-0.0165,0.035981101620021,0.00797891509326823));
#5465=CARTESIAN_POINT('',(-0.0215,0.0361396519397963,0.00819026776808585));
#5466=CARTESIAN_POINT('',(-0.0165,0.0361396519397963,0.00819026776808585));
#5467=CARTESIAN_POINT('',(-0.0215,0.0363378393263977,0.00845480626141123));
#5468=CARTESIAN_POINT('',(-0.0165,0.0363378393263977,0.00845480626141123));
#5469=CARTESIAN_POINT('',(-0.0215,0.0363471905169813,0.00846810358281201));
#5470=CARTESIAN_POINT('',(-0.0165,0.0363471905169813,0.00846810358281201));
#5471=CARTESIAN_POINT('',(-0.0215,0.0363766905637523,0.00851405100075533));
#5472=CARTESIAN_POINT('',(-0.0165,0.0363766905637523,0.00851405100075533));
#5473=CARTESIAN_POINT('',(-0.0215,0.0364154526978197,0.00858404964009048));
#5474=CARTESIAN_POINT('',(-0.0165,0.0364154526978197,0.00858404964009048));
#5475=CARTESIAN_POINT('',(-0.0215,0.0364835285911789,0.00872573557054716));
#5476=CARTESIAN_POINT('',(-0.0165,0.0364835285911789,0.00872573557054716));
#5477=CARTESIAN_POINT('',(-0.0215,0.036567206975296,0.00894098149590928));
#5478=CARTESIAN_POINT('',(-0.0165,0.036567206975296,0.00894098149590928));
#5479=CARTESIAN_POINT('',(-0.0215,0.0366556478931105,0.00924607312056965));
#5480=CARTESIAN_POINT('',(-0.0165,0.0366556478931105,0.00924607312056965));
#5481=CARTESIAN_POINT('',(-0.0215,0.0367261994756979,0.00958864126620995));
#5482=CARTESIAN_POINT('',(-0.0165,0.0367261994756979,0.00958864126620995));
#5483=CARTESIAN_POINT('',(-0.0215,0.0367920035876058,0.0100869279352326));
#5484=CARTESIAN_POINT('',(-0.0165,0.0367920035876058,0.0100869279352326));
#5485=CARTESIAN_POINT('',(-0.0215,0.0368049616889663,0.0105002567916993));
#5486=CARTESIAN_POINT('',(-0.0165,0.0368049616889663,0.0105002567916993));
#5487=CARTESIAN_POINT('',(-0.0215,0.0367963464812052,0.0107875935457084));
#5488=CARTESIAN_POINT('',(-0.0165,0.0367963464812052,0.0107875935457084));
#5489=CARTESIAN_POINT('',(-0.0215,0.0359811016039923,0.00797891507190143));
#5490=CARTESIAN_POINT('',(-0.0215,0.0373100104005512,0.00678236025277596));
#5491=CARTESIAN_POINT('',(-0.0165,0.0373100104005512,0.00678236025277596));
#5492=CARTESIAN_POINT('',(-0.0215,0.0375036322420252,0.00696213438761633));
#5493=CARTESIAN_POINT('',(-0.0165,0.0375036322420252,0.00696213438761633));
#5494=CARTESIAN_POINT('',(-0.0215,0.0377460053428446,0.00718688788515968));
#5495=CARTESIAN_POINT('',(-0.0165,0.0377460053428446,0.00718688788515968));
#5496=CARTESIAN_POINT('',(-0.0215,0.037758252354546,0.00719757779751445));
#5497=CARTESIAN_POINT('',(-0.0165,0.037758252354546,0.00719757779751445));
#5498=CARTESIAN_POINT('',(-0.0215,0.0378008644731709,0.00723171905293127));
#5499=CARTESIAN_POINT('',(-0.0165,0.0378008644731709,0.00723171905293127));
#5500=CARTESIAN_POINT('',(-0.0215,0.0378664279063287,0.00727758569417315));
#5501=CARTESIAN_POINT('',(-0.0165,0.0378664279063287,0.00727758569417315));
#5502=CARTESIAN_POINT('',(-0.0215,0.0380002217979151,0.00736009887324282));
#5503=CARTESIAN_POINT('',(-0.0165,0.0380002217979151,0.00736009887324282));
#5504=CARTESIAN_POINT('',(-0.0215,0.038205541810676,0.00746581818421907));
#5505=CARTESIAN_POINT('',(-0.0165,0.038205541810676,0.00746581818421907));
#5506=CARTESIAN_POINT('',(-0.0215,0.0384997175182651,0.0075856653721136));
#5507=CARTESIAN_POINT('',(-0.0165,0.0384997175182651,0.0075856653721136));
#5508=CARTESIAN_POINT('',(-0.0215,0.0388330343912511,0.00769163858757794));
#5509=CARTESIAN_POINT('',(-0.0165,0.0388330343912511,0.00769163858757794));
#5510=CARTESIAN_POINT('',(-0.0215,0.0393217129910698,0.00780916735745531));
#5511=CARTESIAN_POINT('',(-0.0165,0.0393217129910698,0.00780916735745531));
#5512=CARTESIAN_POINT('',(-0.0215,0.0397314230983917,0.00786525910317125));
#5513=CARTESIAN_POINT('',(-0.0165,0.0397314230983917,0.00786525910317125));
#5514=CARTESIAN_POINT('',(-0.0215,0.0400180863260256,0.0078867259597567));
#5515=CARTESIAN_POINT('',(-0.0165,0.0400180863260256,0.0078867259597567));
#5516=CARTESIAN_POINT('',(-0.0165,0.0373100103809769,0.0067823602346016));
#5517=CARTESIAN_POINT('',(-0.0215,0.03,5.13645989552374E-17));
#5518=CARTESIAN_POINT('',(-0.0215,0.036466585610818,0.00678777544840437));
#5519=CARTESIAN_POINT('',(-0.0215,0.0360746490477938,0.00714067671485964));
#5520=CARTESIAN_POINT('',(-0.019,0.0364735060435325,0.00760952830441183));
#5521=CARTESIAN_POINT('',(-0.019,0.0368911768734779,0.00723345579994376));
#5522=CARTESIAN_POINT('',(-0.0215,0.0200995060245802,0.00119032839892036));
#5523=CARTESIAN_POINT('',(-0.0165,0.0200995060245802,0.00119032839892036));
#5524=CARTESIAN_POINT('',(-0.0215,0.0198371940791427,0.00122196066621511));
#5525=CARTESIAN_POINT('',(-0.0165,0.0198371940791427,0.00122196066621511));
#5526=CARTESIAN_POINT('',(-0.0215,0.0195090033303433,0.00126132673105887));
#5527=CARTESIAN_POINT('',(-0.0165,0.0195090033303433,0.00126132673105887));
#5528=CARTESIAN_POINT('',(-0.0215,0.0194928119169161,0.00126277643895953));
#5529=CARTESIAN_POINT('',(-0.0165,0.0194928119169161,0.00126277643895953));
#5530=CARTESIAN_POINT('',(-0.0215,0.0194382702623535,0.00126535051990433));
#5531=CARTESIAN_POINT('',(-0.0165,0.0194382702623535,0.00126535051990433));
#5532=CARTESIAN_POINT('',(-0.0215,0.0193582685954251,0.00126392019304413));
#5533=CARTESIAN_POINT('',(-0.0165,0.0193582685954251,0.00126392019304413));
#5534=CARTESIAN_POINT('',(-0.0215,0.0192015270336112,0.0012520326808501));
#5535=CARTESIAN_POINT('',(-0.0165,0.0192015270336112,0.0012520326808501));
#5536=CARTESIAN_POINT('',(-0.0215,0.018973279402128,0.0012168773245621));
#5537=CARTESIAN_POINT('',(-0.0165,0.018973279402128,0.0012168773245621));
#5538=CARTESIAN_POINT('',(-0.0215,0.018664841845783,0.00114092359379326));
#5539=CARTESIAN_POINT('',(-0.0165,0.018664841845783,0.00114092359379326));
#5540=CARTESIAN_POINT('',(-0.0215,0.0183328933378375,0.00103073898377104));
#5541=CARTESIAN_POINT('',(-0.0165,0.0183328933378375,0.00103073898377104));
#5542=CARTESIAN_POINT('',(-0.0215,0.0178684623681429,0.000838583681845453));
#5543=CARTESIAN_POINT('',(-0.0165,0.0178684623681429,0.000838583681845453));
#5544=CARTESIAN_POINT('',(-0.0215,0.0175040300276452,0.00064314129857496));
#5545=CARTESIAN_POINT('',(-0.0165,0.0175040300276452,0.00064314129857496));
#5546=CARTESIAN_POINT('',(-0.0215,0.0172594967031129,0.000492011932790523));
#5547=CARTESIAN_POINT('',(-0.0165,0.0172594967031129,0.000492011932790523));
#5548=CARTESIAN_POINT('',(-0.0215,0.0200995060510987,0.00119032839572248));
#5549=CARTESIAN_POINT('',(-0.0215,0.0204712985232026,0.00293947458241782));
#5550=CARTESIAN_POINT('',(-0.0165,0.0204712985232026,0.00293947458241782));
#5551=CARTESIAN_POINT('',(-0.0215,0.0202187986347505,0.00301726894844169));
#5552=CARTESIAN_POINT('',(-0.0165,0.0202187986347505,0.00301726894844169));
#5553=CARTESIAN_POINT('',(-0.0215,0.0199029698458788,0.00311479346217359));
#5554=CARTESIAN_POINT('',(-0.0165,0.0199029698458788,0.00311479346217359));
#5555=CARTESIAN_POINT('',(-0.0215,0.0198875886043647,0.00312005472925006));
#5556=CARTESIAN_POINT('',(-0.0165,0.0198875886043647,0.00312005472925006));
#5557=CARTESIAN_POINT('',(-0.0215,0.0198367153505442,0.00313988727877995));
#5558=CARTESIAN_POINT('',(-0.0165,0.0198367153505442,0.00313988727877995));
#5559=CARTESIAN_POINT('',(-0.0215,0.0197642119574636,0.00317373355683293));
#5560=CARTESIAN_POINT('',(-0.0165,0.0197642119574636,0.00317373355683293));
#5561=CARTESIAN_POINT('',(-0.0215,0.019625856502449,0.0032483458762831));
#5562=CARTESIAN_POINT('',(-0.0165,0.019625856502449,0.0032483458762831));
#5563=CARTESIAN_POINT('',(-0.0215,0.0194316408870925,0.0033732985677513));
#5564=CARTESIAN_POINT('',(-0.0165,0.0194316408870925,0.0033732985677513));
#5565=CARTESIAN_POINT('',(-0.0215,0.0191807623240092,0.00356813860975245));
#5566=CARTESIAN_POINT('',(-0.0165,0.0191807623240092,0.00356813860975245));
#5567=CARTESIAN_POINT('',(-0.0215,0.0189223283908034,0.00380381288153616));
#5568=CARTESIAN_POINT('',(-0.0165,0.0189223283908034,0.00380381288153616));
#5569=CARTESIAN_POINT('',(-0.0215,0.0185762061905046,0.00416825657832627));
#5570=CARTESIAN_POINT('',(-0.0165,0.0185762061905046,0.00416825657832627));
#5571=CARTESIAN_POINT('',(-0.0215,0.0183227742601112,0.00449503006659615));
#5572=CARTESIAN_POINT('',(-0.0165,0.0183227742601112,0.00449503006659615));
#5573=CARTESIAN_POINT('',(-0.0215,0.0181608518031517,0.00473255427576536));
#5574=CARTESIAN_POINT('',(-0.0165,0.0181608518031517,0.00473255427576536));
#5575=CARTESIAN_POINT('',(-0.0165,0.0204712985487292,0.00293947457455317));
#5576=CARTESIAN_POINT('',(-0.0215,0.03,3.37944311195692E-17));
#5577=CARTESIAN_POINT('',(-0.0215,0.0208883212210885,0.00220633969051323));
#5578=CARTESIAN_POINT('',(-0.0215,0.0207786680408227,0.0016904620370346));
#5579=CARTESIAN_POINT('',(-0.019,0.0201732021557964,0.00180145653304531));
#5580=CARTESIAN_POINT('',(-0.019,0.020290055083358,0.0023512063344318));
#5581=CARTESIAN_POINT('',(-0.0215,0.0204712985232026,-0.00293947458241776));
#5582=CARTESIAN_POINT('',(-0.0165,0.0204712985232026,-0.00293947458241776));
#5583=CARTESIAN_POINT('',(-0.0215,0.0202187986347505,-0.00301726894844163));
#5584=CARTESIAN_POINT('',(-0.0165,0.0202187986347505,-0.00301726894844163));
#5585=CARTESIAN_POINT('',(-0.0215,0.0199029698458788,-0.00311479346217353));
#5586=CARTESIAN_POINT('',(-0.0165,0.0199029698458788,-0.00311479346217353));
#5587=CARTESIAN_POINT('',(-0.0215,0.0198875886043647,-0.00312005472925));
#5588=CARTESIAN_POINT('',(-0.0165,0.0198875886043647,-0.00312005472925));
#5589=CARTESIAN_POINT('',(-0.0215,0.0198367153505442,-0.00313988727877989));
#5590=CARTESIAN_POINT('',(-0.0165,0.0198367153505442,-0.00313988727877989));
#5591=CARTESIAN_POINT('',(-0.0215,0.0197642119574636,-0.00317373355683287));
#5592=CARTESIAN_POINT('',(-0.0165,0.0197642119574636,-0.00317373355683287));
#5593=CARTESIAN_POINT('',(-0.0215,0.019625856502449,-0.00324834587628304));
#5594=CARTESIAN_POINT('',(-0.0165,0.019625856502449,-0.00324834587628304));
#5595=CARTESIAN_POINT('',(-0.0215,0.0194316408870925,-0.00337329856775124));
#5596=CARTESIAN_POINT('',(-0.0165,0.0194316408870925,-0.00337329856775124));
#5597=CARTESIAN_POINT('',(-0.0215,0.0191807623240092,-0.00356813860975239));
#5598=CARTESIAN_POINT('',(-0.0165,0.0191807623240092,-0.00356813860975239));
#5599=CARTESIAN_POINT('',(-0.0215,0.0189223283908034,-0.0038038128815361));
#5600=CARTESIAN_POINT('',(-0.0165,0.0189223283908034,-0.0038038128815361));
#5601=CARTESIAN_POINT('',(-0.0215,0.0185762061905046,-0.00416825657832622));
#5602=CARTESIAN_POINT('',(-0.0165,0.0185762061905046,-0.00416825657832622));
#5603=CARTESIAN_POINT('',(-0.0215,0.0183227742601112,-0.0044950300665961));
#5604=CARTESIAN_POINT('',(-0.0165,0.0183227742601112,-0.0044950300665961));
#5605=CARTESIAN_POINT('',(-0.0215,0.0181608518031517,-0.0047325542757653));
#5606=CARTESIAN_POINT('',(-0.0165,0.0181608518031517,-0.0047325542757653));
#5607=CARTESIAN_POINT('',(-0.0215,0.0204712985487292,-0.0029394745745531));
#5608=CARTESIAN_POINT('',(-0.0215,0.0200995060245802,-0.0011903283989203));
#5609=CARTESIAN_POINT('',(-0.0165,0.0200995060245802,-0.0011903283989203));
#5610=CARTESIAN_POINT('',(-0.0215,0.0198371940791427,-0.00122196066621505));
#5611=CARTESIAN_POINT('',(-0.0165,0.0198371940791427,-0.00122196066621505));
#5612=CARTESIAN_POINT('',(-0.0215,0.0195090033303434,-0.00126132673105882));
#5613=CARTESIAN_POINT('',(-0.0165,0.0195090033303434,-0.00126132673105882));
#5614=CARTESIAN_POINT('',(-0.0215,0.0194928119169161,-0.00126277643895947));
#5615=CARTESIAN_POINT('',(-0.0165,0.0194928119169161,-0.00126277643895947));
#5616=CARTESIAN_POINT('',(-0.0215,0.0194382702623535,-0.00126535051990427));
#5617=CARTESIAN_POINT('',(-0.0165,0.0194382702623535,-0.00126535051990427));
#5618=CARTESIAN_POINT('',(-0.0215,0.0193582685954251,-0.00126392019304407));
#5619=CARTESIAN_POINT('',(-0.0165,0.0193582685954251,-0.00126392019304407));
#5620=CARTESIAN_POINT('',(-0.0215,0.0192015270336113,-0.00125203268085004));
#5621=CARTESIAN_POINT('',(-0.0165,0.0192015270336113,-0.00125203268085004));
#5622=CARTESIAN_POINT('',(-0.0215,0.018973279402128,-0.00121687732456204));
#5623=CARTESIAN_POINT('',(-0.0165,0.018973279402128,-0.00121687732456204));
#5624=CARTESIAN_POINT('',(-0.0215,0.018664841845783,-0.0011409235937932));
#5625=CARTESIAN_POINT('',(-0.0165,0.018664841845783,-0.0011409235937932));
#5626=CARTESIAN_POINT('',(-0.0215,0.0183328933378375,-0.00103073898377098));
#5627=CARTESIAN_POINT('',(-0.0165,0.0183328933378375,-0.00103073898377098));
#5628=CARTESIAN_POINT('',(-0.0215,0.0178684623681429,-0.000838583681845393));
#5629=CARTESIAN_POINT('',(-0.0165,0.0178684623681429,-0.000838583681845393));
#5630=CARTESIAN_POINT('',(-0.0215,0.0175040300276452,-0.000643141298574901));
#5631=CARTESIAN_POINT('',(-0.0165,0.0175040300276452,-0.000643141298574901));
#5632=CARTESIAN_POINT('',(-0.0215,0.0172594967031129,-0.000492011932790463));
#5633=CARTESIAN_POINT('',(-0.0165,0.0172594967031129,-0.000492011932790463));
#5634=CARTESIAN_POINT('',(-0.0165,0.0200995060510987,-0.00119032839572242));
#5635=CARTESIAN_POINT('',(-0.0215,0.03,2.15316752258548E-17));
#5636=CARTESIAN_POINT('',(-0.0215,0.0207786680408227,-0.00169046203703454));
#5637=CARTESIAN_POINT('',(-0.0215,0.0208883212210885,-0.00220633969051316));
#5638=CARTESIAN_POINT('',(-0.019,0.020290055083358,-0.00235120633443174));
#5639=CARTESIAN_POINT('',(-0.019,0.0201732021557964,-0.00180145653304525));
#5640=CARTESIAN_POINT('',(-0.0215,0.0258085095285641,-0.0090480976057104));
#5641=CARTESIAN_POINT('',(-0.0165,0.0258085095285641,-0.0090480976057104));
#5642=CARTESIAN_POINT('',(-0.0215,0.0256973666056605,-0.0092877961825561));
#5643=CARTESIAN_POINT('',(-0.0165,0.0256973666056605,-0.0092877961825561));
#5644=CARTESIAN_POINT('',(-0.0215,0.0255585107343943,-0.00958775934975113));
#5645=CARTESIAN_POINT('',(-0.0165,0.0255585107343943,-0.00958775934975113));
#5646=CARTESIAN_POINT('',(-0.0215,0.0255521285583368,-0.00960271031462088));
#5647=CARTESIAN_POINT('',(-0.0165,0.0255521285583368,-0.00960271031462088));
#5648=CARTESIAN_POINT('',(-0.0215,0.0255328261637195,-0.00965378707584539));
#5649=CARTESIAN_POINT('',(-0.0165,0.0255328261637195,-0.00965378707584539));
#5650=CARTESIAN_POINT('',(-0.0215,0.0255094646107412,-0.00973031517779939));
#5651=CARTESIAN_POINT('',(-0.0165,0.0255094646107412,-0.00973031517779939));
#5652=CARTESIAN_POINT('',(-0.0215,0.0254723345003505,-0.00988305870482555));
#5653=CARTESIAN_POINT('',(-0.0165,0.0254723345003505,-0.00988305870482555));
#5654=CARTESIAN_POINT('',(-0.0215,0.0254352368339767,-0.0101109987046129));
#5655=CARTESIAN_POINT('',(-0.0165,0.0254352368339767,-0.0101109987046129));
#5656=CARTESIAN_POINT('',(-0.0215,0.0254121606779472,-0.0104278112460387));
#5657=CARTESIAN_POINT('',(-0.0165,0.0254121606779472,-0.0104278112460387));
#5658=CARTESIAN_POINT('',(-0.0215,0.0254143747390918,-0.0107775619546102));
#5659=CARTESIAN_POINT('',(-0.0165,0.0254143747390918,-0.0107775619546102));
#5660=CARTESIAN_POINT('',(-0.0215,0.0254536082287791,-0.0112786413085619));
#5661=CARTESIAN_POINT('',(-0.0165,0.0254536082287791,-0.0112786413085619));
#5662=CARTESIAN_POINT('',(-0.0215,0.0255268691944351,-0.0116856320785926));
#5663=CARTESIAN_POINT('',(-0.0165,0.0255268691944351,-0.0116856320785926));
#5664=CARTESIAN_POINT('',(-0.0215,0.0255950368095964,-0.0119648986327168));
#5665=CARTESIAN_POINT('',(-0.0165,0.0255950368095964,-0.0119648986327168));
#5666=CARTESIAN_POINT('',(-0.0215,0.0258085095398002,-0.00904809758147796));
#5667=CARTESIAN_POINT('',(-0.0215,0.0242598628532515,-0.00815398603083906));
#5668=CARTESIAN_POINT('',(-0.0165,0.0242598628532515,-0.00815398603083906));
#5669=CARTESIAN_POINT('',(-0.0215,0.024107849257904,-0.00837008791394729));
#5670=CARTESIAN_POINT('',(-0.0165,0.024107849257904,-0.00837008791394729));
#5671=CARTESIAN_POINT('',(-0.0215,0.0239175014705466,-0.00864032220952595));
#5672=CARTESIAN_POINT('',(-0.0165,0.0239175014705466,-0.00864032220952595));
#5673=CARTESIAN_POINT('',(-0.0215,0.0239077446431871,-0.00865332481855812));
#5674=CARTESIAN_POINT('',(-0.0165,0.0239077446431871,-0.00865332481855812));
#5675=CARTESIAN_POINT('',(-0.0215,0.0238731620677322,-0.00869557956326276));
#5676=CARTESIAN_POINT('',(-0.0165,0.0238731620677322,-0.00869557956326276));
#5677=CARTESIAN_POINT('',(-0.0215,0.0238185675638258,-0.00875407531259087));
#5678=CARTESIAN_POINT('',(-0.0165,0.0238185675638258,-0.00875407531259087));
#5679=CARTESIAN_POINT('',(-0.0215,0.0237048528443529,-0.00886260269494761));
#5680=CARTESIAN_POINT('',(-0.0165,0.0237048528443529,-0.00886260269494761));
#5681=CARTESIAN_POINT('',(-0.0215,0.0235259998471853,-0.0090087002163421));
#5682=CARTESIAN_POINT('',(-0.0165,0.0235259998471853,-0.0090087002163421));
#5683=CARTESIAN_POINT('',(-0.0215,0.0232631702160878,-0.00918709102439819));
#5684=CARTESIAN_POINT('',(-0.0165,0.0232631702160878,-0.00918709102439819));
#5685=CARTESIAN_POINT('',(-0.0215,0.022959170186901,-0.0093600489454873));
#5686=CARTESIAN_POINT('',(-0.0165,0.022959170186901,-0.0093600489454873));
#5687=CARTESIAN_POINT('',(-0.0215,0.0225056059922233,-0.00957661142371479));
#5688=CARTESIAN_POINT('',(-0.0165,0.0225056059922233,-0.00957661142371479));
#5689=CARTESIAN_POINT('',(-0.0215,0.0221165111634429,-0.00971666095136624));
#5690=CARTESIAN_POINT('',(-0.0165,0.0221165111634429,-0.00971666095136624));
#5691=CARTESIAN_POINT('',(-0.0215,0.0218405754255633,-0.00979725934198322));
#5692=CARTESIAN_POINT('',(-0.0165,0.0218405754255633,-0.00979725934198322));
#5693=CARTESIAN_POINT('',(-0.0165,0.0242598628686195,-0.00815398600899214));
#5694=CARTESIAN_POINT('',(-0.0215,0.03,2.64211366166465E-18));
#5695=CARTESIAN_POINT('',(-0.0215,0.0250859826702076,-0.00798392501733948));
#5696=CARTESIAN_POINT('',(-0.0215,0.0255427267779701,-0.00824762635090694));
#5697=CARTESIAN_POINT('',(-0.019,0.0252500654912788,-0.00878915944070617));
#5698=CARTESIAN_POINT('',(-0.019,0.0247633319007972,-0.00850814367121798));
#5699=CARTESIAN_POINT('',(-0.0215,0.0224906900726987,-0.00656101570416761));
#5700=CARTESIAN_POINT('',(-0.0165,0.0224906900726987,-0.00656101570416761));
#5701=CARTESIAN_POINT('',(-0.0215,0.0222916617658347,-0.00673478535088495));
#5702=CARTESIAN_POINT('',(-0.0165,0.0222916617658347,-0.00673478535088495));
#5703=CARTESIAN_POINT('',(-0.0215,0.0220428046037012,-0.00695233756878586));
#5704=CARTESIAN_POINT('',(-0.0165,0.0220428046037012,-0.00695233756878586));
#5705=CARTESIAN_POINT('',(-0.0215,0.022030893090492,-0.00696340008996482));
#5706=CARTESIAN_POINT('',(-0.0165,0.022030893090492,-0.00696340008996482));
#5707=CARTESIAN_POINT('',(-0.0215,0.0219924846851682,-0.00700221004198265));
#5708=CARTESIAN_POINT('',(-0.0165,0.0219924846851682,-0.00700221004198265));
#5709=CARTESIAN_POINT('',(-0.0215,0.0219400160612716,-0.00706261994226927));
#5710=CARTESIAN_POINT('',(-0.0165,0.0219400160612716,-0.00706261994226927));
#5711=CARTESIAN_POINT('',(-0.0215,0.0218439696281483,-0.00718705592111098));
#5712=CARTESIAN_POINT('',(-0.0165,0.0218439696281483,-0.00718705592111098));
#5713=CARTESIAN_POINT('',(-0.0215,0.0217173676732072,-0.00738020049224498));
#5714=CARTESIAN_POINT('',(-0.0165,0.0217173676732072,-0.00738020049224498));
#5715=CARTESIAN_POINT('',(-0.0215,0.0215674272861027,-0.00766023723215022));
#5716=CARTESIAN_POINT('',(-0.0165,0.0215674272861027,-0.00766023723215022));
#5717=CARTESIAN_POINT('',(-0.0215,0.0214271935024865,-0.00798065094307048));
#5718=CARTESIAN_POINT('',(-0.0165,0.0214271935024865,-0.00798065094307048));
#5719=CARTESIAN_POINT('',(-0.0215,0.0212592277444369,-0.00845436740868303));
#5720=CARTESIAN_POINT('',(-0.0165,0.0212592277444369,-0.00845436740868303));
#5721=CARTESIAN_POINT('',(-0.0215,0.0211606169072693,-0.00885596989718652));
#5722=CARTESIAN_POINT('',(-0.0165,0.0211606169072693,-0.00885596989718652));
#5723=CARTESIAN_POINT('',(-0.0215,0.0211093031817105,-0.00913881885613543));
#5724=CARTESIAN_POINT('',(-0.0165,0.0211093031817105,-0.00913881885613543));
#5725=CARTESIAN_POINT('',(-0.0215,0.0224906900928196,-0.00656101568660028));
#5726=CARTESIAN_POINT('',(-0.0215,0.0214395988774719,-0.00511431278629107));
#5727=CARTESIAN_POINT('',(-0.0165,0.0214395988774719,-0.00511431278629107));
#5728=CARTESIAN_POINT('',(-0.0215,0.0212128309934445,-0.00524990218051906));
#5729=CARTESIAN_POINT('',(-0.0165,0.0212128309934445,-0.00524990218051906));
#5730=CARTESIAN_POINT('',(-0.0215,0.0209290254467042,-0.00541935207369753));
#5731=CARTESIAN_POINT('',(-0.0165,0.0209290254467042,-0.00541935207369753));
#5732=CARTESIAN_POINT('',(-0.0215,0.0209148235038399,-0.0054272620889091));
#5733=CARTESIAN_POINT('',(-0.0165,0.0209148235038399,-0.0054272620889091));
#5734=CARTESIAN_POINT('',(-0.0215,0.0208660441961044,-0.00545179771834844));
#5735=CARTESIAN_POINT('',(-0.0165,0.0208660441961044,-0.00545179771834844));
#5736=CARTESIAN_POINT('',(-0.0215,0.0207923772703325,-0.00548303065918928));
#5737=CARTESIAN_POINT('',(-0.0165,0.0207923772703325,-0.00548303065918928));
#5738=CARTESIAN_POINT('',(-0.0215,0.0206443516417093,-0.00553592341310438));
#5739=CARTESIAN_POINT('',(-0.0165,0.0206443516417093,-0.00553592341310438));
#5740=CARTESIAN_POINT('',(-0.0215,0.0204215380831473,-0.00559664407247517));
#5741=CARTESIAN_POINT('',(-0.0165,0.0204215380831473,-0.00559664407247517));
#5742=CARTESIAN_POINT('',(-0.0215,0.0201088731891001,-0.00565270974300655));
#5743=CARTESIAN_POINT('',(-0.0165,0.0201088731891001,-0.00565270974300655));
#5744=CARTESIAN_POINT('',(-0.0215,0.0197608070190961,-0.00568706671481442));
#5745=CARTESIAN_POINT('',(-0.0165,0.0197608070190961,-0.00568706671481442));
#5746=CARTESIAN_POINT('',(-0.0215,0.0192583716138886,-0.00570042520513239));
#5747=CARTESIAN_POINT('',(-0.0165,0.0192583716138886,-0.00570042520513239));
#5748=CARTESIAN_POINT('',(-0.0215,0.0188459525257223,-0.00567010769046707));
#5749=CARTESIAN_POINT('',(-0.0165,0.0188459525257223,-0.00567010769046707));
#5750=CARTESIAN_POINT('',(-0.0215,0.0185610903669447,-0.00563150480837872));
#5751=CARTESIAN_POINT('',(-0.0165,0.0185610903669447,-0.00563150480837872));
#5752=CARTESIAN_POINT('',(-0.0165,0.0214395989003971,-0.0051143127725836));
#5753=CARTESIAN_POINT('',(-0.0215,0.03,1.05124620518201E-17));
#5754=CARTESIAN_POINT('',(-0.0215,0.0222634669294695,-0.00529496752101353));
#5755=CARTESIAN_POINT('',(-0.0215,0.0225734664392311,-0.00572164524160435));
#5756=CARTESIAN_POINT('',(-0.019,0.0220858456990871,-0.00609732426664655));
#5757=CARTESIAN_POINT('',(-0.019,0.0217554918491535,-0.00564263120023994));
#5758=CARTESIAN_POINT('',(-0.0215,0.0373100104005511,-0.0067823602527759));
#5759=CARTESIAN_POINT('',(-0.0165,0.0373100104005511,-0.0067823602527759));
#5760=CARTESIAN_POINT('',(-0.0215,0.0375036322420252,-0.00696213438761627));
#5761=CARTESIAN_POINT('',(-0.0165,0.0375036322420252,-0.00696213438761627));
#5762=CARTESIAN_POINT('',(-0.0215,0.0377460053428446,-0.00718688788515962));
#5763=CARTESIAN_POINT('',(-0.0165,0.0377460053428446,-0.00718688788515962));
#5764=CARTESIAN_POINT('',(-0.0215,0.037758252354546,-0.00719757779751439));
#5765=CARTESIAN_POINT('',(-0.0165,0.037758252354546,-0.00719757779751439));
#5766=CARTESIAN_POINT('',(-0.0215,0.037800864473171,-0.00723171905293121));
#5767=CARTESIAN_POINT('',(-0.0165,0.037800864473171,-0.00723171905293121));
#5768=CARTESIAN_POINT('',(-0.0215,0.0378664279063287,-0.00727758569417309));
#5769=CARTESIAN_POINT('',(-0.0165,0.0378664279063287,-0.00727758569417309));
#5770=CARTESIAN_POINT('',(-0.0215,0.0380002217979151,-0.00736009887324276));
#5771=CARTESIAN_POINT('',(-0.0165,0.0380002217979151,-0.00736009887324276));
#5772=CARTESIAN_POINT('',(-0.0215,0.038205541810676,-0.007465818184219));
#5773=CARTESIAN_POINT('',(-0.0165,0.038205541810676,-0.007465818184219));
#5774=CARTESIAN_POINT('',(-0.0215,0.0384997175182651,-0.00758566537211354));
#5775=CARTESIAN_POINT('',(-0.0165,0.0384997175182651,-0.00758566537211354));
#5776=CARTESIAN_POINT('',(-0.0215,0.0388330343912511,-0.00769163858757788));
#5777=CARTESIAN_POINT('',(-0.0165,0.0388330343912511,-0.00769163858757788));
#5778=CARTESIAN_POINT('',(-0.0215,0.0393217129910699,-0.00780916735745523));
#5779=CARTESIAN_POINT('',(-0.0165,0.0393217129910699,-0.00780916735745523));
#5780=CARTESIAN_POINT('',(-0.0215,0.0397314230983913,-0.00786525910317126));
#5781=CARTESIAN_POINT('',(-0.0165,0.0397314230983913,-0.00786525910317126));
#5782=CARTESIAN_POINT('',(-0.0215,0.0400180863260256,-0.00788672595975663));
#5783=CARTESIAN_POINT('',(-0.0165,0.0400180863260256,-0.00788672595975663));
#5784=CARTESIAN_POINT('',(-0.0215,0.0373100103809769,-0.00678236023460154));
#5785=CARTESIAN_POINT('',(-0.0215,0.035981101620021,-0.00797891509326817));
#5786=CARTESIAN_POINT('',(-0.0165,0.035981101620021,-0.00797891509326817));
#5787=CARTESIAN_POINT('',(-0.0215,0.0361396519397963,-0.00819026776808579));
#5788=CARTESIAN_POINT('',(-0.0165,0.0361396519397963,-0.00819026776808579));
#5789=CARTESIAN_POINT('',(-0.0215,0.0363378393263977,-0.00845480626141118));
#5790=CARTESIAN_POINT('',(-0.0165,0.0363378393263977,-0.00845480626141118));
#5791=CARTESIAN_POINT('',(-0.0215,0.0363471905169813,-0.00846810358281195));
#5792=CARTESIAN_POINT('',(-0.0165,0.0363471905169813,-0.00846810358281195));
#5793=CARTESIAN_POINT('',(-0.0215,0.0363766905637523,-0.00851405100075527));
#5794=CARTESIAN_POINT('',(-0.0165,0.0363766905637523,-0.00851405100075527));
#5795=CARTESIAN_POINT('',(-0.0215,0.0364154526978198,-0.00858404964009042));
#5796=CARTESIAN_POINT('',(-0.0165,0.0364154526978198,-0.00858404964009042));
#5797=CARTESIAN_POINT('',(-0.0215,0.0364835285911789,-0.0087257355705471));
#5798=CARTESIAN_POINT('',(-0.0165,0.0364835285911789,-0.0087257355705471));
#5799=CARTESIAN_POINT('',(-0.0215,0.036567206975296,-0.00894098149590922));
#5800=CARTESIAN_POINT('',(-0.0165,0.036567206975296,-0.00894098149590922));
#5801=CARTESIAN_POINT('',(-0.0215,0.0366556478931105,-0.00924607312056959));
#5802=CARTESIAN_POINT('',(-0.0165,0.0366556478931105,-0.00924607312056959));
#5803=CARTESIAN_POINT('',(-0.0215,0.0367261994756979,-0.00958864126620988));
#5804=CARTESIAN_POINT('',(-0.0165,0.0367261994756979,-0.00958864126620988));
#5805=CARTESIAN_POINT('',(-0.0215,0.0367920035876058,-0.0100869279352325));
#5806=CARTESIAN_POINT('',(-0.0165,0.0367920035876058,-0.0100869279352325));
#5807=CARTESIAN_POINT('',(-0.0215,0.0368049616889663,-0.0105002567916994));
#5808=CARTESIAN_POINT('',(-0.0165,0.0368049616889663,-0.0105002567916994));
#5809=CARTESIAN_POINT('',(-0.0215,0.0367963464812052,-0.0107875935457084));
#5810=CARTESIAN_POINT('',(-0.0165,0.0367963464812052,-0.0107875935457084));
#5811=CARTESIAN_POINT('',(-0.0165,0.0359811016039923,-0.00797891507190137));
#5812=CARTESIAN_POINT('',(-0.0215,0.03,7.53347261182245E-18));
#5813=CARTESIAN_POINT('',(-0.0215,0.0360746490477938,-0.00714067671485958));
#5814=CARTESIAN_POINT('',(-0.0215,0.0364665856108181,-0.00678777544840431));
#5815=CARTESIAN_POINT('',(-0.019,0.0368911768734779,-0.0072334557999437));
#5816=CARTESIAN_POINT('',(-0.019,0.0364735060435325,-0.00760952830441177));
#5817=CARTESIAN_POINT('',(-0.0215,0.0394366612380885,-0.00322274530984978));
#5818=CARTESIAN_POINT('',(-0.0165,0.0394366612380885,-0.00322274530984978));
#5819=CARTESIAN_POINT('',(-0.0215,0.0396866643199843,-0.00330822405630752));
#5820=CARTESIAN_POINT('',(-0.0165,0.0396866643199843,-0.00330822405630752));
#5821=CARTESIAN_POINT('',(-0.0215,0.039999498648403,-0.00341496457167839));
#5822=CARTESIAN_POINT('',(-0.0165,0.039999498648403,-0.00341496457167839));
#5823=CARTESIAN_POINT('',(-0.0215,0.0400150348293784,-0.00341974898412556));
#5824=CARTESIAN_POINT('',(-0.0165,0.0400150348293784,-0.00341974898412556));
#5825=CARTESIAN_POINT('',(-0.0215,0.0400678494364075,-0.00343360666284594));
#5826=CARTESIAN_POINT('',(-0.0165,0.0400678494364075,-0.00343360666284594));
#5827=CARTESIAN_POINT('',(-0.0215,0.040146400256644,-0.00344884087389868));
#5828=CARTESIAN_POINT('',(-0.0165,0.040146400256644,-0.00344884087389868));
#5829=CARTESIAN_POINT('',(-0.0215,0.0403021881920274,-0.00346980153550554));
#5830=CARTESIAN_POINT('',(-0.0165,0.0403021881920274,-0.00346980153550554));
#5831=CARTESIAN_POINT('',(-0.0215,0.040532757274703,-0.00348286975908631));
#5832=CARTESIAN_POINT('',(-0.0165,0.040532757274703,-0.00348286975908631));
#5833=CARTESIAN_POINT('',(-0.0215,0.0408502463990062,-0.00347270357341937));
#5834=CARTESIAN_POINT('',(-0.0165,0.0408502463990062,-0.00347270357341937));
#5835=CARTESIAN_POINT('',(-0.0215,0.0411978497041921,-0.00343394273703975));
#5836=CARTESIAN_POINT('',(-0.0165,0.0411978497041921,-0.00343394273703975));
#5837=CARTESIAN_POINT('',(-0.0215,0.0416920830766283,-0.00334254711767029));
#5838=CARTESIAN_POINT('',(-0.0165,0.0416920830766283,-0.00334254711767029));
#5839=CARTESIAN_POINT('',(-0.0215,0.0420891864524794,-0.00322714536349411));
#5840=CARTESIAN_POINT('',(-0.0165,0.0420891864524794,-0.00322714536349411));
#5841=CARTESIAN_POINT('',(-0.0215,0.0423597976991423,-0.00313015987391644));
#5842=CARTESIAN_POINT('',(-0.0165,0.0423597976991423,-0.00313015987391644));
#5843=CARTESIAN_POINT('',(-0.0215,0.0394366612128143,-0.00322274530120826));
#5844=CARTESIAN_POINT('',(-0.0215,0.0387093253570917,-0.00485636844554857));
#5845=CARTESIAN_POINT('',(-0.0165,0.0387093253570917,-0.00485636844554857));
#5846=CARTESIAN_POINT('',(-0.0215,0.0389401331589906,-0.00498496049676481));
#5847=CARTESIAN_POINT('',(-0.0165,0.0389401331589906,-0.00498496049676481));
#5848=CARTESIAN_POINT('',(-0.0215,0.0392287838445219,-0.00514601836338761));
#5849=CARTESIAN_POINT('',(-0.0165,0.0392287838445219,-0.00514601836338761));
#5850=CARTESIAN_POINT('',(-0.0215,0.0392427350900716,-0.00515436259908537));
#5851=CARTESIAN_POINT('',(-0.0165,0.0392427350900716,-0.00515436259908537));
#5852=CARTESIAN_POINT('',(-0.0215,0.0392883732223317,-0.00518433890404371));
#5853=CARTESIAN_POINT('',(-0.0165,0.0392883732223317,-0.00518433890404371));
#5854=CARTESIAN_POINT('',(-0.0215,0.0393522552054207,-0.0052325198627604));
#5855=CARTESIAN_POINT('',(-0.0165,0.0393522552054207,-0.0052325198627604));
#5856=CARTESIAN_POINT('',(-0.0215,0.0394720744882988,-0.0053342674406017));
#5857=CARTESIAN_POINT('',(-0.0165,0.0394720744882988,-0.0053342674406017));
#5858=CARTESIAN_POINT('',(-0.0215,0.0396360669011294,-0.00549686931293854));
#5859=CARTESIAN_POINT('',(-0.0165,0.0396360669011294,-0.00549686931293854));
#5860=CARTESIAN_POINT('',(-0.0215,0.0398409536431134,-0.00573961221878943));
#5861=CARTESIAN_POINT('',(-0.0165,0.0398409536431134,-0.00573961221878943));
#5862=CARTESIAN_POINT('',(-0.0215,0.0400447407384982,-0.00602386787830686));
#5863=CARTESIAN_POINT('',(-0.0165,0.0400447407384982,-0.00602386787830686));
#5864=CARTESIAN_POINT('',(-0.0215,0.0403075272330736,-0.00645231045781832));
#5865=CARTESIAN_POINT('',(-0.0165,0.0403075272330736,-0.00645231045781832));
#5866=CARTESIAN_POINT('',(-0.0215,0.0404874810392767,-0.00682463462250824));
#5867=CARTESIAN_POINT('',(-0.0165,0.0404874810392767,-0.00682463462250824));
#5868=CARTESIAN_POINT('',(-0.0215,0.0405964810421179,-0.00709063392963109));
#5869=CARTESIAN_POINT('',(-0.0165,0.0405964810421179,-0.00709063392963109));
#5870=CARTESIAN_POINT('',(-0.0165,0.0387093253337581,-0.00485636843254849));
#5871=CARTESIAN_POINT('',(-0.0215,0.03,1.77192456404585E-17));
#5872=CARTESIAN_POINT('',(-0.0215,0.0384538429206765,-0.00405255041579101));
#5873=CARTESIAN_POINT('',(-0.0215,0.0386683569110562,-0.0035707441048813));
#5874=CARTESIAN_POINT('',(-0.019,0.0392375148604837,-0.00380519654073713));
#5875=CARTESIAN_POINT('',(-0.019,0.0390089160390177,-0.00431863790022089));
#5876=CARTESIAN_POINT('',(-0.0215,0.0339193923553989,-0.0091692434921885));
#5877=CARTESIAN_POINT('',(-0.0165,0.0339193923553989,-0.0091692434921885));
#5878=CARTESIAN_POINT('',(-0.0215,0.0340231539810611,-0.00941222843430087));
#5879=CARTESIAN_POINT('',(-0.0165,0.0340231539810611,-0.00941222843430087));
#5880=CARTESIAN_POINT('',(-0.0215,0.034153157343259,-0.00971613299247003));
#5881=CARTESIAN_POINT('',(-0.0165,0.034153157343259,-0.00971613299247003));
#5882=CARTESIAN_POINT('',(-0.0215,0.0341599975661025,-0.00973088002177144));
#5883=CARTESIAN_POINT('',(-0.0165,0.0341599975661025,-0.00973088002177144));
#5884=CARTESIAN_POINT('',(-0.0215,0.0341850391738944,-0.00977940152065957));
#5885=CARTESIAN_POINT('',(-0.0165,0.0341850391738944,-0.00977940152065957));
#5886=CARTESIAN_POINT('',(-0.0215,0.0342262787067551,-0.00984796983313451));
#5887=CARTESIAN_POINT('',(-0.0165,0.0342262787067551,-0.00984796983313451));
#5888=CARTESIAN_POINT('',(-0.0215,0.0343149443752099,-0.00997776825139717));
#5889=CARTESIAN_POINT('',(-0.0165,0.0343149443752099,-0.00997776825139717));
#5890=CARTESIAN_POINT('',(-0.0215,0.034459513622576,-0.0101578588204713));
#5891=CARTESIAN_POINT('',(-0.0165,0.034459513622576,-0.0101578588204713));
#5892=CARTESIAN_POINT('',(-0.0215,0.0346795102611065,-0.0103869967143628));
#5893=CARTESIAN_POINT('',(-0.0165,0.0346795102611065,-0.0103869967143628));
#5894=CARTESIAN_POINT('',(-0.0215,0.0349409071864646,-0.0106193802499809));
#5895=CARTESIAN_POINT('',(-0.0165,0.0349409071864646,-0.0106193802499809));
#5896=CARTESIAN_POINT('',(-0.0215,0.0353395340442514,-0.0109255116170779));
#5897=CARTESIAN_POINT('',(-0.0165,0.0353395340442514,-0.0109255116170779));
#5898=CARTESIAN_POINT('',(-0.0215,0.0356910082833885,-0.0111433980902743));
#5899=CARTESIAN_POINT('',(-0.0165,0.0356910082833885,-0.0111433980902743));
#5900=CARTESIAN_POINT('',(-0.0215,0.035944156815682,-0.0112796054784989));
#5901=CARTESIAN_POINT('',(-0.0165,0.035944156815682,-0.0112796054784989));
#5902=CARTESIAN_POINT('',(-0.0215,0.033919392344909,-0.00916924346762381));
#5903=CARTESIAN_POINT('',(-0.0215,0.0322186910762462,-0.00972183483519369));
#5904=CARTESIAN_POINT('',(-0.0165,0.0322186910762462,-0.00972183483519369));
#5905=CARTESIAN_POINT('',(-0.0215,0.0322775691232243,-0.00997940333605794));
#5906=CARTESIAN_POINT('',(-0.0165,0.0322775691232243,-0.00997940333605794));
#5907=CARTESIAN_POINT('',(-0.0215,0.0323510248112766,-0.0103016813473332));
#5908=CARTESIAN_POINT('',(-0.0165,0.0323510248112766,-0.0103016813473332));
#5909=CARTESIAN_POINT('',(-0.0215,0.0323541590410893,-0.0103176325267644));
#5910=CARTESIAN_POINT('',(-0.0165,0.0323541590410893,-0.0103176325267644));
#5911=CARTESIAN_POINT('',(-0.0215,0.0323624201762849,-0.0103716063317111));
#5912=CARTESIAN_POINT('',(-0.0165,0.0323624201762849,-0.0103716063317111));
#5913=CARTESIAN_POINT('',(-0.0215,0.0323693601362078,-0.010451319251006));
#5914=CARTESIAN_POINT('',(-0.0165,0.0323693601362078,-0.010451319251006));
#5915=CARTESIAN_POINT('',(-0.0215,0.032373921699636,-0.0106084447495259));
#5916=CARTESIAN_POINT('',(-0.0165,0.032373921699636,-0.0106084447495259));
#5917=CARTESIAN_POINT('',(-0.0215,0.0323628173022315,-0.0108391167519703));
#5918=CARTESIAN_POINT('',(-0.0165,0.0323628173022315,-0.0108391167519703));
#5919=CARTESIAN_POINT('',(-0.0215,0.0323195201577257,-0.011153803981866));
#5920=CARTESIAN_POINT('',(-0.0165,0.0323195201577257,-0.011153803981866));
#5921=CARTESIAN_POINT('',(-0.0215,0.0322446372179456,-0.011495451469114));
#5922=CARTESIAN_POINT('',(-0.0165,0.0322446372179456,-0.011495451469114));
#5923=CARTESIAN_POINT('',(-0.0215,0.0321020808184255,-0.0119774239357815));
#5924=CARTESIAN_POINT('',(-0.0165,0.0321020808184255,-0.0119774239357815));
#5925=CARTESIAN_POINT('',(-0.0215,0.0319458026414975,-0.0123602891697672));
#5926=CARTESIAN_POINT('',(-0.0165,0.0319458026414975,-0.0123602891697672));
#5927=CARTESIAN_POINT('',(-0.0215,0.0318210618708227,-0.012619280235522));
#5928=CARTESIAN_POINT('',(-0.0165,0.0318210618708227,-0.012619280235522));
#5929=CARTESIAN_POINT('',(-0.0165,0.032218691070294,-0.00972183480915467));
#5930=CARTESIAN_POINT('',(-0.0215,0.03,1.01165870451072E-18));
#5931=CARTESIAN_POINT('',(-0.0215,0.0326450931680934,-0.0089941151389175));
#5932=CARTESIAN_POINT('',(-0.0215,0.0331466829113835,-0.00883113875189414));
#5933=CARTESIAN_POINT('',(-0.019,0.0333532918006711,-0.00941098483745705));
#5934=CARTESIAN_POINT('',(-0.019,0.0328187680431642,-0.00958466213437546));
#5935=CARTESIAN_POINT('',(-0.0215,0.0298510757654364,-0.00997068123183967));
#5936=CARTESIAN_POINT('',(-0.0165,0.0298510757654364,-0.00997068123183967));
#5937=CARTESIAN_POINT('',(-0.0215,0.0298470358475649,-0.0102348626772839));
#5938=CARTESIAN_POINT('',(-0.0165,0.0298470358475649,-0.0102348626772839));
#5939=CARTESIAN_POINT('',(-0.0215,0.029842190708774,-0.0105653704370852));
#5940=CARTESIAN_POINT('',(-0.0165,0.029842190708774,-0.0105653704370852));
#5941=CARTESIAN_POINT('',(-0.0215,0.0298424414060886,-0.0105816246879945));
#5942=CARTESIAN_POINT('',(-0.0165,0.0298424414060886,-0.0105816246879945));
#5943=CARTESIAN_POINT('',(-0.0215,0.029845582581564,-0.0106361366223922));
#5944=CARTESIAN_POINT('',(-0.0165,0.029845582581564,-0.0106361366223922));
#5945=CARTESIAN_POINT('',(-0.0215,0.0298553675242469,-0.0107155505219497));
#5946=CARTESIAN_POINT('',(-0.0165,0.0298553675242469,-0.0107155505219497));
#5947=CARTESIAN_POINT('',(-0.0215,0.0298835738699919,-0.0108701908537061));
#5948=CARTESIAN_POINT('',(-0.0165,0.0298835738699919,-0.0108701908537061));
#5949=CARTESIAN_POINT('',(-0.0215,0.0299423950157232,-0.0110935133854137));
#5950=CARTESIAN_POINT('',(-0.0165,0.0299423950157232,-0.0110935133854137));
#5951=CARTESIAN_POINT('',(-0.0215,0.0300501731677865,-0.011392321961796));
#5952=CARTESIAN_POINT('',(-0.0165,0.0300501731677865,-0.011392321961796));
#5953=CARTESIAN_POINT('',(-0.0215,0.0301944522424057,-0.0117109345931213));
#5954=CARTESIAN_POINT('',(-0.0165,0.0301944522424057,-0.0117109345931213));
#5955=CARTESIAN_POINT('',(-0.0215,0.030434101153038,-0.0121527356629507));
#5956=CARTESIAN_POINT('',(-0.0165,0.030434101153038,-0.0121527356629507));
#5957=CARTESIAN_POINT('',(-0.0215,0.0306665664350006,-0.0124947423129753));
#5958=CARTESIAN_POINT('',(-0.0165,0.0306665664350006,-0.0124947423129753));
#5959=CARTESIAN_POINT('',(-0.0215,0.0308424285909375,-0.0127221387380098));
#5960=CARTESIAN_POINT('',(-0.0165,0.0308424285909375,-0.0127221387380098));
#5961=CARTESIAN_POINT('',(-0.0215,0.0298510757658448,-0.00997068120513211));
#5962=CARTESIAN_POINT('',(-0.0215,0.0280726486892129,-0.00978376101401743));
#5963=CARTESIAN_POINT('',(-0.0165,0.0280726486892129,-0.00978376101401743));
#5964=CARTESIAN_POINT('',(-0.0215,0.028021673914181,-0.0100430094071925));
#5965=CARTESIAN_POINT('',(-0.0165,0.028021673914181,-0.0100430094071925));
#5966=CARTESIAN_POINT('',(-0.0215,0.0279576967478959,-0.0103673021404643));
#5967=CARTESIAN_POINT('',(-0.0165,0.0279576967478959,-0.0103673021404643));
#5968=CARTESIAN_POINT('',(-0.0215,0.0279540720801296,-0.0103831490740904));
#5969=CARTESIAN_POINT('',(-0.0165,0.0279540720801296,-0.0103831490740904));
#5970=CARTESIAN_POINT('',(-0.0215,0.0279396658784244,-0.0104358167048286));
#5971=CARTESIAN_POINT('',(-0.0165,0.0279396658784244,-0.0104358167048286));
#5972=CARTESIAN_POINT('',(-0.0215,0.0279135836820844,-0.010511460816168));
#5973=CARTESIAN_POINT('',(-0.0165,0.0279135836820844,-0.010511460816168));
#5974=CARTESIAN_POINT('',(-0.0215,0.0278538421798244,-0.0106568574566165));
#5975=CARTESIAN_POINT('',(-0.0165,0.0278538421798244,-0.0106568574566165));
#5976=CARTESIAN_POINT('',(-0.0215,0.0277498750520898,-0.0108630702513313));
#5977=CARTESIAN_POINT('',(-0.0165,0.0277498750520898,-0.0108630702513313));
#5978=CARTESIAN_POINT('',(-0.0215,0.0275823263148911,-0.0111329408055696));
#5979=CARTESIAN_POINT('',(-0.0165,0.0275823263148911,-0.0111329408055696));
#5980=CARTESIAN_POINT('',(-0.0215,0.0273749567933215,-0.0114145936801103));
#5981=CARTESIAN_POINT('',(-0.0165,0.0273749567933215,-0.0114145936801103));
#5982=CARTESIAN_POINT('',(-0.0215,0.0270486891789347,-0.0117969145263534));
#5983=CARTESIAN_POINT('',(-0.0165,0.0270486891789347,-0.0117969145263534));
#5984=CARTESIAN_POINT('',(-0.0215,0.0267501966402517,-0.0120831152606805));
#5985=CARTESIAN_POINT('',(-0.0165,0.0267501966402517,-0.0120831152606805));
#5986=CARTESIAN_POINT('',(-0.0215,0.0265308991191472,-0.0122689787300519));
#5987=CARTESIAN_POINT('',(-0.0165,0.0265308991191472,-0.0122689787300519));
#5988=CARTESIAN_POINT('',(-0.0165,0.0280726486943662,-0.00978376098780858));
#5989=CARTESIAN_POINT('',(-0.0215,0.03,-7.18515208083231E-19));
#5990=CARTESIAN_POINT('',(-0.0215,0.0287581766497127,-0.00929238934648568));
#5991=CARTESIAN_POINT('',(-0.0215,0.029282690149854,-0.00934751793680456));
#5992=CARTESIAN_POINT('',(-0.019,0.0292355921118287,-0.00996126910046086));
#5993=CARTESIAN_POINT('',(-0.019,0.0286766394404292,-0.0099025208073837));
#5994=CARTESIAN_POINT('',(-0.0215,0.03,-1.97538236862529E-18));
#5995=CARTESIAN_POINT('',(-0.0285,0.03,-1.97538236862529E-18));
#5996=CARTESIAN_POINT('',(-0.0285,0.0320976176963403,-0.0017));
#5997=CARTESIAN_POINT('',(-0.0285,0.0320976176963403,0.0017));
#5998=CARTESIAN_POINT('',(-0.0215,0.0320976176963403,-0.0017));
#5999=CARTESIAN_POINT('',(-0.0215,0.0320976176963403,0.0017));
#6000=CARTESIAN_POINT('',(-0.0215,0.03,-0.0017));
#6001=CARTESIAN_POINT('',(-0.0285,0.03,-0.0017));
#6002=CARTESIAN_POINT('',(-0.0285,0.0279023823036597,-0.0017));
#6003=CARTESIAN_POINT('',(-0.0215,0.0279023823036597,-0.0017));
#6004=CARTESIAN_POINT('',(-0.0215,0.03,8.46017590971702E-20));
#6005=CARTESIAN_POINT('',(-0.0285,0.03,8.46017590971702E-20));
#6006=CARTESIAN_POINT('',(-0.0285,0.0279023823036597,0.0017));
#6007=CARTESIAN_POINT('',(-0.0215,0.0279023823036597,0.0017));
#6008=CARTESIAN_POINT('',(-0.0215,0.03,0.0017));
#6009=CARTESIAN_POINT('',(-0.0285,0.03,0.0017));
#6010=CARTESIAN_POINT('',(-0.0215,0.03,-4.99632715144137E-19));
#6011=CARTESIAN_POINT('',(-0.0285,0.03,-4.99632715144137E-19));
#6012=CARTESIAN_POINT('',(-0.0285,0.03,-0.006));
#6013=CARTESIAN_POINT('',(-0.0285,0.03,-1.32238675399931E-19));
#6014=MECHANICAL_DESIGN_GEOMETRIC_PRESENTATION_REPRESENTATION('',(#1837),
#6015);
#6015=(
GEOMETRIC_REPRESENTATION_CONTEXT(3)
GLOBAL_UNCERTAINTY_ASSIGNED_CONTEXT((#6016))
GLOBAL_UNIT_ASSIGNED_CONTEXT((#6019,#6018,#6017))
REPRESENTATION_CONTEXT('Pinion','TOP_LEVEL_ASSEMBLY_PART')
);
#6016=UNCERTAINTY_MEASURE_WITH_UNIT(LENGTH_MEASURE(2.E-5),#6019,
'DISTANCE_ACCURACY_VALUE','Maximum Tolerance applied to model');
#6017=(
NAMED_UNIT(*)
SI_UNIT($,.STERADIAN.)
SOLID_ANGLE_UNIT()
);
#6018=(
NAMED_UNIT(*)
PLANE_ANGLE_UNIT()
SI_UNIT($,.RADIAN.)
);
#6019=(
LENGTH_UNIT()
NAMED_UNIT(*)
SI_UNIT($,.METRE.)
);
#6020=PRODUCT_DEFINITION_SHAPE('','',#6021);
#6021=PRODUCT_DEFINITION('','',#6023,#6022);
#6022=PRODUCT_DEFINITION_CONTEXT('',#6029,'design');
#6023=PRODUCT_DEFINITION_FORMATION_WITH_SPECIFIED_SOURCE('','',#6025,
 .NOT_KNOWN.);
#6024=PRODUCT_RELATED_PRODUCT_CATEGORY('','',(#6025));
#6025=PRODUCT('Pinion','Pinion','Pinion',(#6027));
#6026=PRODUCT_CATEGORY('','');
#6027=PRODUCT_CONTEXT('',#6029,'mechanical');
#6028=APPLICATION_PROTOCOL_DEFINITION('international standard',
'ap242_managed_model_based_3d_engineering',2020,#6029);
#6029=APPLICATION_CONTEXT('managed model based 3d engineering');
ENDSEC;
END-ISO-10303-21;
