ISO-10303-21;
HEADER;
/* Generated by software containing ST-Developer
 * from STEP Tools, Inc. (www.steptools.com) 
 */
/* OPTION: using custom renumber hook */

FILE_DESCRIPTION(
/* description */ ('STEP AP242 Edition 2',
'CAx-IF Rec.Pracs.---Representation and Presentation of Product Manufa
cturing Information (PMI)---4.0---2014-10-13',
'CAx-IF Rec.Pracs.---3D Tessellated Geometry---0.4---2014-09-14','2;1',
'CAx-IF Rec.Pracs.---User Defined Attributes---1.5---2016-08-15'),
/* implementation_level */ '2;1');

FILE_NAME(
/* name */ 'LimeArm MKI - Turret Pinion',
/* time_stamp */ '2026-05-27T02:38:20Z',
/* author */ (''),
/* organization */ (''),
/* preprocessor_version */ 'ST-DEVELOPER v20',
/* originating_system */ 'ONSHAPE BY PTC INC, 1.215',
/* authorisation */ '  ');

FILE_SCHEMA (('AP242_MANAGED_MODEL_BASED_3D_ENGINEERING_MIM_LF { 1 0 10303 442 3 1 4 }'));
ENDSEC;

DATA;
#10=SHAPE_REPRESENTATION_RELATIONSHIP('','',#1847,#11);
#11=ADVANCED_BREP_SHAPE_REPRESENTATION('',(#1845),#6015);
#12=B_SPLINE_SURFACE_WITH_KNOTS('',3,1,((#5084,#5085),(#5086,#5087),(#5088,
#5089),(#5090,#5091),(#5092,#5093),(#5094,#5095),(#5096,#5097),(#5098,#5099),
(#5100,#5101),(#5102,#5103),(#5104,#5105),(#5106,#5107),(#5108,#5109)),
 .SURF_OF_LINEAR_EXTRUSION.,.F.,.F.,.F.,(4,1,1,1,1,1,1,1,1,1,4),(2,2),(0.0409239364092542,
0.100160164042642,0.129778277859336,0.159396391676031,0.218632619309419,
0.277868846942807,0.396341302209583,0.51481375747636,0.633286212743136,
0.751758668009912,0.988703578543465),(0.,1.),.UNSPECIFIED.);
#13=B_SPLINE_SURFACE_WITH_KNOTS('',3,1,((#5115,#5116),(#5117,#5118),(#5119,
#5120),(#5121,#5122),(#5123,#5124),(#5125,#5126),(#5127,#5128),(#5129,#5130),
(#5131,#5132),(#5133,#5134),(#5135,#5136),(#5137,#5138),(#5139,#5140)),
 .SURF_OF_LINEAR_EXTRUSION.,.F.,.F.,.F.,(4,1,1,1,1,1,1,1,1,1,4),(2,2),(0.0409239364092495,
0.100160164042638,0.129778277859332,0.159396391676027,0.218632619309415,
0.277868846942804,0.396341302209581,0.514813757476358,0.633286212743135,
0.751758668009912,0.988703578543466),(0.,1.),.UNSPECIFIED.);
#14=B_SPLINE_SURFACE_WITH_KNOTS('',3,1,((#5145,#5146),(#5147,#5148),(#5149,
#5150),(#5151,#5152),(#5153,#5154),(#5155,#5156),(#5157,#5158),(#5159,#5160),
(#5161,#5162),(#5163,#5164),(#5165,#5166),(#5167,#5168),(#5169,#5170)),
 .SURF_OF_LINEAR_EXTRUSION.,.F.,.F.,.F.,(4,1,1,1,1,1,1,1,1,1,4),(2,2),(0.0409239364092548,
0.100160164042643,0.129778277859337,0.159396391676031,0.218632619309419,
0.277868846942807,0.396341302209584,0.51481375747636,0.633286212743136,
0.751758668009912,0.988703578543465),(0.,1.),.UNSPECIFIED.);
#15=B_SPLINE_SURFACE_WITH_KNOTS('',3,1,((#5176,#5177),(#5178,#5179),(#5180,
#5181),(#5182,#5183),(#5184,#5185),(#5186,#5187),(#5188,#5189),(#5190,#5191),
(#5192,#5193),(#5194,#5195),(#5196,#5197),(#5198,#5199),(#5200,#5201)),
 .SURF_OF_LINEAR_EXTRUSION.,.F.,.F.,.F.,(4,1,1,1,1,1,1,1,1,1,4),(2,2),(0.0409239364092549,
0.100160164042643,0.129778277859337,0.159396391676031,0.218632619309419,
0.277868846942808,0.396341302209584,0.51481375747636,0.633286212743137,
0.751758668009913,0.988703578543466),(0.,1.),.UNSPECIFIED.);
#16=B_SPLINE_SURFACE_WITH_KNOTS('',3,1,((#5206,#5207),(#5208,#5209),(#5210,
#5211),(#5212,#5213),(#5214,#5215),(#5216,#5217),(#5218,#5219),(#5220,#5221),
(#5222,#5223),(#5224,#5225),(#5226,#5227),(#5228,#5229),(#5230,#5231)),
 .SURF_OF_LINEAR_EXTRUSION.,.F.,.F.,.F.,(4,1,1,1,1,1,1,1,1,1,4),(2,2),(0.0409239364092548,
0.100160164042643,0.129778277859337,0.159396391676031,0.218632619309419,
0.277868846942807,0.396341302209584,0.51481375747636,0.633286212743136,
0.751758668009912,0.988703578543465),(0.,1.),.UNSPECIFIED.);
#17=B_SPLINE_SURFACE_WITH_KNOTS('',3,1,((#5237,#5238),(#5239,#5240),(#5241,
#5242),(#5243,#5244),(#5245,#5246),(#5247,#5248),(#5249,#5250),(#5251,#5252),
(#5253,#5254),(#5255,#5256),(#5257,#5258),(#5259,#5260),(#5261,#5262)),
 .SURF_OF_LINEAR_EXTRUSION.,.F.,.F.,.F.,(4,1,1,1,1,1,1,1,1,1,4),(2,2),(0.0409239364092538,
0.100160164042642,0.129778277859336,0.15939639167603,0.218632619309419,
0.277868846942807,0.396341302209583,0.51481375747636,0.633286212743136,
0.751758668009913,0.988703578543466),(0.,1.),.UNSPECIFIED.);
#18=B_SPLINE_SURFACE_WITH_KNOTS('',3,1,((#5269,#5270),(#5271,#5272),(#5273,
#5274),(#5275,#5276),(#5277,#5278),(#5279,#5280),(#5281,#5282),(#5283,#5284),
(#5285,#5286),(#5287,#5288),(#5289,#5290),(#5291,#5292),(#5293,#5294)),
 .SURF_OF_LINEAR_EXTRUSION.,.F.,.F.,.F.,(4,1,1,1,1,1,1,1,1,1,4),(2,2),(0.0409239364092544,
0.100160164042643,0.129778277859337,0.159396391676031,0.218632619309419,
0.277868846942807,0.396341302209583,0.51481375747636,0.633286212743136,
0.751758668009912,0.988703578543465),(0.,1.),.UNSPECIFIED.);
#19=B_SPLINE_SURFACE_WITH_KNOTS('',3,1,((#5300,#5301),(#5302,#5303),(#5304,
#5305),(#5306,#5307),(#5308,#5309),(#5310,#5311),(#5312,#5313),(#5314,#5315),
(#5316,#5317),(#5318,#5319),(#5320,#5321),(#5322,#5323),(#5324,#5325)),
 .SURF_OF_LINEAR_EXTRUSION.,.F.,.F.,.F.,(4,1,1,1,1,1,1,1,1,1,4),(2,2),(0.0409239364092512,
0.10016016404264,0.129778277859334,0.159396391676028,0.218632619309416,
0.277868846942805,0.396341302209582,0.514813757476359,0.633286212743135,
0.751758668009912,0.988703578543466),(0.,1.),.UNSPECIFIED.);
#20=B_SPLINE_SURFACE_WITH_KNOTS('',3,1,((#5331,#5332),(#5333,#5334),(#5335,
#5336),(#5337,#5338),(#5339,#5340),(#5341,#5342),(#5343,#5344),(#5345,#5346),
(#5347,#5348),(#5349,#5350),(#5351,#5352),(#5353,#5354),(#5355,#5356)),
 .SURF_OF_LINEAR_EXTRUSION.,.F.,.F.,.F.,(4,1,1,1,1,1,1,1,1,1,4),(2,2),(0.0409239364092589,
0.100160164042647,0.129778277859341,0.159396391676035,0.218632619309423,
0.27786884694281,0.396341302209586,0.514813757476362,0.633286212743138,
0.751758668009914,0.988703578543465),(0.,1.),.UNSPECIFIED.);
#21=B_SPLINE_SURFACE_WITH_KNOTS('',3,1,((#5362,#5363),(#5364,#5365),(#5366,
#5367),(#5368,#5369),(#5370,#5371),(#5372,#5373),(#5374,#5375),(#5376,#5377),
(#5378,#5379),(#5380,#5381),(#5382,#5383),(#5384,#5385),(#5386,#5387)),
 .SURF_OF_LINEAR_EXTRUSION.,.F.,.F.,.F.,(4,1,1,1,1,1,1,1,1,1,4),(2,2),(0.0409239364092503,
0.100160164042639,0.129778277859333,0.159396391676027,0.218632619309416,
0.277868846942804,0.396341302209581,0.514813757476358,0.633286212743135,
0.751758668009912,0.988703578543466),(0.,1.),.UNSPECIFIED.);
#22=B_SPLINE_SURFACE_WITH_KNOTS('',3,1,((#5393,#5394),(#5395,#5396),(#5397,
#5398),(#5399,#5400),(#5401,#5402),(#5403,#5404),(#5405,#5406),(#5407,#5408),
(#5409,#5410),(#5411,#5412),(#5413,#5414),(#5415,#5416),(#5417,#5418)),
 .SURF_OF_LINEAR_EXTRUSION.,.F.,.F.,.F.,(4,1,1,1,1,1,1,1,1,1,4),(2,2),(0.0409239364092557,
0.100160164042644,0.129778277859338,0.159396391676032,0.21863261930942,
0.277868846942808,0.396341302209584,0.51481375747636,0.633286212743136,
0.751758668009913,0.988703578543465),(0.,1.),.UNSPECIFIED.);
#23=B_SPLINE_SURFACE_WITH_KNOTS('',3,1,((#5424,#5425),(#5426,#5427),(#5428,
#5429),(#5430,#5431),(#5432,#5433),(#5434,#5435),(#5436,#5437),(#5438,#5439),
(#5440,#5441),(#5442,#5443),(#5444,#5445),(#5446,#5447),(#5448,#5449)),
 .SURF_OF_LINEAR_EXTRUSION.,.F.,.F.,.F.,(4,1,1,1,1,1,1,1,1,1,4),(2,2),(0.0409239364092514,
0.10016016404264,0.129778277859334,0.159396391676028,0.218632619309417,
0.277868846942805,0.396341302209582,0.514813757476359,0.633286212743136,
0.751758668009912,0.988703578543466),(0.,1.),.UNSPECIFIED.);
#24=B_SPLINE_SURFACE_WITH_KNOTS('',3,1,((#5454,#5455),(#5456,#5457),(#5458,
#5459),(#5460,#5461),(#5462,#5463),(#5464,#5465),(#5466,#5467),(#5468,#5469),
(#5470,#5471),(#5472,#5473),(#5474,#5475),(#5476,#5477),(#5478,#5479)),
 .SURF_OF_LINEAR_EXTRUSION.,.F.,.F.,.F.,(4,1,1,1,1,1,1,1,1,1,4),(2,2),(0.0409239364092575,
0.100160164042645,0.129778277859339,0.159396391676033,0.218632619309421,
0.277868846942809,0.396341302209585,0.514813757476361,0.633286212743137,
0.751758668009913,0.988703578543465),(0.,1.),.UNSPECIFIED.);
#25=B_SPLINE_SURFACE_WITH_KNOTS('',3,1,((#5485,#5486),(#5487,#5488),(#5489,
#5490),(#5491,#5492),(#5493,#5494),(#5495,#5496),(#5497,#5498),(#5499,#5500),
(#5501,#5502),(#5503,#5504),(#5505,#5506),(#5507,#5508),(#5509,#5510)),
 .SURF_OF_LINEAR_EXTRUSION.,.F.,.F.,.F.,(4,1,1,1,1,1,1,1,1,1,4),(2,2),(0.0409239364092519,
0.10016016404264,0.129778277859335,0.159396391676029,0.218632619309417,
0.277868846942805,0.396341302209582,0.514813757476359,0.633286212743136,
0.751758668009912,0.988703578543466),(0.,1.),.UNSPECIFIED.);
#26=B_SPLINE_SURFACE_WITH_KNOTS('',3,1,((#5515,#5516),(#5517,#5518),(#5519,
#5520),(#5521,#5522),(#5523,#5524),(#5525,#5526),(#5527,#5528),(#5529,#5530),
(#5531,#5532),(#5533,#5534),(#5535,#5536),(#5537,#5538),(#5539,#5540)),
 .SURF_OF_LINEAR_EXTRUSION.,.F.,.F.,.F.,(4,1,1,1,1,1,1,1,1,1,4),(2,2),(0.0409239364092548,
0.100160164042643,0.129778277859337,0.159396391676031,0.218632619309419,
0.277868846942807,0.396341302209584,0.51481375747636,0.633286212743136,
0.751758668009912,0.988703578543465),(0.,1.),.UNSPECIFIED.);
#27=B_SPLINE_SURFACE_WITH_KNOTS('',3,1,((#5546,#5547),(#5548,#5549),(#5550,
#5551),(#5552,#5553),(#5554,#5555),(#5556,#5557),(#5558,#5559),(#5560,#5561),
(#5562,#5563),(#5564,#5565),(#5566,#5567),(#5568,#5569),(#5570,#5571)),
 .SURF_OF_LINEAR_EXTRUSION.,.F.,.F.,.F.,(4,1,1,1,1,1,1,1,1,1,4),(2,2),(0.0409239364092424,
0.100160164042631,0.129778277859326,0.15939639167602,0.218632619309409,
0.277868846942798,0.396341302209576,0.514813757476354,0.633286212743132,
0.75175866800991,0.988703578543466),(0.,1.),.UNSPECIFIED.);
#28=B_SPLINE_SURFACE_WITH_KNOTS('',3,1,((#5576,#5577),(#5578,#5579),(#5580,
#5581),(#5582,#5583),(#5584,#5585),(#5586,#5587),(#5588,#5589),(#5590,#5591),
(#5592,#5593),(#5594,#5595),(#5596,#5597),(#5598,#5599),(#5600,#5601)),
 .SURF_OF_LINEAR_EXTRUSION.,.F.,.F.,.F.,(4,1,1,1,1,1,1,1,1,1,4),(2,2),(0.0409239364092549,
0.100160164042643,0.129778277859337,0.159396391676031,0.218632619309419,
0.277868846942807,0.396341302209584,0.51481375747636,0.633286212743136,
0.751758668009912,0.988703578543465),(0.,1.),.UNSPECIFIED.);
#29=B_SPLINE_SURFACE_WITH_KNOTS('',3,1,((#5607,#5608),(#5609,#5610),(#5611,
#5612),(#5613,#5614),(#5615,#5616),(#5617,#5618),(#5619,#5620),(#5621,#5622),
(#5623,#5624),(#5625,#5626),(#5627,#5628),(#5629,#5630),(#5631,#5632)),
 .SURF_OF_LINEAR_EXTRUSION.,.F.,.F.,.F.,(4,1,1,1,1,1,1,1,1,1,4),(2,2),(0.0409239364092494,
0.100160164042638,0.129778277859332,0.159396391676026,0.218632619309415,
0.277868846942804,0.396341302209581,0.514813757476358,0.633286212743135,
0.751758668009912,0.988703578543466),(0.,1.),.UNSPECIFIED.);
#30=B_SPLINE_SURFACE_WITH_KNOTS('',3,1,((#5637,#5638),(#5639,#5640),(#5641,
#5642),(#5643,#5644),(#5645,#5646),(#5647,#5648),(#5649,#5650),(#5651,#5652),
(#5653,#5654),(#5655,#5656),(#5657,#5658),(#5659,#5660),(#5661,#5662)),
 .SURF_OF_LINEAR_EXTRUSION.,.F.,.F.,.F.,(4,1,1,1,1,1,1,1,1,1,4),(2,2),(0.0409239364092502,
0.100160164042639,0.129778277859333,0.159396391676027,0.218632619309415,
0.277868846942804,0.396341302209581,0.514813757476358,0.633286212743134,
0.751758668009911,0.988703578543465),(0.,1.),.UNSPECIFIED.);
#31=B_SPLINE_SURFACE_WITH_KNOTS('',3,1,((#5668,#5669),(#5670,#5671),(#5672,
#5673),(#5674,#5675),(#5676,#5677),(#5678,#5679),(#5680,#5681),(#5682,#5683),
(#5684,#5685),(#5686,#5687),(#5688,#5689),(#5690,#5691),(#5692,#5693)),
 .SURF_OF_LINEAR_EXTRUSION.,.F.,.F.,.F.,(4,1,1,1,1,1,1,1,1,1,4),(2,2),(0.04092393640925,
0.100160164042639,0.129778277859333,0.159396391676027,0.218632619309416,
0.277868846942804,0.396341302209581,0.514813757476358,0.633286212743135,
0.751758668009912,0.988703578543466),(0.,1.),.UNSPECIFIED.);
#32=B_SPLINE_SURFACE_WITH_KNOTS('',3,1,((#5699,#5700),(#5701,#5702),(#5703,
#5704),(#5705,#5706),(#5707,#5708),(#5709,#5710),(#5711,#5712),(#5713,#5714),
(#5715,#5716),(#5717,#5718),(#5719,#5720),(#5721,#5722),(#5723,#5724)),
 .SURF_OF_LINEAR_EXTRUSION.,.F.,.F.,.F.,(4,1,1,1,1,1,1,1,1,1,4),(2,2),(0.0409239364092599,
0.100160164042648,0.129778277859342,0.159396391676036,0.218632619309423,
0.277868846942811,0.396341302209587,0.514813757476362,0.633286212743138,
0.751758668009914,0.988703578543465),(0.,1.),.UNSPECIFIED.);
#33=B_SPLINE_SURFACE_WITH_KNOTS('',3,1,((#5730,#5731),(#5732,#5733),(#5734,
#5735),(#5736,#5737),(#5738,#5739),(#5740,#5741),(#5742,#5743),(#5744,#5745),
(#5746,#5747),(#5748,#5749),(#5750,#5751),(#5752,#5753),(#5754,#5755)),
 .SURF_OF_LINEAR_EXTRUSION.,.F.,.F.,.F.,(4,1,1,1,1,1,1,1,1,1,4),(2,2),(0.0409239364092533,
0.100160164042642,0.129778277859336,0.15939639167603,0.218632619309418,
0.277868846942807,0.396341302209583,0.51481375747636,0.633286212743136,
0.751758668009913,0.988703578543466),(0.,1.),.UNSPECIFIED.);
#34=B_SPLINE_SURFACE_WITH_KNOTS('',3,1,((#5760,#5761),(#5762,#5763),(#5764,
#5765),(#5766,#5767),(#5768,#5769),(#5770,#5771),(#5772,#5773),(#5774,#5775),
(#5776,#5777),(#5778,#5779),(#5780,#5781),(#5782,#5783),(#5784,#5785)),
 .SURF_OF_LINEAR_EXTRUSION.,.F.,.F.,.F.,(4,1,1,1,1,1,1,1,1,1,4),(2,2),(0.0409239364092522,
0.10016016404264,0.129778277859335,0.159396391676029,0.218632619309417,
0.277868846942805,0.396341302209582,0.514813757476359,0.633286212743135,
0.751758668009912,0.988703578543465),(0.,1.),.UNSPECIFIED.);
#35=B_SPLINE_SURFACE_WITH_KNOTS('',3,1,((#5791,#5792),(#5793,#5794),(#5795,
#5796),(#5797,#5798),(#5799,#5800),(#5801,#5802),(#5803,#5804),(#5805,#5806),
(#5807,#5808),(#5809,#5810),(#5811,#5812),(#5813,#5814),(#5815,#5816)),
 .SURF_OF_LINEAR_EXTRUSION.,.F.,.F.,.F.,(4,1,1,1,1,1,1,1,1,1,4),(2,2),(0.0409239364092499,
0.100160164042638,0.129778277859333,0.159396391676027,0.218632619309415,
0.277868846942804,0.396341302209581,0.514813757476358,0.633286212743135,
0.751758668009912,0.988703578543466),(0.,1.),.UNSPECIFIED.);
#36=B_SPLINE_SURFACE_WITH_KNOTS('',3,1,((#5822,#5823),(#5824,#5825),(#5826,
#5827),(#5828,#5829),(#5830,#5831),(#5832,#5833),(#5834,#5835),(#5836,#5837),
(#5838,#5839),(#5840,#5841),(#5842,#5843),(#5844,#5845),(#5846,#5847)),
 .SURF_OF_LINEAR_EXTRUSION.,.F.,.F.,.F.,(4,1,1,1,1,1,1,1,1,1,4),(2,2),(0.0409239364092559,
0.100160164042644,0.129778277859338,0.159396391676032,0.21863261930942,
0.277868846942808,0.396341302209584,0.51481375747636,0.633286212743137,
0.751758668009913,0.988703578543465),(0.,1.),.UNSPECIFIED.);
#37=B_SPLINE_SURFACE_WITH_KNOTS('',3,1,((#5853,#5854),(#5855,#5856),(#5857,
#5858),(#5859,#5860),(#5861,#5862),(#5863,#5864),(#5865,#5866),(#5867,#5868),
(#5869,#5870),(#5871,#5872),(#5873,#5874),(#5875,#5876),(#5877,#5878)),
 .SURF_OF_LINEAR_EXTRUSION.,.F.,.F.,.F.,(4,1,1,1,1,1,1,1,1,1,4),(2,2),(0.0409239364092523,
0.100160164042641,0.129778277859335,0.159396391676029,0.218632619309417,
0.277868846942806,0.396341302209582,0.514813757476359,0.633286212743136,
0.751758668009913,0.988703578543466),(0.,1.),.UNSPECIFIED.);
#38=B_SPLINE_SURFACE_WITH_KNOTS('',3,1,((#5884,#5885),(#5886,#5887),(#5888,
#5889),(#5890,#5891),(#5892,#5893),(#5894,#5895),(#5896,#5897),(#5898,#5899),
(#5900,#5901),(#5902,#5903),(#5904,#5905),(#5906,#5907),(#5908,#5909)),
 .SURF_OF_LINEAR_EXTRUSION.,.F.,.F.,.F.,(4,1,1,1,1,1,1,1,1,1,4),(2,2),(0.040923936409257,
0.100160164042645,0.129778277859339,0.159396391676033,0.218632619309421,
0.277868846942809,0.396341302209585,0.514813757476361,0.633286212743137,
0.751758668009913,0.988703578543465),(0.,1.),.UNSPECIFIED.);
#39=B_SPLINE_SURFACE_WITH_KNOTS('',3,1,((#5915,#5916),(#5917,#5918),(#5919,
#5920),(#5921,#5922),(#5923,#5924),(#5925,#5926),(#5927,#5928),(#5929,#5930),
(#5931,#5932),(#5933,#5934),(#5935,#5936),(#5937,#5938),(#5939,#5940)),
 .SURF_OF_LINEAR_EXTRUSION.,.F.,.F.,.F.,(4,1,1,1,1,1,1,1,1,1,4),(2,2),(0.0409239364092529,
0.100160164042641,0.129778277859335,0.15939639167603,0.218632619309418,
0.277868846942806,0.396341302209583,0.514813757476359,0.633286212743136,
0.751758668009913,0.988703578543466),(0.,1.),.UNSPECIFIED.);
#40=B_SPLINE_SURFACE_WITH_KNOTS('',3,1,((#5945,#5946),(#5947,#5948),(#5949,
#5950),(#5951,#5952),(#5953,#5954),(#5955,#5956),(#5957,#5958),(#5959,#5960),
(#5961,#5962),(#5963,#5964),(#5965,#5966),(#5967,#5968),(#5969,#5970)),
 .SURF_OF_LINEAR_EXTRUSION.,.F.,.F.,.F.,(4,1,1,1,1,1,1,1,1,1,4),(2,2),(0.0409239364092555,
0.100160164042644,0.129778277859338,0.159396391676032,0.21863261930942,
0.277868846942808,0.396341302209584,0.51481375747636,0.633286212743136,
0.751758668009913,0.988703578543465),(0.,1.),.UNSPECIFIED.);
#41=B_SPLINE_SURFACE_WITH_KNOTS('',3,1,((#5976,#5977),(#5978,#5979),(#5980,
#5981),(#5982,#5983),(#5984,#5985),(#5986,#5987),(#5988,#5989),(#5990,#5991),
(#5992,#5993),(#5994,#5995),(#5996,#5997),(#5998,#5999),(#6000,#6001)),
 .SURF_OF_LINEAR_EXTRUSION.,.F.,.F.,.F.,(4,1,1,1,1,1,1,1,1,1,4),(2,2),(0.0409239364092525,
0.100160164042641,0.129778277859335,0.159396391676029,0.218632619309418,
0.277868846942806,0.396341302209583,0.514813757476359,0.633286212743136,
0.751758668009913,0.988703578543466),(0.,1.),.UNSPECIFIED.);
#42=CYLINDRICAL_SURFACE('',#1912,0.0027);
#43=CYLINDRICAL_SURFACE('',#1915,0.0027);
#44=CYLINDRICAL_SURFACE('',#1918,0.006);
#45=CYLINDRICAL_SURFACE('',#1983,0.0125);
#46=CYLINDRICAL_SURFACE('',#1984,0.000820740820993427);
#47=CYLINDRICAL_SURFACE('',#1985,0.000820740820993427);
#48=CYLINDRICAL_SURFACE('',#1986,0.0125);
#49=CYLINDRICAL_SURFACE('',#1987,0.000820740820993427);
#50=CYLINDRICAL_SURFACE('',#1988,0.000820740820993427);
#51=CYLINDRICAL_SURFACE('',#1989,0.0125);
#52=CYLINDRICAL_SURFACE('',#1990,0.000820740820993427);
#53=CYLINDRICAL_SURFACE('',#1991,0.000820740820993427);
#54=CYLINDRICAL_SURFACE('',#1992,0.017);
#55=CYLINDRICAL_SURFACE('',#1993,0.017);
#56=CYLINDRICAL_SURFACE('',#1994,0.0125);
#57=CYLINDRICAL_SURFACE('',#1995,0.000820740820993427);
#58=CYLINDRICAL_SURFACE('',#1996,0.000820740820993427);
#59=CYLINDRICAL_SURFACE('',#1997,0.017);
#60=CYLINDRICAL_SURFACE('',#1998,0.0125);
#61=CYLINDRICAL_SURFACE('',#1999,0.000820740820993427);
#62=CYLINDRICAL_SURFACE('',#2000,0.000820740820993427);
#63=CYLINDRICAL_SURFACE('',#2001,0.017);
#64=CYLINDRICAL_SURFACE('',#2002,0.0125);
#65=CYLINDRICAL_SURFACE('',#2003,0.000820740820993427);
#66=CYLINDRICAL_SURFACE('',#2004,0.000820740820993427);
#67=CYLINDRICAL_SURFACE('',#2005,0.0125);
#68=CYLINDRICAL_SURFACE('',#2006,0.000820740820993427);
#69=CYLINDRICAL_SURFACE('',#2007,0.000820740820993427);
#70=CYLINDRICAL_SURFACE('',#2008,0.0125);
#71=CYLINDRICAL_SURFACE('',#2009,0.000820740820993427);
#72=CYLINDRICAL_SURFACE('',#2010,0.000820740820993427);
#73=CYLINDRICAL_SURFACE('',#2011,0.0125);
#74=CYLINDRICAL_SURFACE('',#2012,0.000820740820993427);
#75=CYLINDRICAL_SURFACE('',#2013,0.000820740820993427);
#76=CYLINDRICAL_SURFACE('',#2014,0.0125);
#77=CYLINDRICAL_SURFACE('',#2015,0.000820740820993427);
#78=CYLINDRICAL_SURFACE('',#2016,0.000820740820993427);
#79=CYLINDRICAL_SURFACE('',#2017,0.017);
#80=CYLINDRICAL_SURFACE('',#2018,0.0125);
#81=CYLINDRICAL_SURFACE('',#2019,0.000820740820993427);
#82=CYLINDRICAL_SURFACE('',#2020,0.000820740820993427);
#83=CYLINDRICAL_SURFACE('',#2021,0.0125);
#84=CYLINDRICAL_SURFACE('',#2022,0.000820740820993427);
#85=CYLINDRICAL_SURFACE('',#2023,0.000820740820993427);
#86=CYLINDRICAL_SURFACE('',#2024,0.017);
#87=CYLINDRICAL_SURFACE('',#2025,0.0125);
#88=CYLINDRICAL_SURFACE('',#2026,0.000820740820993427);
#89=CYLINDRICAL_SURFACE('',#2027,0.000820740820993427);
#90=CYLINDRICAL_SURFACE('',#2028,0.017);
#91=CYLINDRICAL_SURFACE('',#2029,0.0125);
#92=CYLINDRICAL_SURFACE('',#2030,0.000820740820993427);
#93=CYLINDRICAL_SURFACE('',#2031,0.000820740820993427);
#94=CYLINDRICAL_SURFACE('',#2032,0.0125);
#95=CYLINDRICAL_SURFACE('',#2033,0.000820740820993427);
#96=CYLINDRICAL_SURFACE('',#2034,0.000820740820993427);
#97=CYLINDRICAL_SURFACE('',#2035,0.017);
#98=CYLINDRICAL_SURFACE('',#2036,0.017);
#99=CYLINDRICAL_SURFACE('',#2037,0.017);
#100=CYLINDRICAL_SURFACE('',#2038,0.017);
#101=CYLINDRICAL_SURFACE('',#2039,0.017);
#102=CYLINDRICAL_SURFACE('',#2040,0.017);
#103=CYLINDRICAL_SURFACE('',#2041,0.017);
#104=CYLINDRICAL_SURFACE('',#2042,0.017);
#105=LINE('',#3793,#203);
#106=LINE('',#3798,#204);
#107=LINE('',#3802,#205);
#108=LINE('',#3804,#206);
#109=LINE('',#3808,#207);
#110=LINE('',#3810,#208);
#111=LINE('',#3812,#209);
#112=LINE('',#3816,#210);
#113=LINE('',#5110,#211);
#114=LINE('',#5111,#212);
#115=LINE('',#5113,#213);
#116=LINE('',#5114,#214);
#117=LINE('',#5141,#215);
#118=LINE('',#5142,#216);
#119=LINE('',#5171,#217);
#120=LINE('',#5172,#218);
#121=LINE('',#5174,#219);
#122=LINE('',#5175,#220);
#123=LINE('',#5202,#221);
#124=LINE('',#5203,#222);
#125=LINE('',#5232,#223);
#126=LINE('',#5233,#224);
#127=LINE('',#5235,#225);
#128=LINE('',#5236,#226);
#129=LINE('',#5263,#227);
#130=LINE('',#5264,#228);
#131=LINE('',#5295,#229);
#132=LINE('',#5296,#230);
#133=LINE('',#5298,#231);
#134=LINE('',#5299,#232);
#135=LINE('',#5326,#233);
#136=LINE('',#5327,#234);
#137=LINE('',#5357,#235);
#138=LINE('',#5358,#236);
#139=LINE('',#5360,#237);
#140=LINE('',#5361,#238);
#141=LINE('',#5388,#239);
#142=LINE('',#5389,#240);
#143=LINE('',#5419,#241);
#144=LINE('',#5420,#242);
#145=LINE('',#5422,#243);
#146=LINE('',#5423,#244);
#147=LINE('',#5450,#245);
#148=LINE('',#5451,#246);
#149=LINE('',#5480,#247);
#150=LINE('',#5481,#248);
#151=LINE('',#5483,#249);
#152=LINE('',#5484,#250);
#153=LINE('',#5511,#251);
#154=LINE('',#5512,#252);
#155=LINE('',#5541,#253);
#156=LINE('',#5542,#254);
#157=LINE('',#5544,#255);
#158=LINE('',#5545,#256);
#159=LINE('',#5572,#257);
#160=LINE('',#5573,#258);
#161=LINE('',#5602,#259);
#162=LINE('',#5603,#260);
#163=LINE('',#5605,#261);
#164=LINE('',#5606,#262);
#165=LINE('',#5633,#263);
#166=LINE('',#5634,#264);
#167=LINE('',#5663,#265);
#168=LINE('',#5664,#266);
#169=LINE('',#5666,#267);
#170=LINE('',#5667,#268);
#171=LINE('',#5694,#269);
#172=LINE('',#5695,#270);
#173=LINE('',#5725,#271);
#174=LINE('',#5726,#272);
#175=LINE('',#5728,#273);
#176=LINE('',#5729,#274);
#177=LINE('',#5756,#275);
#178=LINE('',#5757,#276);
#179=LINE('',#5786,#277);
#180=LINE('',#5787,#278);
#181=LINE('',#5789,#279);
#182=LINE('',#5790,#280);
#183=LINE('',#5817,#281);
#184=LINE('',#5818,#282);
#185=LINE('',#5848,#283);
#186=LINE('',#5849,#284);
#187=LINE('',#5851,#285);
#188=LINE('',#5852,#286);
#189=LINE('',#5879,#287);
#190=LINE('',#5880,#288);
#191=LINE('',#5910,#289);
#192=LINE('',#5911,#290);
#193=LINE('',#5913,#291);
#194=LINE('',#5914,#292);
#195=LINE('',#5941,#293);
#196=LINE('',#5942,#294);
#197=LINE('',#5971,#295);
#198=LINE('',#5972,#296);
#199=LINE('',#5974,#297);
#200=LINE('',#5975,#298);
#201=LINE('',#6002,#299);
#202=LINE('',#6003,#300);
#203=VECTOR('',#2167,1.);
#204=VECTOR('',#2170,1.);
#205=VECTOR('',#2175,1.);
#206=VECTOR('',#2176,1.);
#207=VECTOR('',#2181,1.);
#208=VECTOR('',#2182,1.);
#209=VECTOR('',#2185,1.);
#210=VECTOR('',#2190,1.);
#211=VECTOR('',#2321,1.);
#212=VECTOR('',#2322,1.);
#213=VECTOR('',#2325,1.);
#214=VECTOR('',#2326,1.);
#215=VECTOR('',#2327,1.);
#216=VECTOR('',#2328,1.);
#217=VECTOR('',#2333,1.);
#218=VECTOR('',#2334,1.);
#219=VECTOR('',#2337,1.);
#220=VECTOR('',#2338,1.);
#221=VECTOR('',#2339,1.);
#222=VECTOR('',#2340,1.);
#223=VECTOR('',#2345,1.);
#224=VECTOR('',#2346,1.);
#225=VECTOR('',#2349,1.);
#226=VECTOR('',#2350,1.);
#227=VECTOR('',#2351,1.);
#228=VECTOR('',#2352,1.);
#229=VECTOR('',#2361,1.);
#230=VECTOR('',#2362,1.);
#231=VECTOR('',#2365,1.);
#232=VECTOR('',#2366,1.);
#233=VECTOR('',#2367,1.);
#234=VECTOR('',#2368,1.);
#235=VECTOR('',#2375,1.);
#236=VECTOR('',#2376,1.);
#237=VECTOR('',#2379,1.);
#238=VECTOR('',#2380,1.);
#239=VECTOR('',#2381,1.);
#240=VECTOR('',#2382,1.);
#241=VECTOR('',#2389,1.);
#242=VECTOR('',#2390,1.);
#243=VECTOR('',#2393,1.);
#244=VECTOR('',#2394,1.);
#245=VECTOR('',#2395,1.);
#246=VECTOR('',#2396,1.);
#247=VECTOR('',#2401,1.);
#248=VECTOR('',#2402,1.);
#249=VECTOR('',#2405,1.);
#250=VECTOR('',#2406,1.);
#251=VECTOR('',#2407,1.);
#252=VECTOR('',#2408,1.);
#253=VECTOR('',#2413,1.);
#254=VECTOR('',#2414,1.);
#255=VECTOR('',#2417,1.);
#256=VECTOR('',#2418,1.);
#257=VECTOR('',#2419,1.);
#258=VECTOR('',#2420,1.);
#259=VECTOR('',#2425,1.);
#260=VECTOR('',#2426,1.);
#261=VECTOR('',#2429,1.);
#262=VECTOR('',#2430,1.);
#263=VECTOR('',#2431,1.);
#264=VECTOR('',#2432,1.);
#265=VECTOR('',#2437,1.);
#266=VECTOR('',#2438,1.);
#267=VECTOR('',#2441,1.);
#268=VECTOR('',#2442,1.);
#269=VECTOR('',#2443,1.);
#270=VECTOR('',#2444,1.);
#271=VECTOR('',#2451,1.);
#272=VECTOR('',#2452,1.);
#273=VECTOR('',#2455,1.);
#274=VECTOR('',#2456,1.);
#275=VECTOR('',#2457,1.);
#276=VECTOR('',#2458,1.);
#277=VECTOR('',#2463,1.);
#278=VECTOR('',#2464,1.);
#279=VECTOR('',#2467,1.);
#280=VECTOR('',#2468,1.);
#281=VECTOR('',#2469,1.);
#282=VECTOR('',#2470,1.);
#283=VECTOR('',#2477,1.);
#284=VECTOR('',#2478,1.);
#285=VECTOR('',#2481,1.);
#286=VECTOR('',#2482,1.);
#287=VECTOR('',#2483,1.);
#288=VECTOR('',#2484,1.);
#289=VECTOR('',#2491,1.);
#290=VECTOR('',#2492,1.);
#291=VECTOR('',#2495,1.);
#292=VECTOR('',#2496,1.);
#293=VECTOR('',#2497,1.);
#294=VECTOR('',#2498,1.);
#295=VECTOR('',#2503,1.);
#296=VECTOR('',#2504,1.);
#297=VECTOR('',#2507,1.);
#298=VECTOR('',#2508,1.);
#299=VECTOR('',#2509,1.);
#300=VECTOR('',#2510,1.);
#301=B_SPLINE_CURVE_WITH_KNOTS('',3,(#2536,#2537,#2538,#2539,#2540,#2541,
#2542,#2543,#2544,#2545,#2546,#2547,#2548,#2549,#2550,#2551,#2552,#2553,
#2554,#2555,#2556,#2557,#2558,#2559,#2560,#2561,#2562,#2563,#2564,#2565,
#2566,#2567,#2568,#2569,#2570,#2571,#2572),.UNSPECIFIED.,.F.,.F.,(4,1,1,
1,1,1,1,1,1,1,1,1,1,1,1,1,1,1,1,1,1,1,1,1,1,1,1,1,1,1,1,1,1,1,4),(0.,0.113487938645312,
0.121743445089471,0.132401255975108,0.145011747191337,0.159310699871886,
0.175118786671481,0.192303988722985,0.21076385685115,0.230415887111964,
0.251191783137002,0.273033793531268,0.295892248872636,0.319723835962189,
0.344490347744951,0.370157752534217,0.396695484754357,0.42407589370298,
0.452273807757534,0.48126618468468,0.511031827341331,0.541551149838043,
0.572805983201345,0.604779412349468,0.6374556381784,0.670819859994088,0.704858174586883,
0.739557489036558,0.77490544493564,0.810890352177644,0.84750113081172,0.884727259742563,
0.922558731273061,0.960986010660936,0.988703578543465),.UNSPECIFIED.);
#302=B_SPLINE_CURVE_WITH_KNOTS('',3,(#2576,#2577,#2578,#2579,#2580,#2581,
#2582,#2583,#2584,#2585,#2586,#2587,#2588,#2589,#2590,#2591,#2592,#2593,
#2594,#2595,#2596,#2597,#2598,#2599,#2600,#2601,#2602,#2603,#2604,#2605,
#2606,#2607,#2608,#2609,#2610,#2611,#2612),.UNSPECIFIED.,.F.,.F.,(4,1,1,
1,1,1,1,1,1,1,1,1,1,1,1,1,1,1,1,1,1,1,1,1,1,1,1,1,1,1,1,1,1,1,4),(0.,0.113487938645312,
0.121743445089471,0.132401255975108,0.145011747191337,0.159310699871886,
0.175118786671481,0.192303988722985,0.21076385685115,0.230415887111964,
0.251191783137002,0.273033793531268,0.295892248872636,0.319723835962189,
0.344490347744951,0.370157752534217,0.396695484754357,0.42407589370298,
0.452273807757534,0.48126618468468,0.511031827341331,0.541551149838043,
0.572805983201345,0.604779412349468,0.6374556381784,0.670819859994088,0.704858174586883,
0.739557489036558,0.77490544493564,0.810890352177644,0.84750113081172,0.884727259742563,
0.922558731273061,0.960986010660936,0.988703578543466),.UNSPECIFIED.);
#303=B_SPLINE_CURVE_WITH_KNOTS('',3,(#2620,#2621,#2622,#2623,#2624,#2625,
#2626,#2627,#2628,#2629,#2630,#2631,#2632,#2633,#2634,#2635,#2636,#2637,
#2638,#2639,#2640,#2641,#2642,#2643,#2644,#2645,#2646,#2647,#2648,#2649,
#2650,#2651,#2652,#2653,#2654,#2655,#2656),.UNSPECIFIED.,.F.,.F.,(4,1,1,
1,1,1,1,1,1,1,1,1,1,1,1,1,1,1,1,1,1,1,1,1,1,1,1,1,1,1,1,1,1,1,4),(0.,0.113487938645312,
0.121743445089471,0.132401255975108,0.145011747191337,0.159310699871886,
0.175118786671481,0.192303988722985,0.21076385685115,0.230415887111964,
0.251191783137002,0.273033793531268,0.295892248872636,0.319723835962189,
0.344490347744951,0.370157752534217,0.396695484754357,0.42407589370298,
0.452273807757534,0.48126618468468,0.511031827341331,0.541551149838043,
0.572805983201345,0.604779412349468,0.6374556381784,0.670819859994088,0.704858174586883,
0.739557489036558,0.77490544493564,0.810890352177644,0.84750113081172,0.884727259742563,
0.922558731273061,0.960986010660936,0.988703578543465),.UNSPECIFIED.);
#304=B_SPLINE_CURVE_WITH_KNOTS('',3,(#2660,#2661,#2662,#2663,#2664,#2665,
#2666,#2667,#2668,#2669,#2670,#2671,#2672,#2673,#2674,#2675,#2676,#2677,
#2678,#2679,#2680,#2681,#2682,#2683,#2684,#2685,#2686,#2687,#2688,#2689,
#2690,#2691,#2692,#2693,#2694,#2695,#2696),.UNSPECIFIED.,.F.,.F.,(4,1,1,
1,1,1,1,1,1,1,1,1,1,1,1,1,1,1,1,1,1,1,1,1,1,1,1,1,1,1,1,1,1,1,4),(0.,0.113487938645312,
0.121743445089471,0.132401255975108,0.145011747191337,0.159310699871886,
0.175118786671481,0.192303988722985,0.21076385685115,0.230415887111964,
0.251191783137002,0.273033793531268,0.295892248872636,0.319723835962189,
0.344490347744951,0.370157752534217,0.396695484754357,0.42407589370298,
0.452273807757534,0.48126618468468,0.511031827341331,0.541551149838043,
0.572805983201345,0.604779412349468,0.6374556381784,0.670819859994088,0.704858174586883,
0.739557489036558,0.77490544493564,0.810890352177644,0.84750113081172,0.884727259742563,
0.922558731273061,0.960986010660936,0.988703578543466),.UNSPECIFIED.);
#305=B_SPLINE_CURVE_WITH_KNOTS('',3,(#2704,#2705,#2706,#2707,#2708,#2709,
#2710,#2711,#2712,#2713,#2714,#2715,#2716,#2717,#2718,#2719,#2720,#2721,
#2722,#2723,#2724,#2725,#2726,#2727,#2728,#2729,#2730,#2731,#2732,#2733,
#2734,#2735,#2736,#2737,#2738,#2739,#2740),.UNSPECIFIED.,.F.,.F.,(4,1,1,
1,1,1,1,1,1,1,1,1,1,1,1,1,1,1,1,1,1,1,1,1,1,1,1,1,1,1,1,1,1,1,4),(0.,0.113487938645312,
0.121743445089471,0.132401255975108,0.145011747191337,0.159310699871886,
0.175118786671481,0.192303988722985,0.21076385685115,0.230415887111964,
0.251191783137002,0.273033793531268,0.295892248872636,0.319723835962189,
0.344490347744951,0.370157752534217,0.396695484754357,0.42407589370298,
0.452273807757534,0.48126618468468,0.511031827341331,0.541551149838043,
0.572805983201345,0.604779412349468,0.6374556381784,0.670819859994088,0.704858174586883,
0.739557489036558,0.77490544493564,0.810890352177644,0.84750113081172,0.884727259742563,
0.922558731273061,0.960986010660936,0.988703578543465),.UNSPECIFIED.);
#306=B_SPLINE_CURVE_WITH_KNOTS('',3,(#2744,#2745,#2746,#2747,#2748,#2749,
#2750,#2751,#2752,#2753,#2754,#2755,#2756,#2757,#2758,#2759,#2760,#2761,
#2762,#2763,#2764,#2765,#2766,#2767,#2768,#2769,#2770,#2771,#2772,#2773,
#2774,#2775,#2776,#2777,#2778,#2779,#2780),.UNSPECIFIED.,.F.,.F.,(4,1,1,
1,1,1,1,1,1,1,1,1,1,1,1,1,1,1,1,1,1,1,1,1,1,1,1,1,1,1,1,1,1,1,4),(0.,0.113487938645312,
0.121743445089471,0.132401255975108,0.145011747191337,0.159310699871886,
0.175118786671481,0.192303988722985,0.21076385685115,0.230415887111964,
0.251191783137002,0.273033793531268,0.295892248872636,0.319723835962189,
0.344490347744951,0.370157752534217,0.396695484754357,0.42407589370298,
0.452273807757534,0.48126618468468,0.511031827341331,0.541551149838043,
0.572805983201345,0.604779412349468,0.6374556381784,0.670819859994088,0.704858174586883,
0.739557489036558,0.77490544493564,0.810890352177644,0.84750113081172,0.884727259742563,
0.922558731273061,0.960986010660936,0.988703578543466),.UNSPECIFIED.);
#307=B_SPLINE_CURVE_WITH_KNOTS('',3,(#2788,#2789,#2790,#2791,#2792,#2793,
#2794,#2795,#2796,#2797,#2798,#2799,#2800,#2801,#2802,#2803,#2804,#2805,
#2806,#2807,#2808,#2809,#2810,#2811,#2812,#2813,#2814,#2815,#2816,#2817,
#2818,#2819,#2820,#2821,#2822,#2823,#2824),.UNSPECIFIED.,.F.,.F.,(4,1,1,
1,1,1,1,1,1,1,1,1,1,1,1,1,1,1,1,1,1,1,1,1,1,1,1,1,1,1,1,1,1,1,4),(0.,0.113487938645312,
0.121743445089471,0.132401255975108,0.145011747191337,0.159310699871886,
0.175118786671481,0.192303988722985,0.21076385685115,0.230415887111964,
0.251191783137002,0.273033793531268,0.295892248872636,0.319723835962189,
0.344490347744951,0.370157752534217,0.396695484754357,0.42407589370298,
0.452273807757534,0.48126618468468,0.511031827341331,0.541551149838043,
0.572805983201345,0.604779412349468,0.6374556381784,0.670819859994088,0.704858174586883,
0.739557489036558,0.77490544493564,0.810890352177644,0.84750113081172,0.884727259742563,
0.922558731273061,0.960986010660936,0.988703578543465),.UNSPECIFIED.);
#308=B_SPLINE_CURVE_WITH_KNOTS('',3,(#2828,#2829,#2830,#2831,#2832,#2833,
#2834,#2835,#2836,#2837,#2838,#2839,#2840,#2841,#2842,#2843,#2844,#2845,
#2846,#2847,#2848,#2849,#2850,#2851,#2852,#2853,#2854,#2855,#2856,#2857,
#2858,#2859,#2860,#2861,#2862,#2863,#2864),.UNSPECIFIED.,.F.,.F.,(4,1,1,
1,1,1,1,1,1,1,1,1,1,1,1,1,1,1,1,1,1,1,1,1,1,1,1,1,1,1,1,1,1,1,4),(0.,0.113487938645312,
0.121743445089471,0.132401255975108,0.145011747191337,0.159310699871886,
0.175118786671481,0.192303988722985,0.21076385685115,0.230415887111964,
0.251191783137002,0.273033793531268,0.295892248872636,0.319723835962189,
0.344490347744951,0.370157752534217,0.396695484754357,0.42407589370298,
0.452273807757534,0.48126618468468,0.511031827341331,0.541551149838043,
0.572805983201345,0.604779412349468,0.6374556381784,0.670819859994088,0.704858174586883,
0.739557489036558,0.77490544493564,0.810890352177644,0.84750113081172,0.884727259742563,
0.922558731273061,0.960986010660936,0.988703578543466),.UNSPECIFIED.);
#309=B_SPLINE_CURVE_WITH_KNOTS('',3,(#2872,#2873,#2874,#2875,#2876,#2877,
#2878,#2879,#2880,#2881,#2882,#2883,#2884,#2885,#2886,#2887,#2888,#2889,
#2890,#2891,#2892,#2893,#2894,#2895,#2896,#2897,#2898,#2899,#2900,#2901,
#2902,#2903,#2904,#2905,#2906,#2907,#2908),.UNSPECIFIED.,.F.,.F.,(4,1,1,
1,1,1,1,1,1,1,1,1,1,1,1,1,1,1,1,1,1,1,1,1,1,1,1,1,1,1,1,1,1,1,4),(0.,0.113487938645312,
0.121743445089471,0.132401255975108,0.145011747191337,0.159310699871886,
0.175118786671481,0.192303988722985,0.21076385685115,0.230415887111964,
0.251191783137002,0.273033793531268,0.295892248872636,0.319723835962189,
0.344490347744951,0.370157752534217,0.396695484754357,0.42407589370298,
0.452273807757534,0.48126618468468,0.511031827341331,0.541551149838043,
0.572805983201345,0.604779412349468,0.6374556381784,0.670819859994088,0.704858174586883,
0.739557489036558,0.77490544493564,0.810890352177644,0.84750113081172,0.884727259742563,
0.922558731273061,0.960986010660936,0.988703578543465),.UNSPECIFIED.);
#310=B_SPLINE_CURVE_WITH_KNOTS('',3,(#2912,#2913,#2914,#2915,#2916,#2917,
#2918,#2919,#2920,#2921,#2922,#2923,#2924,#2925,#2926,#2927,#2928,#2929,
#2930,#2931,#2932,#2933,#2934,#2935,#2936,#2937,#2938,#2939,#2940,#2941,
#2942,#2943,#2944,#2945,#2946,#2947,#2948),.UNSPECIFIED.,.F.,.F.,(4,1,1,
1,1,1,1,1,1,1,1,1,1,1,1,1,1,1,1,1,1,1,1,1,1,1,1,1,1,1,1,1,1,1,4),(0.,0.113487938645312,
0.121743445089471,0.132401255975108,0.145011747191337,0.159310699871886,
0.175118786671481,0.192303988722985,0.21076385685115,0.230415887111964,
0.251191783137002,0.273033793531268,0.295892248872636,0.319723835962189,
0.344490347744951,0.370157752534217,0.396695484754357,0.42407589370298,
0.452273807757534,0.48126618468468,0.511031827341331,0.541551149838043,
0.572805983201345,0.604779412349468,0.6374556381784,0.670819859994088,0.704858174586883,
0.739557489036558,0.77490544493564,0.810890352177644,0.84750113081172,0.884727259742563,
0.922558731273061,0.960986010660936,0.988703578543466),.UNSPECIFIED.);
#311=B_SPLINE_CURVE_WITH_KNOTS('',3,(#2956,#2957,#2958,#2959,#2960,#2961,
#2962,#2963,#2964,#2965,#2966,#2967,#2968,#2969,#2970,#2971,#2972,#2973,
#2974,#2975,#2976,#2977,#2978,#2979,#2980,#2981,#2982,#2983,#2984,#2985,
#2986,#2987,#2988,#2989,#2990,#2991,#2992),.UNSPECIFIED.,.F.,.F.,(4,1,1,
1,1,1,1,1,1,1,1,1,1,1,1,1,1,1,1,1,1,1,1,1,1,1,1,1,1,1,1,1,1,1,4),(0.,0.113487938645312,
0.121743445089471,0.132401255975108,0.145011747191337,0.159310699871886,
0.175118786671481,0.192303988722985,0.21076385685115,0.230415887111964,
0.251191783137002,0.273033793531268,0.295892248872636,0.319723835962189,
0.344490347744951,0.370157752534217,0.396695484754357,0.42407589370298,
0.452273807757534,0.48126618468468,0.511031827341331,0.541551149838043,
0.572805983201345,0.604779412349468,0.6374556381784,0.670819859994088,0.704858174586883,
0.739557489036558,0.77490544493564,0.810890352177644,0.84750113081172,0.884727259742563,
0.922558731273061,0.960986010660936,0.988703578543465),.UNSPECIFIED.);
#312=B_SPLINE_CURVE_WITH_KNOTS('',3,(#2996,#2997,#2998,#2999,#3000,#3001,
#3002,#3003,#3004,#3005,#3006,#3007,#3008,#3009,#3010,#3011,#3012,#3013,
#3014,#3015,#3016,#3017,#3018,#3019,#3020,#3021,#3022,#3023,#3024,#3025,
#3026,#3027,#3028,#3029,#3030,#3031,#3032),.UNSPECIFIED.,.F.,.F.,(4,1,1,
1,1,1,1,1,1,1,1,1,1,1,1,1,1,1,1,1,1,1,1,1,1,1,1,1,1,1,1,1,1,1,4),(0.,0.113487938645312,
0.121743445089471,0.132401255975108,0.145011747191337,0.159310699871886,
0.175118786671481,0.192303988722985,0.21076385685115,0.230415887111964,
0.251191783137002,0.273033793531268,0.295892248872636,0.319723835962189,
0.344490347744951,0.370157752534217,0.396695484754357,0.42407589370298,
0.452273807757534,0.48126618468468,0.511031827341331,0.541551149838043,
0.572805983201345,0.604779412349468,0.6374556381784,0.670819859994088,0.704858174586883,
0.739557489036558,0.77490544493564,0.810890352177644,0.84750113081172,0.884727259742563,
0.922558731273061,0.960986010660936,0.988703578543466),.UNSPECIFIED.);
#313=B_SPLINE_CURVE_WITH_KNOTS('',3,(#3040,#3041,#3042,#3043,#3044,#3045,
#3046,#3047,#3048,#3049,#3050,#3051,#3052,#3053,#3054,#3055,#3056,#3057,
#3058,#3059,#3060,#3061,#3062,#3063,#3064,#3065,#3066,#3067,#3068,#3069,
#3070,#3071,#3072,#3073,#3074,#3075,#3076),.UNSPECIFIED.,.F.,.F.,(4,1,1,
1,1,1,1,1,1,1,1,1,1,1,1,1,1,1,1,1,1,1,1,1,1,1,1,1,1,1,1,1,1,1,4),(0.,0.113487938645312,
0.121743445089471,0.132401255975108,0.145011747191337,0.159310699871886,
0.175118786671481,0.192303988722985,0.21076385685115,0.230415887111964,
0.251191783137002,0.273033793531268,0.295892248872636,0.319723835962189,
0.344490347744951,0.370157752534217,0.396695484754357,0.42407589370298,
0.452273807757534,0.48126618468468,0.511031827341331,0.541551149838043,
0.572805983201345,0.604779412349468,0.6374556381784,0.670819859994088,0.704858174586883,
0.739557489036558,0.77490544493564,0.810890352177644,0.84750113081172,0.884727259742563,
0.922558731273061,0.960986010660936,0.988703578543465),.UNSPECIFIED.);
#314=B_SPLINE_CURVE_WITH_KNOTS('',3,(#3080,#3081,#3082,#3083,#3084,#3085,
#3086,#3087,#3088,#3089,#3090,#3091,#3092,#3093,#3094,#3095,#3096,#3097,
#3098,#3099,#3100,#3101,#3102,#3103,#3104,#3105,#3106,#3107,#3108,#3109,
#3110,#3111,#3112,#3113,#3114,#3115,#3116),.UNSPECIFIED.,.F.,.F.,(4,1,1,
1,1,1,1,1,1,1,1,1,1,1,1,1,1,1,1,1,1,1,1,1,1,1,1,1,1,1,1,1,1,1,4),(0.,0.113487938645312,
0.121743445089471,0.132401255975108,0.145011747191337,0.159310699871886,
0.175118786671481,0.192303988722985,0.21076385685115,0.230415887111964,
0.251191783137002,0.273033793531268,0.295892248872636,0.319723835962189,
0.344490347744951,0.370157752534217,0.396695484754357,0.42407589370298,
0.452273807757534,0.48126618468468,0.511031827341331,0.541551149838043,
0.572805983201345,0.604779412349468,0.6374556381784,0.670819859994088,0.704858174586883,
0.739557489036558,0.77490544493564,0.810890352177644,0.84750113081172,0.884727259742563,
0.922558731273061,0.960986010660936,0.988703578543466),.UNSPECIFIED.);
#315=B_SPLINE_CURVE_WITH_KNOTS('',3,(#3124,#3125,#3126,#3127,#3128,#3129,
#3130,#3131,#3132,#3133,#3134,#3135,#3136,#3137,#3138,#3139,#3140,#3141,
#3142,#3143,#3144,#3145,#3146,#3147,#3148,#3149,#3150,#3151,#3152,#3153,
#3154,#3155,#3156,#3157,#3158,#3159,#3160),.UNSPECIFIED.,.F.,.F.,(4,1,1,
1,1,1,1,1,1,1,1,1,1,1,1,1,1,1,1,1,1,1,1,1,1,1,1,1,1,1,1,1,1,1,4),(0.,0.113487938645312,
0.121743445089471,0.132401255975108,0.145011747191337,0.159310699871886,
0.175118786671481,0.192303988722985,0.21076385685115,0.230415887111964,
0.251191783137002,0.273033793531268,0.295892248872636,0.319723835962189,
0.344490347744951,0.370157752534217,0.396695484754357,0.42407589370298,
0.452273807757534,0.48126618468468,0.511031827341331,0.541551149838043,
0.572805983201345,0.604779412349468,0.6374556381784,0.670819859994088,0.704858174586883,
0.739557489036558,0.77490544493564,0.810890352177644,0.84750113081172,0.884727259742563,
0.922558731273061,0.960986010660936,0.988703578543465),.UNSPECIFIED.);
#316=B_SPLINE_CURVE_WITH_KNOTS('',3,(#3164,#3165,#3166,#3167,#3168,#3169,
#3170,#3171,#3172,#3173,#3174,#3175,#3176,#3177,#3178,#3179,#3180,#3181,
#3182,#3183,#3184,#3185,#3186,#3187,#3188,#3189,#3190,#3191,#3192,#3193,
#3194,#3195,#3196,#3197,#3198,#3199,#3200),.UNSPECIFIED.,.F.,.F.,(4,1,1,
1,1,1,1,1,1,1,1,1,1,1,1,1,1,1,1,1,1,1,1,1,1,1,1,1,1,1,1,1,1,1,4),(0.,0.113487938645312,
0.121743445089471,0.132401255975108,0.145011747191337,0.159310699871886,
0.175118786671481,0.192303988722985,0.21076385685115,0.230415887111964,
0.251191783137002,0.273033793531268,0.295892248872636,0.319723835962189,
0.344490347744951,0.370157752534217,0.396695484754357,0.42407589370298,
0.452273807757534,0.48126618468468,0.511031827341331,0.541551149838043,
0.572805983201345,0.604779412349468,0.6374556381784,0.670819859994088,0.704858174586883,
0.739557489036558,0.77490544493564,0.810890352177644,0.84750113081172,0.884727259742563,
0.922558731273061,0.960986010660936,0.988703578543466),.UNSPECIFIED.);
#317=B_SPLINE_CURVE_WITH_KNOTS('',3,(#3208,#3209,#3210,#3211,#3212,#3213,
#3214,#3215,#3216,#3217,#3218,#3219,#3220,#3221,#3222,#3223,#3224,#3225,
#3226,#3227,#3228,#3229,#3230,#3231,#3232,#3233,#3234,#3235,#3236,#3237,
#3238,#3239,#3240,#3241,#3242,#3243,#3244),.UNSPECIFIED.,.F.,.F.,(4,1,1,
1,1,1,1,1,1,1,1,1,1,1,1,1,1,1,1,1,1,1,1,1,1,1,1,1,1,1,1,1,1,1,4),(0.,0.113487938645312,
0.121743445089471,0.132401255975108,0.145011747191337,0.159310699871886,
0.175118786671481,0.192303988722985,0.21076385685115,0.230415887111964,
0.251191783137002,0.273033793531268,0.295892248872636,0.319723835962189,
0.344490347744951,0.370157752534217,0.396695484754357,0.42407589370298,
0.452273807757534,0.48126618468468,0.511031827341331,0.541551149838043,
0.572805983201345,0.604779412349468,0.6374556381784,0.670819859994088,0.704858174586883,
0.739557489036558,0.77490544493564,0.810890352177644,0.84750113081172,0.884727259742563,
0.922558731273061,0.960986010660936,0.988703578543465),.UNSPECIFIED.);
#318=B_SPLINE_CURVE_WITH_KNOTS('',3,(#3248,#3249,#3250,#3251,#3252,#3253,
#3254,#3255,#3256,#3257,#3258,#3259,#3260,#3261,#3262,#3263,#3264,#3265,
#3266,#3267,#3268,#3269,#3270,#3271,#3272,#3273,#3274,#3275,#3276,#3277,
#3278,#3279,#3280,#3281,#3282,#3283,#3284),.UNSPECIFIED.,.F.,.F.,(4,1,1,
1,1,1,1,1,1,1,1,1,1,1,1,1,1,1,1,1,1,1,1,1,1,1,1,1,1,1,1,1,1,1,4),(0.,0.113487938645312,
0.121743445089471,0.132401255975108,0.145011747191337,0.159310699871886,
0.175118786671481,0.192303988722985,0.21076385685115,0.230415887111964,
0.251191783137002,0.273033793531268,0.295892248872636,0.319723835962189,
0.344490347744951,0.370157752534217,0.396695484754357,0.42407589370298,
0.452273807757534,0.48126618468468,0.511031827341331,0.541551149838043,
0.572805983201345,0.604779412349468,0.6374556381784,0.670819859994088,0.704858174586883,
0.739557489036558,0.77490544493564,0.810890352177644,0.84750113081172,0.884727259742563,
0.922558731273061,0.960986010660936,0.988703578543466),.UNSPECIFIED.);
#319=B_SPLINE_CURVE_WITH_KNOTS('',3,(#3292,#3293,#3294,#3295,#3296,#3297,
#3298,#3299,#3300,#3301,#3302,#3303,#3304,#3305,#3306,#3307,#3308,#3309,
#3310,#3311,#3312,#3313,#3314,#3315,#3316,#3317,#3318,#3319,#3320,#3321,
#3322,#3323,#3324,#3325,#3326,#3327,#3328),.UNSPECIFIED.,.F.,.F.,(4,1,1,
1,1,1,1,1,1,1,1,1,1,1,1,1,1,1,1,1,1,1,1,1,1,1,1,1,1,1,1,1,1,1,4),(0.,0.113487938645312,
0.121743445089471,0.132401255975108,0.145011747191337,0.159310699871886,
0.175118786671481,0.192303988722985,0.21076385685115,0.230415887111964,
0.251191783137002,0.273033793531268,0.295892248872636,0.319723835962189,
0.344490347744951,0.370157752534217,0.396695484754357,0.42407589370298,
0.452273807757534,0.48126618468468,0.511031827341331,0.541551149838043,
0.572805983201345,0.604779412349468,0.6374556381784,0.670819859994088,0.704858174586883,
0.739557489036558,0.77490544493564,0.810890352177644,0.84750113081172,0.884727259742563,
0.922558731273061,0.960986010660936,0.988703578543465),.UNSPECIFIED.);
#320=B_SPLINE_CURVE_WITH_KNOTS('',3,(#3332,#3333,#3334,#3335,#3336,#3337,
#3338,#3339,#3340,#3341,#3342,#3343,#3344,#3345,#3346,#3347,#3348,#3349,
#3350,#3351,#3352,#3353,#3354,#3355,#3356,#3357,#3358,#3359,#3360,#3361,
#3362,#3363,#3364,#3365,#3366,#3367,#3368),.UNSPECIFIED.,.F.,.F.,(4,1,1,
1,1,1,1,1,1,1,1,1,1,1,1,1,1,1,1,1,1,1,1,1,1,1,1,1,1,1,1,1,1,1,4),(0.,0.113487938645312,
0.121743445089471,0.132401255975108,0.145011747191337,0.159310699871886,
0.175118786671481,0.192303988722985,0.21076385685115,0.230415887111964,
0.251191783137002,0.273033793531268,0.295892248872636,0.319723835962189,
0.344490347744951,0.370157752534217,0.396695484754357,0.42407589370298,
0.452273807757534,0.48126618468468,0.511031827341331,0.541551149838043,
0.572805983201345,0.604779412349468,0.6374556381784,0.670819859994088,0.704858174586883,
0.739557489036558,0.77490544493564,0.810890352177644,0.84750113081172,0.884727259742563,
0.922558731273061,0.960986010660936,0.988703578543466),.UNSPECIFIED.);
#321=B_SPLINE_CURVE_WITH_KNOTS('',3,(#3376,#3377,#3378,#3379,#3380,#3381,
#3382,#3383,#3384,#3385,#3386,#3387,#3388,#3389,#3390,#3391,#3392,#3393,
#3394,#3395,#3396,#3397,#3398,#3399,#3400,#3401,#3402,#3403,#3404,#3405,
#3406,#3407,#3408,#3409,#3410,#3411,#3412),.UNSPECIFIED.,.F.,.F.,(4,1,1,
1,1,1,1,1,1,1,1,1,1,1,1,1,1,1,1,1,1,1,1,1,1,1,1,1,1,1,1,1,1,1,4),(0.,0.113487938645312,
0.121743445089471,0.132401255975108,0.145011747191337,0.159310699871886,
0.175118786671481,0.192303988722985,0.21076385685115,0.230415887111964,
0.251191783137002,0.273033793531268,0.295892248872636,0.319723835962189,
0.344490347744951,0.370157752534217,0.396695484754357,0.42407589370298,
0.452273807757534,0.48126618468468,0.511031827341331,0.541551149838043,
0.572805983201345,0.604779412349468,0.6374556381784,0.670819859994088,0.704858174586883,
0.739557489036558,0.77490544493564,0.810890352177644,0.84750113081172,0.884727259742563,
0.922558731273061,0.960986010660936,0.988703578543465),.UNSPECIFIED.);
#322=B_SPLINE_CURVE_WITH_KNOTS('',3,(#3416,#3417,#3418,#3419,#3420,#3421,
#3422,#3423,#3424,#3425,#3426,#3427,#3428,#3429,#3430,#3431,#3432,#3433,
#3434,#3435,#3436,#3437,#3438,#3439,#3440,#3441,#3442,#3443,#3444,#3445,
#3446,#3447,#3448,#3449,#3450,#3451,#3452),.UNSPECIFIED.,.F.,.F.,(4,1,1,
1,1,1,1,1,1,1,1,1,1,1,1,1,1,1,1,1,1,1,1,1,1,1,1,1,1,1,1,1,1,1,4),(0.,0.113487938645312,
0.121743445089471,0.132401255975108,0.145011747191337,0.159310699871886,
0.175118786671481,0.192303988722985,0.21076385685115,0.230415887111964,
0.251191783137002,0.273033793531268,0.295892248872636,0.319723835962189,
0.344490347744951,0.370157752534217,0.396695484754357,0.42407589370298,
0.452273807757534,0.48126618468468,0.511031827341331,0.541551149838043,
0.572805983201345,0.604779412349468,0.6374556381784,0.670819859994088,0.704858174586883,
0.739557489036558,0.77490544493564,0.810890352177644,0.84750113081172,0.884727259742563,
0.922558731273061,0.960986010660936,0.988703578543466),.UNSPECIFIED.);
#323=B_SPLINE_CURVE_WITH_KNOTS('',3,(#3460,#3461,#3462,#3463,#3464,#3465,
#3466,#3467,#3468,#3469,#3470,#3471,#3472,#3473,#3474,#3475,#3476,#3477,
#3478,#3479,#3480,#3481,#3482,#3483,#3484,#3485,#3486,#3487,#3488,#3489,
#3490,#3491,#3492,#3493,#3494,#3495,#3496),.UNSPECIFIED.,.F.,.F.,(4,1,1,
1,1,1,1,1,1,1,1,1,1,1,1,1,1,1,1,1,1,1,1,1,1,1,1,1,1,1,1,1,1,1,4),(0.,0.113487938645312,
0.121743445089471,0.132401255975108,0.145011747191337,0.159310699871886,
0.175118786671481,0.192303988722985,0.21076385685115,0.230415887111964,
0.251191783137002,0.273033793531268,0.295892248872636,0.319723835962189,
0.344490347744951,0.370157752534217,0.396695484754357,0.42407589370298,
0.452273807757534,0.48126618468468,0.511031827341331,0.541551149838043,
0.572805983201345,0.604779412349468,0.6374556381784,0.670819859994088,0.704858174586883,
0.739557489036558,0.77490544493564,0.810890352177644,0.84750113081172,0.884727259742563,
0.922558731273061,0.960986010660936,0.988703578543465),.UNSPECIFIED.);
#324=B_SPLINE_CURVE_WITH_KNOTS('',3,(#3500,#3501,#3502,#3503,#3504,#3505,
#3506,#3507,#3508,#3509,#3510,#3511,#3512,#3513,#3514,#3515,#3516,#3517,
#3518,#3519,#3520,#3521,#3522,#3523,#3524,#3525,#3526,#3527,#3528,#3529,
#3530,#3531,#3532,#3533,#3534,#3535,#3536),.UNSPECIFIED.,.F.,.F.,(4,1,1,
1,1,1,1,1,1,1,1,1,1,1,1,1,1,1,1,1,1,1,1,1,1,1,1,1,1,1,1,1,1,1,4),(0.,0.113487938645312,
0.121743445089471,0.132401255975108,0.145011747191337,0.159310699871886,
0.175118786671481,0.192303988722985,0.21076385685115,0.230415887111964,
0.251191783137002,0.273033793531268,0.295892248872636,0.319723835962189,
0.344490347744951,0.370157752534217,0.396695484754357,0.42407589370298,
0.452273807757534,0.48126618468468,0.511031827341331,0.541551149838043,
0.572805983201345,0.604779412349468,0.6374556381784,0.670819859994088,0.704858174586883,
0.739557489036558,0.77490544493564,0.810890352177644,0.84750113081172,0.884727259742563,
0.922558731273061,0.960986010660936,0.988703578543466),.UNSPECIFIED.);
#325=B_SPLINE_CURVE_WITH_KNOTS('',3,(#3544,#3545,#3546,#3547,#3548,#3549,
#3550,#3551,#3552,#3553,#3554,#3555,#3556,#3557,#3558,#3559,#3560,#3561,
#3562,#3563,#3564,#3565,#3566,#3567,#3568,#3569,#3570,#3571,#3572,#3573,
#3574,#3575,#3576,#3577,#3578,#3579,#3580),.UNSPECIFIED.,.F.,.F.,(4,1,1,
1,1,1,1,1,1,1,1,1,1,1,1,1,1,1,1,1,1,1,1,1,1,1,1,1,1,1,1,1,1,1,4),(0.,0.113487938645312,
0.121743445089471,0.132401255975108,0.145011747191337,0.159310699871886,
0.175118786671481,0.192303988722985,0.21076385685115,0.230415887111964,
0.251191783137002,0.273033793531268,0.295892248872636,0.319723835962189,
0.344490347744951,0.370157752534217,0.396695484754357,0.42407589370298,
0.452273807757534,0.48126618468468,0.511031827341331,0.541551149838043,
0.572805983201345,0.604779412349468,0.6374556381784,0.670819859994088,0.704858174586883,
0.739557489036558,0.77490544493564,0.810890352177644,0.84750113081172,0.884727259742563,
0.922558731273061,0.960986010660936,0.988703578543465),.UNSPECIFIED.);
#326=B_SPLINE_CURVE_WITH_KNOTS('',3,(#3584,#3585,#3586,#3587,#3588,#3589,
#3590,#3591,#3592,#3593,#3594,#3595,#3596,#3597,#3598,#3599,#3600,#3601,
#3602,#3603,#3604,#3605,#3606,#3607,#3608,#3609,#3610,#3611,#3612,#3613,
#3614,#3615,#3616,#3617,#3618,#3619,#3620),.UNSPECIFIED.,.F.,.F.,(4,1,1,
1,1,1,1,1,1,1,1,1,1,1,1,1,1,1,1,1,1,1,1,1,1,1,1,1,1,1,1,1,1,1,4),(0.,0.113487938645312,
0.121743445089471,0.132401255975108,0.145011747191337,0.159310699871886,
0.175118786671481,0.192303988722985,0.21076385685115,0.230415887111964,
0.251191783137002,0.273033793531268,0.295892248872636,0.319723835962189,
0.344490347744951,0.370157752534217,0.396695484754357,0.42407589370298,
0.452273807757534,0.48126618468468,0.511031827341331,0.541551149838043,
0.572805983201345,0.604779412349468,0.6374556381784,0.670819859994088,0.704858174586883,
0.739557489036558,0.77490544493564,0.810890352177644,0.84750113081172,0.884727259742563,
0.922558731273061,0.960986010660936,0.988703578543466),.UNSPECIFIED.);
#327=B_SPLINE_CURVE_WITH_KNOTS('',3,(#3628,#3629,#3630,#3631,#3632,#3633,
#3634,#3635,#3636,#3637,#3638,#3639,#3640,#3641,#3642,#3643,#3644,#3645,
#3646,#3647,#3648,#3649,#3650,#3651,#3652,#3653,#3654,#3655,#3656,#3657,
#3658,#3659,#3660,#3661,#3662,#3663,#3664),.UNSPECIFIED.,.F.,.F.,(4,1,1,
1,1,1,1,1,1,1,1,1,1,1,1,1,1,1,1,1,1,1,1,1,1,1,1,1,1,1,1,1,1,1,4),(0.,0.113487938645312,
0.121743445089471,0.132401255975108,0.145011747191337,0.159310699871886,
0.175118786671481,0.192303988722985,0.21076385685115,0.230415887111964,
0.251191783137002,0.273033793531268,0.295892248872636,0.319723835962189,
0.344490347744951,0.370157752534217,0.396695484754357,0.42407589370298,
0.452273807757534,0.48126618468468,0.511031827341331,0.541551149838043,
0.572805983201345,0.604779412349468,0.6374556381784,0.670819859994088,0.704858174586883,
0.739557489036558,0.77490544493564,0.810890352177644,0.84750113081172,0.884727259742563,
0.922558731273061,0.960986010660936,0.988703578543465),.UNSPECIFIED.);
#328=B_SPLINE_CURVE_WITH_KNOTS('',3,(#3668,#3669,#3670,#3671,#3672,#3673,
#3674,#3675,#3676,#3677,#3678,#3679,#3680,#3681,#3682,#3683,#3684,#3685,
#3686,#3687,#3688,#3689,#3690,#3691,#3692,#3693,#3694,#3695,#3696,#3697,
#3698,#3699,#3700,#3701,#3702,#3703,#3704),.UNSPECIFIED.,.F.,.F.,(4,1,1,
1,1,1,1,1,1,1,1,1,1,1,1,1,1,1,1,1,1,1,1,1,1,1,1,1,1,1,1,1,1,1,4),(0.,0.113487938645312,
0.121743445089471,0.132401255975108,0.145011747191337,0.159310699871886,
0.175118786671481,0.192303988722985,0.21076385685115,0.230415887111964,
0.251191783137002,0.273033793531268,0.295892248872636,0.319723835962189,
0.344490347744951,0.370157752534217,0.396695484754357,0.42407589370298,
0.452273807757534,0.48126618468468,0.511031827341331,0.541551149838043,
0.572805983201345,0.604779412349468,0.6374556381784,0.670819859994088,0.704858174586883,
0.739557489036558,0.77490544493564,0.810890352177644,0.84750113081172,0.884727259742563,
0.922558731273061,0.960986010660936,0.988703578543466),.UNSPECIFIED.);
#329=B_SPLINE_CURVE_WITH_KNOTS('',3,(#3712,#3713,#3714,#3715,#3716,#3717,
#3718,#3719,#3720,#3721,#3722,#3723,#3724,#3725,#3726,#3727,#3728,#3729,
#3730,#3731,#3732,#3733,#3734,#3735,#3736,#3737,#3738,#3739,#3740,#3741,
#3742,#3743,#3744,#3745,#3746,#3747,#3748),.UNSPECIFIED.,.F.,.F.,(4,1,1,
1,1,1,1,1,1,1,1,1,1,1,1,1,1,1,1,1,1,1,1,1,1,1,1,1,1,1,1,1,1,1,4),(0.,0.113487938645312,
0.121743445089471,0.132401255975108,0.145011747191337,0.159310699871886,
0.175118786671481,0.192303988722985,0.21076385685115,0.230415887111964,
0.251191783137002,0.273033793531268,0.295892248872636,0.319723835962189,
0.344490347744951,0.370157752534217,0.396695484754357,0.42407589370298,
0.452273807757534,0.48126618468468,0.511031827341331,0.541551149838043,
0.572805983201345,0.604779412349468,0.6374556381784,0.670819859994088,0.704858174586883,
0.739557489036558,0.77490544493564,0.810890352177644,0.84750113081172,0.884727259742563,
0.922558731273061,0.960986010660936,0.988703578543465),.UNSPECIFIED.);
#330=B_SPLINE_CURVE_WITH_KNOTS('',3,(#3752,#3753,#3754,#3755,#3756,#3757,
#3758,#3759,#3760,#3761,#3762,#3763,#3764,#3765,#3766,#3767,#3768,#3769,
#3770,#3771,#3772,#3773,#3774,#3775,#3776,#3777,#3778,#3779,#3780,#3781,
#3782,#3783,#3784,#3785,#3786,#3787,#3788),.UNSPECIFIED.,.F.,.F.,(4,1,1,
1,1,1,1,1,1,1,1,1,1,1,1,1,1,1,1,1,1,1,1,1,1,1,1,1,1,1,1,1,1,1,4),(0.,0.113487938645312,
0.121743445089471,0.132401255975108,0.145011747191337,0.159310699871886,
0.175118786671481,0.192303988722985,0.21076385685115,0.230415887111964,
0.251191783137002,0.273033793531268,0.295892248872636,0.319723835962189,
0.344490347744951,0.370157752534217,0.396695484754357,0.42407589370298,
0.452273807757534,0.48126618468468,0.511031827341331,0.541551149838043,
0.572805983201345,0.604779412349468,0.6374556381784,0.670819859994088,0.704858174586883,
0.739557489036558,0.77490544493564,0.810890352177644,0.84750113081172,0.884727259742563,
0.922558731273061,0.960986010660936,0.988703578543466),.UNSPECIFIED.);
#331=B_SPLINE_CURVE_WITH_KNOTS('',3,(#3827,#3828,#3829,#3830,#3831,#3832,
#3833,#3834,#3835,#3836,#3837,#3838,#3839,#3840,#3841,#3842,#3843,#3844,
#3845,#3846,#3847,#3848,#3849,#3850,#3851,#3852,#3853,#3854,#3855,#3856,
#3857,#3858,#3859,#3860,#3861,#3862,#3863),.UNSPECIFIED.,.F.,.F.,(4,1,1,
1,1,1,1,1,1,1,1,1,1,1,1,1,1,1,1,1,1,1,1,1,1,1,1,1,1,1,1,1,1,1,4),(0.,0.113487938645312,
0.121743445089471,0.132401255975108,0.145011747191337,0.159310699871886,
0.175118786671481,0.192303988722985,0.21076385685115,0.230415887111964,
0.251191783137002,0.273033793531268,0.295892248872636,0.319723835962189,
0.344490347744951,0.370157752534217,0.396695484754357,0.42407589370298,
0.452273807757534,0.48126618468468,0.511031827341331,0.541551149838043,
0.572805983201345,0.604779412349468,0.6374556381784,0.670819859994088,0.704858174586883,
0.739557489036558,0.77490544493564,0.810890352177644,0.84750113081172,0.884727259742563,
0.922558731273061,0.960986010660936,0.988703578543466),.UNSPECIFIED.);
#332=B_SPLINE_CURVE_WITH_KNOTS('',3,(#3867,#3868,#3869,#3870,#3871,#3872,
#3873,#3874,#3875,#3876,#3877,#3878,#3879,#3880,#3881,#3882,#3883,#3884,
#3885,#3886,#3887,#3888,#3889,#3890,#3891,#3892,#3893,#3894,#3895,#3896,
#3897,#3898,#3899,#3900,#3901,#3902,#3903),.UNSPECIFIED.,.F.,.F.,(4,1,1,
1,1,1,1,1,1,1,1,1,1,1,1,1,1,1,1,1,1,1,1,1,1,1,1,1,1,1,1,1,1,1,4),(0.,0.113487938645312,
0.121743445089471,0.132401255975108,0.145011747191337,0.159310699871886,
0.175118786671481,0.192303988722985,0.21076385685115,0.230415887111964,
0.251191783137002,0.273033793531268,0.295892248872636,0.319723835962189,
0.344490347744951,0.370157752534217,0.396695484754357,0.42407589370298,
0.452273807757534,0.48126618468468,0.511031827341331,0.541551149838043,
0.572805983201345,0.604779412349468,0.6374556381784,0.670819859994088,0.704858174586883,
0.739557489036558,0.77490544493564,0.810890352177644,0.84750113081172,0.884727259742563,
0.922558731273061,0.960986010660936,0.988703578543465),.UNSPECIFIED.);
#333=B_SPLINE_CURVE_WITH_KNOTS('',3,(#3911,#3912,#3913,#3914,#3915,#3916,
#3917,#3918,#3919,#3920,#3921,#3922,#3923,#3924,#3925,#3926,#3927,#3928,
#3929,#3930,#3931,#3932,#3933,#3934,#3935,#3936,#3937,#3938,#3939,#3940,
#3941,#3942,#3943,#3944,#3945,#3946,#3947),.UNSPECIFIED.,.F.,.F.,(4,1,1,
1,1,1,1,1,1,1,1,1,1,1,1,1,1,1,1,1,1,1,1,1,1,1,1,1,1,1,1,1,1,1,4),(0.,0.113487938645312,
0.121743445089471,0.132401255975108,0.145011747191337,0.159310699871886,
0.175118786671481,0.192303988722985,0.21076385685115,0.230415887111964,
0.251191783137002,0.273033793531268,0.295892248872636,0.319723835962189,
0.344490347744951,0.370157752534217,0.396695484754357,0.42407589370298,
0.452273807757534,0.48126618468468,0.511031827341331,0.541551149838043,
0.572805983201345,0.604779412349468,0.6374556381784,0.670819859994088,0.704858174586883,
0.739557489036558,0.77490544493564,0.810890352177644,0.84750113081172,0.884727259742563,
0.922558731273061,0.960986010660936,0.988703578543466),.UNSPECIFIED.);
#334=B_SPLINE_CURVE_WITH_KNOTS('',3,(#3951,#3952,#3953,#3954,#3955,#3956,
#3957,#3958,#3959,#3960,#3961,#3962,#3963,#3964,#3965,#3966,#3967,#3968,
#3969,#3970,#3971,#3972,#3973,#3974,#3975,#3976,#3977,#3978,#3979,#3980,
#3981,#3982,#3983,#3984,#3985,#3986,#3987),.UNSPECIFIED.,.F.,.F.,(4,1,1,
1,1,1,1,1,1,1,1,1,1,1,1,1,1,1,1,1,1,1,1,1,1,1,1,1,1,1,1,1,1,1,4),(0.,0.113487938645312,
0.121743445089471,0.132401255975108,0.145011747191337,0.159310699871886,
0.175118786671481,0.192303988722985,0.21076385685115,0.230415887111964,
0.251191783137002,0.273033793531268,0.295892248872636,0.319723835962189,
0.344490347744951,0.370157752534217,0.396695484754357,0.42407589370298,
0.452273807757534,0.48126618468468,0.511031827341331,0.541551149838043,
0.572805983201345,0.604779412349468,0.6374556381784,0.670819859994088,0.704858174586883,
0.739557489036558,0.77490544493564,0.810890352177644,0.84750113081172,0.884727259742563,
0.922558731273061,0.960986010660936,0.988703578543465),.UNSPECIFIED.);
#335=B_SPLINE_CURVE_WITH_KNOTS('',3,(#3995,#3996,#3997,#3998,#3999,#4000,
#4001,#4002,#4003,#4004,#4005,#4006,#4007,#4008,#4009,#4010,#4011,#4012,
#4013,#4014,#4015,#4016,#4017,#4018,#4019,#4020,#4021,#4022,#4023,#4024,
#4025,#4026,#4027,#4028,#4029,#4030,#4031),.UNSPECIFIED.,.F.,.F.,(4,1,1,
1,1,1,1,1,1,1,1,1,1,1,1,1,1,1,1,1,1,1,1,1,1,1,1,1,1,1,1,1,1,1,4),(0.,0.113487938645312,
0.121743445089471,0.132401255975108,0.145011747191337,0.159310699871886,
0.175118786671481,0.192303988722985,0.21076385685115,0.230415887111964,
0.251191783137002,0.273033793531268,0.295892248872636,0.319723835962189,
0.344490347744951,0.370157752534217,0.396695484754357,0.42407589370298,
0.452273807757534,0.48126618468468,0.511031827341331,0.541551149838043,
0.572805983201345,0.604779412349468,0.6374556381784,0.670819859994088,0.704858174586883,
0.739557489036558,0.77490544493564,0.810890352177644,0.84750113081172,0.884727259742563,
0.922558731273061,0.960986010660936,0.988703578543466),.UNSPECIFIED.);
#336=B_SPLINE_CURVE_WITH_KNOTS('',3,(#4035,#4036,#4037,#4038,#4039,#4040,
#4041,#4042,#4043,#4044,#4045,#4046,#4047,#4048,#4049,#4050,#4051,#4052,
#4053,#4054,#4055,#4056,#4057,#4058,#4059,#4060,#4061,#4062,#4063,#4064,
#4065,#4066,#4067,#4068,#4069,#4070,#4071),.UNSPECIFIED.,.F.,.F.,(4,1,1,
1,1,1,1,1,1,1,1,1,1,1,1,1,1,1,1,1,1,1,1,1,1,1,1,1,1,1,1,1,1,1,4),(0.,0.113487938645312,
0.121743445089471,0.132401255975108,0.145011747191337,0.159310699871886,
0.175118786671481,0.192303988722985,0.21076385685115,0.230415887111964,
0.251191783137002,0.273033793531268,0.295892248872636,0.319723835962189,
0.344490347744951,0.370157752534217,0.396695484754357,0.42407589370298,
0.452273807757534,0.48126618468468,0.511031827341331,0.541551149838043,
0.572805983201345,0.604779412349468,0.6374556381784,0.670819859994088,0.704858174586883,
0.739557489036558,0.77490544493564,0.810890352177644,0.84750113081172,0.884727259742563,
0.922558731273061,0.960986010660936,0.988703578543465),.UNSPECIFIED.);
#337=B_SPLINE_CURVE_WITH_KNOTS('',3,(#4079,#4080,#4081,#4082,#4083,#4084,
#4085,#4086,#4087,#4088,#4089,#4090,#4091,#4092,#4093,#4094,#4095,#4096,
#4097,#4098,#4099,#4100,#4101,#4102,#4103,#4104,#4105,#4106,#4107,#4108,
#4109,#4110,#4111,#4112,#4113,#4114,#4115),.UNSPECIFIED.,.F.,.F.,(4,1,1,
1,1,1,1,1,1,1,1,1,1,1,1,1,1,1,1,1,1,1,1,1,1,1,1,1,1,1,1,1,1,1,4),(0.,0.113487938645312,
0.121743445089471,0.132401255975108,0.145011747191337,0.159310699871886,
0.175118786671481,0.192303988722985,0.21076385685115,0.230415887111964,
0.251191783137002,0.273033793531268,0.295892248872636,0.319723835962189,
0.344490347744951,0.370157752534217,0.396695484754357,0.42407589370298,
0.452273807757534,0.48126618468468,0.511031827341331,0.541551149838043,
0.572805983201345,0.604779412349468,0.6374556381784,0.670819859994088,0.704858174586883,
0.739557489036558,0.77490544493564,0.810890352177644,0.84750113081172,0.884727259742563,
0.922558731273061,0.960986010660936,0.988703578543466),.UNSPECIFIED.);
#338=B_SPLINE_CURVE_WITH_KNOTS('',3,(#4119,#4120,#4121,#4122,#4123,#4124,
#4125,#4126,#4127,#4128,#4129,#4130,#4131,#4132,#4133,#4134,#4135,#4136,
#4137,#4138,#4139,#4140,#4141,#4142,#4143,#4144,#4145,#4146,#4147,#4148,
#4149,#4150,#4151,#4152,#4153,#4154,#4155),.UNSPECIFIED.,.F.,.F.,(4,1,1,
1,1,1,1,1,1,1,1,1,1,1,1,1,1,1,1,1,1,1,1,1,1,1,1,1,1,1,1,1,1,1,4),(0.,0.113487938645312,
0.121743445089471,0.132401255975108,0.145011747191337,0.159310699871886,
0.175118786671481,0.192303988722985,0.21076385685115,0.230415887111964,
0.251191783137002,0.273033793531268,0.295892248872636,0.319723835962189,
0.344490347744951,0.370157752534217,0.396695484754357,0.42407589370298,
0.452273807757534,0.48126618468468,0.511031827341331,0.541551149838043,
0.572805983201345,0.604779412349468,0.6374556381784,0.670819859994088,0.704858174586883,
0.739557489036558,0.77490544493564,0.810890352177644,0.84750113081172,0.884727259742563,
0.922558731273061,0.960986010660936,0.988703578543465),.UNSPECIFIED.);
#339=B_SPLINE_CURVE_WITH_KNOTS('',3,(#4163,#4164,#4165,#4166,#4167,#4168,
#4169,#4170,#4171,#4172,#4173,#4174,#4175,#4176,#4177,#4178,#4179,#4180,
#4181,#4182,#4183,#4184,#4185,#4186,#4187,#4188,#4189,#4190,#4191,#4192,
#4193,#4194,#4195,#4196,#4197,#4198,#4199),.UNSPECIFIED.,.F.,.F.,(4,1,1,
1,1,1,1,1,1,1,1,1,1,1,1,1,1,1,1,1,1,1,1,1,1,1,1,1,1,1,1,1,1,1,4),(0.,0.113487938645312,
0.121743445089471,0.132401255975108,0.145011747191337,0.159310699871886,
0.175118786671481,0.192303988722985,0.21076385685115,0.230415887111964,
0.251191783137002,0.273033793531268,0.295892248872636,0.319723835962189,
0.344490347744951,0.370157752534217,0.396695484754357,0.42407589370298,
0.452273807757534,0.48126618468468,0.511031827341331,0.541551149838043,
0.572805983201345,0.604779412349468,0.6374556381784,0.670819859994088,0.704858174586883,
0.739557489036558,0.77490544493564,0.810890352177644,0.84750113081172,0.884727259742563,
0.922558731273061,0.960986010660936,0.988703578543466),.UNSPECIFIED.);
#340=B_SPLINE_CURVE_WITH_KNOTS('',3,(#4203,#4204,#4205,#4206,#4207,#4208,
#4209,#4210,#4211,#4212,#4213,#4214,#4215,#4216,#4217,#4218,#4219,#4220,
#4221,#4222,#4223,#4224,#4225,#4226,#4227,#4228,#4229,#4230,#4231,#4232,
#4233,#4234,#4235,#4236,#4237,#4238,#4239),.UNSPECIFIED.,.F.,.F.,(4,1,1,
1,1,1,1,1,1,1,1,1,1,1,1,1,1,1,1,1,1,1,1,1,1,1,1,1,1,1,1,1,1,1,4),(0.,0.113487938645312,
0.121743445089471,0.132401255975108,0.145011747191337,0.159310699871886,
0.175118786671481,0.192303988722985,0.21076385685115,0.230415887111964,
0.251191783137002,0.273033793531268,0.295892248872636,0.319723835962189,
0.344490347744951,0.370157752534217,0.396695484754357,0.42407589370298,
0.452273807757534,0.48126618468468,0.511031827341331,0.541551149838043,
0.572805983201345,0.604779412349468,0.6374556381784,0.670819859994088,0.704858174586883,
0.739557489036558,0.77490544493564,0.810890352177644,0.84750113081172,0.884727259742563,
0.922558731273061,0.960986010660936,0.988703578543465),.UNSPECIFIED.);
#341=B_SPLINE_CURVE_WITH_KNOTS('',3,(#4247,#4248,#4249,#4250,#4251,#4252,
#4253,#4254,#4255,#4256,#4257,#4258,#4259,#4260,#4261,#4262,#4263,#4264,
#4265,#4266,#4267,#4268,#4269,#4270,#4271,#4272,#4273,#4274,#4275,#4276,
#4277,#4278,#4279,#4280,#4281,#4282,#4283),.UNSPECIFIED.,.F.,.F.,(4,1,1,
1,1,1,1,1,1,1,1,1,1,1,1,1,1,1,1,1,1,1,1,1,1,1,1,1,1,1,1,1,1,1,4),(0.,0.113487938645312,
0.121743445089471,0.132401255975108,0.145011747191337,0.159310699871886,
0.175118786671481,0.192303988722985,0.21076385685115,0.230415887111964,
0.251191783137002,0.273033793531268,0.295892248872636,0.319723835962189,
0.344490347744951,0.370157752534217,0.396695484754357,0.42407589370298,
0.452273807757534,0.48126618468468,0.511031827341331,0.541551149838043,
0.572805983201345,0.604779412349468,0.6374556381784,0.670819859994088,0.704858174586883,
0.739557489036558,0.77490544493564,0.810890352177644,0.84750113081172,0.884727259742563,
0.922558731273061,0.960986010660936,0.988703578543466),.UNSPECIFIED.);
#342=B_SPLINE_CURVE_WITH_KNOTS('',3,(#4287,#4288,#4289,#4290,#4291,#4292,
#4293,#4294,#4295,#4296,#4297,#4298,#4299,#4300,#4301,#4302,#4303,#4304,
#4305,#4306,#4307,#4308,#4309,#4310,#4311,#4312,#4313,#4314,#4315,#4316,
#4317,#4318,#4319,#4320,#4321,#4322,#4323),.UNSPECIFIED.,.F.,.F.,(4,1,1,
1,1,1,1,1,1,1,1,1,1,1,1,1,1,1,1,1,1,1,1,1,1,1,1,1,1,1,1,1,1,1,4),(0.,0.113487938645312,
0.121743445089471,0.132401255975108,0.145011747191337,0.159310699871886,
0.175118786671481,0.192303988722985,0.21076385685115,0.230415887111964,
0.251191783137002,0.273033793531268,0.295892248872636,0.319723835962189,
0.344490347744951,0.370157752534217,0.396695484754357,0.42407589370298,
0.452273807757534,0.48126618468468,0.511031827341331,0.541551149838043,
0.572805983201345,0.604779412349468,0.6374556381784,0.670819859994088,0.704858174586883,
0.739557489036558,0.77490544493564,0.810890352177644,0.84750113081172,0.884727259742563,
0.922558731273061,0.960986010660936,0.988703578543465),.UNSPECIFIED.);
#343=B_SPLINE_CURVE_WITH_KNOTS('',3,(#4331,#4332,#4333,#4334,#4335,#4336,
#4337,#4338,#4339,#4340,#4341,#4342,#4343,#4344,#4345,#4346,#4347,#4348,
#4349,#4350,#4351,#4352,#4353,#4354,#4355,#4356,#4357,#4358,#4359,#4360,
#4361,#4362,#4363,#4364,#4365,#4366,#4367),.UNSPECIFIED.,.F.,.F.,(4,1,1,
1,1,1,1,1,1,1,1,1,1,1,1,1,1,1,1,1,1,1,1,1,1,1,1,1,1,1,1,1,1,1,4),(0.,0.113487938645312,
0.121743445089471,0.132401255975108,0.145011747191337,0.159310699871886,
0.175118786671481,0.192303988722985,0.21076385685115,0.230415887111964,
0.251191783137002,0.273033793531268,0.295892248872636,0.319723835962189,
0.344490347744951,0.370157752534217,0.396695484754357,0.42407589370298,
0.452273807757534,0.48126618468468,0.511031827341331,0.541551149838043,
0.572805983201345,0.604779412349468,0.6374556381784,0.670819859994088,0.704858174586883,
0.739557489036558,0.77490544493564,0.810890352177644,0.84750113081172,0.884727259742563,
0.922558731273061,0.960986010660936,0.988703578543466),.UNSPECIFIED.);
#344=B_SPLINE_CURVE_WITH_KNOTS('',3,(#4371,#4372,#4373,#4374,#4375,#4376,
#4377,#4378,#4379,#4380,#4381,#4382,#4383,#4384,#4385,#4386,#4387,#4388,
#4389,#4390,#4391,#4392,#4393,#4394,#4395,#4396,#4397,#4398,#4399,#4400,
#4401,#4402,#4403,#4404,#4405,#4406,#4407),.UNSPECIFIED.,.F.,.F.,(4,1,1,
1,1,1,1,1,1,1,1,1,1,1,1,1,1,1,1,1,1,1,1,1,1,1,1,1,1,1,1,1,1,1,4),(0.,0.113487938645312,
0.121743445089471,0.132401255975108,0.145011747191337,0.159310699871886,
0.175118786671481,0.192303988722985,0.21076385685115,0.230415887111964,
0.251191783137002,0.273033793531268,0.295892248872636,0.319723835962189,
0.344490347744951,0.370157752534217,0.396695484754357,0.42407589370298,
0.452273807757534,0.48126618468468,0.511031827341331,0.541551149838043,
0.572805983201345,0.604779412349468,0.6374556381784,0.670819859994088,0.704858174586883,
0.739557489036558,0.77490544493564,0.810890352177644,0.84750113081172,0.884727259742563,
0.922558731273061,0.960986010660936,0.988703578543465),.UNSPECIFIED.);
#345=B_SPLINE_CURVE_WITH_KNOTS('',3,(#4415,#4416,#4417,#4418,#4419,#4420,
#4421,#4422,#4423,#4424,#4425,#4426,#4427,#4428,#4429,#4430,#4431,#4432,
#4433,#4434,#4435,#4436,#4437,#4438,#4439,#4440,#4441,#4442,#4443,#4444,
#4445,#4446,#4447,#4448,#4449,#4450,#4451),.UNSPECIFIED.,.F.,.F.,(4,1,1,
1,1,1,1,1,1,1,1,1,1,1,1,1,1,1,1,1,1,1,1,1,1,1,1,1,1,1,1,1,1,1,4),(0.,0.113487938645312,
0.121743445089471,0.132401255975108,0.145011747191337,0.159310699871886,
0.175118786671481,0.192303988722985,0.21076385685115,0.230415887111964,
0.251191783137002,0.273033793531268,0.295892248872636,0.319723835962189,
0.344490347744951,0.370157752534217,0.396695484754357,0.42407589370298,
0.452273807757534,0.48126618468468,0.511031827341331,0.541551149838043,
0.572805983201345,0.604779412349468,0.6374556381784,0.670819859994088,0.704858174586883,
0.739557489036558,0.77490544493564,0.810890352177644,0.84750113081172,0.884727259742563,
0.922558731273061,0.960986010660936,0.988703578543466),.UNSPECIFIED.);
#346=B_SPLINE_CURVE_WITH_KNOTS('',3,(#4455,#4456,#4457,#4458,#4459,#4460,
#4461,#4462,#4463,#4464,#4465,#4466,#4467,#4468,#4469,#4470,#4471,#4472,
#4473,#4474,#4475,#4476,#4477,#4478,#4479,#4480,#4481,#4482,#4483,#4484,
#4485,#4486,#4487,#4488,#4489,#4490,#4491),.UNSPECIFIED.,.F.,.F.,(4,1,1,
1,1,1,1,1,1,1,1,1,1,1,1,1,1,1,1,1,1,1,1,1,1,1,1,1,1,1,1,1,1,1,4),(0.,0.113487938645312,
0.121743445089471,0.132401255975108,0.145011747191337,0.159310699871886,
0.175118786671481,0.192303988722985,0.21076385685115,0.230415887111964,
0.251191783137002,0.273033793531268,0.295892248872636,0.319723835962189,
0.344490347744951,0.370157752534217,0.396695484754357,0.42407589370298,
0.452273807757534,0.48126618468468,0.511031827341331,0.541551149838043,
0.572805983201345,0.604779412349468,0.6374556381784,0.670819859994088,0.704858174586883,
0.739557489036558,0.77490544493564,0.810890352177644,0.84750113081172,0.884727259742563,
0.922558731273061,0.960986010660936,0.988703578543465),.UNSPECIFIED.);
#347=B_SPLINE_CURVE_WITH_KNOTS('',3,(#4499,#4500,#4501,#4502,#4503,#4504,
#4505,#4506,#4507,#4508,#4509,#4510,#4511,#4512,#4513,#4514,#4515,#4516,
#4517,#4518,#4519,#4520,#4521,#4522,#4523,#4524,#4525,#4526,#4527,#4528,
#4529,#4530,#4531,#4532,#4533,#4534,#4535),.UNSPECIFIED.,.F.,.F.,(4,1,1,
1,1,1,1,1,1,1,1,1,1,1,1,1,1,1,1,1,1,1,1,1,1,1,1,1,1,1,1,1,1,1,4),(0.,0.113487938645312,
0.121743445089471,0.132401255975108,0.145011747191337,0.159310699871886,
0.175118786671481,0.192303988722985,0.21076385685115,0.230415887111964,
0.251191783137002,0.273033793531268,0.295892248872636,0.319723835962189,
0.344490347744951,0.370157752534217,0.396695484754357,0.42407589370298,
0.452273807757534,0.48126618468468,0.511031827341331,0.541551149838043,
0.572805983201345,0.604779412349468,0.6374556381784,0.670819859994088,0.704858174586883,
0.739557489036558,0.77490544493564,0.810890352177644,0.84750113081172,0.884727259742563,
0.922558731273061,0.960986010660936,0.988703578543466),.UNSPECIFIED.);
#348=B_SPLINE_CURVE_WITH_KNOTS('',3,(#4539,#4540,#4541,#4542,#4543,#4544,
#4545,#4546,#4547,#4548,#4549,#4550,#4551,#4552,#4553,#4554,#4555,#4556,
#4557,#4558,#4559,#4560,#4561,#4562,#4563,#4564,#4565,#4566,#4567,#4568,
#4569,#4570,#4571,#4572,#4573,#4574,#4575),.UNSPECIFIED.,.F.,.F.,(4,1,1,
1,1,1,1,1,1,1,1,1,1,1,1,1,1,1,1,1,1,1,1,1,1,1,1,1,1,1,1,1,1,1,4),(0.,0.113487938645312,
0.121743445089471,0.132401255975108,0.145011747191337,0.159310699871886,
0.175118786671481,0.192303988722985,0.21076385685115,0.230415887111964,
0.251191783137002,0.273033793531268,0.295892248872636,0.319723835962189,
0.344490347744951,0.370157752534217,0.396695484754357,0.42407589370298,
0.452273807757534,0.48126618468468,0.511031827341331,0.541551149838043,
0.572805983201345,0.604779412349468,0.6374556381784,0.670819859994088,0.704858174586883,
0.739557489036558,0.77490544493564,0.810890352177644,0.84750113081172,0.884727259742563,
0.922558731273061,0.960986010660936,0.988703578543465),.UNSPECIFIED.);
#349=B_SPLINE_CURVE_WITH_KNOTS('',3,(#4583,#4584,#4585,#4586,#4587,#4588,
#4589,#4590,#4591,#4592,#4593,#4594,#4595,#4596,#4597,#4598,#4599,#4600,
#4601,#4602,#4603,#4604,#4605,#4606,#4607,#4608,#4609,#4610,#4611,#4612,
#4613,#4614,#4615,#4616,#4617,#4618,#4619),.UNSPECIFIED.,.F.,.F.,(4,1,1,
1,1,1,1,1,1,1,1,1,1,1,1,1,1,1,1,1,1,1,1,1,1,1,1,1,1,1,1,1,1,1,4),(0.,0.113487938645312,
0.121743445089471,0.132401255975108,0.145011747191337,0.159310699871886,
0.175118786671481,0.192303988722985,0.21076385685115,0.230415887111964,
0.251191783137002,0.273033793531268,0.295892248872636,0.319723835962189,
0.344490347744951,0.370157752534217,0.396695484754357,0.42407589370298,
0.452273807757534,0.48126618468468,0.511031827341331,0.541551149838043,
0.572805983201345,0.604779412349468,0.6374556381784,0.670819859994088,0.704858174586883,
0.739557489036558,0.77490544493564,0.810890352177644,0.84750113081172,0.884727259742563,
0.922558731273061,0.960986010660936,0.988703578543466),.UNSPECIFIED.);
#350=B_SPLINE_CURVE_WITH_KNOTS('',3,(#4623,#4624,#4625,#4626,#4627,#4628,
#4629,#4630,#4631,#4632,#4633,#4634,#4635,#4636,#4637,#4638,#4639,#4640,
#4641,#4642,#4643,#4644,#4645,#4646,#4647,#4648,#4649,#4650,#4651,#4652,
#4653,#4654,#4655,#4656,#4657,#4658,#4659),.UNSPECIFIED.,.F.,.F.,(4,1,1,
1,1,1,1,1,1,1,1,1,1,1,1,1,1,1,1,1,1,1,1,1,1,1,1,1,1,1,1,1,1,1,4),(0.,0.113487938645312,
0.121743445089471,0.132401255975108,0.145011747191337,0.159310699871886,
0.175118786671481,0.192303988722985,0.21076385685115,0.230415887111964,
0.251191783137002,0.273033793531268,0.295892248872636,0.319723835962189,
0.344490347744951,0.370157752534217,0.396695484754357,0.42407589370298,
0.452273807757534,0.48126618468468,0.511031827341331,0.541551149838043,
0.572805983201345,0.604779412349468,0.6374556381784,0.670819859994088,0.704858174586883,
0.739557489036558,0.77490544493564,0.810890352177644,0.84750113081172,0.884727259742563,
0.922558731273061,0.960986010660936,0.988703578543465),.UNSPECIFIED.);
#351=B_SPLINE_CURVE_WITH_KNOTS('',3,(#4667,#4668,#4669,#4670,#4671,#4672,
#4673,#4674,#4675,#4676,#4677,#4678,#4679,#4680,#4681,#4682,#4683,#4684,
#4685,#4686,#4687,#4688,#4689,#4690,#4691,#4692,#4693,#4694,#4695,#4696,
#4697,#4698,#4699,#4700,#4701,#4702,#4703),.UNSPECIFIED.,.F.,.F.,(4,1,1,
1,1,1,1,1,1,1,1,1,1,1,1,1,1,1,1,1,1,1,1,1,1,1,1,1,1,1,1,1,1,1,4),(0.,0.113487938645312,
0.121743445089471,0.132401255975108,0.145011747191337,0.159310699871886,
0.175118786671481,0.192303988722985,0.21076385685115,0.230415887111964,
0.251191783137002,0.273033793531268,0.295892248872636,0.319723835962189,
0.344490347744951,0.370157752534217,0.396695484754357,0.42407589370298,
0.452273807757534,0.48126618468468,0.511031827341331,0.541551149838043,
0.572805983201345,0.604779412349468,0.6374556381784,0.670819859994088,0.704858174586883,
0.739557489036558,0.77490544493564,0.810890352177644,0.84750113081172,0.884727259742563,
0.922558731273061,0.960986010660936,0.988703578543466),.UNSPECIFIED.);
#352=B_SPLINE_CURVE_WITH_KNOTS('',3,(#4707,#4708,#4709,#4710,#4711,#4712,
#4713,#4714,#4715,#4716,#4717,#4718,#4719,#4720,#4721,#4722,#4723,#4724,
#4725,#4726,#4727,#4728,#4729,#4730,#4731,#4732,#4733,#4734,#4735,#4736,
#4737,#4738,#4739,#4740,#4741,#4742,#4743),.UNSPECIFIED.,.F.,.F.,(4,1,1,
1,1,1,1,1,1,1,1,1,1,1,1,1,1,1,1,1,1,1,1,1,1,1,1,1,1,1,1,1,1,1,4),(0.,0.113487938645312,
0.121743445089471,0.132401255975108,0.145011747191337,0.159310699871886,
0.175118786671481,0.192303988722985,0.21076385685115,0.230415887111964,
0.251191783137002,0.273033793531268,0.295892248872636,0.319723835962189,
0.344490347744951,0.370157752534217,0.396695484754357,0.42407589370298,
0.452273807757534,0.48126618468468,0.511031827341331,0.541551149838043,
0.572805983201345,0.604779412349468,0.6374556381784,0.670819859994088,0.704858174586883,
0.739557489036558,0.77490544493564,0.810890352177644,0.84750113081172,0.884727259742563,
0.922558731273061,0.960986010660936,0.988703578543465),.UNSPECIFIED.);
#353=B_SPLINE_CURVE_WITH_KNOTS('',3,(#4751,#4752,#4753,#4754,#4755,#4756,
#4757,#4758,#4759,#4760,#4761,#4762,#4763,#4764,#4765,#4766,#4767,#4768,
#4769,#4770,#4771,#4772,#4773,#4774,#4775,#4776,#4777,#4778,#4779,#4780,
#4781,#4782,#4783,#4784,#4785,#4786,#4787),.UNSPECIFIED.,.F.,.F.,(4,1,1,
1,1,1,1,1,1,1,1,1,1,1,1,1,1,1,1,1,1,1,1,1,1,1,1,1,1,1,1,1,1,1,4),(0.,0.113487938645312,
0.121743445089471,0.132401255975108,0.145011747191337,0.159310699871886,
0.175118786671481,0.192303988722985,0.21076385685115,0.230415887111964,
0.251191783137002,0.273033793531268,0.295892248872636,0.319723835962189,
0.344490347744951,0.370157752534217,0.396695484754357,0.42407589370298,
0.452273807757534,0.48126618468468,0.511031827341331,0.541551149838043,
0.572805983201345,0.604779412349468,0.6374556381784,0.670819859994088,0.704858174586883,
0.739557489036558,0.77490544493564,0.810890352177644,0.84750113081172,0.884727259742563,
0.922558731273061,0.960986010660936,0.988703578543466),.UNSPECIFIED.);
#354=B_SPLINE_CURVE_WITH_KNOTS('',3,(#4791,#4792,#4793,#4794,#4795,#4796,
#4797,#4798,#4799,#4800,#4801,#4802,#4803,#4804,#4805,#4806,#4807,#4808,
#4809,#4810,#4811,#4812,#4813,#4814,#4815,#4816,#4817,#4818,#4819,#4820,
#4821,#4822,#4823,#4824,#4825,#4826,#4827),.UNSPECIFIED.,.F.,.F.,(4,1,1,
1,1,1,1,1,1,1,1,1,1,1,1,1,1,1,1,1,1,1,1,1,1,1,1,1,1,1,1,1,1,1,4),(0.,0.113487938645312,
0.121743445089471,0.132401255975108,0.145011747191337,0.159310699871886,
0.175118786671481,0.192303988722985,0.21076385685115,0.230415887111964,
0.251191783137002,0.273033793531268,0.295892248872636,0.319723835962189,
0.344490347744951,0.370157752534217,0.396695484754357,0.42407589370298,
0.452273807757534,0.48126618468468,0.511031827341331,0.541551149838043,
0.572805983201345,0.604779412349468,0.6374556381784,0.670819859994088,0.704858174586883,
0.739557489036558,0.77490544493564,0.810890352177644,0.84750113081172,0.884727259742563,
0.922558731273061,0.960986010660936,0.988703578543465),.UNSPECIFIED.);
#355=B_SPLINE_CURVE_WITH_KNOTS('',3,(#4835,#4836,#4837,#4838,#4839,#4840,
#4841,#4842,#4843,#4844,#4845,#4846,#4847,#4848,#4849,#4850,#4851,#4852,
#4853,#4854,#4855,#4856,#4857,#4858,#4859,#4860,#4861,#4862,#4863,#4864,
#4865,#4866,#4867,#4868,#4869,#4870,#4871),.UNSPECIFIED.,.F.,.F.,(4,1,1,
1,1,1,1,1,1,1,1,1,1,1,1,1,1,1,1,1,1,1,1,1,1,1,1,1,1,1,1,1,1,1,4),(0.,0.113487938645312,
0.121743445089471,0.132401255975108,0.145011747191337,0.159310699871886,
0.175118786671481,0.192303988722985,0.21076385685115,0.230415887111964,
0.251191783137002,0.273033793531268,0.295892248872636,0.319723835962189,
0.344490347744951,0.370157752534217,0.396695484754357,0.42407589370298,
0.452273807757534,0.48126618468468,0.511031827341331,0.541551149838043,
0.572805983201345,0.604779412349468,0.6374556381784,0.670819859994088,0.704858174586883,
0.739557489036558,0.77490544493564,0.810890352177644,0.84750113081172,0.884727259742563,
0.922558731273061,0.960986010660936,0.988703578543466),.UNSPECIFIED.);
#356=B_SPLINE_CURVE_WITH_KNOTS('',3,(#4875,#4876,#4877,#4878,#4879,#4880,
#4881,#4882,#4883,#4884,#4885,#4886,#4887,#4888,#4889,#4890,#4891,#4892,
#4893,#4894,#4895,#4896,#4897,#4898,#4899,#4900,#4901,#4902,#4903,#4904,
#4905,#4906,#4907,#4908,#4909,#4910,#4911),.UNSPECIFIED.,.F.,.F.,(4,1,1,
1,1,1,1,1,1,1,1,1,1,1,1,1,1,1,1,1,1,1,1,1,1,1,1,1,1,1,1,1,1,1,4),(0.,0.113487938645312,
0.121743445089471,0.132401255975108,0.145011747191337,0.159310699871886,
0.175118786671481,0.192303988722985,0.21076385685115,0.230415887111964,
0.251191783137002,0.273033793531268,0.295892248872636,0.319723835962189,
0.344490347744951,0.370157752534217,0.396695484754357,0.42407589370298,
0.452273807757534,0.48126618468468,0.511031827341331,0.541551149838043,
0.572805983201345,0.604779412349468,0.6374556381784,0.670819859994088,0.704858174586883,
0.739557489036558,0.77490544493564,0.810890352177644,0.84750113081172,0.884727259742563,
0.922558731273061,0.960986010660936,0.988703578543465),.UNSPECIFIED.);
#357=B_SPLINE_CURVE_WITH_KNOTS('',3,(#4919,#4920,#4921,#4922,#4923,#4924,
#4925,#4926,#4927,#4928,#4929,#4930,#4931,#4932,#4933,#4934,#4935,#4936,
#4937,#4938,#4939,#4940,#4941,#4942,#4943,#4944,#4945,#4946,#4947,#4948,
#4949,#4950,#4951,#4952,#4953,#4954,#4955),.UNSPECIFIED.,.F.,.F.,(4,1,1,
1,1,1,1,1,1,1,1,1,1,1,1,1,1,1,1,1,1,1,1,1,1,1,1,1,1,1,1,1,1,1,4),(0.,0.113487938645312,
0.121743445089471,0.132401255975108,0.145011747191337,0.159310699871886,
0.175118786671481,0.192303988722985,0.21076385685115,0.230415887111964,
0.251191783137002,0.273033793531268,0.295892248872636,0.319723835962189,
0.344490347744951,0.370157752534217,0.396695484754357,0.42407589370298,
0.452273807757534,0.48126618468468,0.511031827341331,0.541551149838043,
0.572805983201345,0.604779412349468,0.6374556381784,0.670819859994088,0.704858174586883,
0.739557489036558,0.77490544493564,0.810890352177644,0.84750113081172,0.884727259742563,
0.922558731273061,0.960986010660936,0.988703578543466),.UNSPECIFIED.);
#358=B_SPLINE_CURVE_WITH_KNOTS('',3,(#4959,#4960,#4961,#4962,#4963,#4964,
#4965,#4966,#4967,#4968,#4969,#4970,#4971,#4972,#4973,#4974,#4975,#4976,
#4977,#4978,#4979,#4980,#4981,#4982,#4983,#4984,#4985,#4986,#4987,#4988,
#4989,#4990,#4991,#4992,#4993,#4994,#4995),.UNSPECIFIED.,.F.,.F.,(4,1,1,
1,1,1,1,1,1,1,1,1,1,1,1,1,1,1,1,1,1,1,1,1,1,1,1,1,1,1,1,1,1,1,4),(0.,0.113487938645312,
0.121743445089471,0.132401255975108,0.145011747191337,0.159310699871886,
0.175118786671481,0.192303988722985,0.21076385685115,0.230415887111964,
0.251191783137002,0.273033793531268,0.295892248872636,0.319723835962189,
0.344490347744951,0.370157752534217,0.396695484754357,0.42407589370298,
0.452273807757534,0.48126618468468,0.511031827341331,0.541551149838043,
0.572805983201345,0.604779412349468,0.6374556381784,0.670819859994088,0.704858174586883,
0.739557489036558,0.77490544493564,0.810890352177644,0.84750113081172,0.884727259742563,
0.922558731273061,0.960986010660936,0.988703578543465),.UNSPECIFIED.);
#359=B_SPLINE_CURVE_WITH_KNOTS('',3,(#5003,#5004,#5005,#5006,#5007,#5008,
#5009,#5010,#5011,#5012,#5013,#5014,#5015,#5016,#5017,#5018,#5019,#5020,
#5021,#5022,#5023,#5024,#5025,#5026,#5027,#5028,#5029,#5030,#5031,#5032,
#5033,#5034,#5035,#5036,#5037,#5038,#5039),.UNSPECIFIED.,.F.,.F.,(4,1,1,
1,1,1,1,1,1,1,1,1,1,1,1,1,1,1,1,1,1,1,1,1,1,1,1,1,1,1,1,1,1,1,4),(0.,0.113487938645312,
0.121743445089471,0.132401255975108,0.145011747191337,0.159310699871886,
0.175118786671481,0.192303988722985,0.21076385685115,0.230415887111964,
0.251191783137002,0.273033793531268,0.295892248872636,0.319723835962189,
0.344490347744951,0.370157752534217,0.396695484754357,0.42407589370298,
0.452273807757534,0.48126618468468,0.511031827341331,0.541551149838043,
0.572805983201345,0.604779412349468,0.6374556381784,0.670819859994088,0.704858174586883,
0.739557489036558,0.77490544493564,0.810890352177644,0.84750113081172,0.884727259742563,
0.922558731273061,0.960986010660936,0.988703578543466),.UNSPECIFIED.);
#360=B_SPLINE_CURVE_WITH_KNOTS('',3,(#5043,#5044,#5045,#5046,#5047,#5048,
#5049,#5050,#5051,#5052,#5053,#5054,#5055,#5056,#5057,#5058,#5059,#5060,
#5061,#5062,#5063,#5064,#5065,#5066,#5067,#5068,#5069,#5070,#5071,#5072,
#5073,#5074,#5075,#5076,#5077,#5078,#5079),.UNSPECIFIED.,.F.,.F.,(4,1,1,
1,1,1,1,1,1,1,1,1,1,1,1,1,1,1,1,1,1,1,1,1,1,1,1,1,1,1,1,1,1,1,4),(0.,0.113487938645312,
0.121743445089471,0.132401255975108,0.145011747191337,0.159310699871886,
0.175118786671481,0.192303988722985,0.21076385685115,0.230415887111964,
0.251191783137002,0.273033793531268,0.295892248872636,0.319723835962189,
0.344490347744951,0.370157752534217,0.396695484754357,0.42407589370298,
0.452273807757534,0.48126618468468,0.511031827341331,0.541551149838043,
0.572805983201345,0.604779412349468,0.6374556381784,0.670819859994088,0.704858174586883,
0.739557489036558,0.77490544493564,0.810890352177644,0.84750113081172,0.884727259742563,
0.922558731273061,0.960986010660936,0.988703578543465),.UNSPECIFIED.);
#361=ORIENTED_EDGE('',*,*,#929,.F.);
#362=ORIENTED_EDGE('',*,*,#930,.T.);
#363=ORIENTED_EDGE('',*,*,#931,.T.);
#364=ORIENTED_EDGE('',*,*,#932,.F.);
#365=ORIENTED_EDGE('',*,*,#933,.F.);
#366=ORIENTED_EDGE('',*,*,#934,.T.);
#367=ORIENTED_EDGE('',*,*,#935,.F.);
#368=ORIENTED_EDGE('',*,*,#936,.T.);
#369=ORIENTED_EDGE('',*,*,#937,.T.);
#370=ORIENTED_EDGE('',*,*,#938,.F.);
#371=ORIENTED_EDGE('',*,*,#939,.F.);
#372=ORIENTED_EDGE('',*,*,#940,.T.);
#373=ORIENTED_EDGE('',*,*,#941,.F.);
#374=ORIENTED_EDGE('',*,*,#942,.T.);
#375=ORIENTED_EDGE('',*,*,#943,.T.);
#376=ORIENTED_EDGE('',*,*,#944,.F.);
#377=ORIENTED_EDGE('',*,*,#945,.F.);
#378=ORIENTED_EDGE('',*,*,#946,.T.);
#379=ORIENTED_EDGE('',*,*,#947,.F.);
#380=ORIENTED_EDGE('',*,*,#948,.T.);
#381=ORIENTED_EDGE('',*,*,#949,.T.);
#382=ORIENTED_EDGE('',*,*,#950,.F.);
#383=ORIENTED_EDGE('',*,*,#951,.F.);
#384=ORIENTED_EDGE('',*,*,#952,.T.);
#385=ORIENTED_EDGE('',*,*,#953,.F.);
#386=ORIENTED_EDGE('',*,*,#954,.T.);
#387=ORIENTED_EDGE('',*,*,#955,.T.);
#388=ORIENTED_EDGE('',*,*,#956,.F.);
#389=ORIENTED_EDGE('',*,*,#957,.F.);
#390=ORIENTED_EDGE('',*,*,#958,.T.);
#391=ORIENTED_EDGE('',*,*,#959,.F.);
#392=ORIENTED_EDGE('',*,*,#960,.T.);
#393=ORIENTED_EDGE('',*,*,#961,.T.);
#394=ORIENTED_EDGE('',*,*,#962,.F.);
#395=ORIENTED_EDGE('',*,*,#963,.F.);
#396=ORIENTED_EDGE('',*,*,#964,.T.);
#397=ORIENTED_EDGE('',*,*,#965,.F.);
#398=ORIENTED_EDGE('',*,*,#966,.T.);
#399=ORIENTED_EDGE('',*,*,#967,.T.);
#400=ORIENTED_EDGE('',*,*,#968,.F.);
#401=ORIENTED_EDGE('',*,*,#969,.F.);
#402=ORIENTED_EDGE('',*,*,#970,.T.);
#403=ORIENTED_EDGE('',*,*,#971,.F.);
#404=ORIENTED_EDGE('',*,*,#972,.T.);
#405=ORIENTED_EDGE('',*,*,#973,.T.);
#406=ORIENTED_EDGE('',*,*,#974,.F.);
#407=ORIENTED_EDGE('',*,*,#975,.F.);
#408=ORIENTED_EDGE('',*,*,#976,.T.);
#409=ORIENTED_EDGE('',*,*,#977,.F.);
#410=ORIENTED_EDGE('',*,*,#978,.T.);
#411=ORIENTED_EDGE('',*,*,#979,.T.);
#412=ORIENTED_EDGE('',*,*,#980,.F.);
#413=ORIENTED_EDGE('',*,*,#981,.F.);
#414=ORIENTED_EDGE('',*,*,#982,.T.);
#415=ORIENTED_EDGE('',*,*,#983,.F.);
#416=ORIENTED_EDGE('',*,*,#984,.T.);
#417=ORIENTED_EDGE('',*,*,#985,.T.);
#418=ORIENTED_EDGE('',*,*,#986,.F.);
#419=ORIENTED_EDGE('',*,*,#987,.F.);
#420=ORIENTED_EDGE('',*,*,#988,.T.);
#421=ORIENTED_EDGE('',*,*,#989,.F.);
#422=ORIENTED_EDGE('',*,*,#990,.T.);
#423=ORIENTED_EDGE('',*,*,#991,.T.);
#424=ORIENTED_EDGE('',*,*,#992,.F.);
#425=ORIENTED_EDGE('',*,*,#993,.F.);
#426=ORIENTED_EDGE('',*,*,#994,.T.);
#427=ORIENTED_EDGE('',*,*,#995,.F.);
#428=ORIENTED_EDGE('',*,*,#996,.T.);
#429=ORIENTED_EDGE('',*,*,#997,.T.);
#430=ORIENTED_EDGE('',*,*,#998,.F.);
#431=ORIENTED_EDGE('',*,*,#999,.F.);
#432=ORIENTED_EDGE('',*,*,#1000,.T.);
#433=ORIENTED_EDGE('',*,*,#1001,.F.);
#434=ORIENTED_EDGE('',*,*,#1002,.T.);
#435=ORIENTED_EDGE('',*,*,#1003,.T.);
#436=ORIENTED_EDGE('',*,*,#1004,.F.);
#437=ORIENTED_EDGE('',*,*,#1005,.F.);
#438=ORIENTED_EDGE('',*,*,#1006,.T.);
#439=ORIENTED_EDGE('',*,*,#1007,.F.);
#440=ORIENTED_EDGE('',*,*,#1008,.T.);
#441=ORIENTED_EDGE('',*,*,#1009,.T.);
#442=ORIENTED_EDGE('',*,*,#1010,.F.);
#443=ORIENTED_EDGE('',*,*,#1011,.F.);
#444=ORIENTED_EDGE('',*,*,#1012,.T.);
#445=ORIENTED_EDGE('',*,*,#1013,.F.);
#446=ORIENTED_EDGE('',*,*,#1014,.T.);
#447=ORIENTED_EDGE('',*,*,#1015,.T.);
#448=ORIENTED_EDGE('',*,*,#1016,.F.);
#449=ORIENTED_EDGE('',*,*,#1017,.F.);
#450=ORIENTED_EDGE('',*,*,#1018,.T.);
#451=ORIENTED_EDGE('',*,*,#1019,.T.);
#452=ORIENTED_EDGE('',*,*,#1020,.T.);
#453=ORIENTED_EDGE('',*,*,#1021,.F.);
#454=ORIENTED_EDGE('',*,*,#1022,.T.);
#455=ORIENTED_EDGE('',*,*,#1023,.F.);
#456=ORIENTED_EDGE('',*,*,#1020,.F.);
#457=ORIENTED_EDGE('',*,*,#1024,.T.);
#458=ORIENTED_EDGE('',*,*,#1025,.F.);
#459=ORIENTED_EDGE('',*,*,#1026,.F.);
#460=ORIENTED_EDGE('',*,*,#1021,.T.);
#461=ORIENTED_EDGE('',*,*,#1023,.T.);
#462=ORIENTED_EDGE('',*,*,#1027,.T.);
#463=ORIENTED_EDGE('',*,*,#1028,.F.);
#464=ORIENTED_EDGE('',*,*,#1022,.F.);
#465=ORIENTED_EDGE('',*,*,#1026,.T.);
#466=ORIENTED_EDGE('',*,*,#1029,.F.);
#467=ORIENTED_EDGE('',*,*,#1024,.F.);
#468=ORIENTED_EDGE('',*,*,#1019,.F.);
#469=ORIENTED_EDGE('',*,*,#1028,.T.);
#470=ORIENTED_EDGE('',*,*,#1030,.F.);
#471=ORIENTED_EDGE('',*,*,#1031,.T.);
#472=ORIENTED_EDGE('',*,*,#1032,.F.);
#473=ORIENTED_EDGE('',*,*,#1025,.T.);
#474=ORIENTED_EDGE('',*,*,#1030,.T.);
#475=ORIENTED_EDGE('',*,*,#1029,.T.);
#476=ORIENTED_EDGE('',*,*,#1027,.F.);
#477=ORIENTED_EDGE('',*,*,#1031,.F.);
#478=ORIENTED_EDGE('',*,*,#1032,.T.);
#479=ORIENTED_EDGE('',*,*,#1033,.F.);
#480=ORIENTED_EDGE('',*,*,#1034,.T.);
#481=ORIENTED_EDGE('',*,*,#1035,.F.);
#482=ORIENTED_EDGE('',*,*,#1036,.F.);
#483=ORIENTED_EDGE('',*,*,#1037,.F.);
#484=ORIENTED_EDGE('',*,*,#1038,.F.);
#485=ORIENTED_EDGE('',*,*,#1039,.F.);
#486=ORIENTED_EDGE('',*,*,#1040,.T.);
#487=ORIENTED_EDGE('',*,*,#1041,.F.);
#488=ORIENTED_EDGE('',*,*,#1042,.F.);
#489=ORIENTED_EDGE('',*,*,#1043,.F.);
#490=ORIENTED_EDGE('',*,*,#1044,.F.);
#491=ORIENTED_EDGE('',*,*,#1045,.F.);
#492=ORIENTED_EDGE('',*,*,#1046,.T.);
#493=ORIENTED_EDGE('',*,*,#1047,.F.);
#494=ORIENTED_EDGE('',*,*,#1048,.F.);
#495=ORIENTED_EDGE('',*,*,#1049,.F.);
#496=ORIENTED_EDGE('',*,*,#1050,.F.);
#497=ORIENTED_EDGE('',*,*,#1051,.F.);
#498=ORIENTED_EDGE('',*,*,#1052,.T.);
#499=ORIENTED_EDGE('',*,*,#1053,.F.);
#500=ORIENTED_EDGE('',*,*,#1054,.F.);
#501=ORIENTED_EDGE('',*,*,#1055,.F.);
#502=ORIENTED_EDGE('',*,*,#1056,.F.);
#503=ORIENTED_EDGE('',*,*,#1057,.F.);
#504=ORIENTED_EDGE('',*,*,#1058,.T.);
#505=ORIENTED_EDGE('',*,*,#1059,.F.);
#506=ORIENTED_EDGE('',*,*,#1060,.F.);
#507=ORIENTED_EDGE('',*,*,#1061,.F.);
#508=ORIENTED_EDGE('',*,*,#1062,.F.);
#509=ORIENTED_EDGE('',*,*,#1063,.F.);
#510=ORIENTED_EDGE('',*,*,#1064,.T.);
#511=ORIENTED_EDGE('',*,*,#1065,.F.);
#512=ORIENTED_EDGE('',*,*,#1066,.F.);
#513=ORIENTED_EDGE('',*,*,#1067,.F.);
#514=ORIENTED_EDGE('',*,*,#1068,.F.);
#515=ORIENTED_EDGE('',*,*,#1069,.F.);
#516=ORIENTED_EDGE('',*,*,#1070,.T.);
#517=ORIENTED_EDGE('',*,*,#1071,.F.);
#518=ORIENTED_EDGE('',*,*,#1072,.F.);
#519=ORIENTED_EDGE('',*,*,#1073,.F.);
#520=ORIENTED_EDGE('',*,*,#1074,.F.);
#521=ORIENTED_EDGE('',*,*,#1075,.F.);
#522=ORIENTED_EDGE('',*,*,#1076,.T.);
#523=ORIENTED_EDGE('',*,*,#1077,.F.);
#524=ORIENTED_EDGE('',*,*,#1078,.F.);
#525=ORIENTED_EDGE('',*,*,#1079,.F.);
#526=ORIENTED_EDGE('',*,*,#1080,.F.);
#527=ORIENTED_EDGE('',*,*,#1081,.F.);
#528=ORIENTED_EDGE('',*,*,#1082,.T.);
#529=ORIENTED_EDGE('',*,*,#1083,.F.);
#530=ORIENTED_EDGE('',*,*,#1084,.F.);
#531=ORIENTED_EDGE('',*,*,#1085,.F.);
#532=ORIENTED_EDGE('',*,*,#1086,.F.);
#533=ORIENTED_EDGE('',*,*,#1087,.F.);
#534=ORIENTED_EDGE('',*,*,#1088,.T.);
#535=ORIENTED_EDGE('',*,*,#1089,.F.);
#536=ORIENTED_EDGE('',*,*,#1090,.F.);
#537=ORIENTED_EDGE('',*,*,#1091,.F.);
#538=ORIENTED_EDGE('',*,*,#1092,.F.);
#539=ORIENTED_EDGE('',*,*,#1093,.F.);
#540=ORIENTED_EDGE('',*,*,#1094,.T.);
#541=ORIENTED_EDGE('',*,*,#1095,.F.);
#542=ORIENTED_EDGE('',*,*,#1096,.F.);
#543=ORIENTED_EDGE('',*,*,#1097,.F.);
#544=ORIENTED_EDGE('',*,*,#1098,.F.);
#545=ORIENTED_EDGE('',*,*,#1099,.F.);
#546=ORIENTED_EDGE('',*,*,#1100,.T.);
#547=ORIENTED_EDGE('',*,*,#1101,.F.);
#548=ORIENTED_EDGE('',*,*,#1102,.F.);
#549=ORIENTED_EDGE('',*,*,#1103,.F.);
#550=ORIENTED_EDGE('',*,*,#1104,.F.);
#551=ORIENTED_EDGE('',*,*,#1105,.F.);
#552=ORIENTED_EDGE('',*,*,#1106,.T.);
#553=ORIENTED_EDGE('',*,*,#1107,.F.);
#554=ORIENTED_EDGE('',*,*,#1108,.F.);
#555=ORIENTED_EDGE('',*,*,#1109,.F.);
#556=ORIENTED_EDGE('',*,*,#1110,.F.);
#557=ORIENTED_EDGE('',*,*,#1111,.F.);
#558=ORIENTED_EDGE('',*,*,#1112,.T.);
#559=ORIENTED_EDGE('',*,*,#1113,.F.);
#560=ORIENTED_EDGE('',*,*,#1114,.F.);
#561=ORIENTED_EDGE('',*,*,#1115,.F.);
#562=ORIENTED_EDGE('',*,*,#1116,.F.);
#563=ORIENTED_EDGE('',*,*,#1117,.F.);
#564=ORIENTED_EDGE('',*,*,#1118,.T.);
#565=ORIENTED_EDGE('',*,*,#1119,.F.);
#566=ORIENTED_EDGE('',*,*,#1120,.F.);
#567=ORIENTED_EDGE('',*,*,#1121,.F.);
#568=ORIENTED_EDGE('',*,*,#1122,.F.);
#569=ORIENTED_EDGE('',*,*,#1123,.F.);
#570=ORIENTED_EDGE('',*,*,#1060,.T.);
#571=ORIENTED_EDGE('',*,*,#1124,.F.);
#572=ORIENTED_EDGE('',*,*,#990,.F.);
#573=ORIENTED_EDGE('',*,*,#1125,.F.);
#574=ORIENTED_EDGE('',*,*,#1062,.T.);
#575=ORIENTED_EDGE('',*,*,#1126,.F.);
#576=ORIENTED_EDGE('',*,*,#988,.F.);
#577=ORIENTED_EDGE('',*,*,#1064,.F.);
#578=ORIENTED_EDGE('',*,*,#1127,.F.);
#579=ORIENTED_EDGE('',*,*,#986,.T.);
#580=ORIENTED_EDGE('',*,*,#1128,.T.);
#581=ORIENTED_EDGE('',*,*,#1127,.T.);
#582=ORIENTED_EDGE('',*,*,#1063,.T.);
#583=ORIENTED_EDGE('',*,*,#1125,.T.);
#584=ORIENTED_EDGE('',*,*,#987,.T.);
#585=ORIENTED_EDGE('',*,*,#1126,.T.);
#586=ORIENTED_EDGE('',*,*,#1061,.T.);
#587=ORIENTED_EDGE('',*,*,#1123,.T.);
#588=ORIENTED_EDGE('',*,*,#989,.T.);
#589=ORIENTED_EDGE('',*,*,#1129,.F.);
#590=ORIENTED_EDGE('',*,*,#1066,.T.);
#591=ORIENTED_EDGE('',*,*,#1130,.F.);
#592=ORIENTED_EDGE('',*,*,#984,.F.);
#593=ORIENTED_EDGE('',*,*,#1131,.F.);
#594=ORIENTED_EDGE('',*,*,#1068,.T.);
#595=ORIENTED_EDGE('',*,*,#1132,.F.);
#596=ORIENTED_EDGE('',*,*,#982,.F.);
#597=ORIENTED_EDGE('',*,*,#1070,.F.);
#598=ORIENTED_EDGE('',*,*,#1133,.F.);
#599=ORIENTED_EDGE('',*,*,#980,.T.);
#600=ORIENTED_EDGE('',*,*,#1134,.T.);
#601=ORIENTED_EDGE('',*,*,#1133,.T.);
#602=ORIENTED_EDGE('',*,*,#1069,.T.);
#603=ORIENTED_EDGE('',*,*,#1131,.T.);
#604=ORIENTED_EDGE('',*,*,#981,.T.);
#605=ORIENTED_EDGE('',*,*,#1132,.T.);
#606=ORIENTED_EDGE('',*,*,#1067,.T.);
#607=ORIENTED_EDGE('',*,*,#1129,.T.);
#608=ORIENTED_EDGE('',*,*,#983,.T.);
#609=ORIENTED_EDGE('',*,*,#1135,.F.);
#610=ORIENTED_EDGE('',*,*,#1072,.T.);
#611=ORIENTED_EDGE('',*,*,#1136,.F.);
#612=ORIENTED_EDGE('',*,*,#978,.F.);
#613=ORIENTED_EDGE('',*,*,#1137,.F.);
#614=ORIENTED_EDGE('',*,*,#1074,.T.);
#615=ORIENTED_EDGE('',*,*,#1138,.F.);
#616=ORIENTED_EDGE('',*,*,#976,.F.);
#617=ORIENTED_EDGE('',*,*,#1076,.F.);
#618=ORIENTED_EDGE('',*,*,#1139,.F.);
#619=ORIENTED_EDGE('',*,*,#974,.T.);
#620=ORIENTED_EDGE('',*,*,#1140,.T.);
#621=ORIENTED_EDGE('',*,*,#1139,.T.);
#622=ORIENTED_EDGE('',*,*,#1075,.T.);
#623=ORIENTED_EDGE('',*,*,#1137,.T.);
#624=ORIENTED_EDGE('',*,*,#975,.T.);
#625=ORIENTED_EDGE('',*,*,#1138,.T.);
#626=ORIENTED_EDGE('',*,*,#1073,.T.);
#627=ORIENTED_EDGE('',*,*,#1135,.T.);
#628=ORIENTED_EDGE('',*,*,#977,.T.);
#629=ORIENTED_EDGE('',*,*,#1136,.T.);
#630=ORIENTED_EDGE('',*,*,#1071,.T.);
#631=ORIENTED_EDGE('',*,*,#1134,.F.);
#632=ORIENTED_EDGE('',*,*,#979,.F.);
#633=ORIENTED_EDGE('',*,*,#1130,.T.);
#634=ORIENTED_EDGE('',*,*,#1065,.T.);
#635=ORIENTED_EDGE('',*,*,#1128,.F.);
#636=ORIENTED_EDGE('',*,*,#985,.F.);
#637=ORIENTED_EDGE('',*,*,#1141,.F.);
#638=ORIENTED_EDGE('',*,*,#1078,.T.);
#639=ORIENTED_EDGE('',*,*,#1142,.F.);
#640=ORIENTED_EDGE('',*,*,#972,.F.);
#641=ORIENTED_EDGE('',*,*,#1143,.F.);
#642=ORIENTED_EDGE('',*,*,#1080,.T.);
#643=ORIENTED_EDGE('',*,*,#1144,.F.);
#644=ORIENTED_EDGE('',*,*,#970,.F.);
#645=ORIENTED_EDGE('',*,*,#1082,.F.);
#646=ORIENTED_EDGE('',*,*,#1145,.F.);
#647=ORIENTED_EDGE('',*,*,#968,.T.);
#648=ORIENTED_EDGE('',*,*,#1146,.T.);
#649=ORIENTED_EDGE('',*,*,#1145,.T.);
#650=ORIENTED_EDGE('',*,*,#1081,.T.);
#651=ORIENTED_EDGE('',*,*,#1143,.T.);
#652=ORIENTED_EDGE('',*,*,#969,.T.);
#653=ORIENTED_EDGE('',*,*,#1144,.T.);
#654=ORIENTED_EDGE('',*,*,#1079,.T.);
#655=ORIENTED_EDGE('',*,*,#1141,.T.);
#656=ORIENTED_EDGE('',*,*,#971,.T.);
#657=ORIENTED_EDGE('',*,*,#1142,.T.);
#658=ORIENTED_EDGE('',*,*,#1077,.T.);
#659=ORIENTED_EDGE('',*,*,#1140,.F.);
#660=ORIENTED_EDGE('',*,*,#973,.F.);
#661=ORIENTED_EDGE('',*,*,#1147,.F.);
#662=ORIENTED_EDGE('',*,*,#1084,.T.);
#663=ORIENTED_EDGE('',*,*,#1148,.F.);
#664=ORIENTED_EDGE('',*,*,#966,.F.);
#665=ORIENTED_EDGE('',*,*,#1149,.F.);
#666=ORIENTED_EDGE('',*,*,#1086,.T.);
#667=ORIENTED_EDGE('',*,*,#1150,.F.);
#668=ORIENTED_EDGE('',*,*,#964,.F.);
#669=ORIENTED_EDGE('',*,*,#1088,.F.);
#670=ORIENTED_EDGE('',*,*,#1151,.F.);
#671=ORIENTED_EDGE('',*,*,#962,.T.);
#672=ORIENTED_EDGE('',*,*,#1152,.T.);
#673=ORIENTED_EDGE('',*,*,#1151,.T.);
#674=ORIENTED_EDGE('',*,*,#1087,.T.);
#675=ORIENTED_EDGE('',*,*,#1149,.T.);
#676=ORIENTED_EDGE('',*,*,#963,.T.);
#677=ORIENTED_EDGE('',*,*,#1150,.T.);
#678=ORIENTED_EDGE('',*,*,#1085,.T.);
#679=ORIENTED_EDGE('',*,*,#1147,.T.);
#680=ORIENTED_EDGE('',*,*,#965,.T.);
#681=ORIENTED_EDGE('',*,*,#1148,.T.);
#682=ORIENTED_EDGE('',*,*,#1083,.T.);
#683=ORIENTED_EDGE('',*,*,#1146,.F.);
#684=ORIENTED_EDGE('',*,*,#967,.F.);
#685=ORIENTED_EDGE('',*,*,#1153,.F.);
#686=ORIENTED_EDGE('',*,*,#1090,.T.);
#687=ORIENTED_EDGE('',*,*,#1154,.F.);
#688=ORIENTED_EDGE('',*,*,#960,.F.);
#689=ORIENTED_EDGE('',*,*,#1155,.F.);
#690=ORIENTED_EDGE('',*,*,#1092,.T.);
#691=ORIENTED_EDGE('',*,*,#1156,.F.);
#692=ORIENTED_EDGE('',*,*,#958,.F.);
#693=ORIENTED_EDGE('',*,*,#1094,.F.);
#694=ORIENTED_EDGE('',*,*,#1157,.F.);
#695=ORIENTED_EDGE('',*,*,#956,.T.);
#696=ORIENTED_EDGE('',*,*,#1158,.T.);
#697=ORIENTED_EDGE('',*,*,#1157,.T.);
#698=ORIENTED_EDGE('',*,*,#1093,.T.);
#699=ORIENTED_EDGE('',*,*,#1155,.T.);
#700=ORIENTED_EDGE('',*,*,#957,.T.);
#701=ORIENTED_EDGE('',*,*,#1156,.T.);
#702=ORIENTED_EDGE('',*,*,#1091,.T.);
#703=ORIENTED_EDGE('',*,*,#1153,.T.);
#704=ORIENTED_EDGE('',*,*,#959,.T.);
#705=ORIENTED_EDGE('',*,*,#1159,.F.);
#706=ORIENTED_EDGE('',*,*,#1096,.T.);
#707=ORIENTED_EDGE('',*,*,#1160,.F.);
#708=ORIENTED_EDGE('',*,*,#954,.F.);
#709=ORIENTED_EDGE('',*,*,#1161,.F.);
#710=ORIENTED_EDGE('',*,*,#1098,.T.);
#711=ORIENTED_EDGE('',*,*,#1162,.F.);
#712=ORIENTED_EDGE('',*,*,#952,.F.);
#713=ORIENTED_EDGE('',*,*,#1100,.F.);
#714=ORIENTED_EDGE('',*,*,#1163,.F.);
#715=ORIENTED_EDGE('',*,*,#950,.T.);
#716=ORIENTED_EDGE('',*,*,#1164,.T.);
#717=ORIENTED_EDGE('',*,*,#1163,.T.);
#718=ORIENTED_EDGE('',*,*,#1099,.T.);
#719=ORIENTED_EDGE('',*,*,#1161,.T.);
#720=ORIENTED_EDGE('',*,*,#951,.T.);
#721=ORIENTED_EDGE('',*,*,#1162,.T.);
#722=ORIENTED_EDGE('',*,*,#1097,.T.);
#723=ORIENTED_EDGE('',*,*,#1159,.T.);
#724=ORIENTED_EDGE('',*,*,#953,.T.);
#725=ORIENTED_EDGE('',*,*,#1165,.F.);
#726=ORIENTED_EDGE('',*,*,#1102,.T.);
#727=ORIENTED_EDGE('',*,*,#1166,.F.);
#728=ORIENTED_EDGE('',*,*,#948,.F.);
#729=ORIENTED_EDGE('',*,*,#1167,.F.);
#730=ORIENTED_EDGE('',*,*,#1104,.T.);
#731=ORIENTED_EDGE('',*,*,#1168,.F.);
#732=ORIENTED_EDGE('',*,*,#946,.F.);
#733=ORIENTED_EDGE('',*,*,#1106,.F.);
#734=ORIENTED_EDGE('',*,*,#1169,.F.);
#735=ORIENTED_EDGE('',*,*,#944,.T.);
#736=ORIENTED_EDGE('',*,*,#1170,.T.);
#737=ORIENTED_EDGE('',*,*,#1169,.T.);
#738=ORIENTED_EDGE('',*,*,#1105,.T.);
#739=ORIENTED_EDGE('',*,*,#1167,.T.);
#740=ORIENTED_EDGE('',*,*,#945,.T.);
#741=ORIENTED_EDGE('',*,*,#1168,.T.);
#742=ORIENTED_EDGE('',*,*,#1103,.T.);
#743=ORIENTED_EDGE('',*,*,#1165,.T.);
#744=ORIENTED_EDGE('',*,*,#947,.T.);
#745=ORIENTED_EDGE('',*,*,#1171,.F.);
#746=ORIENTED_EDGE('',*,*,#1108,.T.);
#747=ORIENTED_EDGE('',*,*,#1172,.F.);
#748=ORIENTED_EDGE('',*,*,#942,.F.);
#749=ORIENTED_EDGE('',*,*,#1173,.F.);
#750=ORIENTED_EDGE('',*,*,#1110,.T.);
#751=ORIENTED_EDGE('',*,*,#1174,.F.);
#752=ORIENTED_EDGE('',*,*,#940,.F.);
#753=ORIENTED_EDGE('',*,*,#1112,.F.);
#754=ORIENTED_EDGE('',*,*,#1175,.F.);
#755=ORIENTED_EDGE('',*,*,#938,.T.);
#756=ORIENTED_EDGE('',*,*,#1176,.T.);
#757=ORIENTED_EDGE('',*,*,#1175,.T.);
#758=ORIENTED_EDGE('',*,*,#1111,.T.);
#759=ORIENTED_EDGE('',*,*,#1173,.T.);
#760=ORIENTED_EDGE('',*,*,#939,.T.);
#761=ORIENTED_EDGE('',*,*,#1174,.T.);
#762=ORIENTED_EDGE('',*,*,#1109,.T.);
#763=ORIENTED_EDGE('',*,*,#1171,.T.);
#764=ORIENTED_EDGE('',*,*,#941,.T.);
#765=ORIENTED_EDGE('',*,*,#1177,.F.);
#766=ORIENTED_EDGE('',*,*,#1114,.T.);
#767=ORIENTED_EDGE('',*,*,#1178,.F.);
#768=ORIENTED_EDGE('',*,*,#936,.F.);
#769=ORIENTED_EDGE('',*,*,#1179,.F.);
#770=ORIENTED_EDGE('',*,*,#1116,.T.);
#771=ORIENTED_EDGE('',*,*,#1180,.F.);
#772=ORIENTED_EDGE('',*,*,#934,.F.);
#773=ORIENTED_EDGE('',*,*,#1118,.F.);
#774=ORIENTED_EDGE('',*,*,#1181,.F.);
#775=ORIENTED_EDGE('',*,*,#932,.T.);
#776=ORIENTED_EDGE('',*,*,#1182,.T.);
#777=ORIENTED_EDGE('',*,*,#1181,.T.);
#778=ORIENTED_EDGE('',*,*,#1117,.T.);
#779=ORIENTED_EDGE('',*,*,#1179,.T.);
#780=ORIENTED_EDGE('',*,*,#933,.T.);
#781=ORIENTED_EDGE('',*,*,#1180,.T.);
#782=ORIENTED_EDGE('',*,*,#1115,.T.);
#783=ORIENTED_EDGE('',*,*,#1177,.T.);
#784=ORIENTED_EDGE('',*,*,#935,.T.);
#785=ORIENTED_EDGE('',*,*,#1178,.T.);
#786=ORIENTED_EDGE('',*,*,#1113,.T.);
#787=ORIENTED_EDGE('',*,*,#1176,.F.);
#788=ORIENTED_EDGE('',*,*,#937,.F.);
#789=ORIENTED_EDGE('',*,*,#1183,.F.);
#790=ORIENTED_EDGE('',*,*,#1120,.T.);
#791=ORIENTED_EDGE('',*,*,#1184,.F.);
#792=ORIENTED_EDGE('',*,*,#930,.F.);
#793=ORIENTED_EDGE('',*,*,#1185,.F.);
#794=ORIENTED_EDGE('',*,*,#1122,.T.);
#795=ORIENTED_EDGE('',*,*,#1186,.F.);
#796=ORIENTED_EDGE('',*,*,#1018,.F.);
#797=ORIENTED_EDGE('',*,*,#1034,.F.);
#798=ORIENTED_EDGE('',*,*,#1187,.F.);
#799=ORIENTED_EDGE('',*,*,#1016,.T.);
#800=ORIENTED_EDGE('',*,*,#1188,.T.);
#801=ORIENTED_EDGE('',*,*,#1187,.T.);
#802=ORIENTED_EDGE('',*,*,#1033,.T.);
#803=ORIENTED_EDGE('',*,*,#1185,.T.);
#804=ORIENTED_EDGE('',*,*,#1017,.T.);
#805=ORIENTED_EDGE('',*,*,#1186,.T.);
#806=ORIENTED_EDGE('',*,*,#1121,.T.);
#807=ORIENTED_EDGE('',*,*,#1183,.T.);
#808=ORIENTED_EDGE('',*,*,#929,.T.);
#809=ORIENTED_EDGE('',*,*,#1189,.F.);
#810=ORIENTED_EDGE('',*,*,#1036,.T.);
#811=ORIENTED_EDGE('',*,*,#1190,.F.);
#812=ORIENTED_EDGE('',*,*,#1014,.F.);
#813=ORIENTED_EDGE('',*,*,#1191,.F.);
#814=ORIENTED_EDGE('',*,*,#1038,.T.);
#815=ORIENTED_EDGE('',*,*,#1192,.F.);
#816=ORIENTED_EDGE('',*,*,#1012,.F.);
#817=ORIENTED_EDGE('',*,*,#1040,.F.);
#818=ORIENTED_EDGE('',*,*,#1193,.F.);
#819=ORIENTED_EDGE('',*,*,#1010,.T.);
#820=ORIENTED_EDGE('',*,*,#1194,.T.);
#821=ORIENTED_EDGE('',*,*,#1193,.T.);
#822=ORIENTED_EDGE('',*,*,#1039,.T.);
#823=ORIENTED_EDGE('',*,*,#1191,.T.);
#824=ORIENTED_EDGE('',*,*,#1011,.T.);
#825=ORIENTED_EDGE('',*,*,#1192,.T.);
#826=ORIENTED_EDGE('',*,*,#1037,.T.);
#827=ORIENTED_EDGE('',*,*,#1189,.T.);
#828=ORIENTED_EDGE('',*,*,#1013,.T.);
#829=ORIENTED_EDGE('',*,*,#1190,.T.);
#830=ORIENTED_EDGE('',*,*,#1035,.T.);
#831=ORIENTED_EDGE('',*,*,#1188,.F.);
#832=ORIENTED_EDGE('',*,*,#1015,.F.);
#833=ORIENTED_EDGE('',*,*,#1195,.F.);
#834=ORIENTED_EDGE('',*,*,#1042,.T.);
#835=ORIENTED_EDGE('',*,*,#1196,.F.);
#836=ORIENTED_EDGE('',*,*,#1008,.F.);
#837=ORIENTED_EDGE('',*,*,#1197,.F.);
#838=ORIENTED_EDGE('',*,*,#1044,.T.);
#839=ORIENTED_EDGE('',*,*,#1198,.F.);
#840=ORIENTED_EDGE('',*,*,#1006,.F.);
#841=ORIENTED_EDGE('',*,*,#1046,.F.);
#842=ORIENTED_EDGE('',*,*,#1199,.F.);
#843=ORIENTED_EDGE('',*,*,#1004,.T.);
#844=ORIENTED_EDGE('',*,*,#1200,.T.);
#845=ORIENTED_EDGE('',*,*,#1199,.T.);
#846=ORIENTED_EDGE('',*,*,#1045,.T.);
#847=ORIENTED_EDGE('',*,*,#1197,.T.);
#848=ORIENTED_EDGE('',*,*,#1005,.T.);
#849=ORIENTED_EDGE('',*,*,#1198,.T.);
#850=ORIENTED_EDGE('',*,*,#1043,.T.);
#851=ORIENTED_EDGE('',*,*,#1195,.T.);
#852=ORIENTED_EDGE('',*,*,#1007,.T.);
#853=ORIENTED_EDGE('',*,*,#1196,.T.);
#854=ORIENTED_EDGE('',*,*,#1041,.T.);
#855=ORIENTED_EDGE('',*,*,#1194,.F.);
#856=ORIENTED_EDGE('',*,*,#1009,.F.);
#857=ORIENTED_EDGE('',*,*,#1201,.F.);
#858=ORIENTED_EDGE('',*,*,#1048,.T.);
#859=ORIENTED_EDGE('',*,*,#1202,.F.);
#860=ORIENTED_EDGE('',*,*,#1002,.F.);
#861=ORIENTED_EDGE('',*,*,#1203,.F.);
#862=ORIENTED_EDGE('',*,*,#1050,.T.);
#863=ORIENTED_EDGE('',*,*,#1204,.F.);
#864=ORIENTED_EDGE('',*,*,#1000,.F.);
#865=ORIENTED_EDGE('',*,*,#1052,.F.);
#866=ORIENTED_EDGE('',*,*,#1205,.F.);
#867=ORIENTED_EDGE('',*,*,#998,.T.);
#868=ORIENTED_EDGE('',*,*,#1206,.T.);
#869=ORIENTED_EDGE('',*,*,#1205,.T.);
#870=ORIENTED_EDGE('',*,*,#1051,.T.);
#871=ORIENTED_EDGE('',*,*,#1203,.T.);
#872=ORIENTED_EDGE('',*,*,#999,.T.);
#873=ORIENTED_EDGE('',*,*,#1204,.T.);
#874=ORIENTED_EDGE('',*,*,#1049,.T.);
#875=ORIENTED_EDGE('',*,*,#1201,.T.);
#876=ORIENTED_EDGE('',*,*,#1001,.T.);
#877=ORIENTED_EDGE('',*,*,#1207,.F.);
#878=ORIENTED_EDGE('',*,*,#1054,.T.);
#879=ORIENTED_EDGE('',*,*,#1208,.F.);
#880=ORIENTED_EDGE('',*,*,#996,.F.);
#881=ORIENTED_EDGE('',*,*,#1209,.F.);
#882=ORIENTED_EDGE('',*,*,#1056,.T.);
#883=ORIENTED_EDGE('',*,*,#1210,.F.);
#884=ORIENTED_EDGE('',*,*,#994,.F.);
#885=ORIENTED_EDGE('',*,*,#1058,.F.);
#886=ORIENTED_EDGE('',*,*,#1211,.F.);
#887=ORIENTED_EDGE('',*,*,#992,.T.);
#888=ORIENTED_EDGE('',*,*,#1212,.T.);
#889=ORIENTED_EDGE('',*,*,#1211,.T.);
#890=ORIENTED_EDGE('',*,*,#1057,.T.);
#891=ORIENTED_EDGE('',*,*,#1209,.T.);
#892=ORIENTED_EDGE('',*,*,#993,.T.);
#893=ORIENTED_EDGE('',*,*,#1210,.T.);
#894=ORIENTED_EDGE('',*,*,#1055,.T.);
#895=ORIENTED_EDGE('',*,*,#1207,.T.);
#896=ORIENTED_EDGE('',*,*,#995,.T.);
#897=ORIENTED_EDGE('',*,*,#1208,.T.);
#898=ORIENTED_EDGE('',*,*,#1053,.T.);
#899=ORIENTED_EDGE('',*,*,#1206,.F.);
#900=ORIENTED_EDGE('',*,*,#997,.F.);
#901=ORIENTED_EDGE('',*,*,#1202,.T.);
#902=ORIENTED_EDGE('',*,*,#1047,.T.);
#903=ORIENTED_EDGE('',*,*,#1200,.F.);
#904=ORIENTED_EDGE('',*,*,#1003,.F.);
#905=ORIENTED_EDGE('',*,*,#1184,.T.);
#906=ORIENTED_EDGE('',*,*,#1119,.T.);
#907=ORIENTED_EDGE('',*,*,#1182,.F.);
#908=ORIENTED_EDGE('',*,*,#931,.F.);
#909=ORIENTED_EDGE('',*,*,#1172,.T.);
#910=ORIENTED_EDGE('',*,*,#1107,.T.);
#911=ORIENTED_EDGE('',*,*,#1170,.F.);
#912=ORIENTED_EDGE('',*,*,#943,.F.);
#913=ORIENTED_EDGE('',*,*,#1166,.T.);
#914=ORIENTED_EDGE('',*,*,#1101,.T.);
#915=ORIENTED_EDGE('',*,*,#1164,.F.);
#916=ORIENTED_EDGE('',*,*,#949,.F.);
#917=ORIENTED_EDGE('',*,*,#1160,.T.);
#918=ORIENTED_EDGE('',*,*,#1095,.T.);
#919=ORIENTED_EDGE('',*,*,#1158,.F.);
#920=ORIENTED_EDGE('',*,*,#955,.F.);
#921=ORIENTED_EDGE('',*,*,#1154,.T.);
#922=ORIENTED_EDGE('',*,*,#1089,.T.);
#923=ORIENTED_EDGE('',*,*,#1152,.F.);
#924=ORIENTED_EDGE('',*,*,#961,.F.);
#925=ORIENTED_EDGE('',*,*,#1124,.T.);
#926=ORIENTED_EDGE('',*,*,#1059,.T.);
#927=ORIENTED_EDGE('',*,*,#1212,.F.);
#928=ORIENTED_EDGE('',*,*,#991,.F.);
#929=EDGE_CURVE('',#1213,#1214,#1403,.T.);
#930=EDGE_CURVE('',#1213,#1215,#301,.T.);
#931=EDGE_CURVE('',#1215,#1216,#1404,.T.);
#932=EDGE_CURVE('',#1217,#1216,#302,.T.);
#933=EDGE_CURVE('',#1218,#1217,#1405,.T.);
#934=EDGE_CURVE('',#1218,#1219,#1406,.T.);
#935=EDGE_CURVE('',#1220,#1219,#1407,.T.);
#936=EDGE_CURVE('',#1220,#1221,#303,.T.);
#937=EDGE_CURVE('',#1221,#1222,#1408,.T.);
#938=EDGE_CURVE('',#1223,#1222,#304,.T.);
#939=EDGE_CURVE('',#1224,#1223,#1409,.T.);
#940=EDGE_CURVE('',#1224,#1225,#1410,.T.);
#941=EDGE_CURVE('',#1226,#1225,#1411,.T.);
#942=EDGE_CURVE('',#1226,#1227,#305,.T.);
#943=EDGE_CURVE('',#1227,#1228,#1412,.T.);
#944=EDGE_CURVE('',#1229,#1228,#306,.T.);
#945=EDGE_CURVE('',#1230,#1229,#1413,.T.);
#946=EDGE_CURVE('',#1230,#1231,#1414,.T.);
#947=EDGE_CURVE('',#1232,#1231,#1415,.T.);
#948=EDGE_CURVE('',#1232,#1233,#307,.T.);
#949=EDGE_CURVE('',#1233,#1234,#1416,.T.);
#950=EDGE_CURVE('',#1235,#1234,#308,.T.);
#951=EDGE_CURVE('',#1236,#1235,#1417,.T.);
#952=EDGE_CURVE('',#1236,#1237,#1418,.T.);
#953=EDGE_CURVE('',#1238,#1237,#1419,.T.);
#954=EDGE_CURVE('',#1238,#1239,#309,.T.);
#955=EDGE_CURVE('',#1239,#1240,#1420,.T.);
#956=EDGE_CURVE('',#1241,#1240,#310,.T.);
#957=EDGE_CURVE('',#1242,#1241,#1421,.T.);
#958=EDGE_CURVE('',#1242,#1243,#1422,.T.);
#959=EDGE_CURVE('',#1244,#1243,#1423,.T.);
#960=EDGE_CURVE('',#1244,#1245,#311,.T.);
#961=EDGE_CURVE('',#1245,#1246,#1424,.T.);
#962=EDGE_CURVE('',#1247,#1246,#312,.T.);
#963=EDGE_CURVE('',#1248,#1247,#1425,.T.);
#964=EDGE_CURVE('',#1248,#1249,#1426,.T.);
#965=EDGE_CURVE('',#1250,#1249,#1427,.T.);
#966=EDGE_CURVE('',#1250,#1251,#313,.T.);
#967=EDGE_CURVE('',#1251,#1252,#1428,.T.);
#968=EDGE_CURVE('',#1253,#1252,#314,.T.);
#969=EDGE_CURVE('',#1254,#1253,#1429,.T.);
#970=EDGE_CURVE('',#1254,#1255,#1430,.T.);
#971=EDGE_CURVE('',#1256,#1255,#1431,.T.);
#972=EDGE_CURVE('',#1256,#1257,#315,.T.);
#973=EDGE_CURVE('',#1257,#1258,#1432,.T.);
#974=EDGE_CURVE('',#1259,#1258,#316,.T.);
#975=EDGE_CURVE('',#1260,#1259,#1433,.T.);
#976=EDGE_CURVE('',#1260,#1261,#1434,.T.);
#977=EDGE_CURVE('',#1262,#1261,#1435,.T.);
#978=EDGE_CURVE('',#1262,#1263,#317,.T.);
#979=EDGE_CURVE('',#1263,#1264,#1436,.T.);
#980=EDGE_CURVE('',#1265,#1264,#318,.T.);
#981=EDGE_CURVE('',#1266,#1265,#1437,.T.);
#982=EDGE_CURVE('',#1266,#1267,#1438,.T.);
#983=EDGE_CURVE('',#1268,#1267,#1439,.T.);
#984=EDGE_CURVE('',#1268,#1269,#319,.T.);
#985=EDGE_CURVE('',#1269,#1270,#1440,.T.);
#986=EDGE_CURVE('',#1271,#1270,#320,.T.);
#987=EDGE_CURVE('',#1272,#1271,#1441,.T.);
#988=EDGE_CURVE('',#1272,#1273,#1442,.T.);
#989=EDGE_CURVE('',#1274,#1273,#1443,.T.);
#990=EDGE_CURVE('',#1274,#1275,#321,.T.);
#991=EDGE_CURVE('',#1275,#1276,#1444,.T.);
#992=EDGE_CURVE('',#1277,#1276,#322,.T.);
#993=EDGE_CURVE('',#1278,#1277,#1445,.T.);
#994=EDGE_CURVE('',#1278,#1279,#1446,.T.);
#995=EDGE_CURVE('',#1280,#1279,#1447,.T.);
#996=EDGE_CURVE('',#1280,#1281,#323,.T.);
#997=EDGE_CURVE('',#1281,#1282,#1448,.T.);
#998=EDGE_CURVE('',#1283,#1282,#324,.T.);
#999=EDGE_CURVE('',#1284,#1283,#1449,.T.);
#1000=EDGE_CURVE('',#1284,#1285,#1450,.T.);
#1001=EDGE_CURVE('',#1286,#1285,#1451,.T.);
#1002=EDGE_CURVE('',#1286,#1287,#325,.T.);
#1003=EDGE_CURVE('',#1287,#1288,#1452,.T.);
#1004=EDGE_CURVE('',#1289,#1288,#326,.T.);
#1005=EDGE_CURVE('',#1290,#1289,#1453,.T.);
#1006=EDGE_CURVE('',#1290,#1291,#1454,.T.);
#1007=EDGE_CURVE('',#1292,#1291,#1455,.T.);
#1008=EDGE_CURVE('',#1292,#1293,#327,.T.);
#1009=EDGE_CURVE('',#1293,#1294,#1456,.T.);
#1010=EDGE_CURVE('',#1295,#1294,#328,.T.);
#1011=EDGE_CURVE('',#1296,#1295,#1457,.T.);
#1012=EDGE_CURVE('',#1296,#1297,#1458,.T.);
#1013=EDGE_CURVE('',#1298,#1297,#1459,.T.);
#1014=EDGE_CURVE('',#1298,#1299,#329,.T.);
#1015=EDGE_CURVE('',#1299,#1300,#1460,.T.);
#1016=EDGE_CURVE('',#1301,#1300,#330,.T.);
#1017=EDGE_CURVE('',#1302,#1301,#1461,.T.);
#1018=EDGE_CURVE('',#1302,#1214,#1462,.T.);
#1019=EDGE_CURVE('',#1303,#1304,#105,.T.);
#1020=EDGE_CURVE('',#1304,#1305,#1463,.F.);
#1021=EDGE_CURVE('',#1306,#1305,#106,.T.);
#1022=EDGE_CURVE('',#1306,#1303,#1464,.F.);
#1023=EDGE_CURVE('',#1305,#1307,#107,.T.);
#1024=EDGE_CURVE('',#1304,#1308,#108,.T.);
#1025=EDGE_CURVE('',#1307,#1308,#1465,.T.);
#1026=EDGE_CURVE('',#1306,#1309,#109,.T.);
#1027=EDGE_CURVE('',#1307,#1309,#110,.T.);
#1028=EDGE_CURVE('',#1303,#1310,#111,.T.);
#1029=EDGE_CURVE('',#1310,#1309,#1466,.T.);
#1030=EDGE_CURVE('',#1308,#1310,#112,.T.);
#1031=EDGE_CURVE('',#1311,#1311,#1467,.T.);
#1032=EDGE_CURVE('',#1312,#1312,#1468,.T.);
#1033=EDGE_CURVE('',#1313,#1314,#1469,.F.);
#1034=EDGE_CURVE('',#1313,#1315,#331,.T.);
#1035=EDGE_CURVE('',#1316,#1315,#1470,.T.);
#1036=EDGE_CURVE('',#1317,#1316,#332,.T.);
#1037=EDGE_CURVE('',#1318,#1317,#1471,.F.);
#1038=EDGE_CURVE('',#1319,#1318,#1472,.T.);
#1039=EDGE_CURVE('',#1320,#1319,#1473,.F.);
#1040=EDGE_CURVE('',#1320,#1321,#333,.T.);
#1041=EDGE_CURVE('',#1322,#1321,#1474,.T.);
#1042=EDGE_CURVE('',#1323,#1322,#334,.T.);
#1043=EDGE_CURVE('',#1324,#1323,#1475,.F.);
#1044=EDGE_CURVE('',#1325,#1324,#1476,.T.);
#1045=EDGE_CURVE('',#1326,#1325,#1477,.F.);
#1046=EDGE_CURVE('',#1326,#1327,#335,.T.);
#1047=EDGE_CURVE('',#1328,#1327,#1478,.T.);
#1048=EDGE_CURVE('',#1329,#1328,#336,.T.);
#1049=EDGE_CURVE('',#1330,#1329,#1479,.F.);
#1050=EDGE_CURVE('',#1331,#1330,#1480,.T.);
#1051=EDGE_CURVE('',#1332,#1331,#1481,.F.);
#1052=EDGE_CURVE('',#1332,#1333,#337,.T.);
#1053=EDGE_CURVE('',#1334,#1333,#1482,.T.);
#1054=EDGE_CURVE('',#1335,#1334,#338,.T.);
#1055=EDGE_CURVE('',#1336,#1335,#1483,.F.);
#1056=EDGE_CURVE('',#1337,#1336,#1484,.T.);
#1057=EDGE_CURVE('',#1338,#1337,#1485,.F.);
#1058=EDGE_CURVE('',#1338,#1339,#339,.T.);
#1059=EDGE_CURVE('',#1340,#1339,#1486,.T.);
#1060=EDGE_CURVE('',#1341,#1340,#340,.T.);
#1061=EDGE_CURVE('',#1342,#1341,#1487,.F.);
#1062=EDGE_CURVE('',#1343,#1342,#1488,.T.);
#1063=EDGE_CURVE('',#1344,#1343,#1489,.F.);
#1064=EDGE_CURVE('',#1344,#1345,#341,.T.);
#1065=EDGE_CURVE('',#1346,#1345,#1490,.T.);
#1066=EDGE_CURVE('',#1347,#1346,#342,.T.);
#1067=EDGE_CURVE('',#1348,#1347,#1491,.F.);
#1068=EDGE_CURVE('',#1349,#1348,#1492,.T.);
#1069=EDGE_CURVE('',#1350,#1349,#1493,.F.);
#1070=EDGE_CURVE('',#1350,#1351,#343,.T.);
#1071=EDGE_CURVE('',#1352,#1351,#1494,.T.);
#1072=EDGE_CURVE('',#1353,#1352,#344,.T.);
#1073=EDGE_CURVE('',#1354,#1353,#1495,.F.);
#1074=EDGE_CURVE('',#1355,#1354,#1496,.T.);
#1075=EDGE_CURVE('',#1356,#1355,#1497,.F.);
#1076=EDGE_CURVE('',#1356,#1357,#345,.T.);
#1077=EDGE_CURVE('',#1358,#1357,#1498,.T.);
#1078=EDGE_CURVE('',#1359,#1358,#346,.T.);
#1079=EDGE_CURVE('',#1360,#1359,#1499,.F.);
#1080=EDGE_CURVE('',#1361,#1360,#1500,.T.);
#1081=EDGE_CURVE('',#1362,#1361,#1501,.F.);
#1082=EDGE_CURVE('',#1362,#1363,#347,.T.);
#1083=EDGE_CURVE('',#1364,#1363,#1502,.T.);
#1084=EDGE_CURVE('',#1365,#1364,#348,.T.);
#1085=EDGE_CURVE('',#1366,#1365,#1503,.F.);
#1086=EDGE_CURVE('',#1367,#1366,#1504,.T.);
#1087=EDGE_CURVE('',#1368,#1367,#1505,.F.);
#1088=EDGE_CURVE('',#1368,#1369,#349,.T.);
#1089=EDGE_CURVE('',#1370,#1369,#1506,.T.);
#1090=EDGE_CURVE('',#1371,#1370,#350,.T.);
#1091=EDGE_CURVE('',#1372,#1371,#1507,.F.);
#1092=EDGE_CURVE('',#1373,#1372,#1508,.T.);
#1093=EDGE_CURVE('',#1374,#1373,#1509,.F.);
#1094=EDGE_CURVE('',#1374,#1375,#351,.T.);
#1095=EDGE_CURVE('',#1376,#1375,#1510,.T.);
#1096=EDGE_CURVE('',#1377,#1376,#352,.T.);
#1097=EDGE_CURVE('',#1378,#1377,#1511,.F.);
#1098=EDGE_CURVE('',#1379,#1378,#1512,.T.);
#1099=EDGE_CURVE('',#1380,#1379,#1513,.F.);
#1100=EDGE_CURVE('',#1380,#1381,#353,.T.);
#1101=EDGE_CURVE('',#1382,#1381,#1514,.T.);
#1102=EDGE_CURVE('',#1383,#1382,#354,.T.);
#1103=EDGE_CURVE('',#1384,#1383,#1515,.F.);
#1104=EDGE_CURVE('',#1385,#1384,#1516,.T.);
#1105=EDGE_CURVE('',#1386,#1385,#1517,.F.);
#1106=EDGE_CURVE('',#1386,#1387,#355,.T.);
#1107=EDGE_CURVE('',#1388,#1387,#1518,.T.);
#1108=EDGE_CURVE('',#1389,#1388,#356,.T.);
#1109=EDGE_CURVE('',#1390,#1389,#1519,.F.);
#1110=EDGE_CURVE('',#1391,#1390,#1520,.T.);
#1111=EDGE_CURVE('',#1392,#1391,#1521,.F.);
#1112=EDGE_CURVE('',#1392,#1393,#357,.T.);
#1113=EDGE_CURVE('',#1394,#1393,#1522,.T.);
#1114=EDGE_CURVE('',#1395,#1394,#358,.T.);
#1115=EDGE_CURVE('',#1396,#1395,#1523,.F.);
#1116=EDGE_CURVE('',#1397,#1396,#1524,.T.);
#1117=EDGE_CURVE('',#1398,#1397,#1525,.F.);
#1118=EDGE_CURVE('',#1398,#1399,#359,.T.);
#1119=EDGE_CURVE('',#1400,#1399,#1526,.T.);
#1120=EDGE_CURVE('',#1401,#1400,#360,.T.);
#1121=EDGE_CURVE('',#1402,#1401,#1527,.F.);
#1122=EDGE_CURVE('',#1314,#1402,#1528,.T.);
#1123=EDGE_CURVE('',#1341,#1274,#113,.F.);
#1124=EDGE_CURVE('',#1275,#1340,#114,.T.);
#1125=EDGE_CURVE('',#1343,#1272,#115,.F.);
#1126=EDGE_CURVE('',#1273,#1342,#116,.T.);
#1127=EDGE_CURVE('',#1271,#1344,#117,.T.);
#1128=EDGE_CURVE('',#1270,#1345,#118,.T.);
#1129=EDGE_CURVE('',#1347,#1268,#119,.F.);
#1130=EDGE_CURVE('',#1269,#1346,#120,.T.);
#1131=EDGE_CURVE('',#1349,#1266,#121,.F.);
#1132=EDGE_CURVE('',#1267,#1348,#122,.T.);
#1133=EDGE_CURVE('',#1265,#1350,#123,.T.);
#1134=EDGE_CURVE('',#1264,#1351,#124,.T.);
#1135=EDGE_CURVE('',#1353,#1262,#125,.F.);
#1136=EDGE_CURVE('',#1263,#1352,#126,.T.);
#1137=EDGE_CURVE('',#1355,#1260,#127,.F.);
#1138=EDGE_CURVE('',#1261,#1354,#128,.T.);
#1139=EDGE_CURVE('',#1259,#1356,#129,.T.);
#1140=EDGE_CURVE('',#1258,#1357,#130,.T.);
#1141=EDGE_CURVE('',#1359,#1256,#131,.F.);
#1142=EDGE_CURVE('',#1257,#1358,#132,.T.);
#1143=EDGE_CURVE('',#1361,#1254,#133,.F.);
#1144=EDGE_CURVE('',#1255,#1360,#134,.T.);
#1145=EDGE_CURVE('',#1253,#1362,#135,.T.);
#1146=EDGE_CURVE('',#1252,#1363,#136,.T.);
#1147=EDGE_CURVE('',#1365,#1250,#137,.F.);
#1148=EDGE_CURVE('',#1251,#1364,#138,.T.);
#1149=EDGE_CURVE('',#1367,#1248,#139,.F.);
#1150=EDGE_CURVE('',#1249,#1366,#140,.T.);
#1151=EDGE_CURVE('',#1247,#1368,#141,.T.);
#1152=EDGE_CURVE('',#1246,#1369,#142,.T.);
#1153=EDGE_CURVE('',#1371,#1244,#143,.F.);
#1154=EDGE_CURVE('',#1245,#1370,#144,.T.);
#1155=EDGE_CURVE('',#1373,#1242,#145,.F.);
#1156=EDGE_CURVE('',#1243,#1372,#146,.T.);
#1157=EDGE_CURVE('',#1241,#1374,#147,.T.);
#1158=EDGE_CURVE('',#1240,#1375,#148,.T.);
#1159=EDGE_CURVE('',#1377,#1238,#149,.F.);
#1160=EDGE_CURVE('',#1239,#1376,#150,.T.);
#1161=EDGE_CURVE('',#1379,#1236,#151,.F.);
#1162=EDGE_CURVE('',#1237,#1378,#152,.T.);
#1163=EDGE_CURVE('',#1235,#1380,#153,.T.);
#1164=EDGE_CURVE('',#1234,#1381,#154,.T.);
#1165=EDGE_CURVE('',#1383,#1232,#155,.F.);
#1166=EDGE_CURVE('',#1233,#1382,#156,.T.);
#1167=EDGE_CURVE('',#1385,#1230,#157,.F.);
#1168=EDGE_CURVE('',#1231,#1384,#158,.T.);
#1169=EDGE_CURVE('',#1229,#1386,#159,.T.);
#1170=EDGE_CURVE('',#1228,#1387,#160,.T.);
#1171=EDGE_CURVE('',#1389,#1226,#161,.F.);
#1172=EDGE_CURVE('',#1227,#1388,#162,.T.);
#1173=EDGE_CURVE('',#1391,#1224,#163,.F.);
#1174=EDGE_CURVE('',#1225,#1390,#164,.T.);
#1175=EDGE_CURVE('',#1223,#1392,#165,.T.);
#1176=EDGE_CURVE('',#1222,#1393,#166,.T.);
#1177=EDGE_CURVE('',#1395,#1220,#167,.F.);
#1178=EDGE_CURVE('',#1221,#1394,#168,.T.);
#1179=EDGE_CURVE('',#1397,#1218,#169,.F.);
#1180=EDGE_CURVE('',#1219,#1396,#170,.T.);
#1181=EDGE_CURVE('',#1217,#1398,#171,.T.);
#1182=EDGE_CURVE('',#1216,#1399,#172,.T.);
#1183=EDGE_CURVE('',#1401,#1213,#173,.F.);
#1184=EDGE_CURVE('',#1215,#1400,#174,.T.);
#1185=EDGE_CURVE('',#1314,#1302,#175,.F.);
#1186=EDGE_CURVE('',#1214,#1402,#176,.T.);
#1187=EDGE_CURVE('',#1301,#1313,#177,.T.);
#1188=EDGE_CURVE('',#1300,#1315,#178,.T.);
#1189=EDGE_CURVE('',#1317,#1298,#179,.F.);
#1190=EDGE_CURVE('',#1299,#1316,#180,.T.);
#1191=EDGE_CURVE('',#1319,#1296,#181,.F.);
#1192=EDGE_CURVE('',#1297,#1318,#182,.T.);
#1193=EDGE_CURVE('',#1295,#1320,#183,.T.);
#1194=EDGE_CURVE('',#1294,#1321,#184,.T.);
#1195=EDGE_CURVE('',#1323,#1292,#185,.F.);
#1196=EDGE_CURVE('',#1293,#1322,#186,.T.);
#1197=EDGE_CURVE('',#1325,#1290,#187,.F.);
#1198=EDGE_CURVE('',#1291,#1324,#188,.T.);
#1199=EDGE_CURVE('',#1289,#1326,#189,.T.);
#1200=EDGE_CURVE('',#1288,#1327,#190,.T.);
#1201=EDGE_CURVE('',#1329,#1286,#191,.F.);
#1202=EDGE_CURVE('',#1287,#1328,#192,.T.);
#1203=EDGE_CURVE('',#1331,#1284,#193,.F.);
#1204=EDGE_CURVE('',#1285,#1330,#194,.T.);
#1205=EDGE_CURVE('',#1283,#1332,#195,.T.);
#1206=EDGE_CURVE('',#1282,#1333,#196,.T.);
#1207=EDGE_CURVE('',#1335,#1280,#197,.F.);
#1208=EDGE_CURVE('',#1281,#1334,#198,.T.);
#1209=EDGE_CURVE('',#1337,#1278,#199,.F.);
#1210=EDGE_CURVE('',#1279,#1336,#200,.T.);
#1211=EDGE_CURVE('',#1277,#1338,#201,.T.);
#1212=EDGE_CURVE('',#1276,#1339,#202,.T.);
#1213=VERTEX_POINT('',#2534);
#1214=VERTEX_POINT('',#2535);
#1215=VERTEX_POINT('',#2573);
#1216=VERTEX_POINT('',#2575);
#1217=VERTEX_POINT('',#2613);
#1218=VERTEX_POINT('',#2615);
#1219=VERTEX_POINT('',#2617);
#1220=VERTEX_POINT('',#2619);
#1221=VERTEX_POINT('',#2657);
#1222=VERTEX_POINT('',#2659);
#1223=VERTEX_POINT('',#2697);
#1224=VERTEX_POINT('',#2699);
#1225=VERTEX_POINT('',#2701);
#1226=VERTEX_POINT('',#2703);
#1227=VERTEX_POINT('',#2741);
#1228=VERTEX_POINT('',#2743);
#1229=VERTEX_POINT('',#2781);
#1230=VERTEX_POINT('',#2783);
#1231=VERTEX_POINT('',#2785);
#1232=VERTEX_POINT('',#2787);
#1233=VERTEX_POINT('',#2825);
#1234=VERTEX_POINT('',#2827);
#1235=VERTEX_POINT('',#2865);
#1236=VERTEX_POINT('',#2867);
#1237=VERTEX_POINT('',#2869);
#1238=VERTEX_POINT('',#2871);
#1239=VERTEX_POINT('',#2909);
#1240=VERTEX_POINT('',#2911);
#1241=VERTEX_POINT('',#2949);
#1242=VERTEX_POINT('',#2951);
#1243=VERTEX_POINT('',#2953);
#1244=VERTEX_POINT('',#2955);
#1245=VERTEX_POINT('',#2993);
#1246=VERTEX_POINT('',#2995);
#1247=VERTEX_POINT('',#3033);
#1248=VERTEX_POINT('',#3035);
#1249=VERTEX_POINT('',#3037);
#1250=VERTEX_POINT('',#3039);
#1251=VERTEX_POINT('',#3077);
#1252=VERTEX_POINT('',#3079);
#1253=VERTEX_POINT('',#3117);
#1254=VERTEX_POINT('',#3119);
#1255=VERTEX_POINT('',#3121);
#1256=VERTEX_POINT('',#3123);
#1257=VERTEX_POINT('',#3161);
#1258=VERTEX_POINT('',#3163);
#1259=VERTEX_POINT('',#3201);
#1260=VERTEX_POINT('',#3203);
#1261=VERTEX_POINT('',#3205);
#1262=VERTEX_POINT('',#3207);
#1263=VERTEX_POINT('',#3245);
#1264=VERTEX_POINT('',#3247);
#1265=VERTEX_POINT('',#3285);
#1266=VERTEX_POINT('',#3287);
#1267=VERTEX_POINT('',#3289);
#1268=VERTEX_POINT('',#3291);
#1269=VERTEX_POINT('',#3329);
#1270=VERTEX_POINT('',#3331);
#1271=VERTEX_POINT('',#3369);
#1272=VERTEX_POINT('',#3371);
#1273=VERTEX_POINT('',#3373);
#1274=VERTEX_POINT('',#3375);
#1275=VERTEX_POINT('',#3413);
#1276=VERTEX_POINT('',#3415);
#1277=VERTEX_POINT('',#3453);
#1278=VERTEX_POINT('',#3455);
#1279=VERTEX_POINT('',#3457);
#1280=VERTEX_POINT('',#3459);
#1281=VERTEX_POINT('',#3497);
#1282=VERTEX_POINT('',#3499);
#1283=VERTEX_POINT('',#3537);
#1284=VERTEX_POINT('',#3539);
#1285=VERTEX_POINT('',#3541);
#1286=VERTEX_POINT('',#3543);
#1287=VERTEX_POINT('',#3581);
#1288=VERTEX_POINT('',#3583);
#1289=VERTEX_POINT('',#3621);
#1290=VERTEX_POINT('',#3623);
#1291=VERTEX_POINT('',#3625);
#1292=VERTEX_POINT('',#3627);
#1293=VERTEX_POINT('',#3665);
#1294=VERTEX_POINT('',#3667);
#1295=VERTEX_POINT('',#3705);
#1296=VERTEX_POINT('',#3707);
#1297=VERTEX_POINT('',#3709);
#1298=VERTEX_POINT('',#3711);
#1299=VERTEX_POINT('',#3749);
#1300=VERTEX_POINT('',#3751);
#1301=VERTEX_POINT('',#3789);
#1302=VERTEX_POINT('',#3791);
#1303=VERTEX_POINT('',#3794);
#1304=VERTEX_POINT('',#3795);
#1305=VERTEX_POINT('',#3797);
#1306=VERTEX_POINT('',#3799);
#1307=VERTEX_POINT('',#3803);
#1308=VERTEX_POINT('',#3805);
#1309=VERTEX_POINT('',#3809);
#1310=VERTEX_POINT('',#3813);
#1311=VERTEX_POINT('',#3819);
#1312=VERTEX_POINT('',#3821);
#1313=VERTEX_POINT('',#3825);
#1314=VERTEX_POINT('',#3826);
#1315=VERTEX_POINT('',#3864);
#1316=VERTEX_POINT('',#3866);
#1317=VERTEX_POINT('',#3904);
#1318=VERTEX_POINT('',#3906);
#1319=VERTEX_POINT('',#3908);
#1320=VERTEX_POINT('',#3910);
#1321=VERTEX_POINT('',#3948);
#1322=VERTEX_POINT('',#3950);
#1323=VERTEX_POINT('',#3988);
#1324=VERTEX_POINT('',#3990);
#1325=VERTEX_POINT('',#3992);
#1326=VERTEX_POINT('',#3994);
#1327=VERTEX_POINT('',#4032);
#1328=VERTEX_POINT('',#4034);
#1329=VERTEX_POINT('',#4072);
#1330=VERTEX_POINT('',#4074);
#1331=VERTEX_POINT('',#4076);
#1332=VERTEX_POINT('',#4078);
#1333=VERTEX_POINT('',#4116);
#1334=VERTEX_POINT('',#4118);
#1335=VERTEX_POINT('',#4156);
#1336=VERTEX_POINT('',#4158);
#1337=VERTEX_POINT('',#4160);
#1338=VERTEX_POINT('',#4162);
#1339=VERTEX_POINT('',#4200);
#1340=VERTEX_POINT('',#4202);
#1341=VERTEX_POINT('',#4240);
#1342=VERTEX_POINT('',#4242);
#1343=VERTEX_POINT('',#4244);
#1344=VERTEX_POINT('',#4246);
#1345=VERTEX_POINT('',#4284);
#1346=VERTEX_POINT('',#4286);
#1347=VERTEX_POINT('',#4324);
#1348=VERTEX_POINT('',#4326);
#1349=VERTEX_POINT('',#4328);
#1350=VERTEX_POINT('',#4330);
#1351=VERTEX_POINT('',#4368);
#1352=VERTEX_POINT('',#4370);
#1353=VERTEX_POINT('',#4408);
#1354=VERTEX_POINT('',#4410);
#1355=VERTEX_POINT('',#4412);
#1356=VERTEX_POINT('',#4414);
#1357=VERTEX_POINT('',#4452);
#1358=VERTEX_POINT('',#4454);
#1359=VERTEX_POINT('',#4492);
#1360=VERTEX_POINT('',#4494);
#1361=VERTEX_POINT('',#4496);
#1362=VERTEX_POINT('',#4498);
#1363=VERTEX_POINT('',#4536);
#1364=VERTEX_POINT('',#4538);
#1365=VERTEX_POINT('',#4576);
#1366=VERTEX_POINT('',#4578);
#1367=VERTEX_POINT('',#4580);
#1368=VERTEX_POINT('',#4582);
#1369=VERTEX_POINT('',#4620);
#1370=VERTEX_POINT('',#4622);
#1371=VERTEX_POINT('',#4660);
#1372=VERTEX_POINT('',#4662);
#1373=VERTEX_POINT('',#4664);
#1374=VERTEX_POINT('',#4666);
#1375=VERTEX_POINT('',#4704);
#1376=VERTEX_POINT('',#4706);
#1377=VERTEX_POINT('',#4744);
#1378=VERTEX_POINT('',#4746);
#1379=VERTEX_POINT('',#4748);
#1380=VERTEX_POINT('',#4750);
#1381=VERTEX_POINT('',#4788);
#1382=VERTEX_POINT('',#4790);
#1383=VERTEX_POINT('',#4828);
#1384=VERTEX_POINT('',#4830);
#1385=VERTEX_POINT('',#4832);
#1386=VERTEX_POINT('',#4834);
#1387=VERTEX_POINT('',#4872);
#1388=VERTEX_POINT('',#4874);
#1389=VERTEX_POINT('',#4912);
#1390=VERTEX_POINT('',#4914);
#1391=VERTEX_POINT('',#4916);
#1392=VERTEX_POINT('',#4918);
#1393=VERTEX_POINT('',#4956);
#1394=VERTEX_POINT('',#4958);
#1395=VERTEX_POINT('',#4996);
#1396=VERTEX_POINT('',#4998);
#1397=VERTEX_POINT('',#5000);
#1398=VERTEX_POINT('',#5002);
#1399=VERTEX_POINT('',#5040);
#1400=VERTEX_POINT('',#5042);
#1401=VERTEX_POINT('',#5080);
#1402=VERTEX_POINT('',#5082);
#1403=CIRCLE('',#1850,0.000820740820993427);
#1404=CIRCLE('',#1851,0.017);
#1405=CIRCLE('',#1852,0.000820740820993427);
#1406=CIRCLE('',#1853,0.0125);
#1407=CIRCLE('',#1854,0.000820740820993427);
#1408=CIRCLE('',#1855,0.017);
#1409=CIRCLE('',#1856,0.000820740820993427);
#1410=CIRCLE('',#1857,0.0125);
#1411=CIRCLE('',#1858,0.000820740820993427);
#1412=CIRCLE('',#1859,0.017);
#1413=CIRCLE('',#1860,0.000820740820993427);
#1414=CIRCLE('',#1861,0.0125);
#1415=CIRCLE('',#1862,0.000820740820993427);
#1416=CIRCLE('',#1863,0.017);
#1417=CIRCLE('',#1864,0.000820740820993427);
#1418=CIRCLE('',#1865,0.0125);
#1419=CIRCLE('',#1866,0.000820740820993427);
#1420=CIRCLE('',#1867,0.017);
#1421=CIRCLE('',#1868,0.000820740820993427);
#1422=CIRCLE('',#1869,0.0125);
#1423=CIRCLE('',#1870,0.000820740820993427);
#1424=CIRCLE('',#1871,0.017);
#1425=CIRCLE('',#1872,0.000820740820993427);
#1426=CIRCLE('',#1873,0.0125);
#1427=CIRCLE('',#1874,0.000820740820993427);
#1428=CIRCLE('',#1875,0.017);
#1429=CIRCLE('',#1876,0.000820740820993427);
#1430=CIRCLE('',#1877,0.0125);
#1431=CIRCLE('',#1878,0.000820740820993427);
#1432=CIRCLE('',#1879,0.017);
#1433=CIRCLE('',#1880,0.000820740820993427);
#1434=CIRCLE('',#1881,0.0125);
#1435=CIRCLE('',#1882,0.000820740820993427);
#1436=CIRCLE('',#1883,0.017);
#1437=CIRCLE('',#1884,0.000820740820993427);
#1438=CIRCLE('',#1885,0.0125);
#1439=CIRCLE('',#1886,0.000820740820993427);
#1440=CIRCLE('',#1887,0.017);
#1441=CIRCLE('',#1888,0.000820740820993427);
#1442=CIRCLE('',#1889,0.0125);
#1443=CIRCLE('',#1890,0.000820740820993427);
#1444=CIRCLE('',#1891,0.017);
#1445=CIRCLE('',#1892,0.000820740820993427);
#1446=CIRCLE('',#1893,0.0125);
#1447=CIRCLE('',#1894,0.000820740820993427);
#1448=CIRCLE('',#1895,0.017);
#1449=CIRCLE('',#1896,0.000820740820993427);
#1450=CIRCLE('',#1897,0.0125);
#1451=CIRCLE('',#1898,0.000820740820993427);
#1452=CIRCLE('',#1899,0.017);
#1453=CIRCLE('',#1900,0.000820740820993427);
#1454=CIRCLE('',#1901,0.0125);
#1455=CIRCLE('',#1902,0.000820740820993427);
#1456=CIRCLE('',#1903,0.017);
#1457=CIRCLE('',#1904,0.000820740820993427);
#1458=CIRCLE('',#1905,0.0125);
#1459=CIRCLE('',#1906,0.000820740820993427);
#1460=CIRCLE('',#1907,0.017);
#1461=CIRCLE('',#1908,0.000820740820993427);
#1462=CIRCLE('',#1909,0.0125);
#1463=CIRCLE('',#1910,0.0027);
#1464=CIRCLE('',#1911,0.0027);
#1465=CIRCLE('',#1913,0.0027);
#1466=CIRCLE('',#1916,0.0027);
#1467=CIRCLE('',#1919,0.006);
#1468=CIRCLE('',#1920,0.006);
#1469=CIRCLE('',#1923,0.000820740820993427);
#1470=CIRCLE('',#1924,0.017);
#1471=CIRCLE('',#1925,0.000820740820993427);
#1472=CIRCLE('',#1926,0.0125);
#1473=CIRCLE('',#1927,0.000820740820993427);
#1474=CIRCLE('',#1928,0.017);
#1475=CIRCLE('',#1929,0.000820740820993427);
#1476=CIRCLE('',#1930,0.0125);
#1477=CIRCLE('',#1931,0.000820740820993427);
#1478=CIRCLE('',#1932,0.017);
#1479=CIRCLE('',#1933,0.000820740820993427);
#1480=CIRCLE('',#1934,0.0125);
#1481=CIRCLE('',#1935,0.000820740820993427);
#1482=CIRCLE('',#1936,0.017);
#1483=CIRCLE('',#1937,0.000820740820993427);
#1484=CIRCLE('',#1938,0.0125);
#1485=CIRCLE('',#1939,0.000820740820993427);
#1486=CIRCLE('',#1940,0.017);
#1487=CIRCLE('',#1941,0.000820740820993427);
#1488=CIRCLE('',#1942,0.0125);
#1489=CIRCLE('',#1943,0.000820740820993427);
#1490=CIRCLE('',#1944,0.017);
#1491=CIRCLE('',#1945,0.000820740820993427);
#1492=CIRCLE('',#1946,0.0125);
#1493=CIRCLE('',#1947,0.000820740820993427);
#1494=CIRCLE('',#1948,0.017);
#1495=CIRCLE('',#1949,0.000820740820993427);
#1496=CIRCLE('',#1950,0.0125);
#1497=CIRCLE('',#1951,0.000820740820993427);
#1498=CIRCLE('',#1952,0.017);
#1499=CIRCLE('',#1953,0.000820740820993427);
#1500=CIRCLE('',#1954,0.0125);
#1501=CIRCLE('',#1955,0.000820740820993427);
#1502=CIRCLE('',#1956,0.017);
#1503=CIRCLE('',#1957,0.000820740820993427);
#1504=CIRCLE('',#1958,0.0125);
#1505=CIRCLE('',#1959,0.000820740820993427);
#1506=CIRCLE('',#1960,0.017);
#1507=CIRCLE('',#1961,0.000820740820993427);
#1508=CIRCLE('',#1962,0.0125);
#1509=CIRCLE('',#1963,0.000820740820993427);
#1510=CIRCLE('',#1964,0.017);
#1511=CIRCLE('',#1965,0.000820740820993427);
#1512=CIRCLE('',#1966,0.0125);
#1513=CIRCLE('',#1967,0.000820740820993427);
#1514=CIRCLE('',#1968,0.017);
#1515=CIRCLE('',#1969,0.000820740820993427);
#1516=CIRCLE('',#1970,0.0125);
#1517=CIRCLE('',#1971,0.000820740820993427);
#1518=CIRCLE('',#1972,0.017);
#1519=CIRCLE('',#1973,0.000820740820993427);
#1520=CIRCLE('',#1974,0.0125);
#1521=CIRCLE('',#1975,0.000820740820993427);
#1522=CIRCLE('',#1976,0.017);
#1523=CIRCLE('',#1977,0.000820740820993427);
#1524=CIRCLE('',#1978,0.0125);
#1525=CIRCLE('',#1979,0.000820740820993427);
#1526=CIRCLE('',#1980,0.017);
#1527=CIRCLE('',#1981,0.000820740820993427);
#1528=CIRCLE('',#1982,0.0125);
#1529=EDGE_LOOP('',(#361,#362,#363,#364,#365,#366,#367,#368,#369,#370,#371,
#372,#373,#374,#375,#376,#377,#378,#379,#380,#381,#382,#383,#384,#385,#386,
#387,#388,#389,#390,#391,#392,#393,#394,#395,#396,#397,#398,#399,#400,#401,
#402,#403,#404,#405,#406,#407,#408,#409,#410,#411,#412,#413,#414,#415,#416,
#417,#418,#419,#420,#421,#422,#423,#424,#425,#426,#427,#428,#429,#430,#431,
#432,#433,#434,#435,#436,#437,#438,#439,#440,#441,#442,#443,#444,#445,#446,
#447,#448,#449,#450));
#1530=EDGE_LOOP('',(#451,#452,#453,#454));
#1531=EDGE_LOOP('',(#455,#456,#457,#458));
#1532=EDGE_LOOP('',(#459,#460,#461,#462));
#1533=EDGE_LOOP('',(#463,#464,#465,#466));
#1534=EDGE_LOOP('',(#467,#468,#469,#470));
#1535=EDGE_LOOP('',(#471));
#1536=EDGE_LOOP('',(#472));
#1537=EDGE_LOOP('',(#473,#474,#475,#476));
#1538=EDGE_LOOP('',(#477));
#1539=EDGE_LOOP('',(#478));
#1540=EDGE_LOOP('',(#479,#480,#481,#482,#483,#484,#485,#486,#487,#488,#489,
#490,#491,#492,#493,#494,#495,#496,#497,#498,#499,#500,#501,#502,#503,#504,
#505,#506,#507,#508,#509,#510,#511,#512,#513,#514,#515,#516,#517,#518,#519,
#520,#521,#522,#523,#524,#525,#526,#527,#528,#529,#530,#531,#532,#533,#534,
#535,#536,#537,#538,#539,#540,#541,#542,#543,#544,#545,#546,#547,#548,#549,
#550,#551,#552,#553,#554,#555,#556,#557,#558,#559,#560,#561,#562,#563,#564,
#565,#566,#567,#568));
#1541=EDGE_LOOP('',(#569,#570,#571,#572));
#1542=EDGE_LOOP('',(#573,#574,#575,#576));
#1543=EDGE_LOOP('',(#577,#578,#579,#580));
#1544=EDGE_LOOP('',(#581,#582,#583,#584));
#1545=EDGE_LOOP('',(#585,#586,#587,#588));
#1546=EDGE_LOOP('',(#589,#590,#591,#592));
#1547=EDGE_LOOP('',(#593,#594,#595,#596));
#1548=EDGE_LOOP('',(#597,#598,#599,#600));
#1549=EDGE_LOOP('',(#601,#602,#603,#604));
#1550=EDGE_LOOP('',(#605,#606,#607,#608));
#1551=EDGE_LOOP('',(#609,#610,#611,#612));
#1552=EDGE_LOOP('',(#613,#614,#615,#616));
#1553=EDGE_LOOP('',(#617,#618,#619,#620));
#1554=EDGE_LOOP('',(#621,#622,#623,#624));
#1555=EDGE_LOOP('',(#625,#626,#627,#628));
#1556=EDGE_LOOP('',(#629,#630,#631,#632));
#1557=EDGE_LOOP('',(#633,#634,#635,#636));
#1558=EDGE_LOOP('',(#637,#638,#639,#640));
#1559=EDGE_LOOP('',(#641,#642,#643,#644));
#1560=EDGE_LOOP('',(#645,#646,#647,#648));
#1561=EDGE_LOOP('',(#649,#650,#651,#652));
#1562=EDGE_LOOP('',(#653,#654,#655,#656));
#1563=EDGE_LOOP('',(#657,#658,#659,#660));
#1564=EDGE_LOOP('',(#661,#662,#663,#664));
#1565=EDGE_LOOP('',(#665,#666,#667,#668));
#1566=EDGE_LOOP('',(#669,#670,#671,#672));
#1567=EDGE_LOOP('',(#673,#674,#675,#676));
#1568=EDGE_LOOP('',(#677,#678,#679,#680));
#1569=EDGE_LOOP('',(#681,#682,#683,#684));
#1570=EDGE_LOOP('',(#685,#686,#687,#688));
#1571=EDGE_LOOP('',(#689,#690,#691,#692));
#1572=EDGE_LOOP('',(#693,#694,#695,#696));
#1573=EDGE_LOOP('',(#697,#698,#699,#700));
#1574=EDGE_LOOP('',(#701,#702,#703,#704));
#1575=EDGE_LOOP('',(#705,#706,#707,#708));
#1576=EDGE_LOOP('',(#709,#710,#711,#712));
#1577=EDGE_LOOP('',(#713,#714,#715,#716));
#1578=EDGE_LOOP('',(#717,#718,#719,#720));
#1579=EDGE_LOOP('',(#721,#722,#723,#724));
#1580=EDGE_LOOP('',(#725,#726,#727,#728));
#1581=EDGE_LOOP('',(#729,#730,#731,#732));
#1582=EDGE_LOOP('',(#733,#734,#735,#736));
#1583=EDGE_LOOP('',(#737,#738,#739,#740));
#1584=EDGE_LOOP('',(#741,#742,#743,#744));
#1585=EDGE_LOOP('',(#745,#746,#747,#748));
#1586=EDGE_LOOP('',(#749,#750,#751,#752));
#1587=EDGE_LOOP('',(#753,#754,#755,#756));
#1588=EDGE_LOOP('',(#757,#758,#759,#760));
#1589=EDGE_LOOP('',(#761,#762,#763,#764));
#1590=EDGE_LOOP('',(#765,#766,#767,#768));
#1591=EDGE_LOOP('',(#769,#770,#771,#772));
#1592=EDGE_LOOP('',(#773,#774,#775,#776));
#1593=EDGE_LOOP('',(#777,#778,#779,#780));
#1594=EDGE_LOOP('',(#781,#782,#783,#784));
#1595=EDGE_LOOP('',(#785,#786,#787,#788));
#1596=EDGE_LOOP('',(#789,#790,#791,#792));
#1597=EDGE_LOOP('',(#793,#794,#795,#796));
#1598=EDGE_LOOP('',(#797,#798,#799,#800));
#1599=EDGE_LOOP('',(#801,#802,#803,#804));
#1600=EDGE_LOOP('',(#805,#806,#807,#808));
#1601=EDGE_LOOP('',(#809,#810,#811,#812));
#1602=EDGE_LOOP('',(#813,#814,#815,#816));
#1603=EDGE_LOOP('',(#817,#818,#819,#820));
#1604=EDGE_LOOP('',(#821,#822,#823,#824));
#1605=EDGE_LOOP('',(#825,#826,#827,#828));
#1606=EDGE_LOOP('',(#829,#830,#831,#832));
#1607=EDGE_LOOP('',(#833,#834,#835,#836));
#1608=EDGE_LOOP('',(#837,#838,#839,#840));
#1609=EDGE_LOOP('',(#841,#842,#843,#844));
#1610=EDGE_LOOP('',(#845,#846,#847,#848));
#1611=EDGE_LOOP('',(#849,#850,#851,#852));
#1612=EDGE_LOOP('',(#853,#854,#855,#856));
#1613=EDGE_LOOP('',(#857,#858,#859,#860));
#1614=EDGE_LOOP('',(#861,#862,#863,#864));
#1615=EDGE_LOOP('',(#865,#866,#867,#868));
#1616=EDGE_LOOP('',(#869,#870,#871,#872));
#1617=EDGE_LOOP('',(#873,#874,#875,#876));
#1618=EDGE_LOOP('',(#877,#878,#879,#880));
#1619=EDGE_LOOP('',(#881,#882,#883,#884));
#1620=EDGE_LOOP('',(#885,#886,#887,#888));
#1621=EDGE_LOOP('',(#889,#890,#891,#892));
#1622=EDGE_LOOP('',(#893,#894,#895,#896));
#1623=EDGE_LOOP('',(#897,#898,#899,#900));
#1624=EDGE_LOOP('',(#901,#902,#903,#904));
#1625=EDGE_LOOP('',(#905,#906,#907,#908));
#1626=EDGE_LOOP('',(#909,#910,#911,#912));
#1627=EDGE_LOOP('',(#913,#914,#915,#916));
#1628=EDGE_LOOP('',(#917,#918,#919,#920));
#1629=EDGE_LOOP('',(#921,#922,#923,#924));
#1630=EDGE_LOOP('',(#925,#926,#927,#928));
#1631=FACE_BOUND('',#1529,.T.);
#1632=FACE_BOUND('',#1530,.T.);
#1633=FACE_BOUND('',#1531,.T.);
#1634=FACE_BOUND('',#1532,.T.);
#1635=FACE_BOUND('',#1533,.T.);
#1636=FACE_BOUND('',#1534,.T.);
#1637=FACE_BOUND('',#1535,.T.);
#1638=FACE_BOUND('',#1536,.T.);
#1639=FACE_BOUND('',#1537,.T.);
#1640=FACE_BOUND('',#1538,.T.);
#1641=FACE_BOUND('',#1539,.T.);
#1642=FACE_BOUND('',#1540,.T.);
#1643=FACE_BOUND('',#1541,.T.);
#1644=FACE_BOUND('',#1542,.T.);
#1645=FACE_BOUND('',#1543,.T.);
#1646=FACE_BOUND('',#1544,.T.);
#1647=FACE_BOUND('',#1545,.T.);
#1648=FACE_BOUND('',#1546,.T.);
#1649=FACE_BOUND('',#1547,.T.);
#1650=FACE_BOUND('',#1548,.T.);
#1651=FACE_BOUND('',#1549,.T.);
#1652=FACE_BOUND('',#1550,.T.);
#1653=FACE_BOUND('',#1551,.T.);
#1654=FACE_BOUND('',#1552,.T.);
#1655=FACE_BOUND('',#1553,.T.);
#1656=FACE_BOUND('',#1554,.T.);
#1657=FACE_BOUND('',#1555,.T.);
#1658=FACE_BOUND('',#1556,.T.);
#1659=FACE_BOUND('',#1557,.T.);
#1660=FACE_BOUND('',#1558,.T.);
#1661=FACE_BOUND('',#1559,.T.);
#1662=FACE_BOUND('',#1560,.T.);
#1663=FACE_BOUND('',#1561,.T.);
#1664=FACE_BOUND('',#1562,.T.);
#1665=FACE_BOUND('',#1563,.T.);
#1666=FACE_BOUND('',#1564,.T.);
#1667=FACE_BOUND('',#1565,.T.);
#1668=FACE_BOUND('',#1566,.T.);
#1669=FACE_BOUND('',#1567,.T.);
#1670=FACE_BOUND('',#1568,.T.);
#1671=FACE_BOUND('',#1569,.T.);
#1672=FACE_BOUND('',#1570,.T.);
#1673=FACE_BOUND('',#1571,.T.);
#1674=FACE_BOUND('',#1572,.T.);
#1675=FACE_BOUND('',#1573,.T.);
#1676=FACE_BOUND('',#1574,.T.);
#1677=FACE_BOUND('',#1575,.T.);
#1678=FACE_BOUND('',#1576,.T.);
#1679=FACE_BOUND('',#1577,.T.);
#1680=FACE_BOUND('',#1578,.T.);
#1681=FACE_BOUND('',#1579,.T.);
#1682=FACE_BOUND('',#1580,.T.);
#1683=FACE_BOUND('',#1581,.T.);
#1684=FACE_BOUND('',#1582,.T.);
#1685=FACE_BOUND('',#1583,.T.);
#1686=FACE_BOUND('',#1584,.T.);
#1687=FACE_BOUND('',#1585,.T.);
#1688=FACE_BOUND('',#1586,.T.);
#1689=FACE_BOUND('',#1587,.T.);
#1690=FACE_BOUND('',#1588,.T.);
#1691=FACE_BOUND('',#1589,.T.);
#1692=FACE_BOUND('',#1590,.T.);
#1693=FACE_BOUND('',#1591,.T.);
#1694=FACE_BOUND('',#1592,.T.);
#1695=FACE_BOUND('',#1593,.T.);
#1696=FACE_BOUND('',#1594,.T.);
#1697=FACE_BOUND('',#1595,.T.);
#1698=FACE_BOUND('',#1596,.T.);
#1699=FACE_BOUND('',#1597,.T.);
#1700=FACE_BOUND('',#1598,.T.);
#1701=FACE_BOUND('',#1599,.T.);
#1702=FACE_BOUND('',#1600,.T.);
#1703=FACE_BOUND('',#1601,.T.);
#1704=FACE_BOUND('',#1602,.T.);
#1705=FACE_BOUND('',#1603,.T.);
#1706=FACE_BOUND('',#1604,.T.);
#1707=FACE_BOUND('',#1605,.T.);
#1708=FACE_BOUND('',#1606,.T.);
#1709=FACE_BOUND('',#1607,.T.);
#1710=FACE_BOUND('',#1608,.T.);
#1711=FACE_BOUND('',#1609,.T.);
#1712=FACE_BOUND('',#1610,.T.);
#1713=FACE_BOUND('',#1611,.T.);
#1714=FACE_BOUND('',#1612,.T.);
#1715=FACE_BOUND('',#1613,.T.);
#1716=FACE_BOUND('',#1614,.T.);
#1717=FACE_BOUND('',#1615,.T.);
#1718=FACE_BOUND('',#1616,.T.);
#1719=FACE_BOUND('',#1617,.T.);
#1720=FACE_BOUND('',#1618,.T.);
#1721=FACE_BOUND('',#1619,.T.);
#1722=FACE_BOUND('',#1620,.T.);
#1723=FACE_BOUND('',#1621,.T.);
#1724=FACE_BOUND('',#1622,.T.);
#1725=FACE_BOUND('',#1623,.T.);
#1726=FACE_BOUND('',#1624,.T.);
#1727=FACE_BOUND('',#1625,.T.);
#1728=FACE_BOUND('',#1626,.T.);
#1729=FACE_BOUND('',#1627,.T.);
#1730=FACE_BOUND('',#1628,.T.);
#1731=FACE_BOUND('',#1629,.T.);
#1732=FACE_BOUND('',#1630,.T.);
#1733=PLANE('',#1849);
#1734=PLANE('',#1914);
#1735=PLANE('',#1917);
#1736=PLANE('',#1921);
#1737=PLANE('',#1922);
#1738=ADVANCED_FACE('',(#1631,#1632),#1733,.T.);
#1739=ADVANCED_FACE('',(#1633),#42,.F.);
#1740=ADVANCED_FACE('',(#1634),#1734,.F.);
#1741=ADVANCED_FACE('',(#1635),#43,.F.);
#1742=ADVANCED_FACE('',(#1636),#1735,.T.);
#1743=ADVANCED_FACE('',(#1637,#1638),#44,.T.);
#1744=ADVANCED_FACE('',(#1639,#1640),#1736,.F.);
#1745=ADVANCED_FACE('',(#1641,#1642),#1737,.F.);
#1746=ADVANCED_FACE('',(#1643),#12,.F.);
#1747=ADVANCED_FACE('',(#1644),#45,.T.);
#1748=ADVANCED_FACE('',(#1645),#13,.T.);
#1749=ADVANCED_FACE('',(#1646),#46,.F.);
#1750=ADVANCED_FACE('',(#1647),#47,.F.);
#1751=ADVANCED_FACE('',(#1648),#14,.F.);
#1752=ADVANCED_FACE('',(#1649),#48,.T.);
#1753=ADVANCED_FACE('',(#1650),#15,.T.);
#1754=ADVANCED_FACE('',(#1651),#49,.F.);
#1755=ADVANCED_FACE('',(#1652),#50,.F.);
#1756=ADVANCED_FACE('',(#1653),#16,.F.);
#1757=ADVANCED_FACE('',(#1654),#51,.T.);
#1758=ADVANCED_FACE('',(#1655),#17,.T.);
#1759=ADVANCED_FACE('',(#1656),#52,.F.);
#1760=ADVANCED_FACE('',(#1657),#53,.F.);
#1761=ADVANCED_FACE('',(#1658),#54,.T.);
#1762=ADVANCED_FACE('',(#1659),#55,.T.);
#1763=ADVANCED_FACE('',(#1660),#18,.F.);
#1764=ADVANCED_FACE('',(#1661),#56,.T.);
#1765=ADVANCED_FACE('',(#1662),#19,.T.);
#1766=ADVANCED_FACE('',(#1663),#57,.F.);
#1767=ADVANCED_FACE('',(#1664),#58,.F.);
#1768=ADVANCED_FACE('',(#1665),#59,.T.);
#1769=ADVANCED_FACE('',(#1666),#20,.F.);
#1770=ADVANCED_FACE('',(#1667),#60,.T.);
#1771=ADVANCED_FACE('',(#1668),#21,.T.);
#1772=ADVANCED_FACE('',(#1669),#61,.F.);
#1773=ADVANCED_FACE('',(#1670),#62,.F.);
#1774=ADVANCED_FACE('',(#1671),#63,.T.);
#1775=ADVANCED_FACE('',(#1672),#22,.F.);
#1776=ADVANCED_FACE('',(#1673),#64,.T.);
#1777=ADVANCED_FACE('',(#1674),#23,.T.);
#1778=ADVANCED_FACE('',(#1675),#65,.F.);
#1779=ADVANCED_FACE('',(#1676),#66,.F.);
#1780=ADVANCED_FACE('',(#1677),#24,.F.);
#1781=ADVANCED_FACE('',(#1678),#67,.T.);
#1782=ADVANCED_FACE('',(#1679),#25,.T.);
#1783=ADVANCED_FACE('',(#1680),#68,.F.);
#1784=ADVANCED_FACE('',(#1681),#69,.F.);
#1785=ADVANCED_FACE('',(#1682),#26,.F.);
#1786=ADVANCED_FACE('',(#1683),#70,.T.);
#1787=ADVANCED_FACE('',(#1684),#27,.T.);
#1788=ADVANCED_FACE('',(#1685),#71,.F.);
#1789=ADVANCED_FACE('',(#1686),#72,.F.);
#1790=ADVANCED_FACE('',(#1687),#28,.F.);
#1791=ADVANCED_FACE('',(#1688),#73,.T.);
#1792=ADVANCED_FACE('',(#1689),#29,.T.);
#1793=ADVANCED_FACE('',(#1690),#74,.F.);
#1794=ADVANCED_FACE('',(#1691),#75,.F.);
#1795=ADVANCED_FACE('',(#1692),#30,.F.);
#1796=ADVANCED_FACE('',(#1693),#76,.T.);
#1797=ADVANCED_FACE('',(#1694),#31,.T.);
#1798=ADVANCED_FACE('',(#1695),#77,.F.);
#1799=ADVANCED_FACE('',(#1696),#78,.F.);
#1800=ADVANCED_FACE('',(#1697),#79,.T.);
#1801=ADVANCED_FACE('',(#1698),#32,.F.);
#1802=ADVANCED_FACE('',(#1699),#80,.T.);
#1803=ADVANCED_FACE('',(#1700),#33,.T.);
#1804=ADVANCED_FACE('',(#1701),#81,.F.);
#1805=ADVANCED_FACE('',(#1702),#82,.F.);
#1806=ADVANCED_FACE('',(#1703),#34,.F.);
#1807=ADVANCED_FACE('',(#1704),#83,.T.);
#1808=ADVANCED_FACE('',(#1705),#35,.T.);
#1809=ADVANCED_FACE('',(#1706),#84,.F.);
#1810=ADVANCED_FACE('',(#1707),#85,.F.);
#1811=ADVANCED_FACE('',(#1708),#86,.T.);
#1812=ADVANCED_FACE('',(#1709),#36,.F.);
#1813=ADVANCED_FACE('',(#1710),#87,.T.);
#1814=ADVANCED_FACE('',(#1711),#37,.T.);
#1815=ADVANCED_FACE('',(#1712),#88,.F.);
#1816=ADVANCED_FACE('',(#1713),#89,.F.);
#1817=ADVANCED_FACE('',(#1714),#90,.T.);
#1818=ADVANCED_FACE('',(#1715),#38,.F.);
#1819=ADVANCED_FACE('',(#1716),#91,.T.);
#1820=ADVANCED_FACE('',(#1717),#39,.T.);
#1821=ADVANCED_FACE('',(#1718),#92,.F.);
#1822=ADVANCED_FACE('',(#1719),#93,.F.);
#1823=ADVANCED_FACE('',(#1720),#40,.F.);
#1824=ADVANCED_FACE('',(#1721),#94,.T.);
#1825=ADVANCED_FACE('',(#1722),#41,.T.);
#1826=ADVANCED_FACE('',(#1723),#95,.F.);
#1827=ADVANCED_FACE('',(#1724),#96,.F.);
#1828=ADVANCED_FACE('',(#1725),#97,.T.);
#1829=ADVANCED_FACE('',(#1726),#98,.T.);
#1830=ADVANCED_FACE('',(#1727),#99,.T.);
#1831=ADVANCED_FACE('',(#1728),#100,.T.);
#1832=ADVANCED_FACE('',(#1729),#101,.T.);
#1833=ADVANCED_FACE('',(#1730),#102,.T.);
#1834=ADVANCED_FACE('',(#1731),#103,.T.);
#1835=ADVANCED_FACE('',(#1732),#104,.T.);
#1836=CLOSED_SHELL('',(#1738,#1739,#1740,#1741,#1742,#1743,#1744,#1745,
#1746,#1747,#1748,#1749,#1750,#1751,#1752,#1753,#1754,#1755,#1756,#1757,
#1758,#1759,#1760,#1761,#1762,#1763,#1764,#1765,#1766,#1767,#1768,#1769,
#1770,#1771,#1772,#1773,#1774,#1775,#1776,#1777,#1778,#1779,#1780,#1781,
#1782,#1783,#1784,#1785,#1786,#1787,#1788,#1789,#1790,#1791,#1792,#1793,
#1794,#1795,#1796,#1797,#1798,#1799,#1800,#1801,#1802,#1803,#1804,#1805,
#1806,#1807,#1808,#1809,#1810,#1811,#1812,#1813,#1814,#1815,#1816,#1817,
#1818,#1819,#1820,#1821,#1822,#1823,#1824,#1825,#1826,#1827,#1828,#1829,
#1830,#1831,#1832,#1833,#1834,#1835));
#1837=STYLED_ITEM('',(#1838),#1845);
#1838=PRESENTATION_STYLE_ASSIGNMENT((#1839));
#1839=SURFACE_STYLE_USAGE(.BOTH.,#1840);
#1840=SURFACE_SIDE_STYLE('',(#1841));
#1841=SURFACE_STYLE_FILL_AREA(#1842);
#1842=FILL_AREA_STYLE('',(#1843));
#1843=FILL_AREA_STYLE_COLOUR('',#1844);
#1844=COLOUR_RGB('',0.498039215686275,0.498039215686275,0.498039215686275);
#1845=MANIFOLD_SOLID_BREP('Turret Pinion',#1836);
#1846=SHAPE_DEFINITION_REPRESENTATION(#6020,#1847);
#1847=SHAPE_REPRESENTATION('Turret Pinion',(#1848),#6015);
#1848=AXIS2_PLACEMENT_3D('',#2531,#2043,#2044);
#1849=AXIS2_PLACEMENT_3D('',#2532,#2045,#2046);
#1850=AXIS2_PLACEMENT_3D('',#2533,#2047,#2048);
#1851=AXIS2_PLACEMENT_3D('',#2574,#2049,#2050);
#1852=AXIS2_PLACEMENT_3D('',#2614,#2051,#2052);
#1853=AXIS2_PLACEMENT_3D('',#2616,#2053,#2054);
#1854=AXIS2_PLACEMENT_3D('',#2618,#2055,#2056);
#1855=AXIS2_PLACEMENT_3D('',#2658,#2057,#2058);
#1856=AXIS2_PLACEMENT_3D('',#2698,#2059,#2060);
#1857=AXIS2_PLACEMENT_3D('',#2700,#2061,#2062);
#1858=AXIS2_PLACEMENT_3D('',#2702,#2063,#2064);
#1859=AXIS2_PLACEMENT_3D('',#2742,#2065,#2066);
#1860=AXIS2_PLACEMENT_3D('',#2782,#2067,#2068);
#1861=AXIS2_PLACEMENT_3D('',#2784,#2069,#2070);
#1862=AXIS2_PLACEMENT_3D('',#2786,#2071,#2072);
#1863=AXIS2_PLACEMENT_3D('',#2826,#2073,#2074);
#1864=AXIS2_PLACEMENT_3D('',#2866,#2075,#2076);
#1865=AXIS2_PLACEMENT_3D('',#2868,#2077,#2078);
#1866=AXIS2_PLACEMENT_3D('',#2870,#2079,#2080);
#1867=AXIS2_PLACEMENT_3D('',#2910,#2081,#2082);
#1868=AXIS2_PLACEMENT_3D('',#2950,#2083,#2084);
#1869=AXIS2_PLACEMENT_3D('',#2952,#2085,#2086);
#1870=AXIS2_PLACEMENT_3D('',#2954,#2087,#2088);
#1871=AXIS2_PLACEMENT_3D('',#2994,#2089,#2090);
#1872=AXIS2_PLACEMENT_3D('',#3034,#2091,#2092);
#1873=AXIS2_PLACEMENT_3D('',#3036,#2093,#2094);
#1874=AXIS2_PLACEMENT_3D('',#3038,#2095,#2096);
#1875=AXIS2_PLACEMENT_3D('',#3078,#2097,#2098);
#1876=AXIS2_PLACEMENT_3D('',#3118,#2099,#2100);
#1877=AXIS2_PLACEMENT_3D('',#3120,#2101,#2102);
#1878=AXIS2_PLACEMENT_3D('',#3122,#2103,#2104);
#1879=AXIS2_PLACEMENT_3D('',#3162,#2105,#2106);
#1880=AXIS2_PLACEMENT_3D('',#3202,#2107,#2108);
#1881=AXIS2_PLACEMENT_3D('',#3204,#2109,#2110);
#1882=AXIS2_PLACEMENT_3D('',#3206,#2111,#2112);
#1883=AXIS2_PLACEMENT_3D('',#3246,#2113,#2114);
#1884=AXIS2_PLACEMENT_3D('',#3286,#2115,#2116);
#1885=AXIS2_PLACEMENT_3D('',#3288,#2117,#2118);
#1886=AXIS2_PLACEMENT_3D('',#3290,#2119,#2120);
#1887=AXIS2_PLACEMENT_3D('',#3330,#2121,#2122);
#1888=AXIS2_PLACEMENT_3D('',#3370,#2123,#2124);
#1889=AXIS2_PLACEMENT_3D('',#3372,#2125,#2126);
#1890=AXIS2_PLACEMENT_3D('',#3374,#2127,#2128);
#1891=AXIS2_PLACEMENT_3D('',#3414,#2129,#2130);
#1892=AXIS2_PLACEMENT_3D('',#3454,#2131,#2132);
#1893=AXIS2_PLACEMENT_3D('',#3456,#2133,#2134);
#1894=AXIS2_PLACEMENT_3D('',#3458,#2135,#2136);
#1895=AXIS2_PLACEMENT_3D('',#3498,#2137,#2138);
#1896=AXIS2_PLACEMENT_3D('',#3538,#2139,#2140);
#1897=AXIS2_PLACEMENT_3D('',#3540,#2141,#2142);
#1898=AXIS2_PLACEMENT_3D('',#3542,#2143,#2144);
#1899=AXIS2_PLACEMENT_3D('',#3582,#2145,#2146);
#1900=AXIS2_PLACEMENT_3D('',#3622,#2147,#2148);
#1901=AXIS2_PLACEMENT_3D('',#3624,#2149,#2150);
#1902=AXIS2_PLACEMENT_3D('',#3626,#2151,#2152);
#1903=AXIS2_PLACEMENT_3D('',#3666,#2153,#2154);
#1904=AXIS2_PLACEMENT_3D('',#3706,#2155,#2156);
#1905=AXIS2_PLACEMENT_3D('',#3708,#2157,#2158);
#1906=AXIS2_PLACEMENT_3D('',#3710,#2159,#2160);
#1907=AXIS2_PLACEMENT_3D('',#3750,#2161,#2162);
#1908=AXIS2_PLACEMENT_3D('',#3790,#2163,#2164);
#1909=AXIS2_PLACEMENT_3D('',#3792,#2165,#2166);
#1910=AXIS2_PLACEMENT_3D('',#3796,#2168,#2169);
#1911=AXIS2_PLACEMENT_3D('',#3800,#2171,#2172);
#1912=AXIS2_PLACEMENT_3D('',#3801,#2173,#2174);
#1913=AXIS2_PLACEMENT_3D('',#3806,#2177,#2178);
#1914=AXIS2_PLACEMENT_3D('',#3807,#2179,#2180);
#1915=AXIS2_PLACEMENT_3D('',#3811,#2183,#2184);
#1916=AXIS2_PLACEMENT_3D('',#3814,#2186,#2187);
#1917=AXIS2_PLACEMENT_3D('',#3815,#2188,#2189);
#1918=AXIS2_PLACEMENT_3D('',#3817,#2191,#2192);
#1919=AXIS2_PLACEMENT_3D('',#3818,#2193,#2194);
#1920=AXIS2_PLACEMENT_3D('',#3820,#2195,#2196);
#1921=AXIS2_PLACEMENT_3D('',#3822,#2197,#2198);
#1922=AXIS2_PLACEMENT_3D('',#3823,#2199,#2200);
#1923=AXIS2_PLACEMENT_3D('',#3824,#2201,#2202);
#1924=AXIS2_PLACEMENT_3D('',#3865,#2203,#2204);
#1925=AXIS2_PLACEMENT_3D('',#3905,#2205,#2206);
#1926=AXIS2_PLACEMENT_3D('',#3907,#2207,#2208);
#1927=AXIS2_PLACEMENT_3D('',#3909,#2209,#2210);
#1928=AXIS2_PLACEMENT_3D('',#3949,#2211,#2212);
#1929=AXIS2_PLACEMENT_3D('',#3989,#2213,#2214);
#1930=AXIS2_PLACEMENT_3D('',#3991,#2215,#2216);
#1931=AXIS2_PLACEMENT_3D('',#3993,#2217,#2218);
#1932=AXIS2_PLACEMENT_3D('',#4033,#2219,#2220);
#1933=AXIS2_PLACEMENT_3D('',#4073,#2221,#2222);
#1934=AXIS2_PLACEMENT_3D('',#4075,#2223,#2224);
#1935=AXIS2_PLACEMENT_3D('',#4077,#2225,#2226);
#1936=AXIS2_PLACEMENT_3D('',#4117,#2227,#2228);
#1937=AXIS2_PLACEMENT_3D('',#4157,#2229,#2230);
#1938=AXIS2_PLACEMENT_3D('',#4159,#2231,#2232);
#1939=AXIS2_PLACEMENT_3D('',#4161,#2233,#2234);
#1940=AXIS2_PLACEMENT_3D('',#4201,#2235,#2236);
#1941=AXIS2_PLACEMENT_3D('',#4241,#2237,#2238);
#1942=AXIS2_PLACEMENT_3D('',#4243,#2239,#2240);
#1943=AXIS2_PLACEMENT_3D('',#4245,#2241,#2242);
#1944=AXIS2_PLACEMENT_3D('',#4285,#2243,#2244);
#1945=AXIS2_PLACEMENT_3D('',#4325,#2245,#2246);
#1946=AXIS2_PLACEMENT_3D('',#4327,#2247,#2248);
#1947=AXIS2_PLACEMENT_3D('',#4329,#2249,#2250);
#1948=AXIS2_PLACEMENT_3D('',#4369,#2251,#2252);
#1949=AXIS2_PLACEMENT_3D('',#4409,#2253,#2254);
#1950=AXIS2_PLACEMENT_3D('',#4411,#2255,#2256);
#1951=AXIS2_PLACEMENT_3D('',#4413,#2257,#2258);
#1952=AXIS2_PLACEMENT_3D('',#4453,#2259,#2260);
#1953=AXIS2_PLACEMENT_3D('',#4493,#2261,#2262);
#1954=AXIS2_PLACEMENT_3D('',#4495,#2263,#2264);
#1955=AXIS2_PLACEMENT_3D('',#4497,#2265,#2266);
#1956=AXIS2_PLACEMENT_3D('',#4537,#2267,#2268);
#1957=AXIS2_PLACEMENT_3D('',#4577,#2269,#2270);
#1958=AXIS2_PLACEMENT_3D('',#4579,#2271,#2272);
#1959=AXIS2_PLACEMENT_3D('',#4581,#2273,#2274);
#1960=AXIS2_PLACEMENT_3D('',#4621,#2275,#2276);
#1961=AXIS2_PLACEMENT_3D('',#4661,#2277,#2278);
#1962=AXIS2_PLACEMENT_3D('',#4663,#2279,#2280);
#1963=AXIS2_PLACEMENT_3D('',#4665,#2281,#2282);
#1964=AXIS2_PLACEMENT_3D('',#4705,#2283,#2284);
#1965=AXIS2_PLACEMENT_3D('',#4745,#2285,#2286);
#1966=AXIS2_PLACEMENT_3D('',#4747,#2287,#2288);
#1967=AXIS2_PLACEMENT_3D('',#4749,#2289,#2290);
#1968=AXIS2_PLACEMENT_3D('',#4789,#2291,#2292);
#1969=AXIS2_PLACEMENT_3D('',#4829,#2293,#2294);
#1970=AXIS2_PLACEMENT_3D('',#4831,#2295,#2296);
#1971=AXIS2_PLACEMENT_3D('',#4833,#2297,#2298);
#1972=AXIS2_PLACEMENT_3D('',#4873,#2299,#2300);
#1973=AXIS2_PLACEMENT_3D('',#4913,#2301,#2302);
#1974=AXIS2_PLACEMENT_3D('',#4915,#2303,#2304);
#1975=AXIS2_PLACEMENT_3D('',#4917,#2305,#2306);
#1976=AXIS2_PLACEMENT_3D('',#4957,#2307,#2308);
#1977=AXIS2_PLACEMENT_3D('',#4997,#2309,#2310);
#1978=AXIS2_PLACEMENT_3D('',#4999,#2311,#2312);
#1979=AXIS2_PLACEMENT_3D('',#5001,#2313,#2314);
#1980=AXIS2_PLACEMENT_3D('',#5041,#2315,#2316);
#1981=AXIS2_PLACEMENT_3D('',#5081,#2317,#2318);
#1982=AXIS2_PLACEMENT_3D('',#5083,#2319,#2320);
#1983=AXIS2_PLACEMENT_3D('',#5112,#2323,#2324);
#1984=AXIS2_PLACEMENT_3D('',#5143,#2329,#2330);
#1985=AXIS2_PLACEMENT_3D('',#5144,#2331,#2332);
#1986=AXIS2_PLACEMENT_3D('',#5173,#2335,#2336);
#1987=AXIS2_PLACEMENT_3D('',#5204,#2341,#2342);
#1988=AXIS2_PLACEMENT_3D('',#5205,#2343,#2344);
#1989=AXIS2_PLACEMENT_3D('',#5234,#2347,#2348);
#1990=AXIS2_PLACEMENT_3D('',#5265,#2353,#2354);
#1991=AXIS2_PLACEMENT_3D('',#5266,#2355,#2356);
#1992=AXIS2_PLACEMENT_3D('',#5267,#2357,#2358);
#1993=AXIS2_PLACEMENT_3D('',#5268,#2359,#2360);
#1994=AXIS2_PLACEMENT_3D('',#5297,#2363,#2364);
#1995=AXIS2_PLACEMENT_3D('',#5328,#2369,#2370);
#1996=AXIS2_PLACEMENT_3D('',#5329,#2371,#2372);
#1997=AXIS2_PLACEMENT_3D('',#5330,#2373,#2374);
#1998=AXIS2_PLACEMENT_3D('',#5359,#2377,#2378);
#1999=AXIS2_PLACEMENT_3D('',#5390,#2383,#2384);
#2000=AXIS2_PLACEMENT_3D('',#5391,#2385,#2386);
#2001=AXIS2_PLACEMENT_3D('',#5392,#2387,#2388);
#2002=AXIS2_PLACEMENT_3D('',#5421,#2391,#2392);
#2003=AXIS2_PLACEMENT_3D('',#5452,#2397,#2398);
#2004=AXIS2_PLACEMENT_3D('',#5453,#2399,#2400);
#2005=AXIS2_PLACEMENT_3D('',#5482,#2403,#2404);
#2006=AXIS2_PLACEMENT_3D('',#5513,#2409,#2410);
#2007=AXIS2_PLACEMENT_3D('',#5514,#2411,#2412);
#2008=AXIS2_PLACEMENT_3D('',#5543,#2415,#2416);
#2009=AXIS2_PLACEMENT_3D('',#5574,#2421,#2422);
#2010=AXIS2_PLACEMENT_3D('',#5575,#2423,#2424);
#2011=AXIS2_PLACEMENT_3D('',#5604,#2427,#2428);
#2012=AXIS2_PLACEMENT_3D('',#5635,#2433,#2434);
#2013=AXIS2_PLACEMENT_3D('',#5636,#2435,#2436);
#2014=AXIS2_PLACEMENT_3D('',#5665,#2439,#2440);
#2015=AXIS2_PLACEMENT_3D('',#5696,#2445,#2446);
#2016=AXIS2_PLACEMENT_3D('',#5697,#2447,#2448);
#2017=AXIS2_PLACEMENT_3D('',#5698,#2449,#2450);
#2018=AXIS2_PLACEMENT_3D('',#5727,#2453,#2454);
#2019=AXIS2_PLACEMENT_3D('',#5758,#2459,#2460);
#2020=AXIS2_PLACEMENT_3D('',#5759,#2461,#2462);
#2021=AXIS2_PLACEMENT_3D('',#5788,#2465,#2466);
#2022=AXIS2_PLACEMENT_3D('',#5819,#2471,#2472);
#2023=AXIS2_PLACEMENT_3D('',#5820,#2473,#2474);
#2024=AXIS2_PLACEMENT_3D('',#5821,#2475,#2476);
#2025=AXIS2_PLACEMENT_3D('',#5850,#2479,#2480);
#2026=AXIS2_PLACEMENT_3D('',#5881,#2485,#2486);
#2027=AXIS2_PLACEMENT_3D('',#5882,#2487,#2488);
#2028=AXIS2_PLACEMENT_3D('',#5883,#2489,#2490);
#2029=AXIS2_PLACEMENT_3D('',#5912,#2493,#2494);
#2030=AXIS2_PLACEMENT_3D('',#5943,#2499,#2500);
#2031=AXIS2_PLACEMENT_3D('',#5944,#2501,#2502);
#2032=AXIS2_PLACEMENT_3D('',#5973,#2505,#2506);
#2033=AXIS2_PLACEMENT_3D('',#6004,#2511,#2512);
#2034=AXIS2_PLACEMENT_3D('',#6005,#2513,#2514);
#2035=AXIS2_PLACEMENT_3D('',#6006,#2515,#2516);
#2036=AXIS2_PLACEMENT_3D('',#6007,#2517,#2518);
#2037=AXIS2_PLACEMENT_3D('',#6008,#2519,#2520);
#2038=AXIS2_PLACEMENT_3D('',#6009,#2521,#2522);
#2039=AXIS2_PLACEMENT_3D('',#6010,#2523,#2524);
#2040=AXIS2_PLACEMENT_3D('',#6011,#2525,#2526);
#2041=AXIS2_PLACEMENT_3D('',#6012,#2527,#2528);
#2042=AXIS2_PLACEMENT_3D('',#6013,#2529,#2530);
#2043=DIRECTION('',(0.,0.,1.));
#2044=DIRECTION('',(1.,0.,0.));
#2045=DIRECTION('',(0.,0.,1.));
#2046=DIRECTION('',(0.866025403784439,-0.5,0.));
#2047=DIRECTION('',(0.,0.,1.));
#2048=DIRECTION('',(0.406736643075799,0.913545457642601,0.));
#2049=DIRECTION('',(0.,0.,1.));
#2050=DIRECTION('',(0.866025403784439,-0.5,0.));
#2051=DIRECTION('',(0.,0.,1.));
#2052=DIRECTION('',(-4.44089209850063E-16,1.,0.));
#2053=DIRECTION('',(0.,0.,1.));
#2054=DIRECTION('',(-4.44089209850063E-16,1.,0.));
#2055=DIRECTION('',(0.,0.,1.));
#2056=DIRECTION('',(-4.44089209850063E-16,1.,0.));
#2057=DIRECTION('',(0.,0.,1.));
#2058=DIRECTION('',(0.866025403784439,-0.5,0.));
#2059=DIRECTION('',(0.,0.,1.));
#2060=DIRECTION('',(-0.4067366430758,0.913545457642601,0.));
#2061=DIRECTION('',(0.,0.,1.));
#2062=DIRECTION('',(-0.4067366430758,0.913545457642601,0.));
#2063=DIRECTION('',(0.,0.,1.));
#2064=DIRECTION('',(-0.4067366430758,0.913545457642601,0.));
#2065=DIRECTION('',(0.,0.,1.));
#2066=DIRECTION('',(0.866025403784439,-0.5,0.));
#2067=DIRECTION('',(0.,0.,1.));
#2068=DIRECTION('',(-0.743144825477395,0.669130606358858,0.));
#2069=DIRECTION('',(0.,0.,1.));
#2070=DIRECTION('',(-0.743144825477395,0.669130606358858,0.));
#2071=DIRECTION('',(0.,0.,1.));
#2072=DIRECTION('',(-0.743144825477395,0.669130606358858,0.));
#2073=DIRECTION('',(0.,0.,1.));
#2074=DIRECTION('',(0.866025403784439,-0.5,0.));
#2075=DIRECTION('',(0.,0.,1.));
#2076=DIRECTION('',(-0.951056516295154,0.309016994374947,0.));
#2077=DIRECTION('',(0.,0.,1.));
#2078=DIRECTION('',(-0.951056516295154,0.309016994374947,0.));
#2079=DIRECTION('',(0.,0.,1.));
#2080=DIRECTION('',(-0.951056516295154,0.309016994374947,0.));
#2081=DIRECTION('',(0.,0.,1.));
#2082=DIRECTION('',(0.866025403784439,-0.5,0.));
#2083=DIRECTION('',(0.,0.,1.));
#2084=DIRECTION('',(-0.994521895368273,-0.104528463267654,0.));
#2085=DIRECTION('',(0.,0.,1.));
#2086=DIRECTION('',(-0.994521895368273,-0.104528463267654,0.));
#2087=DIRECTION('',(0.,0.,1.));
#2088=DIRECTION('',(-0.994521895368273,-0.104528463267654,0.));
#2089=DIRECTION('',(0.,0.,1.));
#2090=DIRECTION('',(0.866025403784439,-0.5,0.));
#2091=DIRECTION('',(0.,0.,1.));
#2092=DIRECTION('',(-0.866025403784439,-0.5,0.));
#2093=DIRECTION('',(0.,0.,1.));
#2094=DIRECTION('',(-0.866025403784439,-0.5,0.));
#2095=DIRECTION('',(0.,0.,1.));
#2096=DIRECTION('',(-0.866025403784439,-0.5,0.));
#2097=DIRECTION('',(0.,0.,1.));
#2098=DIRECTION('',(0.866025403784439,-0.5,0.));
#2099=DIRECTION('',(0.,0.,1.));
#2100=DIRECTION('',(-0.587785252292473,-0.809016994374948,0.));
#2101=DIRECTION('',(0.,0.,1.));
#2102=DIRECTION('',(-0.587785252292473,-0.809016994374948,0.));
#2103=DIRECTION('',(0.,0.,1.));
#2104=DIRECTION('',(-0.587785252292473,-0.809016994374948,0.));
#2105=DIRECTION('',(0.,0.,1.));
#2106=DIRECTION('',(0.866025403784439,-0.5,0.));
#2107=DIRECTION('',(0.,0.,1.));
#2108=DIRECTION('',(-0.207911690817759,-0.978147600733806,0.));
#2109=DIRECTION('',(0.,0.,1.));
#2110=DIRECTION('',(-0.207911690817759,-0.978147600733806,0.));
#2111=DIRECTION('',(0.,0.,1.));
#2112=DIRECTION('',(-0.207911690817759,-0.978147600733806,0.));
#2113=DIRECTION('',(0.,0.,1.));
#2114=DIRECTION('',(0.866025403784439,-0.5,0.));
#2115=DIRECTION('',(0.,0.,1.));
#2116=DIRECTION('',(0.207911690817759,-0.978147600733805,0.));
#2117=DIRECTION('',(0.,0.,1.));
#2118=DIRECTION('',(0.207911690817759,-0.978147600733805,0.));
#2119=DIRECTION('',(0.,0.,1.));
#2120=DIRECTION('',(0.207911690817759,-0.978147600733805,0.));
#2121=DIRECTION('',(0.,0.,1.));
#2122=DIRECTION('',(0.866025403784439,-0.5,0.));
#2123=DIRECTION('',(0.,0.,1.));
#2124=DIRECTION('',(0.587785252292474,-0.809016994374947,0.));
#2125=DIRECTION('',(0.,0.,1.));
#2126=DIRECTION('',(0.587785252292474,-0.809016994374947,0.));
#2127=DIRECTION('',(0.,0.,1.));
#2128=DIRECTION('',(0.587785252292474,-0.809016994374947,0.));
#2129=DIRECTION('',(0.,0.,1.));
#2130=DIRECTION('',(0.866025403784439,-0.5,0.));
#2131=DIRECTION('',(0.,0.,1.));
#2132=DIRECTION('',(0.866025403784439,-0.5,0.));
#2133=DIRECTION('',(0.,0.,1.));
#2134=DIRECTION('',(0.866025403784439,-0.5,0.));
#2135=DIRECTION('',(0.,0.,1.));
#2136=DIRECTION('',(0.866025403784439,-0.5,0.));
#2137=DIRECTION('',(0.,0.,1.));
#2138=DIRECTION('',(0.866025403784439,-0.5,0.));
#2139=DIRECTION('',(0.,0.,1.));
#2140=DIRECTION('',(0.994521895368273,-0.104528463267653,0.));
#2141=DIRECTION('',(0.,0.,1.));
#2142=DIRECTION('',(0.994521895368273,-0.104528463267653,0.));
#2143=DIRECTION('',(0.,0.,1.));
#2144=DIRECTION('',(0.994521895368273,-0.104528463267653,0.));
#2145=DIRECTION('',(0.,0.,1.));
#2146=DIRECTION('',(0.866025403784439,-0.5,0.));
#2147=DIRECTION('',(0.,0.,1.));
#2148=DIRECTION('',(0.951056516295153,0.309016994374948,0.));
#2149=DIRECTION('',(0.,0.,1.));
#2150=DIRECTION('',(0.951056516295153,0.309016994374948,0.));
#2151=DIRECTION('',(0.,0.,1.));
#2152=DIRECTION('',(0.951056516295153,0.309016994374948,0.));
#2153=DIRECTION('',(0.,0.,1.));
#2154=DIRECTION('',(0.866025403784439,-0.5,0.));
#2155=DIRECTION('',(0.,0.,1.));
#2156=DIRECTION('',(0.743144825477394,0.669130606358859,0.));
#2157=DIRECTION('',(0.,0.,1.));
#2158=DIRECTION('',(0.743144825477394,0.669130606358859,0.));
#2159=DIRECTION('',(0.,0.,1.));
#2160=DIRECTION('',(0.743144825477394,0.669130606358859,0.));
#2161=DIRECTION('',(0.,0.,1.));
#2162=DIRECTION('',(0.866025403784439,-0.5,0.));
#2163=DIRECTION('',(0.,0.,1.));
#2164=DIRECTION('',(0.406736643075799,0.913545457642601,0.));
#2165=DIRECTION('',(0.,0.,1.));
#2166=DIRECTION('',(0.406736643075799,0.913545457642601,0.));
#2167=DIRECTION('',(0.866025403784439,-0.5,0.));
#2168=DIRECTION('',(0.,0.,1.));
#2169=DIRECTION('',(1.,0.,0.));
#2170=DIRECTION('',(0.866025403784439,-0.5,0.));
#2171=DIRECTION('',(0.,0.,1.));
#2172=DIRECTION('',(1.,0.,0.));
#2173=DIRECTION('',(0.,0.,-1.));
#2174=DIRECTION('',(0.5,0.866025403784439,0.));
#2175=DIRECTION('',(0.,0.,-1.));
#2176=DIRECTION('',(0.,0.,-1.));
#2177=DIRECTION('',(0.,0.,1.));
#2178=DIRECTION('',(-0.5,-0.866025403784439,0.));
#2179=DIRECTION('',(-0.5,-0.866025403784439,0.));
#2180=DIRECTION('',(0.866025403784439,-0.5,0.));
#2181=DIRECTION('',(0.,0.,-1.));
#2182=DIRECTION('',(-0.866025403784439,0.5,0.));
#2183=DIRECTION('',(0.,0.,-1.));
#2184=DIRECTION('',(0.5,0.866025403784439,0.));
#2185=DIRECTION('',(0.,0.,-1.));
#2186=DIRECTION('',(0.,0.,1.));
#2187=DIRECTION('',(-0.5,-0.866025403784439,0.));
#2188=DIRECTION('',(-0.5,-0.866025403784439,0.));
#2189=DIRECTION('',(0.866025403784439,-0.5,0.));
#2190=DIRECTION('',(-0.866025403784439,0.5,0.));
#2191=DIRECTION('',(0.,0.,-1.));
#2192=DIRECTION('',(0.5,0.866025403784439,0.));
#2193=DIRECTION('',(0.,0.,1.));
#2194=DIRECTION('',(-0.5,-0.866025403784439,0.));
#2195=DIRECTION('',(0.,0.,1.));
#2196=DIRECTION('',(0.866025403784439,-0.5,0.));
#2197=DIRECTION('',(0.,0.,1.));
#2198=DIRECTION('',(-0.866025403784439,0.5,0.));
#2199=DIRECTION('',(0.,0.,1.));
#2200=DIRECTION('',(0.866025403784439,-0.5,0.));
#2201=DIRECTION('',(0.,0.,1.));
#2202=DIRECTION('',(0.406736643075799,0.913545457642601,0.));
#2203=DIRECTION('',(0.,0.,1.));
#2204=DIRECTION('',(0.866025403784439,-0.5,0.));
#2205=DIRECTION('',(0.,0.,1.));
#2206=DIRECTION('',(0.743144825477394,0.669130606358859,0.));
#2207=DIRECTION('',(0.,0.,1.));
#2208=DIRECTION('',(0.743144825477394,0.669130606358859,0.));
#2209=DIRECTION('',(0.,0.,1.));
#2210=DIRECTION('',(0.743144825477394,0.669130606358859,0.));
#2211=DIRECTION('',(0.,0.,1.));
#2212=DIRECTION('',(0.866025403784439,-0.5,0.));
#2213=DIRECTION('',(0.,0.,1.));
#2214=DIRECTION('',(0.951056516295153,0.309016994374948,0.));
#2215=DIRECTION('',(0.,0.,1.));
#2216=DIRECTION('',(0.951056516295153,0.309016994374948,0.));
#2217=DIRECTION('',(0.,0.,1.));
#2218=DIRECTION('',(0.951056516295153,0.309016994374948,0.));
#2219=DIRECTION('',(0.,0.,1.));
#2220=DIRECTION('',(0.866025403784439,-0.5,0.));
#2221=DIRECTION('',(0.,0.,1.));
#2222=DIRECTION('',(0.994521895368273,-0.104528463267653,0.));
#2223=DIRECTION('',(0.,0.,1.));
#2224=DIRECTION('',(0.994521895368273,-0.104528463267653,0.));
#2225=DIRECTION('',(0.,0.,1.));
#2226=DIRECTION('',(0.994521895368273,-0.104528463267653,0.));
#2227=DIRECTION('',(0.,0.,1.));
#2228=DIRECTION('',(0.866025403784439,-0.5,0.));
#2229=DIRECTION('',(0.,0.,1.));
#2230=DIRECTION('',(0.866025403784439,-0.5,0.));
#2231=DIRECTION('',(0.,0.,1.));
#2232=DIRECTION('',(0.866025403784439,-0.5,0.));
#2233=DIRECTION('',(0.,0.,1.));
#2234=DIRECTION('',(0.866025403784439,-0.5,0.));
#2235=DIRECTION('',(0.,0.,1.));
#2236=DIRECTION('',(0.866025403784439,-0.5,0.));
#2237=DIRECTION('',(0.,0.,1.));
#2238=DIRECTION('',(0.587785252292474,-0.809016994374947,0.));
#2239=DIRECTION('',(0.,0.,1.));
#2240=DIRECTION('',(0.587785252292474,-0.809016994374947,0.));
#2241=DIRECTION('',(0.,0.,1.));
#2242=DIRECTION('',(0.587785252292474,-0.809016994374947,0.));
#2243=DIRECTION('',(0.,0.,1.));
#2244=DIRECTION('',(0.866025403784439,-0.5,0.));
#2245=DIRECTION('',(0.,0.,1.));
#2246=DIRECTION('',(0.207911690817759,-0.978147600733805,0.));
#2247=DIRECTION('',(0.,0.,1.));
#2248=DIRECTION('',(0.207911690817759,-0.978147600733805,0.));
#2249=DIRECTION('',(0.,0.,1.));
#2250=DIRECTION('',(0.207911690817759,-0.978147600733805,0.));
#2251=DIRECTION('',(0.,0.,1.));
#2252=DIRECTION('',(0.866025403784439,-0.5,0.));
#2253=DIRECTION('',(0.,0.,1.));
#2254=DIRECTION('',(-0.207911690817759,-0.978147600733806,0.));
#2255=DIRECTION('',(0.,0.,1.));
#2256=DIRECTION('',(-0.207911690817759,-0.978147600733806,0.));
#2257=DIRECTION('',(0.,0.,1.));
#2258=DIRECTION('',(-0.207911690817759,-0.978147600733806,0.));
#2259=DIRECTION('',(0.,0.,1.));
#2260=DIRECTION('',(0.866025403784439,-0.5,0.));
#2261=DIRECTION('',(0.,0.,1.));
#2262=DIRECTION('',(-0.587785252292473,-0.809016994374948,0.));
#2263=DIRECTION('',(0.,0.,1.));
#2264=DIRECTION('',(-0.587785252292473,-0.809016994374948,0.));
#2265=DIRECTION('',(0.,0.,1.));
#2266=DIRECTION('',(-0.587785252292473,-0.809016994374948,0.));
#2267=DIRECTION('',(0.,0.,1.));
#2268=DIRECTION('',(0.866025403784439,-0.5,0.));
#2269=DIRECTION('',(0.,0.,1.));
#2270=DIRECTION('',(-0.866025403784439,-0.5,0.));
#2271=DIRECTION('',(0.,0.,1.));
#2272=DIRECTION('',(-0.866025403784439,-0.5,0.));
#2273=DIRECTION('',(0.,0.,1.));
#2274=DIRECTION('',(-0.866025403784439,-0.5,0.));
#2275=DIRECTION('',(0.,0.,1.));
#2276=DIRECTION('',(0.866025403784439,-0.5,0.));
#2277=DIRECTION('',(0.,0.,1.));
#2278=DIRECTION('',(-0.994521895368273,-0.104528463267654,0.));
#2279=DIRECTION('',(0.,0.,1.));
#2280=DIRECTION('',(-0.994521895368273,-0.104528463267654,0.));
#2281=DIRECTION('',(0.,0.,1.));
#2282=DIRECTION('',(-0.994521895368273,-0.104528463267654,0.));
#2283=DIRECTION('',(0.,0.,1.));
#2284=DIRECTION('',(0.866025403784439,-0.5,0.));
#2285=DIRECTION('',(0.,0.,1.));
#2286=DIRECTION('',(-0.951056516295154,0.309016994374947,0.));
#2287=DIRECTION('',(0.,0.,1.));
#2288=DIRECTION('',(-0.951056516295154,0.309016994374947,0.));
#2289=DIRECTION('',(0.,0.,1.));
#2290=DIRECTION('',(-0.951056516295154,0.309016994374947,0.));
#2291=DIRECTION('',(0.,0.,1.));
#2292=DIRECTION('',(0.866025403784439,-0.5,0.));
#2293=DIRECTION('',(0.,0.,1.));
#2294=DIRECTION('',(-0.743144825477395,0.669130606358858,0.));
#2295=DIRECTION('',(0.,0.,1.));
#2296=DIRECTION('',(-0.743144825477395,0.669130606358858,0.));
#2297=DIRECTION('',(0.,0.,1.));
#2298=DIRECTION('',(-0.743144825477395,0.669130606358858,0.));
#2299=DIRECTION('',(0.,0.,1.));
#2300=DIRECTION('',(0.866025403784439,-0.5,0.));
#2301=DIRECTION('',(0.,0.,1.));
#2302=DIRECTION('',(-0.4067366430758,0.913545457642601,0.));
#2303=DIRECTION('',(0.,0.,1.));
#2304=DIRECTION('',(-0.4067366430758,0.913545457642601,0.));
#2305=DIRECTION('',(0.,0.,1.));
#2306=DIRECTION('',(-0.4067366430758,0.913545457642601,0.));
#2307=DIRECTION('',(0.,0.,1.));
#2308=DIRECTION('',(0.866025403784439,-0.5,0.));
#2309=DIRECTION('',(0.,0.,1.));
#2310=DIRECTION('',(-4.44089209850063E-16,1.,0.));
#2311=DIRECTION('',(0.,0.,1.));
#2312=DIRECTION('',(-4.44089209850063E-16,1.,0.));
#2313=DIRECTION('',(0.,0.,1.));
#2314=DIRECTION('',(-4.44089209850063E-16,1.,0.));
#2315=DIRECTION('',(0.,0.,1.));
#2316=DIRECTION('',(0.866025403784439,-0.5,0.));
#2317=DIRECTION('',(0.,0.,1.));
#2318=DIRECTION('',(0.406736643075799,0.913545457642601,0.));
#2319=DIRECTION('',(0.,0.,1.));
#2320=DIRECTION('',(0.406736643075799,0.913545457642601,0.));
#2321=DIRECTION('',(0.,0.,-1.));
#2322=DIRECTION('',(0.,0.,-1.));
#2323=DIRECTION('',(0.,0.,-1.));
#2324=DIRECTION('',(-0.587785252292474,0.809016994374947,0.));
#2325=DIRECTION('',(0.,0.,-1.));
#2326=DIRECTION('',(0.,0.,-1.));
#2327=DIRECTION('',(0.,0.,-1.));
#2328=DIRECTION('',(0.,0.,-1.));
#2329=DIRECTION('',(0.,0.,-1.));
#2330=DIRECTION('',(-0.587785252292474,0.809016994374947,0.));
#2331=DIRECTION('',(0.,0.,-1.));
#2332=DIRECTION('',(-0.587785252292474,0.809016994374947,0.));
#2333=DIRECTION('',(0.,0.,-1.));
#2334=DIRECTION('',(0.,0.,-1.));
#2335=DIRECTION('',(0.,0.,-1.));
#2336=DIRECTION('',(-0.207911690817759,0.978147600733805,0.));
#2337=DIRECTION('',(0.,0.,-1.));
#2338=DIRECTION('',(0.,0.,-1.));
#2339=DIRECTION('',(0.,0.,-1.));
#2340=DIRECTION('',(0.,0.,-1.));
#2341=DIRECTION('',(0.,0.,-1.));
#2342=DIRECTION('',(-0.207911690817759,0.978147600733805,0.));
#2343=DIRECTION('',(0.,0.,-1.));
#2344=DIRECTION('',(-0.207911690817759,0.978147600733805,0.));
#2345=DIRECTION('',(0.,0.,-1.));
#2346=DIRECTION('',(0.,0.,-1.));
#2347=DIRECTION('',(0.,0.,-1.));
#2348=DIRECTION('',(0.207911690817759,0.978147600733806,0.));
#2349=DIRECTION('',(0.,0.,-1.));
#2350=DIRECTION('',(0.,0.,-1.));
#2351=DIRECTION('',(0.,0.,-1.));
#2352=DIRECTION('',(0.,0.,-1.));
#2353=DIRECTION('',(0.,0.,-1.));
#2354=DIRECTION('',(0.207911690817759,0.978147600733806,0.));
#2355=DIRECTION('',(0.,0.,-1.));
#2356=DIRECTION('',(0.207911690817759,0.978147600733806,0.));
#2357=DIRECTION('',(0.,0.,-1.));
#2358=DIRECTION('',(-0.866025403784439,0.5,0.));
#2359=DIRECTION('',(0.,0.,-1.));
#2360=DIRECTION('',(-0.866025403784439,0.5,0.));
#2361=DIRECTION('',(0.,0.,-1.));
#2362=DIRECTION('',(0.,0.,-1.));
#2363=DIRECTION('',(0.,0.,-1.));
#2364=DIRECTION('',(0.587785252292473,0.809016994374948,0.));
#2365=DIRECTION('',(0.,0.,-1.));
#2366=DIRECTION('',(0.,0.,-1.));
#2367=DIRECTION('',(0.,0.,-1.));
#2368=DIRECTION('',(0.,0.,-1.));
#2369=DIRECTION('',(0.,0.,-1.));
#2370=DIRECTION('',(0.587785252292473,0.809016994374948,0.));
#2371=DIRECTION('',(0.,0.,-1.));
#2372=DIRECTION('',(0.587785252292473,0.809016994374948,0.));
#2373=DIRECTION('',(0.,0.,-1.));
#2374=DIRECTION('',(-0.866025403784439,0.5,0.));
#2375=DIRECTION('',(0.,0.,-1.));
#2376=DIRECTION('',(0.,0.,-1.));
#2377=DIRECTION('',(0.,0.,-1.));
#2378=DIRECTION('',(0.866025403784439,0.5,0.));
#2379=DIRECTION('',(0.,0.,-1.));
#2380=DIRECTION('',(0.,0.,-1.));
#2381=DIRECTION('',(0.,0.,-1.));
#2382=DIRECTION('',(0.,0.,-1.));
#2383=DIRECTION('',(0.,0.,-1.));
#2384=DIRECTION('',(0.866025403784439,0.5,0.));
#2385=DIRECTION('',(0.,0.,-1.));
#2386=DIRECTION('',(0.866025403784439,0.5,0.));
#2387=DIRECTION('',(0.,0.,-1.));
#2388=DIRECTION('',(-0.866025403784439,0.5,0.));
#2389=DIRECTION('',(0.,0.,-1.));
#2390=DIRECTION('',(0.,0.,-1.));
#2391=DIRECTION('',(0.,0.,-1.));
#2392=DIRECTION('',(0.994521895368273,0.104528463267654,0.));
#2393=DIRECTION('',(0.,0.,-1.));
#2394=DIRECTION('',(0.,0.,-1.));
#2395=DIRECTION('',(0.,0.,-1.));
#2396=DIRECTION('',(0.,0.,-1.));
#2397=DIRECTION('',(0.,0.,-1.));
#2398=DIRECTION('',(0.994521895368273,0.104528463267654,0.));
#2399=DIRECTION('',(0.,0.,-1.));
#2400=DIRECTION('',(0.994521895368273,0.104528463267654,0.));
#2401=DIRECTION('',(0.,0.,-1.));
#2402=DIRECTION('',(0.,0.,-1.));
#2403=DIRECTION('',(0.,0.,-1.));
#2404=DIRECTION('',(0.951056516295154,-0.309016994374947,0.));
#2405=DIRECTION('',(0.,0.,-1.));
#2406=DIRECTION('',(0.,0.,-1.));
#2407=DIRECTION('',(0.,0.,-1.));
#2408=DIRECTION('',(0.,0.,-1.));
#2409=DIRECTION('',(0.,0.,-1.));
#2410=DIRECTION('',(0.951056516295154,-0.309016994374947,0.));
#2411=DIRECTION('',(0.,0.,-1.));
#2412=DIRECTION('',(0.951056516295154,-0.309016994374947,0.));
#2413=DIRECTION('',(0.,0.,-1.));
#2414=DIRECTION('',(0.,0.,-1.));
#2415=DIRECTION('',(0.,0.,-1.));
#2416=DIRECTION('',(0.743144825477395,-0.669130606358858,0.));
#2417=DIRECTION('',(0.,0.,-1.));
#2418=DIRECTION('',(0.,0.,-1.));
#2419=DIRECTION('',(0.,0.,-1.));
#2420=DIRECTION('',(0.,0.,-1.));
#2421=DIRECTION('',(0.,0.,-1.));
#2422=DIRECTION('',(0.743144825477395,-0.669130606358858,0.));
#2423=DIRECTION('',(0.,0.,-1.));
#2424=DIRECTION('',(0.743144825477395,-0.669130606358858,0.));
#2425=DIRECTION('',(0.,0.,-1.));
#2426=DIRECTION('',(0.,0.,-1.));
#2427=DIRECTION('',(0.,0.,-1.));
#2428=DIRECTION('',(0.4067366430758,-0.913545457642601,0.));
#2429=DIRECTION('',(0.,0.,-1.));
#2430=DIRECTION('',(0.,0.,-1.));
#2431=DIRECTION('',(0.,0.,-1.));
#2432=DIRECTION('',(0.,0.,-1.));
#2433=DIRECTION('',(0.,0.,-1.));
#2434=DIRECTION('',(0.4067366430758,-0.913545457642601,0.));
#2435=DIRECTION('',(0.,0.,-1.));
#2436=DIRECTION('',(0.4067366430758,-0.913545457642601,0.));
#2437=DIRECTION('',(0.,0.,-1.));
#2438=DIRECTION('',(0.,0.,-1.));
#2439=DIRECTION('',(0.,0.,-1.));
#2440=DIRECTION('',(4.44089209850063E-16,-1.,0.));
#2441=DIRECTION('',(0.,0.,-1.));
#2442=DIRECTION('',(0.,0.,-1.));
#2443=DIRECTION('',(0.,0.,-1.));
#2444=DIRECTION('',(0.,0.,-1.));
#2445=DIRECTION('',(0.,0.,-1.));
#2446=DIRECTION('',(4.44089209850063E-16,-1.,0.));
#2447=DIRECTION('',(0.,0.,-1.));
#2448=DIRECTION('',(4.44089209850063E-16,-1.,0.));
#2449=DIRECTION('',(0.,0.,-1.));
#2450=DIRECTION('',(-0.866025403784439,0.5,0.));
#2451=DIRECTION('',(0.,0.,-1.));
#2452=DIRECTION('',(0.,0.,-1.));
#2453=DIRECTION('',(0.,0.,-1.));
#2454=DIRECTION('',(-0.406736643075799,-0.913545457642601,0.));
#2455=DIRECTION('',(0.,0.,-1.));
#2456=DIRECTION('',(0.,0.,-1.));
#2457=DIRECTION('',(0.,0.,-1.));
#2458=DIRECTION('',(0.,0.,-1.));
#2459=DIRECTION('',(0.,0.,-1.));
#2460=DIRECTION('',(-0.406736643075799,-0.913545457642601,0.));
#2461=DIRECTION('',(0.,0.,-1.));
#2462=DIRECTION('',(-0.406736643075799,-0.913545457642601,0.));
#2463=DIRECTION('',(0.,0.,-1.));
#2464=DIRECTION('',(0.,0.,-1.));
#2465=DIRECTION('',(0.,0.,-1.));
#2466=DIRECTION('',(-0.743144825477394,-0.669130606358859,0.));
#2467=DIRECTION('',(0.,0.,-1.));
#2468=DIRECTION('',(0.,0.,-1.));
#2469=DIRECTION('',(0.,0.,-1.));
#2470=DIRECTION('',(0.,0.,-1.));
#2471=DIRECTION('',(0.,0.,-1.));
#2472=DIRECTION('',(-0.743144825477394,-0.669130606358859,0.));
#2473=DIRECTION('',(0.,0.,-1.));
#2474=DIRECTION('',(-0.743144825477394,-0.669130606358859,0.));
#2475=DIRECTION('',(0.,0.,-1.));
#2476=DIRECTION('',(-0.866025403784439,0.5,0.));
#2477=DIRECTION('',(0.,0.,-1.));
#2478=DIRECTION('',(0.,0.,-1.));
#2479=DIRECTION('',(0.,0.,-1.));
#2480=DIRECTION('',(-0.951056516295153,-0.309016994374948,0.));
#2481=DIRECTION('',(0.,0.,-1.));
#2482=DIRECTION('',(0.,0.,-1.));
#2483=DIRECTION('',(0.,0.,-1.));
#2484=DIRECTION('',(0.,0.,-1.));
#2485=DIRECTION('',(0.,0.,-1.));
#2486=DIRECTION('',(-0.951056516295153,-0.309016994374948,0.));
#2487=DIRECTION('',(0.,0.,-1.));
#2488=DIRECTION('',(-0.951056516295153,-0.309016994374948,0.));
#2489=DIRECTION('',(0.,0.,-1.));
#2490=DIRECTION('',(-0.866025403784439,0.5,0.));
#2491=DIRECTION('',(0.,0.,-1.));
#2492=DIRECTION('',(0.,0.,-1.));
#2493=DIRECTION('',(0.,0.,-1.));
#2494=DIRECTION('',(-0.994521895368273,0.104528463267653,0.));
#2495=DIRECTION('',(0.,0.,-1.));
#2496=DIRECTION('',(0.,0.,-1.));
#2497=DIRECTION('',(0.,0.,-1.));
#2498=DIRECTION('',(0.,0.,-1.));
#2499=DIRECTION('',(0.,0.,-1.));
#2500=DIRECTION('',(-0.994521895368273,0.104528463267653,0.));
#2501=DIRECTION('',(0.,0.,-1.));
#2502=DIRECTION('',(-0.994521895368273,0.104528463267653,0.));
#2503=DIRECTION('',(0.,0.,-1.));
#2504=DIRECTION('',(0.,0.,-1.));
#2505=DIRECTION('',(0.,0.,-1.));
#2506=DIRECTION('',(-0.866025403784439,0.5,0.));
#2507=DIRECTION('',(0.,0.,-1.));
#2508=DIRECTION('',(0.,0.,-1.));
#2509=DIRECTION('',(0.,0.,-1.));
#2510=DIRECTION('',(0.,0.,-1.));
#2511=DIRECTION('',(0.,0.,-1.));
#2512=DIRECTION('',(-0.866025403784439,0.5,0.));
#2513=DIRECTION('',(0.,0.,-1.));
#2514=DIRECTION('',(-0.866025403784439,0.5,0.));
#2515=DIRECTION('',(0.,0.,-1.));
#2516=DIRECTION('',(-0.866025403784439,0.5,0.));
#2517=DIRECTION('',(0.,0.,-1.));
#2518=DIRECTION('',(-0.866025403784439,0.5,0.));
#2519=DIRECTION('',(0.,0.,-1.));
#2520=DIRECTION('',(-0.866025403784439,0.5,0.));
#2521=DIRECTION('',(0.,0.,-1.));
#2522=DIRECTION('',(-0.866025403784439,0.5,0.));
#2523=DIRECTION('',(0.,0.,-1.));
#2524=DIRECTION('',(-0.866025403784439,0.5,0.));
#2525=DIRECTION('',(0.,0.,-1.));
#2526=DIRECTION('',(-0.866025403784439,0.5,0.));
#2527=DIRECTION('',(0.,0.,-1.));
#2528=DIRECTION('',(-0.866025403784439,0.5,0.));
#2529=DIRECTION('',(0.,0.,-1.));
#2530=DIRECTION('',(-0.866025403784439,0.5,0.));
#2531=CARTESIAN_POINT('',(0.,0.,0.));
#2532=CARTESIAN_POINT('',(0.,0.09434197732497,-0.030516867429018));
#2533=CARTESIAN_POINT('',(0.00507359538764957,0.106658663805615,-0.030516867429018));
#2534=CARTESIAN_POINT('',(0.00429699373494442,0.106924192275389,-0.030516867429018));
#2535=CARTESIAN_POINT('',(0.00476099213984177,0.105899786539712,-0.030516867429018));
#2536=CARTESIAN_POINT('',(0.00403946323739008,0.106171294158742,-0.030516867429018));
#2537=CARTESIAN_POINT('',(0.00428737122695431,0.106895928508265,-0.030516867429018));
#2538=CARTESIAN_POINT('',(0.0045533129038851,0.10767327527475,-0.030516867429018));
#2539=CARTESIAN_POINT('',(0.00455808104072975,0.107690874545482,-0.030516867429018));
#2540=CARTESIAN_POINT('',(0.00456261120210396,0.107706370664511,-0.030516867429018));
#2541=CARTESIAN_POINT('',(0.00456743700204326,0.107724754840434,-0.030516867429018));
#2542=CARTESIAN_POINT('',(0.00457351806936081,0.107749624992659,-0.030516867429018));
#2543=CARTESIAN_POINT('',(0.00458023374073803,0.107779823910945,-0.030516867429018));
#2544=CARTESIAN_POINT('',(0.00458748802468933,0.10781576993277,-0.030516867429018));
#2545=CARTESIAN_POINT('',(0.00459501763580073,0.107857374986051,-0.030516867429018));
#2546=CARTESIAN_POINT('',(0.00460260942492637,0.107904698005223,-0.030516867429018));
#2547=CARTESIAN_POINT('',(0.00461003414355767,0.107957745132733,-0.030516867429018));
#2548=CARTESIAN_POINT('',(0.00461706649153985,0.108016529455679,-0.030516867429018));
#2549=CARTESIAN_POINT('',(0.00462347942292683,0.10808105331921,-0.030516867429018));
#2550=CARTESIAN_POINT('',(0.00462904603673697,0.1081513134584,-0.030516867429018));
#2551=CARTESIAN_POINT('',(0.00463353926044986,0.108227299495048,-0.030516867429018));
#2552=CARTESIAN_POINT('',(0.00463673217241951,0.108308994360435,-0.030516867429018));
#2553=CARTESIAN_POINT('',(0.00463839814160093,0.108396374173008,-0.030516867429018));
#2554=CARTESIAN_POINT('',(0.00463831101964365,0.108489408278266,-0.030516867429018));
#2555=CARTESIAN_POINT('',(0.00463624531811371,0.108588059248902,-0.030516867429018));
#2556=CARTESIAN_POINT('',(0.00463197638972063,0.108692282902268,-0.030516867429018));
#2557=CARTESIAN_POINT('',(0.00462528060802202,0.10880202831892,-0.030516867429018));
#2558=CARTESIAN_POINT('',(0.00461593554709279,0.108917237866716,-0.030516867429018));
#2559=CARTESIAN_POINT('',(0.00460372016024745,0.109037847229258,-0.030516867429018));
#2560=CARTESIAN_POINT('',(0.00458841495926058,0.109163785438581,-0.030516867429018));
#2561=CARTESIAN_POINT('',(0.00456980218838535,0.10929497491359,-0.030516867429018));
#2562=CARTESIAN_POINT('',(0.00454766601450186,0.109431331498006,-0.030516867429018));
#2563=CARTESIAN_POINT('',(0.00452179265073923,0.109572764521787,-0.030516867429018));
#2564=CARTESIAN_POINT('',(0.00449197073100305,0.109719176793686,-0.030516867429018));
#2565=CARTESIAN_POINT('',(0.00445799071522773,0.109870464879648,-0.030516867429018));
#2566=CARTESIAN_POINT('',(0.00441964800803686,0.11002651830546,-0.030516867429018));
#2567=CARTESIAN_POINT('',(0.00437673183576527,0.110187222904203,-0.030516867429018));
#2568=CARTESIAN_POINT('',(0.00432906866065793,0.110352448310292,-0.030516867429018));
#2569=CARTESIAN_POINT('',(0.00427635689568828,0.110522096138785,-0.030516867429018));
#2570=CARTESIAN_POINT('',(0.00422444003939943,0.110678882255942,-0.030516867429018));
#2571=CARTESIAN_POINT('',(0.00418867351343913,0.110779499829581,-0.030516867429018));
#2572=CARTESIAN_POINT('',(0.00417354649855528,0.110821707590493,-0.030516867429018));
#2573=CARTESIAN_POINT('',(0.00417354649855528,0.110821707590493,-0.030516867429018));
#2574=CARTESIAN_POINT('',(0.,0.09434197732497,-0.030516867429018));
#2575=CARTESIAN_POINT('',(0.00289018572097815,0.111094494344757,-0.030516867429018));
#2576=CARTESIAN_POINT('',(0.00112118332701668,0.106791593702482,-0.030516867429018));
#2577=CARTESIAN_POINT('',(0.00118944345201914,0.107554413384407,-0.030516867429018));
#2578=CARTESIAN_POINT('',(0.00126266905536727,0.108372723216872,-0.030516867429018));
#2579=CARTESIAN_POINT('',(0.00126547141390937,0.10839074032668,-0.030516867429018));
#2580=CARTESIAN_POINT('',(0.00126763574499807,0.10840673931846,-0.030516867429018));
#2581=CARTESIAN_POINT('',(0.00127070467538481,0.108425496928535,-0.030516867429018));
#2582=CARTESIAN_POINT('',(0.00127526494618813,0.108450690336038,-0.030516867429018));
#2583=CARTESIAN_POINT('',(0.00128141288175431,0.108481009930296,-0.030516867429018));
#2584=CARTESIAN_POINT('',(0.00128940632785122,0.108516798838356,-0.030516867429018));
#2585=CARTESIAN_POINT('',(0.00129944998552934,0.108557869514544,-0.030516867429018));
#2586=CARTESIAN_POINT('',(0.00131176254701637,0.108604189102574,-0.030516867429018));
#2587=CARTESIAN_POINT('',(0.00132655593960467,0.108655669970084,-0.030516867429018));
#2588=CARTESIAN_POINT('',(0.00134404130822936,0.108712232434902,-0.030516867429018));
#2589=CARTESIAN_POINT('',(0.00136442702354143,0.108773786291525,-0.030516867429018));
#2590=CARTESIAN_POINT('',(0.00138791904193718,0.108840236268351,-0.030516867429018));
#2591=CARTESIAN_POINT('',(0.00141472058329101,0.108911480525704,-0.030516867429018));
#2592=CARTESIAN_POINT('',(0.00144503200836847,0.108987411173188,-0.030516867429018));
#2593=CARTESIAN_POINT('',(0.00147905064142873,0.109067914214766,-0.030516867429018));
#2594=CARTESIAN_POINT('',(0.00151697061096114,0.109152869663337,-0.030516867429018));
#2595=CARTESIAN_POINT('',(0.00155898268784331,0.109242151612948,-0.030516867429018));
#2596=CARTESIAN_POINT('',(0.0016052741268849,0.109335628328455,-0.030516867429018));
#2597=CARTESIAN_POINT('',(0.001656028510203,0.109433162335563,-0.030516867429018));
#2598=CARTESIAN_POINT('',(0.00171142559288729,0.109534610515918,-0.030516867429018));
#2599=CARTESIAN_POINT('',(0.00177164115129691,0.109639824205778,-0.030516867429018));
#2600=CARTESIAN_POINT('',(0.0018368468326318,0.109748649298778,-0.030516867429018));
#2601=CARTESIAN_POINT('',(0.00190721001159128,0.109860926351819,-0.030516867429018));
#2602=CARTESIAN_POINT('',(0.00198289363209865,0.109976490697076,-0.030516867429018));
#2603=CARTESIAN_POINT('',(0.00206405611935087,0.11009517254839,-0.030516867429018));
#2604=CARTESIAN_POINT('',(0.00215085103464133,0.110216797146803,-0.030516867429018));
#2605=CARTESIAN_POINT('',(0.00224342773192486,0.110341184772981,-0.030516867429018));
#2606=CARTESIAN_POINT('',(0.0023419281844679,0.110468151287271,-0.030516867429018));
#2607=CARTESIAN_POINT('',(0.00244649850772595,0.110597506663632,-0.030516867429018));
#2608=CARTESIAN_POINT('',(0.00255724421186534,0.11072906122301,-0.030516867429018));
#2609=CARTESIAN_POINT('',(0.002674400793584,0.110862602419794,-0.030516867429018));
#2610=CARTESIAN_POINT('',(0.00278559986079503,0.110984717177098,-0.030516867429018));
#2611=CARTESIAN_POINT('',(0.00285919906225831,0.111062088347752,-0.030516867429018));
#2612=CARTESIAN_POINT('',(0.00289018572097815,0.111094494344757,-0.030516867429018));
#2613=CARTESIAN_POINT('',(0.00119214876331439,0.107584147447077,-0.030516867429018));
#2614=CARTESIAN_POINT('',(0.000374687692650928,0.107657447468869,-0.030516867429018));
#2615=CARTESIAN_POINT('',(0.000351601778089939,0.106837031394066,-0.030516867429018));
#2616=CARTESIAN_POINT('',(-2.08166817117217E-17,0.0943419773249701,-0.030516867429018));
#2617=CARTESIAN_POINT('',(-0.000351601778089953,0.106837031394066,-0.030516867429018));
#2618=CARTESIAN_POINT('',(-0.000374687692650935,0.107657447468869,-0.030516867429018));
#2619=CARTESIAN_POINT('',(-0.00119214876331445,0.107584147447077,-0.030516867429018));
#2620=CARTESIAN_POINT('',(-0.0011211833270167,0.106791593702482,-0.030516867429018));
#2621=CARTESIAN_POINT('',(-0.00118944345201916,0.107554413384407,-0.030516867429018));
#2622=CARTESIAN_POINT('',(-0.00126266905536728,0.108372723216872,-0.030516867429018));
#2623=CARTESIAN_POINT('',(-0.00126547141390939,0.10839074032668,-0.030516867429018));
#2624=CARTESIAN_POINT('',(-0.00126763574499809,0.10840673931846,-0.030516867429018));
#2625=CARTESIAN_POINT('',(-0.00127070467538482,0.108425496928535,-0.030516867429018));
#2626=CARTESIAN_POINT('',(-0.00127526494618815,0.108450690336038,-0.030516867429018));
#2627=CARTESIAN_POINT('',(-0.00128141288175431,0.108481009930296,-0.030516867429018));
#2628=CARTESIAN_POINT('',(-0.00128940632785122,0.108516798838356,-0.030516867429018));
#2629=CARTESIAN_POINT('',(-0.00129944998552934,0.108557869514544,-0.030516867429018));
#2630=CARTESIAN_POINT('',(-0.00131176254701641,0.108604189102574,-0.030516867429018));
#2631=CARTESIAN_POINT('',(-0.00132655593960469,0.108655669970084,-0.030516867429018));
#2632=CARTESIAN_POINT('',(-0.00134404130822938,0.108712232434903,-0.030516867429018));
#2633=CARTESIAN_POINT('',(-0.00136442702354145,0.108773786291525,-0.030516867429018));
#2634=CARTESIAN_POINT('',(-0.0013879190419372,0.108840236268351,-0.030516867429018));
#2635=CARTESIAN_POINT('',(-0.00141472058329103,0.108911480525704,-0.030516867429018));
#2636=CARTESIAN_POINT('',(-0.00144503200836851,0.108987411173188,-0.030516867429018));
#2637=CARTESIAN_POINT('',(-0.00147905064142877,0.109067914214766,-0.030516867429018));
#2638=CARTESIAN_POINT('',(-0.00151697061096116,0.109152869663337,-0.030516867429018));
#2639=CARTESIAN_POINT('',(-0.00155898268784333,0.109242151612948,-0.030516867429018));
#2640=CARTESIAN_POINT('',(-0.00160527412688491,0.109335628328455,-0.030516867429018));
#2641=CARTESIAN_POINT('',(-0.00165602851020303,0.109433162335563,-0.030516867429018));
#2642=CARTESIAN_POINT('',(-0.00171142559288731,0.109534610515918,-0.030516867429018));
#2643=CARTESIAN_POINT('',(-0.00177164115129691,0.109639824205778,-0.030516867429018));
#2644=CARTESIAN_POINT('',(-0.00183684683263182,0.109748649298778,-0.030516867429018));
#2645=CARTESIAN_POINT('',(-0.00190721001159128,0.109860926351819,-0.030516867429018));
#2646=CARTESIAN_POINT('',(-0.00198289363209866,0.109976490697076,-0.030516867429018));
#2647=CARTESIAN_POINT('',(-0.00206405611935088,0.11009517254839,-0.030516867429018));
#2648=CARTESIAN_POINT('',(-0.00215085103464135,0.110216797146803,-0.030516867429018));
#2649=CARTESIAN_POINT('',(-0.00224342773192488,0.110341184772981,-0.030516867429018));
#2650=CARTESIAN_POINT('',(-0.00234192818446792,0.110468151287271,-0.030516867429018));
#2651=CARTESIAN_POINT('',(-0.00244649850772597,0.110597506663632,-0.030516867429018));
#2652=CARTESIAN_POINT('',(-0.00255724421186535,0.11072906122301,-0.030516867429018));
#2653=CARTESIAN_POINT('',(-0.00267440079358402,0.110862602419794,-0.030516867429018));
#2654=CARTESIAN_POINT('',(-0.00278559986079504,0.110984717177098,-0.030516867429018));
#2655=CARTESIAN_POINT('',(-0.0028591990622583,0.111062088347752,-0.030516867429018));
#2656=CARTESIAN_POINT('',(-0.00289018572097817,0.111094494344757,-0.030516867429018));
#2657=CARTESIAN_POINT('',(-0.00289018572097817,0.111094494344757,-0.030516867429018));
#2658=CARTESIAN_POINT('',(0.,0.09434197732497,-0.030516867429018));
#2659=CARTESIAN_POINT('',(-0.00417354649855529,0.110821707590493,-0.030516867429018));
#2660=CARTESIAN_POINT('',(-0.00403946323739011,0.106171294158742,-0.030516867429018));
#2661=CARTESIAN_POINT('',(-0.00428737122695432,0.106895928508265,-0.030516867429018));
#2662=CARTESIAN_POINT('',(-0.0045533129038851,0.10767327527475,-0.030516867429018));
#2663=CARTESIAN_POINT('',(-0.00455808104072977,0.107690874545482,-0.030516867429018));
#2664=CARTESIAN_POINT('',(-0.00456261120210397,0.107706370664511,-0.030516867429018));
#2665=CARTESIAN_POINT('',(-0.00456743700204329,0.107724754840434,-0.030516867429018));
#2666=CARTESIAN_POINT('',(-0.00457351806936084,0.107749624992659,-0.030516867429018));
#2667=CARTESIAN_POINT('',(-0.00458023374073806,0.107779823910945,-0.030516867429018));
#2668=CARTESIAN_POINT('',(-0.00458748802468935,0.10781576993277,-0.030516867429018));
#2669=CARTESIAN_POINT('',(-0.00459501763580076,0.107857374986051,-0.030516867429018));
#2670=CARTESIAN_POINT('',(-0.00460260942492639,0.107904698005223,-0.030516867429018));
#2671=CARTESIAN_POINT('',(-0.00461003414355767,0.107957745132733,-0.030516867429018));
#2672=CARTESIAN_POINT('',(-0.00461706649153986,0.108016529455679,-0.030516867429018));
#2673=CARTESIAN_POINT('',(-0.00462347942292686,0.108081053319209,-0.030516867429018));
#2674=CARTESIAN_POINT('',(-0.00462904603673699,0.1081513134584,-0.030516867429018));
#2675=CARTESIAN_POINT('',(-0.00463353926044986,0.108227299495048,-0.030516867429018));
#2676=CARTESIAN_POINT('',(-0.00463673217241952,0.108308994360435,-0.030516867429018));
#2677=CARTESIAN_POINT('',(-0.00463839814160095,0.108396374173008,-0.030516867429018));
#2678=CARTESIAN_POINT('',(-0.00463831101964368,0.108489408278266,-0.030516867429018));
#2679=CARTESIAN_POINT('',(-0.00463624531811373,0.108588059248902,-0.030516867429018));
#2680=CARTESIAN_POINT('',(-0.00463197638972065,0.108692282902268,-0.030516867429018));
#2681=CARTESIAN_POINT('',(-0.00462528060802202,0.10880202831892,-0.030516867429018));
#2682=CARTESIAN_POINT('',(-0.00461593554709279,0.108917237866716,-0.030516867429018));
#2683=CARTESIAN_POINT('',(-0.00460372016024747,0.109037847229258,-0.030516867429018));
#2684=CARTESIAN_POINT('',(-0.0045884149592606,0.109163785438581,-0.030516867429018));
#2685=CARTESIAN_POINT('',(-0.00456980218838536,0.10929497491359,-0.030516867429018));
#2686=CARTESIAN_POINT('',(-0.00454766601450189,0.109431331498006,-0.030516867429018));
#2687=CARTESIAN_POINT('',(-0.00452179265073924,0.109572764521787,-0.030516867429018));
#2688=CARTESIAN_POINT('',(-0.00449197073100307,0.109719176793686,-0.030516867429018));
#2689=CARTESIAN_POINT('',(-0.00445799071522775,0.109870464879648,-0.030516867429018));
#2690=CARTESIAN_POINT('',(-0.00441964800803687,0.11002651830546,-0.030516867429018));
#2691=CARTESIAN_POINT('',(-0.00437673183576529,0.110187222904203,-0.030516867429018));
#2692=CARTESIAN_POINT('',(-0.00432906866065793,0.110352448310292,-0.030516867429018));
#2693=CARTESIAN_POINT('',(-0.0042763568956883,0.110522096138785,-0.030516867429018));
#2694=CARTESIAN_POINT('',(-0.00422444003939944,0.110678882255942,-0.030516867429018));
#2695=CARTESIAN_POINT('',(-0.00418867351343912,0.110779499829581,-0.030516867429018));
#2696=CARTESIAN_POINT('',(-0.00417354649855529,0.110821707590493,-0.030516867429018));
#2697=CARTESIAN_POINT('',(-0.00429699373494442,0.106924192275389,-0.030516867429018));
#2698=CARTESIAN_POINT('',(-0.00507359538764953,0.106658663805615,-0.030516867429018));
#2699=CARTESIAN_POINT('',(-0.00476099213984178,0.105899786539711,-0.030516867429018));
#2700=CARTESIAN_POINT('',(-4.16333634234433E-17,0.09434197732497,-0.030516867429018));
#2701=CARTESIAN_POINT('',(-0.00540340055438805,0.105613767885872,-0.030516867429018));
#2702=CARTESIAN_POINT('',(-0.00575818386696128,0.106353865376994,-0.030516867429018));
#2703=CARTESIAN_POINT('',(-0.00647515791006473,0.105954411103314,-0.030516867429018));
#2704=CARTESIAN_POINT('',(-0.00608796710855154,0.105259241473336,-0.030516867429018));
#2705=CARTESIAN_POINT('',(-0.00646059255238397,0.105928348034659,-0.030516867429018));
#2706=CARTESIAN_POINT('',(-0.0068603240639584,0.106646127728959,-0.030516867429018));
#2707=CARTESIAN_POINT('',(-0.00687021236463672,0.106661447355878,-0.030516867429018));
#2708=CARTESIAN_POINT('',(-0.00687869695568076,0.106675182849384,-0.030516867429018));
#2709=CARTESIAN_POINT('',(-0.00688912997044935,0.106691070532421,-0.030516867429018));
#2710=CARTESIAN_POINT('',(-0.00690354306712286,0.10671223102617,-0.030516867429018));
#2711=CARTESIAN_POINT('',(-0.0069214915757208,0.106737428763107,-0.030516867429018));
#2712=CARTESIAN_POINT('',(-0.00694335061241758,0.106766872330068,-0.030516867429018));
#2713=CARTESIAN_POINT('',(-0.00696923089922891,0.106800307136133,-0.030516867429018));
#2714=CARTESIAN_POINT('',(-0.00699931885759141,0.106837614215451,-0.030516867429018));
#2715=CARTESIAN_POINT('',(-0.00703377244942701,0.106878627313279,-0.030516867429018));
#2716=CARTESIAN_POINT('',(-0.00707275215557381,0.10692318775595,-0.030516867429018));
#2717=CARTESIAN_POINT('',(-0.00711641164220907,0.106971128384655,-0.030516867429018));
#2718=CARTESIAN_POINT('',(-0.00716490030941177,0.107022278394443,-0.030516867429018));
#2719=CARTESIAN_POINT('',(-0.00721836238584787,0.107076462093172,-0.030516867429018));
#2720=CARTESIAN_POINT('',(-0.00727693702720592,0.107133499423993,-0.030516867429018));
#2721=CARTESIAN_POINT('',(-0.00734075813180215,0.10719320598734,-0.030516867429018));
#2722=CARTESIAN_POINT('',(-0.00740995424168543,0.107255393210372,-0.030516867429018));
#2723=CARTESIAN_POINT('',(-0.00748464842415914,0.107319868478768,-0.030516867429018));
#2724=CARTESIAN_POINT('',(-0.00756495816349445,0.107386435283096,-0.030516867429018));
#2725=CARTESIAN_POINT('',(-0.00765099525446724,0.107454893364764,-0.030516867429018));
#2726=CARTESIAN_POINT('',(-0.00774286570004378,0.107525038865666,-0.030516867429018));
#2727=CARTESIAN_POINT('',(-0.00784066961292747,0.107596664480031,-0.030516867429018));
#2728=CARTESIAN_POINT('',(-0.00794450111993257,0.107669559609483,-0.030516867429018));
#2729=CARTESIAN_POINT('',(-0.00805444827410477,0.10774351051808,-0.030516867429018));
#2730=CARTESIAN_POINT('',(-0.00817059295568621,0.107818300499014,-0.030516867429018));
#2731=CARTESIAN_POINT('',(-0.00829301083504406,0.107893710007578,-0.030516867429018));
#2732=CARTESIAN_POINT('',(-0.00842177111652804,0.107969516934514,-0.030516867429018));
#2733=CARTESIAN_POINT('',(-0.00855693714332658,0.108045496350315,-0.030516867429018));
#2734=CARTESIAN_POINT('',(-0.00869856371812856,0.108121422289309,-0.030516867429018));
#2735=CARTESIAN_POINT('',(-0.00884670703349021,0.108197061723559,-0.030516867429018));
#2736=CARTESIAN_POINT('',(-0.00900138632832277,0.108272198457774,-0.030516867429018));
#2737=CARTESIAN_POINT('',(-0.00916273028947717,0.108346542536742,-0.030516867429018));
#2738=CARTESIAN_POINT('',(-0.00931398423867777,0.108412871183277,-0.030516867429018));
#2739=CARTESIAN_POINT('',(-0.00941269014508323,0.108453617772644,-0.030516867429018));
#2740=CARTESIAN_POINT('',(-0.00945417857284148,0.10847061871446,-0.030516867429018));
#2741=CARTESIAN_POINT('',(-0.00945417857284148,0.10847061871446,-0.030516867429018));
#2742=CARTESIAN_POINT('',(0.,0.09434197732497,-0.030516867429018));
#2743=CARTESIAN_POINT('',(-0.0105156346130089,0.107699425759671,-0.030516867429018));
#2744=CARTESIAN_POINT('',(-0.00850164991068069,0.103505598268474,-0.030516867429018));
#2745=CARTESIAN_POINT('',(-0.00902286047124257,0.104066751423465,-0.030516867429018));
#2746=CARTESIAN_POINT('',(-0.00958198569650664,0.104668724806072,-0.030516867429018));
#2747=CARTESIAN_POINT('',(-0.00959349987456048,0.104682863163933,-0.030516867429018));
#2748=CARTESIAN_POINT('',(-0.00960394122234074,0.104695176990453,-0.030516867429018));
#2749=CARTESIAN_POINT('',(-0.00961582732795559,0.104710008941193,-0.030516867429018));
#2750=CARTESIAN_POINT('',(-0.00963149826161003,0.104730255562882,-0.030516867429018));
#2751=CARTESIAN_POINT('',(-0.00964991633933956,0.104755112137875,-0.030516867429018));
#2752=CARTESIAN_POINT('',(-0.00967116402174079,0.104784999879731,-0.030516867429018));
#2753=CARTESIAN_POINT('',(-0.0096949649634762,0.104819945418425,-0.030516867429018));
#2754=CARTESIAN_POINT('',(-0.00972114841390543,0.104860089288807,-0.030516867429018));
#2755=CARTESIAN_POINT('',(-0.0097495074424535,0.104905530346053,-0.030516867429018));
#2756=CARTESIAN_POINT('',(-0.00977984155018959,0.104956372183649,-0.030516867429018));
#2757=CARTESIAN_POINT('',(-0.00981194427417918,0.105012709291903,-0.030516867429018));
#2758=CARTESIAN_POINT('',(-0.00984560700209632,0.105074630977099,-0.030516867429018));
#2759=CARTESIAN_POINT('',(-0.00988061807167628,0.105142220116994,-0.030516867429018));
#2760=CARTESIAN_POINT('',(-0.00991676323720683,0.105215553415885,-0.030516867429018));
#2761=CARTESIAN_POINT('',(-0.00995382574742358,0.105294701236038,-0.030516867429018));
#2762=CARTESIAN_POINT('',(-0.00999158653721936,0.105379727555994,-0.030516867429018));
#2763=CARTESIAN_POINT('',(-0.0100298243896024,0.105470689898617,-0.030516867429018));
#2764=CARTESIAN_POINT('',(-0.010068316108359,0.105567639273332,-0.030516867429018));
#2765=CARTESIAN_POINT('',(-0.0101068366897649,0.105670620119982,-0.030516867429018));
#2766=CARTESIAN_POINT('',(-0.0101451594965226,0.105779670257761,-0.030516867429018));
#2767=CARTESIAN_POINT('',(-0.0101830564326004,0.105894820838499,-0.030516867429018));
#2768=CARTESIAN_POINT('',(-0.0102202981202556,0.106016096303641,-0.030516867429018));
#2769=CARTESIAN_POINT('',(-0.0102566540746406,0.10614351434857,-0.030516867429018));
#2770=CARTESIAN_POINT('',(-0.0102918928929463,0.106277085879939,-0.030516867429018));
#2771=CARTESIAN_POINT('',(-0.0103257823923199,0.106416815021497,-0.030516867429018));
#2772=CARTESIAN_POINT('',(-0.0103580899489841,0.106562698954957,-0.030516867429018));
#2773=CARTESIAN_POINT('',(-0.0103885820681433,0.106714728416231,-0.030516867429018));
#2774=CARTESIAN_POINT('',(-0.0104170269087104,0.10687288569854,-0.030516867429018));
#2775=CARTESIAN_POINT('',(-0.0104431854834922,0.107037152234588,-0.030516867429018));
#2776=CARTESIAN_POINT('',(-0.0104668462333993,0.107207479513649,-0.030516867429018));
#2777=CARTESIAN_POINT('',(-0.0104876936282133,0.107383900323102,-0.030516867429018));
#2778=CARTESIAN_POINT('',(-0.0105040358789488,0.107548248056098,-0.030516867429018));
#2779=CARTESIAN_POINT('',(-0.0105122863857587,0.107654714340159,-0.030516867429018));
#2780=CARTESIAN_POINT('',(-0.0105156346130089,0.107699425759671,-0.030516867429018));
#2781=CARTESIAN_POINT('',(-0.00904314697946881,0.104088657832939,-0.030516867429018));
#2782=CARTESIAN_POINT('',(-0.00964460773325831,0.103530213156274,-0.030516867429018));
#2783=CARTESIAN_POINT('',(-0.00905036726453912,0.102964091472727,-0.030516867429018));
#2784=CARTESIAN_POINT('',(-4.85722573273506E-17,0.09434197732497,-0.030516867429018));
#2785=CARTESIAN_POINT('',(-0.00952090228647948,0.102441509388695,-0.030516867429018));
#2786=CARTESIAN_POINT('',(-0.0101460377392158,0.102973318716347,-0.030516867429018));
#2787=CARTESIAN_POINT('',(-0.0106385534292019,0.102316779463626,-0.030516867429018));
#2788=CARTESIAN_POINT('',(-0.0100020860695729,0.101839195092706,-0.030516867429018));
#2789=CARTESIAN_POINT('',(-0.0106146465078008,0.102298893930333,-0.030516867429018));
#2790=CARTESIAN_POINT('',(-0.0112717667178036,0.102792032856499,-0.030516867429018));
#2791=CARTESIAN_POINT('',(-0.0112870311835984,0.10280200609786,-0.030516867429018));
#2792=CARTESIAN_POINT('',(-0.0113003689717262,0.102811103101482,-0.030516867429018));
#2793=CARTESIAN_POINT('',(-0.0113163621078422,0.102821373732748,-0.030516867429018));
#2794=CARTESIAN_POINT('',(-0.0113381358750322,0.102834842471137,-0.030516867429018));
#2795=CARTESIAN_POINT('',(-0.0113647814964682,0.102850561433123,-0.030516867429018));
#2796=CARTESIAN_POINT('',(-0.0113967264977369,0.10286856859877,-0.030516867429018));
#2797=CARTESIAN_POINT('',(-0.0114339684769767,0.102888586352999,-0.030516867429018));
#2798=CARTESIAN_POINT('',(-0.0114766293508733,0.102910430190666,-0.030516867429018));
#2799=CARTESIAN_POINT('',(-0.0115247858029267,0.102933883981606,-0.030516867429018));
#2800=CARTESIAN_POINT('',(-0.0115785199012833,0.102958737496772,-0.030516867429018));
#2801=CARTESIAN_POINT('',(-0.0116379040373686,0.10298477552733,-0.030516867429018));
#2802=CARTESIAN_POINT('',(-0.0117030052223132,0.103011781268705,-0.030516867429018));
#2803=CARTESIAN_POINT('',(-0.011773883755128,0.103039535555056,-0.030516867429018));
#2804=CARTESIAN_POINT('',(-0.011850593525142,0.103067817296548,-0.030516867429018));
#2805=CARTESIAN_POINT('',(-0.0119331818524929,0.103096403574444,-0.030516867429018));
#2806=CARTESIAN_POINT('',(-0.0120216894667013,0.10312506983612,-0.030516867429018));
#2807=CARTESIAN_POINT('',(-0.0121161504520416,0.103153590063658,-0.030516867429018));
#2808=CARTESIAN_POINT('',(-0.0122165922081484,0.103181736951598,-0.030516867429018));
#2809=CARTESIAN_POINT('',(-0.0123230354121243,0.103209282083582,-0.030516867429018));
#2810=CARTESIAN_POINT('',(-0.0124354939859361,0.103235996110673,-0.030516867429018));
#2811=CARTESIAN_POINT('',(-0.0125539750682356,0.103261648930121,-0.030516867429018));
#2812=CARTESIAN_POINT('',(-0.0126784789900701,0.103286009865911,-0.030516867429018));
#2813=CARTESIAN_POINT('',(-0.0128089992576601,0.103308847846145,-0.030516867429018));
#2814=CARTESIAN_POINT('',(-0.0129455225297289,0.103329931595607,-0.030516867429018));
#2815=CARTESIAN_POINT('',(-0.0130880286377199,0.103349029772316,-0.030516867429018));
#2816=CARTESIAN_POINT('',(-0.0132364904629783,0.103365911321424,-0.030516867429018));
#2817=CARTESIAN_POINT('',(-0.0133908743853136,0.103380344995606,-0.030516867429018));
#2818=CARTESIAN_POINT('',(-0.0135511385609542,0.103392102074686,-0.030516867429018));
#2819=CARTESIAN_POINT('',(-0.0137172395433537,0.103400946821479,-0.030516867429018));
#2820=CARTESIAN_POINT('',(-0.0138891069735856,0.103406673906589,-0.030516867429018));
#2821=CARTESIAN_POINT('',(-0.0140667404775283,0.103408966101093,-0.030516867429018));
#2822=CARTESIAN_POINT('',(-0.0142318961268027,0.103408039811297,-0.030516867429018));
#2823=CARTESIAN_POINT('',(-0.0143386415902178,0.103405116363905,-0.030516867429018));
#2824=CARTESIAN_POINT('',(-0.0143834580609445,0.103403772633244,-0.030516867429018));
#2825=CARTESIAN_POINT('',(-0.0143834580609445,0.103403772633244,-0.030516867429018));
#2826=CARTESIAN_POINT('',(0.,0.09434197732497,-0.030516867429018));
#2827=CARTESIAN_POINT('',(-0.0150394739713318,0.102267519745879,-0.030516867429018));
#2828=CARTESIAN_POINT('',(-0.0114938240793498,0.0992554290681906,-0.030516867429018));
#2829=CARTESIAN_POINT('',(-0.0121982151699389,0.0995560725502359,-0.030516867429018));
#2830=CARTESIAN_POINT('',(-0.0129538461125949,0.0998785858823554,-0.030516867429018));
#2831=CARTESIAN_POINT('',(-0.0129701154258694,0.0998868186768283,-0.030516867429018));
#2832=CARTESIAN_POINT('',(-0.0129846625561679,0.0998938210383664,-0.030516867429018));
#2833=CARTESIAN_POINT('',(-0.0130015537518155,0.0999025361848958,-0.030516867429018));
#2834=CARTESIAN_POINT('',(-0.0130241049050121,0.0999146584512241,-0.030516867429018));
#2835=CARTESIAN_POINT('',(-0.0130510407361315,0.0999298747552941,-0.030516867429018));
#2836=CARTESIAN_POINT('',(-0.0130826078996663,0.0999485363550931,-0.030516867429018));
#2837=CARTESIAN_POINT('',(-0.0131185647729749,0.0999707799780877,-0.030516867429018));
#2838=CARTESIAN_POINT('',(-0.0131588125282594,0.0999968034597961,-0.030516867429018));
#2839=CARTESIAN_POINT('',(-0.0132032023330546,0.100026781275161,-0.030516867429018));
#2840=CARTESIAN_POINT('',(-0.0132515931577403,0.100060889611804,-0.030516867429018));
#2841=CARTESIAN_POINT('',(-0.0133038348217106,0.100099298766957,-0.030516867429018));
#2842=CARTESIAN_POINT('',(-0.0133597730722616,0.100142175176248,-0.030516867429018));
#2843=CARTESIAN_POINT('',(-0.0134192482557127,0.100189680643073,-0.030516867429018));
#2844=CARTESIAN_POINT('',(-0.0134820958473153,0.100241972381877,-0.030516867429018));
#2845=CARTESIAN_POINT('',(-0.0135481464538486,0.100299202832471,-0.030516867429018));
#2846=CARTESIAN_POINT('',(-0.0136172259717957,0.100361519543966,-0.030516867429018));
#2847=CARTESIAN_POINT('',(-0.0136891557060348,0.100429065043168,-0.030516867429018));
#2848=CARTESIAN_POINT('',(-0.0137637525040818,0.100501976711588,-0.030516867429018));
#2849=CARTESIAN_POINT('',(-0.0138408288901185,0.100580386664299,-0.030516867429018));
#2850=CARTESIAN_POINT('',(-0.013920193203123,0.100664421632548,-0.030516867429018));
#2851=CARTESIAN_POINT('',(-0.0140016497375932,0.100754202849963,-0.030516867429018));
#2852=CARTESIAN_POINT('',(-0.0140849988877648,0.100849845941247,-0.030516867429018));
#2853=CARTESIAN_POINT('',(-0.0141700372926134,0.100951460818572,-0.030516867429018));
#2854=CARTESIAN_POINT('',(-0.0142565579912886,0.101059151565661,-0.030516867429018));
#2855=CARTESIAN_POINT('',(-0.0143443505514804,0.101173016387021,-0.030516867429018));
#2856=CARTESIAN_POINT('',(-0.0144332013144927,0.101293147324632,-0.030516867429018));
#2857=CARTESIAN_POINT('',(-0.0145228932041716,0.10141963088622,-0.030516867429018));
#2858=CARTESIAN_POINT('',(-0.0146132072211494,0.101552545194101,-0.030516867429018));
#2859=CARTESIAN_POINT('',(-0.0147039174877617,0.101691970491056,-0.030516867429018));
#2860=CARTESIAN_POINT('',(-0.0147948110040731,0.101837948509165,-0.030516867429018));
#2861=CARTESIAN_POINT('',(-0.0148856128547148,0.101990637538891,-0.030516867429018));
#2862=CARTESIAN_POINT('',(-0.0149673884888578,0.102134129671639,-0.030516867429018));
#2863=CARTESIAN_POINT('',(-0.0150182294408568,0.102228035678391,-0.030516867429018));
#2864=CARTESIAN_POINT('',(-0.0150394739713318,0.102267519745879,-0.030516867429018));
#2865=CARTESIAN_POINT('',(-0.0122256579568318,0.0995678337848487,-0.030516867429018));
#2866=CARTESIAN_POINT('',(-0.0125479797832761,0.0988130330591982,-0.030516867429018));
#2867=CARTESIAN_POINT('',(-0.0117748516691922,0.098537554540148,-0.030516867429018));
#2868=CARTESIAN_POINT('',(-6.93889390390723E-17,0.09434197732497,-0.030516867429018));
#2869=CARTESIAN_POINT('',(-0.0119921535185567,0.0978687682157612,-0.030516867429018));
#2870=CARTESIAN_POINT('',(-0.0127795495125008,0.0981003347158556,-0.030516867429018));
#2871=CARTESIAN_POINT('',(-0.0129624464122064,0.0973002320853619,-0.030516867429018));
#2872=CARTESIAN_POINT('',(-0.0121867534830658,0.0971228116499492,-0.030516867429018));
#2873=CARTESIAN_POINT('',(-0.0129333316509827,0.097293616658621,-0.030516867429018));
#2874=CARTESIAN_POINT('',(-0.0137342185053546,0.0974768466162928,-0.030516867429018));
#2875=CARTESIAN_POINT('',(-0.0137522197714568,0.0974797490080608,-0.030516867429018));
#2876=CARTESIAN_POINT('',(-0.013768104531931,0.0974826345672283,-0.030516867429018));
#2877=CARTESIAN_POINT('',(-0.0137868924308668,0.0974855122612728,-0.030516867429018));
#2878=CARTESIAN_POINT('',(-0.0138122619864177,0.097488960377074,-0.030516867429018));
#2879=CARTESIAN_POINT('',(-0.0138429974506776,0.0974924826127801,-0.030516867429018));
#2880=CARTESIAN_POINT('',(-0.0138795048355876,0.0974959397745829,-0.030516867429018));
#2881=CARTESIAN_POINT('',(-0.0139216690307126,0.0974990792254131,-0.030516867429018));
#2882=CARTESIAN_POINT('',(-0.0139695263674846,0.0975016828234523,-0.030516867429018));
#2883=CARTESIAN_POINT('',(-0.0140230589917083,0.0975035219339788,-0.030516867429018));
#2884=CARTESIAN_POINT('',(-0.0140822563685099,0.0975043711230811,-0.030516867429018));
#2885=CARTESIAN_POINT('',(-0.014147097097428,0.09750400434346,-0.030516867429018));
#2886=CARTESIAN_POINT('',(-0.0142175542138119,0.0975021962783987,-0.030516867429018));
#2887=CARTESIAN_POINT('',(-0.0142935936607706,0.0974987221841213,-0.030516867429018));
#2888=CARTESIAN_POINT('',(-0.0143751747433186,0.0974933581662494,-0.030516867429018));
#2889=CARTESIAN_POINT('',(-0.0144622500213339,0.0974858813315484,-0.030516867429018));
#2890=CARTESIAN_POINT('',(-0.0145547653693044,0.0974760699748003,-0.030516867429018));
#2891=CARTESIAN_POINT('',(-0.0146526599949947,0.097463703755039,-0.030516867429018));
#2892=CARTESIAN_POINT('',(-0.0147558664757575,0.0974485638739599,-0.030516867429018));
#2893=CARTESIAN_POINT('',(-0.0148643107957628,0.0974304332527007,-0.030516867429018));
#2894=CARTESIAN_POINT('',(-0.0149779123887438,0.0974090967080081,-0.030516867429018));
#2895=CARTESIAN_POINT('',(-0.0150965841849628,0.0973843411270079,-0.030516867429018));
#2896=CARTESIAN_POINT('',(-0.0152202326624589,0.0973559556420262,-0.030516867429018));
#2897=CARTESIAN_POINT('',(-0.0153487579034609,0.0973237317996377,-0.030516867429018));
#2898=CARTESIAN_POINT('',(-0.0154820536520014,0.0972874637458054,-0.030516867429018));
#2899=CARTESIAN_POINT('',(-0.0156200073879264,0.0972469483424055,-0.030516867429018));
#2900=CARTESIAN_POINT('',(-0.0157625003586389,0.0972019855404808,-0.030516867429018));
#2901=CARTESIAN_POINT('',(-0.0159094077938053,0.097152377759651,-0.030516867429018));
#2902=CARTESIAN_POINT('',(-0.0160605984383619,0.0970979330730343,-0.030516867429018));
#2903=CARTESIAN_POINT('',(-0.0162159367189623,0.0970384537952981,-0.030516867429018));
#2904=CARTESIAN_POINT('',(-0.0163752748445398,0.0969737809662598,-0.030516867429018));
#2905=CARTESIAN_POINT('',(-0.0165384834446894,0.096903624935045,-0.030516867429018));
#2906=CARTESIAN_POINT('',(-0.0166889838818861,0.0968356038728389,-0.030516867429018));
#2907=CARTESIAN_POINT('',(-0.0167853116419343,0.0967895158792999,-0.030516867429018));
#2908=CARTESIAN_POINT('',(-0.016825706980696,0.0967700598194002,-0.030516867429018));
#2909=CARTESIAN_POINT('',(-0.016825706980696,0.0967700598194002,-0.030516867429018));
#2910=CARTESIAN_POINT('',(0.,0.09434197732497,-0.030516867429018));
#2911=CARTESIAN_POINT('',(-0.0169628516506798,0.09546521544622,-0.030516867429018));
#2912=CARTESIAN_POINT('',(-0.0124986116465857,0.0941556794241968,-0.030516867429018));
#2913=CARTESIAN_POINT('',(-0.0132643876484469,0.0941438292439904,-0.030516867429018));
#2914=CARTESIAN_POINT('',(-0.014085868853818,0.0941311170405573,-0.030516867429018));
#2915=CARTESIAN_POINT('',(-0.0141040801902459,0.0941320207466853,-0.030516867429018));
#2916=CARTESIAN_POINT('',(-0.0141202177720775,0.0941325008713172,-0.030516867429018));
#2917=CARTESIAN_POINT('',(-0.0141391934165788,0.0941335922856265,-0.030516867429018));
#2918=CARTESIAN_POINT('',(-0.0141647254900589,0.0941354941466184,-0.030516867429018));
#2919=CARTESIAN_POINT('',(-0.0141955216246634,0.0941384391425557,-0.030516867429018));
#2920=CARTESIAN_POINT('',(-0.014231950019978,0.0941426478401569,-0.030516867429018));
#2921=CARTESIAN_POINT('',(-0.0142738455548067,0.0941483434229601,-0.030516867429018));
#2922=CARTESIAN_POINT('',(-0.0143211984124183,0.094155746819591,-0.030516867429018));
#2923=CARTESIAN_POINT('',(-0.0143739435929429,0.0941650779564584,-0.030516867429018));
#2924=CARTESIAN_POINT('',(-0.0144320239213732,0.0941765551508781,-0.030516867429018));
#2925=CARTESIAN_POINT('',(-0.0144953714670231,0.0941903950610678,-0.030516867429018));
#2926=CARTESIAN_POINT('',(-0.0145639130085046,0.094206812473767,-0.030516867429018));
#2927=CARTESIAN_POINT('',(-0.0146375685062931,0.0942260201407352,-0.030516867429018));
#2928=CARTESIAN_POINT('',(-0.0147162516044273,0.0942482286027582,-0.030516867429018));
#2929=CARTESIAN_POINT('',(-0.0147998695573566,0.0942736460189626,-0.030516867429018));
#2930=CARTESIAN_POINT('',(-0.0148883233272343,0.0943024779964488,-0.030516867429018));
#2931=CARTESIAN_POINT('',(-0.0149815076388184,0.0943349274217877,-0.030516867429018));
#2932=CARTESIAN_POINT('',(-0.0150793110520828,0.0943711942940594,-0.030516867429018));
#2933=CARTESIAN_POINT('',(-0.0151816160353876,0.0944114755596758,-0.030516867429018));
#2934=CARTESIAN_POINT('',(-0.0152882990439182,0.0944559649489511,-0.030516867429018));
#2935=CARTESIAN_POINT('',(-0.0153992306019616,0.0945048528149155,-0.030516867429018));
#2936=CARTESIAN_POINT('',(-0.0155142753893816,0.0945583259729692,-0.030516867429018));
#2937=CARTESIAN_POINT('',(-0.0156332923319459,0.0946165675472575,-0.030516867429018));
#2938=CARTESIAN_POINT('',(-0.0157561346961738,0.0946797568015546,-0.030516867429018));
#2939=CARTESIAN_POINT('',(-0.0158826501859561,0.0947480690406739,-0.030516867429018));
#2940=CARTESIAN_POINT('',(-0.016012681051208,0.0948216752519692,-0.030516867429018));
#2941=CARTESIAN_POINT('',(-0.0161460641688558,0.0949007427570047,-0.030516867429018));
#2942=CARTESIAN_POINT('',(-0.0162826312482318,0.0949854319991372,-0.030516867429018));
#2943=CARTESIAN_POINT('',(-0.0164222085775004,0.0950759081565166,-0.030516867429018));
#2944=CARTESIAN_POINT('',(-0.0165646185455042,0.0951722959881736,-0.030516867429018));
#2945=CARTESIAN_POINT('',(-0.0167096743870887,0.0952748519177965,-0.030516867429018));
#2946=CARTESIAN_POINT('',(-0.0168427436545875,0.0953726773569591,-0.030516867429018));
#2947=CARTESIAN_POINT('',(-0.0169273841892997,0.0954377858847263,-0.030516867429018));
#2948=CARTESIAN_POINT('',(-0.0169628516506798,0.09546521544622,-0.030516867429018));
#2949=CARTESIAN_POINT('',(-0.0132942416068429,0.0941434116794297,-0.030516867429018));
#2950=CARTESIAN_POINT('',(-0.0132816921339478,0.0933227668074083,-0.030516867429018));
#2951=CARTESIAN_POINT('',(-0.0124633572490728,0.093385564191442,-0.030516867429018));
#2952=CARTESIAN_POINT('',(-6.24500451351651E-17,0.09434197732497,-0.030516867429018));
#2953=CARTESIAN_POINT('',(-0.0123898524619809,0.0926862128579202,-0.030516867429018));
#2954=CARTESIAN_POINT('',(-0.0132033610765118,0.0925774965788756,-0.030516867429018));
#2955=CARTESIAN_POINT('',(-0.0130450146504116,0.0917721755841249,-0.030516867429018));
#2956=CARTESIAN_POINT('',(-0.0122642205061569,0.0919255966893169,-0.030516867429018));
#2957=CARTESIAN_POINT('',(-0.0130157262560803,0.0917779741313194,-0.030516867429018));
#2958=CARTESIAN_POINT('',(-0.0138218991418717,0.0916196129962238,-0.030516867429018));
#2959=CARTESIAN_POINT('',(-0.0138395246258357,0.0916149426884942,-0.030516867429018));
#2960=CARTESIAN_POINT('',(-0.0138552097392619,0.0916111178638131,-0.030516867429018));
#2961=CARTESIAN_POINT('',(-0.0138735438026088,0.0916061050411924,-0.030516867429018));
#2962=CARTESIAN_POINT('',(-0.0138981225198906,0.0915989363238589,-0.030516867429018));
#2963=CARTESIAN_POINT('',(-0.0139276333859811,0.0915896528067325,-0.030516867429018));
#2964=CARTESIAN_POINT('',(-0.0139623906960222,0.091577962190008,-0.030516867429018));
#2965=CARTESIAN_POINT('',(-0.0140021865346456,0.0915636804978703,-0.030516867429018));
#2966=CARTESIAN_POINT('',(-0.014046965365995,0.0915465936705273,-0.030516867429018));
#2967=CARTESIAN_POINT('',(-0.014096617885332,0.0915265001017231,-0.030516867429018));
#2968=CARTESIAN_POINT('',(-0.0141510427763383,0.0915031981322511,-0.030516867429018));
#2969=CARTESIAN_POINT('',(-0.0142101285469998,0.0914764899619795,-0.030516867429018));
#2970=CARTESIAN_POINT('',(-0.0142737589193174,0.0914461807213568,-0.030516867429018));
#2971=CARTESIAN_POINT('',(-0.014341811369244,0.091412078948913,-0.030516867429018));
#2972=CARTESIAN_POINT('',(-0.0144141576540127,0.0913739966590973,-0.030516867429018));
#2973=CARTESIAN_POINT('',(-0.0144906637760695,0.0913317495244439,-0.030516867429018));
#2974=CARTESIAN_POINT('',(-0.0145711901136624,0.0912851570219868,-0.030516867429018));
#2975=CARTESIAN_POINT('',(-0.0146555915095761,0.0912340425866672,-0.030516867429018));
#2976=CARTESIAN_POINT('',(-0.0147437173768696,0.091178233759549,-0.030516867429018));
#2977=CARTESIAN_POINT('',(-0.0148354118047898,0.0911175623341738,-0.030516867429018));
#2978=CARTESIAN_POINT('',(-0.0149305136694754,0.091051864500111,-0.030516867429018));
#2979=CARTESIAN_POINT('',(-0.0150288567479481,0.0909809809835151,-0.030516867429018));
#2980=CARTESIAN_POINT('',(-0.0151302698360355,0.0909047571859888,-0.030516867429018));
#2981=CARTESIAN_POINT('',(-0.0152345768686653,0.0908230433160713,-0.030516867429018));
#2982=CARTESIAN_POINT('',(-0.0153415970478009,0.0907356945349378,-0.030516867429018));
#2983=CARTESIAN_POINT('',(-0.0154511449574483,0.0906425710327472,-0.030516867429018));
#2984=CARTESIAN_POINT('',(-0.0155630307444706,0.0905435383567166,-0.030516867429018));
#2985=CARTESIAN_POINT('',(-0.0156770600623155,0.0904384667568534,-0.030516867429018));
#2986=CARTESIAN_POINT('',(-0.0157930349398205,0.0903272342854704,-0.030516867429018));
#2987=CARTESIAN_POINT('',(-0.0159107511187019,0.0902097154906781,-0.030516867429018));
#2988=CARTESIAN_POINT('',(-0.0160300089301714,0.0900858252671659,-0.030516867429018));
#2989=CARTESIAN_POINT('',(-0.0161505723768584,0.0899553516253774,-0.030516867429018));
#2990=CARTESIAN_POINT('',(-0.0162603947091325,0.0898319972503682,-0.030516867429018));
#2991=CARTESIAN_POINT('',(-0.0163296488209913,0.0897507137434617,-0.030516867429018));
#2992=CARTESIAN_POINT('',(-0.0163586383067359,0.0897165094838329,-0.030516867429018));
#2993=CARTESIAN_POINT('',(-0.0163586383067359,0.0897165094838329,-0.030516867429018));
#2994=CARTESIAN_POINT('',(0.,0.09434197732497,-0.030516867429018));
#2995=CARTESIAN_POINT('',(-0.0159531981769558,0.0884686930710986,-0.030516867429018));
#2996=CARTESIAN_POINT('',(-0.0113422757138047,0.0890881423797099,-0.030516867429018));
#2997=CARTESIAN_POINT('',(-0.0120370269993598,0.088765847541065,-0.030516867429018));
#2998=CARTESIAN_POINT('',(-0.0127823169041148,0.0884201078575396,-0.030516867429018));
#2999=CARTESIAN_POINT('',(-0.0127993213581829,0.0884135262163233,-0.030516867429018));
#3000=CARTESIAN_POINT('',(-0.0128142590570435,0.0884074010861384,-0.030516867429018));
#3001=CARTESIAN_POINT('',(-0.012832038089076,0.0884006800527784,-0.030516867429018));
#3002=CARTESIAN_POINT('',(-0.0128561363553834,0.0883920326593905,-0.030516867429018));
#3003=CARTESIAN_POINT('',(-0.0128854678620256,0.0883821971306431,-0.030516867429018));
#3004=CARTESIAN_POINT('',(-0.0129204586886285,0.0883712252039963,-0.030516867429018));
#3005=CARTESIAN_POINT('',(-0.0129610487663966,0.0883593879285987,-0.030516867429018));
#3006=CARTESIAN_POINT('',(-0.0130073189870671,0.088346891125617,-0.030516867429018));
#3007=CARTESIAN_POINT('',(-0.0130592994224333,0.0883339621456519,-0.030516867429018));
#3008=CARTESIAN_POINT('',(-0.0131170266381794,0.088320823686666,-0.030516867429018));
#3009=CARTESIAN_POINT('',(-0.0131805266993717,0.0883077013056892,-0.030516867429018));
#3010=CARTESIAN_POINT('',(-0.0132498200765812,0.0882948210019934,-0.030516867429018));
#3011=CARTESIAN_POINT('',(-0.0133249201840002,0.0882824096889895,-0.030516867429018));
#3012=CARTESIAN_POINT('',(-0.0134058337661852,0.08827069482939,-0.030516867429018));
#3013=CARTESIAN_POINT('',(-0.0134925607618037,0.0882599043090332,-0.030516867429018));
#3014=CARTESIAN_POINT('',(-0.0135850943232228,0.0882502662416732,-0.030516867429018));
#3015=CARTESIAN_POINT('',(-0.0136834207981261,0.0882420087927136,-0.030516867429018));
#3016=CARTESIAN_POINT('',(-0.0137875197279384,0.0882353599971478,-0.030516867429018));
#3017=CARTESIAN_POINT('',(-0.0138973638474864,0.0882305475789004,-0.030516867429018));
#3018=CARTESIAN_POINT('',(-0.0140129190901835,0.0882277987696231,-0.030516867429018));
#3019=CARTESIAN_POINT('',(-0.0141341445976327,0.088227340127979,-0.030516867429018));
#3020=CARTESIAN_POINT('',(-0.0142609927334072,0.0882293973579863,-0.030516867429018));
#3021=CARTESIAN_POINT('',(-0.0143934091030827,0.0882341951319355,-0.030516867429018));
#3022=CARTESIAN_POINT('',(-0.0145313325721005,0.0882419568973169,-0.030516867429018));
#3023=CARTESIAN_POINT('',(-0.0146746953139329,0.0882529047474545,-0.030516867429018));
#3024=CARTESIAN_POINT('',(-0.0148234227635288,0.0882672590498089,-0.030516867429018));
#3025=CARTESIAN_POINT('',(-0.0149774339563568,0.0882852390083662,-0.030516867429018));
#3026=CARTESIAN_POINT('',(-0.0151366404094338,0.0883070596454075,-0.030516867429018));
#3027=CARTESIAN_POINT('',(-0.0153009506131079,0.0883329425136502,-0.030516867429018));
#3028=CARTESIAN_POINT('',(-0.0154702530555824,0.088363073827106,-0.030516867429018));
#3029=CARTESIAN_POINT('',(-0.0156444814153087,0.0883977638047028,-0.030516867429018));
#3030=CARTESIAN_POINT('',(-0.0158058354309165,0.0884330076431326,-0.030516867429018));
#3031=CARTESIAN_POINT('',(-0.0159096404309549,0.0884580608359712,-0.030516867429018));
#3032=CARTESIAN_POINT('',(-0.0159531981769558,0.0884686930710986,-0.030516867429018));
#3033=CARTESIAN_POINT('',(-0.0120641301086373,0.0887533233780369,-0.030516867429018));
#3034=CARTESIAN_POINT('',(-0.0117188792542749,0.0880087313133418,-0.030516867429018));
#3035=CARTESIAN_POINT('',(-0.0109968351345426,0.0883989463622634,-0.030516867429018));
#3036=CARTESIAN_POINT('',(-4.16333634234433E-17,0.0943419773249699,-0.030516867429018));
#3037=CARTESIAN_POINT('',(-0.0106452333564527,0.0877899542185801,-0.030516867429018));
#3038=CARTESIAN_POINT('',(-0.0113441915616241,0.0873597531926995,-0.030516867429018));
#3039=CARTESIAN_POINT('',(-0.010871981345323,0.0866884611497958,-0.030516867429018));
#3040=CARTESIAN_POINT('',(-0.010221092386788,0.0871461958927179,-0.030516867429018));
#3041=CARTESIAN_POINT('',(-0.0108475835473406,0.0867056710494378,-0.030516867429018));
#3042=CARTESIAN_POINT('',(-0.0115196478487475,0.0862331009004985,-0.030516867429018));
#3043=CARTESIAN_POINT('',(-0.0115338499442736,0.0862216654319062,-0.030516867429018));
#3044=CARTESIAN_POINT('',(-0.0115466233120455,0.0862117915703113,-0.030516867429018));
#3045=CARTESIAN_POINT('',(-0.0115613334136911,0.0861997549935965,-0.030516867429018));
#3046=CARTESIAN_POINT('',(-0.0115808714091952,0.0861832089794811,-0.030516867429018));
#3047=CARTESIAN_POINT('',(-0.0116040549802713,0.0861627249139713,-0.030516867429018));
#3048=CARTESIAN_POINT('',(-0.0116310523607773,0.0861379079325572,-0.030516867429018));
#3049=CARTESIAN_POINT('',(-0.0116615987808672,0.0861086745317672,-0.030516867429018));
#3050=CARTESIAN_POINT('',(-0.0116955564400507,0.0860748517467187,-0.030516867429018));
#3051=CARTESIAN_POINT('',(-0.0117327434828286,0.0860362998591743,-0.030516867429018));
#3052=CARTESIAN_POINT('',(-0.01177298532995,0.0859928758533414,-0.030516867429018));
#3053=CARTESIAN_POINT('',(-0.0118160996758302,0.0859444443776954,-0.030516867429018));
#3054=CARTESIAN_POINT('',(-0.011861901034644,0.0858908747045659,-0.030516867429018));
#3055=CARTESIAN_POINT('',(-0.0119101996007092,0.085832041760216,-0.030516867429018));
#3056=CARTESIAN_POINT('',(-0.0119608017578167,0.0857678259723324,-0.030516867429018));
#3057=CARTESIAN_POINT('',(-0.012013510120375,0.0856981134511113,-0.030516867429018));
#3058=CARTESIAN_POINT('',(-0.0120681237122617,0.0856227960698997,-0.030516867429018));
#3059=CARTESIAN_POINT('',(-0.0121244381102828,0.0855417715692487,-0.030516867429018));
#3060=CARTESIAN_POINT('',(-0.0121822456010535,0.0854549436493074,-0.030516867429018));
#3061=CARTESIAN_POINT('',(-0.0122413353372834,0.0853622220604462,-0.030516867429018));
#3062=CARTESIAN_POINT('',(-0.0123014934972962,0.0852635226893686,-0.030516867429018));
#3063=CARTESIAN_POINT('',(-0.0123625034463358,0.085158767641153,-0.030516867429018));
#3064=CARTESIAN_POINT('',(-0.0124241459007753,0.085047885318146,-0.030516867429018));
#3065=CARTESIAN_POINT('',(-0.0124861990914915,0.0849308104911554,-0.030516867429018));
#3066=CARTESIAN_POINT('',(-0.0125484389400018,0.0848074843805173,-0.030516867429018));
#3067=CARTESIAN_POINT('',(-0.0126106391945821,0.0846778546790654,-0.030516867429018));
#3068=CARTESIAN_POINT('',(-0.0126725717288875,0.084541875778298,-0.030516867429018));
#3069=CARTESIAN_POINT('',(-0.0127340062244319,0.0843995081935633,-0.030516867429018));
#3070=CARTESIAN_POINT('',(-0.0127947122249659,0.0842507210422315,-0.030516867429018));
#3071=CARTESIAN_POINT('',(-0.0128544521053819,0.0840954827976274,-0.030516867429018));
#3072=CARTESIAN_POINT('',(-0.012913008843717,0.0839337969247938,-0.030516867429018));
#3073=CARTESIAN_POINT('',(-0.0129700806217247,0.0837655657504127,-0.030516867429018));
#3074=CARTESIAN_POINT('',(-0.0130202355701215,0.0836082071546788,-0.030516867429018));
#3075=CARTESIAN_POINT('',(-0.0130504413686966,0.0835057827911865,-0.030516867429018));
#3076=CARTESIAN_POINT('',(-0.0130630124559776,0.0834627445590544,-0.030516867429018));
#3077=CARTESIAN_POINT('',(-0.0130630124559776,0.0834627445590544,-0.030516867429018));
#3078=CARTESIAN_POINT('',(0.,0.09434197732497,-0.030516867429018));
#3079=CARTESIAN_POINT('',(-0.0121850918081806,0.082487714900584,-0.030516867429018));
#3080=CARTESIAN_POINT('',(-0.00822475726876686,0.0849290411268506,-0.030516867429018));
#3081=CARTESIAN_POINT('',(-0.00872835502912596,0.0843520293353256,-0.030516867429018));
#3082=CARTESIAN_POINT('',(-0.00926858623798662,0.0837330437039358,-0.030516867429018));
#3083=CARTESIAN_POINT('',(-0.00928144358510598,0.0837201147409338,-0.030516867429018));
#3084=CARTESIAN_POINT('',(-0.00929259853715789,0.0837084434465861,-0.030516867429018));
#3085=CARTESIAN_POINT('',(-0.00930610680056555,0.0836950720932834,-0.030516867429018));
#3086=CARTESIAN_POINT('',(-0.0093246044505298,0.0836773706583916,-0.030516867429018));
#3087=CARTESIAN_POINT('',(-0.00934739964524302,0.0836564552572329,-0.030516867429018));
#3088=CARTESIAN_POINT('',(-0.00937490267133288,0.0836321998521323,-0.030516867429018));
#3089=CARTESIAN_POINT('',(-0.00940716889884488,0.0836048764909883,-0.030516867429018));
#3090=CARTESIAN_POINT('',(-0.00944435594106861,0.0835746402991595,-0.030516867429018));
#3091=CARTESIAN_POINT('',(-0.00948658374177429,0.0835416867404539,-0.030516867429018));
#3092=CARTESIAN_POINT('',(-0.0095339762847984,0.0835062043869802,-0.030516867429018));
#3093=CARTESIAN_POINT('',(-0.00958664912407297,0.083468388693721,-0.030516867429018));
#3094=CARTESIAN_POINT('',(-0.00964471288258044,0.083428437795153,-0.030516867429018));
#3095=CARTESIAN_POINT('',(-0.00970827210879416,0.0833865535309487,-0.030516867429018));
#3096=CARTESIAN_POINT('',(-0.00977742548159316,0.0833429409553775,-0.030516867429018));
#3097=CARTESIAN_POINT('',(-0.00985226563446853,0.083297808277458,-0.030516867429018));
#3098=CARTESIAN_POINT('',(-0.00993287909401872,0.0832513666746573,-0.030516867429018));
#3099=CARTESIAN_POINT('',(-0.0100193461914624,0.0832038301393409,-0.030516867429018));
#3100=CARTESIAN_POINT('',(-0.0101117409871489,0.0831554153130934,-0.030516867429018));
#3101=CARTESIAN_POINT('',(-0.0102101311967677,0.0831063413218166,-0.030516867429018));
#3102=CARTESIAN_POINT('',(-0.0103145781223826,0.083056829608083,-0.030516867429018));
#3103=CARTESIAN_POINT('',(-0.0104251365877006,0.0830071037621373,-0.030516867429018));
#3104=CARTESIAN_POINT('',(-0.0105418548767749,0.0829573893503404,-0.030516867429018));
#3105=CARTESIAN_POINT('',(-0.0106647746802799,0.0829079137452484,-0.030516867429018));
#3106=CARTESIAN_POINT('',(-0.0107939310332989,0.0828589059419662,-0.030516867429018));
#3107=CARTESIAN_POINT('',(-0.010929352306709,0.0828105964203753,-0.030516867429018));
#3108=CARTESIAN_POINT('',(-0.0110710600134675,0.082763216824507,-0.030516867429018));
#3109=CARTESIAN_POINT('',(-0.0112190693470877,0.0827170003384086,-0.030516867429018));
#3110=CARTESIAN_POINT('',(-0.0113733869317836,0.08267217938398,-0.030516867429018));
#3111=CARTESIAN_POINT('',(-0.0115340192829367,0.0826289935800284,-0.030516867429018));
#3112=CARTESIAN_POINT('',(-0.0117009402695135,0.0825876583974522,-0.030516867429018));
#3113=CARTESIAN_POINT('',(-0.0118742154811701,0.0825484842107477,-0.030516867429018));
#3114=CARTESIAN_POINT('',(-0.012035954669733,0.0825150524686001,-0.030516867429018));
#3115=CARTESIAN_POINT('',(-0.0121409753075522,0.0824957184018671,-0.030516867429018));
#3116=CARTESIAN_POINT('',(-0.0121850918081806,0.082487714900584,-0.030516867429018));
#3117=CARTESIAN_POINT('',(-0.00874802091546707,0.084329564115396,-0.030516867429018));
#3118=CARTESIAN_POINT('',(-0.0081297656888621,0.0837897715904195,-0.030516867429018));
#3119=CARTESIAN_POINT('',(-0.00762886032213918,0.0844399325772782,-0.030516867429018));
#3120=CARTESIAN_POINT('',(-2.08166817117217E-17,0.0943419773249699,-0.030516867429018));
#3121=CARTESIAN_POINT('',(-0.00705995669468475,0.084026599897596,-0.030516867429018));
#3122=CARTESIAN_POINT('',(-0.00752350826698668,0.0833492997905079,-0.030516867429018));
#3123=CARTESIAN_POINT('',(-0.00681908369677821,0.0829281091921661,-0.030516867429018));
#3124=CARTESIAN_POINT('',(-0.00641064453803417,0.0836110110773773,-0.030516867429018));
#3125=CARTESIAN_POINT('',(-0.00680379509606297,0.0829537546962602,-0.030516867429018));
#3126=CARTESIAN_POINT('',(-0.00722554478985964,0.0822486872053939,-0.030516867429018));
#3127=CARTESIAN_POINT('',(-0.00723386782560921,0.0822324638723465,-0.030516867429018));
#3128=CARTESIAN_POINT('',(-0.00724152081639672,0.0822182482542088,-0.030516867429018));
#3129=CARTESIAN_POINT('',(-0.00725006344612949,0.0822012691568628,-0.030516867429018));
#3130=CARTESIAN_POINT('',(-0.00726118242293609,0.0821782068021218,-0.030516867429018));
#3131=CARTESIAN_POINT('',(-0.00727403004894257,0.0821500640692473,-0.030516867429018));
#3132=CARTESIAN_POINT('',(-0.00728859940756041,0.0821164118046852,-0.030516867429018));
#3133=CARTESIAN_POINT('',(-0.00730461465557785,0.0820772814158167,-0.030516867429018));
#3134=CARTESIAN_POINT('',(-0.00732187955482696,0.0820325709398678,-0.030516867429018));
#3135=CARTESIAN_POINT('',(-0.00734017114351587,0.0819822267051727,-0.030516867429018));
#3136=CARTESIAN_POINT('',(-0.0073592717657994,0.081926189068082,-0.030516867429018));
#3137=CARTESIAN_POINT('',(-0.00737895982481406,0.081864408529187,-0.030516867429018));
#3138=CARTESIAN_POINT('',(-0.00739901269909287,0.0817968411066998,-0.030516867429018));
#3139=CARTESIAN_POINT('',(-0.00741920612044522,0.0817234497410026,-0.030516867429018));
#3140=CARTESIAN_POINT('',(-0.00743931457722143,0.0816442039481583,-0.030516867429018));
#3141=CARTESIAN_POINT('',(-0.0074591114255545,0.0815590799686069,-0.030516867429018));
#3142=CARTESIAN_POINT('',(-0.00747836908554889,0.0814680607680892,-0.030516867429018));
#3143=CARTESIAN_POINT('',(-0.00749685921465925,0.0813711360743538,-0.030516867429018));
#3144=CARTESIAN_POINT('',(-0.00751435288858834,0.0812683023977541,-0.030516867429018));
#3145=CARTESIAN_POINT('',(-0.00753062078092041,0.0811595630504702,-0.030516867429018));
#3146=CARTESIAN_POINT('',(-0.00754543334387447,0.0810449281602929,-0.030516867429018));
#3147=CARTESIAN_POINT('',(-0.00755856098903417,0.0809244146799637,-0.030516867429018));
#3148=CARTESIAN_POINT('',(-0.00756977426944904,0.0807980463924582,-0.030516867429018));
#3149=CARTESIAN_POINT('',(-0.00757884405784113,0.0806658539095726,-0.030516867429018));
#3150=CARTESIAN_POINT('',(-0.0075855417404876,0.0805278746743417,-0.030516867429018));
#3151=CARTESIAN_POINT('',(-0.00758963935091211,0.0803841529266584,-0.030516867429018));
#3152=CARTESIAN_POINT('',(-0.0075909099346799,0.0802347397884266,-0.030516867429018));
#3153=CARTESIAN_POINT('',(-0.00758912702552923,0.0800796928675898,-0.030516867429018));
#3154=CARTESIAN_POINT('',(-0.00758406753010323,0.0799190776864633,-0.030516867429018));
#3155=CARTESIAN_POINT('',(-0.00757550154401016,0.0797529620948347,-0.030516867429018));
#3156=CARTESIAN_POINT('',(-0.00756323221718142,0.0795814375289627,-0.030516867429018));
#3157=CARTESIAN_POINT('',(-0.00754694409761145,0.0794045375203718,-0.030516867429018));
#3158=CARTESIAN_POINT('',(-0.0075287594159097,0.0792403834346735,-0.030516867429018));
#3159=CARTESIAN_POINT('',(-0.00751469404421641,0.0791345283175393,-0.030516867429018));
#3160=CARTESIAN_POINT('',(-0.00750867307783832,0.0790900978142295,-0.030516867429018));
#3161=CARTESIAN_POINT('',(-0.00750867307783832,0.0790900978142295,-0.030516867429018));
#3162=CARTESIAN_POINT('',(0.,0.09434197732497,-0.030516867429018));
#3163=CARTESIAN_POINT('',(-0.0063100723676871,0.078556446395839,-0.030516867429018));
#3164=CARTESIAN_POINT('',(-0.00368510357238515,0.0823975220564869,-0.030516867429018));
#3165=CARTESIAN_POINT('',(-0.00391047117974017,0.0816655638928241,-0.030516867429018));
#3166=CARTESIAN_POINT('',(-0.00415223280884796,0.0808803605525451,-0.030516867429018));
#3167=CARTESIAN_POINT('',(-0.0041587198968963,0.0808633198029164,-0.030516867429018));
#3168=CARTESIAN_POINT('',(-0.00416416330959021,0.080848120417229,-0.030516867429018));
#3169=CARTESIAN_POINT('',(-0.00417106510291118,0.0808304107724445,-0.030516867429018));
#3170=CARTESIAN_POINT('',(-0.0041807637248076,0.0808067160349542,-0.030516867429018));
#3171=CARTESIAN_POINT('',(-0.00419308111133805,0.0807783372242549,-0.030516867429018));
#3172=CARTESIAN_POINT('',(-0.0042083408138468,0.0807449923205958,-0.030516867429018));
#3173=CARTESIAN_POINT('',(-0.00422670406723641,0.0807069073310723,-0.030516867429018));
#3174=CARTESIAN_POINT('',(-0.00424837795357918,0.0806641598626506,-0.030516867429018));
#3175=CARTESIAN_POINT('',(-0.00427355154925481,0.0806168796948784,-0.030516867429018));
#3176=CARTESIAN_POINT('',(-0.00430241481832031,0.0805651886681797,-0.030516867429018));
#3177=CARTESIAN_POINT('',(-0.00433515282324886,0.0805092183395472,-0.030516867429018));
#3178=CARTESIAN_POINT('',(-0.00437194721171561,0.080449104719412,-0.030516867429018));
#3179=CARTESIAN_POINT('',(-0.0044129755890943,0.0803849896737948,-0.030516867429018));
#3180=CARTESIAN_POINT('',(-0.00445841150611175,0.080317020392776,-0.030516867429018));
#3181=CARTESIAN_POINT('',(-0.00450842427391032,0.0802453494073236,-0.030516867429018));
#3182=CARTESIAN_POINT('',(-0.00456317883208505,0.0801701344441152,-0.030516867429018));
#3183=CARTESIAN_POINT('',(-0.00462283560539222,0.0800915383212541,-0.030516867429018));
#3184=CARTESIAN_POINT('',(-0.00468755036739845,0.0800097288276179,-0.030516867429018));
#3185=CARTESIAN_POINT('',(-0.00475747410599796,0.0799248786022267,-0.030516867429018));
#3186=CARTESIAN_POINT('',(-0.0048327528922212,0.0798371650091412,-0.030516867429018));
#3187=CARTESIAN_POINT('',(-0.00491352775236233,0.0797467700094029,-0.030516867429018));
#3188=CARTESIAN_POINT('',(-0.00499993454220326,0.0796538800292429,-0.030516867429018));
#3189=CARTESIAN_POINT('',(-0.00509210382882031,0.0795586858267018,-0.030516867429018));
#3190=CARTESIAN_POINT('',(-0.00519016075905503,0.0794613823491655,-0.030516867429018));
#3191=CARTESIAN_POINT('',(-0.00529422499560651,0.0793621686110073,-0.030516867429018));
#3192=CARTESIAN_POINT('',(-0.00540441040965484,0.079261247479472,-0.030516867429018));
#3193=CARTESIAN_POINT('',(-0.00552082572566195,0.079158825799028,-0.030516867429018));
#3194=CARTESIAN_POINT('',(-0.00564357152965149,0.0790551132033358,-0.030516867429018));
#3195=CARTESIAN_POINT('',(-0.00577275123546998,0.0789503259450238,-0.030516867429018));
#3196=CARTESIAN_POINT('',(-0.0059084286111405,0.0788446714950013,-0.030516867429018));
#3197=CARTESIAN_POINT('',(-0.00605078981647604,0.0787384067167631,-0.030516867429018));
#3198=CARTESIAN_POINT('',(-0.00618494800293723,0.0786420800459732,-0.030516867429018));
#3199=CARTESIAN_POINT('',(-0.00627302525617565,0.0785817017554513,-0.030516867429018));
#3200=CARTESIAN_POINT('',(-0.0063100723676871,0.078556446395839,-0.030516867429018));
#3201=CARTESIAN_POINT('',(-0.00391929943273748,0.0816370420566089,-0.030516867429018));
#3202=CARTESIAN_POINT('',(-0.00313494177924236,0.0813953841027806,-0.030516867429018));
#3203=CARTESIAN_POINT('',(-0.00294178625401759,0.0821930722864213,-0.030516867429018));
#3204=CARTESIAN_POINT('',(-6.93889390390723E-18,0.0943419773249699,-0.030516867429018));
#3205=CARTESIAN_POINT('',(-0.00225394938271275,0.0820468680460669,-0.030516867429018));
#3206=CARTESIAN_POINT('',(-0.00240194204406039,0.0812395801993651,-0.030516867429018));
#3207=CARTESIAN_POINT('',(-0.00158710452762995,0.0811413187264349,-0.030516867429018));
#3208=CARTESIAN_POINT('',(-0.00149173800977691,0.0819313078140134,-0.030516867429018));
#3209=CARTESIAN_POINT('',(-0.00158356866213805,0.0811709654943413,-0.030516867429018));
#3210=CARTESIAN_POINT('',(-0.00168207939479133,0.0803553132360558,-0.030516867429018));
#3211=CARTESIAN_POINT('',(-0.00168308424227094,0.0803371072002215,-0.030516867429018));
#3212=CARTESIAN_POINT('',(-0.00168429358444166,0.0803210078350618,-0.030516867429018));
#3213=CARTESIAN_POINT('',(-0.00168519164397338,0.080302022057266,-0.030516867429018));
#3214=CARTESIAN_POINT('',(-0.0016859690299799,0.080276431052549,-0.030516867429018));
#3215=CARTESIAN_POINT('',(-0.0016862592396633,0.0802454957864925,-0.030516867429018));
#3216=CARTESIAN_POINT('',(-0.00168588140192948,0.0802088270210464,-0.030516867429018));
#3217=CARTESIAN_POINT('',(-0.00168459629599819,0.0801665656438232,-0.030516867429018));
#3218=CARTESIAN_POINT('',(-0.00168218317738611,0.0801186983244474,-0.030516867429018));
#3219=CARTESIAN_POINT('',(-0.00167841653012782,0.0800652667181433,-0.030516867429018));
#3220=CARTESIAN_POINT('',(-0.00167307325645693,0.0800063048663339,-0.030516867429018));
#3221=CARTESIAN_POINT('',(-0.00166593078434198,0.0799418576806233,-0.030516867429018));
#3222=CARTESIAN_POINT('',(-0.00165676784994837,0.0798719755299574,-0.030516867429018));
#3223=CARTESIAN_POINT('',(-0.00164536450058461,0.0797967157767814,-0.030516867429018));
#3224=CARTESIAN_POINT('',(-0.00163150232217336,0.0797161422964846,-0.030516867429018));
#3225=CARTESIAN_POINT('',(-0.00161496460135569,0.0796303255679945,-0.030516867429018));
#3226=CARTESIAN_POINT('',(-0.00159553650509436,0.0795393425948237,-0.030516867429018));
#3227=CARTESIAN_POINT('',(-0.00157300525399328,0.0794432768680839,-0.030516867429018));
#3228=CARTESIAN_POINT('',(-0.0015471602959334,0.0793422183117246,-0.030516867429018));
#3229=CARTESIAN_POINT('',(-0.00151779347799426,0.0792362632270293,-0.030516867429018));
#3230=CARTESIAN_POINT('',(-0.00148469921718692,0.0791255142316892,-0.030516867429018));
#3231=CARTESIAN_POINT('',(-0.00144767466935763,0.079010080194826,-0.030516867429018));
#3232=CARTESIAN_POINT('',(-0.00140651989769466,0.0788900761677514,-0.030516867429018));
#3233=CARTESIAN_POINT('',(-0.00136103803495331,0.0787656233101928,-0.030516867429018));
#3234=CARTESIAN_POINT('',(-0.00131103546155976,0.0786368488136427,-0.030516867429018));
#3235=CARTESIAN_POINT('',(-0.00125632191376054,0.0785038858155734,-0.030516867429018));
#3236=CARTESIAN_POINT('',(-0.00119671085151433,0.0783668733288531,-0.030516867429018));
#3237=CARTESIAN_POINT('',(-0.00113201881885796,0.0782259560930841,-0.030516867429018));
#3238=CARTESIAN_POINT('',(-0.00106206866019517,0.0780812847061228,-0.030516867429018));
#3239=CARTESIAN_POINT('',(-0.000986677944408008,0.0779330146623749,-0.030516867429018));
#3240=CARTESIAN_POINT('',(-0.000905704030487502,0.0777813095591556,-0.030516867429018));
#3241=CARTESIAN_POINT('',(-0.000818872377186468,0.0776263283349263,-0.030516867429018));
#3242=CARTESIAN_POINT('',(-0.000735492362055064,0.077483762491974,-0.030516867429018));
#3243=CARTESIAN_POINT('',(-0.000679587850639034,0.0773927799326139,-0.030516867429018));
#3244=CARTESIAN_POINT('',(-0.000656015910387324,0.0773546395957872,-0.030516867429018));
#3245=CARTESIAN_POINT('',(-0.000656015910387324,0.0773546395957872,-0.030516867429018));
#3246=CARTESIAN_POINT('',(0.,0.09434197732497,-0.030516867429018));
#3247=CARTESIAN_POINT('',(0.000656015910387317,0.0773546395957872,-0.030516867429018));
#3248=CARTESIAN_POINT('',(0.0014917380097769,0.0819313078140134,-0.030516867429018));
#3249=CARTESIAN_POINT('',(0.00158356866213806,0.0811709654943413,-0.030516867429018));
#3250=CARTESIAN_POINT('',(0.00168207939479133,0.0803553132360558,-0.030516867429018));
#3251=CARTESIAN_POINT('',(0.00168308424227093,0.0803371072002215,-0.030516867429018));
#3252=CARTESIAN_POINT('',(0.00168429358444165,0.0803210078350618,-0.030516867429018));
#3253=CARTESIAN_POINT('',(0.00168519164397338,0.0803020220572659,-0.030516867429018));
#3254=CARTESIAN_POINT('',(0.00168596902997989,0.080276431052549,-0.030516867429018));
#3255=CARTESIAN_POINT('',(0.0016862592396633,0.0802454957864925,-0.030516867429018));
#3256=CARTESIAN_POINT('',(0.00168588140192946,0.0802088270210464,-0.030516867429018));
#3257=CARTESIAN_POINT('',(0.00168459629599819,0.0801665656438232,-0.030516867429018));
#3258=CARTESIAN_POINT('',(0.00168218317738611,0.0801186983244474,-0.030516867429018));
#3259=CARTESIAN_POINT('',(0.00167841653012782,0.0800652667181433,-0.030516867429018));
#3260=CARTESIAN_POINT('',(0.00167307325645693,0.0800063048663339,-0.030516867429018));
#3261=CARTESIAN_POINT('',(0.00166593078434198,0.0799418576806233,-0.030516867429018));
#3262=CARTESIAN_POINT('',(0.00165676784994835,0.0798719755299574,-0.030516867429018));
#3263=CARTESIAN_POINT('',(0.00164536450058461,0.0797967157767814,-0.030516867429018));
#3264=CARTESIAN_POINT('',(0.00163150232217337,0.0797161422964846,-0.030516867429018));
#3265=CARTESIAN_POINT('',(0.00161496460135569,0.0796303255679945,-0.030516867429018));
#3266=CARTESIAN_POINT('',(0.00159553650509437,0.0795393425948237,-0.030516867429018));
#3267=CARTESIAN_POINT('',(0.00157300525399329,0.0794432768680839,-0.030516867429018));
#3268=CARTESIAN_POINT('',(0.00154716029593339,0.0793422183117246,-0.030516867429018));
#3269=CARTESIAN_POINT('',(0.00151779347799426,0.0792362632270293,-0.030516867429018));
#3270=CARTESIAN_POINT('',(0.00148469921718691,0.0791255142316892,-0.030516867429018));
#3271=CARTESIAN_POINT('',(0.00144767466935763,0.079010080194826,-0.030516867429018));
#3272=CARTESIAN_POINT('',(0.00140651989769465,0.0788900761677514,-0.030516867429018));
#3273=CARTESIAN_POINT('',(0.0013610380349533,0.0787656233101928,-0.030516867429018));
#3274=CARTESIAN_POINT('',(0.00131103546155974,0.0786368488136427,-0.030516867429018));
#3275=CARTESIAN_POINT('',(0.00125632191376054,0.0785038858155734,-0.030516867429018));
#3276=CARTESIAN_POINT('',(0.00119671085151434,0.0783668733288531,-0.030516867429018));
#3277=CARTESIAN_POINT('',(0.00113201881885797,0.0782259560930841,-0.030516867429018));
#3278=CARTESIAN_POINT('',(0.00106206866019517,0.0780812847061227,-0.030516867429018));
#3279=CARTESIAN_POINT('',(0.000986677944408022,0.0779330146623749,-0.030516867429018));
#3280=CARTESIAN_POINT('',(0.000905704030487516,0.0777813095591556,-0.030516867429018));
#3281=CARTESIAN_POINT('',(0.000818872377186482,0.0776263283349263,-0.030516867429018));
#3282=CARTESIAN_POINT('',(0.000735492362055071,0.077483762491974,-0.030516867429018));
#3283=CARTESIAN_POINT('',(0.000679587850639013,0.0773927799326139,-0.030516867429018));
#3284=CARTESIAN_POINT('',(0.000656015910387317,0.0773546395957872,-0.030516867429018));
#3285=CARTESIAN_POINT('',(0.00158710452762996,0.0811413187264349,-0.030516867429018));
#3286=CARTESIAN_POINT('',(0.00240194204406035,0.0812395801993652,-0.030516867429018));
#3287=CARTESIAN_POINT('',(0.00225394938271274,0.0820468680460669,-0.030516867429018));
#3288=CARTESIAN_POINT('',(6.93889390390723E-18,0.0943419773249699,-0.030516867429018));
#3289=CARTESIAN_POINT('',(0.00294178625401759,0.0821930722864213,-0.030516867429018));
#3290=CARTESIAN_POINT('',(0.00313494177924238,0.0813953841027804,-0.030516867429018));
#3291=CARTESIAN_POINT('',(0.00391929943273754,0.0816370420566089,-0.030516867429018));
#3292=CARTESIAN_POINT('',(0.00368510357238513,0.0823975220564869,-0.030516867429018));
#3293=CARTESIAN_POINT('',(0.00391047117974018,0.0816655638928241,-0.030516867429018));
#3294=CARTESIAN_POINT('',(0.00415223280884796,0.0808803605525451,-0.030516867429018));
#3295=CARTESIAN_POINT('',(0.00415871989689629,0.0808633198029164,-0.030516867429018));
#3296=CARTESIAN_POINT('',(0.00416416330959021,0.080848120417229,-0.030516867429018));
#3297=CARTESIAN_POINT('',(0.00417106510291118,0.0808304107724445,-0.030516867429018));
#3298=CARTESIAN_POINT('',(0.00418076372480762,0.0808067160349542,-0.030516867429018));
#3299=CARTESIAN_POINT('',(0.00419308111133806,0.0807783372242549,-0.030516867429018));
#3300=CARTESIAN_POINT('',(0.0042083408138468,0.0807449923205957,-0.030516867429018));
#3301=CARTESIAN_POINT('',(0.00422670406723641,0.0807069073310722,-0.030516867429018));
#3302=CARTESIAN_POINT('',(0.0042483779535792,0.0806641598626506,-0.030516867429018));
#3303=CARTESIAN_POINT('',(0.00427355154925483,0.0806168796948784,-0.030516867429018));
#3304=CARTESIAN_POINT('',(0.00430241481832031,0.0805651886681797,-0.030516867429018));
#3305=CARTESIAN_POINT('',(0.00433515282324885,0.0805092183395472,-0.030516867429018));
#3306=CARTESIAN_POINT('',(0.00437194721171561,0.080449104719412,-0.030516867429018));
#3307=CARTESIAN_POINT('',(0.00441297558909431,0.0803849896737948,-0.030516867429018));
#3308=CARTESIAN_POINT('',(0.00445841150611174,0.080317020392776,-0.030516867429018));
#3309=CARTESIAN_POINT('',(0.00450842427391033,0.0802453494073235,-0.030516867429018));
#3310=CARTESIAN_POINT('',(0.00456317883208506,0.0801701344441152,-0.030516867429018));
#3311=CARTESIAN_POINT('',(0.00462283560539223,0.0800915383212541,-0.030516867429018));
#3312=CARTESIAN_POINT('',(0.00468755036739846,0.0800097288276179,-0.030516867429018));
#3313=CARTESIAN_POINT('',(0.00475747410599797,0.0799248786022267,-0.030516867429018));
#3314=CARTESIAN_POINT('',(0.00483275289222119,0.0798371650091411,-0.030516867429018));
#3315=CARTESIAN_POINT('',(0.00491352775236234,0.0797467700094029,-0.030516867429018));
#3316=CARTESIAN_POINT('',(0.00499993454220325,0.0796538800292429,-0.030516867429018));
#3317=CARTESIAN_POINT('',(0.00509210382882032,0.0795586858267018,-0.030516867429018));
#3318=CARTESIAN_POINT('',(0.00519016075905504,0.0794613823491655,-0.030516867429018));
#3319=CARTESIAN_POINT('',(0.00529422499560651,0.0793621686110073,-0.030516867429018));
#3320=CARTESIAN_POINT('',(0.00540441040965484,0.079261247479472,-0.030516867429018));
#3321=CARTESIAN_POINT('',(0.00552082572566195,0.079158825799028,-0.030516867429018));
#3322=CARTESIAN_POINT('',(0.00564357152965148,0.0790551132033357,-0.030516867429018));
#3323=CARTESIAN_POINT('',(0.00577275123546998,0.0789503259450238,-0.030516867429018));
#3324=CARTESIAN_POINT('',(0.0059084286111405,0.0788446714950013,-0.030516867429018));
#3325=CARTESIAN_POINT('',(0.00605078981647605,0.0787384067167631,-0.030516867429018));
#3326=CARTESIAN_POINT('',(0.00618494800293724,0.0786420800459732,-0.030516867429018));
#3327=CARTESIAN_POINT('',(0.00627302525617562,0.0785817017554512,-0.030516867429018));
#3328=CARTESIAN_POINT('',(0.0063100723676871,0.078556446395839,-0.030516867429018));
#3329=CARTESIAN_POINT('',(0.0063100723676871,0.078556446395839,-0.030516867429018));
#3330=CARTESIAN_POINT('',(0.,0.09434197732497,-0.030516867429018));
#3331=CARTESIAN_POINT('',(0.00750867307783834,0.0790900978142295,-0.030516867429018));
#3332=CARTESIAN_POINT('',(0.00641064453803417,0.0836110110773774,-0.030516867429018));
#3333=CARTESIAN_POINT('',(0.00680379509606299,0.0829537546962602,-0.030516867429018));
#3334=CARTESIAN_POINT('',(0.00722554478985966,0.0822486872053939,-0.030516867429018));
#3335=CARTESIAN_POINT('',(0.00723386782560923,0.0822324638723465,-0.030516867429018));
#3336=CARTESIAN_POINT('',(0.00724152081639672,0.0822182482542088,-0.030516867429018));
#3337=CARTESIAN_POINT('',(0.0072500634461295,0.0822012691568628,-0.030516867429018));
#3338=CARTESIAN_POINT('',(0.00726118242293612,0.0821782068021218,-0.030516867429018));
#3339=CARTESIAN_POINT('',(0.0072740300489426,0.0821500640692473,-0.030516867429018));
#3340=CARTESIAN_POINT('',(0.00728859940756042,0.0821164118046852,-0.030516867429018));
#3341=CARTESIAN_POINT('',(0.00730461465557786,0.0820772814158167,-0.030516867429018));
#3342=CARTESIAN_POINT('',(0.00732187955482697,0.0820325709398678,-0.030516867429018));
#3343=CARTESIAN_POINT('',(0.00734017114351589,0.0819822267051727,-0.030516867429018));
#3344=CARTESIAN_POINT('',(0.00735927176579941,0.081926189068082,-0.030516867429018));
#3345=CARTESIAN_POINT('',(0.00737895982481408,0.081864408529187,-0.030516867429018));
#3346=CARTESIAN_POINT('',(0.00739901269909288,0.0817968411066998,-0.030516867429018));
#3347=CARTESIAN_POINT('',(0.00741920612044524,0.0817234497410026,-0.030516867429018));
#3348=CARTESIAN_POINT('',(0.00743931457722145,0.0816442039481583,-0.030516867429018));
#3349=CARTESIAN_POINT('',(0.00745911142555452,0.0815590799686069,-0.030516867429018));
#3350=CARTESIAN_POINT('',(0.00747836908554889,0.0814680607680892,-0.030516867429018));
#3351=CARTESIAN_POINT('',(0.00749685921465927,0.0813711360743538,-0.030516867429018));
#3352=CARTESIAN_POINT('',(0.00751435288858835,0.0812683023977541,-0.030516867429018));
#3353=CARTESIAN_POINT('',(0.00753062078092043,0.0811595630504702,-0.030516867429018));
#3354=CARTESIAN_POINT('',(0.00754543334387448,0.0810449281602929,-0.030516867429018));
#3355=CARTESIAN_POINT('',(0.00755856098903419,0.0809244146799637,-0.030516867429018));
#3356=CARTESIAN_POINT('',(0.00756977426944906,0.0807980463924582,-0.030516867429018));
#3357=CARTESIAN_POINT('',(0.00757884405784116,0.0806658539095726,-0.030516867429018));
#3358=CARTESIAN_POINT('',(0.00758554174048762,0.0805278746743418,-0.030516867429018));
#3359=CARTESIAN_POINT('',(0.00758963935091214,0.0803841529266584,-0.030516867429018));
#3360=CARTESIAN_POINT('',(0.00759090993467992,0.0802347397884266,-0.030516867429018));
#3361=CARTESIAN_POINT('',(0.00758912702552925,0.0800796928675898,-0.030516867429018));
#3362=CARTESIAN_POINT('',(0.00758406753010325,0.0799190776864634,-0.030516867429018));
#3363=CARTESIAN_POINT('',(0.00757550154401016,0.0797529620948347,-0.030516867429018));
#3364=CARTESIAN_POINT('',(0.00756323221718144,0.0795814375289627,-0.030516867429018));
#3365=CARTESIAN_POINT('',(0.00754694409761148,0.0794045375203718,-0.030516867429018));
#3366=CARTESIAN_POINT('',(0.00752875941590973,0.0792403834346735,-0.030516867429018));
#3367=CARTESIAN_POINT('',(0.00751469404421641,0.0791345283175393,-0.030516867429018));
#3368=CARTESIAN_POINT('',(0.00750867307783834,0.0790900978142295,-0.030516867429018));
#3369=CARTESIAN_POINT('',(0.0068190836967782,0.0829281091921662,-0.030516867429018));
#3370=CARTESIAN_POINT('',(0.00752350826698663,0.0833492997905081,-0.030516867429018));
#3371=CARTESIAN_POINT('',(0.00705995669468475,0.0840265998975961,-0.030516867429018));
#3372=CARTESIAN_POINT('',(4.16333634234433E-17,0.09434197732497,-0.030516867429018));
#3373=CARTESIAN_POINT('',(0.00762886032213919,0.0844399325772782,-0.030516867429018));
#3374=CARTESIAN_POINT('',(0.00812976568886219,0.0837897715904194,-0.030516867429018));
#3375=CARTESIAN_POINT('',(0.00874802091546716,0.084329564115396,-0.030516867429018));
#3376=CARTESIAN_POINT('',(0.00822475726876687,0.0849290411268506,-0.030516867429018));
#3377=CARTESIAN_POINT('',(0.00872835502912597,0.0843520293353256,-0.030516867429018));
#3378=CARTESIAN_POINT('',(0.00926858623798663,0.0837330437039358,-0.030516867429018));
#3379=CARTESIAN_POINT('',(0.00928144358510599,0.0837201147409338,-0.030516867429018));
#3380=CARTESIAN_POINT('',(0.00929259853715792,0.0837084434465861,-0.030516867429018));
#3381=CARTESIAN_POINT('',(0.00930610680056556,0.0836950720932834,-0.030516867429018));
#3382=CARTESIAN_POINT('',(0.00932460445052983,0.0836773706583917,-0.030516867429018));
#3383=CARTESIAN_POINT('',(0.00934739964524304,0.0836564552572329,-0.030516867429018));
#3384=CARTESIAN_POINT('',(0.0093749026713329,0.0836321998521323,-0.030516867429018));
#3385=CARTESIAN_POINT('',(0.0094071688988449,0.0836048764909884,-0.030516867429018));
#3386=CARTESIAN_POINT('',(0.00944435594106861,0.0835746402991595,-0.030516867429018));
#3387=CARTESIAN_POINT('',(0.00948658374177432,0.0835416867404539,-0.030516867429018));
#3388=CARTESIAN_POINT('',(0.00953397628479841,0.0835062043869803,-0.030516867429018));
#3389=CARTESIAN_POINT('',(0.00958664912407298,0.083468388693721,-0.030516867429018));
#3390=CARTESIAN_POINT('',(0.00964471288258045,0.083428437795153,-0.030516867429018));
#3391=CARTESIAN_POINT('',(0.00970827210879419,0.0833865535309487,-0.030516867429018));
#3392=CARTESIAN_POINT('',(0.00977742548159318,0.0833429409553775,-0.030516867429018));
#3393=CARTESIAN_POINT('',(0.00985226563446855,0.083297808277458,-0.030516867429018));
#3394=CARTESIAN_POINT('',(0.00993287909401874,0.0832513666746573,-0.030516867429018));
#3395=CARTESIAN_POINT('',(0.0100193461914624,0.0832038301393409,-0.030516867429018));
#3396=CARTESIAN_POINT('',(0.0101117409871489,0.0831554153130934,-0.030516867429018));
#3397=CARTESIAN_POINT('',(0.0102101311967678,0.0831063413218166,-0.030516867429018));
#3398=CARTESIAN_POINT('',(0.0103145781223826,0.083056829608083,-0.030516867429018));
#3399=CARTESIAN_POINT('',(0.0104251365877006,0.0830071037621373,-0.030516867429018));
#3400=CARTESIAN_POINT('',(0.0105418548767749,0.0829573893503404,-0.030516867429018));
#3401=CARTESIAN_POINT('',(0.0106647746802799,0.0829079137452485,-0.030516867429018));
#3402=CARTESIAN_POINT('',(0.010793931033299,0.0828589059419663,-0.030516867429018));
#3403=CARTESIAN_POINT('',(0.0109293523067091,0.0828105964203754,-0.030516867429018));
#3404=CARTESIAN_POINT('',(0.0110710600134675,0.082763216824507,-0.030516867429018));
#3405=CARTESIAN_POINT('',(0.0112190693470878,0.0827170003384086,-0.030516867429018));
#3406=CARTESIAN_POINT('',(0.0113733869317837,0.08267217938398,-0.030516867429018));
#3407=CARTESIAN_POINT('',(0.0115340192829367,0.0826289935800284,-0.030516867429018));
#3408=CARTESIAN_POINT('',(0.0117009402695135,0.0825876583974522,-0.030516867429018));
#3409=CARTESIAN_POINT('',(0.0118742154811701,0.0825484842107477,-0.030516867429018));
#3410=CARTESIAN_POINT('',(0.0120359546697331,0.0825150524686001,-0.030516867429018));
#3411=CARTESIAN_POINT('',(0.0121409753075522,0.0824957184018671,-0.030516867429018));
#3412=CARTESIAN_POINT('',(0.0121850918081806,0.082487714900584,-0.030516867429018));
#3413=CARTESIAN_POINT('',(0.0121850918081806,0.082487714900584,-0.030516867429018));
#3414=CARTESIAN_POINT('',(0.,0.09434197732497,-0.030516867429018));
#3415=CARTESIAN_POINT('',(0.0130630124559777,0.0834627445590544,-0.030516867429018));
#3416=CARTESIAN_POINT('',(0.010221092386788,0.0871461958927179,-0.030516867429018));
#3417=CARTESIAN_POINT('',(0.0108475835473406,0.0867056710494378,-0.030516867429018));
#3418=CARTESIAN_POINT('',(0.0115196478487476,0.0862331009004985,-0.030516867429018));
#3419=CARTESIAN_POINT('',(0.0115338499442736,0.0862216654319062,-0.030516867429018));
#3420=CARTESIAN_POINT('',(0.0115466233120455,0.0862117915703113,-0.030516867429018));
#3421=CARTESIAN_POINT('',(0.0115613334136911,0.0861997549935965,-0.030516867429018));
#3422=CARTESIAN_POINT('',(0.0115808714091952,0.0861832089794811,-0.030516867429018));
#3423=CARTESIAN_POINT('',(0.0116040549802713,0.0861627249139713,-0.030516867429018));
#3424=CARTESIAN_POINT('',(0.0116310523607773,0.0861379079325572,-0.030516867429018));
#3425=CARTESIAN_POINT('',(0.0116615987808672,0.0861086745317673,-0.030516867429018));
#3426=CARTESIAN_POINT('',(0.0116955564400507,0.0860748517467187,-0.030516867429018));
#3427=CARTESIAN_POINT('',(0.0117327434828286,0.0860362998591743,-0.030516867429018));
#3428=CARTESIAN_POINT('',(0.01177298532995,0.0859928758533414,-0.030516867429018));
#3429=CARTESIAN_POINT('',(0.0118160996758303,0.0859444443776954,-0.030516867429018));
#3430=CARTESIAN_POINT('',(0.0118619010346441,0.0858908747045659,-0.030516867429018));
#3431=CARTESIAN_POINT('',(0.0119101996007092,0.085832041760216,-0.030516867429018));
#3432=CARTESIAN_POINT('',(0.0119608017578167,0.0857678259723324,-0.030516867429018));
#3433=CARTESIAN_POINT('',(0.012013510120375,0.0856981134511113,-0.030516867429018));
#3434=CARTESIAN_POINT('',(0.0120681237122617,0.0856227960698997,-0.030516867429018));
#3435=CARTESIAN_POINT('',(0.0121244381102828,0.0855417715692487,-0.030516867429018));
#3436=CARTESIAN_POINT('',(0.0121822456010535,0.0854549436493074,-0.030516867429018));
#3437=CARTESIAN_POINT('',(0.0122413353372834,0.0853622220604462,-0.030516867429018));
#3438=CARTESIAN_POINT('',(0.0123014934972962,0.0852635226893686,-0.030516867429018));
#3439=CARTESIAN_POINT('',(0.0123625034463359,0.085158767641153,-0.030516867429018));
#3440=CARTESIAN_POINT('',(0.0124241459007754,0.085047885318146,-0.030516867429018));
#3441=CARTESIAN_POINT('',(0.0124861990914915,0.0849308104911554,-0.030516867429018));
#3442=CARTESIAN_POINT('',(0.0125484389400019,0.0848074843805173,-0.030516867429018));
#3443=CARTESIAN_POINT('',(0.0126106391945821,0.0846778546790654,-0.030516867429018));
#3444=CARTESIAN_POINT('',(0.0126725717288875,0.084541875778298,-0.030516867429018));
#3445=CARTESIAN_POINT('',(0.0127340062244319,0.0843995081935633,-0.030516867429018));
#3446=CARTESIAN_POINT('',(0.0127947122249659,0.0842507210422315,-0.030516867429018));
#3447=CARTESIAN_POINT('',(0.012854452105382,0.0840954827976274,-0.030516867429018));
#3448=CARTESIAN_POINT('',(0.012913008843717,0.0839337969247938,-0.030516867429018));
#3449=CARTESIAN_POINT('',(0.0129700806217247,0.0837655657504127,-0.030516867429018));
#3450=CARTESIAN_POINT('',(0.0130202355701215,0.0836082071546788,-0.030516867429018));
#3451=CARTESIAN_POINT('',(0.0130504413686966,0.0835057827911865,-0.030516867429018));
#3452=CARTESIAN_POINT('',(0.0130630124559777,0.0834627445590544,-0.030516867429018));
#3453=CARTESIAN_POINT('',(0.0108719813453229,0.0866884611497959,-0.030516867429018));
#3454=CARTESIAN_POINT('',(0.011344191561624,0.0873597531926996,-0.030516867429018));
#3455=CARTESIAN_POINT('',(0.0106452333564527,0.0877899542185801,-0.030516867429018));
#3456=CARTESIAN_POINT('',(5.55111512312578E-17,0.09434197732497,-0.030516867429018));
#3457=CARTESIAN_POINT('',(0.0109968351345426,0.0883989463622635,-0.030516867429018));
#3458=CARTESIAN_POINT('',(0.011718879254275,0.0880087313133417,-0.030516867429018));
#3459=CARTESIAN_POINT('',(0.0120641301086374,0.0887533233780369,-0.030516867429018));
#3460=CARTESIAN_POINT('',(0.0113422757138047,0.0890881423797099,-0.030516867429018));
#3461=CARTESIAN_POINT('',(0.0120370269993598,0.088765847541065,-0.030516867429018));
#3462=CARTESIAN_POINT('',(0.0127823169041148,0.0884201078575396,-0.030516867429018));
#3463=CARTESIAN_POINT('',(0.0127993213581829,0.0884135262163233,-0.030516867429018));
#3464=CARTESIAN_POINT('',(0.0128142590570435,0.0884074010861384,-0.030516867429018));
#3465=CARTESIAN_POINT('',(0.012832038089076,0.0884006800527784,-0.030516867429018));
#3466=CARTESIAN_POINT('',(0.0128561363553834,0.0883920326593905,-0.030516867429018));
#3467=CARTESIAN_POINT('',(0.0128854678620256,0.0883821971306431,-0.030516867429018));
#3468=CARTESIAN_POINT('',(0.0129204586886285,0.0883712252039963,-0.030516867429018));
#3469=CARTESIAN_POINT('',(0.0129610487663966,0.0883593879285987,-0.030516867429018));
#3470=CARTESIAN_POINT('',(0.0130073189870671,0.0883468911256171,-0.030516867429018));
#3471=CARTESIAN_POINT('',(0.0130592994224333,0.0883339621456519,-0.030516867429018));
#3472=CARTESIAN_POINT('',(0.0131170266381794,0.088320823686666,-0.030516867429018));
#3473=CARTESIAN_POINT('',(0.0131805266993717,0.0883077013056892,-0.030516867429018));
#3474=CARTESIAN_POINT('',(0.0132498200765812,0.0882948210019934,-0.030516867429018));
#3475=CARTESIAN_POINT('',(0.0133249201840002,0.0882824096889895,-0.030516867429018));
#3476=CARTESIAN_POINT('',(0.0134058337661852,0.08827069482939,-0.030516867429018));
#3477=CARTESIAN_POINT('',(0.0134925607618037,0.0882599043090332,-0.030516867429018));
#3478=CARTESIAN_POINT('',(0.0135850943232228,0.0882502662416732,-0.030516867429018));
#3479=CARTESIAN_POINT('',(0.0136834207981261,0.0882420087927136,-0.030516867429018));
#3480=CARTESIAN_POINT('',(0.0137875197279384,0.0882353599971478,-0.030516867429018));
#3481=CARTESIAN_POINT('',(0.0138973638474864,0.0882305475789004,-0.030516867429018));
#3482=CARTESIAN_POINT('',(0.0140129190901835,0.0882277987696231,-0.030516867429018));
#3483=CARTESIAN_POINT('',(0.0141341445976328,0.088227340127979,-0.030516867429018));
#3484=CARTESIAN_POINT('',(0.0142609927334072,0.0882293973579863,-0.030516867429018));
#3485=CARTESIAN_POINT('',(0.0143934091030827,0.0882341951319355,-0.030516867429018));
#3486=CARTESIAN_POINT('',(0.0145313325721005,0.0882419568973169,-0.030516867429018));
#3487=CARTESIAN_POINT('',(0.0146746953139329,0.0882529047474545,-0.030516867429018));
#3488=CARTESIAN_POINT('',(0.0148234227635288,0.0882672590498089,-0.030516867429018));
#3489=CARTESIAN_POINT('',(0.0149774339563568,0.0882852390083662,-0.030516867429018));
#3490=CARTESIAN_POINT('',(0.0151366404094338,0.0883070596454075,-0.030516867429018));
#3491=CARTESIAN_POINT('',(0.0153009506131079,0.0883329425136502,-0.030516867429018));
#3492=CARTESIAN_POINT('',(0.0154702530555824,0.088363073827106,-0.030516867429018));
#3493=CARTESIAN_POINT('',(0.0156444814153087,0.0883977638047028,-0.030516867429018));
#3494=CARTESIAN_POINT('',(0.0158058354309165,0.0884330076431326,-0.030516867429018));
#3495=CARTESIAN_POINT('',(0.0159096404309549,0.0884580608359711,-0.030516867429018));
#3496=CARTESIAN_POINT('',(0.0159531981769558,0.0884686930710986,-0.030516867429018));
#3497=CARTESIAN_POINT('',(0.0159531981769558,0.0884686930710986,-0.030516867429018));
#3498=CARTESIAN_POINT('',(0.,0.09434197732497,-0.030516867429018));
#3499=CARTESIAN_POINT('',(0.0163586383067359,0.0897165094838329,-0.030516867429018));
#3500=CARTESIAN_POINT('',(0.0122642205061569,0.0919255966893169,-0.030516867429018));
#3501=CARTESIAN_POINT('',(0.0130157262560803,0.0917779741313195,-0.030516867429018));
#3502=CARTESIAN_POINT('',(0.0138218991418717,0.0916196129962238,-0.030516867429018));
#3503=CARTESIAN_POINT('',(0.0138395246258358,0.0916149426884942,-0.030516867429018));
#3504=CARTESIAN_POINT('',(0.0138552097392619,0.0916111178638131,-0.030516867429018));
#3505=CARTESIAN_POINT('',(0.0138735438026088,0.0916061050411924,-0.030516867429018));
#3506=CARTESIAN_POINT('',(0.0138981225198906,0.0915989363238589,-0.030516867429018));
#3507=CARTESIAN_POINT('',(0.0139276333859811,0.0915896528067325,-0.030516867429018));
#3508=CARTESIAN_POINT('',(0.0139623906960222,0.091577962190008,-0.030516867429018));
#3509=CARTESIAN_POINT('',(0.0140021865346456,0.0915636804978703,-0.030516867429018));
#3510=CARTESIAN_POINT('',(0.014046965365995,0.0915465936705274,-0.030516867429018));
#3511=CARTESIAN_POINT('',(0.014096617885332,0.0915265001017231,-0.030516867429018));
#3512=CARTESIAN_POINT('',(0.0141510427763383,0.0915031981322511,-0.030516867429018));
#3513=CARTESIAN_POINT('',(0.0142101285469998,0.0914764899619795,-0.030516867429018));
#3514=CARTESIAN_POINT('',(0.0142737589193174,0.0914461807213568,-0.030516867429018));
#3515=CARTESIAN_POINT('',(0.014341811369244,0.091412078948913,-0.030516867429018));
#3516=CARTESIAN_POINT('',(0.0144141576540127,0.0913739966590973,-0.030516867429018));
#3517=CARTESIAN_POINT('',(0.0144906637760695,0.0913317495244439,-0.030516867429018));
#3518=CARTESIAN_POINT('',(0.0145711901136624,0.0912851570219868,-0.030516867429018));
#3519=CARTESIAN_POINT('',(0.0146555915095761,0.0912340425866672,-0.030516867429018));
#3520=CARTESIAN_POINT('',(0.0147437173768696,0.091178233759549,-0.030516867429018));
#3521=CARTESIAN_POINT('',(0.0148354118047898,0.0911175623341738,-0.030516867429018));
#3522=CARTESIAN_POINT('',(0.0149305136694754,0.091051864500111,-0.030516867429018));
#3523=CARTESIAN_POINT('',(0.0150288567479481,0.090980980983515,-0.030516867429018));
#3524=CARTESIAN_POINT('',(0.0151302698360355,0.0909047571859889,-0.030516867429018));
#3525=CARTESIAN_POINT('',(0.0152345768686653,0.0908230433160713,-0.030516867429018));
#3526=CARTESIAN_POINT('',(0.0153415970478009,0.0907356945349378,-0.030516867429018));
#3527=CARTESIAN_POINT('',(0.0154511449574483,0.0906425710327473,-0.030516867429018));
#3528=CARTESIAN_POINT('',(0.0155630307444706,0.0905435383567166,-0.030516867429018));
#3529=CARTESIAN_POINT('',(0.0156770600623155,0.0904384667568534,-0.030516867429018));
#3530=CARTESIAN_POINT('',(0.0157930349398205,0.0903272342854704,-0.030516867429018));
#3531=CARTESIAN_POINT('',(0.0159107511187019,0.0902097154906781,-0.030516867429018));
#3532=CARTESIAN_POINT('',(0.0160300089301714,0.0900858252671659,-0.030516867429018));
#3533=CARTESIAN_POINT('',(0.0161505723768584,0.0899553516253774,-0.030516867429018));
#3534=CARTESIAN_POINT('',(0.0162603947091325,0.0898319972503682,-0.030516867429018));
#3535=CARTESIAN_POINT('',(0.0163296488209913,0.0897507137434617,-0.030516867429018));
#3536=CARTESIAN_POINT('',(0.0163586383067359,0.0897165094838329,-0.030516867429018));
#3537=CARTESIAN_POINT('',(0.0130450146504115,0.0917721755841249,-0.030516867429018));
#3538=CARTESIAN_POINT('',(0.0132033610765116,0.0925774965788756,-0.030516867429018));
#3539=CARTESIAN_POINT('',(0.0123898524619809,0.0926862128579202,-0.030516867429018));
#3540=CARTESIAN_POINT('',(4.85722573273506E-17,0.09434197732497,-0.030516867429018));
#3541=CARTESIAN_POINT('',(0.0124633572490728,0.093385564191442,-0.030516867429018));
#3542=CARTESIAN_POINT('',(0.013281692133948,0.0933227668074083,-0.030516867429018));
#3543=CARTESIAN_POINT('',(0.013294241606843,0.0941434116794297,-0.030516867429018));
#3544=CARTESIAN_POINT('',(0.0124986116465857,0.0941556794241968,-0.030516867429018));
#3545=CARTESIAN_POINT('',(0.0132643876484469,0.0941438292439904,-0.030516867429018));
#3546=CARTESIAN_POINT('',(0.014085868853818,0.0941311170405573,-0.030516867429018));
#3547=CARTESIAN_POINT('',(0.0141040801902459,0.0941320207466853,-0.030516867429018));
#3548=CARTESIAN_POINT('',(0.0141202177720775,0.0941325008713172,-0.030516867429018));
#3549=CARTESIAN_POINT('',(0.0141391934165788,0.0941335922856265,-0.030516867429018));
#3550=CARTESIAN_POINT('',(0.0141647254900589,0.0941354941466184,-0.030516867429018));
#3551=CARTESIAN_POINT('',(0.0141955216246634,0.0941384391425557,-0.030516867429018));
#3552=CARTESIAN_POINT('',(0.014231950019978,0.0941426478401569,-0.030516867429018));
#3553=CARTESIAN_POINT('',(0.0142738455548068,0.0941483434229601,-0.030516867429018));
#3554=CARTESIAN_POINT('',(0.0143211984124184,0.0941557468195911,-0.030516867429018));
#3555=CARTESIAN_POINT('',(0.0143739435929429,0.0941650779564584,-0.030516867429018));
#3556=CARTESIAN_POINT('',(0.0144320239213732,0.0941765551508782,-0.030516867429018));
#3557=CARTESIAN_POINT('',(0.0144953714670231,0.0941903950610678,-0.030516867429018));
#3558=CARTESIAN_POINT('',(0.0145639130085046,0.094206812473767,-0.030516867429018));
#3559=CARTESIAN_POINT('',(0.0146375685062931,0.0942260201407352,-0.030516867429018));
#3560=CARTESIAN_POINT('',(0.0147162516044273,0.0942482286027582,-0.030516867429018));
#3561=CARTESIAN_POINT('',(0.0147998695573566,0.0942736460189626,-0.030516867429018));
#3562=CARTESIAN_POINT('',(0.0148883233272343,0.0943024779964489,-0.030516867429018));
#3563=CARTESIAN_POINT('',(0.0149815076388184,0.0943349274217877,-0.030516867429018));
#3564=CARTESIAN_POINT('',(0.0150793110520828,0.0943711942940594,-0.030516867429018));
#3565=CARTESIAN_POINT('',(0.0151816160353876,0.0944114755596758,-0.030516867429018));
#3566=CARTESIAN_POINT('',(0.0152882990439182,0.0944559649489511,-0.030516867429018));
#3567=CARTESIAN_POINT('',(0.0153992306019616,0.0945048528149155,-0.030516867429018));
#3568=CARTESIAN_POINT('',(0.0155142753893816,0.0945583259729693,-0.030516867429018));
#3569=CARTESIAN_POINT('',(0.0156332923319459,0.0946165675472575,-0.030516867429018));
#3570=CARTESIAN_POINT('',(0.0157561346961738,0.0946797568015546,-0.030516867429018));
#3571=CARTESIAN_POINT('',(0.0158826501859561,0.0947480690406739,-0.030516867429018));
#3572=CARTESIAN_POINT('',(0.016012681051208,0.0948216752519692,-0.030516867429018));
#3573=CARTESIAN_POINT('',(0.0161460641688558,0.0949007427570047,-0.030516867429018));
#3574=CARTESIAN_POINT('',(0.0162826312482318,0.0949854319991372,-0.030516867429018));
#3575=CARTESIAN_POINT('',(0.0164222085775004,0.0950759081565166,-0.030516867429018));
#3576=CARTESIAN_POINT('',(0.0165646185455042,0.0951722959881736,-0.030516867429018));
#3577=CARTESIAN_POINT('',(0.0167096743870887,0.0952748519177966,-0.030516867429018));
#3578=CARTESIAN_POINT('',(0.0168427436545875,0.0953726773569591,-0.030516867429018));
#3579=CARTESIAN_POINT('',(0.0169273841892997,0.0954377858847263,-0.030516867429018));
#3580=CARTESIAN_POINT('',(0.0169628516506798,0.09546521544622,-0.030516867429018));
#3581=CARTESIAN_POINT('',(0.0169628516506798,0.09546521544622,-0.030516867429018));
#3582=CARTESIAN_POINT('',(0.,0.09434197732497,-0.030516867429018));
#3583=CARTESIAN_POINT('',(0.016825706980696,0.0967700598194003,-0.030516867429018));
#3584=CARTESIAN_POINT('',(0.0121867534830658,0.0971228116499492,-0.030516867429018));
#3585=CARTESIAN_POINT('',(0.0129333316509827,0.0972936166586211,-0.030516867429018));
#3586=CARTESIAN_POINT('',(0.0137342185053546,0.0974768466162929,-0.030516867429018));
#3587=CARTESIAN_POINT('',(0.0137522197714568,0.0974797490080608,-0.030516867429018));
#3588=CARTESIAN_POINT('',(0.013768104531931,0.0974826345672283,-0.030516867429018));
#3589=CARTESIAN_POINT('',(0.0137868924308668,0.0974855122612729,-0.030516867429018));
#3590=CARTESIAN_POINT('',(0.0138122619864177,0.0974889603770741,-0.030516867429018));
#3591=CARTESIAN_POINT('',(0.0138429974506776,0.0974924826127801,-0.030516867429018));
#3592=CARTESIAN_POINT('',(0.0138795048355876,0.0974959397745829,-0.030516867429018));
#3593=CARTESIAN_POINT('',(0.0139216690307126,0.0974990792254131,-0.030516867429018));
#3594=CARTESIAN_POINT('',(0.0139695263674846,0.0975016828234524,-0.030516867429018));
#3595=CARTESIAN_POINT('',(0.0140230589917083,0.0975035219339788,-0.030516867429018));
#3596=CARTESIAN_POINT('',(0.0140822563685099,0.0975043711230812,-0.030516867429018));
#3597=CARTESIAN_POINT('',(0.014147097097428,0.0975040043434601,-0.030516867429018));
#3598=CARTESIAN_POINT('',(0.0142175542138119,0.0975021962783987,-0.030516867429018));
#3599=CARTESIAN_POINT('',(0.0142935936607706,0.0974987221841213,-0.030516867429018));
#3600=CARTESIAN_POINT('',(0.0143751747433186,0.0974933581662494,-0.030516867429018));
#3601=CARTESIAN_POINT('',(0.0144622500213339,0.0974858813315485,-0.030516867429018));
#3602=CARTESIAN_POINT('',(0.0145547653693044,0.0974760699748003,-0.030516867429018));
#3603=CARTESIAN_POINT('',(0.0146526599949947,0.0974637037550391,-0.030516867429018));
#3604=CARTESIAN_POINT('',(0.0147558664757575,0.0974485638739599,-0.030516867429018));
#3605=CARTESIAN_POINT('',(0.0148643107957628,0.0974304332527007,-0.030516867429018));
#3606=CARTESIAN_POINT('',(0.0149779123887438,0.0974090967080082,-0.030516867429018));
#3607=CARTESIAN_POINT('',(0.0150965841849628,0.0973843411270079,-0.030516867429018));
#3608=CARTESIAN_POINT('',(0.0152202326624588,0.0973559556420262,-0.030516867429018));
#3609=CARTESIAN_POINT('',(0.0153487579034609,0.0973237317996377,-0.030516867429018));
#3610=CARTESIAN_POINT('',(0.0154820536520014,0.0972874637458055,-0.030516867429018));
#3611=CARTESIAN_POINT('',(0.0156200073879264,0.0972469483424055,-0.030516867429018));
#3612=CARTESIAN_POINT('',(0.0157625003586389,0.0972019855404809,-0.030516867429018));
#3613=CARTESIAN_POINT('',(0.0159094077938053,0.0971523777596511,-0.030516867429018));
#3614=CARTESIAN_POINT('',(0.0160605984383619,0.0970979330730343,-0.030516867429018));
#3615=CARTESIAN_POINT('',(0.0162159367189623,0.0970384537952981,-0.030516867429018));
#3616=CARTESIAN_POINT('',(0.0163752748445398,0.0969737809662599,-0.030516867429018));
#3617=CARTESIAN_POINT('',(0.0165384834446894,0.096903624935045,-0.030516867429018));
#3618=CARTESIAN_POINT('',(0.0166889838818861,0.0968356038728389,-0.030516867429018));
#3619=CARTESIAN_POINT('',(0.0167853116419344,0.0967895158792999,-0.030516867429018));
#3620=CARTESIAN_POINT('',(0.016825706980696,0.0967700598194003,-0.030516867429018));
#3621=CARTESIAN_POINT('',(0.0129624464122063,0.0973002320853619,-0.030516867429018));
#3622=CARTESIAN_POINT('',(0.0127795495125007,0.0981003347158556,-0.030516867429018));
#3623=CARTESIAN_POINT('',(0.0119921535185567,0.0978687682157612,-0.030516867429018));
#3624=CARTESIAN_POINT('',(5.55111512312578E-17,0.09434197732497,-0.030516867429018));
#3625=CARTESIAN_POINT('',(0.0117748516691922,0.0985375545401481,-0.030516867429018));
#3626=CARTESIAN_POINT('',(0.0125479797832762,0.0988130330591982,-0.030516867429018));
#3627=CARTESIAN_POINT('',(0.0122256579568319,0.0995678337848487,-0.030516867429018));
#3628=CARTESIAN_POINT('',(0.0114938240793498,0.0992554290681906,-0.030516867429018));
#3629=CARTESIAN_POINT('',(0.0121982151699389,0.0995560725502359,-0.030516867429018));
#3630=CARTESIAN_POINT('',(0.0129538461125949,0.0998785858823554,-0.030516867429018));
#3631=CARTESIAN_POINT('',(0.0129701154258694,0.0998868186768283,-0.030516867429018));
#3632=CARTESIAN_POINT('',(0.0129846625561679,0.0998938210383665,-0.030516867429018));
#3633=CARTESIAN_POINT('',(0.0130015537518155,0.0999025361848958,-0.030516867429018));
#3634=CARTESIAN_POINT('',(0.0130241049050121,0.0999146584512241,-0.030516867429018));
#3635=CARTESIAN_POINT('',(0.0130510407361315,0.0999298747552941,-0.030516867429018));
#3636=CARTESIAN_POINT('',(0.0130826078996663,0.0999485363550932,-0.030516867429018));
#3637=CARTESIAN_POINT('',(0.0131185647729749,0.0999707799780878,-0.030516867429018));
#3638=CARTESIAN_POINT('',(0.0131588125282594,0.0999968034597961,-0.030516867429018));
#3639=CARTESIAN_POINT('',(0.0132032023330546,0.100026781275161,-0.030516867429018));
#3640=CARTESIAN_POINT('',(0.0132515931577403,0.100060889611804,-0.030516867429018));
#3641=CARTESIAN_POINT('',(0.0133038348217106,0.100099298766957,-0.030516867429018));
#3642=CARTESIAN_POINT('',(0.0133597730722616,0.100142175176248,-0.030516867429018));
#3643=CARTESIAN_POINT('',(0.0134192482557126,0.100189680643073,-0.030516867429018));
#3644=CARTESIAN_POINT('',(0.0134820958473153,0.100241972381877,-0.030516867429018));
#3645=CARTESIAN_POINT('',(0.0135481464538486,0.100299202832471,-0.030516867429018));
#3646=CARTESIAN_POINT('',(0.0136172259717957,0.100361519543966,-0.030516867429018));
#3647=CARTESIAN_POINT('',(0.0136891557060348,0.100429065043168,-0.030516867429018));
#3648=CARTESIAN_POINT('',(0.0137637525040818,0.100501976711588,-0.030516867429018));
#3649=CARTESIAN_POINT('',(0.0138408288901185,0.100580386664299,-0.030516867429018));
#3650=CARTESIAN_POINT('',(0.013920193203123,0.100664421632548,-0.030516867429018));
#3651=CARTESIAN_POINT('',(0.0140016497375932,0.100754202849963,-0.030516867429018));
#3652=CARTESIAN_POINT('',(0.0140849988877648,0.100849845941247,-0.030516867429018));
#3653=CARTESIAN_POINT('',(0.0141700372926134,0.100951460818572,-0.030516867429018));
#3654=CARTESIAN_POINT('',(0.0142565579912886,0.101059151565661,-0.030516867429018));
#3655=CARTESIAN_POINT('',(0.0143443505514804,0.101173016387021,-0.030516867429018));
#3656=CARTESIAN_POINT('',(0.0144332013144927,0.101293147324632,-0.030516867429018));
#3657=CARTESIAN_POINT('',(0.0145228932041716,0.10141963088622,-0.030516867429018));
#3658=CARTESIAN_POINT('',(0.0146132072211494,0.101552545194101,-0.030516867429018));
#3659=CARTESIAN_POINT('',(0.0147039174877617,0.101691970491056,-0.030516867429018));
#3660=CARTESIAN_POINT('',(0.0147948110040731,0.101837948509165,-0.030516867429018));
#3661=CARTESIAN_POINT('',(0.0148856128547148,0.101990637538891,-0.030516867429018));
#3662=CARTESIAN_POINT('',(0.0149673884888577,0.102134129671639,-0.030516867429018));
#3663=CARTESIAN_POINT('',(0.0150182294408568,0.102228035678391,-0.030516867429018));
#3664=CARTESIAN_POINT('',(0.0150394739713318,0.102267519745879,-0.030516867429018));
#3665=CARTESIAN_POINT('',(0.0150394739713318,0.102267519745879,-0.030516867429018));
#3666=CARTESIAN_POINT('',(0.,0.09434197732497,-0.030516867429018));
#3667=CARTESIAN_POINT('',(0.0143834580609445,0.103403772633244,-0.030516867429018));
#3668=CARTESIAN_POINT('',(0.0100020860695729,0.101839195092706,-0.030516867429018));
#3669=CARTESIAN_POINT('',(0.0106146465078008,0.102298893930333,-0.030516867429018));
#3670=CARTESIAN_POINT('',(0.0112717667178036,0.102792032856499,-0.030516867429018));
#3671=CARTESIAN_POINT('',(0.0112870311835984,0.10280200609786,-0.030516867429018));
#3672=CARTESIAN_POINT('',(0.0113003689717262,0.102811103101482,-0.030516867429018));
#3673=CARTESIAN_POINT('',(0.0113163621078421,0.102821373732748,-0.030516867429018));
#3674=CARTESIAN_POINT('',(0.0113381358750321,0.102834842471137,-0.030516867429018));
#3675=CARTESIAN_POINT('',(0.0113647814964682,0.102850561433123,-0.030516867429018));
#3676=CARTESIAN_POINT('',(0.0113967264977369,0.10286856859877,-0.030516867429018));
#3677=CARTESIAN_POINT('',(0.0114339684769767,0.102888586352999,-0.030516867429018));
#3678=CARTESIAN_POINT('',(0.0114766293508732,0.102910430190666,-0.030516867429018));
#3679=CARTESIAN_POINT('',(0.0115247858029267,0.102933883981606,-0.030516867429018));
#3680=CARTESIAN_POINT('',(0.0115785199012833,0.102958737496772,-0.030516867429018));
#3681=CARTESIAN_POINT('',(0.0116379040373686,0.10298477552733,-0.030516867429018));
#3682=CARTESIAN_POINT('',(0.0117030052223132,0.103011781268705,-0.030516867429018));
#3683=CARTESIAN_POINT('',(0.011773883755128,0.103039535555056,-0.030516867429018));
#3684=CARTESIAN_POINT('',(0.0118505935251419,0.103067817296548,-0.030516867429018));
#3685=CARTESIAN_POINT('',(0.0119331818524929,0.103096403574444,-0.030516867429018));
#3686=CARTESIAN_POINT('',(0.0120216894667013,0.10312506983612,-0.030516867429018));
#3687=CARTESIAN_POINT('',(0.0121161504520415,0.103153590063658,-0.030516867429018));
#3688=CARTESIAN_POINT('',(0.0122165922081484,0.103181736951598,-0.030516867429018));
#3689=CARTESIAN_POINT('',(0.0123230354121243,0.103209282083582,-0.030516867429018));
#3690=CARTESIAN_POINT('',(0.012435493985936,0.103235996110673,-0.030516867429018));
#3691=CARTESIAN_POINT('',(0.0125539750682356,0.103261648930121,-0.030516867429018));
#3692=CARTESIAN_POINT('',(0.0126784789900701,0.103286009865911,-0.030516867429018));
#3693=CARTESIAN_POINT('',(0.0128089992576601,0.103308847846145,-0.030516867429018));
#3694=CARTESIAN_POINT('',(0.0129455225297288,0.103329931595607,-0.030516867429018));
#3695=CARTESIAN_POINT('',(0.0130880286377198,0.103349029772316,-0.030516867429018));
#3696=CARTESIAN_POINT('',(0.0132364904629783,0.103365911321424,-0.030516867429018));
#3697=CARTESIAN_POINT('',(0.0133908743853136,0.103380344995606,-0.030516867429018));
#3698=CARTESIAN_POINT('',(0.0135511385609542,0.103392102074686,-0.030516867429018));
#3699=CARTESIAN_POINT('',(0.0137172395433537,0.103400946821479,-0.030516867429018));
#3700=CARTESIAN_POINT('',(0.0138891069735856,0.103406673906589,-0.030516867429018));
#3701=CARTESIAN_POINT('',(0.0140667404775283,0.103408966101093,-0.030516867429018));
#3702=CARTESIAN_POINT('',(0.0142318961268027,0.103408039811297,-0.030516867429018));
#3703=CARTESIAN_POINT('',(0.0143386415902178,0.103405116363905,-0.030516867429018));
#3704=CARTESIAN_POINT('',(0.0143834580609445,0.103403772633244,-0.030516867429018));
#3705=CARTESIAN_POINT('',(0.0106385534292019,0.102316779463626,-0.030516867429018));
#3706=CARTESIAN_POINT('',(0.0101460377392157,0.102973318716347,-0.030516867429018));
#3707=CARTESIAN_POINT('',(0.00952090228647947,0.102441509388695,-0.030516867429018));
#3708=CARTESIAN_POINT('',(2.08166817117217E-17,0.09434197732497,-0.030516867429018));
#3709=CARTESIAN_POINT('',(0.0090503672645391,0.102964091472727,-0.030516867429018));
#3710=CARTESIAN_POINT('',(0.00964460773325836,0.103530213156274,-0.030516867429018));
#3711=CARTESIAN_POINT('',(0.00904314697946881,0.104088657832939,-0.030516867429018));
#3712=CARTESIAN_POINT('',(0.00850164991068066,0.103505598268474,-0.030516867429018));
#3713=CARTESIAN_POINT('',(0.00902286047124254,0.104066751423465,-0.030516867429018));
#3714=CARTESIAN_POINT('',(0.0095819856965066,0.104668724806072,-0.030516867429018));
#3715=CARTESIAN_POINT('',(0.00959349987456045,0.104682863163933,-0.030516867429018));
#3716=CARTESIAN_POINT('',(0.00960394122234072,0.104695176990453,-0.030516867429018));
#3717=CARTESIAN_POINT('',(0.00961582732795557,0.104710008941193,-0.030516867429018));
#3718=CARTESIAN_POINT('',(0.00963149826161001,0.104730255562882,-0.030516867429018));
#3719=CARTESIAN_POINT('',(0.00964991633933954,0.104755112137875,-0.030516867429018));
#3720=CARTESIAN_POINT('',(0.00967116402174076,0.104784999879731,-0.030516867429018));
#3721=CARTESIAN_POINT('',(0.00969496496347617,0.104819945418425,-0.030516867429018));
#3722=CARTESIAN_POINT('',(0.0097211484139054,0.104860089288807,-0.030516867429018));
#3723=CARTESIAN_POINT('',(0.00974950744245347,0.104905530346053,-0.030516867429018));
#3724=CARTESIAN_POINT('',(0.00977984155018956,0.104956372183649,-0.030516867429018));
#3725=CARTESIAN_POINT('',(0.00981194427417916,0.105012709291903,-0.030516867429018));
#3726=CARTESIAN_POINT('',(0.00984560700209629,0.105074630977099,-0.030516867429018));
#3727=CARTESIAN_POINT('',(0.00988061807167625,0.105142220116994,-0.030516867429018));
#3728=CARTESIAN_POINT('',(0.0099167632372068,0.105215553415885,-0.030516867429018));
#3729=CARTESIAN_POINT('',(0.00995382574742356,0.105294701236038,-0.030516867429018));
#3730=CARTESIAN_POINT('',(0.00999158653721933,0.105379727555994,-0.030516867429018));
#3731=CARTESIAN_POINT('',(0.0100298243896024,0.105470689898617,-0.030516867429018));
#3732=CARTESIAN_POINT('',(0.010068316108359,0.105567639273332,-0.030516867429018));
#3733=CARTESIAN_POINT('',(0.0101068366897649,0.105670620119983,-0.030516867429018));
#3734=CARTESIAN_POINT('',(0.0101451594965225,0.105779670257761,-0.030516867429018));
#3735=CARTESIAN_POINT('',(0.0101830564326004,0.105894820838499,-0.030516867429018));
#3736=CARTESIAN_POINT('',(0.0102202981202555,0.106016096303641,-0.030516867429018));
#3737=CARTESIAN_POINT('',(0.0102566540746406,0.10614351434857,-0.030516867429018));
#3738=CARTESIAN_POINT('',(0.0102918928929463,0.106277085879939,-0.030516867429018));
#3739=CARTESIAN_POINT('',(0.0103257823923199,0.106416815021497,-0.030516867429018));
#3740=CARTESIAN_POINT('',(0.010358089948984,0.106562698954957,-0.030516867429018));
#3741=CARTESIAN_POINT('',(0.0103885820681432,0.106714728416231,-0.030516867429018));
#3742=CARTESIAN_POINT('',(0.0104170269087104,0.10687288569854,-0.030516867429018));
#3743=CARTESIAN_POINT('',(0.0104431854834922,0.107037152234588,-0.030516867429018));
#3744=CARTESIAN_POINT('',(0.0104668462333993,0.107207479513649,-0.030516867429018));
#3745=CARTESIAN_POINT('',(0.0104876936282133,0.107383900323102,-0.030516867429018));
#3746=CARTESIAN_POINT('',(0.0105040358789488,0.107548248056098,-0.030516867429018));
#3747=CARTESIAN_POINT('',(0.0105122863857587,0.107654714340159,-0.030516867429018));
#3748=CARTESIAN_POINT('',(0.0105156346130089,0.107699425759671,-0.030516867429018));
#3749=CARTESIAN_POINT('',(0.0105156346130089,0.107699425759671,-0.030516867429018));
#3750=CARTESIAN_POINT('',(0.,0.09434197732497,-0.030516867429018));
#3751=CARTESIAN_POINT('',(0.00945417857284148,0.10847061871446,-0.030516867429018));
#3752=CARTESIAN_POINT('',(0.00608796710855152,0.105259241473336,-0.030516867429018));
#3753=CARTESIAN_POINT('',(0.00646059255238397,0.105928348034659,-0.030516867429018));
#3754=CARTESIAN_POINT('',(0.00686032406395838,0.106646127728959,-0.030516867429018));
#3755=CARTESIAN_POINT('',(0.0068702123646367,0.106661447355878,-0.030516867429018));
#3756=CARTESIAN_POINT('',(0.00687869695568074,0.106675182849384,-0.030516867429018));
#3757=CARTESIAN_POINT('',(0.00688912997044931,0.106691070532421,-0.030516867429018));
#3758=CARTESIAN_POINT('',(0.00690354306712283,0.10671223102617,-0.030516867429018));
#3759=CARTESIAN_POINT('',(0.00692149157572077,0.106737428763107,-0.030516867429018));
#3760=CARTESIAN_POINT('',(0.00694335061241756,0.106766872330068,-0.030516867429018));
#3761=CARTESIAN_POINT('',(0.00696923089922889,0.106800307136133,-0.030516867429018));
#3762=CARTESIAN_POINT('',(0.00699931885759138,0.106837614215451,-0.030516867429018));
#3763=CARTESIAN_POINT('',(0.007033772449427,0.106878627313279,-0.030516867429018));
#3764=CARTESIAN_POINT('',(0.00707275215557379,0.10692318775595,-0.030516867429018));
#3765=CARTESIAN_POINT('',(0.00711641164220905,0.106971128384655,-0.030516867429018));
#3766=CARTESIAN_POINT('',(0.00716490030941175,0.107022278394443,-0.030516867429018));
#3767=CARTESIAN_POINT('',(0.00721836238584785,0.107076462093172,-0.030516867429018));
#3768=CARTESIAN_POINT('',(0.0072769370272059,0.107133499423993,-0.030516867429018));
#3769=CARTESIAN_POINT('',(0.00734075813180212,0.10719320598734,-0.030516867429018));
#3770=CARTESIAN_POINT('',(0.00740995424168541,0.107255393210372,-0.030516867429018));
#3771=CARTESIAN_POINT('',(0.00748464842415912,0.107319868478768,-0.030516867429018));
#3772=CARTESIAN_POINT('',(0.00756495816349443,0.107386435283096,-0.030516867429018));
#3773=CARTESIAN_POINT('',(0.00765099525446723,0.107454893364764,-0.030516867429018));
#3774=CARTESIAN_POINT('',(0.00774286570004376,0.107525038865666,-0.030516867429018));
#3775=CARTESIAN_POINT('',(0.00784066961292745,0.107596664480031,-0.030516867429018));
#3776=CARTESIAN_POINT('',(0.00794450111993256,0.107669559609483,-0.030516867429018));
#3777=CARTESIAN_POINT('',(0.00805444827410475,0.10774351051808,-0.030516867429018));
#3778=CARTESIAN_POINT('',(0.00817059295568619,0.107818300499014,-0.030516867429018));
#3779=CARTESIAN_POINT('',(0.00829301083504403,0.107893710007578,-0.030516867429018));
#3780=CARTESIAN_POINT('',(0.00842177111652803,0.107969516934514,-0.030516867429018));
#3781=CARTESIAN_POINT('',(0.00855693714332655,0.108045496350315,-0.030516867429018));
#3782=CARTESIAN_POINT('',(0.00869856371812853,0.108121422289309,-0.030516867429018));
#3783=CARTESIAN_POINT('',(0.00884670703349019,0.108197061723559,-0.030516867429018));
#3784=CARTESIAN_POINT('',(0.00900138632832275,0.108272198457774,-0.030516867429018));
#3785=CARTESIAN_POINT('',(0.00916273028947717,0.108346542536742,-0.030516867429018));
#3786=CARTESIAN_POINT('',(0.00931398423867776,0.108412871183277,-0.030516867429018));
#3787=CARTESIAN_POINT('',(0.00941269014508323,0.108453617772644,-0.030516867429018));
#3788=CARTESIAN_POINT('',(0.00945417857284148,0.10847061871446,-0.030516867429018));
#3789=CARTESIAN_POINT('',(0.00647515791006466,0.105954411103314,-0.030516867429018));
#3790=CARTESIAN_POINT('',(0.00575818386696121,0.106353865376994,-0.030516867429018));
#3791=CARTESIAN_POINT('',(0.00540340055438803,0.105613767885872,-0.030516867429018));
#3792=CARTESIAN_POINT('',(1.38777878078145E-17,0.09434197732497,-0.030516867429018));
#3793=CARTESIAN_POINT('',(0.00085,0.0958142205114035,-0.030516867429018));
#3794=CARTESIAN_POINT('',(-0.000966590212458499,0.0968630293595737,-0.030516867429018));
#3795=CARTESIAN_POINT('',(0.00266659021245848,0.0947654116632334,-0.030516867429018));
#3796=CARTESIAN_POINT('',(0.,0.09434197732497,-0.030516867429018));
#3797=CARTESIAN_POINT('',(0.000966590212458492,0.0918209252903663,-0.030516867429018));
#3798=CARTESIAN_POINT('',(-0.00085,0.0928697341385364,-0.030516867429018));
#3799=CARTESIAN_POINT('',(-0.00266659021245849,0.0939185429867066,-0.030516867429018));
#3800=CARTESIAN_POINT('',(-6.93889390390723E-18,0.09434197732497,-0.030516867429018));
#3801=CARTESIAN_POINT('',(0.,0.09434197732497,-0.0355168674290181));
#3802=CARTESIAN_POINT('',(0.000966590212458492,0.0918209252903663,-0.0355168674290181));
#3803=CARTESIAN_POINT('',(0.000966590212458492,0.0918209252903663,-0.0425168674290181));
#3804=CARTESIAN_POINT('',(0.00266659021245848,0.0947654116632334,-0.0355168674290181));
#3805=CARTESIAN_POINT('',(0.00266659021245848,0.0947654116632334,-0.0425168674290181));
#3806=CARTESIAN_POINT('',(0.,0.09434197732497,-0.0425168674290181));
#3807=CARTESIAN_POINT('',(-0.00085,0.0928697341385364,-0.0355168674290181));
#3808=CARTESIAN_POINT('',(-0.0026665902124585,0.0939185429867066,-0.0355168674290181));
#3809=CARTESIAN_POINT('',(-0.0026665902124585,0.0939185429867066,-0.0425168674290181));
#3810=CARTESIAN_POINT('',(-0.00085,0.0928697341385364,-0.0425168674290181));
#3811=CARTESIAN_POINT('',(-6.93889390390723E-18,0.09434197732497,-0.0355168674290181));
#3812=CARTESIAN_POINT('',(-0.000966590212458499,0.0968630293595737,-0.0355168674290181));
#3813=CARTESIAN_POINT('',(-0.000966590212458499,0.0968630293595737,-0.0425168674290181));
#3814=CARTESIAN_POINT('',(-6.93889390390723E-18,0.09434197732497,-0.0425168674290181));
#3815=CARTESIAN_POINT('',(0.00085,0.0958142205114035,-0.0355168674290181));
#3816=CARTESIAN_POINT('',(0.00085,0.0958142205114035,-0.0425168674290181));
#3817=CARTESIAN_POINT('',(0.,0.09434197732497,-0.0355168674290181));
#3818=CARTESIAN_POINT('',(0.,0.09434197732497,-0.0425168674290181));
#3819=CARTESIAN_POINT('',(-0.003,0.0891458249022634,-0.0425168674290181));
#3820=CARTESIAN_POINT('',(0.,0.09434197732497,-0.0370168674290181));
#3821=CARTESIAN_POINT('',(0.00519615242270663,0.09134197732497,-0.0370168674290181));
#3822=CARTESIAN_POINT('',(0.,0.09434197732497,-0.0425168674290181));
#3823=CARTESIAN_POINT('',(0.,0.09434197732497,-0.0370168674290181));
#3824=CARTESIAN_POINT('',(0.00575818386696121,0.106353865376994,-0.0370168674290181));
#3825=CARTESIAN_POINT('',(0.00647515791006466,0.105954411103314,-0.0370168674290181));
#3826=CARTESIAN_POINT('',(0.00540340055438803,0.105613767885872,-0.0370168674290181));
#3827=CARTESIAN_POINT('',(0.00608796710855152,0.105259241473336,-0.0370168674290181));
#3828=CARTESIAN_POINT('',(0.00646059255238397,0.105928348034659,-0.0370168674290181));
#3829=CARTESIAN_POINT('',(0.00686032406395838,0.106646127728959,-0.0370168674290181));
#3830=CARTESIAN_POINT('',(0.0068702123646367,0.106661447355878,-0.0370168674290181));
#3831=CARTESIAN_POINT('',(0.00687869695568074,0.106675182849384,-0.0370168674290181));
#3832=CARTESIAN_POINT('',(0.00688912997044931,0.106691070532421,-0.0370168674290181));
#3833=CARTESIAN_POINT('',(0.00690354306712283,0.10671223102617,-0.0370168674290181));
#3834=CARTESIAN_POINT('',(0.00692149157572077,0.106737428763107,-0.0370168674290181));
#3835=CARTESIAN_POINT('',(0.00694335061241756,0.106766872330068,-0.0370168674290181));
#3836=CARTESIAN_POINT('',(0.00696923089922889,0.106800307136133,-0.0370168674290181));
#3837=CARTESIAN_POINT('',(0.00699931885759138,0.106837614215451,-0.0370168674290181));
#3838=CARTESIAN_POINT('',(0.007033772449427,0.106878627313279,-0.0370168674290181));
#3839=CARTESIAN_POINT('',(0.00707275215557379,0.10692318775595,-0.0370168674290181));
#3840=CARTESIAN_POINT('',(0.00711641164220905,0.106971128384655,-0.0370168674290181));
#3841=CARTESIAN_POINT('',(0.00716490030941175,0.107022278394443,-0.0370168674290181));
#3842=CARTESIAN_POINT('',(0.00721836238584785,0.107076462093172,-0.0370168674290181));
#3843=CARTESIAN_POINT('',(0.0072769370272059,0.107133499423993,-0.0370168674290181));
#3844=CARTESIAN_POINT('',(0.00734075813180212,0.10719320598734,-0.0370168674290181));
#3845=CARTESIAN_POINT('',(0.00740995424168541,0.107255393210372,-0.0370168674290181));
#3846=CARTESIAN_POINT('',(0.00748464842415912,0.107319868478768,-0.0370168674290181));
#3847=CARTESIAN_POINT('',(0.00756495816349443,0.107386435283096,-0.0370168674290181));
#3848=CARTESIAN_POINT('',(0.00765099525446723,0.107454893364764,-0.0370168674290181));
#3849=CARTESIAN_POINT('',(0.00774286570004376,0.107525038865666,-0.0370168674290181));
#3850=CARTESIAN_POINT('',(0.00784066961292745,0.107596664480031,-0.0370168674290181));
#3851=CARTESIAN_POINT('',(0.00794450111993256,0.107669559609483,-0.0370168674290181));
#3852=CARTESIAN_POINT('',(0.00805444827410475,0.10774351051808,-0.0370168674290181));
#3853=CARTESIAN_POINT('',(0.00817059295568619,0.107818300499014,-0.0370168674290181));
#3854=CARTESIAN_POINT('',(0.00829301083504403,0.107893710007578,-0.0370168674290181));
#3855=CARTESIAN_POINT('',(0.00842177111652803,0.107969516934514,-0.0370168674290181));
#3856=CARTESIAN_POINT('',(0.00855693714332655,0.108045496350315,-0.0370168674290181));
#3857=CARTESIAN_POINT('',(0.00869856371812853,0.108121422289309,-0.0370168674290181));
#3858=CARTESIAN_POINT('',(0.00884670703349019,0.108197061723559,-0.0370168674290181));
#3859=CARTESIAN_POINT('',(0.00900138632832275,0.108272198457774,-0.0370168674290181));
#3860=CARTESIAN_POINT('',(0.00916273028947717,0.108346542536742,-0.0370168674290181));
#3861=CARTESIAN_POINT('',(0.00931398423867776,0.108412871183277,-0.0370168674290181));
#3862=CARTESIAN_POINT('',(0.00941269014508323,0.108453617772644,-0.0370168674290181));
#3863=CARTESIAN_POINT('',(0.00945417857284148,0.10847061871446,-0.0370168674290181));
#3864=CARTESIAN_POINT('',(0.00945417857284148,0.10847061871446,-0.0370168674290181));
#3865=CARTESIAN_POINT('',(0.,0.09434197732497,-0.0370168674290181));
#3866=CARTESIAN_POINT('',(0.0105156346130089,0.107699425759671,-0.0370168674290181));
#3867=CARTESIAN_POINT('',(0.00850164991068066,0.103505598268474,-0.0370168674290181));
#3868=CARTESIAN_POINT('',(0.00902286047124254,0.104066751423465,-0.0370168674290181));
#3869=CARTESIAN_POINT('',(0.0095819856965066,0.104668724806072,-0.0370168674290181));
#3870=CARTESIAN_POINT('',(0.00959349987456045,0.104682863163933,-0.0370168674290181));
#3871=CARTESIAN_POINT('',(0.00960394122234072,0.104695176990453,-0.0370168674290181));
#3872=CARTESIAN_POINT('',(0.00961582732795557,0.104710008941193,-0.0370168674290181));
#3873=CARTESIAN_POINT('',(0.00963149826161001,0.104730255562882,-0.0370168674290181));
#3874=CARTESIAN_POINT('',(0.00964991633933954,0.104755112137875,-0.0370168674290181));
#3875=CARTESIAN_POINT('',(0.00967116402174076,0.104784999879731,-0.0370168674290181));
#3876=CARTESIAN_POINT('',(0.00969496496347617,0.104819945418425,-0.0370168674290181));
#3877=CARTESIAN_POINT('',(0.0097211484139054,0.104860089288807,-0.0370168674290181));
#3878=CARTESIAN_POINT('',(0.00974950744245347,0.104905530346053,-0.0370168674290181));
#3879=CARTESIAN_POINT('',(0.00977984155018956,0.104956372183649,-0.0370168674290181));
#3880=CARTESIAN_POINT('',(0.00981194427417916,0.105012709291903,-0.0370168674290181));
#3881=CARTESIAN_POINT('',(0.00984560700209629,0.105074630977099,-0.0370168674290181));
#3882=CARTESIAN_POINT('',(0.00988061807167625,0.105142220116994,-0.0370168674290181));
#3883=CARTESIAN_POINT('',(0.0099167632372068,0.105215553415885,-0.0370168674290181));
#3884=CARTESIAN_POINT('',(0.00995382574742356,0.105294701236038,-0.0370168674290181));
#3885=CARTESIAN_POINT('',(0.00999158653721933,0.105379727555994,-0.0370168674290181));
#3886=CARTESIAN_POINT('',(0.0100298243896024,0.105470689898617,-0.0370168674290181));
#3887=CARTESIAN_POINT('',(0.010068316108359,0.105567639273332,-0.0370168674290181));
#3888=CARTESIAN_POINT('',(0.0101068366897649,0.105670620119983,-0.0370168674290181));
#3889=CARTESIAN_POINT('',(0.0101451594965225,0.105779670257761,-0.0370168674290181));
#3890=CARTESIAN_POINT('',(0.0101830564326004,0.105894820838499,-0.0370168674290181));
#3891=CARTESIAN_POINT('',(0.0102202981202555,0.106016096303641,-0.0370168674290181));
#3892=CARTESIAN_POINT('',(0.0102566540746406,0.10614351434857,-0.0370168674290181));
#3893=CARTESIAN_POINT('',(0.0102918928929463,0.106277085879939,-0.0370168674290181));
#3894=CARTESIAN_POINT('',(0.0103257823923199,0.106416815021497,-0.0370168674290181));
#3895=CARTESIAN_POINT('',(0.010358089948984,0.106562698954957,-0.0370168674290181));
#3896=CARTESIAN_POINT('',(0.0103885820681432,0.106714728416231,-0.0370168674290181));
#3897=CARTESIAN_POINT('',(0.0104170269087104,0.10687288569854,-0.0370168674290181));
#3898=CARTESIAN_POINT('',(0.0104431854834922,0.107037152234588,-0.0370168674290181));
#3899=CARTESIAN_POINT('',(0.0104668462333993,0.107207479513649,-0.0370168674290181));
#3900=CARTESIAN_POINT('',(0.0104876936282133,0.107383900323102,-0.0370168674290181));
#3901=CARTESIAN_POINT('',(0.0105040358789488,0.107548248056098,-0.0370168674290181));
#3902=CARTESIAN_POINT('',(0.0105122863857587,0.107654714340159,-0.0370168674290181));
#3903=CARTESIAN_POINT('',(0.0105156346130089,0.107699425759671,-0.0370168674290181));
#3904=CARTESIAN_POINT('',(0.00904314697946881,0.104088657832939,-0.0370168674290181));
#3905=CARTESIAN_POINT('',(0.00964460773325836,0.103530213156274,-0.0370168674290181));
#3906=CARTESIAN_POINT('',(0.00905036726453919,0.102964091472727,-0.0370168674290181));
#3907=CARTESIAN_POINT('',(2.08166817117217E-17,0.09434197732497,-0.0370168674290181));
#3908=CARTESIAN_POINT('',(0.00952090228647947,0.102441509388695,-0.0370168674290181));
#3909=CARTESIAN_POINT('',(0.0101460377392157,0.102973318716347,-0.0370168674290181));
#3910=CARTESIAN_POINT('',(0.0106385534292019,0.102316779463626,-0.0370168674290181));
#3911=CARTESIAN_POINT('',(0.0100020860695729,0.101839195092706,-0.0370168674290181));
#3912=CARTESIAN_POINT('',(0.0106146465078008,0.102298893930333,-0.0370168674290181));
#3913=CARTESIAN_POINT('',(0.0112717667178036,0.102792032856499,-0.0370168674290181));
#3914=CARTESIAN_POINT('',(0.0112870311835984,0.10280200609786,-0.0370168674290181));
#3915=CARTESIAN_POINT('',(0.0113003689717262,0.102811103101482,-0.0370168674290181));
#3916=CARTESIAN_POINT('',(0.0113163621078421,0.102821373732748,-0.0370168674290181));
#3917=CARTESIAN_POINT('',(0.0113381358750321,0.102834842471137,-0.0370168674290181));
#3918=CARTESIAN_POINT('',(0.0113647814964682,0.102850561433123,-0.0370168674290181));
#3919=CARTESIAN_POINT('',(0.0113967264977369,0.10286856859877,-0.0370168674290181));
#3920=CARTESIAN_POINT('',(0.0114339684769767,0.102888586352999,-0.0370168674290181));
#3921=CARTESIAN_POINT('',(0.0114766293508732,0.102910430190666,-0.0370168674290181));
#3922=CARTESIAN_POINT('',(0.0115247858029267,0.102933883981606,-0.0370168674290181));
#3923=CARTESIAN_POINT('',(0.0115785199012833,0.102958737496772,-0.0370168674290181));
#3924=CARTESIAN_POINT('',(0.0116379040373686,0.10298477552733,-0.0370168674290181));
#3925=CARTESIAN_POINT('',(0.0117030052223132,0.103011781268705,-0.0370168674290181));
#3926=CARTESIAN_POINT('',(0.011773883755128,0.103039535555056,-0.0370168674290181));
#3927=CARTESIAN_POINT('',(0.0118505935251419,0.103067817296548,-0.0370168674290181));
#3928=CARTESIAN_POINT('',(0.0119331818524929,0.103096403574444,-0.0370168674290181));
#3929=CARTESIAN_POINT('',(0.0120216894667013,0.10312506983612,-0.0370168674290181));
#3930=CARTESIAN_POINT('',(0.0121161504520415,0.103153590063658,-0.0370168674290181));
#3931=CARTESIAN_POINT('',(0.0122165922081484,0.103181736951598,-0.0370168674290181));
#3932=CARTESIAN_POINT('',(0.0123230354121243,0.103209282083582,-0.0370168674290181));
#3933=CARTESIAN_POINT('',(0.012435493985936,0.103235996110673,-0.0370168674290181));
#3934=CARTESIAN_POINT('',(0.0125539750682356,0.103261648930121,-0.0370168674290181));
#3935=CARTESIAN_POINT('',(0.0126784789900701,0.103286009865911,-0.0370168674290181));
#3936=CARTESIAN_POINT('',(0.0128089992576601,0.103308847846145,-0.0370168674290181));
#3937=CARTESIAN_POINT('',(0.0129455225297288,0.103329931595607,-0.0370168674290181));
#3938=CARTESIAN_POINT('',(0.0130880286377198,0.103349029772316,-0.0370168674290181));
#3939=CARTESIAN_POINT('',(0.0132364904629783,0.103365911321424,-0.0370168674290181));
#3940=CARTESIAN_POINT('',(0.0133908743853136,0.103380344995606,-0.0370168674290181));
#3941=CARTESIAN_POINT('',(0.0135511385609542,0.103392102074686,-0.0370168674290181));
#3942=CARTESIAN_POINT('',(0.0137172395433537,0.103400946821479,-0.0370168674290181));
#3943=CARTESIAN_POINT('',(0.0138891069735856,0.103406673906589,-0.0370168674290181));
#3944=CARTESIAN_POINT('',(0.0140667404775283,0.103408966101093,-0.0370168674290181));
#3945=CARTESIAN_POINT('',(0.0142318961268027,0.103408039811297,-0.0370168674290181));
#3946=CARTESIAN_POINT('',(0.0143386415902178,0.103405116363905,-0.0370168674290181));
#3947=CARTESIAN_POINT('',(0.0143834580609445,0.103403772633244,-0.0370168674290181));
#3948=CARTESIAN_POINT('',(0.0143834580609445,0.103403772633244,-0.0370168674290181));
#3949=CARTESIAN_POINT('',(0.,0.09434197732497,-0.0370168674290181));
#3950=CARTESIAN_POINT('',(0.0150394739713318,0.102267519745879,-0.0370168674290181));
#3951=CARTESIAN_POINT('',(0.0114938240793498,0.0992554290681906,-0.0370168674290181));
#3952=CARTESIAN_POINT('',(0.0121982151699389,0.0995560725502359,-0.0370168674290181));
#3953=CARTESIAN_POINT('',(0.0129538461125949,0.0998785858823554,-0.0370168674290181));
#3954=CARTESIAN_POINT('',(0.0129701154258694,0.0998868186768283,-0.0370168674290181));
#3955=CARTESIAN_POINT('',(0.0129846625561679,0.0998938210383665,-0.0370168674290181));
#3956=CARTESIAN_POINT('',(0.0130015537518155,0.0999025361848958,-0.0370168674290181));
#3957=CARTESIAN_POINT('',(0.0130241049050121,0.0999146584512241,-0.0370168674290181));
#3958=CARTESIAN_POINT('',(0.0130510407361315,0.0999298747552941,-0.0370168674290181));
#3959=CARTESIAN_POINT('',(0.0130826078996663,0.0999485363550932,-0.0370168674290181));
#3960=CARTESIAN_POINT('',(0.0131185647729749,0.0999707799780878,-0.0370168674290181));
#3961=CARTESIAN_POINT('',(0.0131588125282594,0.0999968034597961,-0.0370168674290181));
#3962=CARTESIAN_POINT('',(0.0132032023330546,0.100026781275161,-0.0370168674290181));
#3963=CARTESIAN_POINT('',(0.0132515931577403,0.100060889611804,-0.0370168674290181));
#3964=CARTESIAN_POINT('',(0.0133038348217106,0.100099298766957,-0.0370168674290181));
#3965=CARTESIAN_POINT('',(0.0133597730722616,0.100142175176248,-0.0370168674290181));
#3966=CARTESIAN_POINT('',(0.0134192482557126,0.100189680643073,-0.0370168674290181));
#3967=CARTESIAN_POINT('',(0.0134820958473153,0.100241972381877,-0.0370168674290181));
#3968=CARTESIAN_POINT('',(0.0135481464538486,0.100299202832471,-0.0370168674290181));
#3969=CARTESIAN_POINT('',(0.0136172259717957,0.100361519543966,-0.0370168674290181));
#3970=CARTESIAN_POINT('',(0.0136891557060348,0.100429065043168,-0.0370168674290181));
#3971=CARTESIAN_POINT('',(0.0137637525040818,0.100501976711588,-0.0370168674290181));
#3972=CARTESIAN_POINT('',(0.0138408288901185,0.100580386664299,-0.0370168674290181));
#3973=CARTESIAN_POINT('',(0.013920193203123,0.100664421632548,-0.0370168674290181));
#3974=CARTESIAN_POINT('',(0.0140016497375932,0.100754202849963,-0.0370168674290181));
#3975=CARTESIAN_POINT('',(0.0140849988877648,0.100849845941247,-0.0370168674290181));
#3976=CARTESIAN_POINT('',(0.0141700372926134,0.100951460818572,-0.0370168674290181));
#3977=CARTESIAN_POINT('',(0.0142565579912886,0.101059151565661,-0.0370168674290181));
#3978=CARTESIAN_POINT('',(0.0143443505514804,0.101173016387021,-0.0370168674290181));
#3979=CARTESIAN_POINT('',(0.0144332013144927,0.101293147324632,-0.0370168674290181));
#3980=CARTESIAN_POINT('',(0.0145228932041716,0.10141963088622,-0.0370168674290181));
#3981=CARTESIAN_POINT('',(0.0146132072211494,0.101552545194101,-0.0370168674290181));
#3982=CARTESIAN_POINT('',(0.0147039174877617,0.101691970491056,-0.0370168674290181));
#3983=CARTESIAN_POINT('',(0.0147948110040731,0.101837948509165,-0.0370168674290181));
#3984=CARTESIAN_POINT('',(0.0148856128547148,0.101990637538891,-0.0370168674290181));
#3985=CARTESIAN_POINT('',(0.0149673884888577,0.102134129671639,-0.0370168674290181));
#3986=CARTESIAN_POINT('',(0.0150182294408568,0.102228035678391,-0.0370168674290181));
#3987=CARTESIAN_POINT('',(0.0150394739713318,0.102267519745879,-0.0370168674290181));
#3988=CARTESIAN_POINT('',(0.0122256579568319,0.0995678337848487,-0.0370168674290181));
#3989=CARTESIAN_POINT('',(0.0125479797832762,0.0988130330591982,-0.0370168674290181));
#3990=CARTESIAN_POINT('',(0.0117748516691923,0.0985375545401481,-0.0370168674290181));
#3991=CARTESIAN_POINT('',(5.55111512312578E-17,0.09434197732497,-0.0370168674290181));
#3992=CARTESIAN_POINT('',(0.0119921535185567,0.0978687682157612,-0.0370168674290181));
#3993=CARTESIAN_POINT('',(0.0127795495125007,0.0981003347158556,-0.0370168674290181));
#3994=CARTESIAN_POINT('',(0.0129624464122063,0.0973002320853619,-0.0370168674290181));
#3995=CARTESIAN_POINT('',(0.0121867534830658,0.0971228116499492,-0.0370168674290181));
#3996=CARTESIAN_POINT('',(0.0129333316509827,0.0972936166586211,-0.0370168674290181));
#3997=CARTESIAN_POINT('',(0.0137342185053546,0.0974768466162929,-0.0370168674290181));
#3998=CARTESIAN_POINT('',(0.0137522197714568,0.0974797490080608,-0.0370168674290181));
#3999=CARTESIAN_POINT('',(0.013768104531931,0.0974826345672283,-0.0370168674290181));
#4000=CARTESIAN_POINT('',(0.0137868924308668,0.0974855122612729,-0.0370168674290181));
#4001=CARTESIAN_POINT('',(0.0138122619864177,0.0974889603770741,-0.0370168674290181));
#4002=CARTESIAN_POINT('',(0.0138429974506776,0.0974924826127801,-0.0370168674290181));
#4003=CARTESIAN_POINT('',(0.0138795048355876,0.0974959397745829,-0.0370168674290181));
#4004=CARTESIAN_POINT('',(0.0139216690307126,0.0974990792254131,-0.0370168674290181));
#4005=CARTESIAN_POINT('',(0.0139695263674846,0.0975016828234524,-0.0370168674290181));
#4006=CARTESIAN_POINT('',(0.0140230589917083,0.0975035219339788,-0.0370168674290181));
#4007=CARTESIAN_POINT('',(0.0140822563685099,0.0975043711230812,-0.0370168674290181));
#4008=CARTESIAN_POINT('',(0.014147097097428,0.0975040043434601,-0.0370168674290181));
#4009=CARTESIAN_POINT('',(0.0142175542138119,0.0975021962783987,-0.0370168674290181));
#4010=CARTESIAN_POINT('',(0.0142935936607706,0.0974987221841213,-0.0370168674290181));
#4011=CARTESIAN_POINT('',(0.0143751747433186,0.0974933581662494,-0.0370168674290181));
#4012=CARTESIAN_POINT('',(0.0144622500213339,0.0974858813315485,-0.0370168674290181));
#4013=CARTESIAN_POINT('',(0.0145547653693044,0.0974760699748003,-0.0370168674290181));
#4014=CARTESIAN_POINT('',(0.0146526599949947,0.0974637037550391,-0.0370168674290181));
#4015=CARTESIAN_POINT('',(0.0147558664757575,0.0974485638739599,-0.0370168674290181));
#4016=CARTESIAN_POINT('',(0.0148643107957628,0.0974304332527007,-0.0370168674290181));
#4017=CARTESIAN_POINT('',(0.0149779123887438,0.0974090967080082,-0.0370168674290181));
#4018=CARTESIAN_POINT('',(0.0150965841849628,0.0973843411270079,-0.0370168674290181));
#4019=CARTESIAN_POINT('',(0.0152202326624588,0.0973559556420262,-0.0370168674290181));
#4020=CARTESIAN_POINT('',(0.0153487579034609,0.0973237317996377,-0.0370168674290181));
#4021=CARTESIAN_POINT('',(0.0154820536520014,0.0972874637458055,-0.0370168674290181));
#4022=CARTESIAN_POINT('',(0.0156200073879264,0.0972469483424055,-0.0370168674290181));
#4023=CARTESIAN_POINT('',(0.0157625003586389,0.0972019855404809,-0.0370168674290181));
#4024=CARTESIAN_POINT('',(0.0159094077938053,0.0971523777596511,-0.0370168674290181));
#4025=CARTESIAN_POINT('',(0.0160605984383619,0.0970979330730343,-0.0370168674290181));
#4026=CARTESIAN_POINT('',(0.0162159367189623,0.0970384537952981,-0.0370168674290181));
#4027=CARTESIAN_POINT('',(0.0163752748445398,0.0969737809662599,-0.0370168674290181));
#4028=CARTESIAN_POINT('',(0.0165384834446894,0.096903624935045,-0.0370168674290181));
#4029=CARTESIAN_POINT('',(0.0166889838818861,0.0968356038728389,-0.0370168674290181));
#4030=CARTESIAN_POINT('',(0.0167853116419344,0.0967895158792999,-0.0370168674290181));
#4031=CARTESIAN_POINT('',(0.016825706980696,0.0967700598194003,-0.0370168674290181));
#4032=CARTESIAN_POINT('',(0.016825706980696,0.0967700598194003,-0.0370168674290181));
#4033=CARTESIAN_POINT('',(0.,0.09434197732497,-0.0370168674290181));
#4034=CARTESIAN_POINT('',(0.0169628516506798,0.09546521544622,-0.0370168674290181));
#4035=CARTESIAN_POINT('',(0.0124986116465857,0.0941556794241968,-0.0370168674290181));
#4036=CARTESIAN_POINT('',(0.0132643876484469,0.0941438292439904,-0.0370168674290181));
#4037=CARTESIAN_POINT('',(0.014085868853818,0.0941311170405573,-0.0370168674290181));
#4038=CARTESIAN_POINT('',(0.0141040801902459,0.0941320207466853,-0.0370168674290181));
#4039=CARTESIAN_POINT('',(0.0141202177720775,0.0941325008713172,-0.0370168674290181));
#4040=CARTESIAN_POINT('',(0.0141391934165788,0.0941335922856265,-0.0370168674290181));
#4041=CARTESIAN_POINT('',(0.0141647254900589,0.0941354941466184,-0.0370168674290181));
#4042=CARTESIAN_POINT('',(0.0141955216246634,0.0941384391425557,-0.0370168674290181));
#4043=CARTESIAN_POINT('',(0.014231950019978,0.0941426478401569,-0.0370168674290181));
#4044=CARTESIAN_POINT('',(0.0142738455548068,0.0941483434229601,-0.0370168674290181));
#4045=CARTESIAN_POINT('',(0.0143211984124184,0.0941557468195911,-0.0370168674290181));
#4046=CARTESIAN_POINT('',(0.0143739435929429,0.0941650779564584,-0.0370168674290181));
#4047=CARTESIAN_POINT('',(0.0144320239213732,0.0941765551508782,-0.0370168674290181));
#4048=CARTESIAN_POINT('',(0.0144953714670231,0.0941903950610678,-0.0370168674290181));
#4049=CARTESIAN_POINT('',(0.0145639130085046,0.094206812473767,-0.0370168674290181));
#4050=CARTESIAN_POINT('',(0.0146375685062931,0.0942260201407352,-0.0370168674290181));
#4051=CARTESIAN_POINT('',(0.0147162516044273,0.0942482286027582,-0.0370168674290181));
#4052=CARTESIAN_POINT('',(0.0147998695573566,0.0942736460189626,-0.0370168674290181));
#4053=CARTESIAN_POINT('',(0.0148883233272343,0.0943024779964489,-0.0370168674290181));
#4054=CARTESIAN_POINT('',(0.0149815076388184,0.0943349274217877,-0.0370168674290181));
#4055=CARTESIAN_POINT('',(0.0150793110520828,0.0943711942940594,-0.0370168674290181));
#4056=CARTESIAN_POINT('',(0.0151816160353876,0.0944114755596758,-0.0370168674290181));
#4057=CARTESIAN_POINT('',(0.0152882990439182,0.0944559649489511,-0.0370168674290181));
#4058=CARTESIAN_POINT('',(0.0153992306019616,0.0945048528149155,-0.0370168674290181));
#4059=CARTESIAN_POINT('',(0.0155142753893816,0.0945583259729693,-0.0370168674290181));
#4060=CARTESIAN_POINT('',(0.0156332923319459,0.0946165675472575,-0.0370168674290181));
#4061=CARTESIAN_POINT('',(0.0157561346961738,0.0946797568015546,-0.0370168674290181));
#4062=CARTESIAN_POINT('',(0.0158826501859561,0.0947480690406739,-0.0370168674290181));
#4063=CARTESIAN_POINT('',(0.016012681051208,0.0948216752519692,-0.0370168674290181));
#4064=CARTESIAN_POINT('',(0.0161460641688558,0.0949007427570047,-0.0370168674290181));
#4065=CARTESIAN_POINT('',(0.0162826312482318,0.0949854319991372,-0.0370168674290181));
#4066=CARTESIAN_POINT('',(0.0164222085775004,0.0950759081565166,-0.0370168674290181));
#4067=CARTESIAN_POINT('',(0.0165646185455042,0.0951722959881736,-0.0370168674290181));
#4068=CARTESIAN_POINT('',(0.0167096743870887,0.0952748519177966,-0.0370168674290181));
#4069=CARTESIAN_POINT('',(0.0168427436545875,0.0953726773569591,-0.0370168674290181));
#4070=CARTESIAN_POINT('',(0.0169273841892997,0.0954377858847263,-0.0370168674290181));
#4071=CARTESIAN_POINT('',(0.0169628516506798,0.09546521544622,-0.0370168674290181));
#4072=CARTESIAN_POINT('',(0.013294241606843,0.0941434116794297,-0.0370168674290181));
#4073=CARTESIAN_POINT('',(0.013281692133948,0.0933227668074083,-0.0370168674290181));
#4074=CARTESIAN_POINT('',(0.0124633572490729,0.093385564191442,-0.0370168674290181));
#4075=CARTESIAN_POINT('',(4.85722573273506E-17,0.09434197732497,-0.0370168674290181));
#4076=CARTESIAN_POINT('',(0.0123898524619809,0.0926862128579202,-0.0370168674290181));
#4077=CARTESIAN_POINT('',(0.0132033610765116,0.0925774965788756,-0.0370168674290181));
#4078=CARTESIAN_POINT('',(0.0130450146504115,0.0917721755841249,-0.0370168674290181));
#4079=CARTESIAN_POINT('',(0.0122642205061569,0.0919255966893169,-0.0370168674290181));
#4080=CARTESIAN_POINT('',(0.0130157262560803,0.0917779741313195,-0.0370168674290181));
#4081=CARTESIAN_POINT('',(0.0138218991418717,0.0916196129962238,-0.0370168674290181));
#4082=CARTESIAN_POINT('',(0.0138395246258358,0.0916149426884942,-0.0370168674290181));
#4083=CARTESIAN_POINT('',(0.0138552097392619,0.0916111178638131,-0.0370168674290181));
#4084=CARTESIAN_POINT('',(0.0138735438026088,0.0916061050411924,-0.0370168674290181));
#4085=CARTESIAN_POINT('',(0.0138981225198906,0.0915989363238589,-0.0370168674290181));
#4086=CARTESIAN_POINT('',(0.0139276333859811,0.0915896528067325,-0.0370168674290181));
#4087=CARTESIAN_POINT('',(0.0139623906960222,0.091577962190008,-0.0370168674290181));
#4088=CARTESIAN_POINT('',(0.0140021865346456,0.0915636804978703,-0.0370168674290181));
#4089=CARTESIAN_POINT('',(0.014046965365995,0.0915465936705274,-0.0370168674290181));
#4090=CARTESIAN_POINT('',(0.014096617885332,0.0915265001017231,-0.0370168674290181));
#4091=CARTESIAN_POINT('',(0.0141510427763383,0.0915031981322511,-0.0370168674290181));
#4092=CARTESIAN_POINT('',(0.0142101285469998,0.0914764899619795,-0.0370168674290181));
#4093=CARTESIAN_POINT('',(0.0142737589193174,0.0914461807213568,-0.0370168674290181));
#4094=CARTESIAN_POINT('',(0.014341811369244,0.091412078948913,-0.0370168674290181));
#4095=CARTESIAN_POINT('',(0.0144141576540127,0.0913739966590973,-0.0370168674290181));
#4096=CARTESIAN_POINT('',(0.0144906637760695,0.0913317495244439,-0.0370168674290181));
#4097=CARTESIAN_POINT('',(0.0145711901136624,0.0912851570219868,-0.0370168674290181));
#4098=CARTESIAN_POINT('',(0.0146555915095761,0.0912340425866672,-0.0370168674290181));
#4099=CARTESIAN_POINT('',(0.0147437173768696,0.091178233759549,-0.0370168674290181));
#4100=CARTESIAN_POINT('',(0.0148354118047898,0.0911175623341738,-0.0370168674290181));
#4101=CARTESIAN_POINT('',(0.0149305136694754,0.091051864500111,-0.0370168674290181));
#4102=CARTESIAN_POINT('',(0.0150288567479481,0.090980980983515,-0.0370168674290181));
#4103=CARTESIAN_POINT('',(0.0151302698360355,0.0909047571859889,-0.0370168674290181));
#4104=CARTESIAN_POINT('',(0.0152345768686653,0.0908230433160713,-0.0370168674290181));
#4105=CARTESIAN_POINT('',(0.0153415970478009,0.0907356945349378,-0.0370168674290181));
#4106=CARTESIAN_POINT('',(0.0154511449574483,0.0906425710327473,-0.0370168674290181));
#4107=CARTESIAN_POINT('',(0.0155630307444706,0.0905435383567166,-0.0370168674290181));
#4108=CARTESIAN_POINT('',(0.0156770600623155,0.0904384667568534,-0.0370168674290181));
#4109=CARTESIAN_POINT('',(0.0157930349398205,0.0903272342854704,-0.0370168674290181));
#4110=CARTESIAN_POINT('',(0.0159107511187019,0.0902097154906781,-0.0370168674290181));
#4111=CARTESIAN_POINT('',(0.0160300089301714,0.0900858252671659,-0.0370168674290181));
#4112=CARTESIAN_POINT('',(0.0161505723768584,0.0899553516253774,-0.0370168674290181));
#4113=CARTESIAN_POINT('',(0.0162603947091325,0.0898319972503682,-0.0370168674290181));
#4114=CARTESIAN_POINT('',(0.0163296488209913,0.0897507137434617,-0.0370168674290181));
#4115=CARTESIAN_POINT('',(0.0163586383067359,0.0897165094838329,-0.0370168674290181));
#4116=CARTESIAN_POINT('',(0.0163586383067359,0.0897165094838329,-0.0370168674290181));
#4117=CARTESIAN_POINT('',(0.,0.09434197732497,-0.0370168674290181));
#4118=CARTESIAN_POINT('',(0.0159531981769558,0.0884686930710986,-0.0370168674290181));
#4119=CARTESIAN_POINT('',(0.0113422757138047,0.0890881423797099,-0.0370168674290181));
#4120=CARTESIAN_POINT('',(0.0120370269993598,0.088765847541065,-0.0370168674290181));
#4121=CARTESIAN_POINT('',(0.0127823169041148,0.0884201078575396,-0.0370168674290181));
#4122=CARTESIAN_POINT('',(0.0127993213581829,0.0884135262163233,-0.0370168674290181));
#4123=CARTESIAN_POINT('',(0.0128142590570435,0.0884074010861384,-0.0370168674290181));
#4124=CARTESIAN_POINT('',(0.012832038089076,0.0884006800527784,-0.0370168674290181));
#4125=CARTESIAN_POINT('',(0.0128561363553834,0.0883920326593905,-0.0370168674290181));
#4126=CARTESIAN_POINT('',(0.0128854678620256,0.0883821971306431,-0.0370168674290181));
#4127=CARTESIAN_POINT('',(0.0129204586886285,0.0883712252039963,-0.0370168674290181));
#4128=CARTESIAN_POINT('',(0.0129610487663966,0.0883593879285987,-0.0370168674290181));
#4129=CARTESIAN_POINT('',(0.0130073189870671,0.0883468911256171,-0.0370168674290181));
#4130=CARTESIAN_POINT('',(0.0130592994224333,0.0883339621456519,-0.0370168674290181));
#4131=CARTESIAN_POINT('',(0.0131170266381794,0.088320823686666,-0.0370168674290181));
#4132=CARTESIAN_POINT('',(0.0131805266993717,0.0883077013056892,-0.0370168674290181));
#4133=CARTESIAN_POINT('',(0.0132498200765812,0.0882948210019934,-0.0370168674290181));
#4134=CARTESIAN_POINT('',(0.0133249201840002,0.0882824096889895,-0.0370168674290181));
#4135=CARTESIAN_POINT('',(0.0134058337661852,0.08827069482939,-0.0370168674290181));
#4136=CARTESIAN_POINT('',(0.0134925607618037,0.0882599043090332,-0.0370168674290181));
#4137=CARTESIAN_POINT('',(0.0135850943232228,0.0882502662416732,-0.0370168674290181));
#4138=CARTESIAN_POINT('',(0.0136834207981261,0.0882420087927136,-0.0370168674290181));
#4139=CARTESIAN_POINT('',(0.0137875197279384,0.0882353599971478,-0.0370168674290181));
#4140=CARTESIAN_POINT('',(0.0138973638474864,0.0882305475789004,-0.0370168674290181));
#4141=CARTESIAN_POINT('',(0.0140129190901835,0.0882277987696231,-0.0370168674290181));
#4142=CARTESIAN_POINT('',(0.0141341445976328,0.088227340127979,-0.0370168674290181));
#4143=CARTESIAN_POINT('',(0.0142609927334072,0.0882293973579863,-0.0370168674290181));
#4144=CARTESIAN_POINT('',(0.0143934091030827,0.0882341951319355,-0.0370168674290181));
#4145=CARTESIAN_POINT('',(0.0145313325721005,0.0882419568973169,-0.0370168674290181));
#4146=CARTESIAN_POINT('',(0.0146746953139329,0.0882529047474545,-0.0370168674290181));
#4147=CARTESIAN_POINT('',(0.0148234227635288,0.0882672590498089,-0.0370168674290181));
#4148=CARTESIAN_POINT('',(0.0149774339563568,0.0882852390083662,-0.0370168674290181));
#4149=CARTESIAN_POINT('',(0.0151366404094338,0.0883070596454075,-0.0370168674290181));
#4150=CARTESIAN_POINT('',(0.0153009506131079,0.0883329425136502,-0.0370168674290181));
#4151=CARTESIAN_POINT('',(0.0154702530555824,0.088363073827106,-0.0370168674290181));
#4152=CARTESIAN_POINT('',(0.0156444814153087,0.0883977638047028,-0.0370168674290181));
#4153=CARTESIAN_POINT('',(0.0158058354309165,0.0884330076431326,-0.0370168674290181));
#4154=CARTESIAN_POINT('',(0.0159096404309549,0.0884580608359711,-0.0370168674290181));
#4155=CARTESIAN_POINT('',(0.0159531981769558,0.0884686930710986,-0.0370168674290181));
#4156=CARTESIAN_POINT('',(0.0120641301086374,0.0887533233780369,-0.0370168674290181));
#4157=CARTESIAN_POINT('',(0.011718879254275,0.0880087313133417,-0.0370168674290181));
#4158=CARTESIAN_POINT('',(0.0109968351345427,0.0883989463622634,-0.0370168674290181));
#4159=CARTESIAN_POINT('',(5.55111512312578E-17,0.09434197732497,-0.0370168674290181));
#4160=CARTESIAN_POINT('',(0.0106452333564527,0.0877899542185801,-0.0370168674290181));
#4161=CARTESIAN_POINT('',(0.011344191561624,0.0873597531926996,-0.0370168674290181));
#4162=CARTESIAN_POINT('',(0.0108719813453229,0.0866884611497959,-0.0370168674290181));
#4163=CARTESIAN_POINT('',(0.010221092386788,0.0871461958927179,-0.0370168674290181));
#4164=CARTESIAN_POINT('',(0.0108475835473406,0.0867056710494378,-0.0370168674290181));
#4165=CARTESIAN_POINT('',(0.0115196478487476,0.0862331009004985,-0.0370168674290181));
#4166=CARTESIAN_POINT('',(0.0115338499442736,0.0862216654319062,-0.0370168674290181));
#4167=CARTESIAN_POINT('',(0.0115466233120455,0.0862117915703113,-0.0370168674290181));
#4168=CARTESIAN_POINT('',(0.0115613334136911,0.0861997549935965,-0.0370168674290181));
#4169=CARTESIAN_POINT('',(0.0115808714091952,0.0861832089794811,-0.0370168674290181));
#4170=CARTESIAN_POINT('',(0.0116040549802713,0.0861627249139713,-0.0370168674290181));
#4171=CARTESIAN_POINT('',(0.0116310523607773,0.0861379079325572,-0.0370168674290181));
#4172=CARTESIAN_POINT('',(0.0116615987808672,0.0861086745317673,-0.0370168674290181));
#4173=CARTESIAN_POINT('',(0.0116955564400507,0.0860748517467187,-0.0370168674290181));
#4174=CARTESIAN_POINT('',(0.0117327434828286,0.0860362998591743,-0.0370168674290181));
#4175=CARTESIAN_POINT('',(0.01177298532995,0.0859928758533414,-0.0370168674290181));
#4176=CARTESIAN_POINT('',(0.0118160996758303,0.0859444443776954,-0.0370168674290181));
#4177=CARTESIAN_POINT('',(0.0118619010346441,0.0858908747045659,-0.0370168674290181));
#4178=CARTESIAN_POINT('',(0.0119101996007092,0.085832041760216,-0.0370168674290181));
#4179=CARTESIAN_POINT('',(0.0119608017578167,0.0857678259723324,-0.0370168674290181));
#4180=CARTESIAN_POINT('',(0.012013510120375,0.0856981134511113,-0.0370168674290181));
#4181=CARTESIAN_POINT('',(0.0120681237122617,0.0856227960698997,-0.0370168674290181));
#4182=CARTESIAN_POINT('',(0.0121244381102828,0.0855417715692487,-0.0370168674290181));
#4183=CARTESIAN_POINT('',(0.0121822456010535,0.0854549436493074,-0.0370168674290181));
#4184=CARTESIAN_POINT('',(0.0122413353372834,0.0853622220604462,-0.0370168674290181));
#4185=CARTESIAN_POINT('',(0.0123014934972962,0.0852635226893686,-0.0370168674290181));
#4186=CARTESIAN_POINT('',(0.0123625034463359,0.085158767641153,-0.0370168674290181));
#4187=CARTESIAN_POINT('',(0.0124241459007754,0.085047885318146,-0.0370168674290181));
#4188=CARTESIAN_POINT('',(0.0124861990914915,0.0849308104911554,-0.0370168674290181));
#4189=CARTESIAN_POINT('',(0.0125484389400019,0.0848074843805173,-0.0370168674290181));
#4190=CARTESIAN_POINT('',(0.0126106391945821,0.0846778546790654,-0.0370168674290181));
#4191=CARTESIAN_POINT('',(0.0126725717288875,0.084541875778298,-0.0370168674290181));
#4192=CARTESIAN_POINT('',(0.0127340062244319,0.0843995081935633,-0.0370168674290181));
#4193=CARTESIAN_POINT('',(0.0127947122249659,0.0842507210422315,-0.0370168674290181));
#4194=CARTESIAN_POINT('',(0.012854452105382,0.0840954827976274,-0.0370168674290181));
#4195=CARTESIAN_POINT('',(0.012913008843717,0.0839337969247938,-0.0370168674290181));
#4196=CARTESIAN_POINT('',(0.0129700806217247,0.0837655657504127,-0.0370168674290181));
#4197=CARTESIAN_POINT('',(0.0130202355701215,0.0836082071546788,-0.0370168674290181));
#4198=CARTESIAN_POINT('',(0.0130504413686966,0.0835057827911865,-0.0370168674290181));
#4199=CARTESIAN_POINT('',(0.0130630124559777,0.0834627445590544,-0.0370168674290181));
#4200=CARTESIAN_POINT('',(0.0130630124559777,0.0834627445590544,-0.0370168674290181));
#4201=CARTESIAN_POINT('',(0.,0.09434197732497,-0.0370168674290181));
#4202=CARTESIAN_POINT('',(0.0121850918081806,0.082487714900584,-0.0370168674290181));
#4203=CARTESIAN_POINT('',(0.00822475726876687,0.0849290411268506,-0.0370168674290181));
#4204=CARTESIAN_POINT('',(0.00872835502912597,0.0843520293353256,-0.0370168674290181));
#4205=CARTESIAN_POINT('',(0.00926858623798663,0.0837330437039358,-0.0370168674290181));
#4206=CARTESIAN_POINT('',(0.00928144358510599,0.0837201147409338,-0.0370168674290181));
#4207=CARTESIAN_POINT('',(0.00929259853715792,0.0837084434465861,-0.0370168674290181));
#4208=CARTESIAN_POINT('',(0.00930610680056556,0.0836950720932834,-0.0370168674290181));
#4209=CARTESIAN_POINT('',(0.00932460445052983,0.0836773706583917,-0.0370168674290181));
#4210=CARTESIAN_POINT('',(0.00934739964524304,0.0836564552572329,-0.0370168674290181));
#4211=CARTESIAN_POINT('',(0.0093749026713329,0.0836321998521323,-0.0370168674290181));
#4212=CARTESIAN_POINT('',(0.0094071688988449,0.0836048764909884,-0.0370168674290181));
#4213=CARTESIAN_POINT('',(0.00944435594106861,0.0835746402991595,-0.0370168674290181));
#4214=CARTESIAN_POINT('',(0.00948658374177432,0.0835416867404539,-0.0370168674290181));
#4215=CARTESIAN_POINT('',(0.00953397628479841,0.0835062043869803,-0.0370168674290181));
#4216=CARTESIAN_POINT('',(0.00958664912407298,0.083468388693721,-0.0370168674290181));
#4217=CARTESIAN_POINT('',(0.00964471288258045,0.083428437795153,-0.0370168674290181));
#4218=CARTESIAN_POINT('',(0.00970827210879419,0.0833865535309487,-0.0370168674290181));
#4219=CARTESIAN_POINT('',(0.00977742548159318,0.0833429409553775,-0.0370168674290181));
#4220=CARTESIAN_POINT('',(0.00985226563446855,0.083297808277458,-0.0370168674290181));
#4221=CARTESIAN_POINT('',(0.00993287909401874,0.0832513666746573,-0.0370168674290181));
#4222=CARTESIAN_POINT('',(0.0100193461914624,0.0832038301393409,-0.0370168674290181));
#4223=CARTESIAN_POINT('',(0.0101117409871489,0.0831554153130934,-0.0370168674290181));
#4224=CARTESIAN_POINT('',(0.0102101311967678,0.0831063413218166,-0.0370168674290181));
#4225=CARTESIAN_POINT('',(0.0103145781223826,0.083056829608083,-0.0370168674290181));
#4226=CARTESIAN_POINT('',(0.0104251365877006,0.0830071037621373,-0.0370168674290181));
#4227=CARTESIAN_POINT('',(0.0105418548767749,0.0829573893503404,-0.0370168674290181));
#4228=CARTESIAN_POINT('',(0.0106647746802799,0.0829079137452485,-0.0370168674290181));
#4229=CARTESIAN_POINT('',(0.010793931033299,0.0828589059419663,-0.0370168674290181));
#4230=CARTESIAN_POINT('',(0.0109293523067091,0.0828105964203754,-0.0370168674290181));
#4231=CARTESIAN_POINT('',(0.0110710600134675,0.082763216824507,-0.0370168674290181));
#4232=CARTESIAN_POINT('',(0.0112190693470878,0.0827170003384086,-0.0370168674290181));
#4233=CARTESIAN_POINT('',(0.0113733869317837,0.08267217938398,-0.0370168674290181));
#4234=CARTESIAN_POINT('',(0.0115340192829367,0.0826289935800284,-0.0370168674290181));
#4235=CARTESIAN_POINT('',(0.0117009402695135,0.0825876583974522,-0.0370168674290181));
#4236=CARTESIAN_POINT('',(0.0118742154811701,0.0825484842107477,-0.0370168674290181));
#4237=CARTESIAN_POINT('',(0.0120359546697331,0.0825150524686001,-0.0370168674290181));
#4238=CARTESIAN_POINT('',(0.0121409753075522,0.0824957184018671,-0.0370168674290181));
#4239=CARTESIAN_POINT('',(0.0121850918081806,0.082487714900584,-0.0370168674290181));
#4240=CARTESIAN_POINT('',(0.00874802091546716,0.084329564115396,-0.0370168674290181));
#4241=CARTESIAN_POINT('',(0.00812976568886219,0.0837897715904194,-0.0370168674290181));
#4242=CARTESIAN_POINT('',(0.00762886032213926,0.0844399325772781,-0.0370168674290181));
#4243=CARTESIAN_POINT('',(4.16333634234433E-17,0.09434197732497,-0.0370168674290181));
#4244=CARTESIAN_POINT('',(0.00705995669468475,0.0840265998975961,-0.0370168674290181));
#4245=CARTESIAN_POINT('',(0.00752350826698663,0.0833492997905081,-0.0370168674290181));
#4246=CARTESIAN_POINT('',(0.0068190836967782,0.0829281091921662,-0.0370168674290181));
#4247=CARTESIAN_POINT('',(0.00641064453803417,0.0836110110773774,-0.0370168674290181));
#4248=CARTESIAN_POINT('',(0.00680379509606299,0.0829537546962602,-0.0370168674290181));
#4249=CARTESIAN_POINT('',(0.00722554478985966,0.0822486872053939,-0.0370168674290181));
#4250=CARTESIAN_POINT('',(0.00723386782560923,0.0822324638723465,-0.0370168674290181));
#4251=CARTESIAN_POINT('',(0.00724152081639672,0.0822182482542088,-0.0370168674290181));
#4252=CARTESIAN_POINT('',(0.0072500634461295,0.0822012691568628,-0.0370168674290181));
#4253=CARTESIAN_POINT('',(0.00726118242293612,0.0821782068021218,-0.0370168674290181));
#4254=CARTESIAN_POINT('',(0.0072740300489426,0.0821500640692473,-0.0370168674290181));
#4255=CARTESIAN_POINT('',(0.00728859940756042,0.0821164118046852,-0.0370168674290181));
#4256=CARTESIAN_POINT('',(0.00730461465557786,0.0820772814158167,-0.0370168674290181));
#4257=CARTESIAN_POINT('',(0.00732187955482697,0.0820325709398678,-0.0370168674290181));
#4258=CARTESIAN_POINT('',(0.00734017114351589,0.0819822267051727,-0.0370168674290181));
#4259=CARTESIAN_POINT('',(0.00735927176579941,0.081926189068082,-0.0370168674290181));
#4260=CARTESIAN_POINT('',(0.00737895982481408,0.081864408529187,-0.0370168674290181));
#4261=CARTESIAN_POINT('',(0.00739901269909288,0.0817968411066998,-0.0370168674290181));
#4262=CARTESIAN_POINT('',(0.00741920612044524,0.0817234497410026,-0.0370168674290181));
#4263=CARTESIAN_POINT('',(0.00743931457722145,0.0816442039481583,-0.0370168674290181));
#4264=CARTESIAN_POINT('',(0.00745911142555452,0.0815590799686069,-0.0370168674290181));
#4265=CARTESIAN_POINT('',(0.00747836908554889,0.0814680607680892,-0.0370168674290181));
#4266=CARTESIAN_POINT('',(0.00749685921465927,0.0813711360743538,-0.0370168674290181));
#4267=CARTESIAN_POINT('',(0.00751435288858835,0.0812683023977541,-0.0370168674290181));
#4268=CARTESIAN_POINT('',(0.00753062078092043,0.0811595630504702,-0.0370168674290181));
#4269=CARTESIAN_POINT('',(0.00754543334387448,0.0810449281602929,-0.0370168674290181));
#4270=CARTESIAN_POINT('',(0.00755856098903419,0.0809244146799637,-0.0370168674290181));
#4271=CARTESIAN_POINT('',(0.00756977426944906,0.0807980463924582,-0.0370168674290181));
#4272=CARTESIAN_POINT('',(0.00757884405784116,0.0806658539095726,-0.0370168674290181));
#4273=CARTESIAN_POINT('',(0.00758554174048762,0.0805278746743418,-0.0370168674290181));
#4274=CARTESIAN_POINT('',(0.00758963935091214,0.0803841529266584,-0.0370168674290181));
#4275=CARTESIAN_POINT('',(0.00759090993467992,0.0802347397884266,-0.0370168674290181));
#4276=CARTESIAN_POINT('',(0.00758912702552925,0.0800796928675898,-0.0370168674290181));
#4277=CARTESIAN_POINT('',(0.00758406753010325,0.0799190776864634,-0.0370168674290181));
#4278=CARTESIAN_POINT('',(0.00757550154401016,0.0797529620948347,-0.0370168674290181));
#4279=CARTESIAN_POINT('',(0.00756323221718144,0.0795814375289627,-0.0370168674290181));
#4280=CARTESIAN_POINT('',(0.00754694409761148,0.0794045375203718,-0.0370168674290181));
#4281=CARTESIAN_POINT('',(0.00752875941590973,0.0792403834346735,-0.0370168674290181));
#4282=CARTESIAN_POINT('',(0.00751469404421641,0.0791345283175393,-0.0370168674290181));
#4283=CARTESIAN_POINT('',(0.00750867307783834,0.0790900978142295,-0.0370168674290181));
#4284=CARTESIAN_POINT('',(0.00750867307783834,0.0790900978142295,-0.0370168674290181));
#4285=CARTESIAN_POINT('',(0.,0.09434197732497,-0.0370168674290181));
#4286=CARTESIAN_POINT('',(0.0063100723676871,0.078556446395839,-0.0370168674290181));
#4287=CARTESIAN_POINT('',(0.00368510357238513,0.0823975220564869,-0.0370168674290181));
#4288=CARTESIAN_POINT('',(0.00391047117974018,0.0816655638928241,-0.0370168674290181));
#4289=CARTESIAN_POINT('',(0.00415223280884796,0.0808803605525451,-0.0370168674290181));
#4290=CARTESIAN_POINT('',(0.00415871989689629,0.0808633198029164,-0.0370168674290181));
#4291=CARTESIAN_POINT('',(0.00416416330959021,0.080848120417229,-0.0370168674290181));
#4292=CARTESIAN_POINT('',(0.00417106510291118,0.0808304107724445,-0.0370168674290181));
#4293=CARTESIAN_POINT('',(0.00418076372480762,0.0808067160349542,-0.0370168674290181));
#4294=CARTESIAN_POINT('',(0.00419308111133806,0.0807783372242549,-0.0370168674290181));
#4295=CARTESIAN_POINT('',(0.0042083408138468,0.0807449923205957,-0.0370168674290181));
#4296=CARTESIAN_POINT('',(0.00422670406723641,0.0807069073310722,-0.0370168674290181));
#4297=CARTESIAN_POINT('',(0.0042483779535792,0.0806641598626506,-0.0370168674290181));
#4298=CARTESIAN_POINT('',(0.00427355154925483,0.0806168796948784,-0.0370168674290181));
#4299=CARTESIAN_POINT('',(0.00430241481832031,0.0805651886681797,-0.0370168674290181));
#4300=CARTESIAN_POINT('',(0.00433515282324885,0.0805092183395472,-0.0370168674290181));
#4301=CARTESIAN_POINT('',(0.00437194721171561,0.080449104719412,-0.0370168674290181));
#4302=CARTESIAN_POINT('',(0.00441297558909431,0.0803849896737948,-0.0370168674290181));
#4303=CARTESIAN_POINT('',(0.00445841150611174,0.080317020392776,-0.0370168674290181));
#4304=CARTESIAN_POINT('',(0.00450842427391033,0.0802453494073235,-0.0370168674290181));
#4305=CARTESIAN_POINT('',(0.00456317883208506,0.0801701344441152,-0.0370168674290181));
#4306=CARTESIAN_POINT('',(0.00462283560539223,0.0800915383212541,-0.0370168674290181));
#4307=CARTESIAN_POINT('',(0.00468755036739846,0.0800097288276179,-0.0370168674290181));
#4308=CARTESIAN_POINT('',(0.00475747410599797,0.0799248786022267,-0.0370168674290181));
#4309=CARTESIAN_POINT('',(0.00483275289222119,0.0798371650091411,-0.0370168674290181));
#4310=CARTESIAN_POINT('',(0.00491352775236234,0.0797467700094029,-0.0370168674290181));
#4311=CARTESIAN_POINT('',(0.00499993454220325,0.0796538800292429,-0.0370168674290181));
#4312=CARTESIAN_POINT('',(0.00509210382882032,0.0795586858267018,-0.0370168674290181));
#4313=CARTESIAN_POINT('',(0.00519016075905504,0.0794613823491655,-0.0370168674290181));
#4314=CARTESIAN_POINT('',(0.00529422499560651,0.0793621686110073,-0.0370168674290181));
#4315=CARTESIAN_POINT('',(0.00540441040965484,0.079261247479472,-0.0370168674290181));
#4316=CARTESIAN_POINT('',(0.00552082572566195,0.079158825799028,-0.0370168674290181));
#4317=CARTESIAN_POINT('',(0.00564357152965148,0.0790551132033357,-0.0370168674290181));
#4318=CARTESIAN_POINT('',(0.00577275123546998,0.0789503259450238,-0.0370168674290181));
#4319=CARTESIAN_POINT('',(0.0059084286111405,0.0788446714950013,-0.0370168674290181));
#4320=CARTESIAN_POINT('',(0.00605078981647605,0.0787384067167631,-0.0370168674290181));
#4321=CARTESIAN_POINT('',(0.00618494800293724,0.0786420800459732,-0.0370168674290181));
#4322=CARTESIAN_POINT('',(0.00627302525617562,0.0785817017554512,-0.0370168674290181));
#4323=CARTESIAN_POINT('',(0.0063100723676871,0.078556446395839,-0.0370168674290181));
#4324=CARTESIAN_POINT('',(0.00391929943273754,0.0816370420566089,-0.0370168674290181));
#4325=CARTESIAN_POINT('',(0.00313494177924238,0.0813953841027804,-0.0370168674290181));
#4326=CARTESIAN_POINT('',(0.00294178625401761,0.0821930722864212,-0.0370168674290181));
#4327=CARTESIAN_POINT('',(6.93889390390723E-18,0.0943419773249699,-0.0370168674290181));
#4328=CARTESIAN_POINT('',(0.00225394938271274,0.0820468680460669,-0.0370168674290181));
#4329=CARTESIAN_POINT('',(0.00240194204406035,0.0812395801993652,-0.0370168674290181));
#4330=CARTESIAN_POINT('',(0.00158710452762996,0.0811413187264349,-0.0370168674290181));
#4331=CARTESIAN_POINT('',(0.0014917380097769,0.0819313078140134,-0.0370168674290181));
#4332=CARTESIAN_POINT('',(0.00158356866213806,0.0811709654943413,-0.0370168674290181));
#4333=CARTESIAN_POINT('',(0.00168207939479133,0.0803553132360558,-0.0370168674290181));
#4334=CARTESIAN_POINT('',(0.00168308424227093,0.0803371072002215,-0.0370168674290181));
#4335=CARTESIAN_POINT('',(0.00168429358444165,0.0803210078350618,-0.0370168674290181));
#4336=CARTESIAN_POINT('',(0.00168519164397338,0.0803020220572659,-0.0370168674290181));
#4337=CARTESIAN_POINT('',(0.00168596902997989,0.080276431052549,-0.0370168674290181));
#4338=CARTESIAN_POINT('',(0.0016862592396633,0.0802454957864925,-0.0370168674290181));
#4339=CARTESIAN_POINT('',(0.00168588140192946,0.0802088270210464,-0.0370168674290181));
#4340=CARTESIAN_POINT('',(0.00168459629599819,0.0801665656438232,-0.0370168674290181));
#4341=CARTESIAN_POINT('',(0.00168218317738611,0.0801186983244474,-0.0370168674290181));
#4342=CARTESIAN_POINT('',(0.00167841653012782,0.0800652667181433,-0.0370168674290181));
#4343=CARTESIAN_POINT('',(0.00167307325645693,0.0800063048663339,-0.0370168674290181));
#4344=CARTESIAN_POINT('',(0.00166593078434198,0.0799418576806233,-0.0370168674290181));
#4345=CARTESIAN_POINT('',(0.00165676784994835,0.0798719755299574,-0.0370168674290181));
#4346=CARTESIAN_POINT('',(0.00164536450058461,0.0797967157767814,-0.0370168674290181));
#4347=CARTESIAN_POINT('',(0.00163150232217337,0.0797161422964846,-0.0370168674290181));
#4348=CARTESIAN_POINT('',(0.00161496460135569,0.0796303255679945,-0.0370168674290181));
#4349=CARTESIAN_POINT('',(0.00159553650509437,0.0795393425948237,-0.0370168674290181));
#4350=CARTESIAN_POINT('',(0.00157300525399329,0.0794432768680839,-0.0370168674290181));
#4351=CARTESIAN_POINT('',(0.00154716029593339,0.0793422183117246,-0.0370168674290181));
#4352=CARTESIAN_POINT('',(0.00151779347799426,0.0792362632270293,-0.0370168674290181));
#4353=CARTESIAN_POINT('',(0.00148469921718691,0.0791255142316892,-0.0370168674290181));
#4354=CARTESIAN_POINT('',(0.00144767466935763,0.079010080194826,-0.0370168674290181));
#4355=CARTESIAN_POINT('',(0.00140651989769465,0.0788900761677514,-0.0370168674290181));
#4356=CARTESIAN_POINT('',(0.0013610380349533,0.0787656233101928,-0.0370168674290181));
#4357=CARTESIAN_POINT('',(0.00131103546155974,0.0786368488136427,-0.0370168674290181));
#4358=CARTESIAN_POINT('',(0.00125632191376054,0.0785038858155734,-0.0370168674290181));
#4359=CARTESIAN_POINT('',(0.00119671085151434,0.0783668733288531,-0.0370168674290181));
#4360=CARTESIAN_POINT('',(0.00113201881885797,0.0782259560930841,-0.0370168674290181));
#4361=CARTESIAN_POINT('',(0.00106206866019517,0.0780812847061227,-0.0370168674290181));
#4362=CARTESIAN_POINT('',(0.000986677944408022,0.0779330146623749,-0.0370168674290181));
#4363=CARTESIAN_POINT('',(0.000905704030487516,0.0777813095591556,-0.0370168674290181));
#4364=CARTESIAN_POINT('',(0.000818872377186482,0.0776263283349263,-0.0370168674290181));
#4365=CARTESIAN_POINT('',(0.000735492362055071,0.077483762491974,-0.0370168674290181));
#4366=CARTESIAN_POINT('',(0.000679587850639013,0.0773927799326139,-0.0370168674290181));
#4367=CARTESIAN_POINT('',(0.000656015910387317,0.0773546395957872,-0.0370168674290181));
#4368=CARTESIAN_POINT('',(0.000656015910387317,0.0773546395957872,-0.0370168674290181));
#4369=CARTESIAN_POINT('',(0.,0.09434197732497,-0.0370168674290181));
#4370=CARTESIAN_POINT('',(-0.000656015910387324,0.0773546395957872,-0.0370168674290181));
#4371=CARTESIAN_POINT('',(-0.00149173800977691,0.0819313078140134,-0.0370168674290181));
#4372=CARTESIAN_POINT('',(-0.00158356866213805,0.0811709654943413,-0.0370168674290181));
#4373=CARTESIAN_POINT('',(-0.00168207939479133,0.0803553132360558,-0.0370168674290181));
#4374=CARTESIAN_POINT('',(-0.00168308424227094,0.0803371072002215,-0.0370168674290181));
#4375=CARTESIAN_POINT('',(-0.00168429358444166,0.0803210078350618,-0.0370168674290181));
#4376=CARTESIAN_POINT('',(-0.00168519164397338,0.080302022057266,-0.0370168674290181));
#4377=CARTESIAN_POINT('',(-0.0016859690299799,0.080276431052549,-0.0370168674290181));
#4378=CARTESIAN_POINT('',(-0.0016862592396633,0.0802454957864925,-0.0370168674290181));
#4379=CARTESIAN_POINT('',(-0.00168588140192948,0.0802088270210464,-0.0370168674290181));
#4380=CARTESIAN_POINT('',(-0.00168459629599819,0.0801665656438232,-0.0370168674290181));
#4381=CARTESIAN_POINT('',(-0.00168218317738611,0.0801186983244474,-0.0370168674290181));
#4382=CARTESIAN_POINT('',(-0.00167841653012782,0.0800652667181433,-0.0370168674290181));
#4383=CARTESIAN_POINT('',(-0.00167307325645693,0.0800063048663339,-0.0370168674290181));
#4384=CARTESIAN_POINT('',(-0.00166593078434198,0.0799418576806233,-0.0370168674290181));
#4385=CARTESIAN_POINT('',(-0.00165676784994837,0.0798719755299574,-0.0370168674290181));
#4386=CARTESIAN_POINT('',(-0.00164536450058461,0.0797967157767814,-0.0370168674290181));
#4387=CARTESIAN_POINT('',(-0.00163150232217336,0.0797161422964846,-0.0370168674290181));
#4388=CARTESIAN_POINT('',(-0.00161496460135569,0.0796303255679945,-0.0370168674290181));
#4389=CARTESIAN_POINT('',(-0.00159553650509436,0.0795393425948237,-0.0370168674290181));
#4390=CARTESIAN_POINT('',(-0.00157300525399328,0.0794432768680839,-0.0370168674290181));
#4391=CARTESIAN_POINT('',(-0.0015471602959334,0.0793422183117246,-0.0370168674290181));
#4392=CARTESIAN_POINT('',(-0.00151779347799426,0.0792362632270293,-0.0370168674290181));
#4393=CARTESIAN_POINT('',(-0.00148469921718692,0.0791255142316892,-0.0370168674290181));
#4394=CARTESIAN_POINT('',(-0.00144767466935763,0.079010080194826,-0.0370168674290181));
#4395=CARTESIAN_POINT('',(-0.00140651989769466,0.0788900761677514,-0.0370168674290181));
#4396=CARTESIAN_POINT('',(-0.00136103803495331,0.0787656233101928,-0.0370168674290181));
#4397=CARTESIAN_POINT('',(-0.00131103546155976,0.0786368488136427,-0.0370168674290181));
#4398=CARTESIAN_POINT('',(-0.00125632191376054,0.0785038858155734,-0.0370168674290181));
#4399=CARTESIAN_POINT('',(-0.00119671085151433,0.0783668733288531,-0.0370168674290181));
#4400=CARTESIAN_POINT('',(-0.00113201881885796,0.0782259560930841,-0.0370168674290181));
#4401=CARTESIAN_POINT('',(-0.00106206866019517,0.0780812847061228,-0.0370168674290181));
#4402=CARTESIAN_POINT('',(-0.000986677944408008,0.0779330146623749,-0.0370168674290181));
#4403=CARTESIAN_POINT('',(-0.000905704030487502,0.0777813095591556,-0.0370168674290181));
#4404=CARTESIAN_POINT('',(-0.000818872377186468,0.0776263283349263,-0.0370168674290181));
#4405=CARTESIAN_POINT('',(-0.000735492362055064,0.077483762491974,-0.0370168674290181));
#4406=CARTESIAN_POINT('',(-0.000679587850639034,0.0773927799326139,-0.0370168674290181));
#4407=CARTESIAN_POINT('',(-0.000656015910387324,0.0773546395957872,-0.0370168674290181));
#4408=CARTESIAN_POINT('',(-0.00158710452762995,0.0811413187264349,-0.0370168674290181));
#4409=CARTESIAN_POINT('',(-0.00240194204406039,0.0812395801993651,-0.0370168674290181));
#4410=CARTESIAN_POINT('',(-0.00225394938271277,0.0820468680460668,-0.0370168674290181));
#4411=CARTESIAN_POINT('',(-6.93889390390723E-18,0.0943419773249699,-0.0370168674290181));
#4412=CARTESIAN_POINT('',(-0.00294178625401759,0.0821930722864213,-0.0370168674290181));
#4413=CARTESIAN_POINT('',(-0.00313494177924236,0.0813953841027806,-0.0370168674290181));
#4414=CARTESIAN_POINT('',(-0.00391929943273748,0.0816370420566089,-0.0370168674290181));
#4415=CARTESIAN_POINT('',(-0.00368510357238515,0.0823975220564869,-0.0370168674290181));
#4416=CARTESIAN_POINT('',(-0.00391047117974017,0.0816655638928241,-0.0370168674290181));
#4417=CARTESIAN_POINT('',(-0.00415223280884796,0.0808803605525451,-0.0370168674290181));
#4418=CARTESIAN_POINT('',(-0.0041587198968963,0.0808633198029164,-0.0370168674290181));
#4419=CARTESIAN_POINT('',(-0.00416416330959021,0.080848120417229,-0.0370168674290181));
#4420=CARTESIAN_POINT('',(-0.00417106510291118,0.0808304107724445,-0.0370168674290181));
#4421=CARTESIAN_POINT('',(-0.0041807637248076,0.0808067160349542,-0.0370168674290181));
#4422=CARTESIAN_POINT('',(-0.00419308111133805,0.0807783372242549,-0.0370168674290181));
#4423=CARTESIAN_POINT('',(-0.0042083408138468,0.0807449923205958,-0.0370168674290181));
#4424=CARTESIAN_POINT('',(-0.00422670406723641,0.0807069073310723,-0.0370168674290181));
#4425=CARTESIAN_POINT('',(-0.00424837795357918,0.0806641598626506,-0.0370168674290181));
#4426=CARTESIAN_POINT('',(-0.00427355154925481,0.0806168796948784,-0.0370168674290181));
#4427=CARTESIAN_POINT('',(-0.00430241481832031,0.0805651886681797,-0.0370168674290181));
#4428=CARTESIAN_POINT('',(-0.00433515282324886,0.0805092183395472,-0.0370168674290181));
#4429=CARTESIAN_POINT('',(-0.00437194721171561,0.080449104719412,-0.0370168674290181));
#4430=CARTESIAN_POINT('',(-0.0044129755890943,0.0803849896737948,-0.0370168674290181));
#4431=CARTESIAN_POINT('',(-0.00445841150611175,0.080317020392776,-0.0370168674290181));
#4432=CARTESIAN_POINT('',(-0.00450842427391032,0.0802453494073236,-0.0370168674290181));
#4433=CARTESIAN_POINT('',(-0.00456317883208505,0.0801701344441152,-0.0370168674290181));
#4434=CARTESIAN_POINT('',(-0.00462283560539222,0.0800915383212541,-0.0370168674290181));
#4435=CARTESIAN_POINT('',(-0.00468755036739845,0.0800097288276179,-0.0370168674290181));
#4436=CARTESIAN_POINT('',(-0.00475747410599796,0.0799248786022267,-0.0370168674290181));
#4437=CARTESIAN_POINT('',(-0.0048327528922212,0.0798371650091412,-0.0370168674290181));
#4438=CARTESIAN_POINT('',(-0.00491352775236233,0.0797467700094029,-0.0370168674290181));
#4439=CARTESIAN_POINT('',(-0.00499993454220326,0.0796538800292429,-0.0370168674290181));
#4440=CARTESIAN_POINT('',(-0.00509210382882031,0.0795586858267018,-0.0370168674290181));
#4441=CARTESIAN_POINT('',(-0.00519016075905503,0.0794613823491655,-0.0370168674290181));
#4442=CARTESIAN_POINT('',(-0.00529422499560651,0.0793621686110073,-0.0370168674290181));
#4443=CARTESIAN_POINT('',(-0.00540441040965484,0.079261247479472,-0.0370168674290181));
#4444=CARTESIAN_POINT('',(-0.00552082572566195,0.079158825799028,-0.0370168674290181));
#4445=CARTESIAN_POINT('',(-0.00564357152965149,0.0790551132033358,-0.0370168674290181));
#4446=CARTESIAN_POINT('',(-0.00577275123546998,0.0789503259450238,-0.0370168674290181));
#4447=CARTESIAN_POINT('',(-0.0059084286111405,0.0788446714950013,-0.0370168674290181));
#4448=CARTESIAN_POINT('',(-0.00605078981647604,0.0787384067167631,-0.0370168674290181));
#4449=CARTESIAN_POINT('',(-0.00618494800293723,0.0786420800459732,-0.0370168674290181));
#4450=CARTESIAN_POINT('',(-0.00627302525617565,0.0785817017554513,-0.0370168674290181));
#4451=CARTESIAN_POINT('',(-0.0063100723676871,0.078556446395839,-0.0370168674290181));
#4452=CARTESIAN_POINT('',(-0.0063100723676871,0.078556446395839,-0.0370168674290181));
#4453=CARTESIAN_POINT('',(0.,0.09434197732497,-0.0370168674290181));
#4454=CARTESIAN_POINT('',(-0.00750867307783832,0.0790900978142295,-0.0370168674290181));
#4455=CARTESIAN_POINT('',(-0.00641064453803417,0.0836110110773773,-0.0370168674290181));
#4456=CARTESIAN_POINT('',(-0.00680379509606297,0.0829537546962602,-0.0370168674290181));
#4457=CARTESIAN_POINT('',(-0.00722554478985964,0.0822486872053939,-0.0370168674290181));
#4458=CARTESIAN_POINT('',(-0.00723386782560921,0.0822324638723465,-0.0370168674290181));
#4459=CARTESIAN_POINT('',(-0.00724152081639672,0.0822182482542088,-0.0370168674290181));
#4460=CARTESIAN_POINT('',(-0.00725006344612949,0.0822012691568628,-0.0370168674290181));
#4461=CARTESIAN_POINT('',(-0.00726118242293609,0.0821782068021218,-0.0370168674290181));
#4462=CARTESIAN_POINT('',(-0.00727403004894257,0.0821500640692473,-0.0370168674290181));
#4463=CARTESIAN_POINT('',(-0.00728859940756041,0.0821164118046852,-0.0370168674290181));
#4464=CARTESIAN_POINT('',(-0.00730461465557785,0.0820772814158167,-0.0370168674290181));
#4465=CARTESIAN_POINT('',(-0.00732187955482696,0.0820325709398678,-0.0370168674290181));
#4466=CARTESIAN_POINT('',(-0.00734017114351587,0.0819822267051727,-0.0370168674290181));
#4467=CARTESIAN_POINT('',(-0.0073592717657994,0.081926189068082,-0.0370168674290181));
#4468=CARTESIAN_POINT('',(-0.00737895982481406,0.081864408529187,-0.0370168674290181));
#4469=CARTESIAN_POINT('',(-0.00739901269909287,0.0817968411066998,-0.0370168674290181));
#4470=CARTESIAN_POINT('',(-0.00741920612044522,0.0817234497410026,-0.0370168674290181));
#4471=CARTESIAN_POINT('',(-0.00743931457722143,0.0816442039481583,-0.0370168674290181));
#4472=CARTESIAN_POINT('',(-0.0074591114255545,0.0815590799686069,-0.0370168674290181));
#4473=CARTESIAN_POINT('',(-0.00747836908554889,0.0814680607680892,-0.0370168674290181));
#4474=CARTESIAN_POINT('',(-0.00749685921465925,0.0813711360743538,-0.0370168674290181));
#4475=CARTESIAN_POINT('',(-0.00751435288858834,0.0812683023977541,-0.0370168674290181));
#4476=CARTESIAN_POINT('',(-0.00753062078092041,0.0811595630504702,-0.0370168674290181));
#4477=CARTESIAN_POINT('',(-0.00754543334387447,0.0810449281602929,-0.0370168674290181));
#4478=CARTESIAN_POINT('',(-0.00755856098903417,0.0809244146799637,-0.0370168674290181));
#4479=CARTESIAN_POINT('',(-0.00756977426944904,0.0807980463924582,-0.0370168674290181));
#4480=CARTESIAN_POINT('',(-0.00757884405784113,0.0806658539095726,-0.0370168674290181));
#4481=CARTESIAN_POINT('',(-0.0075855417404876,0.0805278746743417,-0.0370168674290181));
#4482=CARTESIAN_POINT('',(-0.00758963935091211,0.0803841529266584,-0.0370168674290181));
#4483=CARTESIAN_POINT('',(-0.0075909099346799,0.0802347397884266,-0.0370168674290181));
#4484=CARTESIAN_POINT('',(-0.00758912702552923,0.0800796928675898,-0.0370168674290181));
#4485=CARTESIAN_POINT('',(-0.00758406753010323,0.0799190776864633,-0.0370168674290181));
#4486=CARTESIAN_POINT('',(-0.00757550154401016,0.0797529620948347,-0.0370168674290181));
#4487=CARTESIAN_POINT('',(-0.00756323221718142,0.0795814375289627,-0.0370168674290181));
#4488=CARTESIAN_POINT('',(-0.00754694409761145,0.0794045375203718,-0.0370168674290181));
#4489=CARTESIAN_POINT('',(-0.0075287594159097,0.0792403834346735,-0.0370168674290181));
#4490=CARTESIAN_POINT('',(-0.00751469404421641,0.0791345283175393,-0.0370168674290181));
#4491=CARTESIAN_POINT('',(-0.00750867307783832,0.0790900978142295,-0.0370168674290181));
#4492=CARTESIAN_POINT('',(-0.00681908369677821,0.0829281091921661,-0.0370168674290181));
#4493=CARTESIAN_POINT('',(-0.00752350826698668,0.0833492997905079,-0.0370168674290181));
#4494=CARTESIAN_POINT('',(-0.00705995669468481,0.0840265998975959,-0.0370168674290181));
#4495=CARTESIAN_POINT('',(-2.08166817117217E-17,0.0943419773249699,-0.0370168674290181));
#4496=CARTESIAN_POINT('',(-0.00762886032213918,0.0844399325772782,-0.0370168674290181));
#4497=CARTESIAN_POINT('',(-0.0081297656888621,0.0837897715904195,-0.0370168674290181));
#4498=CARTESIAN_POINT('',(-0.00874802091546707,0.084329564115396,-0.0370168674290181));
#4499=CARTESIAN_POINT('',(-0.00822475726876686,0.0849290411268506,-0.0370168674290181));
#4500=CARTESIAN_POINT('',(-0.00872835502912596,0.0843520293353256,-0.0370168674290181));
#4501=CARTESIAN_POINT('',(-0.00926858623798662,0.0837330437039358,-0.0370168674290181));
#4502=CARTESIAN_POINT('',(-0.00928144358510598,0.0837201147409338,-0.0370168674290181));
#4503=CARTESIAN_POINT('',(-0.00929259853715789,0.0837084434465861,-0.0370168674290181));
#4504=CARTESIAN_POINT('',(-0.00930610680056555,0.0836950720932834,-0.0370168674290181));
#4505=CARTESIAN_POINT('',(-0.0093246044505298,0.0836773706583916,-0.0370168674290181));
#4506=CARTESIAN_POINT('',(-0.00934739964524302,0.0836564552572329,-0.0370168674290181));
#4507=CARTESIAN_POINT('',(-0.00937490267133288,0.0836321998521323,-0.0370168674290181));
#4508=CARTESIAN_POINT('',(-0.00940716889884488,0.0836048764909883,-0.0370168674290181));
#4509=CARTESIAN_POINT('',(-0.00944435594106861,0.0835746402991595,-0.0370168674290181));
#4510=CARTESIAN_POINT('',(-0.00948658374177429,0.0835416867404539,-0.0370168674290181));
#4511=CARTESIAN_POINT('',(-0.0095339762847984,0.0835062043869802,-0.0370168674290181));
#4512=CARTESIAN_POINT('',(-0.00958664912407297,0.083468388693721,-0.0370168674290181));
#4513=CARTESIAN_POINT('',(-0.00964471288258044,0.083428437795153,-0.0370168674290181));
#4514=CARTESIAN_POINT('',(-0.00970827210879416,0.0833865535309487,-0.0370168674290181));
#4515=CARTESIAN_POINT('',(-0.00977742548159316,0.0833429409553775,-0.0370168674290181));
#4516=CARTESIAN_POINT('',(-0.00985226563446853,0.083297808277458,-0.0370168674290181));
#4517=CARTESIAN_POINT('',(-0.00993287909401872,0.0832513666746573,-0.0370168674290181));
#4518=CARTESIAN_POINT('',(-0.0100193461914624,0.0832038301393409,-0.0370168674290181));
#4519=CARTESIAN_POINT('',(-0.0101117409871489,0.0831554153130934,-0.0370168674290181));
#4520=CARTESIAN_POINT('',(-0.0102101311967677,0.0831063413218166,-0.0370168674290181));
#4521=CARTESIAN_POINT('',(-0.0103145781223826,0.083056829608083,-0.0370168674290181));
#4522=CARTESIAN_POINT('',(-0.0104251365877006,0.0830071037621373,-0.0370168674290181));
#4523=CARTESIAN_POINT('',(-0.0105418548767749,0.0829573893503404,-0.0370168674290181));
#4524=CARTESIAN_POINT('',(-0.0106647746802799,0.0829079137452484,-0.0370168674290181));
#4525=CARTESIAN_POINT('',(-0.0107939310332989,0.0828589059419662,-0.0370168674290181));
#4526=CARTESIAN_POINT('',(-0.010929352306709,0.0828105964203753,-0.0370168674290181));
#4527=CARTESIAN_POINT('',(-0.0110710600134675,0.082763216824507,-0.0370168674290181));
#4528=CARTESIAN_POINT('',(-0.0112190693470877,0.0827170003384086,-0.0370168674290181));
#4529=CARTESIAN_POINT('',(-0.0113733869317836,0.08267217938398,-0.0370168674290181));
#4530=CARTESIAN_POINT('',(-0.0115340192829367,0.0826289935800284,-0.0370168674290181));
#4531=CARTESIAN_POINT('',(-0.0117009402695135,0.0825876583974522,-0.0370168674290181));
#4532=CARTESIAN_POINT('',(-0.0118742154811701,0.0825484842107477,-0.0370168674290181));
#4533=CARTESIAN_POINT('',(-0.012035954669733,0.0825150524686001,-0.0370168674290181));
#4534=CARTESIAN_POINT('',(-0.0121409753075522,0.0824957184018671,-0.0370168674290181));
#4535=CARTESIAN_POINT('',(-0.0121850918081806,0.082487714900584,-0.0370168674290181));
#4536=CARTESIAN_POINT('',(-0.0121850918081806,0.082487714900584,-0.0370168674290181));
#4537=CARTESIAN_POINT('',(0.,0.09434197732497,-0.0370168674290181));
#4538=CARTESIAN_POINT('',(-0.0130630124559776,0.0834627445590544,-0.0370168674290181));
#4539=CARTESIAN_POINT('',(-0.010221092386788,0.0871461958927179,-0.0370168674290181));
#4540=CARTESIAN_POINT('',(-0.0108475835473406,0.0867056710494378,-0.0370168674290181));
#4541=CARTESIAN_POINT('',(-0.0115196478487475,0.0862331009004985,-0.0370168674290181));
#4542=CARTESIAN_POINT('',(-0.0115338499442736,0.0862216654319062,-0.0370168674290181));
#4543=CARTESIAN_POINT('',(-0.0115466233120455,0.0862117915703113,-0.0370168674290181));
#4544=CARTESIAN_POINT('',(-0.0115613334136911,0.0861997549935965,-0.0370168674290181));
#4545=CARTESIAN_POINT('',(-0.0115808714091952,0.0861832089794811,-0.0370168674290181));
#4546=CARTESIAN_POINT('',(-0.0116040549802713,0.0861627249139713,-0.0370168674290181));
#4547=CARTESIAN_POINT('',(-0.0116310523607773,0.0861379079325572,-0.0370168674290181));
#4548=CARTESIAN_POINT('',(-0.0116615987808672,0.0861086745317672,-0.0370168674290181));
#4549=CARTESIAN_POINT('',(-0.0116955564400507,0.0860748517467187,-0.0370168674290181));
#4550=CARTESIAN_POINT('',(-0.0117327434828286,0.0860362998591743,-0.0370168674290181));
#4551=CARTESIAN_POINT('',(-0.01177298532995,0.0859928758533414,-0.0370168674290181));
#4552=CARTESIAN_POINT('',(-0.0118160996758302,0.0859444443776954,-0.0370168674290181));
#4553=CARTESIAN_POINT('',(-0.011861901034644,0.0858908747045659,-0.0370168674290181));
#4554=CARTESIAN_POINT('',(-0.0119101996007092,0.085832041760216,-0.0370168674290181));
#4555=CARTESIAN_POINT('',(-0.0119608017578167,0.0857678259723324,-0.0370168674290181));
#4556=CARTESIAN_POINT('',(-0.012013510120375,0.0856981134511113,-0.0370168674290181));
#4557=CARTESIAN_POINT('',(-0.0120681237122617,0.0856227960698997,-0.0370168674290181));
#4558=CARTESIAN_POINT('',(-0.0121244381102828,0.0855417715692487,-0.0370168674290181));
#4559=CARTESIAN_POINT('',(-0.0121822456010535,0.0854549436493074,-0.0370168674290181));
#4560=CARTESIAN_POINT('',(-0.0122413353372834,0.0853622220604462,-0.0370168674290181));
#4561=CARTESIAN_POINT('',(-0.0123014934972962,0.0852635226893686,-0.0370168674290181));
#4562=CARTESIAN_POINT('',(-0.0123625034463358,0.085158767641153,-0.0370168674290181));
#4563=CARTESIAN_POINT('',(-0.0124241459007753,0.085047885318146,-0.0370168674290181));
#4564=CARTESIAN_POINT('',(-0.0124861990914915,0.0849308104911554,-0.0370168674290181));
#4565=CARTESIAN_POINT('',(-0.0125484389400018,0.0848074843805173,-0.0370168674290181));
#4566=CARTESIAN_POINT('',(-0.0126106391945821,0.0846778546790654,-0.0370168674290181));
#4567=CARTESIAN_POINT('',(-0.0126725717288875,0.084541875778298,-0.0370168674290181));
#4568=CARTESIAN_POINT('',(-0.0127340062244319,0.0843995081935633,-0.0370168674290181));
#4569=CARTESIAN_POINT('',(-0.0127947122249659,0.0842507210422315,-0.0370168674290181));
#4570=CARTESIAN_POINT('',(-0.0128544521053819,0.0840954827976274,-0.0370168674290181));
#4571=CARTESIAN_POINT('',(-0.012913008843717,0.0839337969247938,-0.0370168674290181));
#4572=CARTESIAN_POINT('',(-0.0129700806217247,0.0837655657504127,-0.0370168674290181));
#4573=CARTESIAN_POINT('',(-0.0130202355701215,0.0836082071546788,-0.0370168674290181));
#4574=CARTESIAN_POINT('',(-0.0130504413686966,0.0835057827911865,-0.0370168674290181));
#4575=CARTESIAN_POINT('',(-0.0130630124559776,0.0834627445590544,-0.0370168674290181));
#4576=CARTESIAN_POINT('',(-0.010871981345323,0.0866884611497958,-0.0370168674290181));
#4577=CARTESIAN_POINT('',(-0.0113441915616241,0.0873597531926995,-0.0370168674290181));
#4578=CARTESIAN_POINT('',(-0.0106452333564528,0.08778995421858,-0.0370168674290181));
#4579=CARTESIAN_POINT('',(-4.16333634234433E-17,0.0943419773249699,-0.0370168674290181));
#4580=CARTESIAN_POINT('',(-0.0109968351345426,0.0883989463622634,-0.0370168674290181));
#4581=CARTESIAN_POINT('',(-0.0117188792542749,0.0880087313133418,-0.0370168674290181));
#4582=CARTESIAN_POINT('',(-0.0120641301086373,0.0887533233780369,-0.0370168674290181));
#4583=CARTESIAN_POINT('',(-0.0113422757138047,0.0890881423797099,-0.0370168674290181));
#4584=CARTESIAN_POINT('',(-0.0120370269993598,0.088765847541065,-0.0370168674290181));
#4585=CARTESIAN_POINT('',(-0.0127823169041148,0.0884201078575396,-0.0370168674290181));
#4586=CARTESIAN_POINT('',(-0.0127993213581829,0.0884135262163233,-0.0370168674290181));
#4587=CARTESIAN_POINT('',(-0.0128142590570435,0.0884074010861384,-0.0370168674290181));
#4588=CARTESIAN_POINT('',(-0.012832038089076,0.0884006800527784,-0.0370168674290181));
#4589=CARTESIAN_POINT('',(-0.0128561363553834,0.0883920326593905,-0.0370168674290181));
#4590=CARTESIAN_POINT('',(-0.0128854678620256,0.0883821971306431,-0.0370168674290181));
#4591=CARTESIAN_POINT('',(-0.0129204586886285,0.0883712252039963,-0.0370168674290181));
#4592=CARTESIAN_POINT('',(-0.0129610487663966,0.0883593879285987,-0.0370168674290181));
#4593=CARTESIAN_POINT('',(-0.0130073189870671,0.088346891125617,-0.0370168674290181));
#4594=CARTESIAN_POINT('',(-0.0130592994224333,0.0883339621456519,-0.0370168674290181));
#4595=CARTESIAN_POINT('',(-0.0131170266381794,0.088320823686666,-0.0370168674290181));
#4596=CARTESIAN_POINT('',(-0.0131805266993717,0.0883077013056892,-0.0370168674290181));
#4597=CARTESIAN_POINT('',(-0.0132498200765812,0.0882948210019934,-0.0370168674290181));
#4598=CARTESIAN_POINT('',(-0.0133249201840002,0.0882824096889895,-0.0370168674290181));
#4599=CARTESIAN_POINT('',(-0.0134058337661852,0.08827069482939,-0.0370168674290181));
#4600=CARTESIAN_POINT('',(-0.0134925607618037,0.0882599043090332,-0.0370168674290181));
#4601=CARTESIAN_POINT('',(-0.0135850943232228,0.0882502662416732,-0.0370168674290181));
#4602=CARTESIAN_POINT('',(-0.0136834207981261,0.0882420087927136,-0.0370168674290181));
#4603=CARTESIAN_POINT('',(-0.0137875197279384,0.0882353599971478,-0.0370168674290181));
#4604=CARTESIAN_POINT('',(-0.0138973638474864,0.0882305475789004,-0.0370168674290181));
#4605=CARTESIAN_POINT('',(-0.0140129190901835,0.0882277987696231,-0.0370168674290181));
#4606=CARTESIAN_POINT('',(-0.0141341445976327,0.088227340127979,-0.0370168674290181));
#4607=CARTESIAN_POINT('',(-0.0142609927334072,0.0882293973579863,-0.0370168674290181));
#4608=CARTESIAN_POINT('',(-0.0143934091030827,0.0882341951319355,-0.0370168674290181));
#4609=CARTESIAN_POINT('',(-0.0145313325721005,0.0882419568973169,-0.0370168674290181));
#4610=CARTESIAN_POINT('',(-0.0146746953139329,0.0882529047474545,-0.0370168674290181));
#4611=CARTESIAN_POINT('',(-0.0148234227635288,0.0882672590498089,-0.0370168674290181));
#4612=CARTESIAN_POINT('',(-0.0149774339563568,0.0882852390083662,-0.0370168674290181));
#4613=CARTESIAN_POINT('',(-0.0151366404094338,0.0883070596454075,-0.0370168674290181));
#4614=CARTESIAN_POINT('',(-0.0153009506131079,0.0883329425136502,-0.0370168674290181));
#4615=CARTESIAN_POINT('',(-0.0154702530555824,0.088363073827106,-0.0370168674290181));
#4616=CARTESIAN_POINT('',(-0.0156444814153087,0.0883977638047028,-0.0370168674290181));
#4617=CARTESIAN_POINT('',(-0.0158058354309165,0.0884330076431326,-0.0370168674290181));
#4618=CARTESIAN_POINT('',(-0.0159096404309549,0.0884580608359712,-0.0370168674290181));
#4619=CARTESIAN_POINT('',(-0.0159531981769558,0.0884686930710986,-0.0370168674290181));
#4620=CARTESIAN_POINT('',(-0.0159531981769558,0.0884686930710986,-0.0370168674290181));
#4621=CARTESIAN_POINT('',(0.,0.09434197732497,-0.0370168674290181));
#4622=CARTESIAN_POINT('',(-0.0163586383067359,0.0897165094838329,-0.0370168674290181));
#4623=CARTESIAN_POINT('',(-0.0122642205061569,0.0919255966893169,-0.0370168674290181));
#4624=CARTESIAN_POINT('',(-0.0130157262560803,0.0917779741313194,-0.0370168674290181));
#4625=CARTESIAN_POINT('',(-0.0138218991418717,0.0916196129962238,-0.0370168674290181));
#4626=CARTESIAN_POINT('',(-0.0138395246258357,0.0916149426884942,-0.0370168674290181));
#4627=CARTESIAN_POINT('',(-0.0138552097392619,0.0916111178638131,-0.0370168674290181));
#4628=CARTESIAN_POINT('',(-0.0138735438026088,0.0916061050411924,-0.0370168674290181));
#4629=CARTESIAN_POINT('',(-0.0138981225198906,0.0915989363238589,-0.0370168674290181));
#4630=CARTESIAN_POINT('',(-0.0139276333859811,0.0915896528067325,-0.0370168674290181));
#4631=CARTESIAN_POINT('',(-0.0139623906960222,0.091577962190008,-0.0370168674290181));
#4632=CARTESIAN_POINT('',(-0.0140021865346456,0.0915636804978703,-0.0370168674290181));
#4633=CARTESIAN_POINT('',(-0.014046965365995,0.0915465936705273,-0.0370168674290181));
#4634=CARTESIAN_POINT('',(-0.014096617885332,0.0915265001017231,-0.0370168674290181));
#4635=CARTESIAN_POINT('',(-0.0141510427763383,0.0915031981322511,-0.0370168674290181));
#4636=CARTESIAN_POINT('',(-0.0142101285469998,0.0914764899619795,-0.0370168674290181));
#4637=CARTESIAN_POINT('',(-0.0142737589193174,0.0914461807213568,-0.0370168674290181));
#4638=CARTESIAN_POINT('',(-0.014341811369244,0.091412078948913,-0.0370168674290181));
#4639=CARTESIAN_POINT('',(-0.0144141576540127,0.0913739966590973,-0.0370168674290181));
#4640=CARTESIAN_POINT('',(-0.0144906637760695,0.0913317495244439,-0.0370168674290181));
#4641=CARTESIAN_POINT('',(-0.0145711901136624,0.0912851570219868,-0.0370168674290181));
#4642=CARTESIAN_POINT('',(-0.0146555915095761,0.0912340425866672,-0.0370168674290181));
#4643=CARTESIAN_POINT('',(-0.0147437173768696,0.091178233759549,-0.0370168674290181));
#4644=CARTESIAN_POINT('',(-0.0148354118047898,0.0911175623341738,-0.0370168674290181));
#4645=CARTESIAN_POINT('',(-0.0149305136694754,0.091051864500111,-0.0370168674290181));
#4646=CARTESIAN_POINT('',(-0.0150288567479481,0.0909809809835151,-0.0370168674290181));
#4647=CARTESIAN_POINT('',(-0.0151302698360355,0.0909047571859888,-0.0370168674290181));
#4648=CARTESIAN_POINT('',(-0.0152345768686653,0.0908230433160713,-0.0370168674290181));
#4649=CARTESIAN_POINT('',(-0.0153415970478009,0.0907356945349378,-0.0370168674290181));
#4650=CARTESIAN_POINT('',(-0.0154511449574483,0.0906425710327472,-0.0370168674290181));
#4651=CARTESIAN_POINT('',(-0.0155630307444706,0.0905435383567166,-0.0370168674290181));
#4652=CARTESIAN_POINT('',(-0.0156770600623155,0.0904384667568534,-0.0370168674290181));
#4653=CARTESIAN_POINT('',(-0.0157930349398205,0.0903272342854704,-0.0370168674290181));
#4654=CARTESIAN_POINT('',(-0.0159107511187019,0.0902097154906781,-0.0370168674290181));
#4655=CARTESIAN_POINT('',(-0.0160300089301714,0.0900858252671659,-0.0370168674290181));
#4656=CARTESIAN_POINT('',(-0.0161505723768584,0.0899553516253774,-0.0370168674290181));
#4657=CARTESIAN_POINT('',(-0.0162603947091325,0.0898319972503682,-0.0370168674290181));
#4658=CARTESIAN_POINT('',(-0.0163296488209913,0.0897507137434617,-0.0370168674290181));
#4659=CARTESIAN_POINT('',(-0.0163586383067359,0.0897165094838329,-0.0370168674290181));
#4660=CARTESIAN_POINT('',(-0.0130450146504116,0.0917721755841249,-0.0370168674290181));
#4661=CARTESIAN_POINT('',(-0.0132033610765118,0.0925774965788756,-0.0370168674290181));
#4662=CARTESIAN_POINT('',(-0.0123898524619811,0.0926862128579202,-0.0370168674290181));
#4663=CARTESIAN_POINT('',(-6.24500451351651E-17,0.09434197732497,-0.0370168674290181));
#4664=CARTESIAN_POINT('',(-0.0124633572490728,0.093385564191442,-0.0370168674290181));
#4665=CARTESIAN_POINT('',(-0.0132816921339478,0.0933227668074083,-0.0370168674290181));
#4666=CARTESIAN_POINT('',(-0.0132942416068429,0.0941434116794297,-0.0370168674290181));
#4667=CARTESIAN_POINT('',(-0.0124986116465857,0.0941556794241968,-0.0370168674290181));
#4668=CARTESIAN_POINT('',(-0.0132643876484469,0.0941438292439904,-0.0370168674290181));
#4669=CARTESIAN_POINT('',(-0.014085868853818,0.0941311170405573,-0.0370168674290181));
#4670=CARTESIAN_POINT('',(-0.0141040801902459,0.0941320207466853,-0.0370168674290181));
#4671=CARTESIAN_POINT('',(-0.0141202177720775,0.0941325008713172,-0.0370168674290181));
#4672=CARTESIAN_POINT('',(-0.0141391934165788,0.0941335922856265,-0.0370168674290181));
#4673=CARTESIAN_POINT('',(-0.0141647254900589,0.0941354941466184,-0.0370168674290181));
#4674=CARTESIAN_POINT('',(-0.0141955216246634,0.0941384391425557,-0.0370168674290181));
#4675=CARTESIAN_POINT('',(-0.014231950019978,0.0941426478401569,-0.0370168674290181));
#4676=CARTESIAN_POINT('',(-0.0142738455548067,0.0941483434229601,-0.0370168674290181));
#4677=CARTESIAN_POINT('',(-0.0143211984124183,0.094155746819591,-0.0370168674290181));
#4678=CARTESIAN_POINT('',(-0.0143739435929429,0.0941650779564584,-0.0370168674290181));
#4679=CARTESIAN_POINT('',(-0.0144320239213732,0.0941765551508781,-0.0370168674290181));
#4680=CARTESIAN_POINT('',(-0.0144953714670231,0.0941903950610678,-0.0370168674290181));
#4681=CARTESIAN_POINT('',(-0.0145639130085046,0.094206812473767,-0.0370168674290181));
#4682=CARTESIAN_POINT('',(-0.0146375685062931,0.0942260201407352,-0.0370168674290181));
#4683=CARTESIAN_POINT('',(-0.0147162516044273,0.0942482286027582,-0.0370168674290181));
#4684=CARTESIAN_POINT('',(-0.0147998695573566,0.0942736460189626,-0.0370168674290181));
#4685=CARTESIAN_POINT('',(-0.0148883233272343,0.0943024779964488,-0.0370168674290181));
#4686=CARTESIAN_POINT('',(-0.0149815076388184,0.0943349274217877,-0.0370168674290181));
#4687=CARTESIAN_POINT('',(-0.0150793110520828,0.0943711942940594,-0.0370168674290181));
#4688=CARTESIAN_POINT('',(-0.0151816160353876,0.0944114755596758,-0.0370168674290181));
#4689=CARTESIAN_POINT('',(-0.0152882990439182,0.0944559649489511,-0.0370168674290181));
#4690=CARTESIAN_POINT('',(-0.0153992306019616,0.0945048528149155,-0.0370168674290181));
#4691=CARTESIAN_POINT('',(-0.0155142753893816,0.0945583259729692,-0.0370168674290181));
#4692=CARTESIAN_POINT('',(-0.0156332923319459,0.0946165675472575,-0.0370168674290181));
#4693=CARTESIAN_POINT('',(-0.0157561346961738,0.0946797568015546,-0.0370168674290181));
#4694=CARTESIAN_POINT('',(-0.0158826501859561,0.0947480690406739,-0.0370168674290181));
#4695=CARTESIAN_POINT('',(-0.016012681051208,0.0948216752519692,-0.0370168674290181));
#4696=CARTESIAN_POINT('',(-0.0161460641688558,0.0949007427570047,-0.0370168674290181));
#4697=CARTESIAN_POINT('',(-0.0162826312482318,0.0949854319991372,-0.0370168674290181));
#4698=CARTESIAN_POINT('',(-0.0164222085775004,0.0950759081565166,-0.0370168674290181));
#4699=CARTESIAN_POINT('',(-0.0165646185455042,0.0951722959881736,-0.0370168674290181));
#4700=CARTESIAN_POINT('',(-0.0167096743870887,0.0952748519177965,-0.0370168674290181));
#4701=CARTESIAN_POINT('',(-0.0168427436545875,0.0953726773569591,-0.0370168674290181));
#4702=CARTESIAN_POINT('',(-0.0169273841892997,0.0954377858847263,-0.0370168674290181));
#4703=CARTESIAN_POINT('',(-0.0169628516506798,0.09546521544622,-0.0370168674290181));
#4704=CARTESIAN_POINT('',(-0.0169628516506798,0.09546521544622,-0.0370168674290181));
#4705=CARTESIAN_POINT('',(0.,0.09434197732497,-0.0370168674290181));
#4706=CARTESIAN_POINT('',(-0.016825706980696,0.0967700598194002,-0.0370168674290181));
#4707=CARTESIAN_POINT('',(-0.0121867534830658,0.0971228116499492,-0.0370168674290181));
#4708=CARTESIAN_POINT('',(-0.0129333316509827,0.097293616658621,-0.0370168674290181));
#4709=CARTESIAN_POINT('',(-0.0137342185053546,0.0974768466162928,-0.0370168674290181));
#4710=CARTESIAN_POINT('',(-0.0137522197714568,0.0974797490080608,-0.0370168674290181));
#4711=CARTESIAN_POINT('',(-0.013768104531931,0.0974826345672283,-0.0370168674290181));
#4712=CARTESIAN_POINT('',(-0.0137868924308668,0.0974855122612728,-0.0370168674290181));
#4713=CARTESIAN_POINT('',(-0.0138122619864177,0.097488960377074,-0.0370168674290181));
#4714=CARTESIAN_POINT('',(-0.0138429974506776,0.0974924826127801,-0.0370168674290181));
#4715=CARTESIAN_POINT('',(-0.0138795048355876,0.0974959397745829,-0.0370168674290181));
#4716=CARTESIAN_POINT('',(-0.0139216690307126,0.0974990792254131,-0.0370168674290181));
#4717=CARTESIAN_POINT('',(-0.0139695263674846,0.0975016828234523,-0.0370168674290181));
#4718=CARTESIAN_POINT('',(-0.0140230589917083,0.0975035219339788,-0.0370168674290181));
#4719=CARTESIAN_POINT('',(-0.0140822563685099,0.0975043711230811,-0.0370168674290181));
#4720=CARTESIAN_POINT('',(-0.014147097097428,0.09750400434346,-0.0370168674290181));
#4721=CARTESIAN_POINT('',(-0.0142175542138119,0.0975021962783987,-0.0370168674290181));
#4722=CARTESIAN_POINT('',(-0.0142935936607706,0.0974987221841213,-0.0370168674290181));
#4723=CARTESIAN_POINT('',(-0.0143751747433186,0.0974933581662494,-0.0370168674290181));
#4724=CARTESIAN_POINT('',(-0.0144622500213339,0.0974858813315484,-0.0370168674290181));
#4725=CARTESIAN_POINT('',(-0.0145547653693044,0.0974760699748003,-0.0370168674290181));
#4726=CARTESIAN_POINT('',(-0.0146526599949947,0.097463703755039,-0.0370168674290181));
#4727=CARTESIAN_POINT('',(-0.0147558664757575,0.0974485638739599,-0.0370168674290181));
#4728=CARTESIAN_POINT('',(-0.0148643107957628,0.0974304332527007,-0.0370168674290181));
#4729=CARTESIAN_POINT('',(-0.0149779123887438,0.0974090967080081,-0.0370168674290181));
#4730=CARTESIAN_POINT('',(-0.0150965841849628,0.0973843411270079,-0.0370168674290181));
#4731=CARTESIAN_POINT('',(-0.0152202326624589,0.0973559556420262,-0.0370168674290181));
#4732=CARTESIAN_POINT('',(-0.0153487579034609,0.0973237317996377,-0.0370168674290181));
#4733=CARTESIAN_POINT('',(-0.0154820536520014,0.0972874637458054,-0.0370168674290181));
#4734=CARTESIAN_POINT('',(-0.0156200073879264,0.0972469483424055,-0.0370168674290181));
#4735=CARTESIAN_POINT('',(-0.0157625003586389,0.0972019855404808,-0.0370168674290181));
#4736=CARTESIAN_POINT('',(-0.0159094077938053,0.097152377759651,-0.0370168674290181));
#4737=CARTESIAN_POINT('',(-0.0160605984383619,0.0970979330730343,-0.0370168674290181));
#4738=CARTESIAN_POINT('',(-0.0162159367189623,0.0970384537952981,-0.0370168674290181));
#4739=CARTESIAN_POINT('',(-0.0163752748445398,0.0969737809662598,-0.0370168674290181));
#4740=CARTESIAN_POINT('',(-0.0165384834446894,0.096903624935045,-0.0370168674290181));
#4741=CARTESIAN_POINT('',(-0.0166889838818861,0.0968356038728389,-0.0370168674290181));
#4742=CARTESIAN_POINT('',(-0.0167853116419343,0.0967895158792999,-0.0370168674290181));
#4743=CARTESIAN_POINT('',(-0.016825706980696,0.0967700598194002,-0.0370168674290181));
#4744=CARTESIAN_POINT('',(-0.0129624464122064,0.0973002320853619,-0.0370168674290181));
#4745=CARTESIAN_POINT('',(-0.0127795495125008,0.0981003347158556,-0.0370168674290181));
#4746=CARTESIAN_POINT('',(-0.0119921535185568,0.0978687682157612,-0.0370168674290181));
#4747=CARTESIAN_POINT('',(-6.93889390390723E-17,0.09434197732497,-0.0370168674290181));
#4748=CARTESIAN_POINT('',(-0.0117748516691922,0.098537554540148,-0.0370168674290181));
#4749=CARTESIAN_POINT('',(-0.0125479797832761,0.0988130330591982,-0.0370168674290181));
#4750=CARTESIAN_POINT('',(-0.0122256579568318,0.0995678337848487,-0.0370168674290181));
#4751=CARTESIAN_POINT('',(-0.0114938240793498,0.0992554290681906,-0.0370168674290181));
#4752=CARTESIAN_POINT('',(-0.0121982151699389,0.0995560725502359,-0.0370168674290181));
#4753=CARTESIAN_POINT('',(-0.0129538461125949,0.0998785858823554,-0.0370168674290181));
#4754=CARTESIAN_POINT('',(-0.0129701154258694,0.0998868186768283,-0.0370168674290181));
#4755=CARTESIAN_POINT('',(-0.0129846625561679,0.0998938210383664,-0.0370168674290181));
#4756=CARTESIAN_POINT('',(-0.0130015537518155,0.0999025361848958,-0.0370168674290181));
#4757=CARTESIAN_POINT('',(-0.0130241049050121,0.0999146584512241,-0.0370168674290181));
#4758=CARTESIAN_POINT('',(-0.0130510407361315,0.0999298747552941,-0.0370168674290181));
#4759=CARTESIAN_POINT('',(-0.0130826078996663,0.0999485363550931,-0.0370168674290181));
#4760=CARTESIAN_POINT('',(-0.0131185647729749,0.0999707799780877,-0.0370168674290181));
#4761=CARTESIAN_POINT('',(-0.0131588125282594,0.0999968034597961,-0.0370168674290181));
#4762=CARTESIAN_POINT('',(-0.0132032023330546,0.100026781275161,-0.0370168674290181));
#4763=CARTESIAN_POINT('',(-0.0132515931577403,0.100060889611804,-0.0370168674290181));
#4764=CARTESIAN_POINT('',(-0.0133038348217106,0.100099298766957,-0.0370168674290181));
#4765=CARTESIAN_POINT('',(-0.0133597730722616,0.100142175176248,-0.0370168674290181));
#4766=CARTESIAN_POINT('',(-0.0134192482557127,0.100189680643073,-0.0370168674290181));
#4767=CARTESIAN_POINT('',(-0.0134820958473153,0.100241972381877,-0.0370168674290181));
#4768=CARTESIAN_POINT('',(-0.0135481464538486,0.100299202832471,-0.0370168674290181));
#4769=CARTESIAN_POINT('',(-0.0136172259717957,0.100361519543966,-0.0370168674290181));
#4770=CARTESIAN_POINT('',(-0.0136891557060348,0.100429065043168,-0.0370168674290181));
#4771=CARTESIAN_POINT('',(-0.0137637525040818,0.100501976711588,-0.0370168674290181));
#4772=CARTESIAN_POINT('',(-0.0138408288901185,0.100580386664299,-0.0370168674290181));
#4773=CARTESIAN_POINT('',(-0.013920193203123,0.100664421632548,-0.0370168674290181));
#4774=CARTESIAN_POINT('',(-0.0140016497375932,0.100754202849963,-0.0370168674290181));
#4775=CARTESIAN_POINT('',(-0.0140849988877648,0.100849845941247,-0.0370168674290181));
#4776=CARTESIAN_POINT('',(-0.0141700372926134,0.100951460818572,-0.0370168674290181));
#4777=CARTESIAN_POINT('',(-0.0142565579912886,0.101059151565661,-0.0370168674290181));
#4778=CARTESIAN_POINT('',(-0.0143443505514804,0.101173016387021,-0.0370168674290181));
#4779=CARTESIAN_POINT('',(-0.0144332013144927,0.101293147324632,-0.0370168674290181));
#4780=CARTESIAN_POINT('',(-0.0145228932041716,0.10141963088622,-0.0370168674290181));
#4781=CARTESIAN_POINT('',(-0.0146132072211494,0.101552545194101,-0.0370168674290181));
#4782=CARTESIAN_POINT('',(-0.0147039174877617,0.101691970491056,-0.0370168674290181));
#4783=CARTESIAN_POINT('',(-0.0147948110040731,0.101837948509165,-0.0370168674290181));
#4784=CARTESIAN_POINT('',(-0.0148856128547148,0.101990637538891,-0.0370168674290181));
#4785=CARTESIAN_POINT('',(-0.0149673884888578,0.102134129671639,-0.0370168674290181));
#4786=CARTESIAN_POINT('',(-0.0150182294408568,0.102228035678391,-0.0370168674290181));
#4787=CARTESIAN_POINT('',(-0.0150394739713318,0.102267519745879,-0.0370168674290181));
#4788=CARTESIAN_POINT('',(-0.0150394739713318,0.102267519745879,-0.0370168674290181));
#4789=CARTESIAN_POINT('',(0.,0.09434197732497,-0.0370168674290181));
#4790=CARTESIAN_POINT('',(-0.0143834580609445,0.103403772633244,-0.0370168674290181));
#4791=CARTESIAN_POINT('',(-0.0100020860695729,0.101839195092706,-0.0370168674290181));
#4792=CARTESIAN_POINT('',(-0.0106146465078008,0.102298893930333,-0.0370168674290181));
#4793=CARTESIAN_POINT('',(-0.0112717667178036,0.102792032856499,-0.0370168674290181));
#4794=CARTESIAN_POINT('',(-0.0112870311835984,0.10280200609786,-0.0370168674290181));
#4795=CARTESIAN_POINT('',(-0.0113003689717262,0.102811103101482,-0.0370168674290181));
#4796=CARTESIAN_POINT('',(-0.0113163621078422,0.102821373732748,-0.0370168674290181));
#4797=CARTESIAN_POINT('',(-0.0113381358750322,0.102834842471137,-0.0370168674290181));
#4798=CARTESIAN_POINT('',(-0.0113647814964682,0.102850561433123,-0.0370168674290181));
#4799=CARTESIAN_POINT('',(-0.0113967264977369,0.10286856859877,-0.0370168674290181));
#4800=CARTESIAN_POINT('',(-0.0114339684769767,0.102888586352999,-0.0370168674290181));
#4801=CARTESIAN_POINT('',(-0.0114766293508733,0.102910430190666,-0.0370168674290181));
#4802=CARTESIAN_POINT('',(-0.0115247858029267,0.102933883981606,-0.0370168674290181));
#4803=CARTESIAN_POINT('',(-0.0115785199012833,0.102958737496772,-0.0370168674290181));
#4804=CARTESIAN_POINT('',(-0.0116379040373686,0.10298477552733,-0.0370168674290181));
#4805=CARTESIAN_POINT('',(-0.0117030052223132,0.103011781268705,-0.0370168674290181));
#4806=CARTESIAN_POINT('',(-0.011773883755128,0.103039535555056,-0.0370168674290181));
#4807=CARTESIAN_POINT('',(-0.011850593525142,0.103067817296548,-0.0370168674290181));
#4808=CARTESIAN_POINT('',(-0.0119331818524929,0.103096403574444,-0.0370168674290181));
#4809=CARTESIAN_POINT('',(-0.0120216894667013,0.10312506983612,-0.0370168674290181));
#4810=CARTESIAN_POINT('',(-0.0121161504520416,0.103153590063658,-0.0370168674290181));
#4811=CARTESIAN_POINT('',(-0.0122165922081484,0.103181736951598,-0.0370168674290181));
#4812=CARTESIAN_POINT('',(-0.0123230354121243,0.103209282083582,-0.0370168674290181));
#4813=CARTESIAN_POINT('',(-0.0124354939859361,0.103235996110673,-0.0370168674290181));
#4814=CARTESIAN_POINT('',(-0.0125539750682356,0.103261648930121,-0.0370168674290181));
#4815=CARTESIAN_POINT('',(-0.0126784789900701,0.103286009865911,-0.0370168674290181));
#4816=CARTESIAN_POINT('',(-0.0128089992576601,0.103308847846145,-0.0370168674290181));
#4817=CARTESIAN_POINT('',(-0.0129455225297289,0.103329931595607,-0.0370168674290181));
#4818=CARTESIAN_POINT('',(-0.0130880286377199,0.103349029772316,-0.0370168674290181));
#4819=CARTESIAN_POINT('',(-0.0132364904629783,0.103365911321424,-0.0370168674290181));
#4820=CARTESIAN_POINT('',(-0.0133908743853136,0.103380344995606,-0.0370168674290181));
#4821=CARTESIAN_POINT('',(-0.0135511385609542,0.103392102074686,-0.0370168674290181));
#4822=CARTESIAN_POINT('',(-0.0137172395433537,0.103400946821479,-0.0370168674290181));
#4823=CARTESIAN_POINT('',(-0.0138891069735856,0.103406673906589,-0.0370168674290181));
#4824=CARTESIAN_POINT('',(-0.0140667404775283,0.103408966101093,-0.0370168674290181));
#4825=CARTESIAN_POINT('',(-0.0142318961268027,0.103408039811297,-0.0370168674290181));
#4826=CARTESIAN_POINT('',(-0.0143386415902178,0.103405116363905,-0.0370168674290181));
#4827=CARTESIAN_POINT('',(-0.0143834580609445,0.103403772633244,-0.0370168674290181));
#4828=CARTESIAN_POINT('',(-0.0106385534292019,0.102316779463626,-0.0370168674290181));
#4829=CARTESIAN_POINT('',(-0.0101460377392158,0.102973318716347,-0.0370168674290181));
#4830=CARTESIAN_POINT('',(-0.00952090228647956,0.102441509388695,-0.0370168674290181));
#4831=CARTESIAN_POINT('',(-4.85722573273506E-17,0.09434197732497,-0.0370168674290181));
#4832=CARTESIAN_POINT('',(-0.00905036726453912,0.102964091472727,-0.0370168674290181));
#4833=CARTESIAN_POINT('',(-0.00964460773325831,0.103530213156274,-0.0370168674290181));
#4834=CARTESIAN_POINT('',(-0.00904314697946881,0.104088657832939,-0.0370168674290181));
#4835=CARTESIAN_POINT('',(-0.00850164991068069,0.103505598268474,-0.0370168674290181));
#4836=CARTESIAN_POINT('',(-0.00902286047124257,0.104066751423465,-0.0370168674290181));
#4837=CARTESIAN_POINT('',(-0.00958198569650664,0.104668724806072,-0.0370168674290181));
#4838=CARTESIAN_POINT('',(-0.00959349987456048,0.104682863163933,-0.0370168674290181));
#4839=CARTESIAN_POINT('',(-0.00960394122234074,0.104695176990453,-0.0370168674290181));
#4840=CARTESIAN_POINT('',(-0.00961582732795559,0.104710008941193,-0.0370168674290181));
#4841=CARTESIAN_POINT('',(-0.00963149826161003,0.104730255562882,-0.0370168674290181));
#4842=CARTESIAN_POINT('',(-0.00964991633933956,0.104755112137875,-0.0370168674290181));
#4843=CARTESIAN_POINT('',(-0.00967116402174079,0.104784999879731,-0.0370168674290181));
#4844=CARTESIAN_POINT('',(-0.0096949649634762,0.104819945418425,-0.0370168674290181));
#4845=CARTESIAN_POINT('',(-0.00972114841390543,0.104860089288807,-0.0370168674290181));
#4846=CARTESIAN_POINT('',(-0.0097495074424535,0.104905530346053,-0.0370168674290181));
#4847=CARTESIAN_POINT('',(-0.00977984155018959,0.104956372183649,-0.0370168674290181));
#4848=CARTESIAN_POINT('',(-0.00981194427417918,0.105012709291903,-0.0370168674290181));
#4849=CARTESIAN_POINT('',(-0.00984560700209632,0.105074630977099,-0.0370168674290181));
#4850=CARTESIAN_POINT('',(-0.00988061807167628,0.105142220116994,-0.0370168674290181));
#4851=CARTESIAN_POINT('',(-0.00991676323720683,0.105215553415885,-0.0370168674290181));
#4852=CARTESIAN_POINT('',(-0.00995382574742358,0.105294701236038,-0.0370168674290181));
#4853=CARTESIAN_POINT('',(-0.00999158653721936,0.105379727555994,-0.0370168674290181));
#4854=CARTESIAN_POINT('',(-0.0100298243896024,0.105470689898617,-0.0370168674290181));
#4855=CARTESIAN_POINT('',(-0.010068316108359,0.105567639273332,-0.0370168674290181));
#4856=CARTESIAN_POINT('',(-0.0101068366897649,0.105670620119982,-0.0370168674290181));
#4857=CARTESIAN_POINT('',(-0.0101451594965226,0.105779670257761,-0.0370168674290181));
#4858=CARTESIAN_POINT('',(-0.0101830564326004,0.105894820838499,-0.0370168674290181));
#4859=CARTESIAN_POINT('',(-0.0102202981202556,0.106016096303641,-0.0370168674290181));
#4860=CARTESIAN_POINT('',(-0.0102566540746406,0.10614351434857,-0.0370168674290181));
#4861=CARTESIAN_POINT('',(-0.0102918928929463,0.106277085879939,-0.0370168674290181));
#4862=CARTESIAN_POINT('',(-0.0103257823923199,0.106416815021497,-0.0370168674290181));
#4863=CARTESIAN_POINT('',(-0.0103580899489841,0.106562698954957,-0.0370168674290181));
#4864=CARTESIAN_POINT('',(-0.0103885820681433,0.106714728416231,-0.0370168674290181));
#4865=CARTESIAN_POINT('',(-0.0104170269087104,0.10687288569854,-0.0370168674290181));
#4866=CARTESIAN_POINT('',(-0.0104431854834922,0.107037152234588,-0.0370168674290181));
#4867=CARTESIAN_POINT('',(-0.0104668462333993,0.107207479513649,-0.0370168674290181));
#4868=CARTESIAN_POINT('',(-0.0104876936282133,0.107383900323102,-0.0370168674290181));
#4869=CARTESIAN_POINT('',(-0.0105040358789488,0.107548248056098,-0.0370168674290181));
#4870=CARTESIAN_POINT('',(-0.0105122863857587,0.107654714340159,-0.0370168674290181));
#4871=CARTESIAN_POINT('',(-0.0105156346130089,0.107699425759671,-0.0370168674290181));
#4872=CARTESIAN_POINT('',(-0.0105156346130089,0.107699425759671,-0.0370168674290181));
#4873=CARTESIAN_POINT('',(0.,0.09434197732497,-0.0370168674290181));
#4874=CARTESIAN_POINT('',(-0.00945417857284148,0.10847061871446,-0.0370168674290181));
#4875=CARTESIAN_POINT('',(-0.00608796710855154,0.105259241473336,-0.0370168674290181));
#4876=CARTESIAN_POINT('',(-0.00646059255238397,0.105928348034659,-0.0370168674290181));
#4877=CARTESIAN_POINT('',(-0.0068603240639584,0.106646127728959,-0.0370168674290181));
#4878=CARTESIAN_POINT('',(-0.00687021236463672,0.106661447355878,-0.0370168674290181));
#4879=CARTESIAN_POINT('',(-0.00687869695568076,0.106675182849384,-0.0370168674290181));
#4880=CARTESIAN_POINT('',(-0.00688912997044935,0.106691070532421,-0.0370168674290181));
#4881=CARTESIAN_POINT('',(-0.00690354306712286,0.10671223102617,-0.0370168674290181));
#4882=CARTESIAN_POINT('',(-0.0069214915757208,0.106737428763107,-0.0370168674290181));
#4883=CARTESIAN_POINT('',(-0.00694335061241758,0.106766872330068,-0.0370168674290181));
#4884=CARTESIAN_POINT('',(-0.00696923089922891,0.106800307136133,-0.0370168674290181));
#4885=CARTESIAN_POINT('',(-0.00699931885759141,0.106837614215451,-0.0370168674290181));
#4886=CARTESIAN_POINT('',(-0.00703377244942701,0.106878627313279,-0.0370168674290181));
#4887=CARTESIAN_POINT('',(-0.00707275215557381,0.10692318775595,-0.0370168674290181));
#4888=CARTESIAN_POINT('',(-0.00711641164220907,0.106971128384655,-0.0370168674290181));
#4889=CARTESIAN_POINT('',(-0.00716490030941177,0.107022278394443,-0.0370168674290181));
#4890=CARTESIAN_POINT('',(-0.00721836238584787,0.107076462093172,-0.0370168674290181));
#4891=CARTESIAN_POINT('',(-0.00727693702720592,0.107133499423993,-0.0370168674290181));
#4892=CARTESIAN_POINT('',(-0.00734075813180215,0.10719320598734,-0.0370168674290181));
#4893=CARTESIAN_POINT('',(-0.00740995424168543,0.107255393210372,-0.0370168674290181));
#4894=CARTESIAN_POINT('',(-0.00748464842415914,0.107319868478768,-0.0370168674290181));
#4895=CARTESIAN_POINT('',(-0.00756495816349445,0.107386435283096,-0.0370168674290181));
#4896=CARTESIAN_POINT('',(-0.00765099525446724,0.107454893364764,-0.0370168674290181));
#4897=CARTESIAN_POINT('',(-0.00774286570004378,0.107525038865666,-0.0370168674290181));
#4898=CARTESIAN_POINT('',(-0.00784066961292747,0.107596664480031,-0.0370168674290181));
#4899=CARTESIAN_POINT('',(-0.00794450111993257,0.107669559609483,-0.0370168674290181));
#4900=CARTESIAN_POINT('',(-0.00805444827410477,0.10774351051808,-0.0370168674290181));
#4901=CARTESIAN_POINT('',(-0.00817059295568621,0.107818300499014,-0.0370168674290181));
#4902=CARTESIAN_POINT('',(-0.00829301083504406,0.107893710007578,-0.0370168674290181));
#4903=CARTESIAN_POINT('',(-0.00842177111652804,0.107969516934514,-0.0370168674290181));
#4904=CARTESIAN_POINT('',(-0.00855693714332658,0.108045496350315,-0.0370168674290181));
#4905=CARTESIAN_POINT('',(-0.00869856371812856,0.108121422289309,-0.0370168674290181));
#4906=CARTESIAN_POINT('',(-0.00884670703349021,0.108197061723559,-0.0370168674290181));
#4907=CARTESIAN_POINT('',(-0.00900138632832277,0.108272198457774,-0.0370168674290181));
#4908=CARTESIAN_POINT('',(-0.00916273028947717,0.108346542536742,-0.0370168674290181));
#4909=CARTESIAN_POINT('',(-0.00931398423867777,0.108412871183277,-0.0370168674290181));
#4910=CARTESIAN_POINT('',(-0.00941269014508323,0.108453617772644,-0.0370168674290181));
#4911=CARTESIAN_POINT('',(-0.00945417857284148,0.10847061871446,-0.0370168674290181));
#4912=CARTESIAN_POINT('',(-0.00647515791006473,0.105954411103314,-0.0370168674290181));
#4913=CARTESIAN_POINT('',(-0.00575818386696128,0.106353865376994,-0.0370168674290181));
#4914=CARTESIAN_POINT('',(-0.00540340055438809,0.105613767885872,-0.0370168674290181));
#4915=CARTESIAN_POINT('',(-4.16333634234433E-17,0.09434197732497,-0.0370168674290181));
#4916=CARTESIAN_POINT('',(-0.00476099213984178,0.105899786539711,-0.0370168674290181));
#4917=CARTESIAN_POINT('',(-0.00507359538764953,0.106658663805615,-0.0370168674290181));
#4918=CARTESIAN_POINT('',(-0.00429699373494442,0.106924192275389,-0.0370168674290181));
#4919=CARTESIAN_POINT('',(-0.00403946323739011,0.106171294158742,-0.0370168674290181));
#4920=CARTESIAN_POINT('',(-0.00428737122695432,0.106895928508265,-0.0370168674290181));
#4921=CARTESIAN_POINT('',(-0.0045533129038851,0.10767327527475,-0.0370168674290181));
#4922=CARTESIAN_POINT('',(-0.00455808104072977,0.107690874545482,-0.0370168674290181));
#4923=CARTESIAN_POINT('',(-0.00456261120210397,0.107706370664511,-0.0370168674290181));
#4924=CARTESIAN_POINT('',(-0.00456743700204329,0.107724754840434,-0.0370168674290181));
#4925=CARTESIAN_POINT('',(-0.00457351806936084,0.107749624992659,-0.0370168674290181));
#4926=CARTESIAN_POINT('',(-0.00458023374073806,0.107779823910945,-0.0370168674290181));
#4927=CARTESIAN_POINT('',(-0.00458748802468935,0.10781576993277,-0.0370168674290181));
#4928=CARTESIAN_POINT('',(-0.00459501763580076,0.107857374986051,-0.0370168674290181));
#4929=CARTESIAN_POINT('',(-0.00460260942492639,0.107904698005223,-0.0370168674290181));
#4930=CARTESIAN_POINT('',(-0.00461003414355767,0.107957745132733,-0.0370168674290181));
#4931=CARTESIAN_POINT('',(-0.00461706649153986,0.108016529455679,-0.0370168674290181));
#4932=CARTESIAN_POINT('',(-0.00462347942292686,0.108081053319209,-0.0370168674290181));
#4933=CARTESIAN_POINT('',(-0.00462904603673699,0.1081513134584,-0.0370168674290181));
#4934=CARTESIAN_POINT('',(-0.00463353926044986,0.108227299495048,-0.0370168674290181));
#4935=CARTESIAN_POINT('',(-0.00463673217241952,0.108308994360435,-0.0370168674290181));
#4936=CARTESIAN_POINT('',(-0.00463839814160095,0.108396374173008,-0.0370168674290181));
#4937=CARTESIAN_POINT('',(-0.00463831101964368,0.108489408278266,-0.0370168674290181));
#4938=CARTESIAN_POINT('',(-0.00463624531811373,0.108588059248902,-0.0370168674290181));
#4939=CARTESIAN_POINT('',(-0.00463197638972065,0.108692282902268,-0.0370168674290181));
#4940=CARTESIAN_POINT('',(-0.00462528060802202,0.10880202831892,-0.0370168674290181));
#4941=CARTESIAN_POINT('',(-0.00461593554709279,0.108917237866716,-0.0370168674290181));
#4942=CARTESIAN_POINT('',(-0.00460372016024747,0.109037847229258,-0.0370168674290181));
#4943=CARTESIAN_POINT('',(-0.0045884149592606,0.109163785438581,-0.0370168674290181));
#4944=CARTESIAN_POINT('',(-0.00456980218838536,0.10929497491359,-0.0370168674290181));
#4945=CARTESIAN_POINT('',(-0.00454766601450189,0.109431331498006,-0.0370168674290181));
#4946=CARTESIAN_POINT('',(-0.00452179265073924,0.109572764521787,-0.0370168674290181));
#4947=CARTESIAN_POINT('',(-0.00449197073100307,0.109719176793686,-0.0370168674290181));
#4948=CARTESIAN_POINT('',(-0.00445799071522775,0.109870464879648,-0.0370168674290181));
#4949=CARTESIAN_POINT('',(-0.00441964800803687,0.11002651830546,-0.0370168674290181));
#4950=CARTESIAN_POINT('',(-0.00437673183576529,0.110187222904203,-0.0370168674290181));
#4951=CARTESIAN_POINT('',(-0.00432906866065793,0.110352448310292,-0.0370168674290181));
#4952=CARTESIAN_POINT('',(-0.0042763568956883,0.110522096138785,-0.0370168674290181));
#4953=CARTESIAN_POINT('',(-0.00422444003939944,0.110678882255942,-0.0370168674290181));
#4954=CARTESIAN_POINT('',(-0.00418867351343912,0.110779499829581,-0.0370168674290181));
#4955=CARTESIAN_POINT('',(-0.00417354649855529,0.110821707590493,-0.0370168674290181));
#4956=CARTESIAN_POINT('',(-0.00417354649855529,0.110821707590493,-0.0370168674290181));
#4957=CARTESIAN_POINT('',(0.,0.09434197732497,-0.0370168674290181));
#4958=CARTESIAN_POINT('',(-0.00289018572097817,0.111094494344757,-0.0370168674290181));
#4959=CARTESIAN_POINT('',(-0.0011211833270167,0.106791593702482,-0.0370168674290181));
#4960=CARTESIAN_POINT('',(-0.00118944345201916,0.107554413384407,-0.0370168674290181));
#4961=CARTESIAN_POINT('',(-0.00126266905536728,0.108372723216872,-0.0370168674290181));
#4962=CARTESIAN_POINT('',(-0.00126547141390939,0.10839074032668,-0.0370168674290181));
#4963=CARTESIAN_POINT('',(-0.00126763574499809,0.10840673931846,-0.0370168674290181));
#4964=CARTESIAN_POINT('',(-0.00127070467538482,0.108425496928535,-0.0370168674290181));
#4965=CARTESIAN_POINT('',(-0.00127526494618815,0.108450690336038,-0.0370168674290181));
#4966=CARTESIAN_POINT('',(-0.00128141288175431,0.108481009930296,-0.0370168674290181));
#4967=CARTESIAN_POINT('',(-0.00128940632785122,0.108516798838356,-0.0370168674290181));
#4968=CARTESIAN_POINT('',(-0.00129944998552934,0.108557869514544,-0.0370168674290181));
#4969=CARTESIAN_POINT('',(-0.00131176254701641,0.108604189102574,-0.0370168674290181));
#4970=CARTESIAN_POINT('',(-0.00132655593960469,0.108655669970084,-0.0370168674290181));
#4971=CARTESIAN_POINT('',(-0.00134404130822938,0.108712232434903,-0.0370168674290181));
#4972=CARTESIAN_POINT('',(-0.00136442702354145,0.108773786291525,-0.0370168674290181));
#4973=CARTESIAN_POINT('',(-0.0013879190419372,0.108840236268351,-0.0370168674290181));
#4974=CARTESIAN_POINT('',(-0.00141472058329103,0.108911480525704,-0.0370168674290181));
#4975=CARTESIAN_POINT('',(-0.00144503200836851,0.108987411173188,-0.0370168674290181));
#4976=CARTESIAN_POINT('',(-0.00147905064142877,0.109067914214766,-0.0370168674290181));
#4977=CARTESIAN_POINT('',(-0.00151697061096116,0.109152869663337,-0.0370168674290181));
#4978=CARTESIAN_POINT('',(-0.00155898268784333,0.109242151612948,-0.0370168674290181));
#4979=CARTESIAN_POINT('',(-0.00160527412688491,0.109335628328455,-0.0370168674290181));
#4980=CARTESIAN_POINT('',(-0.00165602851020303,0.109433162335563,-0.0370168674290181));
#4981=CARTESIAN_POINT('',(-0.00171142559288731,0.109534610515918,-0.0370168674290181));
#4982=CARTESIAN_POINT('',(-0.00177164115129691,0.109639824205778,-0.0370168674290181));
#4983=CARTESIAN_POINT('',(-0.00183684683263182,0.109748649298778,-0.0370168674290181));
#4984=CARTESIAN_POINT('',(-0.00190721001159128,0.109860926351819,-0.0370168674290181));
#4985=CARTESIAN_POINT('',(-0.00198289363209866,0.109976490697076,-0.0370168674290181));
#4986=CARTESIAN_POINT('',(-0.00206405611935088,0.11009517254839,-0.0370168674290181));
#4987=CARTESIAN_POINT('',(-0.00215085103464135,0.110216797146803,-0.0370168674290181));
#4988=CARTESIAN_POINT('',(-0.00224342773192488,0.110341184772981,-0.0370168674290181));
#4989=CARTESIAN_POINT('',(-0.00234192818446792,0.110468151287271,-0.0370168674290181));
#4990=CARTESIAN_POINT('',(-0.00244649850772597,0.110597506663632,-0.0370168674290181));
#4991=CARTESIAN_POINT('',(-0.00255724421186535,0.11072906122301,-0.0370168674290181));
#4992=CARTESIAN_POINT('',(-0.00267440079358402,0.110862602419794,-0.0370168674290181));
#4993=CARTESIAN_POINT('',(-0.00278559986079504,0.110984717177098,-0.0370168674290181));
#4994=CARTESIAN_POINT('',(-0.0028591990622583,0.111062088347752,-0.0370168674290181));
#4995=CARTESIAN_POINT('',(-0.00289018572097817,0.111094494344757,-0.0370168674290181));
#4996=CARTESIAN_POINT('',(-0.00119214876331445,0.107584147447077,-0.0370168674290181));
#4997=CARTESIAN_POINT('',(-0.000374687692650935,0.107657447468869,-0.0370168674290181));
#4998=CARTESIAN_POINT('',(-0.000351601778089953,0.106837031394067,-0.0370168674290181));
#4999=CARTESIAN_POINT('',(-2.08166817117217E-17,0.0943419773249701,-0.0370168674290181));
#5000=CARTESIAN_POINT('',(0.000351601778089939,0.106837031394066,-0.0370168674290181));
#5001=CARTESIAN_POINT('',(0.000374687692650928,0.107657447468869,-0.0370168674290181));
#5002=CARTESIAN_POINT('',(0.00119214876331439,0.107584147447077,-0.0370168674290181));
#5003=CARTESIAN_POINT('',(0.00112118332701668,0.106791593702482,-0.0370168674290181));
#5004=CARTESIAN_POINT('',(0.00118944345201914,0.107554413384407,-0.0370168674290181));
#5005=CARTESIAN_POINT('',(0.00126266905536727,0.108372723216872,-0.0370168674290181));
#5006=CARTESIAN_POINT('',(0.00126547141390937,0.10839074032668,-0.0370168674290181));
#5007=CARTESIAN_POINT('',(0.00126763574499807,0.10840673931846,-0.0370168674290181));
#5008=CARTESIAN_POINT('',(0.00127070467538481,0.108425496928535,-0.0370168674290181));
#5009=CARTESIAN_POINT('',(0.00127526494618813,0.108450690336038,-0.0370168674290181));
#5010=CARTESIAN_POINT('',(0.00128141288175431,0.108481009930296,-0.0370168674290181));
#5011=CARTESIAN_POINT('',(0.00128940632785122,0.108516798838356,-0.0370168674290181));
#5012=CARTESIAN_POINT('',(0.00129944998552934,0.108557869514544,-0.0370168674290181));
#5013=CARTESIAN_POINT('',(0.00131176254701637,0.108604189102574,-0.0370168674290181));
#5014=CARTESIAN_POINT('',(0.00132655593960467,0.108655669970084,-0.0370168674290181));
#5015=CARTESIAN_POINT('',(0.00134404130822936,0.108712232434902,-0.0370168674290181));
#5016=CARTESIAN_POINT('',(0.00136442702354143,0.108773786291525,-0.0370168674290181));
#5017=CARTESIAN_POINT('',(0.00138791904193718,0.108840236268351,-0.0370168674290181));
#5018=CARTESIAN_POINT('',(0.00141472058329101,0.108911480525704,-0.0370168674290181));
#5019=CARTESIAN_POINT('',(0.00144503200836847,0.108987411173188,-0.0370168674290181));
#5020=CARTESIAN_POINT('',(0.00147905064142873,0.109067914214766,-0.0370168674290181));
#5021=CARTESIAN_POINT('',(0.00151697061096114,0.109152869663337,-0.0370168674290181));
#5022=CARTESIAN_POINT('',(0.00155898268784331,0.109242151612948,-0.0370168674290181));
#5023=CARTESIAN_POINT('',(0.0016052741268849,0.109335628328455,-0.0370168674290181));
#5024=CARTESIAN_POINT('',(0.001656028510203,0.109433162335563,-0.0370168674290181));
#5025=CARTESIAN_POINT('',(0.00171142559288729,0.109534610515918,-0.0370168674290181));
#5026=CARTESIAN_POINT('',(0.00177164115129691,0.109639824205778,-0.0370168674290181));
#5027=CARTESIAN_POINT('',(0.0018368468326318,0.109748649298778,-0.0370168674290181));
#5028=CARTESIAN_POINT('',(0.00190721001159128,0.109860926351819,-0.0370168674290181));
#5029=CARTESIAN_POINT('',(0.00198289363209865,0.109976490697076,-0.0370168674290181));
#5030=CARTESIAN_POINT('',(0.00206405611935087,0.11009517254839,-0.0370168674290181));
#5031=CARTESIAN_POINT('',(0.00215085103464133,0.110216797146803,-0.0370168674290181));
#5032=CARTESIAN_POINT('',(0.00224342773192486,0.110341184772981,-0.0370168674290181));
#5033=CARTESIAN_POINT('',(0.0023419281844679,0.110468151287271,-0.0370168674290181));
#5034=CARTESIAN_POINT('',(0.00244649850772595,0.110597506663632,-0.0370168674290181));
#5035=CARTESIAN_POINT('',(0.00255724421186534,0.11072906122301,-0.0370168674290181));
#5036=CARTESIAN_POINT('',(0.002674400793584,0.110862602419794,-0.0370168674290181));
#5037=CARTESIAN_POINT('',(0.00278559986079503,0.110984717177098,-0.0370168674290181));
#5038=CARTESIAN_POINT('',(0.00285919906225831,0.111062088347752,-0.0370168674290181));
#5039=CARTESIAN_POINT('',(0.00289018572097815,0.111094494344757,-0.0370168674290181));
#5040=CARTESIAN_POINT('',(0.00289018572097815,0.111094494344757,-0.0370168674290181));
#5041=CARTESIAN_POINT('',(0.,0.09434197732497,-0.0370168674290181));
#5042=CARTESIAN_POINT('',(0.00417354649855528,0.110821707590493,-0.0370168674290181));
#5043=CARTESIAN_POINT('',(0.00403946323739008,0.106171294158742,-0.0370168674290181));
#5044=CARTESIAN_POINT('',(0.00428737122695431,0.106895928508265,-0.0370168674290181));
#5045=CARTESIAN_POINT('',(0.0045533129038851,0.10767327527475,-0.0370168674290181));
#5046=CARTESIAN_POINT('',(0.00455808104072975,0.107690874545482,-0.0370168674290181));
#5047=CARTESIAN_POINT('',(0.00456261120210396,0.107706370664511,-0.0370168674290181));
#5048=CARTESIAN_POINT('',(0.00456743700204326,0.107724754840434,-0.0370168674290181));
#5049=CARTESIAN_POINT('',(0.00457351806936081,0.107749624992659,-0.0370168674290181));
#5050=CARTESIAN_POINT('',(0.00458023374073803,0.107779823910945,-0.0370168674290181));
#5051=CARTESIAN_POINT('',(0.00458748802468933,0.10781576993277,-0.0370168674290181));
#5052=CARTESIAN_POINT('',(0.00459501763580073,0.107857374986051,-0.0370168674290181));
#5053=CARTESIAN_POINT('',(0.00460260942492637,0.107904698005223,-0.0370168674290181));
#5054=CARTESIAN_POINT('',(0.00461003414355767,0.107957745132733,-0.0370168674290181));
#5055=CARTESIAN_POINT('',(0.00461706649153985,0.108016529455679,-0.0370168674290181));
#5056=CARTESIAN_POINT('',(0.00462347942292683,0.10808105331921,-0.0370168674290181));
#5057=CARTESIAN_POINT('',(0.00462904603673697,0.1081513134584,-0.0370168674290181));
#5058=CARTESIAN_POINT('',(0.00463353926044986,0.108227299495048,-0.0370168674290181));
#5059=CARTESIAN_POINT('',(0.00463673217241951,0.108308994360435,-0.0370168674290181));
#5060=CARTESIAN_POINT('',(0.00463839814160093,0.108396374173008,-0.0370168674290181));
#5061=CARTESIAN_POINT('',(0.00463831101964365,0.108489408278266,-0.0370168674290181));
#5062=CARTESIAN_POINT('',(0.00463624531811371,0.108588059248902,-0.0370168674290181));
#5063=CARTESIAN_POINT('',(0.00463197638972063,0.108692282902268,-0.0370168674290181));
#5064=CARTESIAN_POINT('',(0.00462528060802202,0.10880202831892,-0.0370168674290181));
#5065=CARTESIAN_POINT('',(0.00461593554709279,0.108917237866716,-0.0370168674290181));
#5066=CARTESIAN_POINT('',(0.00460372016024745,0.109037847229258,-0.0370168674290181));
#5067=CARTESIAN_POINT('',(0.00458841495926058,0.109163785438581,-0.0370168674290181));
#5068=CARTESIAN_POINT('',(0.00456980218838535,0.10929497491359,-0.0370168674290181));
#5069=CARTESIAN_POINT('',(0.00454766601450186,0.109431331498006,-0.0370168674290181));
#5070=CARTESIAN_POINT('',(0.00452179265073923,0.109572764521787,-0.0370168674290181));
#5071=CARTESIAN_POINT('',(0.00449197073100305,0.109719176793686,-0.0370168674290181));
#5072=CARTESIAN_POINT('',(0.00445799071522773,0.109870464879648,-0.0370168674290181));
#5073=CARTESIAN_POINT('',(0.00441964800803686,0.11002651830546,-0.0370168674290181));
#5074=CARTESIAN_POINT('',(0.00437673183576527,0.110187222904203,-0.0370168674290181));
#5075=CARTESIAN_POINT('',(0.00432906866065793,0.110352448310292,-0.0370168674290181));
#5076=CARTESIAN_POINT('',(0.00427635689568828,0.110522096138785,-0.0370168674290181));
#5077=CARTESIAN_POINT('',(0.00422444003939943,0.110678882255942,-0.0370168674290181));
#5078=CARTESIAN_POINT('',(0.00418867351343913,0.110779499829581,-0.0370168674290181));
#5079=CARTESIAN_POINT('',(0.00417354649855528,0.110821707590493,-0.0370168674290181));
#5080=CARTESIAN_POINT('',(0.00429699373494442,0.106924192275389,-0.0370168674290181));
#5081=CARTESIAN_POINT('',(0.00507359538764957,0.106658663805615,-0.0370168674290181));
#5082=CARTESIAN_POINT('',(0.00476099213984181,0.105899786539712,-0.0370168674290181));
#5083=CARTESIAN_POINT('',(1.38777878078145E-17,0.09434197732497,-0.0370168674290181));
#5084=CARTESIAN_POINT('',(0.00874802093793366,0.0843295640896638,-0.0305168674290181));
#5085=CARTESIAN_POINT('',(0.00874802093793366,0.0843295640896638,-0.0370168674290181));
#5086=CARTESIAN_POINT('',(0.00897971380036754,0.0840641930136797,-0.0305168674290181));
#5087=CARTESIAN_POINT('',(0.00897971380036754,0.0840641930136797,-0.0370168674290181));
#5088=CARTESIAN_POINT('',(0.0092697834246916,0.0837323834636471,-0.030516867429018));
#5089=CARTESIAN_POINT('',(0.0092697834246916,0.0837323834636471,-0.0370168674290181));
#5090=CARTESIAN_POINT('',(0.00928453345326661,0.0837165014456411,-0.030516867429018));
#5091=CARTESIAN_POINT('',(0.00928453345326661,0.0837165014456411,-0.0370168674290181));
#5092=CARTESIAN_POINT('',(0.00933628005583795,0.0836652902386618,-0.0305168674290181));
#5093=CARTESIAN_POINT('',(0.00933628005583795,0.0836652902386618,-0.0370168674290181));
#5094=CARTESIAN_POINT('',(0.00941682658957709,0.0835953320734229,-0.030516867429018));
#5095=CARTESIAN_POINT('',(0.00941682658957709,0.0835953320734229,-0.0370168674290181));
#5096=CARTESIAN_POINT('',(0.00958274122799756,0.083467270162609,-0.030516867429018));
#5097=CARTESIAN_POINT('',(0.00958274122799756,0.083467270162609,-0.0370168674290181));
#5098=CARTESIAN_POINT('',(0.00984026732284607,0.0832984675559978,-0.0305168674290181));
#5099=CARTESIAN_POINT('',(0.00984026732284607,0.0832984675559978,-0.0370168674290181));
#5100=CARTESIAN_POINT('',(0.0102136496427267,0.0830985470398409,-0.030516867429018));
#5101=CARTESIAN_POINT('',(0.0102136496427267,0.0830985470398409,-0.0370168674290181));
#5102=CARTESIAN_POINT('',(0.0106408679239763,0.082911568661664,-0.030516867429018));
#5103=CARTESIAN_POINT('',(0.0106408679239763,0.082911568661664,-0.0370168674290181));
#5104=CARTESIAN_POINT('',(0.0112724898781682,0.0826876143175724,-0.0305168674290181));
#5105=CARTESIAN_POINT('',(0.0112724898781682,0.0826876143175724,-0.0370168674290181));
#5106=CARTESIAN_POINT('',(0.0118079598628829,0.0825561332013353,-0.030516867429018));
#5107=CARTESIAN_POINT('',(0.0118079598628829,0.0825561332013353,-0.0370168674290181));
#5108=CARTESIAN_POINT('',(0.0121850918081806,0.082487714900584,-0.030516867429018));
#5109=CARTESIAN_POINT('',(0.0121850918081806,0.082487714900584,-0.0370168674290181));
#5110=CARTESIAN_POINT('',(0.00874802091546716,0.084329564115396,-0.0355168674290181));
#5111=CARTESIAN_POINT('',(0.0121850918081806,0.082487714900584,-0.030516867429018));
#5112=CARTESIAN_POINT('',(4.16333634234433E-17,0.09434197732497,-0.030516867429018));
#5113=CARTESIAN_POINT('',(0.00705995669468475,0.0840265998975961,-0.030516867429018));
#5114=CARTESIAN_POINT('',(0.00762886032213918,0.0844399325772782,-0.030516867429018));
#5115=CARTESIAN_POINT('',(0.0068190837143084,0.0829281091628476,-0.030516867429018));
#5116=CARTESIAN_POINT('',(0.0068190837143084,0.0829281091628476,-0.0370168674290181));
#5117=CARTESIAN_POINT('',(0.0069998695733919,0.0826257519839561,-0.030516867429018));
#5118=CARTESIAN_POINT('',(0.0069998695733919,0.0826257519839561,-0.0370168674290181));
#5119=CARTESIAN_POINT('',(0.00722580276465125,0.0822473445877074,-0.0305168674290181));
#5120=CARTESIAN_POINT('',(0.00722580276465125,0.0822473445877074,-0.0370168674290181));
#5121=CARTESIAN_POINT('',(0.00723634945187067,0.0822284086634467,-0.030516867429018));
#5122=CARTESIAN_POINT('',(0.00723634945187067,0.0822284086634467,-0.0370168674290181));
#5123=CARTESIAN_POINT('',(0.00726906362438003,0.0821633695866161,-0.0305168674290181));
#5124=CARTESIAN_POINT('',(0.00726906362438003,0.0821633695866161,-0.0370168674290181));
#5125=CARTESIAN_POINT('',(0.00731070754553508,0.0820651470188843,-0.030516867429018));
#5126=CARTESIAN_POINT('',(0.00731070754553508,0.0820651470188843,-0.0370168674290181));
#5127=CARTESIAN_POINT('',(0.0073812312174164,0.0818677795140922,-0.0305168674290181));
#5128=CARTESIAN_POINT('',(0.0073812312174164,0.0818677795140922,-0.0370168674290181));
#5129=CARTESIAN_POINT('',(0.00746219209659838,0.0815706947693328,-0.030516867429018));
#5130=CARTESIAN_POINT('',(0.00746219209659838,0.0815706947693328,-0.0370168674290181));
#5131=CARTESIAN_POINT('',(0.00753694632398813,0.0811538082439242,-0.0305168674290181));
#5132=CARTESIAN_POINT('',(0.00753694632398813,0.0811538082439242,-0.0370168674290181));
#5133=CARTESIAN_POINT('',(0.00758275561974592,0.0806897200172241,-0.030516867429018));
#5134=CARTESIAN_POINT('',(0.00758275561974592,0.0806897200172241,-0.0370168674290181));
#5135=CARTESIAN_POINT('',(0.00760056694018111,0.0800198061435664,-0.030516867429018));
#5136=CARTESIAN_POINT('',(0.00760056694018111,0.0800198061435664,-0.0370168674290181));
#5137=CARTESIAN_POINT('',(0.0075601435872937,0.0794699140259664,-0.030516867429018));
#5138=CARTESIAN_POINT('',(0.0075601435872937,0.0794699140259664,-0.0370168674290181));
#5139=CARTESIAN_POINT('',(0.00750867307783834,0.0790900978142295,-0.030516867429018));
#5140=CARTESIAN_POINT('',(0.00750867307783834,0.0790900978142295,-0.0370168674290181));
#5141=CARTESIAN_POINT('',(0.0068190836967782,0.0829281091921662,-0.030516867429018));
#5142=CARTESIAN_POINT('',(0.00750867307783834,0.0790900978142295,-0.030516867429018));
#5143=CARTESIAN_POINT('',(0.00752350826698663,0.0833492997905081,-0.033016867429018));
#5144=CARTESIAN_POINT('',(0.00812976568886219,0.0837897715904194,-0.033016867429018));
#5145=CARTESIAN_POINT('',(0.00391929944279549,0.0816370420239634,-0.0305168674290181));
#5146=CARTESIAN_POINT('',(0.00391929944279549,0.0816370420239634,-0.0370168674290181));
#5147=CARTESIAN_POINT('',(0.00402302526422498,0.0813003755058174,-0.0305168674290181));
#5148=CARTESIAN_POINT('',(0.00402302526422498,0.0813003755058174,-0.0370168674290181));
#5149=CARTESIAN_POINT('',(0.0041530579494056,0.0808792704533269,-0.030516867429018));
#5150=CARTESIAN_POINT('',(0.0041530579494056,0.0808792704533269,-0.037016867429018));
#5151=CARTESIAN_POINT('',(0.00416007297232131,0.0808587621308114,-0.030516867429018));
#5152=CARTESIAN_POINT('',(0.00416007297232131,0.0808587621308114,-0.0370168674290181));
#5153=CARTESIAN_POINT('',(0.00418651637163418,0.0807909311258746,-0.0305168674290181));
#5154=CARTESIAN_POINT('',(0.00418651637163418,0.0807909311258746,-0.0370168674290181));
#5155=CARTESIAN_POINT('',(0.00423164474237543,0.0806942599350511,-0.030516867429018));
#5156=CARTESIAN_POINT('',(0.00423164474237543,0.0806942599350511,-0.0370168674290181));
#5157=CARTESIAN_POINT('',(0.00433112783495054,0.0805097859950619,-0.0305168674290181));
#5158=CARTESIAN_POINT('',(0.00433112783495054,0.0805097859950619,-0.0370168674290181));
#5159=CARTESIAN_POINT('',(0.00449773142356834,0.0802508318412307,-0.030516867429018));
#5160=CARTESIAN_POINT('',(0.00449773142356834,0.0802508318412307,-0.0370168674290181));
#5161=CARTESIAN_POINT('',(0.00475751814623575,0.0799163270904341,-0.0305168674290181));
#5162=CARTESIAN_POINT('',(0.00475751814623575,0.0799163270904341,-0.0370168674290181));
#5163=CARTESIAN_POINT('',(0.00507175050862573,0.079571748512797,-0.0305168674290181));
#5164=CARTESIAN_POINT('',(0.00507175050862573,0.079571748512797,-0.0370168674290181));
#5165=CARTESIAN_POINT('',(0.0055576754377071,0.0791102522456922,-0.030516867429018));
#5166=CARTESIAN_POINT('',(0.0055576754377071,0.0791102522456922,-0.0370168674290181));
#5167=CARTESIAN_POINT('',(0.00599337342210078,0.0787723430051363,-0.030516867429018));
#5168=CARTESIAN_POINT('',(0.00599337342210078,0.0787723430051363,-0.0370168674290181));
#5169=CARTESIAN_POINT('',(0.0063100723676871,0.078556446395839,-0.030516867429018));
#5170=CARTESIAN_POINT('',(0.0063100723676871,0.078556446395839,-0.0370168674290181));
#5171=CARTESIAN_POINT('',(0.00391929943273754,0.0816370420566089,-0.0355168674290181));
#5172=CARTESIAN_POINT('',(0.0063100723676871,0.078556446395839,-0.030516867429018));
#5173=CARTESIAN_POINT('',(6.93889390390723E-18,0.0943419773249699,-0.030516867429018));
#5174=CARTESIAN_POINT('',(0.00225394938271274,0.0820468680460669,-0.030516867429018));
#5175=CARTESIAN_POINT('',(0.00294178625401759,0.0821930722864213,-0.030516867429018));
#5176=CARTESIAN_POINT('',(0.00158710453171964,0.0811413186925208,-0.030516867429018));
#5177=CARTESIAN_POINT('',(0.00158710453171964,0.0811413186925208,-0.037016867429018));
#5178=CARTESIAN_POINT('',(0.0016292808881392,0.0807915694317197,-0.030516867429018));
#5179=CARTESIAN_POINT('',(0.0016292808881392,0.0807915694317197,-0.037016867429018));
#5180=CARTESIAN_POINT('',(0.00168176897467961,0.0803539817659662,-0.0305168674290181));
#5181=CARTESIAN_POINT('',(0.00168176897467961,0.0803539817659662,-0.0370168674290181));
#5182=CARTESIAN_POINT('',(0.00168370191861478,0.0803323932142163,-0.030516867429018));
#5183=CARTESIAN_POINT('',(0.00168370191861478,0.0803323932142163,-0.037016867429018));
#5184=CARTESIAN_POINT('',(0.00168713402653236,0.080259671008301,-0.030516867429018));
#5185=CARTESIAN_POINT('',(0.00168713402653236,0.080259671008301,-0.037016867429018));
#5186=CARTESIAN_POINT('',(0.00168522692406852,0.0801530021190165,-0.0305168674290181));
#5187=CARTESIAN_POINT('',(0.00168522692406852,0.0801530021190165,-0.037016867429018));
#5188=CARTESIAN_POINT('',(0.00166937690782056,0.0799440133699691,-0.0305168674290181));
#5189=CARTESIAN_POINT('',(0.00166937690782056,0.0799440133699691,-0.037016867429018));
#5190=CARTESIAN_POINT('',(0.00162250309945155,0.0796396831946403,-0.030516867429018));
#5191=CARTESIAN_POINT('',(0.00162250309945155,0.0796396831946403,-0.037016867429018));
#5192=CARTESIAN_POINT('',(0.00152123145843485,0.0792284331194967,-0.0305168674290181));
#5193=CARTESIAN_POINT('',(0.00152123145843485,0.0792284331194967,-0.0370168674290181));
#5194=CARTESIAN_POINT('',(0.00137431864507309,0.078785835108871,-0.030516867429018));
#5195=CARTESIAN_POINT('',(0.00137431864507309,0.078785835108871,-0.037016867429018));
#5196=CARTESIAN_POINT('',(0.00111811157582993,0.0781665938158969,-0.0305168674290181));
#5197=CARTESIAN_POINT('',(0.00111811157582993,0.0781665938158969,-0.037016867429018));
#5198=CARTESIAN_POINT('',(0.000857521731450378,0.0776806840285246,-0.030516867429018));
#5199=CARTESIAN_POINT('',(0.000857521731450378,0.0776806840285246,-0.037016867429018));
#5200=CARTESIAN_POINT('',(0.000656015910387317,0.0773546395957872,-0.030516867429018));
#5201=CARTESIAN_POINT('',(0.000656015910387317,0.0773546395957872,-0.037016867429018));
#5202=CARTESIAN_POINT('',(0.00158710452762996,0.0811413187264349,-0.030516867429018));
#5203=CARTESIAN_POINT('',(0.000656015910387317,0.0773546395957872,-0.030516867429018));
#5204=CARTESIAN_POINT('',(0.00240194204406035,0.0812395801993652,-0.033016867429018));
#5205=CARTESIAN_POINT('',(0.00313494177924238,0.0813953841027804,-0.033016867429018));
#5206=CARTESIAN_POINT('',(-0.00158710453171964,0.0811413186925208,-0.0305168674290181));
#5207=CARTESIAN_POINT('',(-0.00158710453171964,0.0811413186925208,-0.0370168674290181));
#5208=CARTESIAN_POINT('',(-0.0016292808881392,0.0807915694317197,-0.030516867429018));
#5209=CARTESIAN_POINT('',(-0.0016292808881392,0.0807915694317197,-0.0370168674290181));
#5210=CARTESIAN_POINT('',(-0.00168176897467961,0.0803539817659661,-0.030516867429018));
#5211=CARTESIAN_POINT('',(-0.00168176897467961,0.0803539817659661,-0.0370168674290181));
#5212=CARTESIAN_POINT('',(-0.00168370191861479,0.0803323932142163,-0.030516867429018));
#5213=CARTESIAN_POINT('',(-0.00168370191861479,0.0803323932142163,-0.0370168674290181));
#5214=CARTESIAN_POINT('',(-0.00168713402653237,0.0802596710083011,-0.030516867429018));
#5215=CARTESIAN_POINT('',(-0.00168713402653237,0.0802596710083011,-0.0370168674290181));
#5216=CARTESIAN_POINT('',(-0.00168522692406852,0.0801530021190165,-0.030516867429018));
#5217=CARTESIAN_POINT('',(-0.00168522692406852,0.0801530021190165,-0.0370168674290181));
#5218=CARTESIAN_POINT('',(-0.00166937690782056,0.0799440133699691,-0.030516867429018));
#5219=CARTESIAN_POINT('',(-0.00166937690782056,0.0799440133699691,-0.0370168674290181));
#5220=CARTESIAN_POINT('',(-0.00162250309945154,0.0796396831946403,-0.030516867429018));
#5221=CARTESIAN_POINT('',(-0.00162250309945154,0.0796396831946403,-0.0370168674290181));
#5222=CARTESIAN_POINT('',(-0.00152123145843485,0.0792284331194967,-0.0305168674290181));
#5223=CARTESIAN_POINT('',(-0.00152123145843485,0.0792284331194967,-0.0370168674290181));
#5224=CARTESIAN_POINT('',(-0.00137431864507312,0.078785835108871,-0.0305168674290181));
#5225=CARTESIAN_POINT('',(-0.00137431864507312,0.078785835108871,-0.0370168674290181));
#5226=CARTESIAN_POINT('',(-0.00111811157582987,0.0781665938158969,-0.030516867429018));
#5227=CARTESIAN_POINT('',(-0.00111811157582987,0.0781665938158969,-0.0370168674290181));
#5228=CARTESIAN_POINT('',(-0.000857521731450511,0.0776806840285247,-0.030516867429018));
#5229=CARTESIAN_POINT('',(-0.000857521731450511,0.0776806840285247,-0.0370168674290181));
#5230=CARTESIAN_POINT('',(-0.000656015910387324,0.0773546395957872,-0.030516867429018));
#5231=CARTESIAN_POINT('',(-0.000656015910387324,0.0773546395957872,-0.0370168674290181));
#5232=CARTESIAN_POINT('',(-0.00158710452762995,0.0811413187264349,-0.0355168674290181));
#5233=CARTESIAN_POINT('',(-0.000656015910387324,0.0773546395957872,-0.030516867429018));
#5234=CARTESIAN_POINT('',(-6.93889390390723E-18,0.0943419773249699,-0.030516867429018));
#5235=CARTESIAN_POINT('',(-0.00294178625401759,0.0821930722864213,-0.030516867429018));
#5236=CARTESIAN_POINT('',(-0.00225394938271275,0.0820468680460669,-0.030516867429018));
#5237=CARTESIAN_POINT('',(-0.00391929944279549,0.0816370420239634,-0.0305168674290181));
#5238=CARTESIAN_POINT('',(-0.00391929944279549,0.0816370420239634,-0.0370168674290181));
#5239=CARTESIAN_POINT('',(-0.00402302526422498,0.0813003755058174,-0.0305168674290181));
#5240=CARTESIAN_POINT('',(-0.00402302526422498,0.0813003755058174,-0.0370168674290181));
#5241=CARTESIAN_POINT('',(-0.0041530579494056,0.0808792704533269,-0.0305168674290181));
#5242=CARTESIAN_POINT('',(-0.0041530579494056,0.0808792704533269,-0.0370168674290181));
#5243=CARTESIAN_POINT('',(-0.00416007297232133,0.0808587621308114,-0.030516867429018));
#5244=CARTESIAN_POINT('',(-0.00416007297232133,0.0808587621308114,-0.0370168674290181));
#5245=CARTESIAN_POINT('',(-0.00418651637163416,0.0807909311258746,-0.0305168674290181));
#5246=CARTESIAN_POINT('',(-0.00418651637163416,0.0807909311258746,-0.0370168674290181));
#5247=CARTESIAN_POINT('',(-0.00423164474237542,0.0806942599350512,-0.030516867429018));
#5248=CARTESIAN_POINT('',(-0.00423164474237542,0.0806942599350512,-0.0370168674290181));
#5249=CARTESIAN_POINT('',(-0.00433112783495054,0.0805097859950618,-0.030516867429018));
#5250=CARTESIAN_POINT('',(-0.00433112783495054,0.0805097859950618,-0.0370168674290181));
#5251=CARTESIAN_POINT('',(-0.00449773142356833,0.0802508318412309,-0.0305168674290181));
#5252=CARTESIAN_POINT('',(-0.00449773142356833,0.0802508318412309,-0.0370168674290181));
#5253=CARTESIAN_POINT('',(-0.00475751814623574,0.0799163270904341,-0.0305168674290181));
#5254=CARTESIAN_POINT('',(-0.00475751814623574,0.0799163270904341,-0.0370168674290181));
#5255=CARTESIAN_POINT('',(-0.00507175050862574,0.079571748512797,-0.030516867429018));
#5256=CARTESIAN_POINT('',(-0.00507175050862574,0.079571748512797,-0.0370168674290181));
#5257=CARTESIAN_POINT('',(-0.00555767543770705,0.079110252245692,-0.0305168674290181));
#5258=CARTESIAN_POINT('',(-0.00555767543770705,0.079110252245692,-0.0370168674290181));
#5259=CARTESIAN_POINT('',(-0.00599337342210105,0.0787723430051371,-0.0305168674290181));
#5260=CARTESIAN_POINT('',(-0.00599337342210105,0.0787723430051371,-0.0370168674290181));
#5261=CARTESIAN_POINT('',(-0.0063100723676871,0.078556446395839,-0.030516867429018));
#5262=CARTESIAN_POINT('',(-0.0063100723676871,0.078556446395839,-0.0370168674290181));
#5263=CARTESIAN_POINT('',(-0.00391929943273748,0.0816370420566089,-0.030516867429018));
#5264=CARTESIAN_POINT('',(-0.0063100723676871,0.078556446395839,-0.030516867429018));
#5265=CARTESIAN_POINT('',(-0.00313494177924236,0.0813953841027806,-0.033016867429018));
#5266=CARTESIAN_POINT('',(-0.00240194204406039,0.0812395801993651,-0.033016867429018));
#5267=CARTESIAN_POINT('',(0.,0.09434197732497,-0.030516867429018));
#5268=CARTESIAN_POINT('',(0.,0.09434197732497,-0.030516867429018));
#5269=CARTESIAN_POINT('',(-0.00681908371430843,0.0829281091628475,-0.0305168674290181));
#5270=CARTESIAN_POINT('',(-0.00681908371430843,0.0829281091628475,-0.0370168674290181));
#5271=CARTESIAN_POINT('',(-0.00699986957339192,0.082625751983956,-0.0305168674290181));
#5272=CARTESIAN_POINT('',(-0.00699986957339192,0.082625751983956,-0.0370168674290181));
#5273=CARTESIAN_POINT('',(-0.00722580276465124,0.0822473445877074,-0.0305168674290181));
#5274=CARTESIAN_POINT('',(-0.00722580276465124,0.0822473445877074,-0.0370168674290181));
#5275=CARTESIAN_POINT('',(-0.00723634945187067,0.0822284086634467,-0.030516867429018));
#5276=CARTESIAN_POINT('',(-0.00723634945187067,0.0822284086634467,-0.0370168674290181));
#5277=CARTESIAN_POINT('',(-0.00726906362437999,0.0821633695866161,-0.0305168674290181));
#5278=CARTESIAN_POINT('',(-0.00726906362437999,0.0821633695866161,-0.0370168674290181));
#5279=CARTESIAN_POINT('',(-0.00731070754553509,0.0820651470188843,-0.030516867429018));
#5280=CARTESIAN_POINT('',(-0.00731070754553509,0.0820651470188843,-0.0370168674290181));
#5281=CARTESIAN_POINT('',(-0.00738123121741638,0.0818677795140922,-0.0305168674290181));
#5282=CARTESIAN_POINT('',(-0.00738123121741638,0.0818677795140922,-0.0370168674290181));
#5283=CARTESIAN_POINT('',(-0.00746219209659836,0.0815706947693328,-0.030516867429018));
#5284=CARTESIAN_POINT('',(-0.00746219209659836,0.0815706947693328,-0.0370168674290181));
#5285=CARTESIAN_POINT('',(-0.00753694632398812,0.0811538082439243,-0.0305168674290181));
#5286=CARTESIAN_POINT('',(-0.00753694632398812,0.0811538082439243,-0.0370168674290181));
#5287=CARTESIAN_POINT('',(-0.00758275561974589,0.080689720017224,-0.030516867429018));
#5288=CARTESIAN_POINT('',(-0.00758275561974589,0.080689720017224,-0.0370168674290181));
#5289=CARTESIAN_POINT('',(-0.00760056694018106,0.0800198061435664,-0.0305168674290181));
#5290=CARTESIAN_POINT('',(-0.00760056694018106,0.0800198061435664,-0.0370168674290181));
#5291=CARTESIAN_POINT('',(-0.00756014358729386,0.0794699140259664,-0.030516867429018));
#5292=CARTESIAN_POINT('',(-0.00756014358729386,0.0794699140259664,-0.0370168674290181));
#5293=CARTESIAN_POINT('',(-0.00750867307783832,0.0790900978142295,-0.030516867429018));
#5294=CARTESIAN_POINT('',(-0.00750867307783832,0.0790900978142295,-0.0370168674290181));
#5295=CARTESIAN_POINT('',(-0.00681908369677822,0.0829281091921661,-0.0355168674290181));
#5296=CARTESIAN_POINT('',(-0.00750867307783832,0.0790900978142295,-0.030516867429018));
#5297=CARTESIAN_POINT('',(-2.08166817117217E-17,0.0943419773249699,-0.030516867429018));
#5298=CARTESIAN_POINT('',(-0.00762886032213918,0.0844399325772782,-0.030516867429018));
#5299=CARTESIAN_POINT('',(-0.00705995669468474,0.084026599897596,-0.030516867429018));
#5300=CARTESIAN_POINT('',(-0.00874802093793362,0.0843295640896638,-0.030516867429018));
#5301=CARTESIAN_POINT('',(-0.00874802093793362,0.0843295640896638,-0.037016867429018));
#5302=CARTESIAN_POINT('',(-0.00897971380036749,0.0840641930136797,-0.0305168674290181));
#5303=CARTESIAN_POINT('',(-0.00897971380036749,0.0840641930136797,-0.037016867429018));
#5304=CARTESIAN_POINT('',(-0.00926978342469158,0.0837323834636471,-0.0305168674290181));
#5305=CARTESIAN_POINT('',(-0.00926978342469158,0.0837323834636471,-0.0370168674290181));
#5306=CARTESIAN_POINT('',(-0.00928453345326658,0.0837165014456411,-0.030516867429018));
#5307=CARTESIAN_POINT('',(-0.00928453345326658,0.0837165014456411,-0.037016867429018));
#5308=CARTESIAN_POINT('',(-0.00933628005583791,0.0836652902386617,-0.030516867429018));
#5309=CARTESIAN_POINT('',(-0.00933628005583791,0.0836652902386617,-0.037016867429018));
#5310=CARTESIAN_POINT('',(-0.00941682658957708,0.0835953320734228,-0.0305168674290181));
#5311=CARTESIAN_POINT('',(-0.00941682658957708,0.0835953320734228,-0.0370168674290181));
#5312=CARTESIAN_POINT('',(-0.00958274122799754,0.0834672701626089,-0.030516867429018));
#5313=CARTESIAN_POINT('',(-0.00958274122799754,0.0834672701626089,-0.037016867429018));
#5314=CARTESIAN_POINT('',(-0.00984026732284604,0.0832984675559978,-0.0305168674290181));
#5315=CARTESIAN_POINT('',(-0.00984026732284604,0.0832984675559978,-0.0370168674290181));
#5316=CARTESIAN_POINT('',(-0.0102136496427267,0.0830985470398409,-0.0305168674290181));
#5317=CARTESIAN_POINT('',(-0.0102136496427267,0.0830985470398409,-0.037016867429018));
#5318=CARTESIAN_POINT('',(-0.0106408679239763,0.0829115686616639,-0.0305168674290181));
#5319=CARTESIAN_POINT('',(-0.0106408679239763,0.0829115686616639,-0.037016867429018));
#5320=CARTESIAN_POINT('',(-0.0112724898781682,0.0826876143175724,-0.030516867429018));
#5321=CARTESIAN_POINT('',(-0.0112724898781682,0.0826876143175724,-0.037016867429018));
#5322=CARTESIAN_POINT('',(-0.0118079598628829,0.0825561332013353,-0.030516867429018));
#5323=CARTESIAN_POINT('',(-0.0118079598628829,0.0825561332013353,-0.037016867429018));
#5324=CARTESIAN_POINT('',(-0.0121850918081806,0.082487714900584,-0.030516867429018));
#5325=CARTESIAN_POINT('',(-0.0121850918081806,0.082487714900584,-0.037016867429018));
#5326=CARTESIAN_POINT('',(-0.00874802091546707,0.084329564115396,-0.030516867429018));
#5327=CARTESIAN_POINT('',(-0.0121850918081806,0.082487714900584,-0.030516867429018));
#5328=CARTESIAN_POINT('',(-0.0081297656888621,0.0837897715904195,-0.033016867429018));
#5329=CARTESIAN_POINT('',(-0.00752350826698668,0.0833492997905079,-0.033016867429018));
#5330=CARTESIAN_POINT('',(0.,0.09434197732497,-0.030516867429018));
#5331=CARTESIAN_POINT('',(-0.0108719813732626,0.0866884611301421,-0.030516867429018));
#5332=CARTESIAN_POINT('',(-0.0108719813732626,0.0866884611301421,-0.0370168674290181));
#5333=CARTESIAN_POINT('',(-0.0111601172175865,0.0864857763362194,-0.030516867429018));
#5334=CARTESIAN_POINT('',(-0.0111601172175865,0.0864857763362194,-0.0370168674290181));
#5335=CARTESIAN_POINT('',(-0.0115204296122574,0.0862319792860103,-0.030516867429018));
#5336=CARTESIAN_POINT('',(-0.0115204296122574,0.0862319792860103,-0.037016867429018));
#5337=CARTESIAN_POINT('',(-0.0115377664247272,0.0862189701825709,-0.0305168674290181));
#5338=CARTESIAN_POINT('',(-0.0115377664247272,0.0862189701825709,-0.0370168674290181));
#5339=CARTESIAN_POINT('',(-0.0115941060842024,0.0861728600820705,-0.030516867429018));
#5340=CARTESIAN_POINT('',(-0.0115941060842024,0.0861728600820705,-0.037016867429018));
#5341=CARTESIAN_POINT('',(-0.0116721004166856,0.0861000674101763,-0.0305168674290181));
#5342=CARTESIAN_POINT('',(-0.0116721004166856,0.0861000674101763,-0.0370168674290181));
#5343=CARTESIAN_POINT('',(-0.0118168035931404,0.0859484477842455,-0.030516867429018));
#5344=CARTESIAN_POINT('',(-0.0118168035931404,0.0859484477842455,-0.037016867429018));
#5345=CARTESIAN_POINT('',(-0.0120116002883564,0.0857099771213547,-0.0305168674290181));
#5346=CARTESIAN_POINT('',(-0.0120116002883564,0.0857099771213547,-0.0370168674290181));
#5347=CARTESIAN_POINT('',(-0.012249454699116,0.0853595376132195,-0.0305168674290181));
#5348=CARTESIAN_POINT('',(-0.012249454699116,0.0853595376132195,-0.0370168674290181));
#5349=CARTESIAN_POINT('',(-0.0124800652605924,0.0849542042409503,-0.030516867429018));
#5350=CARTESIAN_POINT('',(-0.0124800652605924,0.0849542042409503,-0.0370168674290181));
#5351=CARTESIAN_POINT('',(-0.012768815231592,0.0843494519813412,-0.030516867429018));
#5352=CARTESIAN_POINT('',(-0.012768815231592,0.0843494519813412,-0.0370168674290181));
#5353=CARTESIAN_POINT('',(-0.0129555479351458,0.0838306588762586,-0.030516867429018));
#5354=CARTESIAN_POINT('',(-0.0129555479351458,0.0838306588762586,-0.0370168674290181));
#5355=CARTESIAN_POINT('',(-0.0130630124559776,0.0834627445590544,-0.030516867429018));
#5356=CARTESIAN_POINT('',(-0.0130630124559776,0.0834627445590544,-0.0370168674290181));
#5357=CARTESIAN_POINT('',(-0.010871981345323,0.0866884611497958,-0.0355168674290181));
#5358=CARTESIAN_POINT('',(-0.0130630124559776,0.0834627445590544,-0.030516867429018));
#5359=CARTESIAN_POINT('',(-4.16333634234433E-17,0.0943419773249699,-0.030516867429018));
#5360=CARTESIAN_POINT('',(-0.0109968351345426,0.0883989463622634,-0.030516867429018));
#5361=CARTESIAN_POINT('',(-0.0106452333564527,0.0877899542185801,-0.030516867429018));
#5362=CARTESIAN_POINT('',(-0.0120641301396277,0.0887533233636673,-0.0305168674290181));
#5363=CARTESIAN_POINT('',(-0.0120641301396277,0.0887533233636673,-0.037016867429018));
#5364=CARTESIAN_POINT('',(-0.0123837282422876,0.0886051327997033,-0.0305168674290181));
#5365=CARTESIAN_POINT('',(-0.0123837282422876,0.0886051327997033,-0.037016867429018));
#5366=CARTESIAN_POINT('',(-0.0127836791325097,0.0884199916377244,-0.030516867429018));
#5367=CARTESIAN_POINT('',(-0.0127836791325097,0.0884199916377244,-0.037016867429018));
#5368=CARTESIAN_POINT('',(-0.0128036137528036,0.0884114820694247,-0.0305168674290181));
#5369=CARTESIAN_POINT('',(-0.0128036137528036,0.0884114820694247,-0.037016867429018));
#5370=CARTESIAN_POINT('',(-0.0128717161009457,0.0883857455433287,-0.030516867429018));
#5371=CARTESIAN_POINT('',(-0.0128717161009457,0.0883857455433287,-0.037016867429018));
#5372=CARTESIAN_POINT('',(-0.012973753570257,0.0883545968059942,-0.030516867429018));
#5373=CARTESIAN_POINT('',(-0.012973753570257,0.0883545968059942,-0.037016867429018));
#5374=CARTESIAN_POINT('',(-0.0131774116062527,0.0883050899921413,-0.030516867429018));
#5375=CARTESIAN_POINT('',(-0.0131774116062527,0.0883050899921413,-0.037016867429018));
#5376=CARTESIAN_POINT('',(-0.0134813316059815,0.0882556264369567,-0.0305168674290181));
#5377=CARTESIAN_POINT('',(-0.0134813316059815,0.0882556264369567,-0.037016867429018));
#5378=CARTESIAN_POINT('',(-0.0139037483278961,0.0882248582289041,-0.0305168674290181));
#5379=CARTESIAN_POINT('',(-0.0139037483278961,0.0882248582289041,-0.037016867429018));
#5380=CARTESIAN_POINT('',(-0.0143700826060211,0.0882278103104192,-0.0305168674290181));
#5381=CARTESIAN_POINT('',(-0.0143700826060211,0.0882278103104192,-0.037016867429018));
#5382=CARTESIAN_POINT('',(-0.0150381884113383,0.0882801216299959,-0.0305168674290181));
#5383=CARTESIAN_POINT('',(-0.0150381884113383,0.0882801216299959,-0.037016867429018));
#5384=CARTESIAN_POINT('',(-0.015580842771425,0.0883778029175429,-0.030516867429018));
#5385=CARTESIAN_POINT('',(-0.015580842771425,0.0883778029175429,-0.037016867429018));
#5386=CARTESIAN_POINT('',(-0.0159531981769558,0.0884686930710986,-0.030516867429018));
#5387=CARTESIAN_POINT('',(-0.0159531981769558,0.0884686930710986,-0.037016867429018));
#5388=CARTESIAN_POINT('',(-0.0120641301086373,0.0887533233780369,-0.030516867429018));
#5389=CARTESIAN_POINT('',(-0.0159531981769558,0.0884686930710986,-0.030516867429018));
#5390=CARTESIAN_POINT('',(-0.0117188792542749,0.0880087313133418,-0.033016867429018));
#5391=CARTESIAN_POINT('',(-0.0113441915616241,0.0873597531926995,-0.033016867429018));
#5392=CARTESIAN_POINT('',(0.,0.09434197732497,-0.030516867429018));
#5393=CARTESIAN_POINT('',(-0.0130450146839295,0.0917721755775344,-0.0305168674290181));
#5394=CARTESIAN_POINT('',(-0.0130450146839295,0.0917721755775344,-0.0370168674290181));
#5395=CARTESIAN_POINT('',(-0.0133906792083783,0.0917042092107831,-0.0305168674290181));
#5396=CARTESIAN_POINT('',(-0.0133906792083783,0.0917042092107831,-0.0370168674290181));
#5397=CARTESIAN_POINT('',(-0.0138230695200868,0.0916189063222685,-0.030516867429018));
#5398=CARTESIAN_POINT('',(-0.0138230695200868,0.0916189063222685,-0.037016867429018));
#5399=CARTESIAN_POINT('',(-0.0138441987654309,0.0916140734318191,-0.030516867429018));
#5400=CARTESIAN_POINT('',(-0.0138441987654309,0.0916140734318191,-0.037016867429018));
#5401=CARTESIAN_POINT('',(-0.0139144222729192,0.0915948651629225,-0.0305168674290181));
#5402=CARTESIAN_POINT('',(-0.0139144222729192,0.0915948651629225,-0.0370168674290181));
#5403=CARTESIAN_POINT('',(-0.0140152810880878,0.091560088901137,-0.030516867429018));
#5404=CARTESIAN_POINT('',(-0.0140152810880878,0.091560088901137,-0.037016867429018));
#5405=CARTESIAN_POINT('',(-0.01420914327532,0.0914804335648122,-0.0305168674290181));
#5406=CARTESIAN_POINT('',(-0.01420914327532,0.0914804335648122,-0.0370168674290181));
#5407=CARTESIAN_POINT('',(-0.0144840936682946,0.0913418107278416,-0.030516867429018));
#5408=CARTESIAN_POINT('',(-0.0144840936682946,0.0913418107278416,-0.037016867429018));
#5409=CARTESIAN_POINT('',(-0.0148439210739644,0.0911184124115793,-0.030516867429018));
#5410=CARTESIAN_POINT('',(-0.0148439210739644,0.0911184124115793,-0.037016867429018));
#5411=CARTESIAN_POINT('',(-0.015219458240049,0.0908419197161446,-0.0305168674290181));
#5412=CARTESIAN_POINT('',(-0.015219458240049,0.0908419197161446,-0.0370168674290181));
#5413=CARTESIAN_POINT('',(-0.015729219368416,0.0904068962302721,-0.030516867429018));
#5414=CARTESIAN_POINT('',(-0.015729219368416,0.0904068962302721,-0.0370168674290181));
#5415=CARTESIAN_POINT('',(-0.0161108203475528,0.0900089061786642,-0.0305168674290181));
#5416=CARTESIAN_POINT('',(-0.0161108203475528,0.0900089061786642,-0.0370168674290181));
#5417=CARTESIAN_POINT('',(-0.0163586383067359,0.0897165094838329,-0.0305168674290181));
#5418=CARTESIAN_POINT('',(-0.0163586383067359,0.0897165094838329,-0.0370168674290181));
#5419=CARTESIAN_POINT('',(-0.0130450146504116,0.0917721755841249,-0.0355168674290181));
#5420=CARTESIAN_POINT('',(-0.0163586383067359,0.0897165094838329,-0.030516867429018));
#5421=CARTESIAN_POINT('',(-6.24500451351651E-17,0.09434197732497,-0.030516867429018));
#5422=CARTESIAN_POINT('',(-0.0124633572490728,0.093385564191442,-0.030516867429018));
#5423=CARTESIAN_POINT('',(-0.0123898524619809,0.0926862128579202,-0.030516867429018));
#5424=CARTESIAN_POINT('',(-0.0132942416409986,0.0941434116789074,-0.0305168674290181));
#5425=CARTESIAN_POINT('',(-0.0132942416409986,0.0941434116789074,-0.037016867429018));
#5426=CARTESIAN_POINT('',(-0.013646483568477,0.0941380251217419,-0.030516867429018));
#5427=CARTESIAN_POINT('',(-0.013646483568477,0.0941380251217419,-0.037016867429018));
#5428=CARTESIAN_POINT('',(-0.0140871605822379,0.0941315649366775,-0.0305168674290181));
#5429=CARTESIAN_POINT('',(-0.0140871605822379,0.0941315649366775,-0.037016867429018));
#5430=CARTESIAN_POINT('',(-0.0141088329173015,0.0941318991997501,-0.030516867429018));
#5431=CARTESIAN_POINT('',(-0.0141088329173015,0.0941318991997501,-0.037016867429018));
#5432=CARTESIAN_POINT('',(-0.0141815154963303,0.0941360874337085,-0.030516867429018));
#5433=CARTESIAN_POINT('',(-0.0141815154963303,0.0941360874337085,-0.037016867429018));
#5434=CARTESIAN_POINT('',(-0.0142874006957884,0.0941491340239409,-0.0305168674290181));
#5435=CARTESIAN_POINT('',(-0.0142874006957884,0.0941491340239409,-0.0370168674290181));
#5436=CARTESIAN_POINT('',(-0.0144935878047606,0.0941867424849195,-0.030516867429018));
#5437=CARTESIAN_POINT('',(-0.0144935878047606,0.0941867424849195,-0.037016867429018));
#5438=CARTESIAN_POINT('',(-0.01479135118039,0.094265170679215,-0.030516867429018));
#5439=CARTESIAN_POINT('',(-0.01479135118039,0.094265170679215,-0.037016867429018));
#5440=CARTESIAN_POINT('',(-0.0151897626155841,0.0944088748819594,-0.0305168674290181));
#5441=CARTESIAN_POINT('',(-0.0151897626155841,0.0944088748819594,-0.037016867429018));
#5442=CARTESIAN_POINT('',(-0.0156145794573827,0.0946012469814538,-0.030516867429018));
#5443=CARTESIAN_POINT('',(-0.0156145794573827,0.0946012469814538,-0.037016867429018));
#5444=CARTESIAN_POINT('',(-0.0162036475505354,0.0949207788623109,-0.0305168674290181));
#5445=CARTESIAN_POINT('',(-0.0162036475505354,0.0949207788623109,-0.0370168674290181));
#5446=CARTESIAN_POINT('',(-0.0166596564172745,0.0952307325716169,-0.030516867429018));
#5447=CARTESIAN_POINT('',(-0.0166596564172745,0.0952307325716169,-0.037016867429018));
#5448=CARTESIAN_POINT('',(-0.0169628516506798,0.09546521544622,-0.030516867429018));
#5449=CARTESIAN_POINT('',(-0.0169628516506798,0.09546521544622,-0.037016867429018));
#5450=CARTESIAN_POINT('',(-0.0132942416068429,0.0941434116794297,-0.030516867429018));
#5451=CARTESIAN_POINT('',(-0.0169628516506798,0.09546521544622,-0.030516867429018));
#5452=CARTESIAN_POINT('',(-0.0132816921339478,0.0933227668074083,-0.033016867429018));
#5453=CARTESIAN_POINT('',(-0.0132033610765118,0.0925774965788756,-0.033016867429018));
#5454=CARTESIAN_POINT('',(-0.0129624464455072,0.0973002320929742,-0.030516867429018));
#5455=CARTESIAN_POINT('',(-0.0129624464455072,0.0973002320929742,-0.037016867429018));
#5456=CARTESIAN_POINT('',(-0.01330587111354,0.0973787361556608,-0.0305168674290181));
#5457=CARTESIAN_POINT('',(-0.01330587111354,0.0973787361556608,-0.0370168674290181));
#5458=CARTESIAN_POINT('',(-0.013735575129249,0.0974766770732174,-0.0305168674290181));
#5459=CARTESIAN_POINT('',(-0.013735575129249,0.0974766770732174,-0.0370168674290181));
#5460=CARTESIAN_POINT('',(-0.0137568433689944,0.097480856046422,-0.030516867429018));
#5461=CARTESIAN_POINT('',(-0.0137568433689944,0.097480856046422,-0.037016867429018));
#5462=CARTESIAN_POINT('',(-0.0138288084420903,0.0974918708933229,-0.0305168674290181));
#5463=CARTESIAN_POINT('',(-0.0138288084420903,0.0974918708933229,-0.0370168674290181));
#5464=CARTESIAN_POINT('',(-0.0139350923345281,0.0975011241732415,-0.0305168674290181));
#5465=CARTESIAN_POINT('',(-0.0139350923345281,0.0975011241732415,-0.0370168674290181));
#5466=CARTESIAN_POINT('',(-0.0141445929991826,0.0975072062578189,-0.030516867429018));
#5467=CARTESIAN_POINT('',(-0.0141445929991826,0.0975072062578189,-0.037016867429018));
#5468=CARTESIAN_POINT('',(-0.0144521556691247,0.0974924003946299,-0.0305168674290181));
#5469=CARTESIAN_POINT('',(-0.0144521556691247,0.0974924003946299,-0.0370168674290181));
#5470=CARTESIAN_POINT('',(-0.0148717386423349,0.0974346708686323,-0.030516867429018));
#5471=CARTESIAN_POINT('',(-0.0148717386423349,0.0974346708686323,-0.037016867429018));
#5472=CARTESIAN_POINT('',(-0.0153272686253635,0.09733482694893,-0.030516867429018));
#5473=CARTESIAN_POINT('',(-0.0153272686253635,0.09733482694893,-0.037016867429018));
#5474=CARTESIAN_POINT('',(-0.015969898580969,0.0971447517495656,-0.030516867429018));
#5475=CARTESIAN_POINT('',(-0.015969898580969,0.0971447517495656,-0.037016867429018));
#5476=CARTESIAN_POINT('',(-0.0164803855596598,0.0969363808469812,-0.0305168674290181));
#5477=CARTESIAN_POINT('',(-0.0164803855596598,0.0969363808469812,-0.0370168674290181));
#5478=CARTESIAN_POINT('',(-0.016825706980696,0.0967700598194002,-0.0305168674290181));
#5479=CARTESIAN_POINT('',(-0.016825706980696,0.0967700598194002,-0.037016867429018));
#5480=CARTESIAN_POINT('',(-0.0129624464122064,0.0973002320853619,-0.0355168674290181));
#5481=CARTESIAN_POINT('',(-0.016825706980696,0.0967700598194002,-0.030516867429018));
#5482=CARTESIAN_POINT('',(-6.93889390390723E-17,0.09434197732497,-0.030516867429018));
#5483=CARTESIAN_POINT('',(-0.0117748516691922,0.098537554540148,-0.030516867429018));
#5484=CARTESIAN_POINT('',(-0.0119921535185567,0.0978687682157612,-0.030516867429018));
#5485=CARTESIAN_POINT('',(-0.0122256579882471,0.099567833798264,-0.0305168674290181));
#5486=CARTESIAN_POINT('',(-0.0122256579882471,0.099567833798264,-0.0370168674290181));
#5487=CARTESIAN_POINT('',(-0.0125496379112655,0.0997061826325661,-0.0305168674290181));
#5488=CARTESIAN_POINT('',(-0.0125496379112655,0.0997061826325661,-0.0370168674290181));
#5489=CARTESIAN_POINT('',(-0.0129548439894611,0.0998795204491028,-0.0305168674290181));
#5490=CARTESIAN_POINT('',(-0.0129548439894611,0.0998795204491028,-0.0370168674290181));
#5491=CARTESIAN_POINT('',(-0.0129745066956749,0.0998886407464258,-0.030516867429018));
#5492=CARTESIAN_POINT('',(-0.0129745066956749,0.0998886407464258,-0.0370168674290181));
#5493=CARTESIAN_POINT('',(-0.0130392020273756,0.0999220295567384,-0.0305168674290181));
#5494=CARTESIAN_POINT('',(-0.0130392020273756,0.0999220295567384,-0.0370168674290181));
#5495=CARTESIAN_POINT('',(-0.0131306264440575,0.0999770156005618,-0.030516867429018));
#5496=CARTESIAN_POINT('',(-0.0131306264440575,0.0999770156005618,-0.0370168674290181));
#5497=CARTESIAN_POINT('',(-0.0133036910017138,0.100095236491807,-0.030516867429018));
#5498=CARTESIAN_POINT('',(-0.0133036910017138,0.100095236491807,-0.0370168674290181));
#5499=CARTESIAN_POINT('',(-0.0135438117605022,0.100287995488291,-0.0305168674290181));
#5500=CARTESIAN_POINT('',(-0.0135438117605022,0.100287995488291,-0.0370168674290181));
#5501=CARTESIAN_POINT('',(-0.0138493289523765,0.100581324339666,-0.030516867429018));
#5502=CARTESIAN_POINT('',(-0.0138493289523765,0.100581324339666,-0.0370168674290181));
#5503=CARTESIAN_POINT('',(-0.0141591736665618,0.100929853573491,-0.030516867429018));
#5504=CARTESIAN_POINT('',(-0.0141591736665618,0.100929853573491,-0.0370168674290181));
#5505=CARTESIAN_POINT('',(-0.0145673488227282,0.101461356050572,-0.0305168674290181));
#5506=CARTESIAN_POINT('',(-0.0145673488227282,0.101461356050572,-0.0370168674290181));
#5507=CARTESIAN_POINT('',(-0.01485786412035,0.101929988369459,-0.030516867429018));
#5508=CARTESIAN_POINT('',(-0.01485786412035,0.101929988369459,-0.0370168674290181));
#5509=CARTESIAN_POINT('',(-0.0150394739713318,0.102267519745879,-0.030516867429018));
#5510=CARTESIAN_POINT('',(-0.0150394739713318,0.102267519745879,-0.0370168674290181));
#5511=CARTESIAN_POINT('',(-0.0122256579568318,0.0995678337848487,-0.030516867429018));
#5512=CARTESIAN_POINT('',(-0.0150394739713318,0.102267519745879,-0.030516867429018));
#5513=CARTESIAN_POINT('',(-0.0125479797832761,0.0988130330591982,-0.033016867429018));
#5514=CARTESIAN_POINT('',(-0.0127795495125008,0.0981003347158556,-0.033016867429018));
#5515=CARTESIAN_POINT('',(-0.0106385534565275,0.102316779484125,-0.030516867429018));
#5516=CARTESIAN_POINT('',(-0.0106385534565275,0.102316779484125,-0.037016867429018));
#5517=CARTESIAN_POINT('',(-0.0109203570231264,0.102528179910624,-0.030516867429018));
#5518=CARTESIAN_POINT('',(-0.0109203570231264,0.102528179910624,-0.037016867429018));
#5519=CARTESIAN_POINT('',(-0.0112730750147814,0.102792429759841,-0.0305168674290181));
#5520=CARTESIAN_POINT('',(-0.0112730750147814,0.102792429759841,-0.0370168674290181));
#5521=CARTESIAN_POINT('',(-0.0112908047770601,0.102804898014268,-0.030516867429018));
#5522=CARTESIAN_POINT('',(-0.0112908047770601,0.102804898014268,-0.037016867429018));
#5523=CARTESIAN_POINT('',(-0.0113520680008433,0.102844231409871,-0.030516867429018));
#5524=CARTESIAN_POINT('',(-0.0113520680008433,0.102844231409871,-0.037016867429018));
#5525=CARTESIAN_POINT('',(-0.011445399519989,0.102895914255331,-0.030516867429018));
#5526=CARTESIAN_POINT('',(-0.011445399519989,0.102895914255331,-0.037016867429018));
#5527=CARTESIAN_POINT('',(-0.0116343140938932,0.102986682113134,-0.030516867429018));
#5528=CARTESIAN_POINT('',(-0.0116343140938932,0.102986682113134,-0.037016867429018));
#5529=CARTESIAN_POINT('',(-0.0119213086610506,0.103098253291979,-0.030516867429018));
#5530=CARTESIAN_POINT('',(-0.0119213086610506,0.103098253291979,-0.037016867429018));
#5531=CARTESIAN_POINT('',(-0.0123280974939416,0.103216174515747,-0.0305168674290181));
#5532=CARTESIAN_POINT('',(-0.0123280974939416,0.103216174515747,-0.037016867429018));
#5533=CARTESIAN_POINT('',(-0.0127848550214887,0.103310243292547,-0.0305168674290181));
#5534=CARTESIAN_POINT('',(-0.0127848550214887,0.103310243292547,-0.0370168674290181));
#5535=CARTESIAN_POINT('',(-0.0134492372468983,0.103397982108441,-0.030516867429018));
#5536=CARTESIAN_POINT('',(-0.0134492372468983,0.103397982108441,-0.037016867429018));
#5537=CARTESIAN_POINT('',(-0.0140003423888994,0.103415259576925,-0.030516867429018));
#5538=CARTESIAN_POINT('',(-0.0140003423888994,0.103415259576925,-0.037016867429018));
#5539=CARTESIAN_POINT('',(-0.0143834580609445,0.103403772633244,-0.030516867429018));
#5540=CARTESIAN_POINT('',(-0.0143834580609445,0.103403772633244,-0.037016867429018));
#5541=CARTESIAN_POINT('',(-0.0106385534292019,0.102316779463626,-0.0355168674290181));
#5542=CARTESIAN_POINT('',(-0.0143834580609445,0.103403772633244,-0.030516867429018));
#5543=CARTESIAN_POINT('',(-4.85722573273506E-17,0.09434197732497,-0.030516867429018));
#5544=CARTESIAN_POINT('',(-0.00905036726453912,0.102964091472727,-0.030516867429018));
#5545=CARTESIAN_POINT('',(-0.00952090228647948,0.102441509388695,-0.030516867429018));
#5546=CARTESIAN_POINT('',(-0.00904314700271151,0.104088657857972,-0.0305168674290181));
#5547=CARTESIAN_POINT('',(-0.00904314700271151,0.104088657857972,-0.037016867429018));
#5548=CARTESIAN_POINT('',(-0.00928284584931486,0.104346820313432,-0.0305168674290181));
#5549=CARTESIAN_POINT('',(-0.00928284584931486,0.104346820313432,-0.037016867429018));
#5550=CARTESIAN_POINT('',(-0.00958251717984338,0.104669984448366,-0.0305168674290181));
#5551=CARTESIAN_POINT('',(-0.00958251717984338,0.104669984448366,-0.037016867429018));
#5552=CARTESIAN_POINT('',(-0.009596770396673,0.104686313797676,-0.030516867429018));
#5553=CARTESIAN_POINT('',(-0.009596770396673,0.104686313797676,-0.037016867429018));
#5554=CARTESIAN_POINT('',(-0.0096422920704561,0.104743129955713,-0.0305168674290181));
#5555=CARTESIAN_POINT('',(-0.0096422920704561,0.104743129955713,-0.0370168674290181));
#5556=CARTESIAN_POINT('',(-0.00970344759215266,0.104830547866617,-0.030516867429018));
#5557=CARTESIAN_POINT('',(-0.00970344759215266,0.104830547866617,-0.037016867429018));
#5558=CARTESIAN_POINT('',(-0.00981346516423209,0.105008939722029,-0.030516867429018));
#5559=CARTESIAN_POINT('',(-0.00981346516423209,0.105008939722029,-0.037016867429018));
#5560=CARTESIAN_POINT('',(-0.00995442424555634,0.105282699739049,-0.030516867429018));
#5561=CARTESIAN_POINT('',(-0.00995442424555634,0.105282699739049,-0.037016867429018));
#5562=CARTESIAN_POINT('',(-0.0101142204960992,0.105674934015843,-0.030516867429018));
#5563=CARTESIAN_POINT('',(-0.0101142204960992,0.105674934015843,-0.037016867429018));
#5564=CARTESIAN_POINT('',(-0.0102555181167378,0.106119356513183,-0.030516867429018));
#5565=CARTESIAN_POINT('',(-0.0102555181167378,0.106119356513183,-0.037016867429018));
#5566=CARTESIAN_POINT('',(-0.0104122231432618,0.106770927979652,-0.0305168674290181));
#5567=CARTESIAN_POINT('',(-0.0104122231432618,0.106770927979652,-0.037016867429018));
#5568=CARTESIAN_POINT('',(-0.0104870121375591,0.107317208122795,-0.030516867429018));
#5569=CARTESIAN_POINT('',(-0.0104870121375591,0.107317208122795,-0.037016867429018));
#5570=CARTESIAN_POINT('',(-0.0105156346130089,0.107699425759671,-0.030516867429018));
#5571=CARTESIAN_POINT('',(-0.0105156346130089,0.107699425759671,-0.037016867429018));
#5572=CARTESIAN_POINT('',(-0.00904314697946881,0.104088657832939,-0.030516867429018));
#5573=CARTESIAN_POINT('',(-0.0105156346130089,0.107699425759671,-0.030516867429018));
#5574=CARTESIAN_POINT('',(-0.00964460773325831,0.103530213156274,-0.033016867429018));
#5575=CARTESIAN_POINT('',(-0.0101460377392158,0.102973318716347,-0.033016867429018));
#5576=CARTESIAN_POINT('',(-0.00647515792669028,0.105954411133155,-0.030516867429018));
#5577=CARTESIAN_POINT('',(-0.00647515792669028,0.105954411133155,-0.0370168674290181));
#5578=CARTESIAN_POINT('',(-0.00664661399508514,0.106262154869212,-0.030516867429018));
#5579=CARTESIAN_POINT('',(-0.00664661399508514,0.106262154869212,-0.0370168674290181));
#5580=CARTESIAN_POINT('',(-0.00686135781758672,0.106647022450525,-0.0305168674290181));
#5581=CARTESIAN_POINT('',(-0.00686135781758672,0.106647022450525,-0.0370168674290181));
#5582=CARTESIAN_POINT('',(-0.00687248346543088,0.106665624111713,-0.030516867429018));
#5583=CARTESIAN_POINT('',(-0.00687248346543088,0.106665624111713,-0.0370168674290181));
#5584=CARTESIAN_POINT('',(-0.00691245187195027,0.106726474954585,-0.030516867429018));
#5585=CARTESIAN_POINT('',(-0.00691245187195027,0.106726474954585,-0.0370168674290181));
#5586=CARTESIAN_POINT('',(-0.00697669315025333,0.106811650932085,-0.030516867429018));
#5587=CARTESIAN_POINT('',(-0.00697669315025333,0.106811650932085,-0.0370168674290181));
#5588=CARTESIAN_POINT('',(-0.00711235658734426,0.106971409975898,-0.0305168674290181));
#5589=CARTESIAN_POINT('',(-0.00711235658734426,0.106971409975898,-0.0370168674290181));
#5590=CARTESIAN_POINT('',(-0.00732915908379167,0.107190066526362,-0.030516867429018));
#5591=CARTESIAN_POINT('',(-0.00732915908379167,0.107190066526362,-0.0370168674290181));
#5592=CARTESIAN_POINT('',(-0.00765281629159603,0.107463248849026,-0.0305168674290181));
#5593=CARTESIAN_POINT('',(-0.00765281629159603,0.107463248849026,-0.0370168674290181));
#5594=CARTESIAN_POINT('',(-0.0080318238376368,0.107734964976232,-0.0305168674290181));
#5595=CARTESIAN_POINT('',(-0.0080318238376368,0.107734964976232,-0.0370168674290181));
#5596=CARTESIAN_POINT('',(-0.00860308061035438,0.108085346969033,-0.030516867429018));
#5597=CARTESIAN_POINT('',(-0.00860308061035438,0.108085346969033,-0.0370168674290181));
#5598=CARTESIAN_POINT('',(-0.00909951282998053,0.108325285377327,-0.030516867429018));
#5599=CARTESIAN_POINT('',(-0.00909951282998053,0.108325285377327,-0.0370168674290181));
#5600=CARTESIAN_POINT('',(-0.00945417857284148,0.10847061871446,-0.030516867429018));
#5601=CARTESIAN_POINT('',(-0.00945417857284148,0.10847061871446,-0.0370168674290181));
#5602=CARTESIAN_POINT('',(-0.00647515791006473,0.105954411103314,-0.0355168674290181));
#5603=CARTESIAN_POINT('',(-0.00945417857284148,0.10847061871446,-0.030516867429018));
#5604=CARTESIAN_POINT('',(-4.16333634234433E-17,0.09434197732497,-0.030516867429018));
#5605=CARTESIAN_POINT('',(-0.00476099213984178,0.105899786539711,-0.030516867429018));
#5606=CARTESIAN_POINT('',(-0.00540340055438805,0.105613767885872,-0.030516867429018));
#5607=CARTESIAN_POINT('',(-0.00429699374599585,0.106924192307712,-0.0305168674290181));
#5608=CARTESIAN_POINT('',(-0.00429699374599585,0.106924192307712,-0.0370168674290181));
#5609=CARTESIAN_POINT('',(-0.00441096540801076,0.107257529750447,-0.0305168674290181));
#5610=CARTESIAN_POINT('',(-0.00441096540801076,0.107257529750447,-0.0370168674290181));
#5611=CARTESIAN_POINT('',(-0.00455328609539521,0.107674642188994,-0.0305168674290181));
#5612=CARTESIAN_POINT('',(-0.00455328609539521,0.107674642188994,-0.0370168674290181));
#5613=CARTESIAN_POINT('',(-0.00455966531216435,0.10769535709745,-0.030516867429018));
#5614=CARTESIAN_POINT('',(-0.00455966531216435,0.10769535709745,-0.0370168674290181));
#5615=CARTESIAN_POINT('',(-0.00457814221708129,0.107765776573326,-0.0305168674290181));
#5616=CARTESIAN_POINT('',(-0.00457814221708129,0.107765776573326,-0.0370168674290181));
#5617=CARTESIAN_POINT('',(-0.0045984544985107,0.10787051100035,-0.030516867429018));
#5618=CARTESIAN_POINT('',(-0.0045984544985107,0.10787051100035,-0.0370168674290181));
#5619=CARTESIAN_POINT('',(-0.00462640204732249,0.108078228247489,-0.0305168674290181));
#5620=CARTESIAN_POINT('',(-0.00462640204732249,0.108078228247489,-0.0370168674290181));
#5621=CARTESIAN_POINT('',(-0.00464382634544859,0.108385653691071,-0.030516867429018));
#5622=CARTESIAN_POINT('',(-0.00464382634544859,0.108385653691071,-0.0370168674290181));
#5623=CARTESIAN_POINT('',(-0.00463027143123774,0.10880897252349,-0.0305168674290181));
#5624=CARTESIAN_POINT('',(-0.00463027143123774,0.10880897252349,-0.0370168674290181));
#5625=CARTESIAN_POINT('',(-0.00457859031607267,0.109272443597101,-0.030516867429018));
#5626=CARTESIAN_POINT('',(-0.00457859031607267,0.109272443597101,-0.0370168674290181));
#5627=CARTESIAN_POINT('',(-0.00445672949024783,0.109931421427065,-0.030516867429018));
#5628=CARTESIAN_POINT('',(-0.00445672949024783,0.109931421427065,-0.0370168674290181));
#5629=CARTESIAN_POINT('',(-0.00430286048466977,0.110460892594911,-0.030516867429018));
#5630=CARTESIAN_POINT('',(-0.00430286048466977,0.110460892594911,-0.0370168674290181));
#5631=CARTESIAN_POINT('',(-0.00417354649855529,0.110821707590493,-0.030516867429018));
#5632=CARTESIAN_POINT('',(-0.00417354649855529,0.110821707590493,-0.0370168674290181));
#5633=CARTESIAN_POINT('',(-0.00429699373494442,0.106924192275389,-0.030516867429018));
#5634=CARTESIAN_POINT('',(-0.00417354649855529,0.110821707590493,-0.030516867429018));
#5635=CARTESIAN_POINT('',(-0.00507359538764953,0.106658663805615,-0.033016867429018));
#5636=CARTESIAN_POINT('',(-0.00575818386696128,0.106353865376994,-0.033016867429018));
#5637=CARTESIAN_POINT('',(-0.00119214876636525,0.1075841474811,-0.030516867429018));
#5638=CARTESIAN_POINT('',(-0.00119214876636525,0.1075841474811,-0.037016867429018));
#5639=CARTESIAN_POINT('',(-0.00122361102470119,0.107935022838987,-0.030516867429018));
#5640=CARTESIAN_POINT('',(-0.00122361102470119,0.107935022838987,-0.037016867429018));
#5641=CARTESIAN_POINT('',(-0.00126324952025238,0.108373961051175,-0.030516867429018));
#5642=CARTESIAN_POINT('',(-0.00126324952025238,0.108373961051175,-0.037016867429018));
#5643=CARTESIAN_POINT('',(-0.00126584732807645,0.108395479722914,-0.0305168674290181));
#5644=CARTESIAN_POINT('',(-0.00126584732807645,0.108395479722914,-0.0370168674290181));
#5645=CARTESIAN_POINT('',(-0.00127761001674326,0.108467326349511,-0.030516867429018));
#5646=CARTESIAN_POINT('',(-0.00127761001674326,0.108467326349511,-0.037016867429018));
#5647=CARTESIAN_POINT('',(-0.0013016531535714,0.108571267758739,-0.030516867429018));
#5648=CARTESIAN_POINT('',(-0.0013016531535714,0.108571267758739,-0.037016867429018));
#5649=CARTESIAN_POINT('',(-0.00136060801311231,0.108772394198523,-0.030516867429018));
#5650=CARTESIAN_POINT('',(-0.00136060801311231,0.108772394198523,-0.037016867429018));
#5651=CARTESIAN_POINT('',(-0.00146973131762519,0.109060328416599,-0.030516867429018));
#5652=CARTESIAN_POINT('',(-0.00146973131762519,0.109060328416599,-0.037016867429018));
#5653=CARTESIAN_POINT('',(-0.00165429362878009,0.109441536132786,-0.0305168674290181));
#5654=CARTESIAN_POINT('',(-0.00165429362878009,0.109441536132786,-0.037016867429018));
#5655=CARTESIAN_POINT('',(-0.00189001734542863,0.10984391742354,-0.030516867429018));
#5656=CARTESIAN_POINT('',(-0.00189001734542863,0.10984391742354,-0.037016867429018));
#5657=CARTESIAN_POINT('',(-0.00226937317974645,0.110396358363573,-0.030516867429018));
#5658=CARTESIAN_POINT('',(-0.00226937317974645,0.110396358363573,-0.037016867429018));
#5659=CARTESIAN_POINT('',(-0.00262529483627896,0.110817470181109,-0.030516867429018));
#5660=CARTESIAN_POINT('',(-0.00262529483627896,0.110817470181109,-0.037016867429018));
#5661=CARTESIAN_POINT('',(-0.00289018572097817,0.111094494344757,-0.030516867429018));
#5662=CARTESIAN_POINT('',(-0.00289018572097817,0.111094494344757,-0.037016867429018));
#5663=CARTESIAN_POINT('',(-0.00119214876331445,0.107584147447077,-0.0355168674290181));
#5664=CARTESIAN_POINT('',(-0.00289018572097817,0.111094494344757,-0.030516867429018));
#5665=CARTESIAN_POINT('',(-2.08166817117217E-17,0.0943419773249701,-0.030516867429018));
#5666=CARTESIAN_POINT('',(0.000351601778089939,0.106837031394066,-0.030516867429018));
#5667=CARTESIAN_POINT('',(-0.000351601778089953,0.106837031394066,-0.030516867429018));
#5668=CARTESIAN_POINT('',(0.00119214876636523,0.1075841474811,-0.0305168674290181));
#5669=CARTESIAN_POINT('',(0.00119214876636523,0.1075841474811,-0.037016867429018));
#5670=CARTESIAN_POINT('',(0.00122361102470117,0.107935022838987,-0.0305168674290181));
#5671=CARTESIAN_POINT('',(0.00122361102470117,0.107935022838987,-0.037016867429018));
#5672=CARTESIAN_POINT('',(0.00126324952025236,0.108373961051175,-0.0305168674290181));
#5673=CARTESIAN_POINT('',(0.00126324952025236,0.108373961051175,-0.037016867429018));
#5674=CARTESIAN_POINT('',(0.00126584732807644,0.108395479722914,-0.030516867429018));
#5675=CARTESIAN_POINT('',(0.00126584732807644,0.108395479722914,-0.037016867429018));
#5676=CARTESIAN_POINT('',(0.00127761001674324,0.108467326349511,-0.030516867429018));
#5677=CARTESIAN_POINT('',(0.00127761001674324,0.108467326349511,-0.037016867429018));
#5678=CARTESIAN_POINT('',(0.00130165315357139,0.10857126775874,-0.030516867429018));
#5679=CARTESIAN_POINT('',(0.00130165315357139,0.10857126775874,-0.037016867429018));
#5680=CARTESIAN_POINT('',(0.00136060801311228,0.108772394198523,-0.030516867429018));
#5681=CARTESIAN_POINT('',(0.00136060801311228,0.108772394198523,-0.037016867429018));
#5682=CARTESIAN_POINT('',(0.00146973131762516,0.109060328416599,-0.0305168674290181));
#5683=CARTESIAN_POINT('',(0.00146973131762516,0.109060328416599,-0.037016867429018));
#5684=CARTESIAN_POINT('',(0.00165429362878006,0.109441536132786,-0.030516867429018));
#5685=CARTESIAN_POINT('',(0.00165429362878006,0.109441536132786,-0.037016867429018));
#5686=CARTESIAN_POINT('',(0.00189001734542865,0.109843917423541,-0.030516867429018));
#5687=CARTESIAN_POINT('',(0.00189001734542865,0.109843917423541,-0.037016867429018));
#5688=CARTESIAN_POINT('',(0.00226937317974635,0.110396358363573,-0.0305168674290181));
#5689=CARTESIAN_POINT('',(0.00226937317974635,0.110396358363573,-0.037016867429018));
#5690=CARTESIAN_POINT('',(0.00262529483627921,0.110817470181109,-0.030516867429018));
#5691=CARTESIAN_POINT('',(0.00262529483627921,0.110817470181109,-0.037016867429018));
#5692=CARTESIAN_POINT('',(0.00289018572097815,0.111094494344757,-0.030516867429018));
#5693=CARTESIAN_POINT('',(0.00289018572097815,0.111094494344757,-0.037016867429018));
#5694=CARTESIAN_POINT('',(0.00119214876331439,0.107584147447077,-0.030516867429018));
#5695=CARTESIAN_POINT('',(0.00289018572097815,0.111094494344757,-0.030516867429018));
#5696=CARTESIAN_POINT('',(0.000374687692650928,0.107657447468869,-0.033016867429018));
#5697=CARTESIAN_POINT('',(-0.000374687692650935,0.107657447468869,-0.033016867429018));
#5698=CARTESIAN_POINT('',(0.,0.09434197732497,-0.030516867429018));
#5699=CARTESIAN_POINT('',(0.0042969937459959,0.106924192307712,-0.030516867429018));
#5700=CARTESIAN_POINT('',(0.0042969937459959,0.106924192307712,-0.037016867429018));
#5701=CARTESIAN_POINT('',(0.00441096540801081,0.107257529750447,-0.030516867429018));
#5702=CARTESIAN_POINT('',(0.00441096540801081,0.107257529750447,-0.037016867429018));
#5703=CARTESIAN_POINT('',(0.00455328609539521,0.107674642188994,-0.0305168674290181));
#5704=CARTESIAN_POINT('',(0.00455328609539521,0.107674642188994,-0.0370168674290181));
#5705=CARTESIAN_POINT('',(0.00455966531216434,0.10769535709745,-0.030516867429018));
#5706=CARTESIAN_POINT('',(0.00455966531216434,0.10769535709745,-0.0370168674290181));
#5707=CARTESIAN_POINT('',(0.00457814221708125,0.107765776573326,-0.030516867429018));
#5708=CARTESIAN_POINT('',(0.00457814221708125,0.107765776573326,-0.0370168674290181));
#5709=CARTESIAN_POINT('',(0.00459845449851068,0.10787051100035,-0.0305168674290181));
#5710=CARTESIAN_POINT('',(0.00459845449851068,0.10787051100035,-0.0370168674290181));
#5711=CARTESIAN_POINT('',(0.00462640204732248,0.108078228247489,-0.030516867429018));
#5712=CARTESIAN_POINT('',(0.00462640204732248,0.108078228247489,-0.0370168674290181));
#5713=CARTESIAN_POINT('',(0.00464382634544857,0.108385653691071,-0.030516867429018));
#5714=CARTESIAN_POINT('',(0.00464382634544857,0.108385653691071,-0.037016867429018));
#5715=CARTESIAN_POINT('',(0.00463027143123775,0.10880897252349,-0.030516867429018));
#5716=CARTESIAN_POINT('',(0.00463027143123775,0.10880897252349,-0.037016867429018));
#5717=CARTESIAN_POINT('',(0.00457859031607265,0.109272443597101,-0.0305168674290181));
#5718=CARTESIAN_POINT('',(0.00457859031607265,0.109272443597101,-0.0370168674290181));
#5719=CARTESIAN_POINT('',(0.00445672949024777,0.109931421427065,-0.030516867429018));
#5720=CARTESIAN_POINT('',(0.00445672949024777,0.109931421427065,-0.037016867429018));
#5721=CARTESIAN_POINT('',(0.00430286048466994,0.110460892594911,-0.030516867429018));
#5722=CARTESIAN_POINT('',(0.00430286048466994,0.110460892594911,-0.0370168674290181));
#5723=CARTESIAN_POINT('',(0.00417354649855528,0.110821707590493,-0.030516867429018));
#5724=CARTESIAN_POINT('',(0.00417354649855528,0.110821707590493,-0.0370168674290181));
#5725=CARTESIAN_POINT('',(0.00429699373494442,0.106924192275389,-0.0355168674290181));
#5726=CARTESIAN_POINT('',(0.00417354649855528,0.110821707590493,-0.030516867429018));
#5727=CARTESIAN_POINT('',(1.38777878078145E-17,0.09434197732497,-0.030516867429018));
#5728=CARTESIAN_POINT('',(0.00540340055438803,0.105613767885872,-0.030516867429018));
#5729=CARTESIAN_POINT('',(0.00476099213984176,0.105899786539712,-0.030516867429018));
#5730=CARTESIAN_POINT('',(0.00647515792669026,0.105954411133155,-0.0305168674290181));
#5731=CARTESIAN_POINT('',(0.00647515792669026,0.105954411133155,-0.037016867429018));
#5732=CARTESIAN_POINT('',(0.00664661399508512,0.106262154869212,-0.030516867429018));
#5733=CARTESIAN_POINT('',(0.00664661399508512,0.106262154869212,-0.037016867429018));
#5734=CARTESIAN_POINT('',(0.0068613578175867,0.106647022450525,-0.030516867429018));
#5735=CARTESIAN_POINT('',(0.0068613578175867,0.106647022450525,-0.037016867429018));
#5736=CARTESIAN_POINT('',(0.00687248346543086,0.106665624111713,-0.0305168674290181));
#5737=CARTESIAN_POINT('',(0.00687248346543086,0.106665624111713,-0.037016867429018));
#5738=CARTESIAN_POINT('',(0.00691245187195023,0.106726474954585,-0.030516867429018));
#5739=CARTESIAN_POINT('',(0.00691245187195023,0.106726474954585,-0.037016867429018));
#5740=CARTESIAN_POINT('',(0.00697669315025331,0.106811650932085,-0.0305168674290181));
#5741=CARTESIAN_POINT('',(0.00697669315025331,0.106811650932085,-0.0370168674290181));
#5742=CARTESIAN_POINT('',(0.00711235658734424,0.106971409975898,-0.030516867429018));
#5743=CARTESIAN_POINT('',(0.00711235658734424,0.106971409975898,-0.037016867429018));
#5744=CARTESIAN_POINT('',(0.00732915908379163,0.107190066526362,-0.0305168674290181));
#5745=CARTESIAN_POINT('',(0.00732915908379163,0.107190066526362,-0.0370168674290181));
#5746=CARTESIAN_POINT('',(0.00765281629159602,0.107463248849026,-0.030516867429018));
#5747=CARTESIAN_POINT('',(0.00765281629159602,0.107463248849026,-0.037016867429018));
#5748=CARTESIAN_POINT('',(0.00803182383763678,0.107734964976232,-0.030516867429018));
#5749=CARTESIAN_POINT('',(0.00803182383763678,0.107734964976232,-0.037016867429018));
#5750=CARTESIAN_POINT('',(0.00860308061035435,0.108085346969032,-0.0305168674290181));
#5751=CARTESIAN_POINT('',(0.00860308061035435,0.108085346969032,-0.0370168674290181));
#5752=CARTESIAN_POINT('',(0.00909951282998055,0.108325285377327,-0.030516867429018));
#5753=CARTESIAN_POINT('',(0.00909951282998055,0.108325285377327,-0.037016867429018));
#5754=CARTESIAN_POINT('',(0.00945417857284148,0.10847061871446,-0.030516867429018));
#5755=CARTESIAN_POINT('',(0.00945417857284148,0.10847061871446,-0.037016867429018));
#5756=CARTESIAN_POINT('',(0.00647515791006466,0.105954411103314,-0.030516867429018));
#5757=CARTESIAN_POINT('',(0.00945417857284148,0.10847061871446,-0.030516867429018));
#5758=CARTESIAN_POINT('',(0.00575818386696121,0.106353865376994,-0.033016867429018));
#5759=CARTESIAN_POINT('',(0.00507359538764957,0.106658663805615,-0.033016867429018));
#5760=CARTESIAN_POINT('',(0.0090431470027116,0.104088657857972,-0.0305168674290181));
#5761=CARTESIAN_POINT('',(0.0090431470027116,0.104088657857972,-0.0370168674290181));
#5762=CARTESIAN_POINT('',(0.00928284584931493,0.104346820313432,-0.030516867429018));
#5763=CARTESIAN_POINT('',(0.00928284584931493,0.104346820313432,-0.0370168674290181));
#5764=CARTESIAN_POINT('',(0.00958251717984338,0.104669984448366,-0.0305168674290181));
#5765=CARTESIAN_POINT('',(0.00958251717984338,0.104669984448366,-0.0370168674290181));
#5766=CARTESIAN_POINT('',(0.00959677039667298,0.104686313797677,-0.030516867429018));
#5767=CARTESIAN_POINT('',(0.00959677039667298,0.104686313797677,-0.037016867429018));
#5768=CARTESIAN_POINT('',(0.00964229207045609,0.104743129955712,-0.030516867429018));
#5769=CARTESIAN_POINT('',(0.00964229207045609,0.104743129955712,-0.0370168674290181));
#5770=CARTESIAN_POINT('',(0.00970344759215263,0.104830547866617,-0.030516867429018));
#5771=CARTESIAN_POINT('',(0.00970344759215263,0.104830547866617,-0.0370168674290181));
#5772=CARTESIAN_POINT('',(0.00981346516423208,0.105008939722029,-0.030516867429018));
#5773=CARTESIAN_POINT('',(0.00981346516423208,0.105008939722029,-0.037016867429018));
#5774=CARTESIAN_POINT('',(0.00995442424555632,0.105282699739049,-0.0305168674290181));
#5775=CARTESIAN_POINT('',(0.00995442424555632,0.105282699739049,-0.0370168674290181));
#5776=CARTESIAN_POINT('',(0.0101142204960992,0.105674934015844,-0.030516867429018));
#5777=CARTESIAN_POINT('',(0.0101142204960992,0.105674934015844,-0.037016867429018));
#5778=CARTESIAN_POINT('',(0.0102555181167378,0.106119356513183,-0.0305168674290181));
#5779=CARTESIAN_POINT('',(0.0102555181167378,0.106119356513183,-0.0370168674290181));
#5780=CARTESIAN_POINT('',(0.0104122231432618,0.106770927979652,-0.0305168674290181));
#5781=CARTESIAN_POINT('',(0.0104122231432618,0.106770927979652,-0.0370168674290181));
#5782=CARTESIAN_POINT('',(0.0104870121375591,0.107317208122793,-0.030516867429018));
#5783=CARTESIAN_POINT('',(0.0104870121375591,0.107317208122793,-0.0370168674290181));
#5784=CARTESIAN_POINT('',(0.0105156346130089,0.107699425759671,-0.030516867429018));
#5785=CARTESIAN_POINT('',(0.0105156346130089,0.107699425759671,-0.0370168674290181));
#5786=CARTESIAN_POINT('',(0.00904314697946881,0.104088657832939,-0.0355168674290181));
#5787=CARTESIAN_POINT('',(0.0105156346130089,0.107699425759671,-0.030516867429018));
#5788=CARTESIAN_POINT('',(2.08166817117217E-17,0.09434197732497,-0.030516867429018));
#5789=CARTESIAN_POINT('',(0.00952090228647946,0.102441509388695,-0.030516867429018));
#5790=CARTESIAN_POINT('',(0.0090503672645391,0.102964091472727,-0.030516867429018));
#5791=CARTESIAN_POINT('',(0.0106385534565274,0.102316779484125,-0.030516867429018));
#5792=CARTESIAN_POINT('',(0.0106385534565274,0.102316779484125,-0.037016867429018));
#5793=CARTESIAN_POINT('',(0.0109203570231263,0.102528179910624,-0.030516867429018));
#5794=CARTESIAN_POINT('',(0.0109203570231263,0.102528179910624,-0.0370168674290181));
#5795=CARTESIAN_POINT('',(0.0112730750147814,0.102792429759841,-0.0305168674290181));
#5796=CARTESIAN_POINT('',(0.0112730750147814,0.102792429759841,-0.0370168674290181));
#5797=CARTESIAN_POINT('',(0.0112908047770601,0.102804898014268,-0.0305168674290181));
#5798=CARTESIAN_POINT('',(0.0112908047770601,0.102804898014268,-0.0370168674290181));
#5799=CARTESIAN_POINT('',(0.0113520680008432,0.102844231409871,-0.030516867429018));
#5800=CARTESIAN_POINT('',(0.0113520680008432,0.102844231409871,-0.037016867429018));
#5801=CARTESIAN_POINT('',(0.0114453995199889,0.102895914255331,-0.0305168674290181));
#5802=CARTESIAN_POINT('',(0.0114453995199889,0.102895914255331,-0.0370168674290181));
#5803=CARTESIAN_POINT('',(0.0116343140938932,0.102986682113134,-0.030516867429018));
#5804=CARTESIAN_POINT('',(0.0116343140938932,0.102986682113134,-0.037016867429018));
#5805=CARTESIAN_POINT('',(0.0119213086610506,0.103098253291979,-0.030516867429018));
#5806=CARTESIAN_POINT('',(0.0119213086610506,0.103098253291979,-0.0370168674290181));
#5807=CARTESIAN_POINT('',(0.0123280974939416,0.103216174515747,-0.0305168674290181));
#5808=CARTESIAN_POINT('',(0.0123280974939416,0.103216174515747,-0.0370168674290181));
#5809=CARTESIAN_POINT('',(0.0127848550214887,0.103310243292547,-0.030516867429018));
#5810=CARTESIAN_POINT('',(0.0127848550214887,0.103310243292547,-0.037016867429018));
#5811=CARTESIAN_POINT('',(0.0134492372468982,0.103397982108441,-0.0305168674290181));
#5812=CARTESIAN_POINT('',(0.0134492372468982,0.103397982108441,-0.0370168674290181));
#5813=CARTESIAN_POINT('',(0.0140003423888995,0.103415259576925,-0.030516867429018));
#5814=CARTESIAN_POINT('',(0.0140003423888995,0.103415259576925,-0.0370168674290181));
#5815=CARTESIAN_POINT('',(0.0143834580609445,0.103403772633244,-0.030516867429018));
#5816=CARTESIAN_POINT('',(0.0143834580609445,0.103403772633244,-0.0370168674290181));
#5817=CARTESIAN_POINT('',(0.0106385534292019,0.102316779463626,-0.030516867429018));
#5818=CARTESIAN_POINT('',(0.0143834580609445,0.103403772633244,-0.030516867429018));
#5819=CARTESIAN_POINT('',(0.0101460377392157,0.102973318716347,-0.033016867429018));
#5820=CARTESIAN_POINT('',(0.00964460773325836,0.103530213156274,-0.033016867429018));
#5821=CARTESIAN_POINT('',(0.,0.09434197732497,-0.030516867429018));
#5822=CARTESIAN_POINT('',(0.0122256579882472,0.099567833798264,-0.030516867429018));
#5823=CARTESIAN_POINT('',(0.0122256579882472,0.099567833798264,-0.037016867429018));
#5824=CARTESIAN_POINT('',(0.0125496379112656,0.0997061826325661,-0.030516867429018));
#5825=CARTESIAN_POINT('',(0.0125496379112656,0.0997061826325661,-0.037016867429018));
#5826=CARTESIAN_POINT('',(0.0129548439894611,0.0998795204491027,-0.030516867429018));
#5827=CARTESIAN_POINT('',(0.0129548439894611,0.0998795204491027,-0.037016867429018));
#5828=CARTESIAN_POINT('',(0.0129745066956749,0.0998886407464258,-0.0305168674290181));
#5829=CARTESIAN_POINT('',(0.0129745066956749,0.0998886407464258,-0.0370168674290181));
#5830=CARTESIAN_POINT('',(0.0130392020273756,0.0999220295567383,-0.0305168674290181));
#5831=CARTESIAN_POINT('',(0.0130392020273756,0.0999220295567383,-0.0370168674290181));
#5832=CARTESIAN_POINT('',(0.0131306264440575,0.0999770156005618,-0.030516867429018));
#5833=CARTESIAN_POINT('',(0.0131306264440575,0.0999770156005618,-0.037016867429018));
#5834=CARTESIAN_POINT('',(0.0133036910017138,0.100095236491807,-0.0305168674290181));
#5835=CARTESIAN_POINT('',(0.0133036910017138,0.100095236491807,-0.0370168674290181));
#5836=CARTESIAN_POINT('',(0.0135438117605021,0.100287995488291,-0.030516867429018));
#5837=CARTESIAN_POINT('',(0.0135438117605021,0.100287995488291,-0.037016867429018));
#5838=CARTESIAN_POINT('',(0.0138493289523765,0.100581324339666,-0.0305168674290181));
#5839=CARTESIAN_POINT('',(0.0138493289523765,0.100581324339666,-0.0370168674290181));
#5840=CARTESIAN_POINT('',(0.0141591736665618,0.100929853573492,-0.030516867429018));
#5841=CARTESIAN_POINT('',(0.0141591736665618,0.100929853573492,-0.037016867429018));
#5842=CARTESIAN_POINT('',(0.0145673488227282,0.101461356050572,-0.0305168674290181));
#5843=CARTESIAN_POINT('',(0.0145673488227282,0.101461356050572,-0.0370168674290181));
#5844=CARTESIAN_POINT('',(0.01485786412035,0.101929988369459,-0.030516867429018));
#5845=CARTESIAN_POINT('',(0.01485786412035,0.101929988369459,-0.037016867429018));
#5846=CARTESIAN_POINT('',(0.0150394739713318,0.102267519745879,-0.030516867429018));
#5847=CARTESIAN_POINT('',(0.0150394739713318,0.102267519745879,-0.037016867429018));
#5848=CARTESIAN_POINT('',(0.0122256579568319,0.0995678337848487,-0.0355168674290181));
#5849=CARTESIAN_POINT('',(0.0150394739713318,0.102267519745879,-0.030516867429018));
#5850=CARTESIAN_POINT('',(5.55111512312578E-17,0.09434197732497,-0.030516867429018));
#5851=CARTESIAN_POINT('',(0.0119921535185567,0.0978687682157612,-0.030516867429018));
#5852=CARTESIAN_POINT('',(0.0117748516691922,0.0985375545401481,-0.030516867429018));
#5853=CARTESIAN_POINT('',(0.0129624464455071,0.0973002320929742,-0.030516867429018));
#5854=CARTESIAN_POINT('',(0.0129624464455071,0.0973002320929742,-0.037016867429018));
#5855=CARTESIAN_POINT('',(0.0133058711135399,0.0973787361556608,-0.030516867429018));
#5856=CARTESIAN_POINT('',(0.0133058711135399,0.0973787361556608,-0.0370168674290181));
#5857=CARTESIAN_POINT('',(0.013735575129249,0.0974766770732174,-0.0305168674290181));
#5858=CARTESIAN_POINT('',(0.013735575129249,0.0974766770732174,-0.0370168674290181));
#5859=CARTESIAN_POINT('',(0.0137568433689943,0.0974808560464219,-0.030516867429018));
#5860=CARTESIAN_POINT('',(0.0137568433689943,0.0974808560464219,-0.037016867429018));
#5861=CARTESIAN_POINT('',(0.0138288084420903,0.0974918708933232,-0.0305168674290181));
#5862=CARTESIAN_POINT('',(0.0138288084420903,0.0974918708933232,-0.0370168674290181));
#5863=CARTESIAN_POINT('',(0.0139350923345281,0.0975011241732414,-0.0305168674290181));
#5864=CARTESIAN_POINT('',(0.0139350923345281,0.0975011241732414,-0.0370168674290181));
#5865=CARTESIAN_POINT('',(0.0141445929991827,0.0975072062578192,-0.030516867429018));
#5866=CARTESIAN_POINT('',(0.0141445929991827,0.0975072062578192,-0.0370168674290181));
#5867=CARTESIAN_POINT('',(0.0144521556691247,0.0974924003946299,-0.0305168674290181));
#5868=CARTESIAN_POINT('',(0.0144521556691247,0.0974924003946299,-0.0370168674290181));
#5869=CARTESIAN_POINT('',(0.0148717386423349,0.0974346708686324,-0.0305168674290181));
#5870=CARTESIAN_POINT('',(0.0148717386423349,0.0974346708686324,-0.0370168674290181));
#5871=CARTESIAN_POINT('',(0.0153272686253636,0.09733482694893,-0.030516867429018));
#5872=CARTESIAN_POINT('',(0.0153272686253636,0.09733482694893,-0.037016867429018));
#5873=CARTESIAN_POINT('',(0.0159698985809689,0.097144751749566,-0.0305168674290181));
#5874=CARTESIAN_POINT('',(0.0159698985809689,0.097144751749566,-0.0370168674290181));
#5875=CARTESIAN_POINT('',(0.0164803855596602,0.0969363808469805,-0.0305168674290181));
#5876=CARTESIAN_POINT('',(0.0164803855596602,0.0969363808469805,-0.0370168674290181));
#5877=CARTESIAN_POINT('',(0.016825706980696,0.0967700598194003,-0.0305168674290181));
#5878=CARTESIAN_POINT('',(0.016825706980696,0.0967700598194003,-0.0370168674290181));
#5879=CARTESIAN_POINT('',(0.0129624464122063,0.0973002320853619,-0.030516867429018));
#5880=CARTESIAN_POINT('',(0.016825706980696,0.0967700598194003,-0.030516867429018));
#5881=CARTESIAN_POINT('',(0.0127795495125007,0.0981003347158556,-0.033016867429018));
#5882=CARTESIAN_POINT('',(0.0125479797832762,0.0988130330591982,-0.033016867429018));
#5883=CARTESIAN_POINT('',(0.,0.09434197732497,-0.030516867429018));
#5884=CARTESIAN_POINT('',(0.0132942416409987,0.0941434116789074,-0.0305168674290181));
#5885=CARTESIAN_POINT('',(0.0132942416409987,0.0941434116789074,-0.037016867429018));
#5886=CARTESIAN_POINT('',(0.0136464835684771,0.0941380251217419,-0.030516867429018));
#5887=CARTESIAN_POINT('',(0.0136464835684771,0.0941380251217419,-0.037016867429018));
#5888=CARTESIAN_POINT('',(0.014087160582238,0.0941315649366775,-0.0305168674290181));
#5889=CARTESIAN_POINT('',(0.014087160582238,0.0941315649366775,-0.037016867429018));
#5890=CARTESIAN_POINT('',(0.0141088329173015,0.0941318991997501,-0.030516867429018));
#5891=CARTESIAN_POINT('',(0.0141088329173015,0.0941318991997501,-0.037016867429018));
#5892=CARTESIAN_POINT('',(0.0141815154963303,0.0941360874337085,-0.030516867429018));
#5893=CARTESIAN_POINT('',(0.0141815154963303,0.0941360874337085,-0.037016867429018));
#5894=CARTESIAN_POINT('',(0.0142874006957884,0.0941491340239409,-0.0305168674290181));
#5895=CARTESIAN_POINT('',(0.0142874006957884,0.0941491340239409,-0.037016867429018));
#5896=CARTESIAN_POINT('',(0.0144935878047606,0.0941867424849197,-0.0305168674290181));
#5897=CARTESIAN_POINT('',(0.0144935878047606,0.0941867424849197,-0.037016867429018));
#5898=CARTESIAN_POINT('',(0.01479135118039,0.0942651706792149,-0.030516867429018));
#5899=CARTESIAN_POINT('',(0.01479135118039,0.0942651706792149,-0.037016867429018));
#5900=CARTESIAN_POINT('',(0.0151897626155842,0.0944088748819594,-0.0305168674290181));
#5901=CARTESIAN_POINT('',(0.0151897626155842,0.0944088748819594,-0.037016867429018));
#5902=CARTESIAN_POINT('',(0.0156145794573827,0.0946012469814538,-0.030516867429018));
#5903=CARTESIAN_POINT('',(0.0156145794573827,0.0946012469814538,-0.037016867429018));
#5904=CARTESIAN_POINT('',(0.0162036475505354,0.0949207788623109,-0.0305168674290181));
#5905=CARTESIAN_POINT('',(0.0162036475505354,0.0949207788623109,-0.037016867429018));
#5906=CARTESIAN_POINT('',(0.0166596564172745,0.0952307325716169,-0.030516867429018));
#5907=CARTESIAN_POINT('',(0.0166596564172745,0.0952307325716169,-0.037016867429018));
#5908=CARTESIAN_POINT('',(0.0169628516506798,0.09546521544622,-0.030516867429018));
#5909=CARTESIAN_POINT('',(0.0169628516506798,0.09546521544622,-0.037016867429018));
#5910=CARTESIAN_POINT('',(0.013294241606843,0.0941434116794297,-0.0355168674290181));
#5911=CARTESIAN_POINT('',(0.0169628516506798,0.09546521544622,-0.030516867429018));
#5912=CARTESIAN_POINT('',(4.85722573273506E-17,0.09434197732497,-0.030516867429018));
#5913=CARTESIAN_POINT('',(0.0123898524619809,0.0926862128579202,-0.030516867429018));
#5914=CARTESIAN_POINT('',(0.0124633572490728,0.093385564191442,-0.030516867429018));
#5915=CARTESIAN_POINT('',(0.0130450146839295,0.0917721755775344,-0.0305168674290181));
#5916=CARTESIAN_POINT('',(0.0130450146839295,0.0917721755775344,-0.037016867429018));
#5917=CARTESIAN_POINT('',(0.0133906792083783,0.0917042092107832,-0.030516867429018));
#5918=CARTESIAN_POINT('',(0.0133906792083783,0.0917042092107832,-0.037016867429018));
#5919=CARTESIAN_POINT('',(0.0138230695200868,0.0916189063222686,-0.0305168674290181));
#5920=CARTESIAN_POINT('',(0.0138230695200868,0.0916189063222686,-0.037016867429018));
#5921=CARTESIAN_POINT('',(0.013844198765431,0.0916140734318192,-0.030516867429018));
#5922=CARTESIAN_POINT('',(0.013844198765431,0.0916140734318192,-0.037016867429018));
#5923=CARTESIAN_POINT('',(0.0139144222729192,0.0915948651629225,-0.030516867429018));
#5924=CARTESIAN_POINT('',(0.0139144222729192,0.0915948651629225,-0.037016867429018));
#5925=CARTESIAN_POINT('',(0.0140152810880878,0.0915600889011371,-0.030516867429018));
#5926=CARTESIAN_POINT('',(0.0140152810880878,0.0915600889011371,-0.037016867429018));
#5927=CARTESIAN_POINT('',(0.01420914327532,0.0914804335648122,-0.0305168674290181));
#5928=CARTESIAN_POINT('',(0.01420914327532,0.0914804335648122,-0.0370168674290181));
#5929=CARTESIAN_POINT('',(0.0144840936682947,0.0913418107278417,-0.030516867429018));
#5930=CARTESIAN_POINT('',(0.0144840936682947,0.0913418107278417,-0.037016867429018));
#5931=CARTESIAN_POINT('',(0.0148439210739644,0.0911184124115793,-0.030516867429018));
#5932=CARTESIAN_POINT('',(0.0148439210739644,0.0911184124115793,-0.037016867429018));
#5933=CARTESIAN_POINT('',(0.0152194582400489,0.0908419197161446,-0.0305168674290181));
#5934=CARTESIAN_POINT('',(0.0152194582400489,0.0908419197161446,-0.037016867429018));
#5935=CARTESIAN_POINT('',(0.015729219368416,0.0904068962302721,-0.030516867429018));
#5936=CARTESIAN_POINT('',(0.015729219368416,0.0904068962302721,-0.037016867429018));
#5937=CARTESIAN_POINT('',(0.0161108203475528,0.0900089061786642,-0.030516867429018));
#5938=CARTESIAN_POINT('',(0.0161108203475528,0.0900089061786642,-0.037016867429018));
#5939=CARTESIAN_POINT('',(0.0163586383067359,0.0897165094838329,-0.030516867429018));
#5940=CARTESIAN_POINT('',(0.0163586383067359,0.0897165094838329,-0.037016867429018));
#5941=CARTESIAN_POINT('',(0.0130450146504115,0.0917721755841249,-0.030516867429018));
#5942=CARTESIAN_POINT('',(0.0163586383067359,0.0897165094838329,-0.030516867429018));
#5943=CARTESIAN_POINT('',(0.0132033610765116,0.0925774965788756,-0.033016867429018));
#5944=CARTESIAN_POINT('',(0.013281692133948,0.0933227668074083,-0.033016867429018));
#5945=CARTESIAN_POINT('',(0.0120641301396278,0.0887533233636673,-0.030516867429018));
#5946=CARTESIAN_POINT('',(0.0120641301396278,0.0887533233636673,-0.0370168674290181));
#5947=CARTESIAN_POINT('',(0.0123837282422877,0.0886051327997033,-0.030516867429018));
#5948=CARTESIAN_POINT('',(0.0123837282422877,0.0886051327997033,-0.0370168674290181));
#5949=CARTESIAN_POINT('',(0.0127836791325097,0.0884199916377244,-0.030516867429018));
#5950=CARTESIAN_POINT('',(0.0127836791325097,0.0884199916377244,-0.037016867429018));
#5951=CARTESIAN_POINT('',(0.0128036137528036,0.0884114820694247,-0.0305168674290181));
#5952=CARTESIAN_POINT('',(0.0128036137528036,0.0884114820694247,-0.0370168674290181));
#5953=CARTESIAN_POINT('',(0.0128717161009457,0.0883857455433287,-0.0305168674290181));
#5954=CARTESIAN_POINT('',(0.0128717161009457,0.0883857455433287,-0.0370168674290181));
#5955=CARTESIAN_POINT('',(0.012973753570257,0.0883545968059943,-0.0305168674290181));
#5956=CARTESIAN_POINT('',(0.012973753570257,0.0883545968059943,-0.0370168674290181));
#5957=CARTESIAN_POINT('',(0.0131774116062528,0.0883050899921413,-0.030516867429018));
#5958=CARTESIAN_POINT('',(0.0131774116062528,0.0883050899921413,-0.0370168674290181));
#5959=CARTESIAN_POINT('',(0.0134813316059815,0.0882556264369567,-0.0305168674290181));
#5960=CARTESIAN_POINT('',(0.0134813316059815,0.0882556264369567,-0.0370168674290181));
#5961=CARTESIAN_POINT('',(0.0139037483278961,0.0882248582289041,-0.0305168674290181));
#5962=CARTESIAN_POINT('',(0.0139037483278961,0.0882248582289041,-0.0370168674290181));
#5963=CARTESIAN_POINT('',(0.0143700826060211,0.0882278103104192,-0.0305168674290181));
#5964=CARTESIAN_POINT('',(0.0143700826060211,0.0882278103104192,-0.0370168674290181));
#5965=CARTESIAN_POINT('',(0.0150381884113384,0.0882801216299961,-0.0305168674290181));
#5966=CARTESIAN_POINT('',(0.0150381884113384,0.0882801216299961,-0.0370168674290181));
#5967=CARTESIAN_POINT('',(0.015580842771425,0.0883778029175421,-0.0305168674290181));
#5968=CARTESIAN_POINT('',(0.015580842771425,0.0883778029175421,-0.0370168674290181));
#5969=CARTESIAN_POINT('',(0.0159531981769558,0.0884686930710986,-0.0305168674290181));
#5970=CARTESIAN_POINT('',(0.0159531981769558,0.0884686930710986,-0.0370168674290181));
#5971=CARTESIAN_POINT('',(0.0120641301086374,0.0887533233780369,-0.0355168674290181));
#5972=CARTESIAN_POINT('',(0.0159531981769558,0.0884686930710986,-0.030516867429018));
#5973=CARTESIAN_POINT('',(5.55111512312578E-17,0.09434197732497,-0.030516867429018));
#5974=CARTESIAN_POINT('',(0.0106452333564527,0.0877899542185801,-0.030516867429018));
#5975=CARTESIAN_POINT('',(0.0109968351345426,0.0883989463622635,-0.030516867429018));
#5976=CARTESIAN_POINT('',(0.0108719813732625,0.0866884611301422,-0.0305168674290181));
#5977=CARTESIAN_POINT('',(0.0108719813732625,0.0866884611301422,-0.0370168674290181));
#5978=CARTESIAN_POINT('',(0.0111601172175865,0.0864857763362195,-0.0305168674290181));
#5979=CARTESIAN_POINT('',(0.0111601172175865,0.0864857763362195,-0.0370168674290181));
#5980=CARTESIAN_POINT('',(0.0115204296122574,0.0862319792860104,-0.0305168674290181));
#5981=CARTESIAN_POINT('',(0.0115204296122574,0.0862319792860104,-0.0370168674290181));
#5982=CARTESIAN_POINT('',(0.0115377664247272,0.086218970182571,-0.030516867429018));
#5983=CARTESIAN_POINT('',(0.0115377664247272,0.086218970182571,-0.037016867429018));
#5984=CARTESIAN_POINT('',(0.0115941060842025,0.0861728600820705,-0.0305168674290181));
#5985=CARTESIAN_POINT('',(0.0115941060842025,0.0861728600820705,-0.0370168674290181));
#5986=CARTESIAN_POINT('',(0.0116721004166856,0.0861000674101764,-0.0305168674290181));
#5987=CARTESIAN_POINT('',(0.0116721004166856,0.0861000674101764,-0.0370168674290181));
#5988=CARTESIAN_POINT('',(0.0118168035931404,0.0859484477842455,-0.030516867429018));
#5989=CARTESIAN_POINT('',(0.0118168035931404,0.0859484477842455,-0.037016867429018));
#5990=CARTESIAN_POINT('',(0.0120116002883564,0.0857099771213547,-0.030516867429018));
#5991=CARTESIAN_POINT('',(0.0120116002883564,0.0857099771213547,-0.037016867429018));
#5992=CARTESIAN_POINT('',(0.0122494546991161,0.0853595376132195,-0.0305168674290181));
#5993=CARTESIAN_POINT('',(0.0122494546991161,0.0853595376132195,-0.0370168674290181));
#5994=CARTESIAN_POINT('',(0.0124800652605925,0.0849542042409503,-0.0305168674290181));
#5995=CARTESIAN_POINT('',(0.0124800652605925,0.0849542042409503,-0.0370168674290181));
#5996=CARTESIAN_POINT('',(0.012768815231592,0.0843494519813412,-0.0305168674290181));
#5997=CARTESIAN_POINT('',(0.012768815231592,0.0843494519813412,-0.0370168674290181));
#5998=CARTESIAN_POINT('',(0.0129555479351458,0.0838306588762586,-0.0305168674290181));
#5999=CARTESIAN_POINT('',(0.0129555479351458,0.0838306588762586,-0.0370168674290181));
#6000=CARTESIAN_POINT('',(0.0130630124559777,0.0834627445590544,-0.0305168674290181));
#6001=CARTESIAN_POINT('',(0.0130630124559777,0.0834627445590544,-0.0370168674290181));
#6002=CARTESIAN_POINT('',(0.0108719813453229,0.0866884611497959,-0.030516867429018));
#6003=CARTESIAN_POINT('',(0.0130630124559777,0.0834627445590544,-0.030516867429018));
#6004=CARTESIAN_POINT('',(0.011344191561624,0.0873597531926996,-0.033016867429018));
#6005=CARTESIAN_POINT('',(0.011718879254275,0.0880087313133417,-0.033016867429018));
#6006=CARTESIAN_POINT('',(0.,0.09434197732497,-0.030516867429018));
#6007=CARTESIAN_POINT('',(0.,0.09434197732497,-0.030516867429018));
#6008=CARTESIAN_POINT('',(0.,0.09434197732497,-0.030516867429018));
#6009=CARTESIAN_POINT('',(0.,0.09434197732497,-0.030516867429018));
#6010=CARTESIAN_POINT('',(0.,0.09434197732497,-0.030516867429018));
#6011=CARTESIAN_POINT('',(0.,0.09434197732497,-0.030516867429018));
#6012=CARTESIAN_POINT('',(0.,0.09434197732497,-0.030516867429018));
#6013=CARTESIAN_POINT('',(0.,0.09434197732497,-0.030516867429018));
#6014=MECHANICAL_DESIGN_GEOMETRIC_PRESENTATION_REPRESENTATION('',(#1837),
#6015);
#6015=(
GEOMETRIC_REPRESENTATION_CONTEXT(3)
GLOBAL_UNCERTAINTY_ASSIGNED_CONTEXT((#6016))
GLOBAL_UNIT_ASSIGNED_CONTEXT((#6019,#6018,#6017))
REPRESENTATION_CONTEXT('Turret Pinion','TOP_LEVEL_ASSEMBLY_PART')
);
#6016=UNCERTAINTY_MEASURE_WITH_UNIT(LENGTH_MEASURE(2.E-5),#6019,
'DISTANCE_ACCURACY_VALUE','Maximum Tolerance applied to model');
#6017=(
NAMED_UNIT(*)
SI_UNIT($,.STERADIAN.)
SOLID_ANGLE_UNIT()
);
#6018=(
NAMED_UNIT(*)
PLANE_ANGLE_UNIT()
SI_UNIT($,.RADIAN.)
);
#6019=(
LENGTH_UNIT()
NAMED_UNIT(*)
SI_UNIT($,.METRE.)
);
#6020=PRODUCT_DEFINITION_SHAPE('','',#6021);
#6021=PRODUCT_DEFINITION('','',#6023,#6022);
#6022=PRODUCT_DEFINITION_CONTEXT('',#6029,'design');
#6023=PRODUCT_DEFINITION_FORMATION_WITH_SPECIFIED_SOURCE('','',#6025,
 .NOT_KNOWN.);
#6024=PRODUCT_RELATED_PRODUCT_CATEGORY('','',(#6025));
#6025=PRODUCT('Turret Pinion','Turret Pinion','Turret Pinion',(#6027));
#6026=PRODUCT_CATEGORY('','');
#6027=PRODUCT_CONTEXT('',#6029,'mechanical');
#6028=APPLICATION_PROTOCOL_DEFINITION('international standard',
'ap242_managed_model_based_3d_engineering',2020,#6029);
#6029=APPLICATION_CONTEXT('managed model based 3d engineering');
ENDSEC;
END-ISO-10303-21;
