ISO-10303-21;
HEADER;
/* Generated by software containing ST-Developer
 * from STEP Tools, Inc. (www.steptools.com) 
 */
/* OPTION: using custom renumber hook */

FILE_DESCRIPTION(
/* description */ ('STEP AP242 Edition 2',
'CAx-IF Rec.Pracs.---Representation and Presentation of Product Manufa
cturing Information (PMI)---4.0---2014-10-13',
'CAx-IF Rec.Pracs.---3D Tessellated Geometry---0.4---2014-09-14','2;1',
'CAx-IF Rec.Pracs.---User Defined Attributes---1.5---2016-08-15'),
/* implementation_level */ '2;1');

FILE_NAME(
/* name */ 'LimeArm MKI - Driven Claw',
/* time_stamp */ '2026-05-27T02:34:59Z',
/* author */ (''),
/* organization */ (''),
/* preprocessor_version */ 'ST-DEVELOPER v20',
/* originating_system */ 'ONSHAPE BY PTC INC, 1.215',
/* authorisation */ '  ');

FILE_SCHEMA (('AP242_MANAGED_MODEL_BASED_3D_ENGINEERING_MIM_LF { 1 0 10303 442 3 1 4 }'));
ENDSEC;

DATA;
#10=SHAPE_REPRESENTATION_RELATIONSHIP('','',#1979,#11);
#11=ADVANCED_BREP_SHAPE_REPRESENTATION('',(#1977),#5423);
#12=B_SPLINE_SURFACE_WITH_KNOTS('',3,1,((#4777,#4778),(#4779,#4780),(#4781,
#4782),(#4783,#4784),(#4785,#4786),(#4787,#4788),(#4789,#4790),(#4791,#4792),
(#4793,#4794),(#4795,#4796),(#4797,#4798),(#4799,#4800),(#4801,#4802)),
 .SURF_OF_LINEAR_EXTRUSION.,.F.,.F.,.F.,(4,1,1,1,1,1,1,1,1,1,4),(2,2),(0.0396366370196658,
0.0987332206785189,0.128281512507946,0.157829804337372,0.216926387996225,
0.276022971655078,0.394216138972785,0.512409306290491,0.630602473608197,
0.748795640925903,0.985181975561316),(0.,1.),.UNSPECIFIED.);
#13=B_SPLINE_SURFACE_WITH_KNOTS('',3,1,((#4804,#4805),(#4806,#4807),(#4808,
#4809),(#4810,#4811),(#4812,#4813),(#4814,#4815),(#4816,#4817),(#4818,#4819),
(#4820,#4821),(#4822,#4823),(#4824,#4825),(#4826,#4827),(#4828,#4829)),
 .SURF_OF_LINEAR_EXTRUSION.,.F.,.F.,.F.,(4,1,1,1,1,1,1,1,1,1,4),(2,2),(0.0396366370196768,
0.0987332206785295,0.128281512507956,0.157829804337382,0.216926387996235,
0.276022971655088,0.394216138972793,0.512409306290498,0.630602473608204,
0.748795640925909,0.98518197556132),(0.,1.),.UNSPECIFIED.);
#14=B_SPLINE_SURFACE_WITH_KNOTS('',3,1,((#4836,#4837),(#4838,#4839),(#4840,
#4841),(#4842,#4843),(#4844,#4845),(#4846,#4847),(#4848,#4849),(#4850,#4851),
(#4852,#4853),(#4854,#4855),(#4856,#4857),(#4858,#4859),(#4860,#4861)),
 .SURF_OF_LINEAR_EXTRUSION.,.F.,.F.,.F.,(4,1,1,1,1,1,1,1,1,1,4),(2,2),(0.0396366370196583,
0.0987332206785119,0.128281512507939,0.157829804337365,0.216926387996219,
0.276022971655073,0.39421613897278,0.512409306290487,0.630602473608194,
0.748795640925902,0.985181975561316),(0.,1.),.UNSPECIFIED.);
#15=B_SPLINE_SURFACE_WITH_KNOTS('',3,1,((#4863,#4864),(#4865,#4866),(#4867,
#4868),(#4869,#4870),(#4871,#4872),(#4873,#4874),(#4875,#4876),(#4877,#4878),
(#4879,#4880),(#4881,#4882),(#4883,#4884),(#4885,#4886),(#4887,#4888)),
 .SURF_OF_LINEAR_EXTRUSION.,.F.,.F.,.F.,(4,1,1,1,1,1,1,1,1,1,4),(2,2),(0.0396366370196689,
0.0987332206785221,0.128281512507949,0.157829804337375,0.216926387996229,
0.276022971655082,0.394216138972788,0.512409306290495,0.630602473608201,
0.748795640925907,0.98518197556132),(0.,1.),.UNSPECIFIED.);
#16=B_SPLINE_SURFACE_WITH_KNOTS('',3,1,((#4895,#4896),(#4897,#4898),(#4899,
#4900),(#4901,#4902),(#4903,#4904),(#4905,#4906),(#4907,#4908),(#4909,#4910),
(#4911,#4912),(#4913,#4914),(#4915,#4916),(#4917,#4918),(#4919,#4920)),
 .SURF_OF_LINEAR_EXTRUSION.,.F.,.F.,.F.,(4,1,1,1,1,1,1,1,1,1,4),(2,2),(0.0396366370196634,
0.0987332206785167,0.128281512507943,0.15782980433737,0.216926387996223,
0.276022971655077,0.394216138972783,0.51240930629049,0.630602473608196,
0.748795640925903,0.985181975561316),(0.,1.),.UNSPECIFIED.);
#17=B_SPLINE_SURFACE_WITH_KNOTS('',3,1,((#4922,#4923),(#4924,#4925),(#4926,
#4927),(#4928,#4929),(#4930,#4931),(#4932,#4933),(#4934,#4935),(#4936,#4937),
(#4938,#4939),(#4940,#4941),(#4942,#4943),(#4944,#4945),(#4946,#4947)),
 .SURF_OF_LINEAR_EXTRUSION.,.F.,.F.,.F.,(4,1,1,1,1,1,1,1,1,1,4),(2,2),(0.0396366370196692,
0.0987332206785224,0.128281512507949,0.157829804337376,0.216926387996229,
0.276022971655082,0.394216138972788,0.512409306290495,0.630602473608201,
0.748795640925907,0.98518197556132),(0.,1.),.UNSPECIFIED.);
#18=B_SPLINE_SURFACE_WITH_KNOTS('',3,1,((#4954,#4955),(#4956,#4957),(#4958,
#4959),(#4960,#4961),(#4962,#4963),(#4964,#4965),(#4966,#4967),(#4968,#4969),
(#4970,#4971),(#4972,#4973),(#4974,#4975),(#4976,#4977),(#4978,#4979)),
 .SURF_OF_LINEAR_EXTRUSION.,.F.,.F.,.F.,(4,1,1,1,1,1,1,1,1,1,4),(2,2),(0.0396366370196615,
0.0987332206785149,0.128281512507942,0.157829804337368,0.216926387996222,
0.276022971655075,0.394216138972782,0.512409306290489,0.630602473608196,
0.748795640925902,0.985181975561316),(0.,1.),.UNSPECIFIED.);
#19=B_SPLINE_SURFACE_WITH_KNOTS('',3,1,((#4981,#4982),(#4983,#4984),(#4985,
#4986),(#4987,#4988),(#4989,#4990),(#4991,#4992),(#4993,#4994),(#4995,#4996),
(#4997,#4998),(#4999,#5000),(#5001,#5002),(#5003,#5004),(#5005,#5006)),
 .SURF_OF_LINEAR_EXTRUSION.,.F.,.F.,.F.,(4,1,1,1,1,1,1,1,1,1,4),(2,2),(0.0396366370196697,
0.0987332206785229,0.128281512507949,0.157829804337376,0.216926387996229,
0.276022971655082,0.394216138972789,0.512409306290495,0.630602473608201,
0.748795640925907,0.98518197556132),(0.,1.),.UNSPECIFIED.);
#20=B_SPLINE_SURFACE_WITH_KNOTS('',3,1,((#5013,#5014),(#5015,#5016),(#5017,
#5018),(#5019,#5020),(#5021,#5022),(#5023,#5024),(#5025,#5026),(#5027,#5028),
(#5029,#5030),(#5031,#5032),(#5033,#5034),(#5035,#5036),(#5037,#5038)),
 .SURF_OF_LINEAR_EXTRUSION.,.F.,.F.,.F.,(4,1,1,1,1,1,1,1,1,1,4),(2,2),(0.0396366370196611,
0.0987332206785145,0.128281512507941,0.157829804337368,0.216926387996221,
0.276022971655075,0.394216138972782,0.512409306290489,0.630602473608195,
0.748795640925902,0.985181975561316),(0.,1.),.UNSPECIFIED.);
#21=B_SPLINE_SURFACE_WITH_KNOTS('',3,1,((#5040,#5041),(#5042,#5043),(#5044,
#5045),(#5046,#5047),(#5048,#5049),(#5050,#5051),(#5052,#5053),(#5054,#5055),
(#5056,#5057),(#5058,#5059),(#5060,#5061),(#5062,#5063),(#5064,#5065)),
 .SURF_OF_LINEAR_EXTRUSION.,.F.,.F.,.F.,(4,1,1,1,1,1,1,1,1,1,4),(2,2),(0.0396366370196658,
0.0987332206785192,0.128281512507946,0.157829804337373,0.216926387996226,
0.276022971655079,0.394216138972786,0.512409306290493,0.6306024736082,0.748795640925906,
0.98518197556132),(0.,1.),.UNSPECIFIED.);
#22=B_SPLINE_SURFACE_WITH_KNOTS('',3,1,((#5072,#5073),(#5074,#5075),(#5076,
#5077),(#5078,#5079),(#5080,#5081),(#5082,#5083),(#5084,#5085),(#5086,#5087),
(#5088,#5089),(#5090,#5091),(#5092,#5093),(#5094,#5095),(#5096,#5097)),
 .SURF_OF_LINEAR_EXTRUSION.,.F.,.F.,.F.,(4,1,1,1,1,1,1,1,1,1,4),(2,2),(0.0396366370196639,
0.0987332206785172,0.128281512507944,0.15782980433737,0.216926387996224,
0.276022971655077,0.394216138972783,0.51240930629049,0.630602473608197,
0.748795640925903,0.985181975561316),(0.,1.),.UNSPECIFIED.);
#23=B_SPLINE_SURFACE_WITH_KNOTS('',3,1,((#5099,#5100),(#5101,#5102),(#5103,
#5104),(#5105,#5106),(#5107,#5108),(#5109,#5110),(#5111,#5112),(#5113,#5114),
(#5115,#5116),(#5117,#5118),(#5119,#5120),(#5121,#5122),(#5123,#5124)),
 .SURF_OF_LINEAR_EXTRUSION.,.F.,.F.,.F.,(4,1,1,1,1,1,1,1,1,1,4),(2,2),(0.0396366370196704,
0.0987332206785235,0.12828151250795,0.157829804337377,0.21692638799623,
0.276022971655083,0.394216138972789,0.512409306290495,0.630602473608201,
0.748795640925908,0.98518197556132),(0.,1.),.UNSPECIFIED.);
#24=B_SPLINE_SURFACE_WITH_KNOTS('',3,1,((#5131,#5132),(#5133,#5134),(#5135,
#5136),(#5137,#5138),(#5139,#5140),(#5141,#5142),(#5143,#5144),(#5145,#5146),
(#5147,#5148),(#5149,#5150),(#5151,#5152),(#5153,#5154),(#5155,#5156)),
 .SURF_OF_LINEAR_EXTRUSION.,.F.,.F.,.F.,(4,1,1,1,1,1,1,1,1,1,4),(2,2),(0.039636637019667,
0.0987332206785203,0.128281512507947,0.157829804337374,0.216926387996227,
0.27602297165508,0.394216138972787,0.512409306290494,0.6306024736082,0.748795640925907,
0.98518197556132),(0.,1.),.UNSPECIFIED.);
#25=B_SPLINE_SURFACE_WITH_KNOTS('',3,1,((#5157,#5158),(#5159,#5160),(#5161,
#5162),(#5163,#5164),(#5165,#5166),(#5167,#5168),(#5169,#5170),(#5171,#5172),
(#5173,#5174),(#5175,#5176),(#5177,#5178),(#5179,#5180),(#5181,#5182)),
 .SURF_OF_LINEAR_EXTRUSION.,.F.,.F.,.F.,(4,1,1,1,1,1,1,1,1,1,4),(2,2),(0.0396366370196634,
0.0987332206785167,0.128281512507943,0.15782980433737,0.216926387996223,
0.276022971655077,0.394216138972783,0.51240930629049,0.630602473608196,
0.748795640925903,0.985181975561316),(0.,1.),.UNSPECIFIED.);
#26=B_SPLINE_SURFACE_WITH_KNOTS('',3,1,((#5185,#5186),(#5187,#5188),(#5189,
#5190),(#5191,#5192),(#5193,#5194),(#5195,#5196),(#5197,#5198),(#5199,#5200),
(#5201,#5202),(#5203,#5204),(#5205,#5206),(#5207,#5208),(#5209,#5210)),
 .SURF_OF_LINEAR_EXTRUSION.,.F.,.F.,.F.,(4,1,1,1,1,1,1,1,1,1,4),(2,2),(0.0396366370196599,
0.0987332206785134,0.12828151250794,0.157829804337367,0.21692638799622,
0.276022971655074,0.394216138972781,0.512409306290488,0.630602473608195,
0.748795640925902,0.985181975561316),(0.,1.),.UNSPECIFIED.);
#27=B_SPLINE_SURFACE_WITH_KNOTS('',3,1,((#5212,#5213),(#5214,#5215),(#5216,
#5217),(#5218,#5219),(#5220,#5221),(#5222,#5223),(#5224,#5225),(#5226,#5227),
(#5228,#5229),(#5230,#5231),(#5232,#5233),(#5234,#5235),(#5236,#5237)),
 .SURF_OF_LINEAR_EXTRUSION.,.F.,.F.,.F.,(4,1,1,1,1,1,1,1,1,1,4),(2,2),(0.0396366370196648,
0.0987332206785182,0.128281512507945,0.157829804337372,0.216926387996225,
0.276022971655079,0.394216138972786,0.512409306290492,0.630602473608199,
0.748795640925906,0.98518197556132),(0.,1.),.UNSPECIFIED.);
#28=B_SPLINE_SURFACE_WITH_KNOTS('',3,1,((#5244,#5245),(#5246,#5247),(#5248,
#5249),(#5250,#5251),(#5252,#5253),(#5254,#5255),(#5256,#5257),(#5258,#5259),
(#5260,#5261),(#5262,#5263),(#5264,#5265),(#5266,#5267),(#5268,#5269)),
 .SURF_OF_LINEAR_EXTRUSION.,.F.,.F.,.F.,(4,1,1,1,1,1,1,1,1,1,4),(2,2),(0.0396366370196623,
0.0987332206785157,0.128281512507942,0.157829804337369,0.216926387996222,
0.276022971655076,0.394216138972782,0.512409306290489,0.630602473608196,
0.748795640925903,0.985181975561316),(0.,1.),.UNSPECIFIED.);
#29=B_SPLINE_SURFACE_WITH_KNOTS('',3,1,((#5271,#5272),(#5273,#5274),(#5275,
#5276),(#5277,#5278),(#5279,#5280),(#5281,#5282),(#5283,#5284),(#5285,#5286),
(#5287,#5288),(#5289,#5290),(#5291,#5292),(#5293,#5294),(#5295,#5296)),
 .SURF_OF_LINEAR_EXTRUSION.,.F.,.F.,.F.,(4,1,1,1,1,1,1,1,1,1,4),(2,2),(0.0396366370196712,
0.0987332206785243,0.128281512507951,0.157829804337377,0.21692638799623,
0.276022971655083,0.39421613897279,0.512409306290496,0.630602473608202,
0.748795640925908,0.98518197556132),(0.,1.),.UNSPECIFIED.);
#30=B_SPLINE_SURFACE_WITH_KNOTS('',3,1,((#5303,#5304),(#5305,#5306),(#5307,
#5308),(#5309,#5310),(#5311,#5312),(#5313,#5314),(#5315,#5316),(#5317,#5318),
(#5319,#5320),(#5321,#5322),(#5323,#5324),(#5325,#5326),(#5327,#5328)),
 .SURF_OF_LINEAR_EXTRUSION.,.F.,.F.,.F.,(4,1,1,1,1,1,1,1,1,1,4),(2,2),(0.0396366370196623,
0.0987332206785156,0.128281512507942,0.157829804337369,0.216926387996222,
0.276022971655076,0.394216138972782,0.512409306290489,0.630602473608196,
0.748795640925903,0.985181975561316),(0.,1.),.UNSPECIFIED.);
#31=B_SPLINE_SURFACE_WITH_KNOTS('',3,1,((#5330,#5331),(#5332,#5333),(#5334,
#5335),(#5336,#5337),(#5338,#5339),(#5340,#5341),(#5342,#5343),(#5344,#5345),
(#5346,#5347),(#5348,#5349),(#5350,#5351),(#5352,#5353),(#5354,#5355)),
 .SURF_OF_LINEAR_EXTRUSION.,.F.,.F.,.F.,(4,1,1,1,1,1,1,1,1,1,4),(2,2),(0.039636637019668,
0.0987332206785213,0.128281512507948,0.157829804337375,0.216926387996228,
0.276022971655081,0.394216138972788,0.512409306290494,0.630602473608201,
0.748795640925907,0.98518197556132),(0.,1.),.UNSPECIFIED.);
#32=B_SPLINE_SURFACE_WITH_KNOTS('',3,1,((#5362,#5363),(#5364,#5365),(#5366,
#5367),(#5368,#5369),(#5370,#5371),(#5372,#5373),(#5374,#5375),(#5376,#5377),
(#5378,#5379),(#5380,#5381),(#5382,#5383),(#5384,#5385),(#5386,#5387)),
 .SURF_OF_LINEAR_EXTRUSION.,.F.,.F.,.F.,(4,1,1,1,1,1,1,1,1,1,4),(2,2),(0.0396366370196572,
0.0987332206785109,0.128281512507938,0.157829804337365,0.216926387996218,
0.276022971655072,0.394216138972779,0.512409306290487,0.630602473608194,
0.748795640925901,0.985181975561316),(0.,1.),.UNSPECIFIED.);
#33=B_SPLINE_SURFACE_WITH_KNOTS('',3,1,((#5389,#5390),(#5391,#5392),(#5393,
#5394),(#5395,#5396),(#5397,#5398),(#5399,#5400),(#5401,#5402),(#5403,#5404),
(#5405,#5406),(#5407,#5408),(#5409,#5410),(#5411,#5412),(#5413,#5414)),
 .SURF_OF_LINEAR_EXTRUSION.,.F.,.F.,.F.,(4,1,1,1,1,1,1,1,1,1,4),(2,2),(0.0396366370196712,
0.0987332206785243,0.128281512507951,0.157829804337377,0.21692638799623,
0.276022971655083,0.39421613897279,0.512409306290496,0.630602473608202,
0.748795640925908,0.98518197556132),(0.,1.),.UNSPECIFIED.);
#34=CYLINDRICAL_SURFACE('',#2104,0.000412262132091495);
#35=CYLINDRICAL_SURFACE('',#2105,0.008);
#36=CYLINDRICAL_SURFACE('',#2106,0.008);
#37=CYLINDRICAL_SURFACE('',#2107,0.008);
#38=CYLINDRICAL_SURFACE('',#2108,0.008);
#39=CYLINDRICAL_SURFACE('',#2109,0.008);
#40=CYLINDRICAL_SURFACE('',#2110,0.008);
#41=CYLINDRICAL_SURFACE('',#2111,0.008);
#42=CYLINDRICAL_SURFACE('',#2112,0.008);
#43=CYLINDRICAL_SURFACE('',#2113,0.008);
#44=CYLINDRICAL_SURFACE('',#2114,0.008);
#45=CYLINDRICAL_SURFACE('',#2115,0.008);
#46=CYLINDRICAL_SURFACE('',#2116,0.00575);
#47=CYLINDRICAL_SURFACE('',#2117,0.000412262132091495);
#48=CYLINDRICAL_SURFACE('',#2118,0.000412262132091495);
#49=CYLINDRICAL_SURFACE('',#2119,0.00575);
#50=CYLINDRICAL_SURFACE('',#2120,0.000412262132091495);
#51=CYLINDRICAL_SURFACE('',#2121,0.000412262132091495);
#52=CYLINDRICAL_SURFACE('',#2122,0.00575);
#53=CYLINDRICAL_SURFACE('',#2123,0.000412262132091495);
#54=CYLINDRICAL_SURFACE('',#2124,0.000412262132091495);
#55=CYLINDRICAL_SURFACE('',#2125,0.00575);
#56=CYLINDRICAL_SURFACE('',#2126,0.000412262132091495);
#57=CYLINDRICAL_SURFACE('',#2127,0.000412262132091495);
#58=CYLINDRICAL_SURFACE('',#2128,0.00575);
#59=CYLINDRICAL_SURFACE('',#2129,0.000412262132091495);
#60=CYLINDRICAL_SURFACE('',#2130,0.000412262132091495);
#61=CYLINDRICAL_SURFACE('',#2131,0.00575);
#62=CYLINDRICAL_SURFACE('',#2132,0.000412262132091495);
#63=CYLINDRICAL_SURFACE('',#2133,0.000412262132091495);
#64=CYLINDRICAL_SURFACE('',#2134,0.000412262132091495);
#65=CYLINDRICAL_SURFACE('',#2135,0.00575);
#66=CYLINDRICAL_SURFACE('',#2136,0.000412262132091495);
#67=CYLINDRICAL_SURFACE('',#2137,0.000412262132091495);
#68=CYLINDRICAL_SURFACE('',#2138,0.00575);
#69=CYLINDRICAL_SURFACE('',#2139,0.000412262132091495);
#70=CYLINDRICAL_SURFACE('',#2140,0.000412262132091495);
#71=CYLINDRICAL_SURFACE('',#2141,0.00575);
#72=CYLINDRICAL_SURFACE('',#2142,0.000412262132091495);
#73=CYLINDRICAL_SURFACE('',#2143,0.000412262132091495);
#74=CYLINDRICAL_SURFACE('',#2144,0.00575);
#75=CYLINDRICAL_SURFACE('',#2145,0.000412262132091495);
#76=CYLINDRICAL_SURFACE('',#2146,0.000412262132091495);
#77=CYLINDRICAL_SURFACE('',#2147,0.0012);
#78=B_SPLINE_CURVE_WITH_KNOTS('',3,(#2857,#2858,#2859,#2860,#2861,#2862,
#2863,#2864,#2865,#2866,#2867,#2868,#2869,#2870,#2871,#2872,#2873,#2874,
#2875,#2876,#2877,#2878,#2879,#2880,#2881,#2882,#2883,#2884,#2885,#2886,
#2887,#2888,#2889,#2890,#2891,#2892,#2893,#2894),.UNSPECIFIED.,.F.,.F.,
(4,1,1,1,1,1,1,1,1,1,1,1,1,1,1,1,1,1,1,1,1,1,1,1,1,1,1,1,1,1,1,1,1,1,1,
4),(0.,0.114423705043571,0.122317937526407,0.132509345825635,0.144567982089451,
0.158241190085215,0.173357490114654,0.189790640664139,0.207442675895648,
0.226234702367676,0.246101412468417,0.26698758209486,0.288845715436998,
0.311634394749706,0.335317084978891,0.359861243718046,0.385237642989262,
0.411419842128423,0.438383771062814,0.466107395923514,0.494570447187792,
0.523754196075566,0.553641268716254,0.584215490258701,0.615461752992564,
0.647365903925467,0.679914648274108,0.713095466085064,0.746896539774235,
0.781306690812603,0.816315324125411,0.851912379037056,0.888088285803006,
0.924833926936322,0.962140602669513,0.985181975561316),.UNSPECIFIED.);
#79=B_SPLINE_CURVE_WITH_KNOTS('',3,(#2898,#2899,#2900,#2901,#2902,#2903,
#2904,#2905,#2906,#2907,#2908,#2909,#2910,#2911,#2912,#2913,#2914,#2915,
#2916,#2917,#2918,#2919,#2920,#2921,#2922,#2923,#2924,#2925,#2926,#2927,
#2928,#2929,#2930,#2931,#2932,#2933,#2934,#2935),.UNSPECIFIED.,.F.,.F.,
(4,1,1,1,1,1,1,1,1,1,1,1,1,1,1,1,1,1,1,1,1,1,1,1,1,1,1,1,1,1,1,1,1,1,1,
4),(0.,0.114423705043571,0.122317937526407,0.132509345825635,0.144567982089451,
0.158241190085215,0.173357490114654,0.189790640664139,0.207442675895648,
0.226234702367676,0.246101412468417,0.26698758209486,0.288845715436998,
0.311634394749706,0.335317084978891,0.359861243718046,0.385237642989262,
0.411419842128423,0.438383771062814,0.466107395923514,0.494570447187792,
0.523754196075566,0.553641268716254,0.584215490258701,0.615461752992564,
0.647365903925467,0.679914648274108,0.713095466085064,0.746896539774235,
0.781306690812603,0.816315324125411,0.851912379037056,0.888088285803006,
0.924833926936322,0.962140602669513,0.98518197556132),.UNSPECIFIED.);
#80=B_SPLINE_CURVE_WITH_KNOTS('',3,(#2943,#2944,#2945,#2946,#2947,#2948,
#2949,#2950,#2951,#2952,#2953,#2954,#2955,#2956,#2957,#2958,#2959,#2960,
#2961,#2962,#2963,#2964,#2965,#2966,#2967,#2968,#2969,#2970,#2971,#2972,
#2973,#2974,#2975,#2976,#2977,#2978,#2979,#2980),.UNSPECIFIED.,.F.,.F.,
(4,1,1,1,1,1,1,1,1,1,1,1,1,1,1,1,1,1,1,1,1,1,1,1,1,1,1,1,1,1,1,1,1,1,1,
4),(0.,0.114423705043571,0.122317937526407,0.132509345825635,0.144567982089451,
0.158241190085215,0.173357490114654,0.189790640664139,0.207442675895648,
0.226234702367676,0.246101412468417,0.26698758209486,0.288845715436998,
0.311634394749706,0.335317084978891,0.359861243718046,0.385237642989262,
0.411419842128423,0.438383771062814,0.466107395923514,0.494570447187792,
0.523754196075566,0.553641268716254,0.584215490258701,0.615461752992564,
0.647365903925467,0.679914648274108,0.713095466085064,0.746896539774235,
0.781306690812603,0.816315324125411,0.851912379037056,0.888088285803006,
0.924833926936322,0.962140602669513,0.985181975561316),.UNSPECIFIED.);
#81=B_SPLINE_CURVE_WITH_KNOTS('',3,(#2984,#2985,#2986,#2987,#2988,#2989,
#2990,#2991,#2992,#2993,#2994,#2995,#2996,#2997,#2998,#2999,#3000,#3001,
#3002,#3003,#3004,#3005,#3006,#3007,#3008,#3009,#3010,#3011,#3012,#3013,
#3014,#3015,#3016,#3017,#3018,#3019,#3020,#3021),.UNSPECIFIED.,.F.,.F.,
(4,1,1,1,1,1,1,1,1,1,1,1,1,1,1,1,1,1,1,1,1,1,1,1,1,1,1,1,1,1,1,1,1,1,1,
4),(0.,0.114423705043571,0.122317937526407,0.132509345825635,0.144567982089451,
0.158241190085215,0.173357490114654,0.189790640664139,0.207442675895648,
0.226234702367676,0.246101412468417,0.26698758209486,0.288845715436998,
0.311634394749706,0.335317084978891,0.359861243718046,0.385237642989262,
0.411419842128423,0.438383771062814,0.466107395923514,0.494570447187792,
0.523754196075566,0.553641268716254,0.584215490258701,0.615461752992564,
0.647365903925467,0.679914648274108,0.713095466085064,0.746896539774235,
0.781306690812603,0.816315324125411,0.851912379037056,0.888088285803006,
0.924833926936322,0.962140602669513,0.98518197556132),.UNSPECIFIED.);
#82=B_SPLINE_CURVE_WITH_KNOTS('',3,(#3029,#3030,#3031,#3032,#3033,#3034,
#3035,#3036,#3037,#3038,#3039,#3040,#3041,#3042,#3043,#3044,#3045,#3046,
#3047,#3048,#3049,#3050,#3051,#3052,#3053,#3054,#3055,#3056,#3057,#3058,
#3059,#3060,#3061,#3062,#3063,#3064,#3065,#3066),.UNSPECIFIED.,.F.,.F.,
(4,1,1,1,1,1,1,1,1,1,1,1,1,1,1,1,1,1,1,1,1,1,1,1,1,1,1,1,1,1,1,1,1,1,1,
4),(0.,0.114423705043571,0.122317937526407,0.132509345825635,0.144567982089451,
0.158241190085215,0.173357490114654,0.189790640664139,0.207442675895648,
0.226234702367676,0.246101412468417,0.26698758209486,0.288845715436998,
0.311634394749706,0.335317084978891,0.359861243718046,0.385237642989262,
0.411419842128423,0.438383771062814,0.466107395923514,0.494570447187792,
0.523754196075566,0.553641268716254,0.584215490258701,0.615461752992564,
0.647365903925467,0.679914648274108,0.713095466085064,0.746896539774235,
0.781306690812603,0.816315324125411,0.851912379037056,0.888088285803006,
0.924833926936322,0.962140602669513,0.985181975561316),.UNSPECIFIED.);
#83=B_SPLINE_CURVE_WITH_KNOTS('',3,(#3070,#3071,#3072,#3073,#3074,#3075,
#3076,#3077,#3078,#3079,#3080,#3081,#3082,#3083,#3084,#3085,#3086,#3087,
#3088,#3089,#3090,#3091,#3092,#3093,#3094,#3095,#3096,#3097,#3098,#3099,
#3100,#3101,#3102,#3103,#3104,#3105,#3106,#3107),.UNSPECIFIED.,.F.,.F.,
(4,1,1,1,1,1,1,1,1,1,1,1,1,1,1,1,1,1,1,1,1,1,1,1,1,1,1,1,1,1,1,1,1,1,1,
4),(0.,0.114423705043571,0.122317937526407,0.132509345825635,0.144567982089451,
0.158241190085215,0.173357490114654,0.189790640664139,0.207442675895648,
0.226234702367676,0.246101412468417,0.26698758209486,0.288845715436998,
0.311634394749706,0.335317084978891,0.359861243718046,0.385237642989262,
0.411419842128423,0.438383771062814,0.466107395923514,0.494570447187792,
0.523754196075566,0.553641268716254,0.584215490258701,0.615461752992564,
0.647365903925467,0.679914648274108,0.713095466085064,0.746896539774235,
0.781306690812603,0.816315324125411,0.851912379037056,0.888088285803006,
0.924833926936322,0.962140602669513,0.98518197556132),.UNSPECIFIED.);
#84=B_SPLINE_CURVE_WITH_KNOTS('',3,(#3115,#3116,#3117,#3118,#3119,#3120,
#3121,#3122,#3123,#3124,#3125,#3126,#3127,#3128,#3129,#3130,#3131,#3132,
#3133,#3134,#3135,#3136,#3137,#3138,#3139,#3140,#3141,#3142,#3143,#3144,
#3145,#3146,#3147,#3148,#3149,#3150,#3151,#3152),.UNSPECIFIED.,.F.,.F.,
(4,1,1,1,1,1,1,1,1,1,1,1,1,1,1,1,1,1,1,1,1,1,1,1,1,1,1,1,1,1,1,1,1,1,1,
4),(0.,0.114423705043571,0.122317937526407,0.132509345825635,0.144567982089451,
0.158241190085215,0.173357490114654,0.189790640664139,0.207442675895648,
0.226234702367676,0.246101412468417,0.26698758209486,0.288845715436998,
0.311634394749706,0.335317084978891,0.359861243718046,0.385237642989262,
0.411419842128423,0.438383771062814,0.466107395923514,0.494570447187792,
0.523754196075566,0.553641268716254,0.584215490258701,0.615461752992564,
0.647365903925467,0.679914648274108,0.713095466085064,0.746896539774235,
0.781306690812603,0.816315324125411,0.851912379037056,0.888088285803006,
0.924833926936322,0.962140602669513,0.985181975561316),.UNSPECIFIED.);
#85=B_SPLINE_CURVE_WITH_KNOTS('',3,(#3156,#3157,#3158,#3159,#3160,#3161,
#3162,#3163,#3164,#3165,#3166,#3167,#3168,#3169,#3170,#3171,#3172,#3173,
#3174,#3175,#3176,#3177,#3178,#3179,#3180,#3181,#3182,#3183,#3184,#3185,
#3186,#3187,#3188,#3189,#3190,#3191,#3192,#3193),.UNSPECIFIED.,.F.,.F.,
(4,1,1,1,1,1,1,1,1,1,1,1,1,1,1,1,1,1,1,1,1,1,1,1,1,1,1,1,1,1,1,1,1,1,1,
4),(0.,0.114423705043571,0.122317937526407,0.132509345825635,0.144567982089451,
0.158241190085215,0.173357490114654,0.189790640664139,0.207442675895648,
0.226234702367676,0.246101412468417,0.26698758209486,0.288845715436998,
0.311634394749706,0.335317084978891,0.359861243718046,0.385237642989262,
0.411419842128423,0.438383771062814,0.466107395923514,0.494570447187792,
0.523754196075566,0.553641268716254,0.584215490258701,0.615461752992564,
0.647365903925467,0.679914648274108,0.713095466085064,0.746896539774235,
0.781306690812603,0.816315324125411,0.851912379037056,0.888088285803006,
0.924833926936322,0.962140602669513,0.98518197556132),.UNSPECIFIED.);
#86=B_SPLINE_CURVE_WITH_KNOTS('',3,(#3201,#3202,#3203,#3204,#3205,#3206,
#3207,#3208,#3209,#3210,#3211,#3212,#3213,#3214,#3215,#3216,#3217,#3218,
#3219,#3220,#3221,#3222,#3223,#3224,#3225,#3226,#3227,#3228,#3229,#3230,
#3231,#3232,#3233,#3234,#3235,#3236,#3237,#3238),.UNSPECIFIED.,.F.,.F.,
(4,1,1,1,1,1,1,1,1,1,1,1,1,1,1,1,1,1,1,1,1,1,1,1,1,1,1,1,1,1,1,1,1,1,1,
4),(0.,0.114423705043571,0.122317937526407,0.132509345825635,0.144567982089451,
0.158241190085215,0.173357490114654,0.189790640664139,0.207442675895648,
0.226234702367676,0.246101412468417,0.26698758209486,0.288845715436998,
0.311634394749706,0.335317084978891,0.359861243718046,0.385237642989262,
0.411419842128423,0.438383771062814,0.466107395923514,0.494570447187792,
0.523754196075566,0.553641268716254,0.584215490258701,0.615461752992564,
0.647365903925467,0.679914648274108,0.713095466085064,0.746896539774235,
0.781306690812603,0.816315324125411,0.851912379037056,0.888088285803006,
0.924833926936322,0.962140602669513,0.985181975561316),.UNSPECIFIED.);
#87=B_SPLINE_CURVE_WITH_KNOTS('',3,(#3242,#3243,#3244,#3245,#3246,#3247,
#3248,#3249,#3250,#3251,#3252,#3253,#3254,#3255,#3256,#3257,#3258,#3259,
#3260,#3261,#3262,#3263,#3264,#3265,#3266,#3267,#3268,#3269,#3270,#3271,
#3272,#3273,#3274,#3275,#3276,#3277,#3278,#3279),.UNSPECIFIED.,.F.,.F.,
(4,1,1,1,1,1,1,1,1,1,1,1,1,1,1,1,1,1,1,1,1,1,1,1,1,1,1,1,1,1,1,1,1,1,1,
4),(0.,0.114423705043571,0.122317937526407,0.132509345825635,0.144567982089451,
0.158241190085215,0.173357490114654,0.189790640664139,0.207442675895648,
0.226234702367676,0.246101412468417,0.26698758209486,0.288845715436998,
0.311634394749706,0.335317084978891,0.359861243718046,0.385237642989262,
0.411419842128423,0.438383771062814,0.466107395923514,0.494570447187792,
0.523754196075566,0.553641268716254,0.584215490258701,0.615461752992564,
0.647365903925467,0.679914648274108,0.713095466085064,0.746896539774235,
0.781306690812603,0.816315324125411,0.851912379037056,0.888088285803006,
0.924833926936322,0.962140602669513,0.98518197556132),.UNSPECIFIED.);
#88=B_SPLINE_CURVE_WITH_KNOTS('',3,(#3287,#3288,#3289,#3290,#3291,#3292,
#3293,#3294,#3295,#3296,#3297,#3298,#3299,#3300,#3301,#3302,#3303,#3304,
#3305,#3306,#3307,#3308,#3309,#3310,#3311,#3312,#3313,#3314,#3315,#3316,
#3317,#3318,#3319,#3320,#3321,#3322,#3323,#3324),.UNSPECIFIED.,.F.,.F.,
(4,1,1,1,1,1,1,1,1,1,1,1,1,1,1,1,1,1,1,1,1,1,1,1,1,1,1,1,1,1,1,1,1,1,1,
4),(0.,0.114423705043571,0.122317937526407,0.132509345825635,0.144567982089451,
0.158241190085215,0.173357490114654,0.189790640664139,0.207442675895648,
0.226234702367676,0.246101412468417,0.26698758209486,0.288845715436998,
0.311634394749706,0.335317084978891,0.359861243718046,0.385237642989262,
0.411419842128423,0.438383771062814,0.466107395923514,0.494570447187792,
0.523754196075566,0.553641268716254,0.584215490258701,0.615461752992564,
0.647365903925467,0.679914648274108,0.713095466085064,0.746896539774235,
0.781306690812603,0.816315324125411,0.851912379037056,0.888088285803006,
0.924833926936322,0.962140602669513,0.985181975561316),.UNSPECIFIED.);
#89=B_SPLINE_CURVE_WITH_KNOTS('',3,(#3328,#3329,#3330,#3331,#3332,#3333,
#3334,#3335,#3336,#3337,#3338,#3339,#3340,#3341,#3342,#3343,#3344,#3345,
#3346,#3347,#3348,#3349,#3350,#3351,#3352,#3353,#3354,#3355,#3356,#3357,
#3358,#3359,#3360,#3361,#3362,#3363,#3364,#3365),.UNSPECIFIED.,.F.,.F.,
(4,1,1,1,1,1,1,1,1,1,1,1,1,1,1,1,1,1,1,1,1,1,1,1,1,1,1,1,1,1,1,1,1,1,1,
4),(0.,0.114423705043571,0.122317937526407,0.132509345825635,0.144567982089451,
0.158241190085215,0.173357490114654,0.189790640664139,0.207442675895648,
0.226234702367676,0.246101412468417,0.26698758209486,0.288845715436998,
0.311634394749706,0.335317084978891,0.359861243718046,0.385237642989262,
0.411419842128423,0.438383771062814,0.466107395923514,0.494570447187792,
0.523754196075566,0.553641268716254,0.584215490258701,0.615461752992564,
0.647365903925467,0.679914648274108,0.713095466085064,0.746896539774235,
0.781306690812603,0.816315324125411,0.851912379037056,0.888088285803006,
0.924833926936322,0.962140602669513,0.98518197556132),.UNSPECIFIED.);
#90=B_SPLINE_CURVE_WITH_KNOTS('',3,(#3373,#3374,#3375,#3376,#3377,#3378,
#3379,#3380,#3381,#3382,#3383,#3384,#3385,#3386,#3387,#3388,#3389,#3390,
#3391,#3392,#3393,#3394,#3395,#3396,#3397,#3398,#3399,#3400,#3401,#3402,
#3403,#3404,#3405,#3406,#3407,#3408,#3409,#3410),.UNSPECIFIED.,.F.,.F.,
(4,1,1,1,1,1,1,1,1,1,1,1,1,1,1,1,1,1,1,1,1,1,1,1,1,1,1,1,1,1,1,1,1,1,1,
4),(0.,0.114423705043571,0.122317937526407,0.132509345825635,0.144567982089451,
0.158241190085215,0.173357490114654,0.189790640664139,0.207442675895648,
0.226234702367676,0.246101412468417,0.26698758209486,0.288845715436998,
0.311634394749706,0.335317084978891,0.359861243718046,0.385237642989262,
0.411419842128423,0.438383771062814,0.466107395923514,0.494570447187792,
0.523754196075566,0.553641268716254,0.584215490258701,0.615461752992564,
0.647365903925467,0.679914648274108,0.713095466085064,0.746896539774235,
0.781306690812603,0.816315324125411,0.851912379037056,0.888088285803006,
0.924833926936322,0.962140602669513,0.985181975561316),.UNSPECIFIED.);
#91=B_SPLINE_CURVE_WITH_KNOTS('',3,(#3414,#3415,#3416,#3417,#3418,#3419,
#3420,#3421,#3422,#3423,#3424,#3425,#3426,#3427,#3428,#3429,#3430,#3431,
#3432,#3433,#3434,#3435,#3436,#3437,#3438,#3439,#3440,#3441,#3442,#3443,
#3444,#3445,#3446,#3447,#3448,#3449,#3450,#3451),.UNSPECIFIED.,.F.,.F.,
(4,1,1,1,1,1,1,1,1,1,1,1,1,1,1,1,1,1,1,1,1,1,1,1,1,1,1,1,1,1,1,1,1,1,1,
4),(0.,0.114423705043571,0.122317937526407,0.132509345825635,0.144567982089451,
0.158241190085215,0.173357490114654,0.189790640664139,0.207442675895648,
0.226234702367676,0.246101412468417,0.26698758209486,0.288845715436998,
0.311634394749706,0.335317084978891,0.359861243718046,0.385237642989262,
0.411419842128423,0.438383771062814,0.466107395923514,0.494570447187792,
0.523754196075566,0.553641268716254,0.584215490258701,0.615461752992564,
0.647365903925467,0.679914648274108,0.713095466085064,0.746896539774235,
0.781306690812603,0.816315324125411,0.851912379037056,0.888088285803006,
0.924833926936322,0.962140602669513,0.98518197556132),.UNSPECIFIED.);
#92=B_SPLINE_CURVE_WITH_KNOTS('',3,(#3459,#3460,#3461,#3462,#3463,#3464,
#3465,#3466,#3467,#3468,#3469,#3470,#3471,#3472,#3473,#3474,#3475,#3476,
#3477,#3478,#3479,#3480,#3481,#3482,#3483,#3484,#3485,#3486,#3487,#3488,
#3489,#3490,#3491,#3492,#3493,#3494,#3495,#3496),.UNSPECIFIED.,.F.,.F.,
(4,1,1,1,1,1,1,1,1,1,1,1,1,1,1,1,1,1,1,1,1,1,1,1,1,1,1,1,1,1,1,1,1,1,1,
4),(0.,0.114423705043571,0.122317937526407,0.132509345825635,0.144567982089451,
0.158241190085215,0.173357490114654,0.189790640664139,0.207442675895648,
0.226234702367676,0.246101412468417,0.26698758209486,0.288845715436998,
0.311634394749706,0.335317084978891,0.359861243718046,0.385237642989262,
0.411419842128423,0.438383771062814,0.466107395923514,0.494570447187792,
0.523754196075566,0.553641268716254,0.584215490258701,0.615461752992564,
0.647365903925467,0.679914648274108,0.713095466085064,0.746896539774235,
0.781306690812603,0.816315324125411,0.851912379037056,0.888088285803006,
0.924833926936322,0.962140602669513,0.985181975561316),.UNSPECIFIED.);
#93=B_SPLINE_CURVE_WITH_KNOTS('',3,(#3500,#3501,#3502,#3503,#3504,#3505,
#3506,#3507,#3508,#3509,#3510,#3511,#3512,#3513,#3514,#3515,#3516,#3517,
#3518,#3519,#3520,#3521,#3522,#3523,#3524,#3525,#3526,#3527,#3528,#3529,
#3530,#3531,#3532,#3533,#3534,#3535,#3536,#3537),.UNSPECIFIED.,.F.,.F.,
(4,1,1,1,1,1,1,1,1,1,1,1,1,1,1,1,1,1,1,1,1,1,1,1,1,1,1,1,1,1,1,1,1,1,1,
4),(0.,0.114423705043571,0.122317937526407,0.132509345825635,0.144567982089451,
0.158241190085215,0.173357490114654,0.189790640664139,0.207442675895648,
0.226234702367676,0.246101412468417,0.26698758209486,0.288845715436998,
0.311634394749706,0.335317084978891,0.359861243718046,0.385237642989262,
0.411419842128423,0.438383771062814,0.466107395923514,0.494570447187792,
0.523754196075566,0.553641268716254,0.584215490258701,0.615461752992564,
0.647365903925467,0.679914648274108,0.713095466085064,0.746896539774235,
0.781306690812603,0.816315324125411,0.851912379037056,0.888088285803006,
0.924833926936322,0.962140602669513,0.98518197556132),.UNSPECIFIED.);
#94=B_SPLINE_CURVE_WITH_KNOTS('',3,(#3545,#3546,#3547,#3548,#3549,#3550,
#3551,#3552,#3553,#3554,#3555,#3556,#3557,#3558,#3559,#3560,#3561,#3562,
#3563,#3564,#3565,#3566,#3567,#3568,#3569,#3570,#3571,#3572,#3573,#3574,
#3575,#3576,#3577,#3578,#3579,#3580,#3581,#3582),.UNSPECIFIED.,.F.,.F.,
(4,1,1,1,1,1,1,1,1,1,1,1,1,1,1,1,1,1,1,1,1,1,1,1,1,1,1,1,1,1,1,1,1,1,1,
4),(0.,0.114423705043571,0.122317937526407,0.132509345825635,0.144567982089451,
0.158241190085215,0.173357490114654,0.189790640664139,0.207442675895648,
0.226234702367676,0.246101412468417,0.26698758209486,0.288845715436998,
0.311634394749706,0.335317084978891,0.359861243718046,0.385237642989262,
0.411419842128423,0.438383771062814,0.466107395923514,0.494570447187792,
0.523754196075566,0.553641268716254,0.584215490258701,0.615461752992564,
0.647365903925467,0.679914648274108,0.713095466085064,0.746896539774235,
0.781306690812603,0.816315324125411,0.851912379037056,0.888088285803006,
0.924833926936322,0.962140602669513,0.985181975561316),.UNSPECIFIED.);
#95=B_SPLINE_CURVE_WITH_KNOTS('',3,(#3586,#3587,#3588,#3589,#3590,#3591,
#3592,#3593,#3594,#3595,#3596,#3597,#3598,#3599,#3600,#3601,#3602,#3603,
#3604,#3605,#3606,#3607,#3608,#3609,#3610,#3611,#3612,#3613,#3614,#3615,
#3616,#3617,#3618,#3619,#3620,#3621,#3622,#3623),.UNSPECIFIED.,.F.,.F.,
(4,1,1,1,1,1,1,1,1,1,1,1,1,1,1,1,1,1,1,1,1,1,1,1,1,1,1,1,1,1,1,1,1,1,1,
4),(0.,0.114423705043571,0.122317937526407,0.132509345825635,0.144567982089451,
0.158241190085215,0.173357490114654,0.189790640664139,0.207442675895648,
0.226234702367676,0.246101412468417,0.26698758209486,0.288845715436998,
0.311634394749706,0.335317084978891,0.359861243718046,0.385237642989262,
0.411419842128423,0.438383771062814,0.466107395923514,0.494570447187792,
0.523754196075566,0.553641268716254,0.584215490258701,0.615461752992564,
0.647365903925467,0.679914648274108,0.713095466085064,0.746896539774235,
0.781306690812603,0.816315324125411,0.851912379037056,0.888088285803006,
0.924833926936322,0.962140602669513,0.98518197556132),.UNSPECIFIED.);
#96=B_SPLINE_CURVE_WITH_KNOTS('',3,(#3631,#3632,#3633,#3634,#3635,#3636,
#3637,#3638,#3639,#3640,#3641,#3642,#3643,#3644,#3645,#3646,#3647,#3648,
#3649,#3650,#3651,#3652,#3653,#3654,#3655,#3656,#3657,#3658,#3659,#3660,
#3661,#3662,#3663,#3664,#3665,#3666,#3667,#3668),.UNSPECIFIED.,.F.,.F.,
(4,1,1,1,1,1,1,1,1,1,1,1,1,1,1,1,1,1,1,1,1,1,1,1,1,1,1,1,1,1,1,1,1,1,1,
4),(0.,0.114423705043571,0.122317937526407,0.132509345825635,0.144567982089451,
0.158241190085215,0.173357490114654,0.189790640664139,0.207442675895648,
0.226234702367676,0.246101412468417,0.26698758209486,0.288845715436998,
0.311634394749706,0.335317084978891,0.359861243718046,0.385237642989262,
0.411419842128423,0.438383771062814,0.466107395923514,0.494570447187792,
0.523754196075566,0.553641268716254,0.584215490258701,0.615461752992564,
0.647365903925467,0.679914648274108,0.713095466085064,0.746896539774235,
0.781306690812603,0.816315324125411,0.851912379037056,0.888088285803006,
0.924833926936322,0.962140602669513,0.985181975561316),.UNSPECIFIED.);
#97=B_SPLINE_CURVE_WITH_KNOTS('',3,(#3672,#3673,#3674,#3675,#3676,#3677,
#3678,#3679,#3680,#3681,#3682,#3683,#3684,#3685,#3686,#3687,#3688,#3689,
#3690,#3691,#3692,#3693,#3694,#3695,#3696,#3697,#3698,#3699,#3700,#3701,
#3702,#3703,#3704,#3705,#3706,#3707,#3708,#3709),.UNSPECIFIED.,.F.,.F.,
(4,1,1,1,1,1,1,1,1,1,1,1,1,1,1,1,1,1,1,1,1,1,1,1,1,1,1,1,1,1,1,1,1,1,1,
4),(0.,0.114423705043571,0.122317937526407,0.132509345825635,0.144567982089451,
0.158241190085215,0.173357490114654,0.189790640664139,0.207442675895648,
0.226234702367676,0.246101412468417,0.26698758209486,0.288845715436998,
0.311634394749706,0.335317084978891,0.359861243718046,0.385237642989262,
0.411419842128423,0.438383771062814,0.466107395923514,0.494570447187792,
0.523754196075566,0.553641268716254,0.584215490258701,0.615461752992564,
0.647365903925467,0.679914648274108,0.713095466085064,0.746896539774235,
0.781306690812603,0.816315324125411,0.851912379037056,0.888088285803006,
0.924833926936322,0.962140602669513,0.98518197556132),.UNSPECIFIED.);
#98=B_SPLINE_CURVE_WITH_KNOTS('',3,(#3717,#3718,#3719,#3720,#3721,#3722,
#3723,#3724,#3725,#3726,#3727,#3728,#3729,#3730,#3731,#3732,#3733,#3734,
#3735,#3736,#3737,#3738,#3739,#3740,#3741,#3742,#3743,#3744,#3745,#3746,
#3747,#3748,#3749,#3750,#3751,#3752,#3753,#3754),.UNSPECIFIED.,.F.,.F.,
(4,1,1,1,1,1,1,1,1,1,1,1,1,1,1,1,1,1,1,1,1,1,1,1,1,1,1,1,1,1,1,1,1,1,1,
4),(0.,0.114423705043571,0.122317937526407,0.132509345825635,0.144567982089451,
0.158241190085215,0.173357490114654,0.189790640664139,0.207442675895648,
0.226234702367676,0.246101412468417,0.26698758209486,0.288845715436998,
0.311634394749706,0.335317084978891,0.359861243718046,0.385237642989262,
0.411419842128423,0.438383771062814,0.466107395923514,0.494570447187792,
0.523754196075566,0.553641268716254,0.584215490258701,0.615461752992564,
0.647365903925467,0.679914648274108,0.713095466085064,0.746896539774235,
0.781306690812603,0.816315324125411,0.851912379037056,0.888088285803006,
0.924833926936322,0.962140602669513,0.985181975561316),.UNSPECIFIED.);
#99=B_SPLINE_CURVE_WITH_KNOTS('',3,(#3758,#3759,#3760,#3761,#3762,#3763,
#3764,#3765,#3766,#3767,#3768,#3769,#3770,#3771,#3772,#3773,#3774,#3775,
#3776,#3777,#3778,#3779,#3780,#3781,#3782,#3783,#3784,#3785,#3786,#3787,
#3788,#3789,#3790,#3791,#3792,#3793,#3794,#3795),.UNSPECIFIED.,.F.,.F.,
(4,1,1,1,1,1,1,1,1,1,1,1,1,1,1,1,1,1,1,1,1,1,1,1,1,1,1,1,1,1,1,1,1,1,1,
4),(0.,0.114423705043571,0.122317937526407,0.132509345825635,0.144567982089451,
0.158241190085215,0.173357490114654,0.189790640664139,0.207442675895648,
0.226234702367676,0.246101412468417,0.26698758209486,0.288845715436998,
0.311634394749706,0.335317084978891,0.359861243718046,0.385237642989262,
0.411419842128423,0.438383771062814,0.466107395923514,0.494570447187792,
0.523754196075566,0.553641268716254,0.584215490258701,0.615461752992564,
0.647365903925467,0.679914648274108,0.713095466085064,0.746896539774235,
0.781306690812603,0.816315324125411,0.851912379037056,0.888088285803006,
0.924833926936322,0.962140602669513,0.98518197556132),.UNSPECIFIED.);
#100=B_SPLINE_CURVE_WITH_KNOTS('',3,(#3801,#3802,#3803,#3804,#3805,#3806,
#3807,#3808,#3809,#3810,#3811,#3812,#3813,#3814,#3815,#3816,#3817,#3818,
#3819,#3820,#3821,#3822,#3823,#3824,#3825,#3826,#3827,#3828,#3829,#3830,
#3831,#3832,#3833,#3834,#3835,#3836,#3837,#3838),.UNSPECIFIED.,.F.,.F.,
(4,1,1,1,1,1,1,1,1,1,1,1,1,1,1,1,1,1,1,1,1,1,1,1,1,1,1,1,1,1,1,1,1,1,1,
4),(0.,0.114423705043571,0.122317937526407,0.132509345825635,0.144567982089451,
0.158241190085215,0.173357490114654,0.189790640664139,0.207442675895648,
0.226234702367676,0.246101412468417,0.26698758209486,0.288845715436998,
0.311634394749706,0.335317084978891,0.359861243718046,0.385237642989262,
0.411419842128423,0.438383771062814,0.466107395923514,0.494570447187792,
0.523754196075566,0.553641268716254,0.584215490258701,0.615461752992564,
0.647365903925467,0.679914648274108,0.713095466085064,0.746896539774235,
0.781306690812603,0.816315324125411,0.851912379037056,0.888088285803006,
0.924833926936322,0.962140602669513,0.98518197556132),.UNSPECIFIED.);
#101=B_SPLINE_CURVE_WITH_KNOTS('',3,(#3842,#3843,#3844,#3845,#3846,#3847,
#3848,#3849,#3850,#3851,#3852,#3853,#3854,#3855,#3856,#3857,#3858,#3859,
#3860,#3861,#3862,#3863,#3864,#3865,#3866,#3867,#3868,#3869,#3870,#3871,
#3872,#3873,#3874,#3875,#3876,#3877,#3878,#3879),.UNSPECIFIED.,.F.,.F.,
(4,1,1,1,1,1,1,1,1,1,1,1,1,1,1,1,1,1,1,1,1,1,1,1,1,1,1,1,1,1,1,1,1,1,1,
4),(0.,0.114423705043571,0.122317937526407,0.132509345825635,0.144567982089451,
0.158241190085215,0.173357490114654,0.189790640664139,0.207442675895648,
0.226234702367676,0.246101412468417,0.26698758209486,0.288845715436998,
0.311634394749706,0.335317084978891,0.359861243718046,0.385237642989262,
0.411419842128423,0.438383771062814,0.466107395923514,0.494570447187792,
0.523754196075566,0.553641268716254,0.584215490258701,0.615461752992564,
0.647365903925467,0.679914648274108,0.713095466085064,0.746896539774235,
0.781306690812603,0.816315324125411,0.851912379037056,0.888088285803006,
0.924833926936322,0.962140602669513,0.985181975561316),.UNSPECIFIED.);
#102=B_SPLINE_CURVE_WITH_KNOTS('',3,(#3887,#3888,#3889,#3890,#3891,#3892,
#3893,#3894,#3895,#3896,#3897,#3898,#3899,#3900,#3901,#3902,#3903,#3904,
#3905,#3906,#3907,#3908,#3909,#3910,#3911,#3912,#3913,#3914,#3915,#3916,
#3917,#3918,#3919,#3920,#3921,#3922,#3923,#3924),.UNSPECIFIED.,.F.,.F.,
(4,1,1,1,1,1,1,1,1,1,1,1,1,1,1,1,1,1,1,1,1,1,1,1,1,1,1,1,1,1,1,1,1,1,1,
4),(0.,0.114423705043571,0.122317937526407,0.132509345825635,0.144567982089451,
0.158241190085215,0.173357490114654,0.189790640664139,0.207442675895648,
0.226234702367676,0.246101412468417,0.26698758209486,0.288845715436998,
0.311634394749706,0.335317084978891,0.359861243718046,0.385237642989262,
0.411419842128423,0.438383771062814,0.466107395923514,0.494570447187792,
0.523754196075566,0.553641268716254,0.584215490258701,0.615461752992564,
0.647365903925467,0.679914648274108,0.713095466085064,0.746896539774235,
0.781306690812603,0.816315324125411,0.851912379037056,0.888088285803006,
0.924833926936322,0.962140602669513,0.98518197556132),.UNSPECIFIED.);
#103=B_SPLINE_CURVE_WITH_KNOTS('',3,(#3928,#3929,#3930,#3931,#3932,#3933,
#3934,#3935,#3936,#3937,#3938,#3939,#3940,#3941,#3942,#3943,#3944,#3945,
#3946,#3947,#3948,#3949,#3950,#3951,#3952,#3953,#3954,#3955,#3956,#3957,
#3958,#3959,#3960,#3961,#3962,#3963,#3964,#3965),.UNSPECIFIED.,.F.,.F.,
(4,1,1,1,1,1,1,1,1,1,1,1,1,1,1,1,1,1,1,1,1,1,1,1,1,1,1,1,1,1,1,1,1,1,1,
4),(0.,0.114423705043571,0.122317937526407,0.132509345825635,0.144567982089451,
0.158241190085215,0.173357490114654,0.189790640664139,0.207442675895648,
0.226234702367676,0.246101412468417,0.26698758209486,0.288845715436998,
0.311634394749706,0.335317084978891,0.359861243718046,0.385237642989262,
0.411419842128423,0.438383771062814,0.466107395923514,0.494570447187792,
0.523754196075566,0.553641268716254,0.584215490258701,0.615461752992564,
0.647365903925467,0.679914648274108,0.713095466085064,0.746896539774235,
0.781306690812603,0.816315324125411,0.851912379037056,0.888088285803006,
0.924833926936322,0.962140602669513,0.985181975561316),.UNSPECIFIED.);
#104=B_SPLINE_CURVE_WITH_KNOTS('',3,(#3973,#3974,#3975,#3976,#3977,#3978,
#3979,#3980,#3981,#3982,#3983,#3984,#3985,#3986,#3987,#3988,#3989,#3990,
#3991,#3992,#3993,#3994,#3995,#3996,#3997,#3998,#3999,#4000,#4001,#4002,
#4003,#4004,#4005,#4006,#4007,#4008,#4009,#4010),.UNSPECIFIED.,.F.,.F.,
(4,1,1,1,1,1,1,1,1,1,1,1,1,1,1,1,1,1,1,1,1,1,1,1,1,1,1,1,1,1,1,1,1,1,1,
4),(0.,0.114423705043571,0.122317937526407,0.132509345825635,0.144567982089451,
0.158241190085215,0.173357490114654,0.189790640664139,0.207442675895648,
0.226234702367676,0.246101412468417,0.26698758209486,0.288845715436998,
0.311634394749706,0.335317084978891,0.359861243718046,0.385237642989262,
0.411419842128423,0.438383771062814,0.466107395923514,0.494570447187792,
0.523754196075566,0.553641268716254,0.584215490258701,0.615461752992564,
0.647365903925467,0.679914648274108,0.713095466085064,0.746896539774235,
0.781306690812603,0.816315324125411,0.851912379037056,0.888088285803006,
0.924833926936322,0.962140602669513,0.98518197556132),.UNSPECIFIED.);
#105=B_SPLINE_CURVE_WITH_KNOTS('',3,(#4014,#4015,#4016,#4017,#4018,#4019,
#4020,#4021,#4022,#4023,#4024,#4025,#4026,#4027,#4028,#4029,#4030,#4031,
#4032,#4033,#4034,#4035,#4036,#4037,#4038,#4039,#4040,#4041,#4042,#4043,
#4044,#4045,#4046,#4047,#4048,#4049,#4050,#4051),.UNSPECIFIED.,.F.,.F.,
(4,1,1,1,1,1,1,1,1,1,1,1,1,1,1,1,1,1,1,1,1,1,1,1,1,1,1,1,1,1,1,1,1,1,1,
4),(0.,0.114423705043571,0.122317937526407,0.132509345825635,0.144567982089451,
0.158241190085215,0.173357490114654,0.189790640664139,0.207442675895648,
0.226234702367676,0.246101412468417,0.26698758209486,0.288845715436998,
0.311634394749706,0.335317084978891,0.359861243718046,0.385237642989262,
0.411419842128423,0.438383771062814,0.466107395923514,0.494570447187792,
0.523754196075566,0.553641268716254,0.584215490258701,0.615461752992564,
0.647365903925467,0.679914648274108,0.713095466085064,0.746896539774235,
0.781306690812603,0.816315324125411,0.851912379037056,0.888088285803006,
0.924833926936322,0.962140602669513,0.985181975561316),.UNSPECIFIED.);
#106=B_SPLINE_CURVE_WITH_KNOTS('',3,(#4059,#4060,#4061,#4062,#4063,#4064,
#4065,#4066,#4067,#4068,#4069,#4070,#4071,#4072,#4073,#4074,#4075,#4076,
#4077,#4078,#4079,#4080,#4081,#4082,#4083,#4084,#4085,#4086,#4087,#4088,
#4089,#4090,#4091,#4092,#4093,#4094,#4095,#4096),.UNSPECIFIED.,.F.,.F.,
(4,1,1,1,1,1,1,1,1,1,1,1,1,1,1,1,1,1,1,1,1,1,1,1,1,1,1,1,1,1,1,1,1,1,1,
4),(0.,0.114423705043571,0.122317937526407,0.132509345825635,0.144567982089451,
0.158241190085215,0.173357490114654,0.189790640664139,0.207442675895648,
0.226234702367676,0.246101412468417,0.26698758209486,0.288845715436998,
0.311634394749706,0.335317084978891,0.359861243718046,0.385237642989262,
0.411419842128423,0.438383771062814,0.466107395923514,0.494570447187792,
0.523754196075566,0.553641268716254,0.584215490258701,0.615461752992564,
0.647365903925467,0.679914648274108,0.713095466085064,0.746896539774235,
0.781306690812603,0.816315324125411,0.851912379037056,0.888088285803006,
0.924833926936322,0.962140602669513,0.98518197556132),.UNSPECIFIED.);
#107=B_SPLINE_CURVE_WITH_KNOTS('',3,(#4100,#4101,#4102,#4103,#4104,#4105,
#4106,#4107,#4108,#4109,#4110,#4111,#4112,#4113,#4114,#4115,#4116,#4117,
#4118,#4119,#4120,#4121,#4122,#4123,#4124,#4125,#4126,#4127,#4128,#4129,
#4130,#4131,#4132,#4133,#4134,#4135,#4136,#4137),.UNSPECIFIED.,.F.,.F.,
(4,1,1,1,1,1,1,1,1,1,1,1,1,1,1,1,1,1,1,1,1,1,1,1,1,1,1,1,1,1,1,1,1,1,1,
4),(0.,0.114423705043571,0.122317937526407,0.132509345825635,0.144567982089451,
0.158241190085215,0.173357490114654,0.189790640664139,0.207442675895648,
0.226234702367676,0.246101412468417,0.26698758209486,0.288845715436998,
0.311634394749706,0.335317084978891,0.359861243718046,0.385237642989262,
0.411419842128423,0.438383771062814,0.466107395923514,0.494570447187792,
0.523754196075566,0.553641268716254,0.584215490258701,0.615461752992564,
0.647365903925467,0.679914648274108,0.713095466085064,0.746896539774235,
0.781306690812603,0.816315324125411,0.851912379037056,0.888088285803006,
0.924833926936322,0.962140602669513,0.985181975561316),.UNSPECIFIED.);
#108=B_SPLINE_CURVE_WITH_KNOTS('',3,(#4145,#4146,#4147,#4148,#4149,#4150,
#4151,#4152,#4153,#4154,#4155,#4156,#4157,#4158,#4159,#4160,#4161,#4162,
#4163,#4164,#4165,#4166,#4167,#4168,#4169,#4170,#4171,#4172,#4173,#4174,
#4175,#4176,#4177,#4178,#4179,#4180,#4181,#4182),.UNSPECIFIED.,.F.,.F.,
(4,1,1,1,1,1,1,1,1,1,1,1,1,1,1,1,1,1,1,1,1,1,1,1,1,1,1,1,1,1,1,1,1,1,1,
4),(0.,0.114423705043571,0.122317937526407,0.132509345825635,0.144567982089451,
0.158241190085215,0.173357490114654,0.189790640664139,0.207442675895648,
0.226234702367676,0.246101412468417,0.26698758209486,0.288845715436998,
0.311634394749706,0.335317084978891,0.359861243718046,0.385237642989262,
0.411419842128423,0.438383771062814,0.466107395923514,0.494570447187792,
0.523754196075566,0.553641268716254,0.584215490258701,0.615461752992564,
0.647365903925467,0.679914648274108,0.713095466085064,0.746896539774235,
0.781306690812603,0.816315324125411,0.851912379037056,0.888088285803006,
0.924833926936322,0.962140602669513,0.98518197556132),.UNSPECIFIED.);
#109=B_SPLINE_CURVE_WITH_KNOTS('',3,(#4186,#4187,#4188,#4189,#4190,#4191,
#4192,#4193,#4194,#4195,#4196,#4197,#4198,#4199,#4200,#4201,#4202,#4203,
#4204,#4205,#4206,#4207,#4208,#4209,#4210,#4211,#4212,#4213,#4214,#4215,
#4216,#4217,#4218,#4219,#4220,#4221,#4222,#4223),.UNSPECIFIED.,.F.,.F.,
(4,1,1,1,1,1,1,1,1,1,1,1,1,1,1,1,1,1,1,1,1,1,1,1,1,1,1,1,1,1,1,1,1,1,1,
4),(0.,0.114423705043571,0.122317937526407,0.132509345825635,0.144567982089451,
0.158241190085215,0.173357490114654,0.189790640664139,0.207442675895648,
0.226234702367676,0.246101412468417,0.26698758209486,0.288845715436998,
0.311634394749706,0.335317084978891,0.359861243718046,0.385237642989262,
0.411419842128423,0.438383771062814,0.466107395923514,0.494570447187792,
0.523754196075566,0.553641268716254,0.584215490258701,0.615461752992564,
0.647365903925467,0.679914648274108,0.713095466085064,0.746896539774235,
0.781306690812603,0.816315324125411,0.851912379037056,0.888088285803006,
0.924833926936322,0.962140602669513,0.985181975561316),.UNSPECIFIED.);
#110=B_SPLINE_CURVE_WITH_KNOTS('',3,(#4231,#4232,#4233,#4234,#4235,#4236,
#4237,#4238,#4239,#4240,#4241,#4242,#4243,#4244,#4245,#4246,#4247,#4248,
#4249,#4250,#4251,#4252,#4253,#4254,#4255,#4256,#4257,#4258,#4259,#4260,
#4261,#4262,#4263,#4264,#4265,#4266,#4267,#4268),.UNSPECIFIED.,.F.,.F.,
(4,1,1,1,1,1,1,1,1,1,1,1,1,1,1,1,1,1,1,1,1,1,1,1,1,1,1,1,1,1,1,1,1,1,1,
4),(0.,0.114423705043571,0.122317937526407,0.132509345825635,0.144567982089451,
0.158241190085215,0.173357490114654,0.189790640664139,0.207442675895648,
0.226234702367676,0.246101412468417,0.26698758209486,0.288845715436998,
0.311634394749706,0.335317084978891,0.359861243718046,0.385237642989262,
0.411419842128423,0.438383771062814,0.466107395923514,0.494570447187792,
0.523754196075566,0.553641268716254,0.584215490258701,0.615461752992564,
0.647365903925467,0.679914648274108,0.713095466085064,0.746896539774235,
0.781306690812603,0.816315324125411,0.851912379037056,0.888088285803006,
0.924833926936322,0.962140602669513,0.98518197556132),.UNSPECIFIED.);
#111=B_SPLINE_CURVE_WITH_KNOTS('',3,(#4272,#4273,#4274,#4275,#4276,#4277,
#4278,#4279,#4280,#4281,#4282,#4283,#4284,#4285,#4286,#4287,#4288,#4289,
#4290,#4291,#4292,#4293,#4294,#4295,#4296,#4297,#4298,#4299,#4300,#4301,
#4302,#4303,#4304,#4305,#4306,#4307,#4308,#4309),.UNSPECIFIED.,.F.,.F.,
(4,1,1,1,1,1,1,1,1,1,1,1,1,1,1,1,1,1,1,1,1,1,1,1,1,1,1,1,1,1,1,1,1,1,1,
4),(0.,0.114423705043571,0.122317937526407,0.132509345825635,0.144567982089451,
0.158241190085215,0.173357490114654,0.189790640664139,0.207442675895648,
0.226234702367676,0.246101412468417,0.26698758209486,0.288845715436998,
0.311634394749706,0.335317084978891,0.359861243718046,0.385237642989262,
0.411419842128423,0.438383771062814,0.466107395923514,0.494570447187792,
0.523754196075566,0.553641268716254,0.584215490258701,0.615461752992564,
0.647365903925467,0.679914648274108,0.713095466085064,0.746896539774235,
0.781306690812603,0.816315324125411,0.851912379037056,0.888088285803006,
0.924833926936322,0.962140602669513,0.985181975561316),.UNSPECIFIED.);
#112=B_SPLINE_CURVE_WITH_KNOTS('',3,(#4317,#4318,#4319,#4320,#4321,#4322,
#4323,#4324,#4325,#4326,#4327,#4328,#4329,#4330,#4331,#4332,#4333,#4334,
#4335,#4336,#4337,#4338,#4339,#4340,#4341,#4342,#4343,#4344,#4345,#4346,
#4347,#4348,#4349,#4350,#4351,#4352,#4353,#4354),.UNSPECIFIED.,.F.,.F.,
(4,1,1,1,1,1,1,1,1,1,1,1,1,1,1,1,1,1,1,1,1,1,1,1,1,1,1,1,1,1,1,1,1,1,1,
4),(0.,0.114423705043571,0.122317937526407,0.132509345825635,0.144567982089451,
0.158241190085215,0.173357490114654,0.189790640664139,0.207442675895648,
0.226234702367676,0.246101412468417,0.26698758209486,0.288845715436998,
0.311634394749706,0.335317084978891,0.359861243718046,0.385237642989262,
0.411419842128423,0.438383771062814,0.466107395923514,0.494570447187792,
0.523754196075566,0.553641268716254,0.584215490258701,0.615461752992564,
0.647365903925467,0.679914648274108,0.713095466085064,0.746896539774235,
0.781306690812603,0.816315324125411,0.851912379037056,0.888088285803006,
0.924833926936322,0.962140602669513,0.98518197556132),.UNSPECIFIED.);
#113=B_SPLINE_CURVE_WITH_KNOTS('',3,(#4358,#4359,#4360,#4361,#4362,#4363,
#4364,#4365,#4366,#4367,#4368,#4369,#4370,#4371,#4372,#4373,#4374,#4375,
#4376,#4377,#4378,#4379,#4380,#4381,#4382,#4383,#4384,#4385,#4386,#4387,
#4388,#4389,#4390,#4391,#4392,#4393,#4394,#4395),.UNSPECIFIED.,.F.,.F.,
(4,1,1,1,1,1,1,1,1,1,1,1,1,1,1,1,1,1,1,1,1,1,1,1,1,1,1,1,1,1,1,1,1,1,1,
4),(0.,0.114423705043571,0.122317937526407,0.132509345825635,0.144567982089451,
0.158241190085215,0.173357490114654,0.189790640664139,0.207442675895648,
0.226234702367676,0.246101412468417,0.26698758209486,0.288845715436998,
0.311634394749706,0.335317084978891,0.359861243718046,0.385237642989262,
0.411419842128423,0.438383771062814,0.466107395923514,0.494570447187792,
0.523754196075566,0.553641268716254,0.584215490258701,0.615461752992564,
0.647365903925467,0.679914648274108,0.713095466085064,0.746896539774235,
0.781306690812603,0.816315324125411,0.851912379037056,0.888088285803006,
0.924833926936322,0.962140602669513,0.985181975561316),.UNSPECIFIED.);
#114=B_SPLINE_CURVE_WITH_KNOTS('',3,(#4403,#4404,#4405,#4406,#4407,#4408,
#4409,#4410,#4411,#4412,#4413,#4414,#4415,#4416,#4417,#4418,#4419,#4420,
#4421,#4422,#4423,#4424,#4425,#4426,#4427,#4428,#4429,#4430,#4431,#4432,
#4433,#4434,#4435,#4436,#4437,#4438,#4439,#4440),.UNSPECIFIED.,.F.,.F.,
(4,1,1,1,1,1,1,1,1,1,1,1,1,1,1,1,1,1,1,1,1,1,1,1,1,1,1,1,1,1,1,1,1,1,1,
4),(0.,0.114423705043571,0.122317937526407,0.132509345825635,0.144567982089451,
0.158241190085215,0.173357490114654,0.189790640664139,0.207442675895648,
0.226234702367676,0.246101412468417,0.26698758209486,0.288845715436998,
0.311634394749706,0.335317084978891,0.359861243718046,0.385237642989262,
0.411419842128423,0.438383771062814,0.466107395923514,0.494570447187792,
0.523754196075566,0.553641268716254,0.584215490258701,0.615461752992564,
0.647365903925467,0.679914648274108,0.713095466085064,0.746896539774235,
0.781306690812603,0.816315324125411,0.851912379037056,0.888088285803006,
0.924833926936322,0.962140602669513,0.98518197556132),.UNSPECIFIED.);
#115=B_SPLINE_CURVE_WITH_KNOTS('',3,(#4444,#4445,#4446,#4447,#4448,#4449,
#4450,#4451,#4452,#4453,#4454,#4455,#4456,#4457,#4458,#4459,#4460,#4461,
#4462,#4463,#4464,#4465,#4466,#4467,#4468,#4469,#4470,#4471,#4472,#4473,
#4474,#4475,#4476,#4477,#4478,#4479,#4480,#4481),.UNSPECIFIED.,.F.,.F.,
(4,1,1,1,1,1,1,1,1,1,1,1,1,1,1,1,1,1,1,1,1,1,1,1,1,1,1,1,1,1,1,1,1,1,1,
4),(0.,0.114423705043571,0.122317937526407,0.132509345825635,0.144567982089451,
0.158241190085215,0.173357490114654,0.189790640664139,0.207442675895648,
0.226234702367676,0.246101412468417,0.26698758209486,0.288845715436998,
0.311634394749706,0.335317084978891,0.359861243718046,0.385237642989262,
0.411419842128423,0.438383771062814,0.466107395923514,0.494570447187792,
0.523754196075566,0.553641268716254,0.584215490258701,0.615461752992564,
0.647365903925467,0.679914648274108,0.713095466085064,0.746896539774235,
0.781306690812603,0.816315324125411,0.851912379037056,0.888088285803006,
0.924833926936322,0.962140602669513,0.985181975561316),.UNSPECIFIED.);
#116=B_SPLINE_CURVE_WITH_KNOTS('',3,(#4489,#4490,#4491,#4492,#4493,#4494,
#4495,#4496,#4497,#4498,#4499,#4500,#4501,#4502,#4503,#4504,#4505,#4506,
#4507,#4508,#4509,#4510,#4511,#4512,#4513,#4514,#4515,#4516,#4517,#4518,
#4519,#4520,#4521,#4522,#4523,#4524,#4525,#4526),.UNSPECIFIED.,.F.,.F.,
(4,1,1,1,1,1,1,1,1,1,1,1,1,1,1,1,1,1,1,1,1,1,1,1,1,1,1,1,1,1,1,1,1,1,1,
4),(0.,0.114423705043571,0.122317937526407,0.132509345825635,0.144567982089451,
0.158241190085215,0.173357490114654,0.189790640664139,0.207442675895648,
0.226234702367676,0.246101412468417,0.26698758209486,0.288845715436998,
0.311634394749706,0.335317084978891,0.359861243718046,0.385237642989262,
0.411419842128423,0.438383771062814,0.466107395923514,0.494570447187792,
0.523754196075566,0.553641268716254,0.584215490258701,0.615461752992564,
0.647365903925467,0.679914648274108,0.713095466085064,0.746896539774235,
0.781306690812603,0.816315324125411,0.851912379037056,0.888088285803006,
0.924833926936322,0.962140602669513,0.98518197556132),.UNSPECIFIED.);
#117=B_SPLINE_CURVE_WITH_KNOTS('',3,(#4530,#4531,#4532,#4533,#4534,#4535,
#4536,#4537,#4538,#4539,#4540,#4541,#4542,#4543,#4544,#4545,#4546,#4547,
#4548,#4549,#4550,#4551,#4552,#4553,#4554,#4555,#4556,#4557,#4558,#4559,
#4560,#4561,#4562,#4563,#4564,#4565,#4566,#4567),.UNSPECIFIED.,.F.,.F.,
(4,1,1,1,1,1,1,1,1,1,1,1,1,1,1,1,1,1,1,1,1,1,1,1,1,1,1,1,1,1,1,1,1,1,1,
4),(0.,0.114423705043571,0.122317937526407,0.132509345825635,0.144567982089451,
0.158241190085215,0.173357490114654,0.189790640664139,0.207442675895648,
0.226234702367676,0.246101412468417,0.26698758209486,0.288845715436998,
0.311634394749706,0.335317084978891,0.359861243718046,0.385237642989262,
0.411419842128423,0.438383771062814,0.466107395923514,0.494570447187792,
0.523754196075566,0.553641268716254,0.584215490258701,0.615461752992564,
0.647365903925467,0.679914648274108,0.713095466085064,0.746896539774235,
0.781306690812603,0.816315324125411,0.851912379037056,0.888088285803006,
0.924833926936322,0.962140602669513,0.985181975561316),.UNSPECIFIED.);
#118=B_SPLINE_CURVE_WITH_KNOTS('',3,(#4575,#4576,#4577,#4578,#4579,#4580,
#4581,#4582,#4583,#4584,#4585,#4586,#4587,#4588,#4589,#4590,#4591,#4592,
#4593,#4594,#4595,#4596,#4597,#4598,#4599,#4600,#4601,#4602,#4603,#4604,
#4605,#4606,#4607,#4608,#4609,#4610,#4611,#4612),.UNSPECIFIED.,.F.,.F.,
(4,1,1,1,1,1,1,1,1,1,1,1,1,1,1,1,1,1,1,1,1,1,1,1,1,1,1,1,1,1,1,1,1,1,1,
4),(0.,0.114423705043571,0.122317937526407,0.132509345825635,0.144567982089451,
0.158241190085215,0.173357490114654,0.189790640664139,0.207442675895648,
0.226234702367676,0.246101412468417,0.26698758209486,0.288845715436998,
0.311634394749706,0.335317084978891,0.359861243718046,0.385237642989262,
0.411419842128423,0.438383771062814,0.466107395923514,0.494570447187792,
0.523754196075566,0.553641268716254,0.584215490258701,0.615461752992564,
0.647365903925467,0.679914648274108,0.713095466085064,0.746896539774235,
0.781306690812603,0.816315324125411,0.851912379037056,0.888088285803006,
0.924833926936322,0.962140602669513,0.98518197556132),.UNSPECIFIED.);
#119=B_SPLINE_CURVE_WITH_KNOTS('',3,(#4616,#4617,#4618,#4619,#4620,#4621,
#4622,#4623,#4624,#4625,#4626,#4627,#4628,#4629,#4630,#4631,#4632,#4633,
#4634,#4635,#4636,#4637,#4638,#4639,#4640,#4641,#4642,#4643,#4644,#4645,
#4646,#4647,#4648,#4649,#4650,#4651,#4652,#4653),.UNSPECIFIED.,.F.,.F.,
(4,1,1,1,1,1,1,1,1,1,1,1,1,1,1,1,1,1,1,1,1,1,1,1,1,1,1,1,1,1,1,1,1,1,1,
4),(0.,0.114423705043571,0.122317937526407,0.132509345825635,0.144567982089451,
0.158241190085215,0.173357490114654,0.189790640664139,0.207442675895648,
0.226234702367676,0.246101412468417,0.26698758209486,0.288845715436998,
0.311634394749706,0.335317084978891,0.359861243718046,0.385237642989262,
0.411419842128423,0.438383771062814,0.466107395923514,0.494570447187792,
0.523754196075566,0.553641268716254,0.584215490258701,0.615461752992564,
0.647365903925467,0.679914648274108,0.713095466085064,0.746896539774235,
0.781306690812603,0.816315324125411,0.851912379037056,0.888088285803006,
0.924833926936322,0.962140602669513,0.985181975561316),.UNSPECIFIED.);
#120=B_SPLINE_CURVE_WITH_KNOTS('',3,(#4661,#4662,#4663,#4664,#4665,#4666,
#4667,#4668,#4669,#4670,#4671,#4672,#4673,#4674,#4675,#4676,#4677,#4678,
#4679,#4680,#4681,#4682,#4683,#4684,#4685,#4686,#4687,#4688,#4689,#4690,
#4691,#4692,#4693,#4694,#4695,#4696,#4697,#4698),.UNSPECIFIED.,.F.,.F.,
(4,1,1,1,1,1,1,1,1,1,1,1,1,1,1,1,1,1,1,1,1,1,1,1,1,1,1,1,1,1,1,1,1,1,1,
4),(0.,0.114423705043571,0.122317937526407,0.132509345825635,0.144567982089451,
0.158241190085215,0.173357490114654,0.189790640664139,0.207442675895648,
0.226234702367676,0.246101412468417,0.26698758209486,0.288845715436998,
0.311634394749706,0.335317084978891,0.359861243718046,0.385237642989262,
0.411419842128423,0.438383771062814,0.466107395923514,0.494570447187792,
0.523754196075566,0.553641268716254,0.584215490258701,0.615461752992564,
0.647365903925467,0.679914648274108,0.713095466085064,0.746896539774235,
0.781306690812603,0.816315324125411,0.851912379037056,0.888088285803006,
0.924833926936322,0.962140602669513,0.98518197556132),.UNSPECIFIED.);
#121=B_SPLINE_CURVE_WITH_KNOTS('',3,(#4702,#4703,#4704,#4705,#4706,#4707,
#4708,#4709,#4710,#4711,#4712,#4713,#4714,#4715,#4716,#4717,#4718,#4719,
#4720,#4721,#4722,#4723,#4724,#4725,#4726,#4727,#4728,#4729,#4730,#4731,
#4732,#4733,#4734,#4735,#4736,#4737,#4738,#4739),.UNSPECIFIED.,.F.,.F.,
(4,1,1,1,1,1,1,1,1,1,1,1,1,1,1,1,1,1,1,1,1,1,1,1,1,1,1,1,1,1,1,1,1,1,1,
4),(0.,0.114423705043571,0.122317937526407,0.132509345825635,0.144567982089451,
0.158241190085215,0.173357490114654,0.189790640664139,0.207442675895648,
0.226234702367676,0.246101412468417,0.26698758209486,0.288845715436998,
0.311634394749706,0.335317084978891,0.359861243718046,0.385237642989262,
0.411419842128423,0.438383771062814,0.466107395923514,0.494570447187792,
0.523754196075566,0.553641268716254,0.584215490258701,0.615461752992564,
0.647365903925467,0.679914648274108,0.713095466085064,0.746896539774235,
0.781306690812603,0.816315324125411,0.851912379037056,0.888088285803006,
0.924833926936322,0.962140602669513,0.985181975561316),.UNSPECIFIED.);
#122=CIRCLE('',#2015,0.0012);
#123=CIRCLE('',#2016,0.000412262132091495);
#124=CIRCLE('',#2017,0.000412262132091495);
#125=CIRCLE('',#2018,0.008);
#126=CIRCLE('',#2019,0.000412262132091495);
#127=CIRCLE('',#2020,0.00575);
#128=CIRCLE('',#2021,0.000412262132091495);
#129=CIRCLE('',#2022,0.008);
#130=CIRCLE('',#2023,0.000412262132091495);
#131=CIRCLE('',#2024,0.00575);
#132=CIRCLE('',#2025,0.000412262132091495);
#133=CIRCLE('',#2026,0.008);
#134=CIRCLE('',#2027,0.000412262132091495);
#135=CIRCLE('',#2028,0.00575);
#136=CIRCLE('',#2029,0.000412262132091495);
#137=CIRCLE('',#2030,0.008);
#138=CIRCLE('',#2031,0.000412262132091495);
#139=CIRCLE('',#2032,0.00575);
#140=CIRCLE('',#2033,0.000412262132091495);
#141=CIRCLE('',#2034,0.008);
#142=CIRCLE('',#2035,0.000412262132091495);
#143=CIRCLE('',#2036,0.00575);
#144=CIRCLE('',#2037,0.000412262132091495);
#145=CIRCLE('',#2038,0.008);
#146=CIRCLE('',#2039,0.000412262132091495);
#147=CIRCLE('',#2040,0.00575);
#148=CIRCLE('',#2041,0.000412262132091495);
#149=CIRCLE('',#2042,0.008);
#150=CIRCLE('',#2043,0.000412262132091495);
#151=CIRCLE('',#2044,0.00575);
#152=CIRCLE('',#2045,0.000412262132091495);
#153=CIRCLE('',#2046,0.008);
#154=CIRCLE('',#2047,0.000412262132091495);
#155=CIRCLE('',#2048,0.00575);
#156=CIRCLE('',#2049,0.000412262132091495);
#157=CIRCLE('',#2050,0.008);
#158=CIRCLE('',#2051,0.000412262132091495);
#159=CIRCLE('',#2052,0.00575);
#160=CIRCLE('',#2053,0.000412262132091495);
#161=CIRCLE('',#2054,0.008);
#162=CIRCLE('',#2055,0.000412262132091495);
#163=CIRCLE('',#2056,0.00575);
#164=CIRCLE('',#2057,0.000412262132091495);
#165=CIRCLE('',#2058,0.008);
#166=CIRCLE('',#2060,0.0012);
#167=CIRCLE('',#2061,0.000412262132091495);
#168=CIRCLE('',#2062,0.008);
#169=CIRCLE('',#2063,0.000412262132091495);
#170=CIRCLE('',#2064,0.00575);
#171=CIRCLE('',#2065,0.000412262132091495);
#172=CIRCLE('',#2066,0.008);
#173=CIRCLE('',#2067,0.000412262132091495);
#174=CIRCLE('',#2068,0.00575);
#175=CIRCLE('',#2069,0.000412262132091495);
#176=CIRCLE('',#2070,0.008);
#177=CIRCLE('',#2071,0.000412262132091495);
#178=CIRCLE('',#2072,0.00575);
#179=CIRCLE('',#2073,0.000412262132091495);
#180=CIRCLE('',#2074,0.008);
#181=CIRCLE('',#2075,0.000412262132091495);
#182=CIRCLE('',#2076,0.00575);
#183=CIRCLE('',#2077,0.000412262132091495);
#184=CIRCLE('',#2078,0.008);
#185=CIRCLE('',#2079,0.000412262132091495);
#186=CIRCLE('',#2080,0.00575);
#187=CIRCLE('',#2081,0.000412262132091495);
#188=CIRCLE('',#2082,0.008);
#189=CIRCLE('',#2083,0.000412262132091495);
#190=CIRCLE('',#2084,0.00575);
#191=CIRCLE('',#2085,0.000412262132091495);
#192=CIRCLE('',#2086,0.008);
#193=CIRCLE('',#2087,0.000412262132091495);
#194=CIRCLE('',#2088,0.00575);
#195=CIRCLE('',#2089,0.000412262132091495);
#196=CIRCLE('',#2090,0.008);
#197=CIRCLE('',#2091,0.000412262132091495);
#198=CIRCLE('',#2092,0.00575);
#199=CIRCLE('',#2093,0.000412262132091495);
#200=CIRCLE('',#2094,0.008);
#201=CIRCLE('',#2095,0.000412262132091495);
#202=CIRCLE('',#2096,0.00575);
#203=CIRCLE('',#2097,0.000412262132091495);
#204=CIRCLE('',#2098,0.008);
#205=CIRCLE('',#2099,0.000412262132091495);
#206=CIRCLE('',#2100,0.00575);
#207=CIRCLE('',#2101,0.000412262132091495);
#208=CIRCLE('',#2102,0.008);
#209=CIRCLE('',#2103,0.000412262132091495);
#210=ORIENTED_EDGE('',*,*,#802,.F.);
#211=ORIENTED_EDGE('',*,*,#803,.T.);
#212=ORIENTED_EDGE('',*,*,#804,.F.);
#213=ORIENTED_EDGE('',*,*,#805,.F.);
#214=ORIENTED_EDGE('',*,*,#806,.F.);
#215=ORIENTED_EDGE('',*,*,#807,.T.);
#216=ORIENTED_EDGE('',*,*,#808,.T.);
#217=ORIENTED_EDGE('',*,*,#809,.T.);
#218=ORIENTED_EDGE('',*,*,#810,.T.);
#219=ORIENTED_EDGE('',*,*,#809,.F.);
#220=ORIENTED_EDGE('',*,*,#811,.F.);
#221=ORIENTED_EDGE('',*,*,#812,.T.);
#222=ORIENTED_EDGE('',*,*,#813,.T.);
#223=ORIENTED_EDGE('',*,*,#812,.F.);
#224=ORIENTED_EDGE('',*,*,#814,.F.);
#225=ORIENTED_EDGE('',*,*,#815,.T.);
#226=ORIENTED_EDGE('',*,*,#816,.F.);
#227=ORIENTED_EDGE('',*,*,#815,.F.);
#228=ORIENTED_EDGE('',*,*,#817,.T.);
#229=ORIENTED_EDGE('',*,*,#818,.T.);
#230=ORIENTED_EDGE('',*,*,#819,.T.);
#231=ORIENTED_EDGE('',*,*,#818,.F.);
#232=ORIENTED_EDGE('',*,*,#820,.F.);
#233=ORIENTED_EDGE('',*,*,#821,.T.);
#234=ORIENTED_EDGE('',*,*,#822,.T.);
#235=ORIENTED_EDGE('',*,*,#821,.F.);
#236=ORIENTED_EDGE('',*,*,#823,.F.);
#237=ORIENTED_EDGE('',*,*,#824,.T.);
#238=ORIENTED_EDGE('',*,*,#825,.F.);
#239=ORIENTED_EDGE('',*,*,#824,.F.);
#240=ORIENTED_EDGE('',*,*,#826,.T.);
#241=ORIENTED_EDGE('',*,*,#827,.T.);
#242=ORIENTED_EDGE('',*,*,#828,.T.);
#243=ORIENTED_EDGE('',*,*,#827,.F.);
#244=ORIENTED_EDGE('',*,*,#829,.F.);
#245=ORIENTED_EDGE('',*,*,#830,.T.);
#246=ORIENTED_EDGE('',*,*,#831,.T.);
#247=ORIENTED_EDGE('',*,*,#830,.F.);
#248=ORIENTED_EDGE('',*,*,#832,.F.);
#249=ORIENTED_EDGE('',*,*,#833,.T.);
#250=ORIENTED_EDGE('',*,*,#834,.F.);
#251=ORIENTED_EDGE('',*,*,#833,.F.);
#252=ORIENTED_EDGE('',*,*,#835,.T.);
#253=ORIENTED_EDGE('',*,*,#836,.T.);
#254=ORIENTED_EDGE('',*,*,#837,.T.);
#255=ORIENTED_EDGE('',*,*,#836,.F.);
#256=ORIENTED_EDGE('',*,*,#838,.F.);
#257=ORIENTED_EDGE('',*,*,#839,.T.);
#258=ORIENTED_EDGE('',*,*,#840,.T.);
#259=ORIENTED_EDGE('',*,*,#839,.F.);
#260=ORIENTED_EDGE('',*,*,#841,.F.);
#261=ORIENTED_EDGE('',*,*,#842,.T.);
#262=ORIENTED_EDGE('',*,*,#843,.F.);
#263=ORIENTED_EDGE('',*,*,#842,.F.);
#264=ORIENTED_EDGE('',*,*,#844,.T.);
#265=ORIENTED_EDGE('',*,*,#845,.T.);
#266=ORIENTED_EDGE('',*,*,#846,.T.);
#267=ORIENTED_EDGE('',*,*,#845,.F.);
#268=ORIENTED_EDGE('',*,*,#847,.F.);
#269=ORIENTED_EDGE('',*,*,#848,.T.);
#270=ORIENTED_EDGE('',*,*,#849,.T.);
#271=ORIENTED_EDGE('',*,*,#848,.F.);
#272=ORIENTED_EDGE('',*,*,#850,.F.);
#273=ORIENTED_EDGE('',*,*,#851,.T.);
#274=ORIENTED_EDGE('',*,*,#852,.F.);
#275=ORIENTED_EDGE('',*,*,#851,.F.);
#276=ORIENTED_EDGE('',*,*,#853,.T.);
#277=ORIENTED_EDGE('',*,*,#854,.T.);
#278=ORIENTED_EDGE('',*,*,#855,.T.);
#279=ORIENTED_EDGE('',*,*,#854,.F.);
#280=ORIENTED_EDGE('',*,*,#856,.F.);
#281=ORIENTED_EDGE('',*,*,#857,.T.);
#282=ORIENTED_EDGE('',*,*,#858,.T.);
#283=ORIENTED_EDGE('',*,*,#857,.F.);
#284=ORIENTED_EDGE('',*,*,#859,.F.);
#285=ORIENTED_EDGE('',*,*,#860,.T.);
#286=ORIENTED_EDGE('',*,*,#861,.F.);
#287=ORIENTED_EDGE('',*,*,#860,.F.);
#288=ORIENTED_EDGE('',*,*,#862,.T.);
#289=ORIENTED_EDGE('',*,*,#863,.T.);
#290=ORIENTED_EDGE('',*,*,#864,.T.);
#291=ORIENTED_EDGE('',*,*,#863,.F.);
#292=ORIENTED_EDGE('',*,*,#865,.F.);
#293=ORIENTED_EDGE('',*,*,#866,.T.);
#294=ORIENTED_EDGE('',*,*,#867,.T.);
#295=ORIENTED_EDGE('',*,*,#866,.F.);
#296=ORIENTED_EDGE('',*,*,#868,.F.);
#297=ORIENTED_EDGE('',*,*,#869,.T.);
#298=ORIENTED_EDGE('',*,*,#870,.F.);
#299=ORIENTED_EDGE('',*,*,#869,.F.);
#300=ORIENTED_EDGE('',*,*,#871,.T.);
#301=ORIENTED_EDGE('',*,*,#872,.T.);
#302=ORIENTED_EDGE('',*,*,#873,.T.);
#303=ORIENTED_EDGE('',*,*,#872,.F.);
#304=ORIENTED_EDGE('',*,*,#874,.F.);
#305=ORIENTED_EDGE('',*,*,#875,.T.);
#306=ORIENTED_EDGE('',*,*,#876,.T.);
#307=ORIENTED_EDGE('',*,*,#875,.F.);
#308=ORIENTED_EDGE('',*,*,#877,.F.);
#309=ORIENTED_EDGE('',*,*,#878,.T.);
#310=ORIENTED_EDGE('',*,*,#879,.F.);
#311=ORIENTED_EDGE('',*,*,#878,.F.);
#312=ORIENTED_EDGE('',*,*,#880,.T.);
#313=ORIENTED_EDGE('',*,*,#881,.T.);
#314=ORIENTED_EDGE('',*,*,#882,.T.);
#315=ORIENTED_EDGE('',*,*,#881,.F.);
#316=ORIENTED_EDGE('',*,*,#883,.F.);
#317=ORIENTED_EDGE('',*,*,#884,.T.);
#318=ORIENTED_EDGE('',*,*,#885,.T.);
#319=ORIENTED_EDGE('',*,*,#884,.F.);
#320=ORIENTED_EDGE('',*,*,#886,.F.);
#321=ORIENTED_EDGE('',*,*,#887,.T.);
#322=ORIENTED_EDGE('',*,*,#888,.F.);
#323=ORIENTED_EDGE('',*,*,#887,.F.);
#324=ORIENTED_EDGE('',*,*,#889,.T.);
#325=ORIENTED_EDGE('',*,*,#890,.T.);
#326=ORIENTED_EDGE('',*,*,#891,.T.);
#327=ORIENTED_EDGE('',*,*,#890,.F.);
#328=ORIENTED_EDGE('',*,*,#892,.F.);
#329=ORIENTED_EDGE('',*,*,#893,.T.);
#330=ORIENTED_EDGE('',*,*,#894,.T.);
#331=ORIENTED_EDGE('',*,*,#893,.F.);
#332=ORIENTED_EDGE('',*,*,#895,.F.);
#333=ORIENTED_EDGE('',*,*,#896,.T.);
#334=ORIENTED_EDGE('',*,*,#897,.F.);
#335=ORIENTED_EDGE('',*,*,#896,.F.);
#336=ORIENTED_EDGE('',*,*,#898,.T.);
#337=ORIENTED_EDGE('',*,*,#899,.T.);
#338=ORIENTED_EDGE('',*,*,#900,.F.);
#339=ORIENTED_EDGE('',*,*,#899,.F.);
#340=ORIENTED_EDGE('',*,*,#901,.T.);
#341=ORIENTED_EDGE('',*,*,#804,.T.);
#342=ORIENTED_EDGE('',*,*,#902,.F.);
#343=ORIENTED_EDGE('',*,*,#903,.F.);
#344=ORIENTED_EDGE('',*,*,#805,.T.);
#345=ORIENTED_EDGE('',*,*,#901,.F.);
#346=ORIENTED_EDGE('',*,*,#898,.F.);
#347=ORIENTED_EDGE('',*,*,#895,.T.);
#348=ORIENTED_EDGE('',*,*,#892,.T.);
#349=ORIENTED_EDGE('',*,*,#889,.F.);
#350=ORIENTED_EDGE('',*,*,#886,.T.);
#351=ORIENTED_EDGE('',*,*,#883,.T.);
#352=ORIENTED_EDGE('',*,*,#880,.F.);
#353=ORIENTED_EDGE('',*,*,#877,.T.);
#354=ORIENTED_EDGE('',*,*,#874,.T.);
#355=ORIENTED_EDGE('',*,*,#871,.F.);
#356=ORIENTED_EDGE('',*,*,#868,.T.);
#357=ORIENTED_EDGE('',*,*,#865,.T.);
#358=ORIENTED_EDGE('',*,*,#862,.F.);
#359=ORIENTED_EDGE('',*,*,#859,.T.);
#360=ORIENTED_EDGE('',*,*,#856,.T.);
#361=ORIENTED_EDGE('',*,*,#853,.F.);
#362=ORIENTED_EDGE('',*,*,#850,.T.);
#363=ORIENTED_EDGE('',*,*,#847,.T.);
#364=ORIENTED_EDGE('',*,*,#844,.F.);
#365=ORIENTED_EDGE('',*,*,#841,.T.);
#366=ORIENTED_EDGE('',*,*,#838,.T.);
#367=ORIENTED_EDGE('',*,*,#835,.F.);
#368=ORIENTED_EDGE('',*,*,#832,.T.);
#369=ORIENTED_EDGE('',*,*,#829,.T.);
#370=ORIENTED_EDGE('',*,*,#826,.F.);
#371=ORIENTED_EDGE('',*,*,#823,.T.);
#372=ORIENTED_EDGE('',*,*,#820,.T.);
#373=ORIENTED_EDGE('',*,*,#817,.F.);
#374=ORIENTED_EDGE('',*,*,#814,.T.);
#375=ORIENTED_EDGE('',*,*,#811,.T.);
#376=ORIENTED_EDGE('',*,*,#808,.F.);
#377=ORIENTED_EDGE('',*,*,#904,.F.);
#378=ORIENTED_EDGE('',*,*,#905,.T.);
#379=ORIENTED_EDGE('',*,*,#906,.F.);
#380=ORIENTED_EDGE('',*,*,#907,.F.);
#381=ORIENTED_EDGE('',*,*,#908,.F.);
#382=ORIENTED_EDGE('',*,*,#909,.F.);
#383=ORIENTED_EDGE('',*,*,#910,.F.);
#384=ORIENTED_EDGE('',*,*,#911,.T.);
#385=ORIENTED_EDGE('',*,*,#912,.F.);
#386=ORIENTED_EDGE('',*,*,#913,.F.);
#387=ORIENTED_EDGE('',*,*,#914,.F.);
#388=ORIENTED_EDGE('',*,*,#915,.F.);
#389=ORIENTED_EDGE('',*,*,#916,.F.);
#390=ORIENTED_EDGE('',*,*,#917,.T.);
#391=ORIENTED_EDGE('',*,*,#918,.F.);
#392=ORIENTED_EDGE('',*,*,#919,.F.);
#393=ORIENTED_EDGE('',*,*,#920,.F.);
#394=ORIENTED_EDGE('',*,*,#921,.F.);
#395=ORIENTED_EDGE('',*,*,#922,.F.);
#396=ORIENTED_EDGE('',*,*,#923,.T.);
#397=ORIENTED_EDGE('',*,*,#924,.F.);
#398=ORIENTED_EDGE('',*,*,#925,.F.);
#399=ORIENTED_EDGE('',*,*,#926,.F.);
#400=ORIENTED_EDGE('',*,*,#927,.F.);
#401=ORIENTED_EDGE('',*,*,#928,.F.);
#402=ORIENTED_EDGE('',*,*,#929,.T.);
#403=ORIENTED_EDGE('',*,*,#930,.F.);
#404=ORIENTED_EDGE('',*,*,#931,.F.);
#405=ORIENTED_EDGE('',*,*,#932,.F.);
#406=ORIENTED_EDGE('',*,*,#933,.F.);
#407=ORIENTED_EDGE('',*,*,#934,.F.);
#408=ORIENTED_EDGE('',*,*,#935,.T.);
#409=ORIENTED_EDGE('',*,*,#936,.F.);
#410=ORIENTED_EDGE('',*,*,#937,.F.);
#411=ORIENTED_EDGE('',*,*,#938,.F.);
#412=ORIENTED_EDGE('',*,*,#939,.F.);
#413=ORIENTED_EDGE('',*,*,#940,.F.);
#414=ORIENTED_EDGE('',*,*,#941,.T.);
#415=ORIENTED_EDGE('',*,*,#942,.F.);
#416=ORIENTED_EDGE('',*,*,#943,.F.);
#417=ORIENTED_EDGE('',*,*,#944,.F.);
#418=ORIENTED_EDGE('',*,*,#945,.F.);
#419=ORIENTED_EDGE('',*,*,#946,.F.);
#420=ORIENTED_EDGE('',*,*,#947,.T.);
#421=ORIENTED_EDGE('',*,*,#948,.F.);
#422=ORIENTED_EDGE('',*,*,#949,.F.);
#423=ORIENTED_EDGE('',*,*,#950,.F.);
#424=ORIENTED_EDGE('',*,*,#951,.F.);
#425=ORIENTED_EDGE('',*,*,#952,.F.);
#426=ORIENTED_EDGE('',*,*,#953,.T.);
#427=ORIENTED_EDGE('',*,*,#954,.F.);
#428=ORIENTED_EDGE('',*,*,#955,.F.);
#429=ORIENTED_EDGE('',*,*,#956,.F.);
#430=ORIENTED_EDGE('',*,*,#957,.F.);
#431=ORIENTED_EDGE('',*,*,#958,.F.);
#432=ORIENTED_EDGE('',*,*,#959,.T.);
#433=ORIENTED_EDGE('',*,*,#960,.F.);
#434=ORIENTED_EDGE('',*,*,#961,.F.);
#435=ORIENTED_EDGE('',*,*,#962,.F.);
#436=ORIENTED_EDGE('',*,*,#963,.F.);
#437=ORIENTED_EDGE('',*,*,#964,.F.);
#438=ORIENTED_EDGE('',*,*,#965,.T.);
#439=ORIENTED_EDGE('',*,*,#966,.F.);
#440=ORIENTED_EDGE('',*,*,#967,.F.);
#441=ORIENTED_EDGE('',*,*,#968,.T.);
#442=ORIENTED_EDGE('',*,*,#803,.F.);
#443=ORIENTED_EDGE('',*,*,#969,.F.);
#444=ORIENTED_EDGE('',*,*,#970,.T.);
#445=ORIENTED_EDGE('',*,*,#971,.T.);
#446=ORIENTED_EDGE('',*,*,#972,.F.);
#447=ORIENTED_EDGE('',*,*,#973,.F.);
#448=ORIENTED_EDGE('',*,*,#974,.T.);
#449=ORIENTED_EDGE('',*,*,#975,.F.);
#450=ORIENTED_EDGE('',*,*,#976,.T.);
#451=ORIENTED_EDGE('',*,*,#977,.T.);
#452=ORIENTED_EDGE('',*,*,#978,.F.);
#453=ORIENTED_EDGE('',*,*,#979,.F.);
#454=ORIENTED_EDGE('',*,*,#980,.T.);
#455=ORIENTED_EDGE('',*,*,#981,.F.);
#456=ORIENTED_EDGE('',*,*,#982,.T.);
#457=ORIENTED_EDGE('',*,*,#983,.T.);
#458=ORIENTED_EDGE('',*,*,#984,.F.);
#459=ORIENTED_EDGE('',*,*,#985,.F.);
#460=ORIENTED_EDGE('',*,*,#986,.T.);
#461=ORIENTED_EDGE('',*,*,#987,.F.);
#462=ORIENTED_EDGE('',*,*,#988,.T.);
#463=ORIENTED_EDGE('',*,*,#989,.T.);
#464=ORIENTED_EDGE('',*,*,#990,.F.);
#465=ORIENTED_EDGE('',*,*,#991,.F.);
#466=ORIENTED_EDGE('',*,*,#992,.T.);
#467=ORIENTED_EDGE('',*,*,#993,.F.);
#468=ORIENTED_EDGE('',*,*,#994,.T.);
#469=ORIENTED_EDGE('',*,*,#995,.T.);
#470=ORIENTED_EDGE('',*,*,#996,.F.);
#471=ORIENTED_EDGE('',*,*,#997,.F.);
#472=ORIENTED_EDGE('',*,*,#998,.T.);
#473=ORIENTED_EDGE('',*,*,#999,.F.);
#474=ORIENTED_EDGE('',*,*,#1000,.T.);
#475=ORIENTED_EDGE('',*,*,#1001,.T.);
#476=ORIENTED_EDGE('',*,*,#1002,.F.);
#477=ORIENTED_EDGE('',*,*,#1003,.F.);
#478=ORIENTED_EDGE('',*,*,#1004,.T.);
#479=ORIENTED_EDGE('',*,*,#1005,.F.);
#480=ORIENTED_EDGE('',*,*,#1006,.T.);
#481=ORIENTED_EDGE('',*,*,#1007,.T.);
#482=ORIENTED_EDGE('',*,*,#1008,.F.);
#483=ORIENTED_EDGE('',*,*,#1009,.F.);
#484=ORIENTED_EDGE('',*,*,#1010,.T.);
#485=ORIENTED_EDGE('',*,*,#1011,.F.);
#486=ORIENTED_EDGE('',*,*,#1012,.T.);
#487=ORIENTED_EDGE('',*,*,#1013,.T.);
#488=ORIENTED_EDGE('',*,*,#1014,.F.);
#489=ORIENTED_EDGE('',*,*,#1015,.F.);
#490=ORIENTED_EDGE('',*,*,#1016,.T.);
#491=ORIENTED_EDGE('',*,*,#1017,.F.);
#492=ORIENTED_EDGE('',*,*,#1018,.T.);
#493=ORIENTED_EDGE('',*,*,#1019,.T.);
#494=ORIENTED_EDGE('',*,*,#1020,.F.);
#495=ORIENTED_EDGE('',*,*,#1021,.F.);
#496=ORIENTED_EDGE('',*,*,#1022,.T.);
#497=ORIENTED_EDGE('',*,*,#1023,.F.);
#498=ORIENTED_EDGE('',*,*,#1024,.T.);
#499=ORIENTED_EDGE('',*,*,#1025,.T.);
#500=ORIENTED_EDGE('',*,*,#1026,.F.);
#501=ORIENTED_EDGE('',*,*,#1027,.F.);
#502=ORIENTED_EDGE('',*,*,#1028,.T.);
#503=ORIENTED_EDGE('',*,*,#1029,.F.);
#504=ORIENTED_EDGE('',*,*,#1030,.T.);
#505=ORIENTED_EDGE('',*,*,#1031,.T.);
#506=ORIENTED_EDGE('',*,*,#1032,.F.);
#507=ORIENTED_EDGE('',*,*,#1033,.F.);
#508=ORIENTED_EDGE('',*,*,#806,.T.);
#509=ORIENTED_EDGE('',*,*,#810,.F.);
#510=ORIENTED_EDGE('',*,*,#813,.F.);
#511=ORIENTED_EDGE('',*,*,#816,.T.);
#512=ORIENTED_EDGE('',*,*,#819,.F.);
#513=ORIENTED_EDGE('',*,*,#822,.F.);
#514=ORIENTED_EDGE('',*,*,#825,.T.);
#515=ORIENTED_EDGE('',*,*,#828,.F.);
#516=ORIENTED_EDGE('',*,*,#831,.F.);
#517=ORIENTED_EDGE('',*,*,#834,.T.);
#518=ORIENTED_EDGE('',*,*,#837,.F.);
#519=ORIENTED_EDGE('',*,*,#840,.F.);
#520=ORIENTED_EDGE('',*,*,#843,.T.);
#521=ORIENTED_EDGE('',*,*,#846,.F.);
#522=ORIENTED_EDGE('',*,*,#849,.F.);
#523=ORIENTED_EDGE('',*,*,#852,.T.);
#524=ORIENTED_EDGE('',*,*,#855,.F.);
#525=ORIENTED_EDGE('',*,*,#858,.F.);
#526=ORIENTED_EDGE('',*,*,#861,.T.);
#527=ORIENTED_EDGE('',*,*,#864,.F.);
#528=ORIENTED_EDGE('',*,*,#867,.F.);
#529=ORIENTED_EDGE('',*,*,#870,.T.);
#530=ORIENTED_EDGE('',*,*,#873,.F.);
#531=ORIENTED_EDGE('',*,*,#876,.F.);
#532=ORIENTED_EDGE('',*,*,#879,.T.);
#533=ORIENTED_EDGE('',*,*,#882,.F.);
#534=ORIENTED_EDGE('',*,*,#885,.F.);
#535=ORIENTED_EDGE('',*,*,#888,.T.);
#536=ORIENTED_EDGE('',*,*,#891,.F.);
#537=ORIENTED_EDGE('',*,*,#894,.F.);
#538=ORIENTED_EDGE('',*,*,#897,.T.);
#539=ORIENTED_EDGE('',*,*,#900,.T.);
#540=ORIENTED_EDGE('',*,*,#969,.T.);
#541=ORIENTED_EDGE('',*,*,#802,.T.);
#542=ORIENTED_EDGE('',*,*,#903,.T.);
#543=ORIENTED_EDGE('',*,*,#1034,.T.);
#544=ORIENTED_EDGE('',*,*,#924,.T.);
#545=ORIENTED_EDGE('',*,*,#1035,.T.);
#546=ORIENTED_EDGE('',*,*,#1013,.F.);
#547=ORIENTED_EDGE('',*,*,#1036,.F.);
#548=ORIENTED_EDGE('',*,*,#930,.T.);
#549=ORIENTED_EDGE('',*,*,#1037,.T.);
#550=ORIENTED_EDGE('',*,*,#1007,.F.);
#551=ORIENTED_EDGE('',*,*,#1038,.F.);
#552=ORIENTED_EDGE('',*,*,#1039,.F.);
#553=ORIENTED_EDGE('',*,*,#918,.T.);
#554=ORIENTED_EDGE('',*,*,#1040,.T.);
#555=ORIENTED_EDGE('',*,*,#1019,.F.);
#556=ORIENTED_EDGE('',*,*,#1041,.F.);
#557=ORIENTED_EDGE('',*,*,#912,.T.);
#558=ORIENTED_EDGE('',*,*,#1042,.T.);
#559=ORIENTED_EDGE('',*,*,#1025,.F.);
#560=ORIENTED_EDGE('',*,*,#1043,.F.);
#561=ORIENTED_EDGE('',*,*,#906,.T.);
#562=ORIENTED_EDGE('',*,*,#1044,.T.);
#563=ORIENTED_EDGE('',*,*,#1031,.F.);
#564=ORIENTED_EDGE('',*,*,#942,.T.);
#565=ORIENTED_EDGE('',*,*,#1045,.T.);
#566=ORIENTED_EDGE('',*,*,#995,.F.);
#567=ORIENTED_EDGE('',*,*,#1046,.F.);
#568=ORIENTED_EDGE('',*,*,#948,.T.);
#569=ORIENTED_EDGE('',*,*,#1047,.T.);
#570=ORIENTED_EDGE('',*,*,#989,.F.);
#571=ORIENTED_EDGE('',*,*,#1048,.F.);
#572=ORIENTED_EDGE('',*,*,#954,.T.);
#573=ORIENTED_EDGE('',*,*,#1049,.T.);
#574=ORIENTED_EDGE('',*,*,#983,.F.);
#575=ORIENTED_EDGE('',*,*,#1050,.F.);
#576=ORIENTED_EDGE('',*,*,#960,.T.);
#577=ORIENTED_EDGE('',*,*,#1051,.T.);
#578=ORIENTED_EDGE('',*,*,#977,.F.);
#579=ORIENTED_EDGE('',*,*,#1052,.F.);
#580=ORIENTED_EDGE('',*,*,#1053,.F.);
#581=ORIENTED_EDGE('',*,*,#966,.T.);
#582=ORIENTED_EDGE('',*,*,#1054,.T.);
#583=ORIENTED_EDGE('',*,*,#971,.F.);
#584=ORIENTED_EDGE('',*,*,#1055,.F.);
#585=ORIENTED_EDGE('',*,*,#936,.T.);
#586=ORIENTED_EDGE('',*,*,#1056,.T.);
#587=ORIENTED_EDGE('',*,*,#1001,.F.);
#588=ORIENTED_EDGE('',*,*,#1002,.T.);
#589=ORIENTED_EDGE('',*,*,#1056,.F.);
#590=ORIENTED_EDGE('',*,*,#935,.F.);
#591=ORIENTED_EDGE('',*,*,#1057,.F.);
#592=ORIENTED_EDGE('',*,*,#931,.T.);
#593=ORIENTED_EDGE('',*,*,#1038,.T.);
#594=ORIENTED_EDGE('',*,*,#1006,.F.);
#595=ORIENTED_EDGE('',*,*,#1058,.F.);
#596=ORIENTED_EDGE('',*,*,#933,.T.);
#597=ORIENTED_EDGE('',*,*,#1059,.F.);
#598=ORIENTED_EDGE('',*,*,#1004,.F.);
#599=ORIENTED_EDGE('',*,*,#1060,.F.);
#600=ORIENTED_EDGE('',*,*,#934,.T.);
#601=ORIENTED_EDGE('',*,*,#1060,.T.);
#602=ORIENTED_EDGE('',*,*,#1003,.T.);
#603=ORIENTED_EDGE('',*,*,#1057,.T.);
#604=ORIENTED_EDGE('',*,*,#932,.T.);
#605=ORIENTED_EDGE('',*,*,#1058,.T.);
#606=ORIENTED_EDGE('',*,*,#1005,.T.);
#607=ORIENTED_EDGE('',*,*,#1059,.T.);
#608=ORIENTED_EDGE('',*,*,#972,.T.);
#609=ORIENTED_EDGE('',*,*,#1054,.F.);
#610=ORIENTED_EDGE('',*,*,#965,.F.);
#611=ORIENTED_EDGE('',*,*,#1061,.F.);
#612=ORIENTED_EDGE('',*,*,#961,.T.);
#613=ORIENTED_EDGE('',*,*,#1052,.T.);
#614=ORIENTED_EDGE('',*,*,#976,.F.);
#615=ORIENTED_EDGE('',*,*,#1062,.F.);
#616=ORIENTED_EDGE('',*,*,#963,.T.);
#617=ORIENTED_EDGE('',*,*,#1063,.F.);
#618=ORIENTED_EDGE('',*,*,#974,.F.);
#619=ORIENTED_EDGE('',*,*,#1064,.F.);
#620=ORIENTED_EDGE('',*,*,#964,.T.);
#621=ORIENTED_EDGE('',*,*,#1064,.T.);
#622=ORIENTED_EDGE('',*,*,#973,.T.);
#623=ORIENTED_EDGE('',*,*,#1061,.T.);
#624=ORIENTED_EDGE('',*,*,#962,.T.);
#625=ORIENTED_EDGE('',*,*,#1062,.T.);
#626=ORIENTED_EDGE('',*,*,#975,.T.);
#627=ORIENTED_EDGE('',*,*,#1063,.T.);
#628=ORIENTED_EDGE('',*,*,#978,.T.);
#629=ORIENTED_EDGE('',*,*,#1051,.F.);
#630=ORIENTED_EDGE('',*,*,#959,.F.);
#631=ORIENTED_EDGE('',*,*,#1065,.F.);
#632=ORIENTED_EDGE('',*,*,#955,.T.);
#633=ORIENTED_EDGE('',*,*,#1050,.T.);
#634=ORIENTED_EDGE('',*,*,#982,.F.);
#635=ORIENTED_EDGE('',*,*,#1066,.F.);
#636=ORIENTED_EDGE('',*,*,#957,.T.);
#637=ORIENTED_EDGE('',*,*,#1067,.F.);
#638=ORIENTED_EDGE('',*,*,#980,.F.);
#639=ORIENTED_EDGE('',*,*,#1068,.F.);
#640=ORIENTED_EDGE('',*,*,#958,.T.);
#641=ORIENTED_EDGE('',*,*,#1068,.T.);
#642=ORIENTED_EDGE('',*,*,#979,.T.);
#643=ORIENTED_EDGE('',*,*,#1065,.T.);
#644=ORIENTED_EDGE('',*,*,#956,.T.);
#645=ORIENTED_EDGE('',*,*,#1066,.T.);
#646=ORIENTED_EDGE('',*,*,#981,.T.);
#647=ORIENTED_EDGE('',*,*,#1067,.T.);
#648=ORIENTED_EDGE('',*,*,#984,.T.);
#649=ORIENTED_EDGE('',*,*,#1049,.F.);
#650=ORIENTED_EDGE('',*,*,#953,.F.);
#651=ORIENTED_EDGE('',*,*,#1069,.F.);
#652=ORIENTED_EDGE('',*,*,#949,.T.);
#653=ORIENTED_EDGE('',*,*,#1048,.T.);
#654=ORIENTED_EDGE('',*,*,#988,.F.);
#655=ORIENTED_EDGE('',*,*,#1070,.F.);
#656=ORIENTED_EDGE('',*,*,#951,.T.);
#657=ORIENTED_EDGE('',*,*,#1071,.F.);
#658=ORIENTED_EDGE('',*,*,#986,.F.);
#659=ORIENTED_EDGE('',*,*,#1072,.F.);
#660=ORIENTED_EDGE('',*,*,#952,.T.);
#661=ORIENTED_EDGE('',*,*,#1072,.T.);
#662=ORIENTED_EDGE('',*,*,#985,.T.);
#663=ORIENTED_EDGE('',*,*,#1069,.T.);
#664=ORIENTED_EDGE('',*,*,#950,.T.);
#665=ORIENTED_EDGE('',*,*,#1070,.T.);
#666=ORIENTED_EDGE('',*,*,#987,.T.);
#667=ORIENTED_EDGE('',*,*,#1071,.T.);
#668=ORIENTED_EDGE('',*,*,#990,.T.);
#669=ORIENTED_EDGE('',*,*,#1047,.F.);
#670=ORIENTED_EDGE('',*,*,#947,.F.);
#671=ORIENTED_EDGE('',*,*,#1073,.F.);
#672=ORIENTED_EDGE('',*,*,#943,.T.);
#673=ORIENTED_EDGE('',*,*,#1046,.T.);
#674=ORIENTED_EDGE('',*,*,#994,.F.);
#675=ORIENTED_EDGE('',*,*,#1074,.F.);
#676=ORIENTED_EDGE('',*,*,#945,.T.);
#677=ORIENTED_EDGE('',*,*,#1075,.F.);
#678=ORIENTED_EDGE('',*,*,#992,.F.);
#679=ORIENTED_EDGE('',*,*,#1076,.F.);
#680=ORIENTED_EDGE('',*,*,#946,.T.);
#681=ORIENTED_EDGE('',*,*,#1076,.T.);
#682=ORIENTED_EDGE('',*,*,#991,.T.);
#683=ORIENTED_EDGE('',*,*,#1073,.T.);
#684=ORIENTED_EDGE('',*,*,#944,.T.);
#685=ORIENTED_EDGE('',*,*,#1074,.T.);
#686=ORIENTED_EDGE('',*,*,#993,.T.);
#687=ORIENTED_EDGE('',*,*,#1075,.T.);
#688=ORIENTED_EDGE('',*,*,#996,.T.);
#689=ORIENTED_EDGE('',*,*,#1045,.F.);
#690=ORIENTED_EDGE('',*,*,#941,.F.);
#691=ORIENTED_EDGE('',*,*,#1077,.F.);
#692=ORIENTED_EDGE('',*,*,#937,.T.);
#693=ORIENTED_EDGE('',*,*,#1055,.T.);
#694=ORIENTED_EDGE('',*,*,#1000,.F.);
#695=ORIENTED_EDGE('',*,*,#1078,.F.);
#696=ORIENTED_EDGE('',*,*,#939,.T.);
#697=ORIENTED_EDGE('',*,*,#1079,.F.);
#698=ORIENTED_EDGE('',*,*,#998,.F.);
#699=ORIENTED_EDGE('',*,*,#1080,.F.);
#700=ORIENTED_EDGE('',*,*,#940,.T.);
#701=ORIENTED_EDGE('',*,*,#1080,.T.);
#702=ORIENTED_EDGE('',*,*,#997,.T.);
#703=ORIENTED_EDGE('',*,*,#1077,.T.);
#704=ORIENTED_EDGE('',*,*,#938,.T.);
#705=ORIENTED_EDGE('',*,*,#1078,.T.);
#706=ORIENTED_EDGE('',*,*,#999,.T.);
#707=ORIENTED_EDGE('',*,*,#1079,.T.);
#708=ORIENTED_EDGE('',*,*,#967,.T.);
#709=ORIENTED_EDGE('',*,*,#1053,.T.);
#710=ORIENTED_EDGE('',*,*,#970,.F.);
#711=ORIENTED_EDGE('',*,*,#1034,.F.);
#712=ORIENTED_EDGE('',*,*,#1032,.T.);
#713=ORIENTED_EDGE('',*,*,#1044,.F.);
#714=ORIENTED_EDGE('',*,*,#905,.F.);
#715=ORIENTED_EDGE('',*,*,#1081,.F.);
#716=ORIENTED_EDGE('',*,*,#807,.F.);
#717=ORIENTED_EDGE('',*,*,#1033,.T.);
#718=ORIENTED_EDGE('',*,*,#1081,.T.);
#719=ORIENTED_EDGE('',*,*,#904,.T.);
#720=ORIENTED_EDGE('',*,*,#1026,.T.);
#721=ORIENTED_EDGE('',*,*,#1042,.F.);
#722=ORIENTED_EDGE('',*,*,#911,.F.);
#723=ORIENTED_EDGE('',*,*,#1082,.F.);
#724=ORIENTED_EDGE('',*,*,#907,.T.);
#725=ORIENTED_EDGE('',*,*,#1043,.T.);
#726=ORIENTED_EDGE('',*,*,#1030,.F.);
#727=ORIENTED_EDGE('',*,*,#1083,.F.);
#728=ORIENTED_EDGE('',*,*,#909,.T.);
#729=ORIENTED_EDGE('',*,*,#1084,.F.);
#730=ORIENTED_EDGE('',*,*,#1028,.F.);
#731=ORIENTED_EDGE('',*,*,#1085,.F.);
#732=ORIENTED_EDGE('',*,*,#910,.T.);
#733=ORIENTED_EDGE('',*,*,#1085,.T.);
#734=ORIENTED_EDGE('',*,*,#1027,.T.);
#735=ORIENTED_EDGE('',*,*,#1082,.T.);
#736=ORIENTED_EDGE('',*,*,#908,.T.);
#737=ORIENTED_EDGE('',*,*,#1083,.T.);
#738=ORIENTED_EDGE('',*,*,#1029,.T.);
#739=ORIENTED_EDGE('',*,*,#1084,.T.);
#740=ORIENTED_EDGE('',*,*,#1020,.T.);
#741=ORIENTED_EDGE('',*,*,#1040,.F.);
#742=ORIENTED_EDGE('',*,*,#917,.F.);
#743=ORIENTED_EDGE('',*,*,#1086,.F.);
#744=ORIENTED_EDGE('',*,*,#913,.T.);
#745=ORIENTED_EDGE('',*,*,#1041,.T.);
#746=ORIENTED_EDGE('',*,*,#1024,.F.);
#747=ORIENTED_EDGE('',*,*,#1087,.F.);
#748=ORIENTED_EDGE('',*,*,#915,.T.);
#749=ORIENTED_EDGE('',*,*,#1088,.F.);
#750=ORIENTED_EDGE('',*,*,#1022,.F.);
#751=ORIENTED_EDGE('',*,*,#1089,.F.);
#752=ORIENTED_EDGE('',*,*,#916,.T.);
#753=ORIENTED_EDGE('',*,*,#1089,.T.);
#754=ORIENTED_EDGE('',*,*,#1021,.T.);
#755=ORIENTED_EDGE('',*,*,#1086,.T.);
#756=ORIENTED_EDGE('',*,*,#914,.T.);
#757=ORIENTED_EDGE('',*,*,#1087,.T.);
#758=ORIENTED_EDGE('',*,*,#1023,.T.);
#759=ORIENTED_EDGE('',*,*,#1088,.T.);
#760=ORIENTED_EDGE('',*,*,#1008,.T.);
#761=ORIENTED_EDGE('',*,*,#1037,.F.);
#762=ORIENTED_EDGE('',*,*,#929,.F.);
#763=ORIENTED_EDGE('',*,*,#1090,.F.);
#764=ORIENTED_EDGE('',*,*,#925,.T.);
#765=ORIENTED_EDGE('',*,*,#1036,.T.);
#766=ORIENTED_EDGE('',*,*,#1012,.F.);
#767=ORIENTED_EDGE('',*,*,#1091,.F.);
#768=ORIENTED_EDGE('',*,*,#927,.T.);
#769=ORIENTED_EDGE('',*,*,#1092,.F.);
#770=ORIENTED_EDGE('',*,*,#1010,.F.);
#771=ORIENTED_EDGE('',*,*,#1093,.F.);
#772=ORIENTED_EDGE('',*,*,#928,.T.);
#773=ORIENTED_EDGE('',*,*,#1093,.T.);
#774=ORIENTED_EDGE('',*,*,#1009,.T.);
#775=ORIENTED_EDGE('',*,*,#1090,.T.);
#776=ORIENTED_EDGE('',*,*,#926,.T.);
#777=ORIENTED_EDGE('',*,*,#1091,.T.);
#778=ORIENTED_EDGE('',*,*,#1011,.T.);
#779=ORIENTED_EDGE('',*,*,#1092,.T.);
#780=ORIENTED_EDGE('',*,*,#1014,.T.);
#781=ORIENTED_EDGE('',*,*,#1035,.F.);
#782=ORIENTED_EDGE('',*,*,#923,.F.);
#783=ORIENTED_EDGE('',*,*,#1094,.F.);
#784=ORIENTED_EDGE('',*,*,#919,.T.);
#785=ORIENTED_EDGE('',*,*,#1039,.T.);
#786=ORIENTED_EDGE('',*,*,#1018,.F.);
#787=ORIENTED_EDGE('',*,*,#1095,.F.);
#788=ORIENTED_EDGE('',*,*,#921,.T.);
#789=ORIENTED_EDGE('',*,*,#1096,.F.);
#790=ORIENTED_EDGE('',*,*,#1016,.F.);
#791=ORIENTED_EDGE('',*,*,#1097,.F.);
#792=ORIENTED_EDGE('',*,*,#922,.T.);
#793=ORIENTED_EDGE('',*,*,#1097,.T.);
#794=ORIENTED_EDGE('',*,*,#1015,.T.);
#795=ORIENTED_EDGE('',*,*,#1094,.T.);
#796=ORIENTED_EDGE('',*,*,#920,.T.);
#797=ORIENTED_EDGE('',*,*,#1095,.T.);
#798=ORIENTED_EDGE('',*,*,#1017,.T.);
#799=ORIENTED_EDGE('',*,*,#1096,.T.);
#800=ORIENTED_EDGE('',*,*,#968,.F.);
#801=ORIENTED_EDGE('',*,*,#902,.T.);
#802=EDGE_CURVE('',#1098,#1099,#1296,.F.);
#803=EDGE_CURVE('',#1098,#1100,#1297,.T.);
#804=EDGE_CURVE('',#1101,#1100,#1298,.T.);
#805=EDGE_CURVE('',#1099,#1101,#1299,.T.);
#806=EDGE_CURVE('',#1102,#1103,#1300,.T.);
#807=EDGE_CURVE('',#1102,#1104,#1301,.F.);
#808=EDGE_CURVE('',#1104,#1105,#1302,.T.);
#809=EDGE_CURVE('',#1105,#1103,#1303,.T.);
#810=EDGE_CURVE('',#1106,#1103,#1304,.T.);
#811=EDGE_CURVE('',#1107,#1105,#1305,.T.);
#812=EDGE_CURVE('',#1107,#1106,#1306,.T.);
#813=EDGE_CURVE('',#1108,#1106,#1307,.T.);
#814=EDGE_CURVE('',#1109,#1107,#1308,.T.);
#815=EDGE_CURVE('',#1109,#1108,#1309,.T.);
#816=EDGE_CURVE('',#1108,#1110,#1310,.T.);
#817=EDGE_CURVE('',#1109,#1111,#1311,.T.);
#818=EDGE_CURVE('',#1111,#1110,#1312,.T.);
#819=EDGE_CURVE('',#1112,#1110,#1313,.T.);
#820=EDGE_CURVE('',#1113,#1111,#1314,.T.);
#821=EDGE_CURVE('',#1113,#1112,#1315,.T.);
#822=EDGE_CURVE('',#1114,#1112,#1316,.T.);
#823=EDGE_CURVE('',#1115,#1113,#1317,.T.);
#824=EDGE_CURVE('',#1115,#1114,#1318,.T.);
#825=EDGE_CURVE('',#1114,#1116,#1319,.T.);
#826=EDGE_CURVE('',#1115,#1117,#1320,.T.);
#827=EDGE_CURVE('',#1117,#1116,#1321,.T.);
#828=EDGE_CURVE('',#1118,#1116,#1322,.T.);
#829=EDGE_CURVE('',#1119,#1117,#1323,.T.);
#830=EDGE_CURVE('',#1119,#1118,#1324,.T.);
#831=EDGE_CURVE('',#1120,#1118,#1325,.T.);
#832=EDGE_CURVE('',#1121,#1119,#1326,.T.);
#833=EDGE_CURVE('',#1121,#1120,#1327,.T.);
#834=EDGE_CURVE('',#1120,#1122,#1328,.T.);
#835=EDGE_CURVE('',#1121,#1123,#1329,.T.);
#836=EDGE_CURVE('',#1123,#1122,#1330,.T.);
#837=EDGE_CURVE('',#1124,#1122,#1331,.T.);
#838=EDGE_CURVE('',#1125,#1123,#1332,.T.);
#839=EDGE_CURVE('',#1125,#1124,#1333,.T.);
#840=EDGE_CURVE('',#1126,#1124,#1334,.T.);
#841=EDGE_CURVE('',#1127,#1125,#1335,.T.);
#842=EDGE_CURVE('',#1127,#1126,#1336,.T.);
#843=EDGE_CURVE('',#1126,#1128,#1337,.T.);
#844=EDGE_CURVE('',#1127,#1129,#1338,.T.);
#845=EDGE_CURVE('',#1129,#1128,#1339,.T.);
#846=EDGE_CURVE('',#1130,#1128,#1340,.T.);
#847=EDGE_CURVE('',#1131,#1129,#1341,.T.);
#848=EDGE_CURVE('',#1131,#1130,#1342,.T.);
#849=EDGE_CURVE('',#1132,#1130,#1343,.T.);
#850=EDGE_CURVE('',#1133,#1131,#1344,.T.);
#851=EDGE_CURVE('',#1133,#1132,#1345,.T.);
#852=EDGE_CURVE('',#1132,#1134,#1346,.T.);
#853=EDGE_CURVE('',#1133,#1135,#1347,.T.);
#854=EDGE_CURVE('',#1135,#1134,#1348,.T.);
#855=EDGE_CURVE('',#1136,#1134,#1349,.T.);
#856=EDGE_CURVE('',#1137,#1135,#1350,.T.);
#857=EDGE_CURVE('',#1137,#1136,#1351,.T.);
#858=EDGE_CURVE('',#1138,#1136,#1352,.T.);
#859=EDGE_CURVE('',#1139,#1137,#1353,.T.);
#860=EDGE_CURVE('',#1139,#1138,#1354,.T.);
#861=EDGE_CURVE('',#1138,#1140,#1355,.T.);
#862=EDGE_CURVE('',#1139,#1141,#1356,.T.);
#863=EDGE_CURVE('',#1141,#1140,#1357,.T.);
#864=EDGE_CURVE('',#1142,#1140,#1358,.T.);
#865=EDGE_CURVE('',#1143,#1141,#1359,.T.);
#866=EDGE_CURVE('',#1143,#1142,#1360,.T.);
#867=EDGE_CURVE('',#1144,#1142,#1361,.T.);
#868=EDGE_CURVE('',#1145,#1143,#1362,.T.);
#869=EDGE_CURVE('',#1145,#1144,#1363,.T.);
#870=EDGE_CURVE('',#1144,#1146,#1364,.T.);
#871=EDGE_CURVE('',#1145,#1147,#1365,.T.);
#872=EDGE_CURVE('',#1147,#1146,#1366,.T.);
#873=EDGE_CURVE('',#1148,#1146,#1367,.T.);
#874=EDGE_CURVE('',#1149,#1147,#1368,.T.);
#875=EDGE_CURVE('',#1149,#1148,#1369,.T.);
#876=EDGE_CURVE('',#1150,#1148,#1370,.T.);
#877=EDGE_CURVE('',#1151,#1149,#1371,.T.);
#878=EDGE_CURVE('',#1151,#1150,#1372,.T.);
#879=EDGE_CURVE('',#1150,#1152,#1373,.T.);
#880=EDGE_CURVE('',#1151,#1153,#1374,.T.);
#881=EDGE_CURVE('',#1153,#1152,#1375,.T.);
#882=EDGE_CURVE('',#1154,#1152,#1376,.T.);
#883=EDGE_CURVE('',#1155,#1153,#1377,.T.);
#884=EDGE_CURVE('',#1155,#1154,#1378,.T.);
#885=EDGE_CURVE('',#1156,#1154,#1379,.T.);
#886=EDGE_CURVE('',#1157,#1155,#1380,.T.);
#887=EDGE_CURVE('',#1157,#1156,#1381,.T.);
#888=EDGE_CURVE('',#1156,#1158,#1382,.T.);
#889=EDGE_CURVE('',#1157,#1159,#1383,.T.);
#890=EDGE_CURVE('',#1159,#1158,#1384,.T.);
#891=EDGE_CURVE('',#1160,#1158,#1385,.T.);
#892=EDGE_CURVE('',#1161,#1159,#1386,.T.);
#893=EDGE_CURVE('',#1161,#1160,#1387,.T.);
#894=EDGE_CURVE('',#1162,#1160,#1388,.T.);
#895=EDGE_CURVE('',#1163,#1161,#1389,.T.);
#896=EDGE_CURVE('',#1163,#1162,#1390,.T.);
#897=EDGE_CURVE('',#1162,#1164,#1391,.T.);
#898=EDGE_CURVE('',#1163,#1165,#1392,.T.);
#899=EDGE_CURVE('',#1165,#1164,#1393,.T.);
#900=EDGE_CURVE('',#1164,#1100,#1394,.T.);
#901=EDGE_CURVE('',#1165,#1101,#1395,.T.);
#902=EDGE_CURVE('',#1166,#1166,#122,.F.);
#903=EDGE_CURVE('',#1099,#1167,#123,.F.);
#904=EDGE_CURVE('',#1168,#1104,#124,.F.);
#905=EDGE_CURVE('',#1168,#1169,#78,.T.);
#906=EDGE_CURVE('',#1170,#1169,#125,.T.);
#907=EDGE_CURVE('',#1171,#1170,#79,.T.);
#908=EDGE_CURVE('',#1172,#1171,#126,.F.);
#909=EDGE_CURVE('',#1173,#1172,#127,.T.);
#910=EDGE_CURVE('',#1174,#1173,#128,.F.);
#911=EDGE_CURVE('',#1174,#1175,#80,.T.);
#912=EDGE_CURVE('',#1176,#1175,#129,.T.);
#913=EDGE_CURVE('',#1177,#1176,#81,.T.);
#914=EDGE_CURVE('',#1178,#1177,#130,.F.);
#915=EDGE_CURVE('',#1179,#1178,#131,.T.);
#916=EDGE_CURVE('',#1180,#1179,#132,.F.);
#917=EDGE_CURVE('',#1180,#1181,#82,.T.);
#918=EDGE_CURVE('',#1182,#1181,#133,.T.);
#919=EDGE_CURVE('',#1183,#1182,#83,.T.);
#920=EDGE_CURVE('',#1184,#1183,#134,.F.);
#921=EDGE_CURVE('',#1185,#1184,#135,.T.);
#922=EDGE_CURVE('',#1186,#1185,#136,.F.);
#923=EDGE_CURVE('',#1186,#1187,#84,.T.);
#924=EDGE_CURVE('',#1188,#1187,#137,.T.);
#925=EDGE_CURVE('',#1189,#1188,#85,.T.);
#926=EDGE_CURVE('',#1190,#1189,#138,.F.);
#927=EDGE_CURVE('',#1191,#1190,#139,.T.);
#928=EDGE_CURVE('',#1192,#1191,#140,.F.);
#929=EDGE_CURVE('',#1192,#1193,#86,.T.);
#930=EDGE_CURVE('',#1194,#1193,#141,.T.);
#931=EDGE_CURVE('',#1195,#1194,#87,.T.);
#932=EDGE_CURVE('',#1196,#1195,#142,.F.);
#933=EDGE_CURVE('',#1197,#1196,#143,.T.);
#934=EDGE_CURVE('',#1198,#1197,#144,.F.);
#935=EDGE_CURVE('',#1198,#1199,#88,.T.);
#936=EDGE_CURVE('',#1200,#1199,#145,.T.);
#937=EDGE_CURVE('',#1201,#1200,#89,.T.);
#938=EDGE_CURVE('',#1202,#1201,#146,.F.);
#939=EDGE_CURVE('',#1203,#1202,#147,.T.);
#940=EDGE_CURVE('',#1204,#1203,#148,.F.);
#941=EDGE_CURVE('',#1204,#1205,#90,.T.);
#942=EDGE_CURVE('',#1206,#1205,#149,.T.);
#943=EDGE_CURVE('',#1207,#1206,#91,.T.);
#944=EDGE_CURVE('',#1208,#1207,#150,.F.);
#945=EDGE_CURVE('',#1209,#1208,#151,.T.);
#946=EDGE_CURVE('',#1210,#1209,#152,.F.);
#947=EDGE_CURVE('',#1210,#1211,#92,.T.);
#948=EDGE_CURVE('',#1212,#1211,#153,.T.);
#949=EDGE_CURVE('',#1213,#1212,#93,.T.);
#950=EDGE_CURVE('',#1214,#1213,#154,.F.);
#951=EDGE_CURVE('',#1215,#1214,#155,.T.);
#952=EDGE_CURVE('',#1216,#1215,#156,.F.);
#953=EDGE_CURVE('',#1216,#1217,#94,.T.);
#954=EDGE_CURVE('',#1218,#1217,#157,.T.);
#955=EDGE_CURVE('',#1219,#1218,#95,.T.);
#956=EDGE_CURVE('',#1220,#1219,#158,.F.);
#957=EDGE_CURVE('',#1221,#1220,#159,.T.);
#958=EDGE_CURVE('',#1222,#1221,#160,.F.);
#959=EDGE_CURVE('',#1222,#1223,#96,.T.);
#960=EDGE_CURVE('',#1224,#1223,#161,.T.);
#961=EDGE_CURVE('',#1225,#1224,#97,.T.);
#962=EDGE_CURVE('',#1226,#1225,#162,.F.);
#963=EDGE_CURVE('',#1227,#1226,#163,.T.);
#964=EDGE_CURVE('',#1228,#1227,#164,.F.);
#965=EDGE_CURVE('',#1228,#1229,#98,.T.);
#966=EDGE_CURVE('',#1230,#1229,#165,.T.);
#967=EDGE_CURVE('',#1167,#1230,#99,.T.);
#968=EDGE_CURVE('',#1231,#1231,#166,.T.);
#969=EDGE_CURVE('',#1232,#1098,#167,.T.);
#970=EDGE_CURVE('',#1232,#1233,#100,.T.);
#971=EDGE_CURVE('',#1233,#1234,#168,.T.);
#972=EDGE_CURVE('',#1235,#1234,#101,.T.);
#973=EDGE_CURVE('',#1236,#1235,#169,.T.);
#974=EDGE_CURVE('',#1236,#1237,#170,.T.);
#975=EDGE_CURVE('',#1238,#1237,#171,.T.);
#976=EDGE_CURVE('',#1238,#1239,#102,.T.);
#977=EDGE_CURVE('',#1239,#1240,#172,.T.);
#978=EDGE_CURVE('',#1241,#1240,#103,.T.);
#979=EDGE_CURVE('',#1242,#1241,#173,.T.);
#980=EDGE_CURVE('',#1242,#1243,#174,.T.);
#981=EDGE_CURVE('',#1244,#1243,#175,.T.);
#982=EDGE_CURVE('',#1244,#1245,#104,.T.);
#983=EDGE_CURVE('',#1245,#1246,#176,.T.);
#984=EDGE_CURVE('',#1247,#1246,#105,.T.);
#985=EDGE_CURVE('',#1248,#1247,#177,.T.);
#986=EDGE_CURVE('',#1248,#1249,#178,.T.);
#987=EDGE_CURVE('',#1250,#1249,#179,.T.);
#988=EDGE_CURVE('',#1250,#1251,#106,.T.);
#989=EDGE_CURVE('',#1251,#1252,#180,.T.);
#990=EDGE_CURVE('',#1253,#1252,#107,.T.);
#991=EDGE_CURVE('',#1254,#1253,#181,.T.);
#992=EDGE_CURVE('',#1254,#1255,#182,.T.);
#993=EDGE_CURVE('',#1256,#1255,#183,.T.);
#994=EDGE_CURVE('',#1256,#1257,#108,.T.);
#995=EDGE_CURVE('',#1257,#1258,#184,.T.);
#996=EDGE_CURVE('',#1259,#1258,#109,.T.);
#997=EDGE_CURVE('',#1260,#1259,#185,.T.);
#998=EDGE_CURVE('',#1260,#1261,#186,.T.);
#999=EDGE_CURVE('',#1262,#1261,#187,.T.);
#1000=EDGE_CURVE('',#1262,#1263,#110,.T.);
#1001=EDGE_CURVE('',#1263,#1264,#188,.T.);
#1002=EDGE_CURVE('',#1265,#1264,#111,.T.);
#1003=EDGE_CURVE('',#1266,#1265,#189,.T.);
#1004=EDGE_CURVE('',#1266,#1267,#190,.T.);
#1005=EDGE_CURVE('',#1268,#1267,#191,.T.);
#1006=EDGE_CURVE('',#1268,#1269,#112,.T.);
#1007=EDGE_CURVE('',#1269,#1270,#192,.T.);
#1008=EDGE_CURVE('',#1271,#1270,#113,.T.);
#1009=EDGE_CURVE('',#1272,#1271,#193,.T.);
#1010=EDGE_CURVE('',#1272,#1273,#194,.T.);
#1011=EDGE_CURVE('',#1274,#1273,#195,.T.);
#1012=EDGE_CURVE('',#1274,#1275,#114,.T.);
#1013=EDGE_CURVE('',#1275,#1276,#196,.T.);
#1014=EDGE_CURVE('',#1277,#1276,#115,.T.);
#1015=EDGE_CURVE('',#1278,#1277,#197,.T.);
#1016=EDGE_CURVE('',#1278,#1279,#198,.T.);
#1017=EDGE_CURVE('',#1280,#1279,#199,.T.);
#1018=EDGE_CURVE('',#1280,#1281,#116,.T.);
#1019=EDGE_CURVE('',#1281,#1282,#200,.T.);
#1020=EDGE_CURVE('',#1283,#1282,#117,.T.);
#1021=EDGE_CURVE('',#1284,#1283,#201,.T.);
#1022=EDGE_CURVE('',#1284,#1285,#202,.T.);
#1023=EDGE_CURVE('',#1286,#1285,#203,.T.);
#1024=EDGE_CURVE('',#1286,#1287,#118,.T.);
#1025=EDGE_CURVE('',#1287,#1288,#204,.T.);
#1026=EDGE_CURVE('',#1289,#1288,#119,.T.);
#1027=EDGE_CURVE('',#1290,#1289,#205,.T.);
#1028=EDGE_CURVE('',#1290,#1291,#206,.T.);
#1029=EDGE_CURVE('',#1292,#1291,#207,.T.);
#1030=EDGE_CURVE('',#1292,#1293,#120,.T.);
#1031=EDGE_CURVE('',#1293,#1294,#208,.T.);
#1032=EDGE_CURVE('',#1295,#1294,#121,.T.);
#1033=EDGE_CURVE('',#1102,#1295,#209,.T.);
#1034=EDGE_CURVE('',#1167,#1232,#1396,.T.);
#1035=EDGE_CURVE('',#1187,#1276,#1397,.T.);
#1036=EDGE_CURVE('',#1188,#1275,#1398,.T.);
#1037=EDGE_CURVE('',#1193,#1270,#1399,.T.);
#1038=EDGE_CURVE('',#1194,#1269,#1400,.T.);
#1039=EDGE_CURVE('',#1182,#1281,#1401,.T.);
#1040=EDGE_CURVE('',#1181,#1282,#1402,.T.);
#1041=EDGE_CURVE('',#1176,#1287,#1403,.T.);
#1042=EDGE_CURVE('',#1175,#1288,#1404,.T.);
#1043=EDGE_CURVE('',#1170,#1293,#1405,.T.);
#1044=EDGE_CURVE('',#1169,#1294,#1406,.T.);
#1045=EDGE_CURVE('',#1205,#1258,#1407,.T.);
#1046=EDGE_CURVE('',#1206,#1257,#1408,.T.);
#1047=EDGE_CURVE('',#1211,#1252,#1409,.T.);
#1048=EDGE_CURVE('',#1212,#1251,#1410,.T.);
#1049=EDGE_CURVE('',#1217,#1246,#1411,.T.);
#1050=EDGE_CURVE('',#1218,#1245,#1412,.T.);
#1051=EDGE_CURVE('',#1223,#1240,#1413,.T.);
#1052=EDGE_CURVE('',#1224,#1239,#1414,.T.);
#1053=EDGE_CURVE('',#1230,#1233,#1415,.T.);
#1054=EDGE_CURVE('',#1229,#1234,#1416,.T.);
#1055=EDGE_CURVE('',#1200,#1263,#1417,.T.);
#1056=EDGE_CURVE('',#1199,#1264,#1418,.T.);
#1057=EDGE_CURVE('',#1265,#1198,#1419,.F.);
#1058=EDGE_CURVE('',#1195,#1268,#1420,.T.);
#1059=EDGE_CURVE('',#1267,#1196,#1421,.F.);
#1060=EDGE_CURVE('',#1197,#1266,#1422,.T.);
#1061=EDGE_CURVE('',#1235,#1228,#1423,.F.);
#1062=EDGE_CURVE('',#1225,#1238,#1424,.T.);
#1063=EDGE_CURVE('',#1237,#1226,#1425,.F.);
#1064=EDGE_CURVE('',#1227,#1236,#1426,.T.);
#1065=EDGE_CURVE('',#1241,#1222,#1427,.F.);
#1066=EDGE_CURVE('',#1219,#1244,#1428,.T.);
#1067=EDGE_CURVE('',#1243,#1220,#1429,.F.);
#1068=EDGE_CURVE('',#1221,#1242,#1430,.T.);
#1069=EDGE_CURVE('',#1247,#1216,#1431,.F.);
#1070=EDGE_CURVE('',#1213,#1250,#1432,.T.);
#1071=EDGE_CURVE('',#1249,#1214,#1433,.F.);
#1072=EDGE_CURVE('',#1215,#1248,#1434,.T.);
#1073=EDGE_CURVE('',#1253,#1210,#1435,.F.);
#1074=EDGE_CURVE('',#1207,#1256,#1436,.T.);
#1075=EDGE_CURVE('',#1255,#1208,#1437,.F.);
#1076=EDGE_CURVE('',#1209,#1254,#1438,.T.);
#1077=EDGE_CURVE('',#1259,#1204,#1439,.F.);
#1078=EDGE_CURVE('',#1201,#1262,#1440,.T.);
#1079=EDGE_CURVE('',#1261,#1202,#1441,.F.);
#1080=EDGE_CURVE('',#1203,#1260,#1442,.T.);
#1081=EDGE_CURVE('',#1295,#1168,#1443,.F.);
#1082=EDGE_CURVE('',#1289,#1174,#1444,.F.);
#1083=EDGE_CURVE('',#1171,#1292,#1445,.T.);
#1084=EDGE_CURVE('',#1291,#1172,#1446,.F.);
#1085=EDGE_CURVE('',#1173,#1290,#1447,.T.);
#1086=EDGE_CURVE('',#1283,#1180,#1448,.F.);
#1087=EDGE_CURVE('',#1177,#1286,#1449,.T.);
#1088=EDGE_CURVE('',#1285,#1178,#1450,.F.);
#1089=EDGE_CURVE('',#1179,#1284,#1451,.T.);
#1090=EDGE_CURVE('',#1271,#1192,#1452,.F.);
#1091=EDGE_CURVE('',#1189,#1274,#1453,.T.);
#1092=EDGE_CURVE('',#1273,#1190,#1454,.F.);
#1093=EDGE_CURVE('',#1191,#1272,#1455,.T.);
#1094=EDGE_CURVE('',#1277,#1186,#1456,.F.);
#1095=EDGE_CURVE('',#1183,#1280,#1457,.T.);
#1096=EDGE_CURVE('',#1279,#1184,#1458,.F.);
#1097=EDGE_CURVE('',#1185,#1278,#1459,.T.);
#1098=VERTEX_POINT('',#2651);
#1099=VERTEX_POINT('',#2652);
#1100=VERTEX_POINT('',#2654);
#1101=VERTEX_POINT('',#2656);
#1102=VERTEX_POINT('',#2660);
#1103=VERTEX_POINT('',#2661);
#1104=VERTEX_POINT('',#2663);
#1105=VERTEX_POINT('',#2665);
#1106=VERTEX_POINT('',#2669);
#1107=VERTEX_POINT('',#2671);
#1108=VERTEX_POINT('',#2675);
#1109=VERTEX_POINT('',#2677);
#1110=VERTEX_POINT('',#2681);
#1111=VERTEX_POINT('',#2683);
#1112=VERTEX_POINT('',#2687);
#1113=VERTEX_POINT('',#2689);
#1114=VERTEX_POINT('',#2693);
#1115=VERTEX_POINT('',#2695);
#1116=VERTEX_POINT('',#2699);
#1117=VERTEX_POINT('',#2701);
#1118=VERTEX_POINT('',#2705);
#1119=VERTEX_POINT('',#2707);
#1120=VERTEX_POINT('',#2711);
#1121=VERTEX_POINT('',#2713);
#1122=VERTEX_POINT('',#2717);
#1123=VERTEX_POINT('',#2719);
#1124=VERTEX_POINT('',#2723);
#1125=VERTEX_POINT('',#2725);
#1126=VERTEX_POINT('',#2729);
#1127=VERTEX_POINT('',#2731);
#1128=VERTEX_POINT('',#2735);
#1129=VERTEX_POINT('',#2737);
#1130=VERTEX_POINT('',#2741);
#1131=VERTEX_POINT('',#2743);
#1132=VERTEX_POINT('',#2747);
#1133=VERTEX_POINT('',#2749);
#1134=VERTEX_POINT('',#2753);
#1135=VERTEX_POINT('',#2755);
#1136=VERTEX_POINT('',#2759);
#1137=VERTEX_POINT('',#2761);
#1138=VERTEX_POINT('',#2765);
#1139=VERTEX_POINT('',#2767);
#1140=VERTEX_POINT('',#2771);
#1141=VERTEX_POINT('',#2773);
#1142=VERTEX_POINT('',#2777);
#1143=VERTEX_POINT('',#2779);
#1144=VERTEX_POINT('',#2783);
#1145=VERTEX_POINT('',#2785);
#1146=VERTEX_POINT('',#2789);
#1147=VERTEX_POINT('',#2791);
#1148=VERTEX_POINT('',#2795);
#1149=VERTEX_POINT('',#2797);
#1150=VERTEX_POINT('',#2801);
#1151=VERTEX_POINT('',#2803);
#1152=VERTEX_POINT('',#2807);
#1153=VERTEX_POINT('',#2809);
#1154=VERTEX_POINT('',#2813);
#1155=VERTEX_POINT('',#2815);
#1156=VERTEX_POINT('',#2819);
#1157=VERTEX_POINT('',#2821);
#1158=VERTEX_POINT('',#2825);
#1159=VERTEX_POINT('',#2827);
#1160=VERTEX_POINT('',#2831);
#1161=VERTEX_POINT('',#2833);
#1162=VERTEX_POINT('',#2837);
#1163=VERTEX_POINT('',#2839);
#1164=VERTEX_POINT('',#2843);
#1165=VERTEX_POINT('',#2845);
#1166=VERTEX_POINT('',#2852);
#1167=VERTEX_POINT('',#2854);
#1168=VERTEX_POINT('',#2856);
#1169=VERTEX_POINT('',#2895);
#1170=VERTEX_POINT('',#2897);
#1171=VERTEX_POINT('',#2936);
#1172=VERTEX_POINT('',#2938);
#1173=VERTEX_POINT('',#2940);
#1174=VERTEX_POINT('',#2942);
#1175=VERTEX_POINT('',#2981);
#1176=VERTEX_POINT('',#2983);
#1177=VERTEX_POINT('',#3022);
#1178=VERTEX_POINT('',#3024);
#1179=VERTEX_POINT('',#3026);
#1180=VERTEX_POINT('',#3028);
#1181=VERTEX_POINT('',#3067);
#1182=VERTEX_POINT('',#3069);
#1183=VERTEX_POINT('',#3108);
#1184=VERTEX_POINT('',#3110);
#1185=VERTEX_POINT('',#3112);
#1186=VERTEX_POINT('',#3114);
#1187=VERTEX_POINT('',#3153);
#1188=VERTEX_POINT('',#3155);
#1189=VERTEX_POINT('',#3194);
#1190=VERTEX_POINT('',#3196);
#1191=VERTEX_POINT('',#3198);
#1192=VERTEX_POINT('',#3200);
#1193=VERTEX_POINT('',#3239);
#1194=VERTEX_POINT('',#3241);
#1195=VERTEX_POINT('',#3280);
#1196=VERTEX_POINT('',#3282);
#1197=VERTEX_POINT('',#3284);
#1198=VERTEX_POINT('',#3286);
#1199=VERTEX_POINT('',#3325);
#1200=VERTEX_POINT('',#3327);
#1201=VERTEX_POINT('',#3366);
#1202=VERTEX_POINT('',#3368);
#1203=VERTEX_POINT('',#3370);
#1204=VERTEX_POINT('',#3372);
#1205=VERTEX_POINT('',#3411);
#1206=VERTEX_POINT('',#3413);
#1207=VERTEX_POINT('',#3452);
#1208=VERTEX_POINT('',#3454);
#1209=VERTEX_POINT('',#3456);
#1210=VERTEX_POINT('',#3458);
#1211=VERTEX_POINT('',#3497);
#1212=VERTEX_POINT('',#3499);
#1213=VERTEX_POINT('',#3538);
#1214=VERTEX_POINT('',#3540);
#1215=VERTEX_POINT('',#3542);
#1216=VERTEX_POINT('',#3544);
#1217=VERTEX_POINT('',#3583);
#1218=VERTEX_POINT('',#3585);
#1219=VERTEX_POINT('',#3624);
#1220=VERTEX_POINT('',#3626);
#1221=VERTEX_POINT('',#3628);
#1222=VERTEX_POINT('',#3630);
#1223=VERTEX_POINT('',#3669);
#1224=VERTEX_POINT('',#3671);
#1225=VERTEX_POINT('',#3710);
#1226=VERTEX_POINT('',#3712);
#1227=VERTEX_POINT('',#3714);
#1228=VERTEX_POINT('',#3716);
#1229=VERTEX_POINT('',#3755);
#1230=VERTEX_POINT('',#3757);
#1231=VERTEX_POINT('',#3798);
#1232=VERTEX_POINT('',#3800);
#1233=VERTEX_POINT('',#3839);
#1234=VERTEX_POINT('',#3841);
#1235=VERTEX_POINT('',#3880);
#1236=VERTEX_POINT('',#3882);
#1237=VERTEX_POINT('',#3884);
#1238=VERTEX_POINT('',#3886);
#1239=VERTEX_POINT('',#3925);
#1240=VERTEX_POINT('',#3927);
#1241=VERTEX_POINT('',#3966);
#1242=VERTEX_POINT('',#3968);
#1243=VERTEX_POINT('',#3970);
#1244=VERTEX_POINT('',#3972);
#1245=VERTEX_POINT('',#4011);
#1246=VERTEX_POINT('',#4013);
#1247=VERTEX_POINT('',#4052);
#1248=VERTEX_POINT('',#4054);
#1249=VERTEX_POINT('',#4056);
#1250=VERTEX_POINT('',#4058);
#1251=VERTEX_POINT('',#4097);
#1252=VERTEX_POINT('',#4099);
#1253=VERTEX_POINT('',#4138);
#1254=VERTEX_POINT('',#4140);
#1255=VERTEX_POINT('',#4142);
#1256=VERTEX_POINT('',#4144);
#1257=VERTEX_POINT('',#4183);
#1258=VERTEX_POINT('',#4185);
#1259=VERTEX_POINT('',#4224);
#1260=VERTEX_POINT('',#4226);
#1261=VERTEX_POINT('',#4228);
#1262=VERTEX_POINT('',#4230);
#1263=VERTEX_POINT('',#4269);
#1264=VERTEX_POINT('',#4271);
#1265=VERTEX_POINT('',#4310);
#1266=VERTEX_POINT('',#4312);
#1267=VERTEX_POINT('',#4314);
#1268=VERTEX_POINT('',#4316);
#1269=VERTEX_POINT('',#4355);
#1270=VERTEX_POINT('',#4357);
#1271=VERTEX_POINT('',#4396);
#1272=VERTEX_POINT('',#4398);
#1273=VERTEX_POINT('',#4400);
#1274=VERTEX_POINT('',#4402);
#1275=VERTEX_POINT('',#4441);
#1276=VERTEX_POINT('',#4443);
#1277=VERTEX_POINT('',#4482);
#1278=VERTEX_POINT('',#4484);
#1279=VERTEX_POINT('',#4486);
#1280=VERTEX_POINT('',#4488);
#1281=VERTEX_POINT('',#4527);
#1282=VERTEX_POINT('',#4529);
#1283=VERTEX_POINT('',#4568);
#1284=VERTEX_POINT('',#4570);
#1285=VERTEX_POINT('',#4572);
#1286=VERTEX_POINT('',#4574);
#1287=VERTEX_POINT('',#4613);
#1288=VERTEX_POINT('',#4615);
#1289=VERTEX_POINT('',#4654);
#1290=VERTEX_POINT('',#4656);
#1291=VERTEX_POINT('',#4658);
#1292=VERTEX_POINT('',#4660);
#1293=VERTEX_POINT('',#4699);
#1294=VERTEX_POINT('',#4701);
#1295=VERTEX_POINT('',#4740);
#1296=LINE('',#2650,#1460);
#1297=LINE('',#2653,#1461);
#1298=LINE('',#2655,#1462);
#1299=LINE('',#2657,#1463);
#1300=LINE('',#2659,#1464);
#1301=LINE('',#2662,#1465);
#1302=LINE('',#2664,#1466);
#1303=LINE('',#2666,#1467);
#1304=LINE('',#2668,#1468);
#1305=LINE('',#2670,#1469);
#1306=LINE('',#2672,#1470);
#1307=LINE('',#2674,#1471);
#1308=LINE('',#2676,#1472);
#1309=LINE('',#2678,#1473);
#1310=LINE('',#2680,#1474);
#1311=LINE('',#2682,#1475);
#1312=LINE('',#2684,#1476);
#1313=LINE('',#2686,#1477);
#1314=LINE('',#2688,#1478);
#1315=LINE('',#2690,#1479);
#1316=LINE('',#2692,#1480);
#1317=LINE('',#2694,#1481);
#1318=LINE('',#2696,#1482);
#1319=LINE('',#2698,#1483);
#1320=LINE('',#2700,#1484);
#1321=LINE('',#2702,#1485);
#1322=LINE('',#2704,#1486);
#1323=LINE('',#2706,#1487);
#1324=LINE('',#2708,#1488);
#1325=LINE('',#2710,#1489);
#1326=LINE('',#2712,#1490);
#1327=LINE('',#2714,#1491);
#1328=LINE('',#2716,#1492);
#1329=LINE('',#2718,#1493);
#1330=LINE('',#2720,#1494);
#1331=LINE('',#2722,#1495);
#1332=LINE('',#2724,#1496);
#1333=LINE('',#2726,#1497);
#1334=LINE('',#2728,#1498);
#1335=LINE('',#2730,#1499);
#1336=LINE('',#2732,#1500);
#1337=LINE('',#2734,#1501);
#1338=LINE('',#2736,#1502);
#1339=LINE('',#2738,#1503);
#1340=LINE('',#2740,#1504);
#1341=LINE('',#2742,#1505);
#1342=LINE('',#2744,#1506);
#1343=LINE('',#2746,#1507);
#1344=LINE('',#2748,#1508);
#1345=LINE('',#2750,#1509);
#1346=LINE('',#2752,#1510);
#1347=LINE('',#2754,#1511);
#1348=LINE('',#2756,#1512);
#1349=LINE('',#2758,#1513);
#1350=LINE('',#2760,#1514);
#1351=LINE('',#2762,#1515);
#1352=LINE('',#2764,#1516);
#1353=LINE('',#2766,#1517);
#1354=LINE('',#2768,#1518);
#1355=LINE('',#2770,#1519);
#1356=LINE('',#2772,#1520);
#1357=LINE('',#2774,#1521);
#1358=LINE('',#2776,#1522);
#1359=LINE('',#2778,#1523);
#1360=LINE('',#2780,#1524);
#1361=LINE('',#2782,#1525);
#1362=LINE('',#2784,#1526);
#1363=LINE('',#2786,#1527);
#1364=LINE('',#2788,#1528);
#1365=LINE('',#2790,#1529);
#1366=LINE('',#2792,#1530);
#1367=LINE('',#2794,#1531);
#1368=LINE('',#2796,#1532);
#1369=LINE('',#2798,#1533);
#1370=LINE('',#2800,#1534);
#1371=LINE('',#2802,#1535);
#1372=LINE('',#2804,#1536);
#1373=LINE('',#2806,#1537);
#1374=LINE('',#2808,#1538);
#1375=LINE('',#2810,#1539);
#1376=LINE('',#2812,#1540);
#1377=LINE('',#2814,#1541);
#1378=LINE('',#2816,#1542);
#1379=LINE('',#2818,#1543);
#1380=LINE('',#2820,#1544);
#1381=LINE('',#2822,#1545);
#1382=LINE('',#2824,#1546);
#1383=LINE('',#2826,#1547);
#1384=LINE('',#2828,#1548);
#1385=LINE('',#2830,#1549);
#1386=LINE('',#2832,#1550);
#1387=LINE('',#2834,#1551);
#1388=LINE('',#2836,#1552);
#1389=LINE('',#2838,#1553);
#1390=LINE('',#2840,#1554);
#1391=LINE('',#2842,#1555);
#1392=LINE('',#2844,#1556);
#1393=LINE('',#2846,#1557);
#1394=LINE('',#2848,#1558);
#1395=LINE('',#2849,#1559);
#1396=LINE('',#4743,#1560);
#1397=LINE('',#4745,#1561);
#1398=LINE('',#4746,#1562);
#1399=LINE('',#4748,#1563);
#1400=LINE('',#4749,#1564);
#1401=LINE('',#4751,#1565);
#1402=LINE('',#4752,#1566);
#1403=LINE('',#4754,#1567);
#1404=LINE('',#4755,#1568);
#1405=LINE('',#4757,#1569);
#1406=LINE('',#4758,#1570);
#1407=LINE('',#4760,#1571);
#1408=LINE('',#4761,#1572);
#1409=LINE('',#4763,#1573);
#1410=LINE('',#4764,#1574);
#1411=LINE('',#4766,#1575);
#1412=LINE('',#4767,#1576);
#1413=LINE('',#4769,#1577);
#1414=LINE('',#4770,#1578);
#1415=LINE('',#4772,#1579);
#1416=LINE('',#4773,#1580);
#1417=LINE('',#4775,#1581);
#1418=LINE('',#4776,#1582);
#1419=LINE('',#4803,#1583);
#1420=LINE('',#4830,#1584);
#1421=LINE('',#4832,#1585);
#1422=LINE('',#4833,#1586);
#1423=LINE('',#4862,#1587);
#1424=LINE('',#4889,#1588);
#1425=LINE('',#4891,#1589);
#1426=LINE('',#4892,#1590);
#1427=LINE('',#4921,#1591);
#1428=LINE('',#4948,#1592);
#1429=LINE('',#4950,#1593);
#1430=LINE('',#4951,#1594);
#1431=LINE('',#4980,#1595);
#1432=LINE('',#5007,#1596);
#1433=LINE('',#5009,#1597);
#1434=LINE('',#5010,#1598);
#1435=LINE('',#5039,#1599);
#1436=LINE('',#5066,#1600);
#1437=LINE('',#5068,#1601);
#1438=LINE('',#5069,#1602);
#1439=LINE('',#5098,#1603);
#1440=LINE('',#5125,#1604);
#1441=LINE('',#5127,#1605);
#1442=LINE('',#5128,#1606);
#1443=LINE('',#5183,#1607);
#1444=LINE('',#5211,#1608);
#1445=LINE('',#5238,#1609);
#1446=LINE('',#5240,#1610);
#1447=LINE('',#5241,#1611);
#1448=LINE('',#5270,#1612);
#1449=LINE('',#5297,#1613);
#1450=LINE('',#5299,#1614);
#1451=LINE('',#5300,#1615);
#1452=LINE('',#5329,#1616);
#1453=LINE('',#5356,#1617);
#1454=LINE('',#5358,#1618);
#1455=LINE('',#5359,#1619);
#1456=LINE('',#5388,#1620);
#1457=LINE('',#5415,#1621);
#1458=LINE('',#5417,#1622);
#1459=LINE('',#5418,#1623);
#1460=VECTOR('',#2152,1.);
#1461=VECTOR('',#2153,1.);
#1462=VECTOR('',#2154,1.);
#1463=VECTOR('',#2155,1.);
#1464=VECTOR('',#2158,1.);
#1465=VECTOR('',#2159,1.);
#1466=VECTOR('',#2160,1.);
#1467=VECTOR('',#2161,1.);
#1468=VECTOR('',#2164,1.);
#1469=VECTOR('',#2165,1.);
#1470=VECTOR('',#2166,1.);
#1471=VECTOR('',#2169,1.);
#1472=VECTOR('',#2170,1.);
#1473=VECTOR('',#2171,1.);
#1474=VECTOR('',#2174,1.);
#1475=VECTOR('',#2175,1.);
#1476=VECTOR('',#2176,1.);
#1477=VECTOR('',#2179,1.);
#1478=VECTOR('',#2180,1.);
#1479=VECTOR('',#2181,1.);
#1480=VECTOR('',#2184,1.);
#1481=VECTOR('',#2185,1.);
#1482=VECTOR('',#2186,1.);
#1483=VECTOR('',#2189,1.);
#1484=VECTOR('',#2190,1.);
#1485=VECTOR('',#2191,1.);
#1486=VECTOR('',#2194,1.);
#1487=VECTOR('',#2195,1.);
#1488=VECTOR('',#2196,1.);
#1489=VECTOR('',#2199,1.);
#1490=VECTOR('',#2200,1.);
#1491=VECTOR('',#2201,1.);
#1492=VECTOR('',#2204,1.);
#1493=VECTOR('',#2205,1.);
#1494=VECTOR('',#2206,1.);
#1495=VECTOR('',#2209,1.);
#1496=VECTOR('',#2210,1.);
#1497=VECTOR('',#2211,1.);
#1498=VECTOR('',#2214,1.);
#1499=VECTOR('',#2215,1.);
#1500=VECTOR('',#2216,1.);
#1501=VECTOR('',#2219,1.);
#1502=VECTOR('',#2220,1.);
#1503=VECTOR('',#2221,1.);
#1504=VECTOR('',#2224,1.);
#1505=VECTOR('',#2225,1.);
#1506=VECTOR('',#2226,1.);
#1507=VECTOR('',#2229,1.);
#1508=VECTOR('',#2230,1.);
#1509=VECTOR('',#2231,1.);
#1510=VECTOR('',#2234,1.);
#1511=VECTOR('',#2235,1.);
#1512=VECTOR('',#2236,1.);
#1513=VECTOR('',#2239,1.);
#1514=VECTOR('',#2240,1.);
#1515=VECTOR('',#2241,1.);
#1516=VECTOR('',#2244,1.);
#1517=VECTOR('',#2245,1.);
#1518=VECTOR('',#2246,1.);
#1519=VECTOR('',#2249,1.);
#1520=VECTOR('',#2250,1.);
#1521=VECTOR('',#2251,1.);
#1522=VECTOR('',#2254,1.);
#1523=VECTOR('',#2255,1.);
#1524=VECTOR('',#2256,1.);
#1525=VECTOR('',#2259,1.);
#1526=VECTOR('',#2260,1.);
#1527=VECTOR('',#2261,1.);
#1528=VECTOR('',#2264,1.);
#1529=VECTOR('',#2265,1.);
#1530=VECTOR('',#2266,1.);
#1531=VECTOR('',#2269,1.);
#1532=VECTOR('',#2270,1.);
#1533=VECTOR('',#2271,1.);
#1534=VECTOR('',#2274,1.);
#1535=VECTOR('',#2275,1.);
#1536=VECTOR('',#2276,1.);
#1537=VECTOR('',#2279,1.);
#1538=VECTOR('',#2280,1.);
#1539=VECTOR('',#2281,1.);
#1540=VECTOR('',#2284,1.);
#1541=VECTOR('',#2285,1.);
#1542=VECTOR('',#2286,1.);
#1543=VECTOR('',#2289,1.);
#1544=VECTOR('',#2290,1.);
#1545=VECTOR('',#2291,1.);
#1546=VECTOR('',#2294,1.);
#1547=VECTOR('',#2295,1.);
#1548=VECTOR('',#2296,1.);
#1549=VECTOR('',#2299,1.);
#1550=VECTOR('',#2300,1.);
#1551=VECTOR('',#2301,1.);
#1552=VECTOR('',#2304,1.);
#1553=VECTOR('',#2305,1.);
#1554=VECTOR('',#2306,1.);
#1555=VECTOR('',#2309,1.);
#1556=VECTOR('',#2310,1.);
#1557=VECTOR('',#2311,1.);
#1558=VECTOR('',#2314,1.);
#1559=VECTOR('',#2315,1.);
#1560=VECTOR('',#2498,1.);
#1561=VECTOR('',#2501,1.);
#1562=VECTOR('',#2502,1.);
#1563=VECTOR('',#2505,1.);
#1564=VECTOR('',#2506,1.);
#1565=VECTOR('',#2509,1.);
#1566=VECTOR('',#2510,1.);
#1567=VECTOR('',#2513,1.);
#1568=VECTOR('',#2514,1.);
#1569=VECTOR('',#2517,1.);
#1570=VECTOR('',#2518,1.);
#1571=VECTOR('',#2521,1.);
#1572=VECTOR('',#2522,1.);
#1573=VECTOR('',#2525,1.);
#1574=VECTOR('',#2526,1.);
#1575=VECTOR('',#2529,1.);
#1576=VECTOR('',#2530,1.);
#1577=VECTOR('',#2533,1.);
#1578=VECTOR('',#2534,1.);
#1579=VECTOR('',#2537,1.);
#1580=VECTOR('',#2538,1.);
#1581=VECTOR('',#2541,1.);
#1582=VECTOR('',#2542,1.);
#1583=VECTOR('',#2543,1.);
#1584=VECTOR('',#2544,1.);
#1585=VECTOR('',#2547,1.);
#1586=VECTOR('',#2548,1.);
#1587=VECTOR('',#2553,1.);
#1588=VECTOR('',#2554,1.);
#1589=VECTOR('',#2557,1.);
#1590=VECTOR('',#2558,1.);
#1591=VECTOR('',#2563,1.);
#1592=VECTOR('',#2564,1.);
#1593=VECTOR('',#2567,1.);
#1594=VECTOR('',#2568,1.);
#1595=VECTOR('',#2573,1.);
#1596=VECTOR('',#2574,1.);
#1597=VECTOR('',#2577,1.);
#1598=VECTOR('',#2578,1.);
#1599=VECTOR('',#2583,1.);
#1600=VECTOR('',#2584,1.);
#1601=VECTOR('',#2587,1.);
#1602=VECTOR('',#2588,1.);
#1603=VECTOR('',#2593,1.);
#1604=VECTOR('',#2594,1.);
#1605=VECTOR('',#2597,1.);
#1606=VECTOR('',#2598,1.);
#1607=VECTOR('',#2603,1.);
#1608=VECTOR('',#2606,1.);
#1609=VECTOR('',#2607,1.);
#1610=VECTOR('',#2610,1.);
#1611=VECTOR('',#2611,1.);
#1612=VECTOR('',#2616,1.);
#1613=VECTOR('',#2617,1.);
#1614=VECTOR('',#2620,1.);
#1615=VECTOR('',#2621,1.);
#1616=VECTOR('',#2626,1.);
#1617=VECTOR('',#2627,1.);
#1618=VECTOR('',#2630,1.);
#1619=VECTOR('',#2631,1.);
#1620=VECTOR('',#2636,1.);
#1621=VECTOR('',#2637,1.);
#1622=VECTOR('',#2640,1.);
#1623=VECTOR('',#2641,1.);
#1624=EDGE_LOOP('',(#210,#211,#212,#213));
#1625=EDGE_LOOP('',(#214,#215,#216,#217));
#1626=EDGE_LOOP('',(#218,#219,#220,#221));
#1627=EDGE_LOOP('',(#222,#223,#224,#225));
#1628=EDGE_LOOP('',(#226,#227,#228,#229));
#1629=EDGE_LOOP('',(#230,#231,#232,#233));
#1630=EDGE_LOOP('',(#234,#235,#236,#237));
#1631=EDGE_LOOP('',(#238,#239,#240,#241));
#1632=EDGE_LOOP('',(#242,#243,#244,#245));
#1633=EDGE_LOOP('',(#246,#247,#248,#249));
#1634=EDGE_LOOP('',(#250,#251,#252,#253));
#1635=EDGE_LOOP('',(#254,#255,#256,#257));
#1636=EDGE_LOOP('',(#258,#259,#260,#261));
#1637=EDGE_LOOP('',(#262,#263,#264,#265));
#1638=EDGE_LOOP('',(#266,#267,#268,#269));
#1639=EDGE_LOOP('',(#270,#271,#272,#273));
#1640=EDGE_LOOP('',(#274,#275,#276,#277));
#1641=EDGE_LOOP('',(#278,#279,#280,#281));
#1642=EDGE_LOOP('',(#282,#283,#284,#285));
#1643=EDGE_LOOP('',(#286,#287,#288,#289));
#1644=EDGE_LOOP('',(#290,#291,#292,#293));
#1645=EDGE_LOOP('',(#294,#295,#296,#297));
#1646=EDGE_LOOP('',(#298,#299,#300,#301));
#1647=EDGE_LOOP('',(#302,#303,#304,#305));
#1648=EDGE_LOOP('',(#306,#307,#308,#309));
#1649=EDGE_LOOP('',(#310,#311,#312,#313));
#1650=EDGE_LOOP('',(#314,#315,#316,#317));
#1651=EDGE_LOOP('',(#318,#319,#320,#321));
#1652=EDGE_LOOP('',(#322,#323,#324,#325));
#1653=EDGE_LOOP('',(#326,#327,#328,#329));
#1654=EDGE_LOOP('',(#330,#331,#332,#333));
#1655=EDGE_LOOP('',(#334,#335,#336,#337));
#1656=EDGE_LOOP('',(#338,#339,#340,#341));
#1657=EDGE_LOOP('',(#342));
#1658=EDGE_LOOP('',(#343,#344,#345,#346,#347,#348,#349,#350,#351,#352,#353,
#354,#355,#356,#357,#358,#359,#360,#361,#362,#363,#364,#365,#366,#367,#368,
#369,#370,#371,#372,#373,#374,#375,#376,#377,#378,#379,#380,#381,#382,#383,
#384,#385,#386,#387,#388,#389,#390,#391,#392,#393,#394,#395,#396,#397,#398,
#399,#400,#401,#402,#403,#404,#405,#406,#407,#408,#409,#410,#411,#412,#413,
#414,#415,#416,#417,#418,#419,#420,#421,#422,#423,#424,#425,#426,#427,#428,
#429,#430,#431,#432,#433,#434,#435,#436,#437,#438,#439,#440));
#1659=EDGE_LOOP('',(#441));
#1660=EDGE_LOOP('',(#442,#443,#444,#445,#446,#447,#448,#449,#450,#451,#452,
#453,#454,#455,#456,#457,#458,#459,#460,#461,#462,#463,#464,#465,#466,#467,
#468,#469,#470,#471,#472,#473,#474,#475,#476,#477,#478,#479,#480,#481,#482,
#483,#484,#485,#486,#487,#488,#489,#490,#491,#492,#493,#494,#495,#496,#497,
#498,#499,#500,#501,#502,#503,#504,#505,#506,#507,#508,#509,#510,#511,#512,
#513,#514,#515,#516,#517,#518,#519,#520,#521,#522,#523,#524,#525,#526,#527,
#528,#529,#530,#531,#532,#533,#534,#535,#536,#537,#538,#539));
#1661=EDGE_LOOP('',(#540,#541,#542,#543));
#1662=EDGE_LOOP('',(#544,#545,#546,#547));
#1663=EDGE_LOOP('',(#548,#549,#550,#551));
#1664=EDGE_LOOP('',(#552,#553,#554,#555));
#1665=EDGE_LOOP('',(#556,#557,#558,#559));
#1666=EDGE_LOOP('',(#560,#561,#562,#563));
#1667=EDGE_LOOP('',(#564,#565,#566,#567));
#1668=EDGE_LOOP('',(#568,#569,#570,#571));
#1669=EDGE_LOOP('',(#572,#573,#574,#575));
#1670=EDGE_LOOP('',(#576,#577,#578,#579));
#1671=EDGE_LOOP('',(#580,#581,#582,#583));
#1672=EDGE_LOOP('',(#584,#585,#586,#587));
#1673=EDGE_LOOP('',(#588,#589,#590,#591));
#1674=EDGE_LOOP('',(#592,#593,#594,#595));
#1675=EDGE_LOOP('',(#596,#597,#598,#599));
#1676=EDGE_LOOP('',(#600,#601,#602,#603));
#1677=EDGE_LOOP('',(#604,#605,#606,#607));
#1678=EDGE_LOOP('',(#608,#609,#610,#611));
#1679=EDGE_LOOP('',(#612,#613,#614,#615));
#1680=EDGE_LOOP('',(#616,#617,#618,#619));
#1681=EDGE_LOOP('',(#620,#621,#622,#623));
#1682=EDGE_LOOP('',(#624,#625,#626,#627));
#1683=EDGE_LOOP('',(#628,#629,#630,#631));
#1684=EDGE_LOOP('',(#632,#633,#634,#635));
#1685=EDGE_LOOP('',(#636,#637,#638,#639));
#1686=EDGE_LOOP('',(#640,#641,#642,#643));
#1687=EDGE_LOOP('',(#644,#645,#646,#647));
#1688=EDGE_LOOP('',(#648,#649,#650,#651));
#1689=EDGE_LOOP('',(#652,#653,#654,#655));
#1690=EDGE_LOOP('',(#656,#657,#658,#659));
#1691=EDGE_LOOP('',(#660,#661,#662,#663));
#1692=EDGE_LOOP('',(#664,#665,#666,#667));
#1693=EDGE_LOOP('',(#668,#669,#670,#671));
#1694=EDGE_LOOP('',(#672,#673,#674,#675));
#1695=EDGE_LOOP('',(#676,#677,#678,#679));
#1696=EDGE_LOOP('',(#680,#681,#682,#683));
#1697=EDGE_LOOP('',(#684,#685,#686,#687));
#1698=EDGE_LOOP('',(#688,#689,#690,#691));
#1699=EDGE_LOOP('',(#692,#693,#694,#695));
#1700=EDGE_LOOP('',(#696,#697,#698,#699));
#1701=EDGE_LOOP('',(#700,#701,#702,#703));
#1702=EDGE_LOOP('',(#704,#705,#706,#707));
#1703=EDGE_LOOP('',(#708,#709,#710,#711));
#1704=EDGE_LOOP('',(#712,#713,#714,#715));
#1705=EDGE_LOOP('',(#716,#717,#718,#719));
#1706=EDGE_LOOP('',(#720,#721,#722,#723));
#1707=EDGE_LOOP('',(#724,#725,#726,#727));
#1708=EDGE_LOOP('',(#728,#729,#730,#731));
#1709=EDGE_LOOP('',(#732,#733,#734,#735));
#1710=EDGE_LOOP('',(#736,#737,#738,#739));
#1711=EDGE_LOOP('',(#740,#741,#742,#743));
#1712=EDGE_LOOP('',(#744,#745,#746,#747));
#1713=EDGE_LOOP('',(#748,#749,#750,#751));
#1714=EDGE_LOOP('',(#752,#753,#754,#755));
#1715=EDGE_LOOP('',(#756,#757,#758,#759));
#1716=EDGE_LOOP('',(#760,#761,#762,#763));
#1717=EDGE_LOOP('',(#764,#765,#766,#767));
#1718=EDGE_LOOP('',(#768,#769,#770,#771));
#1719=EDGE_LOOP('',(#772,#773,#774,#775));
#1720=EDGE_LOOP('',(#776,#777,#778,#779));
#1721=EDGE_LOOP('',(#780,#781,#782,#783));
#1722=EDGE_LOOP('',(#784,#785,#786,#787));
#1723=EDGE_LOOP('',(#788,#789,#790,#791));
#1724=EDGE_LOOP('',(#792,#793,#794,#795));
#1725=EDGE_LOOP('',(#796,#797,#798,#799));
#1726=EDGE_LOOP('',(#800));
#1727=EDGE_LOOP('',(#801));
#1728=FACE_BOUND('',#1624,.T.);
#1729=FACE_BOUND('',#1625,.T.);
#1730=FACE_BOUND('',#1626,.T.);
#1731=FACE_BOUND('',#1627,.T.);
#1732=FACE_BOUND('',#1628,.T.);
#1733=FACE_BOUND('',#1629,.T.);
#1734=FACE_BOUND('',#1630,.T.);
#1735=FACE_BOUND('',#1631,.T.);
#1736=FACE_BOUND('',#1632,.T.);
#1737=FACE_BOUND('',#1633,.T.);
#1738=FACE_BOUND('',#1634,.T.);
#1739=FACE_BOUND('',#1635,.T.);
#1740=FACE_BOUND('',#1636,.T.);
#1741=FACE_BOUND('',#1637,.T.);
#1742=FACE_BOUND('',#1638,.T.);
#1743=FACE_BOUND('',#1639,.T.);
#1744=FACE_BOUND('',#1640,.T.);
#1745=FACE_BOUND('',#1641,.T.);
#1746=FACE_BOUND('',#1642,.T.);
#1747=FACE_BOUND('',#1643,.T.);
#1748=FACE_BOUND('',#1644,.T.);
#1749=FACE_BOUND('',#1645,.T.);
#1750=FACE_BOUND('',#1646,.T.);
#1751=FACE_BOUND('',#1647,.T.);
#1752=FACE_BOUND('',#1648,.T.);
#1753=FACE_BOUND('',#1649,.T.);
#1754=FACE_BOUND('',#1650,.T.);
#1755=FACE_BOUND('',#1651,.T.);
#1756=FACE_BOUND('',#1652,.T.);
#1757=FACE_BOUND('',#1653,.T.);
#1758=FACE_BOUND('',#1654,.T.);
#1759=FACE_BOUND('',#1655,.T.);
#1760=FACE_BOUND('',#1656,.T.);
#1761=FACE_BOUND('',#1657,.T.);
#1762=FACE_BOUND('',#1658,.T.);
#1763=FACE_BOUND('',#1659,.T.);
#1764=FACE_BOUND('',#1660,.T.);
#1765=FACE_BOUND('',#1661,.T.);
#1766=FACE_BOUND('',#1662,.T.);
#1767=FACE_BOUND('',#1663,.T.);
#1768=FACE_BOUND('',#1664,.T.);
#1769=FACE_BOUND('',#1665,.T.);
#1770=FACE_BOUND('',#1666,.T.);
#1771=FACE_BOUND('',#1667,.T.);
#1772=FACE_BOUND('',#1668,.T.);
#1773=FACE_BOUND('',#1669,.T.);
#1774=FACE_BOUND('',#1670,.T.);
#1775=FACE_BOUND('',#1671,.T.);
#1776=FACE_BOUND('',#1672,.T.);
#1777=FACE_BOUND('',#1673,.T.);
#1778=FACE_BOUND('',#1674,.T.);
#1779=FACE_BOUND('',#1675,.T.);
#1780=FACE_BOUND('',#1676,.T.);
#1781=FACE_BOUND('',#1677,.T.);
#1782=FACE_BOUND('',#1678,.T.);
#1783=FACE_BOUND('',#1679,.T.);
#1784=FACE_BOUND('',#1680,.T.);
#1785=FACE_BOUND('',#1681,.T.);
#1786=FACE_BOUND('',#1682,.T.);
#1787=FACE_BOUND('',#1683,.T.);
#1788=FACE_BOUND('',#1684,.T.);
#1789=FACE_BOUND('',#1685,.T.);
#1790=FACE_BOUND('',#1686,.T.);
#1791=FACE_BOUND('',#1687,.T.);
#1792=FACE_BOUND('',#1688,.T.);
#1793=FACE_BOUND('',#1689,.T.);
#1794=FACE_BOUND('',#1690,.T.);
#1795=FACE_BOUND('',#1691,.T.);
#1796=FACE_BOUND('',#1692,.T.);
#1797=FACE_BOUND('',#1693,.T.);
#1798=FACE_BOUND('',#1694,.T.);
#1799=FACE_BOUND('',#1695,.T.);
#1800=FACE_BOUND('',#1696,.T.);
#1801=FACE_BOUND('',#1697,.T.);
#1802=FACE_BOUND('',#1698,.T.);
#1803=FACE_BOUND('',#1699,.T.);
#1804=FACE_BOUND('',#1700,.T.);
#1805=FACE_BOUND('',#1701,.T.);
#1806=FACE_BOUND('',#1702,.T.);
#1807=FACE_BOUND('',#1703,.T.);
#1808=FACE_BOUND('',#1704,.T.);
#1809=FACE_BOUND('',#1705,.T.);
#1810=FACE_BOUND('',#1706,.T.);
#1811=FACE_BOUND('',#1707,.T.);
#1812=FACE_BOUND('',#1708,.T.);
#1813=FACE_BOUND('',#1709,.T.);
#1814=FACE_BOUND('',#1710,.T.);
#1815=FACE_BOUND('',#1711,.T.);
#1816=FACE_BOUND('',#1712,.T.);
#1817=FACE_BOUND('',#1713,.T.);
#1818=FACE_BOUND('',#1714,.T.);
#1819=FACE_BOUND('',#1715,.T.);
#1820=FACE_BOUND('',#1716,.T.);
#1821=FACE_BOUND('',#1717,.T.);
#1822=FACE_BOUND('',#1718,.T.);
#1823=FACE_BOUND('',#1719,.T.);
#1824=FACE_BOUND('',#1720,.T.);
#1825=FACE_BOUND('',#1721,.T.);
#1826=FACE_BOUND('',#1722,.T.);
#1827=FACE_BOUND('',#1723,.T.);
#1828=FACE_BOUND('',#1724,.T.);
#1829=FACE_BOUND('',#1725,.T.);
#1830=FACE_BOUND('',#1726,.T.);
#1831=FACE_BOUND('',#1727,.T.);
#1832=PLANE('',#1981);
#1833=PLANE('',#1982);
#1834=PLANE('',#1983);
#1835=PLANE('',#1984);
#1836=PLANE('',#1985);
#1837=PLANE('',#1986);
#1838=PLANE('',#1987);
#1839=PLANE('',#1988);
#1840=PLANE('',#1989);
#1841=PLANE('',#1990);
#1842=PLANE('',#1991);
#1843=PLANE('',#1992);
#1844=PLANE('',#1993);
#1845=PLANE('',#1994);
#1846=PLANE('',#1995);
#1847=PLANE('',#1996);
#1848=PLANE('',#1997);
#1849=PLANE('',#1998);
#1850=PLANE('',#1999);
#1851=PLANE('',#2000);
#1852=PLANE('',#2001);
#1853=PLANE('',#2002);
#1854=PLANE('',#2003);
#1855=PLANE('',#2004);
#1856=PLANE('',#2005);
#1857=PLANE('',#2006);
#1858=PLANE('',#2007);
#1859=PLANE('',#2008);
#1860=PLANE('',#2009);
#1861=PLANE('',#2010);
#1862=PLANE('',#2011);
#1863=PLANE('',#2012);
#1864=PLANE('',#2013);
#1865=PLANE('',#2014);
#1866=PLANE('',#2059);
#1867=ADVANCED_FACE('',(#1728),#1832,.F.);
#1868=ADVANCED_FACE('',(#1729),#1833,.T.);
#1869=ADVANCED_FACE('',(#1730),#1834,.F.);
#1870=ADVANCED_FACE('',(#1731),#1835,.F.);
#1871=ADVANCED_FACE('',(#1732),#1836,.T.);
#1872=ADVANCED_FACE('',(#1733),#1837,.F.);
#1873=ADVANCED_FACE('',(#1734),#1838,.F.);
#1874=ADVANCED_FACE('',(#1735),#1839,.T.);
#1875=ADVANCED_FACE('',(#1736),#1840,.F.);
#1876=ADVANCED_FACE('',(#1737),#1841,.F.);
#1877=ADVANCED_FACE('',(#1738),#1842,.T.);
#1878=ADVANCED_FACE('',(#1739),#1843,.F.);
#1879=ADVANCED_FACE('',(#1740),#1844,.F.);
#1880=ADVANCED_FACE('',(#1741),#1845,.T.);
#1881=ADVANCED_FACE('',(#1742),#1846,.F.);
#1882=ADVANCED_FACE('',(#1743),#1847,.F.);
#1883=ADVANCED_FACE('',(#1744),#1848,.T.);
#1884=ADVANCED_FACE('',(#1745),#1849,.F.);
#1885=ADVANCED_FACE('',(#1746),#1850,.F.);
#1886=ADVANCED_FACE('',(#1747),#1851,.T.);
#1887=ADVANCED_FACE('',(#1748),#1852,.F.);
#1888=ADVANCED_FACE('',(#1749),#1853,.F.);
#1889=ADVANCED_FACE('',(#1750),#1854,.T.);
#1890=ADVANCED_FACE('',(#1751),#1855,.F.);
#1891=ADVANCED_FACE('',(#1752),#1856,.F.);
#1892=ADVANCED_FACE('',(#1753),#1857,.T.);
#1893=ADVANCED_FACE('',(#1754),#1858,.F.);
#1894=ADVANCED_FACE('',(#1755),#1859,.F.);
#1895=ADVANCED_FACE('',(#1756),#1860,.T.);
#1896=ADVANCED_FACE('',(#1757),#1861,.F.);
#1897=ADVANCED_FACE('',(#1758),#1862,.F.);
#1898=ADVANCED_FACE('',(#1759),#1863,.T.);
#1899=ADVANCED_FACE('',(#1760),#1864,.T.);
#1900=ADVANCED_FACE('',(#1761,#1762),#1865,.F.);
#1901=ADVANCED_FACE('',(#1763,#1764),#1866,.T.);
#1902=ADVANCED_FACE('',(#1765),#34,.F.);
#1903=ADVANCED_FACE('',(#1766),#35,.T.);
#1904=ADVANCED_FACE('',(#1767),#36,.T.);
#1905=ADVANCED_FACE('',(#1768),#37,.T.);
#1906=ADVANCED_FACE('',(#1769),#38,.T.);
#1907=ADVANCED_FACE('',(#1770),#39,.T.);
#1908=ADVANCED_FACE('',(#1771),#40,.T.);
#1909=ADVANCED_FACE('',(#1772),#41,.T.);
#1910=ADVANCED_FACE('',(#1773),#42,.T.);
#1911=ADVANCED_FACE('',(#1774),#43,.T.);
#1912=ADVANCED_FACE('',(#1775),#44,.T.);
#1913=ADVANCED_FACE('',(#1776),#45,.T.);
#1914=ADVANCED_FACE('',(#1777),#12,.F.);
#1915=ADVANCED_FACE('',(#1778),#13,.T.);
#1916=ADVANCED_FACE('',(#1779),#46,.T.);
#1917=ADVANCED_FACE('',(#1780),#47,.F.);
#1918=ADVANCED_FACE('',(#1781),#48,.F.);
#1919=ADVANCED_FACE('',(#1782),#14,.F.);
#1920=ADVANCED_FACE('',(#1783),#15,.T.);
#1921=ADVANCED_FACE('',(#1784),#49,.T.);
#1922=ADVANCED_FACE('',(#1785),#50,.F.);
#1923=ADVANCED_FACE('',(#1786),#51,.F.);
#1924=ADVANCED_FACE('',(#1787),#16,.F.);
#1925=ADVANCED_FACE('',(#1788),#17,.T.);
#1926=ADVANCED_FACE('',(#1789),#52,.T.);
#1927=ADVANCED_FACE('',(#1790),#53,.F.);
#1928=ADVANCED_FACE('',(#1791),#54,.F.);
#1929=ADVANCED_FACE('',(#1792),#18,.F.);
#1930=ADVANCED_FACE('',(#1793),#19,.T.);
#1931=ADVANCED_FACE('',(#1794),#55,.T.);
#1932=ADVANCED_FACE('',(#1795),#56,.F.);
#1933=ADVANCED_FACE('',(#1796),#57,.F.);
#1934=ADVANCED_FACE('',(#1797),#20,.F.);
#1935=ADVANCED_FACE('',(#1798),#21,.T.);
#1936=ADVANCED_FACE('',(#1799),#58,.T.);
#1937=ADVANCED_FACE('',(#1800),#59,.F.);
#1938=ADVANCED_FACE('',(#1801),#60,.F.);
#1939=ADVANCED_FACE('',(#1802),#22,.F.);
#1940=ADVANCED_FACE('',(#1803),#23,.T.);
#1941=ADVANCED_FACE('',(#1804),#61,.T.);
#1942=ADVANCED_FACE('',(#1805),#62,.F.);
#1943=ADVANCED_FACE('',(#1806),#63,.F.);
#1944=ADVANCED_FACE('',(#1807),#24,.T.);
#1945=ADVANCED_FACE('',(#1808),#25,.F.);
#1946=ADVANCED_FACE('',(#1809),#64,.F.);
#1947=ADVANCED_FACE('',(#1810),#26,.F.);
#1948=ADVANCED_FACE('',(#1811),#27,.T.);
#1949=ADVANCED_FACE('',(#1812),#65,.T.);
#1950=ADVANCED_FACE('',(#1813),#66,.F.);
#1951=ADVANCED_FACE('',(#1814),#67,.F.);
#1952=ADVANCED_FACE('',(#1815),#28,.F.);
#1953=ADVANCED_FACE('',(#1816),#29,.T.);
#1954=ADVANCED_FACE('',(#1817),#68,.T.);
#1955=ADVANCED_FACE('',(#1818),#69,.F.);
#1956=ADVANCED_FACE('',(#1819),#70,.F.);
#1957=ADVANCED_FACE('',(#1820),#30,.F.);
#1958=ADVANCED_FACE('',(#1821),#31,.T.);
#1959=ADVANCED_FACE('',(#1822),#71,.T.);
#1960=ADVANCED_FACE('',(#1823),#72,.F.);
#1961=ADVANCED_FACE('',(#1824),#73,.F.);
#1962=ADVANCED_FACE('',(#1825),#32,.F.);
#1963=ADVANCED_FACE('',(#1826),#33,.T.);
#1964=ADVANCED_FACE('',(#1827),#74,.T.);
#1965=ADVANCED_FACE('',(#1828),#75,.F.);
#1966=ADVANCED_FACE('',(#1829),#76,.F.);
#1967=ADVANCED_FACE('',(#1830,#1831),#77,.F.);
#1968=CLOSED_SHELL('',(#1867,#1868,#1869,#1870,#1871,#1872,#1873,#1874,
#1875,#1876,#1877,#1878,#1879,#1880,#1881,#1882,#1883,#1884,#1885,#1886,
#1887,#1888,#1889,#1890,#1891,#1892,#1893,#1894,#1895,#1896,#1897,#1898,
#1899,#1900,#1901,#1902,#1903,#1904,#1905,#1906,#1907,#1908,#1909,#1910,
#1911,#1912,#1913,#1914,#1915,#1916,#1917,#1918,#1919,#1920,#1921,#1922,
#1923,#1924,#1925,#1926,#1927,#1928,#1929,#1930,#1931,#1932,#1933,#1934,
#1935,#1936,#1937,#1938,#1939,#1940,#1941,#1942,#1943,#1944,#1945,#1946,
#1947,#1948,#1949,#1950,#1951,#1952,#1953,#1954,#1955,#1956,#1957,#1958,
#1959,#1960,#1961,#1962,#1963,#1964,#1965,#1966,#1967));
#1969=STYLED_ITEM('',(#1970),#1977);
#1970=PRESENTATION_STYLE_ASSIGNMENT((#1971));
#1971=SURFACE_STYLE_USAGE(.BOTH.,#1972);
#1972=SURFACE_SIDE_STYLE('',(#1973));
#1973=SURFACE_STYLE_FILL_AREA(#1974);
#1974=FILL_AREA_STYLE('',(#1975));
#1975=FILL_AREA_STYLE_COLOUR('',#1976);
#1976=COLOUR_RGB('',0.768627450980392,0.886274509803922,0.952941176470588);
#1977=MANIFOLD_SOLID_BREP('Driven Claw',#1968);
#1978=SHAPE_DEFINITION_REPRESENTATION(#5428,#1979);
#1979=SHAPE_REPRESENTATION('Driven Claw',(#1980),#5423);
#1980=AXIS2_PLACEMENT_3D('',#2648,#2148,#2149);
#1981=AXIS2_PLACEMENT_3D('',#2649,#2150,#2151);
#1982=AXIS2_PLACEMENT_3D('',#2658,#2156,#2157);
#1983=AXIS2_PLACEMENT_3D('',#2667,#2162,#2163);
#1984=AXIS2_PLACEMENT_3D('',#2673,#2167,#2168);
#1985=AXIS2_PLACEMENT_3D('',#2679,#2172,#2173);
#1986=AXIS2_PLACEMENT_3D('',#2685,#2177,#2178);
#1987=AXIS2_PLACEMENT_3D('',#2691,#2182,#2183);
#1988=AXIS2_PLACEMENT_3D('',#2697,#2187,#2188);
#1989=AXIS2_PLACEMENT_3D('',#2703,#2192,#2193);
#1990=AXIS2_PLACEMENT_3D('',#2709,#2197,#2198);
#1991=AXIS2_PLACEMENT_3D('',#2715,#2202,#2203);
#1992=AXIS2_PLACEMENT_3D('',#2721,#2207,#2208);
#1993=AXIS2_PLACEMENT_3D('',#2727,#2212,#2213);
#1994=AXIS2_PLACEMENT_3D('',#2733,#2217,#2218);
#1995=AXIS2_PLACEMENT_3D('',#2739,#2222,#2223);
#1996=AXIS2_PLACEMENT_3D('',#2745,#2227,#2228);
#1997=AXIS2_PLACEMENT_3D('',#2751,#2232,#2233);
#1998=AXIS2_PLACEMENT_3D('',#2757,#2237,#2238);
#1999=AXIS2_PLACEMENT_3D('',#2763,#2242,#2243);
#2000=AXIS2_PLACEMENT_3D('',#2769,#2247,#2248);
#2001=AXIS2_PLACEMENT_3D('',#2775,#2252,#2253);
#2002=AXIS2_PLACEMENT_3D('',#2781,#2257,#2258);
#2003=AXIS2_PLACEMENT_3D('',#2787,#2262,#2263);
#2004=AXIS2_PLACEMENT_3D('',#2793,#2267,#2268);
#2005=AXIS2_PLACEMENT_3D('',#2799,#2272,#2273);
#2006=AXIS2_PLACEMENT_3D('',#2805,#2277,#2278);
#2007=AXIS2_PLACEMENT_3D('',#2811,#2282,#2283);
#2008=AXIS2_PLACEMENT_3D('',#2817,#2287,#2288);
#2009=AXIS2_PLACEMENT_3D('',#2823,#2292,#2293);
#2010=AXIS2_PLACEMENT_3D('',#2829,#2297,#2298);
#2011=AXIS2_PLACEMENT_3D('',#2835,#2302,#2303);
#2012=AXIS2_PLACEMENT_3D('',#2841,#2307,#2308);
#2013=AXIS2_PLACEMENT_3D('',#2847,#2312,#2313);
#2014=AXIS2_PLACEMENT_3D('',#2850,#2316,#2317);
#2015=AXIS2_PLACEMENT_3D('',#2851,#2318,#2319);
#2016=AXIS2_PLACEMENT_3D('',#2853,#2320,#2321);
#2017=AXIS2_PLACEMENT_3D('',#2855,#2322,#2323);
#2018=AXIS2_PLACEMENT_3D('',#2896,#2324,#2325);
#2019=AXIS2_PLACEMENT_3D('',#2937,#2326,#2327);
#2020=AXIS2_PLACEMENT_3D('',#2939,#2328,#2329);
#2021=AXIS2_PLACEMENT_3D('',#2941,#2330,#2331);
#2022=AXIS2_PLACEMENT_3D('',#2982,#2332,#2333);
#2023=AXIS2_PLACEMENT_3D('',#3023,#2334,#2335);
#2024=AXIS2_PLACEMENT_3D('',#3025,#2336,#2337);
#2025=AXIS2_PLACEMENT_3D('',#3027,#2338,#2339);
#2026=AXIS2_PLACEMENT_3D('',#3068,#2340,#2341);
#2027=AXIS2_PLACEMENT_3D('',#3109,#2342,#2343);
#2028=AXIS2_PLACEMENT_3D('',#3111,#2344,#2345);
#2029=AXIS2_PLACEMENT_3D('',#3113,#2346,#2347);
#2030=AXIS2_PLACEMENT_3D('',#3154,#2348,#2349);
#2031=AXIS2_PLACEMENT_3D('',#3195,#2350,#2351);
#2032=AXIS2_PLACEMENT_3D('',#3197,#2352,#2353);
#2033=AXIS2_PLACEMENT_3D('',#3199,#2354,#2355);
#2034=AXIS2_PLACEMENT_3D('',#3240,#2356,#2357);
#2035=AXIS2_PLACEMENT_3D('',#3281,#2358,#2359);
#2036=AXIS2_PLACEMENT_3D('',#3283,#2360,#2361);
#2037=AXIS2_PLACEMENT_3D('',#3285,#2362,#2363);
#2038=AXIS2_PLACEMENT_3D('',#3326,#2364,#2365);
#2039=AXIS2_PLACEMENT_3D('',#3367,#2366,#2367);
#2040=AXIS2_PLACEMENT_3D('',#3369,#2368,#2369);
#2041=AXIS2_PLACEMENT_3D('',#3371,#2370,#2371);
#2042=AXIS2_PLACEMENT_3D('',#3412,#2372,#2373);
#2043=AXIS2_PLACEMENT_3D('',#3453,#2374,#2375);
#2044=AXIS2_PLACEMENT_3D('',#3455,#2376,#2377);
#2045=AXIS2_PLACEMENT_3D('',#3457,#2378,#2379);
#2046=AXIS2_PLACEMENT_3D('',#3498,#2380,#2381);
#2047=AXIS2_PLACEMENT_3D('',#3539,#2382,#2383);
#2048=AXIS2_PLACEMENT_3D('',#3541,#2384,#2385);
#2049=AXIS2_PLACEMENT_3D('',#3543,#2386,#2387);
#2050=AXIS2_PLACEMENT_3D('',#3584,#2388,#2389);
#2051=AXIS2_PLACEMENT_3D('',#3625,#2390,#2391);
#2052=AXIS2_PLACEMENT_3D('',#3627,#2392,#2393);
#2053=AXIS2_PLACEMENT_3D('',#3629,#2394,#2395);
#2054=AXIS2_PLACEMENT_3D('',#3670,#2396,#2397);
#2055=AXIS2_PLACEMENT_3D('',#3711,#2398,#2399);
#2056=AXIS2_PLACEMENT_3D('',#3713,#2400,#2401);
#2057=AXIS2_PLACEMENT_3D('',#3715,#2402,#2403);
#2058=AXIS2_PLACEMENT_3D('',#3756,#2404,#2405);
#2059=AXIS2_PLACEMENT_3D('',#3796,#2406,#2407);
#2060=AXIS2_PLACEMENT_3D('',#3797,#2408,#2409);
#2061=AXIS2_PLACEMENT_3D('',#3799,#2410,#2411);
#2062=AXIS2_PLACEMENT_3D('',#3840,#2412,#2413);
#2063=AXIS2_PLACEMENT_3D('',#3881,#2414,#2415);
#2064=AXIS2_PLACEMENT_3D('',#3883,#2416,#2417);
#2065=AXIS2_PLACEMENT_3D('',#3885,#2418,#2419);
#2066=AXIS2_PLACEMENT_3D('',#3926,#2420,#2421);
#2067=AXIS2_PLACEMENT_3D('',#3967,#2422,#2423);
#2068=AXIS2_PLACEMENT_3D('',#3969,#2424,#2425);
#2069=AXIS2_PLACEMENT_3D('',#3971,#2426,#2427);
#2070=AXIS2_PLACEMENT_3D('',#4012,#2428,#2429);
#2071=AXIS2_PLACEMENT_3D('',#4053,#2430,#2431);
#2072=AXIS2_PLACEMENT_3D('',#4055,#2432,#2433);
#2073=AXIS2_PLACEMENT_3D('',#4057,#2434,#2435);
#2074=AXIS2_PLACEMENT_3D('',#4098,#2436,#2437);
#2075=AXIS2_PLACEMENT_3D('',#4139,#2438,#2439);
#2076=AXIS2_PLACEMENT_3D('',#4141,#2440,#2441);
#2077=AXIS2_PLACEMENT_3D('',#4143,#2442,#2443);
#2078=AXIS2_PLACEMENT_3D('',#4184,#2444,#2445);
#2079=AXIS2_PLACEMENT_3D('',#4225,#2446,#2447);
#2080=AXIS2_PLACEMENT_3D('',#4227,#2448,#2449);
#2081=AXIS2_PLACEMENT_3D('',#4229,#2450,#2451);
#2082=AXIS2_PLACEMENT_3D('',#4270,#2452,#2453);
#2083=AXIS2_PLACEMENT_3D('',#4311,#2454,#2455);
#2084=AXIS2_PLACEMENT_3D('',#4313,#2456,#2457);
#2085=AXIS2_PLACEMENT_3D('',#4315,#2458,#2459);
#2086=AXIS2_PLACEMENT_3D('',#4356,#2460,#2461);
#2087=AXIS2_PLACEMENT_3D('',#4397,#2462,#2463);
#2088=AXIS2_PLACEMENT_3D('',#4399,#2464,#2465);
#2089=AXIS2_PLACEMENT_3D('',#4401,#2466,#2467);
#2090=AXIS2_PLACEMENT_3D('',#4442,#2468,#2469);
#2091=AXIS2_PLACEMENT_3D('',#4483,#2470,#2471);
#2092=AXIS2_PLACEMENT_3D('',#4485,#2472,#2473);
#2093=AXIS2_PLACEMENT_3D('',#4487,#2474,#2475);
#2094=AXIS2_PLACEMENT_3D('',#4528,#2476,#2477);
#2095=AXIS2_PLACEMENT_3D('',#4569,#2478,#2479);
#2096=AXIS2_PLACEMENT_3D('',#4571,#2480,#2481);
#2097=AXIS2_PLACEMENT_3D('',#4573,#2482,#2483);
#2098=AXIS2_PLACEMENT_3D('',#4614,#2484,#2485);
#2099=AXIS2_PLACEMENT_3D('',#4655,#2486,#2487);
#2100=AXIS2_PLACEMENT_3D('',#4657,#2488,#2489);
#2101=AXIS2_PLACEMENT_3D('',#4659,#2490,#2491);
#2102=AXIS2_PLACEMENT_3D('',#4700,#2492,#2493);
#2103=AXIS2_PLACEMENT_3D('',#4741,#2494,#2495);
#2104=AXIS2_PLACEMENT_3D('',#4742,#2496,#2497);
#2105=AXIS2_PLACEMENT_3D('',#4744,#2499,#2500);
#2106=AXIS2_PLACEMENT_3D('',#4747,#2503,#2504);
#2107=AXIS2_PLACEMENT_3D('',#4750,#2507,#2508);
#2108=AXIS2_PLACEMENT_3D('',#4753,#2511,#2512);
#2109=AXIS2_PLACEMENT_3D('',#4756,#2515,#2516);
#2110=AXIS2_PLACEMENT_3D('',#4759,#2519,#2520);
#2111=AXIS2_PLACEMENT_3D('',#4762,#2523,#2524);
#2112=AXIS2_PLACEMENT_3D('',#4765,#2527,#2528);
#2113=AXIS2_PLACEMENT_3D('',#4768,#2531,#2532);
#2114=AXIS2_PLACEMENT_3D('',#4771,#2535,#2536);
#2115=AXIS2_PLACEMENT_3D('',#4774,#2539,#2540);
#2116=AXIS2_PLACEMENT_3D('',#4831,#2545,#2546);
#2117=AXIS2_PLACEMENT_3D('',#4834,#2549,#2550);
#2118=AXIS2_PLACEMENT_3D('',#4835,#2551,#2552);
#2119=AXIS2_PLACEMENT_3D('',#4890,#2555,#2556);
#2120=AXIS2_PLACEMENT_3D('',#4893,#2559,#2560);
#2121=AXIS2_PLACEMENT_3D('',#4894,#2561,#2562);
#2122=AXIS2_PLACEMENT_3D('',#4949,#2565,#2566);
#2123=AXIS2_PLACEMENT_3D('',#4952,#2569,#2570);
#2124=AXIS2_PLACEMENT_3D('',#4953,#2571,#2572);
#2125=AXIS2_PLACEMENT_3D('',#5008,#2575,#2576);
#2126=AXIS2_PLACEMENT_3D('',#5011,#2579,#2580);
#2127=AXIS2_PLACEMENT_3D('',#5012,#2581,#2582);
#2128=AXIS2_PLACEMENT_3D('',#5067,#2585,#2586);
#2129=AXIS2_PLACEMENT_3D('',#5070,#2589,#2590);
#2130=AXIS2_PLACEMENT_3D('',#5071,#2591,#2592);
#2131=AXIS2_PLACEMENT_3D('',#5126,#2595,#2596);
#2132=AXIS2_PLACEMENT_3D('',#5129,#2599,#2600);
#2133=AXIS2_PLACEMENT_3D('',#5130,#2601,#2602);
#2134=AXIS2_PLACEMENT_3D('',#5184,#2604,#2605);
#2135=AXIS2_PLACEMENT_3D('',#5239,#2608,#2609);
#2136=AXIS2_PLACEMENT_3D('',#5242,#2612,#2613);
#2137=AXIS2_PLACEMENT_3D('',#5243,#2614,#2615);
#2138=AXIS2_PLACEMENT_3D('',#5298,#2618,#2619);
#2139=AXIS2_PLACEMENT_3D('',#5301,#2622,#2623);
#2140=AXIS2_PLACEMENT_3D('',#5302,#2624,#2625);
#2141=AXIS2_PLACEMENT_3D('',#5357,#2628,#2629);
#2142=AXIS2_PLACEMENT_3D('',#5360,#2632,#2633);
#2143=AXIS2_PLACEMENT_3D('',#5361,#2634,#2635);
#2144=AXIS2_PLACEMENT_3D('',#5416,#2638,#2639);
#2145=AXIS2_PLACEMENT_3D('',#5419,#2642,#2643);
#2146=AXIS2_PLACEMENT_3D('',#5420,#2644,#2645);
#2147=AXIS2_PLACEMENT_3D('',#5421,#2646,#2647);
#2148=DIRECTION('',(0.,0.,1.));
#2149=DIRECTION('',(1.,0.,0.));
#2150=DIRECTION('',(1.,0.,0.));
#2151=DIRECTION('',(0.,0.,-1.));
#2152=DIRECTION('',(0.,-1.22464679914735E-16,-1.));
#2153=DIRECTION('',(0.,-1.,1.22464679914735E-16));
#2154=DIRECTION('',(0.,-1.22464679914735E-16,-1.));
#2155=DIRECTION('',(0.,-1.,1.22464679914735E-16));
#2156=DIRECTION('',(1.,0.,0.));
#2157=DIRECTION('',(0.,0.,-1.));
#2158=DIRECTION('',(0.,-1.,1.22464679914735E-16));
#2159=DIRECTION('',(0.,-1.22464679914735E-16,-1.));
#2160=DIRECTION('',(0.,-1.,1.22464679914735E-16));
#2161=DIRECTION('',(0.,-1.22464679914735E-16,-1.));
#2162=DIRECTION('',(-0.661437827766146,0.75,-9.18485099360516E-17));
#2163=DIRECTION('',(-0.75,-0.661437827766146,0.));
#2164=DIRECTION('',(0.75,0.661437827766146,-8.10027718608789E-17));
#2165=DIRECTION('',(0.75,0.661437827766146,-8.10027718608789E-17));
#2166=DIRECTION('',(0.,-1.22464679914735E-16,-1.));
#2167=DIRECTION('',(-0.661437827766151,-0.75,9.18485099360511E-17));
#2168=DIRECTION('',(0.75,-0.661437827766151,0.));
#2169=DIRECTION('',(-0.75,0.661437827766151,-8.10027718608795E-17));
#2170=DIRECTION('',(-0.75,0.661437827766151,-8.10027718608795E-17));
#2171=DIRECTION('',(0.,-1.22464679914735E-16,-1.));
#2172=DIRECTION('',(1.,0.,0.));
#2173=DIRECTION('',(0.,0.,-1.));
#2174=DIRECTION('',(0.,-1.,1.22464679914735E-16));
#2175=DIRECTION('',(0.,-1.,1.22464679914735E-16));
#2176=DIRECTION('',(0.,-1.22464679914735E-16,-1.));
#2177=DIRECTION('',(-0.661437827766146,0.75,-9.18485099360517E-17));
#2178=DIRECTION('',(-0.75,-0.661437827766146,0.));
#2179=DIRECTION('',(0.75,0.661437827766146,-8.10027718608789E-17));
#2180=DIRECTION('',(0.75,0.661437827766146,-8.10027718608789E-17));
#2181=DIRECTION('',(0.,-1.22464679914735E-16,-1.));
#2182=DIRECTION('',(-0.661437827766152,-0.75,9.18485099360511E-17));
#2183=DIRECTION('',(0.75,-0.661437827766152,0.));
#2184=DIRECTION('',(-0.75,0.661437827766152,-8.10027718608796E-17));
#2185=DIRECTION('',(-0.75,0.661437827766152,-8.10027718608796E-17));
#2186=DIRECTION('',(0.,-1.22464679914735E-16,-1.));
#2187=DIRECTION('',(1.,0.,0.));
#2188=DIRECTION('',(0.,0.,-1.));
#2189=DIRECTION('',(0.,-1.,1.22464679914735E-16));
#2190=DIRECTION('',(0.,-1.,1.22464679914735E-16));
#2191=DIRECTION('',(0.,-1.22464679914735E-16,-1.));
#2192=DIRECTION('',(-0.661437827766146,0.75,-9.18485099360516E-17));
#2193=DIRECTION('',(-0.75,-0.661437827766146,0.));
#2194=DIRECTION('',(0.75,0.661437827766146,-8.10027718608789E-17));
#2195=DIRECTION('',(0.75,0.661437827766146,-8.10027718608789E-17));
#2196=DIRECTION('',(0.,-1.22464679914735E-16,-1.));
#2197=DIRECTION('',(-0.661437827766151,-0.75,9.18485099360511E-17));
#2198=DIRECTION('',(0.75,-0.661437827766151,0.));
#2199=DIRECTION('',(-0.75,0.661437827766151,-8.10027718608795E-17));
#2200=DIRECTION('',(-0.75,0.661437827766151,-8.10027718608795E-17));
#2201=DIRECTION('',(0.,-1.22464679914735E-16,-1.));
#2202=DIRECTION('',(1.,0.,0.));
#2203=DIRECTION('',(0.,0.,-1.));
#2204=DIRECTION('',(0.,-1.,1.22464679914735E-16));
#2205=DIRECTION('',(0.,-1.,1.22464679914735E-16));
#2206=DIRECTION('',(0.,-1.22464679914735E-16,-1.));
#2207=DIRECTION('',(-0.661437827766145,0.75,-9.18485099360518E-17));
#2208=DIRECTION('',(-0.75,-0.661437827766145,0.));
#2209=DIRECTION('',(0.75,0.661437827766145,-8.10027718608787E-17));
#2210=DIRECTION('',(0.75,0.661437827766145,-8.10027718608787E-17));
#2211=DIRECTION('',(0.,-1.22464679914735E-16,-1.));
#2212=DIRECTION('',(-0.661437827766152,-0.75,9.18485099360511E-17));
#2213=DIRECTION('',(0.75,-0.661437827766152,0.));
#2214=DIRECTION('',(-0.75,0.661437827766152,-8.10027718608796E-17));
#2215=DIRECTION('',(-0.75,0.661437827766152,-8.10027718608796E-17));
#2216=DIRECTION('',(0.,-1.22464679914735E-16,-1.));
#2217=DIRECTION('',(1.,0.,0.));
#2218=DIRECTION('',(0.,0.,-1.));
#2219=DIRECTION('',(0.,-1.,1.22464679914735E-16));
#2220=DIRECTION('',(0.,-1.,1.22464679914735E-16));
#2221=DIRECTION('',(0.,-1.22464679914735E-16,-1.));
#2222=DIRECTION('',(-0.661437827766147,0.75,-9.18485099360516E-17));
#2223=DIRECTION('',(-0.75,-0.661437827766147,0.));
#2224=DIRECTION('',(0.75,0.661437827766147,-8.1002771860879E-17));
#2225=DIRECTION('',(0.75,0.661437827766147,-8.1002771860879E-17));
#2226=DIRECTION('',(0.,-1.22464679914735E-16,-1.));
#2227=DIRECTION('',(-0.66143782776615,-0.75,9.18485099360513E-17));
#2228=DIRECTION('',(0.75,-0.66143782776615,0.));
#2229=DIRECTION('',(-0.75,0.66143782776615,-8.10027718608793E-17));
#2230=DIRECTION('',(-0.75,0.66143782776615,-8.10027718608793E-17));
#2231=DIRECTION('',(0.,-1.22464679914735E-16,-1.));
#2232=DIRECTION('',(1.,0.,0.));
#2233=DIRECTION('',(0.,0.,-1.));
#2234=DIRECTION('',(0.,-1.,1.22464679914735E-16));
#2235=DIRECTION('',(0.,-1.,1.22464679914735E-16));
#2236=DIRECTION('',(0.,-1.22464679914735E-16,-1.));
#2237=DIRECTION('',(-0.661437827766147,0.75,-9.18485099360516E-17));
#2238=DIRECTION('',(-0.75,-0.661437827766147,0.));
#2239=DIRECTION('',(0.75,0.661437827766147,-8.1002771860879E-17));
#2240=DIRECTION('',(0.75,0.661437827766147,-8.1002771860879E-17));
#2241=DIRECTION('',(0.,-1.22464679914735E-16,-1.));
#2242=DIRECTION('',(-0.661437827766151,-0.75,9.18485099360511E-17));
#2243=DIRECTION('',(0.75,-0.661437827766151,0.));
#2244=DIRECTION('',(-0.75,0.661437827766151,-8.10027718608795E-17));
#2245=DIRECTION('',(-0.75,0.661437827766151,-8.10027718608795E-17));
#2246=DIRECTION('',(0.,-1.22464679914735E-16,-1.));
#2247=DIRECTION('',(1.,0.,0.));
#2248=DIRECTION('',(0.,0.,-1.));
#2249=DIRECTION('',(0.,-1.,1.22464679914735E-16));
#2250=DIRECTION('',(0.,-1.,1.22464679914735E-16));
#2251=DIRECTION('',(0.,-1.22464679914735E-16,-1.));
#2252=DIRECTION('',(-0.661437827766146,0.75,-9.18485099360516E-17));
#2253=DIRECTION('',(-0.75,-0.661437827766146,0.));
#2254=DIRECTION('',(0.75,0.661437827766146,-8.10027718608789E-17));
#2255=DIRECTION('',(0.75,0.661437827766146,-8.10027718608789E-17));
#2256=DIRECTION('',(0.,-1.22464679914735E-16,-1.));
#2257=DIRECTION('',(-0.661437827766151,-0.75,9.18485099360512E-17));
#2258=DIRECTION('',(0.75,-0.661437827766151,0.));
#2259=DIRECTION('',(-0.75,0.661437827766151,-8.10027718608795E-17));
#2260=DIRECTION('',(-0.75,0.661437827766151,-8.10027718608795E-17));
#2261=DIRECTION('',(0.,-1.22464679914735E-16,-1.));
#2262=DIRECTION('',(1.,0.,0.));
#2263=DIRECTION('',(0.,0.,-1.));
#2264=DIRECTION('',(0.,-1.,1.22464679914735E-16));
#2265=DIRECTION('',(0.,-1.,1.22464679914735E-16));
#2266=DIRECTION('',(0.,-1.22464679914735E-16,-1.));
#2267=DIRECTION('',(-0.661437827766146,0.75,-9.18485099360517E-17));
#2268=DIRECTION('',(-0.75,-0.661437827766146,0.));
#2269=DIRECTION('',(0.75,0.661437827766146,-8.10027718608789E-17));
#2270=DIRECTION('',(0.75,0.661437827766146,-8.10027718608789E-17));
#2271=DIRECTION('',(0.,-1.22464679914735E-16,-1.));
#2272=DIRECTION('',(-0.661437827766147,-0.75,9.18485099360515E-17));
#2273=DIRECTION('',(0.75,-0.661437827766147,0.));
#2274=DIRECTION('',(-0.75,0.661437827766147,-8.1002771860879E-17));
#2275=DIRECTION('',(-0.75,0.661437827766147,-8.1002771860879E-17));
#2276=DIRECTION('',(0.,-1.22464679914735E-16,-1.));
#2277=DIRECTION('',(1.,0.,0.));
#2278=DIRECTION('',(0.,0.,-1.));
#2279=DIRECTION('',(0.,-1.,1.22464679914735E-16));
#2280=DIRECTION('',(0.,-1.,1.22464679914735E-16));
#2281=DIRECTION('',(0.,-1.22464679914735E-16,-1.));
#2282=DIRECTION('',(-0.661437827766145,0.75,-9.18485099360518E-17));
#2283=DIRECTION('',(-0.75,-0.661437827766145,0.));
#2284=DIRECTION('',(0.75,0.661437827766145,-8.10027718608787E-17));
#2285=DIRECTION('',(0.75,0.661437827766145,-8.10027718608787E-17));
#2286=DIRECTION('',(0.,-1.22464679914735E-16,-1.));
#2287=DIRECTION('',(-0.661437827766151,-0.75,9.18485099360511E-17));
#2288=DIRECTION('',(0.75,-0.661437827766151,0.));
#2289=DIRECTION('',(-0.75,0.661437827766151,-8.10027718608795E-17));
#2290=DIRECTION('',(-0.75,0.661437827766151,-8.10027718608795E-17));
#2291=DIRECTION('',(0.,-1.22464679914735E-16,-1.));
#2292=DIRECTION('',(1.,0.,0.));
#2293=DIRECTION('',(0.,0.,-1.));
#2294=DIRECTION('',(0.,-1.,1.22464679914735E-16));
#2295=DIRECTION('',(0.,-1.,1.22464679914735E-16));
#2296=DIRECTION('',(0.,-1.22464679914735E-16,-1.));
#2297=DIRECTION('',(-0.661437827766146,0.75,-9.18485099360516E-17));
#2298=DIRECTION('',(-0.75,-0.661437827766146,0.));
#2299=DIRECTION('',(0.75,0.661437827766146,-8.10027718608789E-17));
#2300=DIRECTION('',(0.75,0.661437827766146,-8.10027718608789E-17));
#2301=DIRECTION('',(0.,-1.22464679914735E-16,-1.));
#2302=DIRECTION('',(-0.661437827766151,-0.75,9.18485099360512E-17));
#2303=DIRECTION('',(0.75,-0.661437827766151,0.));
#2304=DIRECTION('',(-0.75,0.661437827766151,-8.10027718608795E-17));
#2305=DIRECTION('',(-0.75,0.661437827766151,-8.10027718608795E-17));
#2306=DIRECTION('',(0.,-1.22464679914735E-16,-1.));
#2307=DIRECTION('',(1.,0.,0.));
#2308=DIRECTION('',(0.,0.,-1.));
#2309=DIRECTION('',(0.,-1.,1.22464679914735E-16));
#2310=DIRECTION('',(0.,-1.,1.22464679914735E-16));
#2311=DIRECTION('',(0.,-1.22464679914735E-16,-1.));
#2312=DIRECTION('',(-0.707106781186546,-0.707106781186549,8.65956056235495E-17));
#2313=DIRECTION('',(0.707106781186549,-0.707106781186546,0.));
#2314=DIRECTION('',(-0.707106781186549,0.707106781186546,-8.65956056235492E-17));
#2315=DIRECTION('',(-0.707106781186549,0.707106781186546,-8.65956056235492E-17));
#2316=DIRECTION('',(0.,-1.22464679914735E-16,-1.));
#2317=DIRECTION('',(0.,1.,-1.22464679914735E-16));
#2318=DIRECTION('',(0.,-1.22464679914735E-16,-1.));
#2319=DIRECTION('',(0.,-1.,1.22464679914735E-16));
#2320=DIRECTION('',(0.,-1.22464679914735E-16,-1.));
#2321=DIRECTION('',(0.622709747129864,0.782452919241446,-9.5822846303254E-17));
#2322=DIRECTION('',(0.,-1.22464679914735E-16,-1.));
#2323=DIRECTION('',(-0.624269236421598,0.781209268031041,-9.56705429558461E-17));
#2324=DIRECTION('',(0.,-1.22464679914735E-16,-1.));
#2325=DIRECTION('',(-0.221548497619468,-0.975149354305563,1.19421353544092E-16));
#2326=DIRECTION('',(0.,-1.22464679914735E-16,-1.));
#2327=DIRECTION('',(-0.901401145451674,0.432984959298138,-5.30253644483412E-17));
#2328=DIRECTION('',(0.,-1.22464679914735E-16,-1.));
#2329=DIRECTION('',(-0.901401145451674,0.432984959298138,-5.30253644483412E-17));
#2330=DIRECTION('',(0.,-1.22464679914735E-16,-1.));
#2331=DIRECTION('',(-0.901401145451674,0.432984959298138,-5.30253644483412E-17));
#2332=DIRECTION('',(0.,-1.22464679914735E-16,-1.));
#2333=DIRECTION('',(-0.221548497619468,-0.975149354305563,1.19421353544092E-16));
#2334=DIRECTION('',(0.,-1.22464679914735E-16,-1.));
#2335=DIRECTION('',(-0.999999502665478,-0.000997330835803639,1.22137801575792E-19));
#2336=DIRECTION('',(0.,-1.22464679914735E-16,-1.));
#2337=DIRECTION('',(-0.999999502665478,-0.000997330835803639,1.22137801575792E-19));
#2338=DIRECTION('',(0.,-1.22464679914735E-16,-1.));
#2339=DIRECTION('',(-0.999999502665478,-0.000997330835803639,1.22137801575792E-19));
#2340=DIRECTION('',(0.,-1.22464679914735E-16,-1.));
#2341=DIRECTION('',(-0.221548497619468,-0.975149354305563,1.19421353544092E-16));
#2342=DIRECTION('',(0.,-1.22464679914735E-16,-1.));
#2343=DIRECTION('',(-0.900535694187322,-0.434782087366255,5.32454491619689E-17));
#2344=DIRECTION('',(0.,-1.22464679914735E-16,-1.));
#2345=DIRECTION('',(-0.900535694187322,-0.434782087366255,5.32454491619689E-17));
#2346=DIRECTION('',(0.,-1.22464679914735E-16,-1.));
#2347=DIRECTION('',(-0.900535694187322,-0.434782087366255,5.32454491619689E-17));
#2348=DIRECTION('',(0.,-1.22464679914735E-16,-1.));
#2349=DIRECTION('',(-0.221548497619468,-0.975149354305563,1.19421353544092E-16));
#2350=DIRECTION('',(0.,-1.22464679914735E-16,-1.));
#2351=DIRECTION('',(-0.622709747129864,-0.782452919241446,9.5822846303254E-17));
#2352=DIRECTION('',(0.,-1.22464679914735E-16,-1.));
#2353=DIRECTION('',(-0.622709747129864,-0.782452919241446,9.5822846303254E-17));
#2354=DIRECTION('',(0.,-1.22464679914735E-16,-1.));
#2355=DIRECTION('',(-0.622709747129864,-0.782452919241446,9.5822846303254E-17));
#2356=DIRECTION('',(0.,-1.22464679914735E-16,-1.));
#2357=DIRECTION('',(-0.221548497619468,-0.975149354305563,1.19421353544092E-16));
#2358=DIRECTION('',(0.,-1.22464679914735E-16,-1.));
#2359=DIRECTION('',(-0.221548497619468,-0.975149354305563,1.19421353544092E-16));
#2360=DIRECTION('',(0.,-1.22464679914735E-16,-1.));
#2361=DIRECTION('',(-0.221548497619468,-0.975149354305563,1.19421353544092E-16));
#2362=DIRECTION('',(0.,-1.22464679914735E-16,-1.));
#2363=DIRECTION('',(-0.221548497619468,-0.975149354305563,1.19421353544092E-16));
#2364=DIRECTION('',(0.,-1.22464679914735E-16,-1.));
#2365=DIRECTION('',(-0.221548497619468,-0.975149354305563,1.19421353544092E-16));
#2366=DIRECTION('',(0.,-1.22464679914735E-16,-1.));
#2367=DIRECTION('',(0.223493148958477,-0.97470550032747,1.19366997108736E-16));
#2368=DIRECTION('',(0.,-1.22464679914735E-16,-1.));
#2369=DIRECTION('',(0.223493148958477,-0.97470550032747,1.19366997108736E-16));
#2370=DIRECTION('',(0.,-1.22464679914735E-16,-1.));
#2371=DIRECTION('',(0.223493148958477,-0.97470550032747,1.19366997108736E-16));
#2372=DIRECTION('',(0.,-1.22464679914735E-16,-1.));
#2373=DIRECTION('',(-0.221548497619468,-0.975149354305563,1.19421353544092E-16));
#2374=DIRECTION('',(0.,-1.22464679914735E-16,-1.));
#2375=DIRECTION('',(0.624269236421599,-0.781209268031041,9.56705429558461E-17));
#2376=DIRECTION('',(0.,-1.22464679914735E-16,-1.));
#2377=DIRECTION('',(0.624269236421599,-0.781209268031041,9.56705429558461E-17));
#2378=DIRECTION('',(0.,-1.22464679914735E-16,-1.));
#2379=DIRECTION('',(0.624269236421599,-0.781209268031041,9.56705429558461E-17));
#2380=DIRECTION('',(0.,-1.22464679914735E-16,-1.));
#2381=DIRECTION('',(-0.221548497619468,-0.975149354305563,1.19421353544092E-16));
#2382=DIRECTION('',(0.,-1.22464679914735E-16,-1.));
#2383=DIRECTION('',(0.901401145451673,-0.432984959298139,5.30253644483413E-17));
#2384=DIRECTION('',(0.,-1.22464679914735E-16,-1.));
#2385=DIRECTION('',(0.901401145451673,-0.432984959298139,5.30253644483413E-17));
#2386=DIRECTION('',(0.,-1.22464679914735E-16,-1.));
#2387=DIRECTION('',(0.901401145451673,-0.432984959298139,5.30253644483413E-17));
#2388=DIRECTION('',(0.,-1.22464679914735E-16,-1.));
#2389=DIRECTION('',(-0.221548497619468,-0.975149354305563,1.19421353544092E-16));
#2390=DIRECTION('',(0.,-1.22464679914735E-16,-1.));
#2391=DIRECTION('',(0.999999502665478,0.00099733083580289,-1.22137801575694E-19));
#2392=DIRECTION('',(0.,-1.22464679914735E-16,-1.));
#2393=DIRECTION('',(0.999999502665478,0.00099733083580289,-1.22137801575694E-19));
#2394=DIRECTION('',(0.,-1.22464679914735E-16,-1.));
#2395=DIRECTION('',(0.999999502665478,0.00099733083580289,-1.22137801575694E-19));
#2396=DIRECTION('',(0.,-1.22464679914735E-16,-1.));
#2397=DIRECTION('',(-0.221548497619468,-0.975149354305563,1.19421353544092E-16));
#2398=DIRECTION('',(-6.16297582203916E-33,-1.22464679914735E-16,-1.));
#2399=DIRECTION('',(0.900535694187322,0.434782087366255,-5.32454491619689E-17));
#2400=DIRECTION('',(-6.16297582203916E-33,-1.22464679914735E-16,-1.));
#2401=DIRECTION('',(0.900535694187322,0.434782087366255,-5.32454491619689E-17));
#2402=DIRECTION('',(-6.16297582203916E-33,-1.22464679914735E-16,-1.));
#2403=DIRECTION('',(0.900535694187322,0.434782087366255,-5.32454491619689E-17));
#2404=DIRECTION('',(0.,-1.22464679914735E-16,-1.));
#2405=DIRECTION('',(-0.221548497619468,-0.975149354305563,1.19421353544092E-16));
#2406=DIRECTION('',(0.,-1.22464679914735E-16,-1.));
#2407=DIRECTION('',(0.,1.,-1.22464679914735E-16));
#2408=DIRECTION('',(0.,1.22464679914735E-16,1.));
#2409=DIRECTION('',(0.,1.,-1.22464679914735E-16));
#2410=DIRECTION('',(0.,-1.22464679914735E-16,-1.));
#2411=DIRECTION('',(0.622709747129864,0.782452919241446,-9.5822846303254E-17));
#2412=DIRECTION('',(0.,-1.22464679914735E-16,-1.));
#2413=DIRECTION('',(-0.221548497619468,-0.975149354305563,1.19421353544092E-16));
#2414=DIRECTION('',(-6.16297582203916E-33,-1.22464679914735E-16,-1.));
#2415=DIRECTION('',(0.900535694187322,0.434782087366255,-5.32454491619689E-17));
#2416=DIRECTION('',(-6.16297582203916E-33,-1.22464679914735E-16,-1.));
#2417=DIRECTION('',(0.900535694187322,0.434782087366255,-5.32454491619689E-17));
#2418=DIRECTION('',(-6.16297582203916E-33,-1.22464679914735E-16,-1.));
#2419=DIRECTION('',(0.900535694187322,0.434782087366255,-5.32454491619689E-17));
#2420=DIRECTION('',(0.,-1.22464679914735E-16,-1.));
#2421=DIRECTION('',(-0.221548497619468,-0.975149354305563,1.19421353544092E-16));
#2422=DIRECTION('',(0.,-1.22464679914735E-16,-1.));
#2423=DIRECTION('',(0.999999502665478,0.00099733083580289,-1.22137801575694E-19));
#2424=DIRECTION('',(0.,-1.22464679914735E-16,-1.));
#2425=DIRECTION('',(0.999999502665478,0.00099733083580289,-1.22137801575694E-19));
#2426=DIRECTION('',(0.,-1.22464679914735E-16,-1.));
#2427=DIRECTION('',(0.999999502665478,0.00099733083580289,-1.22137801575694E-19));
#2428=DIRECTION('',(0.,-1.22464679914735E-16,-1.));
#2429=DIRECTION('',(-0.221548497619468,-0.975149354305563,1.19421353544092E-16));
#2430=DIRECTION('',(0.,-1.22464679914735E-16,-1.));
#2431=DIRECTION('',(0.901401145451673,-0.432984959298139,5.30253644483413E-17));
#2432=DIRECTION('',(0.,-1.22464679914735E-16,-1.));
#2433=DIRECTION('',(0.901401145451673,-0.432984959298139,5.30253644483413E-17));
#2434=DIRECTION('',(0.,-1.22464679914735E-16,-1.));
#2435=DIRECTION('',(0.901401145451673,-0.432984959298139,5.30253644483413E-17));
#2436=DIRECTION('',(0.,-1.22464679914735E-16,-1.));
#2437=DIRECTION('',(-0.221548497619468,-0.975149354305563,1.19421353544092E-16));
#2438=DIRECTION('',(0.,-1.22464679914735E-16,-1.));
#2439=DIRECTION('',(0.624269236421599,-0.781209268031041,9.56705429558461E-17));
#2440=DIRECTION('',(0.,-1.22464679914735E-16,-1.));
#2441=DIRECTION('',(0.624269236421599,-0.781209268031041,9.56705429558461E-17));
#2442=DIRECTION('',(0.,-1.22464679914735E-16,-1.));
#2443=DIRECTION('',(0.624269236421599,-0.781209268031041,9.56705429558461E-17));
#2444=DIRECTION('',(0.,-1.22464679914735E-16,-1.));
#2445=DIRECTION('',(-0.221548497619468,-0.975149354305563,1.19421353544092E-16));
#2446=DIRECTION('',(0.,-1.22464679914735E-16,-1.));
#2447=DIRECTION('',(0.223493148958477,-0.97470550032747,1.19366997108736E-16));
#2448=DIRECTION('',(0.,-1.22464679914735E-16,-1.));
#2449=DIRECTION('',(0.223493148958477,-0.97470550032747,1.19366997108736E-16));
#2450=DIRECTION('',(0.,-1.22464679914735E-16,-1.));
#2451=DIRECTION('',(0.223493148958477,-0.97470550032747,1.19366997108736E-16));
#2452=DIRECTION('',(0.,-1.22464679914735E-16,-1.));
#2453=DIRECTION('',(-0.221548497619468,-0.975149354305563,1.19421353544092E-16));
#2454=DIRECTION('',(0.,-1.22464679914735E-16,-1.));
#2455=DIRECTION('',(-0.221548497619468,-0.975149354305563,1.19421353544092E-16));
#2456=DIRECTION('',(0.,-1.22464679914735E-16,-1.));
#2457=DIRECTION('',(-0.221548497619468,-0.975149354305563,1.19421353544092E-16));
#2458=DIRECTION('',(0.,-1.22464679914735E-16,-1.));
#2459=DIRECTION('',(-0.221548497619468,-0.975149354305563,1.19421353544092E-16));
#2460=DIRECTION('',(0.,-1.22464679914735E-16,-1.));
#2461=DIRECTION('',(-0.221548497619468,-0.975149354305563,1.19421353544092E-16));
#2462=DIRECTION('',(0.,-1.22464679914735E-16,-1.));
#2463=DIRECTION('',(-0.622709747129864,-0.782452919241446,9.5822846303254E-17));
#2464=DIRECTION('',(0.,-1.22464679914735E-16,-1.));
#2465=DIRECTION('',(-0.622709747129864,-0.782452919241446,9.5822846303254E-17));
#2466=DIRECTION('',(0.,-1.22464679914735E-16,-1.));
#2467=DIRECTION('',(-0.622709747129864,-0.782452919241446,9.5822846303254E-17));
#2468=DIRECTION('',(0.,-1.22464679914735E-16,-1.));
#2469=DIRECTION('',(-0.221548497619468,-0.975149354305563,1.19421353544092E-16));
#2470=DIRECTION('',(0.,-1.22464679914735E-16,-1.));
#2471=DIRECTION('',(-0.900535694187322,-0.434782087366255,5.32454491619689E-17));
#2472=DIRECTION('',(0.,-1.22464679914735E-16,-1.));
#2473=DIRECTION('',(-0.900535694187322,-0.434782087366255,5.32454491619689E-17));
#2474=DIRECTION('',(0.,-1.22464679914735E-16,-1.));
#2475=DIRECTION('',(-0.900535694187322,-0.434782087366255,5.32454491619689E-17));
#2476=DIRECTION('',(0.,-1.22464679914735E-16,-1.));
#2477=DIRECTION('',(-0.221548497619468,-0.975149354305563,1.19421353544092E-16));
#2478=DIRECTION('',(0.,-1.22464679914735E-16,-1.));
#2479=DIRECTION('',(-0.999999502665478,-0.000997330835803639,1.22137801575792E-19));
#2480=DIRECTION('',(0.,-1.22464679914735E-16,-1.));
#2481=DIRECTION('',(-0.999999502665478,-0.000997330835803639,1.22137801575792E-19));
#2482=DIRECTION('',(0.,-1.22464679914735E-16,-1.));
#2483=DIRECTION('',(-0.999999502665478,-0.000997330835803639,1.22137801575792E-19));
#2484=DIRECTION('',(0.,-1.22464679914735E-16,-1.));
#2485=DIRECTION('',(-0.221548497619468,-0.975149354305563,1.19421353544092E-16));
#2486=DIRECTION('',(0.,-1.22464679914735E-16,-1.));
#2487=DIRECTION('',(-0.901401145451674,0.432984959298138,-5.30253644483412E-17));
#2488=DIRECTION('',(0.,-1.22464679914735E-16,-1.));
#2489=DIRECTION('',(-0.901401145451674,0.432984959298138,-5.30253644483412E-17));
#2490=DIRECTION('',(0.,-1.22464679914735E-16,-1.));
#2491=DIRECTION('',(-0.901401145451674,0.432984959298138,-5.30253644483412E-17));
#2492=DIRECTION('',(0.,-1.22464679914735E-16,-1.));
#2493=DIRECTION('',(-0.221548497619468,-0.975149354305563,1.19421353544092E-16));
#2494=DIRECTION('',(0.,-1.22464679914735E-16,-1.));
#2495=DIRECTION('',(-0.624269236421598,0.781209268031041,-9.56705429558461E-17));
#2496=DIRECTION('',(0.,-1.22464679914735E-16,-1.));
#2497=DIRECTION('',(0.622709747129864,0.782452919241446,-9.5822846303254E-17));
#2498=DIRECTION('',(0.,-1.22464679914735E-16,-1.));
#2499=DIRECTION('',(0.,-1.22464679914735E-16,-1.));
#2500=DIRECTION('',(-0.221548497619468,-0.975149354305563,1.19421353544092E-16));
#2501=DIRECTION('',(0.,-1.22464679914735E-16,-1.));
#2502=DIRECTION('',(0.,-1.22464679914735E-16,-1.));
#2503=DIRECTION('',(0.,-1.22464679914735E-16,-1.));
#2504=DIRECTION('',(-0.221548497619468,-0.975149354305563,1.19421353544092E-16));
#2505=DIRECTION('',(0.,-1.22464679914735E-16,-1.));
#2506=DIRECTION('',(0.,-1.22464679914735E-16,-1.));
#2507=DIRECTION('',(0.,-1.22464679914735E-16,-1.));
#2508=DIRECTION('',(-0.221548497619468,-0.975149354305563,1.19421353544092E-16));
#2509=DIRECTION('',(0.,-1.22464679914735E-16,-1.));
#2510=DIRECTION('',(0.,-1.22464679914735E-16,-1.));
#2511=DIRECTION('',(0.,-1.22464679914735E-16,-1.));
#2512=DIRECTION('',(-0.221548497619468,-0.975149354305563,1.19421353544092E-16));
#2513=DIRECTION('',(0.,-1.22464679914735E-16,-1.));
#2514=DIRECTION('',(0.,-1.22464679914735E-16,-1.));
#2515=DIRECTION('',(0.,-1.22464679914735E-16,-1.));
#2516=DIRECTION('',(-0.221548497619468,-0.975149354305563,1.19421353544092E-16));
#2517=DIRECTION('',(0.,-1.22464679914735E-16,-1.));
#2518=DIRECTION('',(0.,-1.22464679914735E-16,-1.));
#2519=DIRECTION('',(0.,-1.22464679914735E-16,-1.));
#2520=DIRECTION('',(-0.221548497619468,-0.975149354305563,1.19421353544092E-16));
#2521=DIRECTION('',(0.,-1.22464679914735E-16,-1.));
#2522=DIRECTION('',(0.,-1.22464679914735E-16,-1.));
#2523=DIRECTION('',(0.,-1.22464679914735E-16,-1.));
#2524=DIRECTION('',(-0.221548497619468,-0.975149354305563,1.19421353544092E-16));
#2525=DIRECTION('',(0.,-1.22464679914735E-16,-1.));
#2526=DIRECTION('',(0.,-1.22464679914735E-16,-1.));
#2527=DIRECTION('',(0.,-1.22464679914735E-16,-1.));
#2528=DIRECTION('',(-0.221548497619468,-0.975149354305563,1.19421353544092E-16));
#2529=DIRECTION('',(0.,-1.22464679914735E-16,-1.));
#2530=DIRECTION('',(0.,-1.22464679914735E-16,-1.));
#2531=DIRECTION('',(0.,-1.22464679914735E-16,-1.));
#2532=DIRECTION('',(-0.221548497619468,-0.975149354305563,1.19421353544092E-16));
#2533=DIRECTION('',(0.,-1.22464679914735E-16,-1.));
#2534=DIRECTION('',(-6.16297582203916E-33,-1.22464679914735E-16,-1.));
#2535=DIRECTION('',(0.,-1.22464679914735E-16,-1.));
#2536=DIRECTION('',(-0.221548497619468,-0.975149354305563,1.19421353544092E-16));
#2537=DIRECTION('',(0.,-1.22464679914735E-16,-1.));
#2538=DIRECTION('',(-6.16297582203916E-33,-1.22464679914735E-16,-1.));
#2539=DIRECTION('',(0.,-1.22464679914735E-16,-1.));
#2540=DIRECTION('',(-0.221548497619468,-0.975149354305563,1.19421353544092E-16));
#2541=DIRECTION('',(0.,-1.22464679914735E-16,-1.));
#2542=DIRECTION('',(0.,-1.22464679914735E-16,-1.));
#2543=DIRECTION('',(0.,-1.22464679914735E-16,-1.));
#2544=DIRECTION('',(0.,-1.22464679914735E-16,-1.));
#2545=DIRECTION('',(0.,-1.22464679914735E-16,-1.));
#2546=DIRECTION('',(-0.221548497619468,-0.975149354305563,1.19421353544092E-16));
#2547=DIRECTION('',(0.,-1.22464679914735E-16,-1.));
#2548=DIRECTION('',(0.,-1.22464679914735E-16,-1.));
#2549=DIRECTION('',(0.,-1.22464679914735E-16,-1.));
#2550=DIRECTION('',(-0.221548497619468,-0.975149354305563,1.19421353544092E-16));
#2551=DIRECTION('',(0.,-1.22464679914735E-16,-1.));
#2552=DIRECTION('',(-0.221548497619468,-0.975149354305563,1.19421353544092E-16));
#2553=DIRECTION('',(-6.16297582203916E-33,-1.22464679914735E-16,-1.));
#2554=DIRECTION('',(-6.16297582203916E-33,-1.22464679914735E-16,-1.));
#2555=DIRECTION('',(-6.16297582203916E-33,-1.22464679914735E-16,-1.));
#2556=DIRECTION('',(0.900535694187322,0.434782087366255,-5.32454491619689E-17));
#2557=DIRECTION('',(-6.16297582203916E-33,-1.22464679914735E-16,-1.));
#2558=DIRECTION('',(-6.16297582203916E-33,-1.22464679914735E-16,-1.));
#2559=DIRECTION('',(-6.16297582203916E-33,-1.22464679914735E-16,-1.));
#2560=DIRECTION('',(0.900535694187322,0.434782087366255,-5.32454491619689E-17));
#2561=DIRECTION('',(-6.16297582203916E-33,-1.22464679914735E-16,-1.));
#2562=DIRECTION('',(0.900535694187322,0.434782087366255,-5.32454491619689E-17));
#2563=DIRECTION('',(0.,-1.22464679914735E-16,-1.));
#2564=DIRECTION('',(0.,-1.22464679914735E-16,-1.));
#2565=DIRECTION('',(0.,-1.22464679914735E-16,-1.));
#2566=DIRECTION('',(0.999999502665478,0.00099733083580289,-1.22137801575694E-19));
#2567=DIRECTION('',(0.,-1.22464679914735E-16,-1.));
#2568=DIRECTION('',(0.,-1.22464679914735E-16,-1.));
#2569=DIRECTION('',(0.,-1.22464679914735E-16,-1.));
#2570=DIRECTION('',(0.999999502665478,0.00099733083580289,-1.22137801575694E-19));
#2571=DIRECTION('',(0.,-1.22464679914735E-16,-1.));
#2572=DIRECTION('',(0.999999502665478,0.00099733083580289,-1.22137801575694E-19));
#2573=DIRECTION('',(0.,-1.22464679914735E-16,-1.));
#2574=DIRECTION('',(0.,-1.22464679914735E-16,-1.));
#2575=DIRECTION('',(0.,-1.22464679914735E-16,-1.));
#2576=DIRECTION('',(0.901401145451673,-0.432984959298139,5.30253644483413E-17));
#2577=DIRECTION('',(0.,-1.22464679914735E-16,-1.));
#2578=DIRECTION('',(0.,-1.22464679914735E-16,-1.));
#2579=DIRECTION('',(0.,-1.22464679914735E-16,-1.));
#2580=DIRECTION('',(0.901401145451673,-0.432984959298139,5.30253644483413E-17));
#2581=DIRECTION('',(0.,-1.22464679914735E-16,-1.));
#2582=DIRECTION('',(0.901401145451673,-0.432984959298139,5.30253644483413E-17));
#2583=DIRECTION('',(0.,-1.22464679914735E-16,-1.));
#2584=DIRECTION('',(0.,-1.22464679914735E-16,-1.));
#2585=DIRECTION('',(0.,-1.22464679914735E-16,-1.));
#2586=DIRECTION('',(0.624269236421599,-0.781209268031041,9.56705429558461E-17));
#2587=DIRECTION('',(0.,-1.22464679914735E-16,-1.));
#2588=DIRECTION('',(0.,-1.22464679914735E-16,-1.));
#2589=DIRECTION('',(0.,-1.22464679914735E-16,-1.));
#2590=DIRECTION('',(0.624269236421599,-0.781209268031041,9.56705429558461E-17));
#2591=DIRECTION('',(0.,-1.22464679914735E-16,-1.));
#2592=DIRECTION('',(0.624269236421599,-0.781209268031041,9.56705429558461E-17));
#2593=DIRECTION('',(0.,-1.22464679914735E-16,-1.));
#2594=DIRECTION('',(0.,-1.22464679914735E-16,-1.));
#2595=DIRECTION('',(0.,-1.22464679914735E-16,-1.));
#2596=DIRECTION('',(0.223493148958477,-0.97470550032747,1.19366997108736E-16));
#2597=DIRECTION('',(0.,-1.22464679914735E-16,-1.));
#2598=DIRECTION('',(0.,-1.22464679914735E-16,-1.));
#2599=DIRECTION('',(0.,-1.22464679914735E-16,-1.));
#2600=DIRECTION('',(0.223493148958477,-0.97470550032747,1.19366997108736E-16));
#2601=DIRECTION('',(0.,-1.22464679914735E-16,-1.));
#2602=DIRECTION('',(0.223493148958477,-0.97470550032747,1.19366997108736E-16));
#2603=DIRECTION('',(0.,-1.22464679914735E-16,-1.));
#2604=DIRECTION('',(0.,-1.22464679914735E-16,-1.));
#2605=DIRECTION('',(-0.624269236421598,0.781209268031041,-9.56705429558461E-17));
#2606=DIRECTION('',(0.,-1.22464679914735E-16,-1.));
#2607=DIRECTION('',(0.,-1.22464679914735E-16,-1.));
#2608=DIRECTION('',(0.,-1.22464679914735E-16,-1.));
#2609=DIRECTION('',(-0.901401145451674,0.432984959298138,-5.30253644483412E-17));
#2610=DIRECTION('',(0.,-1.22464679914735E-16,-1.));
#2611=DIRECTION('',(0.,-1.22464679914735E-16,-1.));
#2612=DIRECTION('',(0.,-1.22464679914735E-16,-1.));
#2613=DIRECTION('',(-0.901401145451674,0.432984959298138,-5.30253644483412E-17));
#2614=DIRECTION('',(0.,-1.22464679914735E-16,-1.));
#2615=DIRECTION('',(-0.901401145451674,0.432984959298138,-5.30253644483412E-17));
#2616=DIRECTION('',(0.,-1.22464679914735E-16,-1.));
#2617=DIRECTION('',(0.,-1.22464679914735E-16,-1.));
#2618=DIRECTION('',(0.,-1.22464679914735E-16,-1.));
#2619=DIRECTION('',(-0.999999502665478,-0.000997330835803639,1.22137801575792E-19));
#2620=DIRECTION('',(0.,-1.22464679914735E-16,-1.));
#2621=DIRECTION('',(0.,-1.22464679914735E-16,-1.));
#2622=DIRECTION('',(0.,-1.22464679914735E-16,-1.));
#2623=DIRECTION('',(-0.999999502665478,-0.000997330835803639,1.22137801575792E-19));
#2624=DIRECTION('',(0.,-1.22464679914735E-16,-1.));
#2625=DIRECTION('',(-0.999999502665478,-0.000997330835803639,1.22137801575792E-19));
#2626=DIRECTION('',(0.,-1.22464679914735E-16,-1.));
#2627=DIRECTION('',(0.,-1.22464679914735E-16,-1.));
#2628=DIRECTION('',(0.,-1.22464679914735E-16,-1.));
#2629=DIRECTION('',(-0.622709747129864,-0.782452919241446,9.5822846303254E-17));
#2630=DIRECTION('',(0.,-1.22464679914735E-16,-1.));
#2631=DIRECTION('',(0.,-1.22464679914735E-16,-1.));
#2632=DIRECTION('',(0.,-1.22464679914735E-16,-1.));
#2633=DIRECTION('',(-0.622709747129864,-0.782452919241446,9.5822846303254E-17));
#2634=DIRECTION('',(0.,-1.22464679914735E-16,-1.));
#2635=DIRECTION('',(-0.622709747129864,-0.782452919241446,9.5822846303254E-17));
#2636=DIRECTION('',(0.,-1.22464679914735E-16,-1.));
#2637=DIRECTION('',(0.,-1.22464679914735E-16,-1.));
#2638=DIRECTION('',(0.,-1.22464679914735E-16,-1.));
#2639=DIRECTION('',(-0.900535694187322,-0.434782087366255,5.32454491619689E-17));
#2640=DIRECTION('',(0.,-1.22464679914735E-16,-1.));
#2641=DIRECTION('',(0.,-1.22464679914735E-16,-1.));
#2642=DIRECTION('',(0.,-1.22464679914735E-16,-1.));
#2643=DIRECTION('',(-0.900535694187322,-0.434782087366255,5.32454491619689E-17));
#2644=DIRECTION('',(0.,-1.22464679914735E-16,-1.));
#2645=DIRECTION('',(-0.900535694187322,-0.434782087366255,5.32454491619689E-17));
#2646=DIRECTION('',(0.,1.22464679914735E-16,1.));
#2647=DIRECTION('',(0.,1.,-1.22464679914735E-16));
#2648=CARTESIAN_POINT('',(0.,0.,0.));
#2649=CARTESIAN_POINT('',(-0.011,-0.125771342396066,0.0688018926559633));
#2650=CARTESIAN_POINT('',(-0.011,-0.104318090650367,0.0668018926559633));
#2651=CARTESIAN_POINT('',(-0.011,-0.104318090650367,0.0648018926559633));
#2652=CARTESIAN_POINT('',(-0.011,-0.104318090650367,0.0688018926559633));
#2653=CARTESIAN_POINT('',(-0.011,-0.125771342396066,0.0648018926559633));
#2654=CARTESIAN_POINT('',(-0.011,-0.145771342396066,0.0648018926559633));
#2655=CARTESIAN_POINT('',(-0.011,-0.145771342396066,0.0688018926559633));
#2656=CARTESIAN_POINT('',(-0.011,-0.145771342396066,0.0688018926559633));
#2657=CARTESIAN_POINT('',(-0.011,-0.125771342396066,0.0688018926559633));
#2658=CARTESIAN_POINT('',(-0.003,-0.107869646375805,0.0688018926559633));
#2659=CARTESIAN_POINT('',(-0.003,-0.107869646375805,0.0648018926559633));
#2660=CARTESIAN_POINT('',(-0.003,-0.104309828860461,0.0648018926559633));
#2661=CARTESIAN_POINT('',(-0.003,-0.120125591085001,0.0648018926559633));
#2662=CARTESIAN_POINT('',(-0.003,-0.104309828860461,0.0668018926559633));
#2663=CARTESIAN_POINT('',(-0.003,-0.104309828860461,0.0688018926559633));
#2664=CARTESIAN_POINT('',(-0.003,-0.107869646375805,0.0688018926559633));
#2665=CARTESIAN_POINT('',(-0.003,-0.120125591085001,0.0688018926559633));
#2666=CARTESIAN_POINT('',(-0.003,-0.120125591085001,0.0688018926559633));
#2667=CARTESIAN_POINT('',(-0.00375,-0.120787028912767,0.0688018926559633));
#2668=CARTESIAN_POINT('',(-0.00375,-0.120787028912767,0.0648018926559633));
#2669=CARTESIAN_POINT('',(-0.0045,-0.121448466740533,0.0648018926559633));
#2670=CARTESIAN_POINT('',(-0.00375,-0.120787028912767,0.0688018926559633));
#2671=CARTESIAN_POINT('',(-0.0045,-0.121448466740533,0.0688018926559633));
#2672=CARTESIAN_POINT('',(-0.0045,-0.121448466740533,0.0688018926559633));
#2673=CARTESIAN_POINT('',(-0.00375,-0.1221099045683,0.0688018926559633));
#2674=CARTESIAN_POINT('',(-0.00375,-0.1221099045683,0.0648018926559633));
#2675=CARTESIAN_POINT('',(-0.003,-0.122771342396066,0.0648018926559633));
#2676=CARTESIAN_POINT('',(-0.00375,-0.1221099045683,0.0688018926559633));
#2677=CARTESIAN_POINT('',(-0.003,-0.122771342396066,0.0688018926559633));
#2678=CARTESIAN_POINT('',(-0.003,-0.122771342396066,0.0688018926559633));
#2679=CARTESIAN_POINT('',(-0.003,-0.122948466740533,0.0688018926559633));
#2680=CARTESIAN_POINT('',(-0.003,-0.122948466740533,0.0648018926559633));
#2681=CARTESIAN_POINT('',(-0.003,-0.123125591085001,0.0648018926559633));
#2682=CARTESIAN_POINT('',(-0.003,-0.122948466740533,0.0688018926559633));
#2683=CARTESIAN_POINT('',(-0.003,-0.123125591085001,0.0688018926559633));
#2684=CARTESIAN_POINT('',(-0.003,-0.123125591085001,0.0688018926559633));
#2685=CARTESIAN_POINT('',(-0.00375,-0.123787028912767,0.0688018926559633));
#2686=CARTESIAN_POINT('',(-0.00375,-0.123787028912767,0.0648018926559633));
#2687=CARTESIAN_POINT('',(-0.0045,-0.124448466740533,0.0648018926559633));
#2688=CARTESIAN_POINT('',(-0.00375,-0.123787028912767,0.0688018926559633));
#2689=CARTESIAN_POINT('',(-0.0045,-0.124448466740533,0.0688018926559633));
#2690=CARTESIAN_POINT('',(-0.0045,-0.124448466740533,0.0688018926559633));
#2691=CARTESIAN_POINT('',(-0.00375,-0.1251099045683,0.0688018926559633));
#2692=CARTESIAN_POINT('',(-0.00375,-0.1251099045683,0.0648018926559633));
#2693=CARTESIAN_POINT('',(-0.003,-0.125771342396066,0.0648018926559633));
#2694=CARTESIAN_POINT('',(-0.00375,-0.1251099045683,0.0688018926559633));
#2695=CARTESIAN_POINT('',(-0.003,-0.125771342396066,0.0688018926559633));
#2696=CARTESIAN_POINT('',(-0.003,-0.125771342396066,0.0688018926559633));
#2697=CARTESIAN_POINT('',(-0.003,-0.125948466740533,0.0688018926559633));
#2698=CARTESIAN_POINT('',(-0.003,-0.125948466740533,0.0648018926559633));
#2699=CARTESIAN_POINT('',(-0.003,-0.126125591085001,0.0648018926559633));
#2700=CARTESIAN_POINT('',(-0.003,-0.125948466740533,0.0688018926559633));
#2701=CARTESIAN_POINT('',(-0.003,-0.126125591085001,0.0688018926559633));
#2702=CARTESIAN_POINT('',(-0.003,-0.126125591085001,0.0688018926559633));
#2703=CARTESIAN_POINT('',(-0.00375,-0.126787028912767,0.0688018926559633));
#2704=CARTESIAN_POINT('',(-0.00375,-0.126787028912767,0.0648018926559633));
#2705=CARTESIAN_POINT('',(-0.0045,-0.127448466740533,0.0648018926559633));
#2706=CARTESIAN_POINT('',(-0.00375,-0.126787028912767,0.0688018926559633));
#2707=CARTESIAN_POINT('',(-0.0045,-0.127448466740533,0.0688018926559633));
#2708=CARTESIAN_POINT('',(-0.0045,-0.127448466740533,0.0688018926559633));
#2709=CARTESIAN_POINT('',(-0.00375,-0.1281099045683,0.0688018926559633));
#2710=CARTESIAN_POINT('',(-0.00375,-0.1281099045683,0.0648018926559633));
#2711=CARTESIAN_POINT('',(-0.003,-0.128771342396066,0.0648018926559633));
#2712=CARTESIAN_POINT('',(-0.00375,-0.1281099045683,0.0688018926559633));
#2713=CARTESIAN_POINT('',(-0.003,-0.128771342396066,0.0688018926559633));
#2714=CARTESIAN_POINT('',(-0.003,-0.128771342396066,0.0688018926559633));
#2715=CARTESIAN_POINT('',(-0.003,-0.128948466740533,0.0688018926559633));
#2716=CARTESIAN_POINT('',(-0.003,-0.128948466740533,0.0648018926559633));
#2717=CARTESIAN_POINT('',(-0.003,-0.129125591085001,0.0648018926559633));
#2718=CARTESIAN_POINT('',(-0.003,-0.128948466740533,0.0688018926559633));
#2719=CARTESIAN_POINT('',(-0.003,-0.129125591085001,0.0688018926559633));
#2720=CARTESIAN_POINT('',(-0.003,-0.129125591085001,0.0688018926559633));
#2721=CARTESIAN_POINT('',(-0.00375,-0.129787028912767,0.0688018926559633));
#2722=CARTESIAN_POINT('',(-0.00375,-0.129787028912767,0.0648018926559633));
#2723=CARTESIAN_POINT('',(-0.0045,-0.130448466740533,0.0648018926559633));
#2724=CARTESIAN_POINT('',(-0.00375,-0.129787028912767,0.0688018926559633));
#2725=CARTESIAN_POINT('',(-0.0045,-0.130448466740533,0.0688018926559633));
#2726=CARTESIAN_POINT('',(-0.0045,-0.130448466740533,0.0688018926559633));
#2727=CARTESIAN_POINT('',(-0.00375,-0.1311099045683,0.0688018926559633));
#2728=CARTESIAN_POINT('',(-0.00375,-0.1311099045683,0.0648018926559633));
#2729=CARTESIAN_POINT('',(-0.003,-0.131771342396066,0.0648018926559633));
#2730=CARTESIAN_POINT('',(-0.00375,-0.1311099045683,0.0688018926559633));
#2731=CARTESIAN_POINT('',(-0.003,-0.131771342396066,0.0688018926559633));
#2732=CARTESIAN_POINT('',(-0.003,-0.131771342396066,0.0688018926559633));
#2733=CARTESIAN_POINT('',(-0.003,-0.131948466740533,0.0688018926559633));
#2734=CARTESIAN_POINT('',(-0.003,-0.131948466740533,0.0648018926559633));
#2735=CARTESIAN_POINT('',(-0.003,-0.132125591085001,0.0648018926559633));
#2736=CARTESIAN_POINT('',(-0.003,-0.131948466740533,0.0688018926559633));
#2737=CARTESIAN_POINT('',(-0.003,-0.132125591085001,0.0688018926559633));
#2738=CARTESIAN_POINT('',(-0.003,-0.132125591085001,0.0688018926559633));
#2739=CARTESIAN_POINT('',(-0.00375,-0.132787028912767,0.0688018926559633));
#2740=CARTESIAN_POINT('',(-0.00375,-0.132787028912767,0.0648018926559633));
#2741=CARTESIAN_POINT('',(-0.0045,-0.133448466740533,0.0648018926559633));
#2742=CARTESIAN_POINT('',(-0.00375,-0.132787028912767,0.0688018926559633));
#2743=CARTESIAN_POINT('',(-0.0045,-0.133448466740533,0.0688018926559633));
#2744=CARTESIAN_POINT('',(-0.0045,-0.133448466740533,0.0688018926559633));
#2745=CARTESIAN_POINT('',(-0.00375,-0.1341099045683,0.0688018926559633));
#2746=CARTESIAN_POINT('',(-0.00375,-0.1341099045683,0.0648018926559633));
#2747=CARTESIAN_POINT('',(-0.003,-0.134771342396066,0.0648018926559633));
#2748=CARTESIAN_POINT('',(-0.00375,-0.1341099045683,0.0688018926559633));
#2749=CARTESIAN_POINT('',(-0.003,-0.134771342396066,0.0688018926559633));
#2750=CARTESIAN_POINT('',(-0.003,-0.134771342396066,0.0688018926559633));
#2751=CARTESIAN_POINT('',(-0.003,-0.134948466740533,0.0688018926559633));
#2752=CARTESIAN_POINT('',(-0.003,-0.134948466740533,0.0648018926559633));
#2753=CARTESIAN_POINT('',(-0.003,-0.135125591085001,0.0648018926559633));
#2754=CARTESIAN_POINT('',(-0.003,-0.134948466740533,0.0688018926559633));
#2755=CARTESIAN_POINT('',(-0.003,-0.135125591085001,0.0688018926559633));
#2756=CARTESIAN_POINT('',(-0.003,-0.135125591085001,0.0688018926559633));
#2757=CARTESIAN_POINT('',(-0.00375,-0.135787028912767,0.0688018926559633));
#2758=CARTESIAN_POINT('',(-0.00375,-0.135787028912767,0.0648018926559633));
#2759=CARTESIAN_POINT('',(-0.0045,-0.136448466740533,0.0648018926559633));
#2760=CARTESIAN_POINT('',(-0.00375,-0.135787028912767,0.0688018926559633));
#2761=CARTESIAN_POINT('',(-0.0045,-0.136448466740533,0.0688018926559633));
#2762=CARTESIAN_POINT('',(-0.0045,-0.136448466740533,0.0688018926559633));
#2763=CARTESIAN_POINT('',(-0.00375,-0.1371099045683,0.0688018926559633));
#2764=CARTESIAN_POINT('',(-0.00375,-0.1371099045683,0.0648018926559633));
#2765=CARTESIAN_POINT('',(-0.003,-0.137771342396066,0.0648018926559633));
#2766=CARTESIAN_POINT('',(-0.00375,-0.1371099045683,0.0688018926559633));
#2767=CARTESIAN_POINT('',(-0.003,-0.137771342396066,0.0688018926559633));
#2768=CARTESIAN_POINT('',(-0.003,-0.137771342396066,0.0688018926559633));
#2769=CARTESIAN_POINT('',(-0.003,-0.137948466740533,0.0688018926559633));
#2770=CARTESIAN_POINT('',(-0.003,-0.137948466740533,0.0648018926559633));
#2771=CARTESIAN_POINT('',(-0.003,-0.138125591085001,0.0648018926559633));
#2772=CARTESIAN_POINT('',(-0.003,-0.137948466740533,0.0688018926559633));
#2773=CARTESIAN_POINT('',(-0.003,-0.138125591085001,0.0688018926559633));
#2774=CARTESIAN_POINT('',(-0.003,-0.138125591085001,0.0688018926559633));
#2775=CARTESIAN_POINT('',(-0.00375,-0.138787028912767,0.0688018926559633));
#2776=CARTESIAN_POINT('',(-0.00375,-0.138787028912767,0.0648018926559633));
#2777=CARTESIAN_POINT('',(-0.0045,-0.139448466740533,0.0648018926559633));
#2778=CARTESIAN_POINT('',(-0.00375,-0.138787028912767,0.0688018926559633));
#2779=CARTESIAN_POINT('',(-0.0045,-0.139448466740533,0.0688018926559633));
#2780=CARTESIAN_POINT('',(-0.0045,-0.139448466740533,0.0688018926559633));
#2781=CARTESIAN_POINT('',(-0.00375,-0.1401099045683,0.0688018926559633));
#2782=CARTESIAN_POINT('',(-0.00375,-0.1401099045683,0.0648018926559633));
#2783=CARTESIAN_POINT('',(-0.003,-0.140771342396066,0.0648018926559633));
#2784=CARTESIAN_POINT('',(-0.00375,-0.1401099045683,0.0688018926559633));
#2785=CARTESIAN_POINT('',(-0.003,-0.140771342396066,0.0688018926559633));
#2786=CARTESIAN_POINT('',(-0.003,-0.140771342396066,0.0688018926559633));
#2787=CARTESIAN_POINT('',(-0.003,-0.140948466740533,0.0688018926559633));
#2788=CARTESIAN_POINT('',(-0.003,-0.140948466740533,0.0648018926559633));
#2789=CARTESIAN_POINT('',(-0.003,-0.141125591085001,0.0648018926559633));
#2790=CARTESIAN_POINT('',(-0.003,-0.140948466740533,0.0688018926559633));
#2791=CARTESIAN_POINT('',(-0.003,-0.141125591085001,0.0688018926559633));
#2792=CARTESIAN_POINT('',(-0.003,-0.141125591085001,0.0688018926559633));
#2793=CARTESIAN_POINT('',(-0.00375,-0.141787028912767,0.0688018926559633));
#2794=CARTESIAN_POINT('',(-0.00375,-0.141787028912767,0.0648018926559633));
#2795=CARTESIAN_POINT('',(-0.0045,-0.142448466740533,0.0648018926559633));
#2796=CARTESIAN_POINT('',(-0.00375,-0.141787028912767,0.0688018926559633));
#2797=CARTESIAN_POINT('',(-0.0045,-0.142448466740533,0.0688018926559633));
#2798=CARTESIAN_POINT('',(-0.0045,-0.142448466740533,0.0688018926559633));
#2799=CARTESIAN_POINT('',(-0.00375,-0.1431099045683,0.0688018926559633));
#2800=CARTESIAN_POINT('',(-0.00375,-0.1431099045683,0.0648018926559633));
#2801=CARTESIAN_POINT('',(-0.003,-0.143771342396066,0.0648018926559633));
#2802=CARTESIAN_POINT('',(-0.00375,-0.1431099045683,0.0688018926559633));
#2803=CARTESIAN_POINT('',(-0.003,-0.143771342396066,0.0688018926559633));
#2804=CARTESIAN_POINT('',(-0.003,-0.143771342396066,0.0688018926559633));
#2805=CARTESIAN_POINT('',(-0.003,-0.143948466740533,0.0688018926559633));
#2806=CARTESIAN_POINT('',(-0.003,-0.143948466740533,0.0648018926559633));
#2807=CARTESIAN_POINT('',(-0.003,-0.144125591085001,0.0648018926559633));
#2808=CARTESIAN_POINT('',(-0.003,-0.143948466740533,0.0688018926559633));
#2809=CARTESIAN_POINT('',(-0.003,-0.144125591085001,0.0688018926559633));
#2810=CARTESIAN_POINT('',(-0.003,-0.144125591085001,0.0688018926559633));
#2811=CARTESIAN_POINT('',(-0.00375,-0.144787028912767,0.0688018926559633));
#2812=CARTESIAN_POINT('',(-0.00375,-0.144787028912767,0.0648018926559633));
#2813=CARTESIAN_POINT('',(-0.0045,-0.145448466740533,0.0648018926559633));
#2814=CARTESIAN_POINT('',(-0.00375,-0.144787028912767,0.0688018926559633));
#2815=CARTESIAN_POINT('',(-0.0045,-0.145448466740533,0.0688018926559633));
#2816=CARTESIAN_POINT('',(-0.0045,-0.145448466740533,0.0688018926559633));
#2817=CARTESIAN_POINT('',(-0.00375,-0.1461099045683,0.0688018926559633));
#2818=CARTESIAN_POINT('',(-0.00375,-0.1461099045683,0.0648018926559633));
#2819=CARTESIAN_POINT('',(-0.003,-0.146771342396066,0.0648018926559633));
#2820=CARTESIAN_POINT('',(-0.00375,-0.1461099045683,0.0688018926559633));
#2821=CARTESIAN_POINT('',(-0.003,-0.146771342396066,0.0688018926559633));
#2822=CARTESIAN_POINT('',(-0.003,-0.146771342396066,0.0688018926559633));
#2823=CARTESIAN_POINT('',(-0.003,-0.146948466740533,0.0688018926559633));
#2824=CARTESIAN_POINT('',(-0.003,-0.146948466740533,0.0648018926559633));
#2825=CARTESIAN_POINT('',(-0.003,-0.147125591085001,0.0648018926559633));
#2826=CARTESIAN_POINT('',(-0.003,-0.146948466740533,0.0688018926559633));
#2827=CARTESIAN_POINT('',(-0.003,-0.147125591085001,0.0688018926559633));
#2828=CARTESIAN_POINT('',(-0.003,-0.147125591085001,0.0688018926559633));
#2829=CARTESIAN_POINT('',(-0.00375,-0.147787028912767,0.0688018926559633));
#2830=CARTESIAN_POINT('',(-0.00375,-0.147787028912767,0.0648018926559633));
#2831=CARTESIAN_POINT('',(-0.0045,-0.148448466740533,0.0648018926559633));
#2832=CARTESIAN_POINT('',(-0.00375,-0.147787028912767,0.0688018926559633));
#2833=CARTESIAN_POINT('',(-0.0045,-0.148448466740533,0.0688018926559633));
#2834=CARTESIAN_POINT('',(-0.0045,-0.148448466740533,0.0688018926559633));
#2835=CARTESIAN_POINT('',(-0.00375,-0.1491099045683,0.0688018926559633));
#2836=CARTESIAN_POINT('',(-0.00375,-0.1491099045683,0.0648018926559633));
#2837=CARTESIAN_POINT('',(-0.003,-0.149771342396066,0.0648018926559633));
#2838=CARTESIAN_POINT('',(-0.00375,-0.1491099045683,0.0688018926559633));
#2839=CARTESIAN_POINT('',(-0.003,-0.149771342396066,0.0688018926559633));
#2840=CARTESIAN_POINT('',(-0.003,-0.149771342396066,0.0688018926559633));
#2841=CARTESIAN_POINT('',(-0.003,-0.151771342396065,0.0688018926559633));
#2842=CARTESIAN_POINT('',(-0.003,-0.151771342396065,0.0648018926559633));
#2843=CARTESIAN_POINT('',(-0.003,-0.153771342396065,0.0648018926559633));
#2844=CARTESIAN_POINT('',(-0.003,-0.151771342396065,0.0688018926559633));
#2845=CARTESIAN_POINT('',(-0.003,-0.153771342396065,0.0688018926559633));
#2846=CARTESIAN_POINT('',(-0.003,-0.153771342396065,0.0688018926559633));
#2847=CARTESIAN_POINT('',(-0.007,-0.149771342396066,0.0688018926559633));
#2848=CARTESIAN_POINT('',(-0.007,-0.149771342396066,0.0648018926559633));
#2849=CARTESIAN_POINT('',(-0.007,-0.149771342396066,0.0688018926559633));
#2850=CARTESIAN_POINT('',(-2.77555756156289E-17,-0.123399061072797,0.0688018926559633));
#2851=CARTESIAN_POINT('',(-0.007,-0.100026779749528,0.0688018926559633));
#2852=CARTESIAN_POINT('',(-0.007,-0.101226779749528,0.0688018926559633));
#2853=CARTESIAN_POINT('',(-0.0109816717188982,-0.104729945163112,0.0688018926559633));
#2854=CARTESIAN_POINT('',(-0.0112778935694554,-0.104443217625528,0.0688018926559633));
#2855=CARTESIAN_POINT('',(-0.00300895498287094,-0.104721993722911,0.0688018926559633));
#2856=CARTESIAN_POINT('',(-0.00271330564574412,-0.104434675893647,0.0688018926559633));
#2857=CARTESIAN_POINT('',(-0.00299107154616225,-0.104148792929032,0.0688018926559633));
#2858=CARTESIAN_POINT('',(-0.00271361521278446,-0.104434385080108,0.0688018926559633));
#2859=CARTESIAN_POINT('',(-0.00241701682489375,-0.104739680585791,0.0688018926559633));
#2860=CARTESIAN_POINT('',(-0.00241046761543158,-0.104745592960988,0.0688018926559633));
#2861=CARTESIAN_POINT('',(-0.00240497484065735,-0.104750758252835,0.0688018926559633));
#2862=CARTESIAN_POINT('',(-0.0023983485802523,-0.104756651725359,0.0688018926559633));
#2863=CARTESIAN_POINT('',(-0.00238928761220789,-0.104764440725025,0.0688018926559633));
#2864=CARTESIAN_POINT('',(-0.00237814459022825,-0.10477361987948,0.0688018926559633));
#2865=CARTESIAN_POINT('',(-0.00236472439318294,-0.104784238501909,0.0688018926559633));
#2866=CARTESIAN_POINT('',(-0.00234900823292664,-0.104796168195303,0.0688018926559633));
#2867=CARTESIAN_POINT('',(-0.00233092644855938,-0.104809332821731,0.0688018926559633));
#2868=CARTESIAN_POINT('',(-0.00231042803254277,-0.104823638287535,0.0688018926559633));
#2869=CARTESIAN_POINT('',(-0.00228745989492378,-0.104838993638302,0.0688018926559633));
#2870=CARTESIAN_POINT('',(-0.00226197305366117,-0.104855304913727,0.0688018926559633));
#2871=CARTESIAN_POINT('',(-0.00223392088884465,-0.104872477029971,0.0688018926559633));
#2872=CARTESIAN_POINT('',(-0.00220325970420428,-0.104890413327056,0.0688018926559633));
#2873=CARTESIAN_POINT('',(-0.00216994861852475,-0.104909015793277,0.0688018926559633));
#2874=CARTESIAN_POINT('',(-0.00213394964632887,-0.104928185097213,0.0688018926559633));
#2875=CARTESIAN_POINT('',(-0.00209522772183036,-0.104947820676138,0.0688018926559633));
#2876=CARTESIAN_POINT('',(-0.00205375073636812,-0.104967820809771,0.0688018926559633));
#2877=CARTESIAN_POINT('',(-0.00200948956945373,-0.104988082699353,0.0688018926559633));
#2878=CARTESIAN_POINT('',(-0.00196241811906217,-0.105008502546342,0.0688018926559633));
#2879=CARTESIAN_POINT('',(-0.00191251332957164,-0.105028975632225,0.0688018926559633));
#2880=CARTESIAN_POINT('',(-0.00185975521782076,-0.105049396398984,0.0688018926559633));
#2881=CARTESIAN_POINT('',(-0.00180412689702384,-0.105069658530163,0.0688018926559633));
#2882=CARTESIAN_POINT('',(-0.00174561459904303,-0.10508965503297,0.0688018926559633));
#2883=CARTESIAN_POINT('',(-0.00168420769316074,-0.105109278319294,0.0688018926559633));
#2884=CARTESIAN_POINT('',(-0.00161989870840782,-0.105128420293647,0.0688018926559633));
#2885=CARTESIAN_POINT('',(-0.00155268333225879,-0.105146972416956,0.0688018926559633));
#2886=CARTESIAN_POINT('',(-0.0014825604901033,-0.105164825865345,0.0688018926559633));
#2887=CARTESIAN_POINT('',(-0.00140953210470972,-0.105181871326397,0.0688018926559633));
#2888=CARTESIAN_POINT('',(-0.00133360407233669,-0.105198000186878,0.0688018926559633));
#2889=CARTESIAN_POINT('',(-0.00125478256907757,-0.105213100392772,0.0688018926559633));
#2890=CARTESIAN_POINT('',(-0.00117308821638164,-0.105227072697537,0.0688018926559633));
#2891=CARTESIAN_POINT('',(-0.00108850195168401,-0.105239768956782,0.0688018926559633));
#2892=CARTESIAN_POINT('',(-0.00101273503988369,-0.105249710949761,0.0688018926559633));
#2893=CARTESIAN_POINT('',(-0.000964821770781041,-0.105255002359803,0.0688018926559633));
#2894=CARTESIAN_POINT('',(-0.000946481267257368,-0.105256971997651,0.0688018926559633));
#2895=CARTESIAN_POINT('',(-0.000946481267257368,-0.105256971997651,0.0688018926559633));
#2896=CARTESIAN_POINT('',(-0.007,-0.100026779749528,0.0688018926559633));
#2897=CARTESIAN_POINT('',(-0.000544467235580687,-0.104751829667519,0.0688018926559633));
#2898=CARTESIAN_POINT('',(-0.00208330716914875,-0.10300816057174,0.0688018926559633));
#2899=CARTESIAN_POINT('',(-0.00174272344943281,-0.103214431324762,0.0688018926559633));
#2900=CARTESIAN_POINT('',(-0.00137864243899131,-0.103434932951344,0.0688018926559633));
#2901=CARTESIAN_POINT('',(-0.00137141086585196,-0.103439987916722,0.0688018926559633));
#2902=CARTESIAN_POINT('',(-0.00136514444483944,-0.103444181099557,0.0688018926559633));
#2903=CARTESIAN_POINT('',(-0.00135791399676609,-0.103449315392692,0.0688018926559633));
#2904=CARTESIAN_POINT('',(-0.00134828988439115,-0.103456396785119,0.0688018926559633));
#2905=CARTESIAN_POINT('',(-0.0013368437425007,-0.103465195060584,0.0688018926559633));
#2906=CARTESIAN_POINT('',(-0.00132348371838484,-0.10347588929205,0.0688018926559633));
#2907=CARTESIAN_POINT('',(-0.00130833071534885,-0.103488526608881,0.0688018926559633));
#2908=CARTESIAN_POINT('',(-0.00129144329200291,-0.10350319198469,0.0688018926559633));
#2909=CARTESIAN_POINT('',(-0.00127290169151874,-0.103519956246157,0.0688018926559633));
#2910=CARTESIAN_POINT('',(-0.00125278263050101,-0.103538891544587,0.0688018926559633));
#2911=CARTESIAN_POINT('',(-0.00123116667682711,-0.103560066702917,0.0688018926559633));
#2912=CARTESIAN_POINT('',(-0.00120813602345417,-0.103583548494424,0.0688018926559633));
#2913=CARTESIAN_POINT('',(-0.00118377505551059,-0.103609401197136,0.0688018926559633));
#2914=CARTESIAN_POINT('',(-0.00115817010724291,-0.103637686649279,0.0688018926559633));
#2915=CARTESIAN_POINT('',(-0.0011314094489316,-0.103668464163461,0.0688018926559633));
#2916=CARTESIAN_POINT('',(-0.00110358320610493,-0.103701790483492,0.0688018926559633));
#2917=CARTESIAN_POINT('',(-0.00107478329608597,-0.103737719731344,0.0688018926559633));
#2918=CARTESIAN_POINT('',(-0.00104510335789039,-0.103776303359152,0.0688018926559633));
#2919=CARTESIAN_POINT('',(-0.00101463868234682,-0.103817590102025,0.0688018926559633));
#2920=CARTESIAN_POINT('',(-0.000983486140591822,-0.103861625932911,0.0688018926559633));
#2921=CARTESIAN_POINT('',(-0.000951744111501451,-0.103908454019139,0.0688018926559633));
#2922=CARTESIAN_POINT('',(-0.00091951240806748,-0.103958114680918,0.0688018926559633));
#2923=CARTESIAN_POINT('',(-0.000886892202385789,-0.104010645351205,0.0688018926559633));
#2924=CARTESIAN_POINT('',(-0.000853985950920164,-0.104066080539224,0.0688018926559633));
#2925=CARTESIAN_POINT('',(-0.000820897313818528,-0.104124451788969,0.0688018926559633));
#2926=CARTESIAN_POINT('',(-0.00078773109245614,-0.104185787666159,0.0688018926559633));
#2927=CARTESIAN_POINT('',(-0.000754593092541098,-0.104250113645149,0.0688018926559633));
#2928=CARTESIAN_POINT('',(-0.000721590268664724,-0.104317452389062,0.0688018926559633));
#2929=CARTESIAN_POINT('',(-0.000688829785983641,-0.104387822531985,0.0688018926559633));
#2930=CARTESIAN_POINT('',(-0.00065642222545273,-0.104461243207646,0.0688018926559633));
#2931=CARTESIAN_POINT('',(-0.000624468929847369,-0.1045377165982,0.0688018926559633));
#2932=CARTESIAN_POINT('',(-0.000593109984348139,-0.104617294533028,0.0688018926559633));
#2933=CARTESIAN_POINT('',(-0.000566414659373099,-0.104688896402924,0.0688018926559633));
#2934=CARTESIAN_POINT('',(-0.000550503416165915,-0.104734399289821,0.0688018926559633));
#2935=CARTESIAN_POINT('',(-0.000544467235580687,-0.104751829667519,0.0688018926559633));
#2936=CARTESIAN_POINT('',(-0.0017423705698297,-0.103214667714805,0.0688018926559633));
#2937=CARTESIAN_POINT('',(-0.00152874745309179,-0.102862069885045,0.0688018926559633));
#2938=CARTESIAN_POINT('',(-0.00189478028192152,-0.102672385848353,0.0688018926559633));
#2939=CARTESIAN_POINT('',(-0.007,-0.100026779749528,0.0688018926559633));
#2940=CARTESIAN_POINT('',(-0.00174386855627455,-0.102358213266976,0.0688018926559633));
#2941=CARTESIAN_POINT('',(-0.00136701569444088,-0.102525371832668,0.0688018926559633));
#2942=CARTESIAN_POINT('',(-0.00122530737994993,-0.102138229973448,0.0688018926559633));
#2943=CARTESIAN_POINT('',(-0.00159960577842868,-0.102001176429939,0.0688018926559633));
#2944=CARTESIAN_POINT('',(-0.00122571246948139,-0.102138102275608,0.0688018926559633));
#2945=CARTESIAN_POINT('',(-0.000826023800180389,-0.102284474804184,0.0688018926559633));
#2946=CARTESIAN_POINT('',(-0.000817557882888245,-0.102286960074682,0.0688018926559633));
#2947=CARTESIAN_POINT('',(-0.000810367927677788,-0.102289230616173,0.0688018926559633));
#2948=CARTESIAN_POINT('',(-0.000801840791447309,-0.1022916654248,0.0688018926559633));
#2949=CARTESIAN_POINT('',(-0.000790297621027086,-0.102294751664316,0.0688018926559633));
#2950=CARTESIAN_POINT('',(-0.000776275419272374,-0.102298187020672,0.0688018926559633));
#2951=CARTESIAN_POINT('',(-0.000759576991929703,-0.102301931263627,0.0688018926559633));
#2952=CARTESIAN_POINT('',(-0.00074024112083923,-0.102305860559602,0.0688018926559633));
#2953=CARTESIAN_POINT('',(-0.000718238078709743,-0.10230987608596,0.0688018926559633));
#2954=CARTESIAN_POINT('',(-0.000693562735044701,-0.102313870935903,0.0688018926559633));
#2955=CARTESIAN_POINT('',(-0.000666206721089774,-0.102317740127469,0.0688018926559633));
#2956=CARTESIAN_POINT('',(-0.000636166673399705,-0.102321377752838,0.0688018926559633));
#2957=CARTESIAN_POINT('',(-0.000603441844218663,-0.102324677916808,0.0688018926559633));
#2958=CARTESIAN_POINT('',(-0.000568034803759471,-0.102327534572649,0.0688018926559633));
#2959=CARTESIAN_POINT('',(-0.000529951245005059,-0.102329841677173,0.0688018926559633));
#2960=CARTESIAN_POINT('',(-0.000489200042512433,-0.102331493254577,0.0688018926559633));
#2961=CARTESIAN_POINT('',(-0.00044579323562989,-0.102332383486505,0.0688018926559633));
#2962=CARTESIAN_POINT('',(-0.000399746030230727,-0.102332406794722,0.0688018926559633));
#2963=CARTESIAN_POINT('',(-0.000351076792370369,-0.102331457925842,0.0688018926559633));
#2964=CARTESIAN_POINT('',(-0.000299807041436479,-0.102329432035365,0.0688018926559633));
#2965=CARTESIAN_POINT('',(-0.000245961440692319,-0.102326224771711,0.0688018926559633));
#2966=CARTESIAN_POINT('',(-0.000189567785838243,-0.102321732360025,0.0688018926559633));
#2967=CARTESIAN_POINT('',(-0.000130656991388089,-0.102315851685587,0.0688018926559633));
#2968=CARTESIAN_POINT('',(-6.92630751110424E-5,-0.10230848037745,0.0688018926559633));
#2969=CARTESIAN_POINT('',(-5.42313979290388E-6,-0.102299516889582,0.0688018926559633));
#2970=CARTESIAN_POINT('',(6.08226448024773E-5,-0.102288860589781,0.0688018926559633));
#2971=CARTESIAN_POINT('',(0.000129431070786987,-0.102276411816586,0.0688018926559633));
#2972=CARTESIAN_POINT('',(0.000200355889441159,-0.102262072056817,0.0688018926559633));
#2973=CARTESIAN_POINT('',(0.000273547939529814,-0.102245743657647,0.0688018926559633));
#2974=CARTESIAN_POINT('',(0.000348954783192482,-0.102227331320226,0.0688018926559633));
#2975=CARTESIAN_POINT('',(0.000426522237544829,-0.102206736767078,0.0688018926559633));
#2976=CARTESIAN_POINT('',(0.000506188661843057,-0.102183879527472,0.0688018926559633));
#2977=CARTESIAN_POINT('',(0.000587906953421549,-0.102158617856986,0.0688018926559633));
#2978=CARTESIAN_POINT('',(0.000660484251258697,-0.102134701252151,0.0688018926559633));
#2979=CARTESIAN_POINT('',(0.000705948471854151,-0.102118679859515,0.0688018926559633));
#2980=CARTESIAN_POINT('',(0.000723327288384826,-0.102112496795651,0.0688018926559633));
#2981=CARTESIAN_POINT('',(0.000723327288384826,-0.102112496795651,0.0688018926559633));
#2982=CARTESIAN_POINT('',(-0.007,-0.100026779749528,0.0688018926559633));
#2983=CARTESIAN_POINT('',(0.000866356372400998,-0.1014829519311,0.0688018926559633));
#2984=CARTESIAN_POINT('',(-0.00127664016748911,-0.10057963798416,0.0688018926559633));
#2985=CARTESIAN_POINT('',(-0.00088028731351894,-0.100617707773199,0.0688018926559633));
#2986=CARTESIAN_POINT('',(-0.000456589587493742,-0.100658404043919,0.0688018926559633));
#2987=CARTESIAN_POINT('',(-0.000447880897949837,-0.10065982074836,0.0688018926559633));
#2988=CARTESIAN_POINT('',(-0.000440415693857263,-0.100660879777371,0.0688018926559633));
#2989=CARTESIAN_POINT('',(-0.000431673598938837,-0.100662368441799,0.0688018926559633));
#2990=CARTESIAN_POINT('',(-0.000419930072283733,-0.100664572810054,0.0688018926559633));
#2991=CARTESIAN_POINT('',(-0.000405800026126141,-0.100667533487498,0.0688018926559633));
#2992=CARTESIAN_POINT('',(-0.000389123007187908,-0.100671371959896,0.0688018926559633));
#2993=CARTESIAN_POINT('',(-0.0003699874969183,-0.100676183147319,0.0688018926559633));
#2994=CARTESIAN_POINT('',(-0.000348409386132995,-0.100682069015973,0.0688018926559633));
#2995=CARTESIAN_POINT('',(-0.000324430240886756,-0.100689128194701,0.0688018926559633));
#2996=CARTESIAN_POINT('',(-0.000298087875174103,-0.100697458975669,0.0688018926559633));
#2997=CARTESIAN_POINT('',(-0.000269425016991149,-0.100707158323293,0.0688018926559633));
#2998=CARTESIAN_POINT('',(-0.000238486747794489,-0.100718322060404,0.0688018926559633));
#2999=CARTESIAN_POINT('',(-0.000205321206766279,-0.100731044712839,0.0688018926559633));
#3000=CARTESIAN_POINT('',(-0.000169979347774727,-0.100745419453939,0.0688018926559633));
#3001=CARTESIAN_POINT('',(-0.000132514964817365,-0.10076153802156,0.0688018926559633));
#3002=CARTESIAN_POINT('',(-9.29846379739696E-5,-0.100779490644106,0.0688018926559633));
#3003=CARTESIAN_POINT('',(-5.14476992465734E-5,-0.100799365965223,0.0688018926559633));
#3004=CARTESIAN_POINT('',(-7.96619022937206E-6,-0.100821250970127,0.0688018926559633));
#3005=CARTESIAN_POINT('',(3.73951803799011E-5,-0.100845230912777,0.0688018926559633));
#3006=CARTESIAN_POINT('',(8.45690816173028E-5,-0.100871389244178,0.0688018926559633));
#3007=CARTESIAN_POINT('',(0.000133485606780129,-0.100899807541744,0.0688018926559633));
#3008=CARTESIAN_POINT('',(0.000184072321753409,-0.100930565439962,0.0688018926559633));
#3009=CARTESIAN_POINT('',(0.000236254315179512,-0.100963740561689,0.0688018926559633));
#3010=CARTESIAN_POINT('',(0.000289954249965654,-0.100999408452854,0.0688018926559633));
#3011=CARTESIAN_POINT('',(0.000345092417972106,-0.101037642510067,0.0688018926559633));
#3012=CARTESIAN_POINT('',(0.000401586790622855,-0.101078513941763,0.0688018926559633));
#3013=CARTESIAN_POINT('',(0.000459353093177295,-0.101122091606921,0.0688018926559633));
#3014=CARTESIAN_POINT('',(0.000518304796039357,-0.101168442330165,0.0688018926559633));
#3015=CARTESIAN_POINT('',(0.000578353431766057,-0.101217629397448,0.0688018926559633));
#3016=CARTESIAN_POINT('',(0.000639407672173339,-0.101269718026939,0.0688018926559633));
#3017=CARTESIAN_POINT('',(0.000701377157377225,-0.101324754155677,0.0688018926559633));
#3018=CARTESIAN_POINT('',(0.000764158162916639,-0.101382845261001,0.0688018926559633));
#3019=CARTESIAN_POINT('',(0.000819276706676059,-0.101435773649244,0.0688018926559633));
#3020=CARTESIAN_POINT('',(0.000853355204162812,-0.101469866704041,0.0688018926559633));
#3021=CARTESIAN_POINT('',(0.000866356372400998,-0.1014829519311,0.0688018926559633));
#3022=CARTESIAN_POINT('',(-0.000879866814186517,-0.100617767644547,0.0688018926559633));
#3023=CARTESIAN_POINT('',(-0.000840385501322649,-0.10020740038039,0.0688018926559633));
#3024=CARTESIAN_POINT('',(-0.00125247050381912,-0.100195316661006,0.0688018926559633));
#3025=CARTESIAN_POINT('',(-0.007,-0.100026779749528,0.0688018926559633));
#3026=CARTESIAN_POINT('',(-0.00125281811154598,-0.0998467788022357,0.0688018926559633));
#3027=CARTESIAN_POINT('',(-0.000840758031745659,-0.0998338731371384,0.0688018926559633));
#3028=CARTESIAN_POINT('',(-0.000881057809513933,-0.0994235854411634,0.0688018926559633));
#3029=CARTESIAN_POINT('',(-0.001277754317766,-0.0994625064539038,0.0688018926559633));
#3030=CARTESIAN_POINT('',(-0.000881478188586721,-0.0994236461511459,0.0688018926559633));
#3031=CARTESIAN_POINT('',(-0.000457862480690366,-0.0993821048281901,0.0688018926559633));
#3032=CARTESIAN_POINT('',(-0.00044915663431562,-0.0993806707556871,0.0688018926559633));
#3033=CARTESIAN_POINT('',(-0.000441693557477376,-0.0993795968382331,0.0688018926559633));
#3034=CARTESIAN_POINT('',(-0.000432954449330336,-0.0993780907392535,0.0688018926559633));
#3035=CARTESIAN_POINT('',(-0.000421215343003753,-0.0993758629510332,0.0688018926559633));
#3036=CARTESIAN_POINT('',(-0.000407091230502476,-0.0993728740948319,0.0688018926559633));
#3037=CARTESIAN_POINT('',(-0.000390421901190416,-0.0993690023650752,0.0688018926559633));
#3038=CARTESIAN_POINT('',(-0.000371296025674165,-0.0993641530183741,0.0688018926559633));
#3039=CARTESIAN_POINT('',(-0.000349729698125786,-0.0993582241204194,0.0688018926559633));
#3040=CARTESIAN_POINT('',(-0.000325764681248411,-0.0993511171254764,0.0688018926559633));
#3041=CARTESIAN_POINT('',(-0.000299438985020842,-0.0993427338169998,0.0688018926559633));
#3042=CARTESIAN_POINT('',(-0.000270795530765311,-0.099332977315995,0.0688018926559633));
#3043=CARTESIAN_POINT('',(-0.000239879590982761,-0.0993217518897439,0.0688018926559633));
#3044=CARTESIAN_POINT('',(-0.00020673949330656,-0.0993089631086179,0.0688018926559633));
#3045=CARTESIAN_POINT('',(-0.000171426377352748,-0.0992945179010972,0.0688018926559633));
#3046=CARTESIAN_POINT('',(-0.000133994219997727,-0.0992783246368103,0.0688018926559633));
#3047=CARTESIAN_POINT('',(-9.44997811837961E-5,-0.0992602932003895,0.0688018926559633));
#3048=CARTESIAN_POINT('',(-5.30025696089259E-5,-0.0992403350667128,0.0688018926559633));
#3049=CARTESIAN_POINT('',(-9.56480024985606E-6,-0.0992183633744892,0.0688018926559633));
#3050=CARTESIAN_POINT('',(3.5748648271619E-5,-0.0991942929990012,0.0688018926559633));
#3051=CARTESIAN_POINT('',(8.28702786691143E-5,-0.0991680406237119,0.0688018926559633));
#3052=CARTESIAN_POINT('',(0.00013173002165974,-0.0991395248108101,0.0688018926559633));
#3053=CARTESIAN_POINT('',(0.000182255284428778,-0.0991086660704483,0.0688018926559633));
#3054=CARTESIAN_POINT('',(0.000234371000936443,-0.0990753869293479,0.0688018926559633));
#3055=CARTESIAN_POINT('',(0.000287999683555251,-0.0990396119959901,0.0688018926559633));
#3056=CARTESIAN_POINT('',(0.000343061477902723,-0.0990012680329016,0.0688018926559633));
#3057=CARTESIAN_POINT('',(0.000399474213529344,-0.0989602839954083,0.0688018926559633));
#3058=CARTESIAN_POINT('',(0.000457153478511926,-0.0989165911927697,0.0688018926559633));
#3059=CARTESIAN_POINT('',(0.000516012610134023,-0.0988701229730886,0.0688018926559633));
#3060=CARTESIAN_POINT('',(0.000575963014894668,-0.0988208162270034,0.0688018926559633));
#3061=CARTESIAN_POINT('',(0.000636913234703371,-0.0987686059186406,0.0688018926559633));
#3062=CARTESIAN_POINT('',(0.000698772818227056,-0.0987134462912929,0.0688018926559633));
#3063=CARTESIAN_POINT('',(0.000761437826830261,-0.0986552300747286,0.0688018926559633));
#3064=CARTESIAN_POINT('',(0.000816450686765405,-0.0986021918489862,0.0688018926559633));
#3065=CARTESIAN_POINT('',(0.000850461112382669,-0.0985680308869728,0.0688018926559633));
#3066=CARTESIAN_POINT('',(0.000863436154169228,-0.0985549197530253,0.0688018926559633));
#3067=CARTESIAN_POINT('',(0.000863436154169228,-0.0985549197530253,0.0688018926559633));
#3068=CARTESIAN_POINT('',(-0.007,-0.100026779749528,0.0688018926559633));
#3069=CARTESIAN_POINT('',(0.000719151626298861,-0.0979256614353417,0.0688018926559633));
#3070=CARTESIAN_POINT('',(-0.00160355477306025,-0.0980416150428499,0.0688018926559633));
#3071=CARTESIAN_POINT('',(-0.00122993532851334,-0.0979039436792908,0.0688018926559633));
#3072=CARTESIAN_POINT('',(-0.00083053941785538,-0.097756774198626,0.0688018926559633));
#3073=CARTESIAN_POINT('',(-0.000822078474676136,-0.09775427204644,0.0688018926559633));
#3074=CARTESIAN_POINT('',(-0.000814893062728764,-0.0977519871679448,0.0688018926559633));
#3075=CARTESIAN_POINT('',(-0.000806370800078657,-0.0977495353554183,0.0688018926559633));
#3076=CARTESIAN_POINT('',(-0.000794833808622317,-0.0977464260973336,0.0688018926559633));
#3077=CARTESIAN_POINT('',(-0.00078081848713274,-0.0977429627782775,0.0688018926559633));
#3078=CARTESIAN_POINT('',(-0.00076412756150307,-0.0977391852350749,0.0688018926559633));
#3079=CARTESIAN_POINT('',(-0.000744799566490345,-0.0977352173784142,0.0688018926559633));
#3080=CARTESIAN_POINT('',(-0.000722804577744859,-0.0977311579714419,0.0688018926559633));
#3081=CARTESIAN_POINT('',(-0.000698137251537515,-0.0977271139105085,0.0688018926559633));
#3082=CARTESIAN_POINT('',(-0.000670789009727238,-0.0977231901606736,0.0688018926559633));
#3083=CARTESIAN_POINT('',(-0.000640756277625235,-0.0977194926228394,0.0688018926559633));
#3084=CARTESIAN_POINT('',(-0.000608038096252248,-0.0977161271905045,0.0688018926559633));
#3085=CARTESIAN_POINT('',(-0.000572636824288708,-0.0977131999153145,0.0688018926559633));
#3086=CARTESIAN_POINT('',(-0.000534557943185993,-0.0977108168516035,0.0688018926559633));
#3087=CARTESIAN_POINT('',(-0.000493810116097782,-0.0977090839926636,0.0688018926559633));
#3088=CARTESIAN_POINT('',(-0.000450405171276661,-0.0977081071806554,0.0688018926559633));
#3089=CARTESIAN_POINT('',(-0.000404358103972921,-0.0977079920239348,0.0688018926559633));
#3090=CARTESIAN_POINT('',(-0.000355687070260638,-0.0977088438123123,0.0688018926559633));
#3091=CARTESIAN_POINT('',(-0.000304413380355556,-0.0977107674330025,0.0688018926559633));
#3092=CARTESIAN_POINT('',(-0.000250561489325743,-0.0977138672865736,0.0688018926559633));
#3093=CARTESIAN_POINT('',(-0.000194158985820758,-0.0977182472031171,0.0688018926559633));
#3094=CARTESIAN_POINT('',(-0.000135236578613973,-0.0977240103588117,0.0688018926559633));
#3095=CARTESIAN_POINT('',(-7.38280812116604E-5,-0.0977312591922537,0.0688018926559633));
#3096=CARTESIAN_POINT('',(-9.97039377591269E-6,-0.0977400953232816,0.0688018926559633));
#3097=CARTESIAN_POINT('',(5.62965147364453E-5,-0.0977506194640217,0.0688018926559633));
#3098=CARTESIAN_POINT('',(0.000124929635314047,-0.0977629313619221,0.0688018926559633));
#3099=CARTESIAN_POINT('',(0.000195882915829753,-0.0977771296222172,0.0688018926559633));
#3100=CARTESIAN_POINT('',(0.000269107389930509,-0.0977933119956002,0.0688018926559633));
#3101=CARTESIAN_POINT('',(0.000344550809948982,-0.097811573885327,0.0688018926559633));
#3102=CARTESIAN_POINT('',(0.000422159189138835,-0.0978320136767541,0.0688018926559633));
#3103=CARTESIAN_POINT('',(0.000501871047390745,-0.0978547119634052,0.0688018926559633));
#3104=CARTESIAN_POINT('',(0.000583639564864805,-0.0978798105833751,0.0688018926559633));
#3105=CARTESIAN_POINT('',(0.000656264423832459,-0.0979035823735491,0.0688018926559633));
#3106=CARTESIAN_POINT('',(0.000701760511226168,-0.0979195130486199,0.0688018926559633));
#3107=CARTESIAN_POINT('',(0.000719151626298861,-0.0979256614353417,0.0688018926559633));
#3108=CARTESIAN_POINT('',(-0.0012295304945015,-0.0979038151736888,0.0688018926559633));
#3109=CARTESIAN_POINT('',(-0.00137201074373086,-0.097516956744627,0.0688018926559633));
#3110=CARTESIAN_POINT('',(-0.00174852943125875,-0.0976848666713703,0.0688018926559633));
#3111=CARTESIAN_POINT('',(-0.007,-0.100026779749528,0.0688018926559633));
#3112=CARTESIAN_POINT('',(-0.00190006752438605,-0.0973709957326735,0.0688018926559633));
#3113=CARTESIAN_POINT('',(-0.00153441377900879,-0.0971805819620365,0.0688018926559633));
#3114=CARTESIAN_POINT('',(-0.00174873978380492,-0.0968284109393433,0.0688018926559633));
#3115=CARTESIAN_POINT('',(-0.00208926379320759,-0.0970355977244249,0.0688018926559633));
#3116=CARTESIAN_POINT('',(-0.00174909219118804,-0.0968286480327913,0.0688018926559633));
#3117=CARTESIAN_POINT('',(-0.00138545173095092,-0.0966074206267857,0.0688018926559633));
#3118=CARTESIAN_POINT('',(-0.00137823025513829,-0.096602351246929,0.0688018926559633));
#3119=CARTESIAN_POINT('',(-0.00137197221056871,-0.0965981455730524,0.0688018926559633));
#3120=CARTESIAN_POINT('',(-0.00136475201805178,-0.0965929968678403,0.0688018926559633));
#3121=CARTESIAN_POINT('',(-0.00135514204979752,-0.0965858962926627,0.0688018926559633));
#3122=CARTESIAN_POINT('',(-0.00134371348025142,-0.0965770752035309,0.0688018926559633));
#3123=CARTESIAN_POINT('',(-0.00133037481407616,-0.0965663543446247,0.0688018926559633));
#3124=CARTESIAN_POINT('',(-0.00131524704834357,-0.0965536868278344,0.0688018926559633));
#3125=CARTESIAN_POINT('',(-0.00129838891104089,-0.0965389877965206,0.0688018926559633));
#3126=CARTESIAN_POINT('',(-0.0012798807864554,-0.0965221865842018,0.0688018926559633));
#3127=CARTESIAN_POINT('',(-0.0012597995349565,-0.0965032111927402,0.0688018926559633));
#3128=CARTESIAN_POINT('',(-0.00123822586153975,-0.0964819929600416,0.0688018926559633));
#3129=CARTESIAN_POINT('',(-0.00121524209218875,-0.0964584652769093,0.0688018926559633));
#3130=CARTESIAN_POINT('',(-0.00119093274007694,-0.0964325640337619,0.0688018926559633));
#3131=CARTESIAN_POINT('',(-0.00116538426262533,-0.0964042275647054,0.0688018926559633));
#3132=CARTESIAN_POINT('',(-0.00113868504824738,-0.0963733967333168,0.0688018926559633));
#3133=CARTESIAN_POINT('',(-0.00111092533547664,-0.0963400149756711,0.0688018926559633));
#3134=CARTESIAN_POINT('',(-0.00108219714940835,-0.0963040283532459,0.0688018926559633));
#3135=CARTESIAN_POINT('',(-0.00105259423150146,-0.0962653856007889,0.0688018926559633));
#3136=CARTESIAN_POINT('',(-0.001022211969605,-0.0962240381733586,0.0688018926559633));
#3137=CARTESIAN_POINT('',(-0.000991147326363295,-0.0961799402913243,0.0688018926559633));
#3138=CARTESIAN_POINT('',(-0.000959498766560846,-0.0961330489836758,0.0688018926559633));
#3139=CARTESIAN_POINT('',(-0.00092736618341599,-0.096083324129377,0.0688018926559633));
#3140=CARTESIAN_POINT('',(-0.000894850823489377,-0.0960307284973499,0.0688018926559633));
#3141=CARTESIAN_POINT('',(-0.000862055211875212,-0.0959752277828046,0.0688018926559633));
#3142=CARTESIAN_POINT('',(-0.000829083071434741,-0.0959167906485758,0.0688018926559633));
#3143=CARTESIAN_POINT('',(-0.000796039260313602,-0.0958553887380459,0.0688018926559633));
#3144=CARTESIAN_POINT('',(-0.000763029634822221,-0.0957909967879569,0.0688018926559633));
#3145=CARTESIAN_POINT('',(-0.00073016119454429,-0.095723592348568,0.0688018926559633));
#3146=CARTESIAN_POINT('',(-0.000697541141591984,-0.0956531569995885,0.0688018926559633));
#3147=CARTESIAN_POINT('',(-0.000665280094865453,-0.0955796718278994,0.0688018926559633));
#3148=CARTESIAN_POINT('',(-0.000633479401291173,-0.0955031348534945,0.0688018926559633));
#3149=CARTESIAN_POINT('',(-0.000602279249153043,-0.0954234945265184,0.0688018926559633));
#3150=CARTESIAN_POINT('',(-0.000575726798718465,-0.0953518395509475,0.0688018926559633));
#3151=CARTESIAN_POINT('',(-0.000559906349983416,-0.0953063050170401,0.0688018926559633));
#3152=CARTESIAN_POINT('',(-0.000553904949095227,-0.0952888626338849,0.0688018926559633));
#3153=CARTESIAN_POINT('',(-0.000553904949095227,-0.0952888626338849,0.0688018926559633));
#3154=CARTESIAN_POINT('',(-0.007,-0.100026779749528,0.0688018926559633));
#3155=CARTESIAN_POINT('',(-0.000956925768573771,-0.0947845231902326,0.0688018926559633));
#3156=CARTESIAN_POINT('',(-0.00299930153888424,-0.0958967783181446,0.0688018926559633));
#3157=CARTESIAN_POINT('',(-0.00272241541689492,-0.0956106333039692,0.0688018926559633));
#3158=CARTESIAN_POINT('',(-0.00242642657997938,-0.0953047467924803,0.0688018926559633));
#3159=CARTESIAN_POINT('',(-0.00241988917672812,-0.0952988213655949,0.0688018926559633));
#3160=CARTESIAN_POINT('',(-0.00241440671588542,-0.0952936451278009,0.0688018926559633));
#3161=CARTESIAN_POINT('',(-0.00240779222414014,-0.0952877384498603,0.0688018926559633));
#3162=CARTESIAN_POINT('',(-0.00239874681053242,-0.0952799313921324,0.0688018926559633));
#3163=CARTESIAN_POINT('',(-0.0023876221200185,-0.0952707300293904,0.0688018926559633));
#3164=CARTESIAN_POINT('',(-0.00237422313021912,-0.0952600846593462,0.0688018926559633));
#3165=CARTESIAN_POINT('',(-0.00235853079691788,-0.0952481236412769,0.0688018926559633));
#3166=CARTESIAN_POINT('',(-0.0023404753074841,-0.0952349229740139,0.0688018926559633));
#3167=CARTESIAN_POINT('',(-0.00232000546679591,-0.0952205766492841,0.0688018926559633));
#3168=CARTESIAN_POINT('',(-0.00229706800358271,-0.0952051755154225,0.0688018926559633));
#3169=CARTESIAN_POINT('',(-0.00227161374848174,-0.0951888134348457,0.0688018926559633));
#3170=CARTESIAN_POINT('',(-0.00224359589201551,-0.0951715853982137,0.0688018926559633));
#3171=CARTESIAN_POINT('',(-0.0022129705451971,-0.0951535879781506,0.0688018926559633));
#3172=CARTESIAN_POINT('',(-0.00217969663139248,-0.0951349191046225,0.0688018926559633));
#3173=CARTESIAN_POINT('',(-0.00214373596706754,-0.0951156780330873,0.0688018926559633));
#3174=CARTESIAN_POINT('',(-0.00210505328591723,-0.0950959652561229,0.0688018926559633));
#3175=CARTESIAN_POINT('',(-0.00206361627644683,-0.0950758824297656,0.0688018926559633));
#3176=CARTESIAN_POINT('',(-0.00201939561317729,-0.095055532294482,0.0688018926559633));
#3177=CARTESIAN_POINT('',(-0.00197236498709261,-0.0950350185965431,0.0688018926559633));
#3178=CARTESIAN_POINT('',(-0.00192250113373897,-0.0950144460082671,0.0688018926559633));
#3179=CARTESIAN_POINT('',(-0.00186978385944228,-0.0949939200476005,0.0688018926559633));
#3180=CARTESIAN_POINT('',(-0.00181419606538522,-0.0949735469971055,0.0688018926559633));
#3181=CARTESIAN_POINT('',(-0.00175572377004302,-0.0949534338218989,0.0688018926559633));
#3182=CARTESIAN_POINT('',(-0.00169435612811742,-0.0949336880886717,0.0688018926559633));
#3183=CARTESIAN_POINT('',(-0.00163008545304033,-0.0949144178777949,0.0688018926559633));
#3184=CARTESIAN_POINT('',(-0.00156290721579626,-0.0948957317195244,0.0688018926559633));
#3185=CARTESIAN_POINT('',(-0.00149282012471028,-0.0948777384353758,0.0688018926559633));
#3186=CARTESIAN_POINT('',(-0.00141982588450575,-0.0948605473413849,0.0688018926559633));
#3187=CARTESIAN_POINT('',(-0.001343930174783,-0.0948442670623284,0.0688018926559633));
#3188=CARTESIAN_POINT('',(-0.00126513894811341,-0.0948290096643209,0.0688018926559633));
#3189=CARTESIAN_POINT('',(-0.00118347262794205,-0.0948148744348379,0.0688018926559633));
#3190=CARTESIAN_POINT('',(-0.00109891185624417,-0.0948020094799543,0.0688018926559633));
#3191=CARTESIAN_POINT('',(-0.00102316492607225,-0.0947919163774737,0.0688018926559633));
#3192=CARTESIAN_POINT('',(-0.000975262306852798,-0.0947865294072435,0.0688018926559633));
#3193=CARTESIAN_POINT('',(-0.000956925768573771,-0.0947845231902326,0.0688018926559633));
#3194=CARTESIAN_POINT('',(-0.00272210643054467,-0.0956103418735277,0.0688018926559633));
#3195=CARTESIAN_POINT('',(-0.00301832828110179,-0.0953236143359434,0.0688018926559633));
#3196=CARTESIAN_POINT('',(-0.00328470650989755,-0.0956382612885431,0.0688018926559633));
#3197=CARTESIAN_POINT('',(-0.007,-0.100026779749528,0.0688018926559633));
#3198=CARTESIAN_POINT('',(-0.00355742111058867,-0.0954212232587028,0.0688018926559633));
#3199=CARTESIAN_POINT('',(-0.00331059590835528,-0.0950910151650723,0.0688018926559633));
#3200=CARTESIAN_POINT('',(-0.00365649824639347,-0.0948667126057994,0.0688018926559633));
#3201=CARTESIAN_POINT('',(-0.00387340480063164,-0.0952011292794577,0.0688018926559633));
#3202=CARTESIAN_POINT('',(-0.00365671288348275,-0.094867079123448,0.0688018926559633));
#3203=CARTESIAN_POINT('',(-0.00342507112381238,-0.094509982435328,0.0688018926559633));
#3204=CARTESIAN_POINT('',(-0.00342076432041214,-0.09450228180097,0.0688018926559633));
#3205=CARTESIAN_POINT('',(-0.0034169507905881,-0.0944957773559612,0.0688018926559633));
#3206=CARTESIAN_POINT('',(-0.00341267956137911,-0.0944880058087287,0.0688018926559633));
#3207=CARTESIAN_POINT('',(-0.00340710210326842,-0.0944774388025905,0.0688018926559633));
#3208=CARTESIAN_POINT('',(-0.00340063264503833,-0.0944645326054144,0.0688018926559633));
#3209=CARTESIAN_POINT('',(-0.00339326652842386,-0.0944490860149477,0.0688018926559633));
#3210=CARTESIAN_POINT('',(-0.00338513311200816,-0.0944311092851255,0.0688018926559633));
#3211=CARTESIAN_POINT('',(-0.00337632212579548,-0.094410551443876,0.0688018926559633));
#3212=CARTESIAN_POINT('',(-0.00336693665456328,-0.0943873837003345,0.0688018926559633));
#3213=CARTESIAN_POINT('',(-0.00335707718593281,-0.0943615745348849,0.0688018926559633));
#3214=CARTESIAN_POINT('',(-0.00334684622395876,-0.094333097101703,0.0688018926559633));
#3215=CARTESIAN_POINT('',(-0.00333634684243668,-0.0943019271078819,0.0688018926559633));
#3216=CARTESIAN_POINT('',(-0.00332568300120966,-0.0942680434615763,0.0688018926559633));
#3217=CARTESIAN_POINT('',(-0.00331495935155106,-0.0942314281162047,0.0688018926559633));
#3218=CARTESIAN_POINT('',(-0.00330428118700208,-0.0941920661419861,0.0688018926559633));
#3219=CARTESIAN_POINT('',(-0.00329375435183935,-0.0941499457296178,0.0688018926559633));
#3220=CARTESIAN_POINT('',(-0.00328348516085656,-0.0941050582103623,0.0688018926559633));
#3221=CARTESIAN_POINT('',(-0.00327358031534924,-0.0940573980687182,0.0688018926559633));
#3222=CARTESIAN_POINT('',(-0.00326414681966042,-0.0940069629544412,0.0688018926559633));
#3223=CARTESIAN_POINT('',(-0.00325529189715134,-0.0939537536920238,0.0688018926559633));
#3224=CARTESIAN_POINT('',(-0.00324712290595005,-0.0938977742881925,0.0688018926559633));
#3225=CARTESIAN_POINT('',(-0.0032397472546015,-0.0938390319371859,0.0688018926559633));
#3226=CARTESIAN_POINT('',(-0.00323327231706414,-0.0937775370241981,0.0688018926559633));
#3227=CARTESIAN_POINT('',(-0.00322780534954655,-0.0937133031256527,0.0688018926559633));
#3228=CARTESIAN_POINT('',(-0.00322345339980408,-0.0936463470114021,0.0688018926559633));
#3229=CARTESIAN_POINT('',(-0.00322032324523679,-0.093576688629261,0.0688018926559633));
#3230=CARTESIAN_POINT('',(-0.00321852122040159,-0.0935043511471522,0.0688018926559633));
#3231=CARTESIAN_POINT('',(-0.00321815346916987,-0.0934293607639376,0.0688018926559633));
#3232=CARTESIAN_POINT('',(-0.00321932456957179,-0.0933517473967621,0.0688018926559633));
#3233=CARTESIAN_POINT('',(-0.00322214239188738,-0.0932715420012362,0.0688018926559633));
#3234=CARTESIAN_POINT('',(-0.00322669910563481,-0.0931887867662194,0.0688018926559633));
#3235=CARTESIAN_POINT('',(-0.00323314338273746,-0.0931034960723136,0.0688018926559633));
#3236=CARTESIAN_POINT('',(-0.00324031038025649,-0.0930274164936166,0.0688018926559633));
#3237=CARTESIAN_POINT('',(-0.00324581334230067,-0.0929795270606999,0.0688018926559633));
#3238=CARTESIAN_POINT('',(-0.00324797423335911,-0.0929612081062377,0.0688018926559633));
#3239=CARTESIAN_POINT('',(-0.00324797423335911,-0.0929612081062377,0.0688018926559633));
#3240=CARTESIAN_POINT('',(-0.007,-0.100026779749528,0.0688018926559633));
#3241=CARTESIAN_POINT('',(-0.00382990812842212,-0.0926816781487494,0.0688018926559633));
#3242=CARTESIAN_POINT('',(-0.00518743570027891,-0.0945699390280684,0.0688018926559633));
#3243=CARTESIAN_POINT('',(-0.00506212359309262,-0.0941919948926723,0.0688018926559633));
#3244=CARTESIAN_POINT('',(-0.00492816604913546,-0.0937879759254116,0.0688018926559633));
#3245=CARTESIAN_POINT('',(-0.00492484699870209,-0.093779800827292,0.0688018926559633));
#3246=CARTESIAN_POINT('',(-0.00492215335757194,-0.0937727584475768,0.0688018926559633));
#3247=CARTESIAN_POINT('',(-0.00491875671794308,-0.0937645667942287,0.0688018926559633));
#3248=CARTESIAN_POINT('',(-0.0049139944372837,-0.093753608220388,0.0688018926559633));
#3249=CARTESIAN_POINT('',(-0.00490796375913709,-0.0937404912566985,0.0688018926559633));
#3250=CARTESIAN_POINT('',(-0.0049005105394256,-0.0937250865059068,0.0688018926559633));
#3251=CARTESIAN_POINT('',(-0.00489156192689996,-0.0937075013527497,0.0688018926559633));
#3252=CARTESIAN_POINT('',(-0.00488102204789633,-0.0936877739792431,0.0688018926559633));
#3253=CARTESIAN_POINT('',(-0.00486880399572166,-0.0936659668562758,0.0688018926559633));
#3254=CARTESIAN_POINT('',(-0.00485482035700444,-0.0936421387218313,0.0688018926559633));
#3255=CARTESIAN_POINT('',(-0.00483898610630323,-0.0936163528092378,0.0688018926559633));
#3256=CARTESIAN_POINT('',(-0.00482121785483335,-0.0935886743922517,0.0688018926559633));
#3257=CARTESIAN_POINT('',(-0.00480143415869271,-0.0935591714370829,0.0688018926559633));
#3258=CARTESIAN_POINT('',(-0.00477955551889293,-0.0935279143530987,0.0688018926559633));
#3259=CARTESIAN_POINT('',(-0.00475550446792944,-0.0934949759991619,0.0688018926559633));
#3260=CARTESIAN_POINT('',(-0.00472920562986369,-0.0934604316144805,0.0688018926559633));
#3261=CARTESIAN_POINT('',(-0.00470058578614387,-0.0934243587685462,0.0688018926559633));
#3262=CARTESIAN_POINT('',(-0.0046695739380084,-0.0933868373034724,0.0688018926559633));
#3263=CARTESIAN_POINT('',(-0.00463610136803298,-0.0933479492763653,0.0688018926559633));
#3264=CARTESIAN_POINT('',(-0.00460010170005221,-0.0933077788996566,0.0688018926559633));
#3265=CARTESIAN_POINT('',(-0.00456151095767324,-0.0932664124800242,0.0688018926559633));
#3266=CARTESIAN_POINT('',(-0.00452026762111843,-0.0932239383558493,0.0688018926559633));
#3267=CARTESIAN_POINT('',(-0.00447631268304448,-0.0931804468330155,0.0688018926559633));
#3268=CARTESIAN_POINT('',(-0.00442958970073716,-0.0931360301201645,0.0688018926559633));
#3269=CARTESIAN_POINT('',(-0.00438004485452248,-0.0930907822592685,0.0688018926559633));
#3270=CARTESIAN_POINT('',(-0.00432762697438514,-0.0930447990676433,0.0688018926559633));
#3271=CARTESIAN_POINT('',(-0.00427228768068022,-0.0929981780296498,0.0688018926559633));
#3272=CARTESIAN_POINT('',(-0.00421398107886004,-0.0929510183752849,0.0688018926559633));
#3273=CARTESIAN_POINT('',(-0.0041526651555434,-0.0929034204363767,0.0688018926559633));
#3274=CARTESIAN_POINT('',(-0.00408829665014697,-0.0928554877637296,0.0688018926559633));
#3275=CARTESIAN_POINT('',(-0.00402085088433778,-0.0928073186736689,0.0688018926559633));
#3276=CARTESIAN_POINT('',(-0.00395024615632066,-0.0927590382060249,0.0688018926559633));
#3277=CARTESIAN_POINT('',(-0.00388637976344017,-0.0927170792736196,0.0688018926559633));
#3278=CARTESIAN_POINT('',(-0.00384555831361843,-0.0926914416136095,0.0688018926559633));
#3279=CARTESIAN_POINT('',(-0.00382990812842212,-0.0926816781487494,0.0688018926559633));
#3280=CARTESIAN_POINT('',(-0.00506197165294009,-0.0941915982587643,0.0688018926559633));
#3281=CARTESIAN_POINT('',(-0.00545326473439955,-0.0940617915179586,0.0688018926559633));
#3282=CARTESIAN_POINT('',(-0.00555674302933558,-0.0944608558085608,0.0688018926559633));
#3283=CARTESIAN_POINT('',(-0.007,-0.100026779749528,0.0688018926559633));
#3284=CARTESIAN_POINT('',(-0.00589661966629855,-0.0943836377311836,0.0688018926559633));
#3285=CARTESIAN_POINT('',(-0.00581750976562385,-0.0939790370772396,0.0688018926559633));
#3286=CARTESIAN_POINT('',(-0.00622647823664184,-0.0939270288541415,0.0688018926559633));
#3287=CARTESIAN_POINT('',(-0.0062768063324643,-0.094322440092807,0.0688018926559633));
#3288=CARTESIAN_POINT('',(-0.00622651259192936,-0.0939274522026752,0.0688018926559633));
#3289=CARTESIAN_POINT('',(-0.00617274902422821,-0.0935052136110265,0.0688018926559633));
#3290=CARTESIAN_POINT('',(-0.00617220990847325,-0.0934964069272439,0.0688018926559633));
#3291=CARTESIAN_POINT('',(-0.00617159620974631,-0.0934888919962087,0.0688018926559633));
#3292=CARTESIAN_POINT('',(-0.00617111991317328,-0.0934800368571969,0.0688018926559633));
#3293=CARTESIAN_POINT('',(-0.00617067964918802,-0.0934680963452597,0.0688018926559633));
#3294=CARTESIAN_POINT('',(-0.0061704506578191,-0.093453661270674,0.0688018926559633));
#3295=CARTESIAN_POINT('',(-0.00617051604050042,-0.0934365483353288,0.0688018926559633));
#3296=CARTESIAN_POINT('',(-0.00617098789627255,-0.0934168229042861,0.0688018926559633));
#3297=CARTESIAN_POINT('',(-0.00617196918502894,-0.0933944779856857,0.0688018926559633));
#3298=CARTESIAN_POINT('',(-0.0061735652748328,-0.0933695323666637,0.0688018926559633));
#3299=CARTESIAN_POINT('',(-0.00617588037775148,-0.093342001248972,0.0688018926559633));
#3300=CARTESIAN_POINT('',(-0.0061790184947136,-0.0933119049202012,0.0688018926559633));
#3301=CARTESIAN_POINT('',(-0.00618308303229737,-0.0932792662152424,0.0688018926559633));
#3302=CARTESIAN_POINT('',(-0.00618817680649356,-0.0932441112374852,0.0688018926559633));
#3303=CARTESIAN_POINT('',(-0.00619440193495979,-0.093206469134007,0.0688018926559633));
#3304=CARTESIAN_POINT('',(-0.00620185976168781,-0.0931663721386955,0.0688018926559633));
#3305=CARTESIAN_POINT('',(-0.0062106507729402,-0.0931238555358469,0.0688018926559633));
#3306=CARTESIAN_POINT('',(-0.00622087451626044,-0.0930789576434591,0.0688018926559633));
#3307=CARTESIAN_POINT('',(-0.00623262951928037,-0.0930317197881938,0.0688018926559633));
#3308=CARTESIAN_POINT('',(-0.00624601320931456,-0.0929821862799987,0.0688018926559633));
#3309=CARTESIAN_POINT('',(-0.00626112183353957,-0.0929304043841887,0.0688018926559633));
#3310=CARTESIAN_POINT('',(-0.00627805037983294,-0.0928764242916457,0.0688018926559633));
#3311=CARTESIAN_POINT('',(-0.0062968924984867,-0.0928202990869758,0.0688018926559633));
#3312=CARTESIAN_POINT('',(-0.00631774042412775,-0.0927620847147302,0.0688018926559633));
#3313=CARTESIAN_POINT('',(-0.00634068490067156,-0.0927018399435686,0.0688018926559633));
#3314=CARTESIAN_POINT('',(-0.00636581509864675,-0.0926396263288864,0.0688018926559633));
#3315=CARTESIAN_POINT('',(-0.00639321856613417,-0.0925755081720212,0.0688018926559633));
#3316=CARTESIAN_POINT('',(-0.00642298105507419,-0.0925095524833852,0.0688018926559633));
#3317=CARTESIAN_POINT('',(-0.00645518683053027,-0.0924418289214373,0.0688018926559633));
#3318=CARTESIAN_POINT('',(-0.00648991713348922,-0.0923724098153003,0.0688018926559633));
#3319=CARTESIAN_POINT('',(-0.00652725572057901,-0.0923013698581762,0.0688018926559633));
#3320=CARTESIAN_POINT('',(-0.00656726732860603,-0.0922287870517689,0.0688018926559633));
#3321=CARTESIAN_POINT('',(-0.00661007966683541,-0.0921547388588832,0.0688018926559633));
#3322=CARTESIAN_POINT('',(-0.00664954660055193,-0.0920893031706759,0.0688018926559633));
#3323=CARTESIAN_POINT('',(-0.00667528304425313,-0.0920485439282644,0.0688018926559633));
#3324=CARTESIAN_POINT('',(-0.00668517823628247,-0.0920329766960937,0.0688018926559633));
#3325=CARTESIAN_POINT('',(-0.00668517823628247,-0.0920329766960937,0.0688018926559633));
#3326=CARTESIAN_POINT('',(-0.007,-0.100026779749528,0.0688018926559633));
#3327=CARTESIAN_POINT('',(-0.00733076606206186,-0.0920336205610598,0.0688018926559633));
#3328=CARTESIAN_POINT('',(-0.00773457045087568,-0.0943238939666367,0.0688018926559633));
#3329=CARTESIAN_POINT('',(-0.00778565195817277,-0.0939290071812158,0.0688018926559633));
#3330=CARTESIAN_POINT('',(-0.00784025764163618,-0.0935068766696167,0.0688018926559633));
#3331=CARTESIAN_POINT('',(-0.00784081432266451,-0.0934980710787065,0.0688018926559633));
#3332=CARTESIAN_POINT('',(-0.00784144300990805,-0.0934905573867418,0.0688018926559633));
#3333=CARTESIAN_POINT('',(-0.00784193696853117,-0.093481703215396,0.0688018926559633));
#3334=CARTESIAN_POINT('',(-0.00784240104891025,-0.0934697636053897,0.0688018926559633));
#3335=CARTESIAN_POINT('',(-0.00784265883289931,-0.0934553290162803,0.0688018926559633));
#3336=CARTESIAN_POINT('',(-0.00784262758484729,-0.0934382159845623,0.0688018926559633));
#3337=CARTESIAN_POINT('',(-0.00784219507555553,-0.0934184896515679,0.0688018926559633));
#3338=CARTESIAN_POINT('',(-0.0078412583592818,-0.0933961428200811,0.0688018926559633));
#3339=CARTESIAN_POINT('',(-0.00783971203069848,-0.0933711940670267,0.0688018926559633));
#3340=CARTESIAN_POINT('',(-0.00783745184762323,-0.0933436583862589,0.0688018926559633));
#3341=CARTESIAN_POINT('',(-0.0078343737688675,-0.0933135558578814,0.0688018926559633));
#3342=CARTESIAN_POINT('',(-0.00783037434251088,-0.0932809091104787,0.0688018926559633));
#3343=CARTESIAN_POINT('',(-0.00782535070069974,-0.0932457440423055,0.0688018926559633));
#3344=CARTESIAN_POINT('',(-0.0078192006678411,-0.0932080895966912,0.0688018926559633));
#3345=CARTESIAN_POINT('',(-0.00781182283584914,-0.0931679778053124,0.0688018926559633));
#3346=CARTESIAN_POINT('',(-0.00780311664828097,-0.0931254437519592,0.0688018926559633));
#3347=CARTESIAN_POINT('',(-0.00779298248135976,-0.0930805255559896,0.0688018926559633));
#3348=CARTESIAN_POINT('',(-0.00778132172521698,-0.0930332643474541,0.0688018926559633));
#3349=CARTESIAN_POINT('',(-0.00776803686434859,-0.0929837042418776,0.0688018926559633));
#3350=CARTESIAN_POINT('',(-0.00775303155749123,-0.0929318923125007,0.0688018926559633));
#3351=CARTESIAN_POINT('',(-0.00773621071684252,-0.0928778785606366,0.0688018926559633));
#3352=CARTESIAN_POINT('',(-0.00771748058641099,-0.0928217158839855,0.0688018926559633));
#3353=CARTESIAN_POINT('',(-0.00769674882016277,-0.0927634600430104,0.0688018926559633));
#3354=CARTESIAN_POINT('',(-0.00767392455713947,-0.0927031696252508,0.0688018926559633));
#3355=CARTESIAN_POINT('',(-0.00764891850420768,-0.0926409060081147,0.0688018926559633));
#3356=CARTESIAN_POINT('',(-0.00762164298520136,-0.0925767333181831,0.0688018926559633));
#3357=CARTESIAN_POINT('',(-0.00759201211468767,-0.0925107183946888,0.0688018926559633));
#3358=CARTESIAN_POINT('',(-0.00755994148882586,-0.092442930727872,0.0688018926559633));
#3359=CARTESIAN_POINT('',(-0.00752534972251864,-0.0923734424846633,0.0688018926559633));
#3360=CARTESIAN_POINT('',(-0.00748815291031706,-0.0923023281910502,0.0688018926559633));
#3361=CARTESIAN_POINT('',(-0.00744828615995659,-0.0922296657194533,0.0688018926559633));
#3362=CARTESIAN_POINT('',(-0.00740562160791415,-0.0921555322777869,0.0688018926559633));
#3363=CARTESIAN_POINT('',(-0.007366285274705,-0.0920900179966124,0.0688018926559633));
#3364=CARTESIAN_POINT('',(-0.00734063018306043,-0.0920492074998125,0.0688018926559633));
#3365=CARTESIAN_POINT('',(-0.00733076606206186,-0.0920336205610598,0.0688018926559633));
#3366=CARTESIAN_POINT('',(-0.0077856871578286,-0.0939285839020513,0.0688018926559633));
#3367=CARTESIAN_POINT('',(-0.00819455107651262,-0.0939814077750159,0.0688018926559633));
#3368=CARTESIAN_POINT('',(-0.00811463429219886,-0.0943858498266644,0.0688018926559633));
#3369=CARTESIAN_POINT('',(-0.007,-0.100026779749528,0.0688018926559633));
#3370=CARTESIAN_POINT('',(-0.00845435622916978,-0.0944637456889924,0.0688018926559633));
#3371=CARTESIAN_POINT('',(-0.00855863031610162,-0.09406488859635,0.0688018926559633));
#3372=CARTESIAN_POINT('',(-0.00894966369874516,-0.0941954755758501,0.0688018926559633));
#3373=CARTESIAN_POINT('',(-0.00882344523954069,-0.0945735653343046,0.0688018926559633));
#3374=CARTESIAN_POINT('',(-0.00894951096774488,-0.0941958719058999,0.0688018926559633));
#3375=CARTESIAN_POINT('',(-0.00908427412596305,-0.093792120942215,0.0688018926559633));
#3376=CARTESIAN_POINT('',(-0.00908760947634049,-0.0937839524807378,0.0688018926559633));
#3377=CARTESIAN_POINT('',(-0.00909031715926999,-0.0937769154879323,0.0688018926559633));
#3378=CARTESIAN_POINT('',(-0.0090937301317106,-0.0937687306260238,0.0688018926559633));
#3379=CARTESIAN_POINT('',(-0.00909851426153256,-0.0937577815731173,0.0688018926559633));
#3380=CARTESIAN_POINT('',(-0.00910457109157381,-0.0937446766646784,0.0688018926559633));
#3381=CARTESIAN_POINT('',(-0.00911205502370901,-0.0937292868111763,0.0688018926559633));
#3382=CARTESIAN_POINT('',(-0.00912103869484639,-0.0937117195424475,0.0688018926559633));
#3383=CARTESIAN_POINT('',(-0.00913161790229891,-0.0936920132316676,0.0688018926559633));
#3384=CARTESIAN_POINT('',(-0.00914387942797845,-0.0936702305229503,0.0688018926559633));
#3385=CARTESIAN_POINT('',(-0.00915791056792035,-0.0936464303285222,0.0688018926559633));
#3386=CARTESIAN_POINT('',(-0.00917379622126782,-0.0936206760511829,0.0688018926559633));
#3387=CARTESIAN_POINT('',(-0.00919161964644069,-0.0935930331308911,0.0688018926559633));
#3388=CARTESIAN_POINT('',(-0.00921146215160948,-0.0935635696961744,0.0688018926559633));
#3389=CARTESIAN_POINT('',(-0.00923340309516163,-0.0935323563148336,0.0688018926559633));
#3390=CARTESIAN_POINT('',(-0.00925751979911893,-0.093499466000108,0.0688018926559633));
#3391=CARTESIAN_POINT('',(-0.00928388748919323,-0.0934649741414052,0.0688018926559633));
#3392=CARTESIAN_POINT('',(-0.00931257922906591,-0.0934289584541089,0.0688018926559633));
#3393=CARTESIAN_POINT('',(-0.00934366585809934,-0.0933914989217921,0.0688018926559633));
#3394=CARTESIAN_POINT('',(-0.00937721592990512,-0.0933526777384655,0.0688018926559633));
#3395=CARTESIAN_POINT('',(-0.0094132956525413,-0.0933125792487915,0.0688018926559633));
#3396=CARTESIAN_POINT('',(-0.00945196883012095,-0.0932712898868873,0.0688018926559633));
#3397=CARTESIAN_POINT('',(-0.00949329680609423,-0.0932288981136695,0.0688018926559633));
#3398=CARTESIAN_POINT('',(-0.00953733840755745,-0.0931854943525417,0.0688018926559633));
#3399=CARTESIAN_POINT('',(-0.00958414989318764,-0.0931411709245461,0.0688018926559633));
#3400=CARTESIAN_POINT('',(-0.00963378489496987,-0.09309602197882,0.0688018926559633));
#3401=CARTESIAN_POINT('',(-0.00968629439169459,-0.0930501434345553,0.0688018926559633));
#3402=CARTESIAN_POINT('',(-0.00974172656846228,-0.09300363287242,0.0688018926559633));
#3403=CARTESIAN_POINT('',(-0.00980012712179919,-0.0929565896137576,0.0688018926559633));
#3404=CARTESIAN_POINT('',(-0.00986153786487494,-0.092909114073999,0.0688018926559633));
#3405=CARTESIAN_POINT('',(-0.00992600185163808,-0.092861309890033,0.0688018926559633));
#3406=CARTESIAN_POINT('',(-0.00999354356426477,-0.0928132754272139,0.0688018926559633));
#3407=CARTESIAN_POINT('',(-0.0100642444549756,-0.0927651358880908,0.0688018926559633));
#3408=CARTESIAN_POINT('',(-0.010128194414637,-0.0927233044309386,0.0688018926559633));
#3409=CARTESIAN_POINT('',(-0.0101690669216834,-0.0926977482468713,0.0688018926559633));
#3410=CARTESIAN_POINT('',(-0.0101847365505456,-0.092688016018243,0.0688018926559633));
#3411=CARTESIAN_POINT('',(-0.0101847365505456,-0.092688016018243,0.0688018926559633));
#3412=CARTESIAN_POINT('',(-0.007,-0.100026779749528,0.0688018926559633));
#3413=CARTESIAN_POINT('',(-0.0107661117205307,-0.0929687061803106,0.0688018926559633));
#3414=CARTESIAN_POINT('',(-0.0101362145147611,-0.0952073753758108,0.0688018926559633));
#3415=CARTESIAN_POINT('',(-0.0103535723175479,-0.0948737581111863,0.0688018926559633));
#3416=CARTESIAN_POINT('',(-0.0105859259031272,-0.094517124180162,0.0688018926559633));
#3417=CARTESIAN_POINT('',(-0.0105902480581123,-0.0945094321517345,0.0688018926559633));
#3418=CARTESIAN_POINT('',(-0.0105940745545106,-0.0945029353263632,0.0688018926559633));
#3419=CARTESIAN_POINT('',(-0.0105983612768224,-0.094495172314244,0.0688018926559633));
#3420=CARTESIAN_POINT('',(-0.0106039598014293,-0.0944846164542635,0.0688018926559633));
#3421=CARTESIAN_POINT('',(-0.0106104549902734,-0.0944717231871361,0.0688018926559633));
#3422=CARTESIAN_POINT('',(-0.0106178519029409,-0.0944562913203011,0.0688018926559633));
#3423=CARTESIAN_POINT('',(-0.0106260211606526,-0.0944383308496466,0.0688018926559633));
#3424=CARTESIAN_POINT('',(-0.0106348731352548,-0.0944177906242213,0.0688018926559633));
#3425=CARTESIAN_POINT('',(-0.0106443047996032,-0.0943946416475987,0.0688018926559633));
#3426=CARTESIAN_POINT('',(-0.0106542157291474,-0.0943688521997866,0.0688018926559633));
#3427=CARTESIAN_POINT('',(-0.0106645034735848,-0.0943403952305535,0.0688018926559633));
#3428=CARTESIAN_POINT('',(-0.0106750650077811,-0.0943092462414435,0.0688018926559633));
#3429=CARTESIAN_POINT('',(-0.0106857964141712,-0.0942753839332887,0.0688018926559633));
#3430=CARTESIAN_POINT('',(-0.0106965930776865,-0.0942387900507997,0.0688018926559633));
#3431=CARTESIAN_POINT('',(-0.0107073497347752,-0.0941994494542004,0.0688018926559633));
#3432=CARTESIAN_POINT('',(-0.0107179605649269,-0.0941573501230879,0.0688018926559633));
#3433=CARTESIAN_POINT('',(-0.0107283192708504,-0.0941124831766804,0.0688018926559633));
#3434=CARTESIAN_POINT('',(-0.0107383191624642,-0.0940648428866542,0.0688018926559633));
#3435=CARTESIAN_POINT('',(-0.010747853240326,-0.0940144266893326,0.0688018926559633));
#3436=CARTESIAN_POINT('',(-0.0107568142796431,-0.0939612351953322,0.0688018926559633));
#3437=CARTESIAN_POINT('',(-0.0107650949145092,-0.0939052721972283,0.0688018926559633));
#3438=CARTESIAN_POINT('',(-0.0107725877222429,-0.0938465446750018,0.0688018926559633));
#3439=CARTESIAN_POINT('',(-0.0107791853083844,-0.0937850627996515,0.0688018926559633));
#3440=CARTESIAN_POINT('',(-0.010784780389858,-0.0937208399336341,0.0688018926559633));
#3441=CARTESIAN_POINT('',(-0.0107892658856714,-0.0936538926332448,0.0688018926559633));
#3442=CARTESIAN_POINT('',(-0.0107925349788476,-0.093584240633274,0.0688018926559633));
#3443=CARTESIAN_POINT('',(-0.0107944812888292,-0.093511906889497,0.0688018926559633));
#3444=CARTESIAN_POINT('',(-0.010794998619698,-0.0934369173890025,0.0688018926559633));
#3445=CARTESIAN_POINT('',(-0.0107939823339575,-0.0933593018402782,0.0688018926559633));
#3446=CARTESIAN_POINT('',(-0.0107913244997963,-0.0932790909837086,0.0688018926559633));
#3447=CARTESIAN_POINT('',(-0.010786932863727,-0.0931963268242221,0.0688018926559633));
#3448=CARTESIAN_POINT('',(-0.0107806587254377,-0.0931110234458422,0.0688018926559633));
#3449=CARTESIAN_POINT('',(-0.0107736434951204,-0.0930349297227651,0.0688018926559633));
#3450=CARTESIAN_POINT('',(-0.0107682360671922,-0.0929870294085746,0.0688018926559633));
#3451=CARTESIAN_POINT('',(-0.0107661117205307,-0.0929687061803106,0.0688018926559633));
#3452=CARTESIAN_POINT('',(-0.0103537876852885,-0.094873392022395,0.0688018926559633));
#3453=CARTESIAN_POINT('',(-0.0106992419277149,-0.095098384093247,0.0688018926559633));
#3454=CARTESIAN_POINT('',(-0.0104517585633996,-0.0954280991974565,0.0688018926559633));
#3455=CARTESIAN_POINT('',(-0.007,-0.100026779749528,0.0688018926559633));
#3456=CARTESIAN_POINT('',(-0.0107240397043453,-0.0956456807686257,0.0688018926559633));
#3457=CARTESIAN_POINT('',(-0.0109910450171291,-0.0953315657761439,0.0688018926559633));
#3458=CARTESIAN_POINT('',(-0.0112866943542559,-0.0956188836054081,0.0688018926559633));
#3459=CARTESIAN_POINT('',(-0.0110089284538378,-0.095904766570023,0.0688018926559633));
#3460=CARTESIAN_POINT('',(-0.0112863847872155,-0.0956191744189469,0.0688018926559633));
#3461=CARTESIAN_POINT('',(-0.0115829831751063,-0.0953138789132641,0.0688018926559633));
#3462=CARTESIAN_POINT('',(-0.0115895323845685,-0.0953079665380676,0.0688018926559633));
#3463=CARTESIAN_POINT('',(-0.0115950251593427,-0.09530280124622,0.0688018926559633));
#3464=CARTESIAN_POINT('',(-0.0116016514197477,-0.0952969077736963,0.0688018926559633));
#3465=CARTESIAN_POINT('',(-0.0116107123877921,-0.0952891187740302,0.0688018926559633));
#3466=CARTESIAN_POINT('',(-0.0116218554097718,-0.0952799396195755,0.0688018926559633));
#3467=CARTESIAN_POINT('',(-0.0116352756068171,-0.0952693209971466,0.0688018926559633));
#3468=CARTESIAN_POINT('',(-0.0116509917670734,-0.095257391303752,0.0688018926559633));
#3469=CARTESIAN_POINT('',(-0.0116690735514406,-0.0952442266773245,0.0688018926559633));
#3470=CARTESIAN_POINT('',(-0.0116895719674573,-0.0952299212115207,0.0688018926559633));
#3471=CARTESIAN_POINT('',(-0.0117125401050762,-0.0952145658607531,0.0688018926559633));
#3472=CARTESIAN_POINT('',(-0.0117380269463388,-0.0951982545853278,0.0688018926559633));
#3473=CARTESIAN_POINT('',(-0.0117660791111554,-0.0951810824690848,0.0688018926559633));
#3474=CARTESIAN_POINT('',(-0.0117967402957958,-0.0951631461719997,0.0688018926559633));
#3475=CARTESIAN_POINT('',(-0.0118300513814753,-0.0951445437057779,0.0688018926559633));
#3476=CARTESIAN_POINT('',(-0.0118660503536711,-0.0951253744018427,0.0688018926559633));
#3477=CARTESIAN_POINT('',(-0.0119047722781696,-0.0951057388229168,0.0688018926559633));
#3478=CARTESIAN_POINT('',(-0.0119462492636319,-0.0950857386892845,0.0688018926559633));
#3479=CARTESIAN_POINT('',(-0.0119905104305463,-0.0950654767997024,0.0688018926559633));
#3480=CARTESIAN_POINT('',(-0.0120375818809379,-0.0950450569527128,0.0688018926559633));
#3481=CARTESIAN_POINT('',(-0.0120874866704284,-0.0950245838668303,0.0688018926559633));
#3482=CARTESIAN_POINT('',(-0.0121402447821793,-0.0950041631000709,0.0688018926559633));
#3483=CARTESIAN_POINT('',(-0.0121958731029762,-0.0949839009688919,0.0688018926559633));
#3484=CARTESIAN_POINT('',(-0.012254385400957,-0.0949639044660855,0.0688018926559633));
#3485=CARTESIAN_POINT('',(-0.0123157923068393,-0.0949442811797616,0.0688018926559633));
#3486=CARTESIAN_POINT('',(-0.0123801012915922,-0.0949251392054081,0.0688018926559633));
#3487=CARTESIAN_POINT('',(-0.0124473166677412,-0.0949065870820991,0.0688018926559633));
#3488=CARTESIAN_POINT('',(-0.0125174395098967,-0.0948887336337099,0.0688018926559633));
#3489=CARTESIAN_POINT('',(-0.0125904678952903,-0.0948716881726587,0.0688018926559633));
#3490=CARTESIAN_POINT('',(-0.0126663959276634,-0.0948555593121771,0.0688018926559633));
#3491=CARTESIAN_POINT('',(-0.0127452174309225,-0.0948404591062834,0.0688018926559633));
#3492=CARTESIAN_POINT('',(-0.0128269117836184,-0.0948264868015179,0.0688018926559633));
#3493=CARTESIAN_POINT('',(-0.012911498048316,-0.0948137905422734,0.0688018926559633));
#3494=CARTESIAN_POINT('',(-0.0129872649601164,-0.0948038485492946,0.0688018926559633));
#3495=CARTESIAN_POINT('',(-0.013035178229219,-0.0947985571392519,0.0688018926559633));
#3496=CARTESIAN_POINT('',(-0.0130535187327427,-0.0947965875014039,0.0688018926559633));
#3497=CARTESIAN_POINT('',(-0.0130535187327427,-0.0947965875014039,0.0688018926559633));
#3498=CARTESIAN_POINT('',(-0.007,-0.100026779749528,0.0688018926559633));
#3499=CARTESIAN_POINT('',(-0.0134555327644193,-0.0953017298315365,0.0688018926559633));
#3500=CARTESIAN_POINT('',(-0.0119166928308513,-0.0970453989273153,0.0688018926559633));
#3501=CARTESIAN_POINT('',(-0.0122572765505672,-0.0968391281742934,0.0688018926559633));
#3502=CARTESIAN_POINT('',(-0.0126213575610087,-0.0966186265477113,0.0688018926559633));
#3503=CARTESIAN_POINT('',(-0.0126285891341481,-0.0966135715823331,0.0688018926559633));
#3504=CARTESIAN_POINT('',(-0.0126348555551606,-0.0966093783994985,0.0688018926559633));
#3505=CARTESIAN_POINT('',(-0.0126420860032339,-0.096604244106363,0.0688018926559633));
#3506=CARTESIAN_POINT('',(-0.0126517101156089,-0.0965971627139367,0.0688018926559633));
#3507=CARTESIAN_POINT('',(-0.0126631562574993,-0.0965883644384713,0.0688018926559633));
#3508=CARTESIAN_POINT('',(-0.0126765162816152,-0.0965776702070054,0.0688018926559633));
#3509=CARTESIAN_POINT('',(-0.0126916692846512,-0.0965650328901746,0.0688018926559633));
#3510=CARTESIAN_POINT('',(-0.0127085567079971,-0.0965503675143657,0.0688018926559633));
#3511=CARTESIAN_POINT('',(-0.0127270983084813,-0.0965336032528986,0.0688018926559633));
#3512=CARTESIAN_POINT('',(-0.012747217369499,-0.0965146679544682,0.0688018926559633));
#3513=CARTESIAN_POINT('',(-0.0127688333231729,-0.0964934927961379,0.0688018926559633));
#3514=CARTESIAN_POINT('',(-0.0127918639765459,-0.0964700110046311,0.0688018926559633));
#3515=CARTESIAN_POINT('',(-0.0128162249444894,-0.0964441583019188,0.0688018926559633));
#3516=CARTESIAN_POINT('',(-0.0128418298927571,-0.0964158728497765,0.0688018926559633));
#3517=CARTESIAN_POINT('',(-0.0128685905510684,-0.0963850953355939,0.0688018926559633));
#3518=CARTESIAN_POINT('',(-0.0128964167938951,-0.0963517690155634,0.0688018926559633));
#3519=CARTESIAN_POINT('',(-0.0129252167039141,-0.0963158397677109,0.0688018926559633));
#3520=CARTESIAN_POINT('',(-0.0129548966421096,-0.0962772561399037,0.0688018926559633));
#3521=CARTESIAN_POINT('',(-0.0129853613176532,-0.0962359693970306,0.0688018926559633));
#3522=CARTESIAN_POINT('',(-0.0130165138594082,-0.0961919335661442,0.0688018926559633));
#3523=CARTESIAN_POINT('',(-0.0130482558884986,-0.0961451054799162,0.0688018926559633));
#3524=CARTESIAN_POINT('',(-0.0130804875919325,-0.096095444818137,0.0688018926559633));
#3525=CARTESIAN_POINT('',(-0.0131131077976142,-0.0960429141478503,0.0688018926559633));
#3526=CARTESIAN_POINT('',(-0.0131460140490799,-0.0959874789598317,0.0688018926559633));
#3527=CARTESIAN_POINT('',(-0.0131791026861815,-0.0959291077100861,0.0688018926559633));
#3528=CARTESIAN_POINT('',(-0.0132122689075439,-0.0958677718328961,0.0688018926559633));
#3529=CARTESIAN_POINT('',(-0.0132454069074589,-0.0958034458539064,0.0688018926559633));
#3530=CARTESIAN_POINT('',(-0.0132784097313353,-0.0957361071099931,0.0688018926559633));
#3531=CARTESIAN_POINT('',(-0.0133111702140164,-0.0956657369670703,0.0688018926559633));
#3532=CARTESIAN_POINT('',(-0.0133435777745473,-0.0955923162914094,0.0688018926559633));
#3533=CARTESIAN_POINT('',(-0.0133755310701526,-0.0955158429008554,0.0688018926559633));
#3534=CARTESIAN_POINT('',(-0.0134068900156519,-0.0954362649660275,0.0688018926559633));
#3535=CARTESIAN_POINT('',(-0.0134335853406269,-0.0953646630961313,0.0688018926559633));
#3536=CARTESIAN_POINT('',(-0.0134494965838341,-0.0953191602092345,0.0688018926559633));
#3537=CARTESIAN_POINT('',(-0.0134555327644193,-0.0953017298315365,0.0688018926559633));
#3538=CARTESIAN_POINT('',(-0.0122576294301703,-0.0968388917842501,0.0688018926559633));
#3539=CARTESIAN_POINT('',(-0.0124712525469082,-0.0971914896140106,0.0688018926559633));
#3540=CARTESIAN_POINT('',(-0.0121052197180785,-0.0973811736507022,0.0688018926559633));
#3541=CARTESIAN_POINT('',(-0.007,-0.100026779749528,0.0688018926559633));
#3542=CARTESIAN_POINT('',(-0.0122561314437255,-0.0976953462320796,0.0688018926559633));
#3543=CARTESIAN_POINT('',(-0.0126329843055591,-0.0975281876663869,0.0688018926559633));
#3544=CARTESIAN_POINT('',(-0.0127746926200501,-0.0979153295256075,0.0688018926559633));
#3545=CARTESIAN_POINT('',(-0.0124003942215713,-0.0980523830691164,0.0688018926559633));
#3546=CARTESIAN_POINT('',(-0.0127742875305186,-0.0979154572234473,0.0688018926559633));
#3547=CARTESIAN_POINT('',(-0.0131739761998196,-0.0977690846948709,0.0688018926559633));
#3548=CARTESIAN_POINT('',(-0.0131824421171118,-0.0977665994243732,0.0688018926559633));
#3549=CARTESIAN_POINT('',(-0.0131896320723222,-0.097764328882882,0.0688018926559633));
#3550=CARTESIAN_POINT('',(-0.0131981592085527,-0.0977618940742553,0.0688018926559633));
#3551=CARTESIAN_POINT('',(-0.0132097023789729,-0.0977588078347391,0.0688018926559633));
#3552=CARTESIAN_POINT('',(-0.0132237245807276,-0.0977553724783834,0.0688018926559633));
#3553=CARTESIAN_POINT('',(-0.0132404230080703,-0.0977516282354286,0.0688018926559633));
#3554=CARTESIAN_POINT('',(-0.0132597588791608,-0.0977476989394531,0.0688018926559633));
#3555=CARTESIAN_POINT('',(-0.0132817619212903,-0.0977436834130955,0.0688018926559633));
#3556=CARTESIAN_POINT('',(-0.0133064372649553,-0.0977396885631527,0.0688018926559633));
#3557=CARTESIAN_POINT('',(-0.0133337932789102,-0.0977358193715861,0.0688018926559633));
#3558=CARTESIAN_POINT('',(-0.0133638333266003,-0.0977321817462174,0.0688018926559633));
#3559=CARTESIAN_POINT('',(-0.0133965581557813,-0.0977288815822474,0.0688018926559633));
#3560=CARTESIAN_POINT('',(-0.0134319651962405,-0.0977260249264059,0.0688018926559633));
#3561=CARTESIAN_POINT('',(-0.013470048754995,-0.0977237178218825,0.0688018926559633));
#3562=CARTESIAN_POINT('',(-0.0135107999574876,-0.0977220662444783,0.0688018926559633));
#3563=CARTESIAN_POINT('',(-0.0135542067643701,-0.09772117601255,0.0688018926559633));
#3564=CARTESIAN_POINT('',(-0.0136002539697693,-0.0977211527043331,0.0688018926559633));
#3565=CARTESIAN_POINT('',(-0.0136489232076297,-0.0977221015732133,0.0688018926559633));
#3566=CARTESIAN_POINT('',(-0.0137001929585635,-0.0977241274636899,0.0688018926559633));
#3567=CARTESIAN_POINT('',(-0.0137540385593077,-0.0977273347273439,0.0688018926559633));
#3568=CARTESIAN_POINT('',(-0.0138104322141618,-0.0977318271390302,0.0688018926559633));
#3569=CARTESIAN_POINT('',(-0.0138693430086119,-0.0977377078134687,0.0688018926559633));
#3570=CARTESIAN_POINT('',(-0.013930736924889,-0.0977450791216055,0.0688018926559633));
#3571=CARTESIAN_POINT('',(-0.0139945768602071,-0.0977540426094737,0.0688018926559633));
#3572=CARTESIAN_POINT('',(-0.0140608226448025,-0.0977646989092744,0.0688018926559633));
#3573=CARTESIAN_POINT('',(-0.014129431070787,-0.0977771476824693,0.0688018926559633));
#3574=CARTESIAN_POINT('',(-0.0142003558894412,-0.0977914874422379,0.0688018926559633));
#3575=CARTESIAN_POINT('',(-0.0142735479395298,-0.097807815841408,0.0688018926559633));
#3576=CARTESIAN_POINT('',(-0.0143489547831925,-0.0978262281788292,0.0688018926559633));
#3577=CARTESIAN_POINT('',(-0.0144265222375449,-0.097846822731977,0.0688018926559633));
#3578=CARTESIAN_POINT('',(-0.0145061886618431,-0.0978696799715829,0.0688018926559633));
#3579=CARTESIAN_POINT('',(-0.0145879069534216,-0.0978949416420698,0.0688018926559633));
#3580=CARTESIAN_POINT('',(-0.0146604842512587,-0.0979188582469043,0.0688018926559633));
#3581=CARTESIAN_POINT('',(-0.0147059484718542,-0.0979348796395401,0.0688018926559633));
#3582=CARTESIAN_POINT('',(-0.0147233272883848,-0.0979410627034042,0.0688018926559633));
#3583=CARTESIAN_POINT('',(-0.0147233272883848,-0.0979410627034042,0.0688018926559633));
#3584=CARTESIAN_POINT('',(-0.007,-0.100026779749528,0.0688018926559633));
#3585=CARTESIAN_POINT('',(-0.014866356372401,-0.0985706075679549,0.0688018926559633));
#3586=CARTESIAN_POINT('',(-0.0127233598325109,-0.0994739215148953,0.0688018926559633));
#3587=CARTESIAN_POINT('',(-0.0131197126864811,-0.0994358517258566,0.0688018926559633));
#3588=CARTESIAN_POINT('',(-0.0135434104125063,-0.0993951554551364,0.0688018926559633));
#3589=CARTESIAN_POINT('',(-0.0135521191020502,-0.0993937387506958,0.0688018926559633));
#3590=CARTESIAN_POINT('',(-0.0135595843061428,-0.0993926797216841,0.0688018926559633));
#3591=CARTESIAN_POINT('',(-0.0135683264010612,-0.0993911910572559,0.0688018926559633));
#3592=CARTESIAN_POINT('',(-0.0135800699277163,-0.0993889866890013,0.0688018926559633));
#3593=CARTESIAN_POINT('',(-0.0135941999738739,-0.0993860260115576,0.0688018926559633));
#3594=CARTESIAN_POINT('',(-0.0136108769928121,-0.0993821875391588,0.0688018926559633));
#3595=CARTESIAN_POINT('',(-0.0136300125030817,-0.0993773763517366,0.0688018926559633));
#3596=CARTESIAN_POINT('',(-0.013651590613867,-0.0993714904830821,0.0688018926559633));
#3597=CARTESIAN_POINT('',(-0.0136755697591133,-0.0993644313043541,0.0688018926559633));
#3598=CARTESIAN_POINT('',(-0.0137019121248259,-0.0993561005233858,0.0688018926559633));
#3599=CARTESIAN_POINT('',(-0.0137305749830089,-0.099346401175762,0.0688018926559633));
#3600=CARTESIAN_POINT('',(-0.0137615132522055,-0.0993352374386515,0.0688018926559633));
#3601=CARTESIAN_POINT('',(-0.0137946787932337,-0.0993225147862165,0.0688018926559633));
#3602=CARTESIAN_POINT('',(-0.0138300206522253,-0.099308140045116,0.0688018926559633));
#3603=CARTESIAN_POINT('',(-0.0138674850351827,-0.0992920214774954,0.0688018926559633));
#3604=CARTESIAN_POINT('',(-0.013907015362026,-0.0992740688549494,0.0688018926559633));
#3605=CARTESIAN_POINT('',(-0.0139485523007534,-0.0992541935338324,0.0688018926559633));
#3606=CARTESIAN_POINT('',(-0.0139920338097706,-0.0992323085289285,0.0688018926559633));
#3607=CARTESIAN_POINT('',(-0.0140373951803799,-0.0992083285862786,0.0688018926559633));
#3608=CARTESIAN_POINT('',(-0.0140845690816173,-0.0991821702548774,0.0688018926559633));
#3609=CARTESIAN_POINT('',(-0.0141334856067802,-0.0991537519573114,0.0688018926559633));
#3610=CARTESIAN_POINT('',(-0.0141840723217534,-0.099122994059093,0.0688018926559633));
#3611=CARTESIAN_POINT('',(-0.0142362543151795,-0.0990898189373666,0.0688018926559633));
#3612=CARTESIAN_POINT('',(-0.0142899542499657,-0.0990541510462017,0.0688018926559633));
#3613=CARTESIAN_POINT('',(-0.0143450924179721,-0.0990159169889884,0.0688018926559633));
#3614=CARTESIAN_POINT('',(-0.0144015867906228,-0.0989750455572918,0.0688018926559633));
#3615=CARTESIAN_POINT('',(-0.0144593530931773,-0.0989314678921348,0.0688018926559633));
#3616=CARTESIAN_POINT('',(-0.0145183047960394,-0.0988851171688901,0.0688018926559633));
#3617=CARTESIAN_POINT('',(-0.0145783534317661,-0.0988359301016078,0.0688018926559633));
#3618=CARTESIAN_POINT('',(-0.0146394076721733,-0.0987838414721158,0.0688018926559633));
#3619=CARTESIAN_POINT('',(-0.0147013771573772,-0.0987288053433781,0.0688018926559633));
#3620=CARTESIAN_POINT('',(-0.0147641581629167,-0.0986707142380542,0.0688018926559633));
#3621=CARTESIAN_POINT('',(-0.0148192767066761,-0.0986177858498113,0.0688018926559633));
#3622=CARTESIAN_POINT('',(-0.0148533552041628,-0.0985836927950143,0.0688018926559633));
#3623=CARTESIAN_POINT('',(-0.014866356372401,-0.0985706075679549,0.0688018926559633));
#3624=CARTESIAN_POINT('',(-0.0131201331858135,-0.0994357918545086,0.0688018926559633));
#3625=CARTESIAN_POINT('',(-0.0131596144986774,-0.099846159118665,0.0688018926559633));
#3626=CARTESIAN_POINT('',(-0.0127475294961809,-0.0998582428380497,0.0688018926559633));
#3627=CARTESIAN_POINT('',(-0.007,-0.100026779749528,0.0688018926559633));
#3628=CARTESIAN_POINT('',(-0.012747181888454,-0.10020678069682,0.0688018926559633));
#3629=CARTESIAN_POINT('',(-0.0131592419682543,-0.100219686361917,0.0688018926559633));
#3630=CARTESIAN_POINT('',(-0.0131189421904861,-0.100629974057892,0.0688018926559633));
#3631=CARTESIAN_POINT('',(-0.012722245682234,-0.100591053045151,0.0688018926559633));
#3632=CARTESIAN_POINT('',(-0.0131185218114133,-0.100629913347909,0.0688018926559633));
#3633=CARTESIAN_POINT('',(-0.0135421375193097,-0.100671454670865,0.0688018926559633));
#3634=CARTESIAN_POINT('',(-0.0135508433656844,-0.100672888743368,0.0688018926559633));
#3635=CARTESIAN_POINT('',(-0.0135583064425226,-0.100673962660822,0.0688018926559633));
#3636=CARTESIAN_POINT('',(-0.0135670455506697,-0.100675468759802,0.0688018926559633));
#3637=CARTESIAN_POINT('',(-0.0135787846569963,-0.100677696548022,0.0688018926559633));
#3638=CARTESIAN_POINT('',(-0.0135929087694975,-0.100680685404223,0.0688018926559633));
#3639=CARTESIAN_POINT('',(-0.0136095780988096,-0.10068455713398,0.0688018926559633));
#3640=CARTESIAN_POINT('',(-0.0136287039743258,-0.100689406480681,0.0688018926559633));
#3641=CARTESIAN_POINT('',(-0.0136502703018742,-0.100695335378636,0.0688018926559633));
#3642=CARTESIAN_POINT('',(-0.0136742353187516,-0.100702442373579,0.0688018926559633));
#3643=CARTESIAN_POINT('',(-0.0137005610149792,-0.100710825682056,0.0688018926559633));
#3644=CARTESIAN_POINT('',(-0.0137292044692347,-0.10072058218306,0.0688018926559633));
#3645=CARTESIAN_POINT('',(-0.0137601204090173,-0.100731807609311,0.0688018926559633));
#3646=CARTESIAN_POINT('',(-0.0137932605066934,-0.100744596390437,0.0688018926559633));
#3647=CARTESIAN_POINT('',(-0.0138285736226473,-0.100759041597958,0.0688018926559633));
#3648=CARTESIAN_POINT('',(-0.0138660057800023,-0.100775234862245,0.0688018926559633));
#3649=CARTESIAN_POINT('',(-0.0139055002188162,-0.100793266298666,0.0688018926559633));
#3650=CARTESIAN_POINT('',(-0.0139469974303911,-0.100813224432342,0.0688018926559633));
#3651=CARTESIAN_POINT('',(-0.0139904351997501,-0.100835196124566,0.0688018926559633));
#3652=CARTESIAN_POINT('',(-0.0140357486482716,-0.100859266500054,0.0688018926559633));
#3653=CARTESIAN_POINT('',(-0.0140828702786691,-0.100885518875343,0.0688018926559633));
#3654=CARTESIAN_POINT('',(-0.0141317300216597,-0.100914034688245,0.0688018926559633));
#3655=CARTESIAN_POINT('',(-0.0141822552844288,-0.100944893428607,0.0688018926559633));
#3656=CARTESIAN_POINT('',(-0.0142343710009365,-0.100978172569707,0.0688018926559633));
#3657=CARTESIAN_POINT('',(-0.0142879996835553,-0.101013947503065,0.0688018926559633));
#3658=CARTESIAN_POINT('',(-0.0143430614779027,-0.101052291466154,0.0688018926559633));
#3659=CARTESIAN_POINT('',(-0.0143994742135294,-0.101093275503647,0.0688018926559633));
#3660=CARTESIAN_POINT('',(-0.0144571534785119,-0.101136968306286,0.0688018926559633));
#3661=CARTESIAN_POINT('',(-0.0145160126101341,-0.101183436525967,0.0688018926559633));
#3662=CARTESIAN_POINT('',(-0.0145759630148947,-0.101232743272052,0.0688018926559633));
#3663=CARTESIAN_POINT('',(-0.0146369132347034,-0.101284953580415,0.0688018926559633));
#3664=CARTESIAN_POINT('',(-0.0146987728182271,-0.101340113207762,0.0688018926559633));
#3665=CARTESIAN_POINT('',(-0.0147614378268303,-0.101398329424327,0.0688018926559633));
#3666=CARTESIAN_POINT('',(-0.0148164506867654,-0.101451367650069,0.0688018926559633));
#3667=CARTESIAN_POINT('',(-0.0148504611123827,-0.101485528612082,0.0688018926559633));
#3668=CARTESIAN_POINT('',(-0.0148634361541693,-0.10149863974603,0.0688018926559633));
#3669=CARTESIAN_POINT('',(-0.0148634361541693,-0.10149863974603,0.0688018926559633));
#3670=CARTESIAN_POINT('',(-0.007,-0.100026779749528,0.0688018926559633));
#3671=CARTESIAN_POINT('',(-0.0147191516262989,-0.102127898063714,0.0688018926559633));
#3672=CARTESIAN_POINT('',(-0.0123964452269398,-0.102011944456205,0.0688018926559633));
#3673=CARTESIAN_POINT('',(-0.0127700646714867,-0.102149615819764,0.0688018926559633));
#3674=CARTESIAN_POINT('',(-0.0131694605821446,-0.102296785300429,0.0688018926559633));
#3675=CARTESIAN_POINT('',(-0.0131779215253239,-0.102299287452615,0.0688018926559633));
#3676=CARTESIAN_POINT('',(-0.0131851069372712,-0.102301572331111,0.0688018926559633));
#3677=CARTESIAN_POINT('',(-0.0131936291999214,-0.102304024143637,0.0688018926559633));
#3678=CARTESIAN_POINT('',(-0.0132051661913777,-0.102307133401722,0.0688018926559633));
#3679=CARTESIAN_POINT('',(-0.0132191815128673,-0.102310596720778,0.0688018926559633));
#3680=CARTESIAN_POINT('',(-0.0132358724384969,-0.10231437426398,0.0688018926559633));
#3681=CARTESIAN_POINT('',(-0.0132552004335097,-0.102318342120641,0.0688018926559633));
#3682=CARTESIAN_POINT('',(-0.0132771954222551,-0.102322401527613,0.0688018926559633));
#3683=CARTESIAN_POINT('',(-0.0133018627484625,-0.102326445588547,0.0688018926559633));
#3684=CARTESIAN_POINT('',(-0.0133292109902728,-0.102330369338382,0.0688018926559633));
#3685=CARTESIAN_POINT('',(-0.0133592437223748,-0.102334066876216,0.0688018926559633));
#3686=CARTESIAN_POINT('',(-0.0133919619037478,-0.102337432308551,0.0688018926559633));
#3687=CARTESIAN_POINT('',(-0.0134273631757113,-0.102340359583741,0.0688018926559633));
#3688=CARTESIAN_POINT('',(-0.013465442056814,-0.102342742647452,0.0688018926559633));
#3689=CARTESIAN_POINT('',(-0.0135061898839022,-0.102344475506392,0.0688018926559633));
#3690=CARTESIAN_POINT('',(-0.0135495948287233,-0.1023454523184,0.0688018926559633));
#3691=CARTESIAN_POINT('',(-0.0135956418960271,-0.10234556747512,0.0688018926559633));
#3692=CARTESIAN_POINT('',(-0.0136443129297394,-0.102344715686743,0.0688018926559633));
#3693=CARTESIAN_POINT('',(-0.0136955866196445,-0.102342792066053,0.0688018926559633));
#3694=CARTESIAN_POINT('',(-0.0137494385106743,-0.102339692212482,0.0688018926559633));
#3695=CARTESIAN_POINT('',(-0.0138058410141793,-0.102335312295938,0.0688018926559633));
#3696=CARTESIAN_POINT('',(-0.013864763421386,-0.102329549140244,0.0688018926559633));
#3697=CARTESIAN_POINT('',(-0.0139261719187884,-0.102322300306802,0.0688018926559633));
#3698=CARTESIAN_POINT('',(-0.0139900296062241,-0.102313464175774,0.0688018926559633));
#3699=CARTESIAN_POINT('',(-0.0140562965147365,-0.102302940035034,0.0688018926559633));
#3700=CARTESIAN_POINT('',(-0.0141249296353141,-0.102290628137133,0.0688018926559633));
#3701=CARTESIAN_POINT('',(-0.0141958829158298,-0.102276429876838,0.0688018926559633));
#3702=CARTESIAN_POINT('',(-0.0142691073899305,-0.102260247503455,0.0688018926559633));
#3703=CARTESIAN_POINT('',(-0.014344550809949,-0.102241985613728,0.0688018926559633));
#3704=CARTESIAN_POINT('',(-0.0144221591891389,-0.102221545822301,0.0688018926559633));
#3705=CARTESIAN_POINT('',(-0.0145018710473908,-0.10219884753565,0.0688018926559633));
#3706=CARTESIAN_POINT('',(-0.0145836395648648,-0.10217374891568,0.0688018926559633));
#3707=CARTESIAN_POINT('',(-0.0146562644238325,-0.102149977125506,0.0688018926559633));
#3708=CARTESIAN_POINT('',(-0.0147017605112262,-0.102134046450435,0.0688018926559633));
#3709=CARTESIAN_POINT('',(-0.0147191516262989,-0.102127898063714,0.0688018926559633));
#3710=CARTESIAN_POINT('',(-0.0127704695054985,-0.102149744325366,0.0688018926559633));
#3711=CARTESIAN_POINT('',(-0.0126279892562692,-0.102536602754428,0.0688018926559633));
#3712=CARTESIAN_POINT('',(-0.0122514705687413,-0.102368692827685,0.0688018926559633));
#3713=CARTESIAN_POINT('',(-0.007,-0.100026779749528,0.0688018926559633));
#3714=CARTESIAN_POINT('',(-0.012099932475614,-0.102682563766382,0.0688018926559633));
#3715=CARTESIAN_POINT('',(-0.0124655862209913,-0.102872977537019,0.0688018926559633));
#3716=CARTESIAN_POINT('',(-0.0122512602161951,-0.103225148559712,0.0688018926559633));
#3717=CARTESIAN_POINT('',(-0.0119107362067924,-0.10301796177463,0.0688018926559633));
#3718=CARTESIAN_POINT('',(-0.012250907808812,-0.103224911466264,0.0688018926559633));
#3719=CARTESIAN_POINT('',(-0.0126145482690491,-0.10344613887227,0.0688018926559633));
#3720=CARTESIAN_POINT('',(-0.0126217697448617,-0.103451208252126,0.0688018926559633));
#3721=CARTESIAN_POINT('',(-0.0126280277894313,-0.103455413926003,0.0688018926559633));
#3722=CARTESIAN_POINT('',(-0.0126352479819482,-0.103460562631215,0.0688018926559633));
#3723=CARTESIAN_POINT('',(-0.0126448579502025,-0.103467663206393,0.0688018926559633));
#3724=CARTESIAN_POINT('',(-0.0126562865197486,-0.103476484295524,0.0688018926559633));
#3725=CARTESIAN_POINT('',(-0.0126696251859239,-0.103487205154431,0.0688018926559633));
#3726=CARTESIAN_POINT('',(-0.0126847529516565,-0.103499872671221,0.0688018926559633));
#3727=CARTESIAN_POINT('',(-0.0127016110889591,-0.103514571702535,0.0688018926559633));
#3728=CARTESIAN_POINT('',(-0.0127201192135446,-0.103531372914853,0.0688018926559633));
#3729=CARTESIAN_POINT('',(-0.0127402004650435,-0.103550348306315,0.0688018926559633));
#3730=CARTESIAN_POINT('',(-0.0127617741384603,-0.103571566539014,0.0688018926559633));
#3731=CARTESIAN_POINT('',(-0.0127847579078113,-0.103595094222146,0.0688018926559633));
#3732=CARTESIAN_POINT('',(-0.0128090672599231,-0.103620995465293,0.0688018926559633));
#3733=CARTESIAN_POINT('',(-0.0128346157373747,-0.10364933193435,0.0688018926559633));
#3734=CARTESIAN_POINT('',(-0.0128613149517526,-0.103680162765739,0.0688018926559633));
#3735=CARTESIAN_POINT('',(-0.0128890746645234,-0.103713544523384,0.0688018926559633));
#3736=CARTESIAN_POINT('',(-0.0129178028505917,-0.103749531145809,0.0688018926559633));
#3737=CARTESIAN_POINT('',(-0.0129474057684985,-0.103788173898266,0.0688018926559633));
#3738=CARTESIAN_POINT('',(-0.012977788030395,-0.103829521325697,0.0688018926559633));
#3739=CARTESIAN_POINT('',(-0.0130088526736367,-0.103873619207731,0.0688018926559633));
#3740=CARTESIAN_POINT('',(-0.0130405012334392,-0.10392051051538,0.0688018926559633));
#3741=CARTESIAN_POINT('',(-0.013072633816584,-0.103970235369678,0.0688018926559633));
#3742=CARTESIAN_POINT('',(-0.0131051491765106,-0.104022831001705,0.0688018926559633));
#3743=CARTESIAN_POINT('',(-0.0131379447881248,-0.104078331716251,0.0688018926559633));
#3744=CARTESIAN_POINT('',(-0.0131709169285653,-0.104136768850479,0.0688018926559633));
#3745=CARTESIAN_POINT('',(-0.0132039607396864,-0.104198170761009,0.0688018926559633));
#3746=CARTESIAN_POINT('',(-0.0132369703651778,-0.104262562711098,0.0688018926559633));
#3747=CARTESIAN_POINT('',(-0.0132698388054557,-0.104329967150487,0.0688018926559633));
#3748=CARTESIAN_POINT('',(-0.013302458858408,-0.104400402499467,0.0688018926559633));
#3749=CARTESIAN_POINT('',(-0.0133347199051346,-0.104473887671156,0.0688018926559633));
#3750=CARTESIAN_POINT('',(-0.0133665205987088,-0.104550424645561,0.0688018926559633));
#3751=CARTESIAN_POINT('',(-0.013397720750847,-0.104630064972537,0.0688018926559633));
#3752=CARTESIAN_POINT('',(-0.0134242732012815,-0.104701719948108,0.0688018926559633));
#3753=CARTESIAN_POINT('',(-0.0134400936500166,-0.104747254482015,0.0688018926559633));
#3754=CARTESIAN_POINT('',(-0.0134460950509048,-0.10476469686517,0.0688018926559633));
#3755=CARTESIAN_POINT('',(-0.0134460950509048,-0.10476469686517,0.0688018926559633));
#3756=CARTESIAN_POINT('',(-0.007,-0.100026779749528,0.0688018926559633));
#3757=CARTESIAN_POINT('',(-0.0130430742314262,-0.105269036308823,0.0688018926559633));
#3758=CARTESIAN_POINT('',(-0.0110006984611158,-0.104156781180911,0.0688018926559633));
#3759=CARTESIAN_POINT('',(-0.0112775845831051,-0.104442926195086,0.0688018926559633));
#3760=CARTESIAN_POINT('',(-0.0115735734200206,-0.104748812706575,0.0688018926559633));
#3761=CARTESIAN_POINT('',(-0.0115801108232719,-0.10475473813346,0.0688018926559633));
#3762=CARTESIAN_POINT('',(-0.0115855932841146,-0.104759914371254,0.0688018926559633));
#3763=CARTESIAN_POINT('',(-0.0115922077758599,-0.104765821049195,0.0688018926559633));
#3764=CARTESIAN_POINT('',(-0.0116012531894676,-0.104773628106923,0.0688018926559633));
#3765=CARTESIAN_POINT('',(-0.0116123778799815,-0.104782829469665,0.0688018926559633));
#3766=CARTESIAN_POINT('',(-0.0116257768697809,-0.104793474839709,0.0688018926559633));
#3767=CARTESIAN_POINT('',(-0.0116414692030821,-0.104805435857778,0.0688018926559633));
#3768=CARTESIAN_POINT('',(-0.0116595246925159,-0.104818636525041,0.0688018926559633));
#3769=CARTESIAN_POINT('',(-0.0116799945332041,-0.104832982849771,0.0688018926559633));
#3770=CARTESIAN_POINT('',(-0.0117029319964173,-0.104848383983633,0.0688018926559633));
#3771=CARTESIAN_POINT('',(-0.0117283862515183,-0.10486474606421,0.0688018926559633));
#3772=CARTESIAN_POINT('',(-0.0117564041079845,-0.104881974100842,0.0688018926559633));
#3773=CARTESIAN_POINT('',(-0.0117870294548029,-0.104899971520905,0.0688018926559633));
#3774=CARTESIAN_POINT('',(-0.0118203033686075,-0.104918640394433,0.0688018926559633));
#3775=CARTESIAN_POINT('',(-0.0118562640329325,-0.104937881465968,0.0688018926559633));
#3776=CARTESIAN_POINT('',(-0.0118949467140828,-0.104957594242932,0.0688018926559633));
#3777=CARTESIAN_POINT('',(-0.0119363837235532,-0.10497767706929,0.0688018926559633));
#3778=CARTESIAN_POINT('',(-0.0119806043868227,-0.104998027204573,0.0688018926559633));
#3779=CARTESIAN_POINT('',(-0.0120276350129074,-0.105018540902512,0.0688018926559633));
#3780=CARTESIAN_POINT('',(-0.0120774988662611,-0.105039113490788,0.0688018926559633));
#3781=CARTESIAN_POINT('',(-0.0121302161405577,-0.105059639451455,0.0688018926559633));
#3782=CARTESIAN_POINT('',(-0.0121858039346148,-0.10508001250195,0.0688018926559633));
#3783=CARTESIAN_POINT('',(-0.012244276229957,-0.105100125677156,0.0688018926559633));
#3784=CARTESIAN_POINT('',(-0.0123056438718826,-0.105119871410384,0.0688018926559633));
#3785=CARTESIAN_POINT('',(-0.0123699145469597,-0.10513914162126,0.0688018926559633));
#3786=CARTESIAN_POINT('',(-0.0124370927842038,-0.105157827779531,0.0688018926559633));
#3787=CARTESIAN_POINT('',(-0.0125071798752897,-0.105175821063679,0.0688018926559633));
#3788=CARTESIAN_POINT('',(-0.0125801741154943,-0.10519301215767,0.0688018926559633));
#3789=CARTESIAN_POINT('',(-0.012656069825217,-0.105209292436727,0.0688018926559633));
#3790=CARTESIAN_POINT('',(-0.0127348610518866,-0.105224549834734,0.0688018926559633));
#3791=CARTESIAN_POINT('',(-0.012816527372058,-0.105238685064217,0.0688018926559633));
#3792=CARTESIAN_POINT('',(-0.0129010881437558,-0.105251550019101,0.0688018926559633));
#3793=CARTESIAN_POINT('',(-0.0129768350739278,-0.105261643121582,0.0688018926559633));
#3794=CARTESIAN_POINT('',(-0.0130247376931472,-0.105267030091812,0.0688018926559633));
#3795=CARTESIAN_POINT('',(-0.0130430742314262,-0.105269036308823,0.0688018926559633));
#3796=CARTESIAN_POINT('',(-2.77555756156289E-17,-0.123399061072797,0.0648018926559633));
#3797=CARTESIAN_POINT('',(-0.007,-0.100026779749528,0.0648018926559633));
#3798=CARTESIAN_POINT('',(-0.007,-0.0988267797495276,0.0648018926559633));
#3799=CARTESIAN_POINT('',(-0.0109816717188982,-0.104729945163112,0.0648018926559633));
#3800=CARTESIAN_POINT('',(-0.0112778935694553,-0.104443217625528,0.0648018926559633));
#3801=CARTESIAN_POINT('',(-0.0110006984611158,-0.104156781180911,0.0648018926559633));
#3802=CARTESIAN_POINT('',(-0.0112775845831051,-0.104442926195086,0.0648018926559633));
#3803=CARTESIAN_POINT('',(-0.0115735734200206,-0.104748812706575,0.0648018926559633));
#3804=CARTESIAN_POINT('',(-0.0115801108232719,-0.10475473813346,0.0648018926559633));
#3805=CARTESIAN_POINT('',(-0.0115855932841146,-0.104759914371254,0.0648018926559633));
#3806=CARTESIAN_POINT('',(-0.0115922077758599,-0.104765821049195,0.0648018926559633));
#3807=CARTESIAN_POINT('',(-0.0116012531894676,-0.104773628106923,0.0648018926559633));
#3808=CARTESIAN_POINT('',(-0.0116123778799815,-0.104782829469665,0.0648018926559633));
#3809=CARTESIAN_POINT('',(-0.0116257768697809,-0.104793474839709,0.0648018926559633));
#3810=CARTESIAN_POINT('',(-0.0116414692030821,-0.104805435857778,0.0648018926559633));
#3811=CARTESIAN_POINT('',(-0.0116595246925159,-0.104818636525041,0.0648018926559633));
#3812=CARTESIAN_POINT('',(-0.0116799945332041,-0.104832982849771,0.0648018926559633));
#3813=CARTESIAN_POINT('',(-0.0117029319964173,-0.104848383983633,0.0648018926559633));
#3814=CARTESIAN_POINT('',(-0.0117283862515183,-0.10486474606421,0.0648018926559633));
#3815=CARTESIAN_POINT('',(-0.0117564041079845,-0.104881974100842,0.0648018926559633));
#3816=CARTESIAN_POINT('',(-0.0117870294548029,-0.104899971520905,0.0648018926559633));
#3817=CARTESIAN_POINT('',(-0.0118203033686075,-0.104918640394433,0.0648018926559633));
#3818=CARTESIAN_POINT('',(-0.0118562640329325,-0.104937881465968,0.0648018926559633));
#3819=CARTESIAN_POINT('',(-0.0118949467140828,-0.104957594242932,0.0648018926559633));
#3820=CARTESIAN_POINT('',(-0.0119363837235532,-0.10497767706929,0.0648018926559633));
#3821=CARTESIAN_POINT('',(-0.0119806043868227,-0.104998027204573,0.0648018926559633));
#3822=CARTESIAN_POINT('',(-0.0120276350129074,-0.105018540902512,0.0648018926559633));
#3823=CARTESIAN_POINT('',(-0.0120774988662611,-0.105039113490788,0.0648018926559633));
#3824=CARTESIAN_POINT('',(-0.0121302161405577,-0.105059639451455,0.0648018926559633));
#3825=CARTESIAN_POINT('',(-0.0121858039346148,-0.10508001250195,0.0648018926559633));
#3826=CARTESIAN_POINT('',(-0.012244276229957,-0.105100125677156,0.0648018926559633));
#3827=CARTESIAN_POINT('',(-0.0123056438718826,-0.105119871410384,0.0648018926559633));
#3828=CARTESIAN_POINT('',(-0.0123699145469597,-0.10513914162126,0.0648018926559633));
#3829=CARTESIAN_POINT('',(-0.0124370927842038,-0.105157827779531,0.0648018926559633));
#3830=CARTESIAN_POINT('',(-0.0125071798752897,-0.105175821063679,0.0648018926559633));
#3831=CARTESIAN_POINT('',(-0.0125801741154943,-0.10519301215767,0.0648018926559633));
#3832=CARTESIAN_POINT('',(-0.012656069825217,-0.105209292436727,0.0648018926559633));
#3833=CARTESIAN_POINT('',(-0.0127348610518866,-0.105224549834734,0.0648018926559633));
#3834=CARTESIAN_POINT('',(-0.012816527372058,-0.105238685064217,0.0648018926559633));
#3835=CARTESIAN_POINT('',(-0.0129010881437558,-0.105251550019101,0.0648018926559633));
#3836=CARTESIAN_POINT('',(-0.0129768350739278,-0.105261643121582,0.0648018926559633));
#3837=CARTESIAN_POINT('',(-0.0130247376931472,-0.105267030091812,0.0648018926559633));
#3838=CARTESIAN_POINT('',(-0.0130430742314262,-0.105269036308823,0.0648018926559633));
#3839=CARTESIAN_POINT('',(-0.0130430742314262,-0.105269036308823,0.0648018926559633));
#3840=CARTESIAN_POINT('',(-0.007,-0.100026779749528,0.0648018926559633));
#3841=CARTESIAN_POINT('',(-0.0134460950509048,-0.10476469686517,0.0648018926559633));
#3842=CARTESIAN_POINT('',(-0.0119107362067924,-0.10301796177463,0.0648018926559633));
#3843=CARTESIAN_POINT('',(-0.012250907808812,-0.103224911466264,0.0648018926559633));
#3844=CARTESIAN_POINT('',(-0.0126145482690491,-0.10344613887227,0.0648018926559633));
#3845=CARTESIAN_POINT('',(-0.0126217697448617,-0.103451208252126,0.0648018926559633));
#3846=CARTESIAN_POINT('',(-0.0126280277894313,-0.103455413926003,0.0648018926559633));
#3847=CARTESIAN_POINT('',(-0.0126352479819482,-0.103460562631215,0.0648018926559633));
#3848=CARTESIAN_POINT('',(-0.0126448579502025,-0.103467663206393,0.0648018926559633));
#3849=CARTESIAN_POINT('',(-0.0126562865197486,-0.103476484295524,0.0648018926559633));
#3850=CARTESIAN_POINT('',(-0.0126696251859239,-0.103487205154431,0.0648018926559633));
#3851=CARTESIAN_POINT('',(-0.0126847529516565,-0.103499872671221,0.0648018926559633));
#3852=CARTESIAN_POINT('',(-0.0127016110889591,-0.103514571702535,0.0648018926559633));
#3853=CARTESIAN_POINT('',(-0.0127201192135446,-0.103531372914853,0.0648018926559633));
#3854=CARTESIAN_POINT('',(-0.0127402004650435,-0.103550348306315,0.0648018926559633));
#3855=CARTESIAN_POINT('',(-0.0127617741384603,-0.103571566539014,0.0648018926559633));
#3856=CARTESIAN_POINT('',(-0.0127847579078113,-0.103595094222146,0.0648018926559633));
#3857=CARTESIAN_POINT('',(-0.0128090672599231,-0.103620995465293,0.0648018926559633));
#3858=CARTESIAN_POINT('',(-0.0128346157373747,-0.10364933193435,0.0648018926559633));
#3859=CARTESIAN_POINT('',(-0.0128613149517526,-0.103680162765739,0.0648018926559633));
#3860=CARTESIAN_POINT('',(-0.0128890746645234,-0.103713544523384,0.0648018926559633));
#3861=CARTESIAN_POINT('',(-0.0129178028505917,-0.103749531145809,0.0648018926559633));
#3862=CARTESIAN_POINT('',(-0.0129474057684985,-0.103788173898266,0.0648018926559633));
#3863=CARTESIAN_POINT('',(-0.012977788030395,-0.103829521325697,0.0648018926559633));
#3864=CARTESIAN_POINT('',(-0.0130088526736367,-0.103873619207731,0.0648018926559633));
#3865=CARTESIAN_POINT('',(-0.0130405012334392,-0.10392051051538,0.0648018926559633));
#3866=CARTESIAN_POINT('',(-0.013072633816584,-0.103970235369678,0.0648018926559633));
#3867=CARTESIAN_POINT('',(-0.0131051491765106,-0.104022831001705,0.0648018926559633));
#3868=CARTESIAN_POINT('',(-0.0131379447881248,-0.104078331716251,0.0648018926559633));
#3869=CARTESIAN_POINT('',(-0.0131709169285653,-0.104136768850479,0.0648018926559633));
#3870=CARTESIAN_POINT('',(-0.0132039607396864,-0.104198170761009,0.0648018926559633));
#3871=CARTESIAN_POINT('',(-0.0132369703651778,-0.104262562711098,0.0648018926559633));
#3872=CARTESIAN_POINT('',(-0.0132698388054557,-0.104329967150487,0.0648018926559633));
#3873=CARTESIAN_POINT('',(-0.013302458858408,-0.104400402499467,0.0648018926559633));
#3874=CARTESIAN_POINT('',(-0.0133347199051346,-0.104473887671156,0.0648018926559633));
#3875=CARTESIAN_POINT('',(-0.0133665205987088,-0.104550424645561,0.0648018926559633));
#3876=CARTESIAN_POINT('',(-0.013397720750847,-0.104630064972537,0.0648018926559633));
#3877=CARTESIAN_POINT('',(-0.0134242732012815,-0.104701719948108,0.0648018926559633));
#3878=CARTESIAN_POINT('',(-0.0134400936500166,-0.104747254482015,0.0648018926559633));
#3879=CARTESIAN_POINT('',(-0.0134460950509048,-0.10476469686517,0.0648018926559633));
#3880=CARTESIAN_POINT('',(-0.0122512602161951,-0.103225148559712,0.0648018926559633));
#3881=CARTESIAN_POINT('',(-0.0124655862209913,-0.102872977537019,0.0648018926559633));
#3882=CARTESIAN_POINT('',(-0.012099932475614,-0.102682563766382,0.0648018926559633));
#3883=CARTESIAN_POINT('',(-0.007,-0.100026779749528,0.0648018926559633));
#3884=CARTESIAN_POINT('',(-0.0122514705687413,-0.102368692827685,0.0648018926559633));
#3885=CARTESIAN_POINT('',(-0.0126279892562692,-0.102536602754428,0.0648018926559633));
#3886=CARTESIAN_POINT('',(-0.0127704695054985,-0.102149744325367,0.0648018926559633));
#3887=CARTESIAN_POINT('',(-0.0123964452269398,-0.102011944456205,0.0648018926559633));
#3888=CARTESIAN_POINT('',(-0.0127700646714867,-0.102149615819764,0.0648018926559633));
#3889=CARTESIAN_POINT('',(-0.0131694605821446,-0.102296785300429,0.0648018926559633));
#3890=CARTESIAN_POINT('',(-0.0131779215253239,-0.102299287452615,0.0648018926559633));
#3891=CARTESIAN_POINT('',(-0.0131851069372712,-0.102301572331111,0.0648018926559633));
#3892=CARTESIAN_POINT('',(-0.0131936291999214,-0.102304024143637,0.0648018926559633));
#3893=CARTESIAN_POINT('',(-0.0132051661913777,-0.102307133401722,0.0648018926559633));
#3894=CARTESIAN_POINT('',(-0.0132191815128673,-0.102310596720778,0.0648018926559633));
#3895=CARTESIAN_POINT('',(-0.0132358724384969,-0.10231437426398,0.0648018926559633));
#3896=CARTESIAN_POINT('',(-0.0132552004335097,-0.102318342120641,0.0648018926559633));
#3897=CARTESIAN_POINT('',(-0.0132771954222551,-0.102322401527613,0.0648018926559633));
#3898=CARTESIAN_POINT('',(-0.0133018627484625,-0.102326445588547,0.0648018926559633));
#3899=CARTESIAN_POINT('',(-0.0133292109902728,-0.102330369338382,0.0648018926559633));
#3900=CARTESIAN_POINT('',(-0.0133592437223748,-0.102334066876216,0.0648018926559633));
#3901=CARTESIAN_POINT('',(-0.0133919619037478,-0.102337432308551,0.0648018926559633));
#3902=CARTESIAN_POINT('',(-0.0134273631757113,-0.102340359583741,0.0648018926559633));
#3903=CARTESIAN_POINT('',(-0.013465442056814,-0.102342742647452,0.0648018926559633));
#3904=CARTESIAN_POINT('',(-0.0135061898839022,-0.102344475506392,0.0648018926559633));
#3905=CARTESIAN_POINT('',(-0.0135495948287233,-0.1023454523184,0.0648018926559633));
#3906=CARTESIAN_POINT('',(-0.0135956418960271,-0.10234556747512,0.0648018926559633));
#3907=CARTESIAN_POINT('',(-0.0136443129297394,-0.102344715686743,0.0648018926559633));
#3908=CARTESIAN_POINT('',(-0.0136955866196445,-0.102342792066053,0.0648018926559633));
#3909=CARTESIAN_POINT('',(-0.0137494385106743,-0.102339692212482,0.0648018926559633));
#3910=CARTESIAN_POINT('',(-0.0138058410141793,-0.102335312295938,0.0648018926559633));
#3911=CARTESIAN_POINT('',(-0.013864763421386,-0.102329549140244,0.0648018926559633));
#3912=CARTESIAN_POINT('',(-0.0139261719187884,-0.102322300306802,0.0648018926559633));
#3913=CARTESIAN_POINT('',(-0.0139900296062241,-0.102313464175774,0.0648018926559633));
#3914=CARTESIAN_POINT('',(-0.0140562965147365,-0.102302940035034,0.0648018926559633));
#3915=CARTESIAN_POINT('',(-0.0141249296353141,-0.102290628137133,0.0648018926559633));
#3916=CARTESIAN_POINT('',(-0.0141958829158298,-0.102276429876838,0.0648018926559633));
#3917=CARTESIAN_POINT('',(-0.0142691073899305,-0.102260247503455,0.0648018926559633));
#3918=CARTESIAN_POINT('',(-0.014344550809949,-0.102241985613728,0.0648018926559633));
#3919=CARTESIAN_POINT('',(-0.0144221591891389,-0.102221545822301,0.0648018926559633));
#3920=CARTESIAN_POINT('',(-0.0145018710473908,-0.10219884753565,0.0648018926559633));
#3921=CARTESIAN_POINT('',(-0.0145836395648648,-0.10217374891568,0.0648018926559633));
#3922=CARTESIAN_POINT('',(-0.0146562644238325,-0.102149977125506,0.0648018926559633));
#3923=CARTESIAN_POINT('',(-0.0147017605112262,-0.102134046450435,0.0648018926559633));
#3924=CARTESIAN_POINT('',(-0.0147191516262989,-0.102127898063714,0.0648018926559633));
#3925=CARTESIAN_POINT('',(-0.0147191516262989,-0.102127898063714,0.0648018926559633));
#3926=CARTESIAN_POINT('',(-0.007,-0.100026779749528,0.0648018926559633));
#3927=CARTESIAN_POINT('',(-0.0148634361541693,-0.10149863974603,0.0648018926559633));
#3928=CARTESIAN_POINT('',(-0.012722245682234,-0.100591053045151,0.0648018926559633));
#3929=CARTESIAN_POINT('',(-0.0131185218114133,-0.100629913347909,0.0648018926559633));
#3930=CARTESIAN_POINT('',(-0.0135421375193097,-0.100671454670865,0.0648018926559633));
#3931=CARTESIAN_POINT('',(-0.0135508433656844,-0.100672888743368,0.0648018926559633));
#3932=CARTESIAN_POINT('',(-0.0135583064425226,-0.100673962660822,0.0648018926559633));
#3933=CARTESIAN_POINT('',(-0.0135670455506697,-0.100675468759802,0.0648018926559633));
#3934=CARTESIAN_POINT('',(-0.0135787846569963,-0.100677696548022,0.0648018926559633));
#3935=CARTESIAN_POINT('',(-0.0135929087694975,-0.100680685404223,0.0648018926559633));
#3936=CARTESIAN_POINT('',(-0.0136095780988096,-0.10068455713398,0.0648018926559633));
#3937=CARTESIAN_POINT('',(-0.0136287039743258,-0.100689406480681,0.0648018926559633));
#3938=CARTESIAN_POINT('',(-0.0136502703018742,-0.100695335378636,0.0648018926559633));
#3939=CARTESIAN_POINT('',(-0.0136742353187516,-0.100702442373579,0.0648018926559633));
#3940=CARTESIAN_POINT('',(-0.0137005610149792,-0.100710825682056,0.0648018926559633));
#3941=CARTESIAN_POINT('',(-0.0137292044692347,-0.10072058218306,0.0648018926559633));
#3942=CARTESIAN_POINT('',(-0.0137601204090173,-0.100731807609311,0.0648018926559633));
#3943=CARTESIAN_POINT('',(-0.0137932605066934,-0.100744596390437,0.0648018926559633));
#3944=CARTESIAN_POINT('',(-0.0138285736226473,-0.100759041597958,0.0648018926559633));
#3945=CARTESIAN_POINT('',(-0.0138660057800023,-0.100775234862245,0.0648018926559633));
#3946=CARTESIAN_POINT('',(-0.0139055002188162,-0.100793266298666,0.0648018926559633));
#3947=CARTESIAN_POINT('',(-0.0139469974303911,-0.100813224432342,0.0648018926559633));
#3948=CARTESIAN_POINT('',(-0.0139904351997501,-0.100835196124566,0.0648018926559633));
#3949=CARTESIAN_POINT('',(-0.0140357486482716,-0.100859266500054,0.0648018926559633));
#3950=CARTESIAN_POINT('',(-0.0140828702786691,-0.100885518875343,0.0648018926559633));
#3951=CARTESIAN_POINT('',(-0.0141317300216597,-0.100914034688245,0.0648018926559633));
#3952=CARTESIAN_POINT('',(-0.0141822552844288,-0.100944893428607,0.0648018926559633));
#3953=CARTESIAN_POINT('',(-0.0142343710009365,-0.100978172569707,0.0648018926559633));
#3954=CARTESIAN_POINT('',(-0.0142879996835553,-0.101013947503065,0.0648018926559633));
#3955=CARTESIAN_POINT('',(-0.0143430614779027,-0.101052291466154,0.0648018926559633));
#3956=CARTESIAN_POINT('',(-0.0143994742135294,-0.101093275503647,0.0648018926559633));
#3957=CARTESIAN_POINT('',(-0.0144571534785119,-0.101136968306286,0.0648018926559633));
#3958=CARTESIAN_POINT('',(-0.0145160126101341,-0.101183436525967,0.0648018926559633));
#3959=CARTESIAN_POINT('',(-0.0145759630148947,-0.101232743272052,0.0648018926559633));
#3960=CARTESIAN_POINT('',(-0.0146369132347034,-0.101284953580415,0.0648018926559633));
#3961=CARTESIAN_POINT('',(-0.0146987728182271,-0.101340113207762,0.0648018926559633));
#3962=CARTESIAN_POINT('',(-0.0147614378268303,-0.101398329424327,0.0648018926559633));
#3963=CARTESIAN_POINT('',(-0.0148164506867654,-0.101451367650069,0.0648018926559633));
#3964=CARTESIAN_POINT('',(-0.0148504611123827,-0.101485528612082,0.0648018926559633));
#3965=CARTESIAN_POINT('',(-0.0148634361541693,-0.10149863974603,0.0648018926559633));
#3966=CARTESIAN_POINT('',(-0.0131189421904861,-0.100629974057892,0.0648018926559633));
#3967=CARTESIAN_POINT('',(-0.0131592419682543,-0.100219686361917,0.0648018926559633));
#3968=CARTESIAN_POINT('',(-0.012747181888454,-0.10020678069682,0.0648018926559633));
#3969=CARTESIAN_POINT('',(-0.007,-0.100026779749528,0.0648018926559633));
#3970=CARTESIAN_POINT('',(-0.0127475294961809,-0.0998582428380497,0.0648018926559633));
#3971=CARTESIAN_POINT('',(-0.0131596144986774,-0.099846159118665,0.0648018926559633));
#3972=CARTESIAN_POINT('',(-0.0131201331858135,-0.0994357918545086,0.0648018926559633));
#3973=CARTESIAN_POINT('',(-0.0127233598325109,-0.0994739215148953,0.0648018926559633));
#3974=CARTESIAN_POINT('',(-0.0131197126864811,-0.0994358517258566,0.0648018926559633));
#3975=CARTESIAN_POINT('',(-0.0135434104125063,-0.0993951554551364,0.0648018926559633));
#3976=CARTESIAN_POINT('',(-0.0135521191020502,-0.0993937387506958,0.0648018926559633));
#3977=CARTESIAN_POINT('',(-0.0135595843061428,-0.0993926797216841,0.0648018926559633));
#3978=CARTESIAN_POINT('',(-0.0135683264010612,-0.0993911910572559,0.0648018926559633));
#3979=CARTESIAN_POINT('',(-0.0135800699277163,-0.0993889866890013,0.0648018926559633));
#3980=CARTESIAN_POINT('',(-0.0135941999738739,-0.0993860260115576,0.0648018926559633));
#3981=CARTESIAN_POINT('',(-0.0136108769928121,-0.0993821875391588,0.0648018926559633));
#3982=CARTESIAN_POINT('',(-0.0136300125030817,-0.0993773763517366,0.0648018926559633));
#3983=CARTESIAN_POINT('',(-0.013651590613867,-0.0993714904830821,0.0648018926559633));
#3984=CARTESIAN_POINT('',(-0.0136755697591133,-0.0993644313043541,0.0648018926559633));
#3985=CARTESIAN_POINT('',(-0.0137019121248259,-0.0993561005233858,0.0648018926559633));
#3986=CARTESIAN_POINT('',(-0.0137305749830089,-0.099346401175762,0.0648018926559633));
#3987=CARTESIAN_POINT('',(-0.0137615132522055,-0.0993352374386515,0.0648018926559633));
#3988=CARTESIAN_POINT('',(-0.0137946787932337,-0.0993225147862165,0.0648018926559633));
#3989=CARTESIAN_POINT('',(-0.0138300206522253,-0.099308140045116,0.0648018926559633));
#3990=CARTESIAN_POINT('',(-0.0138674850351827,-0.0992920214774954,0.0648018926559633));
#3991=CARTESIAN_POINT('',(-0.013907015362026,-0.0992740688549494,0.0648018926559633));
#3992=CARTESIAN_POINT('',(-0.0139485523007534,-0.0992541935338324,0.0648018926559633));
#3993=CARTESIAN_POINT('',(-0.0139920338097706,-0.0992323085289285,0.0648018926559633));
#3994=CARTESIAN_POINT('',(-0.0140373951803799,-0.0992083285862786,0.0648018926559633));
#3995=CARTESIAN_POINT('',(-0.0140845690816173,-0.0991821702548774,0.0648018926559633));
#3996=CARTESIAN_POINT('',(-0.0141334856067802,-0.0991537519573114,0.0648018926559633));
#3997=CARTESIAN_POINT('',(-0.0141840723217534,-0.099122994059093,0.0648018926559633));
#3998=CARTESIAN_POINT('',(-0.0142362543151795,-0.0990898189373666,0.0648018926559633));
#3999=CARTESIAN_POINT('',(-0.0142899542499657,-0.0990541510462017,0.0648018926559633));
#4000=CARTESIAN_POINT('',(-0.0143450924179721,-0.0990159169889884,0.0648018926559633));
#4001=CARTESIAN_POINT('',(-0.0144015867906228,-0.0989750455572918,0.0648018926559633));
#4002=CARTESIAN_POINT('',(-0.0144593530931773,-0.0989314678921348,0.0648018926559633));
#4003=CARTESIAN_POINT('',(-0.0145183047960394,-0.0988851171688901,0.0648018926559633));
#4004=CARTESIAN_POINT('',(-0.0145783534317661,-0.0988359301016078,0.0648018926559633));
#4005=CARTESIAN_POINT('',(-0.0146394076721733,-0.0987838414721158,0.0648018926559633));
#4006=CARTESIAN_POINT('',(-0.0147013771573772,-0.0987288053433781,0.0648018926559633));
#4007=CARTESIAN_POINT('',(-0.0147641581629167,-0.0986707142380542,0.0648018926559633));
#4008=CARTESIAN_POINT('',(-0.0148192767066761,-0.0986177858498113,0.0648018926559633));
#4009=CARTESIAN_POINT('',(-0.0148533552041628,-0.0985836927950143,0.0648018926559633));
#4010=CARTESIAN_POINT('',(-0.014866356372401,-0.0985706075679549,0.0648018926559633));
#4011=CARTESIAN_POINT('',(-0.014866356372401,-0.0985706075679549,0.0648018926559633));
#4012=CARTESIAN_POINT('',(-0.007,-0.100026779749528,0.0648018926559633));
#4013=CARTESIAN_POINT('',(-0.0147233272883848,-0.0979410627034042,0.0648018926559633));
#4014=CARTESIAN_POINT('',(-0.0124003942215713,-0.0980523830691164,0.0648018926559633));
#4015=CARTESIAN_POINT('',(-0.0127742875305186,-0.0979154572234473,0.0648018926559633));
#4016=CARTESIAN_POINT('',(-0.0131739761998196,-0.0977690846948709,0.0648018926559633));
#4017=CARTESIAN_POINT('',(-0.0131824421171118,-0.0977665994243732,0.0648018926559633));
#4018=CARTESIAN_POINT('',(-0.0131896320723222,-0.097764328882882,0.0648018926559633));
#4019=CARTESIAN_POINT('',(-0.0131981592085527,-0.0977618940742553,0.0648018926559633));
#4020=CARTESIAN_POINT('',(-0.0132097023789729,-0.0977588078347391,0.0648018926559633));
#4021=CARTESIAN_POINT('',(-0.0132237245807276,-0.0977553724783834,0.0648018926559633));
#4022=CARTESIAN_POINT('',(-0.0132404230080703,-0.0977516282354286,0.0648018926559633));
#4023=CARTESIAN_POINT('',(-0.0132597588791608,-0.0977476989394531,0.0648018926559633));
#4024=CARTESIAN_POINT('',(-0.0132817619212903,-0.0977436834130955,0.0648018926559633));
#4025=CARTESIAN_POINT('',(-0.0133064372649553,-0.0977396885631527,0.0648018926559633));
#4026=CARTESIAN_POINT('',(-0.0133337932789102,-0.0977358193715861,0.0648018926559633));
#4027=CARTESIAN_POINT('',(-0.0133638333266003,-0.0977321817462174,0.0648018926559633));
#4028=CARTESIAN_POINT('',(-0.0133965581557813,-0.0977288815822474,0.0648018926559633));
#4029=CARTESIAN_POINT('',(-0.0134319651962405,-0.0977260249264059,0.0648018926559633));
#4030=CARTESIAN_POINT('',(-0.013470048754995,-0.0977237178218825,0.0648018926559633));
#4031=CARTESIAN_POINT('',(-0.0135107999574876,-0.0977220662444783,0.0648018926559633));
#4032=CARTESIAN_POINT('',(-0.0135542067643701,-0.09772117601255,0.0648018926559633));
#4033=CARTESIAN_POINT('',(-0.0136002539697693,-0.0977211527043331,0.0648018926559633));
#4034=CARTESIAN_POINT('',(-0.0136489232076297,-0.0977221015732133,0.0648018926559633));
#4035=CARTESIAN_POINT('',(-0.0137001929585635,-0.0977241274636899,0.0648018926559633));
#4036=CARTESIAN_POINT('',(-0.0137540385593077,-0.0977273347273439,0.0648018926559633));
#4037=CARTESIAN_POINT('',(-0.0138104322141618,-0.0977318271390302,0.0648018926559633));
#4038=CARTESIAN_POINT('',(-0.0138693430086119,-0.0977377078134687,0.0648018926559633));
#4039=CARTESIAN_POINT('',(-0.013930736924889,-0.0977450791216055,0.0648018926559633));
#4040=CARTESIAN_POINT('',(-0.0139945768602071,-0.0977540426094737,0.0648018926559633));
#4041=CARTESIAN_POINT('',(-0.0140608226448025,-0.0977646989092744,0.0648018926559633));
#4042=CARTESIAN_POINT('',(-0.014129431070787,-0.0977771476824693,0.0648018926559633));
#4043=CARTESIAN_POINT('',(-0.0142003558894412,-0.0977914874422379,0.0648018926559633));
#4044=CARTESIAN_POINT('',(-0.0142735479395298,-0.097807815841408,0.0648018926559633));
#4045=CARTESIAN_POINT('',(-0.0143489547831925,-0.0978262281788292,0.0648018926559633));
#4046=CARTESIAN_POINT('',(-0.0144265222375449,-0.097846822731977,0.0648018926559633));
#4047=CARTESIAN_POINT('',(-0.0145061886618431,-0.0978696799715829,0.0648018926559633));
#4048=CARTESIAN_POINT('',(-0.0145879069534216,-0.0978949416420698,0.0648018926559633));
#4049=CARTESIAN_POINT('',(-0.0146604842512587,-0.0979188582469043,0.0648018926559633));
#4050=CARTESIAN_POINT('',(-0.0147059484718542,-0.0979348796395401,0.0648018926559633));
#4051=CARTESIAN_POINT('',(-0.0147233272883848,-0.0979410627034042,0.0648018926559633));
#4052=CARTESIAN_POINT('',(-0.0127746926200501,-0.0979153295256075,0.0648018926559633));
#4053=CARTESIAN_POINT('',(-0.0126329843055591,-0.0975281876663869,0.0648018926559633));
#4054=CARTESIAN_POINT('',(-0.0122561314437255,-0.0976953462320796,0.0648018926559633));
#4055=CARTESIAN_POINT('',(-0.007,-0.100026779749528,0.0648018926559633));
#4056=CARTESIAN_POINT('',(-0.0121052197180785,-0.0973811736507022,0.0648018926559633));
#4057=CARTESIAN_POINT('',(-0.0124712525469082,-0.0971914896140106,0.0648018926559633));
#4058=CARTESIAN_POINT('',(-0.0122576294301703,-0.0968388917842501,0.0648018926559633));
#4059=CARTESIAN_POINT('',(-0.0119166928308513,-0.0970453989273153,0.0648018926559633));
#4060=CARTESIAN_POINT('',(-0.0122572765505672,-0.0968391281742934,0.0648018926559633));
#4061=CARTESIAN_POINT('',(-0.0126213575610087,-0.0966186265477113,0.0648018926559633));
#4062=CARTESIAN_POINT('',(-0.0126285891341481,-0.0966135715823331,0.0648018926559633));
#4063=CARTESIAN_POINT('',(-0.0126348555551606,-0.0966093783994985,0.0648018926559633));
#4064=CARTESIAN_POINT('',(-0.0126420860032339,-0.096604244106363,0.0648018926559633));
#4065=CARTESIAN_POINT('',(-0.0126517101156089,-0.0965971627139367,0.0648018926559633));
#4066=CARTESIAN_POINT('',(-0.0126631562574993,-0.0965883644384713,0.0648018926559633));
#4067=CARTESIAN_POINT('',(-0.0126765162816152,-0.0965776702070054,0.0648018926559633));
#4068=CARTESIAN_POINT('',(-0.0126916692846512,-0.0965650328901746,0.0648018926559633));
#4069=CARTESIAN_POINT('',(-0.0127085567079971,-0.0965503675143657,0.0648018926559633));
#4070=CARTESIAN_POINT('',(-0.0127270983084813,-0.0965336032528986,0.0648018926559633));
#4071=CARTESIAN_POINT('',(-0.012747217369499,-0.0965146679544682,0.0648018926559633));
#4072=CARTESIAN_POINT('',(-0.0127688333231729,-0.0964934927961379,0.0648018926559633));
#4073=CARTESIAN_POINT('',(-0.0127918639765459,-0.0964700110046311,0.0648018926559633));
#4074=CARTESIAN_POINT('',(-0.0128162249444894,-0.0964441583019188,0.0648018926559633));
#4075=CARTESIAN_POINT('',(-0.0128418298927571,-0.0964158728497765,0.0648018926559633));
#4076=CARTESIAN_POINT('',(-0.0128685905510684,-0.0963850953355939,0.0648018926559633));
#4077=CARTESIAN_POINT('',(-0.0128964167938951,-0.0963517690155634,0.0648018926559633));
#4078=CARTESIAN_POINT('',(-0.0129252167039141,-0.0963158397677109,0.0648018926559633));
#4079=CARTESIAN_POINT('',(-0.0129548966421096,-0.0962772561399037,0.0648018926559633));
#4080=CARTESIAN_POINT('',(-0.0129853613176532,-0.0962359693970306,0.0648018926559633));
#4081=CARTESIAN_POINT('',(-0.0130165138594082,-0.0961919335661442,0.0648018926559633));
#4082=CARTESIAN_POINT('',(-0.0130482558884986,-0.0961451054799162,0.0648018926559633));
#4083=CARTESIAN_POINT('',(-0.0130804875919325,-0.096095444818137,0.0648018926559633));
#4084=CARTESIAN_POINT('',(-0.0131131077976142,-0.0960429141478503,0.0648018926559633));
#4085=CARTESIAN_POINT('',(-0.0131460140490799,-0.0959874789598317,0.0648018926559633));
#4086=CARTESIAN_POINT('',(-0.0131791026861815,-0.0959291077100861,0.0648018926559633));
#4087=CARTESIAN_POINT('',(-0.0132122689075439,-0.0958677718328961,0.0648018926559633));
#4088=CARTESIAN_POINT('',(-0.0132454069074589,-0.0958034458539064,0.0648018926559633));
#4089=CARTESIAN_POINT('',(-0.0132784097313353,-0.0957361071099931,0.0648018926559633));
#4090=CARTESIAN_POINT('',(-0.0133111702140164,-0.0956657369670703,0.0648018926559633));
#4091=CARTESIAN_POINT('',(-0.0133435777745473,-0.0955923162914094,0.0648018926559633));
#4092=CARTESIAN_POINT('',(-0.0133755310701526,-0.0955158429008554,0.0648018926559633));
#4093=CARTESIAN_POINT('',(-0.0134068900156519,-0.0954362649660275,0.0648018926559633));
#4094=CARTESIAN_POINT('',(-0.0134335853406269,-0.0953646630961313,0.0648018926559633));
#4095=CARTESIAN_POINT('',(-0.0134494965838341,-0.0953191602092345,0.0648018926559633));
#4096=CARTESIAN_POINT('',(-0.0134555327644193,-0.0953017298315365,0.0648018926559633));
#4097=CARTESIAN_POINT('',(-0.0134555327644193,-0.0953017298315365,0.0648018926559633));
#4098=CARTESIAN_POINT('',(-0.007,-0.100026779749528,0.0648018926559633));
#4099=CARTESIAN_POINT('',(-0.0130535187327427,-0.0947965875014039,0.0648018926559633));
#4100=CARTESIAN_POINT('',(-0.0110089284538378,-0.095904766570023,0.0648018926559633));
#4101=CARTESIAN_POINT('',(-0.0112863847872155,-0.0956191744189469,0.0648018926559633));
#4102=CARTESIAN_POINT('',(-0.0115829831751063,-0.0953138789132641,0.0648018926559633));
#4103=CARTESIAN_POINT('',(-0.0115895323845685,-0.0953079665380676,0.0648018926559633));
#4104=CARTESIAN_POINT('',(-0.0115950251593427,-0.09530280124622,0.0648018926559633));
#4105=CARTESIAN_POINT('',(-0.0116016514197477,-0.0952969077736963,0.0648018926559633));
#4106=CARTESIAN_POINT('',(-0.0116107123877921,-0.0952891187740302,0.0648018926559633));
#4107=CARTESIAN_POINT('',(-0.0116218554097718,-0.0952799396195755,0.0648018926559633));
#4108=CARTESIAN_POINT('',(-0.0116352756068171,-0.0952693209971466,0.0648018926559633));
#4109=CARTESIAN_POINT('',(-0.0116509917670734,-0.095257391303752,0.0648018926559633));
#4110=CARTESIAN_POINT('',(-0.0116690735514406,-0.0952442266773245,0.0648018926559633));
#4111=CARTESIAN_POINT('',(-0.0116895719674573,-0.0952299212115207,0.0648018926559633));
#4112=CARTESIAN_POINT('',(-0.0117125401050762,-0.0952145658607531,0.0648018926559633));
#4113=CARTESIAN_POINT('',(-0.0117380269463388,-0.0951982545853278,0.0648018926559633));
#4114=CARTESIAN_POINT('',(-0.0117660791111554,-0.0951810824690848,0.0648018926559633));
#4115=CARTESIAN_POINT('',(-0.0117967402957958,-0.0951631461719997,0.0648018926559633));
#4116=CARTESIAN_POINT('',(-0.0118300513814753,-0.0951445437057779,0.0648018926559633));
#4117=CARTESIAN_POINT('',(-0.0118660503536711,-0.0951253744018427,0.0648018926559633));
#4118=CARTESIAN_POINT('',(-0.0119047722781696,-0.0951057388229168,0.0648018926559633));
#4119=CARTESIAN_POINT('',(-0.0119462492636319,-0.0950857386892845,0.0648018926559633));
#4120=CARTESIAN_POINT('',(-0.0119905104305463,-0.0950654767997024,0.0648018926559633));
#4121=CARTESIAN_POINT('',(-0.0120375818809379,-0.0950450569527128,0.0648018926559633));
#4122=CARTESIAN_POINT('',(-0.0120874866704284,-0.0950245838668303,0.0648018926559633));
#4123=CARTESIAN_POINT('',(-0.0121402447821793,-0.0950041631000709,0.0648018926559633));
#4124=CARTESIAN_POINT('',(-0.0121958731029762,-0.0949839009688919,0.0648018926559633));
#4125=CARTESIAN_POINT('',(-0.012254385400957,-0.0949639044660855,0.0648018926559633));
#4126=CARTESIAN_POINT('',(-0.0123157923068393,-0.0949442811797616,0.0648018926559633));
#4127=CARTESIAN_POINT('',(-0.0123801012915922,-0.0949251392054081,0.0648018926559633));
#4128=CARTESIAN_POINT('',(-0.0124473166677412,-0.0949065870820991,0.0648018926559633));
#4129=CARTESIAN_POINT('',(-0.0125174395098967,-0.0948887336337099,0.0648018926559633));
#4130=CARTESIAN_POINT('',(-0.0125904678952903,-0.0948716881726587,0.0648018926559633));
#4131=CARTESIAN_POINT('',(-0.0126663959276634,-0.0948555593121771,0.0648018926559633));
#4132=CARTESIAN_POINT('',(-0.0127452174309225,-0.0948404591062834,0.0648018926559633));
#4133=CARTESIAN_POINT('',(-0.0128269117836184,-0.0948264868015179,0.0648018926559633));
#4134=CARTESIAN_POINT('',(-0.012911498048316,-0.0948137905422734,0.0648018926559633));
#4135=CARTESIAN_POINT('',(-0.0129872649601164,-0.0948038485492946,0.0648018926559633));
#4136=CARTESIAN_POINT('',(-0.013035178229219,-0.0947985571392519,0.0648018926559633));
#4137=CARTESIAN_POINT('',(-0.0130535187327427,-0.0947965875014039,0.0648018926559633));
#4138=CARTESIAN_POINT('',(-0.0112866943542559,-0.0956188836054081,0.0648018926559633));
#4139=CARTESIAN_POINT('',(-0.0109910450171291,-0.0953315657761439,0.0648018926559633));
#4140=CARTESIAN_POINT('',(-0.0107240397043453,-0.0956456807686257,0.0648018926559633));
#4141=CARTESIAN_POINT('',(-0.007,-0.100026779749528,0.0648018926559633));
#4142=CARTESIAN_POINT('',(-0.0104517585633996,-0.0954280991974565,0.0648018926559633));
#4143=CARTESIAN_POINT('',(-0.0106992419277149,-0.095098384093247,0.0648018926559633));
#4144=CARTESIAN_POINT('',(-0.0103537876852885,-0.094873392022395,0.0648018926559633));
#4145=CARTESIAN_POINT('',(-0.0101362145147611,-0.0952073753758108,0.0648018926559633));
#4146=CARTESIAN_POINT('',(-0.0103535723175479,-0.0948737581111863,0.0648018926559633));
#4147=CARTESIAN_POINT('',(-0.0105859259031272,-0.094517124180162,0.0648018926559633));
#4148=CARTESIAN_POINT('',(-0.0105902480581123,-0.0945094321517345,0.0648018926559633));
#4149=CARTESIAN_POINT('',(-0.0105940745545106,-0.0945029353263632,0.0648018926559633));
#4150=CARTESIAN_POINT('',(-0.0105983612768224,-0.094495172314244,0.0648018926559633));
#4151=CARTESIAN_POINT('',(-0.0106039598014293,-0.0944846164542635,0.0648018926559633));
#4152=CARTESIAN_POINT('',(-0.0106104549902734,-0.0944717231871361,0.0648018926559633));
#4153=CARTESIAN_POINT('',(-0.0106178519029409,-0.0944562913203011,0.0648018926559633));
#4154=CARTESIAN_POINT('',(-0.0106260211606526,-0.0944383308496466,0.0648018926559633));
#4155=CARTESIAN_POINT('',(-0.0106348731352548,-0.0944177906242213,0.0648018926559633));
#4156=CARTESIAN_POINT('',(-0.0106443047996032,-0.0943946416475987,0.0648018926559633));
#4157=CARTESIAN_POINT('',(-0.0106542157291474,-0.0943688521997866,0.0648018926559633));
#4158=CARTESIAN_POINT('',(-0.0106645034735848,-0.0943403952305535,0.0648018926559633));
#4159=CARTESIAN_POINT('',(-0.0106750650077811,-0.0943092462414435,0.0648018926559633));
#4160=CARTESIAN_POINT('',(-0.0106857964141712,-0.0942753839332887,0.0648018926559633));
#4161=CARTESIAN_POINT('',(-0.0106965930776865,-0.0942387900507997,0.0648018926559633));
#4162=CARTESIAN_POINT('',(-0.0107073497347752,-0.0941994494542004,0.0648018926559633));
#4163=CARTESIAN_POINT('',(-0.0107179605649269,-0.0941573501230879,0.0648018926559633));
#4164=CARTESIAN_POINT('',(-0.0107283192708504,-0.0941124831766804,0.0648018926559633));
#4165=CARTESIAN_POINT('',(-0.0107383191624642,-0.0940648428866542,0.0648018926559633));
#4166=CARTESIAN_POINT('',(-0.010747853240326,-0.0940144266893326,0.0648018926559633));
#4167=CARTESIAN_POINT('',(-0.0107568142796431,-0.0939612351953322,0.0648018926559633));
#4168=CARTESIAN_POINT('',(-0.0107650949145092,-0.0939052721972283,0.0648018926559633));
#4169=CARTESIAN_POINT('',(-0.0107725877222429,-0.0938465446750018,0.0648018926559633));
#4170=CARTESIAN_POINT('',(-0.0107791853083844,-0.0937850627996515,0.0648018926559633));
#4171=CARTESIAN_POINT('',(-0.010784780389858,-0.0937208399336341,0.0648018926559633));
#4172=CARTESIAN_POINT('',(-0.0107892658856714,-0.0936538926332448,0.0648018926559633));
#4173=CARTESIAN_POINT('',(-0.0107925349788476,-0.093584240633274,0.0648018926559633));
#4174=CARTESIAN_POINT('',(-0.0107944812888292,-0.093511906889497,0.0648018926559633));
#4175=CARTESIAN_POINT('',(-0.010794998619698,-0.0934369173890025,0.0648018926559633));
#4176=CARTESIAN_POINT('',(-0.0107939823339575,-0.0933593018402782,0.0648018926559633));
#4177=CARTESIAN_POINT('',(-0.0107913244997963,-0.0932790909837086,0.0648018926559633));
#4178=CARTESIAN_POINT('',(-0.010786932863727,-0.0931963268242221,0.0648018926559633));
#4179=CARTESIAN_POINT('',(-0.0107806587254377,-0.0931110234458422,0.0648018926559633));
#4180=CARTESIAN_POINT('',(-0.0107736434951204,-0.0930349297227651,0.0648018926559633));
#4181=CARTESIAN_POINT('',(-0.0107682360671922,-0.0929870294085746,0.0648018926559633));
#4182=CARTESIAN_POINT('',(-0.0107661117205307,-0.0929687061803106,0.0648018926559633));
#4183=CARTESIAN_POINT('',(-0.0107661117205307,-0.0929687061803106,0.0648018926559633));
#4184=CARTESIAN_POINT('',(-0.007,-0.100026779749528,0.0648018926559633));
#4185=CARTESIAN_POINT('',(-0.0101847365505456,-0.092688016018243,0.0648018926559633));
#4186=CARTESIAN_POINT('',(-0.00882344523954069,-0.0945735653343046,0.0648018926559633));
#4187=CARTESIAN_POINT('',(-0.00894951096774488,-0.0941958719058999,0.0648018926559633));
#4188=CARTESIAN_POINT('',(-0.00908427412596305,-0.093792120942215,0.0648018926559633));
#4189=CARTESIAN_POINT('',(-0.00908760947634049,-0.0937839524807378,0.0648018926559633));
#4190=CARTESIAN_POINT('',(-0.00909031715926999,-0.0937769154879323,0.0648018926559633));
#4191=CARTESIAN_POINT('',(-0.0090937301317106,-0.0937687306260238,0.0648018926559633));
#4192=CARTESIAN_POINT('',(-0.00909851426153256,-0.0937577815731173,0.0648018926559633));
#4193=CARTESIAN_POINT('',(-0.00910457109157381,-0.0937446766646784,0.0648018926559633));
#4194=CARTESIAN_POINT('',(-0.00911205502370901,-0.0937292868111763,0.0648018926559633));
#4195=CARTESIAN_POINT('',(-0.00912103869484639,-0.0937117195424475,0.0648018926559633));
#4196=CARTESIAN_POINT('',(-0.00913161790229891,-0.0936920132316676,0.0648018926559633));
#4197=CARTESIAN_POINT('',(-0.00914387942797845,-0.0936702305229503,0.0648018926559633));
#4198=CARTESIAN_POINT('',(-0.00915791056792035,-0.0936464303285222,0.0648018926559633));
#4199=CARTESIAN_POINT('',(-0.00917379622126782,-0.0936206760511829,0.0648018926559633));
#4200=CARTESIAN_POINT('',(-0.00919161964644069,-0.0935930331308911,0.0648018926559633));
#4201=CARTESIAN_POINT('',(-0.00921146215160948,-0.0935635696961744,0.0648018926559633));
#4202=CARTESIAN_POINT('',(-0.00923340309516163,-0.0935323563148336,0.0648018926559633));
#4203=CARTESIAN_POINT('',(-0.00925751979911893,-0.093499466000108,0.0648018926559633));
#4204=CARTESIAN_POINT('',(-0.00928388748919323,-0.0934649741414052,0.0648018926559633));
#4205=CARTESIAN_POINT('',(-0.00931257922906591,-0.0934289584541089,0.0648018926559633));
#4206=CARTESIAN_POINT('',(-0.00934366585809934,-0.0933914989217921,0.0648018926559633));
#4207=CARTESIAN_POINT('',(-0.00937721592990512,-0.0933526777384655,0.0648018926559633));
#4208=CARTESIAN_POINT('',(-0.0094132956525413,-0.0933125792487915,0.0648018926559633));
#4209=CARTESIAN_POINT('',(-0.00945196883012095,-0.0932712898868873,0.0648018926559633));
#4210=CARTESIAN_POINT('',(-0.00949329680609423,-0.0932288981136695,0.0648018926559633));
#4211=CARTESIAN_POINT('',(-0.00953733840755745,-0.0931854943525417,0.0648018926559633));
#4212=CARTESIAN_POINT('',(-0.00958414989318764,-0.0931411709245461,0.0648018926559633));
#4213=CARTESIAN_POINT('',(-0.00963378489496987,-0.09309602197882,0.0648018926559633));
#4214=CARTESIAN_POINT('',(-0.00968629439169459,-0.0930501434345553,0.0648018926559633));
#4215=CARTESIAN_POINT('',(-0.00974172656846228,-0.09300363287242,0.0648018926559633));
#4216=CARTESIAN_POINT('',(-0.00980012712179919,-0.0929565896137576,0.0648018926559633));
#4217=CARTESIAN_POINT('',(-0.00986153786487494,-0.092909114073999,0.0648018926559633));
#4218=CARTESIAN_POINT('',(-0.00992600185163808,-0.092861309890033,0.0648018926559633));
#4219=CARTESIAN_POINT('',(-0.00999354356426477,-0.0928132754272139,0.0648018926559633));
#4220=CARTESIAN_POINT('',(-0.0100642444549756,-0.0927651358880908,0.0648018926559633));
#4221=CARTESIAN_POINT('',(-0.010128194414637,-0.0927233044309386,0.0648018926559633));
#4222=CARTESIAN_POINT('',(-0.0101690669216834,-0.0926977482468713,0.0648018926559633));
#4223=CARTESIAN_POINT('',(-0.0101847365505456,-0.092688016018243,0.0648018926559633));
#4224=CARTESIAN_POINT('',(-0.00894966369874518,-0.0941954755758501,0.0648018926559633));
#4225=CARTESIAN_POINT('',(-0.00855863031610162,-0.09406488859635,0.0648018926559633));
#4226=CARTESIAN_POINT('',(-0.00845435622916978,-0.0944637456889924,0.0648018926559633));
#4227=CARTESIAN_POINT('',(-0.007,-0.100026779749528,0.0648018926559633));
#4228=CARTESIAN_POINT('',(-0.00811463429219886,-0.0943858498266644,0.0648018926559633));
#4229=CARTESIAN_POINT('',(-0.00819455107651262,-0.0939814077750159,0.0648018926559633));
#4230=CARTESIAN_POINT('',(-0.00778568715782863,-0.0939285839020513,0.0648018926559633));
#4231=CARTESIAN_POINT('',(-0.00773457045087568,-0.0943238939666367,0.0648018926559633));
#4232=CARTESIAN_POINT('',(-0.00778565195817277,-0.0939290071812158,0.0648018926559633));
#4233=CARTESIAN_POINT('',(-0.00784025764163618,-0.0935068766696167,0.0648018926559633));
#4234=CARTESIAN_POINT('',(-0.00784081432266451,-0.0934980710787065,0.0648018926559633));
#4235=CARTESIAN_POINT('',(-0.00784144300990805,-0.0934905573867418,0.0648018926559633));
#4236=CARTESIAN_POINT('',(-0.00784193696853117,-0.093481703215396,0.0648018926559633));
#4237=CARTESIAN_POINT('',(-0.00784240104891025,-0.0934697636053897,0.0648018926559633));
#4238=CARTESIAN_POINT('',(-0.00784265883289931,-0.0934553290162803,0.0648018926559633));
#4239=CARTESIAN_POINT('',(-0.00784262758484729,-0.0934382159845623,0.0648018926559633));
#4240=CARTESIAN_POINT('',(-0.00784219507555553,-0.0934184896515679,0.0648018926559633));
#4241=CARTESIAN_POINT('',(-0.0078412583592818,-0.0933961428200811,0.0648018926559633));
#4242=CARTESIAN_POINT('',(-0.00783971203069848,-0.0933711940670267,0.0648018926559633));
#4243=CARTESIAN_POINT('',(-0.00783745184762323,-0.0933436583862589,0.0648018926559633));
#4244=CARTESIAN_POINT('',(-0.0078343737688675,-0.0933135558578814,0.0648018926559633));
#4245=CARTESIAN_POINT('',(-0.00783037434251088,-0.0932809091104787,0.0648018926559633));
#4246=CARTESIAN_POINT('',(-0.00782535070069974,-0.0932457440423055,0.0648018926559633));
#4247=CARTESIAN_POINT('',(-0.0078192006678411,-0.0932080895966912,0.0648018926559633));
#4248=CARTESIAN_POINT('',(-0.00781182283584914,-0.0931679778053124,0.0648018926559633));
#4249=CARTESIAN_POINT('',(-0.00780311664828097,-0.0931254437519592,0.0648018926559633));
#4250=CARTESIAN_POINT('',(-0.00779298248135976,-0.0930805255559896,0.0648018926559633));
#4251=CARTESIAN_POINT('',(-0.00778132172521698,-0.0930332643474541,0.0648018926559633));
#4252=CARTESIAN_POINT('',(-0.00776803686434859,-0.0929837042418776,0.0648018926559633));
#4253=CARTESIAN_POINT('',(-0.00775303155749123,-0.0929318923125007,0.0648018926559633));
#4254=CARTESIAN_POINT('',(-0.00773621071684252,-0.0928778785606366,0.0648018926559633));
#4255=CARTESIAN_POINT('',(-0.00771748058641099,-0.0928217158839855,0.0648018926559633));
#4256=CARTESIAN_POINT('',(-0.00769674882016277,-0.0927634600430104,0.0648018926559633));
#4257=CARTESIAN_POINT('',(-0.00767392455713947,-0.0927031696252508,0.0648018926559633));
#4258=CARTESIAN_POINT('',(-0.00764891850420768,-0.0926409060081147,0.0648018926559633));
#4259=CARTESIAN_POINT('',(-0.00762164298520136,-0.0925767333181831,0.0648018926559633));
#4260=CARTESIAN_POINT('',(-0.00759201211468767,-0.0925107183946888,0.0648018926559633));
#4261=CARTESIAN_POINT('',(-0.00755994148882586,-0.092442930727872,0.0648018926559633));
#4262=CARTESIAN_POINT('',(-0.00752534972251864,-0.0923734424846633,0.0648018926559633));
#4263=CARTESIAN_POINT('',(-0.00748815291031706,-0.0923023281910502,0.0648018926559633));
#4264=CARTESIAN_POINT('',(-0.00744828615995659,-0.0922296657194533,0.0648018926559633));
#4265=CARTESIAN_POINT('',(-0.00740562160791415,-0.0921555322777869,0.0648018926559633));
#4266=CARTESIAN_POINT('',(-0.007366285274705,-0.0920900179966124,0.0648018926559633));
#4267=CARTESIAN_POINT('',(-0.00734063018306043,-0.0920492074998125,0.0648018926559633));
#4268=CARTESIAN_POINT('',(-0.00733076606206186,-0.0920336205610598,0.0648018926559633));
#4269=CARTESIAN_POINT('',(-0.00733076606206186,-0.0920336205610598,0.0648018926559633));
#4270=CARTESIAN_POINT('',(-0.007,-0.100026779749528,0.0648018926559633));
#4271=CARTESIAN_POINT('',(-0.00668517823628247,-0.0920329766960937,0.0648018926559633));
#4272=CARTESIAN_POINT('',(-0.0062768063324643,-0.094322440092807,0.0648018926559633));
#4273=CARTESIAN_POINT('',(-0.00622651259192936,-0.0939274522026752,0.0648018926559633));
#4274=CARTESIAN_POINT('',(-0.00617274902422821,-0.0935052136110265,0.0648018926559633));
#4275=CARTESIAN_POINT('',(-0.00617220990847325,-0.0934964069272439,0.0648018926559633));
#4276=CARTESIAN_POINT('',(-0.00617159620974631,-0.0934888919962087,0.0648018926559633));
#4277=CARTESIAN_POINT('',(-0.00617111991317328,-0.0934800368571969,0.0648018926559633));
#4278=CARTESIAN_POINT('',(-0.00617067964918802,-0.0934680963452597,0.0648018926559633));
#4279=CARTESIAN_POINT('',(-0.0061704506578191,-0.093453661270674,0.0648018926559633));
#4280=CARTESIAN_POINT('',(-0.00617051604050042,-0.0934365483353288,0.0648018926559633));
#4281=CARTESIAN_POINT('',(-0.00617098789627255,-0.0934168229042861,0.0648018926559633));
#4282=CARTESIAN_POINT('',(-0.00617196918502894,-0.0933944779856857,0.0648018926559633));
#4283=CARTESIAN_POINT('',(-0.0061735652748328,-0.0933695323666637,0.0648018926559633));
#4284=CARTESIAN_POINT('',(-0.00617588037775148,-0.093342001248972,0.0648018926559633));
#4285=CARTESIAN_POINT('',(-0.0061790184947136,-0.0933119049202012,0.0648018926559633));
#4286=CARTESIAN_POINT('',(-0.00618308303229737,-0.0932792662152424,0.0648018926559633));
#4287=CARTESIAN_POINT('',(-0.00618817680649356,-0.0932441112374852,0.0648018926559633));
#4288=CARTESIAN_POINT('',(-0.00619440193495979,-0.093206469134007,0.0648018926559633));
#4289=CARTESIAN_POINT('',(-0.00620185976168781,-0.0931663721386955,0.0648018926559633));
#4290=CARTESIAN_POINT('',(-0.0062106507729402,-0.0931238555358469,0.0648018926559633));
#4291=CARTESIAN_POINT('',(-0.00622087451626044,-0.0930789576434591,0.0648018926559633));
#4292=CARTESIAN_POINT('',(-0.00623262951928037,-0.0930317197881938,0.0648018926559633));
#4293=CARTESIAN_POINT('',(-0.00624601320931456,-0.0929821862799987,0.0648018926559633));
#4294=CARTESIAN_POINT('',(-0.00626112183353957,-0.0929304043841887,0.0648018926559633));
#4295=CARTESIAN_POINT('',(-0.00627805037983294,-0.0928764242916457,0.0648018926559633));
#4296=CARTESIAN_POINT('',(-0.0062968924984867,-0.0928202990869758,0.0648018926559633));
#4297=CARTESIAN_POINT('',(-0.00631774042412775,-0.0927620847147302,0.0648018926559633));
#4298=CARTESIAN_POINT('',(-0.00634068490067156,-0.0927018399435686,0.0648018926559633));
#4299=CARTESIAN_POINT('',(-0.00636581509864675,-0.0926396263288864,0.0648018926559633));
#4300=CARTESIAN_POINT('',(-0.00639321856613417,-0.0925755081720212,0.0648018926559633));
#4301=CARTESIAN_POINT('',(-0.00642298105507419,-0.0925095524833852,0.0648018926559633));
#4302=CARTESIAN_POINT('',(-0.00645518683053027,-0.0924418289214373,0.0648018926559633));
#4303=CARTESIAN_POINT('',(-0.00648991713348922,-0.0923724098153003,0.0648018926559633));
#4304=CARTESIAN_POINT('',(-0.00652725572057901,-0.0923013698581762,0.0648018926559633));
#4305=CARTESIAN_POINT('',(-0.00656726732860603,-0.0922287870517689,0.0648018926559633));
#4306=CARTESIAN_POINT('',(-0.00661007966683541,-0.0921547388588832,0.0648018926559633));
#4307=CARTESIAN_POINT('',(-0.00664954660055193,-0.0920893031706759,0.0648018926559633));
#4308=CARTESIAN_POINT('',(-0.00667528304425313,-0.0920485439282644,0.0648018926559633));
#4309=CARTESIAN_POINT('',(-0.00668517823628247,-0.0920329766960937,0.0648018926559633));
#4310=CARTESIAN_POINT('',(-0.00622647823664187,-0.0939270288541414,0.0648018926559633));
#4311=CARTESIAN_POINT('',(-0.00581750976562385,-0.0939790370772396,0.0648018926559633));
#4312=CARTESIAN_POINT('',(-0.00589661966629855,-0.0943836377311836,0.0648018926559633));
#4313=CARTESIAN_POINT('',(-0.007,-0.100026779749528,0.0648018926559633));
#4314=CARTESIAN_POINT('',(-0.00555674302933558,-0.0944608558085608,0.0648018926559633));
#4315=CARTESIAN_POINT('',(-0.00545326473439955,-0.0940617915179586,0.0648018926559633));
#4316=CARTESIAN_POINT('',(-0.00506197165294012,-0.0941915982587643,0.0648018926559633));
#4317=CARTESIAN_POINT('',(-0.00518743570027891,-0.0945699390280684,0.0648018926559633));
#4318=CARTESIAN_POINT('',(-0.00506212359309262,-0.0941919948926723,0.0648018926559633));
#4319=CARTESIAN_POINT('',(-0.00492816604913546,-0.0937879759254116,0.0648018926559633));
#4320=CARTESIAN_POINT('',(-0.00492484699870209,-0.093779800827292,0.0648018926559633));
#4321=CARTESIAN_POINT('',(-0.00492215335757194,-0.0937727584475768,0.0648018926559633));
#4322=CARTESIAN_POINT('',(-0.00491875671794308,-0.0937645667942287,0.0648018926559633));
#4323=CARTESIAN_POINT('',(-0.0049139944372837,-0.093753608220388,0.0648018926559633));
#4324=CARTESIAN_POINT('',(-0.00490796375913709,-0.0937404912566985,0.0648018926559633));
#4325=CARTESIAN_POINT('',(-0.0049005105394256,-0.0937250865059068,0.0648018926559633));
#4326=CARTESIAN_POINT('',(-0.00489156192689996,-0.0937075013527497,0.0648018926559633));
#4327=CARTESIAN_POINT('',(-0.00488102204789633,-0.0936877739792431,0.0648018926559633));
#4328=CARTESIAN_POINT('',(-0.00486880399572166,-0.0936659668562758,0.0648018926559633));
#4329=CARTESIAN_POINT('',(-0.00485482035700444,-0.0936421387218313,0.0648018926559633));
#4330=CARTESIAN_POINT('',(-0.00483898610630323,-0.0936163528092378,0.0648018926559633));
#4331=CARTESIAN_POINT('',(-0.00482121785483335,-0.0935886743922517,0.0648018926559633));
#4332=CARTESIAN_POINT('',(-0.00480143415869271,-0.0935591714370829,0.0648018926559633));
#4333=CARTESIAN_POINT('',(-0.00477955551889293,-0.0935279143530987,0.0648018926559633));
#4334=CARTESIAN_POINT('',(-0.00475550446792944,-0.0934949759991619,0.0648018926559633));
#4335=CARTESIAN_POINT('',(-0.00472920562986369,-0.0934604316144805,0.0648018926559633));
#4336=CARTESIAN_POINT('',(-0.00470058578614387,-0.0934243587685462,0.0648018926559633));
#4337=CARTESIAN_POINT('',(-0.0046695739380084,-0.0933868373034724,0.0648018926559633));
#4338=CARTESIAN_POINT('',(-0.00463610136803298,-0.0933479492763653,0.0648018926559633));
#4339=CARTESIAN_POINT('',(-0.00460010170005221,-0.0933077788996566,0.0648018926559633));
#4340=CARTESIAN_POINT('',(-0.00456151095767324,-0.0932664124800242,0.0648018926559633));
#4341=CARTESIAN_POINT('',(-0.00452026762111843,-0.0932239383558493,0.0648018926559633));
#4342=CARTESIAN_POINT('',(-0.00447631268304448,-0.0931804468330155,0.0648018926559633));
#4343=CARTESIAN_POINT('',(-0.00442958970073716,-0.0931360301201645,0.0648018926559633));
#4344=CARTESIAN_POINT('',(-0.00438004485452248,-0.0930907822592685,0.0648018926559633));
#4345=CARTESIAN_POINT('',(-0.00432762697438514,-0.0930447990676433,0.0648018926559633));
#4346=CARTESIAN_POINT('',(-0.00427228768068022,-0.0929981780296498,0.0648018926559633));
#4347=CARTESIAN_POINT('',(-0.00421398107886004,-0.0929510183752849,0.0648018926559633));
#4348=CARTESIAN_POINT('',(-0.0041526651555434,-0.0929034204363767,0.0648018926559633));
#4349=CARTESIAN_POINT('',(-0.00408829665014697,-0.0928554877637296,0.0648018926559633));
#4350=CARTESIAN_POINT('',(-0.00402085088433778,-0.0928073186736689,0.0648018926559633));
#4351=CARTESIAN_POINT('',(-0.00395024615632066,-0.0927590382060249,0.0648018926559633));
#4352=CARTESIAN_POINT('',(-0.00388637976344017,-0.0927170792736196,0.0648018926559633));
#4353=CARTESIAN_POINT('',(-0.00384555831361845,-0.0926914416136095,0.0648018926559633));
#4354=CARTESIAN_POINT('',(-0.00382990812842212,-0.0926816781487494,0.0648018926559633));
#4355=CARTESIAN_POINT('',(-0.00382990812842212,-0.0926816781487494,0.0648018926559633));
#4356=CARTESIAN_POINT('',(-0.007,-0.100026779749528,0.0648018926559633));
#4357=CARTESIAN_POINT('',(-0.00324797423335911,-0.0929612081062377,0.0648018926559633));
#4358=CARTESIAN_POINT('',(-0.00387340480063164,-0.0952011292794577,0.0648018926559633));
#4359=CARTESIAN_POINT('',(-0.00365671288348275,-0.094867079123448,0.0648018926559633));
#4360=CARTESIAN_POINT('',(-0.00342507112381238,-0.094509982435328,0.0648018926559633));
#4361=CARTESIAN_POINT('',(-0.00342076432041214,-0.09450228180097,0.0648018926559633));
#4362=CARTESIAN_POINT('',(-0.0034169507905881,-0.0944957773559612,0.0648018926559633));
#4363=CARTESIAN_POINT('',(-0.00341267956137913,-0.0944880058087287,0.0648018926559633));
#4364=CARTESIAN_POINT('',(-0.00340710210326842,-0.0944774388025905,0.0648018926559633));
#4365=CARTESIAN_POINT('',(-0.00340063264503833,-0.0944645326054144,0.0648018926559633));
#4366=CARTESIAN_POINT('',(-0.00339326652842386,-0.0944490860149477,0.0648018926559633));
#4367=CARTESIAN_POINT('',(-0.00338513311200816,-0.0944311092851255,0.0648018926559633));
#4368=CARTESIAN_POINT('',(-0.00337632212579548,-0.094410551443876,0.0648018926559633));
#4369=CARTESIAN_POINT('',(-0.00336693665456328,-0.0943873837003345,0.0648018926559633));
#4370=CARTESIAN_POINT('',(-0.00335707718593281,-0.0943615745348849,0.0648018926559633));
#4371=CARTESIAN_POINT('',(-0.00334684622395876,-0.094333097101703,0.0648018926559633));
#4372=CARTESIAN_POINT('',(-0.00333634684243668,-0.0943019271078819,0.0648018926559633));
#4373=CARTESIAN_POINT('',(-0.00332568300120966,-0.0942680434615763,0.0648018926559633));
#4374=CARTESIAN_POINT('',(-0.00331495935155106,-0.0942314281162047,0.0648018926559633));
#4375=CARTESIAN_POINT('',(-0.00330428118700208,-0.0941920661419861,0.0648018926559633));
#4376=CARTESIAN_POINT('',(-0.00329375435183935,-0.0941499457296178,0.0648018926559633));
#4377=CARTESIAN_POINT('',(-0.00328348516085656,-0.0941050582103623,0.0648018926559633));
#4378=CARTESIAN_POINT('',(-0.00327358031534924,-0.0940573980687182,0.0648018926559633));
#4379=CARTESIAN_POINT('',(-0.00326414681966042,-0.0940069629544412,0.0648018926559633));
#4380=CARTESIAN_POINT('',(-0.00325529189715134,-0.0939537536920238,0.0648018926559633));
#4381=CARTESIAN_POINT('',(-0.00324712290595005,-0.0938977742881925,0.0648018926559633));
#4382=CARTESIAN_POINT('',(-0.0032397472546015,-0.0938390319371859,0.0648018926559633));
#4383=CARTESIAN_POINT('',(-0.00323327231706414,-0.0937775370241981,0.0648018926559633));
#4384=CARTESIAN_POINT('',(-0.00322780534954655,-0.0937133031256527,0.0648018926559633));
#4385=CARTESIAN_POINT('',(-0.00322345339980408,-0.0936463470114021,0.0648018926559633));
#4386=CARTESIAN_POINT('',(-0.00322032324523679,-0.093576688629261,0.0648018926559633));
#4387=CARTESIAN_POINT('',(-0.0032185212204016,-0.0935043511471522,0.0648018926559633));
#4388=CARTESIAN_POINT('',(-0.00321815346916987,-0.0934293607639376,0.0648018926559633));
#4389=CARTESIAN_POINT('',(-0.00321932456957179,-0.0933517473967621,0.0648018926559633));
#4390=CARTESIAN_POINT('',(-0.00322214239188738,-0.0932715420012362,0.0648018926559633));
#4391=CARTESIAN_POINT('',(-0.00322669910563481,-0.0931887867662194,0.0648018926559633));
#4392=CARTESIAN_POINT('',(-0.00323314338273746,-0.0931034960723136,0.0648018926559633));
#4393=CARTESIAN_POINT('',(-0.00324031038025649,-0.0930274164936166,0.0648018926559633));
#4394=CARTESIAN_POINT('',(-0.00324581334230067,-0.0929795270606999,0.0648018926559633));
#4395=CARTESIAN_POINT('',(-0.00324797423335911,-0.0929612081062377,0.0648018926559633));
#4396=CARTESIAN_POINT('',(-0.0036564982463935,-0.0948667126057994,0.0648018926559633));
#4397=CARTESIAN_POINT('',(-0.00331059590835528,-0.0950910151650723,0.0648018926559633));
#4398=CARTESIAN_POINT('',(-0.00355742111058867,-0.0954212232587028,0.0648018926559633));
#4399=CARTESIAN_POINT('',(-0.007,-0.100026779749528,0.0648018926559633));
#4400=CARTESIAN_POINT('',(-0.00328470650989755,-0.0956382612885431,0.0648018926559633));
#4401=CARTESIAN_POINT('',(-0.00301832828110179,-0.0953236143359434,0.0648018926559633));
#4402=CARTESIAN_POINT('',(-0.00272210643054472,-0.0956103418735277,0.0648018926559633));
#4403=CARTESIAN_POINT('',(-0.00299930153888424,-0.0958967783181446,0.0648018926559633));
#4404=CARTESIAN_POINT('',(-0.00272241541689492,-0.0956106333039692,0.0648018926559633));
#4405=CARTESIAN_POINT('',(-0.00242642657997938,-0.0953047467924803,0.0648018926559633));
#4406=CARTESIAN_POINT('',(-0.00241988917672812,-0.0952988213655949,0.0648018926559633));
#4407=CARTESIAN_POINT('',(-0.00241440671588542,-0.0952936451278009,0.0648018926559633));
#4408=CARTESIAN_POINT('',(-0.00240779222414015,-0.0952877384498603,0.0648018926559633));
#4409=CARTESIAN_POINT('',(-0.00239874681053242,-0.0952799313921324,0.0648018926559633));
#4410=CARTESIAN_POINT('',(-0.0023876221200185,-0.0952707300293904,0.0648018926559633));
#4411=CARTESIAN_POINT('',(-0.00237422313021912,-0.0952600846593462,0.0648018926559633));
#4412=CARTESIAN_POINT('',(-0.00235853079691788,-0.0952481236412769,0.0648018926559633));
#4413=CARTESIAN_POINT('',(-0.0023404753074841,-0.0952349229740139,0.0648018926559633));
#4414=CARTESIAN_POINT('',(-0.00232000546679591,-0.0952205766492841,0.0648018926559633));
#4415=CARTESIAN_POINT('',(-0.00229706800358271,-0.0952051755154225,0.0648018926559633));
#4416=CARTESIAN_POINT('',(-0.00227161374848174,-0.0951888134348457,0.0648018926559633));
#4417=CARTESIAN_POINT('',(-0.00224359589201551,-0.0951715853982137,0.0648018926559633));
#4418=CARTESIAN_POINT('',(-0.0022129705451971,-0.0951535879781506,0.0648018926559633));
#4419=CARTESIAN_POINT('',(-0.00217969663139248,-0.0951349191046225,0.0648018926559633));
#4420=CARTESIAN_POINT('',(-0.00214373596706754,-0.0951156780330873,0.0648018926559633));
#4421=CARTESIAN_POINT('',(-0.00210505328591723,-0.0950959652561229,0.0648018926559633));
#4422=CARTESIAN_POINT('',(-0.00206361627644683,-0.0950758824297656,0.0648018926559633));
#4423=CARTESIAN_POINT('',(-0.00201939561317729,-0.095055532294482,0.0648018926559633));
#4424=CARTESIAN_POINT('',(-0.00197236498709261,-0.0950350185965431,0.0648018926559633));
#4425=CARTESIAN_POINT('',(-0.00192250113373897,-0.0950144460082671,0.0648018926559633));
#4426=CARTESIAN_POINT('',(-0.00186978385944228,-0.0949939200476005,0.0648018926559633));
#4427=CARTESIAN_POINT('',(-0.00181419606538522,-0.0949735469971055,0.0648018926559633));
#4428=CARTESIAN_POINT('',(-0.00175572377004302,-0.0949534338218989,0.0648018926559633));
#4429=CARTESIAN_POINT('',(-0.00169435612811742,-0.0949336880886717,0.0648018926559633));
#4430=CARTESIAN_POINT('',(-0.00163008545304033,-0.0949144178777949,0.0648018926559633));
#4431=CARTESIAN_POINT('',(-0.00156290721579626,-0.0948957317195244,0.0648018926559633));
#4432=CARTESIAN_POINT('',(-0.00149282012471029,-0.0948777384353758,0.0648018926559633));
#4433=CARTESIAN_POINT('',(-0.00141982588450575,-0.0948605473413849,0.0648018926559633));
#4434=CARTESIAN_POINT('',(-0.001343930174783,-0.0948442670623284,0.0648018926559633));
#4435=CARTESIAN_POINT('',(-0.00126513894811341,-0.0948290096643209,0.0648018926559633));
#4436=CARTESIAN_POINT('',(-0.00118347262794205,-0.0948148744348379,0.0648018926559633));
#4437=CARTESIAN_POINT('',(-0.00109891185624417,-0.0948020094799543,0.0648018926559633));
#4438=CARTESIAN_POINT('',(-0.00102316492607225,-0.0947919163774737,0.0648018926559633));
#4439=CARTESIAN_POINT('',(-0.000975262306852798,-0.0947865294072435,0.0648018926559633));
#4440=CARTESIAN_POINT('',(-0.000956925768573771,-0.0947845231902326,0.0648018926559633));
#4441=CARTESIAN_POINT('',(-0.000956925768573771,-0.0947845231902326,0.0648018926559633));
#4442=CARTESIAN_POINT('',(-0.007,-0.100026779749528,0.0648018926559633));
#4443=CARTESIAN_POINT('',(-0.000553904949095227,-0.0952888626338849,0.0648018926559633));
#4444=CARTESIAN_POINT('',(-0.00208926379320759,-0.0970355977244249,0.0648018926559633));
#4445=CARTESIAN_POINT('',(-0.00174909219118804,-0.0968286480327913,0.0648018926559633));
#4446=CARTESIAN_POINT('',(-0.00138545173095092,-0.0966074206267857,0.0648018926559633));
#4447=CARTESIAN_POINT('',(-0.00137823025513829,-0.096602351246929,0.0648018926559633));
#4448=CARTESIAN_POINT('',(-0.00137197221056873,-0.0965981455730524,0.0648018926559633));
#4449=CARTESIAN_POINT('',(-0.00136475201805178,-0.0965929968678403,0.0648018926559633));
#4450=CARTESIAN_POINT('',(-0.00135514204979752,-0.0965858962926627,0.0648018926559633));
#4451=CARTESIAN_POINT('',(-0.00134371348025142,-0.0965770752035309,0.0648018926559633));
#4452=CARTESIAN_POINT('',(-0.00133037481407616,-0.0965663543446247,0.0648018926559633));
#4453=CARTESIAN_POINT('',(-0.00131524704834357,-0.0965536868278344,0.0648018926559633));
#4454=CARTESIAN_POINT('',(-0.00129838891104089,-0.0965389877965206,0.0648018926559633));
#4455=CARTESIAN_POINT('',(-0.0012798807864554,-0.0965221865842018,0.0648018926559633));
#4456=CARTESIAN_POINT('',(-0.0012597995349565,-0.0965032111927402,0.0648018926559633));
#4457=CARTESIAN_POINT('',(-0.00123822586153975,-0.0964819929600416,0.0648018926559633));
#4458=CARTESIAN_POINT('',(-0.00121524209218875,-0.0964584652769093,0.0648018926559633));
#4459=CARTESIAN_POINT('',(-0.00119093274007694,-0.0964325640337619,0.0648018926559633));
#4460=CARTESIAN_POINT('',(-0.00116538426262533,-0.0964042275647054,0.0648018926559633));
#4461=CARTESIAN_POINT('',(-0.00113868504824738,-0.0963733967333168,0.0648018926559633));
#4462=CARTESIAN_POINT('',(-0.00111092533547664,-0.0963400149756711,0.0648018926559633));
#4463=CARTESIAN_POINT('',(-0.00108219714940835,-0.0963040283532459,0.0648018926559633));
#4464=CARTESIAN_POINT('',(-0.00105259423150147,-0.0962653856007889,0.0648018926559633));
#4465=CARTESIAN_POINT('',(-0.001022211969605,-0.0962240381733586,0.0648018926559633));
#4466=CARTESIAN_POINT('',(-0.000991147326363295,-0.0961799402913243,0.0648018926559633));
#4467=CARTESIAN_POINT('',(-0.000959498766560846,-0.0961330489836758,0.0648018926559633));
#4468=CARTESIAN_POINT('',(-0.00092736618341599,-0.096083324129377,0.0648018926559633));
#4469=CARTESIAN_POINT('',(-0.00089485082348939,-0.0960307284973499,0.0648018926559633));
#4470=CARTESIAN_POINT('',(-0.000862055211875212,-0.0959752277828046,0.0648018926559633));
#4471=CARTESIAN_POINT('',(-0.000829083071434741,-0.0959167906485758,0.0648018926559633));
#4472=CARTESIAN_POINT('',(-0.000796039260313602,-0.0958553887380459,0.0648018926559633));
#4473=CARTESIAN_POINT('',(-0.000763029634822221,-0.0957909967879569,0.0648018926559633));
#4474=CARTESIAN_POINT('',(-0.00073016119454429,-0.095723592348568,0.0648018926559633));
#4475=CARTESIAN_POINT('',(-0.000697541141591984,-0.0956531569995885,0.0648018926559633));
#4476=CARTESIAN_POINT('',(-0.000665280094865453,-0.0955796718278994,0.0648018926559633));
#4477=CARTESIAN_POINT('',(-0.000633479401291173,-0.0955031348534945,0.0648018926559633));
#4478=CARTESIAN_POINT('',(-0.000602279249153043,-0.0954234945265184,0.0648018926559633));
#4479=CARTESIAN_POINT('',(-0.000575726798718465,-0.0953518395509475,0.0648018926559633));
#4480=CARTESIAN_POINT('',(-0.000559906349983416,-0.0953063050170401,0.0648018926559633));
#4481=CARTESIAN_POINT('',(-0.000553904949095227,-0.0952888626338849,0.0648018926559633));
#4482=CARTESIAN_POINT('',(-0.00174873978380492,-0.0968284109393433,0.0648018926559633));
#4483=CARTESIAN_POINT('',(-0.00153441377900879,-0.0971805819620365,0.0648018926559633));
#4484=CARTESIAN_POINT('',(-0.00190006752438605,-0.0973709957326735,0.0648018926559633));
#4485=CARTESIAN_POINT('',(-0.007,-0.100026779749528,0.0648018926559633));
#4486=CARTESIAN_POINT('',(-0.00174852943125875,-0.0976848666713703,0.0648018926559633));
#4487=CARTESIAN_POINT('',(-0.00137201074373086,-0.097516956744627,0.0648018926559633));
#4488=CARTESIAN_POINT('',(-0.00122953049450152,-0.0979038151736888,0.0648018926559633));
#4489=CARTESIAN_POINT('',(-0.00160355477306025,-0.0980416150428499,0.0648018926559633));
#4490=CARTESIAN_POINT('',(-0.00122993532851334,-0.0979039436792908,0.0648018926559633));
#4491=CARTESIAN_POINT('',(-0.00083053941785538,-0.0977567741986261,0.0648018926559633));
#4492=CARTESIAN_POINT('',(-0.000822078474676136,-0.09775427204644,0.0648018926559633));
#4493=CARTESIAN_POINT('',(-0.000814893062728764,-0.0977519871679448,0.0648018926559633));
#4494=CARTESIAN_POINT('',(-0.000806370800078657,-0.0977495353554183,0.0648018926559633));
#4495=CARTESIAN_POINT('',(-0.000794833808622317,-0.0977464260973336,0.0648018926559633));
#4496=CARTESIAN_POINT('',(-0.00078081848713274,-0.0977429627782775,0.0648018926559633));
#4497=CARTESIAN_POINT('',(-0.00076412756150307,-0.0977391852350749,0.0648018926559633));
#4498=CARTESIAN_POINT('',(-0.000744799566490345,-0.0977352173784142,0.0648018926559633));
#4499=CARTESIAN_POINT('',(-0.000722804577744859,-0.0977311579714419,0.0648018926559633));
#4500=CARTESIAN_POINT('',(-0.000698137251537515,-0.0977271139105085,0.0648018926559633));
#4501=CARTESIAN_POINT('',(-0.000670789009727238,-0.0977231901606736,0.0648018926559633));
#4502=CARTESIAN_POINT('',(-0.000640756277625235,-0.0977194926228394,0.0648018926559633));
#4503=CARTESIAN_POINT('',(-0.000608038096252248,-0.0977161271905045,0.0648018926559633));
#4504=CARTESIAN_POINT('',(-0.000572636824288708,-0.0977131999153145,0.0648018926559633));
#4505=CARTESIAN_POINT('',(-0.000534557943185993,-0.0977108168516035,0.0648018926559633));
#4506=CARTESIAN_POINT('',(-0.000493810116097782,-0.0977090839926636,0.0648018926559633));
#4507=CARTESIAN_POINT('',(-0.000450405171276661,-0.0977081071806554,0.0648018926559633));
#4508=CARTESIAN_POINT('',(-0.000404358103972921,-0.0977079920239348,0.0648018926559633));
#4509=CARTESIAN_POINT('',(-0.000355687070260652,-0.0977088438123123,0.0648018926559633));
#4510=CARTESIAN_POINT('',(-0.000304413380355556,-0.0977107674330025,0.0648018926559633));
#4511=CARTESIAN_POINT('',(-0.000250561489325743,-0.0977138672865736,0.0648018926559633));
#4512=CARTESIAN_POINT('',(-0.000194158985820758,-0.0977182472031171,0.0648018926559633));
#4513=CARTESIAN_POINT('',(-0.000135236578613973,-0.0977240103588117,0.0648018926559633));
#4514=CARTESIAN_POINT('',(-7.38280812116604E-5,-0.0977312591922537,0.0648018926559633));
#4515=CARTESIAN_POINT('',(-9.97039377591269E-6,-0.0977400953232816,0.0648018926559633));
#4516=CARTESIAN_POINT('',(5.62965147364314E-5,-0.0977506194640217,0.0648018926559633));
#4517=CARTESIAN_POINT('',(0.000124929635314033,-0.0977629313619221,0.0648018926559633));
#4518=CARTESIAN_POINT('',(0.000195882915829753,-0.0977771296222172,0.0648018926559633));
#4519=CARTESIAN_POINT('',(0.000269107389930509,-0.0977933119956002,0.0648018926559633));
#4520=CARTESIAN_POINT('',(0.000344550809948982,-0.097811573885327,0.0648018926559633));
#4521=CARTESIAN_POINT('',(0.000422159189138835,-0.0978320136767541,0.0648018926559633));
#4522=CARTESIAN_POINT('',(0.000501871047390745,-0.0978547119634052,0.0648018926559633));
#4523=CARTESIAN_POINT('',(0.000583639564864805,-0.0978798105833751,0.0648018926559633));
#4524=CARTESIAN_POINT('',(0.000656264423832459,-0.0979035823735491,0.0648018926559633));
#4525=CARTESIAN_POINT('',(0.000701760511226168,-0.0979195130486199,0.0648018926559633));
#4526=CARTESIAN_POINT('',(0.000719151626298861,-0.0979256614353417,0.0648018926559633));
#4527=CARTESIAN_POINT('',(0.000719151626298861,-0.0979256614353417,0.0648018926559633));
#4528=CARTESIAN_POINT('',(-0.007,-0.100026779749528,0.0648018926559633));
#4529=CARTESIAN_POINT('',(0.000863436154169228,-0.0985549197530253,0.0648018926559633));
#4530=CARTESIAN_POINT('',(-0.001277754317766,-0.0994625064539038,0.0648018926559633));
#4531=CARTESIAN_POINT('',(-0.000881478188586721,-0.0994236461511459,0.0648018926559633));
#4532=CARTESIAN_POINT('',(-0.000457862480690366,-0.0993821048281901,0.0648018926559633));
#4533=CARTESIAN_POINT('',(-0.00044915663431562,-0.0993806707556871,0.0648018926559633));
#4534=CARTESIAN_POINT('',(-0.000441693557477376,-0.0993795968382331,0.0648018926559633));
#4535=CARTESIAN_POINT('',(-0.000432954449330336,-0.0993780907392535,0.0648018926559633));
#4536=CARTESIAN_POINT('',(-0.000421215343003753,-0.0993758629510332,0.0648018926559633));
#4537=CARTESIAN_POINT('',(-0.000407091230502476,-0.0993728740948319,0.0648018926559633));
#4538=CARTESIAN_POINT('',(-0.00039042190119043,-0.0993690023650752,0.0648018926559633));
#4539=CARTESIAN_POINT('',(-0.000371296025674165,-0.0993641530183741,0.0648018926559633));
#4540=CARTESIAN_POINT('',(-0.000349729698125786,-0.0993582241204194,0.0648018926559633));
#4541=CARTESIAN_POINT('',(-0.000325764681248411,-0.0993511171254764,0.0648018926559633));
#4542=CARTESIAN_POINT('',(-0.000299438985020842,-0.0993427338169998,0.0648018926559633));
#4543=CARTESIAN_POINT('',(-0.000270795530765311,-0.099332977315995,0.0648018926559633));
#4544=CARTESIAN_POINT('',(-0.000239879590982761,-0.0993217518897439,0.0648018926559633));
#4545=CARTESIAN_POINT('',(-0.00020673949330656,-0.0993089631086179,0.0648018926559633));
#4546=CARTESIAN_POINT('',(-0.000171426377352748,-0.0992945179010972,0.0648018926559633));
#4547=CARTESIAN_POINT('',(-0.000133994219997727,-0.0992783246368103,0.0648018926559633));
#4548=CARTESIAN_POINT('',(-9.44997811837961E-5,-0.0992602932003895,0.0648018926559633));
#4549=CARTESIAN_POINT('',(-5.30025696089259E-5,-0.0992403350667128,0.0648018926559633));
#4550=CARTESIAN_POINT('',(-9.56480024985606E-6,-0.0992183633744892,0.0648018926559633));
#4551=CARTESIAN_POINT('',(3.5748648271619E-5,-0.0991942929990012,0.0648018926559633));
#4552=CARTESIAN_POINT('',(8.28702786691143E-5,-0.0991680406237119,0.0648018926559633));
#4553=CARTESIAN_POINT('',(0.00013173002165974,-0.0991395248108101,0.0648018926559633));
#4554=CARTESIAN_POINT('',(0.000182255284428778,-0.0991086660704483,0.0648018926559633));
#4555=CARTESIAN_POINT('',(0.000234371000936443,-0.0990753869293479,0.0648018926559633));
#4556=CARTESIAN_POINT('',(0.000287999683555237,-0.0990396119959901,0.0648018926559633));
#4557=CARTESIAN_POINT('',(0.000343061477902709,-0.0990012680329016,0.0648018926559633));
#4558=CARTESIAN_POINT('',(0.000399474213529344,-0.0989602839954083,0.0648018926559633));
#4559=CARTESIAN_POINT('',(0.000457153478511913,-0.0989165911927697,0.0648018926559633));
#4560=CARTESIAN_POINT('',(0.000516012610134023,-0.0988701229730886,0.0648018926559633));
#4561=CARTESIAN_POINT('',(0.000575963014894668,-0.0988208162270034,0.0648018926559633));
#4562=CARTESIAN_POINT('',(0.000636913234703371,-0.0987686059186406,0.0648018926559633));
#4563=CARTESIAN_POINT('',(0.000698772818227056,-0.0987134462912929,0.0648018926559633));
#4564=CARTESIAN_POINT('',(0.000761437826830261,-0.0986552300747286,0.0648018926559633));
#4565=CARTESIAN_POINT('',(0.000816450686765405,-0.0986021918489862,0.0648018926559633));
#4566=CARTESIAN_POINT('',(0.000850461112382669,-0.0985680308869728,0.0648018926559633));
#4567=CARTESIAN_POINT('',(0.000863436154169228,-0.0985549197530253,0.0648018926559633));
#4568=CARTESIAN_POINT('',(-0.000881057809513919,-0.0994235854411634,0.0648018926559633));
#4569=CARTESIAN_POINT('',(-0.000840758031745659,-0.0998338731371384,0.0648018926559633));
#4570=CARTESIAN_POINT('',(-0.00125281811154598,-0.0998467788022357,0.0648018926559633));
#4571=CARTESIAN_POINT('',(-0.007,-0.100026779749528,0.0648018926559633));
#4572=CARTESIAN_POINT('',(-0.00125247050381912,-0.100195316661006,0.0648018926559633));
#4573=CARTESIAN_POINT('',(-0.000840385501322649,-0.10020740038039,0.0648018926559633));
#4574=CARTESIAN_POINT('',(-0.000879866814186503,-0.100617767644547,0.0648018926559633));
#4575=CARTESIAN_POINT('',(-0.00127664016748911,-0.10057963798416,0.0648018926559633));
#4576=CARTESIAN_POINT('',(-0.00088028731351894,-0.100617707773199,0.0648018926559633));
#4577=CARTESIAN_POINT('',(-0.000456589587493742,-0.100658404043919,0.0648018926559633));
#4578=CARTESIAN_POINT('',(-0.000447880897949837,-0.10065982074836,0.0648018926559633));
#4579=CARTESIAN_POINT('',(-0.000440415693857263,-0.100660879777371,0.0648018926559633));
#4580=CARTESIAN_POINT('',(-0.000431673598938837,-0.100662368441799,0.0648018926559633));
#4581=CARTESIAN_POINT('',(-0.000419930072283733,-0.100664572810054,0.0648018926559633));
#4582=CARTESIAN_POINT('',(-0.000405800026126141,-0.100667533487498,0.0648018926559633));
#4583=CARTESIAN_POINT('',(-0.000389123007187908,-0.100671371959896,0.0648018926559633));
#4584=CARTESIAN_POINT('',(-0.0003699874969183,-0.100676183147319,0.0648018926559633));
#4585=CARTESIAN_POINT('',(-0.000348409386132995,-0.100682069015973,0.0648018926559633));
#4586=CARTESIAN_POINT('',(-0.000324430240886756,-0.100689128194701,0.0648018926559633));
#4587=CARTESIAN_POINT('',(-0.000298087875174103,-0.100697458975669,0.0648018926559633));
#4588=CARTESIAN_POINT('',(-0.000269425016991149,-0.100707158323293,0.0648018926559633));
#4589=CARTESIAN_POINT('',(-0.000238486747794489,-0.100718322060404,0.0648018926559633));
#4590=CARTESIAN_POINT('',(-0.000205321206766279,-0.100731044712839,0.0648018926559633));
#4591=CARTESIAN_POINT('',(-0.000169979347774727,-0.100745419453939,0.0648018926559633));
#4592=CARTESIAN_POINT('',(-0.000132514964817365,-0.10076153802156,0.0648018926559633));
#4593=CARTESIAN_POINT('',(-9.29846379739696E-5,-0.100779490644106,0.0648018926559633));
#4594=CARTESIAN_POINT('',(-5.14476992465734E-5,-0.100799365965223,0.0648018926559633));
#4595=CARTESIAN_POINT('',(-7.96619022937206E-6,-0.100821250970127,0.0648018926559633));
#4596=CARTESIAN_POINT('',(3.73951803799011E-5,-0.100845230912777,0.0648018926559633));
#4597=CARTESIAN_POINT('',(8.45690816173028E-5,-0.100871389244178,0.0648018926559633));
#4598=CARTESIAN_POINT('',(0.000133485606780129,-0.100899807541744,0.0648018926559633));
#4599=CARTESIAN_POINT('',(0.000184072321753409,-0.100930565439962,0.0648018926559633));
#4600=CARTESIAN_POINT('',(0.000236254315179512,-0.100963740561689,0.0648018926559633));
#4601=CARTESIAN_POINT('',(0.000289954249965654,-0.100999408452854,0.0648018926559633));
#4602=CARTESIAN_POINT('',(0.000345092417972106,-0.101037642510067,0.0648018926559633));
#4603=CARTESIAN_POINT('',(0.000401586790622826,-0.101078513941763,0.0648018926559633));
#4604=CARTESIAN_POINT('',(0.000459353093177295,-0.101122091606921,0.0648018926559633));
#4605=CARTESIAN_POINT('',(0.000518304796039357,-0.101168442330165,0.0648018926559633));
#4606=CARTESIAN_POINT('',(0.000578353431766057,-0.101217629397448,0.0648018926559633));
#4607=CARTESIAN_POINT('',(0.000639407672173339,-0.101269718026939,0.0648018926559633));
#4608=CARTESIAN_POINT('',(0.000701377157377225,-0.101324754155677,0.0648018926559633));
#4609=CARTESIAN_POINT('',(0.000764158162916639,-0.101382845261001,0.0648018926559633));
#4610=CARTESIAN_POINT('',(0.000819276706676059,-0.101435773649244,0.0648018926559633));
#4611=CARTESIAN_POINT('',(0.000853355204162812,-0.101469866704041,0.0648018926559633));
#4612=CARTESIAN_POINT('',(0.000866356372400998,-0.1014829519311,0.0648018926559633));
#4613=CARTESIAN_POINT('',(0.000866356372400998,-0.1014829519311,0.0648018926559633));
#4614=CARTESIAN_POINT('',(-0.007,-0.100026779749528,0.0648018926559633));
#4615=CARTESIAN_POINT('',(0.000723327288384826,-0.102112496795651,0.0648018926559633));
#4616=CARTESIAN_POINT('',(-0.00159960577842868,-0.102001176429939,0.0648018926559633));
#4617=CARTESIAN_POINT('',(-0.00122571246948139,-0.102138102275608,0.0648018926559633));
#4618=CARTESIAN_POINT('',(-0.000826023800180403,-0.102284474804184,0.0648018926559633));
#4619=CARTESIAN_POINT('',(-0.000817557882888245,-0.102286960074682,0.0648018926559633));
#4620=CARTESIAN_POINT('',(-0.000810367927677802,-0.102289230616173,0.0648018926559633));
#4621=CARTESIAN_POINT('',(-0.000801840791447309,-0.1022916654248,0.0648018926559633));
#4622=CARTESIAN_POINT('',(-0.000790297621027086,-0.102294751664316,0.0648018926559633));
#4623=CARTESIAN_POINT('',(-0.000776275419272374,-0.102298187020672,0.0648018926559633));
#4624=CARTESIAN_POINT('',(-0.000759576991929703,-0.102301931263627,0.0648018926559633));
#4625=CARTESIAN_POINT('',(-0.00074024112083923,-0.102305860559602,0.0648018926559633));
#4626=CARTESIAN_POINT('',(-0.000718238078709743,-0.10230987608596,0.0648018926559633));
#4627=CARTESIAN_POINT('',(-0.000693562735044701,-0.102313870935903,0.0648018926559633));
#4628=CARTESIAN_POINT('',(-0.000666206721089774,-0.102317740127469,0.0648018926559633));
#4629=CARTESIAN_POINT('',(-0.000636166673399705,-0.102321377752838,0.0648018926559633));
#4630=CARTESIAN_POINT('',(-0.000603441844218663,-0.102324677916808,0.0648018926559633));
#4631=CARTESIAN_POINT('',(-0.000568034803759471,-0.102327534572649,0.0648018926559633));
#4632=CARTESIAN_POINT('',(-0.000529951245005059,-0.102329841677173,0.0648018926559633));
#4633=CARTESIAN_POINT('',(-0.000489200042512433,-0.102331493254577,0.0648018926559633));
#4634=CARTESIAN_POINT('',(-0.00044579323562989,-0.102332383486505,0.0648018926559633));
#4635=CARTESIAN_POINT('',(-0.000399746030230727,-0.102332406794722,0.0648018926559633));
#4636=CARTESIAN_POINT('',(-0.000351076792370369,-0.102331457925842,0.0648018926559633));
#4637=CARTESIAN_POINT('',(-0.000299807041436492,-0.102329432035365,0.0648018926559633));
#4638=CARTESIAN_POINT('',(-0.000245961440692319,-0.102326224771711,0.0648018926559633));
#4639=CARTESIAN_POINT('',(-0.000189567785838243,-0.102321732360025,0.0648018926559633));
#4640=CARTESIAN_POINT('',(-0.000130656991388089,-0.102315851685587,0.0648018926559633));
#4641=CARTESIAN_POINT('',(-6.92630751110424E-5,-0.10230848037745,0.0648018926559633));
#4642=CARTESIAN_POINT('',(-5.42313979290388E-6,-0.102299516889582,0.0648018926559633));
#4643=CARTESIAN_POINT('',(6.08226448024773E-5,-0.102288860589781,0.0648018926559633));
#4644=CARTESIAN_POINT('',(0.000129431070786987,-0.102276411816586,0.0648018926559633));
#4645=CARTESIAN_POINT('',(0.000200355889441159,-0.102262072056817,0.0648018926559633));
#4646=CARTESIAN_POINT('',(0.0002735479395298,-0.102245743657647,0.0648018926559633));
#4647=CARTESIAN_POINT('',(0.000348954783192468,-0.102227331320226,0.0648018926559633));
#4648=CARTESIAN_POINT('',(0.000426522237544829,-0.102206736767078,0.0648018926559633));
#4649=CARTESIAN_POINT('',(0.000506188661843057,-0.102183879527472,0.0648018926559633));
#4650=CARTESIAN_POINT('',(0.000587906953421549,-0.102158617856986,0.0648018926559633));
#4651=CARTESIAN_POINT('',(0.000660484251258697,-0.102134701252151,0.0648018926559633));
#4652=CARTESIAN_POINT('',(0.000705948471854151,-0.102118679859515,0.0648018926559633));
#4653=CARTESIAN_POINT('',(0.000723327288384826,-0.102112496795651,0.0648018926559633));
#4654=CARTESIAN_POINT('',(-0.0012253073799499,-0.102138229973448,0.0648018926559633));
#4655=CARTESIAN_POINT('',(-0.00136701569444088,-0.102525371832668,0.0648018926559633));
#4656=CARTESIAN_POINT('',(-0.00174386855627455,-0.102358213266976,0.0648018926559633));
#4657=CARTESIAN_POINT('',(-0.007,-0.100026779749528,0.0648018926559633));
#4658=CARTESIAN_POINT('',(-0.00189478028192152,-0.102672385848353,0.0648018926559633));
#4659=CARTESIAN_POINT('',(-0.00152874745309179,-0.102862069885045,0.0648018926559633));
#4660=CARTESIAN_POINT('',(-0.00174237056982966,-0.103214667714805,0.0648018926559633));
#4661=CARTESIAN_POINT('',(-0.00208330716914875,-0.10300816057174,0.0648018926559633));
#4662=CARTESIAN_POINT('',(-0.00174272344943281,-0.103214431324762,0.0648018926559633));
#4663=CARTESIAN_POINT('',(-0.00137864243899131,-0.103434932951344,0.0648018926559633));
#4664=CARTESIAN_POINT('',(-0.00137141086585196,-0.103439987916722,0.0648018926559633));
#4665=CARTESIAN_POINT('',(-0.00136514444483944,-0.103444181099557,0.0648018926559633));
#4666=CARTESIAN_POINT('',(-0.00135791399676609,-0.103449315392692,0.0648018926559633));
#4667=CARTESIAN_POINT('',(-0.00134828988439115,-0.103456396785119,0.0648018926559633));
#4668=CARTESIAN_POINT('',(-0.0013368437425007,-0.103465195060584,0.0648018926559633));
#4669=CARTESIAN_POINT('',(-0.00132348371838484,-0.10347588929205,0.0648018926559633));
#4670=CARTESIAN_POINT('',(-0.00130833071534885,-0.103488526608881,0.0648018926559633));
#4671=CARTESIAN_POINT('',(-0.00129144329200291,-0.10350319198469,0.0648018926559633));
#4672=CARTESIAN_POINT('',(-0.00127290169151874,-0.103519956246157,0.0648018926559633));
#4673=CARTESIAN_POINT('',(-0.00125278263050101,-0.103538891544587,0.0648018926559633));
#4674=CARTESIAN_POINT('',(-0.00123116667682711,-0.103560066702917,0.0648018926559633));
#4675=CARTESIAN_POINT('',(-0.00120813602345417,-0.103583548494424,0.0648018926559633));
#4676=CARTESIAN_POINT('',(-0.00118377505551059,-0.103609401197136,0.0648018926559633));
#4677=CARTESIAN_POINT('',(-0.00115817010724291,-0.103637686649279,0.0648018926559633));
#4678=CARTESIAN_POINT('',(-0.0011314094489316,-0.103668464163461,0.0648018926559633));
#4679=CARTESIAN_POINT('',(-0.00110358320610493,-0.103701790483492,0.0648018926559633));
#4680=CARTESIAN_POINT('',(-0.00107478329608597,-0.103737719731344,0.0648018926559633));
#4681=CARTESIAN_POINT('',(-0.00104510335789039,-0.103776303359152,0.0648018926559633));
#4682=CARTESIAN_POINT('',(-0.00101463868234682,-0.103817590102025,0.0648018926559633));
#4683=CARTESIAN_POINT('',(-0.000983486140591822,-0.103861625932911,0.0648018926559633));
#4684=CARTESIAN_POINT('',(-0.000951744111501451,-0.103908454019139,0.0648018926559633));
#4685=CARTESIAN_POINT('',(-0.00091951240806748,-0.103958114680918,0.0648018926559633));
#4686=CARTESIAN_POINT('',(-0.000886892202385789,-0.104010645351205,0.0648018926559633));
#4687=CARTESIAN_POINT('',(-0.000853985950920164,-0.104066080539224,0.0648018926559633));
#4688=CARTESIAN_POINT('',(-0.000820897313818528,-0.104124451788969,0.0648018926559633));
#4689=CARTESIAN_POINT('',(-0.00078773109245614,-0.104185787666159,0.0648018926559633));
#4690=CARTESIAN_POINT('',(-0.000754593092541098,-0.104250113645149,0.0648018926559633));
#4691=CARTESIAN_POINT('',(-0.000721590268664724,-0.104317452389062,0.0648018926559633));
#4692=CARTESIAN_POINT('',(-0.000688829785983641,-0.104387822531985,0.0648018926559633));
#4693=CARTESIAN_POINT('',(-0.00065642222545273,-0.104461243207646,0.0648018926559633));
#4694=CARTESIAN_POINT('',(-0.000624468929847369,-0.1045377165982,0.0648018926559633));
#4695=CARTESIAN_POINT('',(-0.000593109984348139,-0.104617294533028,0.0648018926559633));
#4696=CARTESIAN_POINT('',(-0.000566414659373099,-0.104688896402924,0.0648018926559633));
#4697=CARTESIAN_POINT('',(-0.000550503416165915,-0.104734399289821,0.0648018926559633));
#4698=CARTESIAN_POINT('',(-0.000544467235580687,-0.104751829667519,0.0648018926559633));
#4699=CARTESIAN_POINT('',(-0.000544467235580687,-0.104751829667519,0.0648018926559633));
#4700=CARTESIAN_POINT('',(-0.007,-0.100026779749528,0.0648018926559633));
#4701=CARTESIAN_POINT('',(-0.000946481267257368,-0.105256971997651,0.0648018926559633));
#4702=CARTESIAN_POINT('',(-0.00299107154616225,-0.104148792929032,0.0648018926559633));
#4703=CARTESIAN_POINT('',(-0.00271361521278446,-0.104434385080108,0.0648018926559633));
#4704=CARTESIAN_POINT('',(-0.00241701682489375,-0.104739680585791,0.0648018926559633));
#4705=CARTESIAN_POINT('',(-0.00241046761543158,-0.104745592960988,0.0648018926559633));
#4706=CARTESIAN_POINT('',(-0.00240497484065735,-0.104750758252835,0.0648018926559633));
#4707=CARTESIAN_POINT('',(-0.0023983485802523,-0.104756651725359,0.0648018926559633));
#4708=CARTESIAN_POINT('',(-0.00238928761220789,-0.104764440725025,0.0648018926559633));
#4709=CARTESIAN_POINT('',(-0.00237814459022825,-0.10477361987948,0.0648018926559633));
#4710=CARTESIAN_POINT('',(-0.00236472439318294,-0.104784238501909,0.0648018926559633));
#4711=CARTESIAN_POINT('',(-0.00234900823292664,-0.104796168195303,0.0648018926559633));
#4712=CARTESIAN_POINT('',(-0.00233092644855938,-0.104809332821731,0.0648018926559633));
#4713=CARTESIAN_POINT('',(-0.00231042803254277,-0.104823638287535,0.0648018926559633));
#4714=CARTESIAN_POINT('',(-0.00228745989492378,-0.104838993638302,0.0648018926559633));
#4715=CARTESIAN_POINT('',(-0.00226197305366117,-0.104855304913727,0.0648018926559633));
#4716=CARTESIAN_POINT('',(-0.00223392088884465,-0.104872477029971,0.0648018926559633));
#4717=CARTESIAN_POINT('',(-0.00220325970420428,-0.104890413327056,0.0648018926559633));
#4718=CARTESIAN_POINT('',(-0.00216994861852475,-0.104909015793277,0.0648018926559633));
#4719=CARTESIAN_POINT('',(-0.00213394964632887,-0.104928185097213,0.0648018926559633));
#4720=CARTESIAN_POINT('',(-0.00209522772183036,-0.104947820676138,0.0648018926559633));
#4721=CARTESIAN_POINT('',(-0.00205375073636812,-0.104967820809771,0.0648018926559633));
#4722=CARTESIAN_POINT('',(-0.00200948956945373,-0.104988082699353,0.0648018926559633));
#4723=CARTESIAN_POINT('',(-0.00196241811906217,-0.105008502546342,0.0648018926559633));
#4724=CARTESIAN_POINT('',(-0.00191251332957165,-0.105028975632225,0.0648018926559633));
#4725=CARTESIAN_POINT('',(-0.00185975521782076,-0.105049396398984,0.0648018926559633));
#4726=CARTESIAN_POINT('',(-0.00180412689702384,-0.105069658530163,0.0648018926559633));
#4727=CARTESIAN_POINT('',(-0.00174561459904303,-0.10508965503297,0.0648018926559633));
#4728=CARTESIAN_POINT('',(-0.00168420769316074,-0.105109278319294,0.0648018926559633));
#4729=CARTESIAN_POINT('',(-0.00161989870840782,-0.105128420293647,0.0648018926559633));
#4730=CARTESIAN_POINT('',(-0.00155268333225879,-0.105146972416956,0.0648018926559633));
#4731=CARTESIAN_POINT('',(-0.0014825604901033,-0.105164825865345,0.0648018926559633));
#4732=CARTESIAN_POINT('',(-0.00140953210470972,-0.105181871326397,0.0648018926559633));
#4733=CARTESIAN_POINT('',(-0.00133360407233669,-0.105198000186878,0.0648018926559633));
#4734=CARTESIAN_POINT('',(-0.00125478256907757,-0.105213100392772,0.0648018926559633));
#4735=CARTESIAN_POINT('',(-0.00117308821638164,-0.105227072697537,0.0648018926559633));
#4736=CARTESIAN_POINT('',(-0.00108850195168401,-0.105239768956782,0.0648018926559633));
#4737=CARTESIAN_POINT('',(-0.00101273503988369,-0.105249710949761,0.0648018926559633));
#4738=CARTESIAN_POINT('',(-0.000964821770781041,-0.105255002359803,0.0648018926559633));
#4739=CARTESIAN_POINT('',(-0.000946481267257368,-0.105256971997651,0.0648018926559633));
#4740=CARTESIAN_POINT('',(-0.00271330564574409,-0.104434675893647,0.0648018926559633));
#4741=CARTESIAN_POINT('',(-0.00300895498287094,-0.104721993722911,0.0648018926559633));
#4742=CARTESIAN_POINT('',(-0.0109816717188982,-0.104729945163112,0.0668018926559633));
#4743=CARTESIAN_POINT('',(-0.0112778935694553,-0.104443217625528,0.0688018926559633));
#4744=CARTESIAN_POINT('',(-0.007,-0.100026779749528,0.0688018926559633));
#4745=CARTESIAN_POINT('',(-0.000553904949095227,-0.0952888626338849,0.0688018926559633));
#4746=CARTESIAN_POINT('',(-0.000956925768573771,-0.0947845231902326,0.0688018926559633));
#4747=CARTESIAN_POINT('',(-0.007,-0.100026779749528,0.0688018926559633));
#4748=CARTESIAN_POINT('',(-0.00324797423335911,-0.0929612081062377,0.0688018926559633));
#4749=CARTESIAN_POINT('',(-0.00382990812842212,-0.0926816781487494,0.0688018926559633));
#4750=CARTESIAN_POINT('',(-0.007,-0.100026779749528,0.0688018926559633));
#4751=CARTESIAN_POINT('',(0.000719151626298861,-0.0979256614353417,0.0688018926559633));
#4752=CARTESIAN_POINT('',(0.000863436154169228,-0.0985549197530253,0.0688018926559633));
#4753=CARTESIAN_POINT('',(-0.007,-0.100026779749528,0.0688018926559633));
#4754=CARTESIAN_POINT('',(0.000866356372400998,-0.1014829519311,0.0688018926559633));
#4755=CARTESIAN_POINT('',(0.000723327288384826,-0.102112496795651,0.0688018926559633));
#4756=CARTESIAN_POINT('',(-0.007,-0.100026779749528,0.0688018926559633));
#4757=CARTESIAN_POINT('',(-0.000544467235580687,-0.104751829667519,0.0688018926559633));
#4758=CARTESIAN_POINT('',(-0.000946481267257368,-0.105256971997651,0.0688018926559633));
#4759=CARTESIAN_POINT('',(-0.007,-0.100026779749528,0.0688018926559633));
#4760=CARTESIAN_POINT('',(-0.0101847365505456,-0.092688016018243,0.0688018926559633));
#4761=CARTESIAN_POINT('',(-0.0107661117205307,-0.0929687061803106,0.0688018926559633));
#4762=CARTESIAN_POINT('',(-0.007,-0.100026779749528,0.0688018926559633));
#4763=CARTESIAN_POINT('',(-0.0130535187327427,-0.0947965875014039,0.0688018926559633));
#4764=CARTESIAN_POINT('',(-0.0134555327644193,-0.0953017298315365,0.0688018926559633));
#4765=CARTESIAN_POINT('',(-0.007,-0.100026779749528,0.0688018926559633));
#4766=CARTESIAN_POINT('',(-0.0147233272883848,-0.0979410627034042,0.0688018926559633));
#4767=CARTESIAN_POINT('',(-0.014866356372401,-0.0985706075679549,0.0688018926559633));
#4768=CARTESIAN_POINT('',(-0.007,-0.100026779749528,0.0688018926559633));
#4769=CARTESIAN_POINT('',(-0.0148634361541693,-0.10149863974603,0.0688018926559633));
#4770=CARTESIAN_POINT('',(-0.0147191516262989,-0.102127898063714,0.0688018926559633));
#4771=CARTESIAN_POINT('',(-0.007,-0.100026779749528,0.0688018926559633));
#4772=CARTESIAN_POINT('',(-0.0130430742314262,-0.105269036308823,0.0688018926559633));
#4773=CARTESIAN_POINT('',(-0.0134460950509048,-0.10476469686517,0.0688018926559633));
#4774=CARTESIAN_POINT('',(-0.007,-0.100026779749528,0.0688018926559633));
#4775=CARTESIAN_POINT('',(-0.00733076606206186,-0.0920336205610598,0.0688018926559633));
#4776=CARTESIAN_POINT('',(-0.00668517823628247,-0.0920329766960937,0.0688018926559633));
#4777=CARTESIAN_POINT('',(-0.00622647823502828,-0.0939270288414531,0.0688018926559633));
#4778=CARTESIAN_POINT('',(-0.00622647823502828,-0.0939270288414531,0.0648018926559634));
#4779=CARTESIAN_POINT('',(-0.00620339169501189,-0.0937454870311376,0.0688018926559633));
#4780=CARTESIAN_POINT('',(-0.00620339169501189,-0.0937454870311376,0.0648018926559634));
#4781=CARTESIAN_POINT('',(-0.00617403660413318,-0.0935134249786429,0.0688018926559633));
#4782=CARTESIAN_POINT('',(-0.00617403660413318,-0.0935134249786429,0.0648018926559634));
#4783=CARTESIAN_POINT('',(-0.00617182525151323,-0.093494134966706,0.0688018926559633));
#4784=CARTESIAN_POINT('',(-0.00617182525151323,-0.093494134966706,0.0648018926559634));
#4785=CARTESIAN_POINT('',(-0.00617015113104822,-0.0934613422379328,0.0688018926559633));
#4786=CARTESIAN_POINT('',(-0.00617015113104822,-0.0934613422379328,0.0648018926559634));
#4787=CARTESIAN_POINT('',(-0.00617064903049597,-0.0934080395280996,0.0688018926559633));
#4788=CARTESIAN_POINT('',(-0.00617064903049597,-0.0934080395280996,0.0648018926559634));
#4789=CARTESIAN_POINT('',(-0.00617813225194938,-0.0933058908151624,0.0688018926559633));
#4790=CARTESIAN_POINT('',(-0.00617813225194938,-0.0933058908151624,0.0648018926559633));
#4791=CARTESIAN_POINT('',(-0.0062010430042198,-0.0931558998397224,0.0688018926559633));
#4792=CARTESIAN_POINT('',(-0.0062010430042198,-0.0931558998397224,0.0648018926559634));
#4793=CARTESIAN_POINT('',(-0.0062513496398782,-0.0929534830219971,0.0688018926559633));
#4794=CARTESIAN_POINT('',(-0.0062513496398782,-0.0929534830219971,0.0648018926559634));
#4795=CARTESIAN_POINT('',(-0.00632471735124075,-0.0927356245636859,0.0688018926559633));
#4796=CARTESIAN_POINT('',(-0.00632471735124075,-0.0927356245636859,0.0648018926559633));
#4797=CARTESIAN_POINT('',(-0.0064531477689917,-0.09243112588615,0.0688018926559633));
#4798=CARTESIAN_POINT('',(-0.0064531477689917,-0.09243112588615,0.0648018926559634));
#4799=CARTESIAN_POINT('',(-0.00658366136116773,-0.0921926842348125,0.0688018926559633));
#4800=CARTESIAN_POINT('',(-0.00658366136116773,-0.0921926842348125,0.0648018926559634));
#4801=CARTESIAN_POINT('',(-0.00668517823628247,-0.0920329766960937,0.0688018926559633));
#4802=CARTESIAN_POINT('',(-0.00668517823628247,-0.0920329766960937,0.0648018926559634));
#4803=CARTESIAN_POINT('',(-0.00622647823664185,-0.0939270288541414,0.0648018926559633));
#4804=CARTESIAN_POINT('',(-0.00506197164891282,-0.0941915982466244,0.0688018926559633));
#4805=CARTESIAN_POINT('',(-0.00506197164891282,-0.0941915982466244,0.0648018926559633));
#4806=CARTESIAN_POINT('',(-0.00500435021257273,-0.0940179025722492,0.0688018926559633));
#4807=CARTESIAN_POINT('',(-0.00500435021257273,-0.0940179025722492,0.0648018926559633));
#4808=CARTESIAN_POINT('',(-0.00493055288262203,-0.0937959375487417,0.0688018926559633));
#4809=CARTESIAN_POINT('',(-0.00493055288262203,-0.0937959375487417,0.0648018926559633));
#4810=CARTESIAN_POINT('',(-0.00492421221308987,-0.0937775856945896,0.0688018926559633));
#4811=CARTESIAN_POINT('',(-0.00492421221308987,-0.0937775856945896,0.0648018926559633));
#4812=CARTESIAN_POINT('',(-0.00491155271861116,-0.0937472887815576,0.0688018926559633));
#4813=CARTESIAN_POINT('',(-0.00491155271861116,-0.0937472887815576,0.0648018926559633));
#4814=CARTESIAN_POINT('',(-0.00488807235540282,-0.0936994337993403,0.0688018926559633));
#4815=CARTESIAN_POINT('',(-0.00488807235540282,-0.0936994337993403,0.0648018926559633));
#4816=CARTESIAN_POINT('',(-0.00483718673977521,-0.0936105461608282,0.0688018926559633));
#4817=CARTESIAN_POINT('',(-0.00483718673977521,-0.0936105461608282,0.0648018926559633));
#4818=CARTESIAN_POINT('',(-0.00475171611523678,-0.0934851788300595,0.0688018926559633));
#4819=CARTESIAN_POINT('',(-0.00475171611523678,-0.0934851788300595,0.0648018926559633));
#4820=CARTESIAN_POINT('',(-0.00461888653264914,-0.0933243695402818,0.0688018926559633));
#4821=CARTESIAN_POINT('',(-0.00461888653264914,-0.0933243695402818,0.0648018926559633));
#4822=CARTESIAN_POINT('',(-0.00445858760906221,-0.0931595988389261,0.0688018926559633));
#4823=CARTESIAN_POINT('',(-0.00445858760906221,-0.0931595988389261,0.0648018926559633));
#4824=CARTESIAN_POINT('',(-0.00421119534186232,-0.0929404849804997,0.0688018926559633));
#4825=CARTESIAN_POINT('',(-0.00421119534186232,-0.0929404849804997,0.0648018926559633));
#4826=CARTESIAN_POINT('',(-0.00399046669983592,-0.0927818436068781,0.0688018926559633));
#4827=CARTESIAN_POINT('',(-0.00399046669983592,-0.0927818436068781,0.0648018926559633));
#4828=CARTESIAN_POINT('',(-0.00382990812842212,-0.0926816781487494,0.0688018926559633));
#4829=CARTESIAN_POINT('',(-0.00382990812842212,-0.0926816781487494,0.0648018926559633));
#4830=CARTESIAN_POINT('',(-0.00506197165294012,-0.0941915982587643,0.0688018926559633));
#4831=CARTESIAN_POINT('',(-0.007,-0.100026779749528,0.0688018926559633));
#4832=CARTESIAN_POINT('',(-0.00555674302933558,-0.0944608558085608,0.0688018926559633));
#4833=CARTESIAN_POINT('',(-0.00589661966629855,-0.0943836377311836,0.0688018926559633));
#4834=CARTESIAN_POINT('',(-0.00581750976562385,-0.0939790370772396,0.0668018926559633));
#4835=CARTESIAN_POINT('',(-0.00545326473439955,-0.0940617915179586,0.0668018926559633));
#4836=CARTESIAN_POINT('',(-0.0122512602271212,-0.103225148566362,0.0688018926559633));
#4837=CARTESIAN_POINT('',(-0.0122512602271212,-0.103225148566362,0.0648018926559633));
#4838=CARTESIAN_POINT('',(-0.0124075895520705,-0.103320288249898,0.0688018926559633));
#4839=CARTESIAN_POINT('',(-0.0124075895520705,-0.103320288249898,0.0648018926559633));
#4840=CARTESIAN_POINT('',(-0.0126073255703926,-0.103442025838807,0.0688018926559633));
#4841=CARTESIAN_POINT('',(-0.0126073255703926,-0.103442025838807,0.0648018926559633));
#4842=CARTESIAN_POINT('',(-0.012623785864829,-0.103452324059431,0.0688018926559633));
#4843=CARTESIAN_POINT('',(-0.012623785864829,-0.103452324059431,0.0648018926559633));
#4844=CARTESIAN_POINT('',(-0.0126504680496169,-0.103471461111311,0.0688018926559633));
#4845=CARTESIAN_POINT('',(-0.0126504680496169,-0.103471461111311,0.0648018926559633));
#4846=CARTESIAN_POINT('',(-0.0126918313510373,-0.103505084080767,0.0688018926559633));
#4847=CARTESIAN_POINT('',(-0.0126918313510373,-0.103505084080767,0.0648018926559633));
#4848=CARTESIAN_POINT('',(-0.012767028718444,-0.103574623379678,0.0688018926559633));
#4849=CARTESIAN_POINT('',(-0.012767028718444,-0.103574623379678,0.0648018926559633));
#4850=CARTESIAN_POINT('',(-0.0128700117647355,-0.103686053570648,0.0688018926559633));
#4851=CARTESIAN_POINT('',(-0.0128700117647355,-0.103686053570648,0.0648018926559633));
#4852=CARTESIAN_POINT('',(-0.0129969019311152,-0.103851589703759,0.0688018926559633));
#4853=CARTESIAN_POINT('',(-0.0129969019311152,-0.103851589703759,0.0648018926559633));
#4854=CARTESIAN_POINT('',(-0.0131214865127247,-0.104044783417305,0.0688018926559633));
#4855=CARTESIAN_POINT('',(-0.0131214865127247,-0.104044783417305,0.0648018926559633));
#4856=CARTESIAN_POINT('',(-0.013279478109476,-0.104335046181332,0.0688018926559633));
#4857=CARTESIAN_POINT('',(-0.013279478109476,-0.104335046181332,0.0648018926559633));
#4858=CARTESIAN_POINT('',(-0.0133845254054978,-0.104585751754533,0.0688018926559633));
#4859=CARTESIAN_POINT('',(-0.0133845254054978,-0.104585751754533,0.0648018926559633));
#4860=CARTESIAN_POINT('',(-0.0134460950509048,-0.10476469686517,0.0688018926559633));
#4861=CARTESIAN_POINT('',(-0.0134460950509048,-0.10476469686517,0.0648018926559633));
#4862=CARTESIAN_POINT('',(-0.0122512602161951,-0.103225148559712,0.0648018926559633));
#4863=CARTESIAN_POINT('',(-0.0127704695175008,-0.102149744329787,0.0688018926559633));
#4864=CARTESIAN_POINT('',(-0.0127704695175008,-0.102149744329787,0.0648018926559633));
#4865=CARTESIAN_POINT('',(-0.0129421966420224,-0.102212991558391,0.0688018926559633));
#4866=CARTESIAN_POINT('',(-0.0129421966420224,-0.102212991558391,0.0648018926559633));
#4867=CARTESIAN_POINT('',(-0.013161747768036,-0.10229368741104,0.0688018926559633));
#4868=CARTESIAN_POINT('',(-0.013161747768036,-0.10229368741104,0.0648018926559633));
#4869=CARTESIAN_POINT('',(-0.0131800491681641,-0.102300172269889,0.0688018926559633));
#4870=CARTESIAN_POINT('',(-0.0131800491681641,-0.102300172269889,0.0648018926559633));
#4871=CARTESIAN_POINT('',(-0.0132116293142981,-0.102309164494856,0.0688018926559633));
#4872=CARTESIAN_POINT('',(-0.0132116293142981,-0.102309164494856,0.0648018926559633));
#4873=CARTESIAN_POINT('',(-0.013263683612993,-0.102320643901061,0.0688018926559633));
#4874=CARTESIAN_POINT('',(-0.013263683612993,-0.102320643901061,0.0648018926559633));
#4875=CARTESIAN_POINT('',(-0.0133649054295891,-0.102336280460882,0.0688018926559633));
#4876=CARTESIAN_POINT('',(-0.0133649054295891,-0.102336280460882,0.0648018926559633));
#4877=CARTESIAN_POINT('',(-0.0135162116184152,-0.102347622088012,0.0688018926559633));
#4878=CARTESIAN_POINT('',(-0.0135162116184152,-0.102347622088012,0.0648018926559633));
#4879=CARTESIAN_POINT('',(-0.0137247552739654,-0.102344034690763,0.0688018926559633));
#4880=CARTESIAN_POINT('',(-0.0137247552739654,-0.102344034690763,0.0648018926559633));
#4881=CARTESIAN_POINT('',(-0.0139535229397789,-0.102321440797637,0.0688018926559633));
#4882=CARTESIAN_POINT('',(-0.0139535229397789,-0.102321440797637,0.0648018926559634));
#4883=CARTESIAN_POINT('',(-0.0142790796081995,-0.102264636990796,0.0688018926559633));
#4884=CARTESIAN_POINT('',(-0.0142790796081995,-0.102264636990796,0.0648018926559633));
#4885=CARTESIAN_POINT('',(-0.0145407324858009,-0.102190975667983,0.0688018926559633));
#4886=CARTESIAN_POINT('',(-0.0145407324858009,-0.102190975667983,0.0648018926559633));
#4887=CARTESIAN_POINT('',(-0.0147191516262989,-0.102127898063714,0.0688018926559633));
#4888=CARTESIAN_POINT('',(-0.0147191516262989,-0.102127898063714,0.0648018926559633));
#4889=CARTESIAN_POINT('',(-0.0127704695054985,-0.102149744325367,0.0688018926559633));
#4890=CARTESIAN_POINT('',(-0.007,-0.100026779749528,0.0688018926559633));
#4891=CARTESIAN_POINT('',(-0.0122514705687413,-0.102368692827685,0.0688018926559633));
#4892=CARTESIAN_POINT('',(-0.012099932475614,-0.102682563766382,0.0688018926559633));
#4893=CARTESIAN_POINT('',(-0.0124655862209913,-0.102872977537019,0.0668018926559633));
#4894=CARTESIAN_POINT('',(-0.0126279892562692,-0.102536602754428,0.0668018926559633));
#4895=CARTESIAN_POINT('',(-0.0131189422032153,-0.100629974059142,0.0688018926559633));
#4896=CARTESIAN_POINT('',(-0.0131189422032153,-0.100629974059142,0.0648018926559632));
#4897=CARTESIAN_POINT('',(-0.0133010696197662,-0.100647863200068,0.0688018926559633));
#4898=CARTESIAN_POINT('',(-0.0133010696197662,-0.100647863200068,0.0648018926559632));
#4899=CARTESIAN_POINT('',(-0.0135338455143402,-0.100670882767263,0.0688018926559633));
#4900=CARTESIAN_POINT('',(-0.0135338455143402,-0.100670882767263,0.0648018926559632));
#4901=CARTESIAN_POINT('',(-0.0135531439576542,-0.100673019289342,0.0688018926559633));
#4902=CARTESIAN_POINT('',(-0.0135531439576542,-0.100673019289342,0.0648018926559632));
#4903=CARTESIAN_POINT('',(-0.0135854870311011,-0.100678684211206,0.0688018926559633));
#4904=CARTESIAN_POINT('',(-0.0135854870311011,-0.100678684211206,0.0648018926559632));
#4905=CARTESIAN_POINT('',(-0.0136373425376624,-0.10069103059605,0.0688018926559633));
#4906=CARTESIAN_POINT('',(-0.0136373425376624,-0.10069103059605,0.0648018926559632));
#4907=CARTESIAN_POINT('',(-0.0137352649956715,-0.100721056424523,0.0688018926559633));
#4908=CARTESIAN_POINT('',(-0.0137352649956715,-0.100721056424523,0.0648018926559632));
#4909=CARTESIAN_POINT('',(-0.0138763972622105,-0.10077676888834,0.0688018926559633));
#4910=CARTESIAN_POINT('',(-0.0138763972622105,-0.10077676888834,0.0648018926559632));
#4911=CARTESIAN_POINT('',(-0.0140625447881549,-0.10087085621094,0.0688018926559633));
#4912=CARTESIAN_POINT('',(-0.0140625447881549,-0.10087085621094,0.0648018926559632));
#4913=CARTESIAN_POINT('',(-0.0142586152284128,-0.100990862508214,0.0688018926559633));
#4914=CARTESIAN_POINT('',(-0.0142586152284128,-0.100990862508214,0.0648018926559632));
#4915=CARTESIAN_POINT('',(-0.0145269010318587,-0.101183830237367,0.0688018926559633));
#4916=CARTESIAN_POINT('',(-0.0145269010318587,-0.101183830237367,0.0648018926559632));
#4917=CARTESIAN_POINT('',(-0.0147303224467494,-0.101364129840247,0.0688018926559633));
#4918=CARTESIAN_POINT('',(-0.0147303224467494,-0.101364129840247,0.0648018926559632));
#4919=CARTESIAN_POINT('',(-0.0148634361541693,-0.10149863974603,0.0688018926559633));
#4920=CARTESIAN_POINT('',(-0.0148634361541693,-0.10149863974603,0.0648018926559632));
#4921=CARTESIAN_POINT('',(-0.0131189421904861,-0.100629974057892,0.0648018926559633));
#4922=CARTESIAN_POINT('',(-0.0131201331985452,-0.0994357918532837,0.0688018926559633));
#4923=CARTESIAN_POINT('',(-0.0131201331985452,-0.0994357918532837,0.0648018926559632));
#4924=CARTESIAN_POINT('',(-0.0133022959355491,-0.0994182660303418,0.0688018926559633));
#4925=CARTESIAN_POINT('',(-0.0133022959355491,-0.0994182660303418,0.0648018926559632));
#4926=CARTESIAN_POINT('',(-0.0135351172832788,-0.099395710817865,0.0688018926559633));
#4927=CARTESIAN_POINT('',(-0.0135351172832788,-0.099395710817865,0.0648018926559633));
#4928=CARTESIAN_POINT('',(-0.0135544199498383,-0.099393612793882,0.0688018926559633));
#4929=CARTESIAN_POINT('',(-0.0135544199498383,-0.099393612793882,0.0648018926559632));
#4930=CARTESIAN_POINT('',(-0.0135867742585408,-0.0993880123967443,0.0688018926559633));
#4931=CARTESIAN_POINT('',(-0.0135867742585408,-0.0993880123967443,0.0648018926559633));
#4932=CARTESIAN_POINT('',(-0.0136386542887923,-0.0993757694706019,0.0688018926559633));
#4933=CARTESIAN_POINT('',(-0.0136386542887923,-0.0993757694706019,0.0648018926559632));
#4934=CARTESIAN_POINT('',(-0.01373663644334,-0.0993459390239368,0.0688018926559633));
#4935=CARTESIAN_POINT('',(-0.01373663644334,-0.0993459390239368,0.0648018926559633));
#4936=CARTESIAN_POINT('',(-0.0138778795565802,-0.0992905081819329,0.0688018926559633));
#4937=CARTESIAN_POINT('',(-0.0138778795565802,-0.0992905081819329,0.0648018926559632));
#4938=CARTESIAN_POINT('',(-0.0140642143844972,-0.099196792347655,0.0688018926559633));
#4939=CARTESIAN_POINT('',(-0.0140642143844972,-0.099196792347655,0.0648018926559633));
#4940=CARTESIAN_POINT('',(-0.0142605238065472,-0.0990771773831117,0.0688018926559633));
#4941=CARTESIAN_POINT('',(-0.0142605238065472,-0.0990771773831117,0.0648018926559633));
#4942=CARTESIAN_POINT('',(-0.0145291939814239,-0.0988847451769804,0.0688018926559633));
#4943=CARTESIAN_POINT('',(-0.0145291939814239,-0.0988847451769804,0.0648018926559632));
#4944=CARTESIAN_POINT('',(-0.0147329746281693,-0.0987048516894735,0.0688018926559633));
#4945=CARTESIAN_POINT('',(-0.0147329746281693,-0.0987048516894735,0.0648018926559632));
#4946=CARTESIAN_POINT('',(-0.014866356372401,-0.0985706075679549,0.0688018926559633));
#4947=CARTESIAN_POINT('',(-0.014866356372401,-0.0985706075679549,0.0648018926559632));
#4948=CARTESIAN_POINT('',(-0.0131201331858135,-0.0994357918545086,0.0688018926559633));
#4949=CARTESIAN_POINT('',(-0.007,-0.100026779749528,0.0688018926559633));
#4950=CARTESIAN_POINT('',(-0.0127475294961809,-0.0998582428380497,0.0688018926559633));
#4951=CARTESIAN_POINT('',(-0.012747181888454,-0.10020678069682,0.0688018926559633));
#4952=CARTESIAN_POINT('',(-0.0131592419682543,-0.100219686361917,0.0668018926559633));
#4953=CARTESIAN_POINT('',(-0.0131596144986774,-0.099846159118665,0.0668018926559633));
#4954=CARTESIAN_POINT('',(-0.0127746926320612,-0.0979153295212109,0.0688018926559633));
#4955=CARTESIAN_POINT('',(-0.0127746926320612,-0.0979153295212109,0.0648018926559633));
#4956=CARTESIAN_POINT('',(-0.0129465455717195,-0.0978524249557697,0.0688018926559633));
#4957=CARTESIAN_POINT('',(-0.0129465455717195,-0.0978524249557697,0.0648018926559633));
#4958=CARTESIAN_POINT('',(-0.0131662572218162,-0.0977721671936506,0.0688018926559633));
#4959=CARTESIAN_POINT('',(-0.0131662572218162,-0.0977721671936506,0.0648018926559633));
#4960=CARTESIAN_POINT('',(-0.0131845715206296,-0.0977657188527854,0.0688018926559633));
#4961=CARTESIAN_POINT('',(-0.0131845715206296,-0.0977657188527854,0.0648018926559633));
#4962=CARTESIAN_POINT('',(-0.0132161695403776,-0.0977567896373821,0.0688018926559633));
#4963=CARTESIAN_POINT('',(-0.0132161695403776,-0.0977567896373821,0.0648018926559633));
#4964=CARTESIAN_POINT('',(-0.0132682466330391,-0.0977454140846767,0.0688018926559633));
#4965=CARTESIAN_POINT('',(-0.0132682466330391,-0.0977454140846767,0.0648018926559633));
#4966=CARTESIAN_POINT('',(-0.0133694994379019,-0.0977299794591395,0.0688018926559633));
#4967=CARTESIAN_POINT('',(-0.0133694994379019,-0.0977299794591395,0.0648018926559633));
#4968=CARTESIAN_POINT('',(-0.0135208279484266,-0.097718939659077,0.0688018926559633));
#4969=CARTESIAN_POINT('',(-0.0135208279484266,-0.097718939659077,0.0648018926559633));
#4970=CARTESIAN_POINT('',(-0.0137293640334728,-0.0977229430230198,0.0688018926559633));
#4971=CARTESIAN_POINT('',(-0.0137293640334728,-0.0977229430230198,0.0648018926559633));
#4972=CARTESIAN_POINT('',(-0.01395808617704,-0.0977459931850662,0.0688018926559633));
#4973=CARTESIAN_POINT('',(-0.01395808617704,-0.0977459931850662,0.0648018926559633));
#4974=CARTESIAN_POINT('',(-0.0142835288934985,-0.0978034462539912,0.0688018926559633));
#4975=CARTESIAN_POINT('',(-0.0142835288934985,-0.0978034462539912,0.0648018926559633));
#4976=CARTESIAN_POINT('',(-0.0145450343212396,-0.0978776293389725,0.0688018926559633));
#4977=CARTESIAN_POINT('',(-0.0145450343212396,-0.0978776293389725,0.0648018926559633));
#4978=CARTESIAN_POINT('',(-0.0147233272883848,-0.0979410627034042,0.0688018926559633));
#4979=CARTESIAN_POINT('',(-0.0147233272883848,-0.0979410627034042,0.0648018926559633));
#4980=CARTESIAN_POINT('',(-0.0127746926200501,-0.0979153295256075,0.0648018926559633));
#4981=CARTESIAN_POINT('',(-0.0122576294411097,-0.0968388917776224,0.0688018926559633));
#4982=CARTESIAN_POINT('',(-0.0122576294411097,-0.0968388917776224,0.0648018926559634));
#4983=CARTESIAN_POINT('',(-0.012414148226453,-0.0967440641073083,0.0688018926559633));
#4984=CARTESIAN_POINT('',(-0.012414148226453,-0.0967440641073083,0.0648018926559634));
#4985=CARTESIAN_POINT('',(-0.0126141266726145,-0.0966227251661583,0.0688018926559633));
#4986=CARTESIAN_POINT('',(-0.0126141266726145,-0.0966227251661583,0.0648018926559634));
#4987=CARTESIAN_POINT('',(-0.0126306074757615,-0.0966124597987238,0.0688018926559633));
#4988=CARTESIAN_POINT('',(-0.0126306074757615,-0.0966124597987238,0.0648018926559633));
#4989=CARTESIAN_POINT('',(-0.0126573277793944,-0.0965933760068185,0.0688018926559633));
#4990=CARTESIAN_POINT('',(-0.0126573277793944,-0.0965933760068185,0.0648018926559634));
#4991=CARTESIAN_POINT('',(-0.0126987580649444,-0.0965598356100011,0.0688018926559633));
#4992=CARTESIAN_POINT('',(-0.0126987580649444,-0.0965598356100011,0.0648018926559634));
#4993=CARTESIAN_POINT('',(-0.0127740939900633,-0.0964904464426582,0.0688018926559633));
#4994=CARTESIAN_POINT('',(-0.0127740939900633,-0.0964904464426582,0.0648018926559634));
#4995=CARTESIAN_POINT('',(-0.0128772990969073,-0.0963792218895938,0.0688018926559633));
#4996=CARTESIAN_POINT('',(-0.0128772990969073,-0.0963792218895938,0.0648018926559633));
#4997=CARTESIAN_POINT('',(-0.0130045191992755,-0.0962139391886155,0.0688018926559633));
#4998=CARTESIAN_POINT('',(-0.0130045191992755,-0.0962139391886155,0.0648018926559634));
#4999=CARTESIAN_POINT('',(-0.013129488888948,-0.0960209943633636,0.0688018926559633));
#5000=CARTESIAN_POINT('',(-0.013129488888948,-0.0960209943633636,0.0648018926559633));
#5001=CARTESIAN_POINT('',(-0.0132880591471229,-0.0957310473163927,0.0688018926559633));
#5002=CARTESIAN_POINT('',(-0.0132880591471229,-0.0957310473163927,0.0648018926559633));
#5003=CARTESIAN_POINT('',(-0.013393606306719,-0.0954805517756407,0.0688018926559633));
#5004=CARTESIAN_POINT('',(-0.013393606306719,-0.0954805517756407,0.0648018926559634));
#5005=CARTESIAN_POINT('',(-0.0134555327644193,-0.0953017298315365,0.0688018926559633));
#5006=CARTESIAN_POINT('',(-0.0134555327644193,-0.0953017298315365,0.0648018926559634));
#5007=CARTESIAN_POINT('',(-0.0122576294301703,-0.0968388917842501,0.0688018926559633));
#5008=CARTESIAN_POINT('',(-0.007,-0.100026779749528,0.0688018926559633));
#5009=CARTESIAN_POINT('',(-0.0121052197180785,-0.0973811736507022,0.0688018926559633));
#5010=CARTESIAN_POINT('',(-0.0122561314437255,-0.0976953462320796,0.0688018926559633));
#5011=CARTESIAN_POINT('',(-0.0126329843055591,-0.0975281876663869,0.0668018926559633));
#5012=CARTESIAN_POINT('',(-0.0124712525469082,-0.0971914896140106,0.0668018926559633));
#5013=CARTESIAN_POINT('',(-0.01128669436317,-0.0956188835962355,0.0688018926559633));
#5014=CARTESIAN_POINT('',(-0.01128669436317,-0.0956188835962355,0.0648018926559633));
#5015=CARTESIAN_POINT('',(-0.0114142352435984,-0.0954876443450868,0.0688018926559633));
#5016=CARTESIAN_POINT('',(-0.0114142352435984,-0.0954876443450868,0.0648018926559633));
#5017=CARTESIAN_POINT('',(-0.0115773660623295,-0.0953200052877383,0.0688018926559633));
#5018=CARTESIAN_POINT('',(-0.0115773660623295,-0.0953200052877383,0.0648018926559633));
#5019=CARTESIAN_POINT('',(-0.0115910688451521,-0.0953062492569206,0.0688018926559633));
#5020=CARTESIAN_POINT('',(-0.0115910688451521,-0.0953062492569206,0.0648018926559633));
#5021=CARTESIAN_POINT('',(-0.011615663435866,-0.0952844944448705,0.0688018926559633));
#5022=CARTESIAN_POINT('',(-0.011615663435866,-0.0952844944448705,0.0648018926559633));
#5023=CARTESIAN_POINT('',(-0.0116576476077425,-0.0952516500223414,0.0688018926559633));
#5024=CARTESIAN_POINT('',(-0.0116576476077425,-0.0952516500223414,0.0648018926559633));
#5025=CARTESIAN_POINT('',(-0.0117421763996716,-0.0951938119596746,0.0688018926559633));
#5026=CARTESIAN_POINT('',(-0.0117421763996716,-0.0951938119596746,0.0648018926559633));
#5027=CARTESIAN_POINT('',(-0.0118737286867502,-0.0951182064635289,0.0688018926559633));
#5028=CARTESIAN_POINT('',(-0.0118737286867502,-0.0951182064635289,0.0648018926559633));
#5029=CARTESIAN_POINT('',(-0.0120633502017276,-0.0950313329534874,0.0688018926559633));
#5030=CARTESIAN_POINT('',(-0.0120633502017276,-0.0950313329534874,0.0648018926559633));
#5031=CARTESIAN_POINT('',(-0.0122794228229776,-0.0949528616130215,0.0688018926559633));
#5032=CARTESIAN_POINT('',(-0.0122794228229776,-0.0949528616130215,0.0648018926559633));
#5033=CARTESIAN_POINT('',(-0.0125975645311612,-0.0948634207368026,0.0688018926559633));
#5034=CARTESIAN_POINT('',(-0.0125975645311612,-0.0948634207368026,0.0648018926559633));
#5035=CARTESIAN_POINT('',(-0.0128653596146344,-0.0948167944341084,0.0688018926559633));
#5036=CARTESIAN_POINT('',(-0.0128653596146344,-0.0948167944341084,0.0648018926559633));
#5037=CARTESIAN_POINT('',(-0.0130535187327427,-0.0947965875014039,0.0688018926559633));
#5038=CARTESIAN_POINT('',(-0.0130535187327427,-0.0947965875014039,0.0648018926559633));
#5039=CARTESIAN_POINT('',(-0.0112866943542559,-0.0956188836054081,0.0648018926559633));
#5040=CARTESIAN_POINT('',(-0.0103537876922689,-0.0948733920116773,0.0688018926559633));
#5041=CARTESIAN_POINT('',(-0.0103537876922689,-0.0948733920116773,0.0648018926559633));
#5042=CARTESIAN_POINT('',(-0.0104536620609375,-0.0947200442770817,0.0688018926559633));
#5043=CARTESIAN_POINT('',(-0.0104536620609375,-0.0947200442770817,0.0648018926559633));
#5044=CARTESIAN_POINT('',(-0.0105811894216937,-0.0945239542726778,0.0688018926559633));
#5045=CARTESIAN_POINT('',(-0.0105811894216937,-0.0945239542726778,0.0648018926559633));
#5046=CARTESIAN_POINT('',(-0.0105915841362413,-0.0945075547437085,0.0688018926559633));
#5047=CARTESIAN_POINT('',(-0.0105915841362413,-0.0945075547437085,0.0648018926559633));
#5048=CARTESIAN_POINT('',(-0.010607378150967,-0.0944787673360698,0.0688018926559633));
#5049=CARTESIAN_POINT('',(-0.010607378150967,-0.0944787673360698,0.0648018926559633));
#5050=CARTESIAN_POINT('',(-0.0106301529156533,-0.0944305725555131,0.0688018926559633));
#5051=CARTESIAN_POINT('',(-0.0106301529156533,-0.0944305725555131,0.0648018926559633));
#5052=CARTESIAN_POINT('',(-0.0106679214074391,-0.094335368043087,0.0688018926559633));
#5053=CARTESIAN_POINT('',(-0.0106679214074391,-0.094335368043087,0.0648018926559633));
#5054=CARTESIAN_POINT('',(-0.0107126474707488,-0.0941903791657762,0.0688018926559633));
#5055=CARTESIAN_POINT('',(-0.0107126474707488,-0.0941903791657762,0.0648018926559633));
#5056=CARTESIAN_POINT('',(-0.0107555553460419,-0.0939862658640854,0.0688018926559633));
#5057=CARTESIAN_POINT('',(-0.0107555553460419,-0.0939862658640854,0.0648018926559633));
#5058=CARTESIAN_POINT('',(-0.0107844335236446,-0.0937582062670791,0.0688018926559633));
#5059=CARTESIAN_POINT('',(-0.0107844335236446,-0.0937582062670791,0.0648018926559633));
#5060=CARTESIAN_POINT('',(-0.0108014970807496,-0.0934281719478884,0.0688018926559633));
#5061=CARTESIAN_POINT('',(-0.0108014970807496,-0.0934281719478884,0.0648018926559633));
#5062=CARTESIAN_POINT('',(-0.0107879058437874,-0.0931566880678636,0.0688018926559633));
#5063=CARTESIAN_POINT('',(-0.0107879058437874,-0.0931566880678636,0.0648018926559633));
#5064=CARTESIAN_POINT('',(-0.0107661117205307,-0.0929687061803106,0.0688018926559633));
#5065=CARTESIAN_POINT('',(-0.0107661117205307,-0.0929687061803106,0.0648018926559633));
#5066=CARTESIAN_POINT('',(-0.0103537876852885,-0.094873392022395,0.0688018926559633));
#5067=CARTESIAN_POINT('',(-0.007,-0.100026779749528,0.0688018926559633));
#5068=CARTESIAN_POINT('',(-0.0104517585633996,-0.0954280991974565,0.0688018926559633));
#5069=CARTESIAN_POINT('',(-0.0107240397043453,-0.0956456807686257,0.0688018926559633));
#5070=CARTESIAN_POINT('',(-0.0109910450171291,-0.0953315657761439,0.0668018926559633));
#5071=CARTESIAN_POINT('',(-0.0106992419277149,-0.095098384093247,0.0668018926559633));
#5072=CARTESIAN_POINT('',(-0.00894966370279664,-0.0941954755637182,0.0688018926559633));
#5073=CARTESIAN_POINT('',(-0.00894966370279664,-0.0941954755637182,0.0648018926559633));
#5074=CARTESIAN_POINT('',(-0.00900763148844014,-0.0940218951700957,0.0688018926559633));
#5075=CARTESIAN_POINT('',(-0.00900763148844014,-0.0940218951700957,0.0648018926559633));
#5076=CARTESIAN_POINT('',(-0.00908187141648769,-0.093800077788784,0.0688018926559633));
#5077=CARTESIAN_POINT('',(-0.00908187141648769,-0.093800077788784,0.0648018926559633));
#5078=CARTESIAN_POINT('',(-0.00908824867912801,-0.0937817386186238,0.0688018926559633));
#5079=CARTESIAN_POINT('',(-0.00908824867912801,-0.0937817386186238,0.0648018926559633));
#5080=CARTESIAN_POINT('',(-0.00910096858048383,-0.0937514670172587,0.0688018926559633));
#5081=CARTESIAN_POINT('',(-0.00910096858048383,-0.0937514670172587,0.0648018926559633));
#5082=CARTESIAN_POINT('',(-0.00912454435143316,-0.0937036589655982,0.0688018926559633));
#5083=CARTESIAN_POINT('',(-0.00912454435143316,-0.0937036589655982,0.0648018926559633));
#5084=CARTESIAN_POINT('',(-0.00917560716650955,-0.0936148730034503,0.0688018926559633));
#5085=CARTESIAN_POINT('',(-0.00917560716650955,-0.0936148730034503,0.0648018926559633));
#5086=CARTESIAN_POINT('',(-0.00926132768630324,-0.0934896764069737,0.0688018926559633));
#5087=CARTESIAN_POINT('',(-0.00926132768630324,-0.0934896764069737,0.0648018926559633));
#5088=CARTESIAN_POINT('',(-0.00939447776461524,-0.0933291323870453,0.0688018926559633));
#5089=CARTESIAN_POINT('',(-0.00939447776461524,-0.0933291323870453,0.0648018926559633));
#5090=CARTESIAN_POINT('',(-0.00955510503095262,-0.0931646817554341,0.0688018926559633));
#5091=CARTESIAN_POINT('',(-0.00955510503095262,-0.0931646817554341,0.0648018926559632));
#5092=CARTESIAN_POINT('',(-0.00980293386380352,-0.0929460617965268,0.0688018926559633));
#5093=CARTESIAN_POINT('',(-0.00980293386380352,-0.0929460617965268,0.0648018926559633));
#5094=CARTESIAN_POINT('',(-0.0100239785024362,-0.0927878610172402,0.0688018926559633));
#5095=CARTESIAN_POINT('',(-0.0100239785024362,-0.0927878610172402,0.0648018926559633));
#5096=CARTESIAN_POINT('',(-0.0101847365505456,-0.092688016018243,0.0688018926559633));
#5097=CARTESIAN_POINT('',(-0.0101847365505456,-0.092688016018243,0.0648018926559633));
#5098=CARTESIAN_POINT('',(-0.00894966369874517,-0.0941954755758501,0.0648018926559633));
#5099=CARTESIAN_POINT('',(-0.00778568715946748,-0.0939285838893663,0.0688018926559633));
#5100=CARTESIAN_POINT('',(-0.00778568715946748,-0.0939285838893663,0.0648018926559633));
#5101=CARTESIAN_POINT('',(-0.00780913576786768,-0.0937470884900123,0.0688018926559633));
#5102=CARTESIAN_POINT('',(-0.00780913576786768,-0.0937470884900123,0.0648018926559633));
#5103=CARTESIAN_POINT('',(-0.00783895368540053,-0.0935150854526129,0.0688018926559633));
#5104=CARTESIAN_POINT('',(-0.00783895368540053,-0.0935150854526129,0.0648018926559632));
#5105=CARTESIAN_POINT('',(-0.00784120351064968,-0.0934957998899484,0.0688018926559633));
#5106=CARTESIAN_POINT('',(-0.00784120351064968,-0.0934957998899484,0.0648018926559633));
#5107=CARTESIAN_POINT('',(-0.00784294303815096,-0.0934630105657134,0.0688018926559633));
#5108=CARTESIAN_POINT('',(-0.00784294303815096,-0.0934630105657134,0.0648018926559633));
#5109=CARTESIAN_POINT('',(-0.00784255146051312,-0.0934097069687768,0.0688018926559633));
#5110=CARTESIAN_POINT('',(-0.00784255146051312,-0.0934097069687768,0.0648018926559633));
#5111=CARTESIAN_POINT('',(-0.00783527200596751,-0.0933075435325602,0.0688018926559633));
#5112=CARTESIAN_POINT('',(-0.00783527200596751,-0.0933075435325602,0.0648018926559633));
#5113=CARTESIAN_POINT('',(-0.00781266048037532,-0.0931575071563262,0.0688018926559633));
#5114=CARTESIAN_POINT('',(-0.00781266048037532,-0.0931575071563262,0.0648018926559633));
#5115=CARTESIAN_POINT('',(-0.00776275769766104,-0.0929549903966084,0.0688018926559633));
#5116=CARTESIAN_POINT('',(-0.00776275769766104,-0.0929549903966084,0.0648018926559633));
#5117=CARTESIAN_POINT('',(-0.0076898246859521,-0.0927369860280021,0.0688018926559633));
#5118=CARTESIAN_POINT('',(-0.0076898246859521,-0.0927369860280021,0.0648018926559633));
#5119=CARTESIAN_POINT('',(-0.00756200189523166,-0.0924322317811124,0.0688018926559633));
#5120=CARTESIAN_POINT('',(-0.00756200189523166,-0.0924322317811124,0.0648018926559633));
#5121=CARTESIAN_POINT('',(-0.00743196417287762,-0.0921935302737858,0.0688018926559633));
#5122=CARTESIAN_POINT('',(-0.00743196417287762,-0.0921935302737858,0.0648018926559633));
#5123=CARTESIAN_POINT('',(-0.00733076606206186,-0.0920336205610598,0.0688018926559633));
#5124=CARTESIAN_POINT('',(-0.00733076606206186,-0.0920336205610598,0.0648018926559633));
#5125=CARTESIAN_POINT('',(-0.00778568715782863,-0.0939285839020513,0.0688018926559633));
#5126=CARTESIAN_POINT('',(-0.007,-0.100026779749528,0.0688018926559633));
#5127=CARTESIAN_POINT('',(-0.00811463429219886,-0.0943858498266644,0.0688018926559633));
#5128=CARTESIAN_POINT('',(-0.00845435622916978,-0.0944637456889924,0.0688018926559633));
#5129=CARTESIAN_POINT('',(-0.00855863031610162,-0.09406488859635,0.0668018926559633));
#5130=CARTESIAN_POINT('',(-0.00819455107651262,-0.0939814077750159,0.0668018926559633));
#5131=CARTESIAN_POINT('',(-0.0112778935783511,-0.104443217634718,0.0688018926559633));
#5132=CARTESIAN_POINT('',(-0.0112778935783511,-0.104443217634718,0.0648018926559633));
#5133=CARTESIAN_POINT('',(-0.0114051724272838,-0.104574711025567,0.0688018926559633));
#5134=CARTESIAN_POINT('',(-0.0114051724272838,-0.104574711025567,0.0648018926559633));
#5135=CARTESIAN_POINT('',(-0.0115679685384564,-0.104742675140054,0.0688018926559633));
#5136=CARTESIAN_POINT('',(-0.0115679685384564,-0.104742675140054,0.0648018926559633));
#5137=CARTESIAN_POINT('',(-0.0115816438554059,-0.104756458475909,0.0688018926559633));
#5138=CARTESIAN_POINT('',(-0.0115816438554059,-0.104756458475909,0.0648018926559633));
#5139=CARTESIAN_POINT('',(-0.0116061950037246,-0.104778262302544,0.0688018926559633));
#5140=CARTESIAN_POINT('',(-0.0116061950037246,-0.104778262302544,0.0648018926559633));
#5141=CARTESIAN_POINT('',(-0.0116481135786022,-0.104811190403911,0.0688018926559633));
#5142=CARTESIAN_POINT('',(-0.0116481135786022,-0.104811190403911,0.0648018926559633));
#5143=CARTESIAN_POINT('',(-0.0117325268350657,-0.104869196957777,0.0688018926559633));
#5144=CARTESIAN_POINT('',(-0.0117325268350657,-0.104869196957777,0.0648018926559633));
#5145=CARTESIAN_POINT('',(-0.0118639280531321,-0.104945064705691,0.0688018926559633));
#5146=CARTESIAN_POINT('',(-0.0118639280531321,-0.104945064705691,0.0648018926559633));
#5147=CARTESIAN_POINT('',(-0.0120533759077137,-0.105032316273492,0.0688018926559633));
#5148=CARTESIAN_POINT('',(-0.0120533759077137,-0.105032316273492,0.0648018926559633));
#5149=CARTESIAN_POINT('',(-0.0122692915754249,-0.105111218449414,0.0688018926559633));
#5150=CARTESIAN_POINT('',(-0.0122692915754249,-0.105111218449414,0.0648018926559633));
#5151=CARTESIAN_POINT('',(-0.0125872542465183,-0.10520129373246,0.0688018926559634));
#5152=CARTESIAN_POINT('',(-0.0125872542465183,-0.10520129373246,0.0648018926559634));
#5153=CARTESIAN_POINT('',(-0.0128549557936045,-0.105248454102722,0.0688018926559633));
#5154=CARTESIAN_POINT('',(-0.0128549557936045,-0.105248454102722,0.0648018926559633));
#5155=CARTESIAN_POINT('',(-0.0130430742314262,-0.105269036308823,0.0688018926559633));
#5156=CARTESIAN_POINT('',(-0.0130430742314262,-0.105269036308823,0.0648018926559633));
#5157=CARTESIAN_POINT('',(-0.00271330563683004,-0.10443467590282,0.0688018926559633));
#5158=CARTESIAN_POINT('',(-0.00271330563683004,-0.10443467590282,0.0648018926559633));
#5159=CARTESIAN_POINT('',(-0.00258576475640158,-0.104565915153969,0.0688018926559633));
#5160=CARTESIAN_POINT('',(-0.00258576475640158,-0.104565915153969,0.0648018926559633));
#5161=CARTESIAN_POINT('',(-0.00242263393767056,-0.104733554211317,0.0688018926559633));
#5162=CARTESIAN_POINT('',(-0.00242263393767056,-0.104733554211317,0.0648018926559633));
#5163=CARTESIAN_POINT('',(-0.00240893115484789,-0.104747310242135,0.0688018926559633));
#5164=CARTESIAN_POINT('',(-0.00240893115484789,-0.104747310242135,0.0648018926559633));
#5165=CARTESIAN_POINT('',(-0.00238433656413406,-0.104769065054185,0.0688018926559633));
#5166=CARTESIAN_POINT('',(-0.00238433656413406,-0.104769065054185,0.0648018926559633));
#5167=CARTESIAN_POINT('',(-0.00234235239225756,-0.104801909476714,0.0688018926559633));
#5168=CARTESIAN_POINT('',(-0.00234235239225756,-0.104801909476714,0.0648018926559633));
#5169=CARTESIAN_POINT('',(-0.00225782360032841,-0.104859747539381,0.0688018926559633));
#5170=CARTESIAN_POINT('',(-0.00225782360032841,-0.104859747539381,0.0648018926559633));
#5171=CARTESIAN_POINT('',(-0.00212627131324976,-0.104935353035526,0.0688018926559633));
#5172=CARTESIAN_POINT('',(-0.00212627131324976,-0.104935353035526,0.0648018926559633));
#5173=CARTESIAN_POINT('',(-0.0019366497982724,-0.105022226545568,0.0688018926559633));
#5174=CARTESIAN_POINT('',(-0.0019366497982724,-0.105022226545568,0.0648018926559633));
#5175=CARTESIAN_POINT('',(-0.00172057717702247,-0.105100697886034,0.0688018926559633));
#5176=CARTESIAN_POINT('',(-0.00172057717702247,-0.105100697886034,0.0648018926559633));
#5177=CARTESIAN_POINT('',(-0.00140243546883876,-0.105190138762253,0.0688018926559633));
#5178=CARTESIAN_POINT('',(-0.00140243546883876,-0.105190138762253,0.0648018926559633));
#5179=CARTESIAN_POINT('',(-0.00113464038536579,-0.105236765064947,0.0688018926559633));
#5180=CARTESIAN_POINT('',(-0.00113464038536579,-0.105236765064947,0.0648018926559633));
#5181=CARTESIAN_POINT('',(-0.000946481267257368,-0.105256971997651,0.0688018926559633));
#5182=CARTESIAN_POINT('',(-0.000946481267257368,-0.105256971997651,0.0648018926559633));
#5183=CARTESIAN_POINT('',(-0.00271330564574411,-0.104434675893647,0.0648018926559633));
#5184=CARTESIAN_POINT('',(-0.00300895498287094,-0.104721993722911,0.0668018926559633));
#5185=CARTESIAN_POINT('',(-0.00122530736793881,-0.102138229977844,0.0688018926559633));
#5186=CARTESIAN_POINT('',(-0.00122530736793881,-0.102138229977844,0.0648018926559633));
#5187=CARTESIAN_POINT('',(-0.00105345442828048,-0.102201134543286,0.0688018926559633));
#5188=CARTESIAN_POINT('',(-0.00105345442828048,-0.102201134543286,0.0648018926559633));
#5189=CARTESIAN_POINT('',(-0.00083374277818386,-0.102281392305405,0.0688018926559633));
#5190=CARTESIAN_POINT('',(-0.00083374277818386,-0.102281392305405,0.0648018926559633));
#5191=CARTESIAN_POINT('',(-0.00081542847937042,-0.10228784064627,0.0688018926559633));
#5192=CARTESIAN_POINT('',(-0.00081542847937042,-0.10228784064627,0.0648018926559633));
#5193=CARTESIAN_POINT('',(-0.000783830459622391,-0.102296769861673,0.0688018926559633));
#5194=CARTESIAN_POINT('',(-0.000783830459622391,-0.102296769861673,0.0648018926559633));
#5195=CARTESIAN_POINT('',(-0.00073175336696091,-0.102308145414379,0.0688018926559633));
#5196=CARTESIAN_POINT('',(-0.00073175336696091,-0.102308145414379,0.0648018926559633));
#5197=CARTESIAN_POINT('',(-0.000630500562098157,-0.102323580039916,0.0688018926559633));
#5198=CARTESIAN_POINT('',(-0.000630500562098157,-0.102323580039916,0.0648018926559633));
#5199=CARTESIAN_POINT('',(-0.00047917205157343,-0.102334619839978,0.0688018926559633));
#5200=CARTESIAN_POINT('',(-0.00047917205157343,-0.102334619839978,0.0648018926559633));
#5201=CARTESIAN_POINT('',(-0.000270635966527206,-0.102330616476036,0.0688018926559633));
#5202=CARTESIAN_POINT('',(-0.000270635966527206,-0.102330616476036,0.0648018926559633));
#5203=CARTESIAN_POINT('',(-4.19138229600836E-5,-0.102307566313989,0.0688018926559633));
#5204=CARTESIAN_POINT('',(-4.19138229600836E-5,-0.102307566313989,0.0648018926559633));
#5205=CARTESIAN_POINT('',(0.000283528893498577,-0.102250113245064,0.0688018926559633));
#5206=CARTESIAN_POINT('',(0.000283528893498577,-0.102250113245064,0.0648018926559633));
#5207=CARTESIAN_POINT('',(0.000545034321239233,-0.102175930160082,0.0688018926559633));
#5208=CARTESIAN_POINT('',(0.000545034321239233,-0.102175930160082,0.0648018926559633));
#5209=CARTESIAN_POINT('',(0.000723327288384826,-0.102112496795651,0.0688018926559633));
#5210=CARTESIAN_POINT('',(0.000723327288384826,-0.102112496795651,0.0648018926559633));
#5211=CARTESIAN_POINT('',(-0.0012253073799499,-0.102138229973448,0.0648018926559633));
#5212=CARTESIAN_POINT('',(-0.00174237055889034,-0.103214667721433,0.0688018926559633));
#5213=CARTESIAN_POINT('',(-0.00174237055889034,-0.103214667721433,0.0648018926559633));
#5214=CARTESIAN_POINT('',(-0.00158585177354701,-0.103309495391747,0.0688018926559633));
#5215=CARTESIAN_POINT('',(-0.00158585177354701,-0.103309495391747,0.0648018926559633));
#5216=CARTESIAN_POINT('',(-0.00138587332738552,-0.103430834332897,0.0688018926559633));
#5217=CARTESIAN_POINT('',(-0.00138587332738552,-0.103430834332897,0.0648018926559633));
#5218=CARTESIAN_POINT('',(-0.00136939252423847,-0.103441099700332,0.0688018926559633));
#5219=CARTESIAN_POINT('',(-0.00136939252423847,-0.103441099700332,0.0648018926559632));
#5220=CARTESIAN_POINT('',(-0.00134267222060559,-0.103460183492237,0.0688018926559633));
#5221=CARTESIAN_POINT('',(-0.00134267222060559,-0.103460183492237,0.0648018926559633));
#5222=CARTESIAN_POINT('',(-0.0013012419350556,-0.103493723889054,0.0688018926559633));
#5223=CARTESIAN_POINT('',(-0.0013012419350556,-0.103493723889054,0.0648018926559632));
#5224=CARTESIAN_POINT('',(-0.00122590600993668,-0.103563113056397,0.0688018926559633));
#5225=CARTESIAN_POINT('',(-0.00122590600993668,-0.103563113056397,0.0648018926559633));
#5226=CARTESIAN_POINT('',(-0.00112270090309268,-0.103674337609462,0.0688018926559633));
#5227=CARTESIAN_POINT('',(-0.00112270090309268,-0.103674337609462,0.0648018926559632));
#5228=CARTESIAN_POINT('',(-0.000995480800724567,-0.10383962031044,0.0688018926559633));
#5229=CARTESIAN_POINT('',(-0.000995480800724567,-0.10383962031044,0.0648018926559633));
#5230=CARTESIAN_POINT('',(-0.000870511111052012,-0.104032565135692,0.0688018926559633));
#5231=CARTESIAN_POINT('',(-0.000870511111052012,-0.104032565135692,0.0648018926559633));
#5232=CARTESIAN_POINT('',(-0.000711940852877179,-0.104322512182663,0.0688018926559633));
#5233=CARTESIAN_POINT('',(-0.000711940852877179,-0.104322512182663,0.0648018926559633));
#5234=CARTESIAN_POINT('',(-0.000606393693280908,-0.104573007723415,0.0688018926559633));
#5235=CARTESIAN_POINT('',(-0.000606393693280908,-0.104573007723415,0.0648018926559633));
#5236=CARTESIAN_POINT('',(-0.000544467235580687,-0.104751829667519,0.0688018926559633));
#5237=CARTESIAN_POINT('',(-0.000544467235580687,-0.104751829667519,0.0648018926559633));
#5238=CARTESIAN_POINT('',(-0.00174237056982968,-0.103214667714805,0.0688018926559633));
#5239=CARTESIAN_POINT('',(-0.007,-0.100026779749528,0.0688018926559633));
#5240=CARTESIAN_POINT('',(-0.00189478028192152,-0.102672385848353,0.0688018926559633));
#5241=CARTESIAN_POINT('',(-0.00174386855627455,-0.102358213266976,0.0688018926559633));
#5242=CARTESIAN_POINT('',(-0.00136701569444088,-0.102525371832668,0.0668018926559633));
#5243=CARTESIAN_POINT('',(-0.00152874745309179,-0.102862069885045,0.0668018926559633));
#5244=CARTESIAN_POINT('',(-0.000881057796784697,-0.0994235854399131,0.0688018926559633));
#5245=CARTESIAN_POINT('',(-0.000881057796784697,-0.0994235854399131,0.0648018926559633));
#5246=CARTESIAN_POINT('',(-0.000698930380233841,-0.0994056962989873,0.0688018926559633));
#5247=CARTESIAN_POINT('',(-0.000698930380233841,-0.0994056962989873,0.0648018926559633));
#5248=CARTESIAN_POINT('',(-0.000466154485659825,-0.0993826767317927,0.0688018926559633));
#5249=CARTESIAN_POINT('',(-0.000466154485659825,-0.0993826767317927,0.0648018926559634));
#5250=CARTESIAN_POINT('',(-0.000446856042345797,-0.0993805402097132,0.0688018926559633));
#5251=CARTESIAN_POINT('',(-0.000446856042345797,-0.0993805402097132,0.0648018926559633));
#5252=CARTESIAN_POINT('',(-0.000414512968898882,-0.0993748752878495,0.0688018926559634));
#5253=CARTESIAN_POINT('',(-0.000414512968898882,-0.0993748752878495,0.0648018926559634));
#5254=CARTESIAN_POINT('',(-0.000362657462337657,-0.0993625289030058,0.0688018926559633));
#5255=CARTESIAN_POINT('',(-0.000362657462337657,-0.0993625289030058,0.0648018926559633));
#5256=CARTESIAN_POINT('',(-0.000264735004328568,-0.0993325030745327,0.0688018926559633));
#5257=CARTESIAN_POINT('',(-0.000264735004328568,-0.0993325030745327,0.0648018926559633));
#5258=CARTESIAN_POINT('',(-0.000123602737789521,-0.0992767906107151,0.0688018926559633));
#5259=CARTESIAN_POINT('',(-0.000123602737789521,-0.0992767906107151,0.0648018926559633));
#5260=CARTESIAN_POINT('',(6.25447881548721E-5,-0.0991827032881152,0.0688018926559633));
#5261=CARTESIAN_POINT('',(6.25447881548721E-5,-0.0991827032881152,0.0648018926559633));
#5262=CARTESIAN_POINT('',(0.000258615228412768,-0.0990626969908411,0.0688018926559633));
#5263=CARTESIAN_POINT('',(0.000258615228412768,-0.0990626969908411,0.0648018926559633));
#5264=CARTESIAN_POINT('',(0.000526901031858636,-0.0988697292616891,0.0688018926559634));
#5265=CARTESIAN_POINT('',(0.000526901031858636,-0.0988697292616891,0.0648018926559634));
#5266=CARTESIAN_POINT('',(0.0007303224467496,-0.0986894296588073,0.0688018926559633));
#5267=CARTESIAN_POINT('',(0.0007303224467496,-0.0986894296588073,0.0648018926559633));
#5268=CARTESIAN_POINT('',(0.000863436154169228,-0.0985549197530253,0.0688018926559633));
#5269=CARTESIAN_POINT('',(0.000863436154169228,-0.0985549197530253,0.0648018926559633));
#5270=CARTESIAN_POINT('',(-0.000881057809513919,-0.0994235854411634,0.0648018926559633));
#5271=CARTESIAN_POINT('',(-0.000879866801454819,-0.100617767645772,0.0688018926559633));
#5272=CARTESIAN_POINT('',(-0.000879866801454819,-0.100617767645772,0.0648018926559634));
#5273=CARTESIAN_POINT('',(-0.000697704064450893,-0.100635293468713,0.0688018926559633));
#5274=CARTESIAN_POINT('',(-0.000697704064450893,-0.100635293468713,0.0648018926559634));
#5275=CARTESIAN_POINT('',(-0.000464882716721193,-0.10065784868119,0.0688018926559633));
#5276=CARTESIAN_POINT('',(-0.000464882716721193,-0.10065784868119,0.0648018926559633));
#5277=CARTESIAN_POINT('',(-0.000445580050161756,-0.100659946705173,0.0688018926559633));
#5278=CARTESIAN_POINT('',(-0.000445580050161756,-0.100659946705173,0.0648018926559634));
#5279=CARTESIAN_POINT('',(-0.00041322574145921,-0.100665547102311,0.0688018926559633));
#5280=CARTESIAN_POINT('',(-0.00041322574145921,-0.100665547102311,0.0648018926559633));
#5281=CARTESIAN_POINT('',(-0.000361345711207745,-0.100677790028453,0.0688018926559633));
#5282=CARTESIAN_POINT('',(-0.000361345711207745,-0.100677790028453,0.0648018926559634));
#5283=CARTESIAN_POINT('',(-0.000263363556660014,-0.100707620475118,0.0688018926559633));
#5284=CARTESIAN_POINT('',(-0.000263363556660014,-0.100707620475118,0.0648018926559633));
#5285=CARTESIAN_POINT('',(-0.000122120443419787,-0.100763051317123,0.0688018926559633));
#5286=CARTESIAN_POINT('',(-0.000122120443419787,-0.100763051317123,0.0648018926559633));
#5287=CARTESIAN_POINT('',(6.42143844971957E-5,-0.1008567671514,0.0688018926559633));
#5288=CARTESIAN_POINT('',(6.42143844971957E-5,-0.1008567671514,0.0648018926559633));
#5289=CARTESIAN_POINT('',(0.000260523806547249,-0.100976382115944,0.0688018926559633));
#5290=CARTESIAN_POINT('',(0.000260523806547249,-0.100976382115944,0.0648018926559634));
#5291=CARTESIAN_POINT('',(0.000529193981423928,-0.101168814322075,0.0688018926559633));
#5292=CARTESIAN_POINT('',(0.000529193981423928,-0.101168814322075,0.0648018926559633));
#5293=CARTESIAN_POINT('',(0.00073297462816926,-0.101348707809582,0.0688018926559633));
#5294=CARTESIAN_POINT('',(0.00073297462816926,-0.101348707809582,0.0648018926559633));
#5295=CARTESIAN_POINT('',(0.000866356372400998,-0.1014829519311,0.0688018926559633));
#5296=CARTESIAN_POINT('',(0.000866356372400998,-0.1014829519311,0.0648018926559633));
#5297=CARTESIAN_POINT('',(-0.000879866814186503,-0.100617767644547,0.0688018926559633));
#5298=CARTESIAN_POINT('',(-0.007,-0.100026779749528,0.0688018926559633));
#5299=CARTESIAN_POINT('',(-0.00125247050381912,-0.100195316661006,0.0688018926559633));
#5300=CARTESIAN_POINT('',(-0.00125281811154598,-0.0998467788022357,0.0688018926559633));
#5301=CARTESIAN_POINT('',(-0.000840758031745659,-0.0998338731371384,0.0668018926559633));
#5302=CARTESIAN_POINT('',(-0.000840385501322649,-0.10020740038039,0.0668018926559633));
#5303=CARTESIAN_POINT('',(-0.00365649823943447,-0.0948667125950677,0.0688018926559633));
#5304=CARTESIAN_POINT('',(-0.00365649823943447,-0.0948667125950677,0.0648018926559633));
#5305=CARTESIAN_POINT('',(-0.00355692994614626,-0.0947131659500564,0.0688018926559633));
#5306=CARTESIAN_POINT('',(-0.00355692994614626,-0.0947131659500564,0.0648018926559633));
#5307=CARTESIAN_POINT('',(-0.0034297939721064,-0.0945168219619298,0.0688018926559633));
#5308=CARTESIAN_POINT('',(-0.0034297939721064,-0.0945168219619298,0.0648018926559633));
#5309=CARTESIAN_POINT('',(-0.00341943198973298,-0.0945004017316563,0.0688018926559633));
#5310=CARTESIAN_POINT('',(-0.00341943198973298,-0.0945004017316563,0.0648018926559633));
#5311=CARTESIAN_POINT('',(-0.00340369542753698,-0.0944715828775852,0.0688018926559633));
#5312=CARTESIAN_POINT('',(-0.00340369542753698,-0.0944715828775852,0.0648018926559633));
#5313=CARTESIAN_POINT('',(-0.00338101684039117,-0.0944233427649766,0.0688018926559633));
#5314=CARTESIAN_POINT('',(-0.00338101684039117,-0.0944233427649766,0.0648018926559633));
#5315=CARTESIAN_POINT('',(-0.0033434383244371,-0.0943280631066191,0.0688018926559634));
#5316=CARTESIAN_POINT('',(-0.0033434383244371,-0.0943280631066191,0.0648018926559634));
#5317=CARTESIAN_POINT('',(-0.00329900155371516,-0.0941829853044201,0.0688018926559633));
#5318=CARTESIAN_POINT('',(-0.00329900155371516,-0.0941829853044201,0.0648018926559633));
#5319=CARTESIAN_POINT('',(-0.0032565009005574,-0.093978786822128,0.0688018926559633));
#5320=CARTESIAN_POINT('',(-0.0032565009005574,-0.093978786822128,0.0648018926559633));
#5321=CARTESIAN_POINT('',(-0.00322807768191385,-0.0937506700766439,0.0688018926559633));
#5322=CARTESIAN_POINT('',(-0.00322807768191385,-0.0937506700766439,0.0648018926559633));
#5323=CARTESIAN_POINT('',(-0.00321167246523352,-0.0934206023779963,0.0688018926559634));
#5324=CARTESIAN_POINT('',(-0.00321167246523352,-0.0934206023779963,0.0648018926559634));
#5325=CARTESIAN_POINT('',(-0.00322580519337835,-0.0931491461479511,0.0688018926559633));
#5326=CARTESIAN_POINT('',(-0.00322580519337835,-0.0931491461479511,0.0648018926559633));
#5327=CARTESIAN_POINT('',(-0.00324797423335911,-0.0929612081062377,0.0688018926559633));
#5328=CARTESIAN_POINT('',(-0.00324797423335911,-0.0929612081062377,0.0648018926559633));
#5329=CARTESIAN_POINT('',(-0.00365649824639349,-0.0948667126057994,0.0648018926559633));
#5330=CARTESIAN_POINT('',(-0.00272210642164896,-0.0956103418643374,0.0688018926559633));
#5331=CARTESIAN_POINT('',(-0.00272210642164896,-0.0956103418643374,0.0648018926559634));
#5332=CARTESIAN_POINT('',(-0.00259482757271625,-0.0954788484734886,0.0688018926559633));
#5333=CARTESIAN_POINT('',(-0.00259482757271625,-0.0954788484734886,0.0648018926559634));
#5334=CARTESIAN_POINT('',(-0.00243203146154359,-0.095310884359001,0.0688018926559633));
#5335=CARTESIAN_POINT('',(-0.00243203146154359,-0.095310884359001,0.0648018926559634));
#5336=CARTESIAN_POINT('',(-0.00241835614459414,-0.0952971010231467,0.0688018926559633));
#5337=CARTESIAN_POINT('',(-0.00241835614459414,-0.0952971010231467,0.0648018926559633));
#5338=CARTESIAN_POINT('',(-0.00239380499627546,-0.0952752971965112,0.0688018926559633));
#5339=CARTESIAN_POINT('',(-0.00239380499627546,-0.0952752971965112,0.0648018926559634));
#5340=CARTESIAN_POINT('',(-0.00235188642139779,-0.0952423690951439,0.0688018926559633));
#5341=CARTESIAN_POINT('',(-0.00235188642139779,-0.0952423690951439,0.0648018926559633));
#5342=CARTESIAN_POINT('',(-0.00226747316493436,-0.095184362541279,0.0688018926559633));
#5343=CARTESIAN_POINT('',(-0.00226747316493436,-0.095184362541279,0.0648018926559634));
#5344=CARTESIAN_POINT('',(-0.00213607194686793,-0.0951084947933639,0.0688018926559633));
#5345=CARTESIAN_POINT('',(-0.00213607194686793,-0.0951084947933639,0.0648018926559633));
#5346=CARTESIAN_POINT('',(-0.00194662409228635,-0.095021243225563,0.0688018926559633));
#5347=CARTESIAN_POINT('',(-0.00194662409228635,-0.095021243225563,0.0648018926559633));
#5348=CARTESIAN_POINT('',(-0.00173070842457512,-0.0949423410496417,0.0688018926559633));
#5349=CARTESIAN_POINT('',(-0.00173070842457512,-0.0949423410496417,0.0648018926559633));
#5350=CARTESIAN_POINT('',(-0.00141274575348164,-0.0948522657665951,0.0688018926559633));
#5351=CARTESIAN_POINT('',(-0.00141274575348164,-0.0948522657665951,0.0648018926559633));
#5352=CARTESIAN_POINT('',(-0.00114504420639578,-0.0948051053963327,0.0688018926559633));
#5353=CARTESIAN_POINT('',(-0.00114504420639578,-0.0948051053963327,0.0648018926559633));
#5354=CARTESIAN_POINT('',(-0.000956925768573771,-0.0947845231902326,0.0688018926559633));
#5355=CARTESIAN_POINT('',(-0.000956925768573771,-0.0947845231902326,0.0648018926559633));
#5356=CARTESIAN_POINT('',(-0.00272210643054472,-0.0956103418735277,0.0688018926559633));
#5357=CARTESIAN_POINT('',(-0.007,-0.100026779749528,0.0688018926559633));
#5358=CARTESIAN_POINT('',(-0.00328470650989755,-0.0956382612885431,0.0688018926559633));
#5359=CARTESIAN_POINT('',(-0.00355742111058867,-0.0954212232587028,0.0688018926559633));
#5360=CARTESIAN_POINT('',(-0.00331059590835528,-0.0950910151650723,0.0668018926559633));
#5361=CARTESIAN_POINT('',(-0.00301832828110179,-0.0953236143359434,0.0668018926559633));
#5362=CARTESIAN_POINT('',(-0.0017487397728788,-0.0968284109326938,0.0688018926559633));
#5363=CARTESIAN_POINT('',(-0.0017487397728788,-0.0968284109326938,0.0648018926559633));
#5364=CARTESIAN_POINT('',(-0.00159241044792948,-0.0967332712491572,0.0688018926559633));
#5365=CARTESIAN_POINT('',(-0.00159241044792948,-0.0967332712491572,0.0648018926559633));
#5366=CARTESIAN_POINT('',(-0.00139267442960743,-0.096611533660248,0.0688018926559633));
#5367=CARTESIAN_POINT('',(-0.00139267442960743,-0.096611533660248,0.0648018926559633));
#5368=CARTESIAN_POINT('',(-0.001376214135171,-0.0966012354396247,0.0688018926559633));
#5369=CARTESIAN_POINT('',(-0.001376214135171,-0.0966012354396247,0.0648018926559633));
#5370=CARTESIAN_POINT('',(-0.00134953195038319,-0.0965820983877445,0.0688018926559633));
#5371=CARTESIAN_POINT('',(-0.00134953195038319,-0.0965820983877445,0.0648018926559633));
#5372=CARTESIAN_POINT('',(-0.0013081686489627,-0.0965484754182887,0.0688018926559633));
#5373=CARTESIAN_POINT('',(-0.0013081686489627,-0.0965484754182887,0.0648018926559633));
#5374=CARTESIAN_POINT('',(-0.00123297128155606,-0.0964789361193767,0.0688018926559633));
#5375=CARTESIAN_POINT('',(-0.00123297128155606,-0.0964789361193767,0.0648018926559633));
#5376=CARTESIAN_POINT('',(-0.0011299882352645,-0.0963675059284071,0.0688018926559633));
#5377=CARTESIAN_POINT('',(-0.0011299882352645,-0.0963675059284071,0.0648018926559633));
#5378=CARTESIAN_POINT('',(-0.00100309806888473,-0.0962019697952958,0.0688018926559633));
#5379=CARTESIAN_POINT('',(-0.00100309806888473,-0.0962019697952958,0.0648018926559633));
#5380=CARTESIAN_POINT('',(-0.000878513487275354,-0.0960087760817503,0.0688018926559633));
#5381=CARTESIAN_POINT('',(-0.000878513487275354,-0.0960087760817503,0.0648018926559633));
#5382=CARTESIAN_POINT('',(-0.000720521890524061,-0.0957185133177229,0.0688018926559633));
#5383=CARTESIAN_POINT('',(-0.000720521890524061,-0.0957185133177229,0.0648018926559633));
#5384=CARTESIAN_POINT('',(-0.000615474594502138,-0.0954678077445225,0.0688018926559633));
#5385=CARTESIAN_POINT('',(-0.000615474594502138,-0.0954678077445225,0.0648018926559633));
#5386=CARTESIAN_POINT('',(-0.000553904949095227,-0.0952888626338849,0.0688018926559633));
#5387=CARTESIAN_POINT('',(-0.000553904949095227,-0.0952888626338849,0.0648018926559633));
#5388=CARTESIAN_POINT('',(-0.00174873978380492,-0.0968284109393433,0.0648018926559633));
#5389=CARTESIAN_POINT('',(-0.00122953048249919,-0.0979038151692683,0.0688018926559633));
#5390=CARTESIAN_POINT('',(-0.00122953048249919,-0.0979038151692683,0.0648018926559633));
#5391=CARTESIAN_POINT('',(-0.00105780335797764,-0.0978405679406641,0.0688018926559633));
#5392=CARTESIAN_POINT('',(-0.00105780335797764,-0.0978405679406641,0.0648018926559633));
#5393=CARTESIAN_POINT('',(-0.000838252231964039,-0.0977598720880153,0.0688018926559633));
#5394=CARTESIAN_POINT('',(-0.000838252231964039,-0.0977598720880153,0.0648018926559632));
#5395=CARTESIAN_POINT('',(-0.000819950831835936,-0.0977533872291666,0.0688018926559633));
#5396=CARTESIAN_POINT('',(-0.000819950831835936,-0.0977533872291666,0.0648018926559633));
#5397=CARTESIAN_POINT('',(-0.000788370685701887,-0.0977443950041988,0.0688018926559633));
#5398=CARTESIAN_POINT('',(-0.000788370685701887,-0.0977443950041988,0.0648018926559632));
#5399=CARTESIAN_POINT('',(-0.000736316387006987,-0.0977329155979943,0.0688018926559633));
#5400=CARTESIAN_POINT('',(-0.000736316387006987,-0.0977329155979943,0.0648018926559633));
#5401=CARTESIAN_POINT('',(-0.000635094570410949,-0.0977172790381732,0.0688018926559633));
#5402=CARTESIAN_POINT('',(-0.000635094570410949,-0.0977172790381732,0.0648018926559632));
#5403=CARTESIAN_POINT('',(-0.000483788381584776,-0.097705937411043,0.0688018926559633));
#5404=CARTESIAN_POINT('',(-0.000483788381584776,-0.097705937411043,0.0648018926559632));
#5405=CARTESIAN_POINT('',(-0.000275244726034606,-0.0977095248082925,0.0688018926559633));
#5406=CARTESIAN_POINT('',(-0.000275244726034606,-0.0977095248082925,0.0648018926559632));
#5407=CARTESIAN_POINT('',(-4.64770602211316E-5,-0.0977321187014182,0.0688018926559633));
#5408=CARTESIAN_POINT('',(-4.64770602211316E-5,-0.0977321187014182,0.0648018926559633));
#5409=CARTESIAN_POINT('',(0.000279079608199529,-0.0977889225082594,0.0688018926559633));
#5410=CARTESIAN_POINT('',(0.000279079608199529,-0.0977889225082594,0.0648018926559632));
#5411=CARTESIAN_POINT('',(0.000540732485800583,-0.0978625838310725,0.0688018926559633));
#5412=CARTESIAN_POINT('',(0.000540732485800583,-0.0978625838310725,0.0648018926559632));
#5413=CARTESIAN_POINT('',(0.000719151626298861,-0.0979256614353417,0.0688018926559633));
#5414=CARTESIAN_POINT('',(0.000719151626298861,-0.0979256614353417,0.0648018926559632));
#5415=CARTESIAN_POINT('',(-0.00122953049450153,-0.0979038151736888,0.0688018926559633));
#5416=CARTESIAN_POINT('',(-0.007,-0.100026779749528,0.0688018926559633));
#5417=CARTESIAN_POINT('',(-0.00174852943125875,-0.0976848666713703,0.0688018926559633));
#5418=CARTESIAN_POINT('',(-0.00190006752438605,-0.0973709957326735,0.0688018926559633));
#5419=CARTESIAN_POINT('',(-0.00153441377900879,-0.0971805819620365,0.0668018926559633));
#5420=CARTESIAN_POINT('',(-0.00137201074373086,-0.097516956744627,0.0668018926559633));
#5421=CARTESIAN_POINT('',(-0.007,-0.100026779749528,0.0648018926559633));
#5422=MECHANICAL_DESIGN_GEOMETRIC_PRESENTATION_REPRESENTATION('',(#1969),
#5423);
#5423=(
GEOMETRIC_REPRESENTATION_CONTEXT(3)
GLOBAL_UNCERTAINTY_ASSIGNED_CONTEXT((#5424))
GLOBAL_UNIT_ASSIGNED_CONTEXT((#5427,#5426,#5425))
REPRESENTATION_CONTEXT('Driven Claw','TOP_LEVEL_ASSEMBLY_PART')
);
#5424=UNCERTAINTY_MEASURE_WITH_UNIT(LENGTH_MEASURE(2.E-5),#5427,
'DISTANCE_ACCURACY_VALUE','Maximum Tolerance applied to model');
#5425=(
NAMED_UNIT(*)
SI_UNIT($,.STERADIAN.)
SOLID_ANGLE_UNIT()
);
#5426=(
NAMED_UNIT(*)
PLANE_ANGLE_UNIT()
SI_UNIT($,.RADIAN.)
);
#5427=(
LENGTH_UNIT()
NAMED_UNIT(*)
SI_UNIT($,.METRE.)
);
#5428=PRODUCT_DEFINITION_SHAPE('','',#5429);
#5429=PRODUCT_DEFINITION('','',#5431,#5430);
#5430=PRODUCT_DEFINITION_CONTEXT('',#5437,'design');
#5431=PRODUCT_DEFINITION_FORMATION_WITH_SPECIFIED_SOURCE('','',#5433,
 .NOT_KNOWN.);
#5432=PRODUCT_RELATED_PRODUCT_CATEGORY('','',(#5433));
#5433=PRODUCT('Driven Claw','Driven Claw','Driven Claw',(#5435));
#5434=PRODUCT_CATEGORY('','');
#5435=PRODUCT_CONTEXT('',#5437,'mechanical');
#5436=APPLICATION_PROTOCOL_DEFINITION('international standard',
'ap242_managed_model_based_3d_engineering',2020,#5437);
#5437=APPLICATION_CONTEXT('managed model based 3d engineering');
ENDSEC;
END-ISO-10303-21;
