ISO-10303-21;
HEADER;
/* Generated by software containing ST-Developer
 * from STEP Tools, Inc. (www.steptools.com) 
 */
/* OPTION: using custom renumber hook */

FILE_DESCRIPTION(
/* description */ ('STEP AP242 Edition 2',
'CAx-IF Rec.Pracs.---Representation and Presentation of Product Manufa
cturing Information (PMI)---4.0---2014-10-13',
'CAx-IF Rec.Pracs.---3D Tessellated Geometry---0.4---2014-09-14','2;1',
'CAx-IF Rec.Pracs.---User Defined Attributes---1.5---2016-08-15'),
/* implementation_level */ '2;1');

FILE_NAME(
/* name */ 'LimeArm MKI - Driving Claw',
/* time_stamp */ '2026-05-27T02:34:59Z',
/* author */ (''),
/* organization */ (''),
/* preprocessor_version */ 'ST-DEVELOPER v20',
/* originating_system */ 'ONSHAPE BY PTC INC, 1.215',
/* authorisation */ '  ');

FILE_SCHEMA (('AP242_MANAGED_MODEL_BASED_3D_ENGINEERING_MIM_LF { 1 0 10303 442 3 1 4 }'));
ENDSEC;

DATA;
#10=SHAPE_REPRESENTATION_RELATIONSHIP('','',#2190,#11);
#11=ADVANCED_BREP_SHAPE_REPRESENTATION('',(#2188),#5935);
#12=CYLINDRICAL_SURFACE('',#2248,0.008);
#13=CYLINDRICAL_SURFACE('',#2250,0.008);
#14=CYLINDRICAL_SURFACE('',#2252,0.008);
#15=CYLINDRICAL_SURFACE('',#2254,0.008);
#16=CYLINDRICAL_SURFACE('',#2256,0.008);
#17=CYLINDRICAL_SURFACE('',#2258,0.008);
#18=CYLINDRICAL_SURFACE('',#2260,0.008);
#19=CYLINDRICAL_SURFACE('',#2262,0.008);
#20=CYLINDRICAL_SURFACE('',#2264,0.008);
#21=CYLINDRICAL_SURFACE('',#2266,0.008);
#22=CYLINDRICAL_SURFACE('',#2268,0.008);
#23=CYLINDRICAL_SURFACE('',#2270,0.008);
#24=CYLINDRICAL_SURFACE('',#2308,0.00575);
#25=CYLINDRICAL_SURFACE('',#2309,0.000412262132091495);
#26=CYLINDRICAL_SURFACE('',#2310,0.000412262132091495);
#27=CYLINDRICAL_SURFACE('',#2311,0.00575);
#28=CYLINDRICAL_SURFACE('',#2312,0.000412262132091495);
#29=CYLINDRICAL_SURFACE('',#2313,0.000412262132091495);
#30=CYLINDRICAL_SURFACE('',#2314,0.00575);
#31=CYLINDRICAL_SURFACE('',#2315,0.000412262132091495);
#32=CYLINDRICAL_SURFACE('',#2316,0.000412262132091495);
#33=CYLINDRICAL_SURFACE('',#2317,0.00575);
#34=CYLINDRICAL_SURFACE('',#2318,0.000412262132091495);
#35=CYLINDRICAL_SURFACE('',#2319,0.000412262132091495);
#36=CYLINDRICAL_SURFACE('',#2320,0.00575);
#37=CYLINDRICAL_SURFACE('',#2321,0.000412262132091495);
#38=CYLINDRICAL_SURFACE('',#2322,0.000412262132091495);
#39=CYLINDRICAL_SURFACE('',#2323,0.00575);
#40=CYLINDRICAL_SURFACE('',#2324,0.000412262132091495);
#41=CYLINDRICAL_SURFACE('',#2325,0.000412262132091495);
#42=CYLINDRICAL_SURFACE('',#2326,0.00575);
#43=CYLINDRICAL_SURFACE('',#2327,0.000412262132091495);
#44=CYLINDRICAL_SURFACE('',#2328,0.000412262132091495);
#45=CYLINDRICAL_SURFACE('',#2329,0.00575);
#46=CYLINDRICAL_SURFACE('',#2330,0.000412262132091495);
#47=CYLINDRICAL_SURFACE('',#2331,0.000412262132091495);
#48=CYLINDRICAL_SURFACE('',#2332,0.00575);
#49=CYLINDRICAL_SURFACE('',#2333,0.000412262132091495);
#50=CYLINDRICAL_SURFACE('',#2334,0.000412262132091495);
#51=CYLINDRICAL_SURFACE('',#2335,0.00575);
#52=CYLINDRICAL_SURFACE('',#2336,0.000412262132091495);
#53=CYLINDRICAL_SURFACE('',#2337,0.000412262132091495);
#54=CYLINDRICAL_SURFACE('',#2338,0.00575);
#55=CYLINDRICAL_SURFACE('',#2339,0.000412262132091495);
#56=CYLINDRICAL_SURFACE('',#2340,0.000412262132091495);
#57=CYLINDRICAL_SURFACE('',#2375,0.00385);
#58=CYLINDRICAL_SURFACE('',#2377,0.0024);
#59=CYLINDRICAL_SURFACE('',#2378,0.0005);
#60=CYLINDRICAL_SURFACE('',#2379,0.0005);
#61=CYLINDRICAL_SURFACE('',#2380,0.0005);
#62=B_SPLINE_SURFACE_WITH_KNOTS('',3,1,((#4054,#4055),(#4056,#4057),(#4058,
#4059),(#4060,#4061)),.SURF_OF_LINEAR_EXTRUSION.,.F.,.F.,.F.,(4,4),(2,2),
(0.621359462423033,0.985181975561317),(0.,1.),.PIECEWISE_BEZIER_KNOTS.);
#63=B_SPLINE_SURFACE_WITH_KNOTS('',3,1,((#5200,#5201),(#5202,#5203),(#5204,
#5205),(#5206,#5207),(#5208,#5209),(#5210,#5211),(#5212,#5213),(#5214,#5215),
(#5216,#5217),(#5218,#5219),(#5220,#5221),(#5222,#5223),(#5224,#5225)),
 .SURF_OF_LINEAR_EXTRUSION.,.F.,.F.,.F.,(4,1,1,1,1,1,1,1,1,1,4),(2,2),(0.0396366370196656,
0.0987332206785188,0.128281512507945,0.157829804337372,0.216926387996225,
0.276022971655078,0.394216138972785,0.512409306290491,0.630602473608198,
0.748795640925904,0.985181975561317),(0.,1.),.UNSPECIFIED.);
#64=B_SPLINE_SURFACE_WITH_KNOTS('',3,1,((#5227,#5228),(#5229,#5230),(#5231,
#5232),(#5233,#5234),(#5235,#5236),(#5237,#5238),(#5239,#5240),(#5241,#5242),
(#5243,#5244),(#5245,#5246),(#5247,#5248),(#5249,#5250),(#5251,#5252)),
 .SURF_OF_LINEAR_EXTRUSION.,.F.,.F.,.F.,(4,1,1,1,1,1,1,1,1,1,4),(2,2),(0.039636637019655,
0.0987332206785089,0.128281512507936,0.157829804337363,0.216926387996217,
0.276022971655071,0.394216138972778,0.512409306290486,0.630602473608194,
0.748795640925902,0.985181975561317),(0.,1.),.UNSPECIFIED.);
#65=B_SPLINE_SURFACE_WITH_KNOTS('',3,1,((#5259,#5260),(#5261,#5262),(#5263,
#5264),(#5265,#5266),(#5267,#5268),(#5269,#5270),(#5271,#5272),(#5273,#5274),
(#5275,#5276),(#5277,#5278),(#5279,#5280),(#5281,#5282),(#5283,#5284)),
 .SURF_OF_LINEAR_EXTRUSION.,.F.,.F.,.F.,(4,1,1,1,1,1,1,1,1,1,4),(2,2),(0.0396366370196706,
0.0987332206785235,0.12828151250795,0.157829804337376,0.216926387996229,
0.276022971655082,0.394216138972788,0.512409306290494,0.6306024736082,0.748795640925905,
0.985181975561317),(0.,1.),.UNSPECIFIED.);
#66=B_SPLINE_SURFACE_WITH_KNOTS('',3,1,((#5286,#5287),(#5288,#5289),(#5290,
#5291),(#5292,#5293),(#5294,#5295),(#5296,#5297),(#5298,#5299),(#5300,#5301),
(#5302,#5303),(#5304,#5305),(#5306,#5307),(#5308,#5309),(#5310,#5311)),
 .SURF_OF_LINEAR_EXTRUSION.,.F.,.F.,.F.,(4,1,1,1,1,1,1,1,1,1,4),(2,2),(0.0396366370196555,
0.0987332206785094,0.128281512507936,0.157829804337363,0.216926387996217,
0.276022971655071,0.394216138972779,0.512409306290486,0.630602473608194,
0.748795640925902,0.985181975561317),(0.,1.),.UNSPECIFIED.);
#67=B_SPLINE_SURFACE_WITH_KNOTS('',3,1,((#5318,#5319),(#5320,#5321),(#5322,
#5323),(#5324,#5325),(#5326,#5327),(#5328,#5329),(#5330,#5331),(#5332,#5333),
(#5334,#5335),(#5336,#5337),(#5338,#5339),(#5340,#5341),(#5342,#5343)),
 .SURF_OF_LINEAR_EXTRUSION.,.F.,.F.,.F.,(4,1,1,1,1,1,1,1,1,1,4),(2,2),(0.0396366370196716,
0.0987332206785244,0.128281512507951,0.157829804337377,0.21692638799623,
0.276022971655083,0.394216138972789,0.512409306290494,0.6306024736082,0.748795640925906,
0.985181975561317),(0.,1.),.UNSPECIFIED.);
#68=B_SPLINE_SURFACE_WITH_KNOTS('',3,1,((#5345,#5346),(#5347,#5348),(#5349,
#5350),(#5351,#5352),(#5353,#5354),(#5355,#5356),(#5357,#5358),(#5359,#5360),
(#5361,#5362),(#5363,#5364),(#5365,#5366),(#5367,#5368),(#5369,#5370)),
 .SURF_OF_LINEAR_EXTRUSION.,.F.,.F.,.F.,(4,1,1,1,1,1,1,1,1,1,4),(2,2),(0.0396366370196558,
0.0987332206785096,0.128281512507937,0.157829804337363,0.216926387996217,
0.276022971655071,0.394216138972779,0.512409306290486,0.630602473608194,
0.748795640925902,0.985181975561317),(0.,1.),.UNSPECIFIED.);
#69=B_SPLINE_SURFACE_WITH_KNOTS('',3,1,((#5377,#5378),(#5379,#5380),(#5381,
#5382),(#5383,#5384),(#5385,#5386),(#5387,#5388),(#5389,#5390),(#5391,#5392),
(#5393,#5394),(#5395,#5396),(#5397,#5398),(#5399,#5400),(#5401,#5402)),
 .SURF_OF_LINEAR_EXTRUSION.,.F.,.F.,.F.,(4,1,1,1,1,1,1,1,1,1,4),(2,2),(0.0396366370196733,
0.0987332206785261,0.128281512507952,0.157829804337379,0.216926387996232,
0.276022971655084,0.39421613897279,0.512409306290495,0.630602473608201,
0.748795640925906,0.985181975561317),(0.,1.),.UNSPECIFIED.);
#70=B_SPLINE_SURFACE_WITH_KNOTS('',3,1,((#5404,#5405),(#5406,#5407),(#5408,
#5409),(#5410,#5411),(#5412,#5413),(#5414,#5415),(#5416,#5417),(#5418,#5419),
(#5420,#5421),(#5422,#5423),(#5424,#5425),(#5426,#5427),(#5428,#5429)),
 .SURF_OF_LINEAR_EXTRUSION.,.F.,.F.,.F.,(4,1,1,1,1,1,1,1,1,1,4),(2,2),(0.0396366370196563,
0.0987332206785101,0.128281512507937,0.157829804337364,0.216926387996218,
0.276022971655071,0.394216138972779,0.512409306290487,0.630602473608194,
0.748795640925902,0.985181975561317),(0.,1.),.UNSPECIFIED.);
#71=B_SPLINE_SURFACE_WITH_KNOTS('',3,1,((#5436,#5437),(#5438,#5439),(#5440,
#5441),(#5442,#5443),(#5444,#5445),(#5446,#5447),(#5448,#5449),(#5450,#5451),
(#5452,#5453),(#5454,#5455),(#5456,#5457),(#5458,#5459),(#5460,#5461)),
 .SURF_OF_LINEAR_EXTRUSION.,.F.,.F.,.F.,(4,1,1,1,1,1,1,1,1,1,4),(2,2),(0.0396366370196705,
0.0987332206785234,0.12828151250795,0.157829804337376,0.216926387996229,
0.276022971655082,0.394216138972788,0.512409306290494,0.6306024736082,0.748795640925905,
0.985181975561317),(0.,1.),.UNSPECIFIED.);
#72=B_SPLINE_SURFACE_WITH_KNOTS('',3,1,((#5463,#5464),(#5465,#5466),(#5467,
#5468),(#5469,#5470),(#5471,#5472),(#5473,#5474),(#5475,#5476),(#5477,#5478),
(#5479,#5480),(#5481,#5482),(#5483,#5484),(#5485,#5486),(#5487,#5488)),
 .SURF_OF_LINEAR_EXTRUSION.,.F.,.F.,.F.,(4,1,1,1,1,1,1,1,1,1,4),(2,2),(0.0396366370196599,
0.0987332206785135,0.12828151250794,0.157829804337367,0.216926387996221,
0.276022971655074,0.394216138972781,0.512409306290489,0.630602473608196,
0.748795640925903,0.985181975561317),(0.,1.),.UNSPECIFIED.);
#73=B_SPLINE_SURFACE_WITH_KNOTS('',3,1,((#5495,#5496),(#5497,#5498),(#5499,
#5500),(#5501,#5502),(#5503,#5504),(#5505,#5506),(#5507,#5508),(#5509,#5510),
(#5511,#5512),(#5513,#5514),(#5515,#5516),(#5517,#5518),(#5519,#5520)),
 .SURF_OF_LINEAR_EXTRUSION.,.F.,.F.,.F.,(4,1,1,1,1,1,1,1,1,1,4),(2,2),(0.0396366370196753,
0.0987332206785279,0.128281512507954,0.157829804337381,0.216926387996233,
0.276022971655086,0.394216138972791,0.512409306290496,0.630602473608201,
0.748795640925907,0.985181975561317),(0.,1.),.UNSPECIFIED.);
#74=B_SPLINE_SURFACE_WITH_KNOTS('',3,1,((#5522,#5523),(#5524,#5525),(#5526,
#5527),(#5528,#5529),(#5530,#5531),(#5532,#5533),(#5534,#5535),(#5536,#5537),
(#5538,#5539),(#5540,#5541),(#5542,#5543),(#5544,#5545),(#5546,#5547)),
 .SURF_OF_LINEAR_EXTRUSION.,.F.,.F.,.F.,(4,1,1,1,1,1,1,1,1,1,4),(2,2),(0.039636637019657,
0.0987332206785107,0.128281512507938,0.157829804337364,0.216926387996218,
0.276022971655072,0.394216138972779,0.512409306290487,0.630602473608195,
0.748795640925902,0.985181975561317),(0.,1.),.UNSPECIFIED.);
#75=B_SPLINE_SURFACE_WITH_KNOTS('',3,1,((#5554,#5555),(#5556,#5557),(#5558,
#5559),(#5560,#5561),(#5562,#5563),(#5564,#5565),(#5566,#5567),(#5568,#5569),
(#5570,#5571),(#5572,#5573),(#5574,#5575),(#5576,#5577),(#5578,#5579)),
 .SURF_OF_LINEAR_EXTRUSION.,.F.,.F.,.F.,(4,1,1,1,1,1,1,1,1,1,4),(2,2),(0.039636637019667,
0.0987332206785201,0.128281512507947,0.157829804337373,0.216926387996226,
0.276022971655079,0.394216138972786,0.512409306290492,0.630602473608198,
0.748795640925904,0.985181975561317),(0.,1.),.UNSPECIFIED.);
#76=B_SPLINE_SURFACE_WITH_KNOTS('',3,1,((#5581,#5582),(#5583,#5584),(#5585,
#5586),(#5587,#5588),(#5589,#5590),(#5591,#5592),(#5593,#5594),(#5595,#5596),
(#5597,#5598),(#5599,#5600),(#5601,#5602),(#5603,#5604),(#5605,#5606)),
 .SURF_OF_LINEAR_EXTRUSION.,.F.,.F.,.F.,(4,1,1,1,1,1,1,1,1,1,4),(2,2),(0.039636637019663,
0.0987332206785164,0.128281512507943,0.15782980433737,0.216926387996223,
0.276022971655076,0.394216138972783,0.51240930629049,0.630602473608197,
0.748795640925904,0.985181975561317),(0.,1.),.UNSPECIFIED.);
#77=B_SPLINE_SURFACE_WITH_KNOTS('',3,1,((#5613,#5614),(#5615,#5616),(#5617,
#5618),(#5619,#5620)),.SURF_OF_LINEAR_EXTRUSION.,.F.,.F.,.F.,(4,4),(2,2),
(0.621359462422971,0.985181975561317),(0.,1.),.PIECEWISE_BEZIER_KNOTS.);
#78=B_SPLINE_SURFACE_WITH_KNOTS('',3,1,((#5622,#5623),(#5624,#5625),(#5626,
#5627),(#5628,#5629),(#5630,#5631),(#5632,#5633),(#5634,#5635),(#5636,#5637),
(#5638,#5639),(#5640,#5641),(#5642,#5643),(#5644,#5645),(#5646,#5647)),
 .SURF_OF_LINEAR_EXTRUSION.,.F.,.F.,.F.,(4,1,1,1,1,1,1,1,1,1,4),(2,2),(0.0396366370196727,
0.0987332206785255,0.128281512507952,0.157829804337378,0.216926387996231,
0.276022971655084,0.394216138972789,0.512409306290495,0.6306024736082,0.748795640925906,
0.985181975561317),(0.,1.),.UNSPECIFIED.);
#79=B_SPLINE_SURFACE_WITH_KNOTS('',3,1,((#5649,#5650),(#5651,#5652),(#5653,
#5654),(#5655,#5656),(#5657,#5658),(#5659,#5660),(#5661,#5662),(#5663,#5664),
(#5665,#5666),(#5667,#5668),(#5669,#5670),(#5671,#5672),(#5673,#5674)),
 .SURF_OF_LINEAR_EXTRUSION.,.F.,.F.,.F.,(4,1,1,1,1,1,1,1,1,1,4),(2,2),(0.0396366370196591,
0.0987332206785127,0.12828151250794,0.157829804337366,0.21692638799622,
0.276022971655074,0.394216138972781,0.512409306290488,0.630602473608195,
0.748795640925903,0.985181975561317),(0.,1.),.UNSPECIFIED.);
#80=B_SPLINE_SURFACE_WITH_KNOTS('',3,1,((#5681,#5682),(#5683,#5684),(#5685,
#5686),(#5687,#5688),(#5689,#5690),(#5691,#5692),(#5693,#5694),(#5695,#5696),
(#5697,#5698),(#5699,#5700),(#5701,#5702),(#5703,#5704),(#5705,#5706)),
 .SURF_OF_LINEAR_EXTRUSION.,.F.,.F.,.F.,(4,1,1,1,1,1,1,1,1,1,4),(2,2),(0.0396366370196729,
0.0987332206785257,0.128281512507952,0.157829804337378,0.216926387996231,
0.276022971655084,0.394216138972789,0.512409306290495,0.630602473608201,
0.748795640925906,0.985181975561317),(0.,1.),.UNSPECIFIED.);
#81=B_SPLINE_SURFACE_WITH_KNOTS('',3,1,((#5708,#5709),(#5710,#5711),(#5712,
#5713),(#5714,#5715),(#5716,#5717),(#5718,#5719),(#5720,#5721),(#5722,#5723),
(#5724,#5725),(#5726,#5727),(#5728,#5729),(#5730,#5731),(#5732,#5733)),
 .SURF_OF_LINEAR_EXTRUSION.,.F.,.F.,.F.,(4,1,1,1,1,1,1,1,1,1,4),(2,2),(0.0396366370196583,
0.098733220678512,0.128281512507939,0.157829804337366,0.216926387996219,
0.276022971655073,0.39421613897278,0.512409306290488,0.630602473608195,
0.748795640925902,0.985181975561317),(0.,1.),.UNSPECIFIED.);
#82=B_SPLINE_SURFACE_WITH_KNOTS('',3,1,((#5740,#5741),(#5742,#5743),(#5744,
#5745),(#5746,#5747),(#5748,#5749),(#5750,#5751),(#5752,#5753),(#5754,#5755),
(#5756,#5757),(#5758,#5759),(#5760,#5761),(#5762,#5763),(#5764,#5765)),
 .SURF_OF_LINEAR_EXTRUSION.,.F.,.F.,.F.,(4,1,1,1,1,1,1,1,1,1,4),(2,2),(0.0396366370196684,
0.0987332206785214,0.128281512507948,0.157829804337374,0.216926387996228,
0.276022971655081,0.394216138972787,0.512409306290493,0.630602473608199,
0.748795640925905,0.985181975561317),(0.,1.),.UNSPECIFIED.);
#83=B_SPLINE_SURFACE_WITH_KNOTS('',3,1,((#5767,#5768),(#5769,#5770),(#5771,
#5772),(#5773,#5774),(#5775,#5776),(#5777,#5778),(#5779,#5780),(#5781,#5782),
(#5783,#5784),(#5785,#5786),(#5787,#5788),(#5789,#5790),(#5791,#5792)),
 .SURF_OF_LINEAR_EXTRUSION.,.F.,.F.,.F.,(4,1,1,1,1,1,1,1,1,1,4),(2,2),(0.0396366370196624,
0.0987332206785159,0.128281512507943,0.157829804337369,0.216926387996223,
0.276022971655076,0.394216138972783,0.51240930629049,0.630602473608197,
0.748795640925903,0.985181975561317),(0.,1.),.UNSPECIFIED.);
#84=B_SPLINE_SURFACE_WITH_KNOTS('',3,1,((#5799,#5800),(#5801,#5802),(#5803,
#5804),(#5805,#5806),(#5807,#5808),(#5809,#5810),(#5811,#5812),(#5813,#5814),
(#5815,#5816),(#5817,#5818),(#5819,#5820),(#5821,#5822),(#5823,#5824)),
 .SURF_OF_LINEAR_EXTRUSION.,.F.,.F.,.F.,(4,1,1,1,1,1,1,1,1,1,4),(2,2),(0.0396366370196748,
0.0987332206785274,0.128281512507954,0.15782980433738,0.216926387996233,
0.276022971655085,0.394216138972791,0.512409306290496,0.630602473608201,
0.748795640925906,0.985181975561317),(0.,1.),.UNSPECIFIED.);
#85=B_SPLINE_SURFACE_WITH_KNOTS('',3,1,((#5826,#5827),(#5828,#5829),(#5830,
#5831),(#5832,#5833),(#5834,#5835),(#5836,#5837),(#5838,#5839),(#5840,#5841),
(#5842,#5843),(#5844,#5845),(#5846,#5847),(#5848,#5849),(#5850,#5851)),
 .SURF_OF_LINEAR_EXTRUSION.,.F.,.F.,.F.,(4,1,1,1,1,1,1,1,1,1,4),(2,2),(0.0396366370196594,
0.098733220678513,0.12828151250794,0.157829804337367,0.21692638799622,0.276022971655074,
0.394216138972781,0.512409306290488,0.630602473608195,0.748795640925903,
0.985181975561317),(0.,1.),.UNSPECIFIED.);
#86=CIRCLE('',#2193,0.008);
#87=CIRCLE('',#2194,0.000412262132091495);
#88=CIRCLE('',#2195,0.00575);
#89=CIRCLE('',#2196,0.000412262132091495);
#90=CIRCLE('',#2197,0.008);
#91=CIRCLE('',#2198,0.000412262132091495);
#92=CIRCLE('',#2199,0.00575);
#93=CIRCLE('',#2200,0.000412262132091495);
#94=CIRCLE('',#2201,0.008);
#95=CIRCLE('',#2202,0.000412262132091495);
#96=CIRCLE('',#2203,0.00575);
#97=CIRCLE('',#2204,0.000412262132091495);
#98=CIRCLE('',#2205,0.008);
#99=CIRCLE('',#2206,0.000412262132091495);
#100=CIRCLE('',#2207,0.00575);
#101=CIRCLE('',#2208,0.000412262132091495);
#102=CIRCLE('',#2209,0.008);
#103=CIRCLE('',#2210,0.000412262132091495);
#104=CIRCLE('',#2211,0.00575);
#105=CIRCLE('',#2212,0.000412262132091495);
#106=CIRCLE('',#2213,0.008);
#107=CIRCLE('',#2214,0.000412262132091495);
#108=CIRCLE('',#2215,0.00575);
#109=CIRCLE('',#2216,0.000412262132091495);
#110=CIRCLE('',#2217,0.008);
#111=CIRCLE('',#2218,0.000412262132091495);
#112=CIRCLE('',#2219,0.00575);
#113=CIRCLE('',#2220,0.000412262132091495);
#114=CIRCLE('',#2221,0.008);
#115=CIRCLE('',#2222,0.000412262132091495);
#116=CIRCLE('',#2223,0.00575);
#117=CIRCLE('',#2224,0.000412262132091495);
#118=CIRCLE('',#2225,0.008);
#119=CIRCLE('',#2226,0.000412262132091495);
#120=CIRCLE('',#2227,0.00575);
#121=CIRCLE('',#2228,0.000412262132091495);
#122=CIRCLE('',#2229,0.008);
#123=CIRCLE('',#2230,0.000412262132091495);
#124=CIRCLE('',#2231,0.00575);
#125=CIRCLE('',#2232,0.000412262132091495);
#126=CIRCLE('',#2233,0.008);
#127=CIRCLE('',#2234,0.000412262132091495);
#128=CIRCLE('',#2235,0.00575);
#129=CIRCLE('',#2236,0.000412262132091495);
#130=CIRCLE('',#2237,0.008);
#131=CIRCLE('',#2238,0.0005);
#132=CIRCLE('',#2239,0.0005);
#133=CIRCLE('',#2240,0.0005);
#134=CIRCLE('',#2241,0.00385);
#135=CIRCLE('',#2243,0.0005);
#136=CIRCLE('',#2244,0.0005);
#137=CIRCLE('',#2245,0.0005);
#138=CIRCLE('',#2246,0.00385);
#139=CIRCLE('',#2247,0.0024);
#140=CIRCLE('',#2249,0.008);
#141=CIRCLE('',#2251,0.008);
#142=CIRCLE('',#2253,0.008);
#143=CIRCLE('',#2255,0.008);
#144=CIRCLE('',#2257,0.008);
#145=CIRCLE('',#2259,0.008);
#146=CIRCLE('',#2261,0.008);
#147=CIRCLE('',#2263,0.008);
#148=CIRCLE('',#2265,0.008);
#149=CIRCLE('',#2267,0.008);
#150=CIRCLE('',#2269,0.008);
#151=CIRCLE('',#2271,0.008);
#152=CIRCLE('',#2273,0.00385);
#153=CIRCLE('',#2274,0.0024);
#154=CIRCLE('',#2275,0.000412262132091495);
#155=CIRCLE('',#2276,0.00575);
#156=CIRCLE('',#2277,0.000412262132091495);
#157=CIRCLE('',#2278,0.000412262132091495);
#158=CIRCLE('',#2279,0.00575);
#159=CIRCLE('',#2280,0.000412262132091495);
#160=CIRCLE('',#2281,0.000412262132091495);
#161=CIRCLE('',#2282,0.00575);
#162=CIRCLE('',#2283,0.000412262132091495);
#163=CIRCLE('',#2284,0.000412262132091495);
#164=CIRCLE('',#2285,0.00575);
#165=CIRCLE('',#2286,0.000412262132091495);
#166=CIRCLE('',#2287,0.000412262132091495);
#167=CIRCLE('',#2288,0.00575);
#168=CIRCLE('',#2289,0.000412262132091495);
#169=CIRCLE('',#2290,0.000412262132091495);
#170=CIRCLE('',#2291,0.00575);
#171=CIRCLE('',#2292,0.000412262132091495);
#172=CIRCLE('',#2293,0.000412262132091495);
#173=CIRCLE('',#2294,0.00575);
#174=CIRCLE('',#2295,0.000412262132091495);
#175=CIRCLE('',#2296,0.000412262132091495);
#176=CIRCLE('',#2297,0.00575);
#177=CIRCLE('',#2298,0.000412262132091495);
#178=CIRCLE('',#2299,0.000412262132091495);
#179=CIRCLE('',#2300,0.00575);
#180=CIRCLE('',#2301,0.000412262132091495);
#181=CIRCLE('',#2302,0.000412262132091495);
#182=CIRCLE('',#2303,0.00575);
#183=CIRCLE('',#2304,0.000412262132091495);
#184=CIRCLE('',#2305,0.000412262132091495);
#185=CIRCLE('',#2306,0.00575);
#186=CIRCLE('',#2307,0.000412262132091495);
#187=LINE('',#2979,#363);
#188=LINE('',#2981,#364);
#189=LINE('',#2983,#365);
#190=LINE('',#2985,#366);
#191=LINE('',#2987,#367);
#192=LINE('',#2989,#368);
#193=LINE('',#2991,#369);
#194=LINE('',#2993,#370);
#195=LINE('',#2995,#371);
#196=LINE('',#2997,#372);
#197=LINE('',#2999,#373);
#198=LINE('',#3001,#374);
#199=LINE('',#3003,#375);
#200=LINE('',#3005,#376);
#201=LINE('',#3007,#377);
#202=LINE('',#3009,#378);
#203=LINE('',#3011,#379);
#204=LINE('',#3013,#380);
#205=LINE('',#3015,#381);
#206=LINE('',#3017,#382);
#207=LINE('',#3019,#383);
#208=LINE('',#3021,#384);
#209=LINE('',#3023,#385);
#210=LINE('',#3025,#386);
#211=LINE('',#3027,#387);
#212=LINE('',#3029,#388);
#213=LINE('',#3031,#389);
#214=LINE('',#3033,#390);
#215=LINE('',#3035,#391);
#216=LINE('',#3037,#392);
#217=LINE('',#3039,#393);
#218=LINE('',#3041,#394);
#219=LINE('',#3043,#395);
#220=LINE('',#4049,#396);
#221=LINE('',#4053,#397);
#222=LINE('',#4102,#398);
#223=LINE('',#4103,#399);
#224=LINE('',#4105,#400);
#225=LINE('',#4109,#401);
#226=LINE('',#4111,#402);
#227=LINE('',#4115,#403);
#228=LINE('',#4117,#404);
#229=LINE('',#4119,#405);
#230=LINE('',#4123,#406);
#231=LINE('',#4125,#407);
#232=LINE('',#4129,#408);
#233=LINE('',#4133,#409);
#234=LINE('',#4135,#410);
#235=LINE('',#4137,#411);
#236=LINE('',#4141,#412);
#237=LINE('',#4145,#413);
#238=LINE('',#4147,#414);
#239=LINE('',#4151,#415);
#240=LINE('',#4153,#416);
#241=LINE('',#4157,#417);
#242=LINE('',#4159,#418);
#243=LINE('',#4163,#419);
#244=LINE('',#4165,#420);
#245=LINE('',#4169,#421);
#246=LINE('',#4171,#422);
#247=LINE('',#4178,#423);
#248=LINE('',#4182,#424);
#249=LINE('',#4222,#425);
#250=LINE('',#4224,#426);
#251=LINE('',#4226,#427);
#252=LINE('',#4228,#428);
#253=LINE('',#4230,#429);
#254=LINE('',#4232,#430);
#255=LINE('',#4234,#431);
#256=LINE('',#4236,#432);
#257=LINE('',#4238,#433);
#258=LINE('',#4240,#434);
#259=LINE('',#4242,#435);
#260=LINE('',#4244,#436);
#261=LINE('',#4246,#437);
#262=LINE('',#4248,#438);
#263=LINE('',#4250,#439);
#264=LINE('',#4252,#440);
#265=LINE('',#4254,#441);
#266=LINE('',#4256,#442);
#267=LINE('',#4258,#443);
#268=LINE('',#4260,#444);
#269=LINE('',#4262,#445);
#270=LINE('',#4264,#446);
#271=LINE('',#4266,#447);
#272=LINE('',#4268,#448);
#273=LINE('',#4270,#449);
#274=LINE('',#4272,#450);
#275=LINE('',#4274,#451);
#276=LINE('',#4276,#452);
#277=LINE('',#4278,#453);
#278=LINE('',#4280,#454);
#279=LINE('',#4282,#455);
#280=LINE('',#4284,#456);
#281=LINE('',#4286,#457);
#282=LINE('',#5226,#458);
#283=LINE('',#5253,#459);
#284=LINE('',#5255,#460);
#285=LINE('',#5256,#461);
#286=LINE('',#5285,#462);
#287=LINE('',#5312,#463);
#288=LINE('',#5314,#464);
#289=LINE('',#5315,#465);
#290=LINE('',#5344,#466);
#291=LINE('',#5371,#467);
#292=LINE('',#5373,#468);
#293=LINE('',#5374,#469);
#294=LINE('',#5403,#470);
#295=LINE('',#5430,#471);
#296=LINE('',#5432,#472);
#297=LINE('',#5433,#473);
#298=LINE('',#5462,#474);
#299=LINE('',#5489,#475);
#300=LINE('',#5491,#476);
#301=LINE('',#5492,#477);
#302=LINE('',#5521,#478);
#303=LINE('',#5548,#479);
#304=LINE('',#5550,#480);
#305=LINE('',#5551,#481);
#306=LINE('',#5580,#482);
#307=LINE('',#5607,#483);
#308=LINE('',#5609,#484);
#309=LINE('',#5610,#485);
#310=LINE('',#5621,#486);
#311=LINE('',#5648,#487);
#312=LINE('',#5675,#488);
#313=LINE('',#5677,#489);
#314=LINE('',#5678,#490);
#315=LINE('',#5707,#491);
#316=LINE('',#5734,#492);
#317=LINE('',#5736,#493);
#318=LINE('',#5737,#494);
#319=LINE('',#5766,#495);
#320=LINE('',#5793,#496);
#321=LINE('',#5795,#497);
#322=LINE('',#5796,#498);
#323=LINE('',#5825,#499);
#324=LINE('',#5852,#500);
#325=LINE('',#5854,#501);
#326=LINE('',#5855,#502);
#327=LINE('',#5859,#503);
#328=LINE('',#5861,#504);
#329=LINE('',#5863,#505);
#330=LINE('',#5865,#506);
#331=LINE('',#5867,#507);
#332=LINE('',#5869,#508);
#333=LINE('',#5871,#509);
#334=LINE('',#5873,#510);
#335=LINE('',#5875,#511);
#336=LINE('',#5877,#512);
#337=LINE('',#5879,#513);
#338=LINE('',#5881,#514);
#339=LINE('',#5883,#515);
#340=LINE('',#5885,#516);
#341=LINE('',#5887,#517);
#342=LINE('',#5889,#518);
#343=LINE('',#5891,#519);
#344=LINE('',#5893,#520);
#345=LINE('',#5895,#521);
#346=LINE('',#5897,#522);
#347=LINE('',#5899,#523);
#348=LINE('',#5901,#524);
#349=LINE('',#5903,#525);
#350=LINE('',#5905,#526);
#351=LINE('',#5907,#527);
#352=LINE('',#5909,#528);
#353=LINE('',#5911,#529);
#354=LINE('',#5913,#530);
#355=LINE('',#5915,#531);
#356=LINE('',#5917,#532);
#357=LINE('',#5919,#533);
#358=LINE('',#5921,#534);
#359=LINE('',#5924,#535);
#360=LINE('',#5925,#536);
#361=LINE('',#5927,#537);
#362=LINE('',#5929,#538);
#363=VECTOR('',#2385,1.);
#364=VECTOR('',#2386,1.);
#365=VECTOR('',#2387,1.);
#366=VECTOR('',#2388,1.);
#367=VECTOR('',#2389,1.);
#368=VECTOR('',#2390,1.);
#369=VECTOR('',#2391,1.);
#370=VECTOR('',#2392,1.);
#371=VECTOR('',#2393,1.);
#372=VECTOR('',#2394,1.);
#373=VECTOR('',#2395,1.);
#374=VECTOR('',#2396,1.);
#375=VECTOR('',#2397,1.);
#376=VECTOR('',#2398,1.);
#377=VECTOR('',#2399,1.);
#378=VECTOR('',#2400,1.);
#379=VECTOR('',#2401,1.);
#380=VECTOR('',#2402,1.);
#381=VECTOR('',#2403,1.);
#382=VECTOR('',#2404,1.);
#383=VECTOR('',#2405,1.);
#384=VECTOR('',#2406,1.);
#385=VECTOR('',#2407,1.);
#386=VECTOR('',#2408,1.);
#387=VECTOR('',#2409,1.);
#388=VECTOR('',#2410,1.);
#389=VECTOR('',#2411,1.);
#390=VECTOR('',#2412,1.);
#391=VECTOR('',#2413,1.);
#392=VECTOR('',#2414,1.);
#393=VECTOR('',#2415,1.);
#394=VECTOR('',#2416,1.);
#395=VECTOR('',#2417,1.);
#396=VECTOR('',#2526,1.);
#397=VECTOR('',#2529,1.);
#398=VECTOR('',#2530,1.);
#399=VECTOR('',#2531,1.);
#400=VECTOR('',#2534,1.);
#401=VECTOR('',#2537,1.);
#402=VECTOR('',#2540,1.);
#403=VECTOR('',#2543,1.);
#404=VECTOR('',#2546,1.);
#405=VECTOR('',#2547,1.);
#406=VECTOR('',#2552,1.);
#407=VECTOR('',#2553,1.);
#408=VECTOR('',#2558,1.);
#409=VECTOR('',#2561,1.);
#410=VECTOR('',#2564,1.);
#411=VECTOR('',#2565,1.);
#412=VECTOR('',#2570,1.);
#413=VECTOR('',#2573,1.);
#414=VECTOR('',#2576,1.);
#415=VECTOR('',#2579,1.);
#416=VECTOR('',#2582,1.);
#417=VECTOR('',#2585,1.);
#418=VECTOR('',#2588,1.);
#419=VECTOR('',#2591,1.);
#420=VECTOR('',#2594,1.);
#421=VECTOR('',#2599,1.);
#422=VECTOR('',#2600,1.);
#423=VECTOR('',#2607,1.);
#424=VECTOR('',#2610,1.);
#425=VECTOR('',#2611,1.);
#426=VECTOR('',#2612,1.);
#427=VECTOR('',#2613,1.);
#428=VECTOR('',#2614,1.);
#429=VECTOR('',#2615,1.);
#430=VECTOR('',#2616,1.);
#431=VECTOR('',#2617,1.);
#432=VECTOR('',#2618,1.);
#433=VECTOR('',#2619,1.);
#434=VECTOR('',#2620,1.);
#435=VECTOR('',#2621,1.);
#436=VECTOR('',#2622,1.);
#437=VECTOR('',#2623,1.);
#438=VECTOR('',#2624,1.);
#439=VECTOR('',#2625,1.);
#440=VECTOR('',#2626,1.);
#441=VECTOR('',#2627,1.);
#442=VECTOR('',#2628,1.);
#443=VECTOR('',#2629,1.);
#444=VECTOR('',#2630,1.);
#445=VECTOR('',#2631,1.);
#446=VECTOR('',#2632,1.);
#447=VECTOR('',#2633,1.);
#448=VECTOR('',#2634,1.);
#449=VECTOR('',#2635,1.);
#450=VECTOR('',#2636,1.);
#451=VECTOR('',#2637,1.);
#452=VECTOR('',#2638,1.);
#453=VECTOR('',#2639,1.);
#454=VECTOR('',#2640,1.);
#455=VECTOR('',#2641,1.);
#456=VECTOR('',#2642,1.);
#457=VECTOR('',#2643,1.);
#458=VECTOR('',#2710,1.);
#459=VECTOR('',#2711,1.);
#460=VECTOR('',#2714,1.);
#461=VECTOR('',#2715,1.);
#462=VECTOR('',#2720,1.);
#463=VECTOR('',#2721,1.);
#464=VECTOR('',#2724,1.);
#465=VECTOR('',#2725,1.);
#466=VECTOR('',#2730,1.);
#467=VECTOR('',#2731,1.);
#468=VECTOR('',#2734,1.);
#469=VECTOR('',#2735,1.);
#470=VECTOR('',#2740,1.);
#471=VECTOR('',#2741,1.);
#472=VECTOR('',#2744,1.);
#473=VECTOR('',#2745,1.);
#474=VECTOR('',#2750,1.);
#475=VECTOR('',#2751,1.);
#476=VECTOR('',#2754,1.);
#477=VECTOR('',#2755,1.);
#478=VECTOR('',#2760,1.);
#479=VECTOR('',#2761,1.);
#480=VECTOR('',#2764,1.);
#481=VECTOR('',#2765,1.);
#482=VECTOR('',#2770,1.);
#483=VECTOR('',#2771,1.);
#484=VECTOR('',#2774,1.);
#485=VECTOR('',#2775,1.);
#486=VECTOR('',#2780,1.);
#487=VECTOR('',#2781,1.);
#488=VECTOR('',#2782,1.);
#489=VECTOR('',#2785,1.);
#490=VECTOR('',#2786,1.);
#491=VECTOR('',#2791,1.);
#492=VECTOR('',#2792,1.);
#493=VECTOR('',#2795,1.);
#494=VECTOR('',#2796,1.);
#495=VECTOR('',#2801,1.);
#496=VECTOR('',#2802,1.);
#497=VECTOR('',#2805,1.);
#498=VECTOR('',#2806,1.);
#499=VECTOR('',#2811,1.);
#500=VECTOR('',#2812,1.);
#501=VECTOR('',#2815,1.);
#502=VECTOR('',#2816,1.);
#503=VECTOR('',#2823,1.);
#504=VECTOR('',#2826,1.);
#505=VECTOR('',#2829,1.);
#506=VECTOR('',#2832,1.);
#507=VECTOR('',#2835,1.);
#508=VECTOR('',#2838,1.);
#509=VECTOR('',#2841,1.);
#510=VECTOR('',#2844,1.);
#511=VECTOR('',#2847,1.);
#512=VECTOR('',#2850,1.);
#513=VECTOR('',#2853,1.);
#514=VECTOR('',#2856,1.);
#515=VECTOR('',#2859,1.);
#516=VECTOR('',#2862,1.);
#517=VECTOR('',#2865,1.);
#518=VECTOR('',#2868,1.);
#519=VECTOR('',#2871,1.);
#520=VECTOR('',#2874,1.);
#521=VECTOR('',#2877,1.);
#522=VECTOR('',#2880,1.);
#523=VECTOR('',#2883,1.);
#524=VECTOR('',#2886,1.);
#525=VECTOR('',#2889,1.);
#526=VECTOR('',#2892,1.);
#527=VECTOR('',#2895,1.);
#528=VECTOR('',#2898,1.);
#529=VECTOR('',#2901,1.);
#530=VECTOR('',#2904,1.);
#531=VECTOR('',#2907,1.);
#532=VECTOR('',#2910,1.);
#533=VECTOR('',#2913,1.);
#534=VECTOR('',#2916,1.);
#535=VECTOR('',#2921,1.);
#536=VECTOR('',#2922,1.);
#537=VECTOR('',#2925,1.);
#538=VECTOR('',#2928,1.);
#539=ORIENTED_EDGE('',*,*,#1189,.F.);
#540=ORIENTED_EDGE('',*,*,#1190,.T.);
#541=ORIENTED_EDGE('',*,*,#1191,.F.);
#542=ORIENTED_EDGE('',*,*,#1192,.F.);
#543=ORIENTED_EDGE('',*,*,#1193,.T.);
#544=ORIENTED_EDGE('',*,*,#1194,.F.);
#545=ORIENTED_EDGE('',*,*,#1195,.F.);
#546=ORIENTED_EDGE('',*,*,#1196,.T.);
#547=ORIENTED_EDGE('',*,*,#1197,.F.);
#548=ORIENTED_EDGE('',*,*,#1198,.F.);
#549=ORIENTED_EDGE('',*,*,#1199,.T.);
#550=ORIENTED_EDGE('',*,*,#1200,.F.);
#551=ORIENTED_EDGE('',*,*,#1201,.F.);
#552=ORIENTED_EDGE('',*,*,#1202,.T.);
#553=ORIENTED_EDGE('',*,*,#1203,.F.);
#554=ORIENTED_EDGE('',*,*,#1204,.F.);
#555=ORIENTED_EDGE('',*,*,#1205,.T.);
#556=ORIENTED_EDGE('',*,*,#1206,.F.);
#557=ORIENTED_EDGE('',*,*,#1207,.F.);
#558=ORIENTED_EDGE('',*,*,#1208,.T.);
#559=ORIENTED_EDGE('',*,*,#1209,.F.);
#560=ORIENTED_EDGE('',*,*,#1210,.F.);
#561=ORIENTED_EDGE('',*,*,#1211,.T.);
#562=ORIENTED_EDGE('',*,*,#1212,.F.);
#563=ORIENTED_EDGE('',*,*,#1213,.F.);
#564=ORIENTED_EDGE('',*,*,#1214,.T.);
#565=ORIENTED_EDGE('',*,*,#1215,.F.);
#566=ORIENTED_EDGE('',*,*,#1216,.F.);
#567=ORIENTED_EDGE('',*,*,#1217,.T.);
#568=ORIENTED_EDGE('',*,*,#1218,.F.);
#569=ORIENTED_EDGE('',*,*,#1219,.F.);
#570=ORIENTED_EDGE('',*,*,#1220,.T.);
#571=ORIENTED_EDGE('',*,*,#1221,.F.);
#572=ORIENTED_EDGE('',*,*,#1222,.F.);
#573=ORIENTED_EDGE('',*,*,#1223,.T.);
#574=ORIENTED_EDGE('',*,*,#1224,.F.);
#575=ORIENTED_EDGE('',*,*,#1225,.F.);
#576=ORIENTED_EDGE('',*,*,#1226,.F.);
#577=ORIENTED_EDGE('',*,*,#1227,.F.);
#578=ORIENTED_EDGE('',*,*,#1228,.F.);
#579=ORIENTED_EDGE('',*,*,#1229,.T.);
#580=ORIENTED_EDGE('',*,*,#1230,.F.);
#581=ORIENTED_EDGE('',*,*,#1231,.F.);
#582=ORIENTED_EDGE('',*,*,#1232,.F.);
#583=ORIENTED_EDGE('',*,*,#1233,.F.);
#584=ORIENTED_EDGE('',*,*,#1234,.F.);
#585=ORIENTED_EDGE('',*,*,#1235,.T.);
#586=ORIENTED_EDGE('',*,*,#1236,.F.);
#587=ORIENTED_EDGE('',*,*,#1237,.F.);
#588=ORIENTED_EDGE('',*,*,#1238,.F.);
#589=ORIENTED_EDGE('',*,*,#1239,.F.);
#590=ORIENTED_EDGE('',*,*,#1240,.F.);
#591=ORIENTED_EDGE('',*,*,#1241,.T.);
#592=ORIENTED_EDGE('',*,*,#1242,.F.);
#593=ORIENTED_EDGE('',*,*,#1243,.F.);
#594=ORIENTED_EDGE('',*,*,#1244,.F.);
#595=ORIENTED_EDGE('',*,*,#1245,.F.);
#596=ORIENTED_EDGE('',*,*,#1246,.F.);
#597=ORIENTED_EDGE('',*,*,#1247,.T.);
#598=ORIENTED_EDGE('',*,*,#1248,.F.);
#599=ORIENTED_EDGE('',*,*,#1249,.F.);
#600=ORIENTED_EDGE('',*,*,#1250,.F.);
#601=ORIENTED_EDGE('',*,*,#1251,.F.);
#602=ORIENTED_EDGE('',*,*,#1252,.F.);
#603=ORIENTED_EDGE('',*,*,#1253,.T.);
#604=ORIENTED_EDGE('',*,*,#1254,.F.);
#605=ORIENTED_EDGE('',*,*,#1255,.F.);
#606=ORIENTED_EDGE('',*,*,#1256,.F.);
#607=ORIENTED_EDGE('',*,*,#1257,.F.);
#608=ORIENTED_EDGE('',*,*,#1258,.F.);
#609=ORIENTED_EDGE('',*,*,#1259,.T.);
#610=ORIENTED_EDGE('',*,*,#1260,.F.);
#611=ORIENTED_EDGE('',*,*,#1261,.F.);
#612=ORIENTED_EDGE('',*,*,#1262,.F.);
#613=ORIENTED_EDGE('',*,*,#1263,.F.);
#614=ORIENTED_EDGE('',*,*,#1264,.F.);
#615=ORIENTED_EDGE('',*,*,#1265,.T.);
#616=ORIENTED_EDGE('',*,*,#1266,.F.);
#617=ORIENTED_EDGE('',*,*,#1267,.F.);
#618=ORIENTED_EDGE('',*,*,#1268,.F.);
#619=ORIENTED_EDGE('',*,*,#1269,.F.);
#620=ORIENTED_EDGE('',*,*,#1270,.F.);
#621=ORIENTED_EDGE('',*,*,#1271,.T.);
#622=ORIENTED_EDGE('',*,*,#1272,.F.);
#623=ORIENTED_EDGE('',*,*,#1273,.F.);
#624=ORIENTED_EDGE('',*,*,#1274,.F.);
#625=ORIENTED_EDGE('',*,*,#1275,.F.);
#626=ORIENTED_EDGE('',*,*,#1276,.F.);
#627=ORIENTED_EDGE('',*,*,#1277,.T.);
#628=ORIENTED_EDGE('',*,*,#1278,.F.);
#629=ORIENTED_EDGE('',*,*,#1279,.F.);
#630=ORIENTED_EDGE('',*,*,#1280,.F.);
#631=ORIENTED_EDGE('',*,*,#1281,.F.);
#632=ORIENTED_EDGE('',*,*,#1282,.F.);
#633=ORIENTED_EDGE('',*,*,#1283,.T.);
#634=ORIENTED_EDGE('',*,*,#1284,.F.);
#635=ORIENTED_EDGE('',*,*,#1285,.F.);
#636=ORIENTED_EDGE('',*,*,#1286,.F.);
#637=ORIENTED_EDGE('',*,*,#1287,.F.);
#638=ORIENTED_EDGE('',*,*,#1288,.F.);
#639=ORIENTED_EDGE('',*,*,#1289,.T.);
#640=ORIENTED_EDGE('',*,*,#1290,.F.);
#641=ORIENTED_EDGE('',*,*,#1291,.F.);
#642=ORIENTED_EDGE('',*,*,#1292,.F.);
#643=ORIENTED_EDGE('',*,*,#1293,.F.);
#644=ORIENTED_EDGE('',*,*,#1294,.T.);
#645=ORIENTED_EDGE('',*,*,#1295,.T.);
#646=ORIENTED_EDGE('',*,*,#1296,.T.);
#647=ORIENTED_EDGE('',*,*,#1297,.T.);
#648=ORIENTED_EDGE('',*,*,#1298,.F.);
#649=ORIENTED_EDGE('',*,*,#1299,.F.);
#650=ORIENTED_EDGE('',*,*,#1300,.F.);
#651=ORIENTED_EDGE('',*,*,#1301,.F.);
#652=ORIENTED_EDGE('',*,*,#1302,.F.);
#653=ORIENTED_EDGE('',*,*,#1303,.T.);
#654=ORIENTED_EDGE('',*,*,#1189,.T.);
#655=ORIENTED_EDGE('',*,*,#1304,.T.);
#656=ORIENTED_EDGE('',*,*,#1248,.T.);
#657=ORIENTED_EDGE('',*,*,#1305,.T.);
#658=ORIENTED_EDGE('',*,*,#1306,.F.);
#659=ORIENTED_EDGE('',*,*,#1307,.F.);
#660=ORIENTED_EDGE('',*,*,#1254,.T.);
#661=ORIENTED_EDGE('',*,*,#1308,.T.);
#662=ORIENTED_EDGE('',*,*,#1309,.F.);
#663=ORIENTED_EDGE('',*,*,#1310,.F.);
#664=ORIENTED_EDGE('',*,*,#1311,.F.);
#665=ORIENTED_EDGE('',*,*,#1242,.T.);
#666=ORIENTED_EDGE('',*,*,#1312,.T.);
#667=ORIENTED_EDGE('',*,*,#1313,.F.);
#668=ORIENTED_EDGE('',*,*,#1314,.F.);
#669=ORIENTED_EDGE('',*,*,#1236,.T.);
#670=ORIENTED_EDGE('',*,*,#1315,.T.);
#671=ORIENTED_EDGE('',*,*,#1316,.F.);
#672=ORIENTED_EDGE('',*,*,#1224,.T.);
#673=ORIENTED_EDGE('',*,*,#1317,.T.);
#674=ORIENTED_EDGE('',*,*,#1318,.F.);
#675=ORIENTED_EDGE('',*,*,#1319,.F.);
#676=ORIENTED_EDGE('',*,*,#1320,.F.);
#677=ORIENTED_EDGE('',*,*,#1230,.T.);
#678=ORIENTED_EDGE('',*,*,#1321,.T.);
#679=ORIENTED_EDGE('',*,*,#1322,.F.);
#680=ORIENTED_EDGE('',*,*,#1266,.T.);
#681=ORIENTED_EDGE('',*,*,#1323,.T.);
#682=ORIENTED_EDGE('',*,*,#1324,.F.);
#683=ORIENTED_EDGE('',*,*,#1325,.F.);
#684=ORIENTED_EDGE('',*,*,#1272,.T.);
#685=ORIENTED_EDGE('',*,*,#1326,.T.);
#686=ORIENTED_EDGE('',*,*,#1327,.F.);
#687=ORIENTED_EDGE('',*,*,#1328,.F.);
#688=ORIENTED_EDGE('',*,*,#1278,.T.);
#689=ORIENTED_EDGE('',*,*,#1329,.T.);
#690=ORIENTED_EDGE('',*,*,#1330,.F.);
#691=ORIENTED_EDGE('',*,*,#1331,.F.);
#692=ORIENTED_EDGE('',*,*,#1284,.T.);
#693=ORIENTED_EDGE('',*,*,#1332,.T.);
#694=ORIENTED_EDGE('',*,*,#1333,.F.);
#695=ORIENTED_EDGE('',*,*,#1334,.F.);
#696=ORIENTED_EDGE('',*,*,#1304,.F.);
#697=ORIENTED_EDGE('',*,*,#1290,.T.);
#698=ORIENTED_EDGE('',*,*,#1335,.T.);
#699=ORIENTED_EDGE('',*,*,#1336,.F.);
#700=ORIENTED_EDGE('',*,*,#1337,.F.);
#701=ORIENTED_EDGE('',*,*,#1260,.T.);
#702=ORIENTED_EDGE('',*,*,#1338,.T.);
#703=ORIENTED_EDGE('',*,*,#1339,.F.);
#704=ORIENTED_EDGE('',*,*,#1340,.T.);
#705=ORIENTED_EDGE('',*,*,#1341,.T.);
#706=ORIENTED_EDGE('',*,*,#1342,.T.);
#707=ORIENTED_EDGE('',*,*,#1343,.T.);
#708=ORIENTED_EDGE('',*,*,#1344,.F.);
#709=ORIENTED_EDGE('',*,*,#1345,.T.);
#710=ORIENTED_EDGE('',*,*,#1346,.T.);
#711=ORIENTED_EDGE('',*,*,#1347,.F.);
#712=ORIENTED_EDGE('',*,*,#1348,.T.);
#713=ORIENTED_EDGE('',*,*,#1349,.T.);
#714=ORIENTED_EDGE('',*,*,#1350,.F.);
#715=ORIENTED_EDGE('',*,*,#1351,.T.);
#716=ORIENTED_EDGE('',*,*,#1352,.T.);
#717=ORIENTED_EDGE('',*,*,#1353,.F.);
#718=ORIENTED_EDGE('',*,*,#1354,.T.);
#719=ORIENTED_EDGE('',*,*,#1355,.T.);
#720=ORIENTED_EDGE('',*,*,#1356,.F.);
#721=ORIENTED_EDGE('',*,*,#1357,.T.);
#722=ORIENTED_EDGE('',*,*,#1358,.T.);
#723=ORIENTED_EDGE('',*,*,#1359,.F.);
#724=ORIENTED_EDGE('',*,*,#1360,.T.);
#725=ORIENTED_EDGE('',*,*,#1361,.T.);
#726=ORIENTED_EDGE('',*,*,#1362,.F.);
#727=ORIENTED_EDGE('',*,*,#1363,.T.);
#728=ORIENTED_EDGE('',*,*,#1364,.T.);
#729=ORIENTED_EDGE('',*,*,#1365,.F.);
#730=ORIENTED_EDGE('',*,*,#1366,.T.);
#731=ORIENTED_EDGE('',*,*,#1367,.T.);
#732=ORIENTED_EDGE('',*,*,#1368,.F.);
#733=ORIENTED_EDGE('',*,*,#1369,.T.);
#734=ORIENTED_EDGE('',*,*,#1370,.T.);
#735=ORIENTED_EDGE('',*,*,#1371,.F.);
#736=ORIENTED_EDGE('',*,*,#1372,.T.);
#737=ORIENTED_EDGE('',*,*,#1373,.T.);
#738=ORIENTED_EDGE('',*,*,#1374,.F.);
#739=ORIENTED_EDGE('',*,*,#1375,.T.);
#740=ORIENTED_EDGE('',*,*,#1376,.T.);
#741=ORIENTED_EDGE('',*,*,#1377,.F.);
#742=ORIENTED_EDGE('',*,*,#1302,.T.);
#743=ORIENTED_EDGE('',*,*,#1336,.T.);
#744=ORIENTED_EDGE('',*,*,#1378,.F.);
#745=ORIENTED_EDGE('',*,*,#1379,.F.);
#746=ORIENTED_EDGE('',*,*,#1380,.T.);
#747=ORIENTED_EDGE('',*,*,#1381,.F.);
#748=ORIENTED_EDGE('',*,*,#1382,.T.);
#749=ORIENTED_EDGE('',*,*,#1333,.T.);
#750=ORIENTED_EDGE('',*,*,#1383,.F.);
#751=ORIENTED_EDGE('',*,*,#1384,.F.);
#752=ORIENTED_EDGE('',*,*,#1385,.T.);
#753=ORIENTED_EDGE('',*,*,#1386,.F.);
#754=ORIENTED_EDGE('',*,*,#1387,.T.);
#755=ORIENTED_EDGE('',*,*,#1330,.T.);
#756=ORIENTED_EDGE('',*,*,#1388,.F.);
#757=ORIENTED_EDGE('',*,*,#1389,.F.);
#758=ORIENTED_EDGE('',*,*,#1390,.T.);
#759=ORIENTED_EDGE('',*,*,#1391,.F.);
#760=ORIENTED_EDGE('',*,*,#1392,.T.);
#761=ORIENTED_EDGE('',*,*,#1327,.T.);
#762=ORIENTED_EDGE('',*,*,#1393,.F.);
#763=ORIENTED_EDGE('',*,*,#1394,.F.);
#764=ORIENTED_EDGE('',*,*,#1395,.T.);
#765=ORIENTED_EDGE('',*,*,#1396,.F.);
#766=ORIENTED_EDGE('',*,*,#1397,.T.);
#767=ORIENTED_EDGE('',*,*,#1324,.T.);
#768=ORIENTED_EDGE('',*,*,#1398,.F.);
#769=ORIENTED_EDGE('',*,*,#1399,.F.);
#770=ORIENTED_EDGE('',*,*,#1400,.T.);
#771=ORIENTED_EDGE('',*,*,#1401,.F.);
#772=ORIENTED_EDGE('',*,*,#1402,.T.);
#773=ORIENTED_EDGE('',*,*,#1339,.T.);
#774=ORIENTED_EDGE('',*,*,#1403,.F.);
#775=ORIENTED_EDGE('',*,*,#1404,.F.);
#776=ORIENTED_EDGE('',*,*,#1405,.T.);
#777=ORIENTED_EDGE('',*,*,#1406,.F.);
#778=ORIENTED_EDGE('',*,*,#1407,.T.);
#779=ORIENTED_EDGE('',*,*,#1309,.T.);
#780=ORIENTED_EDGE('',*,*,#1408,.F.);
#781=ORIENTED_EDGE('',*,*,#1409,.F.);
#782=ORIENTED_EDGE('',*,*,#1410,.T.);
#783=ORIENTED_EDGE('',*,*,#1411,.F.);
#784=ORIENTED_EDGE('',*,*,#1412,.T.);
#785=ORIENTED_EDGE('',*,*,#1306,.T.);
#786=ORIENTED_EDGE('',*,*,#1413,.F.);
#787=ORIENTED_EDGE('',*,*,#1414,.F.);
#788=ORIENTED_EDGE('',*,*,#1415,.T.);
#789=ORIENTED_EDGE('',*,*,#1416,.F.);
#790=ORIENTED_EDGE('',*,*,#1417,.T.);
#791=ORIENTED_EDGE('',*,*,#1313,.T.);
#792=ORIENTED_EDGE('',*,*,#1418,.F.);
#793=ORIENTED_EDGE('',*,*,#1419,.F.);
#794=ORIENTED_EDGE('',*,*,#1420,.T.);
#795=ORIENTED_EDGE('',*,*,#1421,.F.);
#796=ORIENTED_EDGE('',*,*,#1422,.T.);
#797=ORIENTED_EDGE('',*,*,#1316,.T.);
#798=ORIENTED_EDGE('',*,*,#1423,.F.);
#799=ORIENTED_EDGE('',*,*,#1424,.F.);
#800=ORIENTED_EDGE('',*,*,#1425,.T.);
#801=ORIENTED_EDGE('',*,*,#1426,.F.);
#802=ORIENTED_EDGE('',*,*,#1427,.T.);
#803=ORIENTED_EDGE('',*,*,#1322,.T.);
#804=ORIENTED_EDGE('',*,*,#1428,.F.);
#805=ORIENTED_EDGE('',*,*,#1429,.F.);
#806=ORIENTED_EDGE('',*,*,#1430,.T.);
#807=ORIENTED_EDGE('',*,*,#1431,.F.);
#808=ORIENTED_EDGE('',*,*,#1432,.T.);
#809=ORIENTED_EDGE('',*,*,#1318,.T.);
#810=ORIENTED_EDGE('',*,*,#1403,.T.);
#811=ORIENTED_EDGE('',*,*,#1338,.F.);
#812=ORIENTED_EDGE('',*,*,#1259,.F.);
#813=ORIENTED_EDGE('',*,*,#1433,.F.);
#814=ORIENTED_EDGE('',*,*,#1255,.T.);
#815=ORIENTED_EDGE('',*,*,#1310,.T.);
#816=ORIENTED_EDGE('',*,*,#1407,.F.);
#817=ORIENTED_EDGE('',*,*,#1434,.F.);
#818=ORIENTED_EDGE('',*,*,#1257,.T.);
#819=ORIENTED_EDGE('',*,*,#1435,.F.);
#820=ORIENTED_EDGE('',*,*,#1405,.F.);
#821=ORIENTED_EDGE('',*,*,#1436,.F.);
#822=ORIENTED_EDGE('',*,*,#1258,.T.);
#823=ORIENTED_EDGE('',*,*,#1436,.T.);
#824=ORIENTED_EDGE('',*,*,#1404,.T.);
#825=ORIENTED_EDGE('',*,*,#1433,.T.);
#826=ORIENTED_EDGE('',*,*,#1256,.T.);
#827=ORIENTED_EDGE('',*,*,#1434,.T.);
#828=ORIENTED_EDGE('',*,*,#1406,.T.);
#829=ORIENTED_EDGE('',*,*,#1435,.T.);
#830=ORIENTED_EDGE('',*,*,#1378,.T.);
#831=ORIENTED_EDGE('',*,*,#1335,.F.);
#832=ORIENTED_EDGE('',*,*,#1289,.F.);
#833=ORIENTED_EDGE('',*,*,#1437,.F.);
#834=ORIENTED_EDGE('',*,*,#1285,.T.);
#835=ORIENTED_EDGE('',*,*,#1334,.T.);
#836=ORIENTED_EDGE('',*,*,#1382,.F.);
#837=ORIENTED_EDGE('',*,*,#1438,.F.);
#838=ORIENTED_EDGE('',*,*,#1287,.T.);
#839=ORIENTED_EDGE('',*,*,#1439,.F.);
#840=ORIENTED_EDGE('',*,*,#1380,.F.);
#841=ORIENTED_EDGE('',*,*,#1440,.F.);
#842=ORIENTED_EDGE('',*,*,#1288,.T.);
#843=ORIENTED_EDGE('',*,*,#1440,.T.);
#844=ORIENTED_EDGE('',*,*,#1379,.T.);
#845=ORIENTED_EDGE('',*,*,#1437,.T.);
#846=ORIENTED_EDGE('',*,*,#1286,.T.);
#847=ORIENTED_EDGE('',*,*,#1438,.T.);
#848=ORIENTED_EDGE('',*,*,#1381,.T.);
#849=ORIENTED_EDGE('',*,*,#1439,.T.);
#850=ORIENTED_EDGE('',*,*,#1383,.T.);
#851=ORIENTED_EDGE('',*,*,#1332,.F.);
#852=ORIENTED_EDGE('',*,*,#1283,.F.);
#853=ORIENTED_EDGE('',*,*,#1441,.F.);
#854=ORIENTED_EDGE('',*,*,#1279,.T.);
#855=ORIENTED_EDGE('',*,*,#1331,.T.);
#856=ORIENTED_EDGE('',*,*,#1387,.F.);
#857=ORIENTED_EDGE('',*,*,#1442,.F.);
#858=ORIENTED_EDGE('',*,*,#1281,.T.);
#859=ORIENTED_EDGE('',*,*,#1443,.F.);
#860=ORIENTED_EDGE('',*,*,#1385,.F.);
#861=ORIENTED_EDGE('',*,*,#1444,.F.);
#862=ORIENTED_EDGE('',*,*,#1282,.T.);
#863=ORIENTED_EDGE('',*,*,#1444,.T.);
#864=ORIENTED_EDGE('',*,*,#1384,.T.);
#865=ORIENTED_EDGE('',*,*,#1441,.T.);
#866=ORIENTED_EDGE('',*,*,#1280,.T.);
#867=ORIENTED_EDGE('',*,*,#1442,.T.);
#868=ORIENTED_EDGE('',*,*,#1386,.T.);
#869=ORIENTED_EDGE('',*,*,#1443,.T.);
#870=ORIENTED_EDGE('',*,*,#1388,.T.);
#871=ORIENTED_EDGE('',*,*,#1329,.F.);
#872=ORIENTED_EDGE('',*,*,#1277,.F.);
#873=ORIENTED_EDGE('',*,*,#1445,.F.);
#874=ORIENTED_EDGE('',*,*,#1273,.T.);
#875=ORIENTED_EDGE('',*,*,#1328,.T.);
#876=ORIENTED_EDGE('',*,*,#1392,.F.);
#877=ORIENTED_EDGE('',*,*,#1446,.F.);
#878=ORIENTED_EDGE('',*,*,#1275,.T.);
#879=ORIENTED_EDGE('',*,*,#1447,.F.);
#880=ORIENTED_EDGE('',*,*,#1390,.F.);
#881=ORIENTED_EDGE('',*,*,#1448,.F.);
#882=ORIENTED_EDGE('',*,*,#1276,.T.);
#883=ORIENTED_EDGE('',*,*,#1448,.T.);
#884=ORIENTED_EDGE('',*,*,#1389,.T.);
#885=ORIENTED_EDGE('',*,*,#1445,.T.);
#886=ORIENTED_EDGE('',*,*,#1274,.T.);
#887=ORIENTED_EDGE('',*,*,#1446,.T.);
#888=ORIENTED_EDGE('',*,*,#1391,.T.);
#889=ORIENTED_EDGE('',*,*,#1447,.T.);
#890=ORIENTED_EDGE('',*,*,#1393,.T.);
#891=ORIENTED_EDGE('',*,*,#1326,.F.);
#892=ORIENTED_EDGE('',*,*,#1271,.F.);
#893=ORIENTED_EDGE('',*,*,#1449,.F.);
#894=ORIENTED_EDGE('',*,*,#1267,.T.);
#895=ORIENTED_EDGE('',*,*,#1325,.T.);
#896=ORIENTED_EDGE('',*,*,#1397,.F.);
#897=ORIENTED_EDGE('',*,*,#1450,.F.);
#898=ORIENTED_EDGE('',*,*,#1269,.T.);
#899=ORIENTED_EDGE('',*,*,#1451,.F.);
#900=ORIENTED_EDGE('',*,*,#1395,.F.);
#901=ORIENTED_EDGE('',*,*,#1452,.F.);
#902=ORIENTED_EDGE('',*,*,#1270,.T.);
#903=ORIENTED_EDGE('',*,*,#1452,.T.);
#904=ORIENTED_EDGE('',*,*,#1394,.T.);
#905=ORIENTED_EDGE('',*,*,#1449,.T.);
#906=ORIENTED_EDGE('',*,*,#1268,.T.);
#907=ORIENTED_EDGE('',*,*,#1450,.T.);
#908=ORIENTED_EDGE('',*,*,#1396,.T.);
#909=ORIENTED_EDGE('',*,*,#1451,.T.);
#910=ORIENTED_EDGE('',*,*,#1398,.T.);
#911=ORIENTED_EDGE('',*,*,#1323,.F.);
#912=ORIENTED_EDGE('',*,*,#1265,.F.);
#913=ORIENTED_EDGE('',*,*,#1453,.F.);
#914=ORIENTED_EDGE('',*,*,#1261,.T.);
#915=ORIENTED_EDGE('',*,*,#1337,.T.);
#916=ORIENTED_EDGE('',*,*,#1402,.F.);
#917=ORIENTED_EDGE('',*,*,#1454,.F.);
#918=ORIENTED_EDGE('',*,*,#1263,.T.);
#919=ORIENTED_EDGE('',*,*,#1455,.F.);
#920=ORIENTED_EDGE('',*,*,#1400,.F.);
#921=ORIENTED_EDGE('',*,*,#1456,.F.);
#922=ORIENTED_EDGE('',*,*,#1264,.T.);
#923=ORIENTED_EDGE('',*,*,#1456,.T.);
#924=ORIENTED_EDGE('',*,*,#1399,.T.);
#925=ORIENTED_EDGE('',*,*,#1453,.T.);
#926=ORIENTED_EDGE('',*,*,#1262,.T.);
#927=ORIENTED_EDGE('',*,*,#1454,.T.);
#928=ORIENTED_EDGE('',*,*,#1401,.T.);
#929=ORIENTED_EDGE('',*,*,#1455,.T.);
#930=ORIENTED_EDGE('',*,*,#1428,.T.);
#931=ORIENTED_EDGE('',*,*,#1321,.F.);
#932=ORIENTED_EDGE('',*,*,#1229,.F.);
#933=ORIENTED_EDGE('',*,*,#1457,.F.);
#934=ORIENTED_EDGE('',*,*,#1225,.T.);
#935=ORIENTED_EDGE('',*,*,#1319,.T.);
#936=ORIENTED_EDGE('',*,*,#1432,.F.);
#937=ORIENTED_EDGE('',*,*,#1458,.F.);
#938=ORIENTED_EDGE('',*,*,#1227,.T.);
#939=ORIENTED_EDGE('',*,*,#1459,.F.);
#940=ORIENTED_EDGE('',*,*,#1430,.F.);
#941=ORIENTED_EDGE('',*,*,#1460,.F.);
#942=ORIENTED_EDGE('',*,*,#1228,.T.);
#943=ORIENTED_EDGE('',*,*,#1460,.T.);
#944=ORIENTED_EDGE('',*,*,#1429,.T.);
#945=ORIENTED_EDGE('',*,*,#1457,.T.);
#946=ORIENTED_EDGE('',*,*,#1226,.T.);
#947=ORIENTED_EDGE('',*,*,#1458,.T.);
#948=ORIENTED_EDGE('',*,*,#1431,.T.);
#949=ORIENTED_EDGE('',*,*,#1459,.T.);
#950=ORIENTED_EDGE('',*,*,#1223,.F.);
#951=ORIENTED_EDGE('',*,*,#1461,.T.);
#952=ORIENTED_EDGE('',*,*,#1344,.T.);
#953=ORIENTED_EDGE('',*,*,#1317,.F.);
#954=ORIENTED_EDGE('',*,*,#1423,.T.);
#955=ORIENTED_EDGE('',*,*,#1315,.F.);
#956=ORIENTED_EDGE('',*,*,#1235,.F.);
#957=ORIENTED_EDGE('',*,*,#1462,.F.);
#958=ORIENTED_EDGE('',*,*,#1231,.T.);
#959=ORIENTED_EDGE('',*,*,#1320,.T.);
#960=ORIENTED_EDGE('',*,*,#1427,.F.);
#961=ORIENTED_EDGE('',*,*,#1463,.F.);
#962=ORIENTED_EDGE('',*,*,#1233,.T.);
#963=ORIENTED_EDGE('',*,*,#1464,.F.);
#964=ORIENTED_EDGE('',*,*,#1425,.F.);
#965=ORIENTED_EDGE('',*,*,#1465,.F.);
#966=ORIENTED_EDGE('',*,*,#1234,.T.);
#967=ORIENTED_EDGE('',*,*,#1465,.T.);
#968=ORIENTED_EDGE('',*,*,#1424,.T.);
#969=ORIENTED_EDGE('',*,*,#1462,.T.);
#970=ORIENTED_EDGE('',*,*,#1232,.T.);
#971=ORIENTED_EDGE('',*,*,#1463,.T.);
#972=ORIENTED_EDGE('',*,*,#1426,.T.);
#973=ORIENTED_EDGE('',*,*,#1464,.T.);
#974=ORIENTED_EDGE('',*,*,#1418,.T.);
#975=ORIENTED_EDGE('',*,*,#1312,.F.);
#976=ORIENTED_EDGE('',*,*,#1241,.F.);
#977=ORIENTED_EDGE('',*,*,#1466,.F.);
#978=ORIENTED_EDGE('',*,*,#1237,.T.);
#979=ORIENTED_EDGE('',*,*,#1314,.T.);
#980=ORIENTED_EDGE('',*,*,#1422,.F.);
#981=ORIENTED_EDGE('',*,*,#1467,.F.);
#982=ORIENTED_EDGE('',*,*,#1239,.T.);
#983=ORIENTED_EDGE('',*,*,#1468,.F.);
#984=ORIENTED_EDGE('',*,*,#1420,.F.);
#985=ORIENTED_EDGE('',*,*,#1469,.F.);
#986=ORIENTED_EDGE('',*,*,#1240,.T.);
#987=ORIENTED_EDGE('',*,*,#1469,.T.);
#988=ORIENTED_EDGE('',*,*,#1419,.T.);
#989=ORIENTED_EDGE('',*,*,#1466,.T.);
#990=ORIENTED_EDGE('',*,*,#1238,.T.);
#991=ORIENTED_EDGE('',*,*,#1467,.T.);
#992=ORIENTED_EDGE('',*,*,#1421,.T.);
#993=ORIENTED_EDGE('',*,*,#1468,.T.);
#994=ORIENTED_EDGE('',*,*,#1408,.T.);
#995=ORIENTED_EDGE('',*,*,#1308,.F.);
#996=ORIENTED_EDGE('',*,*,#1253,.F.);
#997=ORIENTED_EDGE('',*,*,#1470,.F.);
#998=ORIENTED_EDGE('',*,*,#1249,.T.);
#999=ORIENTED_EDGE('',*,*,#1307,.T.);
#1000=ORIENTED_EDGE('',*,*,#1412,.F.);
#1001=ORIENTED_EDGE('',*,*,#1471,.F.);
#1002=ORIENTED_EDGE('',*,*,#1251,.T.);
#1003=ORIENTED_EDGE('',*,*,#1472,.F.);
#1004=ORIENTED_EDGE('',*,*,#1410,.F.);
#1005=ORIENTED_EDGE('',*,*,#1473,.F.);
#1006=ORIENTED_EDGE('',*,*,#1252,.T.);
#1007=ORIENTED_EDGE('',*,*,#1473,.T.);
#1008=ORIENTED_EDGE('',*,*,#1409,.T.);
#1009=ORIENTED_EDGE('',*,*,#1470,.T.);
#1010=ORIENTED_EDGE('',*,*,#1250,.T.);
#1011=ORIENTED_EDGE('',*,*,#1471,.T.);
#1012=ORIENTED_EDGE('',*,*,#1411,.T.);
#1013=ORIENTED_EDGE('',*,*,#1472,.T.);
#1014=ORIENTED_EDGE('',*,*,#1413,.T.);
#1015=ORIENTED_EDGE('',*,*,#1305,.F.);
#1016=ORIENTED_EDGE('',*,*,#1247,.F.);
#1017=ORIENTED_EDGE('',*,*,#1474,.F.);
#1018=ORIENTED_EDGE('',*,*,#1243,.T.);
#1019=ORIENTED_EDGE('',*,*,#1311,.T.);
#1020=ORIENTED_EDGE('',*,*,#1417,.F.);
#1021=ORIENTED_EDGE('',*,*,#1475,.F.);
#1022=ORIENTED_EDGE('',*,*,#1245,.T.);
#1023=ORIENTED_EDGE('',*,*,#1476,.F.);
#1024=ORIENTED_EDGE('',*,*,#1415,.F.);
#1025=ORIENTED_EDGE('',*,*,#1477,.F.);
#1026=ORIENTED_EDGE('',*,*,#1246,.T.);
#1027=ORIENTED_EDGE('',*,*,#1477,.T.);
#1028=ORIENTED_EDGE('',*,*,#1414,.T.);
#1029=ORIENTED_EDGE('',*,*,#1474,.T.);
#1030=ORIENTED_EDGE('',*,*,#1244,.T.);
#1031=ORIENTED_EDGE('',*,*,#1475,.T.);
#1032=ORIENTED_EDGE('',*,*,#1416,.T.);
#1033=ORIENTED_EDGE('',*,*,#1476,.T.);
#1034=ORIENTED_EDGE('',*,*,#1461,.F.);
#1035=ORIENTED_EDGE('',*,*,#1222,.T.);
#1036=ORIENTED_EDGE('',*,*,#1478,.T.);
#1037=ORIENTED_EDGE('',*,*,#1345,.F.);
#1038=ORIENTED_EDGE('',*,*,#1346,.F.);
#1039=ORIENTED_EDGE('',*,*,#1478,.F.);
#1040=ORIENTED_EDGE('',*,*,#1221,.T.);
#1041=ORIENTED_EDGE('',*,*,#1479,.T.);
#1042=ORIENTED_EDGE('',*,*,#1347,.T.);
#1043=ORIENTED_EDGE('',*,*,#1479,.F.);
#1044=ORIENTED_EDGE('',*,*,#1220,.F.);
#1045=ORIENTED_EDGE('',*,*,#1480,.T.);
#1046=ORIENTED_EDGE('',*,*,#1348,.F.);
#1047=ORIENTED_EDGE('',*,*,#1480,.F.);
#1048=ORIENTED_EDGE('',*,*,#1219,.T.);
#1049=ORIENTED_EDGE('',*,*,#1481,.T.);
#1050=ORIENTED_EDGE('',*,*,#1349,.F.);
#1051=ORIENTED_EDGE('',*,*,#1481,.F.);
#1052=ORIENTED_EDGE('',*,*,#1218,.T.);
#1053=ORIENTED_EDGE('',*,*,#1482,.T.);
#1054=ORIENTED_EDGE('',*,*,#1350,.T.);
#1055=ORIENTED_EDGE('',*,*,#1482,.F.);
#1056=ORIENTED_EDGE('',*,*,#1217,.F.);
#1057=ORIENTED_EDGE('',*,*,#1483,.T.);
#1058=ORIENTED_EDGE('',*,*,#1351,.F.);
#1059=ORIENTED_EDGE('',*,*,#1483,.F.);
#1060=ORIENTED_EDGE('',*,*,#1216,.T.);
#1061=ORIENTED_EDGE('',*,*,#1484,.T.);
#1062=ORIENTED_EDGE('',*,*,#1352,.F.);
#1063=ORIENTED_EDGE('',*,*,#1484,.F.);
#1064=ORIENTED_EDGE('',*,*,#1215,.T.);
#1065=ORIENTED_EDGE('',*,*,#1485,.T.);
#1066=ORIENTED_EDGE('',*,*,#1353,.T.);
#1067=ORIENTED_EDGE('',*,*,#1485,.F.);
#1068=ORIENTED_EDGE('',*,*,#1214,.F.);
#1069=ORIENTED_EDGE('',*,*,#1486,.T.);
#1070=ORIENTED_EDGE('',*,*,#1354,.F.);
#1071=ORIENTED_EDGE('',*,*,#1486,.F.);
#1072=ORIENTED_EDGE('',*,*,#1213,.T.);
#1073=ORIENTED_EDGE('',*,*,#1487,.T.);
#1074=ORIENTED_EDGE('',*,*,#1355,.F.);
#1075=ORIENTED_EDGE('',*,*,#1487,.F.);
#1076=ORIENTED_EDGE('',*,*,#1212,.T.);
#1077=ORIENTED_EDGE('',*,*,#1488,.T.);
#1078=ORIENTED_EDGE('',*,*,#1356,.T.);
#1079=ORIENTED_EDGE('',*,*,#1488,.F.);
#1080=ORIENTED_EDGE('',*,*,#1211,.F.);
#1081=ORIENTED_EDGE('',*,*,#1489,.T.);
#1082=ORIENTED_EDGE('',*,*,#1357,.F.);
#1083=ORIENTED_EDGE('',*,*,#1489,.F.);
#1084=ORIENTED_EDGE('',*,*,#1210,.T.);
#1085=ORIENTED_EDGE('',*,*,#1490,.T.);
#1086=ORIENTED_EDGE('',*,*,#1358,.F.);
#1087=ORIENTED_EDGE('',*,*,#1490,.F.);
#1088=ORIENTED_EDGE('',*,*,#1209,.T.);
#1089=ORIENTED_EDGE('',*,*,#1491,.T.);
#1090=ORIENTED_EDGE('',*,*,#1359,.T.);
#1091=ORIENTED_EDGE('',*,*,#1491,.F.);
#1092=ORIENTED_EDGE('',*,*,#1208,.F.);
#1093=ORIENTED_EDGE('',*,*,#1492,.T.);
#1094=ORIENTED_EDGE('',*,*,#1360,.F.);
#1095=ORIENTED_EDGE('',*,*,#1492,.F.);
#1096=ORIENTED_EDGE('',*,*,#1207,.T.);
#1097=ORIENTED_EDGE('',*,*,#1493,.T.);
#1098=ORIENTED_EDGE('',*,*,#1361,.F.);
#1099=ORIENTED_EDGE('',*,*,#1493,.F.);
#1100=ORIENTED_EDGE('',*,*,#1206,.T.);
#1101=ORIENTED_EDGE('',*,*,#1494,.T.);
#1102=ORIENTED_EDGE('',*,*,#1362,.T.);
#1103=ORIENTED_EDGE('',*,*,#1494,.F.);
#1104=ORIENTED_EDGE('',*,*,#1205,.F.);
#1105=ORIENTED_EDGE('',*,*,#1495,.T.);
#1106=ORIENTED_EDGE('',*,*,#1363,.F.);
#1107=ORIENTED_EDGE('',*,*,#1495,.F.);
#1108=ORIENTED_EDGE('',*,*,#1204,.T.);
#1109=ORIENTED_EDGE('',*,*,#1496,.T.);
#1110=ORIENTED_EDGE('',*,*,#1364,.F.);
#1111=ORIENTED_EDGE('',*,*,#1496,.F.);
#1112=ORIENTED_EDGE('',*,*,#1203,.T.);
#1113=ORIENTED_EDGE('',*,*,#1497,.T.);
#1114=ORIENTED_EDGE('',*,*,#1365,.T.);
#1115=ORIENTED_EDGE('',*,*,#1497,.F.);
#1116=ORIENTED_EDGE('',*,*,#1202,.F.);
#1117=ORIENTED_EDGE('',*,*,#1498,.T.);
#1118=ORIENTED_EDGE('',*,*,#1366,.F.);
#1119=ORIENTED_EDGE('',*,*,#1498,.F.);
#1120=ORIENTED_EDGE('',*,*,#1201,.T.);
#1121=ORIENTED_EDGE('',*,*,#1499,.T.);
#1122=ORIENTED_EDGE('',*,*,#1367,.F.);
#1123=ORIENTED_EDGE('',*,*,#1499,.F.);
#1124=ORIENTED_EDGE('',*,*,#1200,.T.);
#1125=ORIENTED_EDGE('',*,*,#1500,.T.);
#1126=ORIENTED_EDGE('',*,*,#1368,.T.);
#1127=ORIENTED_EDGE('',*,*,#1500,.F.);
#1128=ORIENTED_EDGE('',*,*,#1199,.F.);
#1129=ORIENTED_EDGE('',*,*,#1501,.T.);
#1130=ORIENTED_EDGE('',*,*,#1369,.F.);
#1131=ORIENTED_EDGE('',*,*,#1501,.F.);
#1132=ORIENTED_EDGE('',*,*,#1198,.T.);
#1133=ORIENTED_EDGE('',*,*,#1502,.T.);
#1134=ORIENTED_EDGE('',*,*,#1370,.F.);
#1135=ORIENTED_EDGE('',*,*,#1502,.F.);
#1136=ORIENTED_EDGE('',*,*,#1197,.T.);
#1137=ORIENTED_EDGE('',*,*,#1503,.T.);
#1138=ORIENTED_EDGE('',*,*,#1371,.T.);
#1139=ORIENTED_EDGE('',*,*,#1503,.F.);
#1140=ORIENTED_EDGE('',*,*,#1196,.F.);
#1141=ORIENTED_EDGE('',*,*,#1504,.T.);
#1142=ORIENTED_EDGE('',*,*,#1372,.F.);
#1143=ORIENTED_EDGE('',*,*,#1504,.F.);
#1144=ORIENTED_EDGE('',*,*,#1195,.T.);
#1145=ORIENTED_EDGE('',*,*,#1505,.T.);
#1146=ORIENTED_EDGE('',*,*,#1373,.F.);
#1147=ORIENTED_EDGE('',*,*,#1505,.F.);
#1148=ORIENTED_EDGE('',*,*,#1194,.T.);
#1149=ORIENTED_EDGE('',*,*,#1506,.T.);
#1150=ORIENTED_EDGE('',*,*,#1374,.T.);
#1151=ORIENTED_EDGE('',*,*,#1506,.F.);
#1152=ORIENTED_EDGE('',*,*,#1193,.F.);
#1153=ORIENTED_EDGE('',*,*,#1507,.T.);
#1154=ORIENTED_EDGE('',*,*,#1375,.F.);
#1155=ORIENTED_EDGE('',*,*,#1507,.F.);
#1156=ORIENTED_EDGE('',*,*,#1192,.T.);
#1157=ORIENTED_EDGE('',*,*,#1508,.T.);
#1158=ORIENTED_EDGE('',*,*,#1376,.F.);
#1159=ORIENTED_EDGE('',*,*,#1508,.F.);
#1160=ORIENTED_EDGE('',*,*,#1191,.T.);
#1161=ORIENTED_EDGE('',*,*,#1509,.T.);
#1162=ORIENTED_EDGE('',*,*,#1303,.F.);
#1163=ORIENTED_EDGE('',*,*,#1377,.T.);
#1164=ORIENTED_EDGE('',*,*,#1509,.F.);
#1165=ORIENTED_EDGE('',*,*,#1190,.F.);
#1166=ORIENTED_EDGE('',*,*,#1341,.F.);
#1167=ORIENTED_EDGE('',*,*,#1510,.F.);
#1168=ORIENTED_EDGE('',*,*,#1301,.T.);
#1169=ORIENTED_EDGE('',*,*,#1511,.T.);
#1170=ORIENTED_EDGE('',*,*,#1340,.F.);
#1171=ORIENTED_EDGE('',*,*,#1512,.F.);
#1172=ORIENTED_EDGE('',*,*,#1298,.T.);
#1173=ORIENTED_EDGE('',*,*,#1510,.T.);
#1174=ORIENTED_EDGE('',*,*,#1294,.F.);
#1175=ORIENTED_EDGE('',*,*,#1343,.F.);
#1176=ORIENTED_EDGE('',*,*,#1513,.F.);
#1177=ORIENTED_EDGE('',*,*,#1299,.T.);
#1178=ORIENTED_EDGE('',*,*,#1512,.T.);
#1179=ORIENTED_EDGE('',*,*,#1342,.F.);
#1180=ORIENTED_EDGE('',*,*,#1511,.F.);
#1181=ORIENTED_EDGE('',*,*,#1300,.T.);
#1182=ORIENTED_EDGE('',*,*,#1513,.T.);
#1183=ORIENTED_EDGE('',*,*,#1295,.F.);
#1184=ORIENTED_EDGE('',*,*,#1291,.T.);
#1185=ORIENTED_EDGE('',*,*,#1296,.F.);
#1186=ORIENTED_EDGE('',*,*,#1292,.T.);
#1187=ORIENTED_EDGE('',*,*,#1297,.F.);
#1188=ORIENTED_EDGE('',*,*,#1293,.T.);
#1189=EDGE_CURVE('',#1514,#1515,#1733,.T.);
#1190=EDGE_CURVE('',#1514,#1516,#187,.T.);
#1191=EDGE_CURVE('',#1517,#1516,#188,.T.);
#1192=EDGE_CURVE('',#1518,#1517,#189,.T.);
#1193=EDGE_CURVE('',#1518,#1519,#190,.T.);
#1194=EDGE_CURVE('',#1520,#1519,#191,.T.);
#1195=EDGE_CURVE('',#1521,#1520,#192,.T.);
#1196=EDGE_CURVE('',#1521,#1522,#193,.T.);
#1197=EDGE_CURVE('',#1523,#1522,#194,.T.);
#1198=EDGE_CURVE('',#1524,#1523,#195,.T.);
#1199=EDGE_CURVE('',#1524,#1525,#196,.T.);
#1200=EDGE_CURVE('',#1526,#1525,#197,.T.);
#1201=EDGE_CURVE('',#1527,#1526,#198,.T.);
#1202=EDGE_CURVE('',#1527,#1528,#199,.T.);
#1203=EDGE_CURVE('',#1529,#1528,#200,.T.);
#1204=EDGE_CURVE('',#1530,#1529,#201,.T.);
#1205=EDGE_CURVE('',#1530,#1531,#202,.T.);
#1206=EDGE_CURVE('',#1532,#1531,#203,.T.);
#1207=EDGE_CURVE('',#1533,#1532,#204,.T.);
#1208=EDGE_CURVE('',#1533,#1534,#205,.T.);
#1209=EDGE_CURVE('',#1535,#1534,#206,.T.);
#1210=EDGE_CURVE('',#1536,#1535,#207,.T.);
#1211=EDGE_CURVE('',#1536,#1537,#208,.T.);
#1212=EDGE_CURVE('',#1538,#1537,#209,.T.);
#1213=EDGE_CURVE('',#1539,#1538,#210,.T.);
#1214=EDGE_CURVE('',#1539,#1540,#211,.T.);
#1215=EDGE_CURVE('',#1541,#1540,#212,.T.);
#1216=EDGE_CURVE('',#1542,#1541,#213,.T.);
#1217=EDGE_CURVE('',#1542,#1543,#214,.T.);
#1218=EDGE_CURVE('',#1544,#1543,#215,.T.);
#1219=EDGE_CURVE('',#1545,#1544,#216,.T.);
#1220=EDGE_CURVE('',#1545,#1546,#217,.T.);
#1221=EDGE_CURVE('',#1547,#1546,#218,.T.);
#1222=EDGE_CURVE('',#1548,#1547,#219,.T.);
#1223=EDGE_CURVE('',#1548,#1549,#1734,.T.);
#1224=EDGE_CURVE('',#1550,#1549,#86,.T.);
#1225=EDGE_CURVE('',#1551,#1550,#1735,.T.);
#1226=EDGE_CURVE('',#1552,#1551,#87,.F.);
#1227=EDGE_CURVE('',#1553,#1552,#88,.T.);
#1228=EDGE_CURVE('',#1554,#1553,#89,.F.);
#1229=EDGE_CURVE('',#1554,#1555,#1736,.T.);
#1230=EDGE_CURVE('',#1556,#1555,#90,.T.);
#1231=EDGE_CURVE('',#1557,#1556,#1737,.T.);
#1232=EDGE_CURVE('',#1558,#1557,#91,.F.);
#1233=EDGE_CURVE('',#1559,#1558,#92,.T.);
#1234=EDGE_CURVE('',#1560,#1559,#93,.F.);
#1235=EDGE_CURVE('',#1560,#1561,#1738,.T.);
#1236=EDGE_CURVE('',#1562,#1561,#94,.T.);
#1237=EDGE_CURVE('',#1563,#1562,#1739,.T.);
#1238=EDGE_CURVE('',#1564,#1563,#95,.F.);
#1239=EDGE_CURVE('',#1565,#1564,#96,.T.);
#1240=EDGE_CURVE('',#1566,#1565,#97,.F.);
#1241=EDGE_CURVE('',#1566,#1567,#1740,.T.);
#1242=EDGE_CURVE('',#1568,#1567,#98,.T.);
#1243=EDGE_CURVE('',#1569,#1568,#1741,.T.);
#1244=EDGE_CURVE('',#1570,#1569,#99,.F.);
#1245=EDGE_CURVE('',#1571,#1570,#100,.T.);
#1246=EDGE_CURVE('',#1572,#1571,#101,.F.);
#1247=EDGE_CURVE('',#1572,#1573,#1742,.T.);
#1248=EDGE_CURVE('',#1574,#1573,#102,.T.);
#1249=EDGE_CURVE('',#1575,#1574,#1743,.T.);
#1250=EDGE_CURVE('',#1576,#1575,#103,.F.);
#1251=EDGE_CURVE('',#1577,#1576,#104,.T.);
#1252=EDGE_CURVE('',#1578,#1577,#105,.F.);
#1253=EDGE_CURVE('',#1578,#1579,#1744,.T.);
#1254=EDGE_CURVE('',#1580,#1579,#106,.T.);
#1255=EDGE_CURVE('',#1581,#1580,#1745,.T.);
#1256=EDGE_CURVE('',#1582,#1581,#107,.F.);
#1257=EDGE_CURVE('',#1583,#1582,#108,.T.);
#1258=EDGE_CURVE('',#1584,#1583,#109,.F.);
#1259=EDGE_CURVE('',#1584,#1585,#1746,.T.);
#1260=EDGE_CURVE('',#1586,#1585,#110,.T.);
#1261=EDGE_CURVE('',#1587,#1586,#1747,.T.);
#1262=EDGE_CURVE('',#1588,#1587,#111,.F.);
#1263=EDGE_CURVE('',#1589,#1588,#112,.T.);
#1264=EDGE_CURVE('',#1590,#1589,#113,.F.);
#1265=EDGE_CURVE('',#1590,#1591,#1748,.T.);
#1266=EDGE_CURVE('',#1592,#1591,#114,.T.);
#1267=EDGE_CURVE('',#1593,#1592,#1749,.T.);
#1268=EDGE_CURVE('',#1594,#1593,#115,.F.);
#1269=EDGE_CURVE('',#1595,#1594,#116,.T.);
#1270=EDGE_CURVE('',#1596,#1595,#117,.F.);
#1271=EDGE_CURVE('',#1596,#1597,#1750,.T.);
#1272=EDGE_CURVE('',#1598,#1597,#118,.T.);
#1273=EDGE_CURVE('',#1599,#1598,#1751,.T.);
#1274=EDGE_CURVE('',#1600,#1599,#119,.F.);
#1275=EDGE_CURVE('',#1601,#1600,#120,.T.);
#1276=EDGE_CURVE('',#1602,#1601,#121,.F.);
#1277=EDGE_CURVE('',#1602,#1603,#1752,.T.);
#1278=EDGE_CURVE('',#1604,#1603,#122,.T.);
#1279=EDGE_CURVE('',#1605,#1604,#1753,.T.);
#1280=EDGE_CURVE('',#1606,#1605,#123,.F.);
#1281=EDGE_CURVE('',#1607,#1606,#124,.T.);
#1282=EDGE_CURVE('',#1608,#1607,#125,.F.);
#1283=EDGE_CURVE('',#1608,#1609,#1754,.T.);
#1284=EDGE_CURVE('',#1610,#1609,#126,.T.);
#1285=EDGE_CURVE('',#1611,#1610,#1755,.T.);
#1286=EDGE_CURVE('',#1612,#1611,#127,.F.);
#1287=EDGE_CURVE('',#1613,#1612,#128,.T.);
#1288=EDGE_CURVE('',#1614,#1613,#129,.F.);
#1289=EDGE_CURVE('',#1614,#1615,#1756,.T.);
#1290=EDGE_CURVE('',#1515,#1615,#130,.T.);
#1291=EDGE_CURVE('',#1616,#1616,#131,.F.);
#1292=EDGE_CURVE('',#1617,#1617,#132,.F.);
#1293=EDGE_CURVE('',#1618,#1618,#133,.F.);
#1294=EDGE_CURVE('',#1619,#1619,#134,.T.);
#1295=EDGE_CURVE('',#1620,#1620,#135,.F.);
#1296=EDGE_CURVE('',#1621,#1621,#136,.F.);
#1297=EDGE_CURVE('',#1622,#1622,#137,.F.);
#1298=EDGE_CURVE('',#1623,#1624,#138,.T.);
#1299=EDGE_CURVE('',#1625,#1623,#220,.T.);
#1300=EDGE_CURVE('',#1626,#1625,#139,.T.);
#1301=EDGE_CURVE('',#1624,#1626,#221,.T.);
#1302=EDGE_CURVE('',#1627,#1628,#1757,.T.);
#1303=EDGE_CURVE('',#1627,#1514,#222,.F.);
#1304=EDGE_CURVE('',#1515,#1628,#223,.T.);
#1305=EDGE_CURVE('',#1573,#1629,#224,.T.);
#1306=EDGE_CURVE('',#1630,#1629,#140,.T.);
#1307=EDGE_CURVE('',#1574,#1630,#225,.T.);
#1308=EDGE_CURVE('',#1579,#1631,#226,.T.);
#1309=EDGE_CURVE('',#1632,#1631,#141,.T.);
#1310=EDGE_CURVE('',#1580,#1632,#227,.T.);
#1311=EDGE_CURVE('',#1568,#1633,#228,.T.);
#1312=EDGE_CURVE('',#1567,#1634,#229,.T.);
#1313=EDGE_CURVE('',#1633,#1634,#142,.T.);
#1314=EDGE_CURVE('',#1562,#1635,#230,.T.);
#1315=EDGE_CURVE('',#1561,#1636,#231,.T.);
#1316=EDGE_CURVE('',#1635,#1636,#143,.T.);
#1317=EDGE_CURVE('',#1549,#1637,#232,.T.);
#1318=EDGE_CURVE('',#1638,#1637,#144,.T.);
#1319=EDGE_CURVE('',#1550,#1638,#233,.T.);
#1320=EDGE_CURVE('',#1556,#1639,#234,.T.);
#1321=EDGE_CURVE('',#1555,#1640,#235,.T.);
#1322=EDGE_CURVE('',#1639,#1640,#145,.T.);
#1323=EDGE_CURVE('',#1591,#1641,#236,.T.);
#1324=EDGE_CURVE('',#1642,#1641,#146,.T.);
#1325=EDGE_CURVE('',#1592,#1642,#237,.T.);
#1326=EDGE_CURVE('',#1597,#1643,#238,.T.);
#1327=EDGE_CURVE('',#1644,#1643,#147,.T.);
#1328=EDGE_CURVE('',#1598,#1644,#239,.T.);
#1329=EDGE_CURVE('',#1603,#1645,#240,.T.);
#1330=EDGE_CURVE('',#1646,#1645,#148,.T.);
#1331=EDGE_CURVE('',#1604,#1646,#241,.T.);
#1332=EDGE_CURVE('',#1609,#1647,#242,.T.);
#1333=EDGE_CURVE('',#1648,#1647,#149,.T.);
#1334=EDGE_CURVE('',#1610,#1648,#243,.T.);
#1335=EDGE_CURVE('',#1615,#1649,#244,.T.);
#1336=EDGE_CURVE('',#1628,#1649,#150,.T.);
#1337=EDGE_CURVE('',#1586,#1650,#245,.T.);
#1338=EDGE_CURVE('',#1585,#1651,#246,.T.);
#1339=EDGE_CURVE('',#1650,#1651,#151,.T.);
#1340=EDGE_CURVE('',#1652,#1653,#152,.T.);
#1341=EDGE_CURVE('',#1653,#1654,#247,.T.);
#1342=EDGE_CURVE('',#1654,#1655,#153,.T.);
#1343=EDGE_CURVE('',#1655,#1652,#248,.T.);
#1344=EDGE_CURVE('',#1656,#1637,#1758,.T.);
#1345=EDGE_CURVE('',#1656,#1657,#249,.T.);
#1346=EDGE_CURVE('',#1657,#1658,#250,.T.);
#1347=EDGE_CURVE('',#1659,#1658,#251,.T.);
#1348=EDGE_CURVE('',#1659,#1660,#252,.T.);
#1349=EDGE_CURVE('',#1660,#1661,#253,.T.);
#1350=EDGE_CURVE('',#1662,#1661,#254,.T.);
#1351=EDGE_CURVE('',#1662,#1663,#255,.T.);
#1352=EDGE_CURVE('',#1663,#1664,#256,.T.);
#1353=EDGE_CURVE('',#1665,#1664,#257,.T.);
#1354=EDGE_CURVE('',#1665,#1666,#258,.T.);
#1355=EDGE_CURVE('',#1666,#1667,#259,.T.);
#1356=EDGE_CURVE('',#1668,#1667,#260,.T.);
#1357=EDGE_CURVE('',#1668,#1669,#261,.T.);
#1358=EDGE_CURVE('',#1669,#1670,#262,.T.);
#1359=EDGE_CURVE('',#1671,#1670,#263,.T.);
#1360=EDGE_CURVE('',#1671,#1672,#264,.T.);
#1361=EDGE_CURVE('',#1672,#1673,#265,.T.);
#1362=EDGE_CURVE('',#1674,#1673,#266,.T.);
#1363=EDGE_CURVE('',#1674,#1675,#267,.T.);
#1364=EDGE_CURVE('',#1675,#1676,#268,.T.);
#1365=EDGE_CURVE('',#1677,#1676,#269,.T.);
#1366=EDGE_CURVE('',#1677,#1678,#270,.T.);
#1367=EDGE_CURVE('',#1678,#1679,#271,.T.);
#1368=EDGE_CURVE('',#1680,#1679,#272,.T.);
#1369=EDGE_CURVE('',#1680,#1681,#273,.T.);
#1370=EDGE_CURVE('',#1681,#1682,#274,.T.);
#1371=EDGE_CURVE('',#1683,#1682,#275,.T.);
#1372=EDGE_CURVE('',#1683,#1684,#276,.T.);
#1373=EDGE_CURVE('',#1684,#1685,#277,.T.);
#1374=EDGE_CURVE('',#1686,#1685,#278,.T.);
#1375=EDGE_CURVE('',#1686,#1687,#279,.T.);
#1376=EDGE_CURVE('',#1687,#1688,#280,.T.);
#1377=EDGE_CURVE('',#1627,#1688,#281,.T.);
#1378=EDGE_CURVE('',#1689,#1649,#1759,.T.);
#1379=EDGE_CURVE('',#1690,#1689,#154,.T.);
#1380=EDGE_CURVE('',#1690,#1691,#155,.T.);
#1381=EDGE_CURVE('',#1692,#1691,#156,.T.);
#1382=EDGE_CURVE('',#1692,#1648,#1760,.T.);
#1383=EDGE_CURVE('',#1693,#1647,#1761,.T.);
#1384=EDGE_CURVE('',#1694,#1693,#157,.T.);
#1385=EDGE_CURVE('',#1694,#1695,#158,.T.);
#1386=EDGE_CURVE('',#1696,#1695,#159,.T.);
#1387=EDGE_CURVE('',#1696,#1646,#1762,.T.);
#1388=EDGE_CURVE('',#1697,#1645,#1763,.T.);
#1389=EDGE_CURVE('',#1698,#1697,#160,.T.);
#1390=EDGE_CURVE('',#1698,#1699,#161,.T.);
#1391=EDGE_CURVE('',#1700,#1699,#162,.T.);
#1392=EDGE_CURVE('',#1700,#1644,#1764,.T.);
#1393=EDGE_CURVE('',#1701,#1643,#1765,.T.);
#1394=EDGE_CURVE('',#1702,#1701,#163,.T.);
#1395=EDGE_CURVE('',#1702,#1703,#164,.T.);
#1396=EDGE_CURVE('',#1704,#1703,#165,.T.);
#1397=EDGE_CURVE('',#1704,#1642,#1766,.T.);
#1398=EDGE_CURVE('',#1705,#1641,#1767,.T.);
#1399=EDGE_CURVE('',#1706,#1705,#166,.T.);
#1400=EDGE_CURVE('',#1706,#1707,#167,.T.);
#1401=EDGE_CURVE('',#1708,#1707,#168,.T.);
#1402=EDGE_CURVE('',#1708,#1650,#1768,.T.);
#1403=EDGE_CURVE('',#1709,#1651,#1769,.T.);
#1404=EDGE_CURVE('',#1710,#1709,#169,.T.);
#1405=EDGE_CURVE('',#1710,#1711,#170,.T.);
#1406=EDGE_CURVE('',#1712,#1711,#171,.T.);
#1407=EDGE_CURVE('',#1712,#1632,#1770,.T.);
#1408=EDGE_CURVE('',#1713,#1631,#1771,.T.);
#1409=EDGE_CURVE('',#1714,#1713,#172,.T.);
#1410=EDGE_CURVE('',#1714,#1715,#173,.T.);
#1411=EDGE_CURVE('',#1716,#1715,#174,.T.);
#1412=EDGE_CURVE('',#1716,#1630,#1772,.T.);
#1413=EDGE_CURVE('',#1717,#1629,#1773,.T.);
#1414=EDGE_CURVE('',#1718,#1717,#175,.T.);
#1415=EDGE_CURVE('',#1718,#1719,#176,.T.);
#1416=EDGE_CURVE('',#1720,#1719,#177,.T.);
#1417=EDGE_CURVE('',#1720,#1633,#1774,.T.);
#1418=EDGE_CURVE('',#1721,#1634,#1775,.T.);
#1419=EDGE_CURVE('',#1722,#1721,#178,.T.);
#1420=EDGE_CURVE('',#1722,#1723,#179,.T.);
#1421=EDGE_CURVE('',#1724,#1723,#180,.T.);
#1422=EDGE_CURVE('',#1724,#1635,#1776,.T.);
#1423=EDGE_CURVE('',#1725,#1636,#1777,.T.);
#1424=EDGE_CURVE('',#1726,#1725,#181,.T.);
#1425=EDGE_CURVE('',#1726,#1727,#182,.T.);
#1426=EDGE_CURVE('',#1728,#1727,#183,.T.);
#1427=EDGE_CURVE('',#1728,#1639,#1778,.T.);
#1428=EDGE_CURVE('',#1729,#1640,#1779,.T.);
#1429=EDGE_CURVE('',#1730,#1729,#184,.T.);
#1430=EDGE_CURVE('',#1730,#1731,#185,.T.);
#1431=EDGE_CURVE('',#1732,#1731,#186,.T.);
#1432=EDGE_CURVE('',#1732,#1638,#1780,.T.);
#1433=EDGE_CURVE('',#1709,#1584,#282,.F.);
#1434=EDGE_CURVE('',#1581,#1712,#283,.T.);
#1435=EDGE_CURVE('',#1711,#1582,#284,.F.);
#1436=EDGE_CURVE('',#1583,#1710,#285,.T.);
#1437=EDGE_CURVE('',#1689,#1614,#286,.F.);
#1438=EDGE_CURVE('',#1611,#1692,#287,.T.);
#1439=EDGE_CURVE('',#1691,#1612,#288,.F.);
#1440=EDGE_CURVE('',#1613,#1690,#289,.T.);
#1441=EDGE_CURVE('',#1693,#1608,#290,.F.);
#1442=EDGE_CURVE('',#1605,#1696,#291,.T.);
#1443=EDGE_CURVE('',#1695,#1606,#292,.F.);
#1444=EDGE_CURVE('',#1607,#1694,#293,.T.);
#1445=EDGE_CURVE('',#1697,#1602,#294,.F.);
#1446=EDGE_CURVE('',#1599,#1700,#295,.T.);
#1447=EDGE_CURVE('',#1699,#1600,#296,.F.);
#1448=EDGE_CURVE('',#1601,#1698,#297,.T.);
#1449=EDGE_CURVE('',#1701,#1596,#298,.F.);
#1450=EDGE_CURVE('',#1593,#1704,#299,.T.);
#1451=EDGE_CURVE('',#1703,#1594,#300,.F.);
#1452=EDGE_CURVE('',#1595,#1702,#301,.T.);
#1453=EDGE_CURVE('',#1705,#1590,#302,.F.);
#1454=EDGE_CURVE('',#1587,#1708,#303,.T.);
#1455=EDGE_CURVE('',#1707,#1588,#304,.F.);
#1456=EDGE_CURVE('',#1589,#1706,#305,.T.);
#1457=EDGE_CURVE('',#1729,#1554,#306,.F.);
#1458=EDGE_CURVE('',#1551,#1732,#307,.T.);
#1459=EDGE_CURVE('',#1731,#1552,#308,.F.);
#1460=EDGE_CURVE('',#1553,#1730,#309,.T.);
#1461=EDGE_CURVE('',#1548,#1656,#310,.T.);
#1462=EDGE_CURVE('',#1725,#1560,#311,.F.);
#1463=EDGE_CURVE('',#1557,#1728,#312,.T.);
#1464=EDGE_CURVE('',#1727,#1558,#313,.F.);
#1465=EDGE_CURVE('',#1559,#1726,#314,.T.);
#1466=EDGE_CURVE('',#1721,#1566,#315,.F.);
#1467=EDGE_CURVE('',#1563,#1724,#316,.T.);
#1468=EDGE_CURVE('',#1723,#1564,#317,.F.);
#1469=EDGE_CURVE('',#1565,#1722,#318,.T.);
#1470=EDGE_CURVE('',#1713,#1578,#319,.F.);
#1471=EDGE_CURVE('',#1575,#1716,#320,.T.);
#1472=EDGE_CURVE('',#1715,#1576,#321,.F.);
#1473=EDGE_CURVE('',#1577,#1714,#322,.T.);
#1474=EDGE_CURVE('',#1717,#1572,#323,.F.);
#1475=EDGE_CURVE('',#1569,#1720,#324,.T.);
#1476=EDGE_CURVE('',#1719,#1570,#325,.F.);
#1477=EDGE_CURVE('',#1571,#1718,#326,.T.);
#1478=EDGE_CURVE('',#1547,#1657,#327,.T.);
#1479=EDGE_CURVE('',#1546,#1658,#328,.T.);
#1480=EDGE_CURVE('',#1545,#1659,#329,.T.);
#1481=EDGE_CURVE('',#1544,#1660,#330,.T.);
#1482=EDGE_CURVE('',#1543,#1661,#331,.T.);
#1483=EDGE_CURVE('',#1542,#1662,#332,.T.);
#1484=EDGE_CURVE('',#1541,#1663,#333,.T.);
#1485=EDGE_CURVE('',#1540,#1664,#334,.T.);
#1486=EDGE_CURVE('',#1539,#1665,#335,.T.);
#1487=EDGE_CURVE('',#1538,#1666,#336,.T.);
#1488=EDGE_CURVE('',#1537,#1667,#337,.T.);
#1489=EDGE_CURVE('',#1536,#1668,#338,.T.);
#1490=EDGE_CURVE('',#1535,#1669,#339,.T.);
#1491=EDGE_CURVE('',#1534,#1670,#340,.T.);
#1492=EDGE_CURVE('',#1533,#1671,#341,.T.);
#1493=EDGE_CURVE('',#1532,#1672,#342,.T.);
#1494=EDGE_CURVE('',#1531,#1673,#343,.T.);
#1495=EDGE_CURVE('',#1530,#1674,#344,.T.);
#1496=EDGE_CURVE('',#1529,#1675,#345,.T.);
#1497=EDGE_CURVE('',#1528,#1676,#346,.T.);
#1498=EDGE_CURVE('',#1527,#1677,#347,.T.);
#1499=EDGE_CURVE('',#1526,#1678,#348,.T.);
#1500=EDGE_CURVE('',#1525,#1679,#349,.T.);
#1501=EDGE_CURVE('',#1524,#1680,#350,.T.);
#1502=EDGE_CURVE('',#1523,#1681,#351,.T.);
#1503=EDGE_CURVE('',#1522,#1682,#352,.T.);
#1504=EDGE_CURVE('',#1521,#1683,#353,.T.);
#1505=EDGE_CURVE('',#1520,#1684,#354,.T.);
#1506=EDGE_CURVE('',#1519,#1685,#355,.T.);
#1507=EDGE_CURVE('',#1518,#1686,#356,.T.);
#1508=EDGE_CURVE('',#1517,#1687,#357,.T.);
#1509=EDGE_CURVE('',#1516,#1688,#358,.T.);
#1510=EDGE_CURVE('',#1624,#1653,#359,.T.);
#1511=EDGE_CURVE('',#1626,#1654,#360,.T.);
#1512=EDGE_CURVE('',#1623,#1652,#361,.T.);
#1513=EDGE_CURVE('',#1625,#1655,#362,.T.);
#1514=VERTEX_POINT('',#2977);
#1515=VERTEX_POINT('',#2978);
#1516=VERTEX_POINT('',#2980);
#1517=VERTEX_POINT('',#2982);
#1518=VERTEX_POINT('',#2984);
#1519=VERTEX_POINT('',#2986);
#1520=VERTEX_POINT('',#2988);
#1521=VERTEX_POINT('',#2990);
#1522=VERTEX_POINT('',#2992);
#1523=VERTEX_POINT('',#2994);
#1524=VERTEX_POINT('',#2996);
#1525=VERTEX_POINT('',#2998);
#1526=VERTEX_POINT('',#3000);
#1527=VERTEX_POINT('',#3002);
#1528=VERTEX_POINT('',#3004);
#1529=VERTEX_POINT('',#3006);
#1530=VERTEX_POINT('',#3008);
#1531=VERTEX_POINT('',#3010);
#1532=VERTEX_POINT('',#3012);
#1533=VERTEX_POINT('',#3014);
#1534=VERTEX_POINT('',#3016);
#1535=VERTEX_POINT('',#3018);
#1536=VERTEX_POINT('',#3020);
#1537=VERTEX_POINT('',#3022);
#1538=VERTEX_POINT('',#3024);
#1539=VERTEX_POINT('',#3026);
#1540=VERTEX_POINT('',#3028);
#1541=VERTEX_POINT('',#3030);
#1542=VERTEX_POINT('',#3032);
#1543=VERTEX_POINT('',#3034);
#1544=VERTEX_POINT('',#3036);
#1545=VERTEX_POINT('',#3038);
#1546=VERTEX_POINT('',#3040);
#1547=VERTEX_POINT('',#3042);
#1548=VERTEX_POINT('',#3044);
#1549=VERTEX_POINT('',#3083);
#1550=VERTEX_POINT('',#3085);
#1551=VERTEX_POINT('',#3124);
#1552=VERTEX_POINT('',#3126);
#1553=VERTEX_POINT('',#3128);
#1554=VERTEX_POINT('',#3130);
#1555=VERTEX_POINT('',#3169);
#1556=VERTEX_POINT('',#3171);
#1557=VERTEX_POINT('',#3210);
#1558=VERTEX_POINT('',#3212);
#1559=VERTEX_POINT('',#3214);
#1560=VERTEX_POINT('',#3216);
#1561=VERTEX_POINT('',#3255);
#1562=VERTEX_POINT('',#3257);
#1563=VERTEX_POINT('',#3296);
#1564=VERTEX_POINT('',#3298);
#1565=VERTEX_POINT('',#3300);
#1566=VERTEX_POINT('',#3302);
#1567=VERTEX_POINT('',#3341);
#1568=VERTEX_POINT('',#3343);
#1569=VERTEX_POINT('',#3382);
#1570=VERTEX_POINT('',#3384);
#1571=VERTEX_POINT('',#3386);
#1572=VERTEX_POINT('',#3388);
#1573=VERTEX_POINT('',#3427);
#1574=VERTEX_POINT('',#3429);
#1575=VERTEX_POINT('',#3468);
#1576=VERTEX_POINT('',#3470);
#1577=VERTEX_POINT('',#3472);
#1578=VERTEX_POINT('',#3474);
#1579=VERTEX_POINT('',#3513);
#1580=VERTEX_POINT('',#3515);
#1581=VERTEX_POINT('',#3554);
#1582=VERTEX_POINT('',#3556);
#1583=VERTEX_POINT('',#3558);
#1584=VERTEX_POINT('',#3560);
#1585=VERTEX_POINT('',#3599);
#1586=VERTEX_POINT('',#3601);
#1587=VERTEX_POINT('',#3640);
#1588=VERTEX_POINT('',#3642);
#1589=VERTEX_POINT('',#3644);
#1590=VERTEX_POINT('',#3646);
#1591=VERTEX_POINT('',#3685);
#1592=VERTEX_POINT('',#3687);
#1593=VERTEX_POINT('',#3726);
#1594=VERTEX_POINT('',#3728);
#1595=VERTEX_POINT('',#3730);
#1596=VERTEX_POINT('',#3732);
#1597=VERTEX_POINT('',#3771);
#1598=VERTEX_POINT('',#3773);
#1599=VERTEX_POINT('',#3812);
#1600=VERTEX_POINT('',#3814);
#1601=VERTEX_POINT('',#3816);
#1602=VERTEX_POINT('',#3818);
#1603=VERTEX_POINT('',#3857);
#1604=VERTEX_POINT('',#3859);
#1605=VERTEX_POINT('',#3898);
#1606=VERTEX_POINT('',#3900);
#1607=VERTEX_POINT('',#3902);
#1608=VERTEX_POINT('',#3904);
#1609=VERTEX_POINT('',#3943);
#1610=VERTEX_POINT('',#3945);
#1611=VERTEX_POINT('',#3984);
#1612=VERTEX_POINT('',#3986);
#1613=VERTEX_POINT('',#3988);
#1614=VERTEX_POINT('',#3990);
#1615=VERTEX_POINT('',#4029);
#1616=VERTEX_POINT('',#4032);
#1617=VERTEX_POINT('',#4034);
#1618=VERTEX_POINT('',#4036);
#1619=VERTEX_POINT('',#4038);
#1620=VERTEX_POINT('',#4041);
#1621=VERTEX_POINT('',#4043);
#1622=VERTEX_POINT('',#4045);
#1623=VERTEX_POINT('',#4047);
#1624=VERTEX_POINT('',#4048);
#1625=VERTEX_POINT('',#4050);
#1626=VERTEX_POINT('',#4052);
#1627=VERTEX_POINT('',#4100);
#1628=VERTEX_POINT('',#4101);
#1629=VERTEX_POINT('',#4106);
#1630=VERTEX_POINT('',#4108);
#1631=VERTEX_POINT('',#4112);
#1632=VERTEX_POINT('',#4114);
#1633=VERTEX_POINT('',#4118);
#1634=VERTEX_POINT('',#4120);
#1635=VERTEX_POINT('',#4124);
#1636=VERTEX_POINT('',#4126);
#1637=VERTEX_POINT('',#4130);
#1638=VERTEX_POINT('',#4132);
#1639=VERTEX_POINT('',#4136);
#1640=VERTEX_POINT('',#4138);
#1641=VERTEX_POINT('',#4142);
#1642=VERTEX_POINT('',#4144);
#1643=VERTEX_POINT('',#4148);
#1644=VERTEX_POINT('',#4150);
#1645=VERTEX_POINT('',#4154);
#1646=VERTEX_POINT('',#4156);
#1647=VERTEX_POINT('',#4160);
#1648=VERTEX_POINT('',#4162);
#1649=VERTEX_POINT('',#4166);
#1650=VERTEX_POINT('',#4170);
#1651=VERTEX_POINT('',#4172);
#1652=VERTEX_POINT('',#4176);
#1653=VERTEX_POINT('',#4177);
#1654=VERTEX_POINT('',#4179);
#1655=VERTEX_POINT('',#4181);
#1656=VERTEX_POINT('',#4221);
#1657=VERTEX_POINT('',#4223);
#1658=VERTEX_POINT('',#4225);
#1659=VERTEX_POINT('',#4227);
#1660=VERTEX_POINT('',#4229);
#1661=VERTEX_POINT('',#4231);
#1662=VERTEX_POINT('',#4233);
#1663=VERTEX_POINT('',#4235);
#1664=VERTEX_POINT('',#4237);
#1665=VERTEX_POINT('',#4239);
#1666=VERTEX_POINT('',#4241);
#1667=VERTEX_POINT('',#4243);
#1668=VERTEX_POINT('',#4245);
#1669=VERTEX_POINT('',#4247);
#1670=VERTEX_POINT('',#4249);
#1671=VERTEX_POINT('',#4251);
#1672=VERTEX_POINT('',#4253);
#1673=VERTEX_POINT('',#4255);
#1674=VERTEX_POINT('',#4257);
#1675=VERTEX_POINT('',#4259);
#1676=VERTEX_POINT('',#4261);
#1677=VERTEX_POINT('',#4263);
#1678=VERTEX_POINT('',#4265);
#1679=VERTEX_POINT('',#4267);
#1680=VERTEX_POINT('',#4269);
#1681=VERTEX_POINT('',#4271);
#1682=VERTEX_POINT('',#4273);
#1683=VERTEX_POINT('',#4275);
#1684=VERTEX_POINT('',#4277);
#1685=VERTEX_POINT('',#4279);
#1686=VERTEX_POINT('',#4281);
#1687=VERTEX_POINT('',#4283);
#1688=VERTEX_POINT('',#4285);
#1689=VERTEX_POINT('',#4325);
#1690=VERTEX_POINT('',#4327);
#1691=VERTEX_POINT('',#4329);
#1692=VERTEX_POINT('',#4331);
#1693=VERTEX_POINT('',#4408);
#1694=VERTEX_POINT('',#4410);
#1695=VERTEX_POINT('',#4412);
#1696=VERTEX_POINT('',#4414);
#1697=VERTEX_POINT('',#4491);
#1698=VERTEX_POINT('',#4493);
#1699=VERTEX_POINT('',#4495);
#1700=VERTEX_POINT('',#4497);
#1701=VERTEX_POINT('',#4574);
#1702=VERTEX_POINT('',#4576);
#1703=VERTEX_POINT('',#4578);
#1704=VERTEX_POINT('',#4580);
#1705=VERTEX_POINT('',#4657);
#1706=VERTEX_POINT('',#4659);
#1707=VERTEX_POINT('',#4661);
#1708=VERTEX_POINT('',#4663);
#1709=VERTEX_POINT('',#4740);
#1710=VERTEX_POINT('',#4742);
#1711=VERTEX_POINT('',#4744);
#1712=VERTEX_POINT('',#4746);
#1713=VERTEX_POINT('',#4823);
#1714=VERTEX_POINT('',#4825);
#1715=VERTEX_POINT('',#4827);
#1716=VERTEX_POINT('',#4829);
#1717=VERTEX_POINT('',#4906);
#1718=VERTEX_POINT('',#4908);
#1719=VERTEX_POINT('',#4910);
#1720=VERTEX_POINT('',#4912);
#1721=VERTEX_POINT('',#4989);
#1722=VERTEX_POINT('',#4991);
#1723=VERTEX_POINT('',#4993);
#1724=VERTEX_POINT('',#4995);
#1725=VERTEX_POINT('',#5072);
#1726=VERTEX_POINT('',#5074);
#1727=VERTEX_POINT('',#5076);
#1728=VERTEX_POINT('',#5078);
#1729=VERTEX_POINT('',#5155);
#1730=VERTEX_POINT('',#5157);
#1731=VERTEX_POINT('',#5159);
#1732=VERTEX_POINT('',#5161);
#1733=B_SPLINE_CURVE_WITH_KNOTS('',3,(#2939,#2940,#2941,#2942,#2943,#2944,
#2945,#2946,#2947,#2948,#2949,#2950,#2951,#2952,#2953,#2954,#2955,#2956,
#2957,#2958,#2959,#2960,#2961,#2962,#2963,#2964,#2965,#2966,#2967,#2968,
#2969,#2970,#2971,#2972,#2973,#2974,#2975,#2976),.UNSPECIFIED.,.F.,.F.,
(4,1,1,1,1,1,1,1,1,1,1,1,1,1,1,1,1,1,1,1,1,1,1,1,1,1,1,1,1,1,1,1,1,1,1,
4),(0.,0.114423705043571,0.122317937526407,0.132509345825635,0.144567982089451,
0.158241190085215,0.173357490114654,0.189790640664139,0.207442675895648,
0.226234702367676,0.246101412468417,0.26698758209486,0.288845715436998,
0.311634394749706,0.335317084978891,0.359861243718046,0.385237642989262,
0.411419842128423,0.438383771062814,0.466107395923514,0.494570447187792,
0.523754196075566,0.553641268716254,0.584215490258701,0.615461752992564,
0.647365903925467,0.679914648274108,0.713095466085064,0.746896539774235,
0.781306690812603,0.816315324125411,0.851912379037056,0.888088285803006,
0.924833926936322,0.962140602669513,0.985181975561317),.UNSPECIFIED.);
#1734=B_SPLINE_CURVE_WITH_KNOTS('',3,(#3045,#3046,#3047,#3048,#3049,#3050,
#3051,#3052,#3053,#3054,#3055,#3056,#3057,#3058,#3059,#3060,#3061,#3062,
#3063,#3064,#3065,#3066,#3067,#3068,#3069,#3070,#3071,#3072,#3073,#3074,
#3075,#3076,#3077,#3078,#3079,#3080,#3081,#3082),.UNSPECIFIED.,.F.,.F.,
(4,1,1,1,1,1,1,1,1,1,1,1,1,1,1,1,1,1,1,1,1,1,1,1,1,1,1,1,1,1,1,1,1,1,1,
4),(0.,0.114423705043571,0.122317937526407,0.132509345825635,0.144567982089451,
0.158241190085215,0.173357490114654,0.189790640664139,0.207442675895648,
0.226234702367676,0.246101412468417,0.26698758209486,0.288845715436998,
0.311634394749706,0.335317084978891,0.359861243718046,0.385237642989262,
0.411419842128423,0.438383771062814,0.466107395923514,0.494570447187792,
0.523754196075566,0.553641268716254,0.584215490258701,0.615461752992564,
0.647365903925467,0.679914648274108,0.713095466085064,0.746896539774235,
0.781306690812603,0.816315324125411,0.851912379037056,0.888088285803006,
0.924833926936322,0.962140602669513,0.985181975561317),.UNSPECIFIED.);
#1735=B_SPLINE_CURVE_WITH_KNOTS('',3,(#3086,#3087,#3088,#3089,#3090,#3091,
#3092,#3093,#3094,#3095,#3096,#3097,#3098,#3099,#3100,#3101,#3102,#3103,
#3104,#3105,#3106,#3107,#3108,#3109,#3110,#3111,#3112,#3113,#3114,#3115,
#3116,#3117,#3118,#3119,#3120,#3121,#3122,#3123),.UNSPECIFIED.,.F.,.F.,
(4,1,1,1,1,1,1,1,1,1,1,1,1,1,1,1,1,1,1,1,1,1,1,1,1,1,1,1,1,1,1,1,1,1,1,
4),(0.,0.114423705043571,0.122317937526407,0.132509345825635,0.144567982089451,
0.158241190085215,0.173357490114654,0.189790640664139,0.207442675895648,
0.226234702367676,0.246101412468417,0.26698758209486,0.288845715436998,
0.311634394749706,0.335317084978891,0.359861243718046,0.385237642989262,
0.411419842128423,0.438383771062814,0.466107395923514,0.494570447187792,
0.523754196075566,0.553641268716254,0.584215490258701,0.615461752992564,
0.647365903925467,0.679914648274108,0.713095466085064,0.746896539774235,
0.781306690812603,0.816315324125411,0.851912379037056,0.888088285803006,
0.924833926936322,0.962140602669513,0.985181975561317),.UNSPECIFIED.);
#1736=B_SPLINE_CURVE_WITH_KNOTS('',3,(#3131,#3132,#3133,#3134,#3135,#3136,
#3137,#3138,#3139,#3140,#3141,#3142,#3143,#3144,#3145,#3146,#3147,#3148,
#3149,#3150,#3151,#3152,#3153,#3154,#3155,#3156,#3157,#3158,#3159,#3160,
#3161,#3162,#3163,#3164,#3165,#3166,#3167,#3168),.UNSPECIFIED.,.F.,.F.,
(4,1,1,1,1,1,1,1,1,1,1,1,1,1,1,1,1,1,1,1,1,1,1,1,1,1,1,1,1,1,1,1,1,1,1,
4),(0.,0.114423705043571,0.122317937526407,0.132509345825635,0.144567982089451,
0.158241190085215,0.173357490114654,0.189790640664139,0.207442675895648,
0.226234702367676,0.246101412468417,0.26698758209486,0.288845715436998,
0.311634394749706,0.335317084978891,0.359861243718046,0.385237642989262,
0.411419842128423,0.438383771062814,0.466107395923514,0.494570447187792,
0.523754196075566,0.553641268716254,0.584215490258701,0.615461752992564,
0.647365903925467,0.679914648274108,0.713095466085064,0.746896539774235,
0.781306690812603,0.816315324125411,0.851912379037056,0.888088285803006,
0.924833926936322,0.962140602669513,0.985181975561317),.UNSPECIFIED.);
#1737=B_SPLINE_CURVE_WITH_KNOTS('',3,(#3172,#3173,#3174,#3175,#3176,#3177,
#3178,#3179,#3180,#3181,#3182,#3183,#3184,#3185,#3186,#3187,#3188,#3189,
#3190,#3191,#3192,#3193,#3194,#3195,#3196,#3197,#3198,#3199,#3200,#3201,
#3202,#3203,#3204,#3205,#3206,#3207,#3208,#3209),.UNSPECIFIED.,.F.,.F.,
(4,1,1,1,1,1,1,1,1,1,1,1,1,1,1,1,1,1,1,1,1,1,1,1,1,1,1,1,1,1,1,1,1,1,1,
4),(0.,0.114423705043571,0.122317937526407,0.132509345825635,0.144567982089451,
0.158241190085215,0.173357490114654,0.189790640664139,0.207442675895648,
0.226234702367676,0.246101412468417,0.26698758209486,0.288845715436998,
0.311634394749706,0.335317084978891,0.359861243718046,0.385237642989262,
0.411419842128423,0.438383771062814,0.466107395923514,0.494570447187792,
0.523754196075566,0.553641268716254,0.584215490258701,0.615461752992564,
0.647365903925467,0.679914648274108,0.713095466085064,0.746896539774235,
0.781306690812603,0.816315324125411,0.851912379037056,0.888088285803006,
0.924833926936322,0.962140602669513,0.985181975561317),.UNSPECIFIED.);
#1738=B_SPLINE_CURVE_WITH_KNOTS('',3,(#3217,#3218,#3219,#3220,#3221,#3222,
#3223,#3224,#3225,#3226,#3227,#3228,#3229,#3230,#3231,#3232,#3233,#3234,
#3235,#3236,#3237,#3238,#3239,#3240,#3241,#3242,#3243,#3244,#3245,#3246,
#3247,#3248,#3249,#3250,#3251,#3252,#3253,#3254),.UNSPECIFIED.,.F.,.F.,
(4,1,1,1,1,1,1,1,1,1,1,1,1,1,1,1,1,1,1,1,1,1,1,1,1,1,1,1,1,1,1,1,1,1,1,
4),(0.,0.114423705043571,0.122317937526407,0.132509345825635,0.144567982089451,
0.158241190085215,0.173357490114654,0.189790640664139,0.207442675895648,
0.226234702367676,0.246101412468417,0.26698758209486,0.288845715436998,
0.311634394749706,0.335317084978891,0.359861243718046,0.385237642989262,
0.411419842128423,0.438383771062814,0.466107395923514,0.494570447187792,
0.523754196075566,0.553641268716254,0.584215490258701,0.615461752992564,
0.647365903925467,0.679914648274108,0.713095466085064,0.746896539774235,
0.781306690812603,0.816315324125411,0.851912379037056,0.888088285803006,
0.924833926936322,0.962140602669513,0.985181975561317),.UNSPECIFIED.);
#1739=B_SPLINE_CURVE_WITH_KNOTS('',3,(#3258,#3259,#3260,#3261,#3262,#3263,
#3264,#3265,#3266,#3267,#3268,#3269,#3270,#3271,#3272,#3273,#3274,#3275,
#3276,#3277,#3278,#3279,#3280,#3281,#3282,#3283,#3284,#3285,#3286,#3287,
#3288,#3289,#3290,#3291,#3292,#3293,#3294,#3295),.UNSPECIFIED.,.F.,.F.,
(4,1,1,1,1,1,1,1,1,1,1,1,1,1,1,1,1,1,1,1,1,1,1,1,1,1,1,1,1,1,1,1,1,1,1,
4),(0.,0.114423705043571,0.122317937526407,0.132509345825635,0.144567982089451,
0.158241190085215,0.173357490114654,0.189790640664139,0.207442675895648,
0.226234702367676,0.246101412468417,0.26698758209486,0.288845715436998,
0.311634394749706,0.335317084978891,0.359861243718046,0.385237642989262,
0.411419842128423,0.438383771062814,0.466107395923514,0.494570447187792,
0.523754196075566,0.553641268716254,0.584215490258701,0.615461752992564,
0.647365903925467,0.679914648274108,0.713095466085064,0.746896539774235,
0.781306690812603,0.816315324125411,0.851912379037056,0.888088285803006,
0.924833926936322,0.962140602669513,0.985181975561317),.UNSPECIFIED.);
#1740=B_SPLINE_CURVE_WITH_KNOTS('',3,(#3303,#3304,#3305,#3306,#3307,#3308,
#3309,#3310,#3311,#3312,#3313,#3314,#3315,#3316,#3317,#3318,#3319,#3320,
#3321,#3322,#3323,#3324,#3325,#3326,#3327,#3328,#3329,#3330,#3331,#3332,
#3333,#3334,#3335,#3336,#3337,#3338,#3339,#3340),.UNSPECIFIED.,.F.,.F.,
(4,1,1,1,1,1,1,1,1,1,1,1,1,1,1,1,1,1,1,1,1,1,1,1,1,1,1,1,1,1,1,1,1,1,1,
4),(0.,0.114423705043571,0.122317937526407,0.132509345825635,0.144567982089451,
0.158241190085215,0.173357490114654,0.189790640664139,0.207442675895648,
0.226234702367676,0.246101412468417,0.26698758209486,0.288845715436998,
0.311634394749706,0.335317084978891,0.359861243718046,0.385237642989262,
0.411419842128423,0.438383771062814,0.466107395923514,0.494570447187792,
0.523754196075566,0.553641268716254,0.584215490258701,0.615461752992564,
0.647365903925467,0.679914648274108,0.713095466085064,0.746896539774235,
0.781306690812603,0.816315324125411,0.851912379037056,0.888088285803006,
0.924833926936322,0.962140602669513,0.985181975561317),.UNSPECIFIED.);
#1741=B_SPLINE_CURVE_WITH_KNOTS('',3,(#3344,#3345,#3346,#3347,#3348,#3349,
#3350,#3351,#3352,#3353,#3354,#3355,#3356,#3357,#3358,#3359,#3360,#3361,
#3362,#3363,#3364,#3365,#3366,#3367,#3368,#3369,#3370,#3371,#3372,#3373,
#3374,#3375,#3376,#3377,#3378,#3379,#3380,#3381),.UNSPECIFIED.,.F.,.F.,
(4,1,1,1,1,1,1,1,1,1,1,1,1,1,1,1,1,1,1,1,1,1,1,1,1,1,1,1,1,1,1,1,1,1,1,
4),(0.,0.114423705043571,0.122317937526407,0.132509345825635,0.144567982089451,
0.158241190085215,0.173357490114654,0.189790640664139,0.207442675895648,
0.226234702367676,0.246101412468417,0.26698758209486,0.288845715436998,
0.311634394749706,0.335317084978891,0.359861243718046,0.385237642989262,
0.411419842128423,0.438383771062814,0.466107395923514,0.494570447187792,
0.523754196075566,0.553641268716254,0.584215490258701,0.615461752992564,
0.647365903925467,0.679914648274108,0.713095466085064,0.746896539774235,
0.781306690812603,0.816315324125411,0.851912379037056,0.888088285803006,
0.924833926936322,0.962140602669513,0.985181975561317),.UNSPECIFIED.);
#1742=B_SPLINE_CURVE_WITH_KNOTS('',3,(#3389,#3390,#3391,#3392,#3393,#3394,
#3395,#3396,#3397,#3398,#3399,#3400,#3401,#3402,#3403,#3404,#3405,#3406,
#3407,#3408,#3409,#3410,#3411,#3412,#3413,#3414,#3415,#3416,#3417,#3418,
#3419,#3420,#3421,#3422,#3423,#3424,#3425,#3426),.UNSPECIFIED.,.F.,.F.,
(4,1,1,1,1,1,1,1,1,1,1,1,1,1,1,1,1,1,1,1,1,1,1,1,1,1,1,1,1,1,1,1,1,1,1,
4),(0.,0.114423705043571,0.122317937526407,0.132509345825635,0.144567982089451,
0.158241190085215,0.173357490114654,0.189790640664139,0.207442675895648,
0.226234702367676,0.246101412468417,0.26698758209486,0.288845715436998,
0.311634394749706,0.335317084978891,0.359861243718046,0.385237642989262,
0.411419842128423,0.438383771062814,0.466107395923514,0.494570447187792,
0.523754196075566,0.553641268716254,0.584215490258701,0.615461752992564,
0.647365903925467,0.679914648274108,0.713095466085064,0.746896539774235,
0.781306690812603,0.816315324125411,0.851912379037056,0.888088285803006,
0.924833926936322,0.962140602669513,0.985181975561317),.UNSPECIFIED.);
#1743=B_SPLINE_CURVE_WITH_KNOTS('',3,(#3430,#3431,#3432,#3433,#3434,#3435,
#3436,#3437,#3438,#3439,#3440,#3441,#3442,#3443,#3444,#3445,#3446,#3447,
#3448,#3449,#3450,#3451,#3452,#3453,#3454,#3455,#3456,#3457,#3458,#3459,
#3460,#3461,#3462,#3463,#3464,#3465,#3466,#3467),.UNSPECIFIED.,.F.,.F.,
(4,1,1,1,1,1,1,1,1,1,1,1,1,1,1,1,1,1,1,1,1,1,1,1,1,1,1,1,1,1,1,1,1,1,1,
4),(0.,0.114423705043571,0.122317937526407,0.132509345825635,0.144567982089451,
0.158241190085215,0.173357490114654,0.189790640664139,0.207442675895648,
0.226234702367676,0.246101412468417,0.26698758209486,0.288845715436998,
0.311634394749706,0.335317084978891,0.359861243718046,0.385237642989262,
0.411419842128423,0.438383771062814,0.466107395923514,0.494570447187792,
0.523754196075566,0.553641268716254,0.584215490258701,0.615461752992564,
0.647365903925467,0.679914648274108,0.713095466085064,0.746896539774235,
0.781306690812603,0.816315324125411,0.851912379037056,0.888088285803006,
0.924833926936322,0.962140602669513,0.985181975561317),.UNSPECIFIED.);
#1744=B_SPLINE_CURVE_WITH_KNOTS('',3,(#3475,#3476,#3477,#3478,#3479,#3480,
#3481,#3482,#3483,#3484,#3485,#3486,#3487,#3488,#3489,#3490,#3491,#3492,
#3493,#3494,#3495,#3496,#3497,#3498,#3499,#3500,#3501,#3502,#3503,#3504,
#3505,#3506,#3507,#3508,#3509,#3510,#3511,#3512),.UNSPECIFIED.,.F.,.F.,
(4,1,1,1,1,1,1,1,1,1,1,1,1,1,1,1,1,1,1,1,1,1,1,1,1,1,1,1,1,1,1,1,1,1,1,
4),(0.,0.114423705043571,0.122317937526407,0.132509345825635,0.144567982089451,
0.158241190085215,0.173357490114654,0.189790640664139,0.207442675895648,
0.226234702367676,0.246101412468417,0.26698758209486,0.288845715436998,
0.311634394749706,0.335317084978891,0.359861243718046,0.385237642989262,
0.411419842128423,0.438383771062814,0.466107395923514,0.494570447187792,
0.523754196075566,0.553641268716254,0.584215490258701,0.615461752992564,
0.647365903925467,0.679914648274108,0.713095466085064,0.746896539774235,
0.781306690812603,0.816315324125411,0.851912379037056,0.888088285803006,
0.924833926936322,0.962140602669513,0.985181975561317),.UNSPECIFIED.);
#1745=B_SPLINE_CURVE_WITH_KNOTS('',3,(#3516,#3517,#3518,#3519,#3520,#3521,
#3522,#3523,#3524,#3525,#3526,#3527,#3528,#3529,#3530,#3531,#3532,#3533,
#3534,#3535,#3536,#3537,#3538,#3539,#3540,#3541,#3542,#3543,#3544,#3545,
#3546,#3547,#3548,#3549,#3550,#3551,#3552,#3553),.UNSPECIFIED.,.F.,.F.,
(4,1,1,1,1,1,1,1,1,1,1,1,1,1,1,1,1,1,1,1,1,1,1,1,1,1,1,1,1,1,1,1,1,1,1,
4),(0.,0.114423705043571,0.122317937526407,0.132509345825635,0.144567982089451,
0.158241190085215,0.173357490114654,0.189790640664139,0.207442675895648,
0.226234702367676,0.246101412468417,0.26698758209486,0.288845715436998,
0.311634394749706,0.335317084978891,0.359861243718046,0.385237642989262,
0.411419842128423,0.438383771062814,0.466107395923514,0.494570447187792,
0.523754196075566,0.553641268716254,0.584215490258701,0.615461752992564,
0.647365903925467,0.679914648274108,0.713095466085064,0.746896539774235,
0.781306690812603,0.816315324125411,0.851912379037056,0.888088285803006,
0.924833926936322,0.962140602669513,0.985181975561317),.UNSPECIFIED.);
#1746=B_SPLINE_CURVE_WITH_KNOTS('',3,(#3561,#3562,#3563,#3564,#3565,#3566,
#3567,#3568,#3569,#3570,#3571,#3572,#3573,#3574,#3575,#3576,#3577,#3578,
#3579,#3580,#3581,#3582,#3583,#3584,#3585,#3586,#3587,#3588,#3589,#3590,
#3591,#3592,#3593,#3594,#3595,#3596,#3597,#3598),.UNSPECIFIED.,.F.,.F.,
(4,1,1,1,1,1,1,1,1,1,1,1,1,1,1,1,1,1,1,1,1,1,1,1,1,1,1,1,1,1,1,1,1,1,1,
4),(0.,0.114423705043571,0.122317937526407,0.132509345825635,0.144567982089451,
0.158241190085215,0.173357490114654,0.189790640664139,0.207442675895648,
0.226234702367676,0.246101412468417,0.26698758209486,0.288845715436998,
0.311634394749706,0.335317084978891,0.359861243718046,0.385237642989262,
0.411419842128423,0.438383771062814,0.466107395923514,0.494570447187792,
0.523754196075566,0.553641268716254,0.584215490258701,0.615461752992564,
0.647365903925467,0.679914648274108,0.713095466085064,0.746896539774235,
0.781306690812603,0.816315324125411,0.851912379037056,0.888088285803006,
0.924833926936322,0.962140602669513,0.985181975561317),.UNSPECIFIED.);
#1747=B_SPLINE_CURVE_WITH_KNOTS('',3,(#3602,#3603,#3604,#3605,#3606,#3607,
#3608,#3609,#3610,#3611,#3612,#3613,#3614,#3615,#3616,#3617,#3618,#3619,
#3620,#3621,#3622,#3623,#3624,#3625,#3626,#3627,#3628,#3629,#3630,#3631,
#3632,#3633,#3634,#3635,#3636,#3637,#3638,#3639),.UNSPECIFIED.,.F.,.F.,
(4,1,1,1,1,1,1,1,1,1,1,1,1,1,1,1,1,1,1,1,1,1,1,1,1,1,1,1,1,1,1,1,1,1,1,
4),(0.,0.114423705043571,0.122317937526407,0.132509345825635,0.144567982089451,
0.158241190085215,0.173357490114654,0.189790640664139,0.207442675895648,
0.226234702367676,0.246101412468417,0.26698758209486,0.288845715436998,
0.311634394749706,0.335317084978891,0.359861243718046,0.385237642989262,
0.411419842128423,0.438383771062814,0.466107395923514,0.494570447187792,
0.523754196075566,0.553641268716254,0.584215490258701,0.615461752992564,
0.647365903925467,0.679914648274108,0.713095466085064,0.746896539774235,
0.781306690812603,0.816315324125411,0.851912379037056,0.888088285803006,
0.924833926936322,0.962140602669513,0.985181975561317),.UNSPECIFIED.);
#1748=B_SPLINE_CURVE_WITH_KNOTS('',3,(#3647,#3648,#3649,#3650,#3651,#3652,
#3653,#3654,#3655,#3656,#3657,#3658,#3659,#3660,#3661,#3662,#3663,#3664,
#3665,#3666,#3667,#3668,#3669,#3670,#3671,#3672,#3673,#3674,#3675,#3676,
#3677,#3678,#3679,#3680,#3681,#3682,#3683,#3684),.UNSPECIFIED.,.F.,.F.,
(4,1,1,1,1,1,1,1,1,1,1,1,1,1,1,1,1,1,1,1,1,1,1,1,1,1,1,1,1,1,1,1,1,1,1,
4),(0.,0.114423705043571,0.122317937526407,0.132509345825635,0.144567982089451,
0.158241190085215,0.173357490114654,0.189790640664139,0.207442675895648,
0.226234702367676,0.246101412468417,0.26698758209486,0.288845715436998,
0.311634394749706,0.335317084978891,0.359861243718046,0.385237642989262,
0.411419842128423,0.438383771062814,0.466107395923514,0.494570447187792,
0.523754196075566,0.553641268716254,0.584215490258701,0.615461752992564,
0.647365903925467,0.679914648274108,0.713095466085064,0.746896539774235,
0.781306690812603,0.816315324125411,0.851912379037056,0.888088285803006,
0.924833926936322,0.962140602669513,0.985181975561317),.UNSPECIFIED.);
#1749=B_SPLINE_CURVE_WITH_KNOTS('',3,(#3688,#3689,#3690,#3691,#3692,#3693,
#3694,#3695,#3696,#3697,#3698,#3699,#3700,#3701,#3702,#3703,#3704,#3705,
#3706,#3707,#3708,#3709,#3710,#3711,#3712,#3713,#3714,#3715,#3716,#3717,
#3718,#3719,#3720,#3721,#3722,#3723,#3724,#3725),.UNSPECIFIED.,.F.,.F.,
(4,1,1,1,1,1,1,1,1,1,1,1,1,1,1,1,1,1,1,1,1,1,1,1,1,1,1,1,1,1,1,1,1,1,1,
4),(0.,0.114423705043571,0.122317937526407,0.132509345825635,0.144567982089451,
0.158241190085215,0.173357490114654,0.189790640664139,0.207442675895648,
0.226234702367676,0.246101412468417,0.26698758209486,0.288845715436998,
0.311634394749706,0.335317084978891,0.359861243718046,0.385237642989262,
0.411419842128423,0.438383771062814,0.466107395923514,0.494570447187792,
0.523754196075566,0.553641268716254,0.584215490258701,0.615461752992564,
0.647365903925467,0.679914648274108,0.713095466085064,0.746896539774235,
0.781306690812603,0.816315324125411,0.851912379037056,0.888088285803006,
0.924833926936322,0.962140602669513,0.985181975561317),.UNSPECIFIED.);
#1750=B_SPLINE_CURVE_WITH_KNOTS('',3,(#3733,#3734,#3735,#3736,#3737,#3738,
#3739,#3740,#3741,#3742,#3743,#3744,#3745,#3746,#3747,#3748,#3749,#3750,
#3751,#3752,#3753,#3754,#3755,#3756,#3757,#3758,#3759,#3760,#3761,#3762,
#3763,#3764,#3765,#3766,#3767,#3768,#3769,#3770),.UNSPECIFIED.,.F.,.F.,
(4,1,1,1,1,1,1,1,1,1,1,1,1,1,1,1,1,1,1,1,1,1,1,1,1,1,1,1,1,1,1,1,1,1,1,
4),(0.,0.114423705043571,0.122317937526407,0.132509345825635,0.144567982089451,
0.158241190085215,0.173357490114654,0.189790640664139,0.207442675895648,
0.226234702367676,0.246101412468417,0.26698758209486,0.288845715436998,
0.311634394749706,0.335317084978891,0.359861243718046,0.385237642989262,
0.411419842128423,0.438383771062814,0.466107395923514,0.494570447187792,
0.523754196075566,0.553641268716254,0.584215490258701,0.615461752992564,
0.647365903925467,0.679914648274108,0.713095466085064,0.746896539774235,
0.781306690812603,0.816315324125411,0.851912379037056,0.888088285803006,
0.924833926936322,0.962140602669513,0.985181975561317),.UNSPECIFIED.);
#1751=B_SPLINE_CURVE_WITH_KNOTS('',3,(#3774,#3775,#3776,#3777,#3778,#3779,
#3780,#3781,#3782,#3783,#3784,#3785,#3786,#3787,#3788,#3789,#3790,#3791,
#3792,#3793,#3794,#3795,#3796,#3797,#3798,#3799,#3800,#3801,#3802,#3803,
#3804,#3805,#3806,#3807,#3808,#3809,#3810,#3811),.UNSPECIFIED.,.F.,.F.,
(4,1,1,1,1,1,1,1,1,1,1,1,1,1,1,1,1,1,1,1,1,1,1,1,1,1,1,1,1,1,1,1,1,1,1,
4),(0.,0.114423705043571,0.122317937526407,0.132509345825635,0.144567982089451,
0.158241190085215,0.173357490114654,0.189790640664139,0.207442675895648,
0.226234702367676,0.246101412468417,0.26698758209486,0.288845715436998,
0.311634394749706,0.335317084978891,0.359861243718046,0.385237642989262,
0.411419842128423,0.438383771062814,0.466107395923514,0.494570447187792,
0.523754196075566,0.553641268716254,0.584215490258701,0.615461752992564,
0.647365903925467,0.679914648274108,0.713095466085064,0.746896539774235,
0.781306690812603,0.816315324125411,0.851912379037056,0.888088285803006,
0.924833926936322,0.962140602669513,0.985181975561317),.UNSPECIFIED.);
#1752=B_SPLINE_CURVE_WITH_KNOTS('',3,(#3819,#3820,#3821,#3822,#3823,#3824,
#3825,#3826,#3827,#3828,#3829,#3830,#3831,#3832,#3833,#3834,#3835,#3836,
#3837,#3838,#3839,#3840,#3841,#3842,#3843,#3844,#3845,#3846,#3847,#3848,
#3849,#3850,#3851,#3852,#3853,#3854,#3855,#3856),.UNSPECIFIED.,.F.,.F.,
(4,1,1,1,1,1,1,1,1,1,1,1,1,1,1,1,1,1,1,1,1,1,1,1,1,1,1,1,1,1,1,1,1,1,1,
4),(0.,0.114423705043571,0.122317937526407,0.132509345825635,0.144567982089451,
0.158241190085215,0.173357490114654,0.189790640664139,0.207442675895648,
0.226234702367676,0.246101412468417,0.26698758209486,0.288845715436998,
0.311634394749706,0.335317084978891,0.359861243718046,0.385237642989262,
0.411419842128423,0.438383771062814,0.466107395923514,0.494570447187792,
0.523754196075566,0.553641268716254,0.584215490258701,0.615461752992564,
0.647365903925467,0.679914648274108,0.713095466085064,0.746896539774235,
0.781306690812603,0.816315324125411,0.851912379037056,0.888088285803006,
0.924833926936322,0.962140602669513,0.985181975561317),.UNSPECIFIED.);
#1753=B_SPLINE_CURVE_WITH_KNOTS('',3,(#3860,#3861,#3862,#3863,#3864,#3865,
#3866,#3867,#3868,#3869,#3870,#3871,#3872,#3873,#3874,#3875,#3876,#3877,
#3878,#3879,#3880,#3881,#3882,#3883,#3884,#3885,#3886,#3887,#3888,#3889,
#3890,#3891,#3892,#3893,#3894,#3895,#3896,#3897),.UNSPECIFIED.,.F.,.F.,
(4,1,1,1,1,1,1,1,1,1,1,1,1,1,1,1,1,1,1,1,1,1,1,1,1,1,1,1,1,1,1,1,1,1,1,
4),(0.,0.114423705043571,0.122317937526407,0.132509345825635,0.144567982089451,
0.158241190085215,0.173357490114654,0.189790640664139,0.207442675895648,
0.226234702367676,0.246101412468417,0.26698758209486,0.288845715436998,
0.311634394749706,0.335317084978891,0.359861243718046,0.385237642989262,
0.411419842128423,0.438383771062814,0.466107395923514,0.494570447187792,
0.523754196075566,0.553641268716254,0.584215490258701,0.615461752992564,
0.647365903925467,0.679914648274108,0.713095466085064,0.746896539774235,
0.781306690812603,0.816315324125411,0.851912379037056,0.888088285803006,
0.924833926936322,0.962140602669513,0.985181975561317),.UNSPECIFIED.);
#1754=B_SPLINE_CURVE_WITH_KNOTS('',3,(#3905,#3906,#3907,#3908,#3909,#3910,
#3911,#3912,#3913,#3914,#3915,#3916,#3917,#3918,#3919,#3920,#3921,#3922,
#3923,#3924,#3925,#3926,#3927,#3928,#3929,#3930,#3931,#3932,#3933,#3934,
#3935,#3936,#3937,#3938,#3939,#3940,#3941,#3942),.UNSPECIFIED.,.F.,.F.,
(4,1,1,1,1,1,1,1,1,1,1,1,1,1,1,1,1,1,1,1,1,1,1,1,1,1,1,1,1,1,1,1,1,1,1,
4),(0.,0.114423705043571,0.122317937526407,0.132509345825635,0.144567982089451,
0.158241190085215,0.173357490114654,0.189790640664139,0.207442675895648,
0.226234702367676,0.246101412468417,0.26698758209486,0.288845715436998,
0.311634394749706,0.335317084978891,0.359861243718046,0.385237642989262,
0.411419842128423,0.438383771062814,0.466107395923514,0.494570447187792,
0.523754196075566,0.553641268716254,0.584215490258701,0.615461752992564,
0.647365903925467,0.679914648274108,0.713095466085064,0.746896539774235,
0.781306690812603,0.816315324125411,0.851912379037056,0.888088285803006,
0.924833926936322,0.962140602669513,0.985181975561317),.UNSPECIFIED.);
#1755=B_SPLINE_CURVE_WITH_KNOTS('',3,(#3946,#3947,#3948,#3949,#3950,#3951,
#3952,#3953,#3954,#3955,#3956,#3957,#3958,#3959,#3960,#3961,#3962,#3963,
#3964,#3965,#3966,#3967,#3968,#3969,#3970,#3971,#3972,#3973,#3974,#3975,
#3976,#3977,#3978,#3979,#3980,#3981,#3982,#3983),.UNSPECIFIED.,.F.,.F.,
(4,1,1,1,1,1,1,1,1,1,1,1,1,1,1,1,1,1,1,1,1,1,1,1,1,1,1,1,1,1,1,1,1,1,1,
4),(0.,0.114423705043571,0.122317937526407,0.132509345825635,0.144567982089451,
0.158241190085215,0.173357490114654,0.189790640664139,0.207442675895648,
0.226234702367676,0.246101412468417,0.26698758209486,0.288845715436998,
0.311634394749706,0.335317084978891,0.359861243718046,0.385237642989262,
0.411419842128423,0.438383771062814,0.466107395923514,0.494570447187792,
0.523754196075566,0.553641268716254,0.584215490258701,0.615461752992564,
0.647365903925467,0.679914648274108,0.713095466085064,0.746896539774235,
0.781306690812603,0.816315324125411,0.851912379037056,0.888088285803006,
0.924833926936322,0.962140602669513,0.985181975561317),.UNSPECIFIED.);
#1756=B_SPLINE_CURVE_WITH_KNOTS('',3,(#3991,#3992,#3993,#3994,#3995,#3996,
#3997,#3998,#3999,#4000,#4001,#4002,#4003,#4004,#4005,#4006,#4007,#4008,
#4009,#4010,#4011,#4012,#4013,#4014,#4015,#4016,#4017,#4018,#4019,#4020,
#4021,#4022,#4023,#4024,#4025,#4026,#4027,#4028),.UNSPECIFIED.,.F.,.F.,
(4,1,1,1,1,1,1,1,1,1,1,1,1,1,1,1,1,1,1,1,1,1,1,1,1,1,1,1,1,1,1,1,1,1,1,
4),(0.,0.114423705043571,0.122317937526407,0.132509345825635,0.144567982089451,
0.158241190085215,0.173357490114654,0.189790640664139,0.207442675895648,
0.226234702367676,0.246101412468417,0.26698758209486,0.288845715436998,
0.311634394749706,0.335317084978891,0.359861243718046,0.385237642989262,
0.411419842128423,0.438383771062814,0.466107395923514,0.494570447187792,
0.523754196075566,0.553641268716254,0.584215490258701,0.615461752992564,
0.647365903925467,0.679914648274108,0.713095466085064,0.746896539774235,
0.781306690812603,0.816315324125411,0.851912379037056,0.888088285803006,
0.924833926936322,0.962140602669513,0.985181975561317),.UNSPECIFIED.);
#1757=B_SPLINE_CURVE_WITH_KNOTS('',3,(#4062,#4063,#4064,#4065,#4066,#4067,
#4068,#4069,#4070,#4071,#4072,#4073,#4074,#4075,#4076,#4077,#4078,#4079,
#4080,#4081,#4082,#4083,#4084,#4085,#4086,#4087,#4088,#4089,#4090,#4091,
#4092,#4093,#4094,#4095,#4096,#4097,#4098,#4099),.UNSPECIFIED.,.F.,.F.,
(4,1,1,1,1,1,1,1,1,1,1,1,1,1,1,1,1,1,1,1,1,1,1,1,1,1,1,1,1,1,1,1,1,1,1,
4),(0.,0.114423705043571,0.122317937526407,0.132509345825635,0.144567982089451,
0.158241190085215,0.173357490114654,0.189790640664139,0.207442675895648,
0.226234702367676,0.246101412468417,0.26698758209486,0.288845715436998,
0.311634394749706,0.335317084978891,0.359861243718046,0.385237642989262,
0.411419842128423,0.438383771062814,0.466107395923514,0.494570447187792,
0.523754196075566,0.553641268716254,0.584215490258701,0.615461752992564,
0.647365903925467,0.679914648274108,0.713095466085064,0.746896539774235,
0.781306690812603,0.816315324125411,0.851912379037056,0.888088285803006,
0.924833926936322,0.962140602669513,0.985181975561317),.UNSPECIFIED.);
#1758=B_SPLINE_CURVE_WITH_KNOTS('',3,(#4183,#4184,#4185,#4186,#4187,#4188,
#4189,#4190,#4191,#4192,#4193,#4194,#4195,#4196,#4197,#4198,#4199,#4200,
#4201,#4202,#4203,#4204,#4205,#4206,#4207,#4208,#4209,#4210,#4211,#4212,
#4213,#4214,#4215,#4216,#4217,#4218,#4219,#4220),.UNSPECIFIED.,.F.,.F.,
(4,1,1,1,1,1,1,1,1,1,1,1,1,1,1,1,1,1,1,1,1,1,1,1,1,1,1,1,1,1,1,1,1,1,1,
4),(0.,0.114423705043571,0.122317937526407,0.132509345825635,0.144567982089451,
0.158241190085215,0.173357490114654,0.189790640664139,0.207442675895648,
0.226234702367676,0.246101412468417,0.26698758209486,0.288845715436998,
0.311634394749706,0.335317084978891,0.359861243718046,0.385237642989262,
0.411419842128423,0.438383771062814,0.466107395923514,0.494570447187792,
0.523754196075566,0.553641268716254,0.584215490258701,0.615461752992564,
0.647365903925467,0.679914648274108,0.713095466085064,0.746896539774235,
0.781306690812603,0.816315324125411,0.851912379037056,0.888088285803006,
0.924833926936322,0.962140602669513,0.985181975561317),.UNSPECIFIED.);
#1759=B_SPLINE_CURVE_WITH_KNOTS('',3,(#4287,#4288,#4289,#4290,#4291,#4292,
#4293,#4294,#4295,#4296,#4297,#4298,#4299,#4300,#4301,#4302,#4303,#4304,
#4305,#4306,#4307,#4308,#4309,#4310,#4311,#4312,#4313,#4314,#4315,#4316,
#4317,#4318,#4319,#4320,#4321,#4322,#4323,#4324),.UNSPECIFIED.,.F.,.F.,
(4,1,1,1,1,1,1,1,1,1,1,1,1,1,1,1,1,1,1,1,1,1,1,1,1,1,1,1,1,1,1,1,1,1,1,
4),(0.,0.114423705043571,0.122317937526407,0.132509345825635,0.144567982089451,
0.158241190085215,0.173357490114654,0.189790640664139,0.207442675895648,
0.226234702367676,0.246101412468417,0.26698758209486,0.288845715436998,
0.311634394749706,0.335317084978891,0.359861243718046,0.385237642989262,
0.411419842128423,0.438383771062814,0.466107395923514,0.494570447187792,
0.523754196075566,0.553641268716254,0.584215490258701,0.615461752992564,
0.647365903925467,0.679914648274108,0.713095466085064,0.746896539774235,
0.781306690812603,0.816315324125411,0.851912379037056,0.888088285803006,
0.924833926936322,0.962140602669513,0.985181975561317),.UNSPECIFIED.);
#1760=B_SPLINE_CURVE_WITH_KNOTS('',3,(#4332,#4333,#4334,#4335,#4336,#4337,
#4338,#4339,#4340,#4341,#4342,#4343,#4344,#4345,#4346,#4347,#4348,#4349,
#4350,#4351,#4352,#4353,#4354,#4355,#4356,#4357,#4358,#4359,#4360,#4361,
#4362,#4363,#4364,#4365,#4366,#4367,#4368,#4369),.UNSPECIFIED.,.F.,.F.,
(4,1,1,1,1,1,1,1,1,1,1,1,1,1,1,1,1,1,1,1,1,1,1,1,1,1,1,1,1,1,1,1,1,1,1,
4),(0.,0.114423705043571,0.122317937526407,0.132509345825635,0.144567982089451,
0.158241190085215,0.173357490114654,0.189790640664139,0.207442675895648,
0.226234702367676,0.246101412468417,0.26698758209486,0.288845715436998,
0.311634394749706,0.335317084978891,0.359861243718046,0.385237642989262,
0.411419842128423,0.438383771062814,0.466107395923514,0.494570447187792,
0.523754196075566,0.553641268716254,0.584215490258701,0.615461752992564,
0.647365903925467,0.679914648274108,0.713095466085064,0.746896539774235,
0.781306690812603,0.816315324125411,0.851912379037056,0.888088285803006,
0.924833926936322,0.962140602669513,0.985181975561317),.UNSPECIFIED.);
#1761=B_SPLINE_CURVE_WITH_KNOTS('',3,(#4370,#4371,#4372,#4373,#4374,#4375,
#4376,#4377,#4378,#4379,#4380,#4381,#4382,#4383,#4384,#4385,#4386,#4387,
#4388,#4389,#4390,#4391,#4392,#4393,#4394,#4395,#4396,#4397,#4398,#4399,
#4400,#4401,#4402,#4403,#4404,#4405,#4406,#4407),.UNSPECIFIED.,.F.,.F.,
(4,1,1,1,1,1,1,1,1,1,1,1,1,1,1,1,1,1,1,1,1,1,1,1,1,1,1,1,1,1,1,1,1,1,1,
4),(0.,0.114423705043571,0.122317937526407,0.132509345825635,0.144567982089451,
0.158241190085215,0.173357490114654,0.189790640664139,0.207442675895648,
0.226234702367676,0.246101412468417,0.26698758209486,0.288845715436998,
0.311634394749706,0.335317084978891,0.359861243718046,0.385237642989262,
0.411419842128423,0.438383771062814,0.466107395923514,0.494570447187792,
0.523754196075566,0.553641268716254,0.584215490258701,0.615461752992564,
0.647365903925467,0.679914648274108,0.713095466085064,0.746896539774235,
0.781306690812603,0.816315324125411,0.851912379037056,0.888088285803006,
0.924833926936322,0.962140602669513,0.985181975561317),.UNSPECIFIED.);
#1762=B_SPLINE_CURVE_WITH_KNOTS('',3,(#4415,#4416,#4417,#4418,#4419,#4420,
#4421,#4422,#4423,#4424,#4425,#4426,#4427,#4428,#4429,#4430,#4431,#4432,
#4433,#4434,#4435,#4436,#4437,#4438,#4439,#4440,#4441,#4442,#4443,#4444,
#4445,#4446,#4447,#4448,#4449,#4450,#4451,#4452),.UNSPECIFIED.,.F.,.F.,
(4,1,1,1,1,1,1,1,1,1,1,1,1,1,1,1,1,1,1,1,1,1,1,1,1,1,1,1,1,1,1,1,1,1,1,
4),(0.,0.114423705043571,0.122317937526407,0.132509345825635,0.144567982089451,
0.158241190085215,0.173357490114654,0.189790640664139,0.207442675895648,
0.226234702367676,0.246101412468417,0.26698758209486,0.288845715436998,
0.311634394749706,0.335317084978891,0.359861243718046,0.385237642989262,
0.411419842128423,0.438383771062814,0.466107395923514,0.494570447187792,
0.523754196075566,0.553641268716254,0.584215490258701,0.615461752992564,
0.647365903925467,0.679914648274108,0.713095466085064,0.746896539774235,
0.781306690812603,0.816315324125411,0.851912379037056,0.888088285803006,
0.924833926936322,0.962140602669513,0.985181975561317),.UNSPECIFIED.);
#1763=B_SPLINE_CURVE_WITH_KNOTS('',3,(#4453,#4454,#4455,#4456,#4457,#4458,
#4459,#4460,#4461,#4462,#4463,#4464,#4465,#4466,#4467,#4468,#4469,#4470,
#4471,#4472,#4473,#4474,#4475,#4476,#4477,#4478,#4479,#4480,#4481,#4482,
#4483,#4484,#4485,#4486,#4487,#4488,#4489,#4490),.UNSPECIFIED.,.F.,.F.,
(4,1,1,1,1,1,1,1,1,1,1,1,1,1,1,1,1,1,1,1,1,1,1,1,1,1,1,1,1,1,1,1,1,1,1,
4),(0.,0.114423705043571,0.122317937526407,0.132509345825635,0.144567982089451,
0.158241190085215,0.173357490114654,0.189790640664139,0.207442675895648,
0.226234702367676,0.246101412468417,0.26698758209486,0.288845715436998,
0.311634394749706,0.335317084978891,0.359861243718046,0.385237642989262,
0.411419842128423,0.438383771062814,0.466107395923514,0.494570447187792,
0.523754196075566,0.553641268716254,0.584215490258701,0.615461752992564,
0.647365903925467,0.679914648274108,0.713095466085064,0.746896539774235,
0.781306690812603,0.816315324125411,0.851912379037056,0.888088285803006,
0.924833926936322,0.962140602669513,0.985181975561317),.UNSPECIFIED.);
#1764=B_SPLINE_CURVE_WITH_KNOTS('',3,(#4498,#4499,#4500,#4501,#4502,#4503,
#4504,#4505,#4506,#4507,#4508,#4509,#4510,#4511,#4512,#4513,#4514,#4515,
#4516,#4517,#4518,#4519,#4520,#4521,#4522,#4523,#4524,#4525,#4526,#4527,
#4528,#4529,#4530,#4531,#4532,#4533,#4534,#4535),.UNSPECIFIED.,.F.,.F.,
(4,1,1,1,1,1,1,1,1,1,1,1,1,1,1,1,1,1,1,1,1,1,1,1,1,1,1,1,1,1,1,1,1,1,1,
4),(0.,0.114423705043571,0.122317937526407,0.132509345825635,0.144567982089451,
0.158241190085215,0.173357490114654,0.189790640664139,0.207442675895648,
0.226234702367676,0.246101412468417,0.26698758209486,0.288845715436998,
0.311634394749706,0.335317084978891,0.359861243718046,0.385237642989262,
0.411419842128423,0.438383771062814,0.466107395923514,0.494570447187792,
0.523754196075566,0.553641268716254,0.584215490258701,0.615461752992564,
0.647365903925467,0.679914648274108,0.713095466085064,0.746896539774235,
0.781306690812603,0.816315324125411,0.851912379037056,0.888088285803006,
0.924833926936322,0.962140602669513,0.985181975561317),.UNSPECIFIED.);
#1765=B_SPLINE_CURVE_WITH_KNOTS('',3,(#4536,#4537,#4538,#4539,#4540,#4541,
#4542,#4543,#4544,#4545,#4546,#4547,#4548,#4549,#4550,#4551,#4552,#4553,
#4554,#4555,#4556,#4557,#4558,#4559,#4560,#4561,#4562,#4563,#4564,#4565,
#4566,#4567,#4568,#4569,#4570,#4571,#4572,#4573),.UNSPECIFIED.,.F.,.F.,
(4,1,1,1,1,1,1,1,1,1,1,1,1,1,1,1,1,1,1,1,1,1,1,1,1,1,1,1,1,1,1,1,1,1,1,
4),(0.,0.114423705043571,0.122317937526407,0.132509345825635,0.144567982089451,
0.158241190085215,0.173357490114654,0.189790640664139,0.207442675895648,
0.226234702367676,0.246101412468417,0.26698758209486,0.288845715436998,
0.311634394749706,0.335317084978891,0.359861243718046,0.385237642989262,
0.411419842128423,0.438383771062814,0.466107395923514,0.494570447187792,
0.523754196075566,0.553641268716254,0.584215490258701,0.615461752992564,
0.647365903925467,0.679914648274108,0.713095466085064,0.746896539774235,
0.781306690812603,0.816315324125411,0.851912379037056,0.888088285803006,
0.924833926936322,0.962140602669513,0.985181975561317),.UNSPECIFIED.);
#1766=B_SPLINE_CURVE_WITH_KNOTS('',3,(#4581,#4582,#4583,#4584,#4585,#4586,
#4587,#4588,#4589,#4590,#4591,#4592,#4593,#4594,#4595,#4596,#4597,#4598,
#4599,#4600,#4601,#4602,#4603,#4604,#4605,#4606,#4607,#4608,#4609,#4610,
#4611,#4612,#4613,#4614,#4615,#4616,#4617,#4618),.UNSPECIFIED.,.F.,.F.,
(4,1,1,1,1,1,1,1,1,1,1,1,1,1,1,1,1,1,1,1,1,1,1,1,1,1,1,1,1,1,1,1,1,1,1,
4),(0.,0.114423705043571,0.122317937526407,0.132509345825635,0.144567982089451,
0.158241190085215,0.173357490114654,0.189790640664139,0.207442675895648,
0.226234702367676,0.246101412468417,0.26698758209486,0.288845715436998,
0.311634394749706,0.335317084978891,0.359861243718046,0.385237642989262,
0.411419842128423,0.438383771062814,0.466107395923514,0.494570447187792,
0.523754196075566,0.553641268716254,0.584215490258701,0.615461752992564,
0.647365903925467,0.679914648274108,0.713095466085064,0.746896539774235,
0.781306690812603,0.816315324125411,0.851912379037056,0.888088285803006,
0.924833926936322,0.962140602669513,0.985181975561317),.UNSPECIFIED.);
#1767=B_SPLINE_CURVE_WITH_KNOTS('',3,(#4619,#4620,#4621,#4622,#4623,#4624,
#4625,#4626,#4627,#4628,#4629,#4630,#4631,#4632,#4633,#4634,#4635,#4636,
#4637,#4638,#4639,#4640,#4641,#4642,#4643,#4644,#4645,#4646,#4647,#4648,
#4649,#4650,#4651,#4652,#4653,#4654,#4655,#4656),.UNSPECIFIED.,.F.,.F.,
(4,1,1,1,1,1,1,1,1,1,1,1,1,1,1,1,1,1,1,1,1,1,1,1,1,1,1,1,1,1,1,1,1,1,1,
4),(0.,0.114423705043571,0.122317937526407,0.132509345825635,0.144567982089451,
0.158241190085215,0.173357490114654,0.189790640664139,0.207442675895648,
0.226234702367676,0.246101412468417,0.26698758209486,0.288845715436998,
0.311634394749706,0.335317084978891,0.359861243718046,0.385237642989262,
0.411419842128423,0.438383771062814,0.466107395923514,0.494570447187792,
0.523754196075566,0.553641268716254,0.584215490258701,0.615461752992564,
0.647365903925467,0.679914648274108,0.713095466085064,0.746896539774235,
0.781306690812603,0.816315324125411,0.851912379037056,0.888088285803006,
0.924833926936322,0.962140602669513,0.985181975561317),.UNSPECIFIED.);
#1768=B_SPLINE_CURVE_WITH_KNOTS('',3,(#4664,#4665,#4666,#4667,#4668,#4669,
#4670,#4671,#4672,#4673,#4674,#4675,#4676,#4677,#4678,#4679,#4680,#4681,
#4682,#4683,#4684,#4685,#4686,#4687,#4688,#4689,#4690,#4691,#4692,#4693,
#4694,#4695,#4696,#4697,#4698,#4699,#4700,#4701),.UNSPECIFIED.,.F.,.F.,
(4,1,1,1,1,1,1,1,1,1,1,1,1,1,1,1,1,1,1,1,1,1,1,1,1,1,1,1,1,1,1,1,1,1,1,
4),(0.,0.114423705043571,0.122317937526407,0.132509345825635,0.144567982089451,
0.158241190085215,0.173357490114654,0.189790640664139,0.207442675895648,
0.226234702367676,0.246101412468417,0.26698758209486,0.288845715436998,
0.311634394749706,0.335317084978891,0.359861243718046,0.385237642989262,
0.411419842128423,0.438383771062814,0.466107395923514,0.494570447187792,
0.523754196075566,0.553641268716254,0.584215490258701,0.615461752992564,
0.647365903925467,0.679914648274108,0.713095466085064,0.746896539774235,
0.781306690812603,0.816315324125411,0.851912379037056,0.888088285803006,
0.924833926936322,0.962140602669513,0.985181975561317),.UNSPECIFIED.);
#1769=B_SPLINE_CURVE_WITH_KNOTS('',3,(#4702,#4703,#4704,#4705,#4706,#4707,
#4708,#4709,#4710,#4711,#4712,#4713,#4714,#4715,#4716,#4717,#4718,#4719,
#4720,#4721,#4722,#4723,#4724,#4725,#4726,#4727,#4728,#4729,#4730,#4731,
#4732,#4733,#4734,#4735,#4736,#4737,#4738,#4739),.UNSPECIFIED.,.F.,.F.,
(4,1,1,1,1,1,1,1,1,1,1,1,1,1,1,1,1,1,1,1,1,1,1,1,1,1,1,1,1,1,1,1,1,1,1,
4),(0.,0.114423705043571,0.122317937526407,0.132509345825635,0.144567982089451,
0.158241190085215,0.173357490114654,0.189790640664139,0.207442675895648,
0.226234702367676,0.246101412468417,0.26698758209486,0.288845715436998,
0.311634394749706,0.335317084978891,0.359861243718046,0.385237642989262,
0.411419842128423,0.438383771062814,0.466107395923514,0.494570447187792,
0.523754196075566,0.553641268716254,0.584215490258701,0.615461752992564,
0.647365903925467,0.679914648274108,0.713095466085064,0.746896539774235,
0.781306690812603,0.816315324125411,0.851912379037056,0.888088285803006,
0.924833926936322,0.962140602669513,0.985181975561317),.UNSPECIFIED.);
#1770=B_SPLINE_CURVE_WITH_KNOTS('',3,(#4747,#4748,#4749,#4750,#4751,#4752,
#4753,#4754,#4755,#4756,#4757,#4758,#4759,#4760,#4761,#4762,#4763,#4764,
#4765,#4766,#4767,#4768,#4769,#4770,#4771,#4772,#4773,#4774,#4775,#4776,
#4777,#4778,#4779,#4780,#4781,#4782,#4783,#4784),.UNSPECIFIED.,.F.,.F.,
(4,1,1,1,1,1,1,1,1,1,1,1,1,1,1,1,1,1,1,1,1,1,1,1,1,1,1,1,1,1,1,1,1,1,1,
4),(0.,0.114423705043571,0.122317937526407,0.132509345825635,0.144567982089451,
0.158241190085215,0.173357490114654,0.189790640664139,0.207442675895648,
0.226234702367676,0.246101412468417,0.26698758209486,0.288845715436998,
0.311634394749706,0.335317084978891,0.359861243718046,0.385237642989262,
0.411419842128423,0.438383771062814,0.466107395923514,0.494570447187792,
0.523754196075566,0.553641268716254,0.584215490258701,0.615461752992564,
0.647365903925467,0.679914648274108,0.713095466085064,0.746896539774235,
0.781306690812603,0.816315324125411,0.851912379037056,0.888088285803006,
0.924833926936322,0.962140602669513,0.985181975561317),.UNSPECIFIED.);
#1771=B_SPLINE_CURVE_WITH_KNOTS('',3,(#4785,#4786,#4787,#4788,#4789,#4790,
#4791,#4792,#4793,#4794,#4795,#4796,#4797,#4798,#4799,#4800,#4801,#4802,
#4803,#4804,#4805,#4806,#4807,#4808,#4809,#4810,#4811,#4812,#4813,#4814,
#4815,#4816,#4817,#4818,#4819,#4820,#4821,#4822),.UNSPECIFIED.,.F.,.F.,
(4,1,1,1,1,1,1,1,1,1,1,1,1,1,1,1,1,1,1,1,1,1,1,1,1,1,1,1,1,1,1,1,1,1,1,
4),(0.,0.114423705043571,0.122317937526407,0.132509345825635,0.144567982089451,
0.158241190085215,0.173357490114654,0.189790640664139,0.207442675895648,
0.226234702367676,0.246101412468417,0.26698758209486,0.288845715436998,
0.311634394749706,0.335317084978891,0.359861243718046,0.385237642989262,
0.411419842128423,0.438383771062814,0.466107395923514,0.494570447187792,
0.523754196075566,0.553641268716254,0.584215490258701,0.615461752992564,
0.647365903925467,0.679914648274108,0.713095466085064,0.746896539774235,
0.781306690812603,0.816315324125411,0.851912379037056,0.888088285803006,
0.924833926936322,0.962140602669513,0.985181975561317),.UNSPECIFIED.);
#1772=B_SPLINE_CURVE_WITH_KNOTS('',3,(#4830,#4831,#4832,#4833,#4834,#4835,
#4836,#4837,#4838,#4839,#4840,#4841,#4842,#4843,#4844,#4845,#4846,#4847,
#4848,#4849,#4850,#4851,#4852,#4853,#4854,#4855,#4856,#4857,#4858,#4859,
#4860,#4861,#4862,#4863,#4864,#4865,#4866,#4867),.UNSPECIFIED.,.F.,.F.,
(4,1,1,1,1,1,1,1,1,1,1,1,1,1,1,1,1,1,1,1,1,1,1,1,1,1,1,1,1,1,1,1,1,1,1,
4),(0.,0.114423705043571,0.122317937526407,0.132509345825635,0.144567982089451,
0.158241190085215,0.173357490114654,0.189790640664139,0.207442675895648,
0.226234702367676,0.246101412468417,0.26698758209486,0.288845715436998,
0.311634394749706,0.335317084978891,0.359861243718046,0.385237642989262,
0.411419842128423,0.438383771062814,0.466107395923514,0.494570447187792,
0.523754196075566,0.553641268716254,0.584215490258701,0.615461752992564,
0.647365903925467,0.679914648274108,0.713095466085064,0.746896539774235,
0.781306690812603,0.816315324125411,0.851912379037056,0.888088285803006,
0.924833926936322,0.962140602669513,0.985181975561317),.UNSPECIFIED.);
#1773=B_SPLINE_CURVE_WITH_KNOTS('',3,(#4868,#4869,#4870,#4871,#4872,#4873,
#4874,#4875,#4876,#4877,#4878,#4879,#4880,#4881,#4882,#4883,#4884,#4885,
#4886,#4887,#4888,#4889,#4890,#4891,#4892,#4893,#4894,#4895,#4896,#4897,
#4898,#4899,#4900,#4901,#4902,#4903,#4904,#4905),.UNSPECIFIED.,.F.,.F.,
(4,1,1,1,1,1,1,1,1,1,1,1,1,1,1,1,1,1,1,1,1,1,1,1,1,1,1,1,1,1,1,1,1,1,1,
4),(0.,0.114423705043571,0.122317937526407,0.132509345825635,0.144567982089451,
0.158241190085215,0.173357490114654,0.189790640664139,0.207442675895648,
0.226234702367676,0.246101412468417,0.26698758209486,0.288845715436998,
0.311634394749706,0.335317084978891,0.359861243718046,0.385237642989262,
0.411419842128423,0.438383771062814,0.466107395923514,0.494570447187792,
0.523754196075566,0.553641268716254,0.584215490258701,0.615461752992564,
0.647365903925467,0.679914648274108,0.713095466085064,0.746896539774235,
0.781306690812603,0.816315324125411,0.851912379037056,0.888088285803006,
0.924833926936322,0.962140602669513,0.985181975561317),.UNSPECIFIED.);
#1774=B_SPLINE_CURVE_WITH_KNOTS('',3,(#4913,#4914,#4915,#4916,#4917,#4918,
#4919,#4920,#4921,#4922,#4923,#4924,#4925,#4926,#4927,#4928,#4929,#4930,
#4931,#4932,#4933,#4934,#4935,#4936,#4937,#4938,#4939,#4940,#4941,#4942,
#4943,#4944,#4945,#4946,#4947,#4948,#4949,#4950),.UNSPECIFIED.,.F.,.F.,
(4,1,1,1,1,1,1,1,1,1,1,1,1,1,1,1,1,1,1,1,1,1,1,1,1,1,1,1,1,1,1,1,1,1,1,
4),(0.,0.114423705043571,0.122317937526407,0.132509345825635,0.144567982089451,
0.158241190085215,0.173357490114654,0.189790640664139,0.207442675895648,
0.226234702367676,0.246101412468417,0.26698758209486,0.288845715436998,
0.311634394749706,0.335317084978891,0.359861243718046,0.385237642989262,
0.411419842128423,0.438383771062814,0.466107395923514,0.494570447187792,
0.523754196075566,0.553641268716254,0.584215490258701,0.615461752992564,
0.647365903925467,0.679914648274108,0.713095466085064,0.746896539774235,
0.781306690812603,0.816315324125411,0.851912379037056,0.888088285803006,
0.924833926936322,0.962140602669513,0.985181975561317),.UNSPECIFIED.);
#1775=B_SPLINE_CURVE_WITH_KNOTS('',3,(#4951,#4952,#4953,#4954,#4955,#4956,
#4957,#4958,#4959,#4960,#4961,#4962,#4963,#4964,#4965,#4966,#4967,#4968,
#4969,#4970,#4971,#4972,#4973,#4974,#4975,#4976,#4977,#4978,#4979,#4980,
#4981,#4982,#4983,#4984,#4985,#4986,#4987,#4988),.UNSPECIFIED.,.F.,.F.,
(4,1,1,1,1,1,1,1,1,1,1,1,1,1,1,1,1,1,1,1,1,1,1,1,1,1,1,1,1,1,1,1,1,1,1,
4),(0.,0.114423705043571,0.122317937526407,0.132509345825635,0.144567982089451,
0.158241190085215,0.173357490114654,0.189790640664139,0.207442675895648,
0.226234702367676,0.246101412468417,0.26698758209486,0.288845715436998,
0.311634394749706,0.335317084978891,0.359861243718046,0.385237642989262,
0.411419842128423,0.438383771062814,0.466107395923514,0.494570447187792,
0.523754196075566,0.553641268716254,0.584215490258701,0.615461752992564,
0.647365903925467,0.679914648274108,0.713095466085064,0.746896539774235,
0.781306690812603,0.816315324125411,0.851912379037056,0.888088285803006,
0.924833926936322,0.962140602669513,0.985181975561317),.UNSPECIFIED.);
#1776=B_SPLINE_CURVE_WITH_KNOTS('',3,(#4996,#4997,#4998,#4999,#5000,#5001,
#5002,#5003,#5004,#5005,#5006,#5007,#5008,#5009,#5010,#5011,#5012,#5013,
#5014,#5015,#5016,#5017,#5018,#5019,#5020,#5021,#5022,#5023,#5024,#5025,
#5026,#5027,#5028,#5029,#5030,#5031,#5032,#5033),.UNSPECIFIED.,.F.,.F.,
(4,1,1,1,1,1,1,1,1,1,1,1,1,1,1,1,1,1,1,1,1,1,1,1,1,1,1,1,1,1,1,1,1,1,1,
4),(0.,0.114423705043571,0.122317937526407,0.132509345825635,0.144567982089451,
0.158241190085215,0.173357490114654,0.189790640664139,0.207442675895648,
0.226234702367676,0.246101412468417,0.26698758209486,0.288845715436998,
0.311634394749706,0.335317084978891,0.359861243718046,0.385237642989262,
0.411419842128423,0.438383771062814,0.466107395923514,0.494570447187792,
0.523754196075566,0.553641268716254,0.584215490258701,0.615461752992564,
0.647365903925467,0.679914648274108,0.713095466085064,0.746896539774235,
0.781306690812603,0.816315324125411,0.851912379037056,0.888088285803006,
0.924833926936322,0.962140602669513,0.985181975561317),.UNSPECIFIED.);
#1777=B_SPLINE_CURVE_WITH_KNOTS('',3,(#5034,#5035,#5036,#5037,#5038,#5039,
#5040,#5041,#5042,#5043,#5044,#5045,#5046,#5047,#5048,#5049,#5050,#5051,
#5052,#5053,#5054,#5055,#5056,#5057,#5058,#5059,#5060,#5061,#5062,#5063,
#5064,#5065,#5066,#5067,#5068,#5069,#5070,#5071),.UNSPECIFIED.,.F.,.F.,
(4,1,1,1,1,1,1,1,1,1,1,1,1,1,1,1,1,1,1,1,1,1,1,1,1,1,1,1,1,1,1,1,1,1,1,
4),(0.,0.114423705043571,0.122317937526407,0.132509345825635,0.144567982089451,
0.158241190085215,0.173357490114654,0.189790640664139,0.207442675895648,
0.226234702367676,0.246101412468417,0.26698758209486,0.288845715436998,
0.311634394749706,0.335317084978891,0.359861243718046,0.385237642989262,
0.411419842128423,0.438383771062814,0.466107395923514,0.494570447187792,
0.523754196075566,0.553641268716254,0.584215490258701,0.615461752992564,
0.647365903925467,0.679914648274108,0.713095466085064,0.746896539774235,
0.781306690812603,0.816315324125411,0.851912379037056,0.888088285803006,
0.924833926936322,0.962140602669513,0.985181975561317),.UNSPECIFIED.);
#1778=B_SPLINE_CURVE_WITH_KNOTS('',3,(#5079,#5080,#5081,#5082,#5083,#5084,
#5085,#5086,#5087,#5088,#5089,#5090,#5091,#5092,#5093,#5094,#5095,#5096,
#5097,#5098,#5099,#5100,#5101,#5102,#5103,#5104,#5105,#5106,#5107,#5108,
#5109,#5110,#5111,#5112,#5113,#5114,#5115,#5116),.UNSPECIFIED.,.F.,.F.,
(4,1,1,1,1,1,1,1,1,1,1,1,1,1,1,1,1,1,1,1,1,1,1,1,1,1,1,1,1,1,1,1,1,1,1,
4),(0.,0.114423705043571,0.122317937526407,0.132509345825635,0.144567982089451,
0.158241190085215,0.173357490114654,0.189790640664139,0.207442675895648,
0.226234702367676,0.246101412468417,0.26698758209486,0.288845715436998,
0.311634394749706,0.335317084978891,0.359861243718046,0.385237642989262,
0.411419842128423,0.438383771062814,0.466107395923514,0.494570447187792,
0.523754196075566,0.553641268716254,0.584215490258701,0.615461752992564,
0.647365903925467,0.679914648274108,0.713095466085064,0.746896539774235,
0.781306690812603,0.816315324125411,0.851912379037056,0.888088285803006,
0.924833926936322,0.962140602669513,0.985181975561317),.UNSPECIFIED.);
#1779=B_SPLINE_CURVE_WITH_KNOTS('',3,(#5117,#5118,#5119,#5120,#5121,#5122,
#5123,#5124,#5125,#5126,#5127,#5128,#5129,#5130,#5131,#5132,#5133,#5134,
#5135,#5136,#5137,#5138,#5139,#5140,#5141,#5142,#5143,#5144,#5145,#5146,
#5147,#5148,#5149,#5150,#5151,#5152,#5153,#5154),.UNSPECIFIED.,.F.,.F.,
(4,1,1,1,1,1,1,1,1,1,1,1,1,1,1,1,1,1,1,1,1,1,1,1,1,1,1,1,1,1,1,1,1,1,1,
4),(0.,0.114423705043571,0.122317937526407,0.132509345825635,0.144567982089451,
0.158241190085215,0.173357490114654,0.189790640664139,0.207442675895648,
0.226234702367676,0.246101412468417,0.26698758209486,0.288845715436998,
0.311634394749706,0.335317084978891,0.359861243718046,0.385237642989262,
0.411419842128423,0.438383771062814,0.466107395923514,0.494570447187792,
0.523754196075566,0.553641268716254,0.584215490258701,0.615461752992564,
0.647365903925467,0.679914648274108,0.713095466085064,0.746896539774235,
0.781306690812603,0.816315324125411,0.851912379037056,0.888088285803006,
0.924833926936322,0.962140602669513,0.985181975561317),.UNSPECIFIED.);
#1780=B_SPLINE_CURVE_WITH_KNOTS('',3,(#5162,#5163,#5164,#5165,#5166,#5167,
#5168,#5169,#5170,#5171,#5172,#5173,#5174,#5175,#5176,#5177,#5178,#5179,
#5180,#5181,#5182,#5183,#5184,#5185,#5186,#5187,#5188,#5189,#5190,#5191,
#5192,#5193,#5194,#5195,#5196,#5197,#5198,#5199),.UNSPECIFIED.,.F.,.F.,
(4,1,1,1,1,1,1,1,1,1,1,1,1,1,1,1,1,1,1,1,1,1,1,1,1,1,1,1,1,1,1,1,1,1,1,
4),(0.,0.114423705043571,0.122317937526407,0.132509345825635,0.144567982089451,
0.158241190085215,0.173357490114654,0.189790640664139,0.207442675895648,
0.226234702367676,0.246101412468417,0.26698758209486,0.288845715436998,
0.311634394749706,0.335317084978891,0.359861243718046,0.385237642989262,
0.411419842128423,0.438383771062814,0.466107395923514,0.494570447187792,
0.523754196075566,0.553641268716254,0.584215490258701,0.615461752992564,
0.647365903925467,0.679914648274108,0.713095466085064,0.746896539774235,
0.781306690812603,0.816315324125411,0.851912379037056,0.888088285803006,
0.924833926936322,0.962140602669513,0.985181975561317),.UNSPECIFIED.);
#1781=EDGE_LOOP('',(#539,#540,#541,#542,#543,#544,#545,#546,#547,#548,#549,
#550,#551,#552,#553,#554,#555,#556,#557,#558,#559,#560,#561,#562,#563,#564,
#565,#566,#567,#568,#569,#570,#571,#572,#573,#574,#575,#576,#577,#578,#579,
#580,#581,#582,#583,#584,#585,#586,#587,#588,#589,#590,#591,#592,#593,#594,
#595,#596,#597,#598,#599,#600,#601,#602,#603,#604,#605,#606,#607,#608,#609,
#610,#611,#612,#613,#614,#615,#616,#617,#618,#619,#620,#621,#622,#623,#624,
#625,#626,#627,#628,#629,#630,#631,#632,#633,#634,#635,#636,#637,#638,#639,
#640));
#1782=EDGE_LOOP('',(#641));
#1783=EDGE_LOOP('',(#642));
#1784=EDGE_LOOP('',(#643));
#1785=EDGE_LOOP('',(#644));
#1786=EDGE_LOOP('',(#645));
#1787=EDGE_LOOP('',(#646));
#1788=EDGE_LOOP('',(#647));
#1789=EDGE_LOOP('',(#648,#649,#650,#651));
#1790=EDGE_LOOP('',(#652,#653,#654,#655));
#1791=EDGE_LOOP('',(#656,#657,#658,#659));
#1792=EDGE_LOOP('',(#660,#661,#662,#663));
#1793=EDGE_LOOP('',(#664,#665,#666,#667));
#1794=EDGE_LOOP('',(#668,#669,#670,#671));
#1795=EDGE_LOOP('',(#672,#673,#674,#675));
#1796=EDGE_LOOP('',(#676,#677,#678,#679));
#1797=EDGE_LOOP('',(#680,#681,#682,#683));
#1798=EDGE_LOOP('',(#684,#685,#686,#687));
#1799=EDGE_LOOP('',(#688,#689,#690,#691));
#1800=EDGE_LOOP('',(#692,#693,#694,#695));
#1801=EDGE_LOOP('',(#696,#697,#698,#699));
#1802=EDGE_LOOP('',(#700,#701,#702,#703));
#1803=EDGE_LOOP('',(#704,#705,#706,#707));
#1804=EDGE_LOOP('',(#708,#709,#710,#711,#712,#713,#714,#715,#716,#717,#718,
#719,#720,#721,#722,#723,#724,#725,#726,#727,#728,#729,#730,#731,#732,#733,
#734,#735,#736,#737,#738,#739,#740,#741,#742,#743,#744,#745,#746,#747,#748,
#749,#750,#751,#752,#753,#754,#755,#756,#757,#758,#759,#760,#761,#762,#763,
#764,#765,#766,#767,#768,#769,#770,#771,#772,#773,#774,#775,#776,#777,#778,
#779,#780,#781,#782,#783,#784,#785,#786,#787,#788,#789,#790,#791,#792,#793,
#794,#795,#796,#797,#798,#799,#800,#801,#802,#803,#804,#805,#806,#807,#808,
#809));
#1805=EDGE_LOOP('',(#810,#811,#812,#813));
#1806=EDGE_LOOP('',(#814,#815,#816,#817));
#1807=EDGE_LOOP('',(#818,#819,#820,#821));
#1808=EDGE_LOOP('',(#822,#823,#824,#825));
#1809=EDGE_LOOP('',(#826,#827,#828,#829));
#1810=EDGE_LOOP('',(#830,#831,#832,#833));
#1811=EDGE_LOOP('',(#834,#835,#836,#837));
#1812=EDGE_LOOP('',(#838,#839,#840,#841));
#1813=EDGE_LOOP('',(#842,#843,#844,#845));
#1814=EDGE_LOOP('',(#846,#847,#848,#849));
#1815=EDGE_LOOP('',(#850,#851,#852,#853));
#1816=EDGE_LOOP('',(#854,#855,#856,#857));
#1817=EDGE_LOOP('',(#858,#859,#860,#861));
#1818=EDGE_LOOP('',(#862,#863,#864,#865));
#1819=EDGE_LOOP('',(#866,#867,#868,#869));
#1820=EDGE_LOOP('',(#870,#871,#872,#873));
#1821=EDGE_LOOP('',(#874,#875,#876,#877));
#1822=EDGE_LOOP('',(#878,#879,#880,#881));
#1823=EDGE_LOOP('',(#882,#883,#884,#885));
#1824=EDGE_LOOP('',(#886,#887,#888,#889));
#1825=EDGE_LOOP('',(#890,#891,#892,#893));
#1826=EDGE_LOOP('',(#894,#895,#896,#897));
#1827=EDGE_LOOP('',(#898,#899,#900,#901));
#1828=EDGE_LOOP('',(#902,#903,#904,#905));
#1829=EDGE_LOOP('',(#906,#907,#908,#909));
#1830=EDGE_LOOP('',(#910,#911,#912,#913));
#1831=EDGE_LOOP('',(#914,#915,#916,#917));
#1832=EDGE_LOOP('',(#918,#919,#920,#921));
#1833=EDGE_LOOP('',(#922,#923,#924,#925));
#1834=EDGE_LOOP('',(#926,#927,#928,#929));
#1835=EDGE_LOOP('',(#930,#931,#932,#933));
#1836=EDGE_LOOP('',(#934,#935,#936,#937));
#1837=EDGE_LOOP('',(#938,#939,#940,#941));
#1838=EDGE_LOOP('',(#942,#943,#944,#945));
#1839=EDGE_LOOP('',(#946,#947,#948,#949));
#1840=EDGE_LOOP('',(#950,#951,#952,#953));
#1841=EDGE_LOOP('',(#954,#955,#956,#957));
#1842=EDGE_LOOP('',(#958,#959,#960,#961));
#1843=EDGE_LOOP('',(#962,#963,#964,#965));
#1844=EDGE_LOOP('',(#966,#967,#968,#969));
#1845=EDGE_LOOP('',(#970,#971,#972,#973));
#1846=EDGE_LOOP('',(#974,#975,#976,#977));
#1847=EDGE_LOOP('',(#978,#979,#980,#981));
#1848=EDGE_LOOP('',(#982,#983,#984,#985));
#1849=EDGE_LOOP('',(#986,#987,#988,#989));
#1850=EDGE_LOOP('',(#990,#991,#992,#993));
#1851=EDGE_LOOP('',(#994,#995,#996,#997));
#1852=EDGE_LOOP('',(#998,#999,#1000,#1001));
#1853=EDGE_LOOP('',(#1002,#1003,#1004,#1005));
#1854=EDGE_LOOP('',(#1006,#1007,#1008,#1009));
#1855=EDGE_LOOP('',(#1010,#1011,#1012,#1013));
#1856=EDGE_LOOP('',(#1014,#1015,#1016,#1017));
#1857=EDGE_LOOP('',(#1018,#1019,#1020,#1021));
#1858=EDGE_LOOP('',(#1022,#1023,#1024,#1025));
#1859=EDGE_LOOP('',(#1026,#1027,#1028,#1029));
#1860=EDGE_LOOP('',(#1030,#1031,#1032,#1033));
#1861=EDGE_LOOP('',(#1034,#1035,#1036,#1037));
#1862=EDGE_LOOP('',(#1038,#1039,#1040,#1041));
#1863=EDGE_LOOP('',(#1042,#1043,#1044,#1045));
#1864=EDGE_LOOP('',(#1046,#1047,#1048,#1049));
#1865=EDGE_LOOP('',(#1050,#1051,#1052,#1053));
#1866=EDGE_LOOP('',(#1054,#1055,#1056,#1057));
#1867=EDGE_LOOP('',(#1058,#1059,#1060,#1061));
#1868=EDGE_LOOP('',(#1062,#1063,#1064,#1065));
#1869=EDGE_LOOP('',(#1066,#1067,#1068,#1069));
#1870=EDGE_LOOP('',(#1070,#1071,#1072,#1073));
#1871=EDGE_LOOP('',(#1074,#1075,#1076,#1077));
#1872=EDGE_LOOP('',(#1078,#1079,#1080,#1081));
#1873=EDGE_LOOP('',(#1082,#1083,#1084,#1085));
#1874=EDGE_LOOP('',(#1086,#1087,#1088,#1089));
#1875=EDGE_LOOP('',(#1090,#1091,#1092,#1093));
#1876=EDGE_LOOP('',(#1094,#1095,#1096,#1097));
#1877=EDGE_LOOP('',(#1098,#1099,#1100,#1101));
#1878=EDGE_LOOP('',(#1102,#1103,#1104,#1105));
#1879=EDGE_LOOP('',(#1106,#1107,#1108,#1109));
#1880=EDGE_LOOP('',(#1110,#1111,#1112,#1113));
#1881=EDGE_LOOP('',(#1114,#1115,#1116,#1117));
#1882=EDGE_LOOP('',(#1118,#1119,#1120,#1121));
#1883=EDGE_LOOP('',(#1122,#1123,#1124,#1125));
#1884=EDGE_LOOP('',(#1126,#1127,#1128,#1129));
#1885=EDGE_LOOP('',(#1130,#1131,#1132,#1133));
#1886=EDGE_LOOP('',(#1134,#1135,#1136,#1137));
#1887=EDGE_LOOP('',(#1138,#1139,#1140,#1141));
#1888=EDGE_LOOP('',(#1142,#1143,#1144,#1145));
#1889=EDGE_LOOP('',(#1146,#1147,#1148,#1149));
#1890=EDGE_LOOP('',(#1150,#1151,#1152,#1153));
#1891=EDGE_LOOP('',(#1154,#1155,#1156,#1157));
#1892=EDGE_LOOP('',(#1158,#1159,#1160,#1161));
#1893=EDGE_LOOP('',(#1162,#1163,#1164,#1165));
#1894=EDGE_LOOP('',(#1166,#1167,#1168,#1169));
#1895=EDGE_LOOP('',(#1170,#1171,#1172,#1173));
#1896=EDGE_LOOP('',(#1174));
#1897=EDGE_LOOP('',(#1175,#1176,#1177,#1178));
#1898=EDGE_LOOP('',(#1179,#1180,#1181,#1182));
#1899=EDGE_LOOP('',(#1183));
#1900=EDGE_LOOP('',(#1184));
#1901=EDGE_LOOP('',(#1185));
#1902=EDGE_LOOP('',(#1186));
#1903=EDGE_LOOP('',(#1187));
#1904=EDGE_LOOP('',(#1188));
#1905=FACE_BOUND('',#1781,.T.);
#1906=FACE_BOUND('',#1782,.T.);
#1907=FACE_BOUND('',#1783,.T.);
#1908=FACE_BOUND('',#1784,.T.);
#1909=FACE_BOUND('',#1785,.T.);
#1910=FACE_BOUND('',#1786,.T.);
#1911=FACE_BOUND('',#1787,.T.);
#1912=FACE_BOUND('',#1788,.T.);
#1913=FACE_BOUND('',#1789,.T.);
#1914=FACE_BOUND('',#1790,.T.);
#1915=FACE_BOUND('',#1791,.T.);
#1916=FACE_BOUND('',#1792,.T.);
#1917=FACE_BOUND('',#1793,.T.);
#1918=FACE_BOUND('',#1794,.T.);
#1919=FACE_BOUND('',#1795,.T.);
#1920=FACE_BOUND('',#1796,.T.);
#1921=FACE_BOUND('',#1797,.T.);
#1922=FACE_BOUND('',#1798,.T.);
#1923=FACE_BOUND('',#1799,.T.);
#1924=FACE_BOUND('',#1800,.T.);
#1925=FACE_BOUND('',#1801,.T.);
#1926=FACE_BOUND('',#1802,.T.);
#1927=FACE_BOUND('',#1803,.T.);
#1928=FACE_BOUND('',#1804,.T.);
#1929=FACE_BOUND('',#1805,.T.);
#1930=FACE_BOUND('',#1806,.T.);
#1931=FACE_BOUND('',#1807,.T.);
#1932=FACE_BOUND('',#1808,.T.);
#1933=FACE_BOUND('',#1809,.T.);
#1934=FACE_BOUND('',#1810,.T.);
#1935=FACE_BOUND('',#1811,.T.);
#1936=FACE_BOUND('',#1812,.T.);
#1937=FACE_BOUND('',#1813,.T.);
#1938=FACE_BOUND('',#1814,.T.);
#1939=FACE_BOUND('',#1815,.T.);
#1940=FACE_BOUND('',#1816,.T.);
#1941=FACE_BOUND('',#1817,.T.);
#1942=FACE_BOUND('',#1818,.T.);
#1943=FACE_BOUND('',#1819,.T.);
#1944=FACE_BOUND('',#1820,.T.);
#1945=FACE_BOUND('',#1821,.T.);
#1946=FACE_BOUND('',#1822,.T.);
#1947=FACE_BOUND('',#1823,.T.);
#1948=FACE_BOUND('',#1824,.T.);
#1949=FACE_BOUND('',#1825,.T.);
#1950=FACE_BOUND('',#1826,.T.);
#1951=FACE_BOUND('',#1827,.T.);
#1952=FACE_BOUND('',#1828,.T.);
#1953=FACE_BOUND('',#1829,.T.);
#1954=FACE_BOUND('',#1830,.T.);
#1955=FACE_BOUND('',#1831,.T.);
#1956=FACE_BOUND('',#1832,.T.);
#1957=FACE_BOUND('',#1833,.T.);
#1958=FACE_BOUND('',#1834,.T.);
#1959=FACE_BOUND('',#1835,.T.);
#1960=FACE_BOUND('',#1836,.T.);
#1961=FACE_BOUND('',#1837,.T.);
#1962=FACE_BOUND('',#1838,.T.);
#1963=FACE_BOUND('',#1839,.T.);
#1964=FACE_BOUND('',#1840,.T.);
#1965=FACE_BOUND('',#1841,.T.);
#1966=FACE_BOUND('',#1842,.T.);
#1967=FACE_BOUND('',#1843,.T.);
#1968=FACE_BOUND('',#1844,.T.);
#1969=FACE_BOUND('',#1845,.T.);
#1970=FACE_BOUND('',#1846,.T.);
#1971=FACE_BOUND('',#1847,.T.);
#1972=FACE_BOUND('',#1848,.T.);
#1973=FACE_BOUND('',#1849,.T.);
#1974=FACE_BOUND('',#1850,.T.);
#1975=FACE_BOUND('',#1851,.T.);
#1976=FACE_BOUND('',#1852,.T.);
#1977=FACE_BOUND('',#1853,.T.);
#1978=FACE_BOUND('',#1854,.T.);
#1979=FACE_BOUND('',#1855,.T.);
#1980=FACE_BOUND('',#1856,.T.);
#1981=FACE_BOUND('',#1857,.T.);
#1982=FACE_BOUND('',#1858,.T.);
#1983=FACE_BOUND('',#1859,.T.);
#1984=FACE_BOUND('',#1860,.T.);
#1985=FACE_BOUND('',#1861,.T.);
#1986=FACE_BOUND('',#1862,.T.);
#1987=FACE_BOUND('',#1863,.T.);
#1988=FACE_BOUND('',#1864,.T.);
#1989=FACE_BOUND('',#1865,.T.);
#1990=FACE_BOUND('',#1866,.T.);
#1991=FACE_BOUND('',#1867,.T.);
#1992=FACE_BOUND('',#1868,.T.);
#1993=FACE_BOUND('',#1869,.T.);
#1994=FACE_BOUND('',#1870,.T.);
#1995=FACE_BOUND('',#1871,.T.);
#1996=FACE_BOUND('',#1872,.T.);
#1997=FACE_BOUND('',#1873,.T.);
#1998=FACE_BOUND('',#1874,.T.);
#1999=FACE_BOUND('',#1875,.T.);
#2000=FACE_BOUND('',#1876,.T.);
#2001=FACE_BOUND('',#1877,.T.);
#2002=FACE_BOUND('',#1878,.T.);
#2003=FACE_BOUND('',#1879,.T.);
#2004=FACE_BOUND('',#1880,.T.);
#2005=FACE_BOUND('',#1881,.T.);
#2006=FACE_BOUND('',#1882,.T.);
#2007=FACE_BOUND('',#1883,.T.);
#2008=FACE_BOUND('',#1884,.T.);
#2009=FACE_BOUND('',#1885,.T.);
#2010=FACE_BOUND('',#1886,.T.);
#2011=FACE_BOUND('',#1887,.T.);
#2012=FACE_BOUND('',#1888,.T.);
#2013=FACE_BOUND('',#1889,.T.);
#2014=FACE_BOUND('',#1890,.T.);
#2015=FACE_BOUND('',#1891,.T.);
#2016=FACE_BOUND('',#1892,.T.);
#2017=FACE_BOUND('',#1893,.T.);
#2018=FACE_BOUND('',#1894,.T.);
#2019=FACE_BOUND('',#1895,.T.);
#2020=FACE_BOUND('',#1896,.T.);
#2021=FACE_BOUND('',#1897,.T.);
#2022=FACE_BOUND('',#1898,.T.);
#2023=FACE_BOUND('',#1899,.T.);
#2024=FACE_BOUND('',#1900,.T.);
#2025=FACE_BOUND('',#1901,.T.);
#2026=FACE_BOUND('',#1902,.T.);
#2027=FACE_BOUND('',#1903,.T.);
#2028=FACE_BOUND('',#1904,.T.);
#2029=PLANE('',#2192);
#2030=PLANE('',#2242);
#2031=PLANE('',#2272);
#2032=PLANE('',#2341);
#2033=PLANE('',#2342);
#2034=PLANE('',#2343);
#2035=PLANE('',#2344);
#2036=PLANE('',#2345);
#2037=PLANE('',#2346);
#2038=PLANE('',#2347);
#2039=PLANE('',#2348);
#2040=PLANE('',#2349);
#2041=PLANE('',#2350);
#2042=PLANE('',#2351);
#2043=PLANE('',#2352);
#2044=PLANE('',#2353);
#2045=PLANE('',#2354);
#2046=PLANE('',#2355);
#2047=PLANE('',#2356);
#2048=PLANE('',#2357);
#2049=PLANE('',#2358);
#2050=PLANE('',#2359);
#2051=PLANE('',#2360);
#2052=PLANE('',#2361);
#2053=PLANE('',#2362);
#2054=PLANE('',#2363);
#2055=PLANE('',#2364);
#2056=PLANE('',#2365);
#2057=PLANE('',#2366);
#2058=PLANE('',#2367);
#2059=PLANE('',#2368);
#2060=PLANE('',#2369);
#2061=PLANE('',#2370);
#2062=PLANE('',#2371);
#2063=PLANE('',#2372);
#2064=PLANE('',#2373);
#2065=PLANE('',#2374);
#2066=PLANE('',#2376);
#2067=ADVANCED_FACE('',(#1905,#1906,#1907,#1908,#1909),#2029,.F.);
#2068=ADVANCED_FACE('',(#1910,#1911,#1912,#1913),#2030,.T.);
#2069=ADVANCED_FACE('',(#1914),#62,.T.);
#2070=ADVANCED_FACE('',(#1915),#12,.T.);
#2071=ADVANCED_FACE('',(#1916),#13,.T.);
#2072=ADVANCED_FACE('',(#1917),#14,.T.);
#2073=ADVANCED_FACE('',(#1918),#15,.T.);
#2074=ADVANCED_FACE('',(#1919),#16,.T.);
#2075=ADVANCED_FACE('',(#1920),#17,.T.);
#2076=ADVANCED_FACE('',(#1921),#18,.T.);
#2077=ADVANCED_FACE('',(#1922),#19,.T.);
#2078=ADVANCED_FACE('',(#1923),#20,.T.);
#2079=ADVANCED_FACE('',(#1924),#21,.T.);
#2080=ADVANCED_FACE('',(#1925),#22,.T.);
#2081=ADVANCED_FACE('',(#1926),#23,.T.);
#2082=ADVANCED_FACE('',(#1927,#1928),#2031,.T.);
#2083=ADVANCED_FACE('',(#1929),#63,.F.);
#2084=ADVANCED_FACE('',(#1930),#64,.T.);
#2085=ADVANCED_FACE('',(#1931),#24,.T.);
#2086=ADVANCED_FACE('',(#1932),#25,.F.);
#2087=ADVANCED_FACE('',(#1933),#26,.F.);
#2088=ADVANCED_FACE('',(#1934),#65,.F.);
#2089=ADVANCED_FACE('',(#1935),#66,.T.);
#2090=ADVANCED_FACE('',(#1936),#27,.T.);
#2091=ADVANCED_FACE('',(#1937),#28,.F.);
#2092=ADVANCED_FACE('',(#1938),#29,.F.);
#2093=ADVANCED_FACE('',(#1939),#67,.F.);
#2094=ADVANCED_FACE('',(#1940),#68,.T.);
#2095=ADVANCED_FACE('',(#1941),#30,.T.);
#2096=ADVANCED_FACE('',(#1942),#31,.F.);
#2097=ADVANCED_FACE('',(#1943),#32,.F.);
#2098=ADVANCED_FACE('',(#1944),#69,.F.);
#2099=ADVANCED_FACE('',(#1945),#70,.T.);
#2100=ADVANCED_FACE('',(#1946),#33,.T.);
#2101=ADVANCED_FACE('',(#1947),#34,.F.);
#2102=ADVANCED_FACE('',(#1948),#35,.F.);
#2103=ADVANCED_FACE('',(#1949),#71,.F.);
#2104=ADVANCED_FACE('',(#1950),#72,.T.);
#2105=ADVANCED_FACE('',(#1951),#36,.T.);
#2106=ADVANCED_FACE('',(#1952),#37,.F.);
#2107=ADVANCED_FACE('',(#1953),#38,.F.);
#2108=ADVANCED_FACE('',(#1954),#73,.F.);
#2109=ADVANCED_FACE('',(#1955),#74,.T.);
#2110=ADVANCED_FACE('',(#1956),#39,.T.);
#2111=ADVANCED_FACE('',(#1957),#40,.F.);
#2112=ADVANCED_FACE('',(#1958),#41,.F.);
#2113=ADVANCED_FACE('',(#1959),#75,.F.);
#2114=ADVANCED_FACE('',(#1960),#76,.T.);
#2115=ADVANCED_FACE('',(#1961),#42,.T.);
#2116=ADVANCED_FACE('',(#1962),#43,.F.);
#2117=ADVANCED_FACE('',(#1963),#44,.F.);
#2118=ADVANCED_FACE('',(#1964),#77,.F.);
#2119=ADVANCED_FACE('',(#1965),#78,.F.);
#2120=ADVANCED_FACE('',(#1966),#79,.T.);
#2121=ADVANCED_FACE('',(#1967),#45,.T.);
#2122=ADVANCED_FACE('',(#1968),#46,.F.);
#2123=ADVANCED_FACE('',(#1969),#47,.F.);
#2124=ADVANCED_FACE('',(#1970),#80,.F.);
#2125=ADVANCED_FACE('',(#1971),#81,.T.);
#2126=ADVANCED_FACE('',(#1972),#48,.T.);
#2127=ADVANCED_FACE('',(#1973),#49,.F.);
#2128=ADVANCED_FACE('',(#1974),#50,.F.);
#2129=ADVANCED_FACE('',(#1975),#82,.F.);
#2130=ADVANCED_FACE('',(#1976),#83,.T.);
#2131=ADVANCED_FACE('',(#1977),#51,.T.);
#2132=ADVANCED_FACE('',(#1978),#52,.F.);
#2133=ADVANCED_FACE('',(#1979),#53,.F.);
#2134=ADVANCED_FACE('',(#1980),#84,.F.);
#2135=ADVANCED_FACE('',(#1981),#85,.T.);
#2136=ADVANCED_FACE('',(#1982),#54,.T.);
#2137=ADVANCED_FACE('',(#1983),#55,.F.);
#2138=ADVANCED_FACE('',(#1984),#56,.F.);
#2139=ADVANCED_FACE('',(#1985),#2032,.T.);
#2140=ADVANCED_FACE('',(#1986),#2033,.T.);
#2141=ADVANCED_FACE('',(#1987),#2034,.F.);
#2142=ADVANCED_FACE('',(#1988),#2035,.T.);
#2143=ADVANCED_FACE('',(#1989),#2036,.T.);
#2144=ADVANCED_FACE('',(#1990),#2037,.F.);
#2145=ADVANCED_FACE('',(#1991),#2038,.T.);
#2146=ADVANCED_FACE('',(#1992),#2039,.T.);
#2147=ADVANCED_FACE('',(#1993),#2040,.F.);
#2148=ADVANCED_FACE('',(#1994),#2041,.T.);
#2149=ADVANCED_FACE('',(#1995),#2042,.T.);
#2150=ADVANCED_FACE('',(#1996),#2043,.F.);
#2151=ADVANCED_FACE('',(#1997),#2044,.T.);
#2152=ADVANCED_FACE('',(#1998),#2045,.T.);
#2153=ADVANCED_FACE('',(#1999),#2046,.F.);
#2154=ADVANCED_FACE('',(#2000),#2047,.T.);
#2155=ADVANCED_FACE('',(#2001),#2048,.T.);
#2156=ADVANCED_FACE('',(#2002),#2049,.F.);
#2157=ADVANCED_FACE('',(#2003),#2050,.T.);
#2158=ADVANCED_FACE('',(#2004),#2051,.T.);
#2159=ADVANCED_FACE('',(#2005),#2052,.F.);
#2160=ADVANCED_FACE('',(#2006),#2053,.T.);
#2161=ADVANCED_FACE('',(#2007),#2054,.T.);
#2162=ADVANCED_FACE('',(#2008),#2055,.F.);
#2163=ADVANCED_FACE('',(#2009),#2056,.T.);
#2164=ADVANCED_FACE('',(#2010),#2057,.T.);
#2165=ADVANCED_FACE('',(#2011),#2058,.F.);
#2166=ADVANCED_FACE('',(#2012),#2059,.T.);
#2167=ADVANCED_FACE('',(#2013),#2060,.T.);
#2168=ADVANCED_FACE('',(#2014),#2061,.F.);
#2169=ADVANCED_FACE('',(#2015),#2062,.T.);
#2170=ADVANCED_FACE('',(#2016),#2063,.T.);
#2171=ADVANCED_FACE('',(#2017),#2064,.F.);
#2172=ADVANCED_FACE('',(#2018),#2065,.T.);
#2173=ADVANCED_FACE('',(#2019,#2020),#57,.F.);
#2174=ADVANCED_FACE('',(#2021),#2066,.T.);
#2175=ADVANCED_FACE('',(#2022),#58,.F.);
#2176=ADVANCED_FACE('',(#2023,#2024),#59,.F.);
#2177=ADVANCED_FACE('',(#2025,#2026),#60,.F.);
#2178=ADVANCED_FACE('',(#2027,#2028),#61,.F.);
#2179=CLOSED_SHELL('',(#2067,#2068,#2069,#2070,#2071,#2072,#2073,#2074,
#2075,#2076,#2077,#2078,#2079,#2080,#2081,#2082,#2083,#2084,#2085,#2086,
#2087,#2088,#2089,#2090,#2091,#2092,#2093,#2094,#2095,#2096,#2097,#2098,
#2099,#2100,#2101,#2102,#2103,#2104,#2105,#2106,#2107,#2108,#2109,#2110,
#2111,#2112,#2113,#2114,#2115,#2116,#2117,#2118,#2119,#2120,#2121,#2122,
#2123,#2124,#2125,#2126,#2127,#2128,#2129,#2130,#2131,#2132,#2133,#2134,
#2135,#2136,#2137,#2138,#2139,#2140,#2141,#2142,#2143,#2144,#2145,#2146,
#2147,#2148,#2149,#2150,#2151,#2152,#2153,#2154,#2155,#2156,#2157,#2158,
#2159,#2160,#2161,#2162,#2163,#2164,#2165,#2166,#2167,#2168,#2169,#2170,
#2171,#2172,#2173,#2174,#2175,#2176,#2177,#2178));
#2180=STYLED_ITEM('',(#2181),#2188);
#2181=PRESENTATION_STYLE_ASSIGNMENT((#2182));
#2182=SURFACE_STYLE_USAGE(.BOTH.,#2183);
#2183=SURFACE_SIDE_STYLE('',(#2184));
#2184=SURFACE_STYLE_FILL_AREA(#2185);
#2185=FILL_AREA_STYLE('',(#2186));
#2186=FILL_AREA_STYLE_COLOUR('',#2187);
#2187=COLOUR_RGB('',0.917647058823529,0.917647058823529,0.917647058823529);
#2188=MANIFOLD_SOLID_BREP('Driving Claw',#2179);
#2189=SHAPE_DEFINITION_REPRESENTATION(#5940,#2190);
#2190=SHAPE_REPRESENTATION('Driving Claw',(#2191),#5935);
#2191=AXIS2_PLACEMENT_3D('',#2937,#2381,#2382);
#2192=AXIS2_PLACEMENT_3D('',#2938,#2383,#2384);
#2193=AXIS2_PLACEMENT_3D('',#3084,#2418,#2419);
#2194=AXIS2_PLACEMENT_3D('',#3125,#2420,#2421);
#2195=AXIS2_PLACEMENT_3D('',#3127,#2422,#2423);
#2196=AXIS2_PLACEMENT_3D('',#3129,#2424,#2425);
#2197=AXIS2_PLACEMENT_3D('',#3170,#2426,#2427);
#2198=AXIS2_PLACEMENT_3D('',#3211,#2428,#2429);
#2199=AXIS2_PLACEMENT_3D('',#3213,#2430,#2431);
#2200=AXIS2_PLACEMENT_3D('',#3215,#2432,#2433);
#2201=AXIS2_PLACEMENT_3D('',#3256,#2434,#2435);
#2202=AXIS2_PLACEMENT_3D('',#3297,#2436,#2437);
#2203=AXIS2_PLACEMENT_3D('',#3299,#2438,#2439);
#2204=AXIS2_PLACEMENT_3D('',#3301,#2440,#2441);
#2205=AXIS2_PLACEMENT_3D('',#3342,#2442,#2443);
#2206=AXIS2_PLACEMENT_3D('',#3383,#2444,#2445);
#2207=AXIS2_PLACEMENT_3D('',#3385,#2446,#2447);
#2208=AXIS2_PLACEMENT_3D('',#3387,#2448,#2449);
#2209=AXIS2_PLACEMENT_3D('',#3428,#2450,#2451);
#2210=AXIS2_PLACEMENT_3D('',#3469,#2452,#2453);
#2211=AXIS2_PLACEMENT_3D('',#3471,#2454,#2455);
#2212=AXIS2_PLACEMENT_3D('',#3473,#2456,#2457);
#2213=AXIS2_PLACEMENT_3D('',#3514,#2458,#2459);
#2214=AXIS2_PLACEMENT_3D('',#3555,#2460,#2461);
#2215=AXIS2_PLACEMENT_3D('',#3557,#2462,#2463);
#2216=AXIS2_PLACEMENT_3D('',#3559,#2464,#2465);
#2217=AXIS2_PLACEMENT_3D('',#3600,#2466,#2467);
#2218=AXIS2_PLACEMENT_3D('',#3641,#2468,#2469);
#2219=AXIS2_PLACEMENT_3D('',#3643,#2470,#2471);
#2220=AXIS2_PLACEMENT_3D('',#3645,#2472,#2473);
#2221=AXIS2_PLACEMENT_3D('',#3686,#2474,#2475);
#2222=AXIS2_PLACEMENT_3D('',#3727,#2476,#2477);
#2223=AXIS2_PLACEMENT_3D('',#3729,#2478,#2479);
#2224=AXIS2_PLACEMENT_3D('',#3731,#2480,#2481);
#2225=AXIS2_PLACEMENT_3D('',#3772,#2482,#2483);
#2226=AXIS2_PLACEMENT_3D('',#3813,#2484,#2485);
#2227=AXIS2_PLACEMENT_3D('',#3815,#2486,#2487);
#2228=AXIS2_PLACEMENT_3D('',#3817,#2488,#2489);
#2229=AXIS2_PLACEMENT_3D('',#3858,#2490,#2491);
#2230=AXIS2_PLACEMENT_3D('',#3899,#2492,#2493);
#2231=AXIS2_PLACEMENT_3D('',#3901,#2494,#2495);
#2232=AXIS2_PLACEMENT_3D('',#3903,#2496,#2497);
#2233=AXIS2_PLACEMENT_3D('',#3944,#2498,#2499);
#2234=AXIS2_PLACEMENT_3D('',#3985,#2500,#2501);
#2235=AXIS2_PLACEMENT_3D('',#3987,#2502,#2503);
#2236=AXIS2_PLACEMENT_3D('',#3989,#2504,#2505);
#2237=AXIS2_PLACEMENT_3D('',#4030,#2506,#2507);
#2238=AXIS2_PLACEMENT_3D('',#4031,#2508,#2509);
#2239=AXIS2_PLACEMENT_3D('',#4033,#2510,#2511);
#2240=AXIS2_PLACEMENT_3D('',#4035,#2512,#2513);
#2241=AXIS2_PLACEMENT_3D('',#4037,#2514,#2515);
#2242=AXIS2_PLACEMENT_3D('',#4039,#2516,#2517);
#2243=AXIS2_PLACEMENT_3D('',#4040,#2518,#2519);
#2244=AXIS2_PLACEMENT_3D('',#4042,#2520,#2521);
#2245=AXIS2_PLACEMENT_3D('',#4044,#2522,#2523);
#2246=AXIS2_PLACEMENT_3D('',#4046,#2524,#2525);
#2247=AXIS2_PLACEMENT_3D('',#4051,#2527,#2528);
#2248=AXIS2_PLACEMENT_3D('',#4104,#2532,#2533);
#2249=AXIS2_PLACEMENT_3D('',#4107,#2535,#2536);
#2250=AXIS2_PLACEMENT_3D('',#4110,#2538,#2539);
#2251=AXIS2_PLACEMENT_3D('',#4113,#2541,#2542);
#2252=AXIS2_PLACEMENT_3D('',#4116,#2544,#2545);
#2253=AXIS2_PLACEMENT_3D('',#4121,#2548,#2549);
#2254=AXIS2_PLACEMENT_3D('',#4122,#2550,#2551);
#2255=AXIS2_PLACEMENT_3D('',#4127,#2554,#2555);
#2256=AXIS2_PLACEMENT_3D('',#4128,#2556,#2557);
#2257=AXIS2_PLACEMENT_3D('',#4131,#2559,#2560);
#2258=AXIS2_PLACEMENT_3D('',#4134,#2562,#2563);
#2259=AXIS2_PLACEMENT_3D('',#4139,#2566,#2567);
#2260=AXIS2_PLACEMENT_3D('',#4140,#2568,#2569);
#2261=AXIS2_PLACEMENT_3D('',#4143,#2571,#2572);
#2262=AXIS2_PLACEMENT_3D('',#4146,#2574,#2575);
#2263=AXIS2_PLACEMENT_3D('',#4149,#2577,#2578);
#2264=AXIS2_PLACEMENT_3D('',#4152,#2580,#2581);
#2265=AXIS2_PLACEMENT_3D('',#4155,#2583,#2584);
#2266=AXIS2_PLACEMENT_3D('',#4158,#2586,#2587);
#2267=AXIS2_PLACEMENT_3D('',#4161,#2589,#2590);
#2268=AXIS2_PLACEMENT_3D('',#4164,#2592,#2593);
#2269=AXIS2_PLACEMENT_3D('',#4167,#2595,#2596);
#2270=AXIS2_PLACEMENT_3D('',#4168,#2597,#2598);
#2271=AXIS2_PLACEMENT_3D('',#4173,#2601,#2602);
#2272=AXIS2_PLACEMENT_3D('',#4174,#2603,#2604);
#2273=AXIS2_PLACEMENT_3D('',#4175,#2605,#2606);
#2274=AXIS2_PLACEMENT_3D('',#4180,#2608,#2609);
#2275=AXIS2_PLACEMENT_3D('',#4326,#2644,#2645);
#2276=AXIS2_PLACEMENT_3D('',#4328,#2646,#2647);
#2277=AXIS2_PLACEMENT_3D('',#4330,#2648,#2649);
#2278=AXIS2_PLACEMENT_3D('',#4409,#2650,#2651);
#2279=AXIS2_PLACEMENT_3D('',#4411,#2652,#2653);
#2280=AXIS2_PLACEMENT_3D('',#4413,#2654,#2655);
#2281=AXIS2_PLACEMENT_3D('',#4492,#2656,#2657);
#2282=AXIS2_PLACEMENT_3D('',#4494,#2658,#2659);
#2283=AXIS2_PLACEMENT_3D('',#4496,#2660,#2661);
#2284=AXIS2_PLACEMENT_3D('',#4575,#2662,#2663);
#2285=AXIS2_PLACEMENT_3D('',#4577,#2664,#2665);
#2286=AXIS2_PLACEMENT_3D('',#4579,#2666,#2667);
#2287=AXIS2_PLACEMENT_3D('',#4658,#2668,#2669);
#2288=AXIS2_PLACEMENT_3D('',#4660,#2670,#2671);
#2289=AXIS2_PLACEMENT_3D('',#4662,#2672,#2673);
#2290=AXIS2_PLACEMENT_3D('',#4741,#2674,#2675);
#2291=AXIS2_PLACEMENT_3D('',#4743,#2676,#2677);
#2292=AXIS2_PLACEMENT_3D('',#4745,#2678,#2679);
#2293=AXIS2_PLACEMENT_3D('',#4824,#2680,#2681);
#2294=AXIS2_PLACEMENT_3D('',#4826,#2682,#2683);
#2295=AXIS2_PLACEMENT_3D('',#4828,#2684,#2685);
#2296=AXIS2_PLACEMENT_3D('',#4907,#2686,#2687);
#2297=AXIS2_PLACEMENT_3D('',#4909,#2688,#2689);
#2298=AXIS2_PLACEMENT_3D('',#4911,#2690,#2691);
#2299=AXIS2_PLACEMENT_3D('',#4990,#2692,#2693);
#2300=AXIS2_PLACEMENT_3D('',#4992,#2694,#2695);
#2301=AXIS2_PLACEMENT_3D('',#4994,#2696,#2697);
#2302=AXIS2_PLACEMENT_3D('',#5073,#2698,#2699);
#2303=AXIS2_PLACEMENT_3D('',#5075,#2700,#2701);
#2304=AXIS2_PLACEMENT_3D('',#5077,#2702,#2703);
#2305=AXIS2_PLACEMENT_3D('',#5156,#2704,#2705);
#2306=AXIS2_PLACEMENT_3D('',#5158,#2706,#2707);
#2307=AXIS2_PLACEMENT_3D('',#5160,#2708,#2709);
#2308=AXIS2_PLACEMENT_3D('',#5254,#2712,#2713);
#2309=AXIS2_PLACEMENT_3D('',#5257,#2716,#2717);
#2310=AXIS2_PLACEMENT_3D('',#5258,#2718,#2719);
#2311=AXIS2_PLACEMENT_3D('',#5313,#2722,#2723);
#2312=AXIS2_PLACEMENT_3D('',#5316,#2726,#2727);
#2313=AXIS2_PLACEMENT_3D('',#5317,#2728,#2729);
#2314=AXIS2_PLACEMENT_3D('',#5372,#2732,#2733);
#2315=AXIS2_PLACEMENT_3D('',#5375,#2736,#2737);
#2316=AXIS2_PLACEMENT_3D('',#5376,#2738,#2739);
#2317=AXIS2_PLACEMENT_3D('',#5431,#2742,#2743);
#2318=AXIS2_PLACEMENT_3D('',#5434,#2746,#2747);
#2319=AXIS2_PLACEMENT_3D('',#5435,#2748,#2749);
#2320=AXIS2_PLACEMENT_3D('',#5490,#2752,#2753);
#2321=AXIS2_PLACEMENT_3D('',#5493,#2756,#2757);
#2322=AXIS2_PLACEMENT_3D('',#5494,#2758,#2759);
#2323=AXIS2_PLACEMENT_3D('',#5549,#2762,#2763);
#2324=AXIS2_PLACEMENT_3D('',#5552,#2766,#2767);
#2325=AXIS2_PLACEMENT_3D('',#5553,#2768,#2769);
#2326=AXIS2_PLACEMENT_3D('',#5608,#2772,#2773);
#2327=AXIS2_PLACEMENT_3D('',#5611,#2776,#2777);
#2328=AXIS2_PLACEMENT_3D('',#5612,#2778,#2779);
#2329=AXIS2_PLACEMENT_3D('',#5676,#2783,#2784);
#2330=AXIS2_PLACEMENT_3D('',#5679,#2787,#2788);
#2331=AXIS2_PLACEMENT_3D('',#5680,#2789,#2790);
#2332=AXIS2_PLACEMENT_3D('',#5735,#2793,#2794);
#2333=AXIS2_PLACEMENT_3D('',#5738,#2797,#2798);
#2334=AXIS2_PLACEMENT_3D('',#5739,#2799,#2800);
#2335=AXIS2_PLACEMENT_3D('',#5794,#2803,#2804);
#2336=AXIS2_PLACEMENT_3D('',#5797,#2807,#2808);
#2337=AXIS2_PLACEMENT_3D('',#5798,#2809,#2810);
#2338=AXIS2_PLACEMENT_3D('',#5853,#2813,#2814);
#2339=AXIS2_PLACEMENT_3D('',#5856,#2817,#2818);
#2340=AXIS2_PLACEMENT_3D('',#5857,#2819,#2820);
#2341=AXIS2_PLACEMENT_3D('',#5858,#2821,#2822);
#2342=AXIS2_PLACEMENT_3D('',#5860,#2824,#2825);
#2343=AXIS2_PLACEMENT_3D('',#5862,#2827,#2828);
#2344=AXIS2_PLACEMENT_3D('',#5864,#2830,#2831);
#2345=AXIS2_PLACEMENT_3D('',#5866,#2833,#2834);
#2346=AXIS2_PLACEMENT_3D('',#5868,#2836,#2837);
#2347=AXIS2_PLACEMENT_3D('',#5870,#2839,#2840);
#2348=AXIS2_PLACEMENT_3D('',#5872,#2842,#2843);
#2349=AXIS2_PLACEMENT_3D('',#5874,#2845,#2846);
#2350=AXIS2_PLACEMENT_3D('',#5876,#2848,#2849);
#2351=AXIS2_PLACEMENT_3D('',#5878,#2851,#2852);
#2352=AXIS2_PLACEMENT_3D('',#5880,#2854,#2855);
#2353=AXIS2_PLACEMENT_3D('',#5882,#2857,#2858);
#2354=AXIS2_PLACEMENT_3D('',#5884,#2860,#2861);
#2355=AXIS2_PLACEMENT_3D('',#5886,#2863,#2864);
#2356=AXIS2_PLACEMENT_3D('',#5888,#2866,#2867);
#2357=AXIS2_PLACEMENT_3D('',#5890,#2869,#2870);
#2358=AXIS2_PLACEMENT_3D('',#5892,#2872,#2873);
#2359=AXIS2_PLACEMENT_3D('',#5894,#2875,#2876);
#2360=AXIS2_PLACEMENT_3D('',#5896,#2878,#2879);
#2361=AXIS2_PLACEMENT_3D('',#5898,#2881,#2882);
#2362=AXIS2_PLACEMENT_3D('',#5900,#2884,#2885);
#2363=AXIS2_PLACEMENT_3D('',#5902,#2887,#2888);
#2364=AXIS2_PLACEMENT_3D('',#5904,#2890,#2891);
#2365=AXIS2_PLACEMENT_3D('',#5906,#2893,#2894);
#2366=AXIS2_PLACEMENT_3D('',#5908,#2896,#2897);
#2367=AXIS2_PLACEMENT_3D('',#5910,#2899,#2900);
#2368=AXIS2_PLACEMENT_3D('',#5912,#2902,#2903);
#2369=AXIS2_PLACEMENT_3D('',#5914,#2905,#2906);
#2370=AXIS2_PLACEMENT_3D('',#5916,#2908,#2909);
#2371=AXIS2_PLACEMENT_3D('',#5918,#2911,#2912);
#2372=AXIS2_PLACEMENT_3D('',#5920,#2914,#2915);
#2373=AXIS2_PLACEMENT_3D('',#5922,#2917,#2918);
#2374=AXIS2_PLACEMENT_3D('',#5923,#2919,#2920);
#2375=AXIS2_PLACEMENT_3D('',#5926,#2923,#2924);
#2376=AXIS2_PLACEMENT_3D('',#5928,#2926,#2927);
#2377=AXIS2_PLACEMENT_3D('',#5930,#2929,#2930);
#2378=AXIS2_PLACEMENT_3D('',#5931,#2931,#2932);
#2379=AXIS2_PLACEMENT_3D('',#5932,#2933,#2934);
#2380=AXIS2_PLACEMENT_3D('',#5933,#2935,#2936);
#2381=DIRECTION('',(0.,0.,1.));
#2382=DIRECTION('',(1.,0.,0.));
#2383=DIRECTION('',(0.,-1.22464679914735E-16,-1.));
#2384=DIRECTION('',(0.,1.,-1.22464679914735E-16));
#2385=DIRECTION('',(0.,-1.,1.22464679914735E-16));
#2386=DIRECTION('',(-0.75,0.661437827766146,-8.10027718608789E-17));
#2387=DIRECTION('',(0.75,0.661437827766151,-8.10027718608795E-17));
#2388=DIRECTION('',(0.,-1.,1.22464679914735E-16));
#2389=DIRECTION('',(-0.75,0.661437827766146,-8.10027718608789E-17));
#2390=DIRECTION('',(0.75,0.661437827766151,-8.10027718608795E-17));
#2391=DIRECTION('',(0.,-1.,1.22464679914735E-16));
#2392=DIRECTION('',(-0.75,0.661437827766146,-8.10027718608789E-17));
#2393=DIRECTION('',(0.75,0.661437827766151,-8.10027718608795E-17));
#2394=DIRECTION('',(0.,-1.,1.22464679914735E-16));
#2395=DIRECTION('',(-0.75,0.661437827766146,-8.10027718608789E-17));
#2396=DIRECTION('',(0.75,0.661437827766152,-8.10027718608796E-17));
#2397=DIRECTION('',(0.,-1.,1.22464679914735E-16));
#2398=DIRECTION('',(-0.75,0.661437827766146,-8.10027718608789E-17));
#2399=DIRECTION('',(0.75,0.66143782776615,-8.10027718608793E-17));
#2400=DIRECTION('',(0.,-1.,1.22464679914735E-16));
#2401=DIRECTION('',(-0.75,0.661437827766146,-8.10027718608789E-17));
#2402=DIRECTION('',(0.75,0.661437827766151,-8.10027718608795E-17));
#2403=DIRECTION('',(0.,-1.,1.22464679914735E-16));
#2404=DIRECTION('',(-0.75,0.661437827766146,-8.10027718608789E-17));
#2405=DIRECTION('',(0.75,0.66143782776615,-8.10027718608793E-17));
#2406=DIRECTION('',(0.,-1.,1.22464679914735E-16));
#2407=DIRECTION('',(-0.75,0.661437827766146,-8.10027718608789E-17));
#2408=DIRECTION('',(0.75,0.661437827766147,-8.1002771860879E-17));
#2409=DIRECTION('',(0.,-1.,1.22464679914735E-16));
#2410=DIRECTION('',(-0.75,0.661437827766147,-8.1002771860879E-17));
#2411=DIRECTION('',(0.75,0.661437827766151,-8.10027718608795E-17));
#2412=DIRECTION('',(0.,-1.,1.22464679914735E-16));
#2413=DIRECTION('',(-0.75,0.661437827766148,-8.10027718608791E-17));
#2414=DIRECTION('',(0.75,0.661437827766148,-8.10027718608791E-17));
#2415=DIRECTION('',(0.,-1.,1.22464679914735E-16));
#2416=DIRECTION('',(-0.707106781186549,-0.707106781186547,8.65956056235492E-17));
#2417=DIRECTION('',(0.,-1.,1.22464679914735E-16));
#2418=DIRECTION('',(0.,-1.22464679914735E-16,-1.));
#2419=DIRECTION('',(0.,-1.,1.22464679914735E-16));
#2420=DIRECTION('',(0.,-1.22464679914735E-16,-1.));
#2421=DIRECTION('',(-0.78183148246803,0.623489801858734,-7.63554790147316E-17));
#2422=DIRECTION('',(0.,-1.22464679914735E-16,-1.));
#2423=DIRECTION('',(-0.78183148246803,0.623489801858734,-7.63554790147316E-17));
#2424=DIRECTION('',(0.,-1.22464679914735E-16,-1.));
#2425=DIRECTION('',(-0.78183148246803,0.623489801858734,-7.63554790147316E-17));
#2426=DIRECTION('',(0.,-1.22464679914735E-16,-1.));
#2427=DIRECTION('',(0.,-1.,1.22464679914735E-16));
#2428=DIRECTION('',(0.,-1.22464679914735E-16,-1.));
#2429=DIRECTION('',(-0.974927912181824,0.222520933956315,-2.7250954951288E-17));
#2430=DIRECTION('',(0.,-1.22464679914735E-16,-1.));
#2431=DIRECTION('',(-0.974927912181824,0.222520933956315,-2.7250954951288E-17));
#2432=DIRECTION('',(0.,-1.22464679914735E-16,-1.));
#2433=DIRECTION('',(-0.974927912181824,0.222520933956315,-2.7250954951288E-17));
#2434=DIRECTION('',(0.,-1.22464679914735E-16,-1.));
#2435=DIRECTION('',(0.,-1.,1.22464679914735E-16));
#2436=DIRECTION('',(0.,-1.22464679914735E-16,-1.));
#2437=DIRECTION('',(-0.974927912181824,-0.222520933956315,2.7250954951288E-17));
#2438=DIRECTION('',(0.,-1.22464679914735E-16,-1.));
#2439=DIRECTION('',(-0.974927912181824,-0.222520933956315,2.7250954951288E-17));
#2440=DIRECTION('',(0.,-1.22464679914735E-16,-1.));
#2441=DIRECTION('',(-0.974927912181824,-0.222520933956315,2.7250954951288E-17));
#2442=DIRECTION('',(0.,-1.22464679914735E-16,-1.));
#2443=DIRECTION('',(0.,-1.,1.22464679914735E-16));
#2444=DIRECTION('',(0.,-1.22464679914735E-16,-1.));
#2445=DIRECTION('',(-0.78183148246803,-0.623489801858734,7.63554790147316E-17));
#2446=DIRECTION('',(0.,-1.22464679914735E-16,-1.));
#2447=DIRECTION('',(-0.78183148246803,-0.623489801858734,7.63554790147316E-17));
#2448=DIRECTION('',(0.,-1.22464679914735E-16,-1.));
#2449=DIRECTION('',(-0.78183148246803,-0.623489801858734,7.63554790147316E-17));
#2450=DIRECTION('',(0.,-1.22464679914735E-16,-1.));
#2451=DIRECTION('',(0.,-1.,1.22464679914735E-16));
#2452=DIRECTION('',(0.,-1.22464679914735E-16,-1.));
#2453=DIRECTION('',(-0.433883739117558,-0.900968867902419,1.10336864020811E-16));
#2454=DIRECTION('',(0.,-1.22464679914735E-16,-1.));
#2455=DIRECTION('',(-0.433883739117558,-0.900968867902419,1.10336864020811E-16));
#2456=DIRECTION('',(0.,-1.22464679914735E-16,-1.));
#2457=DIRECTION('',(-0.433883739117558,-0.900968867902419,1.10336864020811E-16));
#2458=DIRECTION('',(0.,-1.22464679914735E-16,-1.));
#2459=DIRECTION('',(0.,-1.,1.22464679914735E-16));
#2460=DIRECTION('',(0.,-1.22464679914735E-16,-1.));
#2461=DIRECTION('',(0.,-1.,1.22464679914735E-16));
#2462=DIRECTION('',(0.,-1.22464679914735E-16,-1.));
#2463=DIRECTION('',(0.,-1.,1.22464679914735E-16));
#2464=DIRECTION('',(0.,-1.22464679914735E-16,-1.));
#2465=DIRECTION('',(0.,-1.,1.22464679914735E-16));
#2466=DIRECTION('',(0.,-1.22464679914735E-16,-1.));
#2467=DIRECTION('',(0.,-1.,1.22464679914735E-16));
#2468=DIRECTION('',(0.,-1.22464679914735E-16,-1.));
#2469=DIRECTION('',(0.433883739117559,-0.900968867902419,1.10336864020811E-16));
#2470=DIRECTION('',(0.,-1.22464679914735E-16,-1.));
#2471=DIRECTION('',(0.433883739117559,-0.900968867902419,1.10336864020811E-16));
#2472=DIRECTION('',(0.,-1.22464679914735E-16,-1.));
#2473=DIRECTION('',(0.433883739117559,-0.900968867902419,1.10336864020811E-16));
#2474=DIRECTION('',(0.,-1.22464679914735E-16,-1.));
#2475=DIRECTION('',(0.,-1.,1.22464679914735E-16));
#2476=DIRECTION('',(0.,-1.22464679914735E-16,-1.));
#2477=DIRECTION('',(0.78183148246803,-0.623489801858733,7.63554790147315E-17));
#2478=DIRECTION('',(0.,-1.22464679914735E-16,-1.));
#2479=DIRECTION('',(0.78183148246803,-0.623489801858733,7.63554790147315E-17));
#2480=DIRECTION('',(0.,-1.22464679914735E-16,-1.));
#2481=DIRECTION('',(0.78183148246803,-0.623489801858733,7.63554790147315E-17));
#2482=DIRECTION('',(0.,-1.22464679914735E-16,-1.));
#2483=DIRECTION('',(0.,-1.,1.22464679914735E-16));
#2484=DIRECTION('',(0.,-1.22464679914735E-16,-1.));
#2485=DIRECTION('',(0.974927912181823,-0.222520933956315,2.72509549512881E-17));
#2486=DIRECTION('',(0.,-1.22464679914735E-16,-1.));
#2487=DIRECTION('',(0.974927912181823,-0.222520933956315,2.72509549512881E-17));
#2488=DIRECTION('',(0.,-1.22464679914735E-16,-1.));
#2489=DIRECTION('',(0.974927912181823,-0.222520933956315,2.72509549512881E-17));
#2490=DIRECTION('',(0.,-1.22464679914735E-16,-1.));
#2491=DIRECTION('',(0.,-1.,1.22464679914735E-16));
#2492=DIRECTION('',(0.,-1.22464679914735E-16,-1.));
#2493=DIRECTION('',(0.974927912181824,0.222520933956314,-2.72509549512879E-17));
#2494=DIRECTION('',(0.,-1.22464679914735E-16,-1.));
#2495=DIRECTION('',(0.974927912181824,0.222520933956314,-2.72509549512879E-17));
#2496=DIRECTION('',(0.,-1.22464679914735E-16,-1.));
#2497=DIRECTION('',(0.974927912181824,0.222520933956314,-2.72509549512879E-17));
#2498=DIRECTION('',(0.,-1.22464679914735E-16,-1.));
#2499=DIRECTION('',(0.,-1.,1.22464679914735E-16));
#2500=DIRECTION('',(0.,-1.22464679914735E-16,-1.));
#2501=DIRECTION('',(0.78183148246803,0.623489801858734,-7.63554790147316E-17));
#2502=DIRECTION('',(0.,-1.22464679914735E-16,-1.));
#2503=DIRECTION('',(0.78183148246803,0.623489801858734,-7.63554790147316E-17));
#2504=DIRECTION('',(0.,-1.22464679914735E-16,-1.));
#2505=DIRECTION('',(0.78183148246803,0.623489801858734,-7.63554790147316E-17));
#2506=DIRECTION('',(0.,-1.22464679914735E-16,-1.));
#2507=DIRECTION('',(0.,-1.,1.22464679914735E-16));
#2508=DIRECTION('',(0.,-1.22464679914735E-16,-1.));
#2509=DIRECTION('',(0.,-1.,1.22464679914735E-16));
#2510=DIRECTION('',(0.,-1.22464679914735E-16,-1.));
#2511=DIRECTION('',(0.,-1.,1.22464679914735E-16));
#2512=DIRECTION('',(0.,-1.22464679914735E-16,-1.));
#2513=DIRECTION('',(0.,-1.,1.22464679914735E-16));
#2514=DIRECTION('',(0.,-1.22464679914735E-16,-1.));
#2515=DIRECTION('',(0.,-1.,1.22464679914735E-16));
#2516=DIRECTION('',(0.,-1.22464679914735E-16,-1.));
#2517=DIRECTION('',(0.,1.,-1.22464679914735E-16));
#2518=DIRECTION('',(0.,-1.22464679914735E-16,-1.));
#2519=DIRECTION('',(0.,-1.,1.22464679914735E-16));
#2520=DIRECTION('',(0.,-1.22464679914735E-16,-1.));
#2521=DIRECTION('',(0.,-1.,1.22464679914735E-16));
#2522=DIRECTION('',(0.,-1.22464679914735E-16,-1.));
#2523=DIRECTION('',(0.,-1.,1.22464679914735E-16));
#2524=DIRECTION('',(0.,-1.22464679914735E-16,-1.));
#2525=DIRECTION('',(0.,-1.,1.22464679914735E-16));
#2526=DIRECTION('',(0.0549501799124427,0.998489097450538,-1.22279647717633E-16));
#2527=DIRECTION('',(0.,1.22464679914735E-16,1.));
#2528=DIRECTION('',(0.,-1.,1.22464679914735E-16));
#2529=DIRECTION('',(0.0549501799124427,-0.998489097450538,1.22279647717633E-16));
#2530=DIRECTION('',(6.16297582203916E-33,-1.22464679914735E-16,-1.));
#2531=DIRECTION('',(6.16297582203916E-33,-1.22464679914735E-16,-1.));
#2532=DIRECTION('',(0.,-1.22464679914735E-16,-1.));
#2533=DIRECTION('',(0.,-1.,1.22464679914735E-16));
#2534=DIRECTION('',(0.,-1.22464679914735E-16,-1.));
#2535=DIRECTION('',(0.,-1.22464679914735E-16,-1.));
#2536=DIRECTION('',(0.,-1.,1.22464679914735E-16));
#2537=DIRECTION('',(0.,-1.22464679914735E-16,-1.));
#2538=DIRECTION('',(0.,-1.22464679914735E-16,-1.));
#2539=DIRECTION('',(0.,-1.,1.22464679914735E-16));
#2540=DIRECTION('',(0.,-1.22464679914735E-16,-1.));
#2541=DIRECTION('',(0.,-1.22464679914735E-16,-1.));
#2542=DIRECTION('',(0.,-1.,1.22464679914735E-16));
#2543=DIRECTION('',(0.,-1.22464679914735E-16,-1.));
#2544=DIRECTION('',(0.,-1.22464679914735E-16,-1.));
#2545=DIRECTION('',(0.,-1.,1.22464679914735E-16));
#2546=DIRECTION('',(0.,-1.22464679914735E-16,-1.));
#2547=DIRECTION('',(0.,-1.22464679914735E-16,-1.));
#2548=DIRECTION('',(0.,-1.22464679914735E-16,-1.));
#2549=DIRECTION('',(0.,-1.,1.22464679914735E-16));
#2550=DIRECTION('',(0.,-1.22464679914735E-16,-1.));
#2551=DIRECTION('',(0.,-1.,1.22464679914735E-16));
#2552=DIRECTION('',(0.,-1.22464679914735E-16,-1.));
#2553=DIRECTION('',(0.,-1.22464679914735E-16,-1.));
#2554=DIRECTION('',(0.,-1.22464679914735E-16,-1.));
#2555=DIRECTION('',(0.,-1.,1.22464679914735E-16));
#2556=DIRECTION('',(0.,-1.22464679914735E-16,-1.));
#2557=DIRECTION('',(0.,-1.,1.22464679914735E-16));
#2558=DIRECTION('',(0.,-1.22464679914735E-16,-1.));
#2559=DIRECTION('',(0.,-1.22464679914735E-16,-1.));
#2560=DIRECTION('',(0.,-1.,1.22464679914735E-16));
#2561=DIRECTION('',(0.,-1.22464679914735E-16,-1.));
#2562=DIRECTION('',(0.,-1.22464679914735E-16,-1.));
#2563=DIRECTION('',(0.,-1.,1.22464679914735E-16));
#2564=DIRECTION('',(0.,-1.22464679914735E-16,-1.));
#2565=DIRECTION('',(0.,-1.22464679914735E-16,-1.));
#2566=DIRECTION('',(0.,-1.22464679914735E-16,-1.));
#2567=DIRECTION('',(0.,-1.,1.22464679914735E-16));
#2568=DIRECTION('',(0.,-1.22464679914735E-16,-1.));
#2569=DIRECTION('',(0.,-1.,1.22464679914735E-16));
#2570=DIRECTION('',(0.,-1.22464679914735E-16,-1.));
#2571=DIRECTION('',(0.,-1.22464679914735E-16,-1.));
#2572=DIRECTION('',(0.,-1.,1.22464679914735E-16));
#2573=DIRECTION('',(0.,-1.22464679914735E-16,-1.));
#2574=DIRECTION('',(0.,-1.22464679914735E-16,-1.));
#2575=DIRECTION('',(0.,-1.,1.22464679914735E-16));
#2576=DIRECTION('',(0.,-1.22464679914735E-16,-1.));
#2577=DIRECTION('',(0.,-1.22464679914735E-16,-1.));
#2578=DIRECTION('',(0.,-1.,1.22464679914735E-16));
#2579=DIRECTION('',(0.,-1.22464679914735E-16,-1.));
#2580=DIRECTION('',(0.,-1.22464679914735E-16,-1.));
#2581=DIRECTION('',(0.,-1.,1.22464679914735E-16));
#2582=DIRECTION('',(0.,-1.22464679914735E-16,-1.));
#2583=DIRECTION('',(0.,-1.22464679914735E-16,-1.));
#2584=DIRECTION('',(0.,-1.,1.22464679914735E-16));
#2585=DIRECTION('',(0.,-1.22464679914735E-16,-1.));
#2586=DIRECTION('',(0.,-1.22464679914735E-16,-1.));
#2587=DIRECTION('',(0.,-1.,1.22464679914735E-16));
#2588=DIRECTION('',(0.,-1.22464679914735E-16,-1.));
#2589=DIRECTION('',(0.,-1.22464679914735E-16,-1.));
#2590=DIRECTION('',(0.,-1.,1.22464679914735E-16));
#2591=DIRECTION('',(0.,-1.22464679914735E-16,-1.));
#2592=DIRECTION('',(0.,-1.22464679914735E-16,-1.));
#2593=DIRECTION('',(0.,-1.,1.22464679914735E-16));
#2594=DIRECTION('',(0.,-1.22464679914735E-16,-1.));
#2595=DIRECTION('',(0.,-1.22464679914735E-16,-1.));
#2596=DIRECTION('',(0.,-1.,1.22464679914735E-16));
#2597=DIRECTION('',(0.,-1.22464679914735E-16,-1.));
#2598=DIRECTION('',(0.,-1.,1.22464679914735E-16));
#2599=DIRECTION('',(0.,-1.22464679914735E-16,-1.));
#2600=DIRECTION('',(0.,-1.22464679914735E-16,-1.));
#2601=DIRECTION('',(0.,-1.22464679914735E-16,-1.));
#2602=DIRECTION('',(0.,-1.,1.22464679914735E-16));
#2603=DIRECTION('',(0.,-1.22464679914735E-16,-1.));
#2604=DIRECTION('',(0.,1.,-1.22464679914735E-16));
#2605=DIRECTION('',(0.,1.22464679914735E-16,1.));
#2606=DIRECTION('',(0.,-1.,1.22464679914735E-16));
#2607=DIRECTION('',(0.0549501799124427,-0.998489097450538,1.22279647717633E-16));
#2608=DIRECTION('',(0.,1.22464679914735E-16,1.));
#2609=DIRECTION('',(0.,-1.,1.22464679914735E-16));
#2610=DIRECTION('',(0.0549501799124427,0.998489097450538,-1.22279647717633E-16));
#2611=DIRECTION('',(0.,-1.,1.22464679914735E-16));
#2612=DIRECTION('',(-0.707106781186549,-0.707106781186547,8.65956056235492E-17));
#2613=DIRECTION('',(0.,-1.,1.22464679914735E-16));
#2614=DIRECTION('',(0.75,0.661437827766148,-8.10027718608791E-17));
#2615=DIRECTION('',(-0.75,0.661437827766148,-8.10027718608791E-17));
#2616=DIRECTION('',(0.,-1.,1.22464679914735E-16));
#2617=DIRECTION('',(0.75,0.661437827766151,-8.10027718608795E-17));
#2618=DIRECTION('',(-0.75,0.661437827766147,-8.1002771860879E-17));
#2619=DIRECTION('',(0.,-1.,1.22464679914735E-16));
#2620=DIRECTION('',(0.75,0.661437827766147,-8.1002771860879E-17));
#2621=DIRECTION('',(-0.75,0.661437827766146,-8.10027718608789E-17));
#2622=DIRECTION('',(0.,-1.,1.22464679914735E-16));
#2623=DIRECTION('',(0.75,0.66143782776615,-8.10027718608793E-17));
#2624=DIRECTION('',(-0.75,0.661437827766146,-8.10027718608789E-17));
#2625=DIRECTION('',(0.,-1.,1.22464679914735E-16));
#2626=DIRECTION('',(0.75,0.661437827766151,-8.10027718608795E-17));
#2627=DIRECTION('',(-0.75,0.661437827766146,-8.10027718608789E-17));
#2628=DIRECTION('',(0.,-1.,1.22464679914735E-16));
#2629=DIRECTION('',(0.75,0.66143782776615,-8.10027718608793E-17));
#2630=DIRECTION('',(-0.75,0.661437827766146,-8.10027718608789E-17));
#2631=DIRECTION('',(0.,-1.,1.22464679914735E-16));
#2632=DIRECTION('',(0.75,0.661437827766152,-8.10027718608796E-17));
#2633=DIRECTION('',(-0.75,0.661437827766146,-8.10027718608789E-17));
#2634=DIRECTION('',(0.,-1.,1.22464679914735E-16));
#2635=DIRECTION('',(0.75,0.661437827766151,-8.10027718608795E-17));
#2636=DIRECTION('',(-0.75,0.661437827766146,-8.10027718608789E-17));
#2637=DIRECTION('',(0.,-1.,1.22464679914735E-16));
#2638=DIRECTION('',(0.75,0.661437827766151,-8.10027718608795E-17));
#2639=DIRECTION('',(-0.75,0.661437827766146,-8.10027718608789E-17));
#2640=DIRECTION('',(0.,-1.,1.22464679914735E-16));
#2641=DIRECTION('',(0.75,0.661437827766151,-8.10027718608795E-17));
#2642=DIRECTION('',(-0.75,0.661437827766146,-8.10027718608789E-17));
#2643=DIRECTION('',(0.,-1.,1.22464679914735E-16));
#2644=DIRECTION('',(0.,-1.22464679914735E-16,-1.));
#2645=DIRECTION('',(0.78183148246803,0.623489801858734,-7.63554790147316E-17));
#2646=DIRECTION('',(0.,-1.22464679914735E-16,-1.));
#2647=DIRECTION('',(0.78183148246803,0.623489801858734,-7.63554790147316E-17));
#2648=DIRECTION('',(0.,-1.22464679914735E-16,-1.));
#2649=DIRECTION('',(0.78183148246803,0.623489801858734,-7.63554790147316E-17));
#2650=DIRECTION('',(0.,-1.22464679914735E-16,-1.));
#2651=DIRECTION('',(0.974927912181824,0.222520933956314,-2.72509549512879E-17));
#2652=DIRECTION('',(0.,-1.22464679914735E-16,-1.));
#2653=DIRECTION('',(0.974927912181824,0.222520933956314,-2.72509549512879E-17));
#2654=DIRECTION('',(0.,-1.22464679914735E-16,-1.));
#2655=DIRECTION('',(0.974927912181824,0.222520933956314,-2.72509549512879E-17));
#2656=DIRECTION('',(0.,-1.22464679914735E-16,-1.));
#2657=DIRECTION('',(0.974927912181823,-0.222520933956315,2.72509549512881E-17));
#2658=DIRECTION('',(0.,-1.22464679914735E-16,-1.));
#2659=DIRECTION('',(0.974927912181823,-0.222520933956315,2.72509549512881E-17));
#2660=DIRECTION('',(0.,-1.22464679914735E-16,-1.));
#2661=DIRECTION('',(0.974927912181823,-0.222520933956315,2.72509549512881E-17));
#2662=DIRECTION('',(0.,-1.22464679914735E-16,-1.));
#2663=DIRECTION('',(0.78183148246803,-0.623489801858733,7.63554790147315E-17));
#2664=DIRECTION('',(0.,-1.22464679914735E-16,-1.));
#2665=DIRECTION('',(0.78183148246803,-0.623489801858733,7.63554790147315E-17));
#2666=DIRECTION('',(0.,-1.22464679914735E-16,-1.));
#2667=DIRECTION('',(0.78183148246803,-0.623489801858733,7.63554790147315E-17));
#2668=DIRECTION('',(0.,-1.22464679914735E-16,-1.));
#2669=DIRECTION('',(0.433883739117559,-0.900968867902419,1.10336864020811E-16));
#2670=DIRECTION('',(0.,-1.22464679914735E-16,-1.));
#2671=DIRECTION('',(0.433883739117559,-0.900968867902419,1.10336864020811E-16));
#2672=DIRECTION('',(0.,-1.22464679914735E-16,-1.));
#2673=DIRECTION('',(0.433883739117559,-0.900968867902419,1.10336864020811E-16));
#2674=DIRECTION('',(0.,-1.22464679914735E-16,-1.));
#2675=DIRECTION('',(0.,-1.,1.22464679914735E-16));
#2676=DIRECTION('',(0.,-1.22464679914735E-16,-1.));
#2677=DIRECTION('',(0.,-1.,1.22464679914735E-16));
#2678=DIRECTION('',(0.,-1.22464679914735E-16,-1.));
#2679=DIRECTION('',(0.,-1.,1.22464679914735E-16));
#2680=DIRECTION('',(0.,-1.22464679914735E-16,-1.));
#2681=DIRECTION('',(-0.433883739117558,-0.900968867902419,1.10336864020811E-16));
#2682=DIRECTION('',(0.,-1.22464679914735E-16,-1.));
#2683=DIRECTION('',(-0.433883739117558,-0.900968867902419,1.10336864020811E-16));
#2684=DIRECTION('',(0.,-1.22464679914735E-16,-1.));
#2685=DIRECTION('',(-0.433883739117558,-0.900968867902419,1.10336864020811E-16));
#2686=DIRECTION('',(0.,-1.22464679914735E-16,-1.));
#2687=DIRECTION('',(-0.78183148246803,-0.623489801858734,7.63554790147316E-17));
#2688=DIRECTION('',(0.,-1.22464679914735E-16,-1.));
#2689=DIRECTION('',(-0.78183148246803,-0.623489801858734,7.63554790147316E-17));
#2690=DIRECTION('',(0.,-1.22464679914735E-16,-1.));
#2691=DIRECTION('',(-0.78183148246803,-0.623489801858734,7.63554790147316E-17));
#2692=DIRECTION('',(0.,-1.22464679914735E-16,-1.));
#2693=DIRECTION('',(-0.974927912181824,-0.222520933956315,2.7250954951288E-17));
#2694=DIRECTION('',(0.,-1.22464679914735E-16,-1.));
#2695=DIRECTION('',(-0.974927912181824,-0.222520933956315,2.7250954951288E-17));
#2696=DIRECTION('',(0.,-1.22464679914735E-16,-1.));
#2697=DIRECTION('',(-0.974927912181824,-0.222520933956315,2.7250954951288E-17));
#2698=DIRECTION('',(0.,-1.22464679914735E-16,-1.));
#2699=DIRECTION('',(-0.974927912181824,0.222520933956315,-2.7250954951288E-17));
#2700=DIRECTION('',(0.,-1.22464679914735E-16,-1.));
#2701=DIRECTION('',(-0.974927912181824,0.222520933956315,-2.7250954951288E-17));
#2702=DIRECTION('',(0.,-1.22464679914735E-16,-1.));
#2703=DIRECTION('',(-0.974927912181824,0.222520933956315,-2.7250954951288E-17));
#2704=DIRECTION('',(0.,-1.22464679914735E-16,-1.));
#2705=DIRECTION('',(-0.78183148246803,0.623489801858734,-7.63554790147316E-17));
#2706=DIRECTION('',(0.,-1.22464679914735E-16,-1.));
#2707=DIRECTION('',(-0.78183148246803,0.623489801858734,-7.63554790147316E-17));
#2708=DIRECTION('',(0.,-1.22464679914735E-16,-1.));
#2709=DIRECTION('',(-0.78183148246803,0.623489801858734,-7.63554790147316E-17));
#2710=DIRECTION('',(0.,-1.22464679914735E-16,-1.));
#2711=DIRECTION('',(0.,-1.22464679914735E-16,-1.));
#2712=DIRECTION('',(0.,-1.22464679914735E-16,-1.));
#2713=DIRECTION('',(0.,-1.,1.22464679914735E-16));
#2714=DIRECTION('',(0.,-1.22464679914735E-16,-1.));
#2715=DIRECTION('',(0.,-1.22464679914735E-16,-1.));
#2716=DIRECTION('',(0.,-1.22464679914735E-16,-1.));
#2717=DIRECTION('',(0.,-1.,1.22464679914735E-16));
#2718=DIRECTION('',(0.,-1.22464679914735E-16,-1.));
#2719=DIRECTION('',(0.,-1.,1.22464679914735E-16));
#2720=DIRECTION('',(0.,-1.22464679914735E-16,-1.));
#2721=DIRECTION('',(0.,-1.22464679914735E-16,-1.));
#2722=DIRECTION('',(0.,-1.22464679914735E-16,-1.));
#2723=DIRECTION('',(0.78183148246803,0.623489801858734,-7.63554790147316E-17));
#2724=DIRECTION('',(0.,-1.22464679914735E-16,-1.));
#2725=DIRECTION('',(0.,-1.22464679914735E-16,-1.));
#2726=DIRECTION('',(0.,-1.22464679914735E-16,-1.));
#2727=DIRECTION('',(0.78183148246803,0.623489801858734,-7.63554790147316E-17));
#2728=DIRECTION('',(0.,-1.22464679914735E-16,-1.));
#2729=DIRECTION('',(0.78183148246803,0.623489801858734,-7.63554790147316E-17));
#2730=DIRECTION('',(0.,-1.22464679914735E-16,-1.));
#2731=DIRECTION('',(0.,-1.22464679914735E-16,-1.));
#2732=DIRECTION('',(0.,-1.22464679914735E-16,-1.));
#2733=DIRECTION('',(0.974927912181824,0.222520933956314,-2.72509549512879E-17));
#2734=DIRECTION('',(0.,-1.22464679914735E-16,-1.));
#2735=DIRECTION('',(0.,-1.22464679914735E-16,-1.));
#2736=DIRECTION('',(0.,-1.22464679914735E-16,-1.));
#2737=DIRECTION('',(0.974927912181824,0.222520933956314,-2.72509549512879E-17));
#2738=DIRECTION('',(0.,-1.22464679914735E-16,-1.));
#2739=DIRECTION('',(0.974927912181824,0.222520933956314,-2.72509549512879E-17));
#2740=DIRECTION('',(0.,-1.22464679914735E-16,-1.));
#2741=DIRECTION('',(0.,-1.22464679914735E-16,-1.));
#2742=DIRECTION('',(0.,-1.22464679914735E-16,-1.));
#2743=DIRECTION('',(0.974927912181823,-0.222520933956315,2.72509549512881E-17));
#2744=DIRECTION('',(0.,-1.22464679914735E-16,-1.));
#2745=DIRECTION('',(0.,-1.22464679914735E-16,-1.));
#2746=DIRECTION('',(0.,-1.22464679914735E-16,-1.));
#2747=DIRECTION('',(0.974927912181823,-0.222520933956315,2.72509549512881E-17));
#2748=DIRECTION('',(0.,-1.22464679914735E-16,-1.));
#2749=DIRECTION('',(0.974927912181823,-0.222520933956315,2.72509549512881E-17));
#2750=DIRECTION('',(0.,-1.22464679914735E-16,-1.));
#2751=DIRECTION('',(0.,-1.22464679914735E-16,-1.));
#2752=DIRECTION('',(0.,-1.22464679914735E-16,-1.));
#2753=DIRECTION('',(0.78183148246803,-0.623489801858733,7.63554790147315E-17));
#2754=DIRECTION('',(0.,-1.22464679914735E-16,-1.));
#2755=DIRECTION('',(0.,-1.22464679914735E-16,-1.));
#2756=DIRECTION('',(0.,-1.22464679914735E-16,-1.));
#2757=DIRECTION('',(0.78183148246803,-0.623489801858733,7.63554790147315E-17));
#2758=DIRECTION('',(0.,-1.22464679914735E-16,-1.));
#2759=DIRECTION('',(0.78183148246803,-0.623489801858733,7.63554790147315E-17));
#2760=DIRECTION('',(0.,-1.22464679914735E-16,-1.));
#2761=DIRECTION('',(0.,-1.22464679914735E-16,-1.));
#2762=DIRECTION('',(0.,-1.22464679914735E-16,-1.));
#2763=DIRECTION('',(0.433883739117559,-0.900968867902419,1.10336864020811E-16));
#2764=DIRECTION('',(0.,-1.22464679914735E-16,-1.));
#2765=DIRECTION('',(0.,-1.22464679914735E-16,-1.));
#2766=DIRECTION('',(0.,-1.22464679914735E-16,-1.));
#2767=DIRECTION('',(0.433883739117559,-0.900968867902419,1.10336864020811E-16));
#2768=DIRECTION('',(0.,-1.22464679914735E-16,-1.));
#2769=DIRECTION('',(0.433883739117559,-0.900968867902419,1.10336864020811E-16));
#2770=DIRECTION('',(0.,-1.22464679914735E-16,-1.));
#2771=DIRECTION('',(0.,-1.22464679914735E-16,-1.));
#2772=DIRECTION('',(0.,-1.22464679914735E-16,-1.));
#2773=DIRECTION('',(-0.78183148246803,0.623489801858734,-7.63554790147316E-17));
#2774=DIRECTION('',(0.,-1.22464679914735E-16,-1.));
#2775=DIRECTION('',(0.,-1.22464679914735E-16,-1.));
#2776=DIRECTION('',(0.,-1.22464679914735E-16,-1.));
#2777=DIRECTION('',(-0.78183148246803,0.623489801858734,-7.63554790147316E-17));
#2778=DIRECTION('',(0.,-1.22464679914735E-16,-1.));
#2779=DIRECTION('',(-0.78183148246803,0.623489801858734,-7.63554790147316E-17));
#2780=DIRECTION('',(0.,-1.22464679914735E-16,-1.));
#2781=DIRECTION('',(0.,-1.22464679914735E-16,-1.));
#2782=DIRECTION('',(0.,-1.22464679914735E-16,-1.));
#2783=DIRECTION('',(0.,-1.22464679914735E-16,-1.));
#2784=DIRECTION('',(-0.974927912181824,0.222520933956315,-2.7250954951288E-17));
#2785=DIRECTION('',(0.,-1.22464679914735E-16,-1.));
#2786=DIRECTION('',(0.,-1.22464679914735E-16,-1.));
#2787=DIRECTION('',(0.,-1.22464679914735E-16,-1.));
#2788=DIRECTION('',(-0.974927912181824,0.222520933956315,-2.7250954951288E-17));
#2789=DIRECTION('',(0.,-1.22464679914735E-16,-1.));
#2790=DIRECTION('',(-0.974927912181824,0.222520933956315,-2.7250954951288E-17));
#2791=DIRECTION('',(0.,-1.22464679914735E-16,-1.));
#2792=DIRECTION('',(0.,-1.22464679914735E-16,-1.));
#2793=DIRECTION('',(0.,-1.22464679914735E-16,-1.));
#2794=DIRECTION('',(-0.974927912181824,-0.222520933956315,2.7250954951288E-17));
#2795=DIRECTION('',(0.,-1.22464679914735E-16,-1.));
#2796=DIRECTION('',(0.,-1.22464679914735E-16,-1.));
#2797=DIRECTION('',(0.,-1.22464679914735E-16,-1.));
#2798=DIRECTION('',(-0.974927912181824,-0.222520933956315,2.7250954951288E-17));
#2799=DIRECTION('',(0.,-1.22464679914735E-16,-1.));
#2800=DIRECTION('',(-0.974927912181824,-0.222520933956315,2.7250954951288E-17));
#2801=DIRECTION('',(0.,-1.22464679914735E-16,-1.));
#2802=DIRECTION('',(0.,-1.22464679914735E-16,-1.));
#2803=DIRECTION('',(0.,-1.22464679914735E-16,-1.));
#2804=DIRECTION('',(-0.433883739117558,-0.900968867902419,1.10336864020811E-16));
#2805=DIRECTION('',(0.,-1.22464679914735E-16,-1.));
#2806=DIRECTION('',(0.,-1.22464679914735E-16,-1.));
#2807=DIRECTION('',(0.,-1.22464679914735E-16,-1.));
#2808=DIRECTION('',(-0.433883739117558,-0.900968867902419,1.10336864020811E-16));
#2809=DIRECTION('',(0.,-1.22464679914735E-16,-1.));
#2810=DIRECTION('',(-0.433883739117558,-0.900968867902419,1.10336864020811E-16));
#2811=DIRECTION('',(0.,-1.22464679914735E-16,-1.));
#2812=DIRECTION('',(0.,-1.22464679914735E-16,-1.));
#2813=DIRECTION('',(0.,-1.22464679914735E-16,-1.));
#2814=DIRECTION('',(-0.78183148246803,-0.623489801858734,7.63554790147316E-17));
#2815=DIRECTION('',(0.,-1.22464679914735E-16,-1.));
#2816=DIRECTION('',(0.,-1.22464679914735E-16,-1.));
#2817=DIRECTION('',(0.,-1.22464679914735E-16,-1.));
#2818=DIRECTION('',(-0.78183148246803,-0.623489801858734,7.63554790147316E-17));
#2819=DIRECTION('',(0.,-1.22464679914735E-16,-1.));
#2820=DIRECTION('',(-0.78183148246803,-0.623489801858734,7.63554790147316E-17));
#2821=DIRECTION('',(1.,0.,0.));
#2822=DIRECTION('',(0.,0.,-1.));
#2823=DIRECTION('',(0.,-1.22464679914735E-16,-1.));
#2824=DIRECTION('',(0.707106781186547,-0.707106781186549,8.65956056235494E-17));
#2825=DIRECTION('',(0.707106781186549,0.707106781186547,0.));
#2826=DIRECTION('',(0.,-1.22464679914735E-16,-1.));
#2827=DIRECTION('',(1.,0.,0.));
#2828=DIRECTION('',(0.,0.,-1.));
#2829=DIRECTION('',(0.,-1.22464679914735E-16,-1.));
#2830=DIRECTION('',(-0.661437827766148,0.75,-9.18485099360515E-17));
#2831=DIRECTION('',(-0.75,-0.661437827766148,0.));
#2832=DIRECTION('',(0.,-1.22464679914735E-16,-1.));
#2833=DIRECTION('',(-0.661437827766148,-0.75,9.18485099360515E-17));
#2834=DIRECTION('',(0.75,-0.661437827766148,0.));
#2835=DIRECTION('',(0.,-1.22464679914735E-16,-1.));
#2836=DIRECTION('',(1.,0.,0.));
#2837=DIRECTION('',(0.,0.,-1.));
#2838=DIRECTION('',(0.,-1.22464679914735E-16,-1.));
#2839=DIRECTION('',(-0.661437827766151,0.75,-9.18485099360512E-17));
#2840=DIRECTION('',(-0.75,-0.661437827766151,0.));
#2841=DIRECTION('',(0.,-1.22464679914735E-16,-1.));
#2842=DIRECTION('',(-0.661437827766147,-0.75,9.18485099360516E-17));
#2843=DIRECTION('',(0.75,-0.661437827766147,0.));
#2844=DIRECTION('',(0.,-1.22464679914735E-16,-1.));
#2845=DIRECTION('',(1.,0.,0.));
#2846=DIRECTION('',(0.,0.,-1.));
#2847=DIRECTION('',(0.,-1.22464679914735E-16,-1.));
#2848=DIRECTION('',(-0.661437827766147,0.75,-9.18485099360515E-17));
#2849=DIRECTION('',(-0.75,-0.661437827766147,0.));
#2850=DIRECTION('',(0.,-1.22464679914735E-16,-1.));
#2851=DIRECTION('',(-0.661437827766146,-0.75,9.18485099360516E-17));
#2852=DIRECTION('',(0.75,-0.661437827766146,0.));
#2853=DIRECTION('',(0.,-1.22464679914735E-16,-1.));
#2854=DIRECTION('',(1.,0.,0.));
#2855=DIRECTION('',(0.,0.,-1.));
#2856=DIRECTION('',(0.,-1.22464679914735E-16,-1.));
#2857=DIRECTION('',(-0.66143782776615,0.75,-9.18485099360513E-17));
#2858=DIRECTION('',(-0.75,-0.66143782776615,0.));
#2859=DIRECTION('',(0.,-1.22464679914735E-16,-1.));
#2860=DIRECTION('',(-0.661437827766146,-0.75,9.18485099360516E-17));
#2861=DIRECTION('',(0.75,-0.661437827766146,0.));
#2862=DIRECTION('',(0.,-1.22464679914735E-16,-1.));
#2863=DIRECTION('',(1.,0.,0.));
#2864=DIRECTION('',(0.,0.,-1.));
#2865=DIRECTION('',(0.,-1.22464679914735E-16,-1.));
#2866=DIRECTION('',(-0.661437827766151,0.75,-9.18485099360511E-17));
#2867=DIRECTION('',(-0.75,-0.661437827766151,0.));
#2868=DIRECTION('',(0.,-1.22464679914735E-16,-1.));
#2869=DIRECTION('',(-0.661437827766146,-0.75,9.18485099360516E-17));
#2870=DIRECTION('',(0.75,-0.661437827766146,0.));
#2871=DIRECTION('',(0.,-1.22464679914735E-16,-1.));
#2872=DIRECTION('',(1.,0.,0.));
#2873=DIRECTION('',(0.,0.,-1.));
#2874=DIRECTION('',(0.,-1.22464679914735E-16,-1.));
#2875=DIRECTION('',(-0.66143782776615,0.75,-9.18485099360513E-17));
#2876=DIRECTION('',(-0.75,-0.66143782776615,0.));
#2877=DIRECTION('',(0.,-1.22464679914735E-16,-1.));
#2878=DIRECTION('',(-0.661437827766146,-0.75,9.18485099360516E-17));
#2879=DIRECTION('',(0.75,-0.661437827766146,0.));
#2880=DIRECTION('',(0.,-1.22464679914735E-16,-1.));
#2881=DIRECTION('',(1.,0.,0.));
#2882=DIRECTION('',(0.,0.,-1.));
#2883=DIRECTION('',(0.,-1.22464679914735E-16,-1.));
#2884=DIRECTION('',(-0.661437827766152,0.75,-9.18485099360511E-17));
#2885=DIRECTION('',(-0.75,-0.661437827766152,0.));
#2886=DIRECTION('',(0.,-1.22464679914735E-16,-1.));
#2887=DIRECTION('',(-0.661437827766146,-0.75,9.18485099360516E-17));
#2888=DIRECTION('',(0.75,-0.661437827766146,0.));
#2889=DIRECTION('',(0.,-1.22464679914735E-16,-1.));
#2890=DIRECTION('',(1.,0.,0.));
#2891=DIRECTION('',(0.,0.,-1.));
#2892=DIRECTION('',(0.,-1.22464679914735E-16,-1.));
#2893=DIRECTION('',(-0.661437827766151,0.75,-9.18485099360512E-17));
#2894=DIRECTION('',(-0.75,-0.661437827766151,0.));
#2895=DIRECTION('',(0.,-1.22464679914735E-16,-1.));
#2896=DIRECTION('',(-0.661437827766146,-0.75,9.18485099360516E-17));
#2897=DIRECTION('',(0.75,-0.661437827766146,0.));
#2898=DIRECTION('',(0.,-1.22464679914735E-16,-1.));
#2899=DIRECTION('',(1.,0.,0.));
#2900=DIRECTION('',(0.,0.,-1.));
#2901=DIRECTION('',(0.,-1.22464679914735E-16,-1.));
#2902=DIRECTION('',(-0.661437827766151,0.75,-9.18485099360512E-17));
#2903=DIRECTION('',(-0.75,-0.661437827766151,0.));
#2904=DIRECTION('',(0.,-1.22464679914735E-16,-1.));
#2905=DIRECTION('',(-0.661437827766146,-0.75,9.18485099360516E-17));
#2906=DIRECTION('',(0.75,-0.661437827766146,0.));
#2907=DIRECTION('',(0.,-1.22464679914735E-16,-1.));
#2908=DIRECTION('',(1.,0.,0.));
#2909=DIRECTION('',(0.,0.,-1.));
#2910=DIRECTION('',(0.,-1.22464679914735E-16,-1.));
#2911=DIRECTION('',(-0.661437827766151,0.75,-9.18485099360511E-17));
#2912=DIRECTION('',(-0.75,-0.661437827766151,0.));
#2913=DIRECTION('',(0.,-1.22464679914735E-16,-1.));
#2914=DIRECTION('',(-0.661437827766146,-0.75,9.18485099360516E-17));
#2915=DIRECTION('',(0.75,-0.661437827766146,0.));
#2916=DIRECTION('',(0.,-1.22464679914735E-16,-1.));
#2917=DIRECTION('',(1.,0.,0.));
#2918=DIRECTION('',(0.,0.,-1.));
#2919=DIRECTION('',(0.998489097450538,0.0549501799124427,-6.72945619423441E-18));
#2920=DIRECTION('',(-0.0549501799124427,0.998489097450538,0.));
#2921=DIRECTION('',(0.,-1.22464679914735E-16,-1.));
#2922=DIRECTION('',(0.,-1.22464679914735E-16,-1.));
#2923=DIRECTION('',(0.,-1.22464679914735E-16,-1.));
#2924=DIRECTION('',(0.,-1.,1.22464679914735E-16));
#2925=DIRECTION('',(0.,-1.22464679914735E-16,-1.));
#2926=DIRECTION('',(-0.998489097450538,0.0549501799124427,-6.72945619423441E-18));
#2927=DIRECTION('',(-0.0549501799124427,-0.998489097450538,0.));
#2928=DIRECTION('',(0.,-1.22464679914735E-16,-1.));
#2929=DIRECTION('',(0.,-1.22464679914735E-16,-1.));
#2930=DIRECTION('',(0.,-1.,1.22464679914735E-16));
#2931=DIRECTION('',(0.,-1.22464679914735E-16,-1.));
#2932=DIRECTION('',(0.,-1.,1.22464679914735E-16));
#2933=DIRECTION('',(0.,-1.22464679914735E-16,-1.));
#2934=DIRECTION('',(0.,-1.,1.22464679914735E-16));
#2935=DIRECTION('',(0.,-1.22464679914735E-16,-1.));
#2936=DIRECTION('',(0.,-1.,1.22464679914735E-16));
#2937=CARTESIAN_POINT('',(0.,0.,0.));
#2938=CARTESIAN_POINT('',(0.007,-0.100026779749528,0.0688018926559633));
#2939=CARTESIAN_POINT('',(0.00401371709116085,-0.104940496712111,0.0688018926559633));
#2940=CARTESIAN_POINT('',(0.00380710676607869,-0.10528087454226,0.0688018926559633));
#2941=CARTESIAN_POINT('',(0.00358624213994124,-0.10564473545856,0.0688018926559633));
#2942=CARTESIAN_POINT('',(0.00358117996480617,-0.10565196198663,0.0688018926559633));
#2943=CARTESIAN_POINT('',(0.003576980534362,-0.105658224222535,0.0688018926559633));
#2944=CARTESIAN_POINT('',(0.0035718390326312,-0.105665449546424,0.0688018926559633));
#2945=CARTESIAN_POINT('',(0.00356474804530263,-0.105675066591521,0.0688018926559633));
#2946=CARTESIAN_POINT('',(0.00355593835862268,-0.105686503952928,0.0688018926559633));
#2947=CARTESIAN_POINT('',(0.00354523080811138,-0.105699853304712,0.0688018926559633));
#2948=CARTESIAN_POINT('',(0.00353257838500836,-0.105714993696627,0.0688018926559633));
#2949=CARTESIAN_POINT('',(0.00351789617414505,-0.105731866485342,0.0688018926559633));
#2950=CARTESIAN_POINT('',(0.00350111342890546,-0.10575039135709,0.0688018926559633));
#2951=CARTESIAN_POINT('',(0.00348215807453234,-0.105770491523345,0.0688018926559633));
#2952=CARTESIAN_POINT('',(0.00346096136847606,-0.10579208634763,0.0688018926559633));
#2953=CARTESIAN_POINT('',(0.00343745661946674,-0.105815093570434,0.0688018926559633));
#2954=CARTESIAN_POINT('',(0.00341157963366738,-0.105839428742565,0.0688018926559633));
#2955=CARTESIAN_POINT('',(0.00338326865898798,-0.105865005468145,0.0688018926559633));
#2956=CARTESIAN_POINT('',(0.00335246447088235,-0.105891735417783,0.0688018926559633));
#2957=CARTESIAN_POINT('',(0.00331911041545617,-0.105919528409404,0.0688018926559633));
#2958=CARTESIAN_POINT('',(0.00328315246243418,-0.105948292471753,0.0688018926559633));
#2959=CARTESIAN_POINT('',(0.00324453925309836,-0.105977933914546,0.0688018926559633));
#2960=CARTESIAN_POINT('',(0.00320322214739826,-0.106008357398397,0.0688018926559633));
#2961=CARTESIAN_POINT('',(0.00315915526902196,-0.106039466006367,0.0688018926559633));
#2962=CARTESIAN_POINT('',(0.00311229554877869,-0.106071161316576,0.0688018926559633));
#2963=CARTESIAN_POINT('',(0.00306260276602576,-0.106103343475871,0.0688018926559633));
#2964=CARTESIAN_POINT('',(0.00301003958872742,-0.106135911274872,0.0688018926559633));
#2965=CARTESIAN_POINT('',(0.00295457160985929,-0.10616876222275,0.0688018926559633));
#2966=CARTESIAN_POINT('',(0.00289616738882569,-0.106201792627948,0.0688018926559633));
#2967=CARTESIAN_POINT('',(0.00283479846444484,-0.106234897660654,0.0688018926559633));
#2968=CARTESIAN_POINT('',(0.00277043946789754,-0.106267971489806,0.0688018926559633));
#2969=CARTESIAN_POINT('',(0.00270306784274018,-0.106300907138263,0.0688018926559633));
#2970=CARTESIAN_POINT('',(0.00263266506177529,-0.106333597422338,0.0688018926559633));
#2971=CARTESIAN_POINT('',(0.00255921210156965,-0.106365931742048,0.0688018926559633));
#2972=CARTESIAN_POINT('',(0.00248270688104149,-0.106397808752491,0.0688018926559633));
#2973=CARTESIAN_POINT('',(0.00240309771054711,-0.106429088316866,0.0688018926559633));
#2974=CARTESIAN_POINT('',(0.00233146925219026,-0.106455712217812,0.0688018926559633));
#2975=CARTESIAN_POINT('',(0.0022859505191501,-0.106471578071674,0.0688018926559633));
#2976=CARTESIAN_POINT('',(0.00226851413005175,-0.106477596865404,0.0688018926559633));
#2977=CARTESIAN_POINT('',(0.00300000000577225,-0.106141721759228,0.0688018926559633));
#2978=CARTESIAN_POINT('',(0.00226851413005175,-0.106477596865404,0.0688018926559633));
#2979=CARTESIAN_POINT('',(0.003,-0.107869646375805,0.0688018926559633));
#2980=CARTESIAN_POINT('',(0.00299999999999996,-0.120125591085001,0.0688018926559633));
#2981=CARTESIAN_POINT('',(0.00375,-0.120787028912767,0.0688018926559633));
#2982=CARTESIAN_POINT('',(0.0045,-0.121448466740533,0.0688018926559633));
#2983=CARTESIAN_POINT('',(0.00375,-0.1221099045683,0.0688018926559633));
#2984=CARTESIAN_POINT('',(0.003,-0.122771342396066,0.0688018926559633));
#2985=CARTESIAN_POINT('',(0.003,-0.122948466740533,0.0688018926559633));
#2986=CARTESIAN_POINT('',(0.00299999999999996,-0.123125591085001,0.0688018926559633));
#2987=CARTESIAN_POINT('',(0.00375,-0.123787028912767,0.0688018926559633));
#2988=CARTESIAN_POINT('',(0.0045,-0.124448466740533,0.0688018926559633));
#2989=CARTESIAN_POINT('',(0.00375,-0.1251099045683,0.0688018926559633));
#2990=CARTESIAN_POINT('',(0.003,-0.125771342396066,0.0688018926559633));
#2991=CARTESIAN_POINT('',(0.003,-0.125948466740533,0.0688018926559633));
#2992=CARTESIAN_POINT('',(0.00299999999999996,-0.126125591085001,0.0688018926559633));
#2993=CARTESIAN_POINT('',(0.00375,-0.126787028912767,0.0688018926559633));
#2994=CARTESIAN_POINT('',(0.0045,-0.127448466740533,0.0688018926559633));
#2995=CARTESIAN_POINT('',(0.00375,-0.128109904568299,0.0688018926559633));
#2996=CARTESIAN_POINT('',(0.003,-0.128771342396066,0.0688018926559633));
#2997=CARTESIAN_POINT('',(0.003,-0.128948466740533,0.0688018926559633));
#2998=CARTESIAN_POINT('',(0.00299999999999996,-0.129125591085001,0.0688018926559633));
#2999=CARTESIAN_POINT('',(0.00375,-0.129787028912767,0.0688018926559633));
#3000=CARTESIAN_POINT('',(0.0045,-0.130448466740533,0.0688018926559633));
#3001=CARTESIAN_POINT('',(0.00375,-0.1311099045683,0.0688018926559633));
#3002=CARTESIAN_POINT('',(0.003,-0.131771342396066,0.0688018926559633));
#3003=CARTESIAN_POINT('',(0.003,-0.131948466740533,0.0688018926559633));
#3004=CARTESIAN_POINT('',(0.00299999999999996,-0.132125591085001,0.0688018926559633));
#3005=CARTESIAN_POINT('',(0.00375,-0.132787028912767,0.0688018926559633));
#3006=CARTESIAN_POINT('',(0.0045,-0.133448466740533,0.0688018926559633));
#3007=CARTESIAN_POINT('',(0.00375,-0.1341099045683,0.0688018926559633));
#3008=CARTESIAN_POINT('',(0.003,-0.134771342396066,0.0688018926559633));
#3009=CARTESIAN_POINT('',(0.003,-0.134948466740533,0.0688018926559633));
#3010=CARTESIAN_POINT('',(0.00299999999999996,-0.135125591085001,0.0688018926559633));
#3011=CARTESIAN_POINT('',(0.00375,-0.135787028912767,0.0688018926559633));
#3012=CARTESIAN_POINT('',(0.0045,-0.136448466740533,0.0688018926559633));
#3013=CARTESIAN_POINT('',(0.00375,-0.1371099045683,0.0688018926559633));
#3014=CARTESIAN_POINT('',(0.003,-0.137771342396066,0.0688018926559633));
#3015=CARTESIAN_POINT('',(0.003,-0.137948466740533,0.0688018926559633));
#3016=CARTESIAN_POINT('',(0.00299999999999996,-0.138125591085001,0.0688018926559633));
#3017=CARTESIAN_POINT('',(0.00375,-0.138787028912767,0.0688018926559633));
#3018=CARTESIAN_POINT('',(0.0045,-0.139448466740533,0.0688018926559633));
#3019=CARTESIAN_POINT('',(0.00375,-0.1401099045683,0.0688018926559633));
#3020=CARTESIAN_POINT('',(0.003,-0.140771342396066,0.0688018926559633));
#3021=CARTESIAN_POINT('',(0.003,-0.140948466740533,0.0688018926559633));
#3022=CARTESIAN_POINT('',(0.00299999999999996,-0.141125591085001,0.0688018926559633));
#3023=CARTESIAN_POINT('',(0.00375,-0.141787028912767,0.0688018926559633));
#3024=CARTESIAN_POINT('',(0.0045,-0.142448466740533,0.0688018926559633));
#3025=CARTESIAN_POINT('',(0.00375,-0.1431099045683,0.0688018926559633));
#3026=CARTESIAN_POINT('',(0.003,-0.143771342396066,0.0688018926559633));
#3027=CARTESIAN_POINT('',(0.003,-0.143948466740533,0.0688018926559633));
#3028=CARTESIAN_POINT('',(0.00299999999999996,-0.144125591085001,0.0688018926559633));
#3029=CARTESIAN_POINT('',(0.00375,-0.144787028912767,0.0688018926559633));
#3030=CARTESIAN_POINT('',(0.0045,-0.145448466740533,0.0688018926559633));
#3031=CARTESIAN_POINT('',(0.00375,-0.146109904568299,0.0688018926559633));
#3032=CARTESIAN_POINT('',(0.003,-0.146771342396066,0.0688018926559633));
#3033=CARTESIAN_POINT('',(0.003,-0.146948466740533,0.0688018926559633));
#3034=CARTESIAN_POINT('',(0.003,-0.147125591085001,0.0688018926559633));
#3035=CARTESIAN_POINT('',(0.00375,-0.147787028912767,0.0688018926559633));
#3036=CARTESIAN_POINT('',(0.0045,-0.148448466740533,0.0688018926559633));
#3037=CARTESIAN_POINT('',(0.00375,-0.1491099045683,0.0688018926559633));
#3038=CARTESIAN_POINT('',(0.003,-0.149771342396066,0.0688018926559633));
#3039=CARTESIAN_POINT('',(0.003,-0.151771342396065,0.0688018926559633));
#3040=CARTESIAN_POINT('',(0.003,-0.153771342396065,0.0688018926559633));
#3041=CARTESIAN_POINT('',(0.007,-0.149771342396066,0.0688018926559633));
#3042=CARTESIAN_POINT('',(0.011,-0.145771342396066,0.0688018926559633));
#3043=CARTESIAN_POINT('',(0.011,-0.125771342396066,0.0688018926559633));
#3044=CARTESIAN_POINT('',(0.0109999999942278,-0.106141721759227,0.0688018926559633));
#3045=CARTESIAN_POINT('',(0.00998628290883917,-0.104940496712111,0.0688018926559633));
#3046=CARTESIAN_POINT('',(0.0101928932339213,-0.10528087454226,0.0688018926559633));
#3047=CARTESIAN_POINT('',(0.0104137578600588,-0.10564473545856,0.0688018926559633));
#3048=CARTESIAN_POINT('',(0.0104188200351939,-0.10565196198663,0.0688018926559633));
#3049=CARTESIAN_POINT('',(0.010423019465638,-0.105658224222535,0.0688018926559633));
#3050=CARTESIAN_POINT('',(0.0104281609673688,-0.105665449546424,0.0688018926559633));
#3051=CARTESIAN_POINT('',(0.0104352519546974,-0.105675066591521,0.0688018926559633));
#3052=CARTESIAN_POINT('',(0.0104440616413773,-0.105686503952928,0.0688018926559633));
#3053=CARTESIAN_POINT('',(0.0104547691918886,-0.105699853304712,0.0688018926559633));
#3054=CARTESIAN_POINT('',(0.0104674216149917,-0.105714993696627,0.0688018926559633));
#3055=CARTESIAN_POINT('',(0.010482103825855,-0.105731866485342,0.0688018926559633));
#3056=CARTESIAN_POINT('',(0.0104988865710946,-0.10575039135709,0.0688018926559633));
#3057=CARTESIAN_POINT('',(0.0105178419254677,-0.105770491523345,0.0688018926559633));
#3058=CARTESIAN_POINT('',(0.010539038631524,-0.10579208634763,0.0688018926559633));
#3059=CARTESIAN_POINT('',(0.0105625433805333,-0.105815093570434,0.0688018926559633));
#3060=CARTESIAN_POINT('',(0.0105884203663326,-0.105839428742565,0.0688018926559633));
#3061=CARTESIAN_POINT('',(0.010616731341012,-0.105865005468145,0.0688018926559633));
#3062=CARTESIAN_POINT('',(0.0106475355291177,-0.105891735417783,0.0688018926559633));
#3063=CARTESIAN_POINT('',(0.0106808895845439,-0.105919528409404,0.0688018926559633));
#3064=CARTESIAN_POINT('',(0.0107168475375658,-0.105948292471753,0.0688018926559633));
#3065=CARTESIAN_POINT('',(0.0107554607469017,-0.105977933914546,0.0688018926559633));
#3066=CARTESIAN_POINT('',(0.0107967778526018,-0.106008357398397,0.0688018926559633));
#3067=CARTESIAN_POINT('',(0.0108408447309781,-0.106039466006367,0.0688018926559633));
#3068=CARTESIAN_POINT('',(0.0108877044512213,-0.106071161316576,0.0688018926559633));
#3069=CARTESIAN_POINT('',(0.0109373972339743,-0.106103343475871,0.0688018926559633));
#3070=CARTESIAN_POINT('',(0.0109899604112726,-0.106135911274872,0.0688018926559633));
#3071=CARTESIAN_POINT('',(0.0110454283901407,-0.10616876222275,0.0688018926559633));
#3072=CARTESIAN_POINT('',(0.0111038326111743,-0.106201792627948,0.0688018926559633));
#3073=CARTESIAN_POINT('',(0.0111652015355552,-0.106234897660654,0.0688018926559633));
#3074=CARTESIAN_POINT('',(0.0112295605321025,-0.106267971489806,0.0688018926559633));
#3075=CARTESIAN_POINT('',(0.0112969321572598,-0.106300907138263,0.0688018926559633));
#3076=CARTESIAN_POINT('',(0.0113673349382247,-0.106333597422338,0.0688018926559633));
#3077=CARTESIAN_POINT('',(0.0114407878984304,-0.106365931742048,0.0688018926559633));
#3078=CARTESIAN_POINT('',(0.0115172931189585,-0.106397808752491,0.0688018926559633));
#3079=CARTESIAN_POINT('',(0.0115969022894529,-0.106429088316866,0.0688018926559633));
#3080=CARTESIAN_POINT('',(0.0116685307478098,-0.106455712217812,0.0688018926559633));
#3081=CARTESIAN_POINT('',(0.0117140494808499,-0.106471578071674,0.0688018926559633));
#3082=CARTESIAN_POINT('',(0.0117314858699483,-0.106477596865404,0.0688018926559633));
#3083=CARTESIAN_POINT('',(0.0117314858699483,-0.106477596865404,0.0688018926559633));
#3084=CARTESIAN_POINT('',(0.007,-0.100026779749528,0.0688018926559633));
#3085=CARTESIAN_POINT('',(0.0122362270078658,-0.10607507923964,0.0688018926559633));
#3086=CARTESIAN_POINT('',(0.0111260093574507,-0.104031595198737,0.0688018926559633));
#3087=CARTESIAN_POINT('',(0.0114118780822489,-0.104308766564268,0.0688018926559633));
#3088=CARTESIAN_POINT('',(0.0117174692428157,-0.104605060324028,0.0688018926559633));
#3089=CARTESIAN_POINT('',(0.0117233881468004,-0.104611603633639,0.0688018926559633));
#3090=CARTESIAN_POINT('',(0.0117285589141928,-0.104617091254177,0.0688018926559633));
#3091=CARTESIAN_POINT('',(0.0117344589923592,-0.104623711633544,0.0688018926559633));
#3092=CARTESIAN_POINT('',(0.0117422570249345,-0.104632764828873,0.0688018926559633));
#3093=CARTESIAN_POINT('',(0.0117514472881035,-0.104643898690657,0.0688018926559633));
#3094=CARTESIAN_POINT('',(0.0117620792896277,-0.104657308290748,0.0688018926559633));
#3095=CARTESIAN_POINT('',(0.0117740246513004,-0.104673012545337,0.0688018926559633));
#3096=CARTESIAN_POINT('',(0.0117872073047019,-0.104691081191224,0.0688018926559633));
#3097=CARTESIAN_POINT('',(0.0118015332070935,-0.104711565329764,0.0688018926559633));
#3098=CARTESIAN_POINT('',(0.0118169114570562,-0.104734518141595,0.0688018926559633));
#3099=CARTESIAN_POINT('',(0.011833248143182,-0.104759988702444,0.0688018926559633));
#3100=CARTESIAN_POINT('',(0.0118504482281737,-0.104788023727029,0.0688018926559633));
#3101=CARTESIAN_POINT('',(0.0118684150956834,-0.104818667007998,0.0688018926559633));
#3102=CARTESIAN_POINT('',(0.0118870507748265,-0.104851959524298,0.0688018926559633));
#3103=CARTESIAN_POINT('',(0.0119062559721131,-0.104887939360452,0.0688018926559633));
#3104=CARTESIAN_POINT('',(0.0119259301598429,-0.104926641682524,0.0688018926559633));
#3105=CARTESIAN_POINT('',(0.0119459716498051,-0.104968098700609,0.0688018926559633));
#3106=CARTESIAN_POINT('',(0.0119662776723368,-0.105012339637703,0.0688018926559633));
#3107=CARTESIAN_POINT('',(0.0119867444549799,-0.105059390699341,0.0688018926559633));
#3108=CARTESIAN_POINT('',(0.0120072673022658,-0.105109275045573,0.0688018926559633));
#3109=CARTESIAN_POINT('',(0.012027740676161,-0.105162012764825,0.0688018926559633));
#3110=CARTESIAN_POINT('',(0.0120480582771026,-0.105217620849908,0.0688018926559633));
#3111=CARTESIAN_POINT('',(0.0120681131260831,-0.105276113175659,0.0688018926559633));
#3112=CARTESIAN_POINT('',(0.0120877976456484,-0.105337500480093,0.0688018926559633));
#3113=CARTESIAN_POINT('',(0.0121070037478154,-0.105401790341982,0.0688018926559633));
#3114=CARTESIAN_POINT('',(0.0121256228978651,-0.105468987182098,0.0688018926559633));
#3115=CARTESIAN_POINT('',(0.0121435462730479,-0.105539092183584,0.0688018926559633));
#3116=CARTESIAN_POINT('',(0.0121606645590824,-0.105612103532694,0.0688018926559633));
#3117=CARTESIAN_POINT('',(0.0121768691369106,-0.105688015441496,0.0688018926559633));
#3118=CARTESIAN_POINT('',(0.0121920479464102,-0.105766821845653,0.0688018926559633));
#3119=CARTESIAN_POINT('',(0.0122061017205238,-0.105848502222709,0.0688018926559633));
#3120=CARTESIAN_POINT('',(0.0122188823339441,-0.105933075782968,0.0688018926559633));
#3121=CARTESIAN_POINT('',(0.0122288998866559,-0.106008832741631,0.0688018926559633));
#3122=CARTESIAN_POINT('',(0.0122342390794477,-0.106056740709618,0.0688018926559633));
#3123=CARTESIAN_POINT('',(0.0122362270078658,-0.10607507923964,0.0688018926559633));
#3124=CARTESIAN_POINT('',(0.0114121692043838,-0.104309075841117,0.0688018926559633));
#3125=CARTESIAN_POINT('',(0.0116991920305544,-0.104013140100096,0.0688018926559633));
#3126=CARTESIAN_POINT('',(0.0113848109016611,-0.103746448196671,0.0688018926559633));
#3127=CARTESIAN_POINT('',(0.007,-0.100026779749528,0.0688018926559633));
#3128=CARTESIAN_POINT('',(0.0116021208102415,-0.10347395019033,0.0688018926559633));
#3129=CARTESIAN_POINT('',(0.011932082573263,-0.103721104596523,0.0688018926559633));
#3130=CARTESIAN_POINT('',(0.0121567300000503,-0.103375426134373,0.0688018926559633));
#3131=CARTESIAN_POINT('',(0.011822529820304,-0.103158186163949,0.0688018926559633));
#3132=CARTESIAN_POINT('',(0.0121563636966481,-0.103375211131851,0.0688018926559633));
#3133=CARTESIAN_POINT('',(0.0125132291837018,-0.103607208919856,0.0688018926559633));
#3134=CARTESIAN_POINT('',(0.0125209255189223,-0.103611523401195,0.0688018926559633));
#3135=CARTESIAN_POINT('',(0.0125274261573453,-0.103615343416206,0.0688018926559633));
#3136=CARTESIAN_POINT('',(0.0125351934408841,-0.103619622394094,0.0688018926559633));
#3137=CARTESIAN_POINT('',(0.012545754879196,-0.103625210388232,0.0688018926559633));
#3138=CARTESIAN_POINT('',(0.0125586546177633,-0.103631692714993,0.0688018926559633));
#3139=CARTESIAN_POINT('',(0.0125740938540926,-0.103639074233305,0.0688018926559633));
#3140=CARTESIAN_POINT('',(0.0125920624632673,-0.103647225574423,0.0688018926559633));
#3141=CARTESIAN_POINT('',(0.0126126115068245,-0.103656057059222,0.0688018926559633));
#3142=CARTESIAN_POINT('',(0.0126357698784239,-0.103665465631692,0.0688018926559633));
#3143=CARTESIAN_POINT('',(0.0126615691978857,-0.103675350835695,0.0688018926559633));
#3144=CARTESIAN_POINT('',(0.0126900364132509,-0.103685610194003,0.0688018926559633));
#3145=CARTESIAN_POINT('',(0.0127211959202132,-0.1036961406571,0.0688018926559633));
#3146=CARTESIAN_POINT('',(0.0127550689142896,-0.103706838286229,0.0688018926559633));
#3147=CARTESIAN_POINT('',(0.0127916735464247,-0.103717598448167,0.0688018926559633));
#3148=CARTESIAN_POINT('',(0.0128310248514044,-0.103728315864316,0.0688018926559633));
#3149=CARTESIAN_POINT('',(0.0128731347440875,-0.103738884702229,0.0688018926559633));
#3150=CARTESIAN_POINT('',(0.012918011999238,-0.103749198655812,0.0688018926559633));
#3151=CARTESIAN_POINT('',(0.0129656622387712,-0.103759151029322,0.0688018926559633));
#3152=CARTESIAN_POINT('',(0.0130160879196489,-0.103768634820814,0.0688018926559633));
#3153=CARTESIAN_POINT('',(0.0130692883243163,-0.103777542806157,0.0688018926559633));
#3154=CARTESIAN_POINT('',(0.0131252595531203,-0.103785767623282,0.0688018926559633));
#3155=CARTESIAN_POINT('',(0.0131839945189478,-0.10379320185652,0.0688018926559633));
#3156=CARTESIAN_POINT('',(0.0132454829436971,-0.10379973812161,0.0688018926559633));
#3157=CARTESIAN_POINT('',(0.0133097113579215,-0.103805269148857,0.0688018926559633));
#3158=CARTESIAN_POINT('',(0.0133766630985389,-0.103809687873832,0.0688018926559633));
#3159=CARTESIAN_POINT('',(0.0134463183242368,-0.103812887499295,0.0688018926559633));
#3160=CARTESIAN_POINT('',(0.0135186539731547,-0.103814761667636,0.0688018926559633));
#3161=CARTESIAN_POINT('',(0.0135936439523044,-0.103815204208906,0.0688018926559633));
#3162=CARTESIAN_POINT('',(0.0136712584488546,-0.103814110515291,0.0688018926559633));
#3163=CARTESIAN_POINT('',(0.0137514666147927,-0.103811372685691,0.0688018926559633));
#3164=CARTESIAN_POINT('',(0.0138342263532036,-0.103806898508557,0.0688018926559633));
#3165=CARTESIAN_POINT('',(0.0139195234317676,-0.103800539297699,0.0688018926559633));
#3166=CARTESIAN_POINT('',(0.0139956101204952,-0.103793448180254,0.0688018926559633));
#3167=CARTESIAN_POINT('',(0.0140435050178686,-0.103787992982555,0.0688018926559633));
#3168=CARTESIAN_POINT('',(0.0140618261183434,-0.103785850362629,0.0688018926559633));
#3169=CARTESIAN_POINT('',(0.0140618261183434,-0.103785850362629,0.0688018926559633));
#3170=CARTESIAN_POINT('',(0.007,-0.100026779749528,0.0688018926559633));
#3171=CARTESIAN_POINT('',(0.0143419363174298,-0.103204195540828,0.0688018926559633));
#3172=CARTESIAN_POINT('',(0.012455030281316,-0.101844785423316,0.0688018926559633));
#3173=CARTESIAN_POINT('',(0.0128328492511189,-0.10197047440352,0.0688018926559633));
#3174=CARTESIAN_POINT('',(0.0132367344174577,-0.10210483482143,0.0688018926559633));
#3175=CARTESIAN_POINT('',(0.0132449062013202,-0.10210816202349,0.0688018926559633));
#3176=CARTESIAN_POINT('',(0.0132519458910817,-0.102110862686863,0.0688018926559633));
#3177=CARTESIAN_POINT('',(0.0132601341527822,-0.102114267494591,0.0688018926559633));
#3178=CARTESIAN_POINT('',(0.0132710879716035,-0.102119040702206,0.0688018926559633));
#3179=CARTESIAN_POINT('',(0.0132841989141883,-0.102125084459305,0.0688018926559633));
#3180=CARTESIAN_POINT('',(0.0132995962239928,-0.102132553038943,0.0688018926559633));
#3181=CARTESIAN_POINT('',(0.013317172443677,-0.102141519185234,0.0688018926559633));
#3182=CARTESIAN_POINT('',(0.0133368892956261,-0.102152078733713,0.0688018926559633));
#3183=CARTESIAN_POINT('',(0.0133586842223078,-0.102164318528728,0.0688018926559633));
#3184=CARTESIAN_POINT('',(0.0133824983985877,-0.102178325925024,0.0688018926559633));
#3185=CARTESIAN_POINT('',(0.0134082685063704,-0.102194185884936,0.0688018926559633));
#3186=CARTESIAN_POINT('',(0.0134359291887661,-0.102211981732108,0.0688018926559633));
#3187=CARTESIAN_POINT('',(0.0134654123983718,-0.102231794842616,0.0688018926559633));
#3188=CARTESIAN_POINT('',(0.0134966476465686,-0.102253704645189,0.0688018926559633));
#3189=CARTESIAN_POINT('',(0.0135295619972693,-0.102277788534627,0.0688018926559633));
#3190=CARTESIAN_POINT('',(0.0135640801361285,-0.102304121811793,0.0688018926559633));
#3191=CARTESIAN_POINT('',(0.0136001244206698,-0.102332777617841,0.0688018926559633));
#3192=CARTESIAN_POINT('',(0.0136376149380105,-0.102363826871867,0.0688018926559633));
#3193=CARTESIAN_POINT('',(0.0136764695625511,-0.102397338209424,0.0688018926559633));
#3194=CARTESIAN_POINT('',(0.0137166040157027,-0.102433377922657,0.0688018926559633));
#3195=CARTESIAN_POINT('',(0.0137579319270248,-0.102472009901849,0.0688018926559633));
#3196=CARTESIAN_POINT('',(0.0138003648968245,-0.102513295578646,0.0688018926559633));
#3197=CARTESIAN_POINT('',(0.0138438125604133,-0.102557293870296,0.0688018926559633));
#3198=CARTESIAN_POINT('',(0.0138881826529034,-0.102604061127524,0.0688018926559633));
#3199=CARTESIAN_POINT('',(0.0139333810786932,-0.102653651076185,0.0688018926559633));
#3200=CARTESIAN_POINT('',(0.0139793119694811,-0.102706114790708,0.0688018926559633));
#3201=CARTESIAN_POINT('',(0.0140258777927043,-0.10276150055349,0.0688018926559633));
#3202=CARTESIAN_POINT('',(0.0140729792726432,-0.10281985416009,0.0688018926559633));
#3203=CARTESIAN_POINT('',(0.0141205160356182,-0.102881217523804,0.0688018926559633));
#3204=CARTESIAN_POINT('',(0.0141683844877314,-0.10294563380192,0.0688018926559633));
#3205=CARTESIAN_POINT('',(0.014216486288094,-0.103013127574705,0.0688018926559633));
#3206=CARTESIAN_POINT('',(0.0142646963154541,-0.103083780419207,0.0688018926559633));
#3207=CARTESIAN_POINT('',(0.0143065915310687,-0.103147688627262,0.0688018926559633));
#3208=CARTESIAN_POINT('',(0.0143321884658377,-0.10318853562601,0.0688018926559633));
#3209=CARTESIAN_POINT('',(0.0143419363174298,-0.103204195540828,0.0688018926559633));
#3210=CARTESIAN_POINT('',(0.0128332457332948,-0.101970626739172,0.0688018926559633));
#3211=CARTESIAN_POINT('',(0.0129634426581992,-0.101579463312582,0.0688018926559633));
#3212=CARTESIAN_POINT('',(0.0125644817681599,-0.101475587069987,0.0688018926559633));
#3213=CARTESIAN_POINT('',(0.007,-0.100026779749528,0.0688018926559633));
#3214=CARTESIAN_POINT('',(0.0126420387765843,-0.101135787614026,0.0688018926559633));
#3215=CARTESIAN_POINT('',(0.0130465603305632,-0.101215300996065,0.0688018926559633));
#3216=CARTESIAN_POINT('',(0.0130989764046629,-0.100806384597845,0.0688018926559633));
#3217=CARTESIAN_POINT('',(0.0127036155564107,-0.100755662171232,0.0688018926559633));
#3218=CARTESIAN_POINT('',(0.0130985530906031,-0.100806349820356,0.0688018926559633));
#3219=CARTESIAN_POINT('',(0.0135207378521941,-0.100860534472887,0.0688018926559633));
#3220=CARTESIAN_POINT('',(0.0135295439939201,-0.100861082371551,0.0688018926559633));
#3221=CARTESIAN_POINT('',(0.0135370583091572,-0.100861703564845,0.0688018926559633));
#3222=CARTESIAN_POINT('',(0.0135459129687397,-0.100862188692684,0.0688018926559633));
#3223=CARTESIAN_POINT('',(0.0135578530356497,-0.100862640865091,0.0688018926559633));
#3224=CARTESIAN_POINT('',(0.0135722878746762,-0.100862884252891,0.0688018926559633));
#3225=CARTESIAN_POINT('',(0.0135894008667186,-0.100862835937501,0.0688018926559633));
#3226=CARTESIAN_POINT('',(0.0136091267585475,-0.100862383754744,0.0688018926559633));
#3227=CARTESIAN_POINT('',(0.0136314726447045,-0.100861424751752,0.0688018926559633));
#3228=CARTESIAN_POINT('',(0.0136564198431498,-0.100859853541777,0.0688018926559633));
#3229=CARTESIAN_POINT('',(0.0136839532560729,-0.100857565897642,0.0688018926559633));
#3230=CARTESIAN_POINT('',(0.0137140526996165,-0.100854457798237,0.0688018926559633));
#3231=CARTESIAN_POINT('',(0.0137466954420316,-0.100850425814262,0.0688018926559633));
#3232=CARTESIAN_POINT('',(0.0137818554824832,-0.100845367103743,0.0688018926559633));
#3233=CARTESIAN_POINT('',(0.0138195037757532,-0.100839179520003,0.0688018926559633));
#3234=CARTESIAN_POINT('',(0.0138596081890437,-0.100831761686954,0.0688018926559633));
#3235=CARTESIAN_POINT('',(0.0139021335382939,-0.100823013083192,0.0688018926559633));
#3236=CARTESIAN_POINT('',(0.0139470416048069,-0.100812834123009,0.0688018926559633));
#3237=CARTESIAN_POINT('',(0.0139942911602062,-0.100801126237605,0.0688018926559633));
#3238=CARTESIAN_POINT('',(0.0140438379917333,-0.100787791955522,0.0688018926559633));
#3239=CARTESIAN_POINT('',(0.0140956349300872,-0.100772734982493,0.0688018926559633));
#3240=CARTESIAN_POINT('',(0.0141496318791452,-0.100755860280629,0.0688018926559633));
#3241=CARTESIAN_POINT('',(0.0142057758477281,-0.100737074146744,0.0688018926559633));
#3242=CARTESIAN_POINT('',(0.0142640109833008,-0.10071628429046,0.0688018926559633));
#3243=CARTESIAN_POINT('',(0.0143242786077345,-0.100693399909295,0.0688018926559633));
#3244=CARTESIAN_POINT('',(0.0143865172545971,-0.100668331771374,0.0688018926559633));
#3245=CARTESIAN_POINT('',(0.0144506627098973,-0.10064099226453,0.0688018926559633));
#3246=CARTESIAN_POINT('',(0.0145166480487792,-0.100611295570034,0.0688018926559633));
#3247=CARTESIAN_POINT('',(0.0145844036968588,-0.100579157353392,0.0688018926559633));
#3248=CARTESIAN_POINT('',(0.0146538574060733,-0.100544496301521,0.0688018926559633));
#3249=CARTESIAN_POINT('',(0.0147249345667911,-0.10050722858334,0.0688018926559633));
#3250=CARTESIAN_POINT('',(0.014797557241911,-0.100467289384284,0.0688018926559633));
#3251=CARTESIAN_POINT('',(0.014871648096035,-0.100424550917892,0.0688018926559633));
#3252=CARTESIAN_POINT('',(0.0149371231132889,-0.100385149264834,0.0688018926559633));
#3253=CARTESIAN_POINT('',(0.0149779080031783,-0.100359453484381,0.0688018926559633));
#3254=CARTESIAN_POINT('',(0.014993485096387,-0.100349573822954,0.0688018926559633));
#3255=CARTESIAN_POINT('',(0.014993485096387,-0.100349573822954,0.0688018926559633));
#3256=CARTESIAN_POINT('',(0.007,-0.100026779749528,0.0688018926559633));
#3257=CARTESIAN_POINT('',(0.014993485096387,-0.0997039856761014,0.0688018926559633));
#3258=CARTESIAN_POINT('',(0.0127036155564107,-0.0992978973278236,0.0688018926559633));
#3259=CARTESIAN_POINT('',(0.0130985530906031,-0.0992472096786989,0.0688018926559633));
#3260=CARTESIAN_POINT('',(0.0135207378521941,-0.0991930250261687,0.0688018926559633));
#3261=CARTESIAN_POINT('',(0.0135295439939201,-0.0991924771275046,0.0688018926559633));
#3262=CARTESIAN_POINT('',(0.0135370583091572,-0.0991918559342104,0.0688018926559633));
#3263=CARTESIAN_POINT('',(0.0135459129687397,-0.099191370806371,0.0688018926559633));
#3264=CARTESIAN_POINT('',(0.0135578530356497,-0.099190918633964,0.0688018926559633));
#3265=CARTESIAN_POINT('',(0.0135722878746761,-0.099190675246164,0.0688018926559633));
#3266=CARTESIAN_POINT('',(0.0135894008667186,-0.0991907235615546,0.0688018926559633));
#3267=CARTESIAN_POINT('',(0.0136091267585475,-0.0991911757443115,0.0688018926559633));
#3268=CARTESIAN_POINT('',(0.0136314726447045,-0.0991921347473035,0.0688018926559633));
#3269=CARTESIAN_POINT('',(0.0136564198431498,-0.0991937059572785,0.0688018926559633));
#3270=CARTESIAN_POINT('',(0.0136839532560729,-0.0991959936014132,0.0688018926559633));
#3271=CARTESIAN_POINT('',(0.0137140526996165,-0.0991991017008179,0.0688018926559633));
#3272=CARTESIAN_POINT('',(0.0137466954420316,-0.0992031336847933,0.0688018926559633));
#3273=CARTESIAN_POINT('',(0.0137818554824832,-0.0992081923953128,0.0688018926559633));
#3274=CARTESIAN_POINT('',(0.0138195037757532,-0.0992143799790526,0.0688018926559633));
#3275=CARTESIAN_POINT('',(0.0138596081890437,-0.0992217978121017,0.0688018926559633));
#3276=CARTESIAN_POINT('',(0.0139021335382939,-0.099230546415863,0.0688018926559633));
#3277=CARTESIAN_POINT('',(0.0139470416048069,-0.0992407253760461,0.0688018926559633));
#3278=CARTESIAN_POINT('',(0.0139942911602061,-0.0992524332614501,0.0688018926559633));
#3279=CARTESIAN_POINT('',(0.0140438379917333,-0.099265767543533,0.0688018926559633));
#3280=CARTESIAN_POINT('',(0.0140956349300872,-0.0992808245165626,0.0688018926559633));
#3281=CARTESIAN_POINT('',(0.0141496318791452,-0.099297699218426,0.0688018926559633));
#3282=CARTESIAN_POINT('',(0.0142057758477281,-0.0993164853523116,0.0688018926559633));
#3283=CARTESIAN_POINT('',(0.0142640109833007,-0.0993372752085958,0.0688018926559633));
#3284=CARTESIAN_POINT('',(0.0143242786077345,-0.0993601595897605,0.0688018926559633));
#3285=CARTESIAN_POINT('',(0.0143865172545971,-0.0993852277276813,0.0688018926559633));
#3286=CARTESIAN_POINT('',(0.0144506627098973,-0.099412567234525,0.0688018926559633));
#3287=CARTESIAN_POINT('',(0.0145166480487792,-0.099442263929021,0.0688018926559633));
#3288=CARTESIAN_POINT('',(0.0145844036968588,-0.0994744021456634,0.0688018926559633));
#3289=CARTESIAN_POINT('',(0.0146538574060733,-0.0995090631975347,0.0688018926559633));
#3290=CARTESIAN_POINT('',(0.0147249345667911,-0.0995463309157149,0.0688018926559633));
#3291=CARTESIAN_POINT('',(0.0147975572419109,-0.0995862701147718,0.0688018926559633));
#3292=CARTESIAN_POINT('',(0.014871648096035,-0.099629008581163,0.0688018926559633));
#3293=CARTESIAN_POINT('',(0.0149371231132888,-0.0996684102342216,0.0688018926559633));
#3294=CARTESIAN_POINT('',(0.0149779080031783,-0.0996941060146739,0.0688018926559633));
#3295=CARTESIAN_POINT('',(0.014993485096387,-0.0997039856761014,0.0688018926559633));
#3296=CARTESIAN_POINT('',(0.0130989764046627,-0.0992471749012099,0.0688018926559633));
#3297=CARTESIAN_POINT('',(0.013046560330563,-0.0988382585029907,0.0688018926559633));
#3298=CARTESIAN_POINT('',(0.0126420387765843,-0.0989177718850297,0.0688018926559633));
#3299=CARTESIAN_POINT('',(0.007,-0.100026779749528,0.0688018926559633));
#3300=CARTESIAN_POINT('',(0.0125644817681599,-0.0985779724290687,0.0688018926559633));
#3301=CARTESIAN_POINT('',(0.0129634426581993,-0.0984740961864735,0.0688018926559633));
#3302=CARTESIAN_POINT('',(0.012833245733295,-0.0980829327598829,0.0688018926559633));
#3303=CARTESIAN_POINT('',(0.012455030281316,-0.0982087740757398,0.0688018926559633));
#3304=CARTESIAN_POINT('',(0.0128328492511189,-0.0980830850955351,0.0688018926559633));
#3305=CARTESIAN_POINT('',(0.0132367344174577,-0.0979487246776254,0.0688018926559633));
#3306=CARTESIAN_POINT('',(0.0132449062013202,-0.0979453974755652,0.0688018926559633));
#3307=CARTESIAN_POINT('',(0.0132519458910817,-0.0979426968121923,0.0688018926559633));
#3308=CARTESIAN_POINT('',(0.0132601341527822,-0.0979392920044642,0.0688018926559633));
#3309=CARTESIAN_POINT('',(0.0132710879716035,-0.0979345187968497,0.0688018926559633));
#3310=CARTESIAN_POINT('',(0.0132841989141883,-0.09792847503975,0.0688018926559633));
#3311=CARTESIAN_POINT('',(0.0132995962239928,-0.0979210064601122,0.0688018926559633));
#3312=CARTESIAN_POINT('',(0.013317172443677,-0.0979120403138216,0.0688018926559633));
#3313=CARTESIAN_POINT('',(0.0133368892956261,-0.0979014807653418,0.0688018926559633));
#3314=CARTESIAN_POINT('',(0.0133586842223078,-0.0978892409703275,0.0688018926559633));
#3315=CARTESIAN_POINT('',(0.0133824983985877,-0.0978752335740315,0.0688018926559633));
#3316=CARTESIAN_POINT('',(0.0134082685063704,-0.0978593736141195,0.0688018926559633));
#3317=CARTESIAN_POINT('',(0.0134359291887661,-0.0978415777669476,0.0688018926559633));
#3318=CARTESIAN_POINT('',(0.0134654123983718,-0.0978217646564392,0.0688018926559633));
#3319=CARTESIAN_POINT('',(0.0134966476465686,-0.0977998548538667,0.0688018926559633));
#3320=CARTESIAN_POINT('',(0.0135295619972693,-0.0977757709644286,0.0688018926559633));
#3321=CARTESIAN_POINT('',(0.0135640801361284,-0.0977494376872621,0.0688018926559633));
#3322=CARTESIAN_POINT('',(0.0136001244206698,-0.0977207818812143,0.0688018926559633));
#3323=CARTESIAN_POINT('',(0.0136376149380105,-0.097689732627188,0.0688018926559633));
#3324=CARTESIAN_POINT('',(0.013676469562551,-0.0976562212896311,0.0688018926559633));
#3325=CARTESIAN_POINT('',(0.0137166040157027,-0.0976201815763988,0.0688018926559633));
#3326=CARTESIAN_POINT('',(0.0137579319270247,-0.0975815495972065,0.0688018926559633));
#3327=CARTESIAN_POINT('',(0.0138003648968245,-0.0975402639204096,0.0688018926559633));
#3328=CARTESIAN_POINT('',(0.0138438125604133,-0.0974962656287592,0.0688018926559633));
#3329=CARTESIAN_POINT('',(0.0138881826529034,-0.0974494983715315,0.0688018926559633));
#3330=CARTESIAN_POINT('',(0.0139333810786932,-0.0973999084228702,0.0688018926559633));
#3331=CARTESIAN_POINT('',(0.0139793119694811,-0.0973474447083471,0.0688018926559633));
#3332=CARTESIAN_POINT('',(0.0140258777927043,-0.0972920589455656,0.0688018926559633));
#3333=CARTESIAN_POINT('',(0.0140729792726432,-0.0972337053389658,0.0688018926559633));
#3334=CARTESIAN_POINT('',(0.0141205160356182,-0.0971723419752515,0.0688018926559633));
#3335=CARTESIAN_POINT('',(0.0141683844877314,-0.0971079256971353,0.0688018926559633));
#3336=CARTESIAN_POINT('',(0.014216486288094,-0.0970404319243503,0.0688018926559633));
#3337=CARTESIAN_POINT('',(0.0142646963154541,-0.0969697790798482,0.0688018926559633));
#3338=CARTESIAN_POINT('',(0.0143065915310687,-0.0969058708717936,0.0688018926559633));
#3339=CARTESIAN_POINT('',(0.0143321884658377,-0.0968650238730449,0.0688018926559633));
#3340=CARTESIAN_POINT('',(0.0143419363174298,-0.0968493639582274,0.0688018926559633));
#3341=CARTESIAN_POINT('',(0.0143419363174298,-0.0968493639582274,0.0688018926559633));
#3342=CARTESIAN_POINT('',(0.007,-0.100026779749528,0.0688018926559633));
#3343=CARTESIAN_POINT('',(0.0140618261183434,-0.0962677091364263,0.0688018926559633));
#3344=CARTESIAN_POINT('',(0.011822529820304,-0.0968953733351064,0.0688018926559633));
#3345=CARTESIAN_POINT('',(0.0121563636966482,-0.0966783483672046,0.0688018926559633));
#3346=CARTESIAN_POINT('',(0.0125132291837018,-0.0964463505791992,0.0688018926559633));
#3347=CARTESIAN_POINT('',(0.0125209255189223,-0.0964420360978608,0.0688018926559633));
#3348=CARTESIAN_POINT('',(0.0125274261573453,-0.0964382160828498,0.0688018926559633));
#3349=CARTESIAN_POINT('',(0.0125351934408841,-0.0964339371049614,0.0688018926559633));
#3350=CARTESIAN_POINT('',(0.012545754879196,-0.0964283491108235,0.0688018926559633));
#3351=CARTESIAN_POINT('',(0.0125586546177633,-0.0964218667840624,0.0688018926559633));
#3352=CARTESIAN_POINT('',(0.0125740938540926,-0.0964144852657504,0.0688018926559633));
#3353=CARTESIAN_POINT('',(0.0125920624632673,-0.0964063339246328,0.0688018926559633));
#3354=CARTESIAN_POINT('',(0.0126126115068245,-0.0963975024398331,0.0688018926559633));
#3355=CARTESIAN_POINT('',(0.012635769878424,-0.0963880938673636,0.0688018926559633));
#3356=CARTESIAN_POINT('',(0.0126615691978857,-0.09637820866336,0.0688018926559633));
#3357=CARTESIAN_POINT('',(0.0126900364132509,-0.096367949305052,0.0688018926559633));
#3358=CARTESIAN_POINT('',(0.0127211959202132,-0.0963574188419556,0.0688018926559633));
#3359=CARTESIAN_POINT('',(0.0127550689142896,-0.0963467212128268,0.0688018926559633));
#3360=CARTESIAN_POINT('',(0.0127916735464247,-0.0963359610508884,0.0688018926559633));
#3361=CARTESIAN_POINT('',(0.0128310248514044,-0.0963252436347394,0.0688018926559633));
#3362=CARTESIAN_POINT('',(0.0128731347440875,-0.096314674796826,0.0688018926559633));
#3363=CARTESIAN_POINT('',(0.012918011999238,-0.0963043608432433,0.0688018926559633));
#3364=CARTESIAN_POINT('',(0.0129656622387712,-0.0962944084697331,0.0688018926559633));
#3365=CARTESIAN_POINT('',(0.0130160879196489,-0.0962849246782412,0.0688018926559633));
#3366=CARTESIAN_POINT('',(0.0130692883243163,-0.0962760166928978,0.0688018926559633));
#3367=CARTESIAN_POINT('',(0.0131252595531203,-0.0962677918757736,0.0688018926559633));
#3368=CARTESIAN_POINT('',(0.0131839945189478,-0.0962603576425352,0.0688018926559633));
#3369=CARTESIAN_POINT('',(0.0132454829436971,-0.0962538213774451,0.0688018926559633));
#3370=CARTESIAN_POINT('',(0.0133097113579216,-0.0962482903501987,0.0688018926559633));
#3371=CARTESIAN_POINT('',(0.0133766630985389,-0.0962438716252232,0.0688018926559633));
#3372=CARTESIAN_POINT('',(0.0134463183242368,-0.0962406719997602,0.0688018926559633));
#3373=CARTESIAN_POINT('',(0.0135186539731547,-0.0962387978314197,0.0688018926559633));
#3374=CARTESIAN_POINT('',(0.0135936439523044,-0.0962383552901493,0.0688018926559633));
#3375=CARTESIAN_POINT('',(0.0136712584488547,-0.0962394489837645,0.0688018926559633));
#3376=CARTESIAN_POINT('',(0.0137514666147927,-0.0962421868133645,0.0688018926559633));
#3377=CARTESIAN_POINT('',(0.0138342263532036,-0.096246660990498,0.0688018926559633));
#3378=CARTESIAN_POINT('',(0.0139195234317676,-0.0962530202013566,0.0688018926559633));
#3379=CARTESIAN_POINT('',(0.0139956101204952,-0.0962601113188015,0.0688018926559633));
#3380=CARTESIAN_POINT('',(0.0140435050178686,-0.0962655665165007,0.0688018926559633));
#3381=CARTESIAN_POINT('',(0.0140618261183434,-0.0962677091364263,0.0688018926559633));
#3382=CARTESIAN_POINT('',(0.0121567300000502,-0.0966781333646827,0.0688018926559633));
#3383=CARTESIAN_POINT('',(0.0119320825732629,-0.0963324549025327,0.0688018926559633));
#3384=CARTESIAN_POINT('',(0.0116021208102416,-0.0965796093087253,0.0688018926559633));
#3385=CARTESIAN_POINT('',(0.007,-0.100026779749528,0.0688018926559633));
#3386=CARTESIAN_POINT('',(0.0113848109016611,-0.0963071113023843,0.0688018926559633));
#3387=CARTESIAN_POINT('',(0.0116991920305545,-0.0960404193989594,0.0688018926559633));
#3388=CARTESIAN_POINT('',(0.0114121692043839,-0.0957444836579383,0.0688018926559633));
#3389=CARTESIAN_POINT('',(0.0111260093574507,-0.0960219643003179,0.0688018926559633));
#3390=CARTESIAN_POINT('',(0.0114118780822489,-0.0957447929347875,0.0688018926559633));
#3391=CARTESIAN_POINT('',(0.0117174692428157,-0.0954484991750272,0.0688018926559633));
#3392=CARTESIAN_POINT('',(0.0117233881468004,-0.0954419558654163,0.0688018926559633));
#3393=CARTESIAN_POINT('',(0.0117285589141928,-0.0954364682448787,0.0688018926559633));
#3394=CARTESIAN_POINT('',(0.0117344589923592,-0.095429847865511,0.0688018926559633));
#3395=CARTESIAN_POINT('',(0.0117422570249345,-0.0954207946701824,0.0688018926559633));
#3396=CARTESIAN_POINT('',(0.0117514472881035,-0.0954096608083984,0.0688018926559633));
#3397=CARTESIAN_POINT('',(0.0117620792896277,-0.095396251208307,0.0688018926559633));
#3398=CARTESIAN_POINT('',(0.0117740246513005,-0.0953805469537179,0.0688018926559633));
#3399=CARTESIAN_POINT('',(0.0117872073047019,-0.0953624783078313,0.0688018926559633));
#3400=CARTESIAN_POINT('',(0.0118015332070935,-0.0953419941692914,0.0688018926559633));
#3401=CARTESIAN_POINT('',(0.0118169114570562,-0.0953190413574601,0.0688018926559633));
#3402=CARTESIAN_POINT('',(0.0118332481431821,-0.0952935707966109,0.0688018926559633));
#3403=CARTESIAN_POINT('',(0.0118504482281738,-0.0952655357720267,0.0688018926559633));
#3404=CARTESIAN_POINT('',(0.0118684150956834,-0.0952348924910574,0.0688018926559633));
#3405=CARTESIAN_POINT('',(0.0118870507748265,-0.0952015999747578,0.0688018926559633));
#3406=CARTESIAN_POINT('',(0.0119062559721131,-0.0951656201386034,0.0688018926559633));
#3407=CARTESIAN_POINT('',(0.0119259301598429,-0.095126917816531,0.0688018926559633));
#3408=CARTESIAN_POINT('',(0.0119459716498051,-0.0950854607984467,0.0688018926559633));
#3409=CARTESIAN_POINT('',(0.0119662776723368,-0.0950412198613521,0.0688018926559633));
#3410=CARTESIAN_POINT('',(0.0119867444549799,-0.0949941687997139,0.0688018926559633));
#3411=CARTESIAN_POINT('',(0.0120072673022658,-0.0949442844534826,0.0688018926559633));
#3412=CARTESIAN_POINT('',(0.012027740676161,-0.0948915467342305,0.0688018926559633));
#3413=CARTESIAN_POINT('',(0.0120480582771026,-0.0948359386491477,0.0688018926559633));
#3414=CARTESIAN_POINT('',(0.0120681131260831,-0.094777446323396,0.0688018926559633));
#3415=CARTESIAN_POINT('',(0.0120877976456484,-0.094716059018962,0.0688018926559633));
#3416=CARTESIAN_POINT('',(0.0121070037478154,-0.0946517691570734,0.0688018926559633));
#3417=CARTESIAN_POINT('',(0.0121256228978651,-0.0945845723169576,0.0688018926559633));
#3418=CARTESIAN_POINT('',(0.0121435462730479,-0.0945144673154712,0.0688018926559633));
#3419=CARTESIAN_POINT('',(0.0121606645590825,-0.0944414559663611,0.0688018926559633));
#3420=CARTESIAN_POINT('',(0.0121768691369106,-0.0943655440575596,0.0688018926559633));
#3421=CARTESIAN_POINT('',(0.0121920479464102,-0.0942867376534021,0.0688018926559633));
#3422=CARTESIAN_POINT('',(0.0122061017205239,-0.0942050572763459,0.0688018926559633));
#3423=CARTESIAN_POINT('',(0.0122188823339441,-0.0941204837160868,0.0688018926559633));
#3424=CARTESIAN_POINT('',(0.0122288998866559,-0.0940447267574242,0.0688018926559633));
#3425=CARTESIAN_POINT('',(0.0122342390794477,-0.0939968187894368,0.0688018926559633));
#3426=CARTESIAN_POINT('',(0.0122362270078659,-0.0939784802594151,0.0688018926559633));
#3427=CARTESIAN_POINT('',(0.0122362270078659,-0.0939784802594151,0.0688018926559633));
#3428=CARTESIAN_POINT('',(0.007,-0.100026779749528,0.0688018926559633));
#3429=CARTESIAN_POINT('',(0.0117314858699483,-0.0935759626336516,0.0688018926559633));
#3430=CARTESIAN_POINT('',(0.00998628290883916,-0.0951130627869448,0.0688018926559633));
#3431=CARTESIAN_POINT('',(0.0101928932339213,-0.0947726849567954,0.0688018926559633));
#3432=CARTESIAN_POINT('',(0.0104137578600588,-0.0944088240404955,0.0688018926559633));
#3433=CARTESIAN_POINT('',(0.0104188200351938,-0.0944015975124255,0.0688018926559633));
#3434=CARTESIAN_POINT('',(0.010423019465638,-0.09439533527652,0.0688018926559633));
#3435=CARTESIAN_POINT('',(0.0104281609673688,-0.0943881099526315,0.0688018926559633));
#3436=CARTESIAN_POINT('',(0.0104352519546974,-0.094378492907534,0.0688018926559633));
#3437=CARTESIAN_POINT('',(0.0104440616413773,-0.0943670555461275,0.0688018926559633));
#3438=CARTESIAN_POINT('',(0.0104547691918886,-0.0943537061943429,0.0688018926559633));
#3439=CARTESIAN_POINT('',(0.0104674216149916,-0.0943385658024287,0.0688018926559633));
#3440=CARTESIAN_POINT('',(0.010482103825855,-0.094321693013713,0.0688018926559633));
#3441=CARTESIAN_POINT('',(0.0104988865710946,-0.0943031681419651,0.0688018926559633));
#3442=CARTESIAN_POINT('',(0.0105178419254677,-0.0942830679757103,0.0688018926559633));
#3443=CARTESIAN_POINT('',(0.010539038631524,-0.0942614731514251,0.0688018926559633));
#3444=CARTESIAN_POINT('',(0.0105625433805333,-0.0942384659286208,0.0688018926559633));
#3445=CARTESIAN_POINT('',(0.0105884203663326,-0.0942141307564904,0.0688018926559633));
#3446=CARTESIAN_POINT('',(0.010616731341012,-0.0941885540309106,0.0688018926559633));
#3447=CARTESIAN_POINT('',(0.0106475355291177,-0.0941618240812722,0.0688018926559633));
#3448=CARTESIAN_POINT('',(0.0106808895845438,-0.0941340310896511,0.0688018926559633));
#3449=CARTESIAN_POINT('',(0.0107168475375658,-0.0941052670273022,0.0688018926559633));
#3450=CARTESIAN_POINT('',(0.0107554607469017,-0.0940756255845092,0.0688018926559633));
#3451=CARTESIAN_POINT('',(0.0107967778526017,-0.0940452021006585,0.0688018926559633));
#3452=CARTESIAN_POINT('',(0.0108408447309781,-0.0940140934926888,0.0688018926559633));
#3453=CARTESIAN_POINT('',(0.0108877044512213,-0.0939823981824792,0.0688018926559633));
#3454=CARTESIAN_POINT('',(0.0109373972339743,-0.0939502160231845,0.0688018926559633));
#3455=CARTESIAN_POINT('',(0.0109899604112726,-0.0939176482241833,0.0688018926559633));
#3456=CARTESIAN_POINT('',(0.0110454283901407,-0.0938847972763054,0.0688018926559633));
#3457=CARTESIAN_POINT('',(0.0111038326111743,-0.0938517668711072,0.0688018926559633));
#3458=CARTESIAN_POINT('',(0.0111652015355552,-0.0938186618384012,0.0688018926559633));
#3459=CARTESIAN_POINT('',(0.0112295605321025,-0.0937855880092492,0.0688018926559633));
#3460=CARTESIAN_POINT('',(0.0112969321572598,-0.093752652360792,0.0688018926559633));
#3461=CARTESIAN_POINT('',(0.0113673349382247,-0.0937199620767173,0.0688018926559633));
#3462=CARTESIAN_POINT('',(0.0114407878984304,-0.0936876277570076,0.0688018926559633));
#3463=CARTESIAN_POINT('',(0.0115172931189585,-0.0936557507465643,0.0688018926559633));
#3464=CARTESIAN_POINT('',(0.0115969022894529,-0.0936244711821892,0.0688018926559633));
#3465=CARTESIAN_POINT('',(0.0116685307478098,-0.0935978472812434,0.0688018926559633));
#3466=CARTESIAN_POINT('',(0.0117140494808499,-0.0935819814273817,0.0688018926559633));
#3467=CARTESIAN_POINT('',(0.0117314858699483,-0.0935759626336516,0.0688018926559633));
#3468=CARTESIAN_POINT('',(0.0101931299757847,-0.0947723323131269,0.0688018926559633));
#3469=CARTESIAN_POINT('',(0.00984074537430486,-0.0945583576459429,0.0688018926559633));
#3470=CARTESIAN_POINT('',(0.00965069637612267,-0.094924201114993,0.0688018926559633));
#3471=CARTESIAN_POINT('',(0.007,-0.100026779749528,0.0688018926559633));
#3472=CARTESIAN_POINT('',(0.0093366744599116,-0.0947729761303964,0.0688018926559633));
#3473=CARTESIAN_POINT('',(0.00950420878945024,-0.0943962901683766,0.0688018926559633));
#3474=CARTESIAN_POINT('',(0.00911720845284041,-0.0942541958158481,0.0688018926559633));
#3475=CARTESIAN_POINT('',(0.00897978167815829,-0.0946283573404503,0.0688018926559633));
#3476=CARTESIAN_POINT('',(0.00911708035105577,-0.0942546007778212,0.0688018926559633));
#3477=CARTESIAN_POINT('',(0.00926385142867066,-0.0938550582891354,0.0688018926559633));
#3478=CARTESIAN_POINT('',(0.00926634514125278,-0.0938465948546906,0.0688018926559633));
#3479=CARTESIAN_POINT('',(0.00926862285237876,-0.093839407167537,0.0688018926559633));
#3480=CARTESIAN_POINT('',(0.00927106616417046,-0.093830882463857,0.0688018926559633));
#3481=CARTESIAN_POINT('',(0.00927416391451154,-0.0938193423771795,0.0688018926559633));
#3482=CARTESIAN_POINT('',(0.00927761325393293,-0.0938053236085853,0.0688018926559633));
#3483=CARTESIAN_POINT('',(0.00928137414888204,-0.0937886289237963,0.0688018926559633));
#3484=CARTESIAN_POINT('',(0.00928532272716388,-0.0937692969811303,0.0688018926559633));
#3485=CARTESIAN_POINT('',(0.00928936019583684,-0.0937472979547519,0.0688018926559633));
#3486=CARTESIAN_POINT('',(0.00929337965327395,-0.0937226266075458,0.0688018926559633));
#3487=CARTESIAN_POINT('',(0.00929727612591257,-0.09369527446606,0.0688018926559633));
#3488=CARTESIAN_POINT('',(0.00930094370933797,-0.0936652380612259,0.0688018926559633));
#3489=CARTESIAN_POINT('',(0.00930427650914795,-0.0936325165396753,0.0688018926559633));
#3490=CARTESIAN_POINT('',(0.00930716847610205,-0.0935971123658562,0.0688018926559633));
#3491=CARTESIAN_POINT('',(0.00930951356138551,-0.0935590311269885,0.0688018926559633));
#3492=CARTESIAN_POINT('',(0.00931120578039918,-0.093518281591932,0.0688018926559633));
#3493=CARTESIAN_POINT('',(0.00931213930283167,-0.0934748756944929,0.0688018926559633));
#3494=CARTESIAN_POINT('',(0.00931220853533486,-0.0934288285352406,0.0688018926559633));
#3495=CARTESIAN_POINT('',(0.00931130820625825,-0.0933801583752489,0.0688018926559633));
#3496=CARTESIAN_POINT('',(0.00930933344969272,-0.0933288866293302,0.0688018926559633));
#3497=CARTESIAN_POINT('',(0.00930617988951185,-0.0932750378566624,0.0688018926559633));
#3498=CARTESIAN_POINT('',(0.00930174372319065,-0.0932186397494341,0.0688018926559633));
#3499=CARTESIAN_POINT('',(0.00929592180522862,-0.0931597231193044,0.0688018926559633));
#3500=CARTESIAN_POINT('',(0.00928861173080367,-0.0930983218819277,0.0688018926559633));
#3501=CARTESIAN_POINT('',(0.00927971191692949,-0.0930344730387966,0.0688018926559633));
#3502=CARTESIAN_POINT('',(0.00926912169139216,-0.0929682166592911,0.0688018926559633));
#3503=CARTESIAN_POINT('',(0.00925674134968736,-0.0928995958518826,0.0688018926559633));
#3504=CARTESIAN_POINT('',(0.00924247233255905,-0.0928286567670172,0.0688018926559633));
#3505=CARTESIAN_POINT('',(0.00922621693819813,-0.0927554484685134,0.0688018926559633));
#3506=CARTESIAN_POINT('',(0.00920787981550443,-0.0926800232991613,0.0688018926559633));
#3507=CARTESIAN_POINT('',(0.0091873626330131,-0.0926024353438031,0.0688018926559633));
#3508=CARTESIAN_POINT('',(0.00916458485855642,-0.0925227461628958,0.0688018926559633));
#3509=CARTESIAN_POINT('',(0.00913940470080508,-0.0924410027177157,0.0688018926559633));
#3510=CARTESIAN_POINT('',(0.00911556049144224,-0.0923684016032063,0.0688018926559633));
#3511=CARTESIAN_POINT('',(0.00909958444964352,-0.0923229214265928,0.0688018926559633));
#3512=CARTESIAN_POINT('',(0.00909341872128412,-0.092305536452145,0.0688018926559633));
#3513=CARTESIAN_POINT('',(0.00909341872128412,-0.092305536452145,0.0688018926559633));
#3514=CARTESIAN_POINT('',(0.007,-0.100026779749528,0.0688018926559633));
#3515=CARTESIAN_POINT('',(0.00846401681714371,-0.0921618795747562,0.0688018926559633));
#3516=CARTESIAN_POINT('',(0.00755856604292229,-0.0943039741460064,0.0688018926559633));
#3517=CARTESIAN_POINT('',(0.0075970311079506,-0.0939076594573307,0.0688018926559633));
#3518=CARTESIAN_POINT('',(0.0076381499252384,-0.0934840025296708,0.0688018926559633));
#3519=CARTESIAN_POINT('',(0.00763957531441911,-0.093475295257381,0.0688018926559633));
#3520=CARTESIAN_POINT('',(0.00764064178818234,-0.0934678311132034,0.0688018926559633));
#3521=CARTESIAN_POINT('',(0.00764213917063096,-0.0934590905073237,0.0688018926559633));
#3522=CARTESIAN_POINT('',(0.00764435524997052,-0.0934473491849935,0.0688018926559633));
#3523=CARTESIAN_POINT('',(0.00764733001827246,-0.0934332220986382,0.0688018926559633));
#3524=CARTESIAN_POINT('',(0.00765118512126752,-0.0934165489162209,0.0688018926559633));
#3525=CARTESIAN_POINT('',(0.00765601539073145,-0.0933974182138136,0.0688018926559633));
#3526=CARTESIAN_POINT('',(0.00766192277697396,-0.0933758459839181,0.0688018926559633));
#3527=CARTESIAN_POINT('',(0.00766900586733213,-0.0933518738909341,0.0688018926559633));
#3528=CARTESIAN_POINT('',(0.00767736291621082,-0.0933255398468672,0.0688018926559633));
#3529=CARTESIAN_POINT('',(0.00768709084536319,-0.0932968866763978,0.0688018926559633));
#3530=CARTESIAN_POINT('',(0.00769828543261142,-0.093265959556527,0.0688018926559633));
#3531=CARTESIAN_POINT('',(0.00771104115573577,-0.0932328067206868,0.0688018926559633));
#3532=CARTESIAN_POINT('',(0.00772545113721293,-0.0931974792156445,0.0688018926559633));
#3533=CARTESIAN_POINT('',(0.0077416070612016,-0.093160030926864,0.0688018926559633));
#3534=CARTESIAN_POINT('',(0.00775959909963304,-0.0931205185243844,0.0688018926559633));
#3535=CARTESIAN_POINT('',(0.00777951583693516,-0.0930790014285854,0.0688018926559633));
#3536=CARTESIAN_POINT('',(0.00780144419640469,-0.0930355417677833,0.0688018926559633));
#3537=CARTESIAN_POINT('',(0.00782546936742221,-0.09299020433567,0.0688018926559633));
#3538=CARTESIAN_POINT('',(0.00785167473380025,-0.0929430565464044,0.0688018926559633));
#3539=CARTESIAN_POINT('',(0.00788014180319183,-0.0928941683880139,0.0688018926559633));
#3540=CARTESIAN_POINT('',(0.00791095013780399,-0.0928436123739995,0.0688018926559633));
#3541=CARTESIAN_POINT('',(0.00794417728574234,-0.0927914634930972,0.0688018926559633));
#3542=CARTESIAN_POINT('',(0.00797989871576921,-0.0927377991577056,0.0688018926559633));
#3543=CARTESIAN_POINT('',(0.00801818774496262,-0.0926826991491255,0.0688018926559633));
#3544=CARTESIAN_POINT('',(0.00805911549991231,-0.0926262455669105,0.0688018926559633));
#3545=CARTESIAN_POINT('',(0.00810275075551147,-0.0925685227544344,0.0688018926559633));
#3546=CARTESIAN_POINT('',(0.00814916025005537,-0.0925096173078966,0.0688018926559633));
#3547=CARTESIAN_POINT('',(0.00819840718123135,-0.0924496177578131,0.0688018926559633));
#3548=CARTESIAN_POINT('',(0.00825055667609445,-0.0923886154973666,0.0688018926559633));
#3549=CARTESIAN_POINT('',(0.00830565458153927,-0.0923267009322105,0.0688018926559633));
#3550=CARTESIAN_POINT('',(0.0083638082714052,-0.0922639778939449,0.0688018926559633));
#3551=CARTESIAN_POINT('',(0.00841679160474833,-0.0922089121647115,0.0688018926559633));
#3552=CARTESIAN_POINT('',(0.00845091863012605,-0.092174867686228,0.0688018926559633));
#3553=CARTESIAN_POINT('',(0.00846401681714371,-0.0921618795747562,0.0688018926559633));
#3554=CARTESIAN_POINT('',(0.00759709139864578,-0.0939072390179191,0.0688018926559633));
#3555=CARTESIAN_POINT('',(0.00718676371451002,-0.0938673484527641,0.0688018926559633));
#3556=CARTESIAN_POINT('',(0.007174269016055,-0.0942794211988504,0.0688018926559633));
#3557=CARTESIAN_POINT('',(0.007,-0.100026779749528,0.0688018926559633));
#3558=CARTESIAN_POINT('',(0.00682573098394501,-0.0942794211988504,0.0688018926559633));
#3559=CARTESIAN_POINT('',(0.00681323628548999,-0.0938673484527639,0.0688018926559633));
#3560=CARTESIAN_POINT('',(0.00640290860135419,-0.093907239017919,0.0688018926559633));
#3561=CARTESIAN_POINT('',(0.00644143395707769,-0.0943039741460064,0.0688018926559633));
#3562=CARTESIAN_POINT('',(0.00640296889204939,-0.0939076594573307,0.0688018926559633));
#3563=CARTESIAN_POINT('',(0.00636185007476159,-0.0934840025296708,0.0688018926559633));
#3564=CARTESIAN_POINT('',(0.00636042468558087,-0.093475295257381,0.0688018926559633));
#3565=CARTESIAN_POINT('',(0.00635935821181764,-0.0934678311132034,0.0688018926559633));
#3566=CARTESIAN_POINT('',(0.00635786082936903,-0.0934590905073237,0.0688018926559633));
#3567=CARTESIAN_POINT('',(0.00635564475002946,-0.0934473491849935,0.0688018926559633));
#3568=CARTESIAN_POINT('',(0.00635266998172752,-0.0934332220986382,0.0688018926559633));
#3569=CARTESIAN_POINT('',(0.00634881487873247,-0.0934165489162209,0.0688018926559633));
#3570=CARTESIAN_POINT('',(0.00634398460926854,-0.0933974182138136,0.0688018926559633));
#3571=CARTESIAN_POINT('',(0.00633807722302603,-0.0933758459839181,0.0688018926559633));
#3572=CARTESIAN_POINT('',(0.00633099413266786,-0.0933518738909341,0.0688018926559633));
#3573=CARTESIAN_POINT('',(0.00632263708378916,-0.0933255398468672,0.0688018926559633));
#3574=CARTESIAN_POINT('',(0.0063129091546368,-0.0932968866763978,0.0688018926559633));
#3575=CARTESIAN_POINT('',(0.00630171456738857,-0.093265959556527,0.0688018926559633));
#3576=CARTESIAN_POINT('',(0.00628895884426421,-0.0932328067206868,0.0688018926559633));
#3577=CARTESIAN_POINT('',(0.00627454886278706,-0.0931974792156445,0.0688018926559633));
#3578=CARTESIAN_POINT('',(0.00625839293879839,-0.093160030926864,0.0688018926559633));
#3579=CARTESIAN_POINT('',(0.00624040090036694,-0.0931205185243844,0.0688018926559633));
#3580=CARTESIAN_POINT('',(0.00622048416306482,-0.0930790014285854,0.0688018926559633));
#3581=CARTESIAN_POINT('',(0.0061985558035953,-0.0930355417677833,0.0688018926559633));
#3582=CARTESIAN_POINT('',(0.00617453063257778,-0.09299020433567,0.0688018926559633));
#3583=CARTESIAN_POINT('',(0.00614832526619974,-0.0929430565464044,0.0688018926559633));
#3584=CARTESIAN_POINT('',(0.00611985819680816,-0.0928941683880139,0.0688018926559633));
#3585=CARTESIAN_POINT('',(0.00608904986219599,-0.0928436123739995,0.0688018926559633));
#3586=CARTESIAN_POINT('',(0.00605582271425764,-0.0927914634930972,0.0688018926559633));
#3587=CARTESIAN_POINT('',(0.00602010128423078,-0.0927377991577056,0.0688018926559633));
#3588=CARTESIAN_POINT('',(0.00598181225503737,-0.0926826991491255,0.0688018926559633));
#3589=CARTESIAN_POINT('',(0.00594088450008767,-0.0926262455669105,0.0688018926559633));
#3590=CARTESIAN_POINT('',(0.00589724924448852,-0.0925685227544344,0.0688018926559633));
#3591=CARTESIAN_POINT('',(0.00585083974994462,-0.0925096173078966,0.0688018926559633));
#3592=CARTESIAN_POINT('',(0.00580159281876863,-0.0924496177578131,0.0688018926559633));
#3593=CARTESIAN_POINT('',(0.00574944332390553,-0.0923886154973666,0.0688018926559633));
#3594=CARTESIAN_POINT('',(0.00569434541846071,-0.0923267009322105,0.0688018926559633));
#3595=CARTESIAN_POINT('',(0.00563619172859478,-0.0922639778939449,0.0688018926559633));
#3596=CARTESIAN_POINT('',(0.00558320839525166,-0.0922089121647115,0.0688018926559633));
#3597=CARTESIAN_POINT('',(0.00554908136987393,-0.092174867686228,0.0688018926559633));
#3598=CARTESIAN_POINT('',(0.00553598318285628,-0.0921618795747562,0.0688018926559633));
#3599=CARTESIAN_POINT('',(0.00553598318285628,-0.0921618795747562,0.0688018926559633));
#3600=CARTESIAN_POINT('',(0.007,-0.100026779749528,0.0688018926559633));
#3601=CARTESIAN_POINT('',(0.00490658127871586,-0.092305536452145,0.0688018926559633));
#3602=CARTESIAN_POINT('',(0.00502021832184171,-0.0946283573404503,0.0688018926559633));
#3603=CARTESIAN_POINT('',(0.00488291964894423,-0.0942546007778212,0.0688018926559633));
#3604=CARTESIAN_POINT('',(0.00473614857132933,-0.0938550582891354,0.0688018926559633));
#3605=CARTESIAN_POINT('',(0.0047336548587472,-0.0938465948546906,0.0688018926559633));
#3606=CARTESIAN_POINT('',(0.00473137714762123,-0.093839407167537,0.0688018926559633));
#3607=CARTESIAN_POINT('',(0.00472893383582954,-0.093830882463857,0.0688018926559633));
#3608=CARTESIAN_POINT('',(0.00472583608548848,-0.0938193423771795,0.0688018926559633));
#3609=CARTESIAN_POINT('',(0.00472238674606705,-0.0938053236085853,0.0688018926559633));
#3610=CARTESIAN_POINT('',(0.00471862585111794,-0.0937886289237963,0.0688018926559633));
#3611=CARTESIAN_POINT('',(0.0047146772728361,-0.0937692969811302,0.0688018926559633));
#3612=CARTESIAN_POINT('',(0.00471063980416314,-0.0937472979547519,0.0688018926559633));
#3613=CARTESIAN_POINT('',(0.00470662034672605,-0.0937226266075458,0.0688018926559633));
#3614=CARTESIAN_POINT('',(0.00470272387408742,-0.09369527446606,0.0688018926559633));
#3615=CARTESIAN_POINT('',(0.00469905629066202,-0.0936652380612258,0.0688018926559633));
#3616=CARTESIAN_POINT('',(0.00469572349085204,-0.0936325165396753,0.0688018926559633));
#3617=CARTESIAN_POINT('',(0.00469283152389795,-0.0935971123658562,0.0688018926559633));
#3618=CARTESIAN_POINT('',(0.00469048643861449,-0.0935590311269885,0.0688018926559633));
#3619=CARTESIAN_POINT('',(0.00468879421960082,-0.093518281591932,0.0688018926559633));
#3620=CARTESIAN_POINT('',(0.00468786069716831,-0.0934748756944929,0.0688018926559633));
#3621=CARTESIAN_POINT('',(0.00468779146466512,-0.0934288285352406,0.0688018926559633));
#3622=CARTESIAN_POINT('',(0.00468869179374175,-0.0933801583752489,0.0688018926559633));
#3623=CARTESIAN_POINT('',(0.00469066655030727,-0.0933288866293302,0.0688018926559633));
#3624=CARTESIAN_POINT('',(0.00469382011048816,-0.0932750378566624,0.0688018926559633));
#3625=CARTESIAN_POINT('',(0.00469825627680934,-0.0932186397494341,0.0688018926559633));
#3626=CARTESIAN_POINT('',(0.00470407819477137,-0.0931597231193044,0.0688018926559633));
#3627=CARTESIAN_POINT('',(0.00471138826919632,-0.0930983218819277,0.0688018926559633));
#3628=CARTESIAN_POINT('',(0.00472028808307051,-0.0930344730387966,0.0688018926559633));
#3629=CARTESIAN_POINT('',(0.00473087830860784,-0.0929682166592911,0.0688018926559633));
#3630=CARTESIAN_POINT('',(0.00474325865031262,-0.0928995958518826,0.0688018926559633));
#3631=CARTESIAN_POINT('',(0.00475752766744093,-0.0928286567670172,0.0688018926559633));
#3632=CARTESIAN_POINT('',(0.00477378306180186,-0.0927554484685134,0.0688018926559633));
#3633=CARTESIAN_POINT('',(0.00479212018449556,-0.0926800232991613,0.0688018926559633));
#3634=CARTESIAN_POINT('',(0.00481263736698689,-0.0926024353438031,0.0688018926559633));
#3635=CARTESIAN_POINT('',(0.00483541514144356,-0.0925227461628958,0.0688018926559633));
#3636=CARTESIAN_POINT('',(0.0048605952991949,-0.0924410027177157,0.0688018926559633));
#3637=CARTESIAN_POINT('',(0.00488443950855774,-0.0923684016032063,0.0688018926559633));
#3638=CARTESIAN_POINT('',(0.00490041555035647,-0.0923229214265928,0.0688018926559633));
#3639=CARTESIAN_POINT('',(0.00490658127871586,-0.092305536452145,0.0688018926559633));
#3640=CARTESIAN_POINT('',(0.00488279154715963,-0.0942541958158482,0.0688018926559633));
#3641=CARTESIAN_POINT('',(0.00449579121054982,-0.0943962901683768,0.0688018926559633));
#3642=CARTESIAN_POINT('',(0.00466332554008841,-0.0947729761303964,0.0688018926559633));
#3643=CARTESIAN_POINT('',(0.007,-0.100026779749528,0.0688018926559633));
#3644=CARTESIAN_POINT('',(0.00434930362387734,-0.094924201114993,0.0688018926559633));
#3645=CARTESIAN_POINT('',(0.00415925462569509,-0.0945583576459428,0.0688018926559633));
#3646=CARTESIAN_POINT('',(0.00380687002421521,-0.0947723323131268,0.0688018926559633));
#3647=CARTESIAN_POINT('',(0.00401371709116083,-0.0951130627869448,0.0688018926559633));
#3648=CARTESIAN_POINT('',(0.00380710676607867,-0.0947726849567954,0.0688018926559633));
#3649=CARTESIAN_POINT('',(0.00358624213994121,-0.0944088240404955,0.0688018926559633));
#3650=CARTESIAN_POINT('',(0.00358117996480614,-0.0944015975124255,0.0688018926559633));
#3651=CARTESIAN_POINT('',(0.00357698053436197,-0.09439533527652,0.0688018926559633));
#3652=CARTESIAN_POINT('',(0.00357183903263117,-0.0943881099526315,0.0688018926559633));
#3653=CARTESIAN_POINT('',(0.00356474804530261,-0.094378492907534,0.0688018926559633));
#3654=CARTESIAN_POINT('',(0.00355593835862266,-0.0943670555461275,0.0688018926559633));
#3655=CARTESIAN_POINT('',(0.00354523080811135,-0.0943537061943428,0.0688018926559633));
#3656=CARTESIAN_POINT('',(0.00353257838500834,-0.0943385658024287,0.0688018926559633));
#3657=CARTESIAN_POINT('',(0.00351789617414503,-0.094321693013713,0.0688018926559633));
#3658=CARTESIAN_POINT('',(0.00350111342890543,-0.0943031681419651,0.0688018926559633));
#3659=CARTESIAN_POINT('',(0.00348215807453231,-0.0942830679757103,0.0688018926559633));
#3660=CARTESIAN_POINT('',(0.00346096136847603,-0.0942614731514251,0.0688018926559633));
#3661=CARTESIAN_POINT('',(0.00343745661946671,-0.0942384659286208,0.0688018926559633));
#3662=CARTESIAN_POINT('',(0.00341157963366736,-0.0942141307564904,0.0688018926559633));
#3663=CARTESIAN_POINT('',(0.00338326865898795,-0.0941885540309106,0.0688018926559633));
#3664=CARTESIAN_POINT('',(0.00335246447088232,-0.0941618240812722,0.0688018926559633));
#3665=CARTESIAN_POINT('',(0.00331911041545614,-0.0941340310896511,0.0688018926559633));
#3666=CARTESIAN_POINT('',(0.00328315246243416,-0.0941052670273021,0.0688018926559633));
#3667=CARTESIAN_POINT('',(0.00324453925309834,-0.0940756255845092,0.0688018926559633));
#3668=CARTESIAN_POINT('',(0.00320322214739824,-0.0940452021006585,0.0688018926559633));
#3669=CARTESIAN_POINT('',(0.00315915526902194,-0.0940140934926888,0.0688018926559633));
#3670=CARTESIAN_POINT('',(0.00311229554877867,-0.0939823981824792,0.0688018926559633));
#3671=CARTESIAN_POINT('',(0.00306260276602573,-0.0939502160231845,0.0688018926559633));
#3672=CARTESIAN_POINT('',(0.00301003958872738,-0.0939176482241832,0.0688018926559633));
#3673=CARTESIAN_POINT('',(0.00295457160985926,-0.0938847972763054,0.0688018926559633));
#3674=CARTESIAN_POINT('',(0.00289616738882566,-0.0938517668711072,0.0688018926559633));
#3675=CARTESIAN_POINT('',(0.00283479846444481,-0.0938186618384012,0.0688018926559633));
#3676=CARTESIAN_POINT('',(0.00277043946789751,-0.0937855880092492,0.0688018926559633));
#3677=CARTESIAN_POINT('',(0.00270306784274016,-0.093752652360792,0.0688018926559633));
#3678=CARTESIAN_POINT('',(0.00263266506177526,-0.0937199620767173,0.0688018926559633));
#3679=CARTESIAN_POINT('',(0.00255921210156962,-0.0936876277570076,0.0688018926559633));
#3680=CARTESIAN_POINT('',(0.00248270688104146,-0.0936557507465643,0.0688018926559633));
#3681=CARTESIAN_POINT('',(0.00240309771054709,-0.0936244711821892,0.0688018926559633));
#3682=CARTESIAN_POINT('',(0.00233146925219023,-0.0935978472812434,0.0688018926559633));
#3683=CARTESIAN_POINT('',(0.00228595051915006,-0.0935819814273817,0.0688018926559633));
#3684=CARTESIAN_POINT('',(0.00226851413005172,-0.0935759626336516,0.0688018926559633));
#3685=CARTESIAN_POINT('',(0.00226851413005172,-0.0935759626336516,0.0688018926559633));
#3686=CARTESIAN_POINT('',(0.007,-0.100026779749528,0.0688018926559633));
#3687=CARTESIAN_POINT('',(0.00176377299213412,-0.0939784802594151,0.0688018926559633));
#3688=CARTESIAN_POINT('',(0.00287399064254928,-0.0960219643003179,0.0688018926559633));
#3689=CARTESIAN_POINT('',(0.00258812191775107,-0.0957447929347875,0.0688018926559633));
#3690=CARTESIAN_POINT('',(0.00228253075718425,-0.0954484991750272,0.0688018926559633));
#3691=CARTESIAN_POINT('',(0.00227661185319953,-0.0954419558654163,0.0688018926559633));
#3692=CARTESIAN_POINT('',(0.00227144108580717,-0.0954364682448787,0.0688018926559633));
#3693=CARTESIAN_POINT('',(0.00226554100764074,-0.095429847865511,0.0688018926559633));
#3694=CARTESIAN_POINT('',(0.00225774297506551,-0.0954207946701824,0.0688018926559633));
#3695=CARTESIAN_POINT('',(0.00224855271189652,-0.0954096608083984,0.0688018926559633));
#3696=CARTESIAN_POINT('',(0.00223792071037228,-0.095396251208307,0.0688018926559633));
#3697=CARTESIAN_POINT('',(0.00222597534869952,-0.0953805469537179,0.0688018926559633));
#3698=CARTESIAN_POINT('',(0.00221279269529805,-0.0953624783078313,0.0688018926559633));
#3699=CARTESIAN_POINT('',(0.00219846679290651,-0.0953419941692914,0.0688018926559633));
#3700=CARTESIAN_POINT('',(0.00218308854294379,-0.0953190413574601,0.0688018926559633));
#3701=CARTESIAN_POINT('',(0.00216675185681793,-0.0952935707966109,0.0688018926559633));
#3702=CARTESIAN_POINT('',(0.00214955177182623,-0.0952655357720267,0.0688018926559633));
#3703=CARTESIAN_POINT('',(0.0021315849043166,-0.0952348924910574,0.0688018926559633));
#3704=CARTESIAN_POINT('',(0.00211294922517348,-0.0952015999747578,0.0688018926559633));
#3705=CARTESIAN_POINT('',(0.00209374402788685,-0.0951656201386034,0.0688018926559633));
#3706=CARTESIAN_POINT('',(0.00207406984015706,-0.095126917816531,0.0688018926559633));
#3707=CARTESIAN_POINT('',(0.0020540283501949,-0.0950854607984467,0.0688018926559633));
#3708=CARTESIAN_POINT('',(0.00203372232766317,-0.0950412198613521,0.0688018926559633));
#3709=CARTESIAN_POINT('',(0.00201325554502012,-0.0949941687997139,0.0688018926559633));
#3710=CARTESIAN_POINT('',(0.00199273269773413,-0.0949442844534826,0.0688018926559633));
#3711=CARTESIAN_POINT('',(0.001972259323839,-0.0948915467342305,0.0688018926559633));
#3712=CARTESIAN_POINT('',(0.00195194172289738,-0.0948359386491477,0.0688018926559633));
#3713=CARTESIAN_POINT('',(0.00193188687391689,-0.0947774463233959,0.0688018926559633));
#3714=CARTESIAN_POINT('',(0.00191220235435158,-0.094716059018962,0.0688018926559633));
#3715=CARTESIAN_POINT('',(0.00189299625218455,-0.0946517691570734,0.0688018926559633));
#3716=CARTESIAN_POINT('',(0.00187437710213488,-0.0945845723169576,0.0688018926559633));
#3717=CARTESIAN_POINT('',(0.00185645372695208,-0.0945144673154712,0.0688018926559633));
#3718=CARTESIAN_POINT('',(0.00183933544091752,-0.0944414559663611,0.0688018926559633));
#3719=CARTESIAN_POINT('',(0.00182313086308937,-0.0943655440575596,0.0688018926559633));
#3720=CARTESIAN_POINT('',(0.00180795205358978,-0.0942867376534021,0.0688018926559633));
#3721=CARTESIAN_POINT('',(0.00179389827947611,-0.0942050572763459,0.0688018926559633));
#3722=CARTESIAN_POINT('',(0.00178111766605585,-0.0941204837160868,0.0688018926559633));
#3723=CARTESIAN_POINT('',(0.00177110011334407,-0.0940447267574242,0.0688018926559633));
#3724=CARTESIAN_POINT('',(0.00176576092055223,-0.0939968187894368,0.0688018926559633));
#3725=CARTESIAN_POINT('',(0.00176377299213412,-0.0939784802594151,0.0688018926559633));
#3726=CARTESIAN_POINT('',(0.00258783079561619,-0.0957444836579384,0.0688018926559633));
#3727=CARTESIAN_POINT('',(0.00230080796944558,-0.0960404193989594,0.0688018926559633));
#3728=CARTESIAN_POINT('',(0.00261518909833893,-0.0963071113023843,0.0688018926559633));
#3729=CARTESIAN_POINT('',(0.007,-0.100026779749528,0.0688018926559633));
#3730=CARTESIAN_POINT('',(0.00239787918975843,-0.0965796093087253,0.0688018926559633));
#3731=CARTESIAN_POINT('',(0.00206791742673697,-0.0963324549025326,0.0688018926559633));
#3732=CARTESIAN_POINT('',(0.00184326999994962,-0.0966781333646827,0.0688018926559633));
#3733=CARTESIAN_POINT('',(0.00217747017969598,-0.0968953733351064,0.0688018926559633));
#3734=CARTESIAN_POINT('',(0.00184363630335182,-0.0966783483672046,0.0688018926559633));
#3735=CARTESIAN_POINT('',(0.00148677081629814,-0.0964463505791992,0.0688018926559633));
#3736=CARTESIAN_POINT('',(0.00147907448107772,-0.0964420360978608,0.0688018926559633));
#3737=CARTESIAN_POINT('',(0.00147257384265469,-0.0964382160828498,0.0688018926559633));
#3738=CARTESIAN_POINT('',(0.00146480655911586,-0.0964339371049614,0.0688018926559633));
#3739=CARTESIAN_POINT('',(0.00145424512080398,-0.0964283491108235,0.0688018926559633));
#3740=CARTESIAN_POINT('',(0.00144134538223671,-0.0964218667840624,0.0688018926559633));
#3741=CARTESIAN_POINT('',(0.00142590614590739,-0.0964144852657504,0.0688018926559633));
#3742=CARTESIAN_POINT('',(0.00140793753673264,-0.0964063339246328,0.0688018926559633));
#3743=CARTESIAN_POINT('',(0.0013873884931755,-0.0963975024398331,0.0688018926559633));
#3744=CARTESIAN_POINT('',(0.00136423012157602,-0.0963880938673636,0.0688018926559633));
#3745=CARTESIAN_POINT('',(0.00133843080211428,-0.09637820866336,0.0688018926559633));
#3746=CARTESIAN_POINT('',(0.00130996358674905,-0.096367949305052,0.0688018926559633));
#3747=CARTESIAN_POINT('',(0.00127880407978677,-0.0963574188419556,0.0688018926559633));
#3748=CARTESIAN_POINT('',(0.00124493108571039,-0.0963467212128268,0.0688018926559633));
#3749=CARTESIAN_POINT('',(0.00120832645357531,-0.0963359610508884,0.0688018926559633));
#3750=CARTESIAN_POINT('',(0.00116897514859561,-0.0963252436347394,0.0688018926559633));
#3751=CARTESIAN_POINT('',(0.0011268652559125,-0.096314674796826,0.0688018926559633));
#3752=CARTESIAN_POINT('',(0.00108198800076199,-0.0963043608432433,0.0688018926559633));
#3753=CARTESIAN_POINT('',(0.00103433776122878,-0.0962944084697331,0.0688018926559633));
#3754=CARTESIAN_POINT('',(0.000983912080351049,-0.0962849246782412,0.0688018926559633));
#3755=CARTESIAN_POINT('',(0.000930711675683718,-0.0962760166928978,0.0688018926559633));
#3756=CARTESIAN_POINT('',(0.000874740446879671,-0.0962677918757736,0.0688018926559633));
#3757=CARTESIAN_POINT('',(0.000816005481052179,-0.0962603576425352,0.0688018926559633));
#3758=CARTESIAN_POINT('',(0.000754517056302848,-0.0962538213774451,0.0688018926559633));
#3759=CARTESIAN_POINT('',(0.000690288642078429,-0.0962482903501987,0.0688018926559633));
#3760=CARTESIAN_POINT('',(0.000623336901461088,-0.0962438716252232,0.0688018926559633));
#3761=CARTESIAN_POINT('',(0.000553681675763182,-0.0962406719997602,0.0688018926559633));
#3762=CARTESIAN_POINT('',(0.000481346026845242,-0.0962387978314197,0.0688018926559633));
#3763=CARTESIAN_POINT('',(0.000406356047695608,-0.0962383552901493,0.0688018926559633));
#3764=CARTESIAN_POINT('',(0.000328741551145331,-0.0962394489837645,0.0688018926559633));
#3765=CARTESIAN_POINT('',(0.000248533385207292,-0.0962421868133645,0.0688018926559633));
#3766=CARTESIAN_POINT('',(0.000165773646796361,-0.096246660990498,0.0688018926559633));
#3767=CARTESIAN_POINT('',(8.04765682323738E-5,-0.0962530202013566,0.0688018926559633));
#3768=CARTESIAN_POINT('',(4.38987950475422E-6,-0.0962601113188015,0.0688018926559633));
#3769=CARTESIAN_POINT('',(-4.35050178686363E-5,-0.0962655665165007,0.0688018926559633));
#3770=CARTESIAN_POINT('',(-6.18261183434471E-5,-0.0962677091364263,0.0688018926559633));
#3771=CARTESIAN_POINT('',(-6.18261183434471E-5,-0.0962677091364263,0.0688018926559633));
#3772=CARTESIAN_POINT('',(0.007,-0.100026779749528,0.0688018926559633));
#3773=CARTESIAN_POINT('',(-0.000341936317429848,-0.0968493639582274,0.0688018926559633));
#3774=CARTESIAN_POINT('',(0.00154496971868394,-0.0982087740757398,0.0688018926559633));
#3775=CARTESIAN_POINT('',(0.00116715074888114,-0.0980830850955351,0.0688018926559633));
#3776=CARTESIAN_POINT('',(0.000763265582542291,-0.0979487246776254,0.0688018926559633));
#3777=CARTESIAN_POINT('',(0.000755093798679773,-0.0979453974755652,0.0688018926559633));
#3778=CARTESIAN_POINT('',(0.000748054108918345,-0.0979426968121923,0.0688018926559633));
#3779=CARTESIAN_POINT('',(0.000739865847217761,-0.0979392920044642,0.0688018926559633));
#3780=CARTESIAN_POINT('',(0.000728912028396478,-0.0979345187968497,0.0688018926559633));
#3781=CARTESIAN_POINT('',(0.000715801085811721,-0.09792847503975,0.0688018926559633));
#3782=CARTESIAN_POINT('',(0.000700403776007177,-0.0979210064601122,0.0688018926559633));
#3783=CARTESIAN_POINT('',(0.000682827556323012,-0.0979120403138216,0.0688018926559633));
#3784=CARTESIAN_POINT('',(0.000663110704373859,-0.0979014807653418,0.0688018926559633));
#3785=CARTESIAN_POINT('',(0.000641315777692178,-0.0978892409703275,0.0688018926559633));
#3786=CARTESIAN_POINT('',(0.000617501601412301,-0.0978752335740315,0.0688018926559633));
#3787=CARTESIAN_POINT('',(0.000591731493629566,-0.0978593736141195,0.0688018926559633));
#3788=CARTESIAN_POINT('',(0.000564070811233941,-0.0978415777669476,0.0688018926559633));
#3789=CARTESIAN_POINT('',(0.000534587601628209,-0.0978217646564392,0.0688018926559633));
#3790=CARTESIAN_POINT('',(0.000503352353431352,-0.0977998548538667,0.0688018926559633));
#3791=CARTESIAN_POINT('',(0.000470438002730653,-0.0977757709644286,0.0688018926559633));
#3792=CARTESIAN_POINT('',(0.000435919863871537,-0.0977494376872621,0.0688018926559633));
#3793=CARTESIAN_POINT('',(0.000399875579330175,-0.0977207818812143,0.0688018926559633));
#3794=CARTESIAN_POINT('',(0.000362385061989517,-0.097689732627188,0.0688018926559633));
#3795=CARTESIAN_POINT('',(0.000323530437448941,-0.0976562212896311,0.0688018926559633));
#3796=CARTESIAN_POINT('',(0.000283395984297289,-0.0976201815763988,0.0688018926559633));
#3797=CARTESIAN_POINT('',(0.000242068072975235,-0.0975815495972065,0.0688018926559633));
#3798=CARTESIAN_POINT('',(0.000199635103175472,-0.0975402639204096,0.0688018926559633));
#3799=CARTESIAN_POINT('',(0.000156187439586688,-0.0974962656287592,0.0688018926559633));
#3800=CARTESIAN_POINT('',(0.000111817347096588,-0.0974494983715315,0.0688018926559633));
#3801=CARTESIAN_POINT('',(6.66189213067853E-5,-0.0973999084228702,0.0688018926559633));
#3802=CARTESIAN_POINT('',(2.06880305188701E-5,-0.0973474447083471,0.0688018926559633));
#3803=CARTESIAN_POINT('',(-2.58777927043264E-5,-0.0972920589455656,0.0688018926559633));
#3804=CARTESIAN_POINT('',(-7.29792726432144E-5,-0.0972337053389658,0.0688018926559633));
#3805=CARTESIAN_POINT('',(-0.000120516035618232,-0.0971723419752515,0.0688018926559633));
#3806=CARTESIAN_POINT('',(-0.000168384487731446,-0.0971079256971353,0.0688018926559633));
#3807=CARTESIAN_POINT('',(-0.000216486288094036,-0.0970404319243503,0.0688018926559633));
#3808=CARTESIAN_POINT('',(-0.000264696315454102,-0.0969697790798482,0.0688018926559633));
#3809=CARTESIAN_POINT('',(-0.000306591531068726,-0.0969058708717936,0.0688018926559633));
#3810=CARTESIAN_POINT('',(-0.000332188465837755,-0.0968650238730449,0.0688018926559633));
#3811=CARTESIAN_POINT('',(-0.000341936317429848,-0.0968493639582274,0.0688018926559633));
#3812=CARTESIAN_POINT('',(0.00116675426670516,-0.098082932759883,0.0688018926559633));
#3813=CARTESIAN_POINT('',(0.00103655734180079,-0.0984740961864735,0.0688018926559633));
#3814=CARTESIAN_POINT('',(0.00143551823184006,-0.0985779724290687,0.0688018926559633));
#3815=CARTESIAN_POINT('',(0.007,-0.100026779749528,0.0688018926559633));
#3816=CARTESIAN_POINT('',(0.00135796122341565,-0.0989177718850296,0.0688018926559633));
#3817=CARTESIAN_POINT('',(0.000953439669436812,-0.0988382585029906,0.0688018926559633));
#3818=CARTESIAN_POINT('',(0.000901023595337128,-0.0992471749012099,0.0688018926559633));
#3819=CARTESIAN_POINT('',(0.00129638444358925,-0.0992978973278236,0.0688018926559633));
#3820=CARTESIAN_POINT('',(0.00090144690939685,-0.0992472096786989,0.0688018926559633));
#3821=CARTESIAN_POINT('',(0.000479262147805887,-0.0991930250261687,0.0688018926559633));
#3822=CARTESIAN_POINT('',(0.000470456006079881,-0.0991924771275046,0.0688018926559633));
#3823=CARTESIAN_POINT('',(0.00046294169084278,-0.0991918559342104,0.0688018926559633));
#3824=CARTESIAN_POINT('',(0.000454087031260292,-0.099191370806371,0.0688018926559633));
#3825=CARTESIAN_POINT('',(0.000442146964350285,-0.099190918633964,0.0688018926559633));
#3826=CARTESIAN_POINT('',(0.000427712125323832,-0.099190675246164,0.0688018926559633));
#3827=CARTESIAN_POINT('',(0.000410599133281356,-0.0991907235615546,0.0688018926559633));
#3828=CARTESIAN_POINT('',(0.000390873241452455,-0.0991911757443115,0.0688018926559633));
#3829=CARTESIAN_POINT('',(0.000368527355295453,-0.0991921347473035,0.0688018926559633));
#3830=CARTESIAN_POINT('',(0.000343580156850182,-0.0991937059572785,0.0688018926559633));
#3831=CARTESIAN_POINT('',(0.000316046743927087,-0.0991959936014132,0.0688018926559633));
#3832=CARTESIAN_POINT('',(0.000285947300383463,-0.0991991017008179,0.0688018926559633));
#3833=CARTESIAN_POINT('',(0.000253304557968375,-0.0992031336847933,0.0688018926559633));
#3834=CARTESIAN_POINT('',(0.00021814451751681,-0.0992081923953128,0.0688018926559633));
#3835=CARTESIAN_POINT('',(0.000180496224246763,-0.0992143799790526,0.0688018926559633));
#3836=CARTESIAN_POINT('',(0.000140391810956306,-0.0992217978121017,0.0688018926559633));
#3837=CARTESIAN_POINT('',(9.7866461706092E-5,-0.099230546415863,0.0688018926559633));
#3838=CARTESIAN_POINT('',(5.29583951930646E-5,-0.0992407253760461,0.0688018926559633));
#3839=CARTESIAN_POINT('',(5.70883979383874E-6,-0.0992524332614501,0.0688018926559633));
#3840=CARTESIAN_POINT('',(-4.38379917332976E-5,-0.099265767543533,0.0688018926559633));
#3841=CARTESIAN_POINT('',(-9.56349300871712E-5,-0.0992808245165626,0.0688018926559633));
#3842=CARTESIAN_POINT('',(-0.000149631879145254,-0.099297699218426,0.0688018926559633));
#3843=CARTESIAN_POINT('',(-0.000205775847728088,-0.0993164853523116,0.0688018926559633));
#3844=CARTESIAN_POINT('',(-0.000264010983300756,-0.0993372752085958,0.0688018926559633));
#3845=CARTESIAN_POINT('',(-0.000324278607734541,-0.0993601595897605,0.0688018926559633));
#3846=CARTESIAN_POINT('',(-0.000386517254597138,-0.0993852277276813,0.0688018926559633));
#3847=CARTESIAN_POINT('',(-0.00045066270989734,-0.099412567234525,0.0688018926559633));
#3848=CARTESIAN_POINT('',(-0.000516648048779225,-0.099442263929021,0.0688018926559633));
#3849=CARTESIAN_POINT('',(-0.000584403696858804,-0.0994744021456634,0.0688018926559633));
#3850=CARTESIAN_POINT('',(-0.000653857406073349,-0.0995090631975347,0.0688018926559633));
#3851=CARTESIAN_POINT('',(-0.000724934566791124,-0.0995463309157149,0.0688018926559633));
#3852=CARTESIAN_POINT('',(-0.000797557241910968,-0.0995862701147718,0.0688018926559633));
#3853=CARTESIAN_POINT('',(-0.000871648096034974,-0.099629008581163,0.0688018926559633));
#3854=CARTESIAN_POINT('',(-0.000937123113288862,-0.0996684102342216,0.0688018926559633));
#3855=CARTESIAN_POINT('',(-0.000977908003178291,-0.0996941060146739,0.0688018926559633));
#3856=CARTESIAN_POINT('',(-0.000993485096386984,-0.0997039856761014,0.0688018926559633));
#3857=CARTESIAN_POINT('',(-0.000993485096386984,-0.0997039856761014,0.0688018926559633));
#3858=CARTESIAN_POINT('',(0.007,-0.100026779749528,0.0688018926559633));
#3859=CARTESIAN_POINT('',(-0.000993485096386984,-0.100349573822954,0.0688018926559633));
#3860=CARTESIAN_POINT('',(0.00129638444358923,-0.100755662171232,0.0688018926559633));
#3861=CARTESIAN_POINT('',(0.00090144690939685,-0.100806349820356,0.0688018926559633));
#3862=CARTESIAN_POINT('',(0.000479262147805873,-0.100860534472887,0.0688018926559633));
#3863=CARTESIAN_POINT('',(0.000470456006079881,-0.100861082371551,0.0688018926559633));
#3864=CARTESIAN_POINT('',(0.00046294169084278,-0.100861703564845,0.0688018926559633));
#3865=CARTESIAN_POINT('',(0.000454087031260292,-0.100862188692684,0.0688018926559633));
#3866=CARTESIAN_POINT('',(0.000442146964350285,-0.100862640865091,0.0688018926559633));
#3867=CARTESIAN_POINT('',(0.000427712125323832,-0.100862884252891,0.0688018926559633));
#3868=CARTESIAN_POINT('',(0.000410599133281356,-0.100862835937501,0.0688018926559633));
#3869=CARTESIAN_POINT('',(0.000390873241452455,-0.100862383754744,0.0688018926559633));
#3870=CARTESIAN_POINT('',(0.000368527355295453,-0.100861424751752,0.0688018926559633));
#3871=CARTESIAN_POINT('',(0.000343580156850182,-0.100859853541777,0.0688018926559633));
#3872=CARTESIAN_POINT('',(0.000316046743927087,-0.100857565897642,0.0688018926559633));
#3873=CARTESIAN_POINT('',(0.000285947300383463,-0.100854457798237,0.0688018926559633));
#3874=CARTESIAN_POINT('',(0.000253304557968375,-0.100850425814262,0.0688018926559633));
#3875=CARTESIAN_POINT('',(0.00021814451751681,-0.100845367103742,0.0688018926559633));
#3876=CARTESIAN_POINT('',(0.000180496224246763,-0.100839179520003,0.0688018926559633));
#3877=CARTESIAN_POINT('',(0.000140391810956306,-0.100831761686954,0.0688018926559633));
#3878=CARTESIAN_POINT('',(9.7866461706092E-5,-0.100823013083192,0.0688018926559633));
#3879=CARTESIAN_POINT('',(5.29583951930646E-5,-0.100812834123009,0.0688018926559633));
#3880=CARTESIAN_POINT('',(5.70883979383874E-6,-0.100801126237605,0.0688018926559633));
#3881=CARTESIAN_POINT('',(-4.38379917333115E-5,-0.100787791955522,0.0688018926559633));
#3882=CARTESIAN_POINT('',(-9.56349300871712E-5,-0.100772734982493,0.0688018926559633));
#3883=CARTESIAN_POINT('',(-0.000149631879145254,-0.100755860280629,0.0688018926559633));
#3884=CARTESIAN_POINT('',(-0.000205775847728088,-0.100737074146744,0.0688018926559633));
#3885=CARTESIAN_POINT('',(-0.000264010983300756,-0.10071628429046,0.0688018926559633));
#3886=CARTESIAN_POINT('',(-0.000324278607734541,-0.100693399909295,0.0688018926559633));
#3887=CARTESIAN_POINT('',(-0.000386517254597138,-0.100668331771374,0.0688018926559633));
#3888=CARTESIAN_POINT('',(-0.00045066270989734,-0.10064099226453,0.0688018926559633));
#3889=CARTESIAN_POINT('',(-0.000516648048779225,-0.100611295570034,0.0688018926559633));
#3890=CARTESIAN_POINT('',(-0.000584403696858818,-0.100579157353392,0.0688018926559633));
#3891=CARTESIAN_POINT('',(-0.000653857406073349,-0.100544496301521,0.0688018926559633));
#3892=CARTESIAN_POINT('',(-0.000724934566791138,-0.10050722858334,0.0688018926559633));
#3893=CARTESIAN_POINT('',(-0.000797557241910968,-0.100467289384284,0.0688018926559633));
#3894=CARTESIAN_POINT('',(-0.000871648096034974,-0.100424550917892,0.0688018926559633));
#3895=CARTESIAN_POINT('',(-0.000937123113288862,-0.100385149264834,0.0688018926559633));
#3896=CARTESIAN_POINT('',(-0.000977908003178291,-0.100359453484381,0.0688018926559633));
#3897=CARTESIAN_POINT('',(-0.000993485096386984,-0.100349573822954,0.0688018926559633));
#3898=CARTESIAN_POINT('',(0.00090102359533728,-0.100806384597845,0.0688018926559633));
#3899=CARTESIAN_POINT('',(0.000953439669436937,-0.101215300996065,0.0688018926559633));
#3900=CARTESIAN_POINT('',(0.00135796122341564,-0.101135787614026,0.0688018926559633));
#3901=CARTESIAN_POINT('',(0.007,-0.100026779749528,0.0688018926559633));
#3902=CARTESIAN_POINT('',(0.00143551823184004,-0.101475587069987,0.0688018926559633));
#3903=CARTESIAN_POINT('',(0.00103655734180065,-0.101579463312582,0.0688018926559633));
#3904=CARTESIAN_POINT('',(0.00116675426670501,-0.101970626739172,0.0688018926559633));
#3905=CARTESIAN_POINT('',(0.00154496971868394,-0.101844785423316,0.0688018926559633));
#3906=CARTESIAN_POINT('',(0.00116715074888113,-0.10197047440352,0.0688018926559633));
#3907=CARTESIAN_POINT('',(0.000763265582542277,-0.10210483482143,0.0688018926559633));
#3908=CARTESIAN_POINT('',(0.00075509379867976,-0.10210816202349,0.0688018926559633));
#3909=CARTESIAN_POINT('',(0.000748054108918331,-0.102110862686863,0.0688018926559633));
#3910=CARTESIAN_POINT('',(0.000739865847217761,-0.102114267494591,0.0688018926559633));
#3911=CARTESIAN_POINT('',(0.000728912028396478,-0.102119040702206,0.0688018926559633));
#3912=CARTESIAN_POINT('',(0.000715801085811721,-0.102125084459305,0.0688018926559633));
#3913=CARTESIAN_POINT('',(0.000700403776007164,-0.102132553038943,0.0688018926559633));
#3914=CARTESIAN_POINT('',(0.000682827556323012,-0.102141519185234,0.0688018926559633));
#3915=CARTESIAN_POINT('',(0.000663110704373859,-0.102152078733713,0.0688018926559633));
#3916=CARTESIAN_POINT('',(0.000641315777692178,-0.102164318528728,0.0688018926559633));
#3917=CARTESIAN_POINT('',(0.000617501601412288,-0.102178325925024,0.0688018926559633));
#3918=CARTESIAN_POINT('',(0.000591731493629566,-0.102194185884936,0.0688018926559633));
#3919=CARTESIAN_POINT('',(0.000564070811233927,-0.102211981732108,0.0688018926559633));
#3920=CARTESIAN_POINT('',(0.000534587601628209,-0.102231794842616,0.0688018926559633));
#3921=CARTESIAN_POINT('',(0.000503352353431338,-0.102253704645189,0.0688018926559633));
#3922=CARTESIAN_POINT('',(0.000470438002730653,-0.102277788534627,0.0688018926559633));
#3923=CARTESIAN_POINT('',(0.000435919863871537,-0.102304121811793,0.0688018926559633));
#3924=CARTESIAN_POINT('',(0.000399875579330161,-0.102332777617841,0.0688018926559633));
#3925=CARTESIAN_POINT('',(0.000362385061989517,-0.102363826871867,0.0688018926559633));
#3926=CARTESIAN_POINT('',(0.000323530437448941,-0.102397338209424,0.0688018926559633));
#3927=CARTESIAN_POINT('',(0.000283395984297289,-0.102433377922657,0.0688018926559633));
#3928=CARTESIAN_POINT('',(0.000242068072975235,-0.102472009901849,0.0688018926559633));
#3929=CARTESIAN_POINT('',(0.000199635103175458,-0.102513295578646,0.0688018926559633));
#3930=CARTESIAN_POINT('',(0.000156187439586688,-0.102557293870296,0.0688018926559633));
#3931=CARTESIAN_POINT('',(0.000111817347096574,-0.102604061127524,0.0688018926559633));
#3932=CARTESIAN_POINT('',(6.66189213067714E-5,-0.102653651076185,0.0688018926559633));
#3933=CARTESIAN_POINT('',(2.06880305188561E-5,-0.102706114790708,0.0688018926559633));
#3934=CARTESIAN_POINT('',(-2.58777927043402E-5,-0.10276150055349,0.0688018926559633));
#3935=CARTESIAN_POINT('',(-7.29792726432282E-5,-0.10281985416009,0.0688018926559633));
#3936=CARTESIAN_POINT('',(-0.000120516035618245,-0.102881217523804,0.0688018926559633));
#3937=CARTESIAN_POINT('',(-0.000168384487731446,-0.10294563380192,0.0688018926559633));
#3938=CARTESIAN_POINT('',(-0.00021648628809405,-0.103013127574705,0.0688018926559633));
#3939=CARTESIAN_POINT('',(-0.000264696315454102,-0.103083780419207,0.0688018926559633));
#3940=CARTESIAN_POINT('',(-0.000306591531068726,-0.103147688627262,0.0688018926559633));
#3941=CARTESIAN_POINT('',(-0.000332188465837755,-0.10318853562601,0.0688018926559633));
#3942=CARTESIAN_POINT('',(-0.000341936317429848,-0.103204195540828,0.0688018926559633));
#3943=CARTESIAN_POINT('',(-0.000341936317429848,-0.103204195540828,0.0688018926559633));
#3944=CARTESIAN_POINT('',(0.007,-0.100026779749528,0.0688018926559633));
#3945=CARTESIAN_POINT('',(-6.18261183434471E-5,-0.103785850362629,0.0688018926559633));
#3946=CARTESIAN_POINT('',(0.00217747017969598,-0.103158186163949,0.0688018926559633));
#3947=CARTESIAN_POINT('',(0.00184363630335181,-0.103375211131851,0.0688018926559633));
#3948=CARTESIAN_POINT('',(0.00148677081629812,-0.103607208919856,0.0688018926559633));
#3949=CARTESIAN_POINT('',(0.00147907448107772,-0.103611523401194,0.0688018926559633));
#3950=CARTESIAN_POINT('',(0.00147257384265469,-0.103615343416205,0.0688018926559633));
#3951=CARTESIAN_POINT('',(0.00146480655911586,-0.103619622394094,0.0688018926559633));
#3952=CARTESIAN_POINT('',(0.00145424512080398,-0.103625210388232,0.0688018926559633));
#3953=CARTESIAN_POINT('',(0.00144134538223668,-0.103631692714993,0.0688018926559633));
#3954=CARTESIAN_POINT('',(0.00142590614590739,-0.103639074233305,0.0688018926559633));
#3955=CARTESIAN_POINT('',(0.00140793753673264,-0.103647225574423,0.0688018926559633));
#3956=CARTESIAN_POINT('',(0.00138738849317549,-0.103656057059222,0.0688018926559633));
#3957=CARTESIAN_POINT('',(0.00136423012157602,-0.103665465631692,0.0688018926559633));
#3958=CARTESIAN_POINT('',(0.00133843080211428,-0.103675350835695,0.0688018926559633));
#3959=CARTESIAN_POINT('',(0.00130996358674904,-0.103685610194003,0.0688018926559633));
#3960=CARTESIAN_POINT('',(0.00127880407978675,-0.1036961406571,0.0688018926559633));
#3961=CARTESIAN_POINT('',(0.00124493108571037,-0.103706838286229,0.0688018926559633));
#3962=CARTESIAN_POINT('',(0.00120832645357531,-0.103717598448167,0.0688018926559633));
#3963=CARTESIAN_POINT('',(0.0011689751485956,-0.103728315864316,0.0688018926559633));
#3964=CARTESIAN_POINT('',(0.00112686525591249,-0.103738884702229,0.0688018926559633));
#3965=CARTESIAN_POINT('',(0.00108198800076199,-0.103749198655812,0.0688018926559633));
#3966=CARTESIAN_POINT('',(0.00103433776122878,-0.103759151029322,0.0688018926559633));
#3967=CARTESIAN_POINT('',(0.000983912080351049,-0.103768634820814,0.0688018926559633));
#3968=CARTESIAN_POINT('',(0.000930711675683704,-0.103777542806157,0.0688018926559633));
#3969=CARTESIAN_POINT('',(0.000874740446879671,-0.103785767623282,0.0688018926559633));
#3970=CARTESIAN_POINT('',(0.000816005481052165,-0.10379320185652,0.0688018926559633));
#3971=CARTESIAN_POINT('',(0.000754517056302848,-0.10379973812161,0.0688018926559633));
#3972=CARTESIAN_POINT('',(0.000690288642078415,-0.103805269148857,0.0688018926559633));
#3973=CARTESIAN_POINT('',(0.000623336901461075,-0.103809687873832,0.0688018926559633));
#3974=CARTESIAN_POINT('',(0.000553681675763182,-0.103812887499295,0.0688018926559633));
#3975=CARTESIAN_POINT('',(0.000481346026845228,-0.103814761667636,0.0688018926559633));
#3976=CARTESIAN_POINT('',(0.000406356047695608,-0.103815204208906,0.0688018926559633));
#3977=CARTESIAN_POINT('',(0.000328741551145317,-0.103814110515291,0.0688018926559633));
#3978=CARTESIAN_POINT('',(0.000248533385207292,-0.103811372685691,0.0688018926559633));
#3979=CARTESIAN_POINT('',(0.000165773646796361,-0.103806898508557,0.0688018926559633));
#3980=CARTESIAN_POINT('',(8.04765682323599E-5,-0.103800539297699,0.0688018926559633));
#3981=CARTESIAN_POINT('',(4.38987950475422E-6,-0.103793448180254,0.0688018926559633));
#3982=CARTESIAN_POINT('',(-4.35050178686363E-5,-0.103787992982555,0.0688018926559633));
#3983=CARTESIAN_POINT('',(-6.18261183434471E-5,-0.103785850362629,0.0688018926559633));
#3984=CARTESIAN_POINT('',(0.00184326999994974,-0.103375426134373,0.0688018926559633));
#3985=CARTESIAN_POINT('',(0.00206791742673705,-0.103721104596523,0.0688018926559633));
#3986=CARTESIAN_POINT('',(0.00239787918975841,-0.10347395019033,0.0688018926559633));
#3987=CARTESIAN_POINT('',(0.007,-0.100026779749528,0.0688018926559633));
#3988=CARTESIAN_POINT('',(0.0026151890983389,-0.103746448196671,0.0688018926559633));
#3989=CARTESIAN_POINT('',(0.00230080796944544,-0.104013140100096,0.0688018926559633));
#3990=CARTESIAN_POINT('',(0.00258783079561607,-0.104309075841117,0.0688018926559633));
#3991=CARTESIAN_POINT('',(0.00287399064254927,-0.104031595198737,0.0688018926559633));
#3992=CARTESIAN_POINT('',(0.00258812191775107,-0.104308766564268,0.0688018926559633));
#3993=CARTESIAN_POINT('',(0.00228253075718425,-0.104605060324028,0.0688018926559633));
#3994=CARTESIAN_POINT('',(0.00227661185319953,-0.104611603633639,0.0688018926559633));
#3995=CARTESIAN_POINT('',(0.00227144108580717,-0.104617091254177,0.0688018926559633));
#3996=CARTESIAN_POINT('',(0.00226554100764073,-0.104623711633544,0.0688018926559633));
#3997=CARTESIAN_POINT('',(0.0022577429750655,-0.104632764828873,0.0688018926559633));
#3998=CARTESIAN_POINT('',(0.00224855271189652,-0.104643898690657,0.0688018926559633));
#3999=CARTESIAN_POINT('',(0.00223792071037228,-0.104657308290748,0.0688018926559633));
#4000=CARTESIAN_POINT('',(0.00222597534869952,-0.104673012545337,0.0688018926559633));
#4001=CARTESIAN_POINT('',(0.00221279269529805,-0.104691081191224,0.0688018926559633));
#4002=CARTESIAN_POINT('',(0.00219846679290651,-0.104711565329764,0.0688018926559633));
#4003=CARTESIAN_POINT('',(0.00218308854294378,-0.104734518141595,0.0688018926559633));
#4004=CARTESIAN_POINT('',(0.00216675185681793,-0.104759988702444,0.0688018926559633));
#4005=CARTESIAN_POINT('',(0.00214955177182623,-0.104788023727029,0.0688018926559633));
#4006=CARTESIAN_POINT('',(0.0021315849043166,-0.104818667007998,0.0688018926559633));
#4007=CARTESIAN_POINT('',(0.00211294922517348,-0.104851959524298,0.0688018926559633));
#4008=CARTESIAN_POINT('',(0.00209374402788685,-0.104887939360452,0.0688018926559633));
#4009=CARTESIAN_POINT('',(0.00207406984015706,-0.104926641682524,0.0688018926559633));
#4010=CARTESIAN_POINT('',(0.0020540283501949,-0.104968098700609,0.0688018926559633));
#4011=CARTESIAN_POINT('',(0.00203372232766317,-0.105012339637703,0.0688018926559633));
#4012=CARTESIAN_POINT('',(0.0020132555450201,-0.105059390699341,0.0688018926559633));
#4013=CARTESIAN_POINT('',(0.00199273269773413,-0.105109275045573,0.0688018926559633));
#4014=CARTESIAN_POINT('',(0.001972259323839,-0.105162012764825,0.0688018926559633));
#4015=CARTESIAN_POINT('',(0.00195194172289738,-0.105217620849908,0.0688018926559633));
#4016=CARTESIAN_POINT('',(0.00193188687391689,-0.105276113175659,0.0688018926559633));
#4017=CARTESIAN_POINT('',(0.00191220235435158,-0.105337500480093,0.0688018926559633));
#4018=CARTESIAN_POINT('',(0.00189299625218455,-0.105401790341982,0.0688018926559633));
#4019=CARTESIAN_POINT('',(0.00187437710213488,-0.105468987182098,0.0688018926559633));
#4020=CARTESIAN_POINT('',(0.00185645372695206,-0.105539092183584,0.0688018926559633));
#4021=CARTESIAN_POINT('',(0.00183933544091752,-0.105612103532694,0.0688018926559633));
#4022=CARTESIAN_POINT('',(0.00182313086308937,-0.105688015441496,0.0688018926559633));
#4023=CARTESIAN_POINT('',(0.00180795205358978,-0.105766821845653,0.0688018926559633));
#4024=CARTESIAN_POINT('',(0.00179389827947611,-0.105848502222709,0.0688018926559633));
#4025=CARTESIAN_POINT('',(0.00178111766605585,-0.105933075782968,0.0688018926559633));
#4026=CARTESIAN_POINT('',(0.00177110011334407,-0.106008832741631,0.0688018926559633));
#4027=CARTESIAN_POINT('',(0.00176576092055223,-0.106056740709618,0.0688018926559633));
#4028=CARTESIAN_POINT('',(0.00176377299213412,-0.10607507923964,0.0688018926559633));
#4029=CARTESIAN_POINT('',(0.00176377299213412,-0.10607507923964,0.0688018926559633));
#4030=CARTESIAN_POINT('',(0.007,-0.100026779749528,0.0688018926559633));
#4031=CARTESIAN_POINT('',(0.007,-0.114026779749528,0.0688018926559633));
#4032=CARTESIAN_POINT('',(0.007,-0.114526779749528,0.0688018926559633));
#4033=CARTESIAN_POINT('',(0.007,-0.110026779749528,0.0688018926559633));
#4034=CARTESIAN_POINT('',(0.007,-0.110526779749528,0.0688018926559633));
#4035=CARTESIAN_POINT('',(0.007,-0.106026779749528,0.0688018926559633));
#4036=CARTESIAN_POINT('',(0.007,-0.106526779749528,0.0688018926559633));
#4037=CARTESIAN_POINT('',(0.007,-0.100026779749528,0.0688018926559633));
#4038=CARTESIAN_POINT('',(0.007,-0.103876779749528,0.0688018926559633));
#4039=CARTESIAN_POINT('',(0.007,-0.106301779749528,0.0667018926559633));
#4040=CARTESIAN_POINT('',(0.007,-0.114026779749528,0.0667018926559633));
#4041=CARTESIAN_POINT('',(0.007,-0.114526779749528,0.0667018926559633));
#4042=CARTESIAN_POINT('',(0.007,-0.110026779749528,0.0667018926559633));
#4043=CARTESIAN_POINT('',(0.007,-0.110526779749528,0.0667018926559633));
#4044=CARTESIAN_POINT('',(0.007,-0.106026779749528,0.0667018926559633));
#4045=CARTESIAN_POINT('',(0.007,-0.106526779749528,0.0667018926559633));
#4046=CARTESIAN_POINT('',(0.007,-0.100026779749528,0.0667018926559633));
#4047=CARTESIAN_POINT('',(0.0100411424995407,-0.102387701666383,0.0667018926559633));
#4048=CARTESIAN_POINT('',(0.00395885750045933,-0.102387701666383,0.0667018926559633));
#4049=CARTESIAN_POINT('',(0.00972055747629703,-0.108212990155424,0.0667018926559633));
#4050=CARTESIAN_POINT('',(0.00939997245305341,-0.114038278644465,0.0667018926559633));
#4051=CARTESIAN_POINT('',(0.00699999999998731,-0.114026779749528,0.0667018926559633));
#4052=CARTESIAN_POINT('',(0.00460002754694658,-0.114038278644465,0.0667018926559633));
#4053=CARTESIAN_POINT('',(0.00427944252370295,-0.108212990155424,0.0667018926559633));
#4054=CARTESIAN_POINT('',(0.00300000000575796,-0.106141721759236,0.0688018926559633));
#4055=CARTESIAN_POINT('',(0.00300000000575796,-0.106141721759236,0.0648018926559632));
#4056=CARTESIAN_POINT('',(0.00279130513304443,-0.106267095965236,0.0688018926559633));
#4057=CARTESIAN_POINT('',(0.00279130513304443,-0.106267095965236,0.0648018926559632));
#4058=CARTESIAN_POINT('',(0.00254383413514029,-0.106382560312189,0.0688018926559633));
#4059=CARTESIAN_POINT('',(0.00254383413514029,-0.106382560312189,0.0648018926559633));
#4060=CARTESIAN_POINT('',(0.00226851413005175,-0.106477596865404,0.0688018926559633));
#4061=CARTESIAN_POINT('',(0.00226851413005175,-0.106477596865404,0.0648018926559633));
#4062=CARTESIAN_POINT('',(0.00401371709116085,-0.104940496712111,0.0648018926559633));
#4063=CARTESIAN_POINT('',(0.00380710676607869,-0.10528087454226,0.0648018926559633));
#4064=CARTESIAN_POINT('',(0.00358624213994124,-0.10564473545856,0.0648018926559633));
#4065=CARTESIAN_POINT('',(0.00358117996480617,-0.10565196198663,0.0648018926559633));
#4066=CARTESIAN_POINT('',(0.003576980534362,-0.105658224222535,0.0648018926559633));
#4067=CARTESIAN_POINT('',(0.0035718390326312,-0.105665449546424,0.0648018926559633));
#4068=CARTESIAN_POINT('',(0.00356474804530263,-0.105675066591521,0.0648018926559633));
#4069=CARTESIAN_POINT('',(0.00355593835862268,-0.105686503952928,0.0648018926559633));
#4070=CARTESIAN_POINT('',(0.00354523080811138,-0.105699853304712,0.0648018926559633));
#4071=CARTESIAN_POINT('',(0.00353257838500836,-0.105714993696627,0.0648018926559633));
#4072=CARTESIAN_POINT('',(0.00351789617414505,-0.105731866485342,0.0648018926559633));
#4073=CARTESIAN_POINT('',(0.00350111342890546,-0.10575039135709,0.0648018926559633));
#4074=CARTESIAN_POINT('',(0.00348215807453234,-0.105770491523345,0.0648018926559633));
#4075=CARTESIAN_POINT('',(0.00346096136847606,-0.10579208634763,0.0648018926559633));
#4076=CARTESIAN_POINT('',(0.00343745661946674,-0.105815093570434,0.0648018926559633));
#4077=CARTESIAN_POINT('',(0.00341157963366738,-0.105839428742565,0.0648018926559633));
#4078=CARTESIAN_POINT('',(0.00338326865898798,-0.105865005468145,0.0648018926559633));
#4079=CARTESIAN_POINT('',(0.00335246447088235,-0.105891735417783,0.0648018926559633));
#4080=CARTESIAN_POINT('',(0.00331911041545617,-0.105919528409404,0.0648018926559633));
#4081=CARTESIAN_POINT('',(0.00328315246243418,-0.105948292471753,0.0648018926559633));
#4082=CARTESIAN_POINT('',(0.00324453925309836,-0.105977933914546,0.0648018926559633));
#4083=CARTESIAN_POINT('',(0.00320322214739826,-0.106008357398397,0.0648018926559633));
#4084=CARTESIAN_POINT('',(0.00315915526902196,-0.106039466006367,0.0648018926559633));
#4085=CARTESIAN_POINT('',(0.00311229554877869,-0.106071161316576,0.0648018926559633));
#4086=CARTESIAN_POINT('',(0.00306260276602576,-0.106103343475871,0.0648018926559633));
#4087=CARTESIAN_POINT('',(0.00301003958872742,-0.106135911274872,0.0648018926559633));
#4088=CARTESIAN_POINT('',(0.00295457160985929,-0.10616876222275,0.0648018926559633));
#4089=CARTESIAN_POINT('',(0.00289616738882569,-0.106201792627948,0.0648018926559633));
#4090=CARTESIAN_POINT('',(0.00283479846444484,-0.106234897660654,0.0648018926559633));
#4091=CARTESIAN_POINT('',(0.00277043946789754,-0.106267971489806,0.0648018926559633));
#4092=CARTESIAN_POINT('',(0.00270306784274018,-0.106300907138263,0.0648018926559633));
#4093=CARTESIAN_POINT('',(0.00263266506177529,-0.106333597422338,0.0648018926559633));
#4094=CARTESIAN_POINT('',(0.00255921210156965,-0.106365931742048,0.0648018926559633));
#4095=CARTESIAN_POINT('',(0.00248270688104149,-0.106397808752491,0.0648018926559633));
#4096=CARTESIAN_POINT('',(0.00240309771054711,-0.106429088316866,0.0648018926559633));
#4097=CARTESIAN_POINT('',(0.00233146925219026,-0.106455712217812,0.0648018926559633));
#4098=CARTESIAN_POINT('',(0.0022859505191501,-0.106471578071674,0.0648018926559633));
#4099=CARTESIAN_POINT('',(0.00226851413005175,-0.106477596865404,0.0648018926559633));
#4100=CARTESIAN_POINT('',(0.00300000000577225,-0.106141721759228,0.0648018926559633));
#4101=CARTESIAN_POINT('',(0.00226851413005175,-0.106477596865404,0.0648018926559633));
#4102=CARTESIAN_POINT('',(0.003,-0.106141721762695,0.0688018926559633));
#4103=CARTESIAN_POINT('',(0.00226851413005175,-0.106477596865404,0.0688018926559633));
#4104=CARTESIAN_POINT('',(0.007,-0.100026779749528,0.0688018926559633));
#4105=CARTESIAN_POINT('',(0.0122362270078659,-0.0939784802594151,0.0688018926559633));
#4106=CARTESIAN_POINT('',(0.0122362270078659,-0.0939784802594151,0.0648018926559633));
#4107=CARTESIAN_POINT('',(0.007,-0.100026779749528,0.0648018926559633));
#4108=CARTESIAN_POINT('',(0.0117314858699483,-0.0935759626336516,0.0648018926559633));
#4109=CARTESIAN_POINT('',(0.0117314858699483,-0.0935759626336516,0.0688018926559633));
#4110=CARTESIAN_POINT('',(0.007,-0.100026779749528,0.0688018926559633));
#4111=CARTESIAN_POINT('',(0.00909341872128412,-0.092305536452145,0.0688018926559633));
#4112=CARTESIAN_POINT('',(0.00909341872128412,-0.092305536452145,0.0648018926559633));
#4113=CARTESIAN_POINT('',(0.007,-0.100026779749528,0.0648018926559633));
#4114=CARTESIAN_POINT('',(0.00846401681714371,-0.0921618795747562,0.0648018926559633));
#4115=CARTESIAN_POINT('',(0.00846401681714371,-0.0921618795747562,0.0688018926559633));
#4116=CARTESIAN_POINT('',(0.007,-0.100026779749528,0.0688018926559633));
#4117=CARTESIAN_POINT('',(0.0140618261183434,-0.0962677091364263,0.0688018926559633));
#4118=CARTESIAN_POINT('',(0.0140618261183434,-0.0962677091364263,0.0648018926559633));
#4119=CARTESIAN_POINT('',(0.0143419363174298,-0.0968493639582274,0.0688018926559633));
#4120=CARTESIAN_POINT('',(0.0143419363174298,-0.0968493639582274,0.0648018926559633));
#4121=CARTESIAN_POINT('',(0.007,-0.100026779749528,0.0648018926559633));
#4122=CARTESIAN_POINT('',(0.007,-0.100026779749528,0.0688018926559633));
#4123=CARTESIAN_POINT('',(0.014993485096387,-0.0997039856761014,0.0688018926559633));
#4124=CARTESIAN_POINT('',(0.014993485096387,-0.0997039856761014,0.0648018926559633));
#4125=CARTESIAN_POINT('',(0.014993485096387,-0.100349573822954,0.0688018926559633));
#4126=CARTESIAN_POINT('',(0.014993485096387,-0.100349573822954,0.0648018926559633));
#4127=CARTESIAN_POINT('',(0.007,-0.100026779749528,0.0648018926559633));
#4128=CARTESIAN_POINT('',(0.007,-0.100026779749528,0.0688018926559633));
#4129=CARTESIAN_POINT('',(0.0117314858699483,-0.106477596865404,0.0688018926559633));
#4130=CARTESIAN_POINT('',(0.0117314858699483,-0.106477596865404,0.0648018926559633));
#4131=CARTESIAN_POINT('',(0.007,-0.100026779749528,0.0648018926559633));
#4132=CARTESIAN_POINT('',(0.0122362270078658,-0.10607507923964,0.0648018926559633));
#4133=CARTESIAN_POINT('',(0.0122362270078658,-0.10607507923964,0.0688018926559633));
#4134=CARTESIAN_POINT('',(0.007,-0.100026779749528,0.0688018926559633));
#4135=CARTESIAN_POINT('',(0.0143419363174298,-0.103204195540828,0.0688018926559633));
#4136=CARTESIAN_POINT('',(0.0143419363174298,-0.103204195540828,0.0648018926559633));
#4137=CARTESIAN_POINT('',(0.0140618261183434,-0.103785850362629,0.0688018926559633));
#4138=CARTESIAN_POINT('',(0.0140618261183434,-0.103785850362629,0.0648018926559633));
#4139=CARTESIAN_POINT('',(0.007,-0.100026779749528,0.0648018926559633));
#4140=CARTESIAN_POINT('',(0.007,-0.100026779749528,0.0688018926559633));
#4141=CARTESIAN_POINT('',(0.00226851413005172,-0.0935759626336516,0.0688018926559633));
#4142=CARTESIAN_POINT('',(0.00226851413005172,-0.0935759626336516,0.0648018926559633));
#4143=CARTESIAN_POINT('',(0.007,-0.100026779749528,0.0648018926559633));
#4144=CARTESIAN_POINT('',(0.00176377299213414,-0.0939784802594151,0.0648018926559633));
#4145=CARTESIAN_POINT('',(0.00176377299213412,-0.0939784802594151,0.0688018926559633));
#4146=CARTESIAN_POINT('',(0.007,-0.100026779749528,0.0688018926559633));
#4147=CARTESIAN_POINT('',(-6.18261183434471E-5,-0.0962677091364263,0.0688018926559633));
#4148=CARTESIAN_POINT('',(-6.18261183434471E-5,-0.0962677091364263,0.0648018926559633));
#4149=CARTESIAN_POINT('',(0.007,-0.100026779749528,0.0648018926559633));
#4150=CARTESIAN_POINT('',(-0.000341936317429848,-0.0968493639582274,0.0648018926559633));
#4151=CARTESIAN_POINT('',(-0.000341936317429848,-0.0968493639582274,0.0688018926559633));
#4152=CARTESIAN_POINT('',(0.007,-0.100026779749528,0.0688018926559633));
#4153=CARTESIAN_POINT('',(-0.000993485096386984,-0.0997039856761014,0.0688018926559633));
#4154=CARTESIAN_POINT('',(-0.000993485096386984,-0.0997039856761014,0.0648018926559633));
#4155=CARTESIAN_POINT('',(0.007,-0.100026779749528,0.0648018926559633));
#4156=CARTESIAN_POINT('',(-0.000993485096386984,-0.100349573822954,0.0648018926559633));
#4157=CARTESIAN_POINT('',(-0.000993485096386984,-0.100349573822954,0.0688018926559633));
#4158=CARTESIAN_POINT('',(0.007,-0.100026779749528,0.0688018926559633));
#4159=CARTESIAN_POINT('',(-0.000341936317429848,-0.103204195540828,0.0688018926559633));
#4160=CARTESIAN_POINT('',(-0.000341936317429848,-0.103204195540828,0.0648018926559633));
#4161=CARTESIAN_POINT('',(0.007,-0.100026779749528,0.0648018926559633));
#4162=CARTESIAN_POINT('',(-6.18261183434471E-5,-0.103785850362629,0.0648018926559633));
#4163=CARTESIAN_POINT('',(-6.18261183434471E-5,-0.103785850362629,0.0688018926559633));
#4164=CARTESIAN_POINT('',(0.007,-0.100026779749528,0.0688018926559633));
#4165=CARTESIAN_POINT('',(0.00176377299213412,-0.10607507923964,0.0688018926559633));
#4166=CARTESIAN_POINT('',(0.00176377299213412,-0.10607507923964,0.0648018926559633));
#4167=CARTESIAN_POINT('',(0.007,-0.100026779749528,0.0648018926559633));
#4168=CARTESIAN_POINT('',(0.007,-0.100026779749528,0.0688018926559633));
#4169=CARTESIAN_POINT('',(0.00490658127871586,-0.092305536452145,0.0688018926559633));
#4170=CARTESIAN_POINT('',(0.00490658127871586,-0.092305536452145,0.0648018926559633));
#4171=CARTESIAN_POINT('',(0.00553598318285628,-0.0921618795747562,0.0688018926559633));
#4172=CARTESIAN_POINT('',(0.00553598318285628,-0.0921618795747562,0.0648018926559633));
#4173=CARTESIAN_POINT('',(0.007,-0.100026779749528,0.0648018926559633));
#4174=CARTESIAN_POINT('',(0.007,-0.100026779749528,0.0648018926559633));
#4175=CARTESIAN_POINT('',(0.007,-0.100026779749528,0.0648018926559633));
#4176=CARTESIAN_POINT('',(0.0100411424995407,-0.102387701666383,0.0648018926559633));
#4177=CARTESIAN_POINT('',(0.00395885750045933,-0.102387701666383,0.0648018926559633));
#4178=CARTESIAN_POINT('',(0.00427944252370295,-0.108212990155424,0.0648018926559633));
#4179=CARTESIAN_POINT('',(0.00460002754694658,-0.114038278644465,0.0648018926559633));
#4180=CARTESIAN_POINT('',(0.00699999999998731,-0.114026779749528,0.0648018926559633));
#4181=CARTESIAN_POINT('',(0.00939997245304072,-0.114038278644465,0.0648018926559633));
#4182=CARTESIAN_POINT('',(0.00972055747629703,-0.108212990155424,0.0648018926559633));
#4183=CARTESIAN_POINT('',(0.00998628290883917,-0.104940496712111,0.0648018926559633));
#4184=CARTESIAN_POINT('',(0.0101928932339213,-0.10528087454226,0.0648018926559633));
#4185=CARTESIAN_POINT('',(0.0104137578600588,-0.10564473545856,0.0648018926559633));
#4186=CARTESIAN_POINT('',(0.0104188200351939,-0.10565196198663,0.0648018926559633));
#4187=CARTESIAN_POINT('',(0.010423019465638,-0.105658224222535,0.0648018926559633));
#4188=CARTESIAN_POINT('',(0.0104281609673688,-0.105665449546424,0.0648018926559633));
#4189=CARTESIAN_POINT('',(0.0104352519546974,-0.105675066591521,0.0648018926559633));
#4190=CARTESIAN_POINT('',(0.0104440616413773,-0.105686503952928,0.0648018926559633));
#4191=CARTESIAN_POINT('',(0.0104547691918886,-0.105699853304712,0.0648018926559633));
#4192=CARTESIAN_POINT('',(0.0104674216149917,-0.105714993696627,0.0648018926559633));
#4193=CARTESIAN_POINT('',(0.010482103825855,-0.105731866485342,0.0648018926559633));
#4194=CARTESIAN_POINT('',(0.0104988865710946,-0.10575039135709,0.0648018926559633));
#4195=CARTESIAN_POINT('',(0.0105178419254677,-0.105770491523345,0.0648018926559633));
#4196=CARTESIAN_POINT('',(0.010539038631524,-0.10579208634763,0.0648018926559633));
#4197=CARTESIAN_POINT('',(0.0105625433805333,-0.105815093570434,0.0648018926559633));
#4198=CARTESIAN_POINT('',(0.0105884203663326,-0.105839428742565,0.0648018926559633));
#4199=CARTESIAN_POINT('',(0.010616731341012,-0.105865005468145,0.0648018926559633));
#4200=CARTESIAN_POINT('',(0.0106475355291177,-0.105891735417783,0.0648018926559633));
#4201=CARTESIAN_POINT('',(0.0106808895845439,-0.105919528409404,0.0648018926559633));
#4202=CARTESIAN_POINT('',(0.0107168475375658,-0.105948292471753,0.0648018926559633));
#4203=CARTESIAN_POINT('',(0.0107554607469017,-0.105977933914546,0.0648018926559633));
#4204=CARTESIAN_POINT('',(0.0107967778526018,-0.106008357398397,0.0648018926559633));
#4205=CARTESIAN_POINT('',(0.0108408447309781,-0.106039466006367,0.0648018926559633));
#4206=CARTESIAN_POINT('',(0.0108877044512213,-0.106071161316576,0.0648018926559633));
#4207=CARTESIAN_POINT('',(0.0109373972339743,-0.106103343475871,0.0648018926559633));
#4208=CARTESIAN_POINT('',(0.0109899604112726,-0.106135911274872,0.0648018926559633));
#4209=CARTESIAN_POINT('',(0.0110454283901407,-0.10616876222275,0.0648018926559633));
#4210=CARTESIAN_POINT('',(0.0111038326111743,-0.106201792627948,0.0648018926559633));
#4211=CARTESIAN_POINT('',(0.0111652015355552,-0.106234897660654,0.0648018926559633));
#4212=CARTESIAN_POINT('',(0.0112295605321025,-0.106267971489806,0.0648018926559633));
#4213=CARTESIAN_POINT('',(0.0112969321572598,-0.106300907138263,0.0648018926559633));
#4214=CARTESIAN_POINT('',(0.0113673349382247,-0.106333597422338,0.0648018926559633));
#4215=CARTESIAN_POINT('',(0.0114407878984304,-0.106365931742048,0.0648018926559633));
#4216=CARTESIAN_POINT('',(0.0115172931189585,-0.106397808752491,0.0648018926559633));
#4217=CARTESIAN_POINT('',(0.0115969022894529,-0.106429088316866,0.0648018926559633));
#4218=CARTESIAN_POINT('',(0.0116685307478098,-0.106455712217812,0.0648018926559633));
#4219=CARTESIAN_POINT('',(0.0117140494808499,-0.106471578071674,0.0648018926559633));
#4220=CARTESIAN_POINT('',(0.0117314858699483,-0.106477596865404,0.0648018926559633));
#4221=CARTESIAN_POINT('',(0.0109999999942278,-0.106141721759227,0.0648018926559633));
#4222=CARTESIAN_POINT('',(0.011,-0.125771342396066,0.0648018926559633));
#4223=CARTESIAN_POINT('',(0.011,-0.145771342396066,0.0648018926559633));
#4224=CARTESIAN_POINT('',(0.007,-0.149771342396066,0.0648018926559633));
#4225=CARTESIAN_POINT('',(0.003,-0.153771342396065,0.0648018926559633));
#4226=CARTESIAN_POINT('',(0.003,-0.151771342396065,0.0648018926559633));
#4227=CARTESIAN_POINT('',(0.003,-0.149771342396066,0.0648018926559633));
#4228=CARTESIAN_POINT('',(0.00375,-0.1491099045683,0.0648018926559633));
#4229=CARTESIAN_POINT('',(0.0045,-0.148448466740533,0.0648018926559633));
#4230=CARTESIAN_POINT('',(0.00375,-0.147787028912767,0.0648018926559633));
#4231=CARTESIAN_POINT('',(0.003,-0.147125591085001,0.0648018926559633));
#4232=CARTESIAN_POINT('',(0.003,-0.146948466740533,0.0648018926559633));
#4233=CARTESIAN_POINT('',(0.003,-0.146771342396066,0.0648018926559633));
#4234=CARTESIAN_POINT('',(0.00375,-0.146109904568299,0.0648018926559633));
#4235=CARTESIAN_POINT('',(0.0045,-0.145448466740533,0.0648018926559633));
#4236=CARTESIAN_POINT('',(0.00375,-0.144787028912767,0.0648018926559633));
#4237=CARTESIAN_POINT('',(0.00299999999999996,-0.144125591085001,0.0648018926559633));
#4238=CARTESIAN_POINT('',(0.003,-0.143948466740533,0.0648018926559633));
#4239=CARTESIAN_POINT('',(0.003,-0.143771342396066,0.0648018926559633));
#4240=CARTESIAN_POINT('',(0.00375,-0.1431099045683,0.0648018926559633));
#4241=CARTESIAN_POINT('',(0.0045,-0.142448466740533,0.0648018926559633));
#4242=CARTESIAN_POINT('',(0.00375,-0.141787028912767,0.0648018926559633));
#4243=CARTESIAN_POINT('',(0.00299999999999996,-0.141125591085001,0.0648018926559633));
#4244=CARTESIAN_POINT('',(0.003,-0.140948466740533,0.0648018926559633));
#4245=CARTESIAN_POINT('',(0.003,-0.140771342396066,0.0648018926559633));
#4246=CARTESIAN_POINT('',(0.00375,-0.1401099045683,0.0648018926559633));
#4247=CARTESIAN_POINT('',(0.0045,-0.139448466740533,0.0648018926559633));
#4248=CARTESIAN_POINT('',(0.00375,-0.138787028912767,0.0648018926559633));
#4249=CARTESIAN_POINT('',(0.00299999999999996,-0.138125591085001,0.0648018926559633));
#4250=CARTESIAN_POINT('',(0.003,-0.137948466740533,0.0648018926559633));
#4251=CARTESIAN_POINT('',(0.003,-0.137771342396066,0.0648018926559633));
#4252=CARTESIAN_POINT('',(0.00375,-0.1371099045683,0.0648018926559633));
#4253=CARTESIAN_POINT('',(0.0045,-0.136448466740533,0.0648018926559633));
#4254=CARTESIAN_POINT('',(0.00375,-0.135787028912767,0.0648018926559633));
#4255=CARTESIAN_POINT('',(0.00299999999999996,-0.135125591085001,0.0648018926559633));
#4256=CARTESIAN_POINT('',(0.003,-0.134948466740533,0.0648018926559633));
#4257=CARTESIAN_POINT('',(0.003,-0.134771342396066,0.0648018926559633));
#4258=CARTESIAN_POINT('',(0.00375,-0.1341099045683,0.0648018926559633));
#4259=CARTESIAN_POINT('',(0.0045,-0.133448466740533,0.0648018926559633));
#4260=CARTESIAN_POINT('',(0.00375,-0.132787028912767,0.0648018926559633));
#4261=CARTESIAN_POINT('',(0.00299999999999996,-0.132125591085001,0.0648018926559633));
#4262=CARTESIAN_POINT('',(0.003,-0.131948466740533,0.0648018926559633));
#4263=CARTESIAN_POINT('',(0.003,-0.131771342396066,0.0648018926559633));
#4264=CARTESIAN_POINT('',(0.00375,-0.1311099045683,0.0648018926559633));
#4265=CARTESIAN_POINT('',(0.0045,-0.130448466740533,0.0648018926559633));
#4266=CARTESIAN_POINT('',(0.00375,-0.129787028912767,0.0648018926559633));
#4267=CARTESIAN_POINT('',(0.00299999999999996,-0.129125591085001,0.0648018926559633));
#4268=CARTESIAN_POINT('',(0.003,-0.128948466740533,0.0648018926559633));
#4269=CARTESIAN_POINT('',(0.003,-0.128771342396066,0.0648018926559633));
#4270=CARTESIAN_POINT('',(0.00375,-0.128109904568299,0.0648018926559633));
#4271=CARTESIAN_POINT('',(0.0045,-0.127448466740533,0.0648018926559633));
#4272=CARTESIAN_POINT('',(0.00375,-0.126787028912767,0.0648018926559633));
#4273=CARTESIAN_POINT('',(0.00299999999999996,-0.126125591085001,0.0648018926559633));
#4274=CARTESIAN_POINT('',(0.003,-0.125948466740533,0.0648018926559633));
#4275=CARTESIAN_POINT('',(0.003,-0.125771342396066,0.0648018926559633));
#4276=CARTESIAN_POINT('',(0.00375,-0.1251099045683,0.0648018926559633));
#4277=CARTESIAN_POINT('',(0.0045,-0.124448466740533,0.0648018926559633));
#4278=CARTESIAN_POINT('',(0.00375,-0.123787028912767,0.0648018926559633));
#4279=CARTESIAN_POINT('',(0.00299999999999996,-0.123125591085001,0.0648018926559633));
#4280=CARTESIAN_POINT('',(0.003,-0.122948466740533,0.0648018926559633));
#4281=CARTESIAN_POINT('',(0.003,-0.122771342396066,0.0648018926559633));
#4282=CARTESIAN_POINT('',(0.00375,-0.1221099045683,0.0648018926559633));
#4283=CARTESIAN_POINT('',(0.0045,-0.121448466740533,0.0648018926559633));
#4284=CARTESIAN_POINT('',(0.00375,-0.120787028912767,0.0648018926559633));
#4285=CARTESIAN_POINT('',(0.00299999999999996,-0.120125591085001,0.0648018926559633));
#4286=CARTESIAN_POINT('',(0.003,-0.107869646375805,0.0648018926559633));
#4287=CARTESIAN_POINT('',(0.00287399064254927,-0.104031595198737,0.0648018926559633));
#4288=CARTESIAN_POINT('',(0.00258812191775107,-0.104308766564268,0.0648018926559633));
#4289=CARTESIAN_POINT('',(0.00228253075718425,-0.104605060324028,0.0648018926559633));
#4290=CARTESIAN_POINT('',(0.00227661185319953,-0.104611603633639,0.0648018926559633));
#4291=CARTESIAN_POINT('',(0.00227144108580717,-0.104617091254177,0.0648018926559633));
#4292=CARTESIAN_POINT('',(0.00226554100764073,-0.104623711633544,0.0648018926559633));
#4293=CARTESIAN_POINT('',(0.0022577429750655,-0.104632764828873,0.0648018926559633));
#4294=CARTESIAN_POINT('',(0.00224855271189652,-0.104643898690657,0.0648018926559633));
#4295=CARTESIAN_POINT('',(0.00223792071037228,-0.104657308290748,0.0648018926559633));
#4296=CARTESIAN_POINT('',(0.00222597534869952,-0.104673012545337,0.0648018926559633));
#4297=CARTESIAN_POINT('',(0.00221279269529805,-0.104691081191224,0.0648018926559633));
#4298=CARTESIAN_POINT('',(0.00219846679290651,-0.104711565329764,0.0648018926559633));
#4299=CARTESIAN_POINT('',(0.00218308854294378,-0.104734518141595,0.0648018926559633));
#4300=CARTESIAN_POINT('',(0.00216675185681793,-0.104759988702444,0.0648018926559633));
#4301=CARTESIAN_POINT('',(0.00214955177182623,-0.104788023727029,0.0648018926559633));
#4302=CARTESIAN_POINT('',(0.0021315849043166,-0.104818667007998,0.0648018926559633));
#4303=CARTESIAN_POINT('',(0.00211294922517348,-0.104851959524298,0.0648018926559633));
#4304=CARTESIAN_POINT('',(0.00209374402788685,-0.104887939360452,0.0648018926559633));
#4305=CARTESIAN_POINT('',(0.00207406984015706,-0.104926641682524,0.0648018926559633));
#4306=CARTESIAN_POINT('',(0.0020540283501949,-0.104968098700609,0.0648018926559633));
#4307=CARTESIAN_POINT('',(0.00203372232766317,-0.105012339637703,0.0648018926559633));
#4308=CARTESIAN_POINT('',(0.00201325554502012,-0.105059390699341,0.0648018926559633));
#4309=CARTESIAN_POINT('',(0.00199273269773413,-0.105109275045573,0.0648018926559633));
#4310=CARTESIAN_POINT('',(0.001972259323839,-0.105162012764825,0.0648018926559633));
#4311=CARTESIAN_POINT('',(0.00195194172289738,-0.105217620849908,0.0648018926559633));
#4312=CARTESIAN_POINT('',(0.00193188687391689,-0.105276113175659,0.0648018926559633));
#4313=CARTESIAN_POINT('',(0.00191220235435158,-0.105337500480093,0.0648018926559633));
#4314=CARTESIAN_POINT('',(0.00189299625218455,-0.105401790341982,0.0648018926559633));
#4315=CARTESIAN_POINT('',(0.00187437710213488,-0.105468987182098,0.0648018926559633));
#4316=CARTESIAN_POINT('',(0.00185645372695208,-0.105539092183584,0.0648018926559633));
#4317=CARTESIAN_POINT('',(0.00183933544091752,-0.105612103532694,0.0648018926559633));
#4318=CARTESIAN_POINT('',(0.00182313086308937,-0.105688015441496,0.0648018926559633));
#4319=CARTESIAN_POINT('',(0.00180795205358978,-0.105766821845653,0.0648018926559633));
#4320=CARTESIAN_POINT('',(0.00179389827947611,-0.105848502222709,0.0648018926559633));
#4321=CARTESIAN_POINT('',(0.00178111766605585,-0.105933075782968,0.0648018926559633));
#4322=CARTESIAN_POINT('',(0.00177110011334407,-0.106008832741631,0.0648018926559633));
#4323=CARTESIAN_POINT('',(0.00176576092055223,-0.106056740709618,0.0648018926559633));
#4324=CARTESIAN_POINT('',(0.00176377299213412,-0.10607507923964,0.0648018926559633));
#4325=CARTESIAN_POINT('',(0.00258783079561607,-0.104309075841117,0.0648018926559633));
#4326=CARTESIAN_POINT('',(0.00230080796944544,-0.104013140100096,0.0648018926559633));
#4327=CARTESIAN_POINT('',(0.0026151890983389,-0.103746448196671,0.0648018926559633));
#4328=CARTESIAN_POINT('',(0.007,-0.100026779749528,0.0648018926559633));
#4329=CARTESIAN_POINT('',(0.00239787918975841,-0.10347395019033,0.0648018926559633));
#4330=CARTESIAN_POINT('',(0.00206791742673705,-0.103721104596523,0.0648018926559633));
#4331=CARTESIAN_POINT('',(0.00184326999994973,-0.103375426134373,0.0648018926559633));
#4332=CARTESIAN_POINT('',(0.00217747017969598,-0.103158186163949,0.0648018926559633));
#4333=CARTESIAN_POINT('',(0.00184363630335181,-0.103375211131851,0.0648018926559633));
#4334=CARTESIAN_POINT('',(0.00148677081629812,-0.103607208919856,0.0648018926559633));
#4335=CARTESIAN_POINT('',(0.00147907448107772,-0.103611523401194,0.0648018926559633));
#4336=CARTESIAN_POINT('',(0.00147257384265469,-0.103615343416205,0.0648018926559633));
#4337=CARTESIAN_POINT('',(0.00146480655911586,-0.103619622394094,0.0648018926559633));
#4338=CARTESIAN_POINT('',(0.00145424512080398,-0.103625210388232,0.0648018926559633));
#4339=CARTESIAN_POINT('',(0.00144134538223668,-0.103631692714993,0.0648018926559633));
#4340=CARTESIAN_POINT('',(0.00142590614590739,-0.103639074233305,0.0648018926559633));
#4341=CARTESIAN_POINT('',(0.00140793753673264,-0.103647225574423,0.0648018926559633));
#4342=CARTESIAN_POINT('',(0.00138738849317549,-0.103656057059222,0.0648018926559633));
#4343=CARTESIAN_POINT('',(0.00136423012157602,-0.103665465631692,0.0648018926559633));
#4344=CARTESIAN_POINT('',(0.00133843080211428,-0.103675350835695,0.0648018926559633));
#4345=CARTESIAN_POINT('',(0.00130996358674904,-0.103685610194003,0.0648018926559633));
#4346=CARTESIAN_POINT('',(0.00127880407978675,-0.1036961406571,0.0648018926559633));
#4347=CARTESIAN_POINT('',(0.00124493108571037,-0.103706838286229,0.0648018926559633));
#4348=CARTESIAN_POINT('',(0.00120832645357531,-0.103717598448167,0.0648018926559633));
#4349=CARTESIAN_POINT('',(0.0011689751485956,-0.103728315864316,0.0648018926559633));
#4350=CARTESIAN_POINT('',(0.00112686525591249,-0.103738884702229,0.0648018926559633));
#4351=CARTESIAN_POINT('',(0.00108198800076199,-0.103749198655812,0.0648018926559633));
#4352=CARTESIAN_POINT('',(0.00103433776122878,-0.103759151029322,0.0648018926559633));
#4353=CARTESIAN_POINT('',(0.000983912080351049,-0.103768634820814,0.0648018926559633));
#4354=CARTESIAN_POINT('',(0.000930711675683704,-0.103777542806157,0.0648018926559633));
#4355=CARTESIAN_POINT('',(0.000874740446879671,-0.103785767623282,0.0648018926559633));
#4356=CARTESIAN_POINT('',(0.000816005481052165,-0.10379320185652,0.0648018926559633));
#4357=CARTESIAN_POINT('',(0.000754517056302848,-0.10379973812161,0.0648018926559633));
#4358=CARTESIAN_POINT('',(0.000690288642078415,-0.103805269148857,0.0648018926559633));
#4359=CARTESIAN_POINT('',(0.000623336901461075,-0.103809687873832,0.0648018926559633));
#4360=CARTESIAN_POINT('',(0.000553681675763182,-0.103812887499295,0.0648018926559633));
#4361=CARTESIAN_POINT('',(0.000481346026845228,-0.103814761667636,0.0648018926559633));
#4362=CARTESIAN_POINT('',(0.000406356047695608,-0.103815204208906,0.0648018926559633));
#4363=CARTESIAN_POINT('',(0.000328741551145331,-0.103814110515291,0.0648018926559633));
#4364=CARTESIAN_POINT('',(0.000248533385207292,-0.103811372685691,0.0648018926559633));
#4365=CARTESIAN_POINT('',(0.000165773646796361,-0.103806898508557,0.0648018926559633));
#4366=CARTESIAN_POINT('',(8.04765682323599E-5,-0.103800539297699,0.0648018926559633));
#4367=CARTESIAN_POINT('',(4.38987950475422E-6,-0.103793448180254,0.0648018926559633));
#4368=CARTESIAN_POINT('',(-4.35050178686363E-5,-0.103787992982555,0.0648018926559633));
#4369=CARTESIAN_POINT('',(-6.18261183434471E-5,-0.103785850362629,0.0648018926559633));
#4370=CARTESIAN_POINT('',(0.00154496971868394,-0.101844785423316,0.0648018926559633));
#4371=CARTESIAN_POINT('',(0.00116715074888114,-0.10197047440352,0.0648018926559633));
#4372=CARTESIAN_POINT('',(0.000763265582542277,-0.10210483482143,0.0648018926559633));
#4373=CARTESIAN_POINT('',(0.00075509379867976,-0.10210816202349,0.0648018926559633));
#4374=CARTESIAN_POINT('',(0.000748054108918331,-0.102110862686863,0.0648018926559633));
#4375=CARTESIAN_POINT('',(0.000739865847217761,-0.102114267494591,0.0648018926559633));
#4376=CARTESIAN_POINT('',(0.000728912028396478,-0.102119040702206,0.0648018926559633));
#4377=CARTESIAN_POINT('',(0.000715801085811721,-0.102125084459305,0.0648018926559633));
#4378=CARTESIAN_POINT('',(0.000700403776007164,-0.102132553038943,0.0648018926559633));
#4379=CARTESIAN_POINT('',(0.000682827556323012,-0.102141519185234,0.0648018926559633));
#4380=CARTESIAN_POINT('',(0.000663110704373859,-0.102152078733713,0.0648018926559633));
#4381=CARTESIAN_POINT('',(0.000641315777692178,-0.102164318528728,0.0648018926559633));
#4382=CARTESIAN_POINT('',(0.000617501601412301,-0.102178325925024,0.0648018926559633));
#4383=CARTESIAN_POINT('',(0.000591731493629566,-0.102194185884936,0.0648018926559633));
#4384=CARTESIAN_POINT('',(0.000564070811233941,-0.102211981732108,0.0648018926559633));
#4385=CARTESIAN_POINT('',(0.000534587601628209,-0.102231794842616,0.0648018926559633));
#4386=CARTESIAN_POINT('',(0.000503352353431338,-0.102253704645189,0.0648018926559633));
#4387=CARTESIAN_POINT('',(0.000470438002730653,-0.102277788534627,0.0648018926559633));
#4388=CARTESIAN_POINT('',(0.000435919863871537,-0.102304121811793,0.0648018926559633));
#4389=CARTESIAN_POINT('',(0.000399875579330161,-0.102332777617841,0.0648018926559633));
#4390=CARTESIAN_POINT('',(0.000362385061989517,-0.102363826871867,0.0648018926559633));
#4391=CARTESIAN_POINT('',(0.000323530437448941,-0.102397338209424,0.0648018926559633));
#4392=CARTESIAN_POINT('',(0.000283395984297289,-0.102433377922657,0.0648018926559633));
#4393=CARTESIAN_POINT('',(0.000242068072975235,-0.102472009901849,0.0648018926559633));
#4394=CARTESIAN_POINT('',(0.000199635103175458,-0.102513295578646,0.0648018926559633));
#4395=CARTESIAN_POINT('',(0.000156187439586688,-0.102557293870296,0.0648018926559633));
#4396=CARTESIAN_POINT('',(0.000111817347096574,-0.102604061127524,0.0648018926559633));
#4397=CARTESIAN_POINT('',(6.66189213067714E-5,-0.102653651076185,0.0648018926559633));
#4398=CARTESIAN_POINT('',(2.06880305188561E-5,-0.102706114790708,0.0648018926559633));
#4399=CARTESIAN_POINT('',(-2.58777927043402E-5,-0.10276150055349,0.0648018926559633));
#4400=CARTESIAN_POINT('',(-7.29792726432282E-5,-0.10281985416009,0.0648018926559633));
#4401=CARTESIAN_POINT('',(-0.000120516035618245,-0.102881217523804,0.0648018926559633));
#4402=CARTESIAN_POINT('',(-0.000168384487731446,-0.10294563380192,0.0648018926559633));
#4403=CARTESIAN_POINT('',(-0.00021648628809405,-0.103013127574705,0.0648018926559633));
#4404=CARTESIAN_POINT('',(-0.000264696315454102,-0.103083780419207,0.0648018926559633));
#4405=CARTESIAN_POINT('',(-0.000306591531068726,-0.103147688627262,0.0648018926559633));
#4406=CARTESIAN_POINT('',(-0.000332188465837755,-0.10318853562601,0.0648018926559633));
#4407=CARTESIAN_POINT('',(-0.000341936317429848,-0.103204195540828,0.0648018926559633));
#4408=CARTESIAN_POINT('',(0.00116675426670502,-0.101970626739172,0.0648018926559633));
#4409=CARTESIAN_POINT('',(0.00103655734180065,-0.101579463312582,0.0648018926559633));
#4410=CARTESIAN_POINT('',(0.00143551823184004,-0.101475587069987,0.0648018926559633));
#4411=CARTESIAN_POINT('',(0.007,-0.100026779749528,0.0648018926559633));
#4412=CARTESIAN_POINT('',(0.00135796122341564,-0.101135787614026,0.0648018926559633));
#4413=CARTESIAN_POINT('',(0.000953439669436937,-0.101215300996065,0.0648018926559633));
#4414=CARTESIAN_POINT('',(0.000901023595337266,-0.100806384597845,0.0648018926559633));
#4415=CARTESIAN_POINT('',(0.00129638444358923,-0.100755662171232,0.0648018926559633));
#4416=CARTESIAN_POINT('',(0.00090144690939685,-0.100806349820356,0.0648018926559633));
#4417=CARTESIAN_POINT('',(0.000479262147805873,-0.100860534472887,0.0648018926559633));
#4418=CARTESIAN_POINT('',(0.000470456006079881,-0.100861082371551,0.0648018926559633));
#4419=CARTESIAN_POINT('',(0.00046294169084278,-0.100861703564845,0.0648018926559633));
#4420=CARTESIAN_POINT('',(0.000454087031260292,-0.100862188692684,0.0648018926559633));
#4421=CARTESIAN_POINT('',(0.000442146964350285,-0.100862640865091,0.0648018926559633));
#4422=CARTESIAN_POINT('',(0.000427712125323832,-0.100862884252891,0.0648018926559633));
#4423=CARTESIAN_POINT('',(0.000410599133281356,-0.100862835937501,0.0648018926559633));
#4424=CARTESIAN_POINT('',(0.000390873241452455,-0.100862383754744,0.0648018926559633));
#4425=CARTESIAN_POINT('',(0.000368527355295453,-0.100861424751752,0.0648018926559633));
#4426=CARTESIAN_POINT('',(0.000343580156850182,-0.100859853541777,0.0648018926559633));
#4427=CARTESIAN_POINT('',(0.000316046743927087,-0.100857565897642,0.0648018926559633));
#4428=CARTESIAN_POINT('',(0.000285947300383463,-0.100854457798237,0.0648018926559633));
#4429=CARTESIAN_POINT('',(0.000253304557968375,-0.100850425814262,0.0648018926559633));
#4430=CARTESIAN_POINT('',(0.00021814451751681,-0.100845367103742,0.0648018926559633));
#4431=CARTESIAN_POINT('',(0.000180496224246763,-0.100839179520003,0.0648018926559633));
#4432=CARTESIAN_POINT('',(0.000140391810956306,-0.100831761686954,0.0648018926559633));
#4433=CARTESIAN_POINT('',(9.7866461706092E-5,-0.100823013083192,0.0648018926559633));
#4434=CARTESIAN_POINT('',(5.29583951930646E-5,-0.100812834123009,0.0648018926559633));
#4435=CARTESIAN_POINT('',(5.70883979383874E-6,-0.100801126237605,0.0648018926559633));
#4436=CARTESIAN_POINT('',(-4.38379917333115E-5,-0.100787791955522,0.0648018926559633));
#4437=CARTESIAN_POINT('',(-9.56349300871712E-5,-0.100772734982493,0.0648018926559633));
#4438=CARTESIAN_POINT('',(-0.000149631879145254,-0.100755860280629,0.0648018926559633));
#4439=CARTESIAN_POINT('',(-0.000205775847728088,-0.100737074146744,0.0648018926559633));
#4440=CARTESIAN_POINT('',(-0.000264010983300756,-0.10071628429046,0.0648018926559633));
#4441=CARTESIAN_POINT('',(-0.000324278607734541,-0.100693399909295,0.0648018926559633));
#4442=CARTESIAN_POINT('',(-0.000386517254597138,-0.100668331771374,0.0648018926559633));
#4443=CARTESIAN_POINT('',(-0.00045066270989734,-0.10064099226453,0.0648018926559633));
#4444=CARTESIAN_POINT('',(-0.000516648048779225,-0.100611295570034,0.0648018926559633));
#4445=CARTESIAN_POINT('',(-0.000584403696858818,-0.100579157353392,0.0648018926559633));
#4446=CARTESIAN_POINT('',(-0.000653857406073349,-0.100544496301521,0.0648018926559633));
#4447=CARTESIAN_POINT('',(-0.000724934566791138,-0.10050722858334,0.0648018926559633));
#4448=CARTESIAN_POINT('',(-0.000797557241910968,-0.100467289384284,0.0648018926559633));
#4449=CARTESIAN_POINT('',(-0.00087164809603496,-0.100424550917892,0.0648018926559633));
#4450=CARTESIAN_POINT('',(-0.000937123113288862,-0.100385149264834,0.0648018926559633));
#4451=CARTESIAN_POINT('',(-0.000977908003178291,-0.100359453484381,0.0648018926559633));
#4452=CARTESIAN_POINT('',(-0.000993485096386984,-0.100349573822954,0.0648018926559633));
#4453=CARTESIAN_POINT('',(0.00129638444358925,-0.0992978973278236,0.0648018926559633));
#4454=CARTESIAN_POINT('',(0.00090144690939685,-0.0992472096786989,0.0648018926559633));
#4455=CARTESIAN_POINT('',(0.000479262147805887,-0.0991930250261687,0.0648018926559633));
#4456=CARTESIAN_POINT('',(0.000470456006079881,-0.0991924771275046,0.0648018926559633));
#4457=CARTESIAN_POINT('',(0.00046294169084278,-0.0991918559342104,0.0648018926559633));
#4458=CARTESIAN_POINT('',(0.000454087031260292,-0.099191370806371,0.0648018926559633));
#4459=CARTESIAN_POINT('',(0.000442146964350285,-0.099190918633964,0.0648018926559633));
#4460=CARTESIAN_POINT('',(0.000427712125323832,-0.099190675246164,0.0648018926559633));
#4461=CARTESIAN_POINT('',(0.000410599133281356,-0.0991907235615546,0.0648018926559633));
#4462=CARTESIAN_POINT('',(0.000390873241452455,-0.0991911757443115,0.0648018926559633));
#4463=CARTESIAN_POINT('',(0.000368527355295453,-0.0991921347473035,0.0648018926559633));
#4464=CARTESIAN_POINT('',(0.000343580156850182,-0.0991937059572785,0.0648018926559633));
#4465=CARTESIAN_POINT('',(0.000316046743927087,-0.0991959936014132,0.0648018926559633));
#4466=CARTESIAN_POINT('',(0.000285947300383463,-0.0991991017008179,0.0648018926559633));
#4467=CARTESIAN_POINT('',(0.000253304557968375,-0.0992031336847933,0.0648018926559633));
#4468=CARTESIAN_POINT('',(0.00021814451751681,-0.0992081923953128,0.0648018926559633));
#4469=CARTESIAN_POINT('',(0.000180496224246763,-0.0992143799790526,0.0648018926559633));
#4470=CARTESIAN_POINT('',(0.000140391810956306,-0.0992217978121017,0.0648018926559633));
#4471=CARTESIAN_POINT('',(9.7866461706092E-5,-0.099230546415863,0.0648018926559633));
#4472=CARTESIAN_POINT('',(5.29583951930646E-5,-0.0992407253760461,0.0648018926559633));
#4473=CARTESIAN_POINT('',(5.70883979383874E-6,-0.0992524332614501,0.0648018926559633));
#4474=CARTESIAN_POINT('',(-4.38379917332976E-5,-0.099265767543533,0.0648018926559633));
#4475=CARTESIAN_POINT('',(-9.56349300871712E-5,-0.0992808245165626,0.0648018926559633));
#4476=CARTESIAN_POINT('',(-0.000149631879145254,-0.099297699218426,0.0648018926559633));
#4477=CARTESIAN_POINT('',(-0.000205775847728088,-0.0993164853523116,0.0648018926559633));
#4478=CARTESIAN_POINT('',(-0.000264010983300756,-0.0993372752085958,0.0648018926559633));
#4479=CARTESIAN_POINT('',(-0.000324278607734526,-0.0993601595897605,0.0648018926559633));
#4480=CARTESIAN_POINT('',(-0.000386517254597138,-0.0993852277276813,0.0648018926559633));
#4481=CARTESIAN_POINT('',(-0.00045066270989734,-0.099412567234525,0.0648018926559633));
#4482=CARTESIAN_POINT('',(-0.000516648048779225,-0.099442263929021,0.0648018926559633));
#4483=CARTESIAN_POINT('',(-0.000584403696858804,-0.0994744021456634,0.0648018926559633));
#4484=CARTESIAN_POINT('',(-0.000653857406073349,-0.0995090631975347,0.0648018926559633));
#4485=CARTESIAN_POINT('',(-0.000724934566791124,-0.0995463309157149,0.0648018926559633));
#4486=CARTESIAN_POINT('',(-0.000797557241910968,-0.0995862701147718,0.0648018926559633));
#4487=CARTESIAN_POINT('',(-0.000871648096034974,-0.099629008581163,0.0648018926559633));
#4488=CARTESIAN_POINT('',(-0.000937123113288862,-0.0996684102342216,0.0648018926559633));
#4489=CARTESIAN_POINT('',(-0.000977908003178291,-0.0996941060146739,0.0648018926559633));
#4490=CARTESIAN_POINT('',(-0.000993485096386984,-0.0997039856761014,0.0648018926559633));
#4491=CARTESIAN_POINT('',(0.000901023595337128,-0.0992471749012099,0.0648018926559633));
#4492=CARTESIAN_POINT('',(0.000953439669436812,-0.0988382585029906,0.0648018926559633));
#4493=CARTESIAN_POINT('',(0.00135796122341565,-0.0989177718850296,0.0648018926559633));
#4494=CARTESIAN_POINT('',(0.007,-0.100026779749528,0.0648018926559633));
#4495=CARTESIAN_POINT('',(0.00143551823184006,-0.0985779724290687,0.0648018926559633));
#4496=CARTESIAN_POINT('',(0.00103655734180079,-0.0984740961864735,0.0648018926559633));
#4497=CARTESIAN_POINT('',(0.00116675426670516,-0.098082932759883,0.0648018926559633));
#4498=CARTESIAN_POINT('',(0.00154496971868395,-0.0982087740757398,0.0648018926559633));
#4499=CARTESIAN_POINT('',(0.00116715074888114,-0.0980830850955351,0.0648018926559633));
#4500=CARTESIAN_POINT('',(0.000763265582542291,-0.0979487246776254,0.0648018926559633));
#4501=CARTESIAN_POINT('',(0.000755093798679773,-0.0979453974755652,0.0648018926559633));
#4502=CARTESIAN_POINT('',(0.000748054108918345,-0.0979426968121923,0.0648018926559633));
#4503=CARTESIAN_POINT('',(0.000739865847217761,-0.0979392920044642,0.0648018926559633));
#4504=CARTESIAN_POINT('',(0.000728912028396478,-0.0979345187968497,0.0648018926559633));
#4505=CARTESIAN_POINT('',(0.000715801085811721,-0.09792847503975,0.0648018926559633));
#4506=CARTESIAN_POINT('',(0.000700403776007177,-0.0979210064601122,0.0648018926559633));
#4507=CARTESIAN_POINT('',(0.000682827556323026,-0.0979120403138216,0.0648018926559633));
#4508=CARTESIAN_POINT('',(0.000663110704373859,-0.0979014807653418,0.0648018926559633));
#4509=CARTESIAN_POINT('',(0.000641315777692178,-0.0978892409703275,0.0648018926559633));
#4510=CARTESIAN_POINT('',(0.000617501601412301,-0.0978752335740315,0.0648018926559633));
#4511=CARTESIAN_POINT('',(0.000591731493629566,-0.0978593736141195,0.0648018926559633));
#4512=CARTESIAN_POINT('',(0.000564070811233941,-0.0978415777669476,0.0648018926559633));
#4513=CARTESIAN_POINT('',(0.000534587601628209,-0.0978217646564392,0.0648018926559633));
#4514=CARTESIAN_POINT('',(0.000503352353431352,-0.0977998548538667,0.0648018926559633));
#4515=CARTESIAN_POINT('',(0.000470438002730653,-0.0977757709644286,0.0648018926559633));
#4516=CARTESIAN_POINT('',(0.000435919863871537,-0.0977494376872621,0.0648018926559633));
#4517=CARTESIAN_POINT('',(0.000399875579330175,-0.0977207818812143,0.0648018926559633));
#4518=CARTESIAN_POINT('',(0.000362385061989531,-0.097689732627188,0.0648018926559633));
#4519=CARTESIAN_POINT('',(0.000323530437448941,-0.0976562212896311,0.0648018926559633));
#4520=CARTESIAN_POINT('',(0.000283395984297289,-0.0976201815763988,0.0648018926559633));
#4521=CARTESIAN_POINT('',(0.000242068072975235,-0.0975815495972065,0.0648018926559633));
#4522=CARTESIAN_POINT('',(0.000199635103175472,-0.0975402639204096,0.0648018926559633));
#4523=CARTESIAN_POINT('',(0.000156187439586703,-0.0974962656287592,0.0648018926559633));
#4524=CARTESIAN_POINT('',(0.000111817347096588,-0.0974494983715315,0.0648018926559633));
#4525=CARTESIAN_POINT('',(6.66189213067853E-5,-0.0973999084228702,0.0648018926559633));
#4526=CARTESIAN_POINT('',(2.06880305188701E-5,-0.0973474447083472,0.0648018926559633));
#4527=CARTESIAN_POINT('',(-2.58777927043264E-5,-0.0972920589455656,0.0648018926559633));
#4528=CARTESIAN_POINT('',(-7.29792726432144E-5,-0.0972337053389658,0.0648018926559633));
#4529=CARTESIAN_POINT('',(-0.000120516035618232,-0.0971723419752515,0.0648018926559633));
#4530=CARTESIAN_POINT('',(-0.000168384487731446,-0.0971079256971353,0.0648018926559633));
#4531=CARTESIAN_POINT('',(-0.000216486288094036,-0.0970404319243503,0.0648018926559633));
#4532=CARTESIAN_POINT('',(-0.000264696315454102,-0.0969697790798482,0.0648018926559633));
#4533=CARTESIAN_POINT('',(-0.000306591531068726,-0.0969058708717936,0.0648018926559633));
#4534=CARTESIAN_POINT('',(-0.000332188465837755,-0.0968650238730449,0.0648018926559633));
#4535=CARTESIAN_POINT('',(-0.000341936317429848,-0.0968493639582274,0.0648018926559633));
#4536=CARTESIAN_POINT('',(0.00217747017969598,-0.0968953733351064,0.0648018926559633));
#4537=CARTESIAN_POINT('',(0.00184363630335182,-0.0966783483672046,0.0648018926559633));
#4538=CARTESIAN_POINT('',(0.00148677081629814,-0.0964463505791992,0.0648018926559633));
#4539=CARTESIAN_POINT('',(0.00147907448107772,-0.0964420360978608,0.0648018926559633));
#4540=CARTESIAN_POINT('',(0.00147257384265469,-0.0964382160828498,0.0648018926559633));
#4541=CARTESIAN_POINT('',(0.00146480655911586,-0.0964339371049614,0.0648018926559633));
#4542=CARTESIAN_POINT('',(0.00145424512080398,-0.0964283491108235,0.0648018926559633));
#4543=CARTESIAN_POINT('',(0.00144134538223671,-0.0964218667840624,0.0648018926559633));
#4544=CARTESIAN_POINT('',(0.00142590614590739,-0.0964144852657504,0.0648018926559633));
#4545=CARTESIAN_POINT('',(0.00140793753673264,-0.0964063339246328,0.0648018926559633));
#4546=CARTESIAN_POINT('',(0.0013873884931755,-0.0963975024398331,0.0648018926559633));
#4547=CARTESIAN_POINT('',(0.00136423012157602,-0.0963880938673636,0.0648018926559633));
#4548=CARTESIAN_POINT('',(0.00133843080211428,-0.09637820866336,0.0648018926559633));
#4549=CARTESIAN_POINT('',(0.00130996358674905,-0.096367949305052,0.0648018926559633));
#4550=CARTESIAN_POINT('',(0.00127880407978677,-0.0963574188419556,0.0648018926559633));
#4551=CARTESIAN_POINT('',(0.00124493108571039,-0.0963467212128268,0.0648018926559633));
#4552=CARTESIAN_POINT('',(0.00120832645357531,-0.0963359610508884,0.0648018926559633));
#4553=CARTESIAN_POINT('',(0.00116897514859561,-0.0963252436347394,0.0648018926559633));
#4554=CARTESIAN_POINT('',(0.0011268652559125,-0.096314674796826,0.0648018926559633));
#4555=CARTESIAN_POINT('',(0.00108198800076201,-0.0963043608432433,0.0648018926559633));
#4556=CARTESIAN_POINT('',(0.00103433776122878,-0.0962944084697331,0.0648018926559633));
#4557=CARTESIAN_POINT('',(0.000983912080351049,-0.0962849246782412,0.0648018926559633));
#4558=CARTESIAN_POINT('',(0.000930711675683718,-0.0962760166928978,0.0648018926559633));
#4559=CARTESIAN_POINT('',(0.000874740446879671,-0.0962677918757736,0.0648018926559633));
#4560=CARTESIAN_POINT('',(0.000816005481052179,-0.0962603576425352,0.0648018926559633));
#4561=CARTESIAN_POINT('',(0.000754517056302848,-0.0962538213774451,0.0648018926559633));
#4562=CARTESIAN_POINT('',(0.000690288642078429,-0.0962482903501987,0.0648018926559633));
#4563=CARTESIAN_POINT('',(0.000623336901461088,-0.0962438716252232,0.0648018926559633));
#4564=CARTESIAN_POINT('',(0.000553681675763182,-0.0962406719997602,0.0648018926559633));
#4565=CARTESIAN_POINT('',(0.000481346026845242,-0.0962387978314197,0.0648018926559633));
#4566=CARTESIAN_POINT('',(0.000406356047695608,-0.0962383552901493,0.0648018926559633));
#4567=CARTESIAN_POINT('',(0.000328741551145331,-0.0962394489837645,0.0648018926559633));
#4568=CARTESIAN_POINT('',(0.000248533385207292,-0.0962421868133645,0.0648018926559633));
#4569=CARTESIAN_POINT('',(0.000165773646796361,-0.096246660990498,0.0648018926559633));
#4570=CARTESIAN_POINT('',(8.04765682323877E-5,-0.0962530202013566,0.0648018926559633));
#4571=CARTESIAN_POINT('',(4.38987950475422E-6,-0.0962601113188015,0.0648018926559633));
#4572=CARTESIAN_POINT('',(-4.35050178686363E-5,-0.0962655665165007,0.0648018926559633));
#4573=CARTESIAN_POINT('',(-6.18261183434471E-5,-0.0962677091364263,0.0648018926559633));
#4574=CARTESIAN_POINT('',(0.00184326999994962,-0.0966781333646827,0.0648018926559633));
#4575=CARTESIAN_POINT('',(0.00206791742673697,-0.0963324549025326,0.0648018926559633));
#4576=CARTESIAN_POINT('',(0.00239787918975843,-0.0965796093087253,0.0648018926559633));
#4577=CARTESIAN_POINT('',(0.007,-0.100026779749528,0.0648018926559633));
#4578=CARTESIAN_POINT('',(0.00261518909833893,-0.0963071113023843,0.0648018926559633));
#4579=CARTESIAN_POINT('',(0.00230080796944558,-0.0960404193989594,0.0648018926559633));
#4580=CARTESIAN_POINT('',(0.0025878307956162,-0.0957444836579384,0.0648018926559633));
#4581=CARTESIAN_POINT('',(0.00287399064254928,-0.0960219643003179,0.0648018926559633));
#4582=CARTESIAN_POINT('',(0.00258812191775107,-0.0957447929347875,0.0648018926559633));
#4583=CARTESIAN_POINT('',(0.00228253075718425,-0.0954484991750272,0.0648018926559633));
#4584=CARTESIAN_POINT('',(0.00227661185319953,-0.0954419558654163,0.0648018926559633));
#4585=CARTESIAN_POINT('',(0.00227144108580717,-0.0954364682448787,0.0648018926559633));
#4586=CARTESIAN_POINT('',(0.00226554100764074,-0.095429847865511,0.0648018926559633));
#4587=CARTESIAN_POINT('',(0.00225774297506551,-0.0954207946701824,0.0648018926559633));
#4588=CARTESIAN_POINT('',(0.00224855271189652,-0.0954096608083984,0.0648018926559633));
#4589=CARTESIAN_POINT('',(0.00223792071037228,-0.095396251208307,0.0648018926559633));
#4590=CARTESIAN_POINT('',(0.00222597534869952,-0.0953805469537179,0.0648018926559633));
#4591=CARTESIAN_POINT('',(0.00221279269529805,-0.0953624783078313,0.0648018926559633));
#4592=CARTESIAN_POINT('',(0.00219846679290651,-0.0953419941692914,0.0648018926559633));
#4593=CARTESIAN_POINT('',(0.00218308854294379,-0.0953190413574601,0.0648018926559633));
#4594=CARTESIAN_POINT('',(0.00216675185681793,-0.0952935707966109,0.0648018926559633));
#4595=CARTESIAN_POINT('',(0.00214955177182623,-0.0952655357720267,0.0648018926559633));
#4596=CARTESIAN_POINT('',(0.0021315849043166,-0.0952348924910574,0.0648018926559633));
#4597=CARTESIAN_POINT('',(0.00211294922517348,-0.0952015999747578,0.0648018926559633));
#4598=CARTESIAN_POINT('',(0.00209374402788685,-0.0951656201386034,0.0648018926559633));
#4599=CARTESIAN_POINT('',(0.00207406984015706,-0.095126917816531,0.0648018926559633));
#4600=CARTESIAN_POINT('',(0.00205402835019492,-0.0950854607984467,0.0648018926559633));
#4601=CARTESIAN_POINT('',(0.00203372232766317,-0.0950412198613521,0.0648018926559633));
#4602=CARTESIAN_POINT('',(0.00201325554502012,-0.0949941687997139,0.0648018926559633));
#4603=CARTESIAN_POINT('',(0.00199273269773413,-0.0949442844534826,0.0648018926559633));
#4604=CARTESIAN_POINT('',(0.001972259323839,-0.0948915467342305,0.0648018926559633));
#4605=CARTESIAN_POINT('',(0.00195194172289738,-0.0948359386491477,0.0648018926559633));
#4606=CARTESIAN_POINT('',(0.00193188687391689,-0.0947774463233959,0.0648018926559633));
#4607=CARTESIAN_POINT('',(0.00191220235435158,-0.094716059018962,0.0648018926559633));
#4608=CARTESIAN_POINT('',(0.00189299625218455,-0.0946517691570734,0.0648018926559633));
#4609=CARTESIAN_POINT('',(0.00187437710213488,-0.0945845723169576,0.0648018926559633));
#4610=CARTESIAN_POINT('',(0.00185645372695208,-0.0945144673154712,0.0648018926559633));
#4611=CARTESIAN_POINT('',(0.00183933544091752,-0.0944414559663611,0.0648018926559633));
#4612=CARTESIAN_POINT('',(0.00182313086308937,-0.0943655440575596,0.0648018926559633));
#4613=CARTESIAN_POINT('',(0.00180795205358978,-0.0942867376534021,0.0648018926559633));
#4614=CARTESIAN_POINT('',(0.00179389827947611,-0.0942050572763459,0.0648018926559633));
#4615=CARTESIAN_POINT('',(0.00178111766605586,-0.0941204837160868,0.0648018926559633));
#4616=CARTESIAN_POINT('',(0.00177110011334407,-0.0940447267574242,0.0648018926559633));
#4617=CARTESIAN_POINT('',(0.00176576092055223,-0.0939968187894368,0.0648018926559633));
#4618=CARTESIAN_POINT('',(0.00176377299213414,-0.0939784802594151,0.0648018926559633));
#4619=CARTESIAN_POINT('',(0.00401371709116083,-0.0951130627869448,0.0648018926559633));
#4620=CARTESIAN_POINT('',(0.00380710676607867,-0.0947726849567954,0.0648018926559633));
#4621=CARTESIAN_POINT('',(0.00358624213994121,-0.0944088240404955,0.0648018926559633));
#4622=CARTESIAN_POINT('',(0.00358117996480614,-0.0944015975124255,0.0648018926559633));
#4623=CARTESIAN_POINT('',(0.00357698053436197,-0.09439533527652,0.0648018926559633));
#4624=CARTESIAN_POINT('',(0.00357183903263117,-0.0943881099526315,0.0648018926559633));
#4625=CARTESIAN_POINT('',(0.00356474804530261,-0.094378492907534,0.0648018926559633));
#4626=CARTESIAN_POINT('',(0.00355593835862266,-0.0943670555461275,0.0648018926559633));
#4627=CARTESIAN_POINT('',(0.00354523080811135,-0.0943537061943428,0.0648018926559633));
#4628=CARTESIAN_POINT('',(0.00353257838500834,-0.0943385658024287,0.0648018926559633));
#4629=CARTESIAN_POINT('',(0.00351789617414503,-0.094321693013713,0.0648018926559633));
#4630=CARTESIAN_POINT('',(0.00350111342890543,-0.0943031681419651,0.0648018926559633));
#4631=CARTESIAN_POINT('',(0.00348215807453231,-0.0942830679757103,0.0648018926559633));
#4632=CARTESIAN_POINT('',(0.00346096136847603,-0.0942614731514251,0.0648018926559633));
#4633=CARTESIAN_POINT('',(0.00343745661946671,-0.0942384659286208,0.0648018926559633));
#4634=CARTESIAN_POINT('',(0.00341157963366736,-0.0942141307564904,0.0648018926559633));
#4635=CARTESIAN_POINT('',(0.00338326865898795,-0.0941885540309106,0.0648018926559633));
#4636=CARTESIAN_POINT('',(0.00335246447088232,-0.0941618240812722,0.0648018926559633));
#4637=CARTESIAN_POINT('',(0.00331911041545614,-0.0941340310896511,0.0648018926559633));
#4638=CARTESIAN_POINT('',(0.00328315246243416,-0.0941052670273021,0.0648018926559633));
#4639=CARTESIAN_POINT('',(0.00324453925309834,-0.0940756255845092,0.0648018926559633));
#4640=CARTESIAN_POINT('',(0.00320322214739824,-0.0940452021006585,0.0648018926559633));
#4641=CARTESIAN_POINT('',(0.00315915526902194,-0.0940140934926888,0.0648018926559633));
#4642=CARTESIAN_POINT('',(0.00311229554877867,-0.0939823981824792,0.0648018926559633));
#4643=CARTESIAN_POINT('',(0.00306260276602573,-0.0939502160231845,0.0648018926559633));
#4644=CARTESIAN_POINT('',(0.00301003958872738,-0.0939176482241832,0.0648018926559633));
#4645=CARTESIAN_POINT('',(0.00295457160985926,-0.0938847972763054,0.0648018926559633));
#4646=CARTESIAN_POINT('',(0.00289616738882566,-0.0938517668711072,0.0648018926559633));
#4647=CARTESIAN_POINT('',(0.00283479846444481,-0.0938186618384012,0.0648018926559633));
#4648=CARTESIAN_POINT('',(0.00277043946789751,-0.0937855880092492,0.0648018926559633));
#4649=CARTESIAN_POINT('',(0.00270306784274016,-0.093752652360792,0.0648018926559633));
#4650=CARTESIAN_POINT('',(0.00263266506177526,-0.0937199620767173,0.0648018926559633));
#4651=CARTESIAN_POINT('',(0.00255921210156962,-0.0936876277570076,0.0648018926559633));
#4652=CARTESIAN_POINT('',(0.00248270688104146,-0.0936557507465643,0.0648018926559633));
#4653=CARTESIAN_POINT('',(0.00240309771054709,-0.0936244711821892,0.0648018926559633));
#4654=CARTESIAN_POINT('',(0.00233146925219023,-0.0935978472812434,0.0648018926559633));
#4655=CARTESIAN_POINT('',(0.00228595051915006,-0.0935819814273817,0.0648018926559633));
#4656=CARTESIAN_POINT('',(0.00226851413005172,-0.0935759626336516,0.0648018926559633));
#4657=CARTESIAN_POINT('',(0.00380687002421521,-0.0947723323131268,0.0648018926559633));
#4658=CARTESIAN_POINT('',(0.00415925462569509,-0.0945583576459428,0.0648018926559633));
#4659=CARTESIAN_POINT('',(0.00434930362387734,-0.094924201114993,0.0648018926559633));
#4660=CARTESIAN_POINT('',(0.007,-0.100026779749528,0.0648018926559633));
#4661=CARTESIAN_POINT('',(0.00466332554008841,-0.0947729761303964,0.0648018926559633));
#4662=CARTESIAN_POINT('',(0.00449579121054982,-0.0943962901683768,0.0648018926559633));
#4663=CARTESIAN_POINT('',(0.00488279154715965,-0.0942541958158482,0.0648018926559633));
#4664=CARTESIAN_POINT('',(0.00502021832184171,-0.0946283573404503,0.0648018926559633));
#4665=CARTESIAN_POINT('',(0.00488291964894423,-0.0942546007778212,0.0648018926559633));
#4666=CARTESIAN_POINT('',(0.00473614857132933,-0.0938550582891354,0.0648018926559633));
#4667=CARTESIAN_POINT('',(0.0047336548587472,-0.0938465948546906,0.0648018926559633));
#4668=CARTESIAN_POINT('',(0.00473137714762123,-0.093839407167537,0.0648018926559633));
#4669=CARTESIAN_POINT('',(0.00472893383582954,-0.093830882463857,0.0648018926559633));
#4670=CARTESIAN_POINT('',(0.00472583608548848,-0.0938193423771795,0.0648018926559633));
#4671=CARTESIAN_POINT('',(0.00472238674606705,-0.0938053236085853,0.0648018926559633));
#4672=CARTESIAN_POINT('',(0.00471862585111794,-0.0937886289237963,0.0648018926559633));
#4673=CARTESIAN_POINT('',(0.0047146772728361,-0.0937692969811302,0.0648018926559633));
#4674=CARTESIAN_POINT('',(0.00471063980416314,-0.0937472979547519,0.0648018926559633));
#4675=CARTESIAN_POINT('',(0.00470662034672605,-0.0937226266075458,0.0648018926559633));
#4676=CARTESIAN_POINT('',(0.00470272387408742,-0.09369527446606,0.0648018926559633));
#4677=CARTESIAN_POINT('',(0.00469905629066202,-0.0936652380612258,0.0648018926559633));
#4678=CARTESIAN_POINT('',(0.00469572349085204,-0.0936325165396753,0.0648018926559633));
#4679=CARTESIAN_POINT('',(0.00469283152389795,-0.0935971123658562,0.0648018926559633));
#4680=CARTESIAN_POINT('',(0.00469048643861449,-0.0935590311269885,0.0648018926559633));
#4681=CARTESIAN_POINT('',(0.00468879421960082,-0.093518281591932,0.0648018926559633));
#4682=CARTESIAN_POINT('',(0.00468786069716831,-0.0934748756944929,0.0648018926559633));
#4683=CARTESIAN_POINT('',(0.00468779146466512,-0.0934288285352406,0.0648018926559633));
#4684=CARTESIAN_POINT('',(0.00468869179374175,-0.0933801583752489,0.0648018926559633));
#4685=CARTESIAN_POINT('',(0.00469066655030727,-0.0933288866293302,0.0648018926559633));
#4686=CARTESIAN_POINT('',(0.00469382011048816,-0.0932750378566624,0.0648018926559633));
#4687=CARTESIAN_POINT('',(0.00469825627680934,-0.0932186397494341,0.0648018926559633));
#4688=CARTESIAN_POINT('',(0.00470407819477137,-0.0931597231193044,0.0648018926559633));
#4689=CARTESIAN_POINT('',(0.00471138826919632,-0.0930983218819277,0.0648018926559633));
#4690=CARTESIAN_POINT('',(0.00472028808307051,-0.0930344730387966,0.0648018926559633));
#4691=CARTESIAN_POINT('',(0.00473087830860784,-0.0929682166592911,0.0648018926559633));
#4692=CARTESIAN_POINT('',(0.00474325865031262,-0.0928995958518826,0.0648018926559633));
#4693=CARTESIAN_POINT('',(0.00475752766744093,-0.0928286567670172,0.0648018926559633));
#4694=CARTESIAN_POINT('',(0.00477378306180186,-0.0927554484685134,0.0648018926559633));
#4695=CARTESIAN_POINT('',(0.00479212018449556,-0.0926800232991613,0.0648018926559633));
#4696=CARTESIAN_POINT('',(0.00481263736698689,-0.0926024353438031,0.0648018926559633));
#4697=CARTESIAN_POINT('',(0.00483541514144356,-0.0925227461628958,0.0648018926559633));
#4698=CARTESIAN_POINT('',(0.0048605952991949,-0.0924410027177157,0.0648018926559633));
#4699=CARTESIAN_POINT('',(0.00488443950855774,-0.0923684016032063,0.0648018926559633));
#4700=CARTESIAN_POINT('',(0.00490041555035647,-0.0923229214265928,0.0648018926559633));
#4701=CARTESIAN_POINT('',(0.00490658127871586,-0.092305536452145,0.0648018926559633));
#4702=CARTESIAN_POINT('',(0.00644143395707769,-0.0943039741460064,0.0648018926559633));
#4703=CARTESIAN_POINT('',(0.00640296889204939,-0.0939076594573307,0.0648018926559633));
#4704=CARTESIAN_POINT('',(0.00636185007476159,-0.0934840025296708,0.0648018926559633));
#4705=CARTESIAN_POINT('',(0.00636042468558087,-0.093475295257381,0.0648018926559633));
#4706=CARTESIAN_POINT('',(0.00635935821181764,-0.0934678311132034,0.0648018926559633));
#4707=CARTESIAN_POINT('',(0.00635786082936903,-0.0934590905073237,0.0648018926559633));
#4708=CARTESIAN_POINT('',(0.00635564475002946,-0.0934473491849935,0.0648018926559633));
#4709=CARTESIAN_POINT('',(0.00635266998172752,-0.0934332220986382,0.0648018926559633));
#4710=CARTESIAN_POINT('',(0.00634881487873247,-0.0934165489162209,0.0648018926559633));
#4711=CARTESIAN_POINT('',(0.00634398460926854,-0.0933974182138136,0.0648018926559633));
#4712=CARTESIAN_POINT('',(0.00633807722302603,-0.0933758459839181,0.0648018926559633));
#4713=CARTESIAN_POINT('',(0.00633099413266786,-0.0933518738909341,0.0648018926559633));
#4714=CARTESIAN_POINT('',(0.00632263708378916,-0.0933255398468672,0.0648018926559633));
#4715=CARTESIAN_POINT('',(0.0063129091546368,-0.0932968866763978,0.0648018926559633));
#4716=CARTESIAN_POINT('',(0.00630171456738857,-0.093265959556527,0.0648018926559633));
#4717=CARTESIAN_POINT('',(0.00628895884426421,-0.0932328067206868,0.0648018926559633));
#4718=CARTESIAN_POINT('',(0.00627454886278706,-0.0931974792156445,0.0648018926559633));
#4719=CARTESIAN_POINT('',(0.00625839293879839,-0.093160030926864,0.0648018926559633));
#4720=CARTESIAN_POINT('',(0.00624040090036694,-0.0931205185243845,0.0648018926559633));
#4721=CARTESIAN_POINT('',(0.00622048416306482,-0.0930790014285854,0.0648018926559633));
#4722=CARTESIAN_POINT('',(0.0061985558035953,-0.0930355417677833,0.0648018926559633));
#4723=CARTESIAN_POINT('',(0.00617453063257778,-0.09299020433567,0.0648018926559633));
#4724=CARTESIAN_POINT('',(0.00614832526619974,-0.0929430565464044,0.0648018926559633));
#4725=CARTESIAN_POINT('',(0.00611985819680816,-0.0928941683880139,0.0648018926559633));
#4726=CARTESIAN_POINT('',(0.00608904986219599,-0.0928436123739995,0.0648018926559633));
#4727=CARTESIAN_POINT('',(0.00605582271425764,-0.0927914634930972,0.0648018926559633));
#4728=CARTESIAN_POINT('',(0.00602010128423078,-0.0927377991577056,0.0648018926559633));
#4729=CARTESIAN_POINT('',(0.00598181225503737,-0.0926826991491255,0.0648018926559633));
#4730=CARTESIAN_POINT('',(0.00594088450008767,-0.0926262455669105,0.0648018926559633));
#4731=CARTESIAN_POINT('',(0.00589724924448852,-0.0925685227544344,0.0648018926559633));
#4732=CARTESIAN_POINT('',(0.00585083974994462,-0.0925096173078966,0.0648018926559633));
#4733=CARTESIAN_POINT('',(0.00580159281876863,-0.0924496177578131,0.0648018926559633));
#4734=CARTESIAN_POINT('',(0.00574944332390553,-0.0923886154973666,0.0648018926559633));
#4735=CARTESIAN_POINT('',(0.00569434541846071,-0.0923267009322105,0.0648018926559633));
#4736=CARTESIAN_POINT('',(0.00563619172859478,-0.0922639778939449,0.0648018926559633));
#4737=CARTESIAN_POINT('',(0.00558320839525166,-0.0922089121647115,0.0648018926559633));
#4738=CARTESIAN_POINT('',(0.00554908136987393,-0.092174867686228,0.0648018926559633));
#4739=CARTESIAN_POINT('',(0.00553598318285628,-0.0921618795747562,0.0648018926559633));
#4740=CARTESIAN_POINT('',(0.00640290860135419,-0.093907239017919,0.0648018926559633));
#4741=CARTESIAN_POINT('',(0.00681323628548999,-0.0938673484527639,0.0648018926559633));
#4742=CARTESIAN_POINT('',(0.00682573098394501,-0.0942794211988504,0.0648018926559633));
#4743=CARTESIAN_POINT('',(0.007,-0.100026779749528,0.0648018926559633));
#4744=CARTESIAN_POINT('',(0.007174269016055,-0.0942794211988504,0.0648018926559633));
#4745=CARTESIAN_POINT('',(0.00718676371451002,-0.0938673484527641,0.0648018926559633));
#4746=CARTESIAN_POINT('',(0.00759709139864581,-0.0939072390179191,0.0648018926559633));
#4747=CARTESIAN_POINT('',(0.00755856604292229,-0.0943039741460064,0.0648018926559633));
#4748=CARTESIAN_POINT('',(0.0075970311079506,-0.0939076594573307,0.0648018926559633));
#4749=CARTESIAN_POINT('',(0.0076381499252384,-0.0934840025296708,0.0648018926559633));
#4750=CARTESIAN_POINT('',(0.00763957531441911,-0.093475295257381,0.0648018926559633));
#4751=CARTESIAN_POINT('',(0.00764064178818234,-0.0934678311132034,0.0648018926559633));
#4752=CARTESIAN_POINT('',(0.00764213917063096,-0.0934590905073237,0.0648018926559633));
#4753=CARTESIAN_POINT('',(0.00764435524997052,-0.0934473491849935,0.0648018926559633));
#4754=CARTESIAN_POINT('',(0.00764733001827246,-0.0934332220986382,0.0648018926559633));
#4755=CARTESIAN_POINT('',(0.00765118512126752,-0.0934165489162209,0.0648018926559633));
#4756=CARTESIAN_POINT('',(0.00765601539073145,-0.0933974182138136,0.0648018926559633));
#4757=CARTESIAN_POINT('',(0.00766192277697396,-0.0933758459839181,0.0648018926559633));
#4758=CARTESIAN_POINT('',(0.00766900586733213,-0.0933518738909341,0.0648018926559633));
#4759=CARTESIAN_POINT('',(0.00767736291621082,-0.0933255398468672,0.0648018926559633));
#4760=CARTESIAN_POINT('',(0.00768709084536319,-0.0932968866763978,0.0648018926559633));
#4761=CARTESIAN_POINT('',(0.00769828543261142,-0.093265959556527,0.0648018926559633));
#4762=CARTESIAN_POINT('',(0.00771104115573577,-0.0932328067206868,0.0648018926559633));
#4763=CARTESIAN_POINT('',(0.00772545113721293,-0.0931974792156445,0.0648018926559633));
#4764=CARTESIAN_POINT('',(0.0077416070612016,-0.093160030926864,0.0648018926559633));
#4765=CARTESIAN_POINT('',(0.00775959909963304,-0.0931205185243845,0.0648018926559633));
#4766=CARTESIAN_POINT('',(0.00777951583693516,-0.0930790014285854,0.0648018926559633));
#4767=CARTESIAN_POINT('',(0.00780144419640469,-0.0930355417677833,0.0648018926559633));
#4768=CARTESIAN_POINT('',(0.00782546936742221,-0.09299020433567,0.0648018926559633));
#4769=CARTESIAN_POINT('',(0.00785167473380025,-0.0929430565464044,0.0648018926559633));
#4770=CARTESIAN_POINT('',(0.00788014180319183,-0.0928941683880139,0.0648018926559633));
#4771=CARTESIAN_POINT('',(0.00791095013780399,-0.0928436123739995,0.0648018926559633));
#4772=CARTESIAN_POINT('',(0.00794417728574234,-0.0927914634930972,0.0648018926559633));
#4773=CARTESIAN_POINT('',(0.00797989871576921,-0.0927377991577056,0.0648018926559633));
#4774=CARTESIAN_POINT('',(0.00801818774496262,-0.0926826991491255,0.0648018926559633));
#4775=CARTESIAN_POINT('',(0.00805911549991231,-0.0926262455669105,0.0648018926559633));
#4776=CARTESIAN_POINT('',(0.00810275075551147,-0.0925685227544344,0.0648018926559633));
#4777=CARTESIAN_POINT('',(0.00814916025005537,-0.0925096173078966,0.0648018926559633));
#4778=CARTESIAN_POINT('',(0.00819840718123135,-0.0924496177578131,0.0648018926559633));
#4779=CARTESIAN_POINT('',(0.00825055667609445,-0.0923886154973666,0.0648018926559633));
#4780=CARTESIAN_POINT('',(0.00830565458153927,-0.0923267009322105,0.0648018926559633));
#4781=CARTESIAN_POINT('',(0.0083638082714052,-0.0922639778939449,0.0648018926559633));
#4782=CARTESIAN_POINT('',(0.00841679160474833,-0.0922089121647115,0.0648018926559633));
#4783=CARTESIAN_POINT('',(0.00845091863012605,-0.092174867686228,0.0648018926559633));
#4784=CARTESIAN_POINT('',(0.00846401681714371,-0.0921618795747562,0.0648018926559633));
#4785=CARTESIAN_POINT('',(0.00897978167815829,-0.0946283573404503,0.0648018926559633));
#4786=CARTESIAN_POINT('',(0.00911708035105577,-0.0942546007778212,0.0648018926559633));
#4787=CARTESIAN_POINT('',(0.00926385142867066,-0.0938550582891354,0.0648018926559633));
#4788=CARTESIAN_POINT('',(0.00926634514125278,-0.0938465948546906,0.0648018926559633));
#4789=CARTESIAN_POINT('',(0.00926862285237876,-0.093839407167537,0.0648018926559633));
#4790=CARTESIAN_POINT('',(0.00927106616417046,-0.093830882463857,0.0648018926559633));
#4791=CARTESIAN_POINT('',(0.00927416391451154,-0.0938193423771795,0.0648018926559633));
#4792=CARTESIAN_POINT('',(0.00927761325393293,-0.0938053236085853,0.0648018926559633));
#4793=CARTESIAN_POINT('',(0.00928137414888204,-0.0937886289237963,0.0648018926559633));
#4794=CARTESIAN_POINT('',(0.00928532272716388,-0.0937692969811303,0.0648018926559633));
#4795=CARTESIAN_POINT('',(0.00928936019583684,-0.0937472979547519,0.0648018926559633));
#4796=CARTESIAN_POINT('',(0.00929337965327394,-0.0937226266075458,0.0648018926559633));
#4797=CARTESIAN_POINT('',(0.00929727612591257,-0.09369527446606,0.0648018926559633));
#4798=CARTESIAN_POINT('',(0.00930094370933797,-0.0936652380612259,0.0648018926559633));
#4799=CARTESIAN_POINT('',(0.00930427650914795,-0.0936325165396753,0.0648018926559633));
#4800=CARTESIAN_POINT('',(0.00930716847610205,-0.0935971123658562,0.0648018926559633));
#4801=CARTESIAN_POINT('',(0.00930951356138551,-0.0935590311269885,0.0648018926559633));
#4802=CARTESIAN_POINT('',(0.00931120578039918,-0.093518281591932,0.0648018926559633));
#4803=CARTESIAN_POINT('',(0.00931213930283167,-0.0934748756944929,0.0648018926559633));
#4804=CARTESIAN_POINT('',(0.00931220853533486,-0.0934288285352406,0.0648018926559633));
#4805=CARTESIAN_POINT('',(0.00931130820625825,-0.0933801583752489,0.0648018926559633));
#4806=CARTESIAN_POINT('',(0.00930933344969272,-0.0933288866293302,0.0648018926559633));
#4807=CARTESIAN_POINT('',(0.00930617988951185,-0.0932750378566624,0.0648018926559633));
#4808=CARTESIAN_POINT('',(0.00930174372319065,-0.0932186397494341,0.0648018926559633));
#4809=CARTESIAN_POINT('',(0.00929592180522862,-0.0931597231193044,0.0648018926559633));
#4810=CARTESIAN_POINT('',(0.00928861173080367,-0.0930983218819277,0.0648018926559633));
#4811=CARTESIAN_POINT('',(0.00927971191692949,-0.0930344730387966,0.0648018926559633));
#4812=CARTESIAN_POINT('',(0.00926912169139216,-0.0929682166592911,0.0648018926559633));
#4813=CARTESIAN_POINT('',(0.00925674134968736,-0.0928995958518826,0.0648018926559633));
#4814=CARTESIAN_POINT('',(0.00924247233255905,-0.0928286567670172,0.0648018926559633));
#4815=CARTESIAN_POINT('',(0.00922621693819813,-0.0927554484685134,0.0648018926559633));
#4816=CARTESIAN_POINT('',(0.00920787981550443,-0.0926800232991613,0.0648018926559633));
#4817=CARTESIAN_POINT('',(0.0091873626330131,-0.0926024353438031,0.0648018926559633));
#4818=CARTESIAN_POINT('',(0.00916458485855642,-0.0925227461628958,0.0648018926559633));
#4819=CARTESIAN_POINT('',(0.00913940470080508,-0.0924410027177157,0.0648018926559633));
#4820=CARTESIAN_POINT('',(0.00911556049144224,-0.0923684016032063,0.0648018926559633));
#4821=CARTESIAN_POINT('',(0.00909958444964352,-0.0923229214265928,0.0648018926559633));
#4822=CARTESIAN_POINT('',(0.00909341872128412,-0.092305536452145,0.0648018926559633));
#4823=CARTESIAN_POINT('',(0.00911720845284041,-0.0942541958158481,0.0648018926559633));
#4824=CARTESIAN_POINT('',(0.00950420878945024,-0.0943962901683766,0.0648018926559633));
#4825=CARTESIAN_POINT('',(0.0093366744599116,-0.0947729761303964,0.0648018926559633));
#4826=CARTESIAN_POINT('',(0.007,-0.100026779749528,0.0648018926559633));
#4827=CARTESIAN_POINT('',(0.00965069637612267,-0.094924201114993,0.0648018926559633));
#4828=CARTESIAN_POINT('',(0.00984074537430486,-0.0945583576459429,0.0648018926559633));
#4829=CARTESIAN_POINT('',(0.0101931299757847,-0.0947723323131269,0.0648018926559633));
#4830=CARTESIAN_POINT('',(0.00998628290883916,-0.0951130627869448,0.0648018926559633));
#4831=CARTESIAN_POINT('',(0.0101928932339213,-0.0947726849567954,0.0648018926559633));
#4832=CARTESIAN_POINT('',(0.0104137578600588,-0.0944088240404955,0.0648018926559633));
#4833=CARTESIAN_POINT('',(0.0104188200351938,-0.0944015975124255,0.0648018926559633));
#4834=CARTESIAN_POINT('',(0.010423019465638,-0.09439533527652,0.0648018926559633));
#4835=CARTESIAN_POINT('',(0.0104281609673688,-0.0943881099526315,0.0648018926559633));
#4836=CARTESIAN_POINT('',(0.0104352519546974,-0.094378492907534,0.0648018926559633));
#4837=CARTESIAN_POINT('',(0.0104440616413773,-0.0943670555461275,0.0648018926559633));
#4838=CARTESIAN_POINT('',(0.0104547691918886,-0.0943537061943429,0.0648018926559633));
#4839=CARTESIAN_POINT('',(0.0104674216149916,-0.0943385658024287,0.0648018926559633));
#4840=CARTESIAN_POINT('',(0.010482103825855,-0.094321693013713,0.0648018926559633));
#4841=CARTESIAN_POINT('',(0.0104988865710946,-0.0943031681419651,0.0648018926559633));
#4842=CARTESIAN_POINT('',(0.0105178419254677,-0.0942830679757103,0.0648018926559633));
#4843=CARTESIAN_POINT('',(0.010539038631524,-0.0942614731514251,0.0648018926559633));
#4844=CARTESIAN_POINT('',(0.0105625433805333,-0.0942384659286208,0.0648018926559633));
#4845=CARTESIAN_POINT('',(0.0105884203663326,-0.0942141307564904,0.0648018926559633));
#4846=CARTESIAN_POINT('',(0.010616731341012,-0.0941885540309106,0.0648018926559633));
#4847=CARTESIAN_POINT('',(0.0106475355291177,-0.0941618240812722,0.0648018926559633));
#4848=CARTESIAN_POINT('',(0.0106808895845438,-0.0941340310896511,0.0648018926559633));
#4849=CARTESIAN_POINT('',(0.0107168475375658,-0.0941052670273022,0.0648018926559633));
#4850=CARTESIAN_POINT('',(0.0107554607469017,-0.0940756255845092,0.0648018926559633));
#4851=CARTESIAN_POINT('',(0.0107967778526017,-0.0940452021006585,0.0648018926559633));
#4852=CARTESIAN_POINT('',(0.010840844730978,-0.0940140934926888,0.0648018926559633));
#4853=CARTESIAN_POINT('',(0.0108877044512213,-0.0939823981824792,0.0648018926559633));
#4854=CARTESIAN_POINT('',(0.0109373972339743,-0.0939502160231845,0.0648018926559633));
#4855=CARTESIAN_POINT('',(0.0109899604112726,-0.0939176482241833,0.0648018926559633));
#4856=CARTESIAN_POINT('',(0.0110454283901407,-0.0938847972763054,0.0648018926559633));
#4857=CARTESIAN_POINT('',(0.0111038326111743,-0.0938517668711072,0.0648018926559633));
#4858=CARTESIAN_POINT('',(0.0111652015355552,-0.0938186618384012,0.0648018926559633));
#4859=CARTESIAN_POINT('',(0.0112295605321025,-0.0937855880092492,0.0648018926559633));
#4860=CARTESIAN_POINT('',(0.0112969321572598,-0.093752652360792,0.0648018926559633));
#4861=CARTESIAN_POINT('',(0.0113673349382247,-0.0937199620767173,0.0648018926559633));
#4862=CARTESIAN_POINT('',(0.0114407878984304,-0.0936876277570076,0.0648018926559633));
#4863=CARTESIAN_POINT('',(0.0115172931189585,-0.0936557507465643,0.0648018926559633));
#4864=CARTESIAN_POINT('',(0.0115969022894529,-0.0936244711821892,0.0648018926559633));
#4865=CARTESIAN_POINT('',(0.0116685307478098,-0.0935978472812434,0.0648018926559633));
#4866=CARTESIAN_POINT('',(0.0117140494808499,-0.0935819814273817,0.0648018926559633));
#4867=CARTESIAN_POINT('',(0.0117314858699483,-0.0935759626336516,0.0648018926559633));
#4868=CARTESIAN_POINT('',(0.0111260093574507,-0.0960219643003179,0.0648018926559633));
#4869=CARTESIAN_POINT('',(0.0114118780822489,-0.0957447929347875,0.0648018926559633));
#4870=CARTESIAN_POINT('',(0.0117174692428157,-0.0954484991750272,0.0648018926559633));
#4871=CARTESIAN_POINT('',(0.0117233881468004,-0.0954419558654163,0.0648018926559633));
#4872=CARTESIAN_POINT('',(0.0117285589141928,-0.0954364682448787,0.0648018926559633));
#4873=CARTESIAN_POINT('',(0.0117344589923592,-0.095429847865511,0.0648018926559633));
#4874=CARTESIAN_POINT('',(0.0117422570249345,-0.0954207946701824,0.0648018926559633));
#4875=CARTESIAN_POINT('',(0.0117514472881035,-0.0954096608083984,0.0648018926559633));
#4876=CARTESIAN_POINT('',(0.0117620792896277,-0.095396251208307,0.0648018926559633));
#4877=CARTESIAN_POINT('',(0.0117740246513005,-0.0953805469537179,0.0648018926559633));
#4878=CARTESIAN_POINT('',(0.0117872073047019,-0.0953624783078313,0.0648018926559633));
#4879=CARTESIAN_POINT('',(0.0118015332070935,-0.0953419941692914,0.0648018926559633));
#4880=CARTESIAN_POINT('',(0.0118169114570562,-0.0953190413574601,0.0648018926559633));
#4881=CARTESIAN_POINT('',(0.0118332481431821,-0.0952935707966109,0.0648018926559633));
#4882=CARTESIAN_POINT('',(0.0118504482281738,-0.0952655357720267,0.0648018926559633));
#4883=CARTESIAN_POINT('',(0.0118684150956834,-0.0952348924910574,0.0648018926559633));
#4884=CARTESIAN_POINT('',(0.0118870507748265,-0.0952015999747578,0.0648018926559633));
#4885=CARTESIAN_POINT('',(0.0119062559721131,-0.0951656201386034,0.0648018926559633));
#4886=CARTESIAN_POINT('',(0.0119259301598429,-0.095126917816531,0.0648018926559633));
#4887=CARTESIAN_POINT('',(0.0119459716498051,-0.0950854607984467,0.0648018926559633));
#4888=CARTESIAN_POINT('',(0.0119662776723368,-0.0950412198613521,0.0648018926559633));
#4889=CARTESIAN_POINT('',(0.0119867444549799,-0.0949941687997139,0.0648018926559633));
#4890=CARTESIAN_POINT('',(0.0120072673022658,-0.0949442844534826,0.0648018926559633));
#4891=CARTESIAN_POINT('',(0.012027740676161,-0.0948915467342305,0.0648018926559633));
#4892=CARTESIAN_POINT('',(0.0120480582771026,-0.0948359386491477,0.0648018926559633));
#4893=CARTESIAN_POINT('',(0.0120681131260831,-0.094777446323396,0.0648018926559633));
#4894=CARTESIAN_POINT('',(0.0120877976456484,-0.094716059018962,0.0648018926559633));
#4895=CARTESIAN_POINT('',(0.0121070037478154,-0.0946517691570734,0.0648018926559633));
#4896=CARTESIAN_POINT('',(0.0121256228978651,-0.0945845723169576,0.0648018926559633));
#4897=CARTESIAN_POINT('',(0.0121435462730479,-0.0945144673154712,0.0648018926559633));
#4898=CARTESIAN_POINT('',(0.0121606645590825,-0.0944414559663611,0.0648018926559633));
#4899=CARTESIAN_POINT('',(0.0121768691369106,-0.0943655440575596,0.0648018926559633));
#4900=CARTESIAN_POINT('',(0.0121920479464102,-0.0942867376534021,0.0648018926559633));
#4901=CARTESIAN_POINT('',(0.0122061017205239,-0.0942050572763459,0.0648018926559633));
#4902=CARTESIAN_POINT('',(0.0122188823339441,-0.0941204837160868,0.0648018926559633));
#4903=CARTESIAN_POINT('',(0.0122288998866559,-0.0940447267574242,0.0648018926559633));
#4904=CARTESIAN_POINT('',(0.0122342390794477,-0.0939968187894368,0.0648018926559633));
#4905=CARTESIAN_POINT('',(0.0122362270078659,-0.0939784802594151,0.0648018926559633));
#4906=CARTESIAN_POINT('',(0.0114121692043839,-0.0957444836579383,0.0648018926559633));
#4907=CARTESIAN_POINT('',(0.0116991920305545,-0.0960404193989594,0.0648018926559633));
#4908=CARTESIAN_POINT('',(0.0113848109016611,-0.0963071113023843,0.0648018926559633));
#4909=CARTESIAN_POINT('',(0.007,-0.100026779749528,0.0648018926559633));
#4910=CARTESIAN_POINT('',(0.0116021208102416,-0.0965796093087253,0.0648018926559633));
#4911=CARTESIAN_POINT('',(0.0119320825732629,-0.0963324549025327,0.0648018926559633));
#4912=CARTESIAN_POINT('',(0.0121567300000503,-0.0966781333646828,0.0648018926559633));
#4913=CARTESIAN_POINT('',(0.011822529820304,-0.0968953733351064,0.0648018926559633));
#4914=CARTESIAN_POINT('',(0.0121563636966482,-0.0966783483672046,0.0648018926559633));
#4915=CARTESIAN_POINT('',(0.0125132291837018,-0.0964463505791992,0.0648018926559633));
#4916=CARTESIAN_POINT('',(0.0125209255189223,-0.0964420360978608,0.0648018926559633));
#4917=CARTESIAN_POINT('',(0.0125274261573453,-0.0964382160828498,0.0648018926559633));
#4918=CARTESIAN_POINT('',(0.0125351934408841,-0.0964339371049614,0.0648018926559633));
#4919=CARTESIAN_POINT('',(0.012545754879196,-0.0964283491108235,0.0648018926559633));
#4920=CARTESIAN_POINT('',(0.0125586546177633,-0.0964218667840624,0.0648018926559633));
#4921=CARTESIAN_POINT('',(0.0125740938540926,-0.0964144852657504,0.0648018926559633));
#4922=CARTESIAN_POINT('',(0.0125920624632673,-0.0964063339246328,0.0648018926559633));
#4923=CARTESIAN_POINT('',(0.0126126115068245,-0.0963975024398331,0.0648018926559633));
#4924=CARTESIAN_POINT('',(0.012635769878424,-0.0963880938673636,0.0648018926559633));
#4925=CARTESIAN_POINT('',(0.0126615691978857,-0.09637820866336,0.0648018926559633));
#4926=CARTESIAN_POINT('',(0.0126900364132509,-0.096367949305052,0.0648018926559633));
#4927=CARTESIAN_POINT('',(0.0127211959202132,-0.0963574188419556,0.0648018926559633));
#4928=CARTESIAN_POINT('',(0.0127550689142896,-0.0963467212128268,0.0648018926559633));
#4929=CARTESIAN_POINT('',(0.0127916735464247,-0.0963359610508884,0.0648018926559633));
#4930=CARTESIAN_POINT('',(0.0128310248514044,-0.0963252436347394,0.0648018926559633));
#4931=CARTESIAN_POINT('',(0.0128731347440875,-0.096314674796826,0.0648018926559633));
#4932=CARTESIAN_POINT('',(0.012918011999238,-0.0963043608432433,0.0648018926559633));
#4933=CARTESIAN_POINT('',(0.0129656622387712,-0.0962944084697331,0.0648018926559633));
#4934=CARTESIAN_POINT('',(0.0130160879196489,-0.0962849246782412,0.0648018926559633));
#4935=CARTESIAN_POINT('',(0.0130692883243163,-0.0962760166928978,0.0648018926559633));
#4936=CARTESIAN_POINT('',(0.0131252595531203,-0.0962677918757736,0.0648018926559633));
#4937=CARTESIAN_POINT('',(0.0131839945189478,-0.0962603576425352,0.0648018926559633));
#4938=CARTESIAN_POINT('',(0.0132454829436971,-0.0962538213774451,0.0648018926559633));
#4939=CARTESIAN_POINT('',(0.0133097113579216,-0.0962482903501987,0.0648018926559633));
#4940=CARTESIAN_POINT('',(0.0133766630985389,-0.0962438716252232,0.0648018926559633));
#4941=CARTESIAN_POINT('',(0.0134463183242368,-0.0962406719997602,0.0648018926559633));
#4942=CARTESIAN_POINT('',(0.0135186539731547,-0.0962387978314197,0.0648018926559633));
#4943=CARTESIAN_POINT('',(0.0135936439523044,-0.0962383552901493,0.0648018926559633));
#4944=CARTESIAN_POINT('',(0.0136712584488546,-0.0962394489837645,0.0648018926559633));
#4945=CARTESIAN_POINT('',(0.0137514666147927,-0.0962421868133645,0.0648018926559633));
#4946=CARTESIAN_POINT('',(0.0138342263532036,-0.096246660990498,0.0648018926559633));
#4947=CARTESIAN_POINT('',(0.0139195234317676,-0.0962530202013566,0.0648018926559633));
#4948=CARTESIAN_POINT('',(0.0139956101204952,-0.0962601113188015,0.0648018926559633));
#4949=CARTESIAN_POINT('',(0.0140435050178686,-0.0962655665165007,0.0648018926559633));
#4950=CARTESIAN_POINT('',(0.0140618261183434,-0.0962677091364263,0.0648018926559633));
#4951=CARTESIAN_POINT('',(0.012455030281316,-0.0982087740757398,0.0648018926559633));
#4952=CARTESIAN_POINT('',(0.0128328492511189,-0.0980830850955351,0.0648018926559633));
#4953=CARTESIAN_POINT('',(0.0132367344174577,-0.0979487246776254,0.0648018926559633));
#4954=CARTESIAN_POINT('',(0.0132449062013202,-0.0979453974755652,0.0648018926559633));
#4955=CARTESIAN_POINT('',(0.0132519458910817,-0.0979426968121923,0.0648018926559633));
#4956=CARTESIAN_POINT('',(0.0132601341527822,-0.0979392920044642,0.0648018926559633));
#4957=CARTESIAN_POINT('',(0.0132710879716035,-0.0979345187968497,0.0648018926559633));
#4958=CARTESIAN_POINT('',(0.0132841989141883,-0.09792847503975,0.0648018926559633));
#4959=CARTESIAN_POINT('',(0.0132995962239928,-0.0979210064601122,0.0648018926559633));
#4960=CARTESIAN_POINT('',(0.013317172443677,-0.0979120403138216,0.0648018926559633));
#4961=CARTESIAN_POINT('',(0.0133368892956261,-0.0979014807653418,0.0648018926559633));
#4962=CARTESIAN_POINT('',(0.0133586842223078,-0.0978892409703275,0.0648018926559633));
#4963=CARTESIAN_POINT('',(0.0133824983985877,-0.0978752335740315,0.0648018926559633));
#4964=CARTESIAN_POINT('',(0.0134082685063704,-0.0978593736141195,0.0648018926559633));
#4965=CARTESIAN_POINT('',(0.0134359291887661,-0.0978415777669476,0.0648018926559633));
#4966=CARTESIAN_POINT('',(0.0134654123983718,-0.0978217646564392,0.0648018926559633));
#4967=CARTESIAN_POINT('',(0.0134966476465686,-0.0977998548538667,0.0648018926559633));
#4968=CARTESIAN_POINT('',(0.0135295619972693,-0.0977757709644286,0.0648018926559633));
#4969=CARTESIAN_POINT('',(0.0135640801361284,-0.0977494376872621,0.0648018926559633));
#4970=CARTESIAN_POINT('',(0.0136001244206698,-0.0977207818812143,0.0648018926559633));
#4971=CARTESIAN_POINT('',(0.0136376149380105,-0.097689732627188,0.0648018926559633));
#4972=CARTESIAN_POINT('',(0.013676469562551,-0.0976562212896311,0.0648018926559633));
#4973=CARTESIAN_POINT('',(0.0137166040157027,-0.0976201815763988,0.0648018926559633));
#4974=CARTESIAN_POINT('',(0.0137579319270247,-0.0975815495972065,0.0648018926559633));
#4975=CARTESIAN_POINT('',(0.0138003648968245,-0.0975402639204096,0.0648018926559633));
#4976=CARTESIAN_POINT('',(0.0138438125604133,-0.0974962656287592,0.0648018926559633));
#4977=CARTESIAN_POINT('',(0.0138881826529034,-0.0974494983715315,0.0648018926559633));
#4978=CARTESIAN_POINT('',(0.0139333810786932,-0.0973999084228702,0.0648018926559633));
#4979=CARTESIAN_POINT('',(0.0139793119694811,-0.0973474447083471,0.0648018926559633));
#4980=CARTESIAN_POINT('',(0.0140258777927043,-0.0972920589455656,0.0648018926559633));
#4981=CARTESIAN_POINT('',(0.0140729792726432,-0.0972337053389658,0.0648018926559633));
#4982=CARTESIAN_POINT('',(0.0141205160356182,-0.0971723419752515,0.0648018926559633));
#4983=CARTESIAN_POINT('',(0.0141683844877314,-0.0971079256971353,0.0648018926559633));
#4984=CARTESIAN_POINT('',(0.014216486288094,-0.0970404319243503,0.0648018926559633));
#4985=CARTESIAN_POINT('',(0.0142646963154541,-0.0969697790798482,0.0648018926559633));
#4986=CARTESIAN_POINT('',(0.0143065915310687,-0.0969058708717936,0.0648018926559633));
#4987=CARTESIAN_POINT('',(0.0143321884658377,-0.0968650238730449,0.0648018926559633));
#4988=CARTESIAN_POINT('',(0.0143419363174298,-0.0968493639582274,0.0648018926559633));
#4989=CARTESIAN_POINT('',(0.012833245733295,-0.0980829327598829,0.0648018926559633));
#4990=CARTESIAN_POINT('',(0.0129634426581993,-0.0984740961864735,0.0648018926559633));
#4991=CARTESIAN_POINT('',(0.0125644817681599,-0.0985779724290687,0.0648018926559633));
#4992=CARTESIAN_POINT('',(0.007,-0.100026779749528,0.0648018926559633));
#4993=CARTESIAN_POINT('',(0.0126420387765843,-0.0989177718850297,0.0648018926559633));
#4994=CARTESIAN_POINT('',(0.013046560330563,-0.0988382585029907,0.0648018926559633));
#4995=CARTESIAN_POINT('',(0.0130989764046627,-0.0992471749012099,0.0648018926559633));
#4996=CARTESIAN_POINT('',(0.0127036155564107,-0.0992978973278236,0.0648018926559633));
#4997=CARTESIAN_POINT('',(0.0130985530906031,-0.0992472096786989,0.0648018926559633));
#4998=CARTESIAN_POINT('',(0.0135207378521941,-0.0991930250261687,0.0648018926559633));
#4999=CARTESIAN_POINT('',(0.0135295439939201,-0.0991924771275046,0.0648018926559633));
#5000=CARTESIAN_POINT('',(0.0135370583091572,-0.0991918559342104,0.0648018926559633));
#5001=CARTESIAN_POINT('',(0.0135459129687397,-0.099191370806371,0.0648018926559633));
#5002=CARTESIAN_POINT('',(0.0135578530356497,-0.099190918633964,0.0648018926559633));
#5003=CARTESIAN_POINT('',(0.0135722878746761,-0.099190675246164,0.0648018926559633));
#5004=CARTESIAN_POINT('',(0.0135894008667186,-0.0991907235615546,0.0648018926559633));
#5005=CARTESIAN_POINT('',(0.0136091267585475,-0.0991911757443115,0.0648018926559633));
#5006=CARTESIAN_POINT('',(0.0136314726447045,-0.0991921347473035,0.0648018926559633));
#5007=CARTESIAN_POINT('',(0.0136564198431498,-0.0991937059572785,0.0648018926559633));
#5008=CARTESIAN_POINT('',(0.0136839532560729,-0.0991959936014132,0.0648018926559633));
#5009=CARTESIAN_POINT('',(0.0137140526996165,-0.0991991017008179,0.0648018926559633));
#5010=CARTESIAN_POINT('',(0.0137466954420316,-0.0992031336847933,0.0648018926559633));
#5011=CARTESIAN_POINT('',(0.0137818554824832,-0.0992081923953128,0.0648018926559633));
#5012=CARTESIAN_POINT('',(0.0138195037757532,-0.0992143799790526,0.0648018926559633));
#5013=CARTESIAN_POINT('',(0.0138596081890437,-0.0992217978121017,0.0648018926559633));
#5014=CARTESIAN_POINT('',(0.0139021335382939,-0.099230546415863,0.0648018926559633));
#5015=CARTESIAN_POINT('',(0.0139470416048069,-0.0992407253760461,0.0648018926559633));
#5016=CARTESIAN_POINT('',(0.0139942911602061,-0.0992524332614501,0.0648018926559633));
#5017=CARTESIAN_POINT('',(0.0140438379917333,-0.099265767543533,0.0648018926559633));
#5018=CARTESIAN_POINT('',(0.0140956349300872,-0.0992808245165626,0.0648018926559633));
#5019=CARTESIAN_POINT('',(0.0141496318791452,-0.099297699218426,0.0648018926559633));
#5020=CARTESIAN_POINT('',(0.0142057758477281,-0.0993164853523116,0.0648018926559633));
#5021=CARTESIAN_POINT('',(0.0142640109833007,-0.0993372752085958,0.0648018926559633));
#5022=CARTESIAN_POINT('',(0.0143242786077345,-0.0993601595897605,0.0648018926559633));
#5023=CARTESIAN_POINT('',(0.0143865172545971,-0.0993852277276813,0.0648018926559633));
#5024=CARTESIAN_POINT('',(0.0144506627098973,-0.099412567234525,0.0648018926559633));
#5025=CARTESIAN_POINT('',(0.0145166480487792,-0.099442263929021,0.0648018926559633));
#5026=CARTESIAN_POINT('',(0.0145844036968588,-0.0994744021456634,0.0648018926559633));
#5027=CARTESIAN_POINT('',(0.0146538574060733,-0.0995090631975347,0.0648018926559633));
#5028=CARTESIAN_POINT('',(0.0147249345667911,-0.0995463309157149,0.0648018926559633));
#5029=CARTESIAN_POINT('',(0.0147975572419109,-0.0995862701147718,0.0648018926559633));
#5030=CARTESIAN_POINT('',(0.014871648096035,-0.099629008581163,0.0648018926559633));
#5031=CARTESIAN_POINT('',(0.0149371231132888,-0.0996684102342216,0.0648018926559633));
#5032=CARTESIAN_POINT('',(0.0149779080031783,-0.0996941060146739,0.0648018926559633));
#5033=CARTESIAN_POINT('',(0.014993485096387,-0.0997039856761014,0.0648018926559633));
#5034=CARTESIAN_POINT('',(0.0127036155564107,-0.100755662171232,0.0648018926559633));
#5035=CARTESIAN_POINT('',(0.0130985530906031,-0.100806349820356,0.0648018926559633));
#5036=CARTESIAN_POINT('',(0.0135207378521941,-0.100860534472887,0.0648018926559633));
#5037=CARTESIAN_POINT('',(0.0135295439939201,-0.100861082371551,0.0648018926559633));
#5038=CARTESIAN_POINT('',(0.0135370583091572,-0.100861703564845,0.0648018926559633));
#5039=CARTESIAN_POINT('',(0.0135459129687397,-0.100862188692684,0.0648018926559633));
#5040=CARTESIAN_POINT('',(0.0135578530356497,-0.100862640865091,0.0648018926559633));
#5041=CARTESIAN_POINT('',(0.0135722878746762,-0.100862884252891,0.0648018926559633));
#5042=CARTESIAN_POINT('',(0.0135894008667186,-0.100862835937501,0.0648018926559633));
#5043=CARTESIAN_POINT('',(0.0136091267585475,-0.100862383754744,0.0648018926559633));
#5044=CARTESIAN_POINT('',(0.0136314726447045,-0.100861424751752,0.0648018926559633));
#5045=CARTESIAN_POINT('',(0.0136564198431498,-0.100859853541777,0.0648018926559633));
#5046=CARTESIAN_POINT('',(0.0136839532560729,-0.100857565897642,0.0648018926559633));
#5047=CARTESIAN_POINT('',(0.0137140526996165,-0.100854457798237,0.0648018926559633));
#5048=CARTESIAN_POINT('',(0.0137466954420316,-0.100850425814262,0.0648018926559633));
#5049=CARTESIAN_POINT('',(0.0137818554824832,-0.100845367103743,0.0648018926559633));
#5050=CARTESIAN_POINT('',(0.0138195037757532,-0.100839179520003,0.0648018926559633));
#5051=CARTESIAN_POINT('',(0.0138596081890437,-0.100831761686954,0.0648018926559633));
#5052=CARTESIAN_POINT('',(0.0139021335382939,-0.100823013083192,0.0648018926559633));
#5053=CARTESIAN_POINT('',(0.0139470416048069,-0.100812834123009,0.0648018926559633));
#5054=CARTESIAN_POINT('',(0.0139942911602062,-0.100801126237605,0.0648018926559633));
#5055=CARTESIAN_POINT('',(0.0140438379917333,-0.100787791955522,0.0648018926559633));
#5056=CARTESIAN_POINT('',(0.0140956349300872,-0.100772734982493,0.0648018926559633));
#5057=CARTESIAN_POINT('',(0.0141496318791452,-0.100755860280629,0.0648018926559633));
#5058=CARTESIAN_POINT('',(0.0142057758477281,-0.100737074146744,0.0648018926559633));
#5059=CARTESIAN_POINT('',(0.0142640109833008,-0.10071628429046,0.0648018926559633));
#5060=CARTESIAN_POINT('',(0.0143242786077345,-0.100693399909295,0.0648018926559633));
#5061=CARTESIAN_POINT('',(0.0143865172545971,-0.100668331771374,0.0648018926559633));
#5062=CARTESIAN_POINT('',(0.0144506627098973,-0.10064099226453,0.0648018926559633));
#5063=CARTESIAN_POINT('',(0.0145166480487792,-0.100611295570034,0.0648018926559633));
#5064=CARTESIAN_POINT('',(0.0145844036968588,-0.100579157353392,0.0648018926559633));
#5065=CARTESIAN_POINT('',(0.0146538574060733,-0.100544496301521,0.0648018926559633));
#5066=CARTESIAN_POINT('',(0.0147249345667911,-0.10050722858334,0.0648018926559633));
#5067=CARTESIAN_POINT('',(0.014797557241911,-0.100467289384284,0.0648018926559633));
#5068=CARTESIAN_POINT('',(0.014871648096035,-0.100424550917892,0.0648018926559633));
#5069=CARTESIAN_POINT('',(0.0149371231132889,-0.100385149264834,0.0648018926559633));
#5070=CARTESIAN_POINT('',(0.0149779080031783,-0.100359453484381,0.0648018926559633));
#5071=CARTESIAN_POINT('',(0.014993485096387,-0.100349573822954,0.0648018926559633));
#5072=CARTESIAN_POINT('',(0.0130989764046629,-0.100806384597845,0.0648018926559633));
#5073=CARTESIAN_POINT('',(0.0130465603305632,-0.101215300996065,0.0648018926559633));
#5074=CARTESIAN_POINT('',(0.0126420387765843,-0.101135787614026,0.0648018926559633));
#5075=CARTESIAN_POINT('',(0.007,-0.100026779749528,0.0648018926559633));
#5076=CARTESIAN_POINT('',(0.0125644817681599,-0.101475587069987,0.0648018926559633));
#5077=CARTESIAN_POINT('',(0.0129634426581992,-0.101579463312582,0.0648018926559633));
#5078=CARTESIAN_POINT('',(0.0128332457332948,-0.101970626739172,0.0648018926559633));
#5079=CARTESIAN_POINT('',(0.012455030281316,-0.101844785423316,0.0648018926559633));
#5080=CARTESIAN_POINT('',(0.0128328492511189,-0.10197047440352,0.0648018926559633));
#5081=CARTESIAN_POINT('',(0.0132367344174577,-0.10210483482143,0.0648018926559633));
#5082=CARTESIAN_POINT('',(0.0132449062013202,-0.10210816202349,0.0648018926559633));
#5083=CARTESIAN_POINT('',(0.0132519458910817,-0.102110862686863,0.0648018926559633));
#5084=CARTESIAN_POINT('',(0.0132601341527822,-0.102114267494591,0.0648018926559633));
#5085=CARTESIAN_POINT('',(0.0132710879716035,-0.102119040702206,0.0648018926559633));
#5086=CARTESIAN_POINT('',(0.0132841989141883,-0.102125084459305,0.0648018926559633));
#5087=CARTESIAN_POINT('',(0.0132995962239928,-0.102132553038943,0.0648018926559633));
#5088=CARTESIAN_POINT('',(0.013317172443677,-0.102141519185234,0.0648018926559633));
#5089=CARTESIAN_POINT('',(0.0133368892956261,-0.102152078733713,0.0648018926559633));
#5090=CARTESIAN_POINT('',(0.0133586842223078,-0.102164318528728,0.0648018926559633));
#5091=CARTESIAN_POINT('',(0.0133824983985877,-0.102178325925024,0.0648018926559633));
#5092=CARTESIAN_POINT('',(0.0134082685063704,-0.102194185884936,0.0648018926559633));
#5093=CARTESIAN_POINT('',(0.0134359291887661,-0.102211981732108,0.0648018926559633));
#5094=CARTESIAN_POINT('',(0.0134654123983718,-0.102231794842616,0.0648018926559633));
#5095=CARTESIAN_POINT('',(0.0134966476465686,-0.102253704645189,0.0648018926559633));
#5096=CARTESIAN_POINT('',(0.0135295619972693,-0.102277788534627,0.0648018926559633));
#5097=CARTESIAN_POINT('',(0.0135640801361285,-0.102304121811793,0.0648018926559633));
#5098=CARTESIAN_POINT('',(0.0136001244206698,-0.102332777617841,0.0648018926559633));
#5099=CARTESIAN_POINT('',(0.0136376149380105,-0.102363826871867,0.0648018926559633));
#5100=CARTESIAN_POINT('',(0.0136764695625511,-0.102397338209424,0.0648018926559633));
#5101=CARTESIAN_POINT('',(0.0137166040157027,-0.102433377922657,0.0648018926559633));
#5102=CARTESIAN_POINT('',(0.0137579319270248,-0.102472009901849,0.0648018926559633));
#5103=CARTESIAN_POINT('',(0.0138003648968245,-0.102513295578646,0.0648018926559633));
#5104=CARTESIAN_POINT('',(0.0138438125604133,-0.102557293870296,0.0648018926559633));
#5105=CARTESIAN_POINT('',(0.0138881826529034,-0.102604061127524,0.0648018926559633));
#5106=CARTESIAN_POINT('',(0.0139333810786932,-0.102653651076185,0.0648018926559633));
#5107=CARTESIAN_POINT('',(0.0139793119694811,-0.102706114790708,0.0648018926559633));
#5108=CARTESIAN_POINT('',(0.0140258777927043,-0.10276150055349,0.0648018926559633));
#5109=CARTESIAN_POINT('',(0.0140729792726432,-0.10281985416009,0.0648018926559633));
#5110=CARTESIAN_POINT('',(0.0141205160356182,-0.102881217523804,0.0648018926559633));
#5111=CARTESIAN_POINT('',(0.0141683844877314,-0.10294563380192,0.0648018926559633));
#5112=CARTESIAN_POINT('',(0.014216486288094,-0.103013127574705,0.0648018926559633));
#5113=CARTESIAN_POINT('',(0.0142646963154541,-0.103083780419207,0.0648018926559633));
#5114=CARTESIAN_POINT('',(0.0143065915310687,-0.103147688627262,0.0648018926559633));
#5115=CARTESIAN_POINT('',(0.0143321884658377,-0.10318853562601,0.0648018926559633));
#5116=CARTESIAN_POINT('',(0.0143419363174298,-0.103204195540828,0.0648018926559633));
#5117=CARTESIAN_POINT('',(0.011822529820304,-0.103158186163949,0.0648018926559633));
#5118=CARTESIAN_POINT('',(0.0121563636966481,-0.103375211131851,0.0648018926559633));
#5119=CARTESIAN_POINT('',(0.0125132291837018,-0.103607208919856,0.0648018926559633));
#5120=CARTESIAN_POINT('',(0.0125209255189223,-0.103611523401195,0.0648018926559633));
#5121=CARTESIAN_POINT('',(0.0125274261573453,-0.103615343416206,0.0648018926559633));
#5122=CARTESIAN_POINT('',(0.0125351934408841,-0.103619622394094,0.0648018926559633));
#5123=CARTESIAN_POINT('',(0.012545754879196,-0.103625210388232,0.0648018926559633));
#5124=CARTESIAN_POINT('',(0.0125586546177633,-0.103631692714993,0.0648018926559633));
#5125=CARTESIAN_POINT('',(0.0125740938540926,-0.103639074233305,0.0648018926559633));
#5126=CARTESIAN_POINT('',(0.0125920624632673,-0.103647225574423,0.0648018926559633));
#5127=CARTESIAN_POINT('',(0.0126126115068245,-0.103656057059222,0.0648018926559633));
#5128=CARTESIAN_POINT('',(0.0126357698784239,-0.103665465631692,0.0648018926559633));
#5129=CARTESIAN_POINT('',(0.0126615691978857,-0.103675350835695,0.0648018926559633));
#5130=CARTESIAN_POINT('',(0.0126900364132509,-0.103685610194003,0.0648018926559633));
#5131=CARTESIAN_POINT('',(0.0127211959202132,-0.1036961406571,0.0648018926559633));
#5132=CARTESIAN_POINT('',(0.0127550689142896,-0.103706838286229,0.0648018926559633));
#5133=CARTESIAN_POINT('',(0.0127916735464247,-0.103717598448167,0.0648018926559633));
#5134=CARTESIAN_POINT('',(0.0128310248514044,-0.103728315864316,0.0648018926559633));
#5135=CARTESIAN_POINT('',(0.0128731347440875,-0.103738884702229,0.0648018926559633));
#5136=CARTESIAN_POINT('',(0.012918011999238,-0.103749198655812,0.0648018926559633));
#5137=CARTESIAN_POINT('',(0.0129656622387712,-0.103759151029322,0.0648018926559633));
#5138=CARTESIAN_POINT('',(0.0130160879196489,-0.103768634820814,0.0648018926559633));
#5139=CARTESIAN_POINT('',(0.0130692883243163,-0.103777542806157,0.0648018926559633));
#5140=CARTESIAN_POINT('',(0.0131252595531203,-0.103785767623282,0.0648018926559633));
#5141=CARTESIAN_POINT('',(0.0131839945189478,-0.10379320185652,0.0648018926559633));
#5142=CARTESIAN_POINT('',(0.0132454829436971,-0.10379973812161,0.0648018926559633));
#5143=CARTESIAN_POINT('',(0.0133097113579215,-0.103805269148857,0.0648018926559633));
#5144=CARTESIAN_POINT('',(0.0133766630985389,-0.103809687873832,0.0648018926559633));
#5145=CARTESIAN_POINT('',(0.0134463183242368,-0.103812887499295,0.0648018926559633));
#5146=CARTESIAN_POINT('',(0.0135186539731547,-0.103814761667636,0.0648018926559633));
#5147=CARTESIAN_POINT('',(0.0135936439523044,-0.103815204208906,0.0648018926559633));
#5148=CARTESIAN_POINT('',(0.0136712584488546,-0.103814110515291,0.0648018926559633));
#5149=CARTESIAN_POINT('',(0.0137514666147927,-0.103811372685691,0.0648018926559633));
#5150=CARTESIAN_POINT('',(0.0138342263532036,-0.103806898508557,0.0648018926559633));
#5151=CARTESIAN_POINT('',(0.0139195234317676,-0.103800539297699,0.0648018926559633));
#5152=CARTESIAN_POINT('',(0.0139956101204952,-0.103793448180254,0.0648018926559633));
#5153=CARTESIAN_POINT('',(0.0140435050178686,-0.103787992982555,0.0648018926559633));
#5154=CARTESIAN_POINT('',(0.0140618261183434,-0.103785850362629,0.0648018926559633));
#5155=CARTESIAN_POINT('',(0.0121567300000503,-0.103375426134373,0.0648018926559633));
#5156=CARTESIAN_POINT('',(0.011932082573263,-0.103721104596523,0.0648018926559633));
#5157=CARTESIAN_POINT('',(0.0116021208102415,-0.10347395019033,0.0648018926559633));
#5158=CARTESIAN_POINT('',(0.007,-0.100026779749528,0.0648018926559633));
#5159=CARTESIAN_POINT('',(0.0113848109016611,-0.103746448196671,0.0648018926559633));
#5160=CARTESIAN_POINT('',(0.0116991920305544,-0.104013140100096,0.0648018926559633));
#5161=CARTESIAN_POINT('',(0.0114121692043838,-0.104309075841117,0.0648018926559633));
#5162=CARTESIAN_POINT('',(0.0111260093574507,-0.104031595198737,0.0648018926559633));
#5163=CARTESIAN_POINT('',(0.0114118780822489,-0.104308766564268,0.0648018926559633));
#5164=CARTESIAN_POINT('',(0.0117174692428157,-0.104605060324028,0.0648018926559633));
#5165=CARTESIAN_POINT('',(0.0117233881468004,-0.104611603633639,0.0648018926559633));
#5166=CARTESIAN_POINT('',(0.0117285589141928,-0.104617091254177,0.0648018926559633));
#5167=CARTESIAN_POINT('',(0.0117344589923592,-0.104623711633544,0.0648018926559633));
#5168=CARTESIAN_POINT('',(0.0117422570249345,-0.104632764828873,0.0648018926559633));
#5169=CARTESIAN_POINT('',(0.0117514472881035,-0.104643898690657,0.0648018926559633));
#5170=CARTESIAN_POINT('',(0.0117620792896277,-0.104657308290748,0.0648018926559633));
#5171=CARTESIAN_POINT('',(0.0117740246513004,-0.104673012545337,0.0648018926559633));
#5172=CARTESIAN_POINT('',(0.0117872073047019,-0.104691081191224,0.0648018926559633));
#5173=CARTESIAN_POINT('',(0.0118015332070935,-0.104711565329764,0.0648018926559633));
#5174=CARTESIAN_POINT('',(0.0118169114570562,-0.104734518141595,0.0648018926559633));
#5175=CARTESIAN_POINT('',(0.011833248143182,-0.104759988702444,0.0648018926559633));
#5176=CARTESIAN_POINT('',(0.0118504482281737,-0.104788023727029,0.0648018926559633));
#5177=CARTESIAN_POINT('',(0.0118684150956834,-0.104818667007998,0.0648018926559633));
#5178=CARTESIAN_POINT('',(0.0118870507748265,-0.104851959524298,0.0648018926559633));
#5179=CARTESIAN_POINT('',(0.0119062559721131,-0.104887939360452,0.0648018926559633));
#5180=CARTESIAN_POINT('',(0.0119259301598429,-0.104926641682524,0.0648018926559633));
#5181=CARTESIAN_POINT('',(0.0119459716498051,-0.104968098700609,0.0648018926559633));
#5182=CARTESIAN_POINT('',(0.0119662776723368,-0.105012339637703,0.0648018926559633));
#5183=CARTESIAN_POINT('',(0.0119867444549799,-0.105059390699341,0.0648018926559633));
#5184=CARTESIAN_POINT('',(0.0120072673022658,-0.105109275045573,0.0648018926559633));
#5185=CARTESIAN_POINT('',(0.012027740676161,-0.105162012764825,0.0648018926559633));
#5186=CARTESIAN_POINT('',(0.0120480582771026,-0.105217620849908,0.0648018926559633));
#5187=CARTESIAN_POINT('',(0.0120681131260831,-0.105276113175659,0.0648018926559633));
#5188=CARTESIAN_POINT('',(0.0120877976456484,-0.105337500480093,0.0648018926559633));
#5189=CARTESIAN_POINT('',(0.0121070037478154,-0.105401790341982,0.0648018926559633));
#5190=CARTESIAN_POINT('',(0.0121256228978651,-0.105468987182098,0.0648018926559633));
#5191=CARTESIAN_POINT('',(0.0121435462730479,-0.105539092183584,0.0648018926559633));
#5192=CARTESIAN_POINT('',(0.0121606645590824,-0.105612103532694,0.0648018926559633));
#5193=CARTESIAN_POINT('',(0.0121768691369106,-0.105688015441496,0.0648018926559633));
#5194=CARTESIAN_POINT('',(0.0121920479464102,-0.105766821845653,0.0648018926559633));
#5195=CARTESIAN_POINT('',(0.0122061017205238,-0.105848502222709,0.0648018926559633));
#5196=CARTESIAN_POINT('',(0.0122188823339441,-0.105933075782968,0.0648018926559633));
#5197=CARTESIAN_POINT('',(0.0122288998866559,-0.106008832741631,0.0648018926559633));
#5198=CARTESIAN_POINT('',(0.0122342390794477,-0.106056740709618,0.0648018926559633));
#5199=CARTESIAN_POINT('',(0.0122362270078658,-0.10607507923964,0.0648018926559633));
#5200=CARTESIAN_POINT('',(0.00640290860011658,-0.0939072390051885,0.0688018926559633));
#5201=CARTESIAN_POINT('',(0.00640290860011658,-0.0939072390051885,0.0648018926559634));
#5202=CARTESIAN_POINT('',(0.0063852011093762,-0.0937250938378241,0.0688018926559633));
#5203=CARTESIAN_POINT('',(0.0063852011093762,-0.0937250938378241,0.0648018926559634));
#5204=CARTESIAN_POINT('',(0.00636241370820746,-0.0934922951008935,0.0688018926559633));
#5205=CARTESIAN_POINT('',(0.00636241370820746,-0.0934922951008935,0.0648018926559634));
#5206=CARTESIAN_POINT('',(0.00636029643412324,-0.0934729945363578,0.0688018926559633));
#5207=CARTESIAN_POINT('',(0.00636029643412324,-0.0934729945363578,0.0648018926559634));
#5208=CARTESIAN_POINT('',(0.00635466377182121,-0.093440645829195,0.0688018926559633));
#5209=CARTESIAN_POINT('',(0.00635466377182121,-0.093440645829195,0.0648018926559634));
#5210=CARTESIAN_POINT('',(0.00634236911021363,-0.093388778034993,0.0688018926559633));
#5211=CARTESIAN_POINT('',(0.00634236911021363,-0.093388778034993,0.0648018926559634));
#5212=CARTESIAN_POINT('',(0.0063124409577602,-0.0932908256799995,0.0688018926559633));
#5213=CARTESIAN_POINT('',(0.0063124409577602,-0.0932908256799995,0.0648018926559634));
#5214=CARTESIAN_POINT('',(0.00625686927721182,-0.0931496379198923,0.0688018926559633));
#5215=CARTESIAN_POINT('',(0.00625686927721182,-0.0931496379198923,0.0648018926559634));
#5216=CARTESIAN_POINT('',(0.00616296765207233,-0.0929633966503374,0.0688018926559633));
#5217=CARTESIAN_POINT('',(0.00616296765207233,-0.0929633966503374,0.0648018926559633));
#5218=CARTESIAN_POINT('',(0.00604315696157771,-0.0927672066216114,0.0688018926559633));
#5219=CARTESIAN_POINT('',(0.00604315696157771,-0.0927672066216114,0.0648018926559634));
#5220=CARTESIAN_POINT('',(0.00585045689809946,-0.0924987284989267,0.0688018926559633));
#5221=CARTESIAN_POINT('',(0.00585045689809946,-0.0924987284989267,0.0648018926559634));
#5222=CARTESIAN_POINT('',(0.00567036026333714,-0.0922951273668505,0.0688018926559633));
#5223=CARTESIAN_POINT('',(0.00567036026333714,-0.0922951273668505,0.0648018926559634));
#5224=CARTESIAN_POINT('',(0.00553598318285628,-0.0921618795747562,0.0688018926559633));
#5225=CARTESIAN_POINT('',(0.00553598318285628,-0.0921618795747562,0.0648018926559634));
#5226=CARTESIAN_POINT('',(0.00640290860135417,-0.093907239017919,0.0648018926559633));
#5227=CARTESIAN_POINT('',(0.0075970913998834,-0.0939072390051886,0.0688018926559633));
#5228=CARTESIAN_POINT('',(0.0075970913998834,-0.0939072390051886,0.0648018926559633));
#5229=CARTESIAN_POINT('',(0.00761479889062378,-0.0937250938378242,0.0688018926559633));
#5230=CARTESIAN_POINT('',(0.00761479889062378,-0.0937250938378242,0.0648018926559633));
#5231=CARTESIAN_POINT('',(0.00763758629179253,-0.0934922951008934,0.0688018926559633));
#5232=CARTESIAN_POINT('',(0.00763758629179253,-0.0934922951008934,0.0648018926559633));
#5233=CARTESIAN_POINT('',(0.00763970356587673,-0.0934729945363578,0.0688018926559633));
#5234=CARTESIAN_POINT('',(0.00763970356587673,-0.0934729945363578,0.0648018926559633));
#5235=CARTESIAN_POINT('',(0.00764533622817877,-0.093440645829195,0.0688018926559633));
#5236=CARTESIAN_POINT('',(0.00764533622817877,-0.093440645829195,0.0648018926559633));
#5237=CARTESIAN_POINT('',(0.00765763088978636,-0.093388778034993,0.0688018926559633));
#5238=CARTESIAN_POINT('',(0.00765763088978636,-0.093388778034993,0.0648018926559633));
#5239=CARTESIAN_POINT('',(0.00768755904223978,-0.0932908256799995,0.0688018926559633));
#5240=CARTESIAN_POINT('',(0.00768755904223978,-0.0932908256799995,0.0648018926559633));
#5241=CARTESIAN_POINT('',(0.00774313072278816,-0.0931496379198923,0.0688018926559633));
#5242=CARTESIAN_POINT('',(0.00774313072278816,-0.0931496379198923,0.0648018926559633));
#5243=CARTESIAN_POINT('',(0.00783703234792765,-0.0929633966503373,0.0688018926559633));
#5244=CARTESIAN_POINT('',(0.00783703234792765,-0.0929633966503373,0.0648018926559633));
#5245=CARTESIAN_POINT('',(0.00795684303842227,-0.0927672066216115,0.0688018926559633));
#5246=CARTESIAN_POINT('',(0.00795684303842227,-0.0927672066216115,0.0648018926559633));
#5247=CARTESIAN_POINT('',(0.00814954310190054,-0.0924987284989266,0.0688018926559633));
#5248=CARTESIAN_POINT('',(0.00814954310190054,-0.0924987284989266,0.0648018926559633));
#5249=CARTESIAN_POINT('',(0.00832963973666275,-0.0922951273668505,0.0688018926559633));
#5250=CARTESIAN_POINT('',(0.00832963973666275,-0.0922951273668505,0.0648018926559633));
#5251=CARTESIAN_POINT('',(0.00846401681714371,-0.0921618795747562,0.0688018926559633));
#5252=CARTESIAN_POINT('',(0.00846401681714371,-0.0921618795747562,0.0648018926559633));
#5253=CARTESIAN_POINT('',(0.0075970913986458,-0.0939072390179191,0.0688018926559633));
#5254=CARTESIAN_POINT('',(0.007,-0.100026779749528,0.0688018926559633));
#5255=CARTESIAN_POINT('',(0.007174269016055,-0.0942794211988504,0.0688018926559633));
#5256=CARTESIAN_POINT('',(0.00682573098394501,-0.0942794211988504,0.0688018926559633));
#5257=CARTESIAN_POINT('',(0.00681323628548999,-0.0938673484527639,0.0668018926559633));
#5258=CARTESIAN_POINT('',(0.00718676371451002,-0.0938673484527641,0.0668018926559633));
#5259=CARTESIAN_POINT('',(0.00258783078643466,-0.104309075850022,0.0688018926559633));
#5260=CARTESIAN_POINT('',(0.00258783078643466,-0.104309075850022,0.0648018926559634));
#5261=CARTESIAN_POINT('',(0.00245646440010285,-0.104436485778068,0.0688018926559633));
#5262=CARTESIAN_POINT('',(0.00245646440010285,-0.104436485778068,0.0648018926559634));
#5263=CARTESIAN_POINT('',(0.00228866273073121,-0.104599449324067,0.0688018926559633));
#5264=CARTESIAN_POINT('',(0.00228866273073121,-0.104599449324067,0.0648018926559634));
#5265=CARTESIAN_POINT('',(0.00227489304054715,-0.104613138380761,0.0688018926559633));
#5266=CARTESIAN_POINT('',(0.00227489304054715,-0.104613138380761,0.0648018926559634));
#5267=CARTESIAN_POINT('',(0.00225311371037273,-0.104637711262499,0.0688018926559633));
#5268=CARTESIAN_POINT('',(0.00225311371037273,-0.104637711262499,0.0648018926559634));
#5269=CARTESIAN_POINT('',(0.00222022743206907,-0.104679662656739,0.0688018926559633));
#5270=CARTESIAN_POINT('',(0.00222022743206907,-0.104679662656739,0.0648018926559634));
#5271=CARTESIAN_POINT('',(0.00216230509499645,-0.104764133722946,0.0688018926559633));
#5272=CARTESIAN_POINT('',(0.00216230509499645,-0.104764133722946,0.0648018926559634));
#5273=CARTESIAN_POINT('',(0.00208656843529959,-0.104895610540907,0.0688018926559633));
#5274=CARTESIAN_POINT('',(0.00208656843529959,-0.104895610540907,0.0648018926559634));
#5275=CARTESIAN_POINT('',(0.00199950585307917,-0.105085145319948,0.0688018926559633));
#5276=CARTESIAN_POINT('',(0.00199950585307917,-0.105085145319948,0.0648018926559634));
#5277=CARTESIAN_POINT('',(0.00192081905575191,-0.10530113957185,0.0688018926559633));
#5278=CARTESIAN_POINT('',(0.00192081905575191,-0.10530113957185,0.0648018926559633));
#5279=CARTESIAN_POINT('',(0.00183106093147929,-0.105619191919667,0.0688018926559633));
#5280=CARTESIAN_POINT('',(0.00183106093147929,-0.105619191919667,0.0648018926559634));
#5281=CARTESIAN_POINT('',(0.00178416757167946,-0.105886940368106,0.0688018926559633));
#5282=CARTESIAN_POINT('',(0.00178416757167946,-0.105886940368106,0.0648018926559634));
#5283=CARTESIAN_POINT('',(0.00176377299213412,-0.10607507923964,0.0688018926559633));
#5284=CARTESIAN_POINT('',(0.00176377299213412,-0.10607507923964,0.0648018926559634));
#5285=CARTESIAN_POINT('',(0.00258783079561608,-0.104309075841117,0.0648018926559633));
#5286=CARTESIAN_POINT('',(0.00184326998922504,-0.103375426141342,0.0688018926559633));
#5287=CARTESIAN_POINT('',(0.00184326998922504,-0.103375426141342,0.0648018926559634));
#5288=CARTESIAN_POINT('',(0.00168982272310694,-0.103475147521916,0.0688018926559633));
#5289=CARTESIAN_POINT('',(0.00168982272310694,-0.103475147521916,0.0648018926559634));
#5290=CARTESIAN_POINT('',(0.00149360562925611,-0.10360247925264,0.0688018926559633));
#5291=CARTESIAN_POINT('',(0.00149360562925611,-0.10360247925264,0.0648018926559634));
#5292=CARTESIAN_POINT('',(0.00147719574147352,-0.103612857606262,0.0688018926559633));
#5293=CARTESIAN_POINT('',(0.00147719574147352,-0.103612857606262,0.0648018926559634));
#5294=CARTESIAN_POINT('',(0.00144839259629385,-0.103628622902564,0.0688018926559633));
#5295=CARTESIAN_POINT('',(0.00144839259629385,-0.103628622902564,0.0648018926559634));
#5296=CARTESIAN_POINT('',(0.00140017512573091,-0.103651349589782,0.0688018926559633));
#5297=CARTESIAN_POINT('',(0.00140017512573091,-0.103651349589782,0.0648018926559634));
#5298=CARTESIAN_POINT('',(0.00130493299297192,-0.103689023112389,0.0688018926559632));
#5299=CARTESIAN_POINT('',(0.00130493299297192,-0.103689023112389,0.0648018926559633));
#5300=CARTESIAN_POINT('',(0.00115989958108692,-0.103733604551577,0.0688018926559633));
#5301=CARTESIAN_POINT('',(0.00115989958108692,-0.103733604551577,0.0648018926559634));
#5302=CARTESIAN_POINT('',(0.000955743587561654,-0.10377630883704,0.0688018926559633));
#5303=CARTESIAN_POINT('',(0.000955743587561654,-0.10377630883704,0.0648018926559634));
#5304=CARTESIAN_POINT('',(0.000727655302880272,-0.103804959549412,0.0688018926559633));
#5305=CARTESIAN_POINT('',(0.000727655302880272,-0.103804959549412,0.0648018926559633));
#5306=CARTESIAN_POINT('',(0.00039760412981522,-0.103821693944627,0.0688018926559633));
#5307=CARTESIAN_POINT('',(0.00039760412981522,-0.103821693944627,0.0648018926559634));
#5308=CARTESIAN_POINT('',(0.000126133939768724,-0.10380783195518,0.0688018926559633));
#5309=CARTESIAN_POINT('',(0.000126133939768724,-0.10380783195518,0.0648018926559634));
#5310=CARTESIAN_POINT('',(-6.18261183434471E-5,-0.103785850362629,0.0688018926559633));
#5311=CARTESIAN_POINT('',(-6.18261183434471E-5,-0.103785850362629,0.0648018926559634));
#5312=CARTESIAN_POINT('',(0.00184326999994973,-0.103375426134373,0.0688018926559633));
#5313=CARTESIAN_POINT('',(0.007,-0.100026779749528,0.0688018926559633));
#5314=CARTESIAN_POINT('',(0.00239787918975841,-0.10347395019033,0.0688018926559633));
#5315=CARTESIAN_POINT('',(0.0026151890983389,-0.103746448196671,0.0688018926559633));
#5316=CARTESIAN_POINT('',(0.00230080796944544,-0.104013140100096,0.0668018926559633));
#5317=CARTESIAN_POINT('',(0.00206791742673705,-0.103721104596523,0.0668018926559633));
#5318=CARTESIAN_POINT('',(0.00116675425456914,-0.101970626743212,0.0688018926559633));
#5319=CARTESIAN_POINT('',(0.00116675425456914,-0.101970626743212,0.0648018926559633));
#5320=CARTESIAN_POINT('',(0.00099311613421407,-0.102028421382947,0.0688018926559633));
#5321=CARTESIAN_POINT('',(0.00099311613421407,-0.102028421382947,0.0648018926559633));
#5322=CARTESIAN_POINT('',(0.000771224821450174,-0.102102440048758,0.0688018926559633));
#5323=CARTESIAN_POINT('',(0.000771224821450174,-0.102102440048758,0.0648018926559633));
#5324=CARTESIAN_POINT('',(0.000752879300170253,-0.102108799018007,0.0688018926559633));
#5325=CARTESIAN_POINT('',(0.000752879300170253,-0.102108799018007,0.0648018926559633));
#5326=CARTESIAN_POINT('',(0.000722595027910328,-0.102121488722235,0.0688018926559633));
#5327=CARTESIAN_POINT('',(0.000722595027910328,-0.102121488722235,0.0648018926559633));
#5328=CARTESIAN_POINT('',(0.000674763487183073,-0.102145016801015,0.0688018926559633));
#5329=CARTESIAN_POINT('',(0.000674763487183073,-0.102145016801015,0.0648018926559633));
#5330=CARTESIAN_POINT('',(0.000585926642671497,-0.102195991041719,0.0688018926559633));
#5331=CARTESIAN_POINT('',(0.000585926642671497,-0.102195991041719,0.0648018926559633));
#5332=CARTESIAN_POINT('',(0.000460644616741726,-0.102281586656454,0.0688018926559633));
#5333=CARTESIAN_POINT('',(0.000460644616741726,-0.102281586656454,0.0648018926559633));
#5334=CARTESIAN_POINT('',(0.000299967881978538,-0.102414576553044,0.0688018926559633));
#5335=CARTESIAN_POINT('',(0.000299967881978538,-0.102414576553044,0.0648018926559633));
#5336=CARTESIAN_POINT('',(0.000135357133628564,-0.102575039727811,0.0688018926559633));
#5337=CARTESIAN_POINT('',(0.000135357133628564,-0.102575039727811,0.0648018926559633));
#5338=CARTESIAN_POINT('',(-8.35098838883119E-5,-0.102822650400981,0.0688018926559633));
#5339=CARTESIAN_POINT('',(-8.35098838883119E-5,-0.102822650400981,0.0648018926559633));
#5340=CARTESIAN_POINT('',(-0.000241931039131328,-0.103043537151165,0.0688018926559633));
#5341=CARTESIAN_POINT('',(-0.000241931039131328,-0.103043537151165,0.0648018926559633));
#5342=CARTESIAN_POINT('',(-0.000341936317429848,-0.103204195540828,0.0688018926559633));
#5343=CARTESIAN_POINT('',(-0.000341936317429848,-0.103204195540828,0.0648018926559633));
#5344=CARTESIAN_POINT('',(0.00116675426670502,-0.101970626739172,0.0648018926559633));
#5345=CARTESIAN_POINT('',(0.000901023582650608,-0.100806384599472,0.0688018926559633));
#5346=CARTESIAN_POINT('',(0.000901023582650608,-0.100806384599472,0.0648018926559633));
#5347=CARTESIAN_POINT('',(0.000719504887540371,-0.100829652185252,0.0688018926559633));
#5348=CARTESIAN_POINT('',(0.000719504887540371,-0.100829652185252,0.0648018926559633));
#5349=CARTESIAN_POINT('',(0.000487472227195402,-0.100859238704172,0.0688018926559633));
#5350=CARTESIAN_POINT('',(0.000487472227195402,-0.100859238704172,0.0648018926559633));
#5351=CARTESIAN_POINT('',(0.000468184430302111,-0.100861469294216,0.0688018926559633));
#5352=CARTESIAN_POINT('',(0.000468184430302111,-0.100861469294216,0.0648018926559633));
#5353=CARTESIAN_POINT('',(0.000435393387489963,-0.100863176119048,0.0688018926559633));
#5354=CARTESIAN_POINT('',(0.000435393387489963,-0.100863176119048,0.0648018926559633));
#5355=CARTESIAN_POINT('',(0.000382090207595523,-0.100862731380284,0.0688018926559633));
#5356=CARTESIAN_POINT('',(0.000382090207595523,-0.100862731380284,0.0648018926559633));
#5357=CARTESIAN_POINT('',(0.000279934082212906,-0.100855350038613,0.0688018926559633));
#5358=CARTESIAN_POINT('',(0.000279934082212906,-0.100855350038613,0.0648018926559633));
#5359=CARTESIAN_POINT('',(0.000129920331768843,-0.100832588888362,0.0688018926559633));
#5360=CARTESIAN_POINT('',(0.000129920331768843,-0.100832588888362,0.0648018926559633));
#5361=CARTESIAN_POINT('',(-7.25465576464863E-5,-0.100782484154257,0.0688018926559633));
#5362=CARTESIAN_POINT('',(-7.25465576464863E-5,-0.100782484154257,0.0648018926559633));
#5363=CARTESIAN_POINT('',(-0.000290478079490061,-0.100709333756341,0.0688018926559633));
#5364=CARTESIAN_POINT('',(-0.000290478079490061,-0.100709333756341,0.0648018926559633));
#5365=CARTESIAN_POINT('',(-0.000595104693204192,-0.100581207088383,0.0688018926559633));
#5366=CARTESIAN_POINT('',(-0.000595104693204192,-0.100581207088383,0.0648018926559633));
#5367=CARTESIAN_POINT('',(-0.000833676391186656,-0.100450931366328,0.0688018926559633));
#5368=CARTESIAN_POINT('',(-0.000833676391186656,-0.100450931366328,0.0648018926559633));
#5369=CARTESIAN_POINT('',(-0.000993485096386984,-0.100349573822954,0.0688018926559633));
#5370=CARTESIAN_POINT('',(-0.000993485096386984,-0.100349573822954,0.0648018926559633));
#5371=CARTESIAN_POINT('',(0.000901023595337266,-0.100806384597845,0.0688018926559633));
#5372=CARTESIAN_POINT('',(0.007,-0.100026779749528,0.0688018926559633));
#5373=CARTESIAN_POINT('',(0.00135796122341564,-0.101135787614026,0.0688018926559633));
#5374=CARTESIAN_POINT('',(0.00143551823184004,-0.101475587069987,0.0688018926559633));
#5375=CARTESIAN_POINT('',(0.00103655734180065,-0.101579463312582,0.0668018926559633));
#5376=CARTESIAN_POINT('',(0.000953439669436937,-0.101215300996065,0.0668018926559633));
#5377=CARTESIAN_POINT('',(0.000901023582650454,-0.0992471748995837,0.0688018926559633));
#5378=CARTESIAN_POINT('',(0.000901023582650454,-0.0992471748995837,0.0648018926559633));
#5379=CARTESIAN_POINT('',(0.000719504887540239,-0.0992239073138036,0.0688018926559633));
#5380=CARTESIAN_POINT('',(0.000719504887540239,-0.0992239073138036,0.0648018926559633));
#5381=CARTESIAN_POINT('',(0.000487472227195342,-0.0991943207948834,0.0688018926559633));
#5382=CARTESIAN_POINT('',(0.000487472227195342,-0.0991943207948834,0.0648018926559633));
#5383=CARTESIAN_POINT('',(0.000468184430302109,-0.0991920902048396,0.0688018926559633));
#5384=CARTESIAN_POINT('',(0.000468184430302109,-0.0991920902048396,0.0648018926559633));
#5385=CARTESIAN_POINT('',(0.000435393387489943,-0.0991903833800075,0.0688018926559633));
#5386=CARTESIAN_POINT('',(0.000435393387489943,-0.0991903833800075,0.0648018926559633));
#5387=CARTESIAN_POINT('',(0.000382090207595508,-0.0991908281187716,0.0688018926559633));
#5388=CARTESIAN_POINT('',(0.000382090207595508,-0.0991908281187716,0.0648018926559633));
#5389=CARTESIAN_POINT('',(0.000279934082212887,-0.099198209460442,0.0688018926559633));
#5390=CARTESIAN_POINT('',(0.000279934082212887,-0.099198209460442,0.0648018926559633));
#5391=CARTESIAN_POINT('',(0.000129920331768823,-0.0992209706106932,0.0688018926559633));
#5392=CARTESIAN_POINT('',(0.000129920331768823,-0.0992209706106932,0.0648018926559633));
#5393=CARTESIAN_POINT('',(-7.25465576464922E-5,-0.0992710753447984,0.0688018926559633));
#5394=CARTESIAN_POINT('',(-7.25465576464922E-5,-0.0992710753447984,0.0648018926559633));
#5395=CARTESIAN_POINT('',(-0.000290478079490076,-0.0993442257427144,0.0688018926559633));
#5396=CARTESIAN_POINT('',(-0.000290478079490076,-0.0993442257427144,0.0648018926559633));
#5397=CARTESIAN_POINT('',(-0.000595104693204191,-0.0994723524106718,0.0688018926559633));
#5398=CARTESIAN_POINT('',(-0.000595104693204191,-0.0994723524106718,0.0648018926559633));
#5399=CARTESIAN_POINT('',(-0.000833676391186658,-0.0996026281327271,0.0688018926559633));
#5400=CARTESIAN_POINT('',(-0.000833676391186658,-0.0996026281327271,0.0648018926559633));
#5401=CARTESIAN_POINT('',(-0.000993485096386984,-0.0997039856761014,0.0688018926559633));
#5402=CARTESIAN_POINT('',(-0.000993485096386984,-0.0997039856761014,0.0648018926559633));
#5403=CARTESIAN_POINT('',(0.000901023595337128,-0.0992471749012099,0.0648018926559633));
#5404=CARTESIAN_POINT('',(0.00116675425456929,-0.0980829327558436,0.0688018926559633));
#5405=CARTESIAN_POINT('',(0.00116675425456929,-0.0980829327558436,0.0648018926559633));
#5406=CARTESIAN_POINT('',(0.000993116134214198,-0.0980251381161085,0.0688018926559633));
#5407=CARTESIAN_POINT('',(0.000993116134214198,-0.0980251381161085,0.0648018926559633));
#5408=CARTESIAN_POINT('',(0.000771224821450244,-0.0979511194502973,0.0688018926559633));
#5409=CARTESIAN_POINT('',(0.000771224821450244,-0.0979511194502973,0.0648018926559632));
#5410=CARTESIAN_POINT('',(0.00075287930017027,-0.0979447604810486,0.0688018926559633));
#5411=CARTESIAN_POINT('',(0.00075287930017027,-0.0979447604810486,0.0648018926559633));
#5412=CARTESIAN_POINT('',(0.000722595027910337,-0.0979320707768203,0.0688018926559633));
#5413=CARTESIAN_POINT('',(0.000722595027910337,-0.0979320707768203,0.0648018926559633));
#5414=CARTESIAN_POINT('',(0.000674763487183086,-0.0979085426980401,0.0688018926559633));
#5415=CARTESIAN_POINT('',(0.000674763487183086,-0.0979085426980401,0.0648018926559633));
#5416=CARTESIAN_POINT('',(0.000585926642671523,-0.0978575684573368,0.0688018926559633));
#5417=CARTESIAN_POINT('',(0.000585926642671523,-0.0978575684573368,0.0648018926559633));
#5418=CARTESIAN_POINT('',(0.000460644616741736,-0.0977719728426013,0.0688018926559633));
#5419=CARTESIAN_POINT('',(0.000460644616741736,-0.0977719728426013,0.0648018926559633));
#5420=CARTESIAN_POINT('',(0.000299967881978548,-0.0976389829460109,0.0688018926559633));
#5421=CARTESIAN_POINT('',(0.000299967881978548,-0.0976389829460109,0.0648018926559633));
#5422=CARTESIAN_POINT('',(0.000135357133628578,-0.0974785197712449,0.0688018926559633));
#5423=CARTESIAN_POINT('',(0.000135357133628578,-0.0974785197712449,0.0648018926559632));
#5424=CARTESIAN_POINT('',(-8.35098838882858E-5,-0.097230909098074,0.0688018926559633));
#5425=CARTESIAN_POINT('',(-8.35098838882858E-5,-0.097230909098074,0.0648018926559633));
#5426=CARTESIAN_POINT('',(-0.000241931039131326,-0.0970100223478901,0.0688018926559633));
#5427=CARTESIAN_POINT('',(-0.000241931039131326,-0.0970100223478901,0.0648018926559633));
#5428=CARTESIAN_POINT('',(-0.000341936317429848,-0.0968493639582274,0.0688018926559633));
#5429=CARTESIAN_POINT('',(-0.000341936317429848,-0.0968493639582274,0.0648018926559633));
#5430=CARTESIAN_POINT('',(0.00116675426670516,-0.098082932759883,0.0688018926559633));
#5431=CARTESIAN_POINT('',(0.007,-0.100026779749528,0.0688018926559633));
#5432=CARTESIAN_POINT('',(0.00143551823184006,-0.0985779724290687,0.0688018926559633));
#5433=CARTESIAN_POINT('',(0.00135796122341565,-0.0989177718850296,0.0688018926559633));
#5434=CARTESIAN_POINT('',(0.000953439669436812,-0.0988382585029906,0.0668018926559633));
#5435=CARTESIAN_POINT('',(0.00103655734180079,-0.0984740961864735,0.0668018926559633));
#5436=CARTESIAN_POINT('',(0.00184326998922493,-0.096678133357713,0.0688018926559633));
#5437=CARTESIAN_POINT('',(0.00184326998922493,-0.096678133357713,0.0648018926559634));
#5438=CARTESIAN_POINT('',(0.00168982272310685,-0.0965784119771397,0.0688018926559633));
#5439=CARTESIAN_POINT('',(0.00168982272310685,-0.0965784119771397,0.0648018926559634));
#5440=CARTESIAN_POINT('',(0.00149360562925607,-0.0964510802464151,0.0688018926559633));
#5441=CARTESIAN_POINT('',(0.00149360562925607,-0.0964510802464151,0.0648018926559633));
#5442=CARTESIAN_POINT('',(0.00147719574147351,-0.0964407018927932,0.0688018926559633));
#5443=CARTESIAN_POINT('',(0.00147719574147351,-0.0964407018927932,0.0648018926559634));
#5444=CARTESIAN_POINT('',(0.00144839259629384,-0.0964249365964918,0.0688018926559633));
#5445=CARTESIAN_POINT('',(0.00144839259629384,-0.0964249365964918,0.0648018926559634));
#5446=CARTESIAN_POINT('',(0.0014001751257309,-0.0964022099092729,0.0688018926559633));
#5447=CARTESIAN_POINT('',(0.0014001751257309,-0.0964022099092729,0.0648018926559634));
#5448=CARTESIAN_POINT('',(0.00130493299297191,-0.0963645363866666,0.0688018926559633));
#5449=CARTESIAN_POINT('',(0.00130493299297191,-0.0963645363866666,0.0648018926559634));
#5450=CARTESIAN_POINT('',(0.00115989958108693,-0.096319954947479,0.0688018926559633));
#5451=CARTESIAN_POINT('',(0.00115989958108693,-0.096319954947479,0.0648018926559634));
#5452=CARTESIAN_POINT('',(0.000955743587561645,-0.0962772506620151,0.0688018926559633));
#5453=CARTESIAN_POINT('',(0.000955743587561645,-0.0962772506620151,0.0648018926559634));
#5454=CARTESIAN_POINT('',(0.000727655302880266,-0.096248599949643,0.0688018926559633));
#5455=CARTESIAN_POINT('',(0.000727655302880266,-0.096248599949643,0.0648018926559633));
#5456=CARTESIAN_POINT('',(0.000397604129815229,-0.0962318655544279,0.0688018926559633));
#5457=CARTESIAN_POINT('',(0.000397604129815229,-0.0962318655544279,0.0648018926559634));
#5458=CARTESIAN_POINT('',(0.000126133939768721,-0.096245727543875,0.0688018926559633));
#5459=CARTESIAN_POINT('',(0.000126133939768721,-0.096245727543875,0.0648018926559634));
#5460=CARTESIAN_POINT('',(-6.18261183434471E-5,-0.0962677091364263,0.0688018926559633));
#5461=CARTESIAN_POINT('',(-6.18261183434471E-5,-0.0962677091364263,0.0648018926559634));
#5462=CARTESIAN_POINT('',(0.00184326999994962,-0.0966781333646827,0.0648018926559633));
#5463=CARTESIAN_POINT('',(0.00258783078643474,-0.0957444836490335,0.0688018926559633));
#5464=CARTESIAN_POINT('',(0.00258783078643474,-0.0957444836490335,0.0648018926559633));
#5465=CARTESIAN_POINT('',(0.00245646440010291,-0.0956170737209875,0.0688018926559633));
#5466=CARTESIAN_POINT('',(0.00245646440010291,-0.0956170737209875,0.0648018926559633));
#5467=CARTESIAN_POINT('',(0.00228866273073124,-0.0954541101749883,0.0688018926559633));
#5468=CARTESIAN_POINT('',(0.00228866273073124,-0.0954541101749883,0.0648018926559632));
#5469=CARTESIAN_POINT('',(0.00227489304054715,-0.0954404211182942,0.0688018926559633));
#5470=CARTESIAN_POINT('',(0.00227489304054715,-0.0954404211182942,0.0648018926559633));
#5471=CARTESIAN_POINT('',(0.00225311371037277,-0.0954158482365569,0.0688018926559633));
#5472=CARTESIAN_POINT('',(0.00225311371037277,-0.0954158482365569,0.0648018926559632));
#5473=CARTESIAN_POINT('',(0.00222022743206906,-0.095373896842316,0.0688018926559633));
#5474=CARTESIAN_POINT('',(0.00222022743206906,-0.095373896842316,0.0648018926559633));
#5475=CARTESIAN_POINT('',(0.00216230509499647,-0.0952894257761094,0.0688018926559633));
#5476=CARTESIAN_POINT('',(0.00216230509499647,-0.0952894257761094,0.0648018926559633));
#5477=CARTESIAN_POINT('',(0.00208656843529958,-0.0951579489581489,0.0688018926559633));
#5478=CARTESIAN_POINT('',(0.00208656843529958,-0.0951579489581489,0.0648018926559632));
#5479=CARTESIAN_POINT('',(0.00199950585307919,-0.0949684141791072,0.0688018926559633));
#5480=CARTESIAN_POINT('',(0.00199950585307919,-0.0949684141791072,0.0648018926559633));
#5481=CARTESIAN_POINT('',(0.00192081905575191,-0.0947524199272052,0.0688018926559633));
#5482=CARTESIAN_POINT('',(0.00192081905575191,-0.0947524199272052,0.0648018926559632));
#5483=CARTESIAN_POINT('',(0.00183106093147932,-0.0944343675793884,0.0688018926559633));
#5484=CARTESIAN_POINT('',(0.00183106093147932,-0.0944343675793884,0.0648018926559633));
#5485=CARTESIAN_POINT('',(0.00178416757167946,-0.0941666191309479,0.0688018926559633));
#5486=CARTESIAN_POINT('',(0.00178416757167946,-0.0941666191309479,0.0648018926559633));
#5487=CARTESIAN_POINT('',(0.00176377299213412,-0.0939784802594151,0.0688018926559633));
#5488=CARTESIAN_POINT('',(0.00176377299213412,-0.0939784802594151,0.0648018926559633));
#5489=CARTESIAN_POINT('',(0.00258783079561619,-0.0957444836579384,0.0688018926559633));
#5490=CARTESIAN_POINT('',(0.007,-0.100026779749528,0.0688018926559633));
#5491=CARTESIAN_POINT('',(0.00261518909833893,-0.0963071113023843,0.0688018926559633));
#5492=CARTESIAN_POINT('',(0.00239787918975843,-0.0965796093087253,0.0688018926559633));
#5493=CARTESIAN_POINT('',(0.00206791742673697,-0.0963324549025326,0.0668018926559633));
#5494=CARTESIAN_POINT('',(0.00230080796944558,-0.0960404193989594,0.0668018926559633));
#5495=CARTESIAN_POINT('',(0.00380687001757661,-0.0947723323021941,0.0688018926559633));
#5496=CARTESIAN_POINT('',(0.00380687001757661,-0.0947723323021941,0.0648018926559634));
#5497=CARTESIAN_POINT('',(0.00371188629341257,-0.0946159081692526,0.0688018926559633));
#5498=CARTESIAN_POINT('',(0.00371188629341257,-0.0946159081692526,0.0648018926559634));
#5499=CARTESIAN_POINT('',(0.0035903479679378,-0.094416050837615,0.0688018926559633));
#5500=CARTESIAN_POINT('',(0.0035903479679378,-0.094416050837615,0.0648018926559634));
#5501=CARTESIAN_POINT('',(0.00358006616879535,-0.0943995802806318,0.0688018926559633));
#5502=CARTESIAN_POINT('',(0.00358006616879535,-0.0943995802806318,0.0648018926559634));
#5503=CARTESIAN_POINT('',(0.0035609557373984,-0.0943728790231421,0.0688018926559633));
#5504=CARTESIAN_POINT('',(0.0035609557373984,-0.0943728790231421,0.0648018926559634));
#5505=CARTESIAN_POINT('',(0.00352737403756042,-0.0943314822090687,0.0688018926559633));
#5506=CARTESIAN_POINT('',(0.00352737403756042,-0.0943314822090687,0.0648018926559634));
#5507=CARTESIAN_POINT('',(0.00345790976988608,-0.0942562155253733,0.0688018926559633));
#5508=CARTESIAN_POINT('',(0.00345790976988608,-0.0942562155253733,0.0648018926559634));
#5509=CARTESIAN_POINT('',(0.00334658234250205,-0.0941531213975331,0.0688018926559633));
#5510=CARTESIAN_POINT('',(0.00334658234250205,-0.0941531213975331,0.0648018926559634));
#5511=CARTESIAN_POINT('',(0.00318117284319345,-0.0940260661999704,0.0688018926559633));
#5512=CARTESIAN_POINT('',(0.00318117284319345,-0.0940260661999704,0.0648018926559634));
#5513=CARTESIAN_POINT('',(0.00298810347777466,-0.0939012890022733,0.0688018926559633));
#5514=CARTESIAN_POINT('',(0.00298810347777466,-0.0939012890022733,0.0648018926559633));
#5515=CARTESIAN_POINT('',(0.00269799842799619,-0.0937430079960916,0.0688018926559634));
#5516=CARTESIAN_POINT('',(0.00269799842799619,-0.0937430079960916,0.0648018926559634));
#5517=CARTESIAN_POINT('',(0.00244739774638782,-0.0936377107159149,0.0688018926559633));
#5518=CARTESIAN_POINT('',(0.00244739774638782,-0.0936377107159149,0.0648018926559634));
#5519=CARTESIAN_POINT('',(0.00226851413005172,-0.0935759626336516,0.0688018926559633));
#5520=CARTESIAN_POINT('',(0.00226851413005172,-0.0935759626336516,0.0648018926559634));
#5521=CARTESIAN_POINT('',(0.0038068700242152,-0.0947723323131268,0.0648018926559633));
#5522=CARTESIAN_POINT('',(0.00488279154275114,-0.0942541958038415,0.0688018926559633));
#5523=CARTESIAN_POINT('',(0.00488279154275114,-0.0942541958038415,0.0648018926559633));
#5524=CARTESIAN_POINT('',(0.0048197156143586,-0.0940824056863144,0.0688018926559633));
#5525=CARTESIAN_POINT('',(0.0048197156143586,-0.0940824056863144,0.0648018926559633));
#5526=CARTESIAN_POINT('',(0.00473923876695068,-0.0938627741890288,0.0688018926559633));
#5527=CARTESIAN_POINT('',(0.00473923876695068,-0.0938627741890288,0.0648018926559633));
#5528=CARTESIAN_POINT('',(0.00473277216387758,-0.093844466330453,0.0688018926559633));
#5529=CARTESIAN_POINT('',(0.00473277216387758,-0.093844466330453,0.0648018926559633));
#5530=CARTESIAN_POINT('',(0.00472381143923574,-0.0938128772318016,0.0688018926559633));
#5531=CARTESIAN_POINT('',(0.00472381143923574,-0.0938128772318016,0.0648018926559633));
#5532=CARTESIAN_POINT('',(0.00471238395409737,-0.0937608115102293,0.0688018926559633));
#5533=CARTESIAN_POINT('',(0.00471238395409737,-0.0937608115102293,0.0648018926559633));
#5534=CARTESIAN_POINT('',(0.00469684835369182,-0.0936595741491511,0.0688018926559633));
#5535=CARTESIAN_POINT('',(0.00469684835369182,-0.0936595741491511,0.0648018926559633));
#5536=CARTESIAN_POINT('',(0.00468565763452998,-0.0935082567242203,0.0688018926559633));
#5537=CARTESIAN_POINT('',(0.00468565763452998,-0.0935082567242203,0.0648018926559633));
#5538=CARTESIAN_POINT('',(0.00468945301701363,-0.0932997167502079,0.0688018926559633));
#5539=CARTESIAN_POINT('',(0.00468945301701363,-0.0932997167502079,0.0648018926559633));
#5540=CARTESIAN_POINT('',(0.00471227505594994,-0.0930709717317549,0.0688018926559633));
#5541=CARTESIAN_POINT('',(0.00471227505594994,-0.0930709717317549,0.0648018926559634));
#5542=CARTESIAN_POINT('',(0.0047694035222449,-0.0927454718774329,0.0688018926559633));
#5543=CARTESIAN_POINT('',(0.0047694035222449,-0.0927454718774329,0.0648018926559633));
#5544=CARTESIAN_POINT('',(0.00484332576290621,-0.0924838925946692,0.0688018926559633));
#5545=CARTESIAN_POINT('',(0.00484332576290621,-0.0924838925946692,0.0648018926559633));
#5546=CARTESIAN_POINT('',(0.00490658127871586,-0.092305536452145,0.0688018926559633));
#5547=CARTESIAN_POINT('',(0.00490658127871586,-0.092305536452145,0.0648018926559633));
#5548=CARTESIAN_POINT('',(0.00488279154715965,-0.0942541958158482,0.0688018926559633));
#5549=CARTESIAN_POINT('',(0.007,-0.100026779749528,0.0688018926559633));
#5550=CARTESIAN_POINT('',(0.00466332554008841,-0.0947729761303964,0.0688018926559633));
#5551=CARTESIAN_POINT('',(0.00434930362387734,-0.094924201114993,0.0688018926559633));
#5552=CARTESIAN_POINT('',(0.00415925462569509,-0.0945583576459428,0.0668018926559633));
#5553=CARTESIAN_POINT('',(0.00449579121054982,-0.0943962901683768,0.0668018926559633));
#5554=CARTESIAN_POINT('',(0.012156730010775,-0.103375426141342,0.0688018926559633));
#5555=CARTESIAN_POINT('',(0.012156730010775,-0.103375426141342,0.0648018926559633));
#5556=CARTESIAN_POINT('',(0.0123101772768931,-0.103475147521916,0.0688018926559633));
#5557=CARTESIAN_POINT('',(0.0123101772768931,-0.103475147521916,0.0648018926559633));
#5558=CARTESIAN_POINT('',(0.0125063943707439,-0.10360247925264,0.0688018926559633));
#5559=CARTESIAN_POINT('',(0.0125063943707439,-0.10360247925264,0.0648018926559633));
#5560=CARTESIAN_POINT('',(0.0125228042585265,-0.103612857606262,0.0688018926559633));
#5561=CARTESIAN_POINT('',(0.0125228042585265,-0.103612857606262,0.0648018926559633));
#5562=CARTESIAN_POINT('',(0.0125516074037061,-0.103628622902564,0.0688018926559633));
#5563=CARTESIAN_POINT('',(0.0125516074037061,-0.103628622902564,0.0648018926559633));
#5564=CARTESIAN_POINT('',(0.0125998248742691,-0.103651349589782,0.0688018926559633));
#5565=CARTESIAN_POINT('',(0.0125998248742691,-0.103651349589782,0.0648018926559633));
#5566=CARTESIAN_POINT('',(0.0126950670070281,-0.103689023112389,0.0688018926559633));
#5567=CARTESIAN_POINT('',(0.0126950670070281,-0.103689023112389,0.0648018926559633));
#5568=CARTESIAN_POINT('',(0.0128401004189131,-0.103733604551576,0.0688018926559633));
#5569=CARTESIAN_POINT('',(0.0128401004189131,-0.103733604551576,0.0648018926559633));
#5570=CARTESIAN_POINT('',(0.0130442564124383,-0.10377630883704,0.0688018926559633));
#5571=CARTESIAN_POINT('',(0.0130442564124383,-0.10377630883704,0.0648018926559633));
#5572=CARTESIAN_POINT('',(0.0132723446971197,-0.103804959549412,0.0688018926559633));
#5573=CARTESIAN_POINT('',(0.0132723446971197,-0.103804959549412,0.0648018926559633));
#5574=CARTESIAN_POINT('',(0.0136023958701847,-0.103821693944627,0.0688018926559633));
#5575=CARTESIAN_POINT('',(0.0136023958701847,-0.103821693944627,0.0648018926559633));
#5576=CARTESIAN_POINT('',(0.0138738660602314,-0.10380783195518,0.0688018926559633));
#5577=CARTESIAN_POINT('',(0.0138738660602314,-0.10380783195518,0.0648018926559633));
#5578=CARTESIAN_POINT('',(0.0140618261183434,-0.103785850362629,0.0688018926559633));
#5579=CARTESIAN_POINT('',(0.0140618261183434,-0.103785850362629,0.0648018926559633));
#5580=CARTESIAN_POINT('',(0.0121567300000503,-0.103375426134373,0.0648018926559633));
#5581=CARTESIAN_POINT('',(0.0114121692135653,-0.104309075850022,0.0688018926559633));
#5582=CARTESIAN_POINT('',(0.0114121692135653,-0.104309075850022,0.0648018926559633));
#5583=CARTESIAN_POINT('',(0.0115435355998971,-0.104436485778068,0.0688018926559633));
#5584=CARTESIAN_POINT('',(0.0115435355998971,-0.104436485778068,0.0648018926559633));
#5585=CARTESIAN_POINT('',(0.0117113372692688,-0.104599449324067,0.0688018926559633));
#5586=CARTESIAN_POINT('',(0.0117113372692688,-0.104599449324067,0.0648018926559633));
#5587=CARTESIAN_POINT('',(0.0117251069594528,-0.104613138380761,0.0688018926559633));
#5588=CARTESIAN_POINT('',(0.0117251069594528,-0.104613138380761,0.0648018926559633));
#5589=CARTESIAN_POINT('',(0.0117468862896272,-0.104637711262499,0.0688018926559633));
#5590=CARTESIAN_POINT('',(0.0117468862896272,-0.104637711262499,0.0648018926559633));
#5591=CARTESIAN_POINT('',(0.0117797725679309,-0.104679662656739,0.0688018926559633));
#5592=CARTESIAN_POINT('',(0.0117797725679309,-0.104679662656739,0.0648018926559633));
#5593=CARTESIAN_POINT('',(0.0118376949050035,-0.104764133722946,0.0688018926559633));
#5594=CARTESIAN_POINT('',(0.0118376949050035,-0.104764133722946,0.0648018926559633));
#5595=CARTESIAN_POINT('',(0.0119134315647004,-0.104895610540907,0.0688018926559633));
#5596=CARTESIAN_POINT('',(0.0119134315647004,-0.104895610540907,0.0648018926559633));
#5597=CARTESIAN_POINT('',(0.0120004941469208,-0.105085145319948,0.0688018926559633));
#5598=CARTESIAN_POINT('',(0.0120004941469208,-0.105085145319948,0.0648018926559633));
#5599=CARTESIAN_POINT('',(0.0120791809442481,-0.10530113957185,0.0688018926559633));
#5600=CARTESIAN_POINT('',(0.0120791809442481,-0.10530113957185,0.0648018926559633));
#5601=CARTESIAN_POINT('',(0.0121689390685207,-0.105619191919667,0.0688018926559633));
#5602=CARTESIAN_POINT('',(0.0121689390685207,-0.105619191919667,0.0648018926559633));
#5603=CARTESIAN_POINT('',(0.0122158324283204,-0.105886940368106,0.0688018926559633));
#5604=CARTESIAN_POINT('',(0.0122158324283204,-0.105886940368106,0.0648018926559633));
#5605=CARTESIAN_POINT('',(0.0122362270078658,-0.10607507923964,0.0688018926559633));
#5606=CARTESIAN_POINT('',(0.0122362270078658,-0.10607507923964,0.0648018926559633));
#5607=CARTESIAN_POINT('',(0.0114121692043838,-0.104309075841117,0.0688018926559633));
#5608=CARTESIAN_POINT('',(0.007,-0.100026779749528,0.0688018926559633));
#5609=CARTESIAN_POINT('',(0.0113848109016611,-0.103746448196671,0.0688018926559633));
#5610=CARTESIAN_POINT('',(0.0116021208102415,-0.10347395019033,0.0688018926559633));
#5611=CARTESIAN_POINT('',(0.011932082573263,-0.103721104596523,0.0668018926559633));
#5612=CARTESIAN_POINT('',(0.0116991920305544,-0.104013140100096,0.0668018926559633));
#5613=CARTESIAN_POINT('',(0.010999999994242,-0.106141721759236,0.0688018926559633));
#5614=CARTESIAN_POINT('',(0.010999999994242,-0.106141721759236,0.0648018926559633));
#5615=CARTESIAN_POINT('',(0.0112086948669555,-0.106267095965236,0.0688018926559633));
#5616=CARTESIAN_POINT('',(0.0112086948669555,-0.106267095965236,0.0648018926559633));
#5617=CARTESIAN_POINT('',(0.0114561658648595,-0.106382560312189,0.0688018926559633));
#5618=CARTESIAN_POINT('',(0.0114561658648595,-0.106382560312189,0.0648018926559633));
#5619=CARTESIAN_POINT('',(0.0117314858699483,-0.106477596865404,0.0688018926559633));
#5620=CARTESIAN_POINT('',(0.0117314858699483,-0.106477596865404,0.0648018926559633));
#5621=CARTESIAN_POINT('',(0.011,-0.106141721762695,0.0688018926559633));
#5622=CARTESIAN_POINT('',(0.0130989764173495,-0.100806384599472,0.0688018926559633));
#5623=CARTESIAN_POINT('',(0.0130989764173495,-0.100806384599472,0.0648018926559633));
#5624=CARTESIAN_POINT('',(0.0132804951124597,-0.100829652185252,0.0688018926559633));
#5625=CARTESIAN_POINT('',(0.0132804951124597,-0.100829652185252,0.0648018926559633));
#5626=CARTESIAN_POINT('',(0.0135125277728047,-0.100859238704172,0.0688018926559633));
#5627=CARTESIAN_POINT('',(0.0135125277728047,-0.100859238704172,0.0648018926559633));
#5628=CARTESIAN_POINT('',(0.0135318155696979,-0.100861469294216,0.0688018926559633));
#5629=CARTESIAN_POINT('',(0.0135318155696979,-0.100861469294216,0.0648018926559633));
#5630=CARTESIAN_POINT('',(0.0135646066125101,-0.100863176119048,0.0688018926559633));
#5631=CARTESIAN_POINT('',(0.0135646066125101,-0.100863176119048,0.0648018926559633));
#5632=CARTESIAN_POINT('',(0.0136179097924045,-0.100862731380284,0.0688018926559633));
#5633=CARTESIAN_POINT('',(0.0136179097924045,-0.100862731380284,0.0648018926559633));
#5634=CARTESIAN_POINT('',(0.0137200659177871,-0.100855350038613,0.0688018926559633));
#5635=CARTESIAN_POINT('',(0.0137200659177871,-0.100855350038613,0.0648018926559633));
#5636=CARTESIAN_POINT('',(0.0138700796682312,-0.100832588888362,0.0688018926559633));
#5637=CARTESIAN_POINT('',(0.0138700796682312,-0.100832588888362,0.0648018926559633));
#5638=CARTESIAN_POINT('',(0.0140725465576465,-0.100782484154257,0.0688018926559633));
#5639=CARTESIAN_POINT('',(0.0140725465576465,-0.100782484154257,0.0648018926559633));
#5640=CARTESIAN_POINT('',(0.0142904780794901,-0.100709333756341,0.0688018926559633));
#5641=CARTESIAN_POINT('',(0.0142904780794901,-0.100709333756341,0.0648018926559633));
#5642=CARTESIAN_POINT('',(0.0145951046932041,-0.100581207088383,0.0688018926559634));
#5643=CARTESIAN_POINT('',(0.0145951046932041,-0.100581207088383,0.0648018926559633));
#5644=CARTESIAN_POINT('',(0.0148336763911868,-0.100450931366328,0.0688018926559633));
#5645=CARTESIAN_POINT('',(0.0148336763911868,-0.100450931366328,0.0648018926559633));
#5646=CARTESIAN_POINT('',(0.014993485096387,-0.100349573822954,0.0688018926559633));
#5647=CARTESIAN_POINT('',(0.014993485096387,-0.100349573822954,0.0648018926559633));
#5648=CARTESIAN_POINT('',(0.0130989764046629,-0.100806384597845,0.0648018926559633));
#5649=CARTESIAN_POINT('',(0.0128332457454307,-0.101970626743212,0.0688018926559633));
#5650=CARTESIAN_POINT('',(0.0128332457454307,-0.101970626743212,0.0648018926559633));
#5651=CARTESIAN_POINT('',(0.0130068838657858,-0.102028421382947,0.0688018926559633));
#5652=CARTESIAN_POINT('',(0.0130068838657858,-0.102028421382947,0.0648018926559633));
#5653=CARTESIAN_POINT('',(0.0132287751785497,-0.102102440048758,0.0688018926559633));
#5654=CARTESIAN_POINT('',(0.0132287751785497,-0.102102440048758,0.0648018926559633));
#5655=CARTESIAN_POINT('',(0.0132471206998297,-0.102108799018007,0.0688018926559633));
#5656=CARTESIAN_POINT('',(0.0132471206998297,-0.102108799018007,0.0648018926559633));
#5657=CARTESIAN_POINT('',(0.0132774049720897,-0.102121488722235,0.0688018926559634));
#5658=CARTESIAN_POINT('',(0.0132774049720897,-0.102121488722235,0.0648018926559633));
#5659=CARTESIAN_POINT('',(0.0133252365128169,-0.102145016801015,0.0688018926559633));
#5660=CARTESIAN_POINT('',(0.0133252365128169,-0.102145016801015,0.0648018926559633));
#5661=CARTESIAN_POINT('',(0.0134140733573285,-0.102195991041719,0.0688018926559633));
#5662=CARTESIAN_POINT('',(0.0134140733573285,-0.102195991041719,0.0648018926559633));
#5663=CARTESIAN_POINT('',(0.0135393553832582,-0.102281586656454,0.0688018926559633));
#5664=CARTESIAN_POINT('',(0.0135393553832582,-0.102281586656454,0.0648018926559633));
#5665=CARTESIAN_POINT('',(0.0137000321180215,-0.102414576553045,0.0688018926559633));
#5666=CARTESIAN_POINT('',(0.0137000321180215,-0.102414576553045,0.0648018926559633));
#5667=CARTESIAN_POINT('',(0.0138646428663714,-0.102575039727811,0.0688018926559633));
#5668=CARTESIAN_POINT('',(0.0138646428663714,-0.102575039727811,0.0648018926559633));
#5669=CARTESIAN_POINT('',(0.0140835098838883,-0.102822650400981,0.0688018926559633));
#5670=CARTESIAN_POINT('',(0.0140835098838883,-0.102822650400981,0.0648018926559633));
#5671=CARTESIAN_POINT('',(0.0142419310391313,-0.103043537151165,0.0688018926559633));
#5672=CARTESIAN_POINT('',(0.0142419310391313,-0.103043537151165,0.0648018926559633));
#5673=CARTESIAN_POINT('',(0.0143419363174298,-0.103204195540828,0.0688018926559633));
#5674=CARTESIAN_POINT('',(0.0143419363174298,-0.103204195540828,0.0648018926559633));
#5675=CARTESIAN_POINT('',(0.0128332457332948,-0.101970626739172,0.0688018926559633));
#5676=CARTESIAN_POINT('',(0.007,-0.100026779749528,0.0688018926559633));
#5677=CARTESIAN_POINT('',(0.0125644817681599,-0.101475587069987,0.0688018926559633));
#5678=CARTESIAN_POINT('',(0.0126420387765843,-0.101135787614026,0.0688018926559633));
#5679=CARTESIAN_POINT('',(0.0130465603305632,-0.101215300996065,0.0668018926559633));
#5680=CARTESIAN_POINT('',(0.0129634426581992,-0.101579463312582,0.0668018926559633));
#5681=CARTESIAN_POINT('',(0.0128332457454309,-0.0980829327558436,0.0688018926559633));
#5682=CARTESIAN_POINT('',(0.0128332457454309,-0.0980829327558436,0.0648018926559633));
#5683=CARTESIAN_POINT('',(0.0130068838657859,-0.0980251381161085,0.0688018926559633));
#5684=CARTESIAN_POINT('',(0.0130068838657859,-0.0980251381161085,0.0648018926559633));
#5685=CARTESIAN_POINT('',(0.0132287751785498,-0.0979511194502974,0.0688018926559633));
#5686=CARTESIAN_POINT('',(0.0132287751785498,-0.0979511194502974,0.0648018926559632));
#5687=CARTESIAN_POINT('',(0.0132471206998297,-0.0979447604810485,0.0688018926559633));
#5688=CARTESIAN_POINT('',(0.0132471206998297,-0.0979447604810485,0.0648018926559632));
#5689=CARTESIAN_POINT('',(0.0132774049720896,-0.0979320707768204,0.0688018926559633));
#5690=CARTESIAN_POINT('',(0.0132774049720896,-0.0979320707768204,0.0648018926559633));
#5691=CARTESIAN_POINT('',(0.0133252365128169,-0.0979085426980401,0.0688018926559633));
#5692=CARTESIAN_POINT('',(0.0133252365128169,-0.0979085426980401,0.0648018926559632));
#5693=CARTESIAN_POINT('',(0.0134140733573285,-0.0978575684573368,0.0688018926559633));
#5694=CARTESIAN_POINT('',(0.0134140733573285,-0.0978575684573368,0.0648018926559633));
#5695=CARTESIAN_POINT('',(0.0135393553832582,-0.0977719728426011,0.0688018926559633));
#5696=CARTESIAN_POINT('',(0.0135393553832582,-0.0977719728426011,0.0648018926559632));
#5697=CARTESIAN_POINT('',(0.0137000321180215,-0.0976389829460109,0.0688018926559633));
#5698=CARTESIAN_POINT('',(0.0137000321180215,-0.0976389829460109,0.0648018926559633));
#5699=CARTESIAN_POINT('',(0.0138646428663714,-0.0974785197712449,0.0688018926559633));
#5700=CARTESIAN_POINT('',(0.0138646428663714,-0.0974785197712449,0.0648018926559633));
#5701=CARTESIAN_POINT('',(0.0140835098838883,-0.0972309090980741,0.0688018926559633));
#5702=CARTESIAN_POINT('',(0.0140835098838883,-0.0972309090980741,0.0648018926559632));
#5703=CARTESIAN_POINT('',(0.0142419310391314,-0.0970100223478901,0.0688018926559633));
#5704=CARTESIAN_POINT('',(0.0142419310391314,-0.0970100223478901,0.0648018926559632));
#5705=CARTESIAN_POINT('',(0.0143419363174298,-0.0968493639582274,0.0688018926559633));
#5706=CARTESIAN_POINT('',(0.0143419363174298,-0.0968493639582274,0.0648018926559632));
#5707=CARTESIAN_POINT('',(0.012833245733295,-0.0980829327598829,0.0648018926559633));
#5708=CARTESIAN_POINT('',(0.0130989764173494,-0.0992471748995837,0.0688018926559633));
#5709=CARTESIAN_POINT('',(0.0130989764173494,-0.0992471748995837,0.0648018926559634));
#5710=CARTESIAN_POINT('',(0.0132804951124596,-0.0992239073138036,0.0688018926559633));
#5711=CARTESIAN_POINT('',(0.0132804951124596,-0.0992239073138036,0.0648018926559634));
#5712=CARTESIAN_POINT('',(0.0135125277728046,-0.0991943207948835,0.0688018926559633));
#5713=CARTESIAN_POINT('',(0.0135125277728046,-0.0991943207948835,0.0648018926559633));
#5714=CARTESIAN_POINT('',(0.0135318155696979,-0.0991920902048395,0.0688018926559633));
#5715=CARTESIAN_POINT('',(0.0135318155696979,-0.0991920902048395,0.0648018926559633));
#5716=CARTESIAN_POINT('',(0.01356460661251,-0.0991903833800075,0.0688018926559633));
#5717=CARTESIAN_POINT('',(0.01356460661251,-0.0991903833800075,0.0648018926559634));
#5718=CARTESIAN_POINT('',(0.0136179097924044,-0.0991908281187715,0.0688018926559633));
#5719=CARTESIAN_POINT('',(0.0136179097924044,-0.0991908281187715,0.0648018926559634));
#5720=CARTESIAN_POINT('',(0.0137200659177871,-0.099198209460442,0.0688018926559633));
#5721=CARTESIAN_POINT('',(0.0137200659177871,-0.099198209460442,0.0648018926559634));
#5722=CARTESIAN_POINT('',(0.0138700796682312,-0.0992209706106932,0.0688018926559633));
#5723=CARTESIAN_POINT('',(0.0138700796682312,-0.0992209706106932,0.0648018926559634));
#5724=CARTESIAN_POINT('',(0.0140725465576465,-0.0992710753447983,0.0688018926559633));
#5725=CARTESIAN_POINT('',(0.0140725465576465,-0.0992710753447983,0.0648018926559633));
#5726=CARTESIAN_POINT('',(0.0142904780794901,-0.0993442257427144,0.0688018926559633));
#5727=CARTESIAN_POINT('',(0.0142904780794901,-0.0993442257427144,0.0648018926559634));
#5728=CARTESIAN_POINT('',(0.0145951046932041,-0.0994723524106718,0.0688018926559633));
#5729=CARTESIAN_POINT('',(0.0145951046932041,-0.0994723524106718,0.0648018926559634));
#5730=CARTESIAN_POINT('',(0.0148336763911868,-0.099602628132727,0.0688018926559633));
#5731=CARTESIAN_POINT('',(0.0148336763911868,-0.099602628132727,0.0648018926559634));
#5732=CARTESIAN_POINT('',(0.014993485096387,-0.0997039856761014,0.0688018926559633));
#5733=CARTESIAN_POINT('',(0.014993485096387,-0.0997039856761014,0.0648018926559634));
#5734=CARTESIAN_POINT('',(0.0130989764046627,-0.0992471749012099,0.0688018926559633));
#5735=CARTESIAN_POINT('',(0.007,-0.100026779749528,0.0688018926559633));
#5736=CARTESIAN_POINT('',(0.0126420387765843,-0.0989177718850297,0.0688018926559633));
#5737=CARTESIAN_POINT('',(0.0125644817681599,-0.0985779724290687,0.0688018926559633));
#5738=CARTESIAN_POINT('',(0.0129634426581993,-0.0984740961864735,0.0668018926559633));
#5739=CARTESIAN_POINT('',(0.013046560330563,-0.0988382585029907,0.0668018926559633));
#5740=CARTESIAN_POINT('',(0.0091172084572489,-0.0942541958038414,0.0688018926559633));
#5741=CARTESIAN_POINT('',(0.0091172084572489,-0.0942541958038414,0.0648018926559633));
#5742=CARTESIAN_POINT('',(0.00918028438564143,-0.0940824056863143,0.0688018926559633));
#5743=CARTESIAN_POINT('',(0.00918028438564143,-0.0940824056863143,0.0648018926559633));
#5744=CARTESIAN_POINT('',(0.00926076123304932,-0.0938627741890288,0.0688018926559633));
#5745=CARTESIAN_POINT('',(0.00926076123304932,-0.0938627741890288,0.0648018926559633));
#5746=CARTESIAN_POINT('',(0.0092672278361224,-0.093844466330453,0.0688018926559633));
#5747=CARTESIAN_POINT('',(0.0092672278361224,-0.093844466330453,0.0648018926559633));
#5748=CARTESIAN_POINT('',(0.0092761885607643,-0.0938128772318015,0.0688018926559633));
#5749=CARTESIAN_POINT('',(0.0092761885607643,-0.0938128772318015,0.0648018926559633));
#5750=CARTESIAN_POINT('',(0.00928761604590259,-0.0937608115102294,0.0688018926559633));
#5751=CARTESIAN_POINT('',(0.00928761604590259,-0.0937608115102294,0.0648018926559633));
#5752=CARTESIAN_POINT('',(0.00930315164630819,-0.093659574149151,0.0688018926559633));
#5753=CARTESIAN_POINT('',(0.00930315164630819,-0.093659574149151,0.0648018926559633));
#5754=CARTESIAN_POINT('',(0.00931434236547001,-0.0935082567242203,0.0688018926559633));
#5755=CARTESIAN_POINT('',(0.00931434236547001,-0.0935082567242203,0.0648018926559633));
#5756=CARTESIAN_POINT('',(0.00931054698298638,-0.0932997167502079,0.0688018926559633));
#5757=CARTESIAN_POINT('',(0.00931054698298638,-0.0932997167502079,0.0648018926559633));
#5758=CARTESIAN_POINT('',(0.00928772494405006,-0.0930709717317548,0.0688018926559633));
#5759=CARTESIAN_POINT('',(0.00928772494405006,-0.0930709717317548,0.0648018926559633));
#5760=CARTESIAN_POINT('',(0.00923059647775504,-0.092745471877433,0.0688018926559633));
#5761=CARTESIAN_POINT('',(0.00923059647775504,-0.092745471877433,0.0648018926559633));
#5762=CARTESIAN_POINT('',(0.0091566742370939,-0.0924838925946692,0.0688018926559633));
#5763=CARTESIAN_POINT('',(0.0091566742370939,-0.0924838925946692,0.0648018926559633));
#5764=CARTESIAN_POINT('',(0.00909341872128412,-0.092305536452145,0.0688018926559633));
#5765=CARTESIAN_POINT('',(0.00909341872128412,-0.092305536452145,0.0648018926559633));
#5766=CARTESIAN_POINT('',(0.00911720845284039,-0.0942541958158481,0.0648018926559633));
#5767=CARTESIAN_POINT('',(0.0101931299824233,-0.0947723323021941,0.0688018926559633));
#5768=CARTESIAN_POINT('',(0.0101931299824233,-0.0947723323021941,0.0648018926559633));
#5769=CARTESIAN_POINT('',(0.0102881137065874,-0.0946159081692527,0.0688018926559633));
#5770=CARTESIAN_POINT('',(0.0102881137065874,-0.0946159081692527,0.0648018926559633));
#5771=CARTESIAN_POINT('',(0.0104096520320621,-0.094416050837615,0.0688018926559633));
#5772=CARTESIAN_POINT('',(0.0104096520320621,-0.094416050837615,0.0648018926559633));
#5773=CARTESIAN_POINT('',(0.0104199338312046,-0.0943995802806319,0.0688018926559633));
#5774=CARTESIAN_POINT('',(0.0104199338312046,-0.0943995802806319,0.0648018926559633));
#5775=CARTESIAN_POINT('',(0.0104390442626016,-0.0943728790231421,0.0688018926559633));
#5776=CARTESIAN_POINT('',(0.0104390442626016,-0.0943728790231421,0.0648018926559633));
#5777=CARTESIAN_POINT('',(0.0104726259624396,-0.0943314822090687,0.0688018926559633));
#5778=CARTESIAN_POINT('',(0.0104726259624396,-0.0943314822090687,0.0648018926559633));
#5779=CARTESIAN_POINT('',(0.0105420902301139,-0.0942562155253733,0.0688018926559633));
#5780=CARTESIAN_POINT('',(0.0105420902301139,-0.0942562155253733,0.0648018926559633));
#5781=CARTESIAN_POINT('',(0.0106534176574979,-0.0941531213975331,0.0688018926559633));
#5782=CARTESIAN_POINT('',(0.0106534176574979,-0.0941531213975331,0.0648018926559633));
#5783=CARTESIAN_POINT('',(0.0108188271568065,-0.0940260661999704,0.0688018926559633));
#5784=CARTESIAN_POINT('',(0.0108188271568065,-0.0940260661999704,0.0648018926559633));
#5785=CARTESIAN_POINT('',(0.0110118965222253,-0.0939012890022734,0.0688018926559633));
#5786=CARTESIAN_POINT('',(0.0110118965222253,-0.0939012890022734,0.0648018926559633));
#5787=CARTESIAN_POINT('',(0.0113020015720038,-0.0937430079960916,0.0688018926559633));
#5788=CARTESIAN_POINT('',(0.0113020015720038,-0.0937430079960916,0.0648018926559633));
#5789=CARTESIAN_POINT('',(0.0115526022536122,-0.0936377107159149,0.0688018926559633));
#5790=CARTESIAN_POINT('',(0.0115526022536122,-0.0936377107159149,0.0648018926559633));
#5791=CARTESIAN_POINT('',(0.0117314858699483,-0.0935759626336516,0.0688018926559633));
#5792=CARTESIAN_POINT('',(0.0117314858699483,-0.0935759626336516,0.0648018926559633));
#5793=CARTESIAN_POINT('',(0.0101931299757847,-0.0947723323131269,0.0688018926559633));
#5794=CARTESIAN_POINT('',(0.007,-0.100026779749528,0.0688018926559633));
#5795=CARTESIAN_POINT('',(0.00965069637612267,-0.094924201114993,0.0688018926559633));
#5796=CARTESIAN_POINT('',(0.0093366744599116,-0.0947729761303964,0.0688018926559633));
#5797=CARTESIAN_POINT('',(0.00950420878945024,-0.0943962901683766,0.0668018926559633));
#5798=CARTESIAN_POINT('',(0.00984074537430486,-0.0945583576459429,0.0668018926559633));
#5799=CARTESIAN_POINT('',(0.0114121692135654,-0.0957444836490334,0.0688018926559633));
#5800=CARTESIAN_POINT('',(0.0114121692135654,-0.0957444836490334,0.0648018926559633));
#5801=CARTESIAN_POINT('',(0.0115435355998972,-0.0956170737209875,0.0688018926559633));
#5802=CARTESIAN_POINT('',(0.0115435355998972,-0.0956170737209875,0.0648018926559633));
#5803=CARTESIAN_POINT('',(0.0117113372692688,-0.0954541101749882,0.0688018926559633));
#5804=CARTESIAN_POINT('',(0.0117113372692688,-0.0954541101749882,0.0648018926559633));
#5805=CARTESIAN_POINT('',(0.0117251069594528,-0.0954404211182942,0.0688018926559633));
#5806=CARTESIAN_POINT('',(0.0117251069594528,-0.0954404211182942,0.0648018926559633));
#5807=CARTESIAN_POINT('',(0.0117468862896272,-0.095415848236557,0.0688018926559633));
#5808=CARTESIAN_POINT('',(0.0117468862896272,-0.095415848236557,0.0648018926559633));
#5809=CARTESIAN_POINT('',(0.0117797725679309,-0.095373896842316,0.0688018926559633));
#5810=CARTESIAN_POINT('',(0.0117797725679309,-0.095373896842316,0.0648018926559633));
#5811=CARTESIAN_POINT('',(0.0118376949050035,-0.0952894257761094,0.0688018926559633));
#5812=CARTESIAN_POINT('',(0.0118376949050035,-0.0952894257761094,0.0648018926559633));
#5813=CARTESIAN_POINT('',(0.0119134315647004,-0.0951579489581489,0.0688018926559633));
#5814=CARTESIAN_POINT('',(0.0119134315647004,-0.0951579489581489,0.0648018926559633));
#5815=CARTESIAN_POINT('',(0.0120004941469208,-0.0949684141791072,0.0688018926559633));
#5816=CARTESIAN_POINT('',(0.0120004941469208,-0.0949684141791072,0.0648018926559633));
#5817=CARTESIAN_POINT('',(0.0120791809442481,-0.0947524199272053,0.0688018926559633));
#5818=CARTESIAN_POINT('',(0.0120791809442481,-0.0947524199272053,0.0648018926559633));
#5819=CARTESIAN_POINT('',(0.0121689390685207,-0.0944343675793883,0.0688018926559633));
#5820=CARTESIAN_POINT('',(0.0121689390685207,-0.0944343675793883,0.0648018926559633));
#5821=CARTESIAN_POINT('',(0.0122158324283204,-0.0941666191309479,0.0688018926559633));
#5822=CARTESIAN_POINT('',(0.0122158324283204,-0.0941666191309479,0.0648018926559633));
#5823=CARTESIAN_POINT('',(0.0122362270078659,-0.0939784802594151,0.0688018926559633));
#5824=CARTESIAN_POINT('',(0.0122362270078659,-0.0939784802594151,0.0648018926559633));
#5825=CARTESIAN_POINT('',(0.0114121692043839,-0.0957444836579383,0.0648018926559633));
#5826=CARTESIAN_POINT('',(0.012156730010775,-0.096678133357713,0.0688018926559633));
#5827=CARTESIAN_POINT('',(0.012156730010775,-0.096678133357713,0.0648018926559633));
#5828=CARTESIAN_POINT('',(0.0123101772768931,-0.0965784119771397,0.0688018926559633));
#5829=CARTESIAN_POINT('',(0.0123101772768931,-0.0965784119771397,0.0648018926559633));
#5830=CARTESIAN_POINT('',(0.0125063943707439,-0.0964510802464151,0.0688018926559633));
#5831=CARTESIAN_POINT('',(0.0125063943707439,-0.0964510802464151,0.0648018926559633));
#5832=CARTESIAN_POINT('',(0.0125228042585265,-0.0964407018927931,0.0688018926559633));
#5833=CARTESIAN_POINT('',(0.0125228042585265,-0.0964407018927931,0.0648018926559633));
#5834=CARTESIAN_POINT('',(0.0125516074037061,-0.0964249365964918,0.0688018926559633));
#5835=CARTESIAN_POINT('',(0.0125516074037061,-0.0964249365964918,0.0648018926559633));
#5836=CARTESIAN_POINT('',(0.0125998248742691,-0.0964022099092729,0.0688018926559632));
#5837=CARTESIAN_POINT('',(0.0125998248742691,-0.0964022099092729,0.0648018926559633));
#5838=CARTESIAN_POINT('',(0.0126950670070281,-0.0963645363866667,0.0688018926559634));
#5839=CARTESIAN_POINT('',(0.0126950670070281,-0.0963645363866667,0.0648018926559634));
#5840=CARTESIAN_POINT('',(0.0128401004189131,-0.0963199549474789,0.0688018926559633));
#5841=CARTESIAN_POINT('',(0.0128401004189131,-0.0963199549474789,0.0648018926559633));
#5842=CARTESIAN_POINT('',(0.0130442564124383,-0.0962772506620152,0.0688018926559633));
#5843=CARTESIAN_POINT('',(0.0130442564124383,-0.0962772506620152,0.0648018926559633));
#5844=CARTESIAN_POINT('',(0.0132723446971197,-0.096248599949643,0.0688018926559633));
#5845=CARTESIAN_POINT('',(0.0132723446971197,-0.096248599949643,0.0648018926559633));
#5846=CARTESIAN_POINT('',(0.0136023958701847,-0.0962318655544279,0.0688018926559633));
#5847=CARTESIAN_POINT('',(0.0136023958701847,-0.0962318655544279,0.0648018926559633));
#5848=CARTESIAN_POINT('',(0.0138738660602314,-0.096245727543875,0.0688018926559633));
#5849=CARTESIAN_POINT('',(0.0138738660602314,-0.096245727543875,0.0648018926559633));
#5850=CARTESIAN_POINT('',(0.0140618261183434,-0.0962677091364263,0.0688018926559633));
#5851=CARTESIAN_POINT('',(0.0140618261183434,-0.0962677091364263,0.0648018926559633));
#5852=CARTESIAN_POINT('',(0.0121567300000503,-0.0966781333646828,0.0688018926559633));
#5853=CARTESIAN_POINT('',(0.007,-0.100026779749528,0.0688018926559633));
#5854=CARTESIAN_POINT('',(0.0116021208102416,-0.0965796093087253,0.0688018926559633));
#5855=CARTESIAN_POINT('',(0.0113848109016611,-0.0963071113023843,0.0688018926559633));
#5856=CARTESIAN_POINT('',(0.0116991920305545,-0.0960404193989594,0.0668018926559633));
#5857=CARTESIAN_POINT('',(0.0119320825732629,-0.0963324549025327,0.0668018926559633));
#5858=CARTESIAN_POINT('',(0.011,-0.125771342396066,0.0688018926559633));
#5859=CARTESIAN_POINT('',(0.011,-0.145771342396066,0.0688018926559633));
#5860=CARTESIAN_POINT('',(0.007,-0.149771342396066,0.0688018926559633));
#5861=CARTESIAN_POINT('',(0.003,-0.153771342396065,0.0688018926559633));
#5862=CARTESIAN_POINT('',(0.003,-0.151771342396065,0.0688018926559633));
#5863=CARTESIAN_POINT('',(0.003,-0.149771342396066,0.0688018926559633));
#5864=CARTESIAN_POINT('',(0.00375,-0.1491099045683,0.0688018926559633));
#5865=CARTESIAN_POINT('',(0.0045,-0.148448466740533,0.0688018926559633));
#5866=CARTESIAN_POINT('',(0.00375,-0.147787028912767,0.0688018926559633));
#5867=CARTESIAN_POINT('',(0.003,-0.147125591085001,0.0688018926559633));
#5868=CARTESIAN_POINT('',(0.003,-0.146948466740533,0.0688018926559633));
#5869=CARTESIAN_POINT('',(0.003,-0.146771342396066,0.0688018926559633));
#5870=CARTESIAN_POINT('',(0.00375,-0.146109904568299,0.0688018926559633));
#5871=CARTESIAN_POINT('',(0.0045,-0.145448466740533,0.0688018926559633));
#5872=CARTESIAN_POINT('',(0.00375,-0.144787028912767,0.0688018926559633));
#5873=CARTESIAN_POINT('',(0.00299999999999996,-0.144125591085001,0.0688018926559633));
#5874=CARTESIAN_POINT('',(0.003,-0.143948466740533,0.0688018926559633));
#5875=CARTESIAN_POINT('',(0.003,-0.143771342396066,0.0688018926559633));
#5876=CARTESIAN_POINT('',(0.00375,-0.1431099045683,0.0688018926559633));
#5877=CARTESIAN_POINT('',(0.0045,-0.142448466740533,0.0688018926559633));
#5878=CARTESIAN_POINT('',(0.00375,-0.141787028912767,0.0688018926559633));
#5879=CARTESIAN_POINT('',(0.00299999999999996,-0.141125591085001,0.0688018926559633));
#5880=CARTESIAN_POINT('',(0.003,-0.140948466740533,0.0688018926559633));
#5881=CARTESIAN_POINT('',(0.003,-0.140771342396066,0.0688018926559633));
#5882=CARTESIAN_POINT('',(0.00375,-0.1401099045683,0.0688018926559633));
#5883=CARTESIAN_POINT('',(0.0045,-0.139448466740533,0.0688018926559633));
#5884=CARTESIAN_POINT('',(0.00375,-0.138787028912767,0.0688018926559633));
#5885=CARTESIAN_POINT('',(0.00299999999999996,-0.138125591085001,0.0688018926559633));
#5886=CARTESIAN_POINT('',(0.003,-0.137948466740533,0.0688018926559633));
#5887=CARTESIAN_POINT('',(0.003,-0.137771342396066,0.0688018926559633));
#5888=CARTESIAN_POINT('',(0.00375,-0.1371099045683,0.0688018926559633));
#5889=CARTESIAN_POINT('',(0.0045,-0.136448466740533,0.0688018926559633));
#5890=CARTESIAN_POINT('',(0.00375,-0.135787028912767,0.0688018926559633));
#5891=CARTESIAN_POINT('',(0.00299999999999996,-0.135125591085001,0.0688018926559633));
#5892=CARTESIAN_POINT('',(0.003,-0.134948466740533,0.0688018926559633));
#5893=CARTESIAN_POINT('',(0.003,-0.134771342396066,0.0688018926559633));
#5894=CARTESIAN_POINT('',(0.00375,-0.1341099045683,0.0688018926559633));
#5895=CARTESIAN_POINT('',(0.0045,-0.133448466740533,0.0688018926559633));
#5896=CARTESIAN_POINT('',(0.00375,-0.132787028912767,0.0688018926559633));
#5897=CARTESIAN_POINT('',(0.00299999999999996,-0.132125591085001,0.0688018926559633));
#5898=CARTESIAN_POINT('',(0.003,-0.131948466740533,0.0688018926559633));
#5899=CARTESIAN_POINT('',(0.003,-0.131771342396066,0.0688018926559633));
#5900=CARTESIAN_POINT('',(0.00375,-0.1311099045683,0.0688018926559633));
#5901=CARTESIAN_POINT('',(0.0045,-0.130448466740533,0.0688018926559633));
#5902=CARTESIAN_POINT('',(0.00375,-0.129787028912767,0.0688018926559633));
#5903=CARTESIAN_POINT('',(0.00299999999999996,-0.129125591085001,0.0688018926559633));
#5904=CARTESIAN_POINT('',(0.003,-0.128948466740533,0.0688018926559633));
#5905=CARTESIAN_POINT('',(0.003,-0.128771342396066,0.0688018926559633));
#5906=CARTESIAN_POINT('',(0.00375,-0.128109904568299,0.0688018926559633));
#5907=CARTESIAN_POINT('',(0.0045,-0.127448466740533,0.0688018926559633));
#5908=CARTESIAN_POINT('',(0.00375,-0.126787028912767,0.0688018926559633));
#5909=CARTESIAN_POINT('',(0.00299999999999996,-0.126125591085001,0.0688018926559633));
#5910=CARTESIAN_POINT('',(0.003,-0.125948466740533,0.0688018926559633));
#5911=CARTESIAN_POINT('',(0.003,-0.125771342396066,0.0688018926559633));
#5912=CARTESIAN_POINT('',(0.00375,-0.1251099045683,0.0688018926559633));
#5913=CARTESIAN_POINT('',(0.0045,-0.124448466740533,0.0688018926559633));
#5914=CARTESIAN_POINT('',(0.00375,-0.123787028912767,0.0688018926559633));
#5915=CARTESIAN_POINT('',(0.00299999999999996,-0.123125591085001,0.0688018926559633));
#5916=CARTESIAN_POINT('',(0.003,-0.122948466740533,0.0688018926559633));
#5917=CARTESIAN_POINT('',(0.003,-0.122771342396066,0.0688018926559633));
#5918=CARTESIAN_POINT('',(0.00375,-0.1221099045683,0.0688018926559633));
#5919=CARTESIAN_POINT('',(0.0045,-0.121448466740533,0.0688018926559633));
#5920=CARTESIAN_POINT('',(0.00375,-0.120787028912767,0.0688018926559633));
#5921=CARTESIAN_POINT('',(0.00299999999999996,-0.120125591085001,0.0688018926559633));
#5922=CARTESIAN_POINT('',(0.003,-0.107869646375805,0.0688018926559633));
#5923=CARTESIAN_POINT('',(0.00427944252370295,-0.108212990155424,0.0667018926559633));
#5924=CARTESIAN_POINT('',(0.00395885750045933,-0.102387701666383,0.0667018926559633));
#5925=CARTESIAN_POINT('',(0.00460002754694658,-0.114038278644465,0.0667018926559633));
#5926=CARTESIAN_POINT('',(0.007,-0.100026779749528,0.0667018926559633));
#5927=CARTESIAN_POINT('',(0.0100411424995407,-0.102387701666383,0.0667018926559633));
#5928=CARTESIAN_POINT('',(0.00972055747629703,-0.108212990155424,0.0667018926559633));
#5929=CARTESIAN_POINT('',(0.00939997245305341,-0.114038278644465,0.0667018926559633));
#5930=CARTESIAN_POINT('',(0.00699999999998731,-0.114026779749528,0.0667018926559633));
#5931=CARTESIAN_POINT('',(0.007,-0.114026779749528,0.0898018926559633));
#5932=CARTESIAN_POINT('',(0.007,-0.110026779749528,0.0898018926559633));
#5933=CARTESIAN_POINT('',(0.007,-0.106026779749528,0.0898018926559633));
#5934=MECHANICAL_DESIGN_GEOMETRIC_PRESENTATION_REPRESENTATION('',(#2180),
#5935);
#5935=(
GEOMETRIC_REPRESENTATION_CONTEXT(3)
GLOBAL_UNCERTAINTY_ASSIGNED_CONTEXT((#5936))
GLOBAL_UNIT_ASSIGNED_CONTEXT((#5939,#5938,#5937))
REPRESENTATION_CONTEXT('Driving Claw','TOP_LEVEL_ASSEMBLY_PART')
);
#5936=UNCERTAINTY_MEASURE_WITH_UNIT(LENGTH_MEASURE(2.E-5),#5939,
'DISTANCE_ACCURACY_VALUE','Maximum Tolerance applied to model');
#5937=(
NAMED_UNIT(*)
SI_UNIT($,.STERADIAN.)
SOLID_ANGLE_UNIT()
);
#5938=(
NAMED_UNIT(*)
PLANE_ANGLE_UNIT()
SI_UNIT($,.RADIAN.)
);
#5939=(
LENGTH_UNIT()
NAMED_UNIT(*)
SI_UNIT($,.METRE.)
);
#5940=PRODUCT_DEFINITION_SHAPE('','',#5941);
#5941=PRODUCT_DEFINITION('','',#5943,#5942);
#5942=PRODUCT_DEFINITION_CONTEXT('',#5949,'design');
#5943=PRODUCT_DEFINITION_FORMATION_WITH_SPECIFIED_SOURCE('','',#5945,
 .NOT_KNOWN.);
#5944=PRODUCT_RELATED_PRODUCT_CATEGORY('','',(#5945));
#5945=PRODUCT('Driving Claw','Driving Claw','Driving Claw',(#5947));
#5946=PRODUCT_CATEGORY('','');
#5947=PRODUCT_CONTEXT('',#5949,'mechanical');
#5948=APPLICATION_PROTOCOL_DEFINITION('international standard',
'ap242_managed_model_based_3d_engineering',2020,#5949);
#5949=APPLICATION_CONTEXT('managed model based 3d engineering');
ENDSEC;
END-ISO-10303-21;
