ISO-10303-21;
HEADER;
/* Generated by software containing ST-Developer
 * from STEP Tools, Inc. (www.steptools.com) 
 */
/* OPTION: using custom renumber hook */

FILE_DESCRIPTION(
/* description */ ('STEP AP242 Edition 2',
'CAx-IF Rec.Pracs.---Representation and Presentation of Product Manufa
cturing Information (PMI)---4.0---2014-10-13',
'CAx-IF Rec.Pracs.---3D Tessellated Geometry---0.4---2014-09-14','2;1',
'CAx-IF Rec.Pracs.---User Defined Attributes---1.5---2016-08-15'),
/* implementation_level */ '2;1');

FILE_NAME(
/* name */ 'LimeArm MKI - Y Drive',
/* time_stamp */ '2026-05-27T02:35:00Z',
/* author */ (''),
/* organization */ (''),
/* preprocessor_version */ 'ST-DEVELOPER v20',
/* originating_system */ 'ONSHAPE BY PTC INC, 1.215',
/* authorisation */ '  ');

FILE_SCHEMA (('AP242_MANAGED_MODEL_BASED_3D_ENGINEERING_MIM_LF { 1 0 10303 442 3 1 4 }'));
ENDSEC;

DATA;
#10=SHAPE_REPRESENTATION_RELATIONSHIP('','',#3095,#11);
#11=ADVANCED_BREP_SHAPE_REPRESENTATION('',(#3093),#9625);
#12=B_SPLINE_SURFACE_WITH_KNOTS('',3,1,((#7903,#7904),(#7905,#7906),(#7907,
#7908),(#7909,#7910),(#7911,#7912),(#7913,#7914),(#7915,#7916),(#7917,#7918),
(#7919,#7920),(#7921,#7922),(#7923,#7924),(#7925,#7926),(#7927,#7928)),
 .SURF_OF_LINEAR_EXTRUSION.,.F.,.F.,.F.,(4,1,1,1,1,1,1,1,1,1,4),(2,2),(0.0536911672659654,
0.08227010962959,0.110849051993215,0.168006936720464,0.225164821447713,
0.282322706174962,0.39663847562946,0.510954245083959,0.625270014538457,
0.739585783992955,0.968217322901952),(0.,1.),.UNSPECIFIED.);
#13=B_SPLINE_SURFACE_WITH_KNOTS('',3,1,((#7963,#7964),(#7965,#7966),(#7967,
#7968),(#7969,#7970),(#7971,#7972),(#7973,#7974),(#7975,#7976),(#7977,#7978),
(#7979,#7980),(#7981,#7982),(#7983,#7984),(#7985,#7986),(#7987,#7988)),
 .SURF_OF_LINEAR_EXTRUSION.,.F.,.F.,.F.,(4,1,1,1,1,1,1,1,1,1,4),(2,2),(0.0536911672659654,
0.08227010962959,0.110849051993215,0.168006936720464,0.225164821447713,
0.282322706174962,0.39663847562946,0.510954245083959,0.625270014538457,
0.739585783992955,0.968217322901952),(0.,1.),.UNSPECIFIED.);
#14=B_SPLINE_SURFACE_WITH_KNOTS('',3,1,((#8033,#8034),(#8035,#8036),(#8037,
#8038),(#8039,#8040),(#8041,#8042),(#8043,#8044),(#8045,#8046),(#8047,#8048),
(#8049,#8050),(#8051,#8052),(#8053,#8054),(#8055,#8056),(#8057,#8058)),
 .SURF_OF_LINEAR_EXTRUSION.,.F.,.F.,.F.,(4,1,1,1,1,1,1,1,1,1,4),(2,2),(0.0536911672659671,
0.0822701096295916,0.110849051993216,0.168006936720465,0.225164821447714,
0.282322706174963,0.396638475629461,0.510954245083959,0.625270014538458,
0.739585783992956,0.968217322901952),(0.,1.),.UNSPECIFIED.);
#15=B_SPLINE_SURFACE_WITH_KNOTS('',3,1,((#8060,#8061),(#8062,#8063),(#8064,
#8065),(#8066,#8067),(#8068,#8069),(#8070,#8071),(#8072,#8073),(#8074,#8075),
(#8076,#8077),(#8078,#8079),(#8080,#8081),(#8082,#8083),(#8084,#8085)),
 .SURF_OF_LINEAR_EXTRUSION.,.F.,.F.,.F.,(4,1,1,1,1,1,1,1,1,1,4),(2,2),(0.0536911672659674,
0.0822701096295919,0.110849051993216,0.168006936720465,0.225164821447714,
0.282322706174964,0.396638475629462,0.51095424508396,0.625270014538458,
0.739585783992956,0.968217322901952),(0.,1.),.UNSPECIFIED.);
#16=B_SPLINE_SURFACE_WITH_KNOTS('',3,1,((#8092,#8093),(#8094,#8095),(#8096,
#8097),(#8098,#8099),(#8100,#8101),(#8102,#8103),(#8104,#8105),(#8106,#8107),
(#8108,#8109),(#8110,#8111),(#8112,#8113),(#8114,#8115),(#8116,#8117)),
 .SURF_OF_LINEAR_EXTRUSION.,.F.,.F.,.F.,(4,1,1,1,1,1,1,1,1,1,4),(2,2),(0.0536911672659654,
0.08227010962959,0.110849051993215,0.168006936720464,0.225164821447713,
0.282322706174962,0.39663847562946,0.510954245083959,0.625270014538457,
0.739585783992955,0.968217322901952),(0.,1.),.UNSPECIFIED.);
#17=B_SPLINE_SURFACE_WITH_KNOTS('',3,1,((#8119,#8120),(#8121,#8122),(#8123,
#8124),(#8125,#8126),(#8127,#8128),(#8129,#8130),(#8131,#8132),(#8133,#8134),
(#8135,#8136),(#8137,#8138),(#8139,#8140),(#8141,#8142),(#8143,#8144)),
 .SURF_OF_LINEAR_EXTRUSION.,.F.,.F.,.F.,(4,1,1,1,1,1,1,1,1,1,4),(2,2),(0.0536911672659679,
0.0822701096295924,0.110849051993217,0.168006936720466,0.225164821447715,
0.282322706174964,0.396638475629462,0.51095424508396,0.625270014538458,
0.739585783992956,0.968217322901952),(0.,1.),.UNSPECIFIED.);
#18=B_SPLINE_SURFACE_WITH_KNOTS('',3,1,((#8151,#8152),(#8153,#8154),(#8155,
#8156),(#8157,#8158),(#8159,#8160),(#8161,#8162),(#8163,#8164),(#8165,#8166),
(#8167,#8168),(#8169,#8170),(#8171,#8172),(#8173,#8174),(#8175,#8176)),
 .SURF_OF_LINEAR_EXTRUSION.,.F.,.F.,.F.,(4,1,1,1,1,1,1,1,1,1,4),(2,2),(0.053691167265962,
0.0822701096295867,0.110849051993211,0.168006936720461,0.22516482144771,
0.282322706174959,0.396638475629458,0.510954245083957,0.625270014538456,
0.739585783992954,0.968217322901952),(0.,1.),.UNSPECIFIED.);
#19=B_SPLINE_SURFACE_WITH_KNOTS('',3,1,((#8178,#8179),(#8180,#8181),(#8182,
#8183),(#8184,#8185),(#8186,#8187),(#8188,#8189),(#8190,#8191),(#8192,#8193),
(#8194,#8195),(#8196,#8197),(#8198,#8199),(#8200,#8201),(#8202,#8203)),
 .SURF_OF_LINEAR_EXTRUSION.,.F.,.F.,.F.,(4,1,1,1,1,1,1,1,1,1,4),(2,2),(0.0536911672659643,
0.082270109629589,0.110849051993214,0.168006936720463,0.225164821447712,
0.282322706174961,0.39663847562946,0.510954245083958,0.625270014538457,
0.739585783992955,0.968217322901952),(0.,1.),.UNSPECIFIED.);
#20=B_SPLINE_SURFACE_WITH_KNOTS('',3,1,((#8210,#8211),(#8212,#8213),(#8214,
#8215),(#8216,#8217),(#8218,#8219),(#8220,#8221),(#8222,#8223),(#8224,#8225),
(#8226,#8227),(#8228,#8229),(#8230,#8231),(#8232,#8233),(#8234,#8235)),
 .SURF_OF_LINEAR_EXTRUSION.,.F.,.F.,.F.,(4,1,1,1,1,1,1,1,1,1,4),(2,2),(0.053691167265962,
0.0822701096295867,0.110849051993211,0.168006936720461,0.22516482144771,
0.282322706174959,0.396638475629458,0.510954245083957,0.625270014538456,
0.739585783992954,0.968217322901952),(0.,1.),.UNSPECIFIED.);
#21=B_SPLINE_SURFACE_WITH_KNOTS('',3,1,((#8270,#8271),(#8272,#8273),(#8274,
#8275),(#8276,#8277),(#8278,#8279),(#8280,#8281),(#8282,#8283),(#8284,#8285),
(#8286,#8287),(#8288,#8289),(#8290,#8291),(#8292,#8293),(#8294,#8295)),
 .SURF_OF_LINEAR_EXTRUSION.,.F.,.F.,.F.,(4,1,1,1,1,1,1,1,1,1,4),(2,2),(0.0536911672659647,
0.0822701096295893,0.110849051993214,0.168006936720463,0.225164821447712,
0.282322706174962,0.39663847562946,0.510954245083958,0.625270014538457,
0.739585783992955,0.968217322901952),(0.,1.),.UNSPECIFIED.);
#22=B_SPLINE_SURFACE_WITH_KNOTS('',3,1,((#8340,#8341),(#8342,#8343),(#8344,
#8345),(#8346,#8347),(#8348,#8349),(#8350,#8351),(#8352,#8353),(#8354,#8355),
(#8356,#8357),(#8358,#8359),(#8360,#8361),(#8362,#8363),(#8364,#8365)),
 .SURF_OF_LINEAR_EXTRUSION.,.F.,.F.,.F.,(4,1,1,1,1,1,1,1,1,1,4),(2,2),(0.0536911672659611,
0.0822701096295858,0.110849051993211,0.16800693672046,0.225164821447709,
0.282322706174959,0.396638475629458,0.510954245083957,0.625270014538455,
0.739585783992954,0.968217322901952),(0.,1.),.UNSPECIFIED.);
#23=B_SPLINE_SURFACE_WITH_KNOTS('',3,1,((#8367,#8368),(#8369,#8370),(#8371,
#8372),(#8373,#8374),(#8375,#8376),(#8377,#8378),(#8379,#8380),(#8381,#8382),
(#8383,#8384),(#8385,#8386),(#8387,#8388),(#8389,#8390),(#8391,#8392)),
 .SURF_OF_LINEAR_EXTRUSION.,.F.,.F.,.F.,(4,1,1,1,1,1,1,1,1,1,4),(2,2),(0.0536911672659675,
0.0822701096295921,0.110849051993217,0.168006936720466,0.225164821447715,
0.282322706174964,0.396638475629462,0.51095424508396,0.625270014538458,
0.739585783992956,0.968217322901952),(0.,1.),.UNSPECIFIED.);
#24=B_SPLINE_SURFACE_WITH_KNOTS('',3,1,((#8399,#8400),(#8401,#8402),(#8403,
#8404),(#8405,#8406),(#8407,#8408),(#8409,#8410),(#8411,#8412),(#8413,#8414),
(#8415,#8416),(#8417,#8418),(#8419,#8420),(#8421,#8422),(#8423,#8424)),
 .SURF_OF_LINEAR_EXTRUSION.,.F.,.F.,.F.,(4,1,1,1,1,1,1,1,1,1,4),(2,2),(0.0536911672659637,
0.0822701096295883,0.110849051993213,0.168006936720462,0.225164821447711,
0.282322706174961,0.396638475629459,0.510954245083958,0.625270014538456,
0.739585783992955,0.968217322901952),(0.,1.),.UNSPECIFIED.);
#25=B_SPLINE_SURFACE_WITH_KNOTS('',3,1,((#8426,#8427),(#8428,#8429),(#8430,
#8431),(#8432,#8433),(#8434,#8435),(#8436,#8437),(#8438,#8439),(#8440,#8441),
(#8442,#8443),(#8444,#8445),(#8446,#8447),(#8448,#8449),(#8450,#8451)),
 .SURF_OF_LINEAR_EXTRUSION.,.F.,.F.,.F.,(4,1,1,1,1,1,1,1,1,1,4),(2,2),(0.0536911672659702,
0.0822701096295946,0.110849051993219,0.168006936720468,0.225164821447717,
0.282322706174966,0.396638475629463,0.510954245083961,0.625270014538459,
0.739585783992956,0.968217322901952),(0.,1.),.UNSPECIFIED.);
#26=B_SPLINE_SURFACE_WITH_KNOTS('',3,1,((#8458,#8459),(#8460,#8461),(#8462,
#8463),(#8464,#8465),(#8466,#8467),(#8468,#8469),(#8470,#8471),(#8472,#8473),
(#8474,#8475),(#8476,#8477),(#8478,#8479),(#8480,#8481),(#8482,#8483)),
 .SURF_OF_LINEAR_EXTRUSION.,.F.,.F.,.F.,(4,1,1,1,1,1,1,1,1,1,4),(2,2),(0.0536911672659632,
0.0822701096295879,0.110849051993213,0.168006936720462,0.225164821447711,
0.28232270617496,0.396638475629459,0.510954245083958,0.625270014538456,
0.739585783992955,0.968217322901952),(0.,1.),.UNSPECIFIED.);
#27=B_SPLINE_SURFACE_WITH_KNOTS('',3,1,((#8485,#8486),(#8487,#8488),(#8489,
#8490),(#8491,#8492),(#8493,#8494),(#8495,#8496),(#8497,#8498),(#8499,#8500),
(#8501,#8502),(#8503,#8504),(#8505,#8506),(#8507,#8508),(#8509,#8510)),
 .SURF_OF_LINEAR_EXTRUSION.,.F.,.F.,.F.,(4,1,1,1,1,1,1,1,1,1,4),(2,2),(0.053691167265969,
0.0822701096295935,0.110849051993218,0.168006936720467,0.225164821447716,
0.282322706174965,0.396638475629463,0.51095424508396,0.625270014538458,
0.739585783992956,0.968217322901952),(0.,1.),.UNSPECIFIED.);
#28=B_SPLINE_SURFACE_WITH_KNOTS('',3,1,((#8517,#8518),(#8519,#8520),(#8521,
#8522),(#8523,#8524),(#8525,#8526),(#8527,#8528),(#8529,#8530),(#8531,#8532),
(#8533,#8534),(#8535,#8536),(#8537,#8538),(#8539,#8540),(#8541,#8542)),
 .SURF_OF_LINEAR_EXTRUSION.,.F.,.F.,.F.,(4,1,1,1,1,1,1,1,1,1,4),(2,2),(0.0536911672659629,
0.0822701096295876,0.110849051993212,0.168006936720462,0.225164821447711,
0.28232270617496,0.396638475629459,0.510954245083957,0.625270014538456,
0.739585783992955,0.968217322901952),(0.,1.),.UNSPECIFIED.);
#29=B_SPLINE_SURFACE_WITH_KNOTS('',3,1,((#8544,#8545),(#8546,#8547),(#8548,
#8549),(#8550,#8551),(#8552,#8553),(#8554,#8555),(#8556,#8557),(#8558,#8559),
(#8560,#8561),(#8562,#8563),(#8564,#8565),(#8566,#8567),(#8568,#8569)),
 .SURF_OF_LINEAR_EXTRUSION.,.F.,.F.,.F.,(4,1,1,1,1,1,1,1,1,1,4),(2,2),(0.0536911672659676,
0.0822701096295921,0.110849051993217,0.168006936720466,0.225164821447715,
0.282322706174964,0.396638475629462,0.51095424508396,0.625270014538458,
0.739585783992956,0.968217322901952),(0.,1.),.UNSPECIFIED.);
#30=B_SPLINE_SURFACE_WITH_KNOTS('',3,1,((#8576,#8577),(#8578,#8579),(#8580,
#8581),(#8582,#8583),(#8584,#8585),(#8586,#8587),(#8588,#8589),(#8590,#8591),
(#8592,#8593),(#8594,#8595),(#8596,#8597),(#8598,#8599),(#8600,#8601)),
 .SURF_OF_LINEAR_EXTRUSION.,.F.,.F.,.F.,(4,1,1,1,1,1,1,1,1,1,4),(2,2),(0.0536911672659651,
0.0822701096295897,0.110849051993214,0.168006936720463,0.225164821447713,
0.282322706174962,0.39663847562946,0.510954245083958,0.625270014538457,
0.739585783992955,0.968217322901952),(0.,1.),.UNSPECIFIED.);
#31=B_SPLINE_SURFACE_WITH_KNOTS('',3,1,((#8603,#8604),(#8605,#8606),(#8607,
#8608),(#8609,#8610),(#8611,#8612),(#8613,#8614),(#8615,#8616),(#8617,#8618),
(#8619,#8620),(#8621,#8622),(#8623,#8624),(#8625,#8626),(#8627,#8628)),
 .SURF_OF_LINEAR_EXTRUSION.,.F.,.F.,.F.,(4,1,1,1,1,1,1,1,1,1,4),(2,2),(0.0536911672659664,
0.0822701096295909,0.110849051993215,0.168006936720465,0.225164821447714,
0.282322706174963,0.396638475629461,0.510954245083959,0.625270014538457,
0.739585783992956,0.968217322901952),(0.,1.),.UNSPECIFIED.);
#32=B_SPLINE_SURFACE_WITH_KNOTS('',3,1,((#8635,#8636),(#8637,#8638),(#8639,
#8640),(#8641,#8642),(#8643,#8644),(#8645,#8646),(#8647,#8648),(#8649,#8650),
(#8651,#8652),(#8653,#8654),(#8655,#8656),(#8657,#8658),(#8659,#8660)),
 .SURF_OF_LINEAR_EXTRUSION.,.F.,.F.,.F.,(4,1,1,1,1,1,1,1,1,1,4),(2,2),(0.0536911672659637,
0.0822701096295884,0.110849051993213,0.168006936720462,0.225164821447712,
0.282322706174961,0.396638475629459,0.510954245083958,0.625270014538456,
0.739585783992955,0.968217322901952),(0.,1.),.UNSPECIFIED.);
#33=B_SPLINE_SURFACE_WITH_KNOTS('',3,1,((#8662,#8663),(#8664,#8665),(#8666,
#8667),(#8668,#8669),(#8670,#8671),(#8672,#8673),(#8674,#8675),(#8676,#8677),
(#8678,#8679),(#8680,#8681),(#8682,#8683),(#8684,#8685),(#8686,#8687)),
 .SURF_OF_LINEAR_EXTRUSION.,.F.,.F.,.F.,(4,1,1,1,1,1,1,1,1,1,4),(2,2),(0.0536911672659666,
0.0822701096295911,0.110849051993216,0.168006936720465,0.225164821447714,
0.282322706174963,0.396638475629461,0.510954245083959,0.625270014538457,
0.739585783992956,0.968217322901952),(0.,1.),.UNSPECIFIED.);
#34=B_SPLINE_SURFACE_WITH_KNOTS('',3,1,((#8694,#8695),(#8696,#8697),(#8698,
#8699),(#8700,#8701),(#8702,#8703),(#8704,#8705),(#8706,#8707),(#8708,#8709),
(#8710,#8711),(#8712,#8713),(#8714,#8715),(#8716,#8717),(#8718,#8719)),
 .SURF_OF_LINEAR_EXTRUSION.,.F.,.F.,.F.,(4,1,1,1,1,1,1,1,1,1,4),(2,2),(0.0536911672659634,
0.0822701096295881,0.110849051993213,0.168006936720462,0.225164821447711,
0.282322706174961,0.396638475629459,0.510954245083958,0.625270014538456,
0.739585783992955,0.968217322901952),(0.,1.),.UNSPECIFIED.);
#35=B_SPLINE_SURFACE_WITH_KNOTS('',3,1,((#8721,#8722),(#8723,#8724),(#8725,
#8726),(#8727,#8728),(#8729,#8730),(#8731,#8732),(#8733,#8734),(#8735,#8736),
(#8737,#8738),(#8739,#8740),(#8741,#8742),(#8743,#8744),(#8745,#8746)),
 .SURF_OF_LINEAR_EXTRUSION.,.F.,.F.,.F.,(4,1,1,1,1,1,1,1,1,1,4),(2,2),(0.0536911672659651,
0.0822701096295897,0.110849051993214,0.168006936720463,0.225164821447713,
0.282322706174962,0.39663847562946,0.510954245083958,0.625270014538457,
0.739585783992955,0.968217322901952),(0.,1.),.UNSPECIFIED.);
#36=B_SPLINE_SURFACE_WITH_KNOTS('',3,1,((#8753,#8754),(#8755,#8756),(#8757,
#8758),(#8759,#8760),(#8761,#8762),(#8763,#8764),(#8765,#8766),(#8767,#8768),
(#8769,#8770),(#8771,#8772),(#8773,#8774),(#8775,#8776),(#8777,#8778)),
 .SURF_OF_LINEAR_EXTRUSION.,.F.,.F.,.F.,(4,1,1,1,1,1,1,1,1,1,4),(2,2),(0.0536911672659646,
0.0822701096295892,0.110849051993214,0.168006936720463,0.225164821447712,
0.282322706174961,0.39663847562946,0.510954245083958,0.625270014538457,
0.739585783992955,0.968217322901952),(0.,1.),.UNSPECIFIED.);
#37=B_SPLINE_SURFACE_WITH_KNOTS('',3,1,((#8813,#8814),(#8815,#8816),(#8817,
#8818),(#8819,#8820),(#8821,#8822),(#8823,#8824),(#8825,#8826),(#8827,#8828),
(#8829,#8830),(#8831,#8832),(#8833,#8834),(#8835,#8836),(#8837,#8838)),
 .SURF_OF_LINEAR_EXTRUSION.,.F.,.F.,.F.,(4,1,1,1,1,1,1,1,1,1,4),(2,2),(0.0536911672659683,
0.0822701096295928,0.110849051993217,0.168006936720466,0.225164821447715,
0.282322706174964,0.396638475629462,0.51095424508396,0.625270014538458,
0.739585783992956,0.968217322901952),(0.,1.),.UNSPECIFIED.);
#38=B_SPLINE_SURFACE_WITH_KNOTS('',3,1,((#8883,#8884),(#8885,#8886),(#8887,
#8888),(#8889,#8890),(#8891,#8892),(#8893,#8894),(#8895,#8896),(#8897,#8898),
(#8899,#8900),(#8901,#8902),(#8903,#8904),(#8905,#8906),(#8907,#8908)),
 .SURF_OF_LINEAR_EXTRUSION.,.F.,.F.,.F.,(4,1,1,1,1,1,1,1,1,1,4),(2,2),(0.0536911672659642,
0.0822701096295888,0.110849051993213,0.168006936720463,0.225164821447712,
0.282322706174961,0.39663847562946,0.510954245083958,0.625270014538456,
0.739585783992955,0.968217322901952),(0.,1.),.UNSPECIFIED.);
#39=B_SPLINE_SURFACE_WITH_KNOTS('',3,1,((#8910,#8911),(#8912,#8913),(#8914,
#8915),(#8916,#8917),(#8918,#8919),(#8920,#8921),(#8922,#8923),(#8924,#8925),
(#8926,#8927),(#8928,#8929),(#8930,#8931),(#8932,#8933),(#8934,#8935)),
 .SURF_OF_LINEAR_EXTRUSION.,.F.,.F.,.F.,(4,1,1,1,1,1,1,1,1,1,4),(2,2),(0.05369116726597,
0.0822701096295945,0.110849051993219,0.168006936720468,0.225164821447717,
0.282322706174966,0.396638475629463,0.510954245083961,0.625270014538459,
0.739585783992956,0.968217322901952),(0.,1.),.UNSPECIFIED.);
#40=B_SPLINE_SURFACE_WITH_KNOTS('',3,1,((#8942,#8943),(#8944,#8945),(#8946,
#8947),(#8948,#8949),(#8950,#8951),(#8952,#8953),(#8954,#8955),(#8956,#8957),
(#8958,#8959),(#8960,#8961),(#8962,#8963),(#8964,#8965),(#8966,#8967)),
 .SURF_OF_LINEAR_EXTRUSION.,.F.,.F.,.F.,(4,1,1,1,1,1,1,1,1,1,4),(2,2),(0.0536911672659667,
0.0822701096295912,0.110849051993216,0.168006936720465,0.225164821447714,
0.282322706174963,0.396638475629461,0.510954245083959,0.625270014538457,
0.739585783992956,0.968217322901952),(0.,1.),.UNSPECIFIED.);
#41=B_SPLINE_SURFACE_WITH_KNOTS('',3,1,((#8969,#8970),(#8971,#8972),(#8973,
#8974),(#8975,#8976),(#8977,#8978),(#8979,#8980),(#8981,#8982),(#8983,#8984),
(#8985,#8986),(#8987,#8988),(#8989,#8990),(#8991,#8992),(#8993,#8994)),
 .SURF_OF_LINEAR_EXTRUSION.,.F.,.F.,.F.,(4,1,1,1,1,1,1,1,1,1,4),(2,2),(0.053691167265966,
0.0822701096295905,0.110849051993215,0.168006936720464,0.225164821447713,
0.282322706174962,0.396638475629461,0.510954245083959,0.625270014538457,
0.739585783992955,0.968217322901952),(0.,1.),.UNSPECIFIED.);
#42=B_SPLINE_SURFACE_WITH_KNOTS('',3,1,((#9001,#9002),(#9003,#9004),(#9005,
#9006),(#9007,#9008),(#9009,#9010),(#9011,#9012),(#9013,#9014),(#9015,#9016),
(#9017,#9018),(#9019,#9020),(#9021,#9022),(#9023,#9024),(#9025,#9026)),
 .SURF_OF_LINEAR_EXTRUSION.,.F.,.F.,.F.,(4,1,1,1,1,1,1,1,1,1,4),(2,2),(0.0536911672659649,
0.0822701096295895,0.110849051993214,0.168006936720463,0.225164821447712,
0.282322706174962,0.39663847562946,0.510954245083958,0.625270014538457,
0.739585783992955,0.968217322901952),(0.,1.),.UNSPECIFIED.);
#43=B_SPLINE_SURFACE_WITH_KNOTS('',3,1,((#9028,#9029),(#9030,#9031),(#9032,
#9033),(#9034,#9035),(#9036,#9037),(#9038,#9039),(#9040,#9041),(#9042,#9043),
(#9044,#9045),(#9046,#9047),(#9048,#9049),(#9050,#9051),(#9052,#9053)),
 .SURF_OF_LINEAR_EXTRUSION.,.F.,.F.,.F.,(4,1,1,1,1,1,1,1,1,1,4),(2,2),(0.0536911672659661,
0.0822701096295907,0.110849051993215,0.168006936720464,0.225164821447713,
0.282322706174963,0.396638475629461,0.510954245083959,0.625270014538457,
0.739585783992955,0.968217322901952),(0.,1.),.UNSPECIFIED.);
#44=B_SPLINE_SURFACE_WITH_KNOTS('',3,1,((#9060,#9061),(#9062,#9063),(#9064,
#9065),(#9066,#9067),(#9068,#9069),(#9070,#9071),(#9072,#9073),(#9074,#9075),
(#9076,#9077),(#9078,#9079),(#9080,#9081),(#9082,#9083),(#9084,#9085)),
 .SURF_OF_LINEAR_EXTRUSION.,.F.,.F.,.F.,(4,1,1,1,1,1,1,1,1,1,4),(2,2),(0.0536911672659616,
0.0822701096295863,0.110849051993211,0.16800693672046,0.22516482144771,
0.282322706174959,0.396638475629458,0.510954245083957,0.625270014538456,
0.739585783992954,0.968217322901952),(0.,1.),.UNSPECIFIED.);
#45=B_SPLINE_SURFACE_WITH_KNOTS('',3,1,((#9087,#9088),(#9089,#9090),(#9091,
#9092),(#9093,#9094),(#9095,#9096),(#9097,#9098),(#9099,#9100),(#9101,#9102),
(#9103,#9104),(#9105,#9106),(#9107,#9108),(#9109,#9110),(#9111,#9112)),
 .SURF_OF_LINEAR_EXTRUSION.,.F.,.F.,.F.,(4,1,1,1,1,1,1,1,1,1,4),(2,2),(0.0536911672659689,
0.0822701096295934,0.110849051993218,0.168006936720467,0.225164821447716,
0.282322706174965,0.396638475629463,0.51095424508396,0.625270014538458,
0.739585783992956,0.968217322901952),(0.,1.),.UNSPECIFIED.);
#46=B_SPLINE_SURFACE_WITH_KNOTS('',3,1,((#9119,#9120),(#9121,#9122),(#9123,
#9124),(#9125,#9126),(#9127,#9128),(#9129,#9130),(#9131,#9132),(#9133,#9134),
(#9135,#9136),(#9137,#9138),(#9139,#9140),(#9141,#9142),(#9143,#9144)),
 .SURF_OF_LINEAR_EXTRUSION.,.F.,.F.,.F.,(4,1,1,1,1,1,1,1,1,1,4),(2,2),(0.0536911672659656,
0.0822701096295902,0.110849051993215,0.168006936720464,0.225164821447713,
0.282322706174962,0.396638475629461,0.510954245083959,0.625270014538457,
0.739585783992955,0.968217322901952),(0.,1.),.UNSPECIFIED.);
#47=B_SPLINE_SURFACE_WITH_KNOTS('',3,1,((#9146,#9147),(#9148,#9149),(#9150,
#9151),(#9152,#9153),(#9154,#9155),(#9156,#9157),(#9158,#9159),(#9160,#9161),
(#9162,#9163),(#9164,#9165),(#9166,#9167),(#9168,#9169),(#9170,#9171)),
 .SURF_OF_LINEAR_EXTRUSION.,.F.,.F.,.F.,(4,1,1,1,1,1,1,1,1,1,4),(2,2),(0.0536911672659664,
0.0822701096295909,0.110849051993215,0.168006936720465,0.225164821447714,
0.282322706174963,0.396638475629461,0.510954245083959,0.625270014538457,
0.739585783992956,0.968217322901952),(0.,1.),.UNSPECIFIED.);
#48=B_SPLINE_SURFACE_WITH_KNOTS('',3,1,((#9178,#9179),(#9180,#9181),(#9182,
#9183),(#9184,#9185),(#9186,#9187),(#9188,#9189),(#9190,#9191),(#9192,#9193),
(#9194,#9195),(#9196,#9197),(#9198,#9199),(#9200,#9201),(#9202,#9203)),
 .SURF_OF_LINEAR_EXTRUSION.,.F.,.F.,.F.,(4,1,1,1,1,1,1,1,1,1,4),(2,2),(0.0536911672659652,
0.0822701096295898,0.110849051993214,0.168006936720464,0.225164821447713,
0.282322706174962,0.39663847562946,0.510954245083959,0.625270014538457,
0.739585783992955,0.968217322901952),(0.,1.),.UNSPECIFIED.);
#49=B_SPLINE_SURFACE_WITH_KNOTS('',3,1,((#9205,#9206),(#9207,#9208),(#9209,
#9210),(#9211,#9212),(#9213,#9214),(#9215,#9216),(#9217,#9218),(#9219,#9220),
(#9221,#9222),(#9223,#9224),(#9225,#9226),(#9227,#9228),(#9229,#9230)),
 .SURF_OF_LINEAR_EXTRUSION.,.F.,.F.,.F.,(4,1,1,1,1,1,1,1,1,1,4),(2,2),(0.053691167265966,
0.0822701096295906,0.110849051993215,0.168006936720464,0.225164821447713,
0.282322706174963,0.396638475629461,0.510954245083959,0.625270014538457,
0.739585783992955,0.968217322901952),(0.,1.),.UNSPECIFIED.);
#50=B_SPLINE_SURFACE_WITH_KNOTS('',3,1,((#9237,#9238),(#9239,#9240),(#9241,
#9242),(#9243,#9244),(#9245,#9246),(#9247,#9248),(#9249,#9250),(#9251,#9252),
(#9253,#9254),(#9255,#9256),(#9257,#9258),(#9259,#9260),(#9261,#9262)),
 .SURF_OF_LINEAR_EXTRUSION.,.F.,.F.,.F.,(4,1,1,1,1,1,1,1,1,1,4),(2,2),(0.0536911672659637,
0.0822701096295883,0.110849051993213,0.168006936720462,0.225164821447711,
0.282322706174961,0.396638475629459,0.510954245083958,0.625270014538456,
0.739585783992955,0.968217322901952),(0.,1.),.UNSPECIFIED.);
#51=B_SPLINE_SURFACE_WITH_KNOTS('',3,1,((#9264,#9265),(#9266,#9267),(#9268,
#9269),(#9270,#9271),(#9272,#9273),(#9274,#9275),(#9276,#9277),(#9278,#9279),
(#9280,#9281),(#9282,#9283),(#9284,#9285),(#9286,#9287),(#9288,#9289)),
 .SURF_OF_LINEAR_EXTRUSION.,.F.,.F.,.F.,(4,1,1,1,1,1,1,1,1,1,4),(2,2),(0.0536911672659685,
0.082270109629593,0.110849051993217,0.168006936720466,0.225164821447715,
0.282322706174964,0.396638475629462,0.51095424508396,0.625270014538458,
0.739585783992956,0.968217322901952),(0.,1.),.UNSPECIFIED.);
#52=B_SPLINE_SURFACE_WITH_KNOTS('',3,1,((#9296,#9297),(#9298,#9299),(#9300,
#9301),(#9302,#9303),(#9304,#9305),(#9306,#9307),(#9308,#9309),(#9310,#9311),
(#9312,#9313),(#9314,#9315),(#9316,#9317),(#9318,#9319),(#9320,#9321)),
 .SURF_OF_LINEAR_EXTRUSION.,.F.,.F.,.F.,(4,1,1,1,1,1,1,1,1,1,4),(2,2),(0.0536911672659653,
0.0822701096295899,0.110849051993215,0.168006936720464,0.225164821447713,
0.282322706174962,0.39663847562946,0.510954245083959,0.625270014538457,
0.739585783992955,0.968217322901952),(0.,1.),.UNSPECIFIED.);
#53=B_SPLINE_SURFACE_WITH_KNOTS('',3,1,((#9323,#9324),(#9325,#9326),(#9327,
#9328),(#9329,#9330),(#9331,#9332),(#9333,#9334),(#9335,#9336),(#9337,#9338),
(#9339,#9340),(#9341,#9342),(#9343,#9344),(#9345,#9346),(#9347,#9348)),
 .SURF_OF_LINEAR_EXTRUSION.,.F.,.F.,.F.,(4,1,1,1,1,1,1,1,1,1,4),(2,2),(0.053691167265964,
0.0822701096295886,0.110849051993213,0.168006936720462,0.225164821447712,
0.282322706174961,0.396638475629459,0.510954245083958,0.625270014538456,
0.739585783992955,0.968217322901952),(0.,1.),.UNSPECIFIED.);
#54=B_SPLINE_SURFACE_WITH_KNOTS('',3,1,((#9355,#9356),(#9357,#9358),(#9359,
#9360),(#9361,#9362),(#9363,#9364),(#9365,#9366),(#9367,#9368),(#9369,#9370),
(#9371,#9372),(#9373,#9374),(#9375,#9376),(#9377,#9378),(#9379,#9380)),
 .SURF_OF_LINEAR_EXTRUSION.,.F.,.F.,.F.,(4,1,1,1,1,1,1,1,1,1,4),(2,2),(0.0536911672659639,
0.0822701096295885,0.110849051993213,0.168006936720462,0.225164821447712,
0.282322706174961,0.396638475629459,0.510954245083958,0.625270014538456,
0.739585783992955,0.968217322901952),(0.,1.),.UNSPECIFIED.);
#55=B_SPLINE_SURFACE_WITH_KNOTS('',3,1,((#9382,#9383),(#9384,#9385),(#9386,
#9387),(#9388,#9389),(#9390,#9391),(#9392,#9393),(#9394,#9395),(#9396,#9397),
(#9398,#9399),(#9400,#9401),(#9402,#9403),(#9404,#9405),(#9406,#9407)),
 .SURF_OF_LINEAR_EXTRUSION.,.F.,.F.,.F.,(4,1,1,1,1,1,1,1,1,1,4),(2,2),(0.0536911672659654,
0.08227010962959,0.110849051993215,0.168006936720464,0.225164821447713,
0.282322706174962,0.39663847562946,0.510954245083959,0.625270014538457,
0.739585783992955,0.968217322901952),(0.,1.),.UNSPECIFIED.);
#56=B_SPLINE_SURFACE_WITH_KNOTS('',3,1,((#9414,#9415),(#9416,#9417),(#9418,
#9419),(#9420,#9421),(#9422,#9423),(#9424,#9425),(#9426,#9427),(#9428,#9429),
(#9430,#9431),(#9432,#9433),(#9434,#9435),(#9436,#9437),(#9438,#9439)),
 .SURF_OF_LINEAR_EXTRUSION.,.F.,.F.,.F.,(4,1,1,1,1,1,1,1,1,1,4),(2,2),(0.0536911672659626,
0.0822701096295872,0.110849051993212,0.168006936720461,0.225164821447711,
0.28232270617496,0.396638475629459,0.510954245083957,0.625270014538456,
0.739585783992955,0.968217322901952),(0.,1.),.UNSPECIFIED.);
#57=B_SPLINE_SURFACE_WITH_KNOTS('',3,1,((#9441,#9442),(#9443,#9444),(#9445,
#9446),(#9447,#9448),(#9449,#9450),(#9451,#9452),(#9453,#9454),(#9455,#9456),
(#9457,#9458),(#9459,#9460),(#9461,#9462),(#9463,#9464),(#9465,#9466)),
 .SURF_OF_LINEAR_EXTRUSION.,.F.,.F.,.F.,(4,1,1,1,1,1,1,1,1,1,4),(2,2),(0.0536911672659649,
0.0822701096295895,0.110849051993214,0.168006936720463,0.225164821447712,
0.282322706174962,0.39663847562946,0.510954245083958,0.625270014538457,
0.739585783992955,0.968217322901952),(0.,1.),.UNSPECIFIED.);
#58=B_SPLINE_SURFACE_WITH_KNOTS('',3,1,((#9473,#9474),(#9475,#9476),(#9477,
#9478),(#9479,#9480),(#9481,#9482),(#9483,#9484),(#9485,#9486),(#9487,#9488),
(#9489,#9490),(#9491,#9492),(#9493,#9494),(#9495,#9496),(#9497,#9498)),
 .SURF_OF_LINEAR_EXTRUSION.,.F.,.F.,.F.,(4,1,1,1,1,1,1,1,1,1,4),(2,2),(0.0536911672659626,
0.0822701096295873,0.110849051993212,0.168006936720461,0.225164821447711,
0.28232270617496,0.396638475629459,0.510954245083957,0.625270014538456,
0.739585783992955,0.968217322901952),(0.,1.),.UNSPECIFIED.);
#59=B_SPLINE_SURFACE_WITH_KNOTS('',3,1,((#9500,#9501),(#9502,#9503),(#9504,
#9505),(#9506,#9507),(#9508,#9509),(#9510,#9511),(#9512,#9513),(#9514,#9515),
(#9516,#9517),(#9518,#9519),(#9520,#9521),(#9522,#9523),(#9524,#9525)),
 .SURF_OF_LINEAR_EXTRUSION.,.F.,.F.,.F.,(4,1,1,1,1,1,1,1,1,1,4),(2,2),(0.0536911672659688,
0.0822701096295932,0.110849051993218,0.168006936720467,0.225164821447716,
0.282322706174965,0.396638475629462,0.51095424508396,0.625270014538458,
0.739585783992956,0.968217322901952),(0.,1.),.UNSPECIFIED.);
#60=B_SPLINE_SURFACE_WITH_KNOTS('',3,1,((#9532,#9533),(#9534,#9535),(#9536,
#9537),(#9538,#9539),(#9540,#9541),(#9542,#9543),(#9544,#9545),(#9546,#9547),
(#9548,#9549),(#9550,#9551),(#9552,#9553),(#9554,#9555),(#9556,#9557)),
 .SURF_OF_LINEAR_EXTRUSION.,.F.,.F.,.F.,(4,1,1,1,1,1,1,1,1,1,4),(2,2),(0.053691167265965,
0.0822701096295896,0.110849051993214,0.168006936720463,0.225164821447713,
0.282322706174962,0.39663847562946,0.510954245083958,0.625270014538457,
0.739585783992955,0.968217322901952),(0.,1.),.UNSPECIFIED.);
#61=B_SPLINE_SURFACE_WITH_KNOTS('',3,1,((#9559,#9560),(#9561,#9562),(#9563,
#9564),(#9565,#9566),(#9567,#9568),(#9569,#9570),(#9571,#9572),(#9573,#9574),
(#9575,#9576),(#9577,#9578),(#9579,#9580),(#9581,#9582),(#9583,#9584)),
 .SURF_OF_LINEAR_EXTRUSION.,.F.,.F.,.F.,(4,1,1,1,1,1,1,1,1,1,4),(2,2),(0.0536911672659657,
0.0822701096295903,0.110849051993215,0.168006936720464,0.225164821447713,
0.282322706174962,0.396638475629461,0.510954245083959,0.625270014538457,
0.739585783992955,0.968217322901952),(0.,1.),.UNSPECIFIED.);
#62=B_SPLINE_CURVE_WITH_KNOTS('',3,(#4490,#4491,#4492,#4493,#4494,#4495,
#4496,#4497,#4498,#4499,#4500,#4501,#4502,#4503,#4504,#4505,#4506,#4507,
#4508,#4509,#4510,#4511,#4512,#4513,#4514,#4515,#4516,#4517,#4518,#4519,
#4520,#4521),.UNSPECIFIED.,.F.,.F.,(4,1,1,1,1,1,1,1,1,1,1,1,1,1,1,1,1,1,
1,1,1,1,1,1,1,1,1,1,1,4),(0.,0.0905435754010973,0.101309272835279,0.115207725714169,
0.131652596037831,0.150299325856981,0.17091406108236,0.193324640843058,
0.217397464998304,0.243024943237999,0.270118012820405,0.298601362309559,
0.32841021966828,0.359488101772539,0.391785184229787,0.425257087589203,
0.45986395242589,0.495569720492199,0.532341566415863,0.570149441681501,
0.608965703886983,0.648764811805834,0.689523071958751,0.731218426019739,
0.77383027096769,0.817339305770613,0.861727399772385,0.90697747898504,0.953073427271242,
0.968217322901952),.UNSPECIFIED.);
#63=B_SPLINE_CURVE_WITH_KNOTS('',3,(#4522,#4523,#4524,#4525,#4526,#4527,
#4528,#4529,#4530,#4531,#4532,#4533,#4534,#4535,#4536,#4537,#4538,#4539,
#4540,#4541,#4542,#4543,#4544,#4545,#4546,#4547,#4548,#4549,#4550,#4551,
#4552,#4553),.UNSPECIFIED.,.F.,.F.,(4,1,1,1,1,1,1,1,1,1,1,1,1,1,1,1,1,1,
1,1,1,1,1,1,1,1,1,1,1,4),(0.,0.0905435754010973,0.101309272835279,0.115207725714169,
0.131652596037831,0.150299325856981,0.17091406108236,0.193324640843058,
0.217397464998304,0.243024943237999,0.270118012820405,0.298601362309559,
0.32841021966828,0.359488101772539,0.391785184229787,0.425257087589203,
0.45986395242589,0.495569720492199,0.532341566415863,0.570149441681501,
0.608965703886983,0.648764811805834,0.689523071958751,0.731218426019739,
0.77383027096769,0.817339305770613,0.861727399772385,0.90697747898504,0.953073427271242,
0.968217322901952),.UNSPECIFIED.);
#64=B_SPLINE_CURVE_WITH_KNOTS('',3,(#4561,#4562,#4563,#4564,#4565,#4566,
#4567,#4568,#4569,#4570,#4571,#4572,#4573,#4574,#4575,#4576,#4577,#4578,
#4579,#4580,#4581,#4582,#4583,#4584,#4585,#4586,#4587,#4588,#4589,#4590,
#4591,#4592),.UNSPECIFIED.,.F.,.F.,(4,1,1,1,1,1,1,1,1,1,1,1,1,1,1,1,1,1,
1,1,1,1,1,1,1,1,1,1,1,4),(0.,0.0905435754010973,0.101309272835279,0.115207725714169,
0.131652596037831,0.150299325856981,0.17091406108236,0.193324640843058,
0.217397464998304,0.243024943237999,0.270118012820405,0.298601362309559,
0.32841021966828,0.359488101772539,0.391785184229787,0.425257087589203,
0.45986395242589,0.495569720492199,0.532341566415863,0.570149441681501,
0.608965703886983,0.648764811805834,0.689523071958751,0.731218426019739,
0.77383027096769,0.817339305770613,0.861727399772385,0.90697747898504,0.953073427271242,
0.968217322901952),.UNSPECIFIED.);
#65=B_SPLINE_CURVE_WITH_KNOTS('',3,(#4593,#4594,#4595,#4596,#4597,#4598,
#4599,#4600,#4601,#4602,#4603,#4604,#4605,#4606,#4607,#4608,#4609,#4610,
#4611,#4612,#4613,#4614,#4615,#4616,#4617,#4618,#4619,#4620,#4621,#4622,
#4623,#4624),.UNSPECIFIED.,.F.,.F.,(4,1,1,1,1,1,1,1,1,1,1,1,1,1,1,1,1,1,
1,1,1,1,1,1,1,1,1,1,1,4),(0.,0.0905435754010973,0.101309272835279,0.115207725714169,
0.131652596037831,0.150299325856981,0.17091406108236,0.193324640843058,
0.217397464998304,0.243024943237999,0.270118012820405,0.298601362309559,
0.32841021966828,0.359488101772539,0.391785184229787,0.425257087589203,
0.45986395242589,0.495569720492199,0.532341566415863,0.570149441681501,
0.608965703886983,0.648764811805834,0.689523071958751,0.731218426019739,
0.77383027096769,0.817339305770613,0.861727399772385,0.90697747898504,0.953073427271242,
0.968217322901952),.UNSPECIFIED.);
#66=B_SPLINE_CURVE_WITH_KNOTS('',3,(#4632,#4633,#4634,#4635,#4636,#4637,
#4638,#4639,#4640,#4641,#4642,#4643,#4644,#4645,#4646,#4647,#4648,#4649,
#4650,#4651,#4652,#4653,#4654,#4655,#4656,#4657,#4658,#4659,#4660,#4661,
#4662,#4663),.UNSPECIFIED.,.F.,.F.,(4,1,1,1,1,1,1,1,1,1,1,1,1,1,1,1,1,1,
1,1,1,1,1,1,1,1,1,1,1,4),(0.,0.0905435754010973,0.101309272835279,0.115207725714169,
0.131652596037831,0.150299325856981,0.17091406108236,0.193324640843058,
0.217397464998304,0.243024943237999,0.270118012820405,0.298601362309559,
0.32841021966828,0.359488101772539,0.391785184229787,0.425257087589203,
0.45986395242589,0.495569720492199,0.532341566415863,0.570149441681501,
0.608965703886983,0.648764811805834,0.689523071958751,0.731218426019739,
0.77383027096769,0.817339305770613,0.861727399772385,0.90697747898504,0.953073427271242,
0.968217322901952),.UNSPECIFIED.);
#67=B_SPLINE_CURVE_WITH_KNOTS('',3,(#4664,#4665,#4666,#4667,#4668,#4669,
#4670,#4671,#4672,#4673,#4674,#4675,#4676,#4677,#4678,#4679,#4680,#4681,
#4682,#4683,#4684,#4685,#4686,#4687,#4688,#4689,#4690,#4691,#4692,#4693,
#4694,#4695),.UNSPECIFIED.,.F.,.F.,(4,1,1,1,1,1,1,1,1,1,1,1,1,1,1,1,1,1,
1,1,1,1,1,1,1,1,1,1,1,4),(0.,0.0905435754010973,0.101309272835279,0.115207725714169,
0.131652596037831,0.150299325856981,0.17091406108236,0.193324640843058,
0.217397464998304,0.243024943237999,0.270118012820405,0.298601362309559,
0.32841021966828,0.359488101772539,0.391785184229787,0.425257087589203,
0.45986395242589,0.495569720492199,0.532341566415863,0.570149441681501,
0.608965703886983,0.648764811805834,0.689523071958751,0.731218426019739,
0.77383027096769,0.817339305770613,0.861727399772385,0.90697747898504,0.953073427271242,
0.968217322901952),.UNSPECIFIED.);
#68=B_SPLINE_CURVE_WITH_KNOTS('',3,(#4703,#4704,#4705,#4706,#4707,#4708,
#4709,#4710,#4711,#4712,#4713,#4714,#4715,#4716,#4717,#4718,#4719,#4720,
#4721,#4722,#4723,#4724,#4725,#4726,#4727,#4728,#4729,#4730,#4731,#4732,
#4733,#4734),.UNSPECIFIED.,.F.,.F.,(4,1,1,1,1,1,1,1,1,1,1,1,1,1,1,1,1,1,
1,1,1,1,1,1,1,1,1,1,1,4),(0.,0.0905435754010973,0.101309272835279,0.115207725714169,
0.131652596037831,0.150299325856981,0.17091406108236,0.193324640843058,
0.217397464998304,0.243024943237999,0.270118012820405,0.298601362309559,
0.32841021966828,0.359488101772539,0.391785184229787,0.425257087589203,
0.45986395242589,0.495569720492199,0.532341566415863,0.570149441681501,
0.608965703886983,0.648764811805834,0.689523071958751,0.731218426019739,
0.77383027096769,0.817339305770613,0.861727399772385,0.90697747898504,0.953073427271242,
0.968217322901952),.UNSPECIFIED.);
#69=B_SPLINE_CURVE_WITH_KNOTS('',3,(#4735,#4736,#4737,#4738,#4739,#4740,
#4741,#4742,#4743,#4744,#4745,#4746,#4747,#4748,#4749,#4750,#4751,#4752,
#4753,#4754,#4755,#4756,#4757,#4758,#4759,#4760,#4761,#4762,#4763,#4764,
#4765,#4766),.UNSPECIFIED.,.F.,.F.,(4,1,1,1,1,1,1,1,1,1,1,1,1,1,1,1,1,1,
1,1,1,1,1,1,1,1,1,1,1,4),(0.,0.0905435754010973,0.101309272835279,0.115207725714169,
0.131652596037831,0.150299325856981,0.17091406108236,0.193324640843058,
0.217397464998304,0.243024943237999,0.270118012820405,0.298601362309559,
0.32841021966828,0.359488101772539,0.391785184229787,0.425257087589203,
0.45986395242589,0.495569720492199,0.532341566415863,0.570149441681501,
0.608965703886983,0.648764811805834,0.689523071958751,0.731218426019739,
0.77383027096769,0.817339305770613,0.861727399772385,0.90697747898504,0.953073427271242,
0.968217322901952),.UNSPECIFIED.);
#70=B_SPLINE_CURVE_WITH_KNOTS('',3,(#4774,#4775,#4776,#4777,#4778,#4779,
#4780,#4781,#4782,#4783,#4784,#4785,#4786,#4787,#4788,#4789,#4790,#4791,
#4792,#4793,#4794,#4795,#4796,#4797,#4798,#4799,#4800,#4801,#4802,#4803,
#4804,#4805),.UNSPECIFIED.,.F.,.F.,(4,1,1,1,1,1,1,1,1,1,1,1,1,1,1,1,1,1,
1,1,1,1,1,1,1,1,1,1,1,4),(0.,0.0905435754010973,0.101309272835279,0.115207725714169,
0.131652596037831,0.150299325856981,0.17091406108236,0.193324640843058,
0.217397464998304,0.243024943237999,0.270118012820405,0.298601362309559,
0.32841021966828,0.359488101772539,0.391785184229787,0.425257087589203,
0.45986395242589,0.495569720492199,0.532341566415863,0.570149441681501,
0.608965703886983,0.648764811805834,0.689523071958751,0.731218426019739,
0.77383027096769,0.817339305770613,0.861727399772385,0.90697747898504,0.953073427271242,
0.968217322901952),.UNSPECIFIED.);
#71=B_SPLINE_CURVE_WITH_KNOTS('',3,(#4806,#4807,#4808,#4809,#4810,#4811,
#4812,#4813,#4814,#4815,#4816,#4817,#4818,#4819,#4820,#4821,#4822,#4823,
#4824,#4825,#4826,#4827,#4828,#4829,#4830,#4831,#4832,#4833,#4834,#4835,
#4836,#4837),.UNSPECIFIED.,.F.,.F.,(4,1,1,1,1,1,1,1,1,1,1,1,1,1,1,1,1,1,
1,1,1,1,1,1,1,1,1,1,1,4),(0.,0.0905435754010973,0.101309272835279,0.115207725714169,
0.131652596037831,0.150299325856981,0.17091406108236,0.193324640843058,
0.217397464998304,0.243024943237999,0.270118012820405,0.298601362309559,
0.32841021966828,0.359488101772539,0.391785184229787,0.425257087589203,
0.45986395242589,0.495569720492199,0.532341566415863,0.570149441681501,
0.608965703886983,0.648764811805834,0.689523071958751,0.731218426019739,
0.77383027096769,0.817339305770613,0.861727399772385,0.90697747898504,0.953073427271242,
0.968217322901952),.UNSPECIFIED.);
#72=B_SPLINE_CURVE_WITH_KNOTS('',3,(#4845,#4846,#4847,#4848,#4849,#4850,
#4851,#4852,#4853,#4854,#4855,#4856,#4857,#4858,#4859,#4860,#4861,#4862,
#4863,#4864,#4865,#4866,#4867,#4868,#4869,#4870,#4871,#4872,#4873,#4874,
#4875,#4876),.UNSPECIFIED.,.F.,.F.,(4,1,1,1,1,1,1,1,1,1,1,1,1,1,1,1,1,1,
1,1,1,1,1,1,1,1,1,1,1,4),(0.,0.0905435754010973,0.101309272835279,0.115207725714169,
0.131652596037831,0.150299325856981,0.17091406108236,0.193324640843058,
0.217397464998304,0.243024943237999,0.270118012820405,0.298601362309559,
0.32841021966828,0.359488101772539,0.391785184229787,0.425257087589203,
0.45986395242589,0.495569720492199,0.532341566415863,0.570149441681501,
0.608965703886983,0.648764811805834,0.689523071958751,0.731218426019739,
0.77383027096769,0.817339305770613,0.861727399772385,0.90697747898504,0.953073427271242,
0.968217322901952),.UNSPECIFIED.);
#73=B_SPLINE_CURVE_WITH_KNOTS('',3,(#4877,#4878,#4879,#4880,#4881,#4882,
#4883,#4884,#4885,#4886,#4887,#4888,#4889,#4890,#4891,#4892,#4893,#4894,
#4895,#4896,#4897,#4898,#4899,#4900,#4901,#4902,#4903,#4904,#4905,#4906,
#4907,#4908),.UNSPECIFIED.,.F.,.F.,(4,1,1,1,1,1,1,1,1,1,1,1,1,1,1,1,1,1,
1,1,1,1,1,1,1,1,1,1,1,4),(0.,0.0905435754010973,0.101309272835279,0.115207725714169,
0.131652596037831,0.150299325856981,0.17091406108236,0.193324640843058,
0.217397464998304,0.243024943237999,0.270118012820405,0.298601362309559,
0.32841021966828,0.359488101772539,0.391785184229787,0.425257087589203,
0.45986395242589,0.495569720492199,0.532341566415863,0.570149441681501,
0.608965703886983,0.648764811805834,0.689523071958751,0.731218426019739,
0.77383027096769,0.817339305770613,0.861727399772385,0.90697747898504,0.953073427271242,
0.968217322901952),.UNSPECIFIED.);
#74=B_SPLINE_CURVE_WITH_KNOTS('',3,(#4916,#4917,#4918,#4919,#4920,#4921,
#4922,#4923,#4924,#4925,#4926,#4927,#4928,#4929,#4930,#4931,#4932,#4933,
#4934,#4935,#4936,#4937,#4938,#4939,#4940,#4941,#4942,#4943,#4944,#4945,
#4946,#4947),.UNSPECIFIED.,.F.,.F.,(4,1,1,1,1,1,1,1,1,1,1,1,1,1,1,1,1,1,
1,1,1,1,1,1,1,1,1,1,1,4),(0.,0.0905435754010973,0.101309272835279,0.115207725714169,
0.131652596037831,0.150299325856981,0.17091406108236,0.193324640843058,
0.217397464998304,0.243024943237999,0.270118012820405,0.298601362309559,
0.32841021966828,0.359488101772539,0.391785184229787,0.425257087589203,
0.45986395242589,0.495569720492199,0.532341566415863,0.570149441681501,
0.608965703886983,0.648764811805834,0.689523071958751,0.731218426019739,
0.77383027096769,0.817339305770613,0.861727399772385,0.90697747898504,0.953073427271242,
0.968217322901952),.UNSPECIFIED.);
#75=B_SPLINE_CURVE_WITH_KNOTS('',3,(#4948,#4949,#4950,#4951,#4952,#4953,
#4954,#4955,#4956,#4957,#4958,#4959,#4960,#4961,#4962,#4963,#4964,#4965,
#4966,#4967,#4968,#4969,#4970,#4971,#4972,#4973,#4974,#4975,#4976,#4977,
#4978,#4979),.UNSPECIFIED.,.F.,.F.,(4,1,1,1,1,1,1,1,1,1,1,1,1,1,1,1,1,1,
1,1,1,1,1,1,1,1,1,1,1,4),(0.,0.0905435754010973,0.101309272835279,0.115207725714169,
0.131652596037831,0.150299325856981,0.17091406108236,0.193324640843058,
0.217397464998304,0.243024943237999,0.270118012820405,0.298601362309559,
0.32841021966828,0.359488101772539,0.391785184229787,0.425257087589203,
0.45986395242589,0.495569720492199,0.532341566415863,0.570149441681501,
0.608965703886983,0.648764811805834,0.689523071958751,0.731218426019739,
0.77383027096769,0.817339305770613,0.861727399772385,0.90697747898504,0.953073427271242,
0.968217322901952),.UNSPECIFIED.);
#76=B_SPLINE_CURVE_WITH_KNOTS('',3,(#4987,#4988,#4989,#4990,#4991,#4992,
#4993,#4994,#4995,#4996,#4997,#4998,#4999,#5000,#5001,#5002,#5003,#5004,
#5005,#5006,#5007,#5008,#5009,#5010,#5011,#5012,#5013,#5014,#5015,#5016,
#5017,#5018),.UNSPECIFIED.,.F.,.F.,(4,1,1,1,1,1,1,1,1,1,1,1,1,1,1,1,1,1,
1,1,1,1,1,1,1,1,1,1,1,4),(0.,0.0905435754010973,0.101309272835279,0.115207725714169,
0.131652596037831,0.150299325856981,0.17091406108236,0.193324640843058,
0.217397464998304,0.243024943237999,0.270118012820405,0.298601362309559,
0.32841021966828,0.359488101772539,0.391785184229787,0.425257087589203,
0.45986395242589,0.495569720492199,0.532341566415863,0.570149441681501,
0.608965703886983,0.648764811805834,0.689523071958751,0.731218426019739,
0.77383027096769,0.817339305770613,0.861727399772385,0.90697747898504,0.953073427271242,
0.968217322901952),.UNSPECIFIED.);
#77=B_SPLINE_CURVE_WITH_KNOTS('',3,(#5019,#5020,#5021,#5022,#5023,#5024,
#5025,#5026,#5027,#5028,#5029,#5030,#5031,#5032,#5033,#5034,#5035,#5036,
#5037,#5038,#5039,#5040,#5041,#5042,#5043,#5044,#5045,#5046,#5047,#5048,
#5049,#5050),.UNSPECIFIED.,.F.,.F.,(4,1,1,1,1,1,1,1,1,1,1,1,1,1,1,1,1,1,
1,1,1,1,1,1,1,1,1,1,1,4),(0.,0.0905435754010973,0.101309272835279,0.115207725714169,
0.131652596037831,0.150299325856981,0.17091406108236,0.193324640843058,
0.217397464998304,0.243024943237999,0.270118012820405,0.298601362309559,
0.32841021966828,0.359488101772539,0.391785184229787,0.425257087589203,
0.45986395242589,0.495569720492199,0.532341566415863,0.570149441681501,
0.608965703886983,0.648764811805834,0.689523071958751,0.731218426019739,
0.77383027096769,0.817339305770613,0.861727399772385,0.90697747898504,0.953073427271242,
0.968217322901952),.UNSPECIFIED.);
#78=B_SPLINE_CURVE_WITH_KNOTS('',3,(#5058,#5059,#5060,#5061,#5062,#5063,
#5064,#5065,#5066,#5067,#5068,#5069,#5070,#5071,#5072,#5073,#5074,#5075,
#5076,#5077,#5078,#5079,#5080,#5081,#5082,#5083,#5084,#5085,#5086,#5087,
#5088,#5089),.UNSPECIFIED.,.F.,.F.,(4,1,1,1,1,1,1,1,1,1,1,1,1,1,1,1,1,1,
1,1,1,1,1,1,1,1,1,1,1,4),(0.,0.0905435754010973,0.101309272835279,0.115207725714169,
0.131652596037831,0.150299325856981,0.17091406108236,0.193324640843058,
0.217397464998304,0.243024943237999,0.270118012820405,0.298601362309559,
0.32841021966828,0.359488101772539,0.391785184229787,0.425257087589203,
0.45986395242589,0.495569720492199,0.532341566415863,0.570149441681501,
0.608965703886983,0.648764811805834,0.689523071958751,0.731218426019739,
0.77383027096769,0.817339305770613,0.861727399772385,0.90697747898504,0.953073427271242,
0.968217322901952),.UNSPECIFIED.);
#79=B_SPLINE_CURVE_WITH_KNOTS('',3,(#5090,#5091,#5092,#5093,#5094,#5095,
#5096,#5097,#5098,#5099,#5100,#5101,#5102,#5103,#5104,#5105,#5106,#5107,
#5108,#5109,#5110,#5111,#5112,#5113,#5114,#5115,#5116,#5117,#5118,#5119,
#5120,#5121),.UNSPECIFIED.,.F.,.F.,(4,1,1,1,1,1,1,1,1,1,1,1,1,1,1,1,1,1,
1,1,1,1,1,1,1,1,1,1,1,4),(0.,0.0905435754010973,0.101309272835279,0.115207725714169,
0.131652596037831,0.150299325856981,0.17091406108236,0.193324640843058,
0.217397464998304,0.243024943237999,0.270118012820405,0.298601362309559,
0.32841021966828,0.359488101772539,0.391785184229787,0.425257087589203,
0.45986395242589,0.495569720492199,0.532341566415863,0.570149441681501,
0.608965703886983,0.648764811805834,0.689523071958751,0.731218426019739,
0.77383027096769,0.817339305770613,0.861727399772385,0.90697747898504,0.953073427271242,
0.968217322901952),.UNSPECIFIED.);
#80=B_SPLINE_CURVE_WITH_KNOTS('',3,(#5129,#5130,#5131,#5132,#5133,#5134,
#5135,#5136,#5137,#5138,#5139,#5140,#5141,#5142,#5143,#5144,#5145,#5146,
#5147,#5148,#5149,#5150,#5151,#5152,#5153,#5154,#5155,#5156,#5157,#5158,
#5159,#5160),.UNSPECIFIED.,.F.,.F.,(4,1,1,1,1,1,1,1,1,1,1,1,1,1,1,1,1,1,
1,1,1,1,1,1,1,1,1,1,1,4),(0.,0.0905435754010973,0.101309272835279,0.115207725714169,
0.131652596037831,0.150299325856981,0.17091406108236,0.193324640843058,
0.217397464998304,0.243024943237999,0.270118012820405,0.298601362309559,
0.32841021966828,0.359488101772539,0.391785184229787,0.425257087589203,
0.45986395242589,0.495569720492199,0.532341566415863,0.570149441681501,
0.608965703886983,0.648764811805834,0.689523071958751,0.731218426019739,
0.77383027096769,0.817339305770613,0.861727399772385,0.90697747898504,0.953073427271242,
0.968217322901952),.UNSPECIFIED.);
#81=B_SPLINE_CURVE_WITH_KNOTS('',3,(#5161,#5162,#5163,#5164,#5165,#5166,
#5167,#5168,#5169,#5170,#5171,#5172,#5173,#5174,#5175,#5176,#5177,#5178,
#5179,#5180,#5181,#5182,#5183,#5184,#5185,#5186,#5187,#5188,#5189,#5190,
#5191,#5192),.UNSPECIFIED.,.F.,.F.,(4,1,1,1,1,1,1,1,1,1,1,1,1,1,1,1,1,1,
1,1,1,1,1,1,1,1,1,1,1,4),(0.,0.0905435754010973,0.101309272835279,0.115207725714169,
0.131652596037831,0.150299325856981,0.17091406108236,0.193324640843058,
0.217397464998304,0.243024943237999,0.270118012820405,0.298601362309559,
0.32841021966828,0.359488101772539,0.391785184229787,0.425257087589203,
0.45986395242589,0.495569720492199,0.532341566415863,0.570149441681501,
0.608965703886983,0.648764811805834,0.689523071958751,0.731218426019739,
0.77383027096769,0.817339305770613,0.861727399772385,0.90697747898504,0.953073427271242,
0.968217322901952),.UNSPECIFIED.);
#82=B_SPLINE_CURVE_WITH_KNOTS('',3,(#5200,#5201,#5202,#5203,#5204,#5205,
#5206,#5207,#5208,#5209,#5210,#5211,#5212,#5213,#5214,#5215,#5216,#5217,
#5218,#5219,#5220,#5221,#5222,#5223,#5224,#5225,#5226,#5227,#5228,#5229,
#5230,#5231),.UNSPECIFIED.,.F.,.F.,(4,1,1,1,1,1,1,1,1,1,1,1,1,1,1,1,1,1,
1,1,1,1,1,1,1,1,1,1,1,4),(0.,0.0905435754010973,0.101309272835279,0.115207725714169,
0.131652596037831,0.150299325856981,0.17091406108236,0.193324640843058,
0.217397464998304,0.243024943237999,0.270118012820405,0.298601362309559,
0.32841021966828,0.359488101772539,0.391785184229787,0.425257087589203,
0.45986395242589,0.495569720492199,0.532341566415863,0.570149441681501,
0.608965703886983,0.648764811805834,0.689523071958751,0.731218426019739,
0.77383027096769,0.817339305770613,0.861727399772385,0.90697747898504,0.953073427271242,
0.968217322901952),.UNSPECIFIED.);
#83=B_SPLINE_CURVE_WITH_KNOTS('',3,(#5232,#5233,#5234,#5235,#5236,#5237,
#5238,#5239,#5240,#5241,#5242,#5243,#5244,#5245,#5246,#5247,#5248,#5249,
#5250,#5251,#5252,#5253,#5254,#5255,#5256,#5257,#5258,#5259,#5260,#5261,
#5262,#5263),.UNSPECIFIED.,.F.,.F.,(4,1,1,1,1,1,1,1,1,1,1,1,1,1,1,1,1,1,
1,1,1,1,1,1,1,1,1,1,1,4),(0.,0.0905435754010973,0.101309272835279,0.115207725714169,
0.131652596037831,0.150299325856981,0.17091406108236,0.193324640843058,
0.217397464998304,0.243024943237999,0.270118012820405,0.298601362309559,
0.32841021966828,0.359488101772539,0.391785184229787,0.425257087589203,
0.45986395242589,0.495569720492199,0.532341566415863,0.570149441681501,
0.608965703886983,0.648764811805834,0.689523071958751,0.731218426019739,
0.77383027096769,0.817339305770613,0.861727399772385,0.90697747898504,0.953073427271242,
0.968217322901952),.UNSPECIFIED.);
#84=B_SPLINE_CURVE_WITH_KNOTS('',3,(#5271,#5272,#5273,#5274,#5275,#5276,
#5277,#5278,#5279,#5280,#5281,#5282,#5283,#5284,#5285,#5286,#5287,#5288,
#5289,#5290,#5291,#5292,#5293,#5294,#5295,#5296,#5297,#5298,#5299,#5300,
#5301,#5302),.UNSPECIFIED.,.F.,.F.,(4,1,1,1,1,1,1,1,1,1,1,1,1,1,1,1,1,1,
1,1,1,1,1,1,1,1,1,1,1,4),(0.,0.0905435754010973,0.101309272835279,0.115207725714169,
0.131652596037831,0.150299325856981,0.17091406108236,0.193324640843058,
0.217397464998304,0.243024943237999,0.270118012820405,0.298601362309559,
0.32841021966828,0.359488101772539,0.391785184229787,0.425257087589203,
0.45986395242589,0.495569720492199,0.532341566415863,0.570149441681501,
0.608965703886983,0.648764811805834,0.689523071958751,0.731218426019739,
0.77383027096769,0.817339305770613,0.861727399772385,0.90697747898504,0.953073427271242,
0.968217322901952),.UNSPECIFIED.);
#85=B_SPLINE_CURVE_WITH_KNOTS('',3,(#5303,#5304,#5305,#5306,#5307,#5308,
#5309,#5310,#5311,#5312,#5313,#5314,#5315,#5316,#5317,#5318,#5319,#5320,
#5321,#5322,#5323,#5324,#5325,#5326,#5327,#5328,#5329,#5330,#5331,#5332,
#5333,#5334),.UNSPECIFIED.,.F.,.F.,(4,1,1,1,1,1,1,1,1,1,1,1,1,1,1,1,1,1,
1,1,1,1,1,1,1,1,1,1,1,4),(0.,0.0905435754010973,0.101309272835279,0.115207725714169,
0.131652596037831,0.150299325856981,0.17091406108236,0.193324640843058,
0.217397464998304,0.243024943237999,0.270118012820405,0.298601362309559,
0.32841021966828,0.359488101772539,0.391785184229787,0.425257087589203,
0.45986395242589,0.495569720492199,0.532341566415863,0.570149441681501,
0.608965703886983,0.648764811805834,0.689523071958751,0.731218426019739,
0.77383027096769,0.817339305770613,0.861727399772385,0.90697747898504,0.953073427271242,
0.968217322901952),.UNSPECIFIED.);
#86=B_SPLINE_CURVE_WITH_KNOTS('',3,(#5342,#5343,#5344,#5345,#5346,#5347,
#5348,#5349,#5350,#5351,#5352,#5353,#5354,#5355,#5356,#5357,#5358,#5359,
#5360,#5361,#5362,#5363,#5364,#5365,#5366,#5367,#5368,#5369,#5370,#5371,
#5372,#5373),.UNSPECIFIED.,.F.,.F.,(4,1,1,1,1,1,1,1,1,1,1,1,1,1,1,1,1,1,
1,1,1,1,1,1,1,1,1,1,1,4),(0.,0.0905435754010973,0.101309272835279,0.115207725714169,
0.131652596037831,0.150299325856981,0.17091406108236,0.193324640843058,
0.217397464998304,0.243024943237999,0.270118012820405,0.298601362309559,
0.32841021966828,0.359488101772539,0.391785184229787,0.425257087589203,
0.45986395242589,0.495569720492199,0.532341566415863,0.570149441681501,
0.608965703886983,0.648764811805834,0.689523071958751,0.731218426019739,
0.77383027096769,0.817339305770613,0.861727399772385,0.90697747898504,0.953073427271242,
0.968217322901952),.UNSPECIFIED.);
#87=B_SPLINE_CURVE_WITH_KNOTS('',3,(#5374,#5375,#5376,#5377,#5378,#5379,
#5380,#5381,#5382,#5383,#5384,#5385,#5386,#5387,#5388,#5389,#5390,#5391,
#5392,#5393,#5394,#5395,#5396,#5397,#5398,#5399,#5400,#5401,#5402,#5403,
#5404,#5405),.UNSPECIFIED.,.F.,.F.,(4,1,1,1,1,1,1,1,1,1,1,1,1,1,1,1,1,1,
1,1,1,1,1,1,1,1,1,1,1,4),(0.,0.0905435754010973,0.101309272835279,0.115207725714169,
0.131652596037831,0.150299325856981,0.17091406108236,0.193324640843058,
0.217397464998304,0.243024943237999,0.270118012820405,0.298601362309559,
0.32841021966828,0.359488101772539,0.391785184229787,0.425257087589203,
0.45986395242589,0.495569720492199,0.532341566415863,0.570149441681501,
0.608965703886983,0.648764811805834,0.689523071958751,0.731218426019739,
0.77383027096769,0.817339305770613,0.861727399772385,0.90697747898504,0.953073427271242,
0.968217322901952),.UNSPECIFIED.);
#88=B_SPLINE_CURVE_WITH_KNOTS('',3,(#5413,#5414,#5415,#5416,#5417,#5418,
#5419,#5420,#5421,#5422,#5423,#5424,#5425,#5426,#5427,#5428,#5429,#5430,
#5431,#5432,#5433,#5434,#5435,#5436,#5437,#5438,#5439,#5440,#5441,#5442,
#5443,#5444),.UNSPECIFIED.,.F.,.F.,(4,1,1,1,1,1,1,1,1,1,1,1,1,1,1,1,1,1,
1,1,1,1,1,1,1,1,1,1,1,4),(0.,0.0905435754010973,0.101309272835279,0.115207725714169,
0.131652596037831,0.150299325856981,0.17091406108236,0.193324640843058,
0.217397464998304,0.243024943237999,0.270118012820405,0.298601362309559,
0.32841021966828,0.359488101772539,0.391785184229787,0.425257087589203,
0.45986395242589,0.495569720492199,0.532341566415863,0.570149441681501,
0.608965703886983,0.648764811805834,0.689523071958751,0.731218426019739,
0.77383027096769,0.817339305770613,0.861727399772385,0.90697747898504,0.953073427271242,
0.968217322901952),.UNSPECIFIED.);
#89=B_SPLINE_CURVE_WITH_KNOTS('',3,(#5445,#5446,#5447,#5448,#5449,#5450,
#5451,#5452,#5453,#5454,#5455,#5456,#5457,#5458,#5459,#5460,#5461,#5462,
#5463,#5464,#5465,#5466,#5467,#5468,#5469,#5470,#5471,#5472,#5473,#5474,
#5475,#5476),.UNSPECIFIED.,.F.,.F.,(4,1,1,1,1,1,1,1,1,1,1,1,1,1,1,1,1,1,
1,1,1,1,1,1,1,1,1,1,1,4),(0.,0.0905435754010973,0.101309272835279,0.115207725714169,
0.131652596037831,0.150299325856981,0.17091406108236,0.193324640843058,
0.217397464998304,0.243024943237999,0.270118012820405,0.298601362309559,
0.32841021966828,0.359488101772539,0.391785184229787,0.425257087589203,
0.45986395242589,0.495569720492199,0.532341566415863,0.570149441681501,
0.608965703886983,0.648764811805834,0.689523071958751,0.731218426019739,
0.77383027096769,0.817339305770613,0.861727399772385,0.90697747898504,0.953073427271242,
0.968217322901952),.UNSPECIFIED.);
#90=B_SPLINE_CURVE_WITH_KNOTS('',3,(#5484,#5485,#5486,#5487,#5488,#5489,
#5490,#5491,#5492,#5493,#5494,#5495,#5496,#5497,#5498,#5499,#5500,#5501,
#5502,#5503,#5504,#5505,#5506,#5507,#5508,#5509,#5510,#5511,#5512,#5513,
#5514,#5515),.UNSPECIFIED.,.F.,.F.,(4,1,1,1,1,1,1,1,1,1,1,1,1,1,1,1,1,1,
1,1,1,1,1,1,1,1,1,1,1,4),(0.,0.0905435754010973,0.101309272835279,0.115207725714169,
0.131652596037831,0.150299325856981,0.17091406108236,0.193324640843058,
0.217397464998304,0.243024943237999,0.270118012820405,0.298601362309559,
0.32841021966828,0.359488101772539,0.391785184229787,0.425257087589203,
0.45986395242589,0.495569720492199,0.532341566415863,0.570149441681501,
0.608965703886983,0.648764811805834,0.689523071958751,0.731218426019739,
0.77383027096769,0.817339305770613,0.861727399772385,0.90697747898504,0.953073427271242,
0.968217322901952),.UNSPECIFIED.);
#91=B_SPLINE_CURVE_WITH_KNOTS('',3,(#5516,#5517,#5518,#5519,#5520,#5521,
#5522,#5523,#5524,#5525,#5526,#5527,#5528,#5529,#5530,#5531,#5532,#5533,
#5534,#5535,#5536,#5537,#5538,#5539,#5540,#5541,#5542,#5543,#5544,#5545,
#5546,#5547),.UNSPECIFIED.,.F.,.F.,(4,1,1,1,1,1,1,1,1,1,1,1,1,1,1,1,1,1,
1,1,1,1,1,1,1,1,1,1,1,4),(0.,0.0905435754010973,0.101309272835279,0.115207725714169,
0.131652596037831,0.150299325856981,0.17091406108236,0.193324640843058,
0.217397464998304,0.243024943237999,0.270118012820405,0.298601362309559,
0.32841021966828,0.359488101772539,0.391785184229787,0.425257087589203,
0.45986395242589,0.495569720492199,0.532341566415863,0.570149441681501,
0.608965703886983,0.648764811805834,0.689523071958751,0.731218426019739,
0.77383027096769,0.817339305770613,0.861727399772385,0.90697747898504,0.953073427271242,
0.968217322901952),.UNSPECIFIED.);
#92=B_SPLINE_CURVE_WITH_KNOTS('',3,(#5555,#5556,#5557,#5558,#5559,#5560,
#5561,#5562,#5563,#5564,#5565,#5566,#5567,#5568,#5569,#5570,#5571,#5572,
#5573,#5574,#5575,#5576,#5577,#5578,#5579,#5580,#5581,#5582,#5583,#5584,
#5585,#5586),.UNSPECIFIED.,.F.,.F.,(4,1,1,1,1,1,1,1,1,1,1,1,1,1,1,1,1,1,
1,1,1,1,1,1,1,1,1,1,1,4),(0.,0.0905435754010973,0.101309272835279,0.115207725714169,
0.131652596037831,0.150299325856981,0.17091406108236,0.193324640843058,
0.217397464998304,0.243024943237999,0.270118012820405,0.298601362309559,
0.32841021966828,0.359488101772539,0.391785184229787,0.425257087589203,
0.45986395242589,0.495569720492199,0.532341566415863,0.570149441681501,
0.608965703886983,0.648764811805834,0.689523071958751,0.731218426019739,
0.77383027096769,0.817339305770613,0.861727399772385,0.90697747898504,0.953073427271242,
0.968217322901952),.UNSPECIFIED.);
#93=B_SPLINE_CURVE_WITH_KNOTS('',3,(#5587,#5588,#5589,#5590,#5591,#5592,
#5593,#5594,#5595,#5596,#5597,#5598,#5599,#5600,#5601,#5602,#5603,#5604,
#5605,#5606,#5607,#5608,#5609,#5610,#5611,#5612,#5613,#5614,#5615,#5616,
#5617,#5618),.UNSPECIFIED.,.F.,.F.,(4,1,1,1,1,1,1,1,1,1,1,1,1,1,1,1,1,1,
1,1,1,1,1,1,1,1,1,1,1,4),(0.,0.0905435754010973,0.101309272835279,0.115207725714169,
0.131652596037831,0.150299325856981,0.17091406108236,0.193324640843058,
0.217397464998304,0.243024943237999,0.270118012820405,0.298601362309559,
0.32841021966828,0.359488101772539,0.391785184229787,0.425257087589203,
0.45986395242589,0.495569720492199,0.532341566415863,0.570149441681501,
0.608965703886983,0.648764811805834,0.689523071958751,0.731218426019739,
0.77383027096769,0.817339305770613,0.861727399772385,0.90697747898504,0.953073427271242,
0.968217322901952),.UNSPECIFIED.);
#94=B_SPLINE_CURVE_WITH_KNOTS('',3,(#5626,#5627,#5628,#5629,#5630,#5631,
#5632,#5633,#5634,#5635,#5636,#5637,#5638,#5639,#5640,#5641,#5642,#5643,
#5644,#5645,#5646,#5647,#5648,#5649,#5650,#5651,#5652,#5653,#5654,#5655,
#5656,#5657),.UNSPECIFIED.,.F.,.F.,(4,1,1,1,1,1,1,1,1,1,1,1,1,1,1,1,1,1,
1,1,1,1,1,1,1,1,1,1,1,4),(0.,0.0905435754010973,0.101309272835279,0.115207725714169,
0.131652596037831,0.150299325856981,0.17091406108236,0.193324640843058,
0.217397464998304,0.243024943237999,0.270118012820405,0.298601362309559,
0.32841021966828,0.359488101772539,0.391785184229787,0.425257087589203,
0.45986395242589,0.495569720492199,0.532341566415863,0.570149441681501,
0.608965703886983,0.648764811805834,0.689523071958751,0.731218426019739,
0.77383027096769,0.817339305770613,0.861727399772385,0.90697747898504,0.953073427271242,
0.968217322901952),.UNSPECIFIED.);
#95=B_SPLINE_CURVE_WITH_KNOTS('',3,(#5658,#5659,#5660,#5661,#5662,#5663,
#5664,#5665,#5666,#5667,#5668,#5669,#5670,#5671,#5672,#5673,#5674,#5675,
#5676,#5677,#5678,#5679,#5680,#5681,#5682,#5683,#5684,#5685,#5686,#5687,
#5688,#5689),.UNSPECIFIED.,.F.,.F.,(4,1,1,1,1,1,1,1,1,1,1,1,1,1,1,1,1,1,
1,1,1,1,1,1,1,1,1,1,1,4),(0.,0.0905435754010973,0.101309272835279,0.115207725714169,
0.131652596037831,0.150299325856981,0.17091406108236,0.193324640843058,
0.217397464998304,0.243024943237999,0.270118012820405,0.298601362309559,
0.32841021966828,0.359488101772539,0.391785184229787,0.425257087589203,
0.45986395242589,0.495569720492199,0.532341566415863,0.570149441681501,
0.608965703886983,0.648764811805834,0.689523071958751,0.731218426019739,
0.77383027096769,0.817339305770613,0.861727399772385,0.90697747898504,0.953073427271242,
0.968217322901952),.UNSPECIFIED.);
#96=B_SPLINE_CURVE_WITH_KNOTS('',3,(#5697,#5698,#5699,#5700,#5701,#5702,
#5703,#5704,#5705,#5706,#5707,#5708,#5709,#5710,#5711,#5712,#5713,#5714,
#5715,#5716,#5717,#5718,#5719,#5720,#5721,#5722,#5723,#5724,#5725,#5726,
#5727,#5728),.UNSPECIFIED.,.F.,.F.,(4,1,1,1,1,1,1,1,1,1,1,1,1,1,1,1,1,1,
1,1,1,1,1,1,1,1,1,1,1,4),(0.,0.0905435754010973,0.101309272835279,0.115207725714169,
0.131652596037831,0.150299325856981,0.17091406108236,0.193324640843058,
0.217397464998304,0.243024943237999,0.270118012820405,0.298601362309559,
0.32841021966828,0.359488101772539,0.391785184229787,0.425257087589203,
0.45986395242589,0.495569720492199,0.532341566415863,0.570149441681501,
0.608965703886983,0.648764811805834,0.689523071958751,0.731218426019739,
0.77383027096769,0.817339305770613,0.861727399772385,0.90697747898504,0.953073427271242,
0.968217322901952),.UNSPECIFIED.);
#97=B_SPLINE_CURVE_WITH_KNOTS('',3,(#5729,#5730,#5731,#5732,#5733,#5734,
#5735,#5736,#5737,#5738,#5739,#5740,#5741,#5742,#5743,#5744,#5745,#5746,
#5747,#5748,#5749,#5750,#5751,#5752,#5753,#5754,#5755,#5756,#5757,#5758,
#5759,#5760),.UNSPECIFIED.,.F.,.F.,(4,1,1,1,1,1,1,1,1,1,1,1,1,1,1,1,1,1,
1,1,1,1,1,1,1,1,1,1,1,4),(0.,0.0905435754010973,0.101309272835279,0.115207725714169,
0.131652596037831,0.150299325856981,0.17091406108236,0.193324640843058,
0.217397464998304,0.243024943237999,0.270118012820405,0.298601362309559,
0.32841021966828,0.359488101772539,0.391785184229787,0.425257087589203,
0.45986395242589,0.495569720492199,0.532341566415863,0.570149441681501,
0.608965703886983,0.648764811805834,0.689523071958751,0.731218426019739,
0.77383027096769,0.817339305770613,0.861727399772385,0.90697747898504,0.953073427271242,
0.968217322901952),.UNSPECIFIED.);
#98=B_SPLINE_CURVE_WITH_KNOTS('',3,(#5768,#5769,#5770,#5771,#5772,#5773,
#5774,#5775,#5776,#5777,#5778,#5779,#5780,#5781,#5782,#5783,#5784,#5785,
#5786,#5787,#5788,#5789,#5790,#5791,#5792,#5793,#5794,#5795,#5796,#5797,
#5798,#5799),.UNSPECIFIED.,.F.,.F.,(4,1,1,1,1,1,1,1,1,1,1,1,1,1,1,1,1,1,
1,1,1,1,1,1,1,1,1,1,1,4),(0.,0.0905435754010973,0.101309272835279,0.115207725714169,
0.131652596037831,0.150299325856981,0.17091406108236,0.193324640843058,
0.217397464998304,0.243024943237999,0.270118012820405,0.298601362309559,
0.32841021966828,0.359488101772539,0.391785184229787,0.425257087589203,
0.45986395242589,0.495569720492199,0.532341566415863,0.570149441681501,
0.608965703886983,0.648764811805834,0.689523071958751,0.731218426019739,
0.77383027096769,0.817339305770613,0.861727399772385,0.90697747898504,0.953073427271242,
0.968217322901952),.UNSPECIFIED.);
#99=B_SPLINE_CURVE_WITH_KNOTS('',3,(#5800,#5801,#5802,#5803,#5804,#5805,
#5806,#5807,#5808,#5809,#5810,#5811,#5812,#5813,#5814,#5815,#5816,#5817,
#5818,#5819,#5820,#5821,#5822,#5823,#5824,#5825,#5826,#5827,#5828,#5829,
#5830,#5831),.UNSPECIFIED.,.F.,.F.,(4,1,1,1,1,1,1,1,1,1,1,1,1,1,1,1,1,1,
1,1,1,1,1,1,1,1,1,1,1,4),(0.,0.0905435754010973,0.101309272835279,0.115207725714169,
0.131652596037831,0.150299325856981,0.17091406108236,0.193324640843058,
0.217397464998304,0.243024943237999,0.270118012820405,0.298601362309559,
0.32841021966828,0.359488101772539,0.391785184229787,0.425257087589203,
0.45986395242589,0.495569720492199,0.532341566415863,0.570149441681501,
0.608965703886983,0.648764811805834,0.689523071958751,0.731218426019739,
0.77383027096769,0.817339305770613,0.861727399772385,0.90697747898504,0.953073427271242,
0.968217322901952),.UNSPECIFIED.);
#100=B_SPLINE_CURVE_WITH_KNOTS('',3,(#5839,#5840,#5841,#5842,#5843,#5844,
#5845,#5846,#5847,#5848,#5849,#5850,#5851,#5852,#5853,#5854,#5855,#5856,
#5857,#5858,#5859,#5860,#5861,#5862,#5863,#5864,#5865,#5866,#5867,#5868,
#5869,#5870),.UNSPECIFIED.,.F.,.F.,(4,1,1,1,1,1,1,1,1,1,1,1,1,1,1,1,1,1,
1,1,1,1,1,1,1,1,1,1,1,4),(0.,0.0905435754010973,0.101309272835279,0.115207725714169,
0.131652596037831,0.150299325856981,0.17091406108236,0.193324640843058,
0.217397464998304,0.243024943237999,0.270118012820405,0.298601362309559,
0.32841021966828,0.359488101772539,0.391785184229787,0.425257087589203,
0.45986395242589,0.495569720492199,0.532341566415863,0.570149441681501,
0.608965703886983,0.648764811805834,0.689523071958751,0.731218426019739,
0.77383027096769,0.817339305770613,0.861727399772385,0.90697747898504,0.953073427271242,
0.968217322901952),.UNSPECIFIED.);
#101=B_SPLINE_CURVE_WITH_KNOTS('',3,(#5871,#5872,#5873,#5874,#5875,#5876,
#5877,#5878,#5879,#5880,#5881,#5882,#5883,#5884,#5885,#5886,#5887,#5888,
#5889,#5890,#5891,#5892,#5893,#5894,#5895,#5896,#5897,#5898,#5899,#5900,
#5901,#5902),.UNSPECIFIED.,.F.,.F.,(4,1,1,1,1,1,1,1,1,1,1,1,1,1,1,1,1,1,
1,1,1,1,1,1,1,1,1,1,1,4),(0.,0.0905435754010973,0.101309272835279,0.115207725714169,
0.131652596037831,0.150299325856981,0.17091406108236,0.193324640843058,
0.217397464998304,0.243024943237999,0.270118012820405,0.298601362309559,
0.32841021966828,0.359488101772539,0.391785184229787,0.425257087589203,
0.45986395242589,0.495569720492199,0.532341566415863,0.570149441681501,
0.608965703886983,0.648764811805834,0.689523071958751,0.731218426019739,
0.77383027096769,0.817339305770613,0.861727399772385,0.90697747898504,0.953073427271242,
0.968217322901952),.UNSPECIFIED.);
#102=B_SPLINE_CURVE_WITH_KNOTS('',3,(#5910,#5911,#5912,#5913,#5914,#5915,
#5916,#5917,#5918,#5919,#5920,#5921,#5922,#5923,#5924,#5925,#5926,#5927,
#5928,#5929,#5930,#5931,#5932,#5933,#5934,#5935,#5936,#5937,#5938,#5939,
#5940,#5941),.UNSPECIFIED.,.F.,.F.,(4,1,1,1,1,1,1,1,1,1,1,1,1,1,1,1,1,1,
1,1,1,1,1,1,1,1,1,1,1,4),(0.,0.0905435754010973,0.101309272835279,0.115207725714169,
0.131652596037831,0.150299325856981,0.17091406108236,0.193324640843058,
0.217397464998304,0.243024943237999,0.270118012820405,0.298601362309559,
0.32841021966828,0.359488101772539,0.391785184229787,0.425257087589203,
0.45986395242589,0.495569720492199,0.532341566415863,0.570149441681501,
0.608965703886983,0.648764811805834,0.689523071958751,0.731218426019739,
0.77383027096769,0.817339305770613,0.861727399772385,0.90697747898504,0.953073427271242,
0.968217322901952),.UNSPECIFIED.);
#103=B_SPLINE_CURVE_WITH_KNOTS('',3,(#5942,#5943,#5944,#5945,#5946,#5947,
#5948,#5949,#5950,#5951,#5952,#5953,#5954,#5955,#5956,#5957,#5958,#5959,
#5960,#5961,#5962,#5963,#5964,#5965,#5966,#5967,#5968,#5969,#5970,#5971,
#5972,#5973),.UNSPECIFIED.,.F.,.F.,(4,1,1,1,1,1,1,1,1,1,1,1,1,1,1,1,1,1,
1,1,1,1,1,1,1,1,1,1,1,4),(0.,0.0905435754010973,0.101309272835279,0.115207725714169,
0.131652596037831,0.150299325856981,0.17091406108236,0.193324640843058,
0.217397464998304,0.243024943237999,0.270118012820405,0.298601362309559,
0.32841021966828,0.359488101772539,0.391785184229787,0.425257087589203,
0.45986395242589,0.495569720492199,0.532341566415863,0.570149441681501,
0.608965703886983,0.648764811805834,0.689523071958751,0.731218426019739,
0.77383027096769,0.817339305770613,0.861727399772385,0.90697747898504,0.953073427271242,
0.968217322901952),.UNSPECIFIED.);
#104=B_SPLINE_CURVE_WITH_KNOTS('',3,(#5981,#5982,#5983,#5984,#5985,#5986,
#5987,#5988,#5989,#5990,#5991,#5992,#5993,#5994,#5995,#5996,#5997,#5998,
#5999,#6000,#6001,#6002,#6003,#6004,#6005,#6006,#6007,#6008,#6009,#6010,
#6011,#6012),.UNSPECIFIED.,.F.,.F.,(4,1,1,1,1,1,1,1,1,1,1,1,1,1,1,1,1,1,
1,1,1,1,1,1,1,1,1,1,1,4),(0.,0.0905435754010973,0.101309272835279,0.115207725714169,
0.131652596037831,0.150299325856981,0.17091406108236,0.193324640843058,
0.217397464998304,0.243024943237999,0.270118012820405,0.298601362309559,
0.32841021966828,0.359488101772539,0.391785184229787,0.425257087589203,
0.45986395242589,0.495569720492199,0.532341566415863,0.570149441681501,
0.608965703886983,0.648764811805834,0.689523071958751,0.731218426019739,
0.77383027096769,0.817339305770613,0.861727399772385,0.90697747898504,0.953073427271242,
0.968217322901952),.UNSPECIFIED.);
#105=B_SPLINE_CURVE_WITH_KNOTS('',3,(#6013,#6014,#6015,#6016,#6017,#6018,
#6019,#6020,#6021,#6022,#6023,#6024,#6025,#6026,#6027,#6028,#6029,#6030,
#6031,#6032,#6033,#6034,#6035,#6036,#6037,#6038,#6039,#6040,#6041,#6042,
#6043,#6044),.UNSPECIFIED.,.F.,.F.,(4,1,1,1,1,1,1,1,1,1,1,1,1,1,1,1,1,1,
1,1,1,1,1,1,1,1,1,1,1,4),(0.,0.0905435754010973,0.101309272835279,0.115207725714169,
0.131652596037831,0.150299325856981,0.17091406108236,0.193324640843058,
0.217397464998304,0.243024943237999,0.270118012820405,0.298601362309559,
0.32841021966828,0.359488101772539,0.391785184229787,0.425257087589203,
0.45986395242589,0.495569720492199,0.532341566415863,0.570149441681501,
0.608965703886983,0.648764811805834,0.689523071958751,0.731218426019739,
0.77383027096769,0.817339305770613,0.861727399772385,0.90697747898504,0.953073427271242,
0.968217322901952),.UNSPECIFIED.);
#106=B_SPLINE_CURVE_WITH_KNOTS('',3,(#6052,#6053,#6054,#6055,#6056,#6057,
#6058,#6059,#6060,#6061,#6062,#6063,#6064,#6065,#6066,#6067,#6068,#6069,
#6070,#6071,#6072,#6073,#6074,#6075,#6076,#6077,#6078,#6079,#6080,#6081,
#6082,#6083),.UNSPECIFIED.,.F.,.F.,(4,1,1,1,1,1,1,1,1,1,1,1,1,1,1,1,1,1,
1,1,1,1,1,1,1,1,1,1,1,4),(0.,0.0905435754010973,0.101309272835279,0.115207725714169,
0.131652596037831,0.150299325856981,0.17091406108236,0.193324640843058,
0.217397464998304,0.243024943237999,0.270118012820405,0.298601362309559,
0.32841021966828,0.359488101772539,0.391785184229787,0.425257087589203,
0.45986395242589,0.495569720492199,0.532341566415863,0.570149441681501,
0.608965703886983,0.648764811805834,0.689523071958751,0.731218426019739,
0.77383027096769,0.817339305770613,0.861727399772385,0.90697747898504,0.953073427271242,
0.968217322901952),.UNSPECIFIED.);
#107=B_SPLINE_CURVE_WITH_KNOTS('',3,(#6084,#6085,#6086,#6087,#6088,#6089,
#6090,#6091,#6092,#6093,#6094,#6095,#6096,#6097,#6098,#6099,#6100,#6101,
#6102,#6103,#6104,#6105,#6106,#6107,#6108,#6109,#6110,#6111,#6112,#6113,
#6114,#6115),.UNSPECIFIED.,.F.,.F.,(4,1,1,1,1,1,1,1,1,1,1,1,1,1,1,1,1,1,
1,1,1,1,1,1,1,1,1,1,1,4),(0.,0.0905435754010973,0.101309272835279,0.115207725714169,
0.131652596037831,0.150299325856981,0.17091406108236,0.193324640843058,
0.217397464998304,0.243024943237999,0.270118012820405,0.298601362309559,
0.32841021966828,0.359488101772539,0.391785184229787,0.425257087589203,
0.45986395242589,0.495569720492199,0.532341566415863,0.570149441681501,
0.608965703886983,0.648764811805834,0.689523071958751,0.731218426019739,
0.77383027096769,0.817339305770613,0.861727399772385,0.90697747898504,0.953073427271242,
0.968217322901952),.UNSPECIFIED.);
#108=B_SPLINE_CURVE_WITH_KNOTS('',3,(#6131,#6132,#6133,#6134,#6135,#6136,
#6137,#6138,#6139,#6140,#6141,#6142,#6143,#6144,#6145,#6146,#6147,#6148,
#6149,#6150,#6151,#6152,#6153,#6154,#6155,#6156,#6157,#6158,#6159,#6160,
#6161,#6162),.UNSPECIFIED.,.F.,.F.,(4,1,1,1,1,1,1,1,1,1,1,1,1,1,1,1,1,1,
1,1,1,1,1,1,1,1,1,1,1,4),(0.,0.0905435754010973,0.101309272835279,0.115207725714169,
0.131652596037831,0.150299325856981,0.17091406108236,0.193324640843058,
0.217397464998304,0.243024943237999,0.270118012820405,0.298601362309559,
0.32841021966828,0.359488101772539,0.391785184229787,0.425257087589203,
0.45986395242589,0.495569720492199,0.532341566415863,0.570149441681501,
0.608965703886983,0.648764811805834,0.689523071958751,0.731218426019739,
0.77383027096769,0.817339305770613,0.861727399772385,0.90697747898504,0.953073427271242,
0.968217322901952),.UNSPECIFIED.);
#109=B_SPLINE_CURVE_WITH_KNOTS('',3,(#6163,#6164,#6165,#6166,#6167,#6168,
#6169,#6170,#6171,#6172,#6173,#6174,#6175,#6176,#6177,#6178,#6179,#6180,
#6181,#6182,#6183,#6184,#6185,#6186,#6187,#6188,#6189,#6190,#6191,#6192,
#6193,#6194),.UNSPECIFIED.,.F.,.F.,(4,1,1,1,1,1,1,1,1,1,1,1,1,1,1,1,1,1,
1,1,1,1,1,1,1,1,1,1,1,4),(0.,0.0905435754010973,0.101309272835279,0.115207725714169,
0.131652596037831,0.150299325856981,0.17091406108236,0.193324640843058,
0.217397464998304,0.243024943237999,0.270118012820405,0.298601362309559,
0.32841021966828,0.359488101772539,0.391785184229787,0.425257087589203,
0.45986395242589,0.495569720492199,0.532341566415863,0.570149441681501,
0.608965703886983,0.648764811805834,0.689523071958751,0.731218426019739,
0.77383027096769,0.817339305770613,0.861727399772385,0.90697747898504,0.953073427271242,
0.968217322901952),.UNSPECIFIED.);
#110=B_SPLINE_CURVE_WITH_KNOTS('',3,(#6202,#6203,#6204,#6205,#6206,#6207,
#6208,#6209,#6210,#6211,#6212,#6213,#6214,#6215,#6216,#6217,#6218,#6219,
#6220,#6221,#6222,#6223,#6224,#6225,#6226,#6227,#6228,#6229,#6230,#6231,
#6232,#6233),.UNSPECIFIED.,.F.,.F.,(4,1,1,1,1,1,1,1,1,1,1,1,1,1,1,1,1,1,
1,1,1,1,1,1,1,1,1,1,1,4),(0.,0.0905435754010973,0.101309272835279,0.115207725714169,
0.131652596037831,0.150299325856981,0.17091406108236,0.193324640843058,
0.217397464998304,0.243024943237999,0.270118012820405,0.298601362309559,
0.32841021966828,0.359488101772539,0.391785184229787,0.425257087589203,
0.45986395242589,0.495569720492199,0.532341566415863,0.570149441681501,
0.608965703886983,0.648764811805834,0.689523071958751,0.731218426019739,
0.77383027096769,0.817339305770613,0.861727399772385,0.90697747898504,0.953073427271242,
0.968217322901952),.UNSPECIFIED.);
#111=B_SPLINE_CURVE_WITH_KNOTS('',3,(#6234,#6235,#6236,#6237,#6238,#6239,
#6240,#6241,#6242,#6243,#6244,#6245,#6246,#6247,#6248,#6249,#6250,#6251,
#6252,#6253,#6254,#6255,#6256,#6257,#6258,#6259,#6260,#6261,#6262,#6263,
#6264,#6265),.UNSPECIFIED.,.F.,.F.,(4,1,1,1,1,1,1,1,1,1,1,1,1,1,1,1,1,1,
1,1,1,1,1,1,1,1,1,1,1,4),(0.,0.0905435754010973,0.101309272835279,0.115207725714169,
0.131652596037831,0.150299325856981,0.17091406108236,0.193324640843058,
0.217397464998304,0.243024943237999,0.270118012820405,0.298601362309559,
0.32841021966828,0.359488101772539,0.391785184229787,0.425257087589203,
0.45986395242589,0.495569720492199,0.532341566415863,0.570149441681501,
0.608965703886983,0.648764811805834,0.689523071958751,0.731218426019739,
0.77383027096769,0.817339305770613,0.861727399772385,0.90697747898504,0.953073427271242,
0.968217322901952),.UNSPECIFIED.);
#112=B_SPLINE_CURVE_WITH_KNOTS('',3,(#6273,#6274,#6275,#6276,#6277,#6278,
#6279,#6280,#6281,#6282,#6283,#6284,#6285,#6286,#6287,#6288,#6289,#6290,
#6291,#6292,#6293,#6294,#6295,#6296,#6297,#6298,#6299,#6300,#6301,#6302,
#6303,#6304),.UNSPECIFIED.,.F.,.F.,(4,1,1,1,1,1,1,1,1,1,1,1,1,1,1,1,1,1,
1,1,1,1,1,1,1,1,1,1,1,4),(0.,0.0905435754010973,0.101309272835279,0.115207725714169,
0.131652596037831,0.150299325856981,0.17091406108236,0.193324640843058,
0.217397464998304,0.243024943237999,0.270118012820405,0.298601362309559,
0.32841021966828,0.359488101772539,0.391785184229787,0.425257087589203,
0.45986395242589,0.495569720492199,0.532341566415863,0.570149441681501,
0.608965703886983,0.648764811805834,0.689523071958751,0.731218426019739,
0.77383027096769,0.817339305770613,0.861727399772385,0.90697747898504,0.953073427271242,
0.968217322901952),.UNSPECIFIED.);
#113=B_SPLINE_CURVE_WITH_KNOTS('',3,(#6305,#6306,#6307,#6308,#6309,#6310,
#6311,#6312,#6313,#6314,#6315,#6316,#6317,#6318,#6319,#6320,#6321,#6322,
#6323,#6324,#6325,#6326,#6327,#6328,#6329,#6330,#6331,#6332,#6333,#6334,
#6335,#6336),.UNSPECIFIED.,.F.,.F.,(4,1,1,1,1,1,1,1,1,1,1,1,1,1,1,1,1,1,
1,1,1,1,1,1,1,1,1,1,1,4),(0.,0.0905435754010973,0.101309272835279,0.115207725714169,
0.131652596037831,0.150299325856981,0.17091406108236,0.193324640843058,
0.217397464998304,0.243024943237999,0.270118012820405,0.298601362309559,
0.32841021966828,0.359488101772539,0.391785184229787,0.425257087589203,
0.45986395242589,0.495569720492199,0.532341566415863,0.570149441681501,
0.608965703886983,0.648764811805834,0.689523071958751,0.731218426019739,
0.77383027096769,0.817339305770613,0.861727399772385,0.90697747898504,0.953073427271242,
0.968217322901952),.UNSPECIFIED.);
#114=B_SPLINE_CURVE_WITH_KNOTS('',3,(#6344,#6345,#6346,#6347,#6348,#6349,
#6350,#6351,#6352,#6353,#6354,#6355,#6356,#6357,#6358,#6359,#6360,#6361,
#6362,#6363,#6364,#6365,#6366,#6367,#6368,#6369,#6370,#6371,#6372,#6373,
#6374,#6375),.UNSPECIFIED.,.F.,.F.,(4,1,1,1,1,1,1,1,1,1,1,1,1,1,1,1,1,1,
1,1,1,1,1,1,1,1,1,1,1,4),(0.,0.0905435754010973,0.101309272835279,0.115207725714169,
0.131652596037831,0.150299325856981,0.17091406108236,0.193324640843058,
0.217397464998304,0.243024943237999,0.270118012820405,0.298601362309559,
0.32841021966828,0.359488101772539,0.391785184229787,0.425257087589203,
0.45986395242589,0.495569720492199,0.532341566415863,0.570149441681501,
0.608965703886983,0.648764811805834,0.689523071958751,0.731218426019739,
0.77383027096769,0.817339305770613,0.861727399772385,0.90697747898504,0.953073427271242,
0.968217322901952),.UNSPECIFIED.);
#115=B_SPLINE_CURVE_WITH_KNOTS('',3,(#6376,#6377,#6378,#6379,#6380,#6381,
#6382,#6383,#6384,#6385,#6386,#6387,#6388,#6389,#6390,#6391,#6392,#6393,
#6394,#6395,#6396,#6397,#6398,#6399,#6400,#6401,#6402,#6403,#6404,#6405,
#6406,#6407),.UNSPECIFIED.,.F.,.F.,(4,1,1,1,1,1,1,1,1,1,1,1,1,1,1,1,1,1,
1,1,1,1,1,1,1,1,1,1,1,4),(0.,0.0905435754010973,0.101309272835279,0.115207725714169,
0.131652596037831,0.150299325856981,0.17091406108236,0.193324640843058,
0.217397464998304,0.243024943237999,0.270118012820405,0.298601362309559,
0.32841021966828,0.359488101772539,0.391785184229787,0.425257087589203,
0.45986395242589,0.495569720492199,0.532341566415863,0.570149441681501,
0.608965703886983,0.648764811805834,0.689523071958751,0.731218426019739,
0.77383027096769,0.817339305770613,0.861727399772385,0.90697747898504,0.953073427271242,
0.968217322901952),.UNSPECIFIED.);
#116=B_SPLINE_CURVE_WITH_KNOTS('',3,(#6415,#6416,#6417,#6418,#6419,#6420,
#6421,#6422,#6423,#6424,#6425,#6426,#6427,#6428,#6429,#6430,#6431,#6432,
#6433,#6434,#6435,#6436,#6437,#6438,#6439,#6440,#6441,#6442,#6443,#6444,
#6445,#6446),.UNSPECIFIED.,.F.,.F.,(4,1,1,1,1,1,1,1,1,1,1,1,1,1,1,1,1,1,
1,1,1,1,1,1,1,1,1,1,1,4),(0.,0.0905435754010973,0.101309272835279,0.115207725714169,
0.131652596037831,0.150299325856981,0.17091406108236,0.193324640843058,
0.217397464998304,0.243024943237999,0.270118012820405,0.298601362309559,
0.32841021966828,0.359488101772539,0.391785184229787,0.425257087589203,
0.45986395242589,0.495569720492199,0.532341566415863,0.570149441681501,
0.608965703886983,0.648764811805834,0.689523071958751,0.731218426019739,
0.77383027096769,0.817339305770613,0.861727399772385,0.90697747898504,0.953073427271242,
0.968217322901952),.UNSPECIFIED.);
#117=B_SPLINE_CURVE_WITH_KNOTS('',3,(#6447,#6448,#6449,#6450,#6451,#6452,
#6453,#6454,#6455,#6456,#6457,#6458,#6459,#6460,#6461,#6462,#6463,#6464,
#6465,#6466,#6467,#6468,#6469,#6470,#6471,#6472,#6473,#6474,#6475,#6476,
#6477,#6478),.UNSPECIFIED.,.F.,.F.,(4,1,1,1,1,1,1,1,1,1,1,1,1,1,1,1,1,1,
1,1,1,1,1,1,1,1,1,1,1,4),(0.,0.0905435754010973,0.101309272835279,0.115207725714169,
0.131652596037831,0.150299325856981,0.17091406108236,0.193324640843058,
0.217397464998304,0.243024943237999,0.270118012820405,0.298601362309559,
0.32841021966828,0.359488101772539,0.391785184229787,0.425257087589203,
0.45986395242589,0.495569720492199,0.532341566415863,0.570149441681501,
0.608965703886983,0.648764811805834,0.689523071958751,0.731218426019739,
0.77383027096769,0.817339305770613,0.861727399772385,0.90697747898504,0.953073427271242,
0.968217322901952),.UNSPECIFIED.);
#118=B_SPLINE_CURVE_WITH_KNOTS('',3,(#6486,#6487,#6488,#6489,#6490,#6491,
#6492,#6493,#6494,#6495,#6496,#6497,#6498,#6499,#6500,#6501,#6502,#6503,
#6504,#6505,#6506,#6507,#6508,#6509,#6510,#6511,#6512,#6513,#6514,#6515,
#6516,#6517),.UNSPECIFIED.,.F.,.F.,(4,1,1,1,1,1,1,1,1,1,1,1,1,1,1,1,1,1,
1,1,1,1,1,1,1,1,1,1,1,4),(0.,0.0905435754010973,0.101309272835279,0.115207725714169,
0.131652596037831,0.150299325856981,0.17091406108236,0.193324640843058,
0.217397464998304,0.243024943237999,0.270118012820405,0.298601362309559,
0.32841021966828,0.359488101772539,0.391785184229787,0.425257087589203,
0.45986395242589,0.495569720492199,0.532341566415863,0.570149441681501,
0.608965703886983,0.648764811805834,0.689523071958751,0.731218426019739,
0.77383027096769,0.817339305770613,0.861727399772385,0.90697747898504,0.953073427271242,
0.968217322901952),.UNSPECIFIED.);
#119=B_SPLINE_CURVE_WITH_KNOTS('',3,(#6518,#6519,#6520,#6521,#6522,#6523,
#6524,#6525,#6526,#6527,#6528,#6529,#6530,#6531,#6532,#6533,#6534,#6535,
#6536,#6537,#6538,#6539,#6540,#6541,#6542,#6543,#6544,#6545,#6546,#6547,
#6548,#6549),.UNSPECIFIED.,.F.,.F.,(4,1,1,1,1,1,1,1,1,1,1,1,1,1,1,1,1,1,
1,1,1,1,1,1,1,1,1,1,1,4),(0.,0.0905435754010973,0.101309272835279,0.115207725714169,
0.131652596037831,0.150299325856981,0.17091406108236,0.193324640843058,
0.217397464998304,0.243024943237999,0.270118012820405,0.298601362309559,
0.32841021966828,0.359488101772539,0.391785184229787,0.425257087589203,
0.45986395242589,0.495569720492199,0.532341566415863,0.570149441681501,
0.608965703886983,0.648764811805834,0.689523071958751,0.731218426019739,
0.77383027096769,0.817339305770613,0.861727399772385,0.90697747898504,0.953073427271242,
0.968217322901952),.UNSPECIFIED.);
#120=B_SPLINE_CURVE_WITH_KNOTS('',3,(#6557,#6558,#6559,#6560,#6561,#6562,
#6563,#6564,#6565,#6566,#6567,#6568,#6569,#6570,#6571,#6572,#6573,#6574,
#6575,#6576,#6577,#6578,#6579,#6580,#6581,#6582,#6583,#6584,#6585,#6586,
#6587,#6588),.UNSPECIFIED.,.F.,.F.,(4,1,1,1,1,1,1,1,1,1,1,1,1,1,1,1,1,1,
1,1,1,1,1,1,1,1,1,1,1,4),(0.,0.0905435754010973,0.101309272835279,0.115207725714169,
0.131652596037831,0.150299325856981,0.17091406108236,0.193324640843058,
0.217397464998304,0.243024943237999,0.270118012820405,0.298601362309559,
0.32841021966828,0.359488101772539,0.391785184229787,0.425257087589203,
0.45986395242589,0.495569720492199,0.532341566415863,0.570149441681501,
0.608965703886983,0.648764811805834,0.689523071958751,0.731218426019739,
0.77383027096769,0.817339305770613,0.861727399772385,0.90697747898504,0.953073427271242,
0.968217322901952),.UNSPECIFIED.);
#121=B_SPLINE_CURVE_WITH_KNOTS('',3,(#6589,#6590,#6591,#6592,#6593,#6594,
#6595,#6596,#6597,#6598,#6599,#6600,#6601,#6602,#6603,#6604,#6605,#6606,
#6607,#6608,#6609,#6610,#6611,#6612,#6613,#6614,#6615,#6616,#6617,#6618,
#6619,#6620),.UNSPECIFIED.,.F.,.F.,(4,1,1,1,1,1,1,1,1,1,1,1,1,1,1,1,1,1,
1,1,1,1,1,1,1,1,1,1,1,4),(0.,0.0905435754010973,0.101309272835279,0.115207725714169,
0.131652596037831,0.150299325856981,0.17091406108236,0.193324640843058,
0.217397464998304,0.243024943237999,0.270118012820405,0.298601362309559,
0.32841021966828,0.359488101772539,0.391785184229787,0.425257087589203,
0.45986395242589,0.495569720492199,0.532341566415863,0.570149441681501,
0.608965703886983,0.648764811805834,0.689523071958751,0.731218426019739,
0.77383027096769,0.817339305770613,0.861727399772385,0.90697747898504,0.953073427271242,
0.968217322901952),.UNSPECIFIED.);
#122=B_SPLINE_CURVE_WITH_KNOTS('',3,(#6628,#6629,#6630,#6631,#6632,#6633,
#6634,#6635,#6636,#6637,#6638,#6639,#6640,#6641,#6642,#6643,#6644,#6645,
#6646,#6647,#6648,#6649,#6650,#6651,#6652,#6653,#6654,#6655,#6656,#6657,
#6658,#6659),.UNSPECIFIED.,.F.,.F.,(4,1,1,1,1,1,1,1,1,1,1,1,1,1,1,1,1,1,
1,1,1,1,1,1,1,1,1,1,1,4),(0.,0.0905435754010973,0.101309272835279,0.115207725714169,
0.131652596037831,0.150299325856981,0.17091406108236,0.193324640843058,
0.217397464998304,0.243024943237999,0.270118012820405,0.298601362309559,
0.32841021966828,0.359488101772539,0.391785184229787,0.425257087589203,
0.45986395242589,0.495569720492199,0.532341566415863,0.570149441681501,
0.608965703886983,0.648764811805834,0.689523071958751,0.731218426019739,
0.77383027096769,0.817339305770613,0.861727399772385,0.90697747898504,0.953073427271242,
0.968217322901952),.UNSPECIFIED.);
#123=B_SPLINE_CURVE_WITH_KNOTS('',3,(#6660,#6661,#6662,#6663,#6664,#6665,
#6666,#6667,#6668,#6669,#6670,#6671,#6672,#6673,#6674,#6675,#6676,#6677,
#6678,#6679,#6680,#6681,#6682,#6683,#6684,#6685,#6686,#6687,#6688,#6689,
#6690,#6691),.UNSPECIFIED.,.F.,.F.,(4,1,1,1,1,1,1,1,1,1,1,1,1,1,1,1,1,1,
1,1,1,1,1,1,1,1,1,1,1,4),(0.,0.0905435754010973,0.101309272835279,0.115207725714169,
0.131652596037831,0.150299325856981,0.17091406108236,0.193324640843058,
0.217397464998304,0.243024943237999,0.270118012820405,0.298601362309559,
0.32841021966828,0.359488101772539,0.391785184229787,0.425257087589203,
0.45986395242589,0.495569720492199,0.532341566415863,0.570149441681501,
0.608965703886983,0.648764811805834,0.689523071958751,0.731218426019739,
0.77383027096769,0.817339305770613,0.861727399772385,0.90697747898504,0.953073427271242,
0.968217322901952),.UNSPECIFIED.);
#124=B_SPLINE_CURVE_WITH_KNOTS('',3,(#6699,#6700,#6701,#6702,#6703,#6704,
#6705,#6706,#6707,#6708,#6709,#6710,#6711,#6712,#6713,#6714,#6715,#6716,
#6717,#6718,#6719,#6720,#6721,#6722,#6723,#6724,#6725,#6726,#6727,#6728,
#6729,#6730),.UNSPECIFIED.,.F.,.F.,(4,1,1,1,1,1,1,1,1,1,1,1,1,1,1,1,1,1,
1,1,1,1,1,1,1,1,1,1,1,4),(0.,0.0905435754010973,0.101309272835279,0.115207725714169,
0.131652596037831,0.150299325856981,0.17091406108236,0.193324640843058,
0.217397464998304,0.243024943237999,0.270118012820405,0.298601362309559,
0.32841021966828,0.359488101772539,0.391785184229787,0.425257087589203,
0.45986395242589,0.495569720492199,0.532341566415863,0.570149441681501,
0.608965703886983,0.648764811805834,0.689523071958751,0.731218426019739,
0.77383027096769,0.817339305770613,0.861727399772385,0.90697747898504,0.953073427271242,
0.968217322901952),.UNSPECIFIED.);
#125=B_SPLINE_CURVE_WITH_KNOTS('',3,(#6731,#6732,#6733,#6734,#6735,#6736,
#6737,#6738,#6739,#6740,#6741,#6742,#6743,#6744,#6745,#6746,#6747,#6748,
#6749,#6750,#6751,#6752,#6753,#6754,#6755,#6756,#6757,#6758,#6759,#6760,
#6761,#6762),.UNSPECIFIED.,.F.,.F.,(4,1,1,1,1,1,1,1,1,1,1,1,1,1,1,1,1,1,
1,1,1,1,1,1,1,1,1,1,1,4),(0.,0.0905435754010973,0.101309272835279,0.115207725714169,
0.131652596037831,0.150299325856981,0.17091406108236,0.193324640843058,
0.217397464998304,0.243024943237999,0.270118012820405,0.298601362309559,
0.32841021966828,0.359488101772539,0.391785184229787,0.425257087589203,
0.45986395242589,0.495569720492199,0.532341566415863,0.570149441681501,
0.608965703886983,0.648764811805834,0.689523071958751,0.731218426019739,
0.77383027096769,0.817339305770613,0.861727399772385,0.90697747898504,0.953073427271242,
0.968217322901952),.UNSPECIFIED.);
#126=B_SPLINE_CURVE_WITH_KNOTS('',3,(#6770,#6771,#6772,#6773,#6774,#6775,
#6776,#6777,#6778,#6779,#6780,#6781,#6782,#6783,#6784,#6785,#6786,#6787,
#6788,#6789,#6790,#6791,#6792,#6793,#6794,#6795,#6796,#6797,#6798,#6799,
#6800,#6801),.UNSPECIFIED.,.F.,.F.,(4,1,1,1,1,1,1,1,1,1,1,1,1,1,1,1,1,1,
1,1,1,1,1,1,1,1,1,1,1,4),(0.,0.0905435754010973,0.101309272835279,0.115207725714169,
0.131652596037831,0.150299325856981,0.17091406108236,0.193324640843058,
0.217397464998304,0.243024943237999,0.270118012820405,0.298601362309559,
0.32841021966828,0.359488101772539,0.391785184229787,0.425257087589203,
0.45986395242589,0.495569720492199,0.532341566415863,0.570149441681501,
0.608965703886983,0.648764811805834,0.689523071958751,0.731218426019739,
0.77383027096769,0.817339305770613,0.861727399772385,0.90697747898504,0.953073427271242,
0.968217322901952),.UNSPECIFIED.);
#127=B_SPLINE_CURVE_WITH_KNOTS('',3,(#6802,#6803,#6804,#6805,#6806,#6807,
#6808,#6809,#6810,#6811,#6812,#6813,#6814,#6815,#6816,#6817,#6818,#6819,
#6820,#6821,#6822,#6823,#6824,#6825,#6826,#6827,#6828,#6829,#6830,#6831,
#6832,#6833),.UNSPECIFIED.,.F.,.F.,(4,1,1,1,1,1,1,1,1,1,1,1,1,1,1,1,1,1,
1,1,1,1,1,1,1,1,1,1,1,4),(0.,0.0905435754010973,0.101309272835279,0.115207725714169,
0.131652596037831,0.150299325856981,0.17091406108236,0.193324640843058,
0.217397464998304,0.243024943237999,0.270118012820405,0.298601362309559,
0.32841021966828,0.359488101772539,0.391785184229787,0.425257087589203,
0.45986395242589,0.495569720492199,0.532341566415863,0.570149441681501,
0.608965703886983,0.648764811805834,0.689523071958751,0.731218426019739,
0.77383027096769,0.817339305770613,0.861727399772385,0.90697747898504,0.953073427271242,
0.968217322901952),.UNSPECIFIED.);
#128=B_SPLINE_CURVE_WITH_KNOTS('',3,(#6841,#6842,#6843,#6844,#6845,#6846,
#6847,#6848,#6849,#6850,#6851,#6852,#6853,#6854,#6855,#6856,#6857,#6858,
#6859,#6860,#6861,#6862,#6863,#6864,#6865,#6866,#6867,#6868,#6869,#6870,
#6871,#6872),.UNSPECIFIED.,.F.,.F.,(4,1,1,1,1,1,1,1,1,1,1,1,1,1,1,1,1,1,
1,1,1,1,1,1,1,1,1,1,1,4),(0.,0.0905435754010973,0.101309272835279,0.115207725714169,
0.131652596037831,0.150299325856981,0.17091406108236,0.193324640843058,
0.217397464998304,0.243024943237999,0.270118012820405,0.298601362309559,
0.32841021966828,0.359488101772539,0.391785184229787,0.425257087589203,
0.45986395242589,0.495569720492199,0.532341566415863,0.570149441681501,
0.608965703886983,0.648764811805834,0.689523071958751,0.731218426019739,
0.77383027096769,0.817339305770613,0.861727399772385,0.90697747898504,0.953073427271242,
0.968217322901952),.UNSPECIFIED.);
#129=B_SPLINE_CURVE_WITH_KNOTS('',3,(#6873,#6874,#6875,#6876,#6877,#6878,
#6879,#6880,#6881,#6882,#6883,#6884,#6885,#6886,#6887,#6888,#6889,#6890,
#6891,#6892,#6893,#6894,#6895,#6896,#6897,#6898,#6899,#6900,#6901,#6902,
#6903,#6904),.UNSPECIFIED.,.F.,.F.,(4,1,1,1,1,1,1,1,1,1,1,1,1,1,1,1,1,1,
1,1,1,1,1,1,1,1,1,1,1,4),(0.,0.0905435754010973,0.101309272835279,0.115207725714169,
0.131652596037831,0.150299325856981,0.17091406108236,0.193324640843058,
0.217397464998304,0.243024943237999,0.270118012820405,0.298601362309559,
0.32841021966828,0.359488101772539,0.391785184229787,0.425257087589203,
0.45986395242589,0.495569720492199,0.532341566415863,0.570149441681501,
0.608965703886983,0.648764811805834,0.689523071958751,0.731218426019739,
0.77383027096769,0.817339305770613,0.861727399772385,0.90697747898504,0.953073427271242,
0.968217322901952),.UNSPECIFIED.);
#130=B_SPLINE_CURVE_WITH_KNOTS('',3,(#6912,#6913,#6914,#6915,#6916,#6917,
#6918,#6919,#6920,#6921,#6922,#6923,#6924,#6925,#6926,#6927,#6928,#6929,
#6930,#6931,#6932,#6933,#6934,#6935,#6936,#6937,#6938,#6939,#6940,#6941,
#6942,#6943),.UNSPECIFIED.,.F.,.F.,(4,1,1,1,1,1,1,1,1,1,1,1,1,1,1,1,1,1,
1,1,1,1,1,1,1,1,1,1,1,4),(0.,0.0905435754010973,0.101309272835279,0.115207725714169,
0.131652596037831,0.150299325856981,0.17091406108236,0.193324640843058,
0.217397464998304,0.243024943237999,0.270118012820405,0.298601362309559,
0.32841021966828,0.359488101772539,0.391785184229787,0.425257087589203,
0.45986395242589,0.495569720492199,0.532341566415863,0.570149441681501,
0.608965703886983,0.648764811805834,0.689523071958751,0.731218426019739,
0.77383027096769,0.817339305770613,0.861727399772385,0.90697747898504,0.953073427271242,
0.968217322901952),.UNSPECIFIED.);
#131=B_SPLINE_CURVE_WITH_KNOTS('',3,(#6944,#6945,#6946,#6947,#6948,#6949,
#6950,#6951,#6952,#6953,#6954,#6955,#6956,#6957,#6958,#6959,#6960,#6961,
#6962,#6963,#6964,#6965,#6966,#6967,#6968,#6969,#6970,#6971,#6972,#6973,
#6974,#6975),.UNSPECIFIED.,.F.,.F.,(4,1,1,1,1,1,1,1,1,1,1,1,1,1,1,1,1,1,
1,1,1,1,1,1,1,1,1,1,1,4),(0.,0.0905435754010973,0.101309272835279,0.115207725714169,
0.131652596037831,0.150299325856981,0.17091406108236,0.193324640843058,
0.217397464998304,0.243024943237999,0.270118012820405,0.298601362309559,
0.32841021966828,0.359488101772539,0.391785184229787,0.425257087589203,
0.45986395242589,0.495569720492199,0.532341566415863,0.570149441681501,
0.608965703886983,0.648764811805834,0.689523071958751,0.731218426019739,
0.77383027096769,0.817339305770613,0.861727399772385,0.90697747898504,0.953073427271242,
0.968217322901952),.UNSPECIFIED.);
#132=B_SPLINE_CURVE_WITH_KNOTS('',3,(#6983,#6984,#6985,#6986,#6987,#6988,
#6989,#6990,#6991,#6992,#6993,#6994,#6995,#6996,#6997,#6998,#6999,#7000,
#7001,#7002,#7003,#7004,#7005,#7006,#7007,#7008,#7009,#7010,#7011,#7012,
#7013,#7014),.UNSPECIFIED.,.F.,.F.,(4,1,1,1,1,1,1,1,1,1,1,1,1,1,1,1,1,1,
1,1,1,1,1,1,1,1,1,1,1,4),(0.,0.0905435754010973,0.101309272835279,0.115207725714169,
0.131652596037831,0.150299325856981,0.17091406108236,0.193324640843058,
0.217397464998304,0.243024943237999,0.270118012820405,0.298601362309559,
0.32841021966828,0.359488101772539,0.391785184229787,0.425257087589203,
0.45986395242589,0.495569720492199,0.532341566415863,0.570149441681501,
0.608965703886983,0.648764811805834,0.689523071958751,0.731218426019739,
0.77383027096769,0.817339305770613,0.861727399772385,0.90697747898504,0.953073427271242,
0.968217322901952),.UNSPECIFIED.);
#133=B_SPLINE_CURVE_WITH_KNOTS('',3,(#7015,#7016,#7017,#7018,#7019,#7020,
#7021,#7022,#7023,#7024,#7025,#7026,#7027,#7028,#7029,#7030,#7031,#7032,
#7033,#7034,#7035,#7036,#7037,#7038,#7039,#7040,#7041,#7042,#7043,#7044,
#7045,#7046),.UNSPECIFIED.,.F.,.F.,(4,1,1,1,1,1,1,1,1,1,1,1,1,1,1,1,1,1,
1,1,1,1,1,1,1,1,1,1,1,4),(0.,0.0905435754010973,0.101309272835279,0.115207725714169,
0.131652596037831,0.150299325856981,0.17091406108236,0.193324640843058,
0.217397464998304,0.243024943237999,0.270118012820405,0.298601362309559,
0.32841021966828,0.359488101772539,0.391785184229787,0.425257087589203,
0.45986395242589,0.495569720492199,0.532341566415863,0.570149441681501,
0.608965703886983,0.648764811805834,0.689523071958751,0.731218426019739,
0.77383027096769,0.817339305770613,0.861727399772385,0.90697747898504,0.953073427271242,
0.968217322901952),.UNSPECIFIED.);
#134=B_SPLINE_CURVE_WITH_KNOTS('',3,(#7054,#7055,#7056,#7057,#7058,#7059,
#7060,#7061,#7062,#7063,#7064,#7065,#7066,#7067,#7068,#7069,#7070,#7071,
#7072,#7073,#7074,#7075,#7076,#7077,#7078,#7079,#7080,#7081,#7082,#7083,
#7084,#7085),.UNSPECIFIED.,.F.,.F.,(4,1,1,1,1,1,1,1,1,1,1,1,1,1,1,1,1,1,
1,1,1,1,1,1,1,1,1,1,1,4),(0.,0.0905435754010973,0.101309272835279,0.115207725714169,
0.131652596037831,0.150299325856981,0.17091406108236,0.193324640843058,
0.217397464998304,0.243024943237999,0.270118012820405,0.298601362309559,
0.32841021966828,0.359488101772539,0.391785184229787,0.425257087589203,
0.45986395242589,0.495569720492199,0.532341566415863,0.570149441681501,
0.608965703886983,0.648764811805834,0.689523071958751,0.731218426019739,
0.77383027096769,0.817339305770613,0.861727399772385,0.90697747898504,0.953073427271242,
0.968217322901952),.UNSPECIFIED.);
#135=B_SPLINE_CURVE_WITH_KNOTS('',3,(#7086,#7087,#7088,#7089,#7090,#7091,
#7092,#7093,#7094,#7095,#7096,#7097,#7098,#7099,#7100,#7101,#7102,#7103,
#7104,#7105,#7106,#7107,#7108,#7109,#7110,#7111,#7112,#7113,#7114,#7115,
#7116,#7117),.UNSPECIFIED.,.F.,.F.,(4,1,1,1,1,1,1,1,1,1,1,1,1,1,1,1,1,1,
1,1,1,1,1,1,1,1,1,1,1,4),(0.,0.0905435754010973,0.101309272835279,0.115207725714169,
0.131652596037831,0.150299325856981,0.17091406108236,0.193324640843058,
0.217397464998304,0.243024943237999,0.270118012820405,0.298601362309559,
0.32841021966828,0.359488101772539,0.391785184229787,0.425257087589203,
0.45986395242589,0.495569720492199,0.532341566415863,0.570149441681501,
0.608965703886983,0.648764811805834,0.689523071958751,0.731218426019739,
0.77383027096769,0.817339305770613,0.861727399772385,0.90697747898504,0.953073427271242,
0.968217322901952),.UNSPECIFIED.);
#136=B_SPLINE_CURVE_WITH_KNOTS('',3,(#7125,#7126,#7127,#7128,#7129,#7130,
#7131,#7132,#7133,#7134,#7135,#7136,#7137,#7138,#7139,#7140,#7141,#7142,
#7143,#7144,#7145,#7146,#7147,#7148,#7149,#7150,#7151,#7152,#7153,#7154,
#7155,#7156),.UNSPECIFIED.,.F.,.F.,(4,1,1,1,1,1,1,1,1,1,1,1,1,1,1,1,1,1,
1,1,1,1,1,1,1,1,1,1,1,4),(0.,0.0905435754010973,0.101309272835279,0.115207725714169,
0.131652596037831,0.150299325856981,0.17091406108236,0.193324640843058,
0.217397464998304,0.243024943237999,0.270118012820405,0.298601362309559,
0.32841021966828,0.359488101772539,0.391785184229787,0.425257087589203,
0.45986395242589,0.495569720492199,0.532341566415863,0.570149441681501,
0.608965703886983,0.648764811805834,0.689523071958751,0.731218426019739,
0.77383027096769,0.817339305770613,0.861727399772385,0.90697747898504,0.953073427271242,
0.968217322901952),.UNSPECIFIED.);
#137=B_SPLINE_CURVE_WITH_KNOTS('',3,(#7157,#7158,#7159,#7160,#7161,#7162,
#7163,#7164,#7165,#7166,#7167,#7168,#7169,#7170,#7171,#7172,#7173,#7174,
#7175,#7176,#7177,#7178,#7179,#7180,#7181,#7182,#7183,#7184,#7185,#7186,
#7187,#7188),.UNSPECIFIED.,.F.,.F.,(4,1,1,1,1,1,1,1,1,1,1,1,1,1,1,1,1,1,
1,1,1,1,1,1,1,1,1,1,1,4),(0.,0.0905435754010973,0.101309272835279,0.115207725714169,
0.131652596037831,0.150299325856981,0.17091406108236,0.193324640843058,
0.217397464998304,0.243024943237999,0.270118012820405,0.298601362309559,
0.32841021966828,0.359488101772539,0.391785184229787,0.425257087589203,
0.45986395242589,0.495569720492199,0.532341566415863,0.570149441681501,
0.608965703886983,0.648764811805834,0.689523071958751,0.731218426019739,
0.77383027096769,0.817339305770613,0.861727399772385,0.90697747898504,0.953073427271242,
0.968217322901952),.UNSPECIFIED.);
#138=B_SPLINE_CURVE_WITH_KNOTS('',3,(#7196,#7197,#7198,#7199,#7200,#7201,
#7202,#7203,#7204,#7205,#7206,#7207,#7208,#7209,#7210,#7211,#7212,#7213,
#7214,#7215,#7216,#7217,#7218,#7219,#7220,#7221,#7222,#7223,#7224,#7225,
#7226,#7227),.UNSPECIFIED.,.F.,.F.,(4,1,1,1,1,1,1,1,1,1,1,1,1,1,1,1,1,1,
1,1,1,1,1,1,1,1,1,1,1,4),(0.,0.0905435754010973,0.101309272835279,0.115207725714169,
0.131652596037831,0.150299325856981,0.17091406108236,0.193324640843058,
0.217397464998304,0.243024943237999,0.270118012820405,0.298601362309559,
0.32841021966828,0.359488101772539,0.391785184229787,0.425257087589203,
0.45986395242589,0.495569720492199,0.532341566415863,0.570149441681501,
0.608965703886983,0.648764811805834,0.689523071958751,0.731218426019739,
0.77383027096769,0.817339305770613,0.861727399772385,0.90697747898504,0.953073427271242,
0.968217322901952),.UNSPECIFIED.);
#139=B_SPLINE_CURVE_WITH_KNOTS('',3,(#7228,#7229,#7230,#7231,#7232,#7233,
#7234,#7235,#7236,#7237,#7238,#7239,#7240,#7241,#7242,#7243,#7244,#7245,
#7246,#7247,#7248,#7249,#7250,#7251,#7252,#7253,#7254,#7255,#7256,#7257,
#7258,#7259),.UNSPECIFIED.,.F.,.F.,(4,1,1,1,1,1,1,1,1,1,1,1,1,1,1,1,1,1,
1,1,1,1,1,1,1,1,1,1,1,4),(0.,0.0905435754010973,0.101309272835279,0.115207725714169,
0.131652596037831,0.150299325856981,0.17091406108236,0.193324640843058,
0.217397464998304,0.243024943237999,0.270118012820405,0.298601362309559,
0.32841021966828,0.359488101772539,0.391785184229787,0.425257087589203,
0.45986395242589,0.495569720492199,0.532341566415863,0.570149441681501,
0.608965703886983,0.648764811805834,0.689523071958751,0.731218426019739,
0.77383027096769,0.817339305770613,0.861727399772385,0.90697747898504,0.953073427271242,
0.968217322901952),.UNSPECIFIED.);
#140=B_SPLINE_CURVE_WITH_KNOTS('',3,(#7267,#7268,#7269,#7270,#7271,#7272,
#7273,#7274,#7275,#7276,#7277,#7278,#7279,#7280,#7281,#7282,#7283,#7284,
#7285,#7286,#7287,#7288,#7289,#7290,#7291,#7292,#7293,#7294,#7295,#7296,
#7297,#7298),.UNSPECIFIED.,.F.,.F.,(4,1,1,1,1,1,1,1,1,1,1,1,1,1,1,1,1,1,
1,1,1,1,1,1,1,1,1,1,1,4),(0.,0.0905435754010973,0.101309272835279,0.115207725714169,
0.131652596037831,0.150299325856981,0.17091406108236,0.193324640843058,
0.217397464998304,0.243024943237999,0.270118012820405,0.298601362309559,
0.32841021966828,0.359488101772539,0.391785184229787,0.425257087589203,
0.45986395242589,0.495569720492199,0.532341566415863,0.570149441681501,
0.608965703886983,0.648764811805834,0.689523071958751,0.731218426019739,
0.77383027096769,0.817339305770613,0.861727399772385,0.90697747898504,0.953073427271242,
0.968217322901952),.UNSPECIFIED.);
#141=B_SPLINE_CURVE_WITH_KNOTS('',3,(#7299,#7300,#7301,#7302,#7303,#7304,
#7305,#7306,#7307,#7308,#7309,#7310,#7311,#7312,#7313,#7314,#7315,#7316,
#7317,#7318,#7319,#7320,#7321,#7322,#7323,#7324,#7325,#7326,#7327,#7328,
#7329,#7330),.UNSPECIFIED.,.F.,.F.,(4,1,1,1,1,1,1,1,1,1,1,1,1,1,1,1,1,1,
1,1,1,1,1,1,1,1,1,1,1,4),(0.,0.0905435754010973,0.101309272835279,0.115207725714169,
0.131652596037831,0.150299325856981,0.17091406108236,0.193324640843058,
0.217397464998304,0.243024943237999,0.270118012820405,0.298601362309559,
0.32841021966828,0.359488101772539,0.391785184229787,0.425257087589203,
0.45986395242589,0.495569720492199,0.532341566415863,0.570149441681501,
0.608965703886983,0.648764811805834,0.689523071958751,0.731218426019739,
0.77383027096769,0.817339305770613,0.861727399772385,0.90697747898504,0.953073427271242,
0.968217322901952),.UNSPECIFIED.);
#142=B_SPLINE_CURVE_WITH_KNOTS('',3,(#7338,#7339,#7340,#7341,#7342,#7343,
#7344,#7345,#7346,#7347,#7348,#7349,#7350,#7351,#7352,#7353,#7354,#7355,
#7356,#7357,#7358,#7359,#7360,#7361,#7362,#7363,#7364,#7365,#7366,#7367,
#7368,#7369),.UNSPECIFIED.,.F.,.F.,(4,1,1,1,1,1,1,1,1,1,1,1,1,1,1,1,1,1,
1,1,1,1,1,1,1,1,1,1,1,4),(0.,0.0905435754010973,0.101309272835279,0.115207725714169,
0.131652596037831,0.150299325856981,0.17091406108236,0.193324640843058,
0.217397464998304,0.243024943237999,0.270118012820405,0.298601362309559,
0.32841021966828,0.359488101772539,0.391785184229787,0.425257087589203,
0.45986395242589,0.495569720492199,0.532341566415863,0.570149441681501,
0.608965703886983,0.648764811805834,0.689523071958751,0.731218426019739,
0.77383027096769,0.817339305770613,0.861727399772385,0.90697747898504,0.953073427271242,
0.968217322901952),.UNSPECIFIED.);
#143=B_SPLINE_CURVE_WITH_KNOTS('',3,(#7370,#7371,#7372,#7373,#7374,#7375,
#7376,#7377,#7378,#7379,#7380,#7381,#7382,#7383,#7384,#7385,#7386,#7387,
#7388,#7389,#7390,#7391,#7392,#7393,#7394,#7395,#7396,#7397,#7398,#7399,
#7400,#7401),.UNSPECIFIED.,.F.,.F.,(4,1,1,1,1,1,1,1,1,1,1,1,1,1,1,1,1,1,
1,1,1,1,1,1,1,1,1,1,1,4),(0.,0.0905435754010973,0.101309272835279,0.115207725714169,
0.131652596037831,0.150299325856981,0.17091406108236,0.193324640843058,
0.217397464998304,0.243024943237999,0.270118012820405,0.298601362309559,
0.32841021966828,0.359488101772539,0.391785184229787,0.425257087589203,
0.45986395242589,0.495569720492199,0.532341566415863,0.570149441681501,
0.608965703886983,0.648764811805834,0.689523071958751,0.731218426019739,
0.77383027096769,0.817339305770613,0.861727399772385,0.90697747898504,0.953073427271242,
0.968217322901952),.UNSPECIFIED.);
#144=B_SPLINE_CURVE_WITH_KNOTS('',3,(#7409,#7410,#7411,#7412,#7413,#7414,
#7415,#7416,#7417,#7418,#7419,#7420,#7421,#7422,#7423,#7424,#7425,#7426,
#7427,#7428,#7429,#7430,#7431,#7432,#7433,#7434,#7435,#7436,#7437,#7438,
#7439,#7440),.UNSPECIFIED.,.F.,.F.,(4,1,1,1,1,1,1,1,1,1,1,1,1,1,1,1,1,1,
1,1,1,1,1,1,1,1,1,1,1,4),(0.,0.0905435754010973,0.101309272835279,0.115207725714169,
0.131652596037831,0.150299325856981,0.17091406108236,0.193324640843058,
0.217397464998304,0.243024943237999,0.270118012820405,0.298601362309559,
0.32841021966828,0.359488101772539,0.391785184229787,0.425257087589203,
0.45986395242589,0.495569720492199,0.532341566415863,0.570149441681501,
0.608965703886983,0.648764811805834,0.689523071958751,0.731218426019739,
0.77383027096769,0.817339305770613,0.861727399772385,0.90697747898504,0.953073427271242,
0.968217322901952),.UNSPECIFIED.);
#145=B_SPLINE_CURVE_WITH_KNOTS('',3,(#7441,#7442,#7443,#7444,#7445,#7446,
#7447,#7448,#7449,#7450,#7451,#7452,#7453,#7454,#7455,#7456,#7457,#7458,
#7459,#7460,#7461,#7462,#7463,#7464,#7465,#7466,#7467,#7468,#7469,#7470,
#7471,#7472),.UNSPECIFIED.,.F.,.F.,(4,1,1,1,1,1,1,1,1,1,1,1,1,1,1,1,1,1,
1,1,1,1,1,1,1,1,1,1,1,4),(0.,0.0905435754010973,0.101309272835279,0.115207725714169,
0.131652596037831,0.150299325856981,0.17091406108236,0.193324640843058,
0.217397464998304,0.243024943237999,0.270118012820405,0.298601362309559,
0.32841021966828,0.359488101772539,0.391785184229787,0.425257087589203,
0.45986395242589,0.495569720492199,0.532341566415863,0.570149441681501,
0.608965703886983,0.648764811805834,0.689523071958751,0.731218426019739,
0.77383027096769,0.817339305770613,0.861727399772385,0.90697747898504,0.953073427271242,
0.968217322901952),.UNSPECIFIED.);
#146=B_SPLINE_CURVE_WITH_KNOTS('',3,(#7480,#7481,#7482,#7483,#7484,#7485,
#7486,#7487,#7488,#7489,#7490,#7491,#7492,#7493,#7494,#7495,#7496,#7497,
#7498,#7499,#7500,#7501,#7502,#7503,#7504,#7505,#7506,#7507,#7508,#7509,
#7510,#7511),.UNSPECIFIED.,.F.,.F.,(4,1,1,1,1,1,1,1,1,1,1,1,1,1,1,1,1,1,
1,1,1,1,1,1,1,1,1,1,1,4),(0.,0.0905435754010973,0.101309272835279,0.115207725714169,
0.131652596037831,0.150299325856981,0.17091406108236,0.193324640843058,
0.217397464998304,0.243024943237999,0.270118012820405,0.298601362309559,
0.32841021966828,0.359488101772539,0.391785184229787,0.425257087589203,
0.45986395242589,0.495569720492199,0.532341566415863,0.570149441681501,
0.608965703886983,0.648764811805834,0.689523071958751,0.731218426019739,
0.77383027096769,0.817339305770613,0.861727399772385,0.90697747898504,0.953073427271242,
0.968217322901952),.UNSPECIFIED.);
#147=B_SPLINE_CURVE_WITH_KNOTS('',3,(#7512,#7513,#7514,#7515,#7516,#7517,
#7518,#7519,#7520,#7521,#7522,#7523,#7524,#7525,#7526,#7527,#7528,#7529,
#7530,#7531,#7532,#7533,#7534,#7535,#7536,#7537,#7538,#7539,#7540,#7541,
#7542,#7543),.UNSPECIFIED.,.F.,.F.,(4,1,1,1,1,1,1,1,1,1,1,1,1,1,1,1,1,1,
1,1,1,1,1,1,1,1,1,1,1,4),(0.,0.0905435754010973,0.101309272835279,0.115207725714169,
0.131652596037831,0.150299325856981,0.17091406108236,0.193324640843058,
0.217397464998304,0.243024943237999,0.270118012820405,0.298601362309559,
0.32841021966828,0.359488101772539,0.391785184229787,0.425257087589203,
0.45986395242589,0.495569720492199,0.532341566415863,0.570149441681501,
0.608965703886983,0.648764811805834,0.689523071958751,0.731218426019739,
0.77383027096769,0.817339305770613,0.861727399772385,0.90697747898504,0.953073427271242,
0.968217322901952),.UNSPECIFIED.);
#148=B_SPLINE_CURVE_WITH_KNOTS('',3,(#7551,#7552,#7553,#7554,#7555,#7556,
#7557,#7558,#7559,#7560,#7561,#7562,#7563,#7564,#7565,#7566,#7567,#7568,
#7569,#7570,#7571,#7572,#7573,#7574,#7575,#7576,#7577,#7578,#7579,#7580,
#7581,#7582),.UNSPECIFIED.,.F.,.F.,(4,1,1,1,1,1,1,1,1,1,1,1,1,1,1,1,1,1,
1,1,1,1,1,1,1,1,1,1,1,4),(0.,0.0905435754010973,0.101309272835279,0.115207725714169,
0.131652596037831,0.150299325856981,0.17091406108236,0.193324640843058,
0.217397464998304,0.243024943237999,0.270118012820405,0.298601362309559,
0.32841021966828,0.359488101772539,0.391785184229787,0.425257087589203,
0.45986395242589,0.495569720492199,0.532341566415863,0.570149441681501,
0.608965703886983,0.648764811805834,0.689523071958751,0.731218426019739,
0.77383027096769,0.817339305770613,0.861727399772385,0.90697747898504,0.953073427271242,
0.968217322901952),.UNSPECIFIED.);
#149=B_SPLINE_CURVE_WITH_KNOTS('',3,(#7583,#7584,#7585,#7586,#7587,#7588,
#7589,#7590,#7591,#7592,#7593,#7594,#7595,#7596,#7597,#7598,#7599,#7600,
#7601,#7602,#7603,#7604,#7605,#7606,#7607,#7608,#7609,#7610,#7611,#7612,
#7613,#7614),.UNSPECIFIED.,.F.,.F.,(4,1,1,1,1,1,1,1,1,1,1,1,1,1,1,1,1,1,
1,1,1,1,1,1,1,1,1,1,1,4),(0.,0.0905435754010973,0.101309272835279,0.115207725714169,
0.131652596037831,0.150299325856981,0.17091406108236,0.193324640843058,
0.217397464998304,0.243024943237999,0.270118012820405,0.298601362309559,
0.32841021966828,0.359488101772539,0.391785184229787,0.425257087589203,
0.45986395242589,0.495569720492199,0.532341566415863,0.570149441681501,
0.608965703886983,0.648764811805834,0.689523071958751,0.731218426019739,
0.77383027096769,0.817339305770613,0.861727399772385,0.90697747898504,0.953073427271242,
0.968217322901952),.UNSPECIFIED.);
#150=B_SPLINE_CURVE_WITH_KNOTS('',3,(#7622,#7623,#7624,#7625,#7626,#7627,
#7628,#7629,#7630,#7631,#7632,#7633,#7634,#7635,#7636,#7637,#7638,#7639,
#7640,#7641,#7642,#7643,#7644,#7645,#7646,#7647,#7648,#7649,#7650,#7651,
#7652,#7653),.UNSPECIFIED.,.F.,.F.,(4,1,1,1,1,1,1,1,1,1,1,1,1,1,1,1,1,1,
1,1,1,1,1,1,1,1,1,1,1,4),(0.,0.0905435754010973,0.101309272835279,0.115207725714169,
0.131652596037831,0.150299325856981,0.17091406108236,0.193324640843058,
0.217397464998304,0.243024943237999,0.270118012820405,0.298601362309559,
0.32841021966828,0.359488101772539,0.391785184229787,0.425257087589203,
0.45986395242589,0.495569720492199,0.532341566415863,0.570149441681501,
0.608965703886983,0.648764811805834,0.689523071958751,0.731218426019739,
0.77383027096769,0.817339305770613,0.861727399772385,0.90697747898504,0.953073427271242,
0.968217322901952),.UNSPECIFIED.);
#151=B_SPLINE_CURVE_WITH_KNOTS('',3,(#7654,#7655,#7656,#7657,#7658,#7659,
#7660,#7661,#7662,#7663,#7664,#7665,#7666,#7667,#7668,#7669,#7670,#7671,
#7672,#7673,#7674,#7675,#7676,#7677,#7678,#7679,#7680,#7681,#7682,#7683,
#7684,#7685),.UNSPECIFIED.,.F.,.F.,(4,1,1,1,1,1,1,1,1,1,1,1,1,1,1,1,1,1,
1,1,1,1,1,1,1,1,1,1,1,4),(0.,0.0905435754010973,0.101309272835279,0.115207725714169,
0.131652596037831,0.150299325856981,0.17091406108236,0.193324640843058,
0.217397464998304,0.243024943237999,0.270118012820405,0.298601362309559,
0.32841021966828,0.359488101772539,0.391785184229787,0.425257087589203,
0.45986395242589,0.495569720492199,0.532341566415863,0.570149441681501,
0.608965703886983,0.648764811805834,0.689523071958751,0.731218426019739,
0.77383027096769,0.817339305770613,0.861727399772385,0.90697747898504,0.953073427271242,
0.968217322901952),.UNSPECIFIED.);
#152=B_SPLINE_CURVE_WITH_KNOTS('',3,(#7693,#7694,#7695,#7696,#7697,#7698,
#7699,#7700,#7701,#7702,#7703,#7704,#7705,#7706,#7707,#7708,#7709,#7710,
#7711,#7712,#7713,#7714,#7715,#7716,#7717,#7718,#7719,#7720,#7721,#7722,
#7723,#7724),.UNSPECIFIED.,.F.,.F.,(4,1,1,1,1,1,1,1,1,1,1,1,1,1,1,1,1,1,
1,1,1,1,1,1,1,1,1,1,1,4),(0.,0.0905435754010973,0.101309272835279,0.115207725714169,
0.131652596037831,0.150299325856981,0.17091406108236,0.193324640843058,
0.217397464998304,0.243024943237999,0.270118012820405,0.298601362309559,
0.32841021966828,0.359488101772539,0.391785184229787,0.425257087589203,
0.45986395242589,0.495569720492199,0.532341566415863,0.570149441681501,
0.608965703886983,0.648764811805834,0.689523071958751,0.731218426019739,
0.77383027096769,0.817339305770613,0.861727399772385,0.90697747898504,0.953073427271242,
0.968217322901952),.UNSPECIFIED.);
#153=B_SPLINE_CURVE_WITH_KNOTS('',3,(#7725,#7726,#7727,#7728,#7729,#7730,
#7731,#7732,#7733,#7734,#7735,#7736,#7737,#7738,#7739,#7740,#7741,#7742,
#7743,#7744,#7745,#7746,#7747,#7748,#7749,#7750,#7751,#7752,#7753,#7754,
#7755,#7756),.UNSPECIFIED.,.F.,.F.,(4,1,1,1,1,1,1,1,1,1,1,1,1,1,1,1,1,1,
1,1,1,1,1,1,1,1,1,1,1,4),(0.,0.0905435754010973,0.101309272835279,0.115207725714169,
0.131652596037831,0.150299325856981,0.17091406108236,0.193324640843058,
0.217397464998304,0.243024943237999,0.270118012820405,0.298601362309559,
0.32841021966828,0.359488101772539,0.391785184229787,0.425257087589203,
0.45986395242589,0.495569720492199,0.532341566415863,0.570149441681501,
0.608965703886983,0.648764811805834,0.689523071958751,0.731218426019739,
0.77383027096769,0.817339305770613,0.861727399772385,0.90697747898504,0.953073427271242,
0.968217322901952),.UNSPECIFIED.);
#154=B_SPLINE_CURVE_WITH_KNOTS('',3,(#7764,#7765,#7766,#7767,#7768,#7769,
#7770,#7771,#7772,#7773,#7774,#7775,#7776,#7777,#7778,#7779,#7780,#7781,
#7782,#7783,#7784,#7785,#7786,#7787,#7788,#7789,#7790,#7791,#7792,#7793,
#7794,#7795),.UNSPECIFIED.,.F.,.F.,(4,1,1,1,1,1,1,1,1,1,1,1,1,1,1,1,1,1,
1,1,1,1,1,1,1,1,1,1,1,4),(0.,0.0905435754010973,0.101309272835279,0.115207725714169,
0.131652596037831,0.150299325856981,0.17091406108236,0.193324640843058,
0.217397464998304,0.243024943237999,0.270118012820405,0.298601362309559,
0.32841021966828,0.359488101772539,0.391785184229787,0.425257087589203,
0.45986395242589,0.495569720492199,0.532341566415863,0.570149441681501,
0.608965703886983,0.648764811805834,0.689523071958751,0.731218426019739,
0.77383027096769,0.817339305770613,0.861727399772385,0.90697747898504,0.953073427271242,
0.968217322901952),.UNSPECIFIED.);
#155=B_SPLINE_CURVE_WITH_KNOTS('',3,(#7796,#7797,#7798,#7799,#7800,#7801,
#7802,#7803,#7804,#7805,#7806,#7807,#7808,#7809,#7810,#7811,#7812,#7813,
#7814,#7815,#7816,#7817,#7818,#7819,#7820,#7821,#7822,#7823,#7824,#7825,
#7826,#7827),.UNSPECIFIED.,.F.,.F.,(4,1,1,1,1,1,1,1,1,1,1,1,1,1,1,1,1,1,
1,1,1,1,1,1,1,1,1,1,1,4),(0.,0.0905435754010973,0.101309272835279,0.115207725714169,
0.131652596037831,0.150299325856981,0.17091406108236,0.193324640843058,
0.217397464998304,0.243024943237999,0.270118012820405,0.298601362309559,
0.32841021966828,0.359488101772539,0.391785184229787,0.425257087589203,
0.45986395242589,0.495569720492199,0.532341566415863,0.570149441681501,
0.608965703886983,0.648764811805834,0.689523071958751,0.731218426019739,
0.77383027096769,0.817339305770613,0.861727399772385,0.90697747898504,0.953073427271242,
0.968217322901952),.UNSPECIFIED.);
#156=B_SPLINE_CURVE_WITH_KNOTS('',3,(#7835,#7836,#7837,#7838,#7839,#7840,
#7841,#7842,#7843,#7844,#7845,#7846,#7847,#7848,#7849,#7850,#7851,#7852,
#7853,#7854,#7855,#7856,#7857,#7858,#7859,#7860,#7861,#7862,#7863,#7864,
#7865,#7866),.UNSPECIFIED.,.F.,.F.,(4,1,1,1,1,1,1,1,1,1,1,1,1,1,1,1,1,1,
1,1,1,1,1,1,1,1,1,1,1,4),(0.,0.0905435754010973,0.101309272835279,0.115207725714169,
0.131652596037831,0.150299325856981,0.17091406108236,0.193324640843058,
0.217397464998304,0.243024943237999,0.270118012820405,0.298601362309559,
0.32841021966828,0.359488101772539,0.391785184229787,0.425257087589203,
0.45986395242589,0.495569720492199,0.532341566415863,0.570149441681501,
0.608965703886983,0.648764811805834,0.689523071958751,0.731218426019739,
0.77383027096769,0.817339305770613,0.861727399772385,0.90697747898504,0.953073427271242,
0.968217322901952),.UNSPECIFIED.);
#157=B_SPLINE_CURVE_WITH_KNOTS('',3,(#7867,#7868,#7869,#7870,#7871,#7872,
#7873,#7874,#7875,#7876,#7877,#7878,#7879,#7880,#7881,#7882,#7883,#7884,
#7885,#7886,#7887,#7888,#7889,#7890,#7891,#7892,#7893,#7894,#7895,#7896,
#7897,#7898),.UNSPECIFIED.,.F.,.F.,(4,1,1,1,1,1,1,1,1,1,1,1,1,1,1,1,1,1,
1,1,1,1,1,1,1,1,1,1,1,4),(0.,0.0905435754010973,0.101309272835279,0.115207725714169,
0.131652596037831,0.150299325856981,0.17091406108236,0.193324640843058,
0.217397464998304,0.243024943237999,0.270118012820405,0.298601362309559,
0.32841021966828,0.359488101772539,0.391785184229787,0.425257087589203,
0.45986395242589,0.495569720492199,0.532341566415863,0.570149441681501,
0.608965703886983,0.648764811805834,0.689523071958751,0.731218426019739,
0.77383027096769,0.817339305770613,0.861727399772385,0.90697747898504,0.953073427271242,
0.968217322901952),.UNSPECIFIED.);
#158=B_SPLINE_CURVE_WITH_KNOTS('',3,(#7929,#7930,#7931,#7932,#7933,#7934,
#7935,#7936,#7937,#7938,#7939,#7940,#7941,#7942,#7943,#7944,#7945,#7946,
#7947,#7948,#7949,#7950,#7951,#7952,#7953,#7954,#7955,#7956,#7957,#7958,
#7959,#7960),.UNSPECIFIED.,.F.,.F.,(4,1,1,1,1,1,1,1,1,1,1,1,1,1,1,1,1,1,
1,1,1,1,1,1,1,1,1,1,1,4),(0.,0.0905435754010973,0.101309272835279,0.115207725714169,
0.131652596037831,0.150299325856981,0.17091406108236,0.193324640843058,
0.217397464998304,0.243024943237999,0.270118012820405,0.298601362309559,
0.32841021966828,0.359488101772539,0.391785184229787,0.425257087589203,
0.45986395242589,0.495569720492199,0.532341566415863,0.570149441681501,
0.608965703886983,0.648764811805834,0.689523071958751,0.731218426019739,
0.77383027096769,0.817339305770613,0.861727399772385,0.90697747898504,0.953073427271242,
0.968217322901952),.UNSPECIFIED.);
#159=B_SPLINE_CURVE_WITH_KNOTS('',3,(#7989,#7990,#7991,#7992,#7993,#7994,
#7995,#7996,#7997,#7998,#7999,#8000,#8001,#8002,#8003,#8004,#8005,#8006,
#8007,#8008,#8009,#8010,#8011,#8012,#8013,#8014,#8015,#8016,#8017,#8018,
#8019,#8020),.UNSPECIFIED.,.F.,.F.,(4,1,1,1,1,1,1,1,1,1,1,1,1,1,1,1,1,1,
1,1,1,1,1,1,1,1,1,1,1,4),(0.,0.0905435754010973,0.101309272835279,0.115207725714169,
0.131652596037831,0.150299325856981,0.17091406108236,0.193324640843058,
0.217397464998304,0.243024943237999,0.270118012820405,0.298601362309559,
0.32841021966828,0.359488101772539,0.391785184229787,0.425257087589203,
0.45986395242589,0.495569720492199,0.532341566415863,0.570149441681501,
0.608965703886983,0.648764811805834,0.689523071958751,0.731218426019739,
0.77383027096769,0.817339305770613,0.861727399772385,0.90697747898504,0.953073427271242,
0.968217322901952),.UNSPECIFIED.);
#160=B_SPLINE_CURVE_WITH_KNOTS('',3,(#8236,#8237,#8238,#8239,#8240,#8241,
#8242,#8243,#8244,#8245,#8246,#8247,#8248,#8249,#8250,#8251,#8252,#8253,
#8254,#8255,#8256,#8257,#8258,#8259,#8260,#8261,#8262,#8263,#8264,#8265,
#8266,#8267),.UNSPECIFIED.,.F.,.F.,(4,1,1,1,1,1,1,1,1,1,1,1,1,1,1,1,1,1,
1,1,1,1,1,1,1,1,1,1,1,4),(0.,0.0905435754010973,0.101309272835279,0.115207725714169,
0.131652596037831,0.150299325856981,0.17091406108236,0.193324640843058,
0.217397464998304,0.243024943237999,0.270118012820405,0.298601362309559,
0.32841021966828,0.359488101772539,0.391785184229787,0.425257087589203,
0.45986395242589,0.495569720492199,0.532341566415863,0.570149441681501,
0.608965703886983,0.648764811805834,0.689523071958751,0.731218426019739,
0.77383027096769,0.817339305770613,0.861727399772385,0.90697747898504,0.953073427271242,
0.968217322901952),.UNSPECIFIED.);
#161=B_SPLINE_CURVE_WITH_KNOTS('',3,(#8296,#8297,#8298,#8299,#8300,#8301,
#8302,#8303,#8304,#8305,#8306,#8307,#8308,#8309,#8310,#8311,#8312,#8313,
#8314,#8315,#8316,#8317,#8318,#8319,#8320,#8321,#8322,#8323,#8324,#8325,
#8326,#8327),.UNSPECIFIED.,.F.,.F.,(4,1,1,1,1,1,1,1,1,1,1,1,1,1,1,1,1,1,
1,1,1,1,1,1,1,1,1,1,1,4),(0.,0.0905435754010973,0.101309272835279,0.115207725714169,
0.131652596037831,0.150299325856981,0.17091406108236,0.193324640843058,
0.217397464998304,0.243024943237999,0.270118012820405,0.298601362309559,
0.32841021966828,0.359488101772539,0.391785184229787,0.425257087589203,
0.45986395242589,0.495569720492199,0.532341566415863,0.570149441681501,
0.608965703886983,0.648764811805834,0.689523071958751,0.731218426019739,
0.77383027096769,0.817339305770613,0.861727399772385,0.90697747898504,0.953073427271242,
0.968217322901952),.UNSPECIFIED.);
#162=B_SPLINE_CURVE_WITH_KNOTS('',3,(#8779,#8780,#8781,#8782,#8783,#8784,
#8785,#8786,#8787,#8788,#8789,#8790,#8791,#8792,#8793,#8794,#8795,#8796,
#8797,#8798,#8799,#8800,#8801,#8802,#8803,#8804,#8805,#8806,#8807,#8808,
#8809,#8810),.UNSPECIFIED.,.F.,.F.,(4,1,1,1,1,1,1,1,1,1,1,1,1,1,1,1,1,1,
1,1,1,1,1,1,1,1,1,1,1,4),(0.,0.0905435754010973,0.101309272835279,0.115207725714169,
0.131652596037831,0.150299325856981,0.17091406108236,0.193324640843058,
0.217397464998304,0.243024943237999,0.270118012820405,0.298601362309559,
0.32841021966828,0.359488101772539,0.391785184229787,0.425257087589203,
0.45986395242589,0.495569720492199,0.532341566415863,0.570149441681501,
0.608965703886983,0.648764811805834,0.689523071958751,0.731218426019739,
0.77383027096769,0.817339305770613,0.861727399772385,0.90697747898504,0.953073427271242,
0.968217322901952),.UNSPECIFIED.);
#163=B_SPLINE_CURVE_WITH_KNOTS('',3,(#8839,#8840,#8841,#8842,#8843,#8844,
#8845,#8846,#8847,#8848,#8849,#8850,#8851,#8852,#8853,#8854,#8855,#8856,
#8857,#8858,#8859,#8860,#8861,#8862,#8863,#8864,#8865,#8866,#8867,#8868,
#8869,#8870),.UNSPECIFIED.,.F.,.F.,(4,1,1,1,1,1,1,1,1,1,1,1,1,1,1,1,1,1,
1,1,1,1,1,1,1,1,1,1,1,4),(0.,0.0905435754010973,0.101309272835279,0.115207725714169,
0.131652596037831,0.150299325856981,0.17091406108236,0.193324640843058,
0.217397464998304,0.243024943237999,0.270118012820405,0.298601362309559,
0.32841021966828,0.359488101772539,0.391785184229787,0.425257087589203,
0.45986395242589,0.495569720492199,0.532341566415863,0.570149441681501,
0.608965703886983,0.648764811805834,0.689523071958751,0.731218426019739,
0.77383027096769,0.817339305770613,0.861727399772385,0.90697747898504,0.953073427271242,
0.968217322901952),.UNSPECIFIED.);
#164=PLANE('',#3175);
#165=PLANE('',#3248);
#166=PLANE('',#3409);
#167=PLANE('',#3418);
#168=PLANE('',#3419);
#169=PLANE('',#3421);
#170=PLANE('',#3424);
#171=CIRCLE('',#3098,0.005);
#172=CIRCLE('',#3099,0.005);
#173=CIRCLE('',#3101,0.0023);
#174=CIRCLE('',#3102,0.0023);
#175=CIRCLE('',#3104,0.02025);
#176=CIRCLE('',#3105,0.02025);
#177=CIRCLE('',#3107,0.02025);
#178=CIRCLE('',#3108,0.02025);
#179=CIRCLE('',#3110,0.02025);
#180=CIRCLE('',#3111,0.02025);
#181=CIRCLE('',#3113,0.02025);
#182=CIRCLE('',#3114,0.02025);
#183=CIRCLE('',#3116,0.02025);
#184=CIRCLE('',#3117,0.02025);
#185=CIRCLE('',#3119,0.02025);
#186=CIRCLE('',#3120,0.02025);
#187=CIRCLE('',#3122,0.02025);
#188=CIRCLE('',#3123,0.02025);
#189=CIRCLE('',#3125,0.02025);
#190=CIRCLE('',#3126,0.02025);
#191=CIRCLE('',#3128,0.02025);
#192=CIRCLE('',#3129,0.02025);
#193=CIRCLE('',#3131,0.02025);
#194=CIRCLE('',#3132,0.02025);
#195=CIRCLE('',#3134,0.02025);
#196=CIRCLE('',#3135,0.02025);
#197=CIRCLE('',#3137,0.02025);
#198=CIRCLE('',#3138,0.02025);
#199=CIRCLE('',#3140,0.02025);
#200=CIRCLE('',#3141,0.02025);
#201=CIRCLE('',#3143,0.02025);
#202=CIRCLE('',#3144,0.02025);
#203=CIRCLE('',#3146,0.02025);
#204=CIRCLE('',#3147,0.02025);
#205=CIRCLE('',#3149,0.02025);
#206=CIRCLE('',#3150,0.02025);
#207=CIRCLE('',#3152,0.02025);
#208=CIRCLE('',#3153,0.02025);
#209=CIRCLE('',#3155,0.02025);
#210=CIRCLE('',#3156,0.02025);
#211=CIRCLE('',#3158,0.02025);
#212=CIRCLE('',#3159,0.02025);
#213=CIRCLE('',#3161,0.02025);
#214=CIRCLE('',#3162,0.02025);
#215=CIRCLE('',#3164,0.02025);
#216=CIRCLE('',#3165,0.02025);
#217=CIRCLE('',#3167,0.02025);
#218=CIRCLE('',#3168,0.02025);
#219=CIRCLE('',#3170,0.02025);
#220=CIRCLE('',#3171,0.02025);
#221=CIRCLE('',#3173,0.02025);
#222=CIRCLE('',#3174,0.02025);
#223=CIRCLE('',#3176,0.0075);
#224=CIRCLE('',#3177,0.299999999999895);
#225=CIRCLE('',#3178,0.0075);
#226=CIRCLE('',#3179,0.000568271697810007);
#227=CIRCLE('',#3180,0.0168749999999991);
#228=CIRCLE('',#3181,0.000568271697810007);
#229=CIRCLE('',#3182,0.000568271697810007);
#230=CIRCLE('',#3183,0.0168749999999991);
#231=CIRCLE('',#3184,0.000568271697810007);
#232=CIRCLE('',#3185,0.000568271697810007);
#233=CIRCLE('',#3186,0.0168749999999991);
#234=CIRCLE('',#3187,0.000568271697810007);
#235=CIRCLE('',#3188,0.000568271697810007);
#236=CIRCLE('',#3189,0.0168749999999991);
#237=CIRCLE('',#3190,0.000568271697810007);
#238=CIRCLE('',#3191,0.000568271697810007);
#239=CIRCLE('',#3192,0.0168749999999991);
#240=CIRCLE('',#3193,0.000568271697810007);
#241=CIRCLE('',#3194,0.000568271697810007);
#242=CIRCLE('',#3195,0.0168749999999991);
#243=CIRCLE('',#3196,0.000568271697810007);
#244=CIRCLE('',#3197,0.000568271697810007);
#245=CIRCLE('',#3198,0.0168749999999991);
#246=CIRCLE('',#3199,0.000568271697810007);
#247=CIRCLE('',#3200,0.000568271697810007);
#248=CIRCLE('',#3201,0.0168749999999991);
#249=CIRCLE('',#3202,0.000568271697810007);
#250=CIRCLE('',#3203,0.000568271697810007);
#251=CIRCLE('',#3204,0.0168749999999991);
#252=CIRCLE('',#3205,0.000568271697810007);
#253=CIRCLE('',#3206,0.000568271697810007);
#254=CIRCLE('',#3207,0.0168749999999991);
#255=CIRCLE('',#3208,0.000568271697810007);
#256=CIRCLE('',#3209,0.000568271697810007);
#257=CIRCLE('',#3210,0.0168749999999991);
#258=CIRCLE('',#3211,0.000568271697810007);
#259=CIRCLE('',#3212,0.000568271697810007);
#260=CIRCLE('',#3213,0.0168749999999991);
#261=CIRCLE('',#3214,0.000568271697810007);
#262=CIRCLE('',#3215,0.000568271697810007);
#263=CIRCLE('',#3216,0.0168749999999991);
#264=CIRCLE('',#3217,0.000568271697810007);
#265=CIRCLE('',#3218,0.000568271697810007);
#266=CIRCLE('',#3219,0.0168749999999991);
#267=CIRCLE('',#3220,0.000568271697810007);
#268=CIRCLE('',#3221,0.000568271697810007);
#269=CIRCLE('',#3222,0.0168749999999991);
#270=CIRCLE('',#3223,0.000568271697810007);
#271=CIRCLE('',#3224,0.000568271697810007);
#272=CIRCLE('',#3225,0.0168749999999991);
#273=CIRCLE('',#3226,0.000568271697810007);
#274=CIRCLE('',#3227,0.000568271697810007);
#275=CIRCLE('',#3228,0.0168749999999991);
#276=CIRCLE('',#3229,0.000568271697810007);
#277=CIRCLE('',#3230,0.000568271697810007);
#278=CIRCLE('',#3231,0.0168749999999991);
#279=CIRCLE('',#3232,0.000568271697810007);
#280=CIRCLE('',#3233,0.000568271697810007);
#281=CIRCLE('',#3234,0.0168749999999991);
#282=CIRCLE('',#3235,0.000568271697810007);
#283=CIRCLE('',#3236,0.000568271697810007);
#284=CIRCLE('',#3237,0.0168749999999991);
#285=CIRCLE('',#3238,0.000568271697810007);
#286=CIRCLE('',#3239,0.000568271697810007);
#287=CIRCLE('',#3240,0.0168749999999991);
#288=CIRCLE('',#3241,0.000568271697810007);
#289=CIRCLE('',#3242,0.000568271697810007);
#290=CIRCLE('',#3243,0.0168749999999991);
#291=CIRCLE('',#3244,0.000568271697810007);
#292=CIRCLE('',#3246,0.02025);
#293=CIRCLE('',#3247,0.02025);
#294=CIRCLE('',#3249,0.0023);
#295=CIRCLE('',#3250,0.000568271697810007);
#296=CIRCLE('',#3251,0.000568271697810007);
#297=CIRCLE('',#3252,0.0168749999999991);
#298=CIRCLE('',#3253,0.000568271697810007);
#299=CIRCLE('',#3254,0.000568271697810007);
#300=CIRCLE('',#3255,0.0168749999999991);
#301=CIRCLE('',#3256,0.000568271697810007);
#302=CIRCLE('',#3257,0.000568271697810007);
#303=CIRCLE('',#3258,0.0168749999999991);
#304=CIRCLE('',#3259,0.000568271697810007);
#305=CIRCLE('',#3260,0.000568271697810007);
#306=CIRCLE('',#3261,0.0168749999999991);
#307=CIRCLE('',#3262,0.000568271697810007);
#308=CIRCLE('',#3263,0.000568271697810007);
#309=CIRCLE('',#3264,0.0168749999999991);
#310=CIRCLE('',#3265,0.000568271697810007);
#311=CIRCLE('',#3266,0.000568271697810007);
#312=CIRCLE('',#3267,0.0168749999999991);
#313=CIRCLE('',#3268,0.000568271697810007);
#314=CIRCLE('',#3269,0.000568271697810007);
#315=CIRCLE('',#3270,0.0168749999999991);
#316=CIRCLE('',#3271,0.000568271697810007);
#317=CIRCLE('',#3272,0.000568271697810007);
#318=CIRCLE('',#3273,0.0168749999999991);
#319=CIRCLE('',#3274,0.000568271697810007);
#320=CIRCLE('',#3275,0.000568271697810007);
#321=CIRCLE('',#3276,0.0168749999999991);
#322=CIRCLE('',#3277,0.000568271697810007);
#323=CIRCLE('',#3278,0.000568271697810007);
#324=CIRCLE('',#3279,0.0168749999999991);
#325=CIRCLE('',#3280,0.000568271697810007);
#326=CIRCLE('',#3281,0.000568271697810007);
#327=CIRCLE('',#3282,0.0168749999999991);
#328=CIRCLE('',#3283,0.000568271697810007);
#329=CIRCLE('',#3284,0.000568271697810007);
#330=CIRCLE('',#3285,0.0168749999999991);
#331=CIRCLE('',#3286,0.000568271697810007);
#332=CIRCLE('',#3287,0.000568271697810007);
#333=CIRCLE('',#3288,0.0168749999999991);
#334=CIRCLE('',#3289,0.000568271697810007);
#335=CIRCLE('',#3290,0.000568271697810007);
#336=CIRCLE('',#3291,0.0168749999999991);
#337=CIRCLE('',#3292,0.000568271697810007);
#338=CIRCLE('',#3293,0.000568271697810007);
#339=CIRCLE('',#3294,0.0168749999999991);
#340=CIRCLE('',#3295,0.000568271697810007);
#341=CIRCLE('',#3296,0.000568271697810007);
#342=CIRCLE('',#3297,0.0168749999999991);
#343=CIRCLE('',#3298,0.000568271697810007);
#344=CIRCLE('',#3299,0.000568271697810007);
#345=CIRCLE('',#3300,0.0168749999999991);
#346=CIRCLE('',#3301,0.000568271697810007);
#347=CIRCLE('',#3302,0.000568271697810007);
#348=CIRCLE('',#3303,0.0168749999999991);
#349=CIRCLE('',#3304,0.000568271697810007);
#350=CIRCLE('',#3305,0.000568271697810007);
#351=CIRCLE('',#3306,0.0168749999999991);
#352=CIRCLE('',#3307,0.000568271697810007);
#353=CIRCLE('',#3308,0.000568271697810007);
#354=CIRCLE('',#3309,0.0168749999999991);
#355=CIRCLE('',#3310,0.000568271697810007);
#356=CIRCLE('',#3311,0.000568271697810007);
#357=CIRCLE('',#3312,0.0168749999999991);
#358=CIRCLE('',#3313,0.000568271697810007);
#359=CIRCLE('',#3314,0.000568271697810007);
#360=CIRCLE('',#3315,0.0168749999999991);
#361=CIRCLE('',#3316,0.000568271697810007);
#362=CIRCLE('',#3317,0.000568271697810007);
#363=CIRCLE('',#3318,0.0168749999999991);
#364=CIRCLE('',#3319,0.000568271697810007);
#365=CIRCLE('',#3320,0.000568271697810007);
#366=CIRCLE('',#3321,0.0168749999999991);
#367=CIRCLE('',#3322,0.000568271697810007);
#368=CIRCLE('',#3323,0.000568271697810007);
#369=CIRCLE('',#3324,0.0168749999999991);
#370=CIRCLE('',#3326,0.0168749999999991);
#371=CIRCLE('',#3328,0.000568271697810007);
#372=CIRCLE('',#3330,0.000568271697810007);
#373=CIRCLE('',#3341,0.0168749999999991);
#374=CIRCLE('',#3343,0.000568271697810007);
#375=CIRCLE('',#3345,0.000568271697810007);
#376=CIRCLE('',#3368,0.0168749999999991);
#377=CIRCLE('',#3370,0.000568271697810007);
#378=CIRCLE('',#3372,0.000568271697810007);
#379=CIRCLE('',#3411,0.0075);
#380=CIRCLE('',#3413,0.299999999999895);
#381=CIRCLE('',#3415,0.0075);
#382=CIRCLE('',#3417,0.0023);
#383=CIRCLE('',#3420,0.005);
#384=CIRCLE('',#3423,0.005);
#385=ORIENTED_EDGE('',*,*,#1345,.F.);
#386=ORIENTED_EDGE('',*,*,#1346,.T.);
#387=ORIENTED_EDGE('',*,*,#1347,.T.);
#388=ORIENTED_EDGE('',*,*,#1348,.F.);
#389=ORIENTED_EDGE('',*,*,#1349,.T.);
#390=ORIENTED_EDGE('',*,*,#1350,.F.);
#391=ORIENTED_EDGE('',*,*,#1351,.F.);
#392=ORIENTED_EDGE('',*,*,#1352,.F.);
#393=ORIENTED_EDGE('',*,*,#1353,.T.);
#394=ORIENTED_EDGE('',*,*,#1354,.T.);
#395=ORIENTED_EDGE('',*,*,#1355,.F.);
#396=ORIENTED_EDGE('',*,*,#1356,.T.);
#397=ORIENTED_EDGE('',*,*,#1357,.T.);
#398=ORIENTED_EDGE('',*,*,#1358,.F.);
#399=ORIENTED_EDGE('',*,*,#1359,.F.);
#400=ORIENTED_EDGE('',*,*,#1360,.F.);
#401=ORIENTED_EDGE('',*,*,#1361,.T.);
#402=ORIENTED_EDGE('',*,*,#1362,.T.);
#403=ORIENTED_EDGE('',*,*,#1363,.F.);
#404=ORIENTED_EDGE('',*,*,#1364,.F.);
#405=ORIENTED_EDGE('',*,*,#1365,.T.);
#406=ORIENTED_EDGE('',*,*,#1366,.T.);
#407=ORIENTED_EDGE('',*,*,#1367,.F.);
#408=ORIENTED_EDGE('',*,*,#1368,.F.);
#409=ORIENTED_EDGE('',*,*,#1369,.T.);
#410=ORIENTED_EDGE('',*,*,#1370,.T.);
#411=ORIENTED_EDGE('',*,*,#1371,.F.);
#412=ORIENTED_EDGE('',*,*,#1372,.F.);
#413=ORIENTED_EDGE('',*,*,#1373,.T.);
#414=ORIENTED_EDGE('',*,*,#1374,.T.);
#415=ORIENTED_EDGE('',*,*,#1375,.F.);
#416=ORIENTED_EDGE('',*,*,#1376,.F.);
#417=ORIENTED_EDGE('',*,*,#1377,.T.);
#418=ORIENTED_EDGE('',*,*,#1378,.T.);
#419=ORIENTED_EDGE('',*,*,#1379,.F.);
#420=ORIENTED_EDGE('',*,*,#1380,.T.);
#421=ORIENTED_EDGE('',*,*,#1381,.T.);
#422=ORIENTED_EDGE('',*,*,#1382,.F.);
#423=ORIENTED_EDGE('',*,*,#1383,.F.);
#424=ORIENTED_EDGE('',*,*,#1384,.F.);
#425=ORIENTED_EDGE('',*,*,#1385,.T.);
#426=ORIENTED_EDGE('',*,*,#1386,.T.);
#427=ORIENTED_EDGE('',*,*,#1387,.F.);
#428=ORIENTED_EDGE('',*,*,#1388,.F.);
#429=ORIENTED_EDGE('',*,*,#1389,.T.);
#430=ORIENTED_EDGE('',*,*,#1390,.T.);
#431=ORIENTED_EDGE('',*,*,#1391,.F.);
#432=ORIENTED_EDGE('',*,*,#1392,.F.);
#433=ORIENTED_EDGE('',*,*,#1393,.T.);
#434=ORIENTED_EDGE('',*,*,#1394,.T.);
#435=ORIENTED_EDGE('',*,*,#1395,.F.);
#436=ORIENTED_EDGE('',*,*,#1396,.F.);
#437=ORIENTED_EDGE('',*,*,#1397,.T.);
#438=ORIENTED_EDGE('',*,*,#1398,.T.);
#439=ORIENTED_EDGE('',*,*,#1399,.F.);
#440=ORIENTED_EDGE('',*,*,#1400,.F.);
#441=ORIENTED_EDGE('',*,*,#1401,.T.);
#442=ORIENTED_EDGE('',*,*,#1402,.T.);
#443=ORIENTED_EDGE('',*,*,#1403,.F.);
#444=ORIENTED_EDGE('',*,*,#1404,.T.);
#445=ORIENTED_EDGE('',*,*,#1405,.T.);
#446=ORIENTED_EDGE('',*,*,#1406,.F.);
#447=ORIENTED_EDGE('',*,*,#1407,.F.);
#448=ORIENTED_EDGE('',*,*,#1408,.F.);
#449=ORIENTED_EDGE('',*,*,#1409,.T.);
#450=ORIENTED_EDGE('',*,*,#1410,.T.);
#451=ORIENTED_EDGE('',*,*,#1411,.F.);
#452=ORIENTED_EDGE('',*,*,#1412,.T.);
#453=ORIENTED_EDGE('',*,*,#1413,.T.);
#454=ORIENTED_EDGE('',*,*,#1414,.F.);
#455=ORIENTED_EDGE('',*,*,#1415,.F.);
#456=ORIENTED_EDGE('',*,*,#1416,.T.);
#457=ORIENTED_EDGE('',*,*,#1417,.T.);
#458=ORIENTED_EDGE('',*,*,#1418,.F.);
#459=ORIENTED_EDGE('',*,*,#1419,.F.);
#460=ORIENTED_EDGE('',*,*,#1420,.T.);
#461=ORIENTED_EDGE('',*,*,#1421,.T.);
#462=ORIENTED_EDGE('',*,*,#1422,.F.);
#463=ORIENTED_EDGE('',*,*,#1423,.F.);
#464=ORIENTED_EDGE('',*,*,#1424,.T.);
#465=ORIENTED_EDGE('',*,*,#1425,.T.);
#466=ORIENTED_EDGE('',*,*,#1426,.F.);
#467=ORIENTED_EDGE('',*,*,#1427,.F.);
#468=ORIENTED_EDGE('',*,*,#1428,.T.);
#469=ORIENTED_EDGE('',*,*,#1429,.T.);
#470=ORIENTED_EDGE('',*,*,#1430,.F.);
#471=ORIENTED_EDGE('',*,*,#1431,.F.);
#472=ORIENTED_EDGE('',*,*,#1432,.F.);
#473=ORIENTED_EDGE('',*,*,#1433,.T.);
#474=ORIENTED_EDGE('',*,*,#1434,.T.);
#475=ORIENTED_EDGE('',*,*,#1435,.F.);
#476=ORIENTED_EDGE('',*,*,#1436,.F.);
#477=ORIENTED_EDGE('',*,*,#1437,.T.);
#478=ORIENTED_EDGE('',*,*,#1438,.T.);
#479=ORIENTED_EDGE('',*,*,#1439,.F.);
#480=ORIENTED_EDGE('',*,*,#1440,.T.);
#481=ORIENTED_EDGE('',*,*,#1441,.T.);
#482=ORIENTED_EDGE('',*,*,#1442,.F.);
#483=ORIENTED_EDGE('',*,*,#1443,.F.);
#484=ORIENTED_EDGE('',*,*,#1444,.T.);
#485=ORIENTED_EDGE('',*,*,#1445,.T.);
#486=ORIENTED_EDGE('',*,*,#1446,.F.);
#487=ORIENTED_EDGE('',*,*,#1447,.F.);
#488=ORIENTED_EDGE('',*,*,#1448,.F.);
#489=ORIENTED_EDGE('',*,*,#1449,.T.);
#490=ORIENTED_EDGE('',*,*,#1450,.F.);
#491=ORIENTED_EDGE('',*,*,#1451,.F.);
#492=ORIENTED_EDGE('',*,*,#1452,.T.);
#493=ORIENTED_EDGE('',*,*,#1403,.T.);
#494=ORIENTED_EDGE('',*,*,#1453,.F.);
#495=ORIENTED_EDGE('',*,*,#1454,.F.);
#496=ORIENTED_EDGE('',*,*,#1455,.T.);
#497=ORIENTED_EDGE('',*,*,#1456,.F.);
#498=ORIENTED_EDGE('',*,*,#1457,.T.);
#499=ORIENTED_EDGE('',*,*,#1411,.T.);
#500=ORIENTED_EDGE('',*,*,#1458,.F.);
#501=ORIENTED_EDGE('',*,*,#1459,.F.);
#502=ORIENTED_EDGE('',*,*,#1460,.T.);
#503=ORIENTED_EDGE('',*,*,#1461,.F.);
#504=ORIENTED_EDGE('',*,*,#1462,.T.);
#505=ORIENTED_EDGE('',*,*,#1408,.T.);
#506=ORIENTED_EDGE('',*,*,#1463,.F.);
#507=ORIENTED_EDGE('',*,*,#1464,.F.);
#508=ORIENTED_EDGE('',*,*,#1465,.T.);
#509=ORIENTED_EDGE('',*,*,#1466,.F.);
#510=ORIENTED_EDGE('',*,*,#1467,.T.);
#511=ORIENTED_EDGE('',*,*,#1396,.T.);
#512=ORIENTED_EDGE('',*,*,#1468,.F.);
#513=ORIENTED_EDGE('',*,*,#1469,.F.);
#514=ORIENTED_EDGE('',*,*,#1470,.T.);
#515=ORIENTED_EDGE('',*,*,#1471,.F.);
#516=ORIENTED_EDGE('',*,*,#1472,.T.);
#517=ORIENTED_EDGE('',*,*,#1392,.T.);
#518=ORIENTED_EDGE('',*,*,#1473,.F.);
#519=ORIENTED_EDGE('',*,*,#1474,.F.);
#520=ORIENTED_EDGE('',*,*,#1475,.T.);
#521=ORIENTED_EDGE('',*,*,#1476,.F.);
#522=ORIENTED_EDGE('',*,*,#1477,.T.);
#523=ORIENTED_EDGE('',*,*,#1388,.T.);
#524=ORIENTED_EDGE('',*,*,#1478,.F.);
#525=ORIENTED_EDGE('',*,*,#1479,.F.);
#526=ORIENTED_EDGE('',*,*,#1480,.T.);
#527=ORIENTED_EDGE('',*,*,#1481,.F.);
#528=ORIENTED_EDGE('',*,*,#1482,.T.);
#529=ORIENTED_EDGE('',*,*,#1384,.T.);
#530=ORIENTED_EDGE('',*,*,#1483,.F.);
#531=ORIENTED_EDGE('',*,*,#1484,.F.);
#532=ORIENTED_EDGE('',*,*,#1485,.T.);
#533=ORIENTED_EDGE('',*,*,#1486,.F.);
#534=ORIENTED_EDGE('',*,*,#1487,.T.);
#535=ORIENTED_EDGE('',*,*,#1376,.T.);
#536=ORIENTED_EDGE('',*,*,#1488,.F.);
#537=ORIENTED_EDGE('',*,*,#1489,.F.);
#538=ORIENTED_EDGE('',*,*,#1490,.T.);
#539=ORIENTED_EDGE('',*,*,#1491,.F.);
#540=ORIENTED_EDGE('',*,*,#1492,.T.);
#541=ORIENTED_EDGE('',*,*,#1379,.T.);
#542=ORIENTED_EDGE('',*,*,#1493,.F.);
#543=ORIENTED_EDGE('',*,*,#1494,.F.);
#544=ORIENTED_EDGE('',*,*,#1495,.T.);
#545=ORIENTED_EDGE('',*,*,#1496,.F.);
#546=ORIENTED_EDGE('',*,*,#1497,.T.);
#547=ORIENTED_EDGE('',*,*,#1372,.T.);
#548=ORIENTED_EDGE('',*,*,#1498,.F.);
#549=ORIENTED_EDGE('',*,*,#1499,.F.);
#550=ORIENTED_EDGE('',*,*,#1500,.T.);
#551=ORIENTED_EDGE('',*,*,#1501,.F.);
#552=ORIENTED_EDGE('',*,*,#1502,.T.);
#553=ORIENTED_EDGE('',*,*,#1368,.T.);
#554=ORIENTED_EDGE('',*,*,#1503,.F.);
#555=ORIENTED_EDGE('',*,*,#1504,.F.);
#556=ORIENTED_EDGE('',*,*,#1505,.T.);
#557=ORIENTED_EDGE('',*,*,#1506,.F.);
#558=ORIENTED_EDGE('',*,*,#1507,.T.);
#559=ORIENTED_EDGE('',*,*,#1364,.T.);
#560=ORIENTED_EDGE('',*,*,#1508,.F.);
#561=ORIENTED_EDGE('',*,*,#1509,.F.);
#562=ORIENTED_EDGE('',*,*,#1510,.T.);
#563=ORIENTED_EDGE('',*,*,#1511,.F.);
#564=ORIENTED_EDGE('',*,*,#1512,.T.);
#565=ORIENTED_EDGE('',*,*,#1360,.T.);
#566=ORIENTED_EDGE('',*,*,#1513,.F.);
#567=ORIENTED_EDGE('',*,*,#1514,.F.);
#568=ORIENTED_EDGE('',*,*,#1515,.T.);
#569=ORIENTED_EDGE('',*,*,#1516,.F.);
#570=ORIENTED_EDGE('',*,*,#1517,.T.);
#571=ORIENTED_EDGE('',*,*,#1352,.T.);
#572=ORIENTED_EDGE('',*,*,#1518,.F.);
#573=ORIENTED_EDGE('',*,*,#1519,.F.);
#574=ORIENTED_EDGE('',*,*,#1520,.T.);
#575=ORIENTED_EDGE('',*,*,#1521,.F.);
#576=ORIENTED_EDGE('',*,*,#1522,.T.);
#577=ORIENTED_EDGE('',*,*,#1355,.T.);
#578=ORIENTED_EDGE('',*,*,#1523,.F.);
#579=ORIENTED_EDGE('',*,*,#1524,.F.);
#580=ORIENTED_EDGE('',*,*,#1525,.T.);
#581=ORIENTED_EDGE('',*,*,#1526,.F.);
#582=ORIENTED_EDGE('',*,*,#1527,.T.);
#583=ORIENTED_EDGE('',*,*,#1415,.T.);
#584=ORIENTED_EDGE('',*,*,#1528,.F.);
#585=ORIENTED_EDGE('',*,*,#1529,.F.);
#586=ORIENTED_EDGE('',*,*,#1530,.T.);
#587=ORIENTED_EDGE('',*,*,#1531,.F.);
#588=ORIENTED_EDGE('',*,*,#1532,.T.);
#589=ORIENTED_EDGE('',*,*,#1419,.T.);
#590=ORIENTED_EDGE('',*,*,#1533,.F.);
#591=ORIENTED_EDGE('',*,*,#1534,.F.);
#592=ORIENTED_EDGE('',*,*,#1535,.T.);
#593=ORIENTED_EDGE('',*,*,#1536,.F.);
#594=ORIENTED_EDGE('',*,*,#1537,.T.);
#595=ORIENTED_EDGE('',*,*,#1423,.T.);
#596=ORIENTED_EDGE('',*,*,#1538,.F.);
#597=ORIENTED_EDGE('',*,*,#1539,.F.);
#598=ORIENTED_EDGE('',*,*,#1540,.T.);
#599=ORIENTED_EDGE('',*,*,#1541,.F.);
#600=ORIENTED_EDGE('',*,*,#1542,.T.);
#601=ORIENTED_EDGE('',*,*,#1427,.T.);
#602=ORIENTED_EDGE('',*,*,#1543,.F.);
#603=ORIENTED_EDGE('',*,*,#1544,.F.);
#604=ORIENTED_EDGE('',*,*,#1545,.T.);
#605=ORIENTED_EDGE('',*,*,#1546,.F.);
#606=ORIENTED_EDGE('',*,*,#1547,.T.);
#607=ORIENTED_EDGE('',*,*,#1439,.T.);
#608=ORIENTED_EDGE('',*,*,#1548,.F.);
#609=ORIENTED_EDGE('',*,*,#1549,.F.);
#610=ORIENTED_EDGE('',*,*,#1550,.T.);
#611=ORIENTED_EDGE('',*,*,#1551,.F.);
#612=ORIENTED_EDGE('',*,*,#1552,.T.);
#613=ORIENTED_EDGE('',*,*,#1443,.T.);
#614=ORIENTED_EDGE('',*,*,#1553,.F.);
#615=ORIENTED_EDGE('',*,*,#1554,.F.);
#616=ORIENTED_EDGE('',*,*,#1555,.T.);
#617=ORIENTED_EDGE('',*,*,#1556,.F.);
#618=ORIENTED_EDGE('',*,*,#1557,.T.);
#619=ORIENTED_EDGE('',*,*,#1436,.T.);
#620=ORIENTED_EDGE('',*,*,#1558,.F.);
#621=ORIENTED_EDGE('',*,*,#1559,.F.);
#622=ORIENTED_EDGE('',*,*,#1560,.T.);
#623=ORIENTED_EDGE('',*,*,#1561,.F.);
#624=ORIENTED_EDGE('',*,*,#1562,.T.);
#625=ORIENTED_EDGE('',*,*,#1432,.T.);
#626=ORIENTED_EDGE('',*,*,#1563,.F.);
#627=ORIENTED_EDGE('',*,*,#1564,.F.);
#628=ORIENTED_EDGE('',*,*,#1565,.T.);
#629=ORIENTED_EDGE('',*,*,#1566,.T.);
#630=ORIENTED_EDGE('',*,*,#1567,.F.);
#631=ORIENTED_EDGE('',*,*,#1568,.T.);
#632=ORIENTED_EDGE('',*,*,#1569,.F.);
#633=ORIENTED_EDGE('',*,*,#1570,.T.);
#634=ORIENTED_EDGE('',*,*,#1354,.F.);
#635=ORIENTED_EDGE('',*,*,#1571,.F.);
#636=ORIENTED_EDGE('',*,*,#1572,.F.);
#637=ORIENTED_EDGE('',*,*,#1573,.F.);
#638=ORIENTED_EDGE('',*,*,#1574,.F.);
#639=ORIENTED_EDGE('',*,*,#1575,.T.);
#640=ORIENTED_EDGE('',*,*,#1362,.F.);
#641=ORIENTED_EDGE('',*,*,#1576,.F.);
#642=ORIENTED_EDGE('',*,*,#1577,.F.);
#643=ORIENTED_EDGE('',*,*,#1578,.F.);
#644=ORIENTED_EDGE('',*,*,#1579,.F.);
#645=ORIENTED_EDGE('',*,*,#1580,.T.);
#646=ORIENTED_EDGE('',*,*,#1366,.F.);
#647=ORIENTED_EDGE('',*,*,#1581,.F.);
#648=ORIENTED_EDGE('',*,*,#1582,.F.);
#649=ORIENTED_EDGE('',*,*,#1583,.F.);
#650=ORIENTED_EDGE('',*,*,#1584,.F.);
#651=ORIENTED_EDGE('',*,*,#1585,.T.);
#652=ORIENTED_EDGE('',*,*,#1370,.F.);
#653=ORIENTED_EDGE('',*,*,#1586,.F.);
#654=ORIENTED_EDGE('',*,*,#1587,.F.);
#655=ORIENTED_EDGE('',*,*,#1588,.F.);
#656=ORIENTED_EDGE('',*,*,#1589,.F.);
#657=ORIENTED_EDGE('',*,*,#1590,.T.);
#658=ORIENTED_EDGE('',*,*,#1374,.F.);
#659=ORIENTED_EDGE('',*,*,#1591,.F.);
#660=ORIENTED_EDGE('',*,*,#1592,.F.);
#661=ORIENTED_EDGE('',*,*,#1593,.F.);
#662=ORIENTED_EDGE('',*,*,#1594,.F.);
#663=ORIENTED_EDGE('',*,*,#1595,.T.);
#664=ORIENTED_EDGE('',*,*,#1381,.F.);
#665=ORIENTED_EDGE('',*,*,#1596,.F.);
#666=ORIENTED_EDGE('',*,*,#1597,.F.);
#667=ORIENTED_EDGE('',*,*,#1598,.F.);
#668=ORIENTED_EDGE('',*,*,#1599,.F.);
#669=ORIENTED_EDGE('',*,*,#1600,.T.);
#670=ORIENTED_EDGE('',*,*,#1378,.F.);
#671=ORIENTED_EDGE('',*,*,#1601,.F.);
#672=ORIENTED_EDGE('',*,*,#1602,.F.);
#673=ORIENTED_EDGE('',*,*,#1603,.F.);
#674=ORIENTED_EDGE('',*,*,#1604,.F.);
#675=ORIENTED_EDGE('',*,*,#1605,.T.);
#676=ORIENTED_EDGE('',*,*,#1386,.F.);
#677=ORIENTED_EDGE('',*,*,#1606,.F.);
#678=ORIENTED_EDGE('',*,*,#1607,.F.);
#679=ORIENTED_EDGE('',*,*,#1608,.F.);
#680=ORIENTED_EDGE('',*,*,#1609,.F.);
#681=ORIENTED_EDGE('',*,*,#1610,.T.);
#682=ORIENTED_EDGE('',*,*,#1390,.F.);
#683=ORIENTED_EDGE('',*,*,#1611,.F.);
#684=ORIENTED_EDGE('',*,*,#1612,.F.);
#685=ORIENTED_EDGE('',*,*,#1613,.F.);
#686=ORIENTED_EDGE('',*,*,#1614,.F.);
#687=ORIENTED_EDGE('',*,*,#1615,.T.);
#688=ORIENTED_EDGE('',*,*,#1394,.F.);
#689=ORIENTED_EDGE('',*,*,#1616,.F.);
#690=ORIENTED_EDGE('',*,*,#1617,.F.);
#691=ORIENTED_EDGE('',*,*,#1618,.F.);
#692=ORIENTED_EDGE('',*,*,#1619,.F.);
#693=ORIENTED_EDGE('',*,*,#1620,.T.);
#694=ORIENTED_EDGE('',*,*,#1398,.F.);
#695=ORIENTED_EDGE('',*,*,#1621,.F.);
#696=ORIENTED_EDGE('',*,*,#1622,.F.);
#697=ORIENTED_EDGE('',*,*,#1623,.F.);
#698=ORIENTED_EDGE('',*,*,#1624,.F.);
#699=ORIENTED_EDGE('',*,*,#1625,.T.);
#700=ORIENTED_EDGE('',*,*,#1410,.F.);
#701=ORIENTED_EDGE('',*,*,#1626,.F.);
#702=ORIENTED_EDGE('',*,*,#1627,.F.);
#703=ORIENTED_EDGE('',*,*,#1628,.F.);
#704=ORIENTED_EDGE('',*,*,#1629,.F.);
#705=ORIENTED_EDGE('',*,*,#1630,.T.);
#706=ORIENTED_EDGE('',*,*,#1413,.F.);
#707=ORIENTED_EDGE('',*,*,#1631,.F.);
#708=ORIENTED_EDGE('',*,*,#1632,.F.);
#709=ORIENTED_EDGE('',*,*,#1633,.F.);
#710=ORIENTED_EDGE('',*,*,#1634,.F.);
#711=ORIENTED_EDGE('',*,*,#1635,.T.);
#712=ORIENTED_EDGE('',*,*,#1405,.F.);
#713=ORIENTED_EDGE('',*,*,#1636,.F.);
#714=ORIENTED_EDGE('',*,*,#1637,.F.);
#715=ORIENTED_EDGE('',*,*,#1638,.F.);
#716=ORIENTED_EDGE('',*,*,#1639,.F.);
#717=ORIENTED_EDGE('',*,*,#1640,.T.);
#718=ORIENTED_EDGE('',*,*,#1402,.F.);
#719=ORIENTED_EDGE('',*,*,#1641,.F.);
#720=ORIENTED_EDGE('',*,*,#1642,.F.);
#721=ORIENTED_EDGE('',*,*,#1643,.F.);
#722=ORIENTED_EDGE('',*,*,#1644,.F.);
#723=ORIENTED_EDGE('',*,*,#1645,.T.);
#724=ORIENTED_EDGE('',*,*,#1566,.F.);
#725=ORIENTED_EDGE('',*,*,#1646,.F.);
#726=ORIENTED_EDGE('',*,*,#1647,.F.);
#727=ORIENTED_EDGE('',*,*,#1648,.F.);
#728=ORIENTED_EDGE('',*,*,#1649,.F.);
#729=ORIENTED_EDGE('',*,*,#1650,.T.);
#730=ORIENTED_EDGE('',*,*,#1434,.F.);
#731=ORIENTED_EDGE('',*,*,#1651,.F.);
#732=ORIENTED_EDGE('',*,*,#1652,.F.);
#733=ORIENTED_EDGE('',*,*,#1653,.F.);
#734=ORIENTED_EDGE('',*,*,#1654,.F.);
#735=ORIENTED_EDGE('',*,*,#1655,.T.);
#736=ORIENTED_EDGE('',*,*,#1438,.F.);
#737=ORIENTED_EDGE('',*,*,#1656,.F.);
#738=ORIENTED_EDGE('',*,*,#1657,.F.);
#739=ORIENTED_EDGE('',*,*,#1658,.F.);
#740=ORIENTED_EDGE('',*,*,#1659,.F.);
#741=ORIENTED_EDGE('',*,*,#1660,.T.);
#742=ORIENTED_EDGE('',*,*,#1445,.F.);
#743=ORIENTED_EDGE('',*,*,#1661,.F.);
#744=ORIENTED_EDGE('',*,*,#1662,.F.);
#745=ORIENTED_EDGE('',*,*,#1663,.F.);
#746=ORIENTED_EDGE('',*,*,#1664,.F.);
#747=ORIENTED_EDGE('',*,*,#1665,.T.);
#748=ORIENTED_EDGE('',*,*,#1441,.F.);
#749=ORIENTED_EDGE('',*,*,#1666,.F.);
#750=ORIENTED_EDGE('',*,*,#1667,.F.);
#751=ORIENTED_EDGE('',*,*,#1668,.F.);
#752=ORIENTED_EDGE('',*,*,#1669,.F.);
#753=ORIENTED_EDGE('',*,*,#1670,.T.);
#754=ORIENTED_EDGE('',*,*,#1429,.F.);
#755=ORIENTED_EDGE('',*,*,#1671,.F.);
#756=ORIENTED_EDGE('',*,*,#1672,.F.);
#757=ORIENTED_EDGE('',*,*,#1673,.F.);
#758=ORIENTED_EDGE('',*,*,#1674,.F.);
#759=ORIENTED_EDGE('',*,*,#1675,.T.);
#760=ORIENTED_EDGE('',*,*,#1425,.F.);
#761=ORIENTED_EDGE('',*,*,#1676,.F.);
#762=ORIENTED_EDGE('',*,*,#1677,.F.);
#763=ORIENTED_EDGE('',*,*,#1678,.F.);
#764=ORIENTED_EDGE('',*,*,#1679,.F.);
#765=ORIENTED_EDGE('',*,*,#1680,.T.);
#766=ORIENTED_EDGE('',*,*,#1421,.F.);
#767=ORIENTED_EDGE('',*,*,#1681,.F.);
#768=ORIENTED_EDGE('',*,*,#1682,.F.);
#769=ORIENTED_EDGE('',*,*,#1683,.F.);
#770=ORIENTED_EDGE('',*,*,#1684,.F.);
#771=ORIENTED_EDGE('',*,*,#1685,.T.);
#772=ORIENTED_EDGE('',*,*,#1417,.F.);
#773=ORIENTED_EDGE('',*,*,#1686,.F.);
#774=ORIENTED_EDGE('',*,*,#1687,.F.);
#775=ORIENTED_EDGE('',*,*,#1688,.F.);
#776=ORIENTED_EDGE('',*,*,#1689,.F.);
#777=ORIENTED_EDGE('',*,*,#1690,.T.);
#778=ORIENTED_EDGE('',*,*,#1357,.F.);
#779=ORIENTED_EDGE('',*,*,#1691,.F.);
#780=ORIENTED_EDGE('',*,*,#1692,.F.);
#781=ORIENTED_EDGE('',*,*,#1693,.F.);
#782=ORIENTED_EDGE('',*,*,#1694,.T.);
#783=ORIENTED_EDGE('',*,*,#1567,.T.);
#784=ORIENTED_EDGE('',*,*,#1645,.F.);
#785=ORIENTED_EDGE('',*,*,#1695,.F.);
#786=ORIENTED_EDGE('',*,*,#1641,.T.);
#787=ORIENTED_EDGE('',*,*,#1401,.F.);
#788=ORIENTED_EDGE('',*,*,#1696,.F.);
#789=ORIENTED_EDGE('',*,*,#1697,.F.);
#790=ORIENTED_EDGE('',*,*,#1643,.T.);
#791=ORIENTED_EDGE('',*,*,#1698,.F.);
#792=ORIENTED_EDGE('',*,*,#1699,.F.);
#793=ORIENTED_EDGE('',*,*,#1700,.F.);
#794=ORIENTED_EDGE('',*,*,#1701,.T.);
#795=ORIENTED_EDGE('',*,*,#1695,.T.);
#796=ORIENTED_EDGE('',*,*,#1644,.T.);
#797=ORIENTED_EDGE('',*,*,#1700,.T.);
#798=ORIENTED_EDGE('',*,*,#1702,.T.);
#799=ORIENTED_EDGE('',*,*,#1698,.T.);
#800=ORIENTED_EDGE('',*,*,#1642,.T.);
#801=ORIENTED_EDGE('',*,*,#1697,.T.);
#802=ORIENTED_EDGE('',*,*,#1553,.T.);
#803=ORIENTED_EDGE('',*,*,#1446,.T.);
#804=ORIENTED_EDGE('',*,*,#1660,.F.);
#805=ORIENTED_EDGE('',*,*,#1703,.F.);
#806=ORIENTED_EDGE('',*,*,#1656,.T.);
#807=ORIENTED_EDGE('',*,*,#1437,.F.);
#808=ORIENTED_EDGE('',*,*,#1557,.F.);
#809=ORIENTED_EDGE('',*,*,#1704,.F.);
#810=ORIENTED_EDGE('',*,*,#1658,.T.);
#811=ORIENTED_EDGE('',*,*,#1705,.F.);
#812=ORIENTED_EDGE('',*,*,#1555,.F.);
#813=ORIENTED_EDGE('',*,*,#1706,.F.);
#814=ORIENTED_EDGE('',*,*,#1554,.T.);
#815=ORIENTED_EDGE('',*,*,#1703,.T.);
#816=ORIENTED_EDGE('',*,*,#1659,.T.);
#817=ORIENTED_EDGE('',*,*,#1706,.T.);
#818=ORIENTED_EDGE('',*,*,#1556,.T.);
#819=ORIENTED_EDGE('',*,*,#1705,.T.);
#820=ORIENTED_EDGE('',*,*,#1657,.T.);
#821=ORIENTED_EDGE('',*,*,#1704,.T.);
#822=ORIENTED_EDGE('',*,*,#1548,.T.);
#823=ORIENTED_EDGE('',*,*,#1442,.T.);
#824=ORIENTED_EDGE('',*,*,#1665,.F.);
#825=ORIENTED_EDGE('',*,*,#1707,.F.);
#826=ORIENTED_EDGE('',*,*,#1661,.T.);
#827=ORIENTED_EDGE('',*,*,#1444,.F.);
#828=ORIENTED_EDGE('',*,*,#1552,.F.);
#829=ORIENTED_EDGE('',*,*,#1708,.F.);
#830=ORIENTED_EDGE('',*,*,#1663,.T.);
#831=ORIENTED_EDGE('',*,*,#1709,.F.);
#832=ORIENTED_EDGE('',*,*,#1550,.F.);
#833=ORIENTED_EDGE('',*,*,#1710,.F.);
#834=ORIENTED_EDGE('',*,*,#1549,.T.);
#835=ORIENTED_EDGE('',*,*,#1707,.T.);
#836=ORIENTED_EDGE('',*,*,#1664,.T.);
#837=ORIENTED_EDGE('',*,*,#1710,.T.);
#838=ORIENTED_EDGE('',*,*,#1551,.T.);
#839=ORIENTED_EDGE('',*,*,#1709,.T.);
#840=ORIENTED_EDGE('',*,*,#1662,.T.);
#841=ORIENTED_EDGE('',*,*,#1708,.T.);
#842=ORIENTED_EDGE('',*,*,#1558,.T.);
#843=ORIENTED_EDGE('',*,*,#1435,.T.);
#844=ORIENTED_EDGE('',*,*,#1655,.F.);
#845=ORIENTED_EDGE('',*,*,#1711,.F.);
#846=ORIENTED_EDGE('',*,*,#1651,.T.);
#847=ORIENTED_EDGE('',*,*,#1433,.F.);
#848=ORIENTED_EDGE('',*,*,#1562,.F.);
#849=ORIENTED_EDGE('',*,*,#1712,.F.);
#850=ORIENTED_EDGE('',*,*,#1653,.T.);
#851=ORIENTED_EDGE('',*,*,#1713,.F.);
#852=ORIENTED_EDGE('',*,*,#1560,.F.);
#853=ORIENTED_EDGE('',*,*,#1714,.F.);
#854=ORIENTED_EDGE('',*,*,#1559,.T.);
#855=ORIENTED_EDGE('',*,*,#1711,.T.);
#856=ORIENTED_EDGE('',*,*,#1654,.T.);
#857=ORIENTED_EDGE('',*,*,#1714,.T.);
#858=ORIENTED_EDGE('',*,*,#1561,.T.);
#859=ORIENTED_EDGE('',*,*,#1713,.T.);
#860=ORIENTED_EDGE('',*,*,#1652,.T.);
#861=ORIENTED_EDGE('',*,*,#1712,.T.);
#862=ORIENTED_EDGE('',*,*,#1715,.T.);
#863=ORIENTED_EDGE('',*,*,#1563,.T.);
#864=ORIENTED_EDGE('',*,*,#1431,.T.);
#865=ORIENTED_EDGE('',*,*,#1650,.F.);
#866=ORIENTED_EDGE('',*,*,#1716,.F.);
#867=ORIENTED_EDGE('',*,*,#1646,.T.);
#868=ORIENTED_EDGE('',*,*,#1565,.F.);
#869=ORIENTED_EDGE('',*,*,#1717,.F.);
#870=ORIENTED_EDGE('',*,*,#1718,.F.);
#871=ORIENTED_EDGE('',*,*,#1648,.T.);
#872=ORIENTED_EDGE('',*,*,#1719,.F.);
#873=ORIENTED_EDGE('',*,*,#1720,.F.);
#874=ORIENTED_EDGE('',*,*,#1721,.F.);
#875=ORIENTED_EDGE('',*,*,#1722,.T.);
#876=ORIENTED_EDGE('',*,*,#1716,.T.);
#877=ORIENTED_EDGE('',*,*,#1649,.T.);
#878=ORIENTED_EDGE('',*,*,#1721,.T.);
#879=ORIENTED_EDGE('',*,*,#1723,.T.);
#880=ORIENTED_EDGE('',*,*,#1719,.T.);
#881=ORIENTED_EDGE('',*,*,#1647,.T.);
#882=ORIENTED_EDGE('',*,*,#1718,.T.);
#883=ORIENTED_EDGE('',*,*,#1543,.T.);
#884=ORIENTED_EDGE('',*,*,#1430,.T.);
#885=ORIENTED_EDGE('',*,*,#1670,.F.);
#886=ORIENTED_EDGE('',*,*,#1724,.F.);
#887=ORIENTED_EDGE('',*,*,#1666,.T.);
#888=ORIENTED_EDGE('',*,*,#1440,.F.);
#889=ORIENTED_EDGE('',*,*,#1547,.F.);
#890=ORIENTED_EDGE('',*,*,#1725,.F.);
#891=ORIENTED_EDGE('',*,*,#1668,.T.);
#892=ORIENTED_EDGE('',*,*,#1726,.F.);
#893=ORIENTED_EDGE('',*,*,#1545,.F.);
#894=ORIENTED_EDGE('',*,*,#1727,.F.);
#895=ORIENTED_EDGE('',*,*,#1544,.T.);
#896=ORIENTED_EDGE('',*,*,#1724,.T.);
#897=ORIENTED_EDGE('',*,*,#1669,.T.);
#898=ORIENTED_EDGE('',*,*,#1727,.T.);
#899=ORIENTED_EDGE('',*,*,#1546,.T.);
#900=ORIENTED_EDGE('',*,*,#1726,.T.);
#901=ORIENTED_EDGE('',*,*,#1667,.T.);
#902=ORIENTED_EDGE('',*,*,#1725,.T.);
#903=ORIENTED_EDGE('',*,*,#1538,.T.);
#904=ORIENTED_EDGE('',*,*,#1426,.T.);
#905=ORIENTED_EDGE('',*,*,#1675,.F.);
#906=ORIENTED_EDGE('',*,*,#1728,.F.);
#907=ORIENTED_EDGE('',*,*,#1671,.T.);
#908=ORIENTED_EDGE('',*,*,#1428,.F.);
#909=ORIENTED_EDGE('',*,*,#1542,.F.);
#910=ORIENTED_EDGE('',*,*,#1729,.F.);
#911=ORIENTED_EDGE('',*,*,#1673,.T.);
#912=ORIENTED_EDGE('',*,*,#1730,.F.);
#913=ORIENTED_EDGE('',*,*,#1540,.F.);
#914=ORIENTED_EDGE('',*,*,#1731,.F.);
#915=ORIENTED_EDGE('',*,*,#1539,.T.);
#916=ORIENTED_EDGE('',*,*,#1728,.T.);
#917=ORIENTED_EDGE('',*,*,#1674,.T.);
#918=ORIENTED_EDGE('',*,*,#1731,.T.);
#919=ORIENTED_EDGE('',*,*,#1541,.T.);
#920=ORIENTED_EDGE('',*,*,#1730,.T.);
#921=ORIENTED_EDGE('',*,*,#1672,.T.);
#922=ORIENTED_EDGE('',*,*,#1729,.T.);
#923=ORIENTED_EDGE('',*,*,#1533,.T.);
#924=ORIENTED_EDGE('',*,*,#1422,.T.);
#925=ORIENTED_EDGE('',*,*,#1680,.F.);
#926=ORIENTED_EDGE('',*,*,#1732,.F.);
#927=ORIENTED_EDGE('',*,*,#1676,.T.);
#928=ORIENTED_EDGE('',*,*,#1424,.F.);
#929=ORIENTED_EDGE('',*,*,#1537,.F.);
#930=ORIENTED_EDGE('',*,*,#1733,.F.);
#931=ORIENTED_EDGE('',*,*,#1678,.T.);
#932=ORIENTED_EDGE('',*,*,#1734,.F.);
#933=ORIENTED_EDGE('',*,*,#1535,.F.);
#934=ORIENTED_EDGE('',*,*,#1735,.F.);
#935=ORIENTED_EDGE('',*,*,#1534,.T.);
#936=ORIENTED_EDGE('',*,*,#1732,.T.);
#937=ORIENTED_EDGE('',*,*,#1679,.T.);
#938=ORIENTED_EDGE('',*,*,#1735,.T.);
#939=ORIENTED_EDGE('',*,*,#1536,.T.);
#940=ORIENTED_EDGE('',*,*,#1734,.T.);
#941=ORIENTED_EDGE('',*,*,#1677,.T.);
#942=ORIENTED_EDGE('',*,*,#1733,.T.);
#943=ORIENTED_EDGE('',*,*,#1528,.T.);
#944=ORIENTED_EDGE('',*,*,#1418,.T.);
#945=ORIENTED_EDGE('',*,*,#1685,.F.);
#946=ORIENTED_EDGE('',*,*,#1736,.F.);
#947=ORIENTED_EDGE('',*,*,#1681,.T.);
#948=ORIENTED_EDGE('',*,*,#1420,.F.);
#949=ORIENTED_EDGE('',*,*,#1532,.F.);
#950=ORIENTED_EDGE('',*,*,#1737,.F.);
#951=ORIENTED_EDGE('',*,*,#1683,.T.);
#952=ORIENTED_EDGE('',*,*,#1738,.F.);
#953=ORIENTED_EDGE('',*,*,#1530,.F.);
#954=ORIENTED_EDGE('',*,*,#1739,.F.);
#955=ORIENTED_EDGE('',*,*,#1529,.T.);
#956=ORIENTED_EDGE('',*,*,#1736,.T.);
#957=ORIENTED_EDGE('',*,*,#1684,.T.);
#958=ORIENTED_EDGE('',*,*,#1739,.T.);
#959=ORIENTED_EDGE('',*,*,#1531,.T.);
#960=ORIENTED_EDGE('',*,*,#1738,.T.);
#961=ORIENTED_EDGE('',*,*,#1682,.T.);
#962=ORIENTED_EDGE('',*,*,#1737,.T.);
#963=ORIENTED_EDGE('',*,*,#1458,.T.);
#964=ORIENTED_EDGE('',*,*,#1414,.T.);
#965=ORIENTED_EDGE('',*,*,#1630,.F.);
#966=ORIENTED_EDGE('',*,*,#1740,.F.);
#967=ORIENTED_EDGE('',*,*,#1626,.T.);
#968=ORIENTED_EDGE('',*,*,#1409,.F.);
#969=ORIENTED_EDGE('',*,*,#1462,.F.);
#970=ORIENTED_EDGE('',*,*,#1741,.F.);
#971=ORIENTED_EDGE('',*,*,#1628,.T.);
#972=ORIENTED_EDGE('',*,*,#1742,.F.);
#973=ORIENTED_EDGE('',*,*,#1460,.F.);
#974=ORIENTED_EDGE('',*,*,#1743,.F.);
#975=ORIENTED_EDGE('',*,*,#1459,.T.);
#976=ORIENTED_EDGE('',*,*,#1740,.T.);
#977=ORIENTED_EDGE('',*,*,#1629,.T.);
#978=ORIENTED_EDGE('',*,*,#1743,.T.);
#979=ORIENTED_EDGE('',*,*,#1461,.T.);
#980=ORIENTED_EDGE('',*,*,#1742,.T.);
#981=ORIENTED_EDGE('',*,*,#1627,.T.);
#982=ORIENTED_EDGE('',*,*,#1741,.T.);
#983=ORIENTED_EDGE('',*,*,#1463,.T.);
#984=ORIENTED_EDGE('',*,*,#1407,.T.);
#985=ORIENTED_EDGE('',*,*,#1625,.F.);
#986=ORIENTED_EDGE('',*,*,#1744,.F.);
#987=ORIENTED_EDGE('',*,*,#1621,.T.);
#988=ORIENTED_EDGE('',*,*,#1397,.F.);
#989=ORIENTED_EDGE('',*,*,#1467,.F.);
#990=ORIENTED_EDGE('',*,*,#1745,.F.);
#991=ORIENTED_EDGE('',*,*,#1623,.T.);
#992=ORIENTED_EDGE('',*,*,#1746,.F.);
#993=ORIENTED_EDGE('',*,*,#1465,.F.);
#994=ORIENTED_EDGE('',*,*,#1747,.F.);
#995=ORIENTED_EDGE('',*,*,#1464,.T.);
#996=ORIENTED_EDGE('',*,*,#1744,.T.);
#997=ORIENTED_EDGE('',*,*,#1624,.T.);
#998=ORIENTED_EDGE('',*,*,#1747,.T.);
#999=ORIENTED_EDGE('',*,*,#1466,.T.);
#1000=ORIENTED_EDGE('',*,*,#1746,.T.);
#1001=ORIENTED_EDGE('',*,*,#1622,.T.);
#1002=ORIENTED_EDGE('',*,*,#1745,.T.);
#1003=ORIENTED_EDGE('',*,*,#1453,.T.);
#1004=ORIENTED_EDGE('',*,*,#1406,.T.);
#1005=ORIENTED_EDGE('',*,*,#1635,.F.);
#1006=ORIENTED_EDGE('',*,*,#1748,.F.);
#1007=ORIENTED_EDGE('',*,*,#1631,.T.);
#1008=ORIENTED_EDGE('',*,*,#1412,.F.);
#1009=ORIENTED_EDGE('',*,*,#1457,.F.);
#1010=ORIENTED_EDGE('',*,*,#1749,.F.);
#1011=ORIENTED_EDGE('',*,*,#1633,.T.);
#1012=ORIENTED_EDGE('',*,*,#1750,.F.);
#1013=ORIENTED_EDGE('',*,*,#1455,.F.);
#1014=ORIENTED_EDGE('',*,*,#1751,.F.);
#1015=ORIENTED_EDGE('',*,*,#1454,.T.);
#1016=ORIENTED_EDGE('',*,*,#1748,.T.);
#1017=ORIENTED_EDGE('',*,*,#1634,.T.);
#1018=ORIENTED_EDGE('',*,*,#1751,.T.);
#1019=ORIENTED_EDGE('',*,*,#1456,.T.);
#1020=ORIENTED_EDGE('',*,*,#1750,.T.);
#1021=ORIENTED_EDGE('',*,*,#1632,.T.);
#1022=ORIENTED_EDGE('',*,*,#1749,.T.);
#1023=ORIENTED_EDGE('',*,*,#1752,.T.);
#1024=ORIENTED_EDGE('',*,*,#1399,.T.);
#1025=ORIENTED_EDGE('',*,*,#1640,.F.);
#1026=ORIENTED_EDGE('',*,*,#1753,.F.);
#1027=ORIENTED_EDGE('',*,*,#1636,.T.);
#1028=ORIENTED_EDGE('',*,*,#1404,.F.);
#1029=ORIENTED_EDGE('',*,*,#1452,.F.);
#1030=ORIENTED_EDGE('',*,*,#1754,.F.);
#1031=ORIENTED_EDGE('',*,*,#1755,.F.);
#1032=ORIENTED_EDGE('',*,*,#1638,.T.);
#1033=ORIENTED_EDGE('',*,*,#1756,.F.);
#1034=ORIENTED_EDGE('',*,*,#1757,.F.);
#1035=ORIENTED_EDGE('',*,*,#1758,.F.);
#1036=ORIENTED_EDGE('',*,*,#1759,.T.);
#1037=ORIENTED_EDGE('',*,*,#1753,.T.);
#1038=ORIENTED_EDGE('',*,*,#1639,.T.);
#1039=ORIENTED_EDGE('',*,*,#1758,.T.);
#1040=ORIENTED_EDGE('',*,*,#1760,.T.);
#1041=ORIENTED_EDGE('',*,*,#1756,.T.);
#1042=ORIENTED_EDGE('',*,*,#1637,.T.);
#1043=ORIENTED_EDGE('',*,*,#1755,.T.);
#1044=ORIENTED_EDGE('',*,*,#1468,.T.);
#1045=ORIENTED_EDGE('',*,*,#1395,.T.);
#1046=ORIENTED_EDGE('',*,*,#1620,.F.);
#1047=ORIENTED_EDGE('',*,*,#1761,.F.);
#1048=ORIENTED_EDGE('',*,*,#1616,.T.);
#1049=ORIENTED_EDGE('',*,*,#1393,.F.);
#1050=ORIENTED_EDGE('',*,*,#1472,.F.);
#1051=ORIENTED_EDGE('',*,*,#1762,.F.);
#1052=ORIENTED_EDGE('',*,*,#1618,.T.);
#1053=ORIENTED_EDGE('',*,*,#1763,.F.);
#1054=ORIENTED_EDGE('',*,*,#1470,.F.);
#1055=ORIENTED_EDGE('',*,*,#1764,.F.);
#1056=ORIENTED_EDGE('',*,*,#1469,.T.);
#1057=ORIENTED_EDGE('',*,*,#1761,.T.);
#1058=ORIENTED_EDGE('',*,*,#1619,.T.);
#1059=ORIENTED_EDGE('',*,*,#1764,.T.);
#1060=ORIENTED_EDGE('',*,*,#1471,.T.);
#1061=ORIENTED_EDGE('',*,*,#1763,.T.);
#1062=ORIENTED_EDGE('',*,*,#1617,.T.);
#1063=ORIENTED_EDGE('',*,*,#1762,.T.);
#1064=ORIENTED_EDGE('',*,*,#1473,.T.);
#1065=ORIENTED_EDGE('',*,*,#1391,.T.);
#1066=ORIENTED_EDGE('',*,*,#1615,.F.);
#1067=ORIENTED_EDGE('',*,*,#1765,.F.);
#1068=ORIENTED_EDGE('',*,*,#1611,.T.);
#1069=ORIENTED_EDGE('',*,*,#1389,.F.);
#1070=ORIENTED_EDGE('',*,*,#1477,.F.);
#1071=ORIENTED_EDGE('',*,*,#1766,.F.);
#1072=ORIENTED_EDGE('',*,*,#1613,.T.);
#1073=ORIENTED_EDGE('',*,*,#1767,.F.);
#1074=ORIENTED_EDGE('',*,*,#1475,.F.);
#1075=ORIENTED_EDGE('',*,*,#1768,.F.);
#1076=ORIENTED_EDGE('',*,*,#1474,.T.);
#1077=ORIENTED_EDGE('',*,*,#1765,.T.);
#1078=ORIENTED_EDGE('',*,*,#1614,.T.);
#1079=ORIENTED_EDGE('',*,*,#1768,.T.);
#1080=ORIENTED_EDGE('',*,*,#1476,.T.);
#1081=ORIENTED_EDGE('',*,*,#1767,.T.);
#1082=ORIENTED_EDGE('',*,*,#1612,.T.);
#1083=ORIENTED_EDGE('',*,*,#1766,.T.);
#1084=ORIENTED_EDGE('',*,*,#1478,.T.);
#1085=ORIENTED_EDGE('',*,*,#1387,.T.);
#1086=ORIENTED_EDGE('',*,*,#1610,.F.);
#1087=ORIENTED_EDGE('',*,*,#1769,.F.);
#1088=ORIENTED_EDGE('',*,*,#1606,.T.);
#1089=ORIENTED_EDGE('',*,*,#1385,.F.);
#1090=ORIENTED_EDGE('',*,*,#1482,.F.);
#1091=ORIENTED_EDGE('',*,*,#1770,.F.);
#1092=ORIENTED_EDGE('',*,*,#1608,.T.);
#1093=ORIENTED_EDGE('',*,*,#1771,.F.);
#1094=ORIENTED_EDGE('',*,*,#1480,.F.);
#1095=ORIENTED_EDGE('',*,*,#1772,.F.);
#1096=ORIENTED_EDGE('',*,*,#1479,.T.);
#1097=ORIENTED_EDGE('',*,*,#1769,.T.);
#1098=ORIENTED_EDGE('',*,*,#1609,.T.);
#1099=ORIENTED_EDGE('',*,*,#1772,.T.);
#1100=ORIENTED_EDGE('',*,*,#1481,.T.);
#1101=ORIENTED_EDGE('',*,*,#1771,.T.);
#1102=ORIENTED_EDGE('',*,*,#1607,.T.);
#1103=ORIENTED_EDGE('',*,*,#1770,.T.);
#1104=ORIENTED_EDGE('',*,*,#1483,.T.);
#1105=ORIENTED_EDGE('',*,*,#1383,.T.);
#1106=ORIENTED_EDGE('',*,*,#1605,.F.);
#1107=ORIENTED_EDGE('',*,*,#1773,.F.);
#1108=ORIENTED_EDGE('',*,*,#1601,.T.);
#1109=ORIENTED_EDGE('',*,*,#1377,.F.);
#1110=ORIENTED_EDGE('',*,*,#1487,.F.);
#1111=ORIENTED_EDGE('',*,*,#1774,.F.);
#1112=ORIENTED_EDGE('',*,*,#1603,.T.);
#1113=ORIENTED_EDGE('',*,*,#1775,.F.);
#1114=ORIENTED_EDGE('',*,*,#1485,.F.);
#1115=ORIENTED_EDGE('',*,*,#1776,.F.);
#1116=ORIENTED_EDGE('',*,*,#1484,.T.);
#1117=ORIENTED_EDGE('',*,*,#1773,.T.);
#1118=ORIENTED_EDGE('',*,*,#1604,.T.);
#1119=ORIENTED_EDGE('',*,*,#1776,.T.);
#1120=ORIENTED_EDGE('',*,*,#1486,.T.);
#1121=ORIENTED_EDGE('',*,*,#1775,.T.);
#1122=ORIENTED_EDGE('',*,*,#1602,.T.);
#1123=ORIENTED_EDGE('',*,*,#1774,.T.);
#1124=ORIENTED_EDGE('',*,*,#1493,.T.);
#1125=ORIENTED_EDGE('',*,*,#1382,.T.);
#1126=ORIENTED_EDGE('',*,*,#1595,.F.);
#1127=ORIENTED_EDGE('',*,*,#1777,.F.);
#1128=ORIENTED_EDGE('',*,*,#1591,.T.);
#1129=ORIENTED_EDGE('',*,*,#1373,.F.);
#1130=ORIENTED_EDGE('',*,*,#1497,.F.);
#1131=ORIENTED_EDGE('',*,*,#1778,.F.);
#1132=ORIENTED_EDGE('',*,*,#1593,.T.);
#1133=ORIENTED_EDGE('',*,*,#1779,.F.);
#1134=ORIENTED_EDGE('',*,*,#1495,.F.);
#1135=ORIENTED_EDGE('',*,*,#1780,.F.);
#1136=ORIENTED_EDGE('',*,*,#1494,.T.);
#1137=ORIENTED_EDGE('',*,*,#1777,.T.);
#1138=ORIENTED_EDGE('',*,*,#1594,.T.);
#1139=ORIENTED_EDGE('',*,*,#1780,.T.);
#1140=ORIENTED_EDGE('',*,*,#1496,.T.);
#1141=ORIENTED_EDGE('',*,*,#1779,.T.);
#1142=ORIENTED_EDGE('',*,*,#1592,.T.);
#1143=ORIENTED_EDGE('',*,*,#1778,.T.);
#1144=ORIENTED_EDGE('',*,*,#1488,.T.);
#1145=ORIENTED_EDGE('',*,*,#1375,.T.);
#1146=ORIENTED_EDGE('',*,*,#1600,.F.);
#1147=ORIENTED_EDGE('',*,*,#1781,.F.);
#1148=ORIENTED_EDGE('',*,*,#1596,.T.);
#1149=ORIENTED_EDGE('',*,*,#1380,.F.);
#1150=ORIENTED_EDGE('',*,*,#1492,.F.);
#1151=ORIENTED_EDGE('',*,*,#1782,.F.);
#1152=ORIENTED_EDGE('',*,*,#1598,.T.);
#1153=ORIENTED_EDGE('',*,*,#1783,.F.);
#1154=ORIENTED_EDGE('',*,*,#1490,.F.);
#1155=ORIENTED_EDGE('',*,*,#1784,.F.);
#1156=ORIENTED_EDGE('',*,*,#1489,.T.);
#1157=ORIENTED_EDGE('',*,*,#1781,.T.);
#1158=ORIENTED_EDGE('',*,*,#1599,.T.);
#1159=ORIENTED_EDGE('',*,*,#1784,.T.);
#1160=ORIENTED_EDGE('',*,*,#1491,.T.);
#1161=ORIENTED_EDGE('',*,*,#1783,.T.);
#1162=ORIENTED_EDGE('',*,*,#1597,.T.);
#1163=ORIENTED_EDGE('',*,*,#1782,.T.);
#1164=ORIENTED_EDGE('',*,*,#1498,.T.);
#1165=ORIENTED_EDGE('',*,*,#1371,.T.);
#1166=ORIENTED_EDGE('',*,*,#1590,.F.);
#1167=ORIENTED_EDGE('',*,*,#1785,.F.);
#1168=ORIENTED_EDGE('',*,*,#1586,.T.);
#1169=ORIENTED_EDGE('',*,*,#1369,.F.);
#1170=ORIENTED_EDGE('',*,*,#1502,.F.);
#1171=ORIENTED_EDGE('',*,*,#1786,.F.);
#1172=ORIENTED_EDGE('',*,*,#1588,.T.);
#1173=ORIENTED_EDGE('',*,*,#1787,.F.);
#1174=ORIENTED_EDGE('',*,*,#1500,.F.);
#1175=ORIENTED_EDGE('',*,*,#1788,.F.);
#1176=ORIENTED_EDGE('',*,*,#1499,.T.);
#1177=ORIENTED_EDGE('',*,*,#1785,.T.);
#1178=ORIENTED_EDGE('',*,*,#1589,.T.);
#1179=ORIENTED_EDGE('',*,*,#1788,.T.);
#1180=ORIENTED_EDGE('',*,*,#1501,.T.);
#1181=ORIENTED_EDGE('',*,*,#1787,.T.);
#1182=ORIENTED_EDGE('',*,*,#1587,.T.);
#1183=ORIENTED_EDGE('',*,*,#1786,.T.);
#1184=ORIENTED_EDGE('',*,*,#1503,.T.);
#1185=ORIENTED_EDGE('',*,*,#1367,.T.);
#1186=ORIENTED_EDGE('',*,*,#1585,.F.);
#1187=ORIENTED_EDGE('',*,*,#1789,.F.);
#1188=ORIENTED_EDGE('',*,*,#1581,.T.);
#1189=ORIENTED_EDGE('',*,*,#1365,.F.);
#1190=ORIENTED_EDGE('',*,*,#1507,.F.);
#1191=ORIENTED_EDGE('',*,*,#1790,.F.);
#1192=ORIENTED_EDGE('',*,*,#1583,.T.);
#1193=ORIENTED_EDGE('',*,*,#1791,.F.);
#1194=ORIENTED_EDGE('',*,*,#1505,.F.);
#1195=ORIENTED_EDGE('',*,*,#1792,.F.);
#1196=ORIENTED_EDGE('',*,*,#1504,.T.);
#1197=ORIENTED_EDGE('',*,*,#1789,.T.);
#1198=ORIENTED_EDGE('',*,*,#1584,.T.);
#1199=ORIENTED_EDGE('',*,*,#1792,.T.);
#1200=ORIENTED_EDGE('',*,*,#1506,.T.);
#1201=ORIENTED_EDGE('',*,*,#1791,.T.);
#1202=ORIENTED_EDGE('',*,*,#1582,.T.);
#1203=ORIENTED_EDGE('',*,*,#1790,.T.);
#1204=ORIENTED_EDGE('',*,*,#1508,.T.);
#1205=ORIENTED_EDGE('',*,*,#1363,.T.);
#1206=ORIENTED_EDGE('',*,*,#1580,.F.);
#1207=ORIENTED_EDGE('',*,*,#1793,.F.);
#1208=ORIENTED_EDGE('',*,*,#1576,.T.);
#1209=ORIENTED_EDGE('',*,*,#1361,.F.);
#1210=ORIENTED_EDGE('',*,*,#1512,.F.);
#1211=ORIENTED_EDGE('',*,*,#1794,.F.);
#1212=ORIENTED_EDGE('',*,*,#1578,.T.);
#1213=ORIENTED_EDGE('',*,*,#1795,.F.);
#1214=ORIENTED_EDGE('',*,*,#1510,.F.);
#1215=ORIENTED_EDGE('',*,*,#1796,.F.);
#1216=ORIENTED_EDGE('',*,*,#1509,.T.);
#1217=ORIENTED_EDGE('',*,*,#1793,.T.);
#1218=ORIENTED_EDGE('',*,*,#1579,.T.);
#1219=ORIENTED_EDGE('',*,*,#1796,.T.);
#1220=ORIENTED_EDGE('',*,*,#1511,.T.);
#1221=ORIENTED_EDGE('',*,*,#1795,.T.);
#1222=ORIENTED_EDGE('',*,*,#1577,.T.);
#1223=ORIENTED_EDGE('',*,*,#1794,.T.);
#1224=ORIENTED_EDGE('',*,*,#1513,.T.);
#1225=ORIENTED_EDGE('',*,*,#1359,.T.);
#1226=ORIENTED_EDGE('',*,*,#1575,.F.);
#1227=ORIENTED_EDGE('',*,*,#1797,.F.);
#1228=ORIENTED_EDGE('',*,*,#1571,.T.);
#1229=ORIENTED_EDGE('',*,*,#1353,.F.);
#1230=ORIENTED_EDGE('',*,*,#1517,.F.);
#1231=ORIENTED_EDGE('',*,*,#1798,.F.);
#1232=ORIENTED_EDGE('',*,*,#1573,.T.);
#1233=ORIENTED_EDGE('',*,*,#1799,.F.);
#1234=ORIENTED_EDGE('',*,*,#1515,.F.);
#1235=ORIENTED_EDGE('',*,*,#1800,.F.);
#1236=ORIENTED_EDGE('',*,*,#1514,.T.);
#1237=ORIENTED_EDGE('',*,*,#1797,.T.);
#1238=ORIENTED_EDGE('',*,*,#1574,.T.);
#1239=ORIENTED_EDGE('',*,*,#1800,.T.);
#1240=ORIENTED_EDGE('',*,*,#1516,.T.);
#1241=ORIENTED_EDGE('',*,*,#1799,.T.);
#1242=ORIENTED_EDGE('',*,*,#1572,.T.);
#1243=ORIENTED_EDGE('',*,*,#1798,.T.);
#1244=ORIENTED_EDGE('',*,*,#1523,.T.);
#1245=ORIENTED_EDGE('',*,*,#1358,.T.);
#1246=ORIENTED_EDGE('',*,*,#1690,.F.);
#1247=ORIENTED_EDGE('',*,*,#1801,.F.);
#1248=ORIENTED_EDGE('',*,*,#1686,.T.);
#1249=ORIENTED_EDGE('',*,*,#1416,.F.);
#1250=ORIENTED_EDGE('',*,*,#1527,.F.);
#1251=ORIENTED_EDGE('',*,*,#1802,.F.);
#1252=ORIENTED_EDGE('',*,*,#1688,.T.);
#1253=ORIENTED_EDGE('',*,*,#1803,.F.);
#1254=ORIENTED_EDGE('',*,*,#1525,.F.);
#1255=ORIENTED_EDGE('',*,*,#1804,.F.);
#1256=ORIENTED_EDGE('',*,*,#1524,.T.);
#1257=ORIENTED_EDGE('',*,*,#1801,.T.);
#1258=ORIENTED_EDGE('',*,*,#1689,.T.);
#1259=ORIENTED_EDGE('',*,*,#1804,.T.);
#1260=ORIENTED_EDGE('',*,*,#1526,.T.);
#1261=ORIENTED_EDGE('',*,*,#1803,.T.);
#1262=ORIENTED_EDGE('',*,*,#1687,.T.);
#1263=ORIENTED_EDGE('',*,*,#1802,.T.);
#1264=ORIENTED_EDGE('',*,*,#1518,.T.);
#1265=ORIENTED_EDGE('',*,*,#1351,.T.);
#1266=ORIENTED_EDGE('',*,*,#1570,.F.);
#1267=ORIENTED_EDGE('',*,*,#1805,.F.);
#1268=ORIENTED_EDGE('',*,*,#1691,.T.);
#1269=ORIENTED_EDGE('',*,*,#1356,.F.);
#1270=ORIENTED_EDGE('',*,*,#1522,.F.);
#1271=ORIENTED_EDGE('',*,*,#1806,.F.);
#1272=ORIENTED_EDGE('',*,*,#1693,.T.);
#1273=ORIENTED_EDGE('',*,*,#1807,.F.);
#1274=ORIENTED_EDGE('',*,*,#1520,.F.);
#1275=ORIENTED_EDGE('',*,*,#1808,.F.);
#1276=ORIENTED_EDGE('',*,*,#1519,.T.);
#1277=ORIENTED_EDGE('',*,*,#1805,.T.);
#1278=ORIENTED_EDGE('',*,*,#1569,.T.);
#1279=ORIENTED_EDGE('',*,*,#1808,.T.);
#1280=ORIENTED_EDGE('',*,*,#1521,.T.);
#1281=ORIENTED_EDGE('',*,*,#1807,.T.);
#1282=ORIENTED_EDGE('',*,*,#1692,.T.);
#1283=ORIENTED_EDGE('',*,*,#1806,.T.);
#1284=ORIENTED_EDGE('',*,*,#1809,.F.);
#1285=ORIENTED_EDGE('',*,*,#1347,.F.);
#1286=ORIENTED_EDGE('',*,*,#1810,.F.);
#1287=ORIENTED_EDGE('',*,*,#1811,.T.);
#1288=ORIENTED_EDGE('',*,*,#1451,.T.);
#1289=ORIENTED_EDGE('',*,*,#1812,.T.);
#1290=ORIENTED_EDGE('',*,*,#1813,.F.);
#1291=ORIENTED_EDGE('',*,*,#1812,.F.);
#1292=ORIENTED_EDGE('',*,*,#1450,.T.);
#1293=ORIENTED_EDGE('',*,*,#1814,.T.);
#1294=ORIENTED_EDGE('',*,*,#1815,.T.);
#1295=ORIENTED_EDGE('',*,*,#1814,.F.);
#1296=ORIENTED_EDGE('',*,*,#1449,.F.);
#1297=ORIENTED_EDGE('',*,*,#1816,.T.);
#1298=ORIENTED_EDGE('',*,*,#1817,.F.);
#1299=ORIENTED_EDGE('',*,*,#1816,.F.);
#1300=ORIENTED_EDGE('',*,*,#1448,.T.);
#1301=ORIENTED_EDGE('',*,*,#1818,.T.);
#1302=ORIENTED_EDGE('',*,*,#1819,.T.);
#1303=ORIENTED_EDGE('',*,*,#1568,.F.);
#1304=ORIENTED_EDGE('',*,*,#1820,.F.);
#1305=ORIENTED_EDGE('',*,*,#1818,.F.);
#1306=ORIENTED_EDGE('',*,*,#1447,.T.);
#1307=ORIENTED_EDGE('',*,*,#1821,.T.);
#1308=ORIENTED_EDGE('',*,*,#1822,.T.);
#1309=ORIENTED_EDGE('',*,*,#1345,.T.);
#1310=ORIENTED_EDGE('',*,*,#1811,.F.);
#1311=ORIENTED_EDGE('',*,*,#1823,.T.);
#1312=ORIENTED_EDGE('',*,*,#1821,.F.);
#1313=ORIENTED_EDGE('',*,*,#1715,.F.);
#1314=ORIENTED_EDGE('',*,*,#1722,.F.);
#1315=ORIENTED_EDGE('',*,*,#1720,.T.);
#1316=ORIENTED_EDGE('',*,*,#1723,.F.);
#1317=ORIENTED_EDGE('',*,*,#1717,.T.);
#1318=ORIENTED_EDGE('',*,*,#1564,.T.);
#1319=ORIENTED_EDGE('',*,*,#1694,.F.);
#1320=ORIENTED_EDGE('',*,*,#1701,.F.);
#1321=ORIENTED_EDGE('',*,*,#1699,.T.);
#1322=ORIENTED_EDGE('',*,*,#1702,.F.);
#1323=ORIENTED_EDGE('',*,*,#1696,.T.);
#1324=ORIENTED_EDGE('',*,*,#1400,.T.);
#1325=ORIENTED_EDGE('',*,*,#1752,.F.);
#1326=ORIENTED_EDGE('',*,*,#1759,.F.);
#1327=ORIENTED_EDGE('',*,*,#1757,.T.);
#1328=ORIENTED_EDGE('',*,*,#1760,.F.);
#1329=ORIENTED_EDGE('',*,*,#1754,.T.);
#1330=ORIENTED_EDGE('',*,*,#1348,.T.);
#1331=ORIENTED_EDGE('',*,*,#1809,.T.);
#1332=ORIENTED_EDGE('',*,*,#1813,.T.);
#1333=ORIENTED_EDGE('',*,*,#1815,.F.);
#1334=ORIENTED_EDGE('',*,*,#1817,.T.);
#1335=ORIENTED_EDGE('',*,*,#1820,.T.);
#1336=ORIENTED_EDGE('',*,*,#1819,.F.);
#1337=ORIENTED_EDGE('',*,*,#1349,.F.);
#1338=ORIENTED_EDGE('',*,*,#1823,.F.);
#1339=ORIENTED_EDGE('',*,*,#1810,.T.);
#1340=ORIENTED_EDGE('',*,*,#1824,.T.);
#1341=ORIENTED_EDGE('',*,*,#1822,.F.);
#1342=ORIENTED_EDGE('',*,*,#1350,.T.);
#1343=ORIENTED_EDGE('',*,*,#1346,.F.);
#1344=ORIENTED_EDGE('',*,*,#1824,.F.);
#1345=EDGE_CURVE('',#1825,#1826,#2145,.T.);
#1346=EDGE_CURVE('',#1825,#1827,#171,.T.);
#1347=EDGE_CURVE('',#1827,#1828,#2146,.T.);
#1348=EDGE_CURVE('',#1826,#1828,#172,.T.);
#1349=EDGE_CURVE('',#1829,#1829,#173,.T.);
#1350=EDGE_CURVE('',#1830,#1830,#174,.T.);
#1351=EDGE_CURVE('',#1831,#1832,#2147,.T.);
#1352=EDGE_CURVE('',#1833,#1831,#175,.T.);
#1353=EDGE_CURVE('',#1833,#1834,#2148,.T.);
#1354=EDGE_CURVE('',#1834,#1832,#176,.T.);
#1355=EDGE_CURVE('',#1835,#1836,#177,.T.);
#1356=EDGE_CURVE('',#1835,#1837,#2149,.T.);
#1357=EDGE_CURVE('',#1837,#1838,#178,.T.);
#1358=EDGE_CURVE('',#1836,#1838,#2150,.T.);
#1359=EDGE_CURVE('',#1839,#1840,#2151,.T.);
#1360=EDGE_CURVE('',#1841,#1839,#179,.T.);
#1361=EDGE_CURVE('',#1841,#1842,#2152,.T.);
#1362=EDGE_CURVE('',#1842,#1840,#180,.T.);
#1363=EDGE_CURVE('',#1843,#1844,#2153,.T.);
#1364=EDGE_CURVE('',#1845,#1843,#181,.T.);
#1365=EDGE_CURVE('',#1845,#1846,#2154,.T.);
#1366=EDGE_CURVE('',#1846,#1844,#182,.T.);
#1367=EDGE_CURVE('',#1847,#1848,#2155,.T.);
#1368=EDGE_CURVE('',#1849,#1847,#183,.T.);
#1369=EDGE_CURVE('',#1849,#1850,#2156,.T.);
#1370=EDGE_CURVE('',#1850,#1848,#184,.T.);
#1371=EDGE_CURVE('',#1851,#1852,#2157,.T.);
#1372=EDGE_CURVE('',#1853,#1851,#185,.T.);
#1373=EDGE_CURVE('',#1853,#1854,#2158,.T.);
#1374=EDGE_CURVE('',#1854,#1852,#186,.T.);
#1375=EDGE_CURVE('',#1855,#1856,#2159,.T.);
#1376=EDGE_CURVE('',#1857,#1855,#187,.T.);
#1377=EDGE_CURVE('',#1857,#1858,#2160,.T.);
#1378=EDGE_CURVE('',#1858,#1856,#188,.T.);
#1379=EDGE_CURVE('',#1859,#1860,#189,.T.);
#1380=EDGE_CURVE('',#1859,#1861,#2161,.T.);
#1381=EDGE_CURVE('',#1861,#1862,#190,.T.);
#1382=EDGE_CURVE('',#1860,#1862,#2162,.T.);
#1383=EDGE_CURVE('',#1863,#1864,#2163,.T.);
#1384=EDGE_CURVE('',#1865,#1863,#191,.T.);
#1385=EDGE_CURVE('',#1865,#1866,#2164,.T.);
#1386=EDGE_CURVE('',#1866,#1864,#192,.T.);
#1387=EDGE_CURVE('',#1867,#1868,#2165,.T.);
#1388=EDGE_CURVE('',#1869,#1867,#193,.T.);
#1389=EDGE_CURVE('',#1869,#1870,#2166,.T.);
#1390=EDGE_CURVE('',#1870,#1868,#194,.T.);
#1391=EDGE_CURVE('',#1871,#1872,#2167,.T.);
#1392=EDGE_CURVE('',#1873,#1871,#195,.T.);
#1393=EDGE_CURVE('',#1873,#1874,#2168,.T.);
#1394=EDGE_CURVE('',#1874,#1872,#196,.T.);
#1395=EDGE_CURVE('',#1875,#1876,#2169,.T.);
#1396=EDGE_CURVE('',#1877,#1875,#197,.T.);
#1397=EDGE_CURVE('',#1877,#1878,#2170,.T.);
#1398=EDGE_CURVE('',#1878,#1876,#198,.T.);
#1399=EDGE_CURVE('',#1879,#1880,#2171,.T.);
#1400=EDGE_CURVE('',#1881,#1879,#199,.T.);
#1401=EDGE_CURVE('',#1881,#1882,#2172,.T.);
#1402=EDGE_CURVE('',#1882,#1880,#200,.T.);
#1403=EDGE_CURVE('',#1883,#1884,#201,.T.);
#1404=EDGE_CURVE('',#1883,#1885,#2173,.T.);
#1405=EDGE_CURVE('',#1885,#1886,#202,.T.);
#1406=EDGE_CURVE('',#1884,#1886,#2174,.T.);
#1407=EDGE_CURVE('',#1887,#1888,#2175,.T.);
#1408=EDGE_CURVE('',#1889,#1887,#203,.T.);
#1409=EDGE_CURVE('',#1889,#1890,#2176,.T.);
#1410=EDGE_CURVE('',#1890,#1888,#204,.T.);
#1411=EDGE_CURVE('',#1891,#1892,#205,.T.);
#1412=EDGE_CURVE('',#1891,#1893,#2177,.T.);
#1413=EDGE_CURVE('',#1893,#1894,#206,.T.);
#1414=EDGE_CURVE('',#1892,#1894,#2178,.T.);
#1415=EDGE_CURVE('',#1895,#1896,#207,.T.);
#1416=EDGE_CURVE('',#1895,#1897,#2179,.T.);
#1417=EDGE_CURVE('',#1897,#1898,#208,.T.);
#1418=EDGE_CURVE('',#1896,#1898,#2180,.T.);
#1419=EDGE_CURVE('',#1899,#1900,#209,.T.);
#1420=EDGE_CURVE('',#1899,#1901,#2181,.T.);
#1421=EDGE_CURVE('',#1901,#1902,#210,.T.);
#1422=EDGE_CURVE('',#1900,#1902,#2182,.T.);
#1423=EDGE_CURVE('',#1903,#1904,#211,.T.);
#1424=EDGE_CURVE('',#1903,#1905,#2183,.T.);
#1425=EDGE_CURVE('',#1905,#1906,#212,.T.);
#1426=EDGE_CURVE('',#1904,#1906,#2184,.T.);
#1427=EDGE_CURVE('',#1907,#1908,#213,.T.);
#1428=EDGE_CURVE('',#1907,#1909,#2185,.T.);
#1429=EDGE_CURVE('',#1909,#1910,#214,.T.);
#1430=EDGE_CURVE('',#1908,#1910,#2186,.T.);
#1431=EDGE_CURVE('',#1911,#1912,#2187,.T.);
#1432=EDGE_CURVE('',#1913,#1911,#215,.T.);
#1433=EDGE_CURVE('',#1913,#1914,#2188,.T.);
#1434=EDGE_CURVE('',#1914,#1912,#216,.T.);
#1435=EDGE_CURVE('',#1915,#1916,#2189,.T.);
#1436=EDGE_CURVE('',#1917,#1915,#217,.T.);
#1437=EDGE_CURVE('',#1917,#1918,#2190,.T.);
#1438=EDGE_CURVE('',#1918,#1916,#218,.T.);
#1439=EDGE_CURVE('',#1919,#1920,#219,.T.);
#1440=EDGE_CURVE('',#1919,#1921,#2191,.T.);
#1441=EDGE_CURVE('',#1921,#1922,#220,.T.);
#1442=EDGE_CURVE('',#1920,#1922,#2192,.T.);
#1443=EDGE_CURVE('',#1923,#1924,#221,.T.);
#1444=EDGE_CURVE('',#1923,#1925,#2193,.T.);
#1445=EDGE_CURVE('',#1925,#1926,#222,.T.);
#1446=EDGE_CURVE('',#1924,#1926,#2194,.T.);
#1447=EDGE_CURVE('',#1927,#1928,#2195,.T.);
#1448=EDGE_CURVE('',#1929,#1927,#223,.T.);
#1449=EDGE_CURVE('',#1929,#1930,#224,.T.);
#1450=EDGE_CURVE('',#1931,#1930,#225,.T.);
#1451=EDGE_CURVE('',#1932,#1931,#2196,.T.);
#1452=EDGE_CURVE('',#1932,#1883,#62,.T.);
#1453=EDGE_CURVE('',#1933,#1884,#63,.T.);
#1454=EDGE_CURVE('',#1934,#1933,#226,.T.);
#1455=EDGE_CURVE('',#1934,#1935,#227,.T.);
#1456=EDGE_CURVE('',#1936,#1935,#228,.T.);
#1457=EDGE_CURVE('',#1936,#1891,#64,.T.);
#1458=EDGE_CURVE('',#1937,#1892,#65,.T.);
#1459=EDGE_CURVE('',#1938,#1937,#229,.T.);
#1460=EDGE_CURVE('',#1938,#1939,#230,.T.);
#1461=EDGE_CURVE('',#1940,#1939,#231,.T.);
#1462=EDGE_CURVE('',#1940,#1889,#66,.T.);
#1463=EDGE_CURVE('',#1941,#1887,#67,.T.);
#1464=EDGE_CURVE('',#1942,#1941,#232,.T.);
#1465=EDGE_CURVE('',#1942,#1943,#233,.T.);
#1466=EDGE_CURVE('',#1944,#1943,#234,.T.);
#1467=EDGE_CURVE('',#1944,#1877,#68,.T.);
#1468=EDGE_CURVE('',#1945,#1875,#69,.T.);
#1469=EDGE_CURVE('',#1946,#1945,#235,.T.);
#1470=EDGE_CURVE('',#1946,#1947,#236,.T.);
#1471=EDGE_CURVE('',#1948,#1947,#237,.T.);
#1472=EDGE_CURVE('',#1948,#1873,#70,.T.);
#1473=EDGE_CURVE('',#1949,#1871,#71,.T.);
#1474=EDGE_CURVE('',#1950,#1949,#238,.T.);
#1475=EDGE_CURVE('',#1950,#1951,#239,.T.);
#1476=EDGE_CURVE('',#1952,#1951,#240,.T.);
#1477=EDGE_CURVE('',#1952,#1869,#72,.T.);
#1478=EDGE_CURVE('',#1953,#1867,#73,.T.);
#1479=EDGE_CURVE('',#1954,#1953,#241,.T.);
#1480=EDGE_CURVE('',#1954,#1955,#242,.T.);
#1481=EDGE_CURVE('',#1956,#1955,#243,.T.);
#1482=EDGE_CURVE('',#1956,#1865,#74,.T.);
#1483=EDGE_CURVE('',#1957,#1863,#75,.T.);
#1484=EDGE_CURVE('',#1958,#1957,#244,.T.);
#1485=EDGE_CURVE('',#1958,#1959,#245,.T.);
#1486=EDGE_CURVE('',#1960,#1959,#246,.T.);
#1487=EDGE_CURVE('',#1960,#1857,#76,.T.);
#1488=EDGE_CURVE('',#1961,#1855,#77,.T.);
#1489=EDGE_CURVE('',#1962,#1961,#247,.T.);
#1490=EDGE_CURVE('',#1962,#1963,#248,.T.);
#1491=EDGE_CURVE('',#1964,#1963,#249,.T.);
#1492=EDGE_CURVE('',#1964,#1859,#78,.T.);
#1493=EDGE_CURVE('',#1965,#1860,#79,.T.);
#1494=EDGE_CURVE('',#1966,#1965,#250,.T.);
#1495=EDGE_CURVE('',#1966,#1967,#251,.T.);
#1496=EDGE_CURVE('',#1968,#1967,#252,.T.);
#1497=EDGE_CURVE('',#1968,#1853,#80,.T.);
#1498=EDGE_CURVE('',#1969,#1851,#81,.T.);
#1499=EDGE_CURVE('',#1970,#1969,#253,.T.);
#1500=EDGE_CURVE('',#1970,#1971,#254,.T.);
#1501=EDGE_CURVE('',#1972,#1971,#255,.T.);
#1502=EDGE_CURVE('',#1972,#1849,#82,.T.);
#1503=EDGE_CURVE('',#1973,#1847,#83,.T.);
#1504=EDGE_CURVE('',#1974,#1973,#256,.T.);
#1505=EDGE_CURVE('',#1974,#1975,#257,.T.);
#1506=EDGE_CURVE('',#1976,#1975,#258,.T.);
#1507=EDGE_CURVE('',#1976,#1845,#84,.T.);
#1508=EDGE_CURVE('',#1977,#1843,#85,.T.);
#1509=EDGE_CURVE('',#1978,#1977,#259,.T.);
#1510=EDGE_CURVE('',#1978,#1979,#260,.T.);
#1511=EDGE_CURVE('',#1980,#1979,#261,.T.);
#1512=EDGE_CURVE('',#1980,#1841,#86,.T.);
#1513=EDGE_CURVE('',#1981,#1839,#87,.T.);
#1514=EDGE_CURVE('',#1982,#1981,#262,.T.);
#1515=EDGE_CURVE('',#1982,#1983,#263,.T.);
#1516=EDGE_CURVE('',#1984,#1983,#264,.T.);
#1517=EDGE_CURVE('',#1984,#1833,#88,.T.);
#1518=EDGE_CURVE('',#1985,#1831,#89,.T.);
#1519=EDGE_CURVE('',#1986,#1985,#265,.T.);
#1520=EDGE_CURVE('',#1986,#1987,#266,.T.);
#1521=EDGE_CURVE('',#1988,#1987,#267,.T.);
#1522=EDGE_CURVE('',#1988,#1835,#90,.T.);
#1523=EDGE_CURVE('',#1989,#1836,#91,.T.);
#1524=EDGE_CURVE('',#1990,#1989,#268,.T.);
#1525=EDGE_CURVE('',#1990,#1991,#269,.T.);
#1526=EDGE_CURVE('',#1992,#1991,#270,.T.);
#1527=EDGE_CURVE('',#1992,#1895,#92,.T.);
#1528=EDGE_CURVE('',#1993,#1896,#93,.T.);
#1529=EDGE_CURVE('',#1994,#1993,#271,.T.);
#1530=EDGE_CURVE('',#1994,#1995,#272,.T.);
#1531=EDGE_CURVE('',#1996,#1995,#273,.T.);
#1532=EDGE_CURVE('',#1996,#1899,#94,.T.);
#1533=EDGE_CURVE('',#1997,#1900,#95,.T.);
#1534=EDGE_CURVE('',#1998,#1997,#274,.T.);
#1535=EDGE_CURVE('',#1998,#1999,#275,.T.);
#1536=EDGE_CURVE('',#2000,#1999,#276,.T.);
#1537=EDGE_CURVE('',#2000,#1903,#96,.T.);
#1538=EDGE_CURVE('',#2001,#1904,#97,.T.);
#1539=EDGE_CURVE('',#2002,#2001,#277,.T.);
#1540=EDGE_CURVE('',#2002,#2003,#278,.T.);
#1541=EDGE_CURVE('',#2004,#2003,#279,.T.);
#1542=EDGE_CURVE('',#2004,#1907,#98,.T.);
#1543=EDGE_CURVE('',#2005,#1908,#99,.T.);
#1544=EDGE_CURVE('',#2006,#2005,#280,.T.);
#1545=EDGE_CURVE('',#2006,#2007,#281,.T.);
#1546=EDGE_CURVE('',#2008,#2007,#282,.T.);
#1547=EDGE_CURVE('',#2008,#1919,#100,.T.);
#1548=EDGE_CURVE('',#2009,#1920,#101,.T.);
#1549=EDGE_CURVE('',#2010,#2009,#283,.T.);
#1550=EDGE_CURVE('',#2010,#2011,#284,.T.);
#1551=EDGE_CURVE('',#2012,#2011,#285,.T.);
#1552=EDGE_CURVE('',#2012,#1923,#102,.T.);
#1553=EDGE_CURVE('',#2013,#1924,#103,.T.);
#1554=EDGE_CURVE('',#2014,#2013,#286,.T.);
#1555=EDGE_CURVE('',#2014,#2015,#287,.T.);
#1556=EDGE_CURVE('',#2016,#2015,#288,.T.);
#1557=EDGE_CURVE('',#2016,#1917,#104,.T.);
#1558=EDGE_CURVE('',#2017,#1915,#105,.T.);
#1559=EDGE_CURVE('',#2018,#2017,#289,.T.);
#1560=EDGE_CURVE('',#2018,#2019,#290,.T.);
#1561=EDGE_CURVE('',#2020,#2019,#291,.T.);
#1562=EDGE_CURVE('',#2020,#1913,#106,.T.);
#1563=EDGE_CURVE('',#1928,#1911,#107,.T.);
#1564=EDGE_CURVE('',#2021,#2022,#292,.T.);
#1565=EDGE_CURVE('',#2021,#2023,#2197,.T.);
#1566=EDGE_CURVE('',#2023,#2024,#293,.T.);
#1567=EDGE_CURVE('',#2022,#2024,#2198,.T.);
#1568=EDGE_CURVE('',#2025,#2025,#294,.T.);
#1569=EDGE_CURVE('',#2026,#2027,#295,.F.);
#1570=EDGE_CURVE('',#2026,#1832,#108,.T.);
#1571=EDGE_CURVE('',#2028,#1834,#109,.T.);
#1572=EDGE_CURVE('',#2029,#2028,#296,.F.);
#1573=EDGE_CURVE('',#2030,#2029,#297,.T.);
#1574=EDGE_CURVE('',#2031,#2030,#298,.F.);
#1575=EDGE_CURVE('',#2031,#1840,#110,.T.);
#1576=EDGE_CURVE('',#2032,#1842,#111,.T.);
#1577=EDGE_CURVE('',#2033,#2032,#299,.F.);
#1578=EDGE_CURVE('',#2034,#2033,#300,.T.);
#1579=EDGE_CURVE('',#2035,#2034,#301,.F.);
#1580=EDGE_CURVE('',#2035,#1844,#112,.T.);
#1581=EDGE_CURVE('',#2036,#1846,#113,.T.);
#1582=EDGE_CURVE('',#2037,#2036,#302,.F.);
#1583=EDGE_CURVE('',#2038,#2037,#303,.T.);
#1584=EDGE_CURVE('',#2039,#2038,#304,.F.);
#1585=EDGE_CURVE('',#2039,#1848,#114,.T.);
#1586=EDGE_CURVE('',#2040,#1850,#115,.T.);
#1587=EDGE_CURVE('',#2041,#2040,#305,.F.);
#1588=EDGE_CURVE('',#2042,#2041,#306,.T.);
#1589=EDGE_CURVE('',#2043,#2042,#307,.F.);
#1590=EDGE_CURVE('',#2043,#1852,#116,.T.);
#1591=EDGE_CURVE('',#2044,#1854,#117,.T.);
#1592=EDGE_CURVE('',#2045,#2044,#308,.F.);
#1593=EDGE_CURVE('',#2046,#2045,#309,.T.);
#1594=EDGE_CURVE('',#2047,#2046,#310,.F.);
#1595=EDGE_CURVE('',#2047,#1862,#118,.T.);
#1596=EDGE_CURVE('',#2048,#1861,#119,.T.);
#1597=EDGE_CURVE('',#2049,#2048,#311,.F.);
#1598=EDGE_CURVE('',#2050,#2049,#312,.T.);
#1599=EDGE_CURVE('',#2051,#2050,#313,.F.);
#1600=EDGE_CURVE('',#2051,#1856,#120,.T.);
#1601=EDGE_CURVE('',#2052,#1858,#121,.T.);
#1602=EDGE_CURVE('',#2053,#2052,#314,.F.);
#1603=EDGE_CURVE('',#2054,#2053,#315,.T.);
#1604=EDGE_CURVE('',#2055,#2054,#316,.F.);
#1605=EDGE_CURVE('',#2055,#1864,#122,.T.);
#1606=EDGE_CURVE('',#2056,#1866,#123,.T.);
#1607=EDGE_CURVE('',#2057,#2056,#317,.F.);
#1608=EDGE_CURVE('',#2058,#2057,#318,.T.);
#1609=EDGE_CURVE('',#2059,#2058,#319,.F.);
#1610=EDGE_CURVE('',#2059,#1868,#124,.T.);
#1611=EDGE_CURVE('',#2060,#1870,#125,.T.);
#1612=EDGE_CURVE('',#2061,#2060,#320,.F.);
#1613=EDGE_CURVE('',#2062,#2061,#321,.T.);
#1614=EDGE_CURVE('',#2063,#2062,#322,.F.);
#1615=EDGE_CURVE('',#2063,#1872,#126,.T.);
#1616=EDGE_CURVE('',#2064,#1874,#127,.T.);
#1617=EDGE_CURVE('',#2065,#2064,#323,.F.);
#1618=EDGE_CURVE('',#2066,#2065,#324,.T.);
#1619=EDGE_CURVE('',#2067,#2066,#325,.F.);
#1620=EDGE_CURVE('',#2067,#1876,#128,.T.);
#1621=EDGE_CURVE('',#2068,#1878,#129,.T.);
#1622=EDGE_CURVE('',#2069,#2068,#326,.F.);
#1623=EDGE_CURVE('',#2070,#2069,#327,.T.);
#1624=EDGE_CURVE('',#2071,#2070,#328,.F.);
#1625=EDGE_CURVE('',#2071,#1888,#130,.T.);
#1626=EDGE_CURVE('',#2072,#1890,#131,.T.);
#1627=EDGE_CURVE('',#2073,#2072,#329,.F.);
#1628=EDGE_CURVE('',#2074,#2073,#330,.T.);
#1629=EDGE_CURVE('',#2075,#2074,#331,.F.);
#1630=EDGE_CURVE('',#2075,#1894,#132,.T.);
#1631=EDGE_CURVE('',#2076,#1893,#133,.T.);
#1632=EDGE_CURVE('',#2077,#2076,#332,.F.);
#1633=EDGE_CURVE('',#2078,#2077,#333,.T.);
#1634=EDGE_CURVE('',#2079,#2078,#334,.F.);
#1635=EDGE_CURVE('',#2079,#1886,#134,.T.);
#1636=EDGE_CURVE('',#2080,#1885,#135,.T.);
#1637=EDGE_CURVE('',#2081,#2080,#335,.F.);
#1638=EDGE_CURVE('',#2082,#2081,#336,.T.);
#1639=EDGE_CURVE('',#2083,#2082,#337,.F.);
#1640=EDGE_CURVE('',#2083,#1880,#136,.T.);
#1641=EDGE_CURVE('',#2084,#1882,#137,.T.);
#1642=EDGE_CURVE('',#2085,#2084,#338,.F.);
#1643=EDGE_CURVE('',#2086,#2085,#339,.T.);
#1644=EDGE_CURVE('',#2087,#2086,#340,.F.);
#1645=EDGE_CURVE('',#2087,#2024,#138,.T.);
#1646=EDGE_CURVE('',#2088,#2023,#139,.T.);
#1647=EDGE_CURVE('',#2089,#2088,#341,.F.);
#1648=EDGE_CURVE('',#2090,#2089,#342,.T.);
#1649=EDGE_CURVE('',#2091,#2090,#343,.F.);
#1650=EDGE_CURVE('',#2091,#1912,#140,.T.);
#1651=EDGE_CURVE('',#2092,#1914,#141,.T.);
#1652=EDGE_CURVE('',#2093,#2092,#344,.F.);
#1653=EDGE_CURVE('',#2094,#2093,#345,.T.);
#1654=EDGE_CURVE('',#2095,#2094,#346,.F.);
#1655=EDGE_CURVE('',#2095,#1916,#142,.T.);
#1656=EDGE_CURVE('',#2096,#1918,#143,.T.);
#1657=EDGE_CURVE('',#2097,#2096,#347,.F.);
#1658=EDGE_CURVE('',#2098,#2097,#348,.T.);
#1659=EDGE_CURVE('',#2099,#2098,#349,.F.);
#1660=EDGE_CURVE('',#2099,#1926,#144,.T.);
#1661=EDGE_CURVE('',#2100,#1925,#145,.T.);
#1662=EDGE_CURVE('',#2101,#2100,#350,.F.);
#1663=EDGE_CURVE('',#2102,#2101,#351,.T.);
#1664=EDGE_CURVE('',#2103,#2102,#352,.F.);
#1665=EDGE_CURVE('',#2103,#1922,#146,.T.);
#1666=EDGE_CURVE('',#2104,#1921,#147,.T.);
#1667=EDGE_CURVE('',#2105,#2104,#353,.F.);
#1668=EDGE_CURVE('',#2106,#2105,#354,.T.);
#1669=EDGE_CURVE('',#2107,#2106,#355,.F.);
#1670=EDGE_CURVE('',#2107,#1910,#148,.T.);
#1671=EDGE_CURVE('',#2108,#1909,#149,.T.);
#1672=EDGE_CURVE('',#2109,#2108,#356,.F.);
#1673=EDGE_CURVE('',#2110,#2109,#357,.T.);
#1674=EDGE_CURVE('',#2111,#2110,#358,.F.);
#1675=EDGE_CURVE('',#2111,#1906,#150,.T.);
#1676=EDGE_CURVE('',#2112,#1905,#151,.T.);
#1677=EDGE_CURVE('',#2113,#2112,#359,.F.);
#1678=EDGE_CURVE('',#2114,#2113,#360,.T.);
#1679=EDGE_CURVE('',#2115,#2114,#361,.F.);
#1680=EDGE_CURVE('',#2115,#1902,#152,.T.);
#1681=EDGE_CURVE('',#2116,#1901,#153,.T.);
#1682=EDGE_CURVE('',#2117,#2116,#362,.F.);
#1683=EDGE_CURVE('',#2118,#2117,#363,.T.);
#1684=EDGE_CURVE('',#2119,#2118,#364,.F.);
#1685=EDGE_CURVE('',#2119,#1898,#154,.T.);
#1686=EDGE_CURVE('',#2120,#1897,#155,.T.);
#1687=EDGE_CURVE('',#2121,#2120,#365,.F.);
#1688=EDGE_CURVE('',#2122,#2121,#366,.T.);
#1689=EDGE_CURVE('',#2123,#2122,#367,.F.);
#1690=EDGE_CURVE('',#2123,#1838,#156,.T.);
#1691=EDGE_CURVE('',#2124,#1837,#157,.T.);
#1692=EDGE_CURVE('',#2125,#2124,#368,.F.);
#1693=EDGE_CURVE('',#2027,#2125,#369,.T.);
#1694=EDGE_CURVE('',#2126,#2022,#158,.T.);
#1695=EDGE_CURVE('',#2126,#2087,#2199,.T.);
#1696=EDGE_CURVE('',#2127,#1881,#159,.T.);
#1697=EDGE_CURVE('',#2084,#2127,#2200,.F.);
#1698=EDGE_CURVE('',#2128,#2085,#2201,.T.);
#1699=EDGE_CURVE('',#2129,#2128,#370,.T.);
#1700=EDGE_CURVE('',#2086,#2129,#2202,.F.);
#1701=EDGE_CURVE('',#2129,#2126,#371,.T.);
#1702=EDGE_CURVE('',#2127,#2128,#372,.T.);
#1703=EDGE_CURVE('',#2013,#2099,#2203,.T.);
#1704=EDGE_CURVE('',#2096,#2016,#2204,.F.);
#1705=EDGE_CURVE('',#2015,#2097,#2205,.T.);
#1706=EDGE_CURVE('',#2098,#2014,#2206,.F.);
#1707=EDGE_CURVE('',#2009,#2103,#2207,.T.);
#1708=EDGE_CURVE('',#2100,#2012,#2208,.F.);
#1709=EDGE_CURVE('',#2011,#2101,#2209,.T.);
#1710=EDGE_CURVE('',#2102,#2010,#2210,.F.);
#1711=EDGE_CURVE('',#2017,#2095,#2211,.T.);
#1712=EDGE_CURVE('',#2092,#2020,#2212,.F.);
#1713=EDGE_CURVE('',#2019,#2093,#2213,.T.);
#1714=EDGE_CURVE('',#2094,#2018,#2214,.F.);
#1715=EDGE_CURVE('',#2130,#1928,#160,.T.);
#1716=EDGE_CURVE('',#2130,#2091,#2215,.T.);
#1717=EDGE_CURVE('',#2131,#2021,#161,.T.);
#1718=EDGE_CURVE('',#2088,#2131,#2216,.F.);
#1719=EDGE_CURVE('',#2132,#2089,#2217,.T.);
#1720=EDGE_CURVE('',#2133,#2132,#373,.T.);
#1721=EDGE_CURVE('',#2090,#2133,#2218,.F.);
#1722=EDGE_CURVE('',#2133,#2130,#374,.T.);
#1723=EDGE_CURVE('',#2131,#2132,#375,.T.);
#1724=EDGE_CURVE('',#2005,#2107,#2219,.T.);
#1725=EDGE_CURVE('',#2104,#2008,#2220,.F.);
#1726=EDGE_CURVE('',#2007,#2105,#2221,.T.);
#1727=EDGE_CURVE('',#2106,#2006,#2222,.F.);
#1728=EDGE_CURVE('',#2001,#2111,#2223,.T.);
#1729=EDGE_CURVE('',#2108,#2004,#2224,.F.);
#1730=EDGE_CURVE('',#2003,#2109,#2225,.T.);
#1731=EDGE_CURVE('',#2110,#2002,#2226,.F.);
#1732=EDGE_CURVE('',#1997,#2115,#2227,.T.);
#1733=EDGE_CURVE('',#2112,#2000,#2228,.F.);
#1734=EDGE_CURVE('',#1999,#2113,#2229,.T.);
#1735=EDGE_CURVE('',#2114,#1998,#2230,.F.);
#1736=EDGE_CURVE('',#1993,#2119,#2231,.T.);
#1737=EDGE_CURVE('',#2116,#1996,#2232,.F.);
#1738=EDGE_CURVE('',#1995,#2117,#2233,.T.);
#1739=EDGE_CURVE('',#2118,#1994,#2234,.F.);
#1740=EDGE_CURVE('',#1937,#2075,#2235,.T.);
#1741=EDGE_CURVE('',#2072,#1940,#2236,.F.);
#1742=EDGE_CURVE('',#1939,#2073,#2237,.T.);
#1743=EDGE_CURVE('',#2074,#1938,#2238,.F.);
#1744=EDGE_CURVE('',#1941,#2071,#2239,.T.);
#1745=EDGE_CURVE('',#2068,#1944,#2240,.F.);
#1746=EDGE_CURVE('',#1943,#2069,#2241,.T.);
#1747=EDGE_CURVE('',#2070,#1942,#2242,.F.);
#1748=EDGE_CURVE('',#1933,#2079,#2243,.T.);
#1749=EDGE_CURVE('',#2076,#1936,#2244,.F.);
#1750=EDGE_CURVE('',#1935,#2077,#2245,.T.);
#1751=EDGE_CURVE('',#2078,#1934,#2246,.F.);
#1752=EDGE_CURVE('',#2134,#1879,#162,.T.);
#1753=EDGE_CURVE('',#2134,#2083,#2247,.T.);
#1754=EDGE_CURVE('',#2135,#1932,#163,.T.);
#1755=EDGE_CURVE('',#2080,#2135,#2248,.F.);
#1756=EDGE_CURVE('',#2136,#2081,#2249,.T.);
#1757=EDGE_CURVE('',#2137,#2136,#376,.T.);
#1758=EDGE_CURVE('',#2082,#2137,#2250,.F.);
#1759=EDGE_CURVE('',#2137,#2134,#377,.T.);
#1760=EDGE_CURVE('',#2135,#2136,#378,.T.);
#1761=EDGE_CURVE('',#1945,#2067,#2251,.T.);
#1762=EDGE_CURVE('',#2064,#1948,#2252,.F.);
#1763=EDGE_CURVE('',#1947,#2065,#2253,.T.);
#1764=EDGE_CURVE('',#2066,#1946,#2254,.F.);
#1765=EDGE_CURVE('',#1949,#2063,#2255,.T.);
#1766=EDGE_CURVE('',#2060,#1952,#2256,.F.);
#1767=EDGE_CURVE('',#1951,#2061,#2257,.T.);
#1768=EDGE_CURVE('',#2062,#1950,#2258,.F.);
#1769=EDGE_CURVE('',#1953,#2059,#2259,.T.);
#1770=EDGE_CURVE('',#2056,#1956,#2260,.F.);
#1771=EDGE_CURVE('',#1955,#2057,#2261,.T.);
#1772=EDGE_CURVE('',#2058,#1954,#2262,.F.);
#1773=EDGE_CURVE('',#1957,#2055,#2263,.T.);
#1774=EDGE_CURVE('',#2052,#1960,#2264,.F.);
#1775=EDGE_CURVE('',#1959,#2053,#2265,.T.);
#1776=EDGE_CURVE('',#2054,#1958,#2266,.F.);
#1777=EDGE_CURVE('',#1965,#2047,#2267,.T.);
#1778=EDGE_CURVE('',#2044,#1968,#2268,.F.);
#1779=EDGE_CURVE('',#1967,#2045,#2269,.T.);
#1780=EDGE_CURVE('',#2046,#1966,#2270,.F.);
#1781=EDGE_CURVE('',#1961,#2051,#2271,.T.);
#1782=EDGE_CURVE('',#2048,#1964,#2272,.F.);
#1783=EDGE_CURVE('',#1963,#2049,#2273,.T.);
#1784=EDGE_CURVE('',#2050,#1962,#2274,.F.);
#1785=EDGE_CURVE('',#1969,#2043,#2275,.T.);
#1786=EDGE_CURVE('',#2040,#1972,#2276,.F.);
#1787=EDGE_CURVE('',#1971,#2041,#2277,.T.);
#1788=EDGE_CURVE('',#2042,#1970,#2278,.F.);
#1789=EDGE_CURVE('',#1973,#2039,#2279,.T.);
#1790=EDGE_CURVE('',#2036,#1976,#2280,.F.);
#1791=EDGE_CURVE('',#1975,#2037,#2281,.T.);
#1792=EDGE_CURVE('',#2038,#1974,#2282,.F.);
#1793=EDGE_CURVE('',#1977,#2035,#2283,.T.);
#1794=EDGE_CURVE('',#2032,#1980,#2284,.F.);
#1795=EDGE_CURVE('',#1979,#2033,#2285,.T.);
#1796=EDGE_CURVE('',#2034,#1978,#2286,.F.);
#1797=EDGE_CURVE('',#1981,#2031,#2287,.T.);
#1798=EDGE_CURVE('',#2028,#1984,#2288,.F.);
#1799=EDGE_CURVE('',#1983,#2029,#2289,.T.);
#1800=EDGE_CURVE('',#2030,#1982,#2290,.F.);
#1801=EDGE_CURVE('',#1989,#2123,#2291,.T.);
#1802=EDGE_CURVE('',#2120,#1992,#2292,.F.);
#1803=EDGE_CURVE('',#1991,#2121,#2293,.T.);
#1804=EDGE_CURVE('',#2122,#1990,#2294,.F.);
#1805=EDGE_CURVE('',#1985,#2026,#2295,.T.);
#1806=EDGE_CURVE('',#2124,#1988,#2296,.F.);
#1807=EDGE_CURVE('',#1987,#2125,#2297,.T.);
#1808=EDGE_CURVE('',#2027,#1986,#2298,.F.);
#1809=EDGE_CURVE('',#1828,#2138,#2299,.T.);
#1810=EDGE_CURVE('',#2139,#1827,#2300,.T.);
#1811=EDGE_CURVE('',#2139,#1932,#2301,.T.);
#1812=EDGE_CURVE('',#1931,#2138,#2302,.T.);
#1813=EDGE_CURVE('',#2138,#2140,#379,.T.);
#1814=EDGE_CURVE('',#1930,#2140,#2303,.T.);
#1815=EDGE_CURVE('',#2141,#2140,#380,.T.);
#1816=EDGE_CURVE('',#1929,#2141,#2304,.T.);
#1817=EDGE_CURVE('',#2141,#2142,#381,.T.);
#1818=EDGE_CURVE('',#1927,#2142,#2305,.T.);
#1819=EDGE_CURVE('',#2143,#2143,#382,.T.);
#1820=EDGE_CURVE('',#2142,#1826,#2306,.T.);
#1821=EDGE_CURVE('',#1928,#2144,#2307,.T.);
#1822=EDGE_CURVE('',#2144,#1825,#2308,.T.);
#1823=EDGE_CURVE('',#2139,#2144,#383,.T.);
#1824=EDGE_CURVE('',#1827,#1825,#384,.T.);
#1825=VERTEX_POINT('',#4250);
#1826=VERTEX_POINT('',#4251);
#1827=VERTEX_POINT('',#4253);
#1828=VERTEX_POINT('',#4255);
#1829=VERTEX_POINT('',#4259);
#1830=VERTEX_POINT('',#4261);
#1831=VERTEX_POINT('',#4264);
#1832=VERTEX_POINT('',#4265);
#1833=VERTEX_POINT('',#4267);
#1834=VERTEX_POINT('',#4269);
#1835=VERTEX_POINT('',#4273);
#1836=VERTEX_POINT('',#4274);
#1837=VERTEX_POINT('',#4276);
#1838=VERTEX_POINT('',#4278);
#1839=VERTEX_POINT('',#4282);
#1840=VERTEX_POINT('',#4283);
#1841=VERTEX_POINT('',#4285);
#1842=VERTEX_POINT('',#4287);
#1843=VERTEX_POINT('',#4291);
#1844=VERTEX_POINT('',#4292);
#1845=VERTEX_POINT('',#4294);
#1846=VERTEX_POINT('',#4296);
#1847=VERTEX_POINT('',#4300);
#1848=VERTEX_POINT('',#4301);
#1849=VERTEX_POINT('',#4303);
#1850=VERTEX_POINT('',#4305);
#1851=VERTEX_POINT('',#4309);
#1852=VERTEX_POINT('',#4310);
#1853=VERTEX_POINT('',#4312);
#1854=VERTEX_POINT('',#4314);
#1855=VERTEX_POINT('',#4318);
#1856=VERTEX_POINT('',#4319);
#1857=VERTEX_POINT('',#4321);
#1858=VERTEX_POINT('',#4323);
#1859=VERTEX_POINT('',#4327);
#1860=VERTEX_POINT('',#4328);
#1861=VERTEX_POINT('',#4330);
#1862=VERTEX_POINT('',#4332);
#1863=VERTEX_POINT('',#4336);
#1864=VERTEX_POINT('',#4337);
#1865=VERTEX_POINT('',#4339);
#1866=VERTEX_POINT('',#4341);
#1867=VERTEX_POINT('',#4345);
#1868=VERTEX_POINT('',#4346);
#1869=VERTEX_POINT('',#4348);
#1870=VERTEX_POINT('',#4350);
#1871=VERTEX_POINT('',#4354);
#1872=VERTEX_POINT('',#4355);
#1873=VERTEX_POINT('',#4357);
#1874=VERTEX_POINT('',#4359);
#1875=VERTEX_POINT('',#4363);
#1876=VERTEX_POINT('',#4364);
#1877=VERTEX_POINT('',#4366);
#1878=VERTEX_POINT('',#4368);
#1879=VERTEX_POINT('',#4372);
#1880=VERTEX_POINT('',#4373);
#1881=VERTEX_POINT('',#4375);
#1882=VERTEX_POINT('',#4377);
#1883=VERTEX_POINT('',#4381);
#1884=VERTEX_POINT('',#4382);
#1885=VERTEX_POINT('',#4384);
#1886=VERTEX_POINT('',#4386);
#1887=VERTEX_POINT('',#4390);
#1888=VERTEX_POINT('',#4391);
#1889=VERTEX_POINT('',#4393);
#1890=VERTEX_POINT('',#4395);
#1891=VERTEX_POINT('',#4399);
#1892=VERTEX_POINT('',#4400);
#1893=VERTEX_POINT('',#4402);
#1894=VERTEX_POINT('',#4404);
#1895=VERTEX_POINT('',#4408);
#1896=VERTEX_POINT('',#4409);
#1897=VERTEX_POINT('',#4411);
#1898=VERTEX_POINT('',#4413);
#1899=VERTEX_POINT('',#4417);
#1900=VERTEX_POINT('',#4418);
#1901=VERTEX_POINT('',#4420);
#1902=VERTEX_POINT('',#4422);
#1903=VERTEX_POINT('',#4426);
#1904=VERTEX_POINT('',#4427);
#1905=VERTEX_POINT('',#4429);
#1906=VERTEX_POINT('',#4431);
#1907=VERTEX_POINT('',#4435);
#1908=VERTEX_POINT('',#4436);
#1909=VERTEX_POINT('',#4438);
#1910=VERTEX_POINT('',#4440);
#1911=VERTEX_POINT('',#4444);
#1912=VERTEX_POINT('',#4445);
#1913=VERTEX_POINT('',#4447);
#1914=VERTEX_POINT('',#4449);
#1915=VERTEX_POINT('',#4453);
#1916=VERTEX_POINT('',#4454);
#1917=VERTEX_POINT('',#4456);
#1918=VERTEX_POINT('',#4458);
#1919=VERTEX_POINT('',#4462);
#1920=VERTEX_POINT('',#4463);
#1921=VERTEX_POINT('',#4465);
#1922=VERTEX_POINT('',#4467);
#1923=VERTEX_POINT('',#4471);
#1924=VERTEX_POINT('',#4472);
#1925=VERTEX_POINT('',#4474);
#1926=VERTEX_POINT('',#4476);
#1927=VERTEX_POINT('',#4480);
#1928=VERTEX_POINT('',#4481);
#1929=VERTEX_POINT('',#4483);
#1930=VERTEX_POINT('',#4485);
#1931=VERTEX_POINT('',#4487);
#1932=VERTEX_POINT('',#4489);
#1933=VERTEX_POINT('',#4554);
#1934=VERTEX_POINT('',#4556);
#1935=VERTEX_POINT('',#4558);
#1936=VERTEX_POINT('',#4560);
#1937=VERTEX_POINT('',#4625);
#1938=VERTEX_POINT('',#4627);
#1939=VERTEX_POINT('',#4629);
#1940=VERTEX_POINT('',#4631);
#1941=VERTEX_POINT('',#4696);
#1942=VERTEX_POINT('',#4698);
#1943=VERTEX_POINT('',#4700);
#1944=VERTEX_POINT('',#4702);
#1945=VERTEX_POINT('',#4767);
#1946=VERTEX_POINT('',#4769);
#1947=VERTEX_POINT('',#4771);
#1948=VERTEX_POINT('',#4773);
#1949=VERTEX_POINT('',#4838);
#1950=VERTEX_POINT('',#4840);
#1951=VERTEX_POINT('',#4842);
#1952=VERTEX_POINT('',#4844);
#1953=VERTEX_POINT('',#4909);
#1954=VERTEX_POINT('',#4911);
#1955=VERTEX_POINT('',#4913);
#1956=VERTEX_POINT('',#4915);
#1957=VERTEX_POINT('',#4980);
#1958=VERTEX_POINT('',#4982);
#1959=VERTEX_POINT('',#4984);
#1960=VERTEX_POINT('',#4986);
#1961=VERTEX_POINT('',#5051);
#1962=VERTEX_POINT('',#5053);
#1963=VERTEX_POINT('',#5055);
#1964=VERTEX_POINT('',#5057);
#1965=VERTEX_POINT('',#5122);
#1966=VERTEX_POINT('',#5124);
#1967=VERTEX_POINT('',#5126);
#1968=VERTEX_POINT('',#5128);
#1969=VERTEX_POINT('',#5193);
#1970=VERTEX_POINT('',#5195);
#1971=VERTEX_POINT('',#5197);
#1972=VERTEX_POINT('',#5199);
#1973=VERTEX_POINT('',#5264);
#1974=VERTEX_POINT('',#5266);
#1975=VERTEX_POINT('',#5268);
#1976=VERTEX_POINT('',#5270);
#1977=VERTEX_POINT('',#5335);
#1978=VERTEX_POINT('',#5337);
#1979=VERTEX_POINT('',#5339);
#1980=VERTEX_POINT('',#5341);
#1981=VERTEX_POINT('',#5406);
#1982=VERTEX_POINT('',#5408);
#1983=VERTEX_POINT('',#5410);
#1984=VERTEX_POINT('',#5412);
#1985=VERTEX_POINT('',#5477);
#1986=VERTEX_POINT('',#5479);
#1987=VERTEX_POINT('',#5481);
#1988=VERTEX_POINT('',#5483);
#1989=VERTEX_POINT('',#5548);
#1990=VERTEX_POINT('',#5550);
#1991=VERTEX_POINT('',#5552);
#1992=VERTEX_POINT('',#5554);
#1993=VERTEX_POINT('',#5619);
#1994=VERTEX_POINT('',#5621);
#1995=VERTEX_POINT('',#5623);
#1996=VERTEX_POINT('',#5625);
#1997=VERTEX_POINT('',#5690);
#1998=VERTEX_POINT('',#5692);
#1999=VERTEX_POINT('',#5694);
#2000=VERTEX_POINT('',#5696);
#2001=VERTEX_POINT('',#5761);
#2002=VERTEX_POINT('',#5763);
#2003=VERTEX_POINT('',#5765);
#2004=VERTEX_POINT('',#5767);
#2005=VERTEX_POINT('',#5832);
#2006=VERTEX_POINT('',#5834);
#2007=VERTEX_POINT('',#5836);
#2008=VERTEX_POINT('',#5838);
#2009=VERTEX_POINT('',#5903);
#2010=VERTEX_POINT('',#5905);
#2011=VERTEX_POINT('',#5907);
#2012=VERTEX_POINT('',#5909);
#2013=VERTEX_POINT('',#5974);
#2014=VERTEX_POINT('',#5976);
#2015=VERTEX_POINT('',#5978);
#2016=VERTEX_POINT('',#5980);
#2017=VERTEX_POINT('',#6045);
#2018=VERTEX_POINT('',#6047);
#2019=VERTEX_POINT('',#6049);
#2020=VERTEX_POINT('',#6051);
#2021=VERTEX_POINT('',#6118);
#2022=VERTEX_POINT('',#6119);
#2023=VERTEX_POINT('',#6121);
#2024=VERTEX_POINT('',#6123);
#2025=VERTEX_POINT('',#6127);
#2026=VERTEX_POINT('',#6129);
#2027=VERTEX_POINT('',#6130);
#2028=VERTEX_POINT('',#6195);
#2029=VERTEX_POINT('',#6197);
#2030=VERTEX_POINT('',#6199);
#2031=VERTEX_POINT('',#6201);
#2032=VERTEX_POINT('',#6266);
#2033=VERTEX_POINT('',#6268);
#2034=VERTEX_POINT('',#6270);
#2035=VERTEX_POINT('',#6272);
#2036=VERTEX_POINT('',#6337);
#2037=VERTEX_POINT('',#6339);
#2038=VERTEX_POINT('',#6341);
#2039=VERTEX_POINT('',#6343);
#2040=VERTEX_POINT('',#6408);
#2041=VERTEX_POINT('',#6410);
#2042=VERTEX_POINT('',#6412);
#2043=VERTEX_POINT('',#6414);
#2044=VERTEX_POINT('',#6479);
#2045=VERTEX_POINT('',#6481);
#2046=VERTEX_POINT('',#6483);
#2047=VERTEX_POINT('',#6485);
#2048=VERTEX_POINT('',#6550);
#2049=VERTEX_POINT('',#6552);
#2050=VERTEX_POINT('',#6554);
#2051=VERTEX_POINT('',#6556);
#2052=VERTEX_POINT('',#6621);
#2053=VERTEX_POINT('',#6623);
#2054=VERTEX_POINT('',#6625);
#2055=VERTEX_POINT('',#6627);
#2056=VERTEX_POINT('',#6692);
#2057=VERTEX_POINT('',#6694);
#2058=VERTEX_POINT('',#6696);
#2059=VERTEX_POINT('',#6698);
#2060=VERTEX_POINT('',#6763);
#2061=VERTEX_POINT('',#6765);
#2062=VERTEX_POINT('',#6767);
#2063=VERTEX_POINT('',#6769);
#2064=VERTEX_POINT('',#6834);
#2065=VERTEX_POINT('',#6836);
#2066=VERTEX_POINT('',#6838);
#2067=VERTEX_POINT('',#6840);
#2068=VERTEX_POINT('',#6905);
#2069=VERTEX_POINT('',#6907);
#2070=VERTEX_POINT('',#6909);
#2071=VERTEX_POINT('',#6911);
#2072=VERTEX_POINT('',#6976);
#2073=VERTEX_POINT('',#6978);
#2074=VERTEX_POINT('',#6980);
#2075=VERTEX_POINT('',#6982);
#2076=VERTEX_POINT('',#7047);
#2077=VERTEX_POINT('',#7049);
#2078=VERTEX_POINT('',#7051);
#2079=VERTEX_POINT('',#7053);
#2080=VERTEX_POINT('',#7118);
#2081=VERTEX_POINT('',#7120);
#2082=VERTEX_POINT('',#7122);
#2083=VERTEX_POINT('',#7124);
#2084=VERTEX_POINT('',#7189);
#2085=VERTEX_POINT('',#7191);
#2086=VERTEX_POINT('',#7193);
#2087=VERTEX_POINT('',#7195);
#2088=VERTEX_POINT('',#7260);
#2089=VERTEX_POINT('',#7262);
#2090=VERTEX_POINT('',#7264);
#2091=VERTEX_POINT('',#7266);
#2092=VERTEX_POINT('',#7331);
#2093=VERTEX_POINT('',#7333);
#2094=VERTEX_POINT('',#7335);
#2095=VERTEX_POINT('',#7337);
#2096=VERTEX_POINT('',#7402);
#2097=VERTEX_POINT('',#7404);
#2098=VERTEX_POINT('',#7406);
#2099=VERTEX_POINT('',#7408);
#2100=VERTEX_POINT('',#7473);
#2101=VERTEX_POINT('',#7475);
#2102=VERTEX_POINT('',#7477);
#2103=VERTEX_POINT('',#7479);
#2104=VERTEX_POINT('',#7544);
#2105=VERTEX_POINT('',#7546);
#2106=VERTEX_POINT('',#7548);
#2107=VERTEX_POINT('',#7550);
#2108=VERTEX_POINT('',#7615);
#2109=VERTEX_POINT('',#7617);
#2110=VERTEX_POINT('',#7619);
#2111=VERTEX_POINT('',#7621);
#2112=VERTEX_POINT('',#7686);
#2113=VERTEX_POINT('',#7688);
#2114=VERTEX_POINT('',#7690);
#2115=VERTEX_POINT('',#7692);
#2116=VERTEX_POINT('',#7757);
#2117=VERTEX_POINT('',#7759);
#2118=VERTEX_POINT('',#7761);
#2119=VERTEX_POINT('',#7763);
#2120=VERTEX_POINT('',#7828);
#2121=VERTEX_POINT('',#7830);
#2122=VERTEX_POINT('',#7832);
#2123=VERTEX_POINT('',#7834);
#2124=VERTEX_POINT('',#7899);
#2125=VERTEX_POINT('',#7901);
#2126=VERTEX_POINT('',#7961);
#2127=VERTEX_POINT('',#8021);
#2128=VERTEX_POINT('',#8025);
#2129=VERTEX_POINT('',#8027);
#2130=VERTEX_POINT('',#8268);
#2131=VERTEX_POINT('',#8328);
#2132=VERTEX_POINT('',#8332);
#2133=VERTEX_POINT('',#8334);
#2134=VERTEX_POINT('',#8811);
#2135=VERTEX_POINT('',#8871);
#2136=VERTEX_POINT('',#8875);
#2137=VERTEX_POINT('',#8877);
#2138=VERTEX_POINT('',#9593);
#2139=VERTEX_POINT('',#9595);
#2140=VERTEX_POINT('',#9600);
#2141=VERTEX_POINT('',#9604);
#2142=VERTEX_POINT('',#9608);
#2143=VERTEX_POINT('',#9612);
#2144=VERTEX_POINT('',#9616);
#2145=LINE('',#4249,#2309);
#2146=LINE('',#4254,#2310);
#2147=LINE('',#4263,#2311);
#2148=LINE('',#4268,#2312);
#2149=LINE('',#4275,#2313);
#2150=LINE('',#4279,#2314);
#2151=LINE('',#4281,#2315);
#2152=LINE('',#4286,#2316);
#2153=LINE('',#4290,#2317);
#2154=LINE('',#4295,#2318);
#2155=LINE('',#4299,#2319);
#2156=LINE('',#4304,#2320);
#2157=LINE('',#4308,#2321);
#2158=LINE('',#4313,#2322);
#2159=LINE('',#4317,#2323);
#2160=LINE('',#4322,#2324);
#2161=LINE('',#4329,#2325);
#2162=LINE('',#4333,#2326);
#2163=LINE('',#4335,#2327);
#2164=LINE('',#4340,#2328);
#2165=LINE('',#4344,#2329);
#2166=LINE('',#4349,#2330);
#2167=LINE('',#4353,#2331);
#2168=LINE('',#4358,#2332);
#2169=LINE('',#4362,#2333);
#2170=LINE('',#4367,#2334);
#2171=LINE('',#4371,#2335);
#2172=LINE('',#4376,#2336);
#2173=LINE('',#4383,#2337);
#2174=LINE('',#4387,#2338);
#2175=LINE('',#4389,#2339);
#2176=LINE('',#4394,#2340);
#2177=LINE('',#4401,#2341);
#2178=LINE('',#4405,#2342);
#2179=LINE('',#4410,#2343);
#2180=LINE('',#4414,#2344);
#2181=LINE('',#4419,#2345);
#2182=LINE('',#4423,#2346);
#2183=LINE('',#4428,#2347);
#2184=LINE('',#4432,#2348);
#2185=LINE('',#4437,#2349);
#2186=LINE('',#4441,#2350);
#2187=LINE('',#4443,#2351);
#2188=LINE('',#4448,#2352);
#2189=LINE('',#4452,#2353);
#2190=LINE('',#4457,#2354);
#2191=LINE('',#4464,#2355);
#2192=LINE('',#4468,#2356);
#2193=LINE('',#4473,#2357);
#2194=LINE('',#4477,#2358);
#2195=LINE('',#4479,#2359);
#2196=LINE('',#4488,#2360);
#2197=LINE('',#6120,#2361);
#2198=LINE('',#6124,#2362);
#2199=LINE('',#7962,#2363);
#2200=LINE('',#8022,#2364);
#2201=LINE('',#8024,#2365);
#2202=LINE('',#8028,#2366);
#2203=LINE('',#8059,#2367);
#2204=LINE('',#8086,#2368);
#2205=LINE('',#8088,#2369);
#2206=LINE('',#8089,#2370);
#2207=LINE('',#8118,#2371);
#2208=LINE('',#8145,#2372);
#2209=LINE('',#8147,#2373);
#2210=LINE('',#8148,#2374);
#2211=LINE('',#8177,#2375);
#2212=LINE('',#8204,#2376);
#2213=LINE('',#8206,#2377);
#2214=LINE('',#8207,#2378);
#2215=LINE('',#8269,#2379);
#2216=LINE('',#8329,#2380);
#2217=LINE('',#8331,#2381);
#2218=LINE('',#8335,#2382);
#2219=LINE('',#8366,#2383);
#2220=LINE('',#8393,#2384);
#2221=LINE('',#8395,#2385);
#2222=LINE('',#8396,#2386);
#2223=LINE('',#8425,#2387);
#2224=LINE('',#8452,#2388);
#2225=LINE('',#8454,#2389);
#2226=LINE('',#8455,#2390);
#2227=LINE('',#8484,#2391);
#2228=LINE('',#8511,#2392);
#2229=LINE('',#8513,#2393);
#2230=LINE('',#8514,#2394);
#2231=LINE('',#8543,#2395);
#2232=LINE('',#8570,#2396);
#2233=LINE('',#8572,#2397);
#2234=LINE('',#8573,#2398);
#2235=LINE('',#8602,#2399);
#2236=LINE('',#8629,#2400);
#2237=LINE('',#8631,#2401);
#2238=LINE('',#8632,#2402);
#2239=LINE('',#8661,#2403);
#2240=LINE('',#8688,#2404);
#2241=LINE('',#8690,#2405);
#2242=LINE('',#8691,#2406);
#2243=LINE('',#8720,#2407);
#2244=LINE('',#8747,#2408);
#2245=LINE('',#8749,#2409);
#2246=LINE('',#8750,#2410);
#2247=LINE('',#8812,#2411);
#2248=LINE('',#8872,#2412);
#2249=LINE('',#8874,#2413);
#2250=LINE('',#8878,#2414);
#2251=LINE('',#8909,#2415);
#2252=LINE('',#8936,#2416);
#2253=LINE('',#8938,#2417);
#2254=LINE('',#8939,#2418);
#2255=LINE('',#8968,#2419);
#2256=LINE('',#8995,#2420);
#2257=LINE('',#8997,#2421);
#2258=LINE('',#8998,#2422);
#2259=LINE('',#9027,#2423);
#2260=LINE('',#9054,#2424);
#2261=LINE('',#9056,#2425);
#2262=LINE('',#9057,#2426);
#2263=LINE('',#9086,#2427);
#2264=LINE('',#9113,#2428);
#2265=LINE('',#9115,#2429);
#2266=LINE('',#9116,#2430);
#2267=LINE('',#9145,#2431);
#2268=LINE('',#9172,#2432);
#2269=LINE('',#9174,#2433);
#2270=LINE('',#9175,#2434);
#2271=LINE('',#9204,#2435);
#2272=LINE('',#9231,#2436);
#2273=LINE('',#9233,#2437);
#2274=LINE('',#9234,#2438);
#2275=LINE('',#9263,#2439);
#2276=LINE('',#9290,#2440);
#2277=LINE('',#9292,#2441);
#2278=LINE('',#9293,#2442);
#2279=LINE('',#9322,#2443);
#2280=LINE('',#9349,#2444);
#2281=LINE('',#9351,#2445);
#2282=LINE('',#9352,#2446);
#2283=LINE('',#9381,#2447);
#2284=LINE('',#9408,#2448);
#2285=LINE('',#9410,#2449);
#2286=LINE('',#9411,#2450);
#2287=LINE('',#9440,#2451);
#2288=LINE('',#9467,#2452);
#2289=LINE('',#9469,#2453);
#2290=LINE('',#9470,#2454);
#2291=LINE('',#9499,#2455);
#2292=LINE('',#9526,#2456);
#2293=LINE('',#9528,#2457);
#2294=LINE('',#9529,#2458);
#2295=LINE('',#9558,#2459);
#2296=LINE('',#9585,#2460);
#2297=LINE('',#9587,#2461);
#2298=LINE('',#9588,#2462);
#2299=LINE('',#9592,#2463);
#2300=LINE('',#9594,#2464);
#2301=LINE('',#9596,#2465);
#2302=LINE('',#9597,#2466);
#2303=LINE('',#9601,#2467);
#2304=LINE('',#9605,#2468);
#2305=LINE('',#9609,#2469);
#2306=LINE('',#9614,#2470);
#2307=LINE('',#9615,#2471);
#2308=LINE('',#9617,#2472);
#2309=VECTOR('',#3429,1.);
#2310=VECTOR('',#3432,1.);
#2311=VECTOR('',#3443,1.);
#2312=VECTOR('',#3446,1.);
#2313=VECTOR('',#3453,1.);
#2314=VECTOR('',#3456,1.);
#2315=VECTOR('',#3459,1.);
#2316=VECTOR('',#3462,1.);
#2317=VECTOR('',#3467,1.);
#2318=VECTOR('',#3470,1.);
#2319=VECTOR('',#3475,1.);
#2320=VECTOR('',#3478,1.);
#2321=VECTOR('',#3483,1.);
#2322=VECTOR('',#3486,1.);
#2323=VECTOR('',#3491,1.);
#2324=VECTOR('',#3494,1.);
#2325=VECTOR('',#3501,1.);
#2326=VECTOR('',#3504,1.);
#2327=VECTOR('',#3507,1.);
#2328=VECTOR('',#3510,1.);
#2329=VECTOR('',#3515,1.);
#2330=VECTOR('',#3518,1.);
#2331=VECTOR('',#3523,1.);
#2332=VECTOR('',#3526,1.);
#2333=VECTOR('',#3531,1.);
#2334=VECTOR('',#3534,1.);
#2335=VECTOR('',#3539,1.);
#2336=VECTOR('',#3542,1.);
#2337=VECTOR('',#3549,1.);
#2338=VECTOR('',#3552,1.);
#2339=VECTOR('',#3555,1.);
#2340=VECTOR('',#3558,1.);
#2341=VECTOR('',#3565,1.);
#2342=VECTOR('',#3568,1.);
#2343=VECTOR('',#3573,1.);
#2344=VECTOR('',#3576,1.);
#2345=VECTOR('',#3581,1.);
#2346=VECTOR('',#3584,1.);
#2347=VECTOR('',#3589,1.);
#2348=VECTOR('',#3592,1.);
#2349=VECTOR('',#3597,1.);
#2350=VECTOR('',#3600,1.);
#2351=VECTOR('',#3603,1.);
#2352=VECTOR('',#3606,1.);
#2353=VECTOR('',#3611,1.);
#2354=VECTOR('',#3614,1.);
#2355=VECTOR('',#3621,1.);
#2356=VECTOR('',#3624,1.);
#2357=VECTOR('',#3629,1.);
#2358=VECTOR('',#3632,1.);
#2359=VECTOR('',#3635,1.);
#2360=VECTOR('',#3642,1.);
#2361=VECTOR('',#3779,1.);
#2362=VECTOR('',#3782,1.);
#2363=VECTOR('',#3937,1.);
#2364=VECTOR('',#3938,1.);
#2365=VECTOR('',#3941,1.);
#2366=VECTOR('',#3944,1.);
#2367=VECTOR('',#3953,1.);
#2368=VECTOR('',#3954,1.);
#2369=VECTOR('',#3957,1.);
#2370=VECTOR('',#3958,1.);
#2371=VECTOR('',#3963,1.);
#2372=VECTOR('',#3964,1.);
#2373=VECTOR('',#3967,1.);
#2374=VECTOR('',#3968,1.);
#2375=VECTOR('',#3973,1.);
#2376=VECTOR('',#3974,1.);
#2377=VECTOR('',#3977,1.);
#2378=VECTOR('',#3978,1.);
#2379=VECTOR('',#3983,1.);
#2380=VECTOR('',#3984,1.);
#2381=VECTOR('',#3987,1.);
#2382=VECTOR('',#3990,1.);
#2383=VECTOR('',#3999,1.);
#2384=VECTOR('',#4000,1.);
#2385=VECTOR('',#4003,1.);
#2386=VECTOR('',#4004,1.);
#2387=VECTOR('',#4009,1.);
#2388=VECTOR('',#4010,1.);
#2389=VECTOR('',#4013,1.);
#2390=VECTOR('',#4014,1.);
#2391=VECTOR('',#4019,1.);
#2392=VECTOR('',#4020,1.);
#2393=VECTOR('',#4023,1.);
#2394=VECTOR('',#4024,1.);
#2395=VECTOR('',#4029,1.);
#2396=VECTOR('',#4030,1.);
#2397=VECTOR('',#4033,1.);
#2398=VECTOR('',#4034,1.);
#2399=VECTOR('',#4039,1.);
#2400=VECTOR('',#4040,1.);
#2401=VECTOR('',#4043,1.);
#2402=VECTOR('',#4044,1.);
#2403=VECTOR('',#4049,1.);
#2404=VECTOR('',#4050,1.);
#2405=VECTOR('',#4053,1.);
#2406=VECTOR('',#4054,1.);
#2407=VECTOR('',#4059,1.);
#2408=VECTOR('',#4060,1.);
#2409=VECTOR('',#4063,1.);
#2410=VECTOR('',#4064,1.);
#2411=VECTOR('',#4069,1.);
#2412=VECTOR('',#4070,1.);
#2413=VECTOR('',#4073,1.);
#2414=VECTOR('',#4076,1.);
#2415=VECTOR('',#4085,1.);
#2416=VECTOR('',#4086,1.);
#2417=VECTOR('',#4089,1.);
#2418=VECTOR('',#4090,1.);
#2419=VECTOR('',#4095,1.);
#2420=VECTOR('',#4096,1.);
#2421=VECTOR('',#4099,1.);
#2422=VECTOR('',#4100,1.);
#2423=VECTOR('',#4105,1.);
#2424=VECTOR('',#4106,1.);
#2425=VECTOR('',#4109,1.);
#2426=VECTOR('',#4110,1.);
#2427=VECTOR('',#4115,1.);
#2428=VECTOR('',#4116,1.);
#2429=VECTOR('',#4119,1.);
#2430=VECTOR('',#4120,1.);
#2431=VECTOR('',#4125,1.);
#2432=VECTOR('',#4126,1.);
#2433=VECTOR('',#4129,1.);
#2434=VECTOR('',#4130,1.);
#2435=VECTOR('',#4135,1.);
#2436=VECTOR('',#4136,1.);
#2437=VECTOR('',#4139,1.);
#2438=VECTOR('',#4140,1.);
#2439=VECTOR('',#4145,1.);
#2440=VECTOR('',#4146,1.);
#2441=VECTOR('',#4149,1.);
#2442=VECTOR('',#4150,1.);
#2443=VECTOR('',#4155,1.);
#2444=VECTOR('',#4156,1.);
#2445=VECTOR('',#4159,1.);
#2446=VECTOR('',#4160,1.);
#2447=VECTOR('',#4165,1.);
#2448=VECTOR('',#4166,1.);
#2449=VECTOR('',#4169,1.);
#2450=VECTOR('',#4170,1.);
#2451=VECTOR('',#4175,1.);
#2452=VECTOR('',#4176,1.);
#2453=VECTOR('',#4179,1.);
#2454=VECTOR('',#4180,1.);
#2455=VECTOR('',#4185,1.);
#2456=VECTOR('',#4186,1.);
#2457=VECTOR('',#4189,1.);
#2458=VECTOR('',#4190,1.);
#2459=VECTOR('',#4195,1.);
#2460=VECTOR('',#4196,1.);
#2461=VECTOR('',#4199,1.);
#2462=VECTOR('',#4200,1.);
#2463=VECTOR('',#4207,1.);
#2464=VECTOR('',#4208,1.);
#2465=VECTOR('',#4209,1.);
#2466=VECTOR('',#4210,1.);
#2467=VECTOR('',#4215,1.);
#2468=VECTOR('',#4220,1.);
#2469=VECTOR('',#4225,1.);
#2470=VECTOR('',#4232,1.);
#2471=VECTOR('',#4233,1.);
#2472=VECTOR('',#4234,1.);
#2473=EDGE_LOOP('',(#385,#386,#387,#388));
#2474=EDGE_LOOP('',(#389));
#2475=EDGE_LOOP('',(#390));
#2476=EDGE_LOOP('',(#391,#392,#393,#394));
#2477=EDGE_LOOP('',(#395,#396,#397,#398));
#2478=EDGE_LOOP('',(#399,#400,#401,#402));
#2479=EDGE_LOOP('',(#403,#404,#405,#406));
#2480=EDGE_LOOP('',(#407,#408,#409,#410));
#2481=EDGE_LOOP('',(#411,#412,#413,#414));
#2482=EDGE_LOOP('',(#415,#416,#417,#418));
#2483=EDGE_LOOP('',(#419,#420,#421,#422));
#2484=EDGE_LOOP('',(#423,#424,#425,#426));
#2485=EDGE_LOOP('',(#427,#428,#429,#430));
#2486=EDGE_LOOP('',(#431,#432,#433,#434));
#2487=EDGE_LOOP('',(#435,#436,#437,#438));
#2488=EDGE_LOOP('',(#439,#440,#441,#442));
#2489=EDGE_LOOP('',(#443,#444,#445,#446));
#2490=EDGE_LOOP('',(#447,#448,#449,#450));
#2491=EDGE_LOOP('',(#451,#452,#453,#454));
#2492=EDGE_LOOP('',(#455,#456,#457,#458));
#2493=EDGE_LOOP('',(#459,#460,#461,#462));
#2494=EDGE_LOOP('',(#463,#464,#465,#466));
#2495=EDGE_LOOP('',(#467,#468,#469,#470));
#2496=EDGE_LOOP('',(#471,#472,#473,#474));
#2497=EDGE_LOOP('',(#475,#476,#477,#478));
#2498=EDGE_LOOP('',(#479,#480,#481,#482));
#2499=EDGE_LOOP('',(#483,#484,#485,#486));
#2500=EDGE_LOOP('',(#487,#488,#489,#490,#491,#492,#493,#494,#495,#496,#497,
#498,#499,#500,#501,#502,#503,#504,#505,#506,#507,#508,#509,#510,#511,#512,
#513,#514,#515,#516,#517,#518,#519,#520,#521,#522,#523,#524,#525,#526,#527,
#528,#529,#530,#531,#532,#533,#534,#535,#536,#537,#538,#539,#540,#541,#542,
#543,#544,#545,#546,#547,#548,#549,#550,#551,#552,#553,#554,#555,#556,#557,
#558,#559,#560,#561,#562,#563,#564,#565,#566,#567,#568,#569,#570,#571,#572,
#573,#574,#575,#576,#577,#578,#579,#580,#581,#582,#583,#584,#585,#586,#587,
#588,#589,#590,#591,#592,#593,#594,#595,#596,#597,#598,#599,#600,#601,#602,
#603,#604,#605,#606,#607,#608,#609,#610,#611,#612,#613,#614,#615,#616,#617,
#618,#619,#620,#621,#622,#623,#624,#625,#626));
#2501=EDGE_LOOP('',(#627,#628,#629,#630));
#2502=EDGE_LOOP('',(#631));
#2503=EDGE_LOOP('',(#632,#633,#634,#635,#636,#637,#638,#639,#640,#641,#642,
#643,#644,#645,#646,#647,#648,#649,#650,#651,#652,#653,#654,#655,#656,#657,
#658,#659,#660,#661,#662,#663,#664,#665,#666,#667,#668,#669,#670,#671,#672,
#673,#674,#675,#676,#677,#678,#679,#680,#681,#682,#683,#684,#685,#686,#687,
#688,#689,#690,#691,#692,#693,#694,#695,#696,#697,#698,#699,#700,#701,#702,
#703,#704,#705,#706,#707,#708,#709,#710,#711,#712,#713,#714,#715,#716,#717,
#718,#719,#720,#721,#722,#723,#724,#725,#726,#727,#728,#729,#730,#731,#732,
#733,#734,#735,#736,#737,#738,#739,#740,#741,#742,#743,#744,#745,#746,#747,
#748,#749,#750,#751,#752,#753,#754,#755,#756,#757,#758,#759,#760,#761,#762,
#763,#764,#765,#766,#767,#768,#769,#770,#771,#772,#773,#774,#775,#776,#777,
#778,#779,#780,#781));
#2504=EDGE_LOOP('',(#782,#783,#784,#785));
#2505=EDGE_LOOP('',(#786,#787,#788,#789));
#2506=EDGE_LOOP('',(#790,#791,#792,#793));
#2507=EDGE_LOOP('',(#794,#795,#796,#797));
#2508=EDGE_LOOP('',(#798,#799,#800,#801));
#2509=EDGE_LOOP('',(#802,#803,#804,#805));
#2510=EDGE_LOOP('',(#806,#807,#808,#809));
#2511=EDGE_LOOP('',(#810,#811,#812,#813));
#2512=EDGE_LOOP('',(#814,#815,#816,#817));
#2513=EDGE_LOOP('',(#818,#819,#820,#821));
#2514=EDGE_LOOP('',(#822,#823,#824,#825));
#2515=EDGE_LOOP('',(#826,#827,#828,#829));
#2516=EDGE_LOOP('',(#830,#831,#832,#833));
#2517=EDGE_LOOP('',(#834,#835,#836,#837));
#2518=EDGE_LOOP('',(#838,#839,#840,#841));
#2519=EDGE_LOOP('',(#842,#843,#844,#845));
#2520=EDGE_LOOP('',(#846,#847,#848,#849));
#2521=EDGE_LOOP('',(#850,#851,#852,#853));
#2522=EDGE_LOOP('',(#854,#855,#856,#857));
#2523=EDGE_LOOP('',(#858,#859,#860,#861));
#2524=EDGE_LOOP('',(#862,#863,#864,#865,#866));
#2525=EDGE_LOOP('',(#867,#868,#869,#870));
#2526=EDGE_LOOP('',(#871,#872,#873,#874));
#2527=EDGE_LOOP('',(#875,#876,#877,#878));
#2528=EDGE_LOOP('',(#879,#880,#881,#882));
#2529=EDGE_LOOP('',(#883,#884,#885,#886));
#2530=EDGE_LOOP('',(#887,#888,#889,#890));
#2531=EDGE_LOOP('',(#891,#892,#893,#894));
#2532=EDGE_LOOP('',(#895,#896,#897,#898));
#2533=EDGE_LOOP('',(#899,#900,#901,#902));
#2534=EDGE_LOOP('',(#903,#904,#905,#906));
#2535=EDGE_LOOP('',(#907,#908,#909,#910));
#2536=EDGE_LOOP('',(#911,#912,#913,#914));
#2537=EDGE_LOOP('',(#915,#916,#917,#918));
#2538=EDGE_LOOP('',(#919,#920,#921,#922));
#2539=EDGE_LOOP('',(#923,#924,#925,#926));
#2540=EDGE_LOOP('',(#927,#928,#929,#930));
#2541=EDGE_LOOP('',(#931,#932,#933,#934));
#2542=EDGE_LOOP('',(#935,#936,#937,#938));
#2543=EDGE_LOOP('',(#939,#940,#941,#942));
#2544=EDGE_LOOP('',(#943,#944,#945,#946));
#2545=EDGE_LOOP('',(#947,#948,#949,#950));
#2546=EDGE_LOOP('',(#951,#952,#953,#954));
#2547=EDGE_LOOP('',(#955,#956,#957,#958));
#2548=EDGE_LOOP('',(#959,#960,#961,#962));
#2549=EDGE_LOOP('',(#963,#964,#965,#966));
#2550=EDGE_LOOP('',(#967,#968,#969,#970));
#2551=EDGE_LOOP('',(#971,#972,#973,#974));
#2552=EDGE_LOOP('',(#975,#976,#977,#978));
#2553=EDGE_LOOP('',(#979,#980,#981,#982));
#2554=EDGE_LOOP('',(#983,#984,#985,#986));
#2555=EDGE_LOOP('',(#987,#988,#989,#990));
#2556=EDGE_LOOP('',(#991,#992,#993,#994));
#2557=EDGE_LOOP('',(#995,#996,#997,#998));
#2558=EDGE_LOOP('',(#999,#1000,#1001,#1002));
#2559=EDGE_LOOP('',(#1003,#1004,#1005,#1006));
#2560=EDGE_LOOP('',(#1007,#1008,#1009,#1010));
#2561=EDGE_LOOP('',(#1011,#1012,#1013,#1014));
#2562=EDGE_LOOP('',(#1015,#1016,#1017,#1018));
#2563=EDGE_LOOP('',(#1019,#1020,#1021,#1022));
#2564=EDGE_LOOP('',(#1023,#1024,#1025,#1026));
#2565=EDGE_LOOP('',(#1027,#1028,#1029,#1030,#1031));
#2566=EDGE_LOOP('',(#1032,#1033,#1034,#1035));
#2567=EDGE_LOOP('',(#1036,#1037,#1038,#1039));
#2568=EDGE_LOOP('',(#1040,#1041,#1042,#1043));
#2569=EDGE_LOOP('',(#1044,#1045,#1046,#1047));
#2570=EDGE_LOOP('',(#1048,#1049,#1050,#1051));
#2571=EDGE_LOOP('',(#1052,#1053,#1054,#1055));
#2572=EDGE_LOOP('',(#1056,#1057,#1058,#1059));
#2573=EDGE_LOOP('',(#1060,#1061,#1062,#1063));
#2574=EDGE_LOOP('',(#1064,#1065,#1066,#1067));
#2575=EDGE_LOOP('',(#1068,#1069,#1070,#1071));
#2576=EDGE_LOOP('',(#1072,#1073,#1074,#1075));
#2577=EDGE_LOOP('',(#1076,#1077,#1078,#1079));
#2578=EDGE_LOOP('',(#1080,#1081,#1082,#1083));
#2579=EDGE_LOOP('',(#1084,#1085,#1086,#1087));
#2580=EDGE_LOOP('',(#1088,#1089,#1090,#1091));
#2581=EDGE_LOOP('',(#1092,#1093,#1094,#1095));
#2582=EDGE_LOOP('',(#1096,#1097,#1098,#1099));
#2583=EDGE_LOOP('',(#1100,#1101,#1102,#1103));
#2584=EDGE_LOOP('',(#1104,#1105,#1106,#1107));
#2585=EDGE_LOOP('',(#1108,#1109,#1110,#1111));
#2586=EDGE_LOOP('',(#1112,#1113,#1114,#1115));
#2587=EDGE_LOOP('',(#1116,#1117,#1118,#1119));
#2588=EDGE_LOOP('',(#1120,#1121,#1122,#1123));
#2589=EDGE_LOOP('',(#1124,#1125,#1126,#1127));
#2590=EDGE_LOOP('',(#1128,#1129,#1130,#1131));
#2591=EDGE_LOOP('',(#1132,#1133,#1134,#1135));
#2592=EDGE_LOOP('',(#1136,#1137,#1138,#1139));
#2593=EDGE_LOOP('',(#1140,#1141,#1142,#1143));
#2594=EDGE_LOOP('',(#1144,#1145,#1146,#1147));
#2595=EDGE_LOOP('',(#1148,#1149,#1150,#1151));
#2596=EDGE_LOOP('',(#1152,#1153,#1154,#1155));
#2597=EDGE_LOOP('',(#1156,#1157,#1158,#1159));
#2598=EDGE_LOOP('',(#1160,#1161,#1162,#1163));
#2599=EDGE_LOOP('',(#1164,#1165,#1166,#1167));
#2600=EDGE_LOOP('',(#1168,#1169,#1170,#1171));
#2601=EDGE_LOOP('',(#1172,#1173,#1174,#1175));
#2602=EDGE_LOOP('',(#1176,#1177,#1178,#1179));
#2603=EDGE_LOOP('',(#1180,#1181,#1182,#1183));
#2604=EDGE_LOOP('',(#1184,#1185,#1186,#1187));
#2605=EDGE_LOOP('',(#1188,#1189,#1190,#1191));
#2606=EDGE_LOOP('',(#1192,#1193,#1194,#1195));
#2607=EDGE_LOOP('',(#1196,#1197,#1198,#1199));
#2608=EDGE_LOOP('',(#1200,#1201,#1202,#1203));
#2609=EDGE_LOOP('',(#1204,#1205,#1206,#1207));
#2610=EDGE_LOOP('',(#1208,#1209,#1210,#1211));
#2611=EDGE_LOOP('',(#1212,#1213,#1214,#1215));
#2612=EDGE_LOOP('',(#1216,#1217,#1218,#1219));
#2613=EDGE_LOOP('',(#1220,#1221,#1222,#1223));
#2614=EDGE_LOOP('',(#1224,#1225,#1226,#1227));
#2615=EDGE_LOOP('',(#1228,#1229,#1230,#1231));
#2616=EDGE_LOOP('',(#1232,#1233,#1234,#1235));
#2617=EDGE_LOOP('',(#1236,#1237,#1238,#1239));
#2618=EDGE_LOOP('',(#1240,#1241,#1242,#1243));
#2619=EDGE_LOOP('',(#1244,#1245,#1246,#1247));
#2620=EDGE_LOOP('',(#1248,#1249,#1250,#1251));
#2621=EDGE_LOOP('',(#1252,#1253,#1254,#1255));
#2622=EDGE_LOOP('',(#1256,#1257,#1258,#1259));
#2623=EDGE_LOOP('',(#1260,#1261,#1262,#1263));
#2624=EDGE_LOOP('',(#1264,#1265,#1266,#1267));
#2625=EDGE_LOOP('',(#1268,#1269,#1270,#1271));
#2626=EDGE_LOOP('',(#1272,#1273,#1274,#1275));
#2627=EDGE_LOOP('',(#1276,#1277,#1278,#1279));
#2628=EDGE_LOOP('',(#1280,#1281,#1282,#1283));
#2629=EDGE_LOOP('',(#1284,#1285,#1286,#1287,#1288,#1289));
#2630=EDGE_LOOP('',(#1290,#1291,#1292,#1293));
#2631=EDGE_LOOP('',(#1294,#1295,#1296,#1297));
#2632=EDGE_LOOP('',(#1298,#1299,#1300,#1301));
#2633=EDGE_LOOP('',(#1302));
#2634=EDGE_LOOP('',(#1303));
#2635=EDGE_LOOP('',(#1304,#1305,#1306,#1307,#1308,#1309));
#2636=EDGE_LOOP('',(#1310,#1311,#1312,#1313,#1314,#1315,#1316,#1317,#1318,
#1319,#1320,#1321,#1322,#1323,#1324,#1325,#1326,#1327,#1328,#1329));
#2637=EDGE_LOOP('',(#1330,#1331,#1332,#1333,#1334,#1335));
#2638=EDGE_LOOP('',(#1336));
#2639=EDGE_LOOP('',(#1337));
#2640=EDGE_LOOP('',(#1338,#1339,#1340,#1341));
#2641=EDGE_LOOP('',(#1342));
#2642=EDGE_LOOP('',(#1343,#1344));
#2643=FACE_BOUND('',#2473,.T.);
#2644=FACE_BOUND('',#2474,.T.);
#2645=FACE_BOUND('',#2475,.T.);
#2646=FACE_BOUND('',#2476,.T.);
#2647=FACE_BOUND('',#2477,.T.);
#2648=FACE_BOUND('',#2478,.T.);
#2649=FACE_BOUND('',#2479,.T.);
#2650=FACE_BOUND('',#2480,.T.);
#2651=FACE_BOUND('',#2481,.T.);
#2652=FACE_BOUND('',#2482,.T.);
#2653=FACE_BOUND('',#2483,.T.);
#2654=FACE_BOUND('',#2484,.T.);
#2655=FACE_BOUND('',#2485,.T.);
#2656=FACE_BOUND('',#2486,.T.);
#2657=FACE_BOUND('',#2487,.T.);
#2658=FACE_BOUND('',#2488,.T.);
#2659=FACE_BOUND('',#2489,.T.);
#2660=FACE_BOUND('',#2490,.T.);
#2661=FACE_BOUND('',#2491,.T.);
#2662=FACE_BOUND('',#2492,.T.);
#2663=FACE_BOUND('',#2493,.T.);
#2664=FACE_BOUND('',#2494,.T.);
#2665=FACE_BOUND('',#2495,.T.);
#2666=FACE_BOUND('',#2496,.T.);
#2667=FACE_BOUND('',#2497,.T.);
#2668=FACE_BOUND('',#2498,.T.);
#2669=FACE_BOUND('',#2499,.T.);
#2670=FACE_BOUND('',#2500,.T.);
#2671=FACE_BOUND('',#2501,.T.);
#2672=FACE_BOUND('',#2502,.T.);
#2673=FACE_BOUND('',#2503,.T.);
#2674=FACE_BOUND('',#2504,.T.);
#2675=FACE_BOUND('',#2505,.T.);
#2676=FACE_BOUND('',#2506,.T.);
#2677=FACE_BOUND('',#2507,.T.);
#2678=FACE_BOUND('',#2508,.T.);
#2679=FACE_BOUND('',#2509,.T.);
#2680=FACE_BOUND('',#2510,.T.);
#2681=FACE_BOUND('',#2511,.T.);
#2682=FACE_BOUND('',#2512,.T.);
#2683=FACE_BOUND('',#2513,.T.);
#2684=FACE_BOUND('',#2514,.T.);
#2685=FACE_BOUND('',#2515,.T.);
#2686=FACE_BOUND('',#2516,.T.);
#2687=FACE_BOUND('',#2517,.T.);
#2688=FACE_BOUND('',#2518,.T.);
#2689=FACE_BOUND('',#2519,.T.);
#2690=FACE_BOUND('',#2520,.T.);
#2691=FACE_BOUND('',#2521,.T.);
#2692=FACE_BOUND('',#2522,.T.);
#2693=FACE_BOUND('',#2523,.T.);
#2694=FACE_BOUND('',#2524,.T.);
#2695=FACE_BOUND('',#2525,.T.);
#2696=FACE_BOUND('',#2526,.T.);
#2697=FACE_BOUND('',#2527,.T.);
#2698=FACE_BOUND('',#2528,.T.);
#2699=FACE_BOUND('',#2529,.T.);
#2700=FACE_BOUND('',#2530,.T.);
#2701=FACE_BOUND('',#2531,.T.);
#2702=FACE_BOUND('',#2532,.T.);
#2703=FACE_BOUND('',#2533,.T.);
#2704=FACE_BOUND('',#2534,.T.);
#2705=FACE_BOUND('',#2535,.T.);
#2706=FACE_BOUND('',#2536,.T.);
#2707=FACE_BOUND('',#2537,.T.);
#2708=FACE_BOUND('',#2538,.T.);
#2709=FACE_BOUND('',#2539,.T.);
#2710=FACE_BOUND('',#2540,.T.);
#2711=FACE_BOUND('',#2541,.T.);
#2712=FACE_BOUND('',#2542,.T.);
#2713=FACE_BOUND('',#2543,.T.);
#2714=FACE_BOUND('',#2544,.T.);
#2715=FACE_BOUND('',#2545,.T.);
#2716=FACE_BOUND('',#2546,.T.);
#2717=FACE_BOUND('',#2547,.T.);
#2718=FACE_BOUND('',#2548,.T.);
#2719=FACE_BOUND('',#2549,.T.);
#2720=FACE_BOUND('',#2550,.T.);
#2721=FACE_BOUND('',#2551,.T.);
#2722=FACE_BOUND('',#2552,.T.);
#2723=FACE_BOUND('',#2553,.T.);
#2724=FACE_BOUND('',#2554,.T.);
#2725=FACE_BOUND('',#2555,.T.);
#2726=FACE_BOUND('',#2556,.T.);
#2727=FACE_BOUND('',#2557,.T.);
#2728=FACE_BOUND('',#2558,.T.);
#2729=FACE_BOUND('',#2559,.T.);
#2730=FACE_BOUND('',#2560,.T.);
#2731=FACE_BOUND('',#2561,.T.);
#2732=FACE_BOUND('',#2562,.T.);
#2733=FACE_BOUND('',#2563,.T.);
#2734=FACE_BOUND('',#2564,.T.);
#2735=FACE_BOUND('',#2565,.T.);
#2736=FACE_BOUND('',#2566,.T.);
#2737=FACE_BOUND('',#2567,.T.);
#2738=FACE_BOUND('',#2568,.T.);
#2739=FACE_BOUND('',#2569,.T.);
#2740=FACE_BOUND('',#2570,.T.);
#2741=FACE_BOUND('',#2571,.T.);
#2742=FACE_BOUND('',#2572,.T.);
#2743=FACE_BOUND('',#2573,.T.);
#2744=FACE_BOUND('',#2574,.T.);
#2745=FACE_BOUND('',#2575,.T.);
#2746=FACE_BOUND('',#2576,.T.);
#2747=FACE_BOUND('',#2577,.T.);
#2748=FACE_BOUND('',#2578,.T.);
#2749=FACE_BOUND('',#2579,.T.);
#2750=FACE_BOUND('',#2580,.T.);
#2751=FACE_BOUND('',#2581,.T.);
#2752=FACE_BOUND('',#2582,.T.);
#2753=FACE_BOUND('',#2583,.T.);
#2754=FACE_BOUND('',#2584,.T.);
#2755=FACE_BOUND('',#2585,.T.);
#2756=FACE_BOUND('',#2586,.T.);
#2757=FACE_BOUND('',#2587,.T.);
#2758=FACE_BOUND('',#2588,.T.);
#2759=FACE_BOUND('',#2589,.T.);
#2760=FACE_BOUND('',#2590,.T.);
#2761=FACE_BOUND('',#2591,.T.);
#2762=FACE_BOUND('',#2592,.T.);
#2763=FACE_BOUND('',#2593,.T.);
#2764=FACE_BOUND('',#2594,.T.);
#2765=FACE_BOUND('',#2595,.T.);
#2766=FACE_BOUND('',#2596,.T.);
#2767=FACE_BOUND('',#2597,.T.);
#2768=FACE_BOUND('',#2598,.T.);
#2769=FACE_BOUND('',#2599,.T.);
#2770=FACE_BOUND('',#2600,.T.);
#2771=FACE_BOUND('',#2601,.T.);
#2772=FACE_BOUND('',#2602,.T.);
#2773=FACE_BOUND('',#2603,.T.);
#2774=FACE_BOUND('',#2604,.T.);
#2775=FACE_BOUND('',#2605,.T.);
#2776=FACE_BOUND('',#2606,.T.);
#2777=FACE_BOUND('',#2607,.T.);
#2778=FACE_BOUND('',#2608,.T.);
#2779=FACE_BOUND('',#2609,.T.);
#2780=FACE_BOUND('',#2610,.T.);
#2781=FACE_BOUND('',#2611,.T.);
#2782=FACE_BOUND('',#2612,.T.);
#2783=FACE_BOUND('',#2613,.T.);
#2784=FACE_BOUND('',#2614,.T.);
#2785=FACE_BOUND('',#2615,.T.);
#2786=FACE_BOUND('',#2616,.T.);
#2787=FACE_BOUND('',#2617,.T.);
#2788=FACE_BOUND('',#2618,.T.);
#2789=FACE_BOUND('',#2619,.T.);
#2790=FACE_BOUND('',#2620,.T.);
#2791=FACE_BOUND('',#2621,.T.);
#2792=FACE_BOUND('',#2622,.T.);
#2793=FACE_BOUND('',#2623,.T.);
#2794=FACE_BOUND('',#2624,.T.);
#2795=FACE_BOUND('',#2625,.T.);
#2796=FACE_BOUND('',#2626,.T.);
#2797=FACE_BOUND('',#2627,.T.);
#2798=FACE_BOUND('',#2628,.T.);
#2799=FACE_BOUND('',#2629,.T.);
#2800=FACE_BOUND('',#2630,.T.);
#2801=FACE_BOUND('',#2631,.T.);
#2802=FACE_BOUND('',#2632,.T.);
#2803=FACE_BOUND('',#2633,.T.);
#2804=FACE_BOUND('',#2634,.T.);
#2805=FACE_BOUND('',#2635,.T.);
#2806=FACE_BOUND('',#2636,.T.);
#2807=FACE_BOUND('',#2637,.T.);
#2808=FACE_BOUND('',#2638,.T.);
#2809=FACE_BOUND('',#2639,.T.);
#2810=FACE_BOUND('',#2640,.T.);
#2811=FACE_BOUND('',#2641,.T.);
#2812=FACE_BOUND('',#2642,.T.);
#2813=CYLINDRICAL_SURFACE('',#3097,0.005);
#2814=CYLINDRICAL_SURFACE('',#3100,0.0023);
#2815=CYLINDRICAL_SURFACE('',#3103,0.02025);
#2816=CYLINDRICAL_SURFACE('',#3106,0.02025);
#2817=CYLINDRICAL_SURFACE('',#3109,0.02025);
#2818=CYLINDRICAL_SURFACE('',#3112,0.02025);
#2819=CYLINDRICAL_SURFACE('',#3115,0.02025);
#2820=CYLINDRICAL_SURFACE('',#3118,0.02025);
#2821=CYLINDRICAL_SURFACE('',#3121,0.02025);
#2822=CYLINDRICAL_SURFACE('',#3124,0.02025);
#2823=CYLINDRICAL_SURFACE('',#3127,0.02025);
#2824=CYLINDRICAL_SURFACE('',#3130,0.02025);
#2825=CYLINDRICAL_SURFACE('',#3133,0.02025);
#2826=CYLINDRICAL_SURFACE('',#3136,0.02025);
#2827=CYLINDRICAL_SURFACE('',#3139,0.02025);
#2828=CYLINDRICAL_SURFACE('',#3142,0.02025);
#2829=CYLINDRICAL_SURFACE('',#3145,0.02025);
#2830=CYLINDRICAL_SURFACE('',#3148,0.02025);
#2831=CYLINDRICAL_SURFACE('',#3151,0.02025);
#2832=CYLINDRICAL_SURFACE('',#3154,0.02025);
#2833=CYLINDRICAL_SURFACE('',#3157,0.02025);
#2834=CYLINDRICAL_SURFACE('',#3160,0.02025);
#2835=CYLINDRICAL_SURFACE('',#3163,0.02025);
#2836=CYLINDRICAL_SURFACE('',#3166,0.02025);
#2837=CYLINDRICAL_SURFACE('',#3169,0.02025);
#2838=CYLINDRICAL_SURFACE('',#3172,0.02025);
#2839=CYLINDRICAL_SURFACE('',#3245,0.02025);
#2840=CYLINDRICAL_SURFACE('',#3325,0.0168749999999991);
#2841=CYLINDRICAL_SURFACE('',#3327,0.000568271697810007);
#2842=CYLINDRICAL_SURFACE('',#3329,0.000568271697810007);
#2843=CYLINDRICAL_SURFACE('',#3331,0.0168749999999991);
#2844=CYLINDRICAL_SURFACE('',#3332,0.000568271697810007);
#2845=CYLINDRICAL_SURFACE('',#3333,0.000568271697810007);
#2846=CYLINDRICAL_SURFACE('',#3334,0.0168749999999991);
#2847=CYLINDRICAL_SURFACE('',#3335,0.000568271697810007);
#2848=CYLINDRICAL_SURFACE('',#3336,0.000568271697810007);
#2849=CYLINDRICAL_SURFACE('',#3337,0.0168749999999991);
#2850=CYLINDRICAL_SURFACE('',#3338,0.000568271697810007);
#2851=CYLINDRICAL_SURFACE('',#3339,0.000568271697810007);
#2852=CYLINDRICAL_SURFACE('',#3340,0.0168749999999991);
#2853=CYLINDRICAL_SURFACE('',#3342,0.000568271697810007);
#2854=CYLINDRICAL_SURFACE('',#3344,0.000568271697810007);
#2855=CYLINDRICAL_SURFACE('',#3346,0.0168749999999991);
#2856=CYLINDRICAL_SURFACE('',#3347,0.000568271697810007);
#2857=CYLINDRICAL_SURFACE('',#3348,0.000568271697810007);
#2858=CYLINDRICAL_SURFACE('',#3349,0.0168749999999991);
#2859=CYLINDRICAL_SURFACE('',#3350,0.000568271697810007);
#2860=CYLINDRICAL_SURFACE('',#3351,0.000568271697810007);
#2861=CYLINDRICAL_SURFACE('',#3352,0.0168749999999991);
#2862=CYLINDRICAL_SURFACE('',#3353,0.000568271697810007);
#2863=CYLINDRICAL_SURFACE('',#3354,0.000568271697810007);
#2864=CYLINDRICAL_SURFACE('',#3355,0.0168749999999991);
#2865=CYLINDRICAL_SURFACE('',#3356,0.000568271697810007);
#2866=CYLINDRICAL_SURFACE('',#3357,0.000568271697810007);
#2867=CYLINDRICAL_SURFACE('',#3358,0.0168749999999991);
#2868=CYLINDRICAL_SURFACE('',#3359,0.000568271697810007);
#2869=CYLINDRICAL_SURFACE('',#3360,0.000568271697810007);
#2870=CYLINDRICAL_SURFACE('',#3361,0.0168749999999991);
#2871=CYLINDRICAL_SURFACE('',#3362,0.000568271697810007);
#2872=CYLINDRICAL_SURFACE('',#3363,0.000568271697810007);
#2873=CYLINDRICAL_SURFACE('',#3364,0.0168749999999991);
#2874=CYLINDRICAL_SURFACE('',#3365,0.000568271697810007);
#2875=CYLINDRICAL_SURFACE('',#3366,0.000568271697810007);
#2876=CYLINDRICAL_SURFACE('',#3367,0.0168749999999991);
#2877=CYLINDRICAL_SURFACE('',#3369,0.000568271697810007);
#2878=CYLINDRICAL_SURFACE('',#3371,0.000568271697810007);
#2879=CYLINDRICAL_SURFACE('',#3373,0.0168749999999991);
#2880=CYLINDRICAL_SURFACE('',#3374,0.000568271697810007);
#2881=CYLINDRICAL_SURFACE('',#3375,0.000568271697810007);
#2882=CYLINDRICAL_SURFACE('',#3376,0.0168749999999991);
#2883=CYLINDRICAL_SURFACE('',#3377,0.000568271697810007);
#2884=CYLINDRICAL_SURFACE('',#3378,0.000568271697810007);
#2885=CYLINDRICAL_SURFACE('',#3379,0.0168749999999991);
#2886=CYLINDRICAL_SURFACE('',#3380,0.000568271697810007);
#2887=CYLINDRICAL_SURFACE('',#3381,0.000568271697810007);
#2888=CYLINDRICAL_SURFACE('',#3382,0.0168749999999991);
#2889=CYLINDRICAL_SURFACE('',#3383,0.000568271697810007);
#2890=CYLINDRICAL_SURFACE('',#3384,0.000568271697810007);
#2891=CYLINDRICAL_SURFACE('',#3385,0.0168749999999991);
#2892=CYLINDRICAL_SURFACE('',#3386,0.000568271697810007);
#2893=CYLINDRICAL_SURFACE('',#3387,0.000568271697810007);
#2894=CYLINDRICAL_SURFACE('',#3388,0.0168749999999991);
#2895=CYLINDRICAL_SURFACE('',#3389,0.000568271697810007);
#2896=CYLINDRICAL_SURFACE('',#3390,0.000568271697810007);
#2897=CYLINDRICAL_SURFACE('',#3391,0.0168749999999991);
#2898=CYLINDRICAL_SURFACE('',#3392,0.000568271697810007);
#2899=CYLINDRICAL_SURFACE('',#3393,0.000568271697810007);
#2900=CYLINDRICAL_SURFACE('',#3394,0.0168749999999991);
#2901=CYLINDRICAL_SURFACE('',#3395,0.000568271697810007);
#2902=CYLINDRICAL_SURFACE('',#3396,0.000568271697810007);
#2903=CYLINDRICAL_SURFACE('',#3397,0.0168749999999991);
#2904=CYLINDRICAL_SURFACE('',#3398,0.000568271697810007);
#2905=CYLINDRICAL_SURFACE('',#3399,0.000568271697810007);
#2906=CYLINDRICAL_SURFACE('',#3400,0.0168749999999991);
#2907=CYLINDRICAL_SURFACE('',#3401,0.000568271697810007);
#2908=CYLINDRICAL_SURFACE('',#3402,0.000568271697810007);
#2909=CYLINDRICAL_SURFACE('',#3403,0.0168749999999991);
#2910=CYLINDRICAL_SURFACE('',#3404,0.000568271697810007);
#2911=CYLINDRICAL_SURFACE('',#3405,0.000568271697810007);
#2912=CYLINDRICAL_SURFACE('',#3406,0.0168749999999991);
#2913=CYLINDRICAL_SURFACE('',#3407,0.000568271697810007);
#2914=CYLINDRICAL_SURFACE('',#3408,0.000568271697810007);
#2915=CYLINDRICAL_SURFACE('',#3410,0.0075);
#2916=CYLINDRICAL_SURFACE('',#3412,0.299999999999895);
#2917=CYLINDRICAL_SURFACE('',#3414,0.0075);
#2918=CYLINDRICAL_SURFACE('',#3416,0.0023);
#2919=CYLINDRICAL_SURFACE('',#3422,0.005);
#2920=ADVANCED_FACE('',(#2643),#2813,.T.);
#2921=ADVANCED_FACE('',(#2644,#2645),#2814,.F.);
#2922=ADVANCED_FACE('',(#2646),#2815,.T.);
#2923=ADVANCED_FACE('',(#2647),#2816,.T.);
#2924=ADVANCED_FACE('',(#2648),#2817,.T.);
#2925=ADVANCED_FACE('',(#2649),#2818,.T.);
#2926=ADVANCED_FACE('',(#2650),#2819,.T.);
#2927=ADVANCED_FACE('',(#2651),#2820,.T.);
#2928=ADVANCED_FACE('',(#2652),#2821,.T.);
#2929=ADVANCED_FACE('',(#2653),#2822,.T.);
#2930=ADVANCED_FACE('',(#2654),#2823,.T.);
#2931=ADVANCED_FACE('',(#2655),#2824,.T.);
#2932=ADVANCED_FACE('',(#2656),#2825,.T.);
#2933=ADVANCED_FACE('',(#2657),#2826,.T.);
#2934=ADVANCED_FACE('',(#2658),#2827,.T.);
#2935=ADVANCED_FACE('',(#2659),#2828,.T.);
#2936=ADVANCED_FACE('',(#2660),#2829,.T.);
#2937=ADVANCED_FACE('',(#2661),#2830,.T.);
#2938=ADVANCED_FACE('',(#2662),#2831,.T.);
#2939=ADVANCED_FACE('',(#2663),#2832,.T.);
#2940=ADVANCED_FACE('',(#2664),#2833,.T.);
#2941=ADVANCED_FACE('',(#2665),#2834,.T.);
#2942=ADVANCED_FACE('',(#2666),#2835,.T.);
#2943=ADVANCED_FACE('',(#2667),#2836,.T.);
#2944=ADVANCED_FACE('',(#2668),#2837,.T.);
#2945=ADVANCED_FACE('',(#2669),#2838,.T.);
#2946=ADVANCED_FACE('',(#2670),#164,.T.);
#2947=ADVANCED_FACE('',(#2671),#2839,.T.);
#2948=ADVANCED_FACE('',(#2672,#2673),#165,.F.);
#2949=ADVANCED_FACE('',(#2674),#12,.T.);
#2950=ADVANCED_FACE('',(#2675),#13,.F.);
#2951=ADVANCED_FACE('',(#2676),#2840,.T.);
#2952=ADVANCED_FACE('',(#2677),#2841,.F.);
#2953=ADVANCED_FACE('',(#2678),#2842,.F.);
#2954=ADVANCED_FACE('',(#2679),#14,.T.);
#2955=ADVANCED_FACE('',(#2680),#15,.F.);
#2956=ADVANCED_FACE('',(#2681),#2843,.T.);
#2957=ADVANCED_FACE('',(#2682),#2844,.F.);
#2958=ADVANCED_FACE('',(#2683),#2845,.F.);
#2959=ADVANCED_FACE('',(#2684),#16,.T.);
#2960=ADVANCED_FACE('',(#2685),#17,.F.);
#2961=ADVANCED_FACE('',(#2686),#2846,.T.);
#2962=ADVANCED_FACE('',(#2687),#2847,.F.);
#2963=ADVANCED_FACE('',(#2688),#2848,.F.);
#2964=ADVANCED_FACE('',(#2689),#18,.T.);
#2965=ADVANCED_FACE('',(#2690),#19,.F.);
#2966=ADVANCED_FACE('',(#2691),#2849,.T.);
#2967=ADVANCED_FACE('',(#2692),#2850,.F.);
#2968=ADVANCED_FACE('',(#2693),#2851,.F.);
#2969=ADVANCED_FACE('',(#2694),#20,.T.);
#2970=ADVANCED_FACE('',(#2695),#21,.F.);
#2971=ADVANCED_FACE('',(#2696),#2852,.T.);
#2972=ADVANCED_FACE('',(#2697),#2853,.F.);
#2973=ADVANCED_FACE('',(#2698),#2854,.F.);
#2974=ADVANCED_FACE('',(#2699),#22,.T.);
#2975=ADVANCED_FACE('',(#2700),#23,.F.);
#2976=ADVANCED_FACE('',(#2701),#2855,.T.);
#2977=ADVANCED_FACE('',(#2702),#2856,.F.);
#2978=ADVANCED_FACE('',(#2703),#2857,.F.);
#2979=ADVANCED_FACE('',(#2704),#24,.T.);
#2980=ADVANCED_FACE('',(#2705),#25,.F.);
#2981=ADVANCED_FACE('',(#2706),#2858,.T.);
#2982=ADVANCED_FACE('',(#2707),#2859,.F.);
#2983=ADVANCED_FACE('',(#2708),#2860,.F.);
#2984=ADVANCED_FACE('',(#2709),#26,.T.);
#2985=ADVANCED_FACE('',(#2710),#27,.F.);
#2986=ADVANCED_FACE('',(#2711),#2861,.T.);
#2987=ADVANCED_FACE('',(#2712),#2862,.F.);
#2988=ADVANCED_FACE('',(#2713),#2863,.F.);
#2989=ADVANCED_FACE('',(#2714),#28,.T.);
#2990=ADVANCED_FACE('',(#2715),#29,.F.);
#2991=ADVANCED_FACE('',(#2716),#2864,.T.);
#2992=ADVANCED_FACE('',(#2717),#2865,.F.);
#2993=ADVANCED_FACE('',(#2718),#2866,.F.);
#2994=ADVANCED_FACE('',(#2719),#30,.T.);
#2995=ADVANCED_FACE('',(#2720),#31,.F.);
#2996=ADVANCED_FACE('',(#2721),#2867,.T.);
#2997=ADVANCED_FACE('',(#2722),#2868,.F.);
#2998=ADVANCED_FACE('',(#2723),#2869,.F.);
#2999=ADVANCED_FACE('',(#2724),#32,.T.);
#3000=ADVANCED_FACE('',(#2725),#33,.F.);
#3001=ADVANCED_FACE('',(#2726),#2870,.T.);
#3002=ADVANCED_FACE('',(#2727),#2871,.F.);
#3003=ADVANCED_FACE('',(#2728),#2872,.F.);
#3004=ADVANCED_FACE('',(#2729),#34,.T.);
#3005=ADVANCED_FACE('',(#2730),#35,.F.);
#3006=ADVANCED_FACE('',(#2731),#2873,.T.);
#3007=ADVANCED_FACE('',(#2732),#2874,.F.);
#3008=ADVANCED_FACE('',(#2733),#2875,.F.);
#3009=ADVANCED_FACE('',(#2734),#36,.T.);
#3010=ADVANCED_FACE('',(#2735),#37,.F.);
#3011=ADVANCED_FACE('',(#2736),#2876,.T.);
#3012=ADVANCED_FACE('',(#2737),#2877,.F.);
#3013=ADVANCED_FACE('',(#2738),#2878,.F.);
#3014=ADVANCED_FACE('',(#2739),#38,.T.);
#3015=ADVANCED_FACE('',(#2740),#39,.F.);
#3016=ADVANCED_FACE('',(#2741),#2879,.T.);
#3017=ADVANCED_FACE('',(#2742),#2880,.F.);
#3018=ADVANCED_FACE('',(#2743),#2881,.F.);
#3019=ADVANCED_FACE('',(#2744),#40,.T.);
#3020=ADVANCED_FACE('',(#2745),#41,.F.);
#3021=ADVANCED_FACE('',(#2746),#2882,.T.);
#3022=ADVANCED_FACE('',(#2747),#2883,.F.);
#3023=ADVANCED_FACE('',(#2748),#2884,.F.);
#3024=ADVANCED_FACE('',(#2749),#42,.T.);
#3025=ADVANCED_FACE('',(#2750),#43,.F.);
#3026=ADVANCED_FACE('',(#2751),#2885,.T.);
#3027=ADVANCED_FACE('',(#2752),#2886,.F.);
#3028=ADVANCED_FACE('',(#2753),#2887,.F.);
#3029=ADVANCED_FACE('',(#2754),#44,.T.);
#3030=ADVANCED_FACE('',(#2755),#45,.F.);
#3031=ADVANCED_FACE('',(#2756),#2888,.T.);
#3032=ADVANCED_FACE('',(#2757),#2889,.F.);
#3033=ADVANCED_FACE('',(#2758),#2890,.F.);
#3034=ADVANCED_FACE('',(#2759),#46,.T.);
#3035=ADVANCED_FACE('',(#2760),#47,.F.);
#3036=ADVANCED_FACE('',(#2761),#2891,.T.);
#3037=ADVANCED_FACE('',(#2762),#2892,.F.);
#3038=ADVANCED_FACE('',(#2763),#2893,.F.);
#3039=ADVANCED_FACE('',(#2764),#48,.T.);
#3040=ADVANCED_FACE('',(#2765),#49,.F.);
#3041=ADVANCED_FACE('',(#2766),#2894,.T.);
#3042=ADVANCED_FACE('',(#2767),#2895,.F.);
#3043=ADVANCED_FACE('',(#2768),#2896,.F.);
#3044=ADVANCED_FACE('',(#2769),#50,.T.);
#3045=ADVANCED_FACE('',(#2770),#51,.F.);
#3046=ADVANCED_FACE('',(#2771),#2897,.T.);
#3047=ADVANCED_FACE('',(#2772),#2898,.F.);
#3048=ADVANCED_FACE('',(#2773),#2899,.F.);
#3049=ADVANCED_FACE('',(#2774),#52,.T.);
#3050=ADVANCED_FACE('',(#2775),#53,.F.);
#3051=ADVANCED_FACE('',(#2776),#2900,.T.);
#3052=ADVANCED_FACE('',(#2777),#2901,.F.);
#3053=ADVANCED_FACE('',(#2778),#2902,.F.);
#3054=ADVANCED_FACE('',(#2779),#54,.T.);
#3055=ADVANCED_FACE('',(#2780),#55,.F.);
#3056=ADVANCED_FACE('',(#2781),#2903,.T.);
#3057=ADVANCED_FACE('',(#2782),#2904,.F.);
#3058=ADVANCED_FACE('',(#2783),#2905,.F.);
#3059=ADVANCED_FACE('',(#2784),#56,.T.);
#3060=ADVANCED_FACE('',(#2785),#57,.F.);
#3061=ADVANCED_FACE('',(#2786),#2906,.T.);
#3062=ADVANCED_FACE('',(#2787),#2907,.F.);
#3063=ADVANCED_FACE('',(#2788),#2908,.F.);
#3064=ADVANCED_FACE('',(#2789),#58,.T.);
#3065=ADVANCED_FACE('',(#2790),#59,.F.);
#3066=ADVANCED_FACE('',(#2791),#2909,.T.);
#3067=ADVANCED_FACE('',(#2792),#2910,.F.);
#3068=ADVANCED_FACE('',(#2793),#2911,.F.);
#3069=ADVANCED_FACE('',(#2794),#60,.T.);
#3070=ADVANCED_FACE('',(#2795),#61,.F.);
#3071=ADVANCED_FACE('',(#2796),#2912,.T.);
#3072=ADVANCED_FACE('',(#2797),#2913,.F.);
#3073=ADVANCED_FACE('',(#2798),#2914,.F.);
#3074=ADVANCED_FACE('',(#2799),#166,.T.);
#3075=ADVANCED_FACE('',(#2800),#2915,.T.);
#3076=ADVANCED_FACE('',(#2801),#2916,.F.);
#3077=ADVANCED_FACE('',(#2802),#2917,.T.);
#3078=ADVANCED_FACE('',(#2803,#2804),#2918,.F.);
#3079=ADVANCED_FACE('',(#2805),#167,.T.);
#3080=ADVANCED_FACE('',(#2806),#168,.F.);
#3081=ADVANCED_FACE('',(#2807,#2808,#2809),#169,.T.);
#3082=ADVANCED_FACE('',(#2810),#2919,.F.);
#3083=ADVANCED_FACE('',(#2811,#2812),#170,.T.);
#3084=CLOSED_SHELL('',(#2920,#2921,#2922,#2923,#2924,#2925,#2926,#2927,
#2928,#2929,#2930,#2931,#2932,#2933,#2934,#2935,#2936,#2937,#2938,#2939,
#2940,#2941,#2942,#2943,#2944,#2945,#2946,#2947,#2948,#2949,#2950,#2951,
#2952,#2953,#2954,#2955,#2956,#2957,#2958,#2959,#2960,#2961,#2962,#2963,
#2964,#2965,#2966,#2967,#2968,#2969,#2970,#2971,#2972,#2973,#2974,#2975,
#2976,#2977,#2978,#2979,#2980,#2981,#2982,#2983,#2984,#2985,#2986,#2987,
#2988,#2989,#2990,#2991,#2992,#2993,#2994,#2995,#2996,#2997,#2998,#2999,
#3000,#3001,#3002,#3003,#3004,#3005,#3006,#3007,#3008,#3009,#3010,#3011,
#3012,#3013,#3014,#3015,#3016,#3017,#3018,#3019,#3020,#3021,#3022,#3023,
#3024,#3025,#3026,#3027,#3028,#3029,#3030,#3031,#3032,#3033,#3034,#3035,
#3036,#3037,#3038,#3039,#3040,#3041,#3042,#3043,#3044,#3045,#3046,#3047,
#3048,#3049,#3050,#3051,#3052,#3053,#3054,#3055,#3056,#3057,#3058,#3059,
#3060,#3061,#3062,#3063,#3064,#3065,#3066,#3067,#3068,#3069,#3070,#3071,
#3072,#3073,#3074,#3075,#3076,#3077,#3078,#3079,#3080,#3081,#3082,#3083));
#3085=STYLED_ITEM('',(#3086),#3093);
#3086=PRESENTATION_STYLE_ASSIGNMENT((#3087));
#3087=SURFACE_STYLE_USAGE(.BOTH.,#3088);
#3088=SURFACE_SIDE_STYLE('',(#3089));
#3089=SURFACE_STYLE_FILL_AREA(#3090);
#3090=FILL_AREA_STYLE('',(#3091));
#3091=FILL_AREA_STYLE_COLOUR('',#3092);
#3092=COLOUR_RGB('',0.768627450980392,0.886274509803922,0.952941176470588);
#3093=MANIFOLD_SOLID_BREP('Y Drive',#3084);
#3094=SHAPE_DEFINITION_REPRESENTATION(#9630,#3095);
#3095=SHAPE_REPRESENTATION('Y Drive',(#3096),#9625);
#3096=AXIS2_PLACEMENT_3D('',#4247,#3425,#3426);
#3097=AXIS2_PLACEMENT_3D('',#4248,#3427,#3428);
#3098=AXIS2_PLACEMENT_3D('',#4252,#3430,#3431);
#3099=AXIS2_PLACEMENT_3D('',#4256,#3433,#3434);
#3100=AXIS2_PLACEMENT_3D('',#4257,#3435,#3436);
#3101=AXIS2_PLACEMENT_3D('',#4258,#3437,#3438);
#3102=AXIS2_PLACEMENT_3D('',#4260,#3439,#3440);
#3103=AXIS2_PLACEMENT_3D('',#4262,#3441,#3442);
#3104=AXIS2_PLACEMENT_3D('',#4266,#3444,#3445);
#3105=AXIS2_PLACEMENT_3D('',#4270,#3447,#3448);
#3106=AXIS2_PLACEMENT_3D('',#4271,#3449,#3450);
#3107=AXIS2_PLACEMENT_3D('',#4272,#3451,#3452);
#3108=AXIS2_PLACEMENT_3D('',#4277,#3454,#3455);
#3109=AXIS2_PLACEMENT_3D('',#4280,#3457,#3458);
#3110=AXIS2_PLACEMENT_3D('',#4284,#3460,#3461);
#3111=AXIS2_PLACEMENT_3D('',#4288,#3463,#3464);
#3112=AXIS2_PLACEMENT_3D('',#4289,#3465,#3466);
#3113=AXIS2_PLACEMENT_3D('',#4293,#3468,#3469);
#3114=AXIS2_PLACEMENT_3D('',#4297,#3471,#3472);
#3115=AXIS2_PLACEMENT_3D('',#4298,#3473,#3474);
#3116=AXIS2_PLACEMENT_3D('',#4302,#3476,#3477);
#3117=AXIS2_PLACEMENT_3D('',#4306,#3479,#3480);
#3118=AXIS2_PLACEMENT_3D('',#4307,#3481,#3482);
#3119=AXIS2_PLACEMENT_3D('',#4311,#3484,#3485);
#3120=AXIS2_PLACEMENT_3D('',#4315,#3487,#3488);
#3121=AXIS2_PLACEMENT_3D('',#4316,#3489,#3490);
#3122=AXIS2_PLACEMENT_3D('',#4320,#3492,#3493);
#3123=AXIS2_PLACEMENT_3D('',#4324,#3495,#3496);
#3124=AXIS2_PLACEMENT_3D('',#4325,#3497,#3498);
#3125=AXIS2_PLACEMENT_3D('',#4326,#3499,#3500);
#3126=AXIS2_PLACEMENT_3D('',#4331,#3502,#3503);
#3127=AXIS2_PLACEMENT_3D('',#4334,#3505,#3506);
#3128=AXIS2_PLACEMENT_3D('',#4338,#3508,#3509);
#3129=AXIS2_PLACEMENT_3D('',#4342,#3511,#3512);
#3130=AXIS2_PLACEMENT_3D('',#4343,#3513,#3514);
#3131=AXIS2_PLACEMENT_3D('',#4347,#3516,#3517);
#3132=AXIS2_PLACEMENT_3D('',#4351,#3519,#3520);
#3133=AXIS2_PLACEMENT_3D('',#4352,#3521,#3522);
#3134=AXIS2_PLACEMENT_3D('',#4356,#3524,#3525);
#3135=AXIS2_PLACEMENT_3D('',#4360,#3527,#3528);
#3136=AXIS2_PLACEMENT_3D('',#4361,#3529,#3530);
#3137=AXIS2_PLACEMENT_3D('',#4365,#3532,#3533);
#3138=AXIS2_PLACEMENT_3D('',#4369,#3535,#3536);
#3139=AXIS2_PLACEMENT_3D('',#4370,#3537,#3538);
#3140=AXIS2_PLACEMENT_3D('',#4374,#3540,#3541);
#3141=AXIS2_PLACEMENT_3D('',#4378,#3543,#3544);
#3142=AXIS2_PLACEMENT_3D('',#4379,#3545,#3546);
#3143=AXIS2_PLACEMENT_3D('',#4380,#3547,#3548);
#3144=AXIS2_PLACEMENT_3D('',#4385,#3550,#3551);
#3145=AXIS2_PLACEMENT_3D('',#4388,#3553,#3554);
#3146=AXIS2_PLACEMENT_3D('',#4392,#3556,#3557);
#3147=AXIS2_PLACEMENT_3D('',#4396,#3559,#3560);
#3148=AXIS2_PLACEMENT_3D('',#4397,#3561,#3562);
#3149=AXIS2_PLACEMENT_3D('',#4398,#3563,#3564);
#3150=AXIS2_PLACEMENT_3D('',#4403,#3566,#3567);
#3151=AXIS2_PLACEMENT_3D('',#4406,#3569,#3570);
#3152=AXIS2_PLACEMENT_3D('',#4407,#3571,#3572);
#3153=AXIS2_PLACEMENT_3D('',#4412,#3574,#3575);
#3154=AXIS2_PLACEMENT_3D('',#4415,#3577,#3578);
#3155=AXIS2_PLACEMENT_3D('',#4416,#3579,#3580);
#3156=AXIS2_PLACEMENT_3D('',#4421,#3582,#3583);
#3157=AXIS2_PLACEMENT_3D('',#4424,#3585,#3586);
#3158=AXIS2_PLACEMENT_3D('',#4425,#3587,#3588);
#3159=AXIS2_PLACEMENT_3D('',#4430,#3590,#3591);
#3160=AXIS2_PLACEMENT_3D('',#4433,#3593,#3594);
#3161=AXIS2_PLACEMENT_3D('',#4434,#3595,#3596);
#3162=AXIS2_PLACEMENT_3D('',#4439,#3598,#3599);
#3163=AXIS2_PLACEMENT_3D('',#4442,#3601,#3602);
#3164=AXIS2_PLACEMENT_3D('',#4446,#3604,#3605);
#3165=AXIS2_PLACEMENT_3D('',#4450,#3607,#3608);
#3166=AXIS2_PLACEMENT_3D('',#4451,#3609,#3610);
#3167=AXIS2_PLACEMENT_3D('',#4455,#3612,#3613);
#3168=AXIS2_PLACEMENT_3D('',#4459,#3615,#3616);
#3169=AXIS2_PLACEMENT_3D('',#4460,#3617,#3618);
#3170=AXIS2_PLACEMENT_3D('',#4461,#3619,#3620);
#3171=AXIS2_PLACEMENT_3D('',#4466,#3622,#3623);
#3172=AXIS2_PLACEMENT_3D('',#4469,#3625,#3626);
#3173=AXIS2_PLACEMENT_3D('',#4470,#3627,#3628);
#3174=AXIS2_PLACEMENT_3D('',#4475,#3630,#3631);
#3175=AXIS2_PLACEMENT_3D('',#4478,#3633,#3634);
#3176=AXIS2_PLACEMENT_3D('',#4482,#3636,#3637);
#3177=AXIS2_PLACEMENT_3D('',#4484,#3638,#3639);
#3178=AXIS2_PLACEMENT_3D('',#4486,#3640,#3641);
#3179=AXIS2_PLACEMENT_3D('',#4555,#3643,#3644);
#3180=AXIS2_PLACEMENT_3D('',#4557,#3645,#3646);
#3181=AXIS2_PLACEMENT_3D('',#4559,#3647,#3648);
#3182=AXIS2_PLACEMENT_3D('',#4626,#3649,#3650);
#3183=AXIS2_PLACEMENT_3D('',#4628,#3651,#3652);
#3184=AXIS2_PLACEMENT_3D('',#4630,#3653,#3654);
#3185=AXIS2_PLACEMENT_3D('',#4697,#3655,#3656);
#3186=AXIS2_PLACEMENT_3D('',#4699,#3657,#3658);
#3187=AXIS2_PLACEMENT_3D('',#4701,#3659,#3660);
#3188=AXIS2_PLACEMENT_3D('',#4768,#3661,#3662);
#3189=AXIS2_PLACEMENT_3D('',#4770,#3663,#3664);
#3190=AXIS2_PLACEMENT_3D('',#4772,#3665,#3666);
#3191=AXIS2_PLACEMENT_3D('',#4839,#3667,#3668);
#3192=AXIS2_PLACEMENT_3D('',#4841,#3669,#3670);
#3193=AXIS2_PLACEMENT_3D('',#4843,#3671,#3672);
#3194=AXIS2_PLACEMENT_3D('',#4910,#3673,#3674);
#3195=AXIS2_PLACEMENT_3D('',#4912,#3675,#3676);
#3196=AXIS2_PLACEMENT_3D('',#4914,#3677,#3678);
#3197=AXIS2_PLACEMENT_3D('',#4981,#3679,#3680);
#3198=AXIS2_PLACEMENT_3D('',#4983,#3681,#3682);
#3199=AXIS2_PLACEMENT_3D('',#4985,#3683,#3684);
#3200=AXIS2_PLACEMENT_3D('',#5052,#3685,#3686);
#3201=AXIS2_PLACEMENT_3D('',#5054,#3687,#3688);
#3202=AXIS2_PLACEMENT_3D('',#5056,#3689,#3690);
#3203=AXIS2_PLACEMENT_3D('',#5123,#3691,#3692);
#3204=AXIS2_PLACEMENT_3D('',#5125,#3693,#3694);
#3205=AXIS2_PLACEMENT_3D('',#5127,#3695,#3696);
#3206=AXIS2_PLACEMENT_3D('',#5194,#3697,#3698);
#3207=AXIS2_PLACEMENT_3D('',#5196,#3699,#3700);
#3208=AXIS2_PLACEMENT_3D('',#5198,#3701,#3702);
#3209=AXIS2_PLACEMENT_3D('',#5265,#3703,#3704);
#3210=AXIS2_PLACEMENT_3D('',#5267,#3705,#3706);
#3211=AXIS2_PLACEMENT_3D('',#5269,#3707,#3708);
#3212=AXIS2_PLACEMENT_3D('',#5336,#3709,#3710);
#3213=AXIS2_PLACEMENT_3D('',#5338,#3711,#3712);
#3214=AXIS2_PLACEMENT_3D('',#5340,#3713,#3714);
#3215=AXIS2_PLACEMENT_3D('',#5407,#3715,#3716);
#3216=AXIS2_PLACEMENT_3D('',#5409,#3717,#3718);
#3217=AXIS2_PLACEMENT_3D('',#5411,#3719,#3720);
#3218=AXIS2_PLACEMENT_3D('',#5478,#3721,#3722);
#3219=AXIS2_PLACEMENT_3D('',#5480,#3723,#3724);
#3220=AXIS2_PLACEMENT_3D('',#5482,#3725,#3726);
#3221=AXIS2_PLACEMENT_3D('',#5549,#3727,#3728);
#3222=AXIS2_PLACEMENT_3D('',#5551,#3729,#3730);
#3223=AXIS2_PLACEMENT_3D('',#5553,#3731,#3732);
#3224=AXIS2_PLACEMENT_3D('',#5620,#3733,#3734);
#3225=AXIS2_PLACEMENT_3D('',#5622,#3735,#3736);
#3226=AXIS2_PLACEMENT_3D('',#5624,#3737,#3738);
#3227=AXIS2_PLACEMENT_3D('',#5691,#3739,#3740);
#3228=AXIS2_PLACEMENT_3D('',#5693,#3741,#3742);
#3229=AXIS2_PLACEMENT_3D('',#5695,#3743,#3744);
#3230=AXIS2_PLACEMENT_3D('',#5762,#3745,#3746);
#3231=AXIS2_PLACEMENT_3D('',#5764,#3747,#3748);
#3232=AXIS2_PLACEMENT_3D('',#5766,#3749,#3750);
#3233=AXIS2_PLACEMENT_3D('',#5833,#3751,#3752);
#3234=AXIS2_PLACEMENT_3D('',#5835,#3753,#3754);
#3235=AXIS2_PLACEMENT_3D('',#5837,#3755,#3756);
#3236=AXIS2_PLACEMENT_3D('',#5904,#3757,#3758);
#3237=AXIS2_PLACEMENT_3D('',#5906,#3759,#3760);
#3238=AXIS2_PLACEMENT_3D('',#5908,#3761,#3762);
#3239=AXIS2_PLACEMENT_3D('',#5975,#3763,#3764);
#3240=AXIS2_PLACEMENT_3D('',#5977,#3765,#3766);
#3241=AXIS2_PLACEMENT_3D('',#5979,#3767,#3768);
#3242=AXIS2_PLACEMENT_3D('',#6046,#3769,#3770);
#3243=AXIS2_PLACEMENT_3D('',#6048,#3771,#3772);
#3244=AXIS2_PLACEMENT_3D('',#6050,#3773,#3774);
#3245=AXIS2_PLACEMENT_3D('',#6116,#3775,#3776);
#3246=AXIS2_PLACEMENT_3D('',#6117,#3777,#3778);
#3247=AXIS2_PLACEMENT_3D('',#6122,#3780,#3781);
#3248=AXIS2_PLACEMENT_3D('',#6125,#3783,#3784);
#3249=AXIS2_PLACEMENT_3D('',#6126,#3785,#3786);
#3250=AXIS2_PLACEMENT_3D('',#6128,#3787,#3788);
#3251=AXIS2_PLACEMENT_3D('',#6196,#3789,#3790);
#3252=AXIS2_PLACEMENT_3D('',#6198,#3791,#3792);
#3253=AXIS2_PLACEMENT_3D('',#6200,#3793,#3794);
#3254=AXIS2_PLACEMENT_3D('',#6267,#3795,#3796);
#3255=AXIS2_PLACEMENT_3D('',#6269,#3797,#3798);
#3256=AXIS2_PLACEMENT_3D('',#6271,#3799,#3800);
#3257=AXIS2_PLACEMENT_3D('',#6338,#3801,#3802);
#3258=AXIS2_PLACEMENT_3D('',#6340,#3803,#3804);
#3259=AXIS2_PLACEMENT_3D('',#6342,#3805,#3806);
#3260=AXIS2_PLACEMENT_3D('',#6409,#3807,#3808);
#3261=AXIS2_PLACEMENT_3D('',#6411,#3809,#3810);
#3262=AXIS2_PLACEMENT_3D('',#6413,#3811,#3812);
#3263=AXIS2_PLACEMENT_3D('',#6480,#3813,#3814);
#3264=AXIS2_PLACEMENT_3D('',#6482,#3815,#3816);
#3265=AXIS2_PLACEMENT_3D('',#6484,#3817,#3818);
#3266=AXIS2_PLACEMENT_3D('',#6551,#3819,#3820);
#3267=AXIS2_PLACEMENT_3D('',#6553,#3821,#3822);
#3268=AXIS2_PLACEMENT_3D('',#6555,#3823,#3824);
#3269=AXIS2_PLACEMENT_3D('',#6622,#3825,#3826);
#3270=AXIS2_PLACEMENT_3D('',#6624,#3827,#3828);
#3271=AXIS2_PLACEMENT_3D('',#6626,#3829,#3830);
#3272=AXIS2_PLACEMENT_3D('',#6693,#3831,#3832);
#3273=AXIS2_PLACEMENT_3D('',#6695,#3833,#3834);
#3274=AXIS2_PLACEMENT_3D('',#6697,#3835,#3836);
#3275=AXIS2_PLACEMENT_3D('',#6764,#3837,#3838);
#3276=AXIS2_PLACEMENT_3D('',#6766,#3839,#3840);
#3277=AXIS2_PLACEMENT_3D('',#6768,#3841,#3842);
#3278=AXIS2_PLACEMENT_3D('',#6835,#3843,#3844);
#3279=AXIS2_PLACEMENT_3D('',#6837,#3845,#3846);
#3280=AXIS2_PLACEMENT_3D('',#6839,#3847,#3848);
#3281=AXIS2_PLACEMENT_3D('',#6906,#3849,#3850);
#3282=AXIS2_PLACEMENT_3D('',#6908,#3851,#3852);
#3283=AXIS2_PLACEMENT_3D('',#6910,#3853,#3854);
#3284=AXIS2_PLACEMENT_3D('',#6977,#3855,#3856);
#3285=AXIS2_PLACEMENT_3D('',#6979,#3857,#3858);
#3286=AXIS2_PLACEMENT_3D('',#6981,#3859,#3860);
#3287=AXIS2_PLACEMENT_3D('',#7048,#3861,#3862);
#3288=AXIS2_PLACEMENT_3D('',#7050,#3863,#3864);
#3289=AXIS2_PLACEMENT_3D('',#7052,#3865,#3866);
#3290=AXIS2_PLACEMENT_3D('',#7119,#3867,#3868);
#3291=AXIS2_PLACEMENT_3D('',#7121,#3869,#3870);
#3292=AXIS2_PLACEMENT_3D('',#7123,#3871,#3872);
#3293=AXIS2_PLACEMENT_3D('',#7190,#3873,#3874);
#3294=AXIS2_PLACEMENT_3D('',#7192,#3875,#3876);
#3295=AXIS2_PLACEMENT_3D('',#7194,#3877,#3878);
#3296=AXIS2_PLACEMENT_3D('',#7261,#3879,#3880);
#3297=AXIS2_PLACEMENT_3D('',#7263,#3881,#3882);
#3298=AXIS2_PLACEMENT_3D('',#7265,#3883,#3884);
#3299=AXIS2_PLACEMENT_3D('',#7332,#3885,#3886);
#3300=AXIS2_PLACEMENT_3D('',#7334,#3887,#3888);
#3301=AXIS2_PLACEMENT_3D('',#7336,#3889,#3890);
#3302=AXIS2_PLACEMENT_3D('',#7403,#3891,#3892);
#3303=AXIS2_PLACEMENT_3D('',#7405,#3893,#3894);
#3304=AXIS2_PLACEMENT_3D('',#7407,#3895,#3896);
#3305=AXIS2_PLACEMENT_3D('',#7474,#3897,#3898);
#3306=AXIS2_PLACEMENT_3D('',#7476,#3899,#3900);
#3307=AXIS2_PLACEMENT_3D('',#7478,#3901,#3902);
#3308=AXIS2_PLACEMENT_3D('',#7545,#3903,#3904);
#3309=AXIS2_PLACEMENT_3D('',#7547,#3905,#3906);
#3310=AXIS2_PLACEMENT_3D('',#7549,#3907,#3908);
#3311=AXIS2_PLACEMENT_3D('',#7616,#3909,#3910);
#3312=AXIS2_PLACEMENT_3D('',#7618,#3911,#3912);
#3313=AXIS2_PLACEMENT_3D('',#7620,#3913,#3914);
#3314=AXIS2_PLACEMENT_3D('',#7687,#3915,#3916);
#3315=AXIS2_PLACEMENT_3D('',#7689,#3917,#3918);
#3316=AXIS2_PLACEMENT_3D('',#7691,#3919,#3920);
#3317=AXIS2_PLACEMENT_3D('',#7758,#3921,#3922);
#3318=AXIS2_PLACEMENT_3D('',#7760,#3923,#3924);
#3319=AXIS2_PLACEMENT_3D('',#7762,#3925,#3926);
#3320=AXIS2_PLACEMENT_3D('',#7829,#3927,#3928);
#3321=AXIS2_PLACEMENT_3D('',#7831,#3929,#3930);
#3322=AXIS2_PLACEMENT_3D('',#7833,#3931,#3932);
#3323=AXIS2_PLACEMENT_3D('',#7900,#3933,#3934);
#3324=AXIS2_PLACEMENT_3D('',#7902,#3935,#3936);
#3325=AXIS2_PLACEMENT_3D('',#8023,#3939,#3940);
#3326=AXIS2_PLACEMENT_3D('',#8026,#3942,#3943);
#3327=AXIS2_PLACEMENT_3D('',#8029,#3945,#3946);
#3328=AXIS2_PLACEMENT_3D('',#8030,#3947,#3948);
#3329=AXIS2_PLACEMENT_3D('',#8031,#3949,#3950);
#3330=AXIS2_PLACEMENT_3D('',#8032,#3951,#3952);
#3331=AXIS2_PLACEMENT_3D('',#8087,#3955,#3956);
#3332=AXIS2_PLACEMENT_3D('',#8090,#3959,#3960);
#3333=AXIS2_PLACEMENT_3D('',#8091,#3961,#3962);
#3334=AXIS2_PLACEMENT_3D('',#8146,#3965,#3966);
#3335=AXIS2_PLACEMENT_3D('',#8149,#3969,#3970);
#3336=AXIS2_PLACEMENT_3D('',#8150,#3971,#3972);
#3337=AXIS2_PLACEMENT_3D('',#8205,#3975,#3976);
#3338=AXIS2_PLACEMENT_3D('',#8208,#3979,#3980);
#3339=AXIS2_PLACEMENT_3D('',#8209,#3981,#3982);
#3340=AXIS2_PLACEMENT_3D('',#8330,#3985,#3986);
#3341=AXIS2_PLACEMENT_3D('',#8333,#3988,#3989);
#3342=AXIS2_PLACEMENT_3D('',#8336,#3991,#3992);
#3343=AXIS2_PLACEMENT_3D('',#8337,#3993,#3994);
#3344=AXIS2_PLACEMENT_3D('',#8338,#3995,#3996);
#3345=AXIS2_PLACEMENT_3D('',#8339,#3997,#3998);
#3346=AXIS2_PLACEMENT_3D('',#8394,#4001,#4002);
#3347=AXIS2_PLACEMENT_3D('',#8397,#4005,#4006);
#3348=AXIS2_PLACEMENT_3D('',#8398,#4007,#4008);
#3349=AXIS2_PLACEMENT_3D('',#8453,#4011,#4012);
#3350=AXIS2_PLACEMENT_3D('',#8456,#4015,#4016);
#3351=AXIS2_PLACEMENT_3D('',#8457,#4017,#4018);
#3352=AXIS2_PLACEMENT_3D('',#8512,#4021,#4022);
#3353=AXIS2_PLACEMENT_3D('',#8515,#4025,#4026);
#3354=AXIS2_PLACEMENT_3D('',#8516,#4027,#4028);
#3355=AXIS2_PLACEMENT_3D('',#8571,#4031,#4032);
#3356=AXIS2_PLACEMENT_3D('',#8574,#4035,#4036);
#3357=AXIS2_PLACEMENT_3D('',#8575,#4037,#4038);
#3358=AXIS2_PLACEMENT_3D('',#8630,#4041,#4042);
#3359=AXIS2_PLACEMENT_3D('',#8633,#4045,#4046);
#3360=AXIS2_PLACEMENT_3D('',#8634,#4047,#4048);
#3361=AXIS2_PLACEMENT_3D('',#8689,#4051,#4052);
#3362=AXIS2_PLACEMENT_3D('',#8692,#4055,#4056);
#3363=AXIS2_PLACEMENT_3D('',#8693,#4057,#4058);
#3364=AXIS2_PLACEMENT_3D('',#8748,#4061,#4062);
#3365=AXIS2_PLACEMENT_3D('',#8751,#4065,#4066);
#3366=AXIS2_PLACEMENT_3D('',#8752,#4067,#4068);
#3367=AXIS2_PLACEMENT_3D('',#8873,#4071,#4072);
#3368=AXIS2_PLACEMENT_3D('',#8876,#4074,#4075);
#3369=AXIS2_PLACEMENT_3D('',#8879,#4077,#4078);
#3370=AXIS2_PLACEMENT_3D('',#8880,#4079,#4080);
#3371=AXIS2_PLACEMENT_3D('',#8881,#4081,#4082);
#3372=AXIS2_PLACEMENT_3D('',#8882,#4083,#4084);
#3373=AXIS2_PLACEMENT_3D('',#8937,#4087,#4088);
#3374=AXIS2_PLACEMENT_3D('',#8940,#4091,#4092);
#3375=AXIS2_PLACEMENT_3D('',#8941,#4093,#4094);
#3376=AXIS2_PLACEMENT_3D('',#8996,#4097,#4098);
#3377=AXIS2_PLACEMENT_3D('',#8999,#4101,#4102);
#3378=AXIS2_PLACEMENT_3D('',#9000,#4103,#4104);
#3379=AXIS2_PLACEMENT_3D('',#9055,#4107,#4108);
#3380=AXIS2_PLACEMENT_3D('',#9058,#4111,#4112);
#3381=AXIS2_PLACEMENT_3D('',#9059,#4113,#4114);
#3382=AXIS2_PLACEMENT_3D('',#9114,#4117,#4118);
#3383=AXIS2_PLACEMENT_3D('',#9117,#4121,#4122);
#3384=AXIS2_PLACEMENT_3D('',#9118,#4123,#4124);
#3385=AXIS2_PLACEMENT_3D('',#9173,#4127,#4128);
#3386=AXIS2_PLACEMENT_3D('',#9176,#4131,#4132);
#3387=AXIS2_PLACEMENT_3D('',#9177,#4133,#4134);
#3388=AXIS2_PLACEMENT_3D('',#9232,#4137,#4138);
#3389=AXIS2_PLACEMENT_3D('',#9235,#4141,#4142);
#3390=AXIS2_PLACEMENT_3D('',#9236,#4143,#4144);
#3391=AXIS2_PLACEMENT_3D('',#9291,#4147,#4148);
#3392=AXIS2_PLACEMENT_3D('',#9294,#4151,#4152);
#3393=AXIS2_PLACEMENT_3D('',#9295,#4153,#4154);
#3394=AXIS2_PLACEMENT_3D('',#9350,#4157,#4158);
#3395=AXIS2_PLACEMENT_3D('',#9353,#4161,#4162);
#3396=AXIS2_PLACEMENT_3D('',#9354,#4163,#4164);
#3397=AXIS2_PLACEMENT_3D('',#9409,#4167,#4168);
#3398=AXIS2_PLACEMENT_3D('',#9412,#4171,#4172);
#3399=AXIS2_PLACEMENT_3D('',#9413,#4173,#4174);
#3400=AXIS2_PLACEMENT_3D('',#9468,#4177,#4178);
#3401=AXIS2_PLACEMENT_3D('',#9471,#4181,#4182);
#3402=AXIS2_PLACEMENT_3D('',#9472,#4183,#4184);
#3403=AXIS2_PLACEMENT_3D('',#9527,#4187,#4188);
#3404=AXIS2_PLACEMENT_3D('',#9530,#4191,#4192);
#3405=AXIS2_PLACEMENT_3D('',#9531,#4193,#4194);
#3406=AXIS2_PLACEMENT_3D('',#9586,#4197,#4198);
#3407=AXIS2_PLACEMENT_3D('',#9589,#4201,#4202);
#3408=AXIS2_PLACEMENT_3D('',#9590,#4203,#4204);
#3409=AXIS2_PLACEMENT_3D('',#9591,#4205,#4206);
#3410=AXIS2_PLACEMENT_3D('',#9598,#4211,#4212);
#3411=AXIS2_PLACEMENT_3D('',#9599,#4213,#4214);
#3412=AXIS2_PLACEMENT_3D('',#9602,#4216,#4217);
#3413=AXIS2_PLACEMENT_3D('',#9603,#4218,#4219);
#3414=AXIS2_PLACEMENT_3D('',#9606,#4221,#4222);
#3415=AXIS2_PLACEMENT_3D('',#9607,#4223,#4224);
#3416=AXIS2_PLACEMENT_3D('',#9610,#4226,#4227);
#3417=AXIS2_PLACEMENT_3D('',#9611,#4228,#4229);
#3418=AXIS2_PLACEMENT_3D('',#9613,#4230,#4231);
#3419=AXIS2_PLACEMENT_3D('',#9618,#4235,#4236);
#3420=AXIS2_PLACEMENT_3D('',#9619,#4237,#4238);
#3421=AXIS2_PLACEMENT_3D('',#9620,#4239,#4240);
#3422=AXIS2_PLACEMENT_3D('',#9621,#4241,#4242);
#3423=AXIS2_PLACEMENT_3D('',#9622,#4243,#4244);
#3424=AXIS2_PLACEMENT_3D('',#9623,#4245,#4246);
#3425=DIRECTION('',(0.,0.,1.));
#3426=DIRECTION('',(1.,0.,0.));
#3427=DIRECTION('',(1.,0.,0.));
#3428=DIRECTION('',(0.,0.,-1.));
#3429=DIRECTION('',(1.,0.,0.));
#3430=DIRECTION('',(1.,0.,0.));
#3431=DIRECTION('',(0.,0.,-1.));
#3432=DIRECTION('',(1.,0.,0.));
#3433=DIRECTION('',(1.,0.,0.));
#3434=DIRECTION('',(0.,0.,-1.));
#3435=DIRECTION('',(1.,0.,0.));
#3436=DIRECTION('',(0.,0.,-1.));
#3437=DIRECTION('',(1.,0.,0.));
#3438=DIRECTION('',(0.,0.,-1.));
#3439=DIRECTION('',(1.,0.,0.));
#3440=DIRECTION('',(0.,0.,-1.));
#3441=DIRECTION('',(-1.,0.,0.));
#3442=DIRECTION('',(0.,0.,1.));
#3443=DIRECTION('',(-1.,0.,0.));
#3444=DIRECTION('',(1.,0.,0.));
#3445=DIRECTION('',(0.,0.,-1.));
#3446=DIRECTION('',(-1.,0.,0.));
#3447=DIRECTION('',(1.,0.,0.));
#3448=DIRECTION('',(0.,0.,-1.));
#3449=DIRECTION('',(-1.,0.,0.));
#3450=DIRECTION('',(0.,0.,1.));
#3451=DIRECTION('',(1.,0.,0.));
#3452=DIRECTION('',(0.,0.,-1.));
#3453=DIRECTION('',(-1.,0.,0.));
#3454=DIRECTION('',(1.,0.,0.));
#3455=DIRECTION('',(0.,0.,-1.));
#3456=DIRECTION('',(-1.,0.,0.));
#3457=DIRECTION('',(-1.,0.,0.));
#3458=DIRECTION('',(0.,0.,1.));
#3459=DIRECTION('',(-1.,0.,0.));
#3460=DIRECTION('',(1.,0.,0.));
#3461=DIRECTION('',(0.,0.,-1.));
#3462=DIRECTION('',(-1.,0.,0.));
#3463=DIRECTION('',(1.,0.,0.));
#3464=DIRECTION('',(0.,0.,-1.));
#3465=DIRECTION('',(-1.,0.,0.));
#3466=DIRECTION('',(0.,0.,1.));
#3467=DIRECTION('',(-1.,0.,0.));
#3468=DIRECTION('',(1.,0.,0.));
#3469=DIRECTION('',(0.,0.,-1.));
#3470=DIRECTION('',(-1.,0.,0.));
#3471=DIRECTION('',(1.,0.,0.));
#3472=DIRECTION('',(0.,0.,-1.));
#3473=DIRECTION('',(-1.,0.,0.));
#3474=DIRECTION('',(0.,0.,1.));
#3475=DIRECTION('',(-1.,0.,0.));
#3476=DIRECTION('',(1.,0.,0.));
#3477=DIRECTION('',(0.,0.,-1.));
#3478=DIRECTION('',(-1.,0.,0.));
#3479=DIRECTION('',(1.,0.,0.));
#3480=DIRECTION('',(0.,0.,-1.));
#3481=DIRECTION('',(-1.,0.,0.));
#3482=DIRECTION('',(0.,0.,1.));
#3483=DIRECTION('',(-1.,0.,0.));
#3484=DIRECTION('',(1.,0.,0.));
#3485=DIRECTION('',(0.,0.,-1.));
#3486=DIRECTION('',(-1.,0.,0.));
#3487=DIRECTION('',(1.,0.,0.));
#3488=DIRECTION('',(0.,0.,-1.));
#3489=DIRECTION('',(-1.,0.,0.));
#3490=DIRECTION('',(0.,0.,1.));
#3491=DIRECTION('',(-1.,0.,0.));
#3492=DIRECTION('',(1.,0.,0.));
#3493=DIRECTION('',(0.,0.,-1.));
#3494=DIRECTION('',(-1.,0.,0.));
#3495=DIRECTION('',(1.,0.,0.));
#3496=DIRECTION('',(0.,0.,-1.));
#3497=DIRECTION('',(-1.,0.,0.));
#3498=DIRECTION('',(0.,0.,1.));
#3499=DIRECTION('',(1.,0.,0.));
#3500=DIRECTION('',(0.,0.,-1.));
#3501=DIRECTION('',(-1.,0.,0.));
#3502=DIRECTION('',(1.,0.,0.));
#3503=DIRECTION('',(0.,0.,-1.));
#3504=DIRECTION('',(-1.,0.,0.));
#3505=DIRECTION('',(-1.,0.,0.));
#3506=DIRECTION('',(0.,0.,1.));
#3507=DIRECTION('',(-1.,0.,0.));
#3508=DIRECTION('',(1.,0.,0.));
#3509=DIRECTION('',(0.,0.,-1.));
#3510=DIRECTION('',(-1.,0.,0.));
#3511=DIRECTION('',(1.,0.,0.));
#3512=DIRECTION('',(0.,0.,-1.));
#3513=DIRECTION('',(-1.,0.,0.));
#3514=DIRECTION('',(0.,0.,1.));
#3515=DIRECTION('',(-1.,0.,0.));
#3516=DIRECTION('',(1.,0.,0.));
#3517=DIRECTION('',(0.,0.,-1.));
#3518=DIRECTION('',(-1.,0.,0.));
#3519=DIRECTION('',(1.,0.,0.));
#3520=DIRECTION('',(0.,0.,-1.));
#3521=DIRECTION('',(-1.,0.,0.));
#3522=DIRECTION('',(0.,0.,1.));
#3523=DIRECTION('',(-1.,0.,0.));
#3524=DIRECTION('',(1.,0.,0.));
#3525=DIRECTION('',(0.,0.,-1.));
#3526=DIRECTION('',(-1.,0.,0.));
#3527=DIRECTION('',(1.,0.,0.));
#3528=DIRECTION('',(0.,0.,-1.));
#3529=DIRECTION('',(-1.,0.,0.));
#3530=DIRECTION('',(0.,0.,1.));
#3531=DIRECTION('',(-1.,0.,0.));
#3532=DIRECTION('',(1.,0.,0.));
#3533=DIRECTION('',(0.,0.,-1.));
#3534=DIRECTION('',(-1.,0.,0.));
#3535=DIRECTION('',(1.,0.,0.));
#3536=DIRECTION('',(0.,0.,-1.));
#3537=DIRECTION('',(-1.,0.,0.));
#3538=DIRECTION('',(0.,0.,1.));
#3539=DIRECTION('',(-1.,0.,0.));
#3540=DIRECTION('',(1.,0.,0.));
#3541=DIRECTION('',(0.,0.,-1.));
#3542=DIRECTION('',(-1.,0.,0.));
#3543=DIRECTION('',(1.,0.,0.));
#3544=DIRECTION('',(0.,0.,-1.));
#3545=DIRECTION('',(-1.,0.,0.));
#3546=DIRECTION('',(0.,0.,1.));
#3547=DIRECTION('',(1.,0.,0.));
#3548=DIRECTION('',(0.,0.,-1.));
#3549=DIRECTION('',(-1.,0.,0.));
#3550=DIRECTION('',(1.,0.,0.));
#3551=DIRECTION('',(0.,0.,-1.));
#3552=DIRECTION('',(-1.,0.,0.));
#3553=DIRECTION('',(-1.,0.,0.));
#3554=DIRECTION('',(0.,0.,1.));
#3555=DIRECTION('',(-1.,0.,0.));
#3556=DIRECTION('',(1.,0.,0.));
#3557=DIRECTION('',(0.,0.,-1.));
#3558=DIRECTION('',(-1.,0.,0.));
#3559=DIRECTION('',(1.,0.,0.));
#3560=DIRECTION('',(0.,0.,-1.));
#3561=DIRECTION('',(-1.,0.,0.));
#3562=DIRECTION('',(0.,0.,1.));
#3563=DIRECTION('',(1.,0.,0.));
#3564=DIRECTION('',(0.,0.,-1.));
#3565=DIRECTION('',(-1.,0.,0.));
#3566=DIRECTION('',(1.,0.,0.));
#3567=DIRECTION('',(0.,0.,-1.));
#3568=DIRECTION('',(-1.,0.,0.));
#3569=DIRECTION('',(-1.,0.,0.));
#3570=DIRECTION('',(0.,0.,1.));
#3571=DIRECTION('',(1.,0.,0.));
#3572=DIRECTION('',(0.,0.,-1.));
#3573=DIRECTION('',(-1.,0.,0.));
#3574=DIRECTION('',(1.,0.,0.));
#3575=DIRECTION('',(0.,0.,-1.));
#3576=DIRECTION('',(-1.,0.,0.));
#3577=DIRECTION('',(-1.,0.,0.));
#3578=DIRECTION('',(0.,0.,1.));
#3579=DIRECTION('',(1.,0.,0.));
#3580=DIRECTION('',(0.,0.,-1.));
#3581=DIRECTION('',(-1.,0.,0.));
#3582=DIRECTION('',(1.,0.,0.));
#3583=DIRECTION('',(0.,0.,-1.));
#3584=DIRECTION('',(-1.,0.,0.));
#3585=DIRECTION('',(-1.,0.,0.));
#3586=DIRECTION('',(0.,0.,1.));
#3587=DIRECTION('',(1.,0.,0.));
#3588=DIRECTION('',(0.,0.,-1.));
#3589=DIRECTION('',(-1.,0.,0.));
#3590=DIRECTION('',(1.,0.,0.));
#3591=DIRECTION('',(0.,0.,-1.));
#3592=DIRECTION('',(-1.,0.,0.));
#3593=DIRECTION('',(-1.,0.,0.));
#3594=DIRECTION('',(0.,0.,1.));
#3595=DIRECTION('',(1.,0.,0.));
#3596=DIRECTION('',(0.,0.,-1.));
#3597=DIRECTION('',(-1.,0.,0.));
#3598=DIRECTION('',(1.,0.,0.));
#3599=DIRECTION('',(0.,0.,-1.));
#3600=DIRECTION('',(-1.,0.,0.));
#3601=DIRECTION('',(-1.,0.,0.));
#3602=DIRECTION('',(0.,0.,1.));
#3603=DIRECTION('',(-1.,0.,0.));
#3604=DIRECTION('',(1.,0.,0.));
#3605=DIRECTION('',(0.,0.,-1.));
#3606=DIRECTION('',(-1.,0.,0.));
#3607=DIRECTION('',(1.,0.,0.));
#3608=DIRECTION('',(0.,0.,-1.));
#3609=DIRECTION('',(-1.,0.,0.));
#3610=DIRECTION('',(0.,0.,1.));
#3611=DIRECTION('',(-1.,0.,0.));
#3612=DIRECTION('',(1.,0.,0.));
#3613=DIRECTION('',(0.,0.,-1.));
#3614=DIRECTION('',(-1.,0.,0.));
#3615=DIRECTION('',(1.,0.,0.));
#3616=DIRECTION('',(0.,0.,-1.));
#3617=DIRECTION('',(-1.,0.,0.));
#3618=DIRECTION('',(0.,0.,1.));
#3619=DIRECTION('',(1.,0.,0.));
#3620=DIRECTION('',(0.,0.,-1.));
#3621=DIRECTION('',(-1.,0.,0.));
#3622=DIRECTION('',(1.,0.,0.));
#3623=DIRECTION('',(0.,0.,-1.));
#3624=DIRECTION('',(-1.,0.,0.));
#3625=DIRECTION('',(-1.,0.,0.));
#3626=DIRECTION('',(0.,0.,1.));
#3627=DIRECTION('',(1.,0.,0.));
#3628=DIRECTION('',(0.,0.,-1.));
#3629=DIRECTION('',(-1.,0.,0.));
#3630=DIRECTION('',(1.,0.,0.));
#3631=DIRECTION('',(0.,0.,-1.));
#3632=DIRECTION('',(-1.,0.,0.));
#3633=DIRECTION('',(1.,0.,0.));
#3634=DIRECTION('',(0.,1.,0.));
#3635=DIRECTION('',(0.,0.997458699830735,0.0712470499879095));
#3636=DIRECTION('',(1.,0.,0.));
#3637=DIRECTION('',(0.,0.,-1.));
#3638=DIRECTION('',(1.,0.,0.));
#3639=DIRECTION('',(0.,0.,-1.));
#3640=DIRECTION('',(1.,0.,0.));
#3641=DIRECTION('',(0.,0.,-1.));
#3642=DIRECTION('',(0.,-0.997419247275968,0.0717972503891475));
#3643=DIRECTION('',(1.,0.,0.));
#3644=DIRECTION('',(0.,0.481753674101715,-0.876306680043864));
#3645=DIRECTION('',(1.,0.,0.));
#3646=DIRECTION('',(0.,0.481753674101715,-0.876306680043864));
#3647=DIRECTION('',(1.,0.,0.));
#3648=DIRECTION('',(0.,0.481753674101715,-0.876306680043864));
#3649=DIRECTION('',(1.,0.,0.));
#3650=DIRECTION('',(0.,0.684547105928689,-0.728968627421412));
#3651=DIRECTION('',(1.,0.,0.));
#3652=DIRECTION('',(0.,0.684547105928689,-0.728968627421412));
#3653=DIRECTION('',(1.,0.,0.));
#3654=DIRECTION('',(0.,0.684547105928689,-0.728968627421412));
#3655=DIRECTION('',(1.,0.,0.));
#3656=DIRECTION('',(0.,0.844327925502015,-0.535826794978997));
#3657=DIRECTION('',(1.,0.,0.));
#3658=DIRECTION('',(0.,0.844327925502015,-0.535826794978997));
#3659=DIRECTION('',(1.,0.,0.));
#3660=DIRECTION('',(0.,0.844327925502015,-0.535826794978997));
#3661=DIRECTION('',(1.,0.,0.));
#3662=DIRECTION('',(0.,0.951056516295154,-0.309016994374948));
#3663=DIRECTION('',(1.,0.,0.));
#3664=DIRECTION('',(0.,0.951056516295154,-0.309016994374948));
#3665=DIRECTION('',(1.,0.,0.));
#3666=DIRECTION('',(0.,0.951056516295154,-0.309016994374948));
#3667=DIRECTION('',(1.,0.,0.));
#3668=DIRECTION('',(0.,0.998026728428272,-0.0627905195293133));
#3669=DIRECTION('',(1.,0.,0.));
#3670=DIRECTION('',(0.,0.998026728428272,-0.0627905195293133));
#3671=DIRECTION('',(1.,0.,0.));
#3672=DIRECTION('',(0.,0.998026728428272,-0.0627905195293133));
#3673=DIRECTION('',(1.,0.,0.));
#3674=DIRECTION('',(0.,0.982287250728689,0.187381314585725));
#3675=DIRECTION('',(1.,0.,0.));
#3676=DIRECTION('',(0.,0.982287250728689,0.187381314585725));
#3677=DIRECTION('',(1.,0.,0.));
#3678=DIRECTION('',(0.,0.982287250728689,0.187381314585725));
#3679=DIRECTION('',(1.,0.,0.));
#3680=DIRECTION('',(0.,0.904827052466019,0.425779291565072));
#3681=DIRECTION('',(1.,0.,0.));
#3682=DIRECTION('',(0.,0.904827052466019,0.425779291565072));
#3683=DIRECTION('',(1.,0.,0.));
#3684=DIRECTION('',(0.,0.904827052466019,0.425779291565072));
#3685=DIRECTION('',(1.,0.,0.));
#3686=DIRECTION('',(0.,0.770513242775789,0.63742398974869));
#3687=DIRECTION('',(1.,0.,0.));
#3688=DIRECTION('',(0.,0.770513242775789,0.63742398974869));
#3689=DIRECTION('',(1.,0.,0.));
#3690=DIRECTION('',(0.,0.770513242775789,0.63742398974869));
#3691=DIRECTION('',(1.,0.,0.));
#3692=DIRECTION('',(0.,0.587785252292473,0.809016994374947));
#3693=DIRECTION('',(1.,0.,0.));
#3694=DIRECTION('',(0.,0.587785252292473,0.809016994374947));
#3695=DIRECTION('',(1.,0.,0.));
#3696=DIRECTION('',(0.,0.587785252292473,0.809016994374947));
#3697=DIRECTION('',(1.,0.,0.));
#3698=DIRECTION('',(0.,0.368124552684678,0.929776485888252));
#3699=DIRECTION('',(1.,0.,0.));
#3700=DIRECTION('',(0.,0.368124552684678,0.929776485888252));
#3701=DIRECTION('',(1.,0.,0.));
#3702=DIRECTION('',(0.,0.368124552684678,0.929776485888252));
#3703=DIRECTION('',(1.,0.,0.));
#3704=DIRECTION('',(0.,0.125333233564304,0.992114701314478));
#3705=DIRECTION('',(1.,0.,0.));
#3706=DIRECTION('',(0.,0.125333233564304,0.992114701314478));
#3707=DIRECTION('',(1.,0.,0.));
#3708=DIRECTION('',(0.,0.125333233564304,0.992114701314478));
#3709=DIRECTION('',(1.,0.,0.));
#3710=DIRECTION('',(0.,-0.125333233564304,0.992114701314478));
#3711=DIRECTION('',(1.,0.,0.));
#3712=DIRECTION('',(0.,-0.125333233564304,0.992114701314478));
#3713=DIRECTION('',(1.,0.,0.));
#3714=DIRECTION('',(0.,-0.125333233564304,0.992114701314478));
#3715=DIRECTION('',(1.,0.,0.));
#3716=DIRECTION('',(0.,-0.368124552684678,0.929776485888251));
#3717=DIRECTION('',(1.,0.,0.));
#3718=DIRECTION('',(0.,-0.368124552684678,0.929776485888251));
#3719=DIRECTION('',(1.,0.,0.));
#3720=DIRECTION('',(0.,-0.368124552684678,0.929776485888251));
#3721=DIRECTION('',(1.,0.,0.));
#3722=DIRECTION('',(0.,-0.587785252292473,0.809016994374948));
#3723=DIRECTION('',(1.,0.,0.));
#3724=DIRECTION('',(0.,-0.587785252292473,0.809016994374948));
#3725=DIRECTION('',(1.,0.,0.));
#3726=DIRECTION('',(0.,-0.587785252292473,0.809016994374948));
#3727=DIRECTION('',(1.,0.,0.));
#3728=DIRECTION('',(0.,-0.770513242775789,0.63742398974869));
#3729=DIRECTION('',(1.,0.,0.));
#3730=DIRECTION('',(0.,-0.770513242775789,0.63742398974869));
#3731=DIRECTION('',(1.,0.,0.));
#3732=DIRECTION('',(0.,-0.770513242775789,0.63742398974869));
#3733=DIRECTION('',(1.,0.,0.));
#3734=DIRECTION('',(0.,-0.90482705246602,0.425779291565072));
#3735=DIRECTION('',(1.,0.,0.));
#3736=DIRECTION('',(0.,-0.90482705246602,0.425779291565072));
#3737=DIRECTION('',(1.,0.,0.));
#3738=DIRECTION('',(0.,-0.90482705246602,0.425779291565072));
#3739=DIRECTION('',(1.,0.,0.));
#3740=DIRECTION('',(0.,-0.982287250728689,0.187381314585725));
#3741=DIRECTION('',(1.,0.,0.));
#3742=DIRECTION('',(0.,-0.982287250728689,0.187381314585725));
#3743=DIRECTION('',(1.,0.,0.));
#3744=DIRECTION('',(0.,-0.982287250728689,0.187381314585725));
#3745=DIRECTION('',(1.,0.,0.));
#3746=DIRECTION('',(0.,-0.998026728428272,-0.0627905195293137));
#3747=DIRECTION('',(1.,0.,0.));
#3748=DIRECTION('',(0.,-0.998026728428272,-0.0627905195293137));
#3749=DIRECTION('',(1.,0.,0.));
#3750=DIRECTION('',(0.,-0.998026728428272,-0.0627905195293137));
#3751=DIRECTION('',(1.,0.,0.));
#3752=DIRECTION('',(0.,-0.951056516295154,-0.309016994374948));
#3753=DIRECTION('',(1.,0.,0.));
#3754=DIRECTION('',(0.,-0.951056516295154,-0.309016994374948));
#3755=DIRECTION('',(1.,0.,0.));
#3756=DIRECTION('',(0.,-0.951056516295154,-0.309016994374948));
#3757=DIRECTION('',(1.,0.,0.));
#3758=DIRECTION('',(0.,-0.844327925502015,-0.535826794978997));
#3759=DIRECTION('',(1.,0.,0.));
#3760=DIRECTION('',(0.,-0.844327925502015,-0.535826794978997));
#3761=DIRECTION('',(1.,0.,0.));
#3762=DIRECTION('',(0.,-0.844327925502015,-0.535826794978997));
#3763=DIRECTION('',(1.,0.,0.));
#3764=DIRECTION('',(0.,-0.684547105928688,-0.728968627421412));
#3765=DIRECTION('',(1.,0.,0.));
#3766=DIRECTION('',(0.,-0.684547105928688,-0.728968627421412));
#3767=DIRECTION('',(1.,0.,0.));
#3768=DIRECTION('',(0.,-0.684547105928688,-0.728968627421412));
#3769=DIRECTION('',(1.,0.,0.));
#3770=DIRECTION('',(0.,-0.481753674101715,-0.876306680043864));
#3771=DIRECTION('',(1.,0.,0.));
#3772=DIRECTION('',(0.,-0.481753674101715,-0.876306680043864));
#3773=DIRECTION('',(1.,0.,0.));
#3774=DIRECTION('',(0.,-0.481753674101715,-0.876306680043864));
#3775=DIRECTION('',(-1.,0.,0.));
#3776=DIRECTION('',(0.,0.,1.));
#3777=DIRECTION('',(1.,0.,0.));
#3778=DIRECTION('',(0.,0.,-1.));
#3779=DIRECTION('',(-1.,0.,0.));
#3780=DIRECTION('',(1.,0.,0.));
#3781=DIRECTION('',(0.,0.,-1.));
#3782=DIRECTION('',(-1.,0.,0.));
#3783=DIRECTION('',(1.,0.,0.));
#3784=DIRECTION('',(0.,1.,0.));
#3785=DIRECTION('',(1.,0.,0.));
#3786=DIRECTION('',(0.,0.,-1.));
#3787=DIRECTION('',(1.,0.,0.));
#3788=DIRECTION('',(0.,-0.587785252292473,0.809016994374948));
#3789=DIRECTION('',(1.,0.,0.));
#3790=DIRECTION('',(0.,-0.368124552684678,0.929776485888251));
#3791=DIRECTION('',(1.,0.,0.));
#3792=DIRECTION('',(0.,-0.368124552684678,0.929776485888251));
#3793=DIRECTION('',(1.,0.,0.));
#3794=DIRECTION('',(0.,-0.368124552684678,0.929776485888251));
#3795=DIRECTION('',(1.,0.,0.));
#3796=DIRECTION('',(0.,-0.125333233564304,0.992114701314478));
#3797=DIRECTION('',(1.,0.,0.));
#3798=DIRECTION('',(0.,-0.125333233564304,0.992114701314478));
#3799=DIRECTION('',(1.,0.,0.));
#3800=DIRECTION('',(0.,-0.125333233564304,0.992114701314478));
#3801=DIRECTION('',(1.,0.,0.));
#3802=DIRECTION('',(0.,0.125333233564304,0.992114701314478));
#3803=DIRECTION('',(1.,0.,0.));
#3804=DIRECTION('',(0.,0.125333233564304,0.992114701314478));
#3805=DIRECTION('',(1.,0.,0.));
#3806=DIRECTION('',(0.,0.125333233564304,0.992114701314478));
#3807=DIRECTION('',(1.,0.,0.));
#3808=DIRECTION('',(0.,0.368124552684678,0.929776485888252));
#3809=DIRECTION('',(1.,0.,0.));
#3810=DIRECTION('',(0.,0.368124552684678,0.929776485888252));
#3811=DIRECTION('',(1.,0.,0.));
#3812=DIRECTION('',(0.,0.368124552684678,0.929776485888252));
#3813=DIRECTION('',(1.,0.,0.));
#3814=DIRECTION('',(0.,0.587785252292473,0.809016994374947));
#3815=DIRECTION('',(1.,0.,0.));
#3816=DIRECTION('',(0.,0.587785252292473,0.809016994374947));
#3817=DIRECTION('',(1.,0.,0.));
#3818=DIRECTION('',(0.,0.587785252292473,0.809016994374947));
#3819=DIRECTION('',(1.,0.,0.));
#3820=DIRECTION('',(0.,0.770513242775789,0.63742398974869));
#3821=DIRECTION('',(1.,0.,0.));
#3822=DIRECTION('',(0.,0.770513242775789,0.63742398974869));
#3823=DIRECTION('',(1.,0.,0.));
#3824=DIRECTION('',(0.,0.770513242775789,0.63742398974869));
#3825=DIRECTION('',(1.,0.,0.));
#3826=DIRECTION('',(0.,0.904827052466019,0.425779291565072));
#3827=DIRECTION('',(1.,0.,0.));
#3828=DIRECTION('',(0.,0.904827052466019,0.425779291565072));
#3829=DIRECTION('',(1.,0.,0.));
#3830=DIRECTION('',(0.,0.904827052466019,0.425779291565072));
#3831=DIRECTION('',(1.,0.,0.));
#3832=DIRECTION('',(0.,0.982287250728689,0.187381314585725));
#3833=DIRECTION('',(1.,0.,0.));
#3834=DIRECTION('',(0.,0.982287250728689,0.187381314585725));
#3835=DIRECTION('',(1.,0.,0.));
#3836=DIRECTION('',(0.,0.982287250728689,0.187381314585725));
#3837=DIRECTION('',(1.,0.,0.));
#3838=DIRECTION('',(0.,0.998026728428272,-0.0627905195293133));
#3839=DIRECTION('',(1.,0.,0.));
#3840=DIRECTION('',(0.,0.998026728428272,-0.0627905195293133));
#3841=DIRECTION('',(1.,0.,0.));
#3842=DIRECTION('',(0.,0.998026728428272,-0.0627905195293133));
#3843=DIRECTION('',(1.,0.,0.));
#3844=DIRECTION('',(0.,0.951056516295154,-0.309016994374948));
#3845=DIRECTION('',(1.,0.,0.));
#3846=DIRECTION('',(0.,0.951056516295154,-0.309016994374948));
#3847=DIRECTION('',(1.,0.,0.));
#3848=DIRECTION('',(0.,0.951056516295154,-0.309016994374948));
#3849=DIRECTION('',(1.,0.,0.));
#3850=DIRECTION('',(0.,0.844327925502015,-0.535826794978997));
#3851=DIRECTION('',(1.,0.,0.));
#3852=DIRECTION('',(0.,0.844327925502015,-0.535826794978997));
#3853=DIRECTION('',(1.,0.,0.));
#3854=DIRECTION('',(0.,0.844327925502015,-0.535826794978997));
#3855=DIRECTION('',(1.,0.,0.));
#3856=DIRECTION('',(0.,0.684547105928689,-0.728968627421412));
#3857=DIRECTION('',(1.,0.,0.));
#3858=DIRECTION('',(0.,0.684547105928689,-0.728968627421412));
#3859=DIRECTION('',(1.,0.,0.));
#3860=DIRECTION('',(0.,0.684547105928689,-0.728968627421412));
#3861=DIRECTION('',(1.,0.,0.));
#3862=DIRECTION('',(0.,0.481753674101715,-0.876306680043864));
#3863=DIRECTION('',(1.,0.,0.));
#3864=DIRECTION('',(0.,0.481753674101715,-0.876306680043864));
#3865=DIRECTION('',(1.,0.,0.));
#3866=DIRECTION('',(0.,0.481753674101715,-0.876306680043864));
#3867=DIRECTION('',(1.,0.,0.));
#3868=DIRECTION('',(0.,0.248689887164855,-0.968583161128631));
#3869=DIRECTION('',(1.,0.,0.));
#3870=DIRECTION('',(0.,0.248689887164855,-0.968583161128631));
#3871=DIRECTION('',(1.,0.,0.));
#3872=DIRECTION('',(0.,0.248689887164855,-0.968583161128631));
#3873=DIRECTION('',(1.,0.,0.));
#3874=DIRECTION('',(0.,0.,-1.));
#3875=DIRECTION('',(1.,0.,0.));
#3876=DIRECTION('',(0.,0.,-1.));
#3877=DIRECTION('',(1.,0.,0.));
#3878=DIRECTION('',(0.,0.,-1.));
#3879=DIRECTION('',(1.,0.,0.));
#3880=DIRECTION('',(0.,-0.248689887164854,-0.968583161128631));
#3881=DIRECTION('',(1.,0.,0.));
#3882=DIRECTION('',(0.,-0.248689887164854,-0.968583161128631));
#3883=DIRECTION('',(1.,0.,0.));
#3884=DIRECTION('',(0.,-0.248689887164854,-0.968583161128631));
#3885=DIRECTION('',(1.,0.,0.));
#3886=DIRECTION('',(0.,-0.481753674101715,-0.876306680043864));
#3887=DIRECTION('',(1.,0.,0.));
#3888=DIRECTION('',(0.,-0.481753674101715,-0.876306680043864));
#3889=DIRECTION('',(1.,0.,0.));
#3890=DIRECTION('',(0.,-0.481753674101715,-0.876306680043864));
#3891=DIRECTION('',(1.,0.,0.));
#3892=DIRECTION('',(0.,-0.684547105928688,-0.728968627421412));
#3893=DIRECTION('',(1.,0.,0.));
#3894=DIRECTION('',(0.,-0.684547105928688,-0.728968627421412));
#3895=DIRECTION('',(1.,0.,0.));
#3896=DIRECTION('',(0.,-0.684547105928688,-0.728968627421412));
#3897=DIRECTION('',(1.,0.,0.));
#3898=DIRECTION('',(0.,-0.844327925502015,-0.535826794978997));
#3899=DIRECTION('',(1.,0.,0.));
#3900=DIRECTION('',(0.,-0.844327925502015,-0.535826794978997));
#3901=DIRECTION('',(1.,0.,0.));
#3902=DIRECTION('',(0.,-0.844327925502015,-0.535826794978997));
#3903=DIRECTION('',(1.,0.,0.));
#3904=DIRECTION('',(0.,-0.951056516295154,-0.309016994374948));
#3905=DIRECTION('',(1.,0.,0.));
#3906=DIRECTION('',(0.,-0.951056516295154,-0.309016994374948));
#3907=DIRECTION('',(1.,0.,0.));
#3908=DIRECTION('',(0.,-0.951056516295154,-0.309016994374948));
#3909=DIRECTION('',(1.,0.,0.));
#3910=DIRECTION('',(0.,-0.998026728428272,-0.0627905195293137));
#3911=DIRECTION('',(1.,0.,0.));
#3912=DIRECTION('',(0.,-0.998026728428272,-0.0627905195293137));
#3913=DIRECTION('',(1.,0.,0.));
#3914=DIRECTION('',(0.,-0.998026728428272,-0.0627905195293137));
#3915=DIRECTION('',(1.,0.,0.));
#3916=DIRECTION('',(0.,-0.982287250728689,0.187381314585725));
#3917=DIRECTION('',(1.,0.,0.));
#3918=DIRECTION('',(0.,-0.982287250728689,0.187381314585725));
#3919=DIRECTION('',(1.,0.,0.));
#3920=DIRECTION('',(0.,-0.982287250728689,0.187381314585725));
#3921=DIRECTION('',(1.,0.,0.));
#3922=DIRECTION('',(0.,-0.90482705246602,0.425779291565072));
#3923=DIRECTION('',(1.,0.,0.));
#3924=DIRECTION('',(0.,-0.90482705246602,0.425779291565072));
#3925=DIRECTION('',(1.,0.,0.));
#3926=DIRECTION('',(0.,-0.90482705246602,0.425779291565072));
#3927=DIRECTION('',(1.,0.,0.));
#3928=DIRECTION('',(0.,-0.770513242775789,0.63742398974869));
#3929=DIRECTION('',(1.,0.,0.));
#3930=DIRECTION('',(0.,-0.770513242775789,0.63742398974869));
#3931=DIRECTION('',(1.,0.,0.));
#3932=DIRECTION('',(0.,-0.770513242775789,0.63742398974869));
#3933=DIRECTION('',(1.,0.,0.));
#3934=DIRECTION('',(0.,-0.587785252292473,0.809016994374948));
#3935=DIRECTION('',(1.,0.,0.));
#3936=DIRECTION('',(0.,-0.587785252292473,0.809016994374948));
#3937=DIRECTION('',(-1.,0.,0.));
#3938=DIRECTION('',(-1.,0.,0.));
#3939=DIRECTION('',(-1.,0.,0.));
#3940=DIRECTION('',(0.,0.,1.));
#3941=DIRECTION('',(-1.,0.,0.));
#3942=DIRECTION('',(1.,0.,0.));
#3943=DIRECTION('',(0.,0.,-1.));
#3944=DIRECTION('',(-1.,0.,0.));
#3945=DIRECTION('',(-1.,0.,0.));
#3946=DIRECTION('',(0.,0.,1.));
#3947=DIRECTION('',(1.,0.,0.));
#3948=DIRECTION('',(0.,0.,-1.));
#3949=DIRECTION('',(-1.,0.,0.));
#3950=DIRECTION('',(0.,0.,1.));
#3951=DIRECTION('',(1.,0.,0.));
#3952=DIRECTION('',(0.,0.,-1.));
#3953=DIRECTION('',(-1.,0.,0.));
#3954=DIRECTION('',(-1.,0.,0.));
#3955=DIRECTION('',(-1.,0.,0.));
#3956=DIRECTION('',(0.,0.684547105928688,0.728968627421412));
#3957=DIRECTION('',(-1.,0.,0.));
#3958=DIRECTION('',(-1.,0.,0.));
#3959=DIRECTION('',(-1.,0.,0.));
#3960=DIRECTION('',(0.,0.684547105928688,0.728968627421412));
#3961=DIRECTION('',(-1.,0.,0.));
#3962=DIRECTION('',(0.,0.684547105928688,0.728968627421412));
#3963=DIRECTION('',(-1.,0.,0.));
#3964=DIRECTION('',(-1.,0.,0.));
#3965=DIRECTION('',(-1.,0.,0.));
#3966=DIRECTION('',(0.,0.844327925502015,0.535826794978997));
#3967=DIRECTION('',(-1.,0.,0.));
#3968=DIRECTION('',(-1.,0.,0.));
#3969=DIRECTION('',(-1.,0.,0.));
#3970=DIRECTION('',(0.,0.844327925502015,0.535826794978997));
#3971=DIRECTION('',(-1.,0.,0.));
#3972=DIRECTION('',(0.,0.844327925502015,0.535826794978997));
#3973=DIRECTION('',(-1.,0.,0.));
#3974=DIRECTION('',(-1.,0.,0.));
#3975=DIRECTION('',(-1.,0.,0.));
#3976=DIRECTION('',(0.,0.481753674101715,0.876306680043864));
#3977=DIRECTION('',(-1.,0.,0.));
#3978=DIRECTION('',(-1.,0.,0.));
#3979=DIRECTION('',(-1.,0.,0.));
#3980=DIRECTION('',(0.,0.481753674101715,0.876306680043864));
#3981=DIRECTION('',(-1.,0.,0.));
#3982=DIRECTION('',(0.,0.481753674101715,0.876306680043864));
#3983=DIRECTION('',(-1.,0.,0.));
#3984=DIRECTION('',(-1.,0.,0.));
#3985=DIRECTION('',(-1.,0.,0.));
#3986=DIRECTION('',(0.,0.248689887164854,0.968583161128631));
#3987=DIRECTION('',(-1.,0.,0.));
#3988=DIRECTION('',(1.,0.,0.));
#3989=DIRECTION('',(0.,-0.248689887164854,-0.968583161128631));
#3990=DIRECTION('',(-1.,0.,0.));
#3991=DIRECTION('',(-1.,0.,0.));
#3992=DIRECTION('',(0.,0.248689887164854,0.968583161128631));
#3993=DIRECTION('',(1.,0.,0.));
#3994=DIRECTION('',(0.,-0.248689887164854,-0.968583161128631));
#3995=DIRECTION('',(-1.,0.,0.));
#3996=DIRECTION('',(0.,0.248689887164854,0.968583161128631));
#3997=DIRECTION('',(1.,0.,0.));
#3998=DIRECTION('',(0.,-0.248689887164854,-0.968583161128631));
#3999=DIRECTION('',(-1.,0.,0.));
#4000=DIRECTION('',(-1.,0.,0.));
#4001=DIRECTION('',(-1.,0.,0.));
#4002=DIRECTION('',(0.,0.951056516295154,0.309016994374948));
#4003=DIRECTION('',(-1.,0.,0.));
#4004=DIRECTION('',(-1.,0.,0.));
#4005=DIRECTION('',(-1.,0.,0.));
#4006=DIRECTION('',(0.,0.951056516295154,0.309016994374948));
#4007=DIRECTION('',(-1.,0.,0.));
#4008=DIRECTION('',(0.,0.951056516295154,0.309016994374948));
#4009=DIRECTION('',(-1.,0.,0.));
#4010=DIRECTION('',(-1.,0.,0.));
#4011=DIRECTION('',(-1.,0.,0.));
#4012=DIRECTION('',(0.,0.998026728428272,0.0627905195293137));
#4013=DIRECTION('',(-1.,0.,0.));
#4014=DIRECTION('',(-1.,0.,0.));
#4015=DIRECTION('',(-1.,0.,0.));
#4016=DIRECTION('',(0.,0.998026728428272,0.0627905195293137));
#4017=DIRECTION('',(-1.,0.,0.));
#4018=DIRECTION('',(0.,0.998026728428272,0.0627905195293137));
#4019=DIRECTION('',(-1.,0.,0.));
#4020=DIRECTION('',(-1.,0.,0.));
#4021=DIRECTION('',(-1.,0.,0.));
#4022=DIRECTION('',(0.,0.982287250728689,-0.187381314585725));
#4023=DIRECTION('',(-1.,0.,0.));
#4024=DIRECTION('',(-1.,0.,0.));
#4025=DIRECTION('',(-1.,0.,0.));
#4026=DIRECTION('',(0.,0.982287250728689,-0.187381314585725));
#4027=DIRECTION('',(-1.,0.,0.));
#4028=DIRECTION('',(0.,0.982287250728689,-0.187381314585725));
#4029=DIRECTION('',(-1.,0.,0.));
#4030=DIRECTION('',(-1.,0.,0.));
#4031=DIRECTION('',(-1.,0.,0.));
#4032=DIRECTION('',(0.,0.90482705246602,-0.425779291565072));
#4033=DIRECTION('',(-1.,0.,0.));
#4034=DIRECTION('',(-1.,0.,0.));
#4035=DIRECTION('',(-1.,0.,0.));
#4036=DIRECTION('',(0.,0.90482705246602,-0.425779291565072));
#4037=DIRECTION('',(-1.,0.,0.));
#4038=DIRECTION('',(0.,0.90482705246602,-0.425779291565072));
#4039=DIRECTION('',(-1.,0.,0.));
#4040=DIRECTION('',(-1.,0.,0.));
#4041=DIRECTION('',(-1.,0.,0.));
#4042=DIRECTION('',(0.,-0.684547105928689,0.728968627421412));
#4043=DIRECTION('',(-1.,0.,0.));
#4044=DIRECTION('',(-1.,0.,0.));
#4045=DIRECTION('',(-1.,0.,0.));
#4046=DIRECTION('',(0.,-0.684547105928689,0.728968627421412));
#4047=DIRECTION('',(-1.,0.,0.));
#4048=DIRECTION('',(0.,-0.684547105928689,0.728968627421412));
#4049=DIRECTION('',(-1.,0.,0.));
#4050=DIRECTION('',(-1.,0.,0.));
#4051=DIRECTION('',(-1.,0.,0.));
#4052=DIRECTION('',(0.,-0.844327925502015,0.535826794978997));
#4053=DIRECTION('',(-1.,0.,0.));
#4054=DIRECTION('',(-1.,0.,0.));
#4055=DIRECTION('',(-1.,0.,0.));
#4056=DIRECTION('',(0.,-0.844327925502015,0.535826794978997));
#4057=DIRECTION('',(-1.,0.,0.));
#4058=DIRECTION('',(0.,-0.844327925502015,0.535826794978997));
#4059=DIRECTION('',(-1.,0.,0.));
#4060=DIRECTION('',(-1.,0.,0.));
#4061=DIRECTION('',(-1.,0.,0.));
#4062=DIRECTION('',(0.,-0.481753674101715,0.876306680043864));
#4063=DIRECTION('',(-1.,0.,0.));
#4064=DIRECTION('',(-1.,0.,0.));
#4065=DIRECTION('',(-1.,0.,0.));
#4066=DIRECTION('',(0.,-0.481753674101715,0.876306680043864));
#4067=DIRECTION('',(-1.,0.,0.));
#4068=DIRECTION('',(0.,-0.481753674101715,0.876306680043864));
#4069=DIRECTION('',(-1.,0.,0.));
#4070=DIRECTION('',(-1.,0.,0.));
#4071=DIRECTION('',(-1.,0.,0.));
#4072=DIRECTION('',(0.,-0.248689887164855,0.968583161128631));
#4073=DIRECTION('',(-1.,0.,0.));
#4074=DIRECTION('',(1.,0.,0.));
#4075=DIRECTION('',(0.,0.248689887164855,-0.968583161128631));
#4076=DIRECTION('',(-1.,0.,0.));
#4077=DIRECTION('',(-1.,0.,0.));
#4078=DIRECTION('',(0.,-0.248689887164855,0.968583161128631));
#4079=DIRECTION('',(1.,0.,0.));
#4080=DIRECTION('',(0.,0.248689887164855,-0.968583161128631));
#4081=DIRECTION('',(-1.,0.,0.));
#4082=DIRECTION('',(0.,-0.248689887164855,0.968583161128631));
#4083=DIRECTION('',(1.,0.,0.));
#4084=DIRECTION('',(0.,0.248689887164855,-0.968583161128631));
#4085=DIRECTION('',(-1.,0.,0.));
#4086=DIRECTION('',(-1.,0.,0.));
#4087=DIRECTION('',(-1.,0.,0.));
#4088=DIRECTION('',(0.,-0.951056516295154,0.309016994374948));
#4089=DIRECTION('',(-1.,0.,0.));
#4090=DIRECTION('',(-1.,0.,0.));
#4091=DIRECTION('',(-1.,0.,0.));
#4092=DIRECTION('',(0.,-0.951056516295154,0.309016994374948));
#4093=DIRECTION('',(-1.,0.,0.));
#4094=DIRECTION('',(0.,-0.951056516295154,0.309016994374948));
#4095=DIRECTION('',(-1.,0.,0.));
#4096=DIRECTION('',(-1.,0.,0.));
#4097=DIRECTION('',(-1.,0.,0.));
#4098=DIRECTION('',(0.,-0.998026728428272,0.0627905195293133));
#4099=DIRECTION('',(-1.,0.,0.));
#4100=DIRECTION('',(-1.,0.,0.));
#4101=DIRECTION('',(-1.,0.,0.));
#4102=DIRECTION('',(0.,-0.998026728428272,0.0627905195293133));
#4103=DIRECTION('',(-1.,0.,0.));
#4104=DIRECTION('',(0.,-0.998026728428272,0.0627905195293133));
#4105=DIRECTION('',(-1.,0.,0.));
#4106=DIRECTION('',(-1.,0.,0.));
#4107=DIRECTION('',(-1.,0.,0.));
#4108=DIRECTION('',(0.,-0.982287250728689,-0.187381314585725));
#4109=DIRECTION('',(-1.,0.,0.));
#4110=DIRECTION('',(-1.,0.,0.));
#4111=DIRECTION('',(-1.,0.,0.));
#4112=DIRECTION('',(0.,-0.982287250728689,-0.187381314585725));
#4113=DIRECTION('',(-1.,0.,0.));
#4114=DIRECTION('',(0.,-0.982287250728689,-0.187381314585725));
#4115=DIRECTION('',(-1.,0.,0.));
#4116=DIRECTION('',(-1.,0.,0.));
#4117=DIRECTION('',(-1.,0.,0.));
#4118=DIRECTION('',(0.,-0.904827052466019,-0.425779291565072));
#4119=DIRECTION('',(-1.,0.,0.));
#4120=DIRECTION('',(-1.,0.,0.));
#4121=DIRECTION('',(-1.,0.,0.));
#4122=DIRECTION('',(0.,-0.904827052466019,-0.425779291565072));
#4123=DIRECTION('',(-1.,0.,0.));
#4124=DIRECTION('',(0.,-0.904827052466019,-0.425779291565072));
#4125=DIRECTION('',(-1.,0.,0.));
#4126=DIRECTION('',(-1.,0.,0.));
#4127=DIRECTION('',(-1.,0.,0.));
#4128=DIRECTION('',(0.,-0.587785252292473,-0.809016994374947));
#4129=DIRECTION('',(-1.,0.,0.));
#4130=DIRECTION('',(-1.,0.,0.));
#4131=DIRECTION('',(-1.,0.,0.));
#4132=DIRECTION('',(0.,-0.587785252292473,-0.809016994374947));
#4133=DIRECTION('',(-1.,0.,0.));
#4134=DIRECTION('',(0.,-0.587785252292473,-0.809016994374947));
#4135=DIRECTION('',(-1.,0.,0.));
#4136=DIRECTION('',(-1.,0.,0.));
#4137=DIRECTION('',(-1.,0.,0.));
#4138=DIRECTION('',(0.,-0.770513242775789,-0.63742398974869));
#4139=DIRECTION('',(-1.,0.,0.));
#4140=DIRECTION('',(-1.,0.,0.));
#4141=DIRECTION('',(-1.,0.,0.));
#4142=DIRECTION('',(0.,-0.770513242775789,-0.63742398974869));
#4143=DIRECTION('',(-1.,0.,0.));
#4144=DIRECTION('',(0.,-0.770513242775789,-0.63742398974869));
#4145=DIRECTION('',(-1.,0.,0.));
#4146=DIRECTION('',(-1.,0.,0.));
#4147=DIRECTION('',(-1.,0.,0.));
#4148=DIRECTION('',(0.,-0.368124552684678,-0.929776485888252));
#4149=DIRECTION('',(-1.,0.,0.));
#4150=DIRECTION('',(-1.,0.,0.));
#4151=DIRECTION('',(-1.,0.,0.));
#4152=DIRECTION('',(0.,-0.368124552684678,-0.929776485888252));
#4153=DIRECTION('',(-1.,0.,0.));
#4154=DIRECTION('',(0.,-0.368124552684678,-0.929776485888252));
#4155=DIRECTION('',(-1.,0.,0.));
#4156=DIRECTION('',(-1.,0.,0.));
#4157=DIRECTION('',(-1.,0.,0.));
#4158=DIRECTION('',(0.,-0.125333233564304,-0.992114701314478));
#4159=DIRECTION('',(-1.,0.,0.));
#4160=DIRECTION('',(-1.,0.,0.));
#4161=DIRECTION('',(-1.,0.,0.));
#4162=DIRECTION('',(0.,-0.125333233564304,-0.992114701314478));
#4163=DIRECTION('',(-1.,0.,0.));
#4164=DIRECTION('',(0.,-0.125333233564304,-0.992114701314478));
#4165=DIRECTION('',(-1.,0.,0.));
#4166=DIRECTION('',(-1.,0.,0.));
#4167=DIRECTION('',(-1.,0.,0.));
#4168=DIRECTION('',(0.,0.125333233564304,-0.992114701314478));
#4169=DIRECTION('',(-1.,0.,0.));
#4170=DIRECTION('',(-1.,0.,0.));
#4171=DIRECTION('',(-1.,0.,0.));
#4172=DIRECTION('',(0.,0.125333233564304,-0.992114701314478));
#4173=DIRECTION('',(-1.,0.,0.));
#4174=DIRECTION('',(0.,0.125333233564304,-0.992114701314478));
#4175=DIRECTION('',(-1.,0.,0.));
#4176=DIRECTION('',(-1.,0.,0.));
#4177=DIRECTION('',(-1.,0.,0.));
#4178=DIRECTION('',(0.,0.368124552684678,-0.929776485888251));
#4179=DIRECTION('',(-1.,0.,0.));
#4180=DIRECTION('',(-1.,0.,0.));
#4181=DIRECTION('',(-1.,0.,0.));
#4182=DIRECTION('',(0.,0.368124552684678,-0.929776485888251));
#4183=DIRECTION('',(-1.,0.,0.));
#4184=DIRECTION('',(0.,0.368124552684678,-0.929776485888251));
#4185=DIRECTION('',(-1.,0.,0.));
#4186=DIRECTION('',(-1.,0.,0.));
#4187=DIRECTION('',(-1.,0.,0.));
#4188=DIRECTION('',(0.,0.770513242775789,-0.63742398974869));
#4189=DIRECTION('',(-1.,0.,0.));
#4190=DIRECTION('',(-1.,0.,0.));
#4191=DIRECTION('',(-1.,0.,0.));
#4192=DIRECTION('',(0.,0.770513242775789,-0.63742398974869));
#4193=DIRECTION('',(-1.,0.,0.));
#4194=DIRECTION('',(0.,0.770513242775789,-0.63742398974869));
#4195=DIRECTION('',(-1.,0.,0.));
#4196=DIRECTION('',(-1.,0.,0.));
#4197=DIRECTION('',(-1.,0.,0.));
#4198=DIRECTION('',(0.,0.587785252292473,-0.809016994374948));
#4199=DIRECTION('',(-1.,0.,0.));
#4200=DIRECTION('',(-1.,0.,0.));
#4201=DIRECTION('',(-1.,0.,0.));
#4202=DIRECTION('',(0.,0.587785252292473,-0.809016994374948));
#4203=DIRECTION('',(-1.,0.,0.));
#4204=DIRECTION('',(0.,0.587785252292473,-0.809016994374948));
#4205=DIRECTION('',(0.,0.0717972503891475,0.997419247275968));
#4206=DIRECTION('',(0.,-0.997419247275968,0.0717972503891475));
#4207=DIRECTION('',(0.,-0.997419247275968,0.0717972503891475));
#4208=DIRECTION('',(1.,0.,0.));
#4209=DIRECTION('',(0.,-0.997419247275968,0.0717972503891475));
#4210=DIRECTION('',(1.,0.,0.));
#4211=DIRECTION('',(1.,0.,0.));
#4212=DIRECTION('',(0.,0.,-1.));
#4213=DIRECTION('',(1.,0.,0.));
#4214=DIRECTION('',(0.,0.,-1.));
#4215=DIRECTION('',(1.,0.,0.));
#4216=DIRECTION('',(1.,0.,0.));
#4217=DIRECTION('',(0.,0.,-1.));
#4218=DIRECTION('',(1.,0.,0.));
#4219=DIRECTION('',(0.,0.,-1.));
#4220=DIRECTION('',(1.,0.,0.));
#4221=DIRECTION('',(1.,0.,0.));
#4222=DIRECTION('',(0.,0.,-1.));
#4223=DIRECTION('',(1.,0.,0.));
#4224=DIRECTION('',(0.,0.,-1.));
#4225=DIRECTION('',(1.,0.,0.));
#4226=DIRECTION('',(1.,0.,0.));
#4227=DIRECTION('',(0.,0.,-1.));
#4228=DIRECTION('',(1.,0.,0.));
#4229=DIRECTION('',(0.,0.,-1.));
#4230=DIRECTION('',(0.,0.0712470499879095,-0.997458699830735));
#4231=DIRECTION('',(0.,0.997458699830735,0.0712470499879095));
#4232=DIRECTION('',(0.,0.997458699830735,0.0712470499879095));
#4233=DIRECTION('',(0.,0.997458699830735,0.0712470499879095));
#4234=DIRECTION('',(1.,0.,0.));
#4235=DIRECTION('',(1.,0.,0.));
#4236=DIRECTION('',(0.,1.,0.));
#4237=DIRECTION('',(1.,0.,0.));
#4238=DIRECTION('',(0.,0.,-1.));
#4239=DIRECTION('',(1.,0.,0.));
#4240=DIRECTION('',(0.,1.,0.));
#4241=DIRECTION('',(-1.,0.,0.));
#4242=DIRECTION('',(0.,0.,1.));
#4243=DIRECTION('',(1.,0.,0.));
#4244=DIRECTION('',(0.,0.,-1.));
#4245=DIRECTION('',(-1.,0.,0.));
#4246=DIRECTION('',(0.,-1.,0.));
#4247=CARTESIAN_POINT('',(0.,0.,0.));
#4248=CARTESIAN_POINT('',(-0.01,0.035,0.));
#4249=CARTESIAN_POINT('',(-0.01,0.035,-0.005));
#4250=CARTESIAN_POINT('',(-0.00865,0.035,-0.005));
#4251=CARTESIAN_POINT('',(0.,0.035,-0.005));
#4252=CARTESIAN_POINT('',(-0.00865,0.035,0.));
#4253=CARTESIAN_POINT('',(-0.00865,0.035,0.005));
#4254=CARTESIAN_POINT('',(-0.01,0.035,0.005));
#4255=CARTESIAN_POINT('',(0.,0.035,0.005));
#4256=CARTESIAN_POINT('',(0.,0.035,0.));
#4257=CARTESIAN_POINT('',(-0.01,0.035,0.));
#4258=CARTESIAN_POINT('',(0.,0.035,0.));
#4259=CARTESIAN_POINT('',(0.,0.035,-0.0023));
#4260=CARTESIAN_POINT('',(-0.00865,0.035,0.));
#4261=CARTESIAN_POINT('',(-0.00865,0.035,-0.0023));
#4262=CARTESIAN_POINT('',(-0.01,1.95715784724877E-17,1.5772442049209E-17));
#4263=CARTESIAN_POINT('',(-0.01,-0.0174789281763238,-0.010224948401186));
#4264=CARTESIAN_POINT('',(-0.01,-0.0174789281763238,-0.010224948401186));
#4265=CARTESIAN_POINT('',(-0.022,-0.0174789281763238,-0.010224948401186));
#4266=CARTESIAN_POINT('',(-0.01,1.95715784724877E-17,1.5772442049209E-17));
#4267=CARTESIAN_POINT('',(-0.01,-0.0179988875363262,-0.00927914583648103));
#4268=CARTESIAN_POINT('',(-0.01,-0.0179988875363262,-0.00927914583648103));
#4269=CARTESIAN_POINT('',(-0.022,-0.0179988875363262,-0.00927914583648103));
#4270=CARTESIAN_POINT('',(-0.022,1.95715784724877E-17,1.5772442049209E-17));
#4271=CARTESIAN_POINT('',(-0.01,1.95715784724877E-17,1.5772442049209E-17));
#4272=CARTESIAN_POINT('',(-0.01,1.95715784724877E-17,1.5772442049209E-17));
#4273=CARTESIAN_POINT('',(-0.01,-0.0151257896556728,-0.0134637657173742));
#4274=CARTESIAN_POINT('',(-0.01,-0.0143869542420065,-0.0142505455207304));
#4275=CARTESIAN_POINT('',(-0.01,-0.0151257896556728,-0.0134637657173742));
#4276=CARTESIAN_POINT('',(-0.022,-0.0151257896556728,-0.0134637657173742));
#4277=CARTESIAN_POINT('',(-0.022,1.95715784724877E-17,1.5772442049209E-17));
#4278=CARTESIAN_POINT('',(-0.022,-0.0143869542420065,-0.0142505455207304));
#4279=CARTESIAN_POINT('',(-0.01,-0.0143869542420065,-0.0142505455207304));
#4280=CARTESIAN_POINT('',(-0.01,1.95715784724877E-17,1.5772442049209E-17));
#4281=CARTESIAN_POINT('',(-0.01,-0.0194726367703213,-0.0055568801688653));
#4282=CARTESIAN_POINT('',(-0.01,-0.0194726367703213,-0.0055568801688653));
#4283=CARTESIAN_POINT('',(-0.022,-0.0194726367703213,-0.0055568801688653));
#4284=CARTESIAN_POINT('',(-0.01,1.95715784724877E-17,1.5772442049209E-17));
#4285=CARTESIAN_POINT('',(-0.01,-0.0197410491177942,-0.00451148309637051));
#4286=CARTESIAN_POINT('',(-0.01,-0.0197410491177942,-0.00451148309637051));
#4287=CARTESIAN_POINT('',(-0.022,-0.0197410491177942,-0.00451148309637051));
#4288=CARTESIAN_POINT('',(-0.022,1.95715784724877E-17,1.5772442049209E-17));
#4289=CARTESIAN_POINT('',(-0.01,1.95715784724877E-17,1.5772442049209E-17));
#4290=CARTESIAN_POINT('',(-0.01,-0.0202428079806912,-0.000539652718759135));
#4291=CARTESIAN_POINT('',(-0.01,-0.0202428079806912,-0.000539652718759135));
#4292=CARTESIAN_POINT('',(-0.022,-0.0202428079806912,-0.000539652718759135));
#4293=CARTESIAN_POINT('',(-0.01,1.95715784724877E-17,1.5772442049209E-17));
#4294=CARTESIAN_POINT('',(-0.01,-0.0202428079806912,0.00053965271875916));
#4295=CARTESIAN_POINT('',(-0.01,-0.0202428079806912,0.00053965271875916));
#4296=CARTESIAN_POINT('',(-0.022,-0.0202428079806912,0.00053965271875916));
#4297=CARTESIAN_POINT('',(-0.022,1.95715784724877E-17,1.5772442049209E-17));
#4298=CARTESIAN_POINT('',(-0.01,1.95715784724877E-17,1.5772442049209E-17));
#4299=CARTESIAN_POINT('',(-0.01,-0.0197410491177942,0.00451148309637054));
#4300=CARTESIAN_POINT('',(-0.01,-0.0197410491177942,0.00451148309637054));
#4301=CARTESIAN_POINT('',(-0.022,-0.0197410491177942,0.00451148309637054));
#4302=CARTESIAN_POINT('',(-0.01,1.95715784724877E-17,1.5772442049209E-17));
#4303=CARTESIAN_POINT('',(-0.01,-0.0194726367703213,0.00555688016886533));
#4304=CARTESIAN_POINT('',(-0.01,-0.0194726367703213,0.00555688016886533));
#4305=CARTESIAN_POINT('',(-0.022,-0.0194726367703213,0.00555688016886533));
#4306=CARTESIAN_POINT('',(-0.022,1.95715784724877E-17,1.5772442049209E-17));
#4307=CARTESIAN_POINT('',(-0.01,1.95715784724877E-17,1.5772442049209E-17));
#4308=CARTESIAN_POINT('',(-0.01,-0.0179988875363262,0.00927914583648106));
#4309=CARTESIAN_POINT('',(-0.01,-0.0179988875363262,0.00927914583648106));
#4310=CARTESIAN_POINT('',(-0.022,-0.0179988875363262,0.00927914583648106));
#4311=CARTESIAN_POINT('',(-0.01,1.95715784724877E-17,1.5772442049209E-17));
#4312=CARTESIAN_POINT('',(-0.01,-0.0174789281763238,0.010224948401186));
#4313=CARTESIAN_POINT('',(-0.01,-0.0174789281763238,0.010224948401186));
#4314=CARTESIAN_POINT('',(-0.022,-0.0174789281763238,0.010224948401186));
#4315=CARTESIAN_POINT('',(-0.022,1.95715784724877E-17,1.5772442049209E-17));
#4316=CARTESIAN_POINT('',(-0.01,1.95715784724877E-17,1.5772442049209E-17));
#4317=CARTESIAN_POINT('',(-0.01,-0.0113022827821904,0.0168024076819783));
#4318=CARTESIAN_POINT('',(-0.01,-0.0113022827821904,0.0168024076819783));
#4319=CARTESIAN_POINT('',(-0.022,-0.0113022827821904,0.0168024076819783));
#4320=CARTESIAN_POINT('',(-0.01,1.95715784724877E-17,1.5772442049209E-17));
#4321=CARTESIAN_POINT('',(-0.01,-0.0103909950611476,0.0173807284553671));
#4322=CARTESIAN_POINT('',(-0.01,-0.0103909950611476,0.0173807284553671));
#4323=CARTESIAN_POINT('',(-0.022,-0.0103909950611476,0.0173807284553671));
#4324=CARTESIAN_POINT('',(-0.022,1.95715784724877E-17,1.5772442049209E-17));
#4325=CARTESIAN_POINT('',(-0.01,1.95715784724877E-17,1.5772442049209E-17));
#4326=CARTESIAN_POINT('',(-0.01,1.95715784724877E-17,1.5772442049209E-17));
#4327=CARTESIAN_POINT('',(-0.01,-0.0143869542420065,0.0142505455207304));
#4328=CARTESIAN_POINT('',(-0.01,-0.0151257896556728,0.0134637657173743));
#4329=CARTESIAN_POINT('',(-0.01,-0.0143869542420065,0.0142505455207304));
#4330=CARTESIAN_POINT('',(-0.022,-0.0143869542420065,0.0142505455207304));
#4331=CARTESIAN_POINT('',(-0.022,1.95715784724877E-17,1.5772442049209E-17));
#4332=CARTESIAN_POINT('',(-0.022,-0.0151257896556728,0.0134637657173743));
#4333=CARTESIAN_POINT('',(-0.01,-0.0151257896556728,0.0134637657173743));
#4334=CARTESIAN_POINT('',(-0.01,1.95715784724877E-17,1.5772442049209E-17));
#4335=CARTESIAN_POINT('',(-0.01,-0.00676861191461467,0.0190852925769907));
#4336=CARTESIAN_POINT('',(-0.01,-0.00676861191461467,0.0190852925769907));
#4337=CARTESIAN_POINT('',(-0.022,-0.00676861191461467,0.0190852925769907));
#4338=CARTESIAN_POINT('',(-0.01,1.95715784724877E-17,1.5772442049209E-17));
#4339=CARTESIAN_POINT('',(-0.01,-0.0057421314451901,0.0194188162993052));
#4340=CARTESIAN_POINT('',(-0.01,-0.0057421314451901,0.0194188162993052));
#4341=CARTESIAN_POINT('',(-0.022,-0.0057421314451901,0.0194188162993052));
#4342=CARTESIAN_POINT('',(-0.022,1.95715784724877E-17,1.5772442049209E-17));
#4343=CARTESIAN_POINT('',(-0.01,1.95715784724877E-17,1.5772442049209E-17));
#4344=CARTESIAN_POINT('',(-0.01,-0.00180964426723033,0.0201689783485947));
#4345=CARTESIAN_POINT('',(-0.01,-0.00180964426723033,0.0201689783485947));
#4346=CARTESIAN_POINT('',(-0.022,-0.00180964426723033,0.0201689783485947));
#4347=CARTESIAN_POINT('',(-0.01,1.95715784724877E-17,1.5772442049209E-17));
#4348=CARTESIAN_POINT('',(-0.01,-0.0007324685924491,0.0202367484977473));
#4349=CARTESIAN_POINT('',(-0.01,-0.0007324685924491,0.0202367484977473));
#4350=CARTESIAN_POINT('',(-0.022,-0.0007324685924491,0.0202367484977473));
#4351=CARTESIAN_POINT('',(-0.022,1.95715784724877E-17,1.5772442049209E-17));
#4352=CARTESIAN_POINT('',(-0.01,1.95715784724877E-17,1.5772442049209E-17));
#4353=CARTESIAN_POINT('',(-0.01,0.00326302998487015,0.0199853730342428));
#4354=CARTESIAN_POINT('',(-0.01,0.00326302998487015,0.0199853730342428));
#4355=CARTESIAN_POINT('',(-0.022,0.00326302998487015,0.0199853730342428));
#4356=CARTESIAN_POINT('',(-0.01,1.95715784724877E-17,1.5772442049209E-17));
#4357=CARTESIAN_POINT('',(-0.01,0.00432321795578653,0.0197831313625211));
#4358=CARTESIAN_POINT('',(-0.01,0.00432321795578653,0.0197831313625211));
#4359=CARTESIAN_POINT('',(-0.022,0.00432321795578653,0.0197831313625211));
#4360=CARTESIAN_POINT('',(-0.022,1.95715784724877E-17,1.5772442049209E-17));
#4361=CARTESIAN_POINT('',(-0.01,1.95715784724877E-17,1.5772442049209E-17));
#4362=CARTESIAN_POINT('',(-0.01,0.00813067606243642,0.0185460132310889));
#4363=CARTESIAN_POINT('',(-0.01,0.00813067606243642,0.0185460132310889));
#4364=CARTESIAN_POINT('',(-0.022,0.00813067606243642,0.0185460132310889));
#4365=CARTESIAN_POINT('',(-0.01,1.95715784724877E-17,1.5772442049209E-17));
#4366=CARTESIAN_POINT('',(-0.01,0.00910726082017664,0.01808646732652));
#4367=CARTESIAN_POINT('',(-0.01,0.00910726082017664,0.01808646732652));
#4368=CARTESIAN_POINT('',(-0.022,0.00910726082017664,0.01808646732652));
#4369=CARTESIAN_POINT('',(-0.022,1.95715784724877E-17,1.5772442049209E-17));
#4370=CARTESIAN_POINT('',(-0.01,1.95715784724877E-17,1.5772442049209E-17));
#4371=CARTESIAN_POINT('',(-0.01,0.020015550973286,0.00307249397652663));
#4372=CARTESIAN_POINT('',(-0.01,0.020015550973286,0.00307249397652663));
#4373=CARTESIAN_POINT('',(-0.022,0.020015550973286,0.00307249397652663));
#4374=CARTESIAN_POINT('',(-0.01,1.95715784724877E-17,1.5772442049209E-17));
#4375=CARTESIAN_POINT('',(-0.01,0.0201508238137737,0.00200169918475607));
#4376=CARTESIAN_POINT('',(-0.01,0.0201508238137737,0.00200169918475607));
#4377=CARTESIAN_POINT('',(-0.022,0.0201508238137737,0.00200169918475607));
#4378=CARTESIAN_POINT('',(-0.022,1.95715784724877E-17,1.5772442049209E-17));
#4379=CARTESIAN_POINT('',(-0.01,1.95715784724877E-17,1.5772442049209E-17));
#4380=CARTESIAN_POINT('',(-0.01,1.95715784724877E-17,1.5772442049209E-17));
#4381=CARTESIAN_POINT('',(-0.01,0.0190199462844961,0.00695011822452588));
#4382=CARTESIAN_POINT('',(-0.01,0.0186226274530995,0.00795363104142173));
#4383=CARTESIAN_POINT('',(-0.01,0.0190199462844961,0.00695011822452588));
#4384=CARTESIAN_POINT('',(-0.022,0.0190199462844961,0.00695011822452588));
#4385=CARTESIAN_POINT('',(-0.022,1.95715784724877E-17,1.5772442049209E-17));
#4386=CARTESIAN_POINT('',(-0.022,0.0186226274530995,0.00795363104142173));
#4387=CARTESIAN_POINT('',(-0.01,0.0186226274530995,0.00795363104142173));
#4388=CARTESIAN_POINT('',(-0.01,1.95715784724877E-17,1.5772442049209E-17));
#4389=CARTESIAN_POINT('',(-0.01,0.012487441860465,0.0159413392091602));
#4390=CARTESIAN_POINT('',(-0.01,0.012487441860465,0.0159413392091602));
#4391=CARTESIAN_POINT('',(-0.022,0.012487441860465,0.0159413392091602));
#4392=CARTESIAN_POINT('',(-0.01,1.95715784724877E-17,1.5772442049209E-17));
#4393=CARTESIAN_POINT('',(-0.01,0.0133190609930727,0.0152533640310198));
#4394=CARTESIAN_POINT('',(-0.01,0.0133190609930727,0.0152533640310198));
#4395=CARTESIAN_POINT('',(-0.022,0.0133190609930727,0.0152533640310198));
#4396=CARTESIAN_POINT('',(-0.022,1.95715784724877E-17,1.5772442049209E-17));
#4397=CARTESIAN_POINT('',(-0.01,1.95715784724877E-17,1.5772442049209E-17));
#4398=CARTESIAN_POINT('',(-0.01,1.95715784724877E-17,1.5772442049209E-17));
#4399=CARTESIAN_POINT('',(-0.01,0.0166939755796942,0.0114618357755019));
#4400=CARTESIAN_POINT('',(-0.01,0.0160595757608019,0.0123350122165755));
#4401=CARTESIAN_POINT('',(-0.01,0.0166939755796942,0.0114618357755019));
#4402=CARTESIAN_POINT('',(-0.022,0.0166939755796942,0.0114618357755019));
#4403=CARTESIAN_POINT('',(-0.022,1.95715784724877E-17,1.5772442049209E-17));
#4404=CARTESIAN_POINT('',(-0.022,0.0160595757608019,0.0123350122165755));
#4405=CARTESIAN_POINT('',(-0.01,0.0160595757608019,0.0123350122165755));
#4406=CARTESIAN_POINT('',(-0.01,1.95715784724877E-17,1.5772442049209E-17));
#4407=CARTESIAN_POINT('',(-0.01,1.95715784724877E-17,1.5772442049209E-17));
#4408=CARTESIAN_POINT('',(-0.01,-0.0113022827821904,-0.0168024076819783));
#4409=CARTESIAN_POINT('',(-0.01,-0.0103909950611476,-0.0173807284553671));
#4410=CARTESIAN_POINT('',(-0.01,-0.0113022827821904,-0.0168024076819783));
#4411=CARTESIAN_POINT('',(-0.022,-0.0113022827821904,-0.0168024076819783));
#4412=CARTESIAN_POINT('',(-0.022,1.95715784724877E-17,1.5772442049209E-17));
#4413=CARTESIAN_POINT('',(-0.022,-0.0103909950611476,-0.0173807284553671));
#4414=CARTESIAN_POINT('',(-0.01,-0.0103909950611476,-0.0173807284553671));
#4415=CARTESIAN_POINT('',(-0.01,1.95715784724877E-17,1.5772442049209E-17));
#4416=CARTESIAN_POINT('',(-0.01,1.95715784724877E-17,1.5772442049209E-17));
#4417=CARTESIAN_POINT('',(-0.01,-0.00676861191461466,-0.0190852925769907));
#4418=CARTESIAN_POINT('',(-0.01,-0.0057421314451901,-0.0194188162993052));
#4419=CARTESIAN_POINT('',(-0.01,-0.00676861191461466,-0.0190852925769907));
#4420=CARTESIAN_POINT('',(-0.022,-0.00676861191461466,-0.0190852925769907));
#4421=CARTESIAN_POINT('',(-0.022,1.95715784724877E-17,1.5772442049209E-17));
#4422=CARTESIAN_POINT('',(-0.022,-0.0057421314451901,-0.0194188162993052));
#4423=CARTESIAN_POINT('',(-0.01,-0.0057421314451901,-0.0194188162993052));
#4424=CARTESIAN_POINT('',(-0.01,1.95715784724877E-17,1.5772442049209E-17));
#4425=CARTESIAN_POINT('',(-0.01,1.95715784724877E-17,1.5772442049209E-17));
#4426=CARTESIAN_POINT('',(-0.01,-0.00180964426723033,-0.0201689783485947));
#4427=CARTESIAN_POINT('',(-0.01,-0.000732468592449091,-0.0202367484977473));
#4428=CARTESIAN_POINT('',(-0.01,-0.00180964426723033,-0.0201689783485947));
#4429=CARTESIAN_POINT('',(-0.022,-0.00180964426723033,-0.0201689783485947));
#4430=CARTESIAN_POINT('',(-0.022,1.95715784724877E-17,1.5772442049209E-17));
#4431=CARTESIAN_POINT('',(-0.022,-0.000732468592449091,-0.0202367484977473));
#4432=CARTESIAN_POINT('',(-0.01,-0.000732468592449091,-0.0202367484977473));
#4433=CARTESIAN_POINT('',(-0.01,1.95715784724877E-17,1.5772442049209E-17));
#4434=CARTESIAN_POINT('',(-0.01,1.95715784724877E-17,1.5772442049209E-17));
#4435=CARTESIAN_POINT('',(-0.01,0.00326302998487016,-0.0199853730342428));
#4436=CARTESIAN_POINT('',(-0.01,0.00432321795578653,-0.0197831313625211));
#4437=CARTESIAN_POINT('',(-0.01,0.00326302998487016,-0.0199853730342428));
#4438=CARTESIAN_POINT('',(-0.022,0.00326302998487016,-0.0199853730342428));
#4439=CARTESIAN_POINT('',(-0.022,1.95715784724877E-17,1.5772442049209E-17));
#4440=CARTESIAN_POINT('',(-0.022,0.00432321795578653,-0.0197831313625211));
#4441=CARTESIAN_POINT('',(-0.01,0.00432321795578653,-0.0197831313625211));
#4442=CARTESIAN_POINT('',(-0.01,1.95715784724877E-17,1.5772442049209E-17));
#4443=CARTESIAN_POINT('',(-0.01,0.0190199462844961,-0.00695011822452585));
#4444=CARTESIAN_POINT('',(-0.01,0.0190199462844961,-0.00695011822452585));
#4445=CARTESIAN_POINT('',(-0.022,0.0190199462844961,-0.00695011822452585));
#4446=CARTESIAN_POINT('',(-0.01,1.95715784724877E-17,1.5772442049209E-17));
#4447=CARTESIAN_POINT('',(-0.01,0.0186226274530995,-0.0079536310414217));
#4448=CARTESIAN_POINT('',(-0.01,0.0186226274530995,-0.0079536310414217));
#4449=CARTESIAN_POINT('',(-0.022,0.0186226274530995,-0.0079536310414217));
#4450=CARTESIAN_POINT('',(-0.022,1.95715784724877E-17,1.5772442049209E-17));
#4451=CARTESIAN_POINT('',(-0.01,1.95715784724877E-17,1.5772442049209E-17));
#4452=CARTESIAN_POINT('',(-0.01,0.0166939755796942,-0.0114618357755019));
#4453=CARTESIAN_POINT('',(-0.01,0.0166939755796942,-0.0114618357755019));
#4454=CARTESIAN_POINT('',(-0.022,0.0166939755796942,-0.0114618357755019));
#4455=CARTESIAN_POINT('',(-0.01,1.95715784724877E-17,1.5772442049209E-17));
#4456=CARTESIAN_POINT('',(-0.01,0.0160595757608019,-0.0123350122165755));
#4457=CARTESIAN_POINT('',(-0.01,0.0160595757608019,-0.0123350122165755));
#4458=CARTESIAN_POINT('',(-0.022,0.0160595757608019,-0.0123350122165755));
#4459=CARTESIAN_POINT('',(-0.022,1.95715784724877E-17,1.5772442049209E-17));
#4460=CARTESIAN_POINT('',(-0.01,1.95715784724877E-17,1.5772442049209E-17));
#4461=CARTESIAN_POINT('',(-0.01,1.95715784724877E-17,1.5772442049209E-17));
#4462=CARTESIAN_POINT('',(-0.01,0.00813067606243641,-0.0185460132310889));
#4463=CARTESIAN_POINT('',(-0.01,0.00910726082017665,-0.01808646732652));
#4464=CARTESIAN_POINT('',(-0.01,0.00813067606243641,-0.0185460132310889));
#4465=CARTESIAN_POINT('',(-0.022,0.00813067606243641,-0.0185460132310889));
#4466=CARTESIAN_POINT('',(-0.022,1.95715784724877E-17,1.5772442049209E-17));
#4467=CARTESIAN_POINT('',(-0.022,0.00910726082017665,-0.01808646732652));
#4468=CARTESIAN_POINT('',(-0.01,0.00910726082017665,-0.01808646732652));
#4469=CARTESIAN_POINT('',(-0.01,1.95715784724877E-17,1.5772442049209E-17));
#4470=CARTESIAN_POINT('',(-0.01,1.95715784724877E-17,1.5772442049209E-17));
#4471=CARTESIAN_POINT('',(-0.01,0.012487441860465,-0.0159413392091602));
#4472=CARTESIAN_POINT('',(-0.01,0.0133190609930727,-0.0152533640310198));
#4473=CARTESIAN_POINT('',(-0.01,0.012487441860465,-0.0159413392091602));
#4474=CARTESIAN_POINT('',(-0.022,0.012487441860465,-0.0159413392091602));
#4475=CARTESIAN_POINT('',(-0.022,1.95715784724877E-17,1.5772442049209E-17));
#4476=CARTESIAN_POINT('',(-0.022,0.0133190609930727,-0.0152533640310198));
#4477=CARTESIAN_POINT('',(-0.01,0.0133190609930727,-0.0152533640310198));
#4478=CARTESIAN_POINT('',(-0.01,1.95715784724877E-17,1.45324871650723E-17));
#4479=CARTESIAN_POINT('',(-0.01,0.00053299492385785,-0.00746192893401015));
#4480=CARTESIAN_POINT('',(-0.01,-1.37772764904077E-18,-0.0075));
#4481=CARTESIAN_POINT('',(-0.01,0.0182986852653051,-0.00619295105247821));
#4482=CARTESIAN_POINT('',(-0.01,5.14757278104916E-20,8.94641241901418E-19));
#4483=CARTESIAN_POINT('',(-0.01,-0.0075,-1.24041911961414E-17));
#4484=CARTESIAN_POINT('',(-0.01,-0.305147022494661,0.0374999999999873));
#4485=CARTESIAN_POINT('',(-0.01,-0.00727683520099115,0.00181594863848516));
#4486=CARTESIAN_POINT('',(-0.01,-2.43945488809238E-18,7.58941520739853E-19));
#4487=CARTESIAN_POINT('',(-0.01,0.000538479377918606,0.00748064435456976));
#4488=CARTESIAN_POINT('',(-0.01,0.00361806867659119,0.00725896621413243));
#4489=CARTESIAN_POINT('',(-0.01,0.0183079179672032,0.00620154648759582));
#4490=CARTESIAN_POINT('',(-0.01,0.0161250146124522,0.00497488982271996));
#4491=CARTESIAN_POINT('',(-0.01,0.0164589777154521,0.00507759776739607));
#4492=CARTESIAN_POINT('',(-0.01,0.0168326492760112,0.005192517761923));
#4493=CARTESIAN_POINT('',(-0.01,0.0168484495754259,0.00519844111159824));
#4494=CARTESIAN_POINT('',(-0.01,0.0168672758016767,0.00520518949366749));
#4495=CARTESIAN_POINT('',(-0.01,0.0168894730767589,0.00521383618709999));
#4496=CARTESIAN_POINT('',(-0.01,0.0169190719338239,0.00522595314471215));
#4497=CARTESIAN_POINT('',(-0.01,0.0169545515555671,0.00524135185098105));
#4498=CARTESIAN_POINT('',(-0.01,0.0169962308271112,0.00526042587894214));
#4499=CARTESIAN_POINT('',(-0.01,0.0170438376188645,0.00528338012490467));
#4500=CARTESIAN_POINT('',(-0.01,0.0170972717909617,0.00531047243004255));
#4501=CARTESIAN_POINT('',(-0.01,0.0171563720483056,0.00534193944002194));
#4502=CARTESIAN_POINT('',(-0.01,0.0172209858179158,0.00537801852190805));
#4503=CARTESIAN_POINT('',(-0.01,0.0172909487326561,0.00541894102934447));
#4504=CARTESIAN_POINT('',(-0.01,0.017366090756698,0.0054649340145643));
#4505=CARTESIAN_POINT('',(-0.01,0.0174462345640398,0.00551621948638935));
#4506=CARTESIAN_POINT('',(-0.01,0.0175311961652218,0.00557301438263852));
#4507=CARTESIAN_POINT('',(-0.01,0.0176207848970672,0.00563553034236919));
#4508=CARTESIAN_POINT('',(-0.01,0.0177148036010533,0.00570397354018613));
#4509=CARTESIAN_POINT('',(-0.01,0.0178130487546985,0.00577854450642744));
#4510=CARTESIAN_POINT('',(-0.01,0.0179153106214833,0.00585943796046523));
#4511=CARTESIAN_POINT('',(-0.01,0.0180213734042312,0.00594684262777442));
#4512=CARTESIAN_POINT('',(-0.01,0.0181310153916799,0.00604094113356825));
#4513=CARTESIAN_POINT('',(-0.01,0.0182440091564678,0.0061419096197351));
#4514=CARTESIAN_POINT('',(-0.01,0.0183601215733047,0.00624991845072359));
#4515=CARTESIAN_POINT('',(-0.01,0.018479114551502,0.0063651287338949));
#4516=CARTESIAN_POINT('',(-0.01,0.0186007430320199,0.00648770499874736));
#4517=CARTESIAN_POINT('',(-0.01,0.0187247635364897,0.00661776567434543));
#4518=CARTESIAN_POINT('',(-0.01,0.0188509021532318,0.00675557280468068));
#4519=CARTESIAN_POINT('',(-0.01,0.0189495393759702,0.00686742091541539));
#4520=CARTESIAN_POINT('',(-0.01,0.019005996228565,0.00693365894677327));
#4521=CARTESIAN_POINT('',(-0.01,0.0190199462844961,0.00695011822452588));
#4522=CARTESIAN_POINT('',(-0.01,0.0151601761996465,0.00741179348037109));
#4523=CARTESIAN_POINT('',(-0.01,0.0154739332507336,0.00756553608656079));
#4524=CARTESIAN_POINT('',(-0.01,0.0158249962450076,0.00773755880123579));
#4525=CARTESIAN_POINT('',(-0.01,0.0158405689794623,0.0077440569143904));
#4526=CARTESIAN_POINT('',(-0.01,0.0158589122931871,0.00775202499427166));
#4527=CARTESIAN_POINT('',(-0.01,0.0158810124793014,0.00776091690644545));
#4528=CARTESIAN_POINT('',(-0.01,0.0159108837457753,0.00777234583642902));
#4529=CARTESIAN_POINT('',(-0.01,0.0159472884167504,0.0077854081350399));
#4530=CARTESIAN_POINT('',(-0.01,0.015990728368759,0.00780003519177046));
#4531=CARTESIAN_POINT('',(-0.01,0.0160411454890417,0.00781589135811487));
#4532=CARTESIAN_POINT('',(-0.01,0.0160986432832079,0.0078327201254917));
#4533=CARTESIAN_POINT('',(-0.01,0.0161632661672977,0.00785023857254236));
#4534=CARTESIAN_POINT('',(-0.01,0.0162350654093327,0.00786816922273101));
#4535=CARTESIAN_POINT('',(-0.01,0.0163140795632943,0.00788623090946226));
#4536=CARTESIAN_POINT('',(-0.01,0.0164003401063471,0.00790414172124708));
#4537=CARTESIAN_POINT('',(-0.01,0.0164938697488953,0.00792161843261805));
#4538=CARTESIAN_POINT('',(-0.01,0.0165946828725514,0.0079383769532589));
#4539=CARTESIAN_POINT('',(-0.01,0.0167027853667451,0.00795413248701069));
#4540=CARTESIAN_POINT('',(-0.01,0.0168181746453279,0.00796859977475861));
#4541=CARTESIAN_POINT('',(-0.01,0.0169408396192583,0.00798149331545153));
#4542=CARTESIAN_POINT('',(-0.01,0.0170707606917761,0.00799252759024866));
#4543=CARTESIAN_POINT('',(-0.01,0.0172079097449875,0.00800141730086686));
#4544=CARTESIAN_POINT('',(-0.01,0.0173522501738991,0.00800787754745218));
#4545=CARTESIAN_POINT('',(-0.01,0.0175037367685192,0.00801162424335184));
#4546=CARTESIAN_POINT('',(-0.01,0.0176623162103153,0.00801237361298494));
#4547=CARTESIAN_POINT('',(-0.01,0.0178279252242227,0.0080098452298475));
#4548=CARTESIAN_POINT('',(-0.01,0.0180004977980815,0.00800375140264056));
#4549=CARTESIAN_POINT('',(-0.01,0.0181799375140728,0.00799383912787896));
#4550=CARTESIAN_POINT('',(-0.01,0.0183662240806314,0.00797972987826621));
#4551=CARTESIAN_POINT('',(-0.01,0.0185146928220107,0.00796571793986666));
#4552=CARTESIAN_POINT('',(-0.01,0.0186011911490237,0.00795607986811822));
#4553=CARTESIAN_POINT('',(-0.01,0.0186226274530995,0.00795363104142173));
#4554=CARTESIAN_POINT('',(-0.01,0.0156621479874074,0.00765759641574313));
#4555=CARTESIAN_POINT('',(-0.01,0.015412623636849,0.00816815524781858));
#4556=CARTESIAN_POINT('',(-0.01,0.0149105069494778,0.00790205084200139));
#4557=CARTESIAN_POINT('',(-0.01,8.19520717389619E-16,4.60680036715376E-16));
#4558=CARTESIAN_POINT('',(-0.01,0.0146613713448892,0.0083552268244053));
#4559=CARTESIAN_POINT('',(-0.01,0.0151550983011193,0.00863659209451449));
#4560=CARTESIAN_POINT('',(-0.01,0.0148577210546153,0.00912084357442297));
#4561=CARTESIAN_POINT('',(-0.01,0.0143812128379045,0.00882872257525913));
#4562=CARTESIAN_POINT('',(-0.01,0.014679141448736,0.0090112570073888));
#4563=CARTESIAN_POINT('',(-0.01,0.0150124939896143,0.00921549491719673));
#4564=CARTESIAN_POINT('',(-0.01,0.0150263248164058,0.00922516154862825));
#4565=CARTESIAN_POINT('',(-0.01,0.0150428813277646,0.00923637980994745));
#4566=CARTESIAN_POINT('',(-0.01,0.0150622308894181,0.00925027508944117));
#4567=CARTESIAN_POINT('',(-0.01,0.0150878864791386,0.00926937230697212));
#4568=CARTESIAN_POINT('',(-0.01,0.0151184219407978,0.00929311065769533));
#4569=CARTESIAN_POINT('',(-0.01,0.0151540482635221,0.00932195065333075));
#4570=CARTESIAN_POINT('',(-0.01,0.0151944509115313,0.00935602307711585));
#4571=CARTESIAN_POINT('',(-0.01,0.0152394687685457,0.00939555276589817));
#4572=CARTESIAN_POINT('',(-0.01,0.0152888867554662,0.00944072881822554));
#4573=CARTESIAN_POINT('',(-0.01,0.0153424980618844,0.00949174320048306));
#4574=CARTESIAN_POINT('',(-0.01,0.0154000859492484,0.00954877912146963));
#4575=CARTESIAN_POINT('',(-0.01,0.0154614292581239,0.00961201421396392));
#4576=CARTESIAN_POINT('',(-0.01,0.0155263010221825,0.009681619412789));
#4577=CARTESIAN_POINT('',(-0.01,0.0155944690820901,0.00975775908394527));
#4578=CARTESIAN_POINT('',(-0.01,0.0156656961322111,0.00984059080145607));
#4579=CARTESIAN_POINT('',(-0.01,0.0157397399345808,0.00993026523124105));
#4580=CARTESIAN_POINT('',(-0.01,0.0158163534908838,0.010026925989626));
#4581=CARTESIAN_POINT('',(-0.01,0.0158952852291201,0.0101307095191645));
#4582=CARTESIAN_POINT('',(-0.01,0.0159762791976614,0.0102417449495982));
#4583=CARTESIAN_POINT('',(-0.01,0.0160590752336686,0.0103601540312846));
#4584=CARTESIAN_POINT('',(-0.01,0.0161434092501226,0.0104860508134059));
#4585=CARTESIAN_POINT('',(-0.01,0.0162290130778775,0.0106195423321962));
#4586=CARTESIAN_POINT('',(-0.01,0.0163156160405299,0.0107607254227861));
#4587=CARTESIAN_POINT('',(-0.01,0.0164029398611979,0.0109096985019722));
#4588=CARTESIAN_POINT('',(-0.01,0.0164907192587229,0.0110665157275442));
#4589=CARTESIAN_POINT('',(-0.01,0.0165786237591737,0.0112313627918351));
#4590=CARTESIAN_POINT('',(-0.01,0.0166463466181405,0.0113642270682899));
#4591=CARTESIAN_POINT('',(-0.01,0.0166845570463496,0.0114424243583909));
#4592=CARTESIAN_POINT('',(-0.01,0.0166939755796942,0.0114618357755019));
#4593=CARTESIAN_POINT('',(-0.01,0.012840653302398,0.0109491208673398));
#4594=CARTESIAN_POINT('',(-0.01,0.0131063188673806,0.0111760615724752));
#4595=CARTESIAN_POINT('',(-0.01,0.0134035722626274,0.0114299856936748));
#4596=CARTESIAN_POINT('',(-0.01,0.0134170397359658,0.0114401524382299));
#4597=CARTESIAN_POINT('',(-0.01,0.0134328251798724,0.0114524319828498));
#4598=CARTESIAN_POINT('',(-0.01,0.0134520197193652,0.0114665406320427));
#4599=CARTESIAN_POINT('',(-0.01,0.0134781102657655,0.0114850391830634));
#4600=CARTESIAN_POINT('',(-0.01,0.0135101227554907,0.0115067445790605));
#4601=CARTESIAN_POINT('',(-0.01,0.0135485603604386,0.0115317151766701));
#4602=CARTESIAN_POINT('',(-0.01,0.0135934502659579,0.0115596114203456));
#4603=CARTESIAN_POINT('',(-0.01,0.0136449565169293,0.0115902106009928));
#4604=CARTESIAN_POINT('',(-0.01,0.0137031924936619,0.0116232497315678));
#4605=CARTESIAN_POINT('',(-0.01,0.0137682768591066,0.0116584728028088));
#4606=CARTESIAN_POINT('',(-0.01,0.0138403168792894,0.0116956170694714));
#4607=CARTESIAN_POINT('',(-0.01,0.0139194131509983,0.0117344173048869));
#4608=CARTESIAN_POINT('',(-0.01,0.0140056581064582,0.0117746048294846));
#4609=CARTESIAN_POINT('',(-0.01,0.0140991363258449,0.0118159080547295));
#4610=CARTESIAN_POINT('',(-0.01,0.014199924339486,0.0118580525964994));
#4611=CARTESIAN_POINT('',(-0.01,0.0143080905835385,0.01190076151447));
#4612=CARTESIAN_POINT('',(-0.01,0.0144236953185676,0.0119437555193983));
#4613=CARTESIAN_POINT('',(-0.01,0.0145467905691299,0.0119867531890269));
#4614=CARTESIAN_POINT('',(-0.01,0.0146774200515047,0.0120294711956069));
#4615=CARTESIAN_POINT('',(-0.01,0.0148156191624241,0.0120716244866455));
#4616=CARTESIAN_POINT('',(-0.01,0.0149614147617294,0.0121129266573269));
#4617=CARTESIAN_POINT('',(-0.01,0.0151148257781048,0.0121530895876219));
#4618=CARTESIAN_POINT('',(-0.01,0.0152758606636238,0.0121918259252722));
#4619=CARTESIAN_POINT('',(-0.01,0.0154445270259365,0.0122288406007734));
#4620=CARTESIAN_POINT('',(-0.01,0.0156207943957754,0.0122638645810736));
#4621=CARTESIAN_POINT('',(-0.01,0.0158047372549827,0.0122965261847003));
#4622=CARTESIAN_POINT('',(-0.01,0.0159520262052162,0.0123198771316529));
#4623=CARTESIAN_POINT('',(-0.01,0.0160382039192024,0.0123320531168364));
#4624=CARTESIAN_POINT('',(-0.01,0.0160595757608019,0.0123350122165755));
#4625=CARTESIAN_POINT('',(-0.01,0.0132657260191223,0.0113120367587554));
#4626=CARTESIAN_POINT('',(-0.01,0.01289707011654,0.0117445012636839));
#4627=CARTESIAN_POINT('',(-0.01,0.0124769058228874,0.0113618856747813));
#4628=CARTESIAN_POINT('',(-0.01,6.83436460430427E-16,6.45602752133222E-16));
#4629=CARTESIAN_POINT('',(-0.01,0.0121228969875154,0.0117388667949717));
#4630=CARTESIAN_POINT('',(-0.01,0.0125311399062396,0.012134177358761));
#4631=CARTESIAN_POINT('',(-0.01,0.0121226768668752,0.0125292604740735));
#4632=CARTESIAN_POINT('',(-0.01,0.0117337865703502,0.0121278142186244));
#4633=CARTESIAN_POINT('',(-0.01,0.01197696073869,0.0123787058285223));
#4634=CARTESIAN_POINT('',(-0.01,0.0122490484937593,0.0126594286346035));
#4635=CARTESIAN_POINT('',(-0.01,0.012260040806214,0.0126722311577871));
#4636=CARTESIAN_POINT('',(-0.01,0.0122732872961816,0.0126872144137396));
#4637=CARTESIAN_POINT('',(-0.01,0.0122885733402849,0.0127054851877807));
#4638=CARTESIAN_POINT('',(-0.01,0.012308673627604,0.0127303627168183));
#4639=CARTESIAN_POINT('',(-0.01,0.0123323462738216,0.0127609491441164));
#4640=CARTESIAN_POINT('',(-0.01,0.0123596811148449,0.0127977429844343));
#4641=CARTESIAN_POINT('',(-0.01,0.012390340972145,0.0128407926903459));
#4642=CARTESIAN_POINT('',(-0.01,0.0124241138765564,0.0128902759670465));
#4643=CARTESIAN_POINT('',(-0.01,0.0124607444791886,0.0129463224842082));
#4644=CARTESIAN_POINT('',(-0.01,0.012499984726864,0.0130090667455821));
#4645=CARTESIAN_POINT('',(-0.01,0.0125415791280953,0.0130786323034398));
#4646=CARTESIAN_POINT('',(-0.01,0.0125852692961027,0.0131551362097847));
#4647=CARTESIAN_POINT('',(-0.01,0.0126307928853607,0.0132386875849776));
#4648=CARTESIAN_POINT('',(-0.01,0.0126778841540854,0.0133293878954801));
#4649=CARTESIAN_POINT('',(-0.01,0.0127262740649679,0.0134273307493261));
#4650=CARTESIAN_POINT('',(-0.01,0.0127756905213044,0.0135326018368563));
#4651=CARTESIAN_POINT('',(-0.01,0.0128258585687576,0.0136452788364421));
#4652=CARTESIAN_POINT('',(-0.01,0.0128765006070414,0.0137654313406313));
#4653=CARTESIAN_POINT('',(-0.01,0.0129273366124576,0.0138931207697356));
#4654=CARTESIAN_POINT('',(-0.01,0.0129780843175785,0.0140284003492341));
#4655=CARTESIAN_POINT('',(-0.01,0.0130284595692861,0.0141713148694732));
#4656=CARTESIAN_POINT('',(-0.01,0.0130781760046322,0.0143219013129922));
#4657=CARTESIAN_POINT('',(-0.01,0.0131269473690927,0.0144801861581838));
#4658=CARTESIAN_POINT('',(-0.01,0.0131744796531038,0.0146461955252537));
#4659=CARTESIAN_POINT('',(-0.01,0.0132205024413076,0.0148199158977836));
#4660=CARTESIAN_POINT('',(-0.01,0.0132646494624137,0.0150014449487157));
#4661=CARTESIAN_POINT('',(-0.01,0.0132972026813125,0.0151469770397602));
#4662=CARTESIAN_POINT('',(-0.01,0.0133147657834037,0.0152322201652778));
#4663=CARTESIAN_POINT('',(-0.01,0.0133190609930727,0.0152533640310198));
#4664=CARTESIAN_POINT('',(-0.01,0.00971430493354035,0.0137984747221638));
#4665=CARTESIAN_POINT('',(-0.01,0.009915186267921,0.0140843540071118));
#4666=CARTESIAN_POINT('',(-0.01,0.0101399525400958,0.0144042245484334));
#4667=CARTESIAN_POINT('',(-0.01,0.0101504685414381,0.0144174211104378));
#4668=CARTESIAN_POINT('',(-0.01,0.0101627042580309,0.014433240550847));
#4669=CARTESIAN_POINT('',(-0.01,0.0101777870873935,0.0144516794387421));
#4670=CARTESIAN_POINT('',(-0.01,0.0101984575487354,0.0144760852788064));
#4671=CARTESIAN_POINT('',(-0.01,0.0102240663947476,0.0145050699423325));
#4672=CARTESIAN_POINT('',(-0.01,0.0102550864765523,0.0145388150863378));
#4673=CARTESIAN_POINT('',(-0.01,0.010291628569451,0.0145769985837591));
#4674=CARTESIAN_POINT('',(-0.01,0.0103339069500523,0.0146194455186207));
#4675=CARTESIAN_POINT('',(-0.01,0.0103820968388327,0.0146659293626365));
#4676=CARTESIAN_POINT('',(-0.01,0.0104363768376426,0.0147162316598224));
#4677=CARTESIAN_POINT('',(-0.01,0.0104969161846339,0.0147701245955349));
#4678=CARTESIAN_POINT('',(-0.01,0.0105638782753518,0.0148273762930926));
#4679=CARTESIAN_POINT('',(-0.01,0.0106374194559848,0.0148877495009473));
#4680=CARTESIAN_POINT('',(-0.01,0.0107176891907894,0.0149510021972514));
#4681=CARTESIAN_POINT('',(-0.01,0.0108048298423084,0.0150168876504832));
#4682=CARTESIAN_POINT('',(-0.01,0.0108989765689091,0.015085154640288));
#4683=CARTESIAN_POINT('',(-0.01,0.0110002571943707,0.0151555476380012));
#4684=CARTESIAN_POINT('',(-0.01,0.011108792095672,0.0152278070007441));
#4685=CARTESIAN_POINT('',(-0.01,0.0112246940764108,0.0153016691738266));
#4686=CARTESIAN_POINT('',(-0.01,0.0113480683109383,0.0153768668630136));
#4687=CARTESIAN_POINT('',(-0.01,0.0114790120412256,0.015453129341194));
#4688=CARTESIAN_POINT('',(-0.01,0.0116176152538152,0.0155301822475316));
#4689=CARTESIAN_POINT('',(-0.01,0.0117639575968438,0.0156077493594128));
#4690=CARTESIAN_POINT('',(-0.01,0.0119181198197549,0.0156855467694299));
#4691=CARTESIAN_POINT('',(-0.01,0.0120801393163283,0.0157633063193005));
#4692=CARTESIAN_POINT('',(-0.01,0.0122501806618458,0.0158406865274899));
#4693=CARTESIAN_POINT('',(-0.01,0.0123870351144994,0.0158999331339187));
#4694=CARTESIAN_POINT('',(-0.01,0.0124674773527496,0.015933158114105));
#4695=CARTESIAN_POINT('',(-0.01,0.012487441860465,0.0159413392091602));
#4696=CARTESIAN_POINT('',(-0.01,0.0100357696971283,0.0142557002294539));
#4697=CARTESIAN_POINT('',(-0.01,0.00957114624870286,0.0145828970718977));
#4698=CARTESIAN_POINT('',(-0.01,0.00925933481659514,0.0141078114445221));
#4699=CARTESIAN_POINT('',(-0.01,5.0563913141357E-16,7.90873001889035E-16));
#4700=CARTESIAN_POINT('',(-0.01,0.00882269642751966,0.014384910592278));
#4701=CARTESIAN_POINT('',(-0.01,0.00911980390474212,0.014869327633174));
#4702=CARTESIAN_POINT('',(-0.01,0.00862592030750249,0.0151504178587413));
#4703=CARTESIAN_POINT('',(-0.01,0.00834908333873249,0.0146648706916529));
#4704=CARTESIAN_POINT('',(-0.01,0.00852222353725178,0.0149683550367542));
#4705=CARTESIAN_POINT('',(-0.01,0.0087159502321922,0.0153079238927764));
#4706=CARTESIAN_POINT('',(-0.01,0.00872341334289175,0.015323057878096));
#4707=CARTESIAN_POINT('',(-0.01,0.00873251748578617,0.0153408646756059));
#4708=CARTESIAN_POINT('',(-0.01,0.00874277953397026,0.0153623629242662));
#4709=CARTESIAN_POINT('',(-0.01,0.0087560615439121,0.0153914576181678));
#4710=CARTESIAN_POINT('',(-0.01,0.00877138393526429,0.0154269702643246));
#4711=CARTESIAN_POINT('',(-0.01,0.00878870974599457,0.0154694060570195));
#4712=CARTESIAN_POINT('',(-0.01,0.00880770034099241,0.0155187280737095));
#4713=CARTESIAN_POINT('',(-0.01,0.00882810621700847,0.0155750557220664));
#4714=CARTESIAN_POINT('',(-0.01,0.00884964779987108,0.0156384510952646));
#4715=CARTESIAN_POINT('',(-0.01,0.00887205137972663,0.0157089827830555));
#4716=CARTESIAN_POINT('',(-0.01,0.00889503876562233,0.0157867069179399));
#4717=CARTESIAN_POINT('',(-0.01,0.0089183305788246,0.0158716726163381));
#4718=CARTESIAN_POINT('',(-0.01,0.00894164557874485,0.015963920327715));
#4719=CARTESIAN_POINT('',(-0.01,0.00896470113868307,0.0160634822434824));
#4720=CARTESIAN_POINT('',(-0.01,0.00898721339426085,0.0161703821239478));
#4721=CARTESIAN_POINT('',(-0.01,0.00900889748687146,0.0162846352996336));
#4722=CARTESIAN_POINT('',(-0.01,0.00902946778254821,0.0164062486301394));
#4723=CARTESIAN_POINT('',(-0.01,0.00904863809536577,0.0165352204852512));
#4724=CARTESIAN_POINT('',(-0.01,0.00906612192447482,0.0166715407165865));
#4725=CARTESIAN_POINT('',(-0.01,0.00908163263375965,0.0168151906803938));
#4726=CARTESIAN_POINT('',(-0.01,0.00909488385838873,0.0169661430938411));
#4727=CARTESIAN_POINT('',(-0.01,0.00910558903484909,0.0171243625620244));
#4728=CARTESIAN_POINT('',(-0.01,0.0091134643169202,0.0172898035428634));
#4729=CARTESIAN_POINT('',(-0.01,0.00911821843605835,0.0174624182187443));
#4730=CARTESIAN_POINT('',(-0.01,0.00911959283389803,0.0176421262483272));
#4731=CARTESIAN_POINT('',(-0.01,0.00911720845596199,0.0178289311480131));
#4732=CARTESIAN_POINT('',(-0.01,0.00911254659632721,0.0179779867371376));
#4733=CARTESIAN_POINT('',(-0.01,0.00910835881800332,0.0180649195589932));
#4734=CARTESIAN_POINT('',(-0.01,0.00910726082017664,0.01808646732652));
#4735=CARTESIAN_POINT('',(-0.01,0.00597757105899395,0.0157808196629541));
#4736=CARTESIAN_POINT('',(-0.01,0.00610104604974363,0.0161076746808508));
#4737=CARTESIAN_POINT('',(-0.01,0.00623920230733317,0.0164733929997816));
#4738=CARTESIAN_POINT('',(-0.01,0.00624610607763986,0.0164887901907112));
#4739=CARTESIAN_POINT('',(-0.01,0.00625402325184567,0.0165071555332888));
#4740=CARTESIAN_POINT('',(-0.01,0.00626404666143838,0.0165287660767463));
#4741=CARTESIAN_POINT('',(-0.01,0.00627799823661514,0.0165575456971645));
#4742=CARTESIAN_POINT('',(-0.01,0.00629559434093668,0.0165919884152121));
#4743=CARTESIAN_POINT('',(-0.01,0.00631724779377449,0.0166323877741093));
#4744=CARTESIAN_POINT('',(-0.01,0.00634314599996332,0.0166784593157044));
#4745=CARTESIAN_POINT('',(-0.01,0.00637354000405226,0.016730086907754));
#4746=CARTESIAN_POINT('',(-0.01,0.00640865585693835,0.0167870947143355));
#4747=CARTESIAN_POINT('',(-0.01,0.00644872087716042,0.0168493155591353));
#4748=CARTESIAN_POINT('',(-0.01,0.00649395564114059,0.0169165708725425));
#4749=CARTESIAN_POINT('',(-0.01,0.00654457607643826,0.0169886766975278));
#4750=CARTESIAN_POINT('',(-0.01,0.00660079261939977,0.0170654421179528));
#4751=CARTESIAN_POINT('',(-0.01,0.00666281022697301,0.0171466698857803));
#4752=CARTESIAN_POINT('',(-0.01,0.00673082814875411,0.0172321564251376));
#4753=CARTESIAN_POINT('',(-0.01,0.00680503977282328,0.0173216920207388));
#4754=CARTESIAN_POINT('',(-0.01,0.00688563245453545,0.0174150609603031));
#4755=CARTESIAN_POINT('',(-0.01,0.0069727873595635,0.0175120416946479));
#4756=CARTESIAN_POINT('',(-0.01,0.00706667929095893,0.0176124070022521));
#4757=CARTESIAN_POINT('',(-0.01,0.00716747659220046,0.0177159241422181));
#4758=CARTESIAN_POINT('',(-0.01,0.00727534077731852,0.0178223550759197));
#4759=CARTESIAN_POINT('',(-0.01,0.00739042723652832,0.0179314564408139));
#4760=CARTESIAN_POINT('',(-0.01,0.00751288180944443,0.0180429805000147));
#4761=CARTESIAN_POINT('',(-0.01,0.00764285331351936,0.0181566723471575));
#4762=CARTESIAN_POINT('',(-0.01,0.00778044465599162,0.0182722815481004));
#4763=CARTESIAN_POINT('',(-0.01,0.00792590016471214,0.0183895182777873));
#4764=CARTESIAN_POINT('',(-0.01,0.00804372105121026,0.0184809378615168));
#4765=CARTESIAN_POINT('',(-0.01,0.00811337333204931,0.0185331241890077));
#4766=CARTESIAN_POINT('',(-0.01,0.00813067606243642,0.0185460132310889));
#4767=CARTESIAN_POINT('',(-0.01,0.00617522905608455,0.016303625625938));
#4768=CARTESIAN_POINT('',(-0.01,0.00564383206184614,0.0165049958249404));
#4769=CARTESIAN_POINT('',(-0.01,0.00545996575032487,0.0159672915363026));
#4770=CARTESIAN_POINT('',(-0.01,2.97300390414012E-16,8.87362921924052E-16));
#4771=CARTESIAN_POINT('',(-0.01,0.00496813340337514,0.016127097553071));
#4772=CARTESIAN_POINT('',(-0.01,0.00513543708361707,0.0166701833668329));
#4773=CARTESIAN_POINT('',(-0.01,0.00458716545129364,0.0168196187700052));
#4774=CARTESIAN_POINT('',(-0.01,0.00443977649516156,0.0162804794055031));
#4775=CARTESIAN_POINT('',(-0.01,0.00453200368842226,0.0166174874482679));
#4776=CARTESIAN_POINT('',(-0.01,0.00463519676251381,0.0169945659941602));
#4777=CARTESIAN_POINT('',(-0.01,0.00463866173676555,0.0170110805176593));
#4778=CARTESIAN_POINT('',(-0.01,0.00464305148580608,0.0170305919901502));
#4779=CARTESIAN_POINT('',(-0.01,0.00464764473584232,0.0170539668994013));
#4780=CARTESIAN_POINT('',(-0.01,0.00465327391087442,0.0170854506315464));
#4781=CARTESIAN_POINT('',(-0.01,0.00465928328516074,0.0171236581063974));
#4782=CARTESIAN_POINT('',(-0.01,0.00466551142118993,0.0171690694545464));
#4783=CARTESIAN_POINT('',(-0.01,0.00467163950495928,0.0172215646983124));
#4784=CARTESIAN_POINT('',(-0.01,0.00467739617634238,0.0172811974450208));
#4785=CARTESIAN_POINT('',(-0.01,0.00468249520255974,0.0173479583098055));
#4786=CARTESIAN_POINT('',(-0.01,0.00468665441527855,0.0174218456586721));
#4787=CARTESIAN_POINT('',(-0.01,0.00468959040384111,0.017502844677339));
#4788=CARTESIAN_POINT('',(-0.01,0.00469102035195344,0.0175909334604782));
#4789=CARTESIAN_POINT('',(-0.01,0.00469066179534437,0.01768608124507));
#4790=CARTESIAN_POINT('',(-0.01,0.0046882329808728,0.0177882489247716));
#4791=CARTESIAN_POINT('',(-0.01,0.00468345305333358,0.0178973889192165));
#4792=CARTESIAN_POINT('',(-0.01,0.00467604229093105,0.0180134452358359));
#4793=CARTESIAN_POINT('',(-0.01,0.00466572232750176,0.0181363534844433));
#4794=CARTESIAN_POINT('',(-0.01,0.00465221637359524,0.0182660409144955));
#4795=CARTESIAN_POINT('',(-0.01,0.00463524945311322,0.0184024264465765));
#4796=CARTESIAN_POINT('',(-0.01,0.00461454857165323,0.0185454207391588));
#4797=CARTESIAN_POINT('',(-0.01,0.00458984314602579,0.0186949261505135));
#4798=CARTESIAN_POINT('',(-0.01,0.00456086441799243,0.0188508371322845));
#4799=CARTESIAN_POINT('',(-0.01,0.00452734878473835,0.0190130389834955));
#4800=CARTESIAN_POINT('',(-0.01,0.00448902602021374,0.0191814129532695));
#4801=CARTESIAN_POINT('',(-0.01,0.00444566566921836,0.0193558169234866));
#4802=CARTESIAN_POINT('',(-0.01,0.00439689971147499,0.0195361600330589));
#4803=CARTESIAN_POINT('',(-0.01,0.00435531569509257,0.0196793734094103));
#4804=CARTESIAN_POINT('',(-0.01,0.00432964016986732,0.0197625336186903));
#4805=CARTESIAN_POINT('',(-0.01,0.00432321795578653,0.0197831313625211));
#4806=CARTESIAN_POINT('',(-0.01,0.00186524441084241,0.016771597666526));
#4807=CARTESIAN_POINT('',(-0.01,0.00190355467018306,0.0171188909145084));
#4808=CARTESIAN_POINT('',(-0.01,0.00194642004741981,0.0175074775840521));
#4809=CARTESIAN_POINT('',(-0.01,0.00194927779741225,0.0175241079417737));
#4810=CARTESIAN_POINT('',(-0.01,0.00195237896405834,0.0175438652245027));
#4811=CARTESIAN_POINT('',(-0.01,0.00195671314619292,0.0175672895535991));
#4812=CARTESIAN_POINT('',(-0.01,0.0019630692064259,0.0175986346249764));
#4813=CARTESIAN_POINT('',(-0.01,0.0019715469411083,0.017636371234899));
#4814=CARTESIAN_POINT('',(-0.01,0.00198247319890161,0.0176808863683902));
#4815=CARTESIAN_POINT('',(-0.01,0.00199610023883876,0.0177319511097613));
#4816=CARTESIAN_POINT('',(-0.01,0.00201270009935717,0.0177895154075175));
#4817=CARTESIAN_POINT('',(-0.01,0.00203253545816502,0.0178534651665172));
#4818=CARTESIAN_POINT('',(-0.01,0.00205586806722986,0.0179236949944197));
#4819=CARTESIAN_POINT('',(-0.01,0.00208295598161621,0.0180000867868325));
#4820=CARTESIAN_POINT('',(-0.01,0.00211405409337499,0.0180825160650751));
#4821=CARTESIAN_POINT('',(-0.01,0.00214941370652073,0.0181708502443816));
#4822=CARTESIAN_POINT('',(-0.01,0.00218928239249397,0.018264949244345));
#4823=CARTESIAN_POINT('',(-0.01,0.00223390376835923,0.0183646654361625));
#4824=CARTESIAN_POINT('',(-0.01,0.00228351730062534,0.0184698437867995));
#4825=CARTESIAN_POINT('',(-0.01,0.00233835810399698,0.0185803219543553));
#4826=CARTESIAN_POINT('',(-0.01,0.00239865674953557,0.0186959304040928));
#4827=CARTESIAN_POINT('',(-0.01,0.00246463905622766,0.0188164925248242));
#4828=CARTESIAN_POINT('',(-0.01,0.00253652595903964,0.0189418247529557));
#4829=CARTESIAN_POINT('',(-0.01,0.00261453309554076,0.0190717366951884));
#4830=CARTESIAN_POINT('',(-0.01,0.00269887149588022,0.0192060312786362));
#4831=CARTESIAN_POINT('',(-0.01,0.00278974402751116,0.01934450481836));
#4832=CARTESIAN_POINT('',(-0.01,0.00288735822514718,0.0194869474257433));
#4833=CARTESIAN_POINT('',(-0.01,0.00299187604344519,0.0196331421264824));
#4834=CARTESIAN_POINT('',(-0.01,0.00310360621080786,0.0197828689627742));
#4835=CARTESIAN_POINT('',(-0.01,0.00319499041153685,0.0199007172951408));
#4836=CARTESIAN_POINT('',(-0.01,0.00324947622599647,0.0199685859110523));
#4837=CARTESIAN_POINT('',(-0.01,0.00326302998487015,0.0199853730342428));
#4838=CARTESIAN_POINT('',(-0.01,0.0019266760625432,0.0173271342638036));
#4839=CARTESIAN_POINT('',(-0.01,0.00136189514998125,0.0173900249891734));
#4840=CARTESIAN_POINT('',(-0.01,0.00131752695561229,0.0168234879772666));
#4841=CARTESIAN_POINT('',(-0.01,7.15109267450469E-17,9.29009695697369E-16));
#4842=CARTESIAN_POINT('',(-0.01,0.000801404285980002,0.0168559596632886));
#4843=CARTESIAN_POINT('',(-0.01,0.000828391863711917,0.0174235901709078));
#4844=CARTESIAN_POINT('',(-0.01,0.000260182119365579,0.0174319811757188));
#4845=CARTESIAN_POINT('',(-0.01,0.000251502166043869,0.0168731257228907));
#4846=CARTESIAN_POINT('',(-0.01,0.000257021380305516,0.0172224820085631));
#4847=CARTESIAN_POINT('',(-0.01,0.000263196833185442,0.0176133770124893));
#4848=CARTESIAN_POINT('',(-0.01,0.000262445953913844,0.0176302344059203));
#4849=CARTESIAN_POINT('',(-0.01,0.000261845485023908,0.0176502245758174));
#4850=CARTESIAN_POINT('',(-0.01,0.000260481326119733,0.0176740074141441));
#4851=CARTESIAN_POINT('',(-0.01,0.000258103964472167,0.0177059019458529));
#4852=CARTESIAN_POINT('',(-0.01,0.000254422730605275,0.017744403533236));
#4853=CARTESIAN_POINT('',(-0.01,0.00024916185524119,0.0177899370748236));
#4854=CARTESIAN_POINT('',(-0.01,0.000242042377741296,0.0178423070764359));
#4855=CARTESIAN_POINT('',(-0.01,0.000232788131656864,0.0179014979767062));
#4856=CARTESIAN_POINT('',(-0.01,0.000221124210658836,0.0179674295024136));
#4857=CARTESIAN_POINT('',(-0.01,0.000206777717609271,0.0180400298984881));
#4858=CARTESIAN_POINT('',(-0.01,0.000189477829879494,0.0181192143347011));
#4859=CARTESIAN_POINT('',(-0.01,0.000168956064003,0.0182048912603688));
#4860=CARTESIAN_POINT('',(-0.01,0.000144946480295039,0.0182969606329404));
#4861=CARTESIAN_POINT('',(-0.01,0.000117185902759481,0.0183953145055141));
#4862=CARTESIAN_POINT('',(-0.01,8.54141325299053E-5,0.0184998369466987));
#4863=CARTESIAN_POINT('',(-0.01,4.93741605708484E-5,0.0186104041590531));
#4864=CARTESIAN_POINT('',(-0.01,8.81237929196895E-6,0.0187268845484773));
#4865=CARTESIAN_POINT('',(-0.01,-3.65212125832657E-5,0.0188491388152829));
#4866=CARTESIAN_POINT('',(-0.01,-8.68727886424948E-5,0.0189770200435379));
#4867=CARTESIAN_POINT('',(-0.01,-0.00014248454833267,0.0191103738075961));
#4868=CARTESIAN_POINT('',(-0.01,-0.000203594291464247,0.0192490382420202));
#4869=CARTESIAN_POINT('',(-0.01,-0.000270436083932686,0.0193928442769939));
#4870=CARTESIAN_POINT('',(-0.01,-0.000343236722012723,0.0195416152597284));
#4871=CARTESIAN_POINT('',(-0.01,-0.000422228409963759,0.0196951689676384));
#4872=CARTESIAN_POINT('',(-0.01,-0.000507599019472927,0.0198533104356283));
#4873=CARTESIAN_POINT('',(-0.01,-0.000599682412549957,0.0200158601342569));
#4874=CARTESIAN_POINT('',(-0.01,-0.0006755757089954,0.0201442326746973));
#4875=CARTESIAN_POINT('',(-0.01,-0.000721125693444158,0.0202183950096106));
#4876=CARTESIAN_POINT('',(-0.01,-0.0007324685924491,0.0202367484977473));
#4877=CARTESIAN_POINT('',(-0.01,-0.00236428240353144,0.0167085545070886));
#4878=CARTESIAN_POINT('',(-0.01,-0.00241354405008947,0.0170544642731307));
#4879=CARTESIAN_POINT('',(-0.01,-0.00246866294250512,0.0174415029637181));
#4880=CARTESIAN_POINT('',(-0.01,-0.00247003077576903,0.0174583215416939));
#4881=CARTESIAN_POINT('',(-0.01,-0.00247194047438834,0.0174782293418382));
#4882=CARTESIAN_POINT('',(-0.01,-0.0024735678523154,0.0175019956198277));
#4883=CARTESIAN_POINT('',(-0.01,-0.00247520668166659,0.0175339366160502));
#4884=CARTESIAN_POINT('',(-0.01,-0.00247638000387235,0.017572595987861));
#4885=CARTESIAN_POINT('',(-0.01,-0.00247686747808467,0.0176184298463938));
#4886=CARTESIAN_POINT('',(-0.01,-0.00247636784143519,0.0176712792020375));
#4887=CARTESIAN_POINT('',(-0.01,-0.00247460515477371,0.0177311632289656));
#4888=CARTESIAN_POINT('',(-0.01,-0.00247129661858733,0.0177980367418348));
#4889=CARTESIAN_POINT('',(-0.01,-0.0024661624943186,0.0178718627544657));
#4890=CARTESIAN_POINT('',(-0.01,-0.00245892346280935,0.0179525910486175));
#4891=CARTESIAN_POINT('',(-0.01,-0.00244930168332213,0.0180401644454115));
#4892=CARTESIAN_POINT('',(-0.01,-0.00243702077452966,0.0181345170222433));
#4893=CARTESIAN_POINT('',(-0.01,-0.00242180610632287,0.0182355746681029));
#4894=CARTESIAN_POINT('',(-0.01,-0.00240338500152503,0.0183432549773185));
#4895=CARTESIAN_POINT('',(-0.01,-0.00238148696176006,0.0184574673404018));
#4896=CARTESIAN_POINT('',(-0.01,-0.00235584388609515,0.0185781129863712));
#4897=CARTESIAN_POINT('',(-0.01,-0.00232619028570811,0.0187050850474263));
#4898=CARTESIAN_POINT('',(-0.01,-0.00229226351471477,0.0188382686198428));
#4899=CARTESIAN_POINT('',(-0.01,-0.00225380392881757,0.0189775408513067));
#4900=CARTESIAN_POINT('',(-0.01,-0.00221055531620992,0.0191227709569573));
#4901=CARTESIAN_POINT('',(-0.01,-0.00216226426660908,0.0192738205363797));
#4902=CARTESIAN_POINT('',(-0.01,-0.00210868363163146,0.0194305427548558));
#4903=CARTESIAN_POINT('',(-0.01,-0.00204956019947174,0.0195927859295902));
#4904=CARTESIAN_POINT('',(-0.01,-0.0019846831442613,0.0197603801794116));
#4905=CARTESIAN_POINT('',(-0.01,-0.00191369873558669,0.0199331892345272));
#4906=CARTESIAN_POINT('',(-0.01,-0.0018544932260462,0.0200700614713926));
#4907=CARTESIAN_POINT('',(-0.01,-0.00181859742207331,0.0201493479409837));
#4908=CARTESIAN_POINT('',(-0.01,-0.00180964426723033,0.0201689783485947));
#4909=CARTESIAN_POINT('',(-0.01,-0.00244293707382663,0.0172619153311321));
#4910=CARTESIAN_POINT('',(-0.01,-0.00300561464285696,0.0171823749272987));
#4911=CARTESIAN_POINT('',(-0.01,-0.0029076969032466,0.0166226027961583));
#4912=CARTESIAN_POINT('',(-0.01,-1.57542077195444E-16,9.13196503246689E-16));
#4913=CARTESIAN_POINT('',(-0.01,-0.00341568001006204,0.0165256998359786));
#4914=CARTESIAN_POINT('',(-0.01,-0.00353070426360241,0.0170822087250624));
#4915=CARTESIAN_POINT('',(-0.01,-0.00408314941200512,0.0169490280938198));
#4916=CARTESIAN_POINT('',(-0.01,-0.00395257496912662,0.0164055714960934));
#4917=CARTESIAN_POINT('',(-0.01,-0.00403411052639433,0.0167453246844021));
#4918=CARTESIAN_POINT('',(-0.01,-0.0041253407211422,0.0171254747756543));
#4919=CARTESIAN_POINT('',(-0.01,-0.00413026027343096,0.0171416158269908));
#4920=CARTESIAN_POINT('',(-0.01,-0.00413581323058265,0.0171608286384007));
#4921=CARTESIAN_POINT('',(-0.01,-0.00414304908330626,0.0171835250426038));
#4922=CARTESIAN_POINT('',(-0.01,-0.00415328360325785,0.0172138263231492));
#4923=CARTESIAN_POINT('',(-0.01,-0.00416642413981546,0.0172502028267302));
#4924=CARTESIAN_POINT('',(-0.01,-0.00418284346642556,0.0172929975218778));
#4925=CARTESIAN_POINT('',(-0.01,-0.00420276316223977,0.0173419516815316));
#4926=CARTESIAN_POINT('',(-0.01,-0.0042264468474755,0.0173969815534109));
#4927=CARTESIAN_POINT('',(-0.01,-0.00425414082863572,0.0174579410198018));
#4928=CARTESIAN_POINT('',(-0.01,-0.00428609158453264,0.017524692713193));
#4929=CARTESIAN_POINT('',(-0.01,-0.00432254033298416,0.017597087117605));
#4930=CARTESIAN_POINT('',(-0.01,-0.00436372435482567,0.0176749687894637));
#4931=CARTESIAN_POINT('',(-0.01,-0.00440987635518709,0.017758174692729));
#4932=CARTESIAN_POINT('',(-0.01,-0.00446122439660381,0.0178465348226407));
#4933=CARTESIAN_POINT('',(-0.01,-0.00451799167235183,0.0179398721811788));
#4934=CARTESIAN_POINT('',(-0.01,-0.00458039632988347,0.0180380029446783));
#4935=CARTESIAN_POINT('',(-0.01,-0.0046486512831184,0.0181407365836669));
#4936=CARTESIAN_POINT('',(-0.01,-0.00472296403665954,0.0182478760020226));
#4937=CARTESIAN_POINT('',(-0.01,-0.00480353649359203,0.0183592176785662));
#4938=CARTESIAN_POINT('',(-0.01,-0.00489056484012531,0.0184745518066636));
#4939=CARTESIAN_POINT('',(-0.01,-0.00498423915085416,0.0185936624677702));
#4940=CARTESIAN_POINT('',(-0.01,-0.00508474409210996,0.0187163276938874));
#4941=CARTESIAN_POINT('',(-0.01,-0.00519225540318337,0.0188423199801591));
#4942=CARTESIAN_POINT('',(-0.01,-0.00530695267629576,0.0189714050820061));
#4943=CARTESIAN_POINT('',(-0.01,-0.00542896939495212,0.0191033474377312));
#4944=CARTESIAN_POINT('',(-0.01,-0.00555858428511675,0.0192378901300354));
#4945=CARTESIAN_POINT('',(-0.01,-0.00566401820669353,0.0193433557157276));
#4946=CARTESIAN_POINT('',(-0.01,-0.00572658057732174,0.0194038602840217));
#4947=CARTESIAN_POINT('',(-0.01,-0.0057421314451901,0.0194188162993052));
#4948=CARTESIAN_POINT('',(-0.01,-0.00644525265926898,0.0155956514182058));
#4949=CARTESIAN_POINT('',(-0.01,-0.00657899092130078,0.0159184429195401));
#4950=CARTESIAN_POINT('',(-0.01,-0.00672863076064525,0.0162796145668128));
#4951=CARTESIAN_POINT('',(-0.01,-0.00673413823117099,0.0162955645919343));
#4952=CARTESIAN_POINT('',(-0.01,-0.00674093880166807,0.016314372029195));
#4953=CARTESIAN_POINT('',(-0.01,-0.00674842548551654,0.0163369869334252));
#4954=CARTESIAN_POINT('',(-0.01,-0.00675795623077658,0.0163675168842296));
#4955=CARTESIAN_POINT('',(-0.01,-0.00676870688572114,0.0164046699074183));
#4956=CARTESIAN_POINT('',(-0.01,-0.00678057746214152,0.0164489425810958));
#4957=CARTESIAN_POINT('',(-0.01,-0.00679323662278792,0.0165002558316309));
#4958=CARTESIAN_POINT('',(-0.01,-0.00680642186606901,0.0165586968540811));
#4959=CARTESIAN_POINT('',(-0.01,-0.00681984804000065,0.0166242922120625));
#4960=CARTESIAN_POINT('',(-0.01,-0.00683323499643783,0.0166970756495352));
#4961=CARTESIAN_POINT('',(-0.01,-0.00684629970277869,0.0167770679898064));
#4962=CARTESIAN_POINT('',(-0.01,-0.00685875882735463,0.016864282946559));
#4963=CARTESIAN_POINT('',(-0.01,-0.00687032827758089,0.0169587254015091));
#4964=CARTESIAN_POINT('',(-0.01,-0.00688072362069964,0.0170603918697117));
#4965=CARTESIAN_POINT('',(-0.01,-0.00688966025273174,0.0171692703464766));
#4966=CARTESIAN_POINT('',(-0.01,-0.0068968536398417,0.0172853403391901));
#4967=CARTESIAN_POINT('',(-0.01,-0.00690201954063618,0.0174085728539333));
#4968=CARTESIAN_POINT('',(-0.01,-0.00690487423017134,0.0175389304047393));
#4969=CARTESIAN_POINT('',(-0.01,-0.00690513473867219,0.0176763670151711));
#4970=CARTESIAN_POINT('',(-0.01,-0.00690251902691614,0.0178208282634571));
#4971=CARTESIAN_POINT('',(-0.01,-0.00689674640758937,0.0179722511908685));
#4972=CARTESIAN_POINT('',(-0.01,-0.00688753701297563,0.018130564765669));
#4973=CARTESIAN_POINT('',(-0.01,-0.00687461494300277,0.0182956882295264));
#4974=CARTESIAN_POINT('',(-0.01,-0.00685769721900272,0.0184675376362549));
#4975=CARTESIAN_POINT('',(-0.01,-0.00683653739085983,0.0186460008720737));
#4976=CARTESIAN_POINT('',(-0.01,-0.00681075895233269,0.018831033917533));
#4977=CARTESIAN_POINT('',(-0.01,-0.00678745223388778,0.018978329872874));
#4978=CARTESIAN_POINT('',(-0.01,-0.00677240190578076,0.0190640523356649));
#4979=CARTESIAN_POINT('',(-0.01,-0.00676861191461467,0.0190852925769907));
#4980=CARTESIAN_POINT('',(-0.01,-0.00665905148935385,0.0161120667733219));
#4981=CARTESIAN_POINT('',(-0.01,-0.00718427061380704,0.0158950930563872));
#4982=CARTESIAN_POINT('',(-0.01,-0.00695021947191333,0.0153772583477106));
#4983=CARTESIAN_POINT('',(-0.01,-3.75466378771858E-16,8.40916945610543E-16));
#4984=CARTESIAN_POINT('',(-0.01,-0.00741814456907954,0.0151570695107014));
#4985=CARTESIAN_POINT('',(-0.01,-0.00766795325701264,0.0156674892810523));
#4986=CARTESIAN_POINT('',(-0.01,-0.00816992164904644,0.0154011052426212));
#4987=CARTESIAN_POINT('',(-0.01,-0.007908297282433,0.0149071948767252));
#4988=CARTESIAN_POINT('',(-0.01,-0.00807176443230014,0.0152159970253239));
#4989=CARTESIAN_POINT('',(-0.01,-0.00825466794601861,0.0155615159755744));
#4990=CARTESIAN_POINT('',(-0.01,-0.00826344705776138,0.0155759264831982));
#4991=CARTESIAN_POINT('',(-0.01,-0.00827360359045462,0.0155931547245203));
#4992=CARTESIAN_POINT('',(-0.01,-0.00828625648175945,0.0156133385960523));
#4993=CARTESIAN_POINT('',(-0.01,-0.00830370508748657,0.0156401426845372));
#4994=CARTESIAN_POINT('',(-0.01,-0.00832547925849548,0.0156721084348127));
#4995=CARTESIAN_POINT('',(-0.01,-0.00835202534967461,0.0157094753354363));
#4996=CARTESIAN_POINT('',(-0.01,-0.00838349363605561,0.0157519376832399));
#4997=CARTESIAN_POINT('',(-0.01,-0.00842011862739679,0.0157993487974923));
#4998=CARTESIAN_POINT('',(-0.01,-0.00846210255403155,0.0158515058971));
#4999=CARTESIAN_POINT('',(-0.01,-0.00850964998927617,0.0159082146334167));
#5000=CARTESIAN_POINT('',(-0.01,-0.0085629573895351,0.0159692701993503));
#5001=CARTESIAN_POINT('',(-0.01,-0.0086222159237851,0.0160344630255285));
#5002=CARTESIAN_POINT('',(-0.01,-0.00868761044088207,0.0161035773265755));
#5003=CARTESIAN_POINT('',(-0.01,-0.00875931955989286,0.016176391721897));
#5004=CARTESIAN_POINT('',(-0.01,-0.00883751544444863,0.0162526792682808));
#5005=CARTESIAN_POINT('',(-0.01,-0.00892236367341187,0.016332207666155));
#5006=CARTESIAN_POINT('',(-0.01,-0.00901402308886694,0.0164147394223423));
#5007=CARTESIAN_POINT('',(-0.01,-0.0091126456604658,0.0165000320285618));
#5008=CARTESIAN_POINT('',(-0.01,-0.00921837633447773,0.0165878381463705));
#5009=CARTESIAN_POINT('',(-0.01,-0.00933135295677355,0.0166779057710697));
#5010=CARTESIAN_POINT('',(-0.01,-0.00945170593364656,0.0167699784979631));
#5011=CARTESIAN_POINT('',(-0.01,-0.00957955892859932,0.0168637954079358));
#5012=CARTESIAN_POINT('',(-0.01,-0.00971502558159241,0.0169590924390308));
#5013=CARTESIAN_POINT('',(-0.01,-0.00985822158836943,0.017055598043124));
#5014=CARTESIAN_POINT('',(-0.01,-0.0100092176569937,0.0171530508631242));
#5015=CARTESIAN_POINT('',(-0.01,-0.0101682198640067,0.0172511327369329));
#5016=CARTESIAN_POINT('',(-0.01,-0.0102965696096633,0.0173270645772527));
#5017=CARTESIAN_POINT('',(-0.01,-0.0103722133426361,0.0173701096543814));
#5018=CARTESIAN_POINT('',(-0.01,-0.0103909950611476,0.0173807284553671));
#5019=CARTESIAN_POINT('',(-0.01,-0.0101212439864435,0.0135028161939235));
#5020=CARTESIAN_POINT('',(-0.01,-0.0103310555970907,0.0137822072533769));
#5021=CARTESIAN_POINT('',(-0.01,-0.0105658139619211,0.0140948181144404));
#5022=CARTESIAN_POINT('',(-0.01,-0.0105751150150805,0.014108897387969));
#5023=CARTESIAN_POINT('',(-0.01,-0.0105863791526003,0.0141254227218942));
#5024=CARTESIAN_POINT('',(-0.01,-0.0105992547264898,0.0141454652747606));
#5025=CARTESIAN_POINT('',(-0.01,-0.0106160785358824,0.0141726658710565));
#5026=CARTESIAN_POINT('',(-0.01,-0.0106357310203775,0.014205978084537));
#5027=CARTESIAN_POINT('',(-0.01,-0.0106582388270325,0.0142459077584486));
#5028=CARTESIAN_POINT('',(-0.01,-0.0106832613633542,0.0142924607036269));
#5029=CARTESIAN_POINT('',(-0.01,-0.0107105660592506,0.0143457866572274));
#5030=CARTESIAN_POINT('',(-0.01,-0.0107398833274141,0.0144059822627364));
#5031=CARTESIAN_POINT('',(-0.01,-0.0107709502128505,0.0144731498739956));
#5032=CARTESIAN_POINT('',(-0.01,-0.0108034977534934,0.0145473800474558));
#5033=CARTESIAN_POINT('',(-0.01,-0.010837254929514,0.0146287565276799));
#5034=CARTESIAN_POINT('',(-0.01,-0.0108719477876518,0.014717354693969));
#5035=CARTESIAN_POINT('',(-0.01,-0.0109072999644565,0.0148132419064143));
#5036=CARTESIAN_POINT('',(-0.01,-0.0109430328118613,0.0149164773156063));
#5037=CARTESIAN_POINT('',(-0.01,-0.0109788656388787,0.0150271118334323));
#5038=CARTESIAN_POINT('',(-0.01,-0.0110145159235868,0.0151451880648303));
#5039=CARTESIAN_POINT('',(-0.01,-0.0110496995324018,0.0152707402610487));
#5040=CARTESIAN_POINT('',(-0.01,-0.0110841309516897,0.0154037942618058));
#5041=CARTESIAN_POINT('',(-0.01,-0.0111175234688643,0.0155443674953927));
#5042=CARTESIAN_POINT('',(-0.01,-0.011149589557721,0.0156924687851412));
#5043=CARTESIAN_POINT('',(-0.01,-0.0111800404782277,0.0158480989311783));
#5044=CARTESIAN_POINT('',(-0.01,-0.01120858891444,0.0160112483259014));
#5045=CARTESIAN_POINT('',(-0.01,-0.0112349399014176,0.0161819060343812));
#5046=CARTESIAN_POINT('',(-0.01,-0.0112588268501649,0.0163600247547491));
#5047=CARTESIAN_POINT('',(-0.01,-0.0112798741358843,0.0165456554838019));
#5048=CARTESIAN_POINT('',(-0.01,-0.011293930655371,0.0166941200110278));
#5049=CARTESIAN_POINT('',(-0.01,-0.0113006714705961,0.0167808922094163));
#5050=CARTESIAN_POINT('',(-0.01,-0.0113022827821904,0.0168024076819783));
#5051=CARTESIAN_POINT('',(-0.01,-0.0104567532095267,0.0139498378041074));
#5052=CARTESIAN_POINT('',(-0.01,-0.0109115124401925,0.0136090640306798));
#5053=CARTESIAN_POINT('',(-0.01,-0.0105560341900406,0.0131657042036761));
#5054=CARTESIAN_POINT('',(-0.01,-5.68568992646632E-16,7.16712613220827E-16));
#5055=CARTESIAN_POINT('',(-0.01,-0.0109544998227945,0.0128360647642646));
#5056=CARTESIAN_POINT('',(-0.01,-0.0113233965465253,0.0132683238645187));
#5057=CARTESIAN_POINT('',(-0.01,-0.0117433476620081,0.0128854743077257));
#5058=CARTESIAN_POINT('',(-0.01,-0.0113671121928012,0.0124721443784247));
#5059=CARTESIAN_POINT('',(-0.01,-0.0116022396930515,0.0127305923126221));
#5060=CARTESIAN_POINT('',(-0.01,-0.0118653240253016,0.0130197698954968));
#5061=CARTESIAN_POINT('',(-0.01,-0.0118774110726202,0.0130315443942159));
#5062=CARTESIAN_POINT('',(-0.01,-0.0118915330085528,0.0130457055516868));
#5063=CARTESIAN_POINT('',(-0.01,-0.0119088079107441,0.0130621086636682));
#5064=CARTESIAN_POINT('',(-0.01,-0.0119323742421774,0.0130837313606346));
#5065=CARTESIAN_POINT('',(-0.01,-0.0119614138963933,0.013109277831953));
#5066=CARTESIAN_POINT('',(-0.01,-0.011996418763603,0.0131388690382606));
#5067=CARTESIAN_POINT('',(-0.01,-0.0120374583723852,0.0131721715087357));
#5068=CARTESIAN_POINT('',(-0.01,-0.0120847233869286,0.0132089848506869));
#5069=CARTESIAN_POINT('',(-0.01,-0.0121383592545214,0.0132490623611227));
#5070=CARTESIAN_POINT('',(-0.01,-0.01219851578889,0.013292164921902));
#5071=CARTESIAN_POINT('',(-0.01,-0.0122653323409472,0.0133380453036031));
#5072=CARTESIAN_POINT('',(-0.01,-0.0123389419559611,0.0133864529790694));
#5073=CARTESIAN_POINT('',(-0.01,-0.0124194700117802,0.0134371329721786));
#5074=CARTESIAN_POINT('',(-0.01,-0.0125070344607099,0.0134898264366594));
#5075=CARTESIAN_POINT('',(-0.01,-0.0126017456190625,0.0135442707437836));
#5076=CARTESIAN_POINT('',(-0.01,-0.0127037060931816,0.0136001997143091));
#5077=CARTESIAN_POINT('',(-0.01,-0.012813010672684,0.0136573438139234));
#5078=CARTESIAN_POINT('',(-0.01,-0.0129297462434586,0.0137154303598735));
#5079=CARTESIAN_POINT('',(-0.01,-0.0130539916874516,0.0137741837376373));
#5080=CARTESIAN_POINT('',(-0.01,-0.0131858178488321,0.0138333255788327));
#5081=CARTESIAN_POINT('',(-0.01,-0.0133252872716851,0.0138925751034623));
#5082=CARTESIAN_POINT('',(-0.01,-0.0134724548464515,0.0139516488358026));
#5083=CARTESIAN_POINT('',(-0.01,-0.0136273649733452,0.0140102627487793));
#5084=CARTESIAN_POINT('',(-0.01,-0.013790062182043,0.0140681250530906));
#5085=CARTESIAN_POINT('',(-0.01,-0.0139605499623188,0.0141249650182787));
#5086=CARTESIAN_POINT('',(-0.01,-0.0141389487927443,0.0141804232287408));
#5087=CARTESIAN_POINT('',(-0.01,-0.0142821496759238,0.0142220502469031));
#5088=CARTESIAN_POINT('',(-0.01,-0.0143661217973003,0.0142449311523618));
#5089=CARTESIAN_POINT('',(-0.01,-0.0143869542420065,0.0142505455207304));
#5090=CARTESIAN_POINT('',(-0.01,-0.0131612803306182,0.0105615493682927));
#5091=CARTESIAN_POINT('',(-0.01,-0.0134339820547507,0.0107799848180714));
#5092=CARTESIAN_POINT('',(-0.01,-0.0137391082136239,0.0110243924028228));
#5093=CARTESIAN_POINT('',(-0.01,-0.01375161843004,0.0110357162722228));
#5094=CARTESIAN_POINT('',(-0.01,-0.0137666383673955,0.0110489211553059));
#5095=CARTESIAN_POINT('',(-0.01,-0.0137840938116657,0.0110651320095006));
#5096=CARTESIAN_POINT('',(-0.01,-0.013807153583373,0.0110872941377859));
#5097=CARTESIAN_POINT('',(-0.01,-0.0138344730595409,0.0111146724126715));
#5098=CARTESIAN_POINT('',(-0.01,-0.0138662038481606,0.0111477501585543));
#5099=CARTESIAN_POINT('',(-0.01,-0.0139020175021741,0.0111866177056204));
#5100=CARTESIAN_POINT('',(-0.01,-0.0139417259962229,0.0112314779245875));
#5101=CARTESIAN_POINT('',(-0.01,-0.0139850922468383,0.0112824914663459));
#5102=CARTESIAN_POINT('',(-0.01,-0.0140318870146058,0.011339822863351));
#5103=CARTESIAN_POINT('',(-0.01,-0.0140818723078708,0.0114036267152023));
#5104=CARTESIAN_POINT('',(-0.01,-0.0141348064478163,0.0114740515353637));
#5105=CARTESIAN_POINT('',(-0.01,-0.0141904428339975,0.0115512384643625));
#5106=CARTESIAN_POINT('',(-0.01,-0.0142485305372033,0.0116353214748439));
#5107=CARTESIAN_POINT('',(-0.01,-0.0143088143737622,0.0117264271560304));
#5108=CARTESIAN_POINT('',(-0.01,-0.0143710351323816,0.0118246746253285));
#5109=CARTESIAN_POINT('',(-0.01,-0.0144349297625025,0.0119301754095087));
#5110=CARTESIAN_POINT('',(-0.01,-0.0145002315750593,0.0120430333449022));
#5111=CARTESIAN_POINT('',(-0.01,-0.0145666704524304,0.0121633444637787));
#5112=CARTESIAN_POINT('',(-0.01,-0.0146339730238726,0.012291196949408));
#5113=CARTESIAN_POINT('',(-0.01,-0.0147018629906189,0.0124266708527804));
#5114=CARTESIAN_POINT('',(-0.01,-0.01477006088292,0.012569838755611));
#5115=CARTESIAN_POINT('',(-0.01,-0.0148382860220765,0.0127207628047077));
#5116=CARTESIAN_POINT('',(-0.01,-0.0149062499906078,0.0128795057634799));
#5117=CARTESIAN_POINT('',(-0.01,-0.0149736828114054,0.0130460881141214));
#5118=CARTESIAN_POINT('',(-0.01,-0.0150402333430032,0.0132206526653593));
#5119=CARTESIAN_POINT('',(-0.01,-0.0150907698776058,0.0133609571922101));
#5120=CARTESIAN_POINT('',(-0.01,-0.0151188782859514,0.0134433269098456));
#5121=CARTESIAN_POINT('',(-0.01,-0.0151257896556728,0.0134637657173743));
#5122=CARTESIAN_POINT('',(-0.01,-0.0135974186682968,0.0109110892217461));
#5123=CARTESIAN_POINT('',(-0.01,-0.0139531438102251,0.0104679274612884));
#5124=CARTESIAN_POINT('',(-0.01,-0.0134985744576295,0.0101269004444516));
#5125=CARTESIAN_POINT('',(-0.01,-7.24716571408276E-16,5.48387721073169E-16));
#5126=CARTESIAN_POINT('',(-0.01,-0.013802543564811,0.00970852286094511));
#5127=CARTESIAN_POINT('',(-0.01,-0.0142673491864805,0.0100354608620957));
#5128=CARTESIAN_POINT('',(-0.01,-0.0145788959523543,0.00956020163261626));
#5129=CARTESIAN_POINT('',(-0.01,-0.0141116896387814,0.00925342317948926));
#5130=CARTESIAN_POINT('',(-0.01,-0.0144037035638357,0.00944527766507481));
#5131=CARTESIAN_POINT('',(-0.01,-0.0147304381584656,0.00965994378952103));
#5132=CARTESIAN_POINT('',(-0.01,-0.014745073667724,0.00966834244427717));
#5133=CARTESIAN_POINT('',(-0.01,-0.0147622736737244,0.00967854672029203));
#5134=CARTESIAN_POINT('',(-0.01,-0.0147830851411649,0.00969013840487052));
#5135=CARTESIAN_POINT('',(-0.01,-0.0148112884390295,0.00970522107674536));
#5136=CARTESIAN_POINT('',(-0.01,-0.0148457689081777,0.00972274309036032));
#5137=CARTESIAN_POINT('',(-0.01,-0.0148870330668723,0.00974269927803078));
#5138=CARTESIAN_POINT('',(-0.01,-0.0149350653285028,0.00976474935447958));
#5139=CARTESIAN_POINT('',(-0.01,-0.014990000531556,0.0097886518064648));
#5140=CARTESIAN_POINT('',(-0.01,-0.015051918201287,0.0098141315103532));
#5141=CARTESIAN_POINT('',(-0.01,-0.015120903978485,0.00984091960318119));
#5142=CARTESIAN_POINT('',(-0.01,-0.0151970313526406,0.00986874196753115));
#5143=CARTESIAN_POINT('',(-0.01,-0.0152803668855899,0.00989732286000517));
#5144=CARTESIAN_POINT('',(-0.01,-0.0153709686062226,0.00992638413482163));
#5145=CARTESIAN_POINT('',(-0.01,-0.0154688863887054,0.00995564574429523));
#5146=CARTESIAN_POINT('',(-0.01,-0.0155741617704522,0.0099848258761111));
#5147=CARTESIAN_POINT('',(-0.01,-0.0156868279381539,0.0100136411963774));
#5148=CARTESIAN_POINT('',(-0.01,-0.0158069096729794,0.0100418070654786));
#5149=CARTESIAN_POINT('',(-0.01,-0.0159344233176946,0.01006903775985));
#5150=CARTESIAN_POINT('',(-0.01,-0.0160693767334797,0.010095046706764));
#5151=CARTESIAN_POINT('',(-0.01,-0.0162117693114027,0.010119546665065));
#5152=CARTESIAN_POINT('',(-0.01,-0.0163615918034651,0.0101422501218938));
#5153=CARTESIAN_POINT('',(-0.01,-0.0165188268780781,0.0101628688567406));
#5154=CARTESIAN_POINT('',(-0.01,-0.0166834469058801,0.0101811167238798));
#5155=CARTESIAN_POINT('',(-0.01,-0.0168554224525178,0.0101967000270268));
#5156=CARTESIAN_POINT('',(-0.01,-0.0170346895702002,0.0102093556733474));
#5157=CARTESIAN_POINT('',(-0.01,-0.0172212755694175,0.0102187055771384));
#5158=CARTESIAN_POINT('',(-0.01,-0.0173703297519738,0.0102234121944986));
#5159=CARTESIAN_POINT('',(-0.01,-0.01745735398454,0.0102246912368471));
#5160=CARTESIAN_POINT('',(-0.01,-0.0174789281763238,0.010224948401186));
#5161=CARTESIAN_POINT('',(-0.01,-0.0153743450278169,0.00695666155319054));
#5162=CARTESIAN_POINT('',(-0.01,-0.0156928020131808,0.00710041629063564));
#5163=CARTESIAN_POINT('',(-0.01,-0.0160491237673592,0.00726126357165668));
#5164=CARTESIAN_POINT('',(-0.01,-0.0160640570841254,0.00726912051656744));
#5165=CARTESIAN_POINT('',(-0.01,-0.0160818890634131,0.00727817523744025));
#5166=CARTESIAN_POINT('',(-0.01,-0.0161028275883037,0.00728953580537477));
#5167=CARTESIAN_POINT('',(-0.01,-0.0161306743920615,0.00730526693762276));
#5168=CARTESIAN_POINT('',(-0.01,-0.0161639442767407,0.00732499099621208));
#5169=CARTESIAN_POINT('',(-0.01,-0.0162029042851782,0.00734913841764079));
#5170=CARTESIAN_POINT('',(-0.01,-0.0162472587532884,0.00737787837566785));
#5171=CARTESIAN_POINT('',(-0.01,-0.0162968760147711,0.00741145412745942));
#5172=CARTESIAN_POINT('',(-0.01,-0.0163515663868221,0.00745008023702377));
#5173=CARTESIAN_POINT('',(-0.01,-0.0164111487495629,0.00749397307725094));
#5174=CARTESIAN_POINT('',(-0.01,-0.016475431035641,0.00754334157682725));
#5175=CARTESIAN_POINT('',(-0.01,-0.0165442160928207,0.00759838968647092));
#5176=CARTESIAN_POINT('',(-0.01,-0.0166173001682851,0.00765931543955671));
#5177=CARTESIAN_POINT('',(-0.01,-0.016694473533868,0.00772631100329007));
#5178=CARTESIAN_POINT('',(-0.01,-0.0167755205044215,0.00779956245145877));
#5179=CARTESIAN_POINT('',(-0.01,-0.0168602196355468,0.00787924962240403));
#5180=CARTESIAN_POINT('',(-0.01,-0.0169483438764821,0.00796554595709163));
#5181=CARTESIAN_POINT('',(-0.01,-0.0170396607397344,0.00805861835251709));
#5182=CARTESIAN_POINT('',(-0.01,-0.0171339324761784,0.00815862699944067));
#5183=CARTESIAN_POINT('',(-0.01,-0.0172309162338029,0.00826572529523181));
#5184=CARTESIAN_POINT('',(-0.01,-0.0173303643021465,0.00838005948864088));
#5185=CARTESIAN_POINT('',(-0.01,-0.0174320240418544,0.0085017693823955));
#5186=CARTESIAN_POINT('',(-0.01,-0.0175356390475474,0.00863098497280127));
#5187=CARTESIAN_POINT('',(-0.01,-0.0176409455715354,0.00876783877795043));
#5188=CARTESIAN_POINT('',(-0.01,-0.0177476872122521,0.00891241777712765));
#5189=CARTESIAN_POINT('',(-0.01,-0.0178555593750723,0.00906494761779282));
#5190=CARTESIAN_POINT('',(-0.01,-0.0179394005284614,0.00918827629484258));
#5191=CARTESIAN_POINT('',(-0.01,-0.0179871103752556,0.00926106793943143));
#5192=CARTESIAN_POINT('',(-0.01,-0.0179988875363262,0.00927914583648106));
#5193=CARTESIAN_POINT('',(-0.01,-0.0158837083043301,0.00718675677540333));
#5194=CARTESIAN_POINT('',(-0.01,-0.0161180478385879,0.00666905251116004));
#5195=CARTESIAN_POINT('',(-0.01,-0.0155929496477613,0.00645178628616758));
#5196=CARTESIAN_POINT('',(-0.01,-8.34097788412575E-16,3.46518741196856E-16));
#5197=CARTESIAN_POINT('',(-0.01,-0.0157833227324462,0.00597095876082294));
#5198=CARTESIAN_POINT('',(-0.01,-0.0163148318054091,0.00617203294586391));
#5199=CARTESIAN_POINT('',(-0.01,-0.0164983985925853,0.00563422632896739));
#5200=CARTESIAN_POINT('',(-0.01,-0.0159695777255929,0.00545327537047665));
#5201=CARTESIAN_POINT('',(-0.01,-0.0163001297665878,0.0055664814845295));
#5202=CARTESIAN_POINT('',(-0.01,-0.0166699846873712,0.00569314788846149));
#5203=CARTESIAN_POINT('',(-0.01,-0.0166862490556972,0.00569764298088832));
#5204=CARTESIAN_POINT('',(-0.01,-0.0167054463921312,0.00570324920325635));
#5205=CARTESIAN_POINT('',(-0.01,-0.0167284867637822,0.0057093011122587));
#5206=CARTESIAN_POINT('',(-0.01,-0.0167595549111489,0.00571689605929785));
#5207=CARTESIAN_POINT('',(-0.01,-0.0167973096605425,0.00572529264265252));
#5208=CARTESIAN_POINT('',(-0.01,-0.0168422403318722,0.00573435989102075));
#5209=CARTESIAN_POINT('',(-0.01,-0.0168942472027024,0.00574377208604549));
#5210=CARTESIAN_POINT('',(-0.01,-0.0169534008134202,0.00575326176909938));
#5211=CARTESIAN_POINT('',(-0.01,-0.0170197097703829,0.00576254268293732));
#5212=CARTESIAN_POINT('',(-0.01,-0.0170931901603171,0.00577133311342189));
#5213=CARTESIAN_POINT('',(-0.01,-0.0171738449936759,0.00577934927894514));
#5214=CARTESIAN_POINT('',(-0.01,-0.0172616701665387,0.00578630754583953));
#5215=CARTESIAN_POINT('',(-0.01,-0.0173566527126678,0.0057919240755866));
#5216=CARTESIAN_POINT('',(-0.01,-0.017458771294314,0.00579591521551315));
#5217=CARTESIAN_POINT('',(-0.01,-0.0175679960600441,0.00579799767702169));
#5218=CARTESIAN_POINT('',(-0.01,-0.0176842886916545,0.00579788877448111));
#5219=CARTESIAN_POINT('',(-0.01,-0.0178076024047743,0.00579530664792678));
#5220=CARTESIAN_POINT('',(-0.01,-0.0179378819721701,0.00578997048604456));
#5221=CARTESIAN_POINT('',(-0.01,-0.0180750637403097,0.00578160076432003));
#5222=CARTESIAN_POINT('',(-0.01,-0.0182190756854211,0.0057699194172419));
#5223=CARTESIAN_POINT('',(-0.01,-0.0183698373485081,0.00575465026457993));
#5224=CARTESIAN_POINT('',(-0.01,-0.0185272602649596,0.00573551845099251));
#5225=CARTESIAN_POINT('',(-0.01,-0.018691246511893,0.00571225369169089));
#5226=CARTESIAN_POINT('',(-0.01,-0.0188616945403933,0.00568457883742538));
#5227=CARTESIAN_POINT('',(-0.01,-0.01903847698318,0.00565225496407588));
#5228=CARTESIAN_POINT('',(-0.01,-0.0192215262666432,0.00561490907235417));
#5229=CARTESIAN_POINT('',(-0.01,-0.0193670681261031,0.00558239955483377));
#5230=CARTESIAN_POINT('',(-0.01,-0.0194516764172743,0.00556199636713738));
#5231=CARTESIAN_POINT('',(-0.01,-0.0194726367703213,0.00555688016886533));
#5232=CARTESIAN_POINT('',(-0.01,-0.0166213830840322,0.00291466110788995));
#5233=CARTESIAN_POINT('',(-0.01,-0.016965585507034,0.00297470249415477));
#5234=CARTESIAN_POINT('',(-0.01,-0.017350713850243,0.00304188284522403));
#5235=CARTESIAN_POINT('',(-0.01,-0.0173671319521458,0.00304577918490095));
#5236=CARTESIAN_POINT('',(-0.01,-0.0173866555245256,0.0030501148021501));
#5237=CARTESIAN_POINT('',(-0.01,-0.0174097614855113,0.00305591125755987));
#5238=CARTESIAN_POINT('',(-0.01,-0.0174406456042261,0.00306422294887634));
#5239=CARTESIAN_POINT('',(-0.01,-0.017477775428204,0.00307505345602822));
#5240=CARTESIAN_POINT('',(-0.01,-0.0175215166558445,0.00308875328170647));
#5241=CARTESIAN_POINT('',(-0.01,-0.0175716249836958,0.00310555981343343));
#5242=CARTESIAN_POINT('',(-0.01,-0.0176280333775937,0.00312574141008143));
#5243=CARTESIAN_POINT('',(-0.01,-0.0176906114738674,0.003149553066931));
#5244=CARTESIAN_POINT('',(-0.01,-0.0177592376526018,0.00317724940180213));
#5245=CARTESIAN_POINT('',(-0.01,-0.017833777839045,0.00320908054471046));
#5246=CARTESIAN_POINT('',(-0.01,-0.0179140917953424,0.00324529306865465));
#5247=CARTESIAN_POINT('',(-0.01,-0.0180000314188443,0.00328612945669183));
#5248=CARTESIAN_POINT('',(-0.01,-0.0180914413604209,0.00333182799601533));
#5249=CARTESIAN_POINT('',(-0.01,-0.0181881589857393,0.00338262255327781));
#5250=CARTESIAN_POINT('',(-0.01,-0.0182900145314603,0.00343874238785086));
#5251=CARTESIAN_POINT('',(-0.01,-0.0183968312130537,0.00350041195696171));
#5252=CARTESIAN_POINT('',(-0.01,-0.0185084253526435,0.00356785073151824));
#5253=CARTESIAN_POINT('',(-0.01,-0.0186246065082525,0.00364127299539658));
#5254=CARTESIAN_POINT('',(-0.01,-0.0187451776058863,0.003720887721545));
#5255=CARTESIAN_POINT('',(-0.01,-0.0188699350879486,0.00380689816712713));
#5256=CARTESIAN_POINT('',(-0.01,-0.0189986690197391,0.00389950257156345));
#5257=CARTESIAN_POINT('',(-0.01,-0.0191311633800915,0.0039988906125114));
#5258=CARTESIAN_POINT('',(-0.01,-0.0192671956633441,0.00410525623614693));
#5259=CARTESIAN_POINT('',(-0.01,-0.0194065391541252,0.00421874745361719));
#5260=CARTESIAN_POINT('',(-0.01,-0.0195489549434516,0.00433965857285514));
#5261=CARTESIAN_POINT('',(-0.01,-0.0196608326676136,0.0044382622057537));
#5262=CARTESIAN_POINT('',(-0.01,-0.0197251461677179,0.0044969020105574));
#5263=CARTESIAN_POINT('',(-0.01,-0.0197410491177942,0.00451148309637054));
#5264=CARTESIAN_POINT('',(-0.01,-0.0171719661314094,0.00301085396981944));
#5265=CARTESIAN_POINT('',(-0.01,-0.0172701956432189,0.00245113646469606));
#5266=CARTESIAN_POINT('',(-0.01,-0.016707562464667,0.00237128266751352));
#5267=CARTESIAN_POINT('',(-0.01,-8.89839819519171E-16,1.2378984401969E-16));
#5268=CARTESIAN_POINT('',(-0.01,-0.0167723776858012,0.00185821736210805));
#5269=CARTESIAN_POINT('',(-0.01,-0.0173371935402498,0.00192079350049413));
#5270=CARTESIAN_POINT('',(-0.01,-0.0173812461723786,0.00135423186383455));
#5271=CARTESIAN_POINT('',(-0.01,-0.0168240385119068,0.00131047821419311));
#5272=CARTESIAN_POINT('',(-0.01,-0.0171723588684215,0.00133792280022435));
#5273=CARTESIAN_POINT('',(-0.01,-0.0175620947704542,0.00136863056763661));
#5274=CARTESIAN_POINT('',(-0.01,-0.0175789660477696,0.00136893965454517));
#5275=CARTESIAN_POINT('',(-0.01,-0.0175989544753862,0.00136959556369674));
#5276=CARTESIAN_POINT('',(-0.01,-0.0176227760399604,0.00136972743342297));
#5277=CARTESIAN_POINT('',(-0.01,-0.0176547569108695,0.0013693574371717));
#5278=CARTESIAN_POINT('',(-0.01,-0.0176934136707518,0.00136810100205343));
#5279=CARTESIAN_POINT('',(-0.01,-0.0177391876953935,0.00136570958255744));
#5280=CARTESIAN_POINT('',(-0.01,-0.0177919013924614,0.00136189249332909));
#5281=CARTESIAN_POINT('',(-0.01,-0.0178515565719304,0.00135637313576476));
#5282=CARTESIAN_POINT('',(-0.01,-0.0179180903804916,0.00134887210560298));
#5283=CARTESIAN_POINT('',(-0.01,-0.0179914483400204,0.00133911253866785));
#5284=CARTESIAN_POINT('',(-0.01,-0.0180715627927749,0.00132681882020318));
#5285=CARTESIAN_POINT('',(-0.01,-0.0181583592269418,0.00131171724801824));
#5286=CARTESIAN_POINT('',(-0.01,-0.0182517544958727,0.00129353612547576));
#5287=CARTESIAN_POINT('',(-0.01,-0.0183516573906315,0.00127200601785529));
#5288=CARTESIAN_POINT('',(-0.01,-0.0184579685466134,0.00124685996034115));
#5289=CARTESIAN_POINT('',(-0.01,-0.018570580548394,0.00121783367774085));
#5290=CARTESIAN_POINT('',(-0.01,-0.0186893779856967,0.00118466580003879));
#5291=CARTESIAN_POINT('',(-0.01,-0.018814237531419,0.00114709807257904));
#5292=CARTESIAN_POINT('',(-0.01,-0.0189450280169016,0.00110487558261362));
#5293=CARTESIAN_POINT('',(-0.01,-0.0190816105290511,0.0010577469121543));
#5294=CARTESIAN_POINT('',(-0.01,-0.0192238384534083,0.00100546456701933));
#5295=CARTESIAN_POINT('',(-0.01,-0.0193715577508967,0.000947784327207216));
#5296=CARTESIAN_POINT('',(-0.01,-0.0195246063579675,0.000884468751853497));
#5297=CARTESIAN_POINT('',(-0.01,-0.0196828169918358,0.000815274653050018));
#5298=CARTESIAN_POINT('',(-0.01,-0.0198460068686863,0.000740002287871871));
#5299=CARTESIAN_POINT('',(-0.01,-0.0200140177767069,0.000658307180362852));
#5300=CARTESIAN_POINT('',(-0.01,-0.0201469023827753,0.000590624220509318));
#5301=CARTESIAN_POINT('',(-0.01,-0.0202237784824494,0.000549820810088679));
#5302=CARTESIAN_POINT('',(-0.01,-0.0202428079806912,0.00053965271875916));
#5303=CARTESIAN_POINT('',(-0.01,-0.0168240385119068,-0.00131047821419308));
#5304=CARTESIAN_POINT('',(-0.01,-0.0171723588684215,-0.00133792280022433));
#5305=CARTESIAN_POINT('',(-0.01,-0.0175620947704542,-0.00136863056763658));
#5306=CARTESIAN_POINT('',(-0.01,-0.0175789660477696,-0.00136893965454515));
#5307=CARTESIAN_POINT('',(-0.01,-0.0175989544753862,-0.00136959556369672));
#5308=CARTESIAN_POINT('',(-0.01,-0.0176227760399604,-0.00136972743342294));
#5309=CARTESIAN_POINT('',(-0.01,-0.0176547569108695,-0.00136935743717167));
#5310=CARTESIAN_POINT('',(-0.01,-0.0176934136707518,-0.00136810100205341));
#5311=CARTESIAN_POINT('',(-0.01,-0.0177391876953935,-0.00136570958255742));
#5312=CARTESIAN_POINT('',(-0.01,-0.0177919013924614,-0.00136189249332906));
#5313=CARTESIAN_POINT('',(-0.01,-0.0178515565719304,-0.00135637313576473));
#5314=CARTESIAN_POINT('',(-0.01,-0.0179180903804917,-0.00134887210560295));
#5315=CARTESIAN_POINT('',(-0.01,-0.0179914483400204,-0.00133911253866782));
#5316=CARTESIAN_POINT('',(-0.01,-0.0180715627927749,-0.00132681882020315));
#5317=CARTESIAN_POINT('',(-0.01,-0.0181583592269418,-0.00131171724801821));
#5318=CARTESIAN_POINT('',(-0.01,-0.0182517544958727,-0.00129353612547574));
#5319=CARTESIAN_POINT('',(-0.01,-0.0183516573906315,-0.00127200601785527));
#5320=CARTESIAN_POINT('',(-0.01,-0.0184579685466134,-0.00124685996034112));
#5321=CARTESIAN_POINT('',(-0.01,-0.018570580548394,-0.00121783367774082));
#5322=CARTESIAN_POINT('',(-0.01,-0.0186893779856967,-0.00118466580003876));
#5323=CARTESIAN_POINT('',(-0.01,-0.018814237531419,-0.00114709807257902));
#5324=CARTESIAN_POINT('',(-0.01,-0.0189450280169016,-0.0011048755826136));
#5325=CARTESIAN_POINT('',(-0.01,-0.0190816105290511,-0.00105774691215427));
#5326=CARTESIAN_POINT('',(-0.01,-0.0192238384534083,-0.0010054645670193));
#5327=CARTESIAN_POINT('',(-0.01,-0.0193715577508967,-0.000947784327207191));
#5328=CARTESIAN_POINT('',(-0.01,-0.0195246063579675,-0.000884468751853471));
#5329=CARTESIAN_POINT('',(-0.01,-0.0196828169918358,-0.000815274653049993));
#5330=CARTESIAN_POINT('',(-0.01,-0.0198460068686863,-0.000740002287871845));
#5331=CARTESIAN_POINT('',(-0.01,-0.0200140177767069,-0.000658307180362827));
#5332=CARTESIAN_POINT('',(-0.01,-0.0201469023827753,-0.000590624220509293));
#5333=CARTESIAN_POINT('',(-0.01,-0.0202237784824494,-0.000549820810088654));
#5334=CARTESIAN_POINT('',(-0.01,-0.0202428079806912,-0.000539652718759135));
#5335=CARTESIAN_POINT('',(-0.01,-0.0173812461723786,-0.00135423186383452));
#5336=CARTESIAN_POINT('',(-0.01,-0.0173371935402498,-0.00192079350049411));
#5337=CARTESIAN_POINT('',(-0.01,-0.0167723776858012,-0.00185821736210802));
#5338=CARTESIAN_POINT('',(-0.01,-8.88440187908786E-16,-1.05804094709101E-16));
#5339=CARTESIAN_POINT('',(-0.01,-0.016707562464667,-0.00237128266751349));
#5340=CARTESIAN_POINT('',(-0.01,-0.0172701956432189,-0.00245113646469603));
#5341=CARTESIAN_POINT('',(-0.01,-0.0171719661314094,-0.00301085396981942));
#5342=CARTESIAN_POINT('',(-0.01,-0.0166213830840322,-0.00291466110788992));
#5343=CARTESIAN_POINT('',(-0.01,-0.016965585507034,-0.00297470249415475));
#5344=CARTESIAN_POINT('',(-0.01,-0.017350713850243,-0.00304188284522401));
#5345=CARTESIAN_POINT('',(-0.01,-0.0173671319521458,-0.00304577918490092));
#5346=CARTESIAN_POINT('',(-0.01,-0.0173866555245256,-0.00305011480215006));
#5347=CARTESIAN_POINT('',(-0.01,-0.0174097614855113,-0.00305591125755985));
#5348=CARTESIAN_POINT('',(-0.01,-0.0174406456042261,-0.00306422294887631));
#5349=CARTESIAN_POINT('',(-0.01,-0.017477775428204,-0.00307505345602819));
#5350=CARTESIAN_POINT('',(-0.01,-0.0175215166558445,-0.00308875328170644));
#5351=CARTESIAN_POINT('',(-0.01,-0.0175716249836958,-0.0031055598134334));
#5352=CARTESIAN_POINT('',(-0.01,-0.0176280333775937,-0.00312574141008141));
#5353=CARTESIAN_POINT('',(-0.01,-0.0176906114738674,-0.00314955306693098));
#5354=CARTESIAN_POINT('',(-0.01,-0.0177592376526018,-0.0031772494018021));
#5355=CARTESIAN_POINT('',(-0.01,-0.017833777839045,-0.00320908054471044));
#5356=CARTESIAN_POINT('',(-0.01,-0.0179140917953424,-0.00324529306865462));
#5357=CARTESIAN_POINT('',(-0.01,-0.0180000314188443,-0.00328612945669181));
#5358=CARTESIAN_POINT('',(-0.01,-0.0180914413604209,-0.0033318279960153));
#5359=CARTESIAN_POINT('',(-0.01,-0.0181881589857393,-0.00338262255327778));
#5360=CARTESIAN_POINT('',(-0.01,-0.0182900145314603,-0.00343874238785084));
#5361=CARTESIAN_POINT('',(-0.01,-0.0183968312130537,-0.00350041195696168));
#5362=CARTESIAN_POINT('',(-0.01,-0.0185084253526435,-0.00356785073151821));
#5363=CARTESIAN_POINT('',(-0.01,-0.0186246065082525,-0.00364127299539655));
#5364=CARTESIAN_POINT('',(-0.01,-0.0187451776058863,-0.00372088772154498));
#5365=CARTESIAN_POINT('',(-0.01,-0.0188699350879486,-0.00380689816712711));
#5366=CARTESIAN_POINT('',(-0.01,-0.0189986690197391,-0.00389950257156343));
#5367=CARTESIAN_POINT('',(-0.01,-0.0191311633800915,-0.00399889061251137));
#5368=CARTESIAN_POINT('',(-0.01,-0.0192671956633441,-0.0041052562361469));
#5369=CARTESIAN_POINT('',(-0.01,-0.0194065391541252,-0.00421874745361716));
#5370=CARTESIAN_POINT('',(-0.01,-0.0195489549434516,-0.00433965857285511));
#5371=CARTESIAN_POINT('',(-0.01,-0.0196608326676136,-0.00443826220575367));
#5372=CARTESIAN_POINT('',(-0.01,-0.0197251461677179,-0.00449690201055738));
#5373=CARTESIAN_POINT('',(-0.01,-0.0197410491177942,-0.00451148309637051));
#5374=CARTESIAN_POINT('',(-0.01,-0.0159695777255929,-0.00545327537047663));
#5375=CARTESIAN_POINT('',(-0.01,-0.0163001297665878,-0.00556648148452948));
#5376=CARTESIAN_POINT('',(-0.01,-0.0166699846873712,-0.00569314788846146));
#5377=CARTESIAN_POINT('',(-0.01,-0.0166862490556972,-0.0056976429808883));
#5378=CARTESIAN_POINT('',(-0.01,-0.0167054463921312,-0.00570324920325633));
#5379=CARTESIAN_POINT('',(-0.01,-0.0167284867637822,-0.00570930111225867));
#5380=CARTESIAN_POINT('',(-0.01,-0.0167595549111489,-0.00571689605929782));
#5381=CARTESIAN_POINT('',(-0.01,-0.0167973096605425,-0.00572529264265249));
#5382=CARTESIAN_POINT('',(-0.01,-0.0168422403318722,-0.00573435989102072));
#5383=CARTESIAN_POINT('',(-0.01,-0.0168942472027024,-0.00574377208604547));
#5384=CARTESIAN_POINT('',(-0.01,-0.0169534008134202,-0.00575326176909935));
#5385=CARTESIAN_POINT('',(-0.01,-0.0170197097703829,-0.00576254268293729));
#5386=CARTESIAN_POINT('',(-0.01,-0.0170931901603171,-0.00577133311342186));
#5387=CARTESIAN_POINT('',(-0.01,-0.0171738449936759,-0.00577934927894512));
#5388=CARTESIAN_POINT('',(-0.01,-0.0172616701665387,-0.0057863075458395));
#5389=CARTESIAN_POINT('',(-0.01,-0.0173566527126678,-0.00579192407558657));
#5390=CARTESIAN_POINT('',(-0.01,-0.017458771294314,-0.00579591521551312));
#5391=CARTESIAN_POINT('',(-0.01,-0.0175679960600441,-0.00579799767702166));
#5392=CARTESIAN_POINT('',(-0.01,-0.0176842886916545,-0.00579788877448108));
#5393=CARTESIAN_POINT('',(-0.01,-0.0178076024047743,-0.00579530664792676));
#5394=CARTESIAN_POINT('',(-0.01,-0.0179378819721701,-0.00578997048604453));
#5395=CARTESIAN_POINT('',(-0.01,-0.0180750637403097,-0.00578160076432001));
#5396=CARTESIAN_POINT('',(-0.01,-0.0182190756854211,-0.00576991941724187));
#5397=CARTESIAN_POINT('',(-0.01,-0.018369837348508,-0.0057546502645799));
#5398=CARTESIAN_POINT('',(-0.01,-0.0185272602649596,-0.00573551845099248));
#5399=CARTESIAN_POINT('',(-0.01,-0.018691246511893,-0.00571225369169086));
#5400=CARTESIAN_POINT('',(-0.01,-0.0188616945403933,-0.00568457883742535));
#5401=CARTESIAN_POINT('',(-0.01,-0.01903847698318,-0.00565225496407585));
#5402=CARTESIAN_POINT('',(-0.01,-0.0192215262666432,-0.00561490907235414));
#5403=CARTESIAN_POINT('',(-0.01,-0.0193670681261031,-0.00558239955483374));
#5404=CARTESIAN_POINT('',(-0.01,-0.0194516764172743,-0.00556199636713735));
#5405=CARTESIAN_POINT('',(-0.01,-0.0194726367703213,-0.0055568801688653));
#5406=CARTESIAN_POINT('',(-0.01,-0.0164983985925853,-0.00563422632896736));
#5407=CARTESIAN_POINT('',(-0.01,-0.0163148318054091,-0.00617203294586388));
#5408=CARTESIAN_POINT('',(-0.01,-0.0157833227324462,-0.00597095876082291));
#5409=CARTESIAN_POINT('',(-0.01,-8.29986837582986E-16,-3.27836843431749E-16));
#5410=CARTESIAN_POINT('',(-0.01,-0.0155929496477613,-0.00645178628616755));
#5411=CARTESIAN_POINT('',(-0.01,-0.0161180478385879,-0.00666905251116001));
#5412=CARTESIAN_POINT('',(-0.01,-0.0158837083043301,-0.00718675677540331));
#5413=CARTESIAN_POINT('',(-0.01,-0.0153743450278169,-0.00695666155319051));
#5414=CARTESIAN_POINT('',(-0.01,-0.0156928020131808,-0.00710041629063562));
#5415=CARTESIAN_POINT('',(-0.01,-0.0160491237673592,-0.00726126357165665));
#5416=CARTESIAN_POINT('',(-0.01,-0.0160640570841253,-0.00726912051656741));
#5417=CARTESIAN_POINT('',(-0.01,-0.0160818890634131,-0.00727817523744023));
#5418=CARTESIAN_POINT('',(-0.01,-0.0161028275883037,-0.00728953580537474));
#5419=CARTESIAN_POINT('',(-0.01,-0.0161306743920615,-0.00730526693762273));
#5420=CARTESIAN_POINT('',(-0.01,-0.0161639442767407,-0.00732499099621205));
#5421=CARTESIAN_POINT('',(-0.01,-0.0162029042851782,-0.00734913841764076));
#5422=CARTESIAN_POINT('',(-0.01,-0.0162472587532884,-0.00737787837566782));
#5423=CARTESIAN_POINT('',(-0.01,-0.0162968760147711,-0.00741145412745939));
#5424=CARTESIAN_POINT('',(-0.01,-0.0163515663868221,-0.00745008023702375));
#5425=CARTESIAN_POINT('',(-0.01,-0.0164111487495629,-0.00749397307725091));
#5426=CARTESIAN_POINT('',(-0.01,-0.016475431035641,-0.00754334157682722));
#5427=CARTESIAN_POINT('',(-0.01,-0.0165442160928207,-0.00759838968647089));
#5428=CARTESIAN_POINT('',(-0.01,-0.0166173001682851,-0.00765931543955668));
#5429=CARTESIAN_POINT('',(-0.01,-0.016694473533868,-0.00772631100329004));
#5430=CARTESIAN_POINT('',(-0.01,-0.0167755205044215,-0.00779956245145874));
#5431=CARTESIAN_POINT('',(-0.01,-0.0168602196355468,-0.007879249622404));
#5432=CARTESIAN_POINT('',(-0.01,-0.0169483438764821,-0.0079655459570916));
#5433=CARTESIAN_POINT('',(-0.01,-0.0170396607397344,-0.00805861835251707));
#5434=CARTESIAN_POINT('',(-0.01,-0.0171339324761784,-0.00815862699944064));
#5435=CARTESIAN_POINT('',(-0.01,-0.0172309162338029,-0.00826572529523178));
#5436=CARTESIAN_POINT('',(-0.01,-0.0173303643021465,-0.00838005948864085));
#5437=CARTESIAN_POINT('',(-0.01,-0.0174320240418544,-0.00850176938239548));
#5438=CARTESIAN_POINT('',(-0.01,-0.0175356390475473,-0.00863098497280125));
#5439=CARTESIAN_POINT('',(-0.01,-0.0176409455715354,-0.00876783877795041));
#5440=CARTESIAN_POINT('',(-0.01,-0.0177476872122521,-0.00891241777712762));
#5441=CARTESIAN_POINT('',(-0.01,-0.0178555593750723,-0.00906494761779279));
#5442=CARTESIAN_POINT('',(-0.01,-0.0179394005284614,-0.00918827629484256));
#5443=CARTESIAN_POINT('',(-0.01,-0.0179871103752556,-0.0092610679394314));
#5444=CARTESIAN_POINT('',(-0.01,-0.0179988875363262,-0.00927914583648103));
#5445=CARTESIAN_POINT('',(-0.01,-0.0141116896387814,-0.00925342317948923));
#5446=CARTESIAN_POINT('',(-0.01,-0.0144037035638357,-0.00944527766507478));
#5447=CARTESIAN_POINT('',(-0.01,-0.0147304381584656,-0.009659943789521));
#5448=CARTESIAN_POINT('',(-0.01,-0.014745073667724,-0.00966834244427714));
#5449=CARTESIAN_POINT('',(-0.01,-0.0147622736737244,-0.009678546720292));
#5450=CARTESIAN_POINT('',(-0.01,-0.0147830851411649,-0.00969013840487049));
#5451=CARTESIAN_POINT('',(-0.01,-0.0148112884390295,-0.00970522107674532));
#5452=CARTESIAN_POINT('',(-0.01,-0.0148457689081777,-0.00972274309036029));
#5453=CARTESIAN_POINT('',(-0.01,-0.0148870330668723,-0.00974269927803075));
#5454=CARTESIAN_POINT('',(-0.01,-0.0149350653285028,-0.00976474935447955));
#5455=CARTESIAN_POINT('',(-0.01,-0.014990000531556,-0.00978865180646477));
#5456=CARTESIAN_POINT('',(-0.01,-0.015051918201287,-0.00981413151035317));
#5457=CARTESIAN_POINT('',(-0.01,-0.015120903978485,-0.00984091960318116));
#5458=CARTESIAN_POINT('',(-0.01,-0.0151970313526406,-0.00986874196753112));
#5459=CARTESIAN_POINT('',(-0.01,-0.0152803668855899,-0.00989732286000514));
#5460=CARTESIAN_POINT('',(-0.01,-0.0153709686062226,-0.0099263841348216));
#5461=CARTESIAN_POINT('',(-0.01,-0.0154688863887054,-0.00995564574429519));
#5462=CARTESIAN_POINT('',(-0.01,-0.0155741617704522,-0.00998482587611107));
#5463=CARTESIAN_POINT('',(-0.01,-0.0156868279381539,-0.0100136411963774));
#5464=CARTESIAN_POINT('',(-0.01,-0.0158069096729794,-0.0100418070654786));
#5465=CARTESIAN_POINT('',(-0.01,-0.0159344233176946,-0.01006903775985));
#5466=CARTESIAN_POINT('',(-0.01,-0.0160693767334797,-0.010095046706764));
#5467=CARTESIAN_POINT('',(-0.01,-0.0162117693114027,-0.0101195466650649));
#5468=CARTESIAN_POINT('',(-0.01,-0.0163615918034651,-0.0101422501218937));
#5469=CARTESIAN_POINT('',(-0.01,-0.0165188268780781,-0.0101628688567406));
#5470=CARTESIAN_POINT('',(-0.01,-0.0166834469058802,-0.0101811167238798));
#5471=CARTESIAN_POINT('',(-0.01,-0.0168554224525178,-0.0101967000270267));
#5472=CARTESIAN_POINT('',(-0.01,-0.0170346895702002,-0.0102093556733473));
#5473=CARTESIAN_POINT('',(-0.01,-0.0172212755694175,-0.0102187055771384));
#5474=CARTESIAN_POINT('',(-0.01,-0.0173703297519738,-0.0102234121944986));
#5475=CARTESIAN_POINT('',(-0.01,-0.01745735398454,-0.0102246912368471));
#5476=CARTESIAN_POINT('',(-0.01,-0.0174789281763238,-0.010224948401186));
#5477=CARTESIAN_POINT('',(-0.01,-0.0145788959523543,-0.00956020163261621));
#5478=CARTESIAN_POINT('',(-0.01,-0.0142673491864805,-0.0100354608620957));
#5479=CARTESIAN_POINT('',(-0.01,-0.013802543564811,-0.00970852286094508));
#5480=CARTESIAN_POINT('',(-0.01,-7.18152607519125E-16,-5.28357267966678E-16));
#5481=CARTESIAN_POINT('',(-0.01,-0.0134985744576295,-0.0101269004444515));
#5482=CARTESIAN_POINT('',(-0.01,-0.0139531438102251,-0.0104679274612884));
#5483=CARTESIAN_POINT('',(-0.01,-0.0135974186682968,-0.0109110892217461));
#5484=CARTESIAN_POINT('',(-0.01,-0.0131612803306182,-0.0105615493682926));
#5485=CARTESIAN_POINT('',(-0.01,-0.0134339820547507,-0.0107799848180714));
#5486=CARTESIAN_POINT('',(-0.01,-0.0137391082136239,-0.0110243924028227));
#5487=CARTESIAN_POINT('',(-0.01,-0.0137516184300401,-0.0110357162722228));
#5488=CARTESIAN_POINT('',(-0.01,-0.0137666383673955,-0.0110489211553059));
#5489=CARTESIAN_POINT('',(-0.01,-0.0137840938116657,-0.0110651320095006));
#5490=CARTESIAN_POINT('',(-0.01,-0.013807153583373,-0.0110872941377859));
#5491=CARTESIAN_POINT('',(-0.01,-0.0138344730595409,-0.0111146724126715));
#5492=CARTESIAN_POINT('',(-0.01,-0.0138662038481606,-0.0111477501585543));
#5493=CARTESIAN_POINT('',(-0.01,-0.0139020175021741,-0.0111866177056204));
#5494=CARTESIAN_POINT('',(-0.01,-0.0139417259962229,-0.0112314779245875));
#5495=CARTESIAN_POINT('',(-0.01,-0.0139850922468383,-0.0112824914663458));
#5496=CARTESIAN_POINT('',(-0.01,-0.0140318870146058,-0.011339822863351));
#5497=CARTESIAN_POINT('',(-0.01,-0.0140818723078708,-0.0114036267152022));
#5498=CARTESIAN_POINT('',(-0.01,-0.0141348064478163,-0.0114740515353637));
#5499=CARTESIAN_POINT('',(-0.01,-0.0141904428339975,-0.0115512384643625));
#5500=CARTESIAN_POINT('',(-0.01,-0.0142485305372034,-0.0116353214748439));
#5501=CARTESIAN_POINT('',(-0.01,-0.0143088143737622,-0.0117264271560304));
#5502=CARTESIAN_POINT('',(-0.01,-0.0143710351323816,-0.0118246746253284));
#5503=CARTESIAN_POINT('',(-0.01,-0.0144349297625025,-0.0119301754095087));
#5504=CARTESIAN_POINT('',(-0.01,-0.0145002315750593,-0.0120430333449021));
#5505=CARTESIAN_POINT('',(-0.01,-0.0145666704524304,-0.0121633444637787));
#5506=CARTESIAN_POINT('',(-0.01,-0.0146339730238726,-0.012291196949408));
#5507=CARTESIAN_POINT('',(-0.01,-0.0147018629906189,-0.0124266708527804));
#5508=CARTESIAN_POINT('',(-0.01,-0.01477006088292,-0.012569838755611));
#5509=CARTESIAN_POINT('',(-0.01,-0.0148382860220765,-0.0127207628047077));
#5510=CARTESIAN_POINT('',(-0.01,-0.0149062499906078,-0.0128795057634799));
#5511=CARTESIAN_POINT('',(-0.01,-0.0149736828114054,-0.0130460881141214));
#5512=CARTESIAN_POINT('',(-0.01,-0.0150402333430032,-0.0132206526653593));
#5513=CARTESIAN_POINT('',(-0.01,-0.0150907698776058,-0.0133609571922101));
#5514=CARTESIAN_POINT('',(-0.01,-0.0151188782859514,-0.0134433269098456));
#5515=CARTESIAN_POINT('',(-0.01,-0.0151257896556728,-0.0134637657173742));
#5516=CARTESIAN_POINT('',(-0.01,-0.0113671121928012,-0.0124721443784246));
#5517=CARTESIAN_POINT('',(-0.01,-0.0116022396930515,-0.0127305923126221));
#5518=CARTESIAN_POINT('',(-0.01,-0.0118653240253016,-0.0130197698954968));
#5519=CARTESIAN_POINT('',(-0.01,-0.0118774110726202,-0.0130315443942158));
#5520=CARTESIAN_POINT('',(-0.01,-0.0118915330085528,-0.0130457055516868));
#5521=CARTESIAN_POINT('',(-0.01,-0.0119088079107441,-0.0130621086636681));
#5522=CARTESIAN_POINT('',(-0.01,-0.0119323742421774,-0.0130837313606346));
#5523=CARTESIAN_POINT('',(-0.01,-0.0119614138963933,-0.0131092778319529));
#5524=CARTESIAN_POINT('',(-0.01,-0.011996418763603,-0.0131388690382606));
#5525=CARTESIAN_POINT('',(-0.01,-0.0120374583723852,-0.0131721715087357));
#5526=CARTESIAN_POINT('',(-0.01,-0.0120847233869286,-0.0132089848506869));
#5527=CARTESIAN_POINT('',(-0.01,-0.0121383592545214,-0.0132490623611227));
#5528=CARTESIAN_POINT('',(-0.01,-0.01219851578889,-0.013292164921902));
#5529=CARTESIAN_POINT('',(-0.01,-0.0122653323409472,-0.013338045303603));
#5530=CARTESIAN_POINT('',(-0.01,-0.0123389419559611,-0.0133864529790694));
#5531=CARTESIAN_POINT('',(-0.01,-0.0124194700117802,-0.0134371329721786));
#5532=CARTESIAN_POINT('',(-0.01,-0.0125070344607099,-0.0134898264366594));
#5533=CARTESIAN_POINT('',(-0.01,-0.0126017456190625,-0.0135442707437836));
#5534=CARTESIAN_POINT('',(-0.01,-0.0127037060931816,-0.0136001997143091));
#5535=CARTESIAN_POINT('',(-0.01,-0.012813010672684,-0.0136573438139234));
#5536=CARTESIAN_POINT('',(-0.01,-0.0129297462434586,-0.0137154303598735));
#5537=CARTESIAN_POINT('',(-0.01,-0.0130539916874516,-0.0137741837376372));
#5538=CARTESIAN_POINT('',(-0.01,-0.0131858178488321,-0.0138333255788327));
#5539=CARTESIAN_POINT('',(-0.01,-0.0133252872716851,-0.0138925751034622));
#5540=CARTESIAN_POINT('',(-0.01,-0.0134724548464515,-0.0139516488358025));
#5541=CARTESIAN_POINT('',(-0.01,-0.0136273649733452,-0.0140102627487792));
#5542=CARTESIAN_POINT('',(-0.01,-0.013790062182043,-0.0140681250530906));
#5543=CARTESIAN_POINT('',(-0.01,-0.0139605499623188,-0.0141249650182787));
#5544=CARTESIAN_POINT('',(-0.01,-0.0141389487927443,-0.0141804232287408));
#5545=CARTESIAN_POINT('',(-0.01,-0.0142821496759238,-0.0142220502469031));
#5546=CARTESIAN_POINT('',(-0.01,-0.0143661217973003,-0.0142449311523617));
#5547=CARTESIAN_POINT('',(-0.01,-0.0143869542420065,-0.0142505455207304));
#5548=CARTESIAN_POINT('',(-0.01,-0.0117433476620081,-0.0128854743077257));
#5549=CARTESIAN_POINT('',(-0.01,-0.0113233965465253,-0.0132683238645187));
#5550=CARTESIAN_POINT('',(-0.01,-0.0109544998227944,-0.0128360647642646));
#5551=CARTESIAN_POINT('',(-0.01,-5.59964453689644E-16,-6.94765932577826E-16));
#5552=CARTESIAN_POINT('',(-0.01,-0.0105560341900406,-0.0131657042036761));
#5553=CARTESIAN_POINT('',(-0.01,-0.0109115124401925,-0.0136090640306798));
#5554=CARTESIAN_POINT('',(-0.01,-0.0104567532095267,-0.0139498378041074));
#5555=CARTESIAN_POINT('',(-0.01,-0.0101212439864435,-0.0135028161939234));
#5556=CARTESIAN_POINT('',(-0.01,-0.0103310555970907,-0.0137822072533769));
#5557=CARTESIAN_POINT('',(-0.01,-0.0105658139619211,-0.0140948181144404));
#5558=CARTESIAN_POINT('',(-0.01,-0.0105751150150805,-0.014108897387969));
#5559=CARTESIAN_POINT('',(-0.01,-0.0105863791526003,-0.0141254227218942));
#5560=CARTESIAN_POINT('',(-0.01,-0.0105992547264898,-0.0141454652747606));
#5561=CARTESIAN_POINT('',(-0.01,-0.0106160785358824,-0.0141726658710565));
#5562=CARTESIAN_POINT('',(-0.01,-0.0106357310203775,-0.014205978084537));
#5563=CARTESIAN_POINT('',(-0.01,-0.0106582388270325,-0.0142459077584486));
#5564=CARTESIAN_POINT('',(-0.01,-0.0106832613633542,-0.0142924607036269));
#5565=CARTESIAN_POINT('',(-0.01,-0.0107105660592506,-0.0143457866572274));
#5566=CARTESIAN_POINT('',(-0.01,-0.0107398833274141,-0.0144059822627363));
#5567=CARTESIAN_POINT('',(-0.01,-0.0107709502128505,-0.0144731498739955));
#5568=CARTESIAN_POINT('',(-0.01,-0.0108034977534934,-0.0145473800474558));
#5569=CARTESIAN_POINT('',(-0.01,-0.010837254929514,-0.0146287565276799));
#5570=CARTESIAN_POINT('',(-0.01,-0.0108719477876518,-0.014717354693969));
#5571=CARTESIAN_POINT('',(-0.01,-0.0109072999644565,-0.0148132419064142));
#5572=CARTESIAN_POINT('',(-0.01,-0.0109430328118613,-0.0149164773156063));
#5573=CARTESIAN_POINT('',(-0.01,-0.0109788656388787,-0.0150271118334323));
#5574=CARTESIAN_POINT('',(-0.01,-0.0110145159235868,-0.0151451880648303));
#5575=CARTESIAN_POINT('',(-0.01,-0.0110496995324018,-0.0152707402610486));
#5576=CARTESIAN_POINT('',(-0.01,-0.0110841309516897,-0.0154037942618058));
#5577=CARTESIAN_POINT('',(-0.01,-0.0111175234688643,-0.0155443674953926));
#5578=CARTESIAN_POINT('',(-0.01,-0.011149589557721,-0.0156924687851412));
#5579=CARTESIAN_POINT('',(-0.01,-0.0111800404782277,-0.0158480989311783));
#5580=CARTESIAN_POINT('',(-0.01,-0.01120858891444,-0.0160112483259014));
#5581=CARTESIAN_POINT('',(-0.01,-0.0112349399014176,-0.0161819060343812));
#5582=CARTESIAN_POINT('',(-0.01,-0.0112588268501649,-0.0163600247547491));
#5583=CARTESIAN_POINT('',(-0.01,-0.0112798741358843,-0.0165456554838019));
#5584=CARTESIAN_POINT('',(-0.01,-0.011293930655371,-0.0166941200110278));
#5585=CARTESIAN_POINT('',(-0.01,-0.0113006714705961,-0.0167808922094163));
#5586=CARTESIAN_POINT('',(-0.01,-0.0113022827821904,-0.0168024076819783));
#5587=CARTESIAN_POINT('',(-0.01,-0.00790829728243299,-0.0149071948767252));
#5588=CARTESIAN_POINT('',(-0.01,-0.00807176443230013,-0.0152159970253239));
#5589=CARTESIAN_POINT('',(-0.01,-0.0082546679460186,-0.0155615159755744));
#5590=CARTESIAN_POINT('',(-0.01,-0.00826344705776137,-0.0155759264831982));
#5591=CARTESIAN_POINT('',(-0.01,-0.00827360359045461,-0.0155931547245203));
#5592=CARTESIAN_POINT('',(-0.01,-0.00828625648175944,-0.0156133385960523));
#5593=CARTESIAN_POINT('',(-0.01,-0.00830370508748656,-0.0156401426845372));
#5594=CARTESIAN_POINT('',(-0.01,-0.00832547925849547,-0.0156721084348127));
#5595=CARTESIAN_POINT('',(-0.01,-0.0083520253496746,-0.0157094753354363));
#5596=CARTESIAN_POINT('',(-0.01,-0.0083834936360556,-0.0157519376832398));
#5597=CARTESIAN_POINT('',(-0.01,-0.00842011862739678,-0.0157993487974923));
#5598=CARTESIAN_POINT('',(-0.01,-0.00846210255403154,-0.0158515058970999));
#5599=CARTESIAN_POINT('',(-0.01,-0.00850964998927616,-0.0159082146334167));
#5600=CARTESIAN_POINT('',(-0.01,-0.00856295738953509,-0.0159692701993503));
#5601=CARTESIAN_POINT('',(-0.01,-0.00862221592378509,-0.0160344630255285));
#5602=CARTESIAN_POINT('',(-0.01,-0.00868761044088206,-0.0161035773265754));
#5603=CARTESIAN_POINT('',(-0.01,-0.00875931955989285,-0.016176391721897));
#5604=CARTESIAN_POINT('',(-0.01,-0.00883751544444862,-0.0162526792682808));
#5605=CARTESIAN_POINT('',(-0.01,-0.00892236367341186,-0.016332207666155));
#5606=CARTESIAN_POINT('',(-0.01,-0.00901402308886693,-0.0164147394223423));
#5607=CARTESIAN_POINT('',(-0.01,-0.00911264566046579,-0.0165000320285618));
#5608=CARTESIAN_POINT('',(-0.01,-0.00921837633447772,-0.0165878381463705));
#5609=CARTESIAN_POINT('',(-0.01,-0.00933135295677354,-0.0166779057710697));
#5610=CARTESIAN_POINT('',(-0.01,-0.00945170593364655,-0.0167699784979631));
#5611=CARTESIAN_POINT('',(-0.01,-0.00957955892859931,-0.0168637954079358));
#5612=CARTESIAN_POINT('',(-0.01,-0.0097150255815924,-0.0169590924390308));
#5613=CARTESIAN_POINT('',(-0.01,-0.00985822158836942,-0.017055598043124));
#5614=CARTESIAN_POINT('',(-0.01,-0.0100092176569937,-0.0171530508631241));
#5615=CARTESIAN_POINT('',(-0.01,-0.0101682198640067,-0.0172511327369329));
#5616=CARTESIAN_POINT('',(-0.01,-0.0102965696096633,-0.0173270645772527));
#5617=CARTESIAN_POINT('',(-0.01,-0.0103722133426361,-0.0173701096543814));
#5618=CARTESIAN_POINT('',(-0.01,-0.0103909950611476,-0.0173807284553671));
#5619=CARTESIAN_POINT('',(-0.01,-0.00816992164904642,-0.0154011052426212));
#5620=CARTESIAN_POINT('',(-0.01,-0.00766795325701262,-0.0156674892810523));
#5621=CARTESIAN_POINT('',(-0.01,-0.00741814456907953,-0.0151570695107014));
#5622=CARTESIAN_POINT('',(-0.01,-3.65361919574983E-16,-8.16606768859415E-16));
#5623=CARTESIAN_POINT('',(-0.01,-0.00695021947191332,-0.0153772583477106));
#5624=CARTESIAN_POINT('',(-0.01,-0.00718427061380703,-0.0158950930563872));
#5625=CARTESIAN_POINT('',(-0.01,-0.00665905148935385,-0.0161120667733219));
#5626=CARTESIAN_POINT('',(-0.01,-0.00644525265926897,-0.0155956514182058));
#5627=CARTESIAN_POINT('',(-0.01,-0.00657899092130077,-0.01591844291954));
#5628=CARTESIAN_POINT('',(-0.01,-0.00672863076064524,-0.0162796145668127));
#5629=CARTESIAN_POINT('',(-0.01,-0.00673413823117098,-0.0162955645919343));
#5630=CARTESIAN_POINT('',(-0.01,-0.00674093880166806,-0.0163143720291949));
#5631=CARTESIAN_POINT('',(-0.01,-0.00674842548551653,-0.0163369869334252));
#5632=CARTESIAN_POINT('',(-0.01,-0.00675795623077657,-0.0163675168842295));
#5633=CARTESIAN_POINT('',(-0.01,-0.00676870688572113,-0.0164046699074183));
#5634=CARTESIAN_POINT('',(-0.01,-0.00678057746214151,-0.0164489425810958));
#5635=CARTESIAN_POINT('',(-0.01,-0.00679323662278791,-0.0165002558316309));
#5636=CARTESIAN_POINT('',(-0.01,-0.006806421866069,-0.0165586968540811));
#5637=CARTESIAN_POINT('',(-0.01,-0.00681984804000064,-0.0166242922120625));
#5638=CARTESIAN_POINT('',(-0.01,-0.00683323499643782,-0.0166970756495351));
#5639=CARTESIAN_POINT('',(-0.01,-0.00684629970277868,-0.0167770679898064));
#5640=CARTESIAN_POINT('',(-0.01,-0.00685875882735462,-0.0168642829465589));
#5641=CARTESIAN_POINT('',(-0.01,-0.00687032827758087,-0.0169587254015091));
#5642=CARTESIAN_POINT('',(-0.01,-0.00688072362069963,-0.0170603918697117));
#5643=CARTESIAN_POINT('',(-0.01,-0.00688966025273173,-0.0171692703464766));
#5644=CARTESIAN_POINT('',(-0.01,-0.00689685363984169,-0.0172853403391901));
#5645=CARTESIAN_POINT('',(-0.01,-0.00690201954063617,-0.0174085728539333));
#5646=CARTESIAN_POINT('',(-0.01,-0.00690487423017133,-0.0175389304047393));
#5647=CARTESIAN_POINT('',(-0.01,-0.00690513473867218,-0.0176763670151711));
#5648=CARTESIAN_POINT('',(-0.01,-0.00690251902691612,-0.017820828263457));
#5649=CARTESIAN_POINT('',(-0.01,-0.00689674640758936,-0.0179722511908685));
#5650=CARTESIAN_POINT('',(-0.01,-0.00688753701297562,-0.018130564765669));
#5651=CARTESIAN_POINT('',(-0.01,-0.00687461494300276,-0.0182956882295264));
#5652=CARTESIAN_POINT('',(-0.01,-0.00685769721900271,-0.0184675376362549));
#5653=CARTESIAN_POINT('',(-0.01,-0.00683653739085982,-0.0186460008720737));
#5654=CARTESIAN_POINT('',(-0.01,-0.00681075895233268,-0.018831033917533));
#5655=CARTESIAN_POINT('',(-0.01,-0.00678745223388776,-0.0189783298728739));
#5656=CARTESIAN_POINT('',(-0.01,-0.00677240190578075,-0.0190640523356649));
#5657=CARTESIAN_POINT('',(-0.01,-0.00676861191461466,-0.0190852925769907));
#5658=CARTESIAN_POINT('',(-0.01,-0.00395257496912662,-0.0164055714960934));
#5659=CARTESIAN_POINT('',(-0.01,-0.00403411052639433,-0.0167453246844021));
#5660=CARTESIAN_POINT('',(-0.01,-0.0041253407211422,-0.0171254747756543));
#5661=CARTESIAN_POINT('',(-0.01,-0.00413026027343096,-0.0171416158269907));
#5662=CARTESIAN_POINT('',(-0.01,-0.00413581323058265,-0.0171608286384006));
#5663=CARTESIAN_POINT('',(-0.01,-0.00414304908330626,-0.0171835250426038));
#5664=CARTESIAN_POINT('',(-0.01,-0.00415328360325785,-0.0172138263231491));
#5665=CARTESIAN_POINT('',(-0.01,-0.00416642413981546,-0.0172502028267301));
#5666=CARTESIAN_POINT('',(-0.01,-0.00418284346642556,-0.0172929975218778));
#5667=CARTESIAN_POINT('',(-0.01,-0.00420276316223977,-0.0173419516815315));
#5668=CARTESIAN_POINT('',(-0.01,-0.0042264468474755,-0.0173969815534109));
#5669=CARTESIAN_POINT('',(-0.01,-0.00425414082863572,-0.0174579410198017));
#5670=CARTESIAN_POINT('',(-0.01,-0.00428609158453264,-0.017524692713193));
#5671=CARTESIAN_POINT('',(-0.01,-0.00432254033298416,-0.017597087117605));
#5672=CARTESIAN_POINT('',(-0.01,-0.00436372435482567,-0.0176749687894636));
#5673=CARTESIAN_POINT('',(-0.01,-0.00440987635518709,-0.017758174692729));
#5674=CARTESIAN_POINT('',(-0.01,-0.00446122439660381,-0.0178465348226407));
#5675=CARTESIAN_POINT('',(-0.01,-0.00451799167235183,-0.0179398721811788));
#5676=CARTESIAN_POINT('',(-0.01,-0.00458039632988347,-0.0180380029446782));
#5677=CARTESIAN_POINT('',(-0.01,-0.0046486512831184,-0.0181407365836668));
#5678=CARTESIAN_POINT('',(-0.01,-0.00472296403665954,-0.0182478760020226));
#5679=CARTESIAN_POINT('',(-0.01,-0.00480353649359203,-0.0183592176785661));
#5680=CARTESIAN_POINT('',(-0.01,-0.00489056484012531,-0.0184745518066636));
#5681=CARTESIAN_POINT('',(-0.01,-0.00498423915085416,-0.0185936624677701));
#5682=CARTESIAN_POINT('',(-0.01,-0.00508474409210996,-0.0187163276938874));
#5683=CARTESIAN_POINT('',(-0.01,-0.00519225540318337,-0.0188423199801591));
#5684=CARTESIAN_POINT('',(-0.01,-0.00530695267629576,-0.018971405082006));
#5685=CARTESIAN_POINT('',(-0.01,-0.00542896939495212,-0.0191033474377312));
#5686=CARTESIAN_POINT('',(-0.01,-0.00555858428511675,-0.0192378901300353));
#5687=CARTESIAN_POINT('',(-0.01,-0.00566401820669353,-0.0193433557157275));
#5688=CARTESIAN_POINT('',(-0.01,-0.00572658057732174,-0.0194038602840217));
#5689=CARTESIAN_POINT('',(-0.01,-0.0057421314451901,-0.0194188162993052));
#5690=CARTESIAN_POINT('',(-0.01,-0.00408314941200511,-0.0169490280938198));
#5691=CARTESIAN_POINT('',(-0.01,-0.00353070426360241,-0.0170822087250624));
#5692=CARTESIAN_POINT('',(-0.01,-0.00341568001006204,-0.0165256998359786));
#5693=CARTESIAN_POINT('',(-0.01,-1.46572598091622E-16,-8.86224068968622E-16));
#5694=CARTESIAN_POINT('',(-0.01,-0.0029076969032466,-0.0166226027961583));
#5695=CARTESIAN_POINT('',(-0.01,-0.00300561464285696,-0.0171823749272987));
#5696=CARTESIAN_POINT('',(-0.01,-0.00244293707382663,-0.0172619153311321));
#5697=CARTESIAN_POINT('',(-0.01,-0.00236428240353144,-0.0167085545070886));
#5698=CARTESIAN_POINT('',(-0.01,-0.00241354405008947,-0.0170544642731307));
#5699=CARTESIAN_POINT('',(-0.01,-0.00246866294250512,-0.0174415029637181));
#5700=CARTESIAN_POINT('',(-0.01,-0.00247003077576903,-0.0174583215416939));
#5701=CARTESIAN_POINT('',(-0.01,-0.00247194047438834,-0.0174782293418382));
#5702=CARTESIAN_POINT('',(-0.01,-0.0024735678523154,-0.0175019956198277));
#5703=CARTESIAN_POINT('',(-0.01,-0.00247520668166659,-0.0175339366160502));
#5704=CARTESIAN_POINT('',(-0.01,-0.00247638000387235,-0.017572595987861));
#5705=CARTESIAN_POINT('',(-0.01,-0.00247686747808467,-0.0176184298463937));
#5706=CARTESIAN_POINT('',(-0.01,-0.00247636784143519,-0.0176712792020375));
#5707=CARTESIAN_POINT('',(-0.01,-0.00247460515477371,-0.0177311632289656));
#5708=CARTESIAN_POINT('',(-0.01,-0.00247129661858733,-0.0177980367418348));
#5709=CARTESIAN_POINT('',(-0.01,-0.0024661624943186,-0.0178718627544656));
#5710=CARTESIAN_POINT('',(-0.01,-0.00245892346280936,-0.0179525910486174));
#5711=CARTESIAN_POINT('',(-0.01,-0.00244930168332213,-0.0180401644454115));
#5712=CARTESIAN_POINT('',(-0.01,-0.00243702077452966,-0.0181345170222432));
#5713=CARTESIAN_POINT('',(-0.01,-0.00242180610632287,-0.0182355746681029));
#5714=CARTESIAN_POINT('',(-0.01,-0.00240338500152503,-0.0183432549773184));
#5715=CARTESIAN_POINT('',(-0.01,-0.00238148696176007,-0.0184574673404018));
#5716=CARTESIAN_POINT('',(-0.01,-0.00235584388609515,-0.0185781129863712));
#5717=CARTESIAN_POINT('',(-0.01,-0.00232619028570812,-0.0187050850474263));
#5718=CARTESIAN_POINT('',(-0.01,-0.00229226351471477,-0.0188382686198428));
#5719=CARTESIAN_POINT('',(-0.01,-0.00225380392881757,-0.0189775408513067));
#5720=CARTESIAN_POINT('',(-0.01,-0.00221055531620992,-0.0191227709569573));
#5721=CARTESIAN_POINT('',(-0.01,-0.00216226426660908,-0.0192738205363796));
#5722=CARTESIAN_POINT('',(-0.01,-0.00210868363163146,-0.0194305427548558));
#5723=CARTESIAN_POINT('',(-0.01,-0.00204956019947174,-0.0195927859295902));
#5724=CARTESIAN_POINT('',(-0.01,-0.0019846831442613,-0.0197603801794116));
#5725=CARTESIAN_POINT('',(-0.01,-0.00191369873558669,-0.0199331892345272));
#5726=CARTESIAN_POINT('',(-0.01,-0.0018544932260462,-0.0200700614713926));
#5727=CARTESIAN_POINT('',(-0.01,-0.00181859742207331,-0.0201493479409836));
#5728=CARTESIAN_POINT('',(-0.01,-0.00180964426723033,-0.0201689783485947));
#5729=CARTESIAN_POINT('',(-0.01,0.000251502166043875,-0.0168731257228906));
#5730=CARTESIAN_POINT('',(-0.01,0.000257021380305523,-0.0172224820085631));
#5731=CARTESIAN_POINT('',(-0.01,0.000263196833185449,-0.0176133770124892));
#5732=CARTESIAN_POINT('',(-0.01,0.000262445953913851,-0.0176302344059203));
#5733=CARTESIAN_POINT('',(-0.01,0.000261845485023915,-0.0176502245758174));
#5734=CARTESIAN_POINT('',(-0.01,0.00026048132611974,-0.0176740074141441));
#5735=CARTESIAN_POINT('',(-0.01,0.000258103964472174,-0.0177059019458529));
#5736=CARTESIAN_POINT('',(-0.01,0.000254422730605283,-0.017744403533236));
#5737=CARTESIAN_POINT('',(-0.01,0.000249161855241197,-0.0177899370748236));
#5738=CARTESIAN_POINT('',(-0.01,0.000242042377741303,-0.0178423070764358));
#5739=CARTESIAN_POINT('',(-0.01,0.000232788131656871,-0.0179014979767062));
#5740=CARTESIAN_POINT('',(-0.01,0.000221124210658844,-0.0179674295024136));
#5741=CARTESIAN_POINT('',(-0.01,0.000206777717609279,-0.018040029898488));
#5742=CARTESIAN_POINT('',(-0.01,0.000189477829879501,-0.0181192143347011));
#5743=CARTESIAN_POINT('',(-0.01,0.000168956064003008,-0.0182048912603688));
#5744=CARTESIAN_POINT('',(-0.01,0.000144946480295047,-0.0182969606329404));
#5745=CARTESIAN_POINT('',(-0.01,0.000117185902759489,-0.018395314505514));
#5746=CARTESIAN_POINT('',(-0.01,8.54141325299129E-5,-0.0184998369466986));
#5747=CARTESIAN_POINT('',(-0.01,4.93741605708562E-5,-0.018610404159053));
#5748=CARTESIAN_POINT('',(-0.01,8.81237929197676E-6,-0.0187268845484773));
#5749=CARTESIAN_POINT('',(-0.01,-3.65212125832579E-5,-0.0188491388152829));
#5750=CARTESIAN_POINT('',(-0.01,-8.68727886424868E-5,-0.0189770200435379));
#5751=CARTESIAN_POINT('',(-0.01,-0.000142484548332662,-0.019110373807596));
#5752=CARTESIAN_POINT('',(-0.01,-0.000203594291464239,-0.0192490382420202));
#5753=CARTESIAN_POINT('',(-0.01,-0.000270436083932678,-0.0193928442769938));
#5754=CARTESIAN_POINT('',(-0.01,-0.000343236722012714,-0.0195416152597284));
#5755=CARTESIAN_POINT('',(-0.01,-0.000422228409963751,-0.0196951689676384));
#5756=CARTESIAN_POINT('',(-0.01,-0.000507599019472919,-0.0198533104356283));
#5757=CARTESIAN_POINT('',(-0.01,-0.000599682412549949,-0.0200158601342569));
#5758=CARTESIAN_POINT('',(-0.01,-0.000675575708995392,-0.0201442326746973));
#5759=CARTESIAN_POINT('',(-0.01,-0.000721125693444149,-0.0202183950096106));
#5760=CARTESIAN_POINT('',(-0.01,-0.000732468592449091,-0.0202367484977473));
#5761=CARTESIAN_POINT('',(-0.01,0.000260182119365585,-0.0174319811757187));
#5762=CARTESIAN_POINT('',(-0.01,0.000828391863711923,-0.0174235901709078));
#5763=CARTESIAN_POINT('',(-0.01,0.000801404285980009,-0.0168559596632886));
#5764=CARTESIAN_POINT('',(-0.01,8.26561730408007E-17,-8.99243521905067E-16));
#5765=CARTESIAN_POINT('',(-0.01,0.00131752695561229,-0.0168234879772666));
#5766=CARTESIAN_POINT('',(-0.01,0.00136189514998126,-0.0173900249891734));
#5767=CARTESIAN_POINT('',(-0.01,0.00192667606254321,-0.0173271342638036));
#5768=CARTESIAN_POINT('',(-0.01,0.00186524441084241,-0.016771597666526));
#5769=CARTESIAN_POINT('',(-0.01,0.00190355467018307,-0.0171188909145083));
#5770=CARTESIAN_POINT('',(-0.01,0.00194642004741982,-0.0175074775840521));
#5771=CARTESIAN_POINT('',(-0.01,0.00194927779741226,-0.0175241079417737));
#5772=CARTESIAN_POINT('',(-0.01,0.00195237896405834,-0.0175438652245027));
#5773=CARTESIAN_POINT('',(-0.01,0.00195671314619293,-0.0175672895535991));
#5774=CARTESIAN_POINT('',(-0.01,0.00196306920642591,-0.0175986346249763));
#5775=CARTESIAN_POINT('',(-0.01,0.0019715469411083,-0.0176363712348989));
#5776=CARTESIAN_POINT('',(-0.01,0.00198247319890161,-0.0176808863683902));
#5777=CARTESIAN_POINT('',(-0.01,0.00199610023883876,-0.0177319511097613));
#5778=CARTESIAN_POINT('',(-0.01,0.00201270009935717,-0.0177895154075175));
#5779=CARTESIAN_POINT('',(-0.01,0.00203253545816503,-0.0178534651665172));
#5780=CARTESIAN_POINT('',(-0.01,0.00205586806722987,-0.0179236949944197));
#5781=CARTESIAN_POINT('',(-0.01,0.00208295598161622,-0.0180000867868325));
#5782=CARTESIAN_POINT('',(-0.01,0.00211405409337499,-0.0180825160650751));
#5783=CARTESIAN_POINT('',(-0.01,0.00214941370652074,-0.0181708502443815));
#5784=CARTESIAN_POINT('',(-0.01,0.00218928239249398,-0.0182649492443449));
#5785=CARTESIAN_POINT('',(-0.01,0.00223390376835923,-0.0183646654361625));
#5786=CARTESIAN_POINT('',(-0.01,0.00228351730062535,-0.0184698437867995));
#5787=CARTESIAN_POINT('',(-0.01,0.00233835810399699,-0.0185803219543553));
#5788=CARTESIAN_POINT('',(-0.01,0.00239865674953558,-0.0186959304040928));
#5789=CARTESIAN_POINT('',(-0.01,0.00246463905622767,-0.0188164925248242));
#5790=CARTESIAN_POINT('',(-0.01,0.00253652595903964,-0.0189418247529557));
#5791=CARTESIAN_POINT('',(-0.01,0.00261453309554077,-0.0190717366951884));
#5792=CARTESIAN_POINT('',(-0.01,0.00269887149588023,-0.0192060312786362));
#5793=CARTESIAN_POINT('',(-0.01,0.00278974402751117,-0.01934450481836));
#5794=CARTESIAN_POINT('',(-0.01,0.00288735822514719,-0.0194869474257433));
#5795=CARTESIAN_POINT('',(-0.01,0.00299187604344519,-0.0196331421264823));
#5796=CARTESIAN_POINT('',(-0.01,0.00310360621080786,-0.0197828689627742));
#5797=CARTESIAN_POINT('',(-0.01,0.00319499041153686,-0.0199007172951408));
#5798=CARTESIAN_POINT('',(-0.01,0.00324947622599648,-0.0199685859110523));
#5799=CARTESIAN_POINT('',(-0.01,0.00326302998487016,-0.0199853730342428));
#5800=CARTESIAN_POINT('',(-0.01,0.00443977649516156,-0.0162804794055031));
#5801=CARTESIAN_POINT('',(-0.01,0.00453200368842226,-0.0166174874482679));
#5802=CARTESIAN_POINT('',(-0.01,0.0046351967625138,-0.0169945659941602));
#5803=CARTESIAN_POINT('',(-0.01,0.00463866173676554,-0.0170110805176593));
#5804=CARTESIAN_POINT('',(-0.01,0.00464305148580608,-0.0170305919901502));
#5805=CARTESIAN_POINT('',(-0.01,0.00464764473584232,-0.0170539668994013));
#5806=CARTESIAN_POINT('',(-0.01,0.00465327391087442,-0.0170854506315463));
#5807=CARTESIAN_POINT('',(-0.01,0.00465928328516074,-0.0171236581063974));
#5808=CARTESIAN_POINT('',(-0.01,0.00466551142118993,-0.0171690694545464));
#5809=CARTESIAN_POINT('',(-0.01,0.00467163950495928,-0.0172215646983124));
#5810=CARTESIAN_POINT('',(-0.01,0.00467739617634237,-0.0172811974450208));
#5811=CARTESIAN_POINT('',(-0.01,0.00468249520255973,-0.0173479583098055));
#5812=CARTESIAN_POINT('',(-0.01,0.00468665441527855,-0.0174218456586721));
#5813=CARTESIAN_POINT('',(-0.01,0.0046895904038411,-0.017502844677339));
#5814=CARTESIAN_POINT('',(-0.01,0.00469102035195343,-0.0175909334604782));
#5815=CARTESIAN_POINT('',(-0.01,0.00469066179534436,-0.0176860812450699));
#5816=CARTESIAN_POINT('',(-0.01,0.00468823298087279,-0.0177882489247716));
#5817=CARTESIAN_POINT('',(-0.01,0.00468345305333358,-0.0178973889192165));
#5818=CARTESIAN_POINT('',(-0.01,0.00467604229093104,-0.0180134452358359));
#5819=CARTESIAN_POINT('',(-0.01,0.00466572232750176,-0.0181363534844433));
#5820=CARTESIAN_POINT('',(-0.01,0.00465221637359524,-0.0182660409144955));
#5821=CARTESIAN_POINT('',(-0.01,0.00463524945311322,-0.0184024264465765));
#5822=CARTESIAN_POINT('',(-0.01,0.00461454857165322,-0.0185454207391588));
#5823=CARTESIAN_POINT('',(-0.01,0.00458984314602579,-0.0186949261505134));
#5824=CARTESIAN_POINT('',(-0.01,0.00456086441799243,-0.0188508371322845));
#5825=CARTESIAN_POINT('',(-0.01,0.00452734878473835,-0.0190130389834954));
#5826=CARTESIAN_POINT('',(-0.01,0.00448902602021373,-0.0191814129532694));
#5827=CARTESIAN_POINT('',(-0.01,0.00444566566921836,-0.0193558169234866));
#5828=CARTESIAN_POINT('',(-0.01,0.00439689971147499,-0.0195361600330589));
#5829=CARTESIAN_POINT('',(-0.01,0.00435531569509257,-0.0196793734094103));
#5830=CARTESIAN_POINT('',(-0.01,0.00432964016986731,-0.0197625336186903));
#5831=CARTESIAN_POINT('',(-0.01,0.00432321795578653,-0.0197831313625211));
#5832=CARTESIAN_POINT('',(-0.01,0.00458716545129363,-0.0168196187700051));
#5833=CARTESIAN_POINT('',(-0.01,0.00513543708361706,-0.0166701833668329));
#5834=CARTESIAN_POINT('',(-0.01,0.00496813340337513,-0.016127097553071));
#5835=CARTESIAN_POINT('',(-0.01,3.07921107087586E-16,-8.54847067558554E-16));
#5836=CARTESIAN_POINT('',(-0.01,0.00545996575032486,-0.0159672915363025));
#5837=CARTESIAN_POINT('',(-0.01,0.00564383206184614,-0.0165049958249403));
#5838=CARTESIAN_POINT('',(-0.01,0.00617522905608455,-0.016303625625938));
#5839=CARTESIAN_POINT('',(-0.01,0.00597757105899395,-0.0157808196629541));
#5840=CARTESIAN_POINT('',(-0.01,0.00610104604974363,-0.0161076746808507));
#5841=CARTESIAN_POINT('',(-0.01,0.00623920230733316,-0.0164733929997816));
#5842=CARTESIAN_POINT('',(-0.01,0.00624610607763985,-0.0164887901907111));
#5843=CARTESIAN_POINT('',(-0.01,0.00625402325184567,-0.0165071555332888));
#5844=CARTESIAN_POINT('',(-0.01,0.00626404666143838,-0.0165287660767463));
#5845=CARTESIAN_POINT('',(-0.01,0.00627799823661514,-0.0165575456971645));
#5846=CARTESIAN_POINT('',(-0.01,0.00629559434093667,-0.0165919884152121));
#5847=CARTESIAN_POINT('',(-0.01,0.00631724779377449,-0.0166323877741093));
#5848=CARTESIAN_POINT('',(-0.01,0.00634314599996331,-0.0166784593157044));
#5849=CARTESIAN_POINT('',(-0.01,0.00637354000405226,-0.016730086907754));
#5850=CARTESIAN_POINT('',(-0.01,0.00640865585693835,-0.0167870947143355));
#5851=CARTESIAN_POINT('',(-0.01,0.00644872087716041,-0.0168493155591353));
#5852=CARTESIAN_POINT('',(-0.01,0.00649395564114059,-0.0169165708725425));
#5853=CARTESIAN_POINT('',(-0.01,0.00654457607643826,-0.0169886766975278));
#5854=CARTESIAN_POINT('',(-0.01,0.00660079261939977,-0.0170654421179527));
#5855=CARTESIAN_POINT('',(-0.01,0.006662810226973,-0.0171466698857803));
#5856=CARTESIAN_POINT('',(-0.01,0.00673082814875411,-0.0172321564251376));
#5857=CARTESIAN_POINT('',(-0.01,0.00680503977282328,-0.0173216920207388));
#5858=CARTESIAN_POINT('',(-0.01,0.00688563245453544,-0.0174150609603031));
#5859=CARTESIAN_POINT('',(-0.01,0.0069727873595635,-0.0175120416946479));
#5860=CARTESIAN_POINT('',(-0.01,0.00706667929095892,-0.017612407002252));
#5861=CARTESIAN_POINT('',(-0.01,0.00716747659220045,-0.0177159241422181));
#5862=CARTESIAN_POINT('',(-0.01,0.00727534077731851,-0.0178223550759197));
#5863=CARTESIAN_POINT('',(-0.01,0.00739042723652832,-0.0179314564408139));
#5864=CARTESIAN_POINT('',(-0.01,0.00751288180944442,-0.0180429805000146));
#5865=CARTESIAN_POINT('',(-0.01,0.00764285331351936,-0.0181566723471575));
#5866=CARTESIAN_POINT('',(-0.01,0.00778044465599162,-0.0182722815481004));
#5867=CARTESIAN_POINT('',(-0.01,0.00792590016471213,-0.0183895182777873));
#5868=CARTESIAN_POINT('',(-0.01,0.00804372105121026,-0.0184809378615167));
#5869=CARTESIAN_POINT('',(-0.01,0.0081133733320493,-0.0185331241890077));
#5870=CARTESIAN_POINT('',(-0.01,0.00813067606243641,-0.0185460132310889));
#5871=CARTESIAN_POINT('',(-0.01,0.0083490833387325,-0.0146648706916529));
#5872=CARTESIAN_POINT('',(-0.01,0.00852222353725178,-0.0149683550367542));
#5873=CARTESIAN_POINT('',(-0.01,0.0087159502321922,-0.0153079238927764));
#5874=CARTESIAN_POINT('',(-0.01,0.00872341334289175,-0.0153230578780959));
#5875=CARTESIAN_POINT('',(-0.01,0.00873251748578618,-0.0153408646756059));
#5876=CARTESIAN_POINT('',(-0.01,0.00874277953397026,-0.0153623629242662));
#5877=CARTESIAN_POINT('',(-0.01,0.0087560615439121,-0.0153914576181678));
#5878=CARTESIAN_POINT('',(-0.01,0.00877138393526429,-0.0154269702643245));
#5879=CARTESIAN_POINT('',(-0.01,0.00878870974599457,-0.0154694060570194));
#5880=CARTESIAN_POINT('',(-0.01,0.00880770034099242,-0.0155187280737094));
#5881=CARTESIAN_POINT('',(-0.01,0.00882810621700848,-0.0155750557220664));
#5882=CARTESIAN_POINT('',(-0.01,0.00884964779987109,-0.0156384510952645));
#5883=CARTESIAN_POINT('',(-0.01,0.00887205137972663,-0.0157089827830555));
#5884=CARTESIAN_POINT('',(-0.01,0.00889503876562234,-0.0157867069179398));
#5885=CARTESIAN_POINT('',(-0.01,0.0089183305788246,-0.015871672616338));
#5886=CARTESIAN_POINT('',(-0.01,0.00894164557874485,-0.015963920327715));
#5887=CARTESIAN_POINT('',(-0.01,0.00896470113868307,-0.0160634822434824));
#5888=CARTESIAN_POINT('',(-0.01,0.00898721339426085,-0.0161703821239478));
#5889=CARTESIAN_POINT('',(-0.01,0.00900889748687147,-0.0162846352996336));
#5890=CARTESIAN_POINT('',(-0.01,0.00902946778254821,-0.0164062486301393));
#5891=CARTESIAN_POINT('',(-0.01,0.00904863809536578,-0.0165352204852511));
#5892=CARTESIAN_POINT('',(-0.01,0.00906612192447482,-0.0166715407165865));
#5893=CARTESIAN_POINT('',(-0.01,0.00908163263375966,-0.0168151906803937));
#5894=CARTESIAN_POINT('',(-0.01,0.00909488385838874,-0.0169661430938411));
#5895=CARTESIAN_POINT('',(-0.01,0.00910558903484909,-0.0171243625620243));
#5896=CARTESIAN_POINT('',(-0.01,0.00911346431692021,-0.0172898035428633));
#5897=CARTESIAN_POINT('',(-0.01,0.00911821843605836,-0.0174624182187443));
#5898=CARTESIAN_POINT('',(-0.01,0.00911959283389803,-0.0176421262483272));
#5899=CARTESIAN_POINT('',(-0.01,0.00911720845596199,-0.0178289311480131));
#5900=CARTESIAN_POINT('',(-0.01,0.00911254659632722,-0.0179779867371375));
#5901=CARTESIAN_POINT('',(-0.01,0.00910835881800333,-0.0180649195589931));
#5902=CARTESIAN_POINT('',(-0.01,0.00910726082017665,-0.01808646732652));
#5903=CARTESIAN_POINT('',(-0.01,0.00862592030750248,-0.0151504178587413));
#5904=CARTESIAN_POINT('',(-0.01,0.00911980390474212,-0.0148693276331739));
#5905=CARTESIAN_POINT('',(-0.01,0.00882269642751967,-0.014384910592278));
#5906=CARTESIAN_POINT('',(-0.01,5.15067979776101E-16,-7.55824298434411E-16));
#5907=CARTESIAN_POINT('',(-0.01,0.00925933481659515,-0.0141078114445221));
#5908=CARTESIAN_POINT('',(-0.01,0.00957114624870287,-0.0145828970718976));
#5909=CARTESIAN_POINT('',(-0.01,0.0100357696971283,-0.0142557002294539));
#5910=CARTESIAN_POINT('',(-0.01,0.00971430493354036,-0.0137984747221638));
#5911=CARTESIAN_POINT('',(-0.01,0.009915186267921,-0.0140843540071117));
#5912=CARTESIAN_POINT('',(-0.01,0.0101399525400958,-0.0144042245484333));
#5913=CARTESIAN_POINT('',(-0.01,0.0101504685414381,-0.0144174211104378));
#5914=CARTESIAN_POINT('',(-0.01,0.0101627042580309,-0.014433240550847));
#5915=CARTESIAN_POINT('',(-0.01,0.0101777870873935,-0.0144516794387421));
#5916=CARTESIAN_POINT('',(-0.01,0.0101984575487354,-0.0144760852788064));
#5917=CARTESIAN_POINT('',(-0.01,0.0102240663947476,-0.0145050699423325));
#5918=CARTESIAN_POINT('',(-0.01,0.0102550864765523,-0.0145388150863378));
#5919=CARTESIAN_POINT('',(-0.01,0.010291628569451,-0.0145769985837591));
#5920=CARTESIAN_POINT('',(-0.01,0.0103339069500523,-0.0146194455186206));
#5921=CARTESIAN_POINT('',(-0.01,0.0103820968388327,-0.0146659293626365));
#5922=CARTESIAN_POINT('',(-0.01,0.0104363768376426,-0.0147162316598224));
#5923=CARTESIAN_POINT('',(-0.01,0.0104969161846339,-0.0147701245955349));
#5924=CARTESIAN_POINT('',(-0.01,0.0105638782753518,-0.0148273762930926));
#5925=CARTESIAN_POINT('',(-0.01,0.0106374194559848,-0.0148877495009472));
#5926=CARTESIAN_POINT('',(-0.01,0.0107176891907894,-0.0149510021972514));
#5927=CARTESIAN_POINT('',(-0.01,0.0108048298423084,-0.0150168876504831));
#5928=CARTESIAN_POINT('',(-0.01,0.0108989765689091,-0.015085154640288));
#5929=CARTESIAN_POINT('',(-0.01,0.0110002571943707,-0.0151555476380012));
#5930=CARTESIAN_POINT('',(-0.01,0.011108792095672,-0.015227807000744));
#5931=CARTESIAN_POINT('',(-0.01,0.0112246940764108,-0.0153016691738266));
#5932=CARTESIAN_POINT('',(-0.01,0.0113480683109383,-0.0153768668630136));
#5933=CARTESIAN_POINT('',(-0.01,0.0114790120412256,-0.0154531293411939));
#5934=CARTESIAN_POINT('',(-0.01,0.0116176152538153,-0.0155301822475316));
#5935=CARTESIAN_POINT('',(-0.01,0.0117639575968438,-0.0156077493594128));
#5936=CARTESIAN_POINT('',(-0.01,0.0119181198197549,-0.0156855467694299));
#5937=CARTESIAN_POINT('',(-0.01,0.0120801393163283,-0.0157633063193004));
#5938=CARTESIAN_POINT('',(-0.01,0.0122501806618458,-0.0158406865274898));
#5939=CARTESIAN_POINT('',(-0.01,0.0123870351144994,-0.0158999331339186));
#5940=CARTESIAN_POINT('',(-0.01,0.0124674773527496,-0.015933158114105));
#5941=CARTESIAN_POINT('',(-0.01,0.012487441860465,-0.0159413392091602));
#5942=CARTESIAN_POINT('',(-0.01,0.0117337865703503,-0.0121278142186244));
#5943=CARTESIAN_POINT('',(-0.01,0.01197696073869,-0.0123787058285222));
#5944=CARTESIAN_POINT('',(-0.01,0.0122490484937593,-0.0126594286346034));
#5945=CARTESIAN_POINT('',(-0.01,0.012260040806214,-0.012672231157787));
#5946=CARTESIAN_POINT('',(-0.01,0.0122732872961816,-0.0126872144137396));
#5947=CARTESIAN_POINT('',(-0.01,0.0122885733402849,-0.0127054851877807));
#5948=CARTESIAN_POINT('',(-0.01,0.012308673627604,-0.0127303627168183));
#5949=CARTESIAN_POINT('',(-0.01,0.0123323462738216,-0.0127609491441163));
#5950=CARTESIAN_POINT('',(-0.01,0.0123596811148449,-0.0127977429844342));
#5951=CARTESIAN_POINT('',(-0.01,0.012390340972145,-0.0128407926903459));
#5952=CARTESIAN_POINT('',(-0.01,0.0124241138765564,-0.0128902759670464));
#5953=CARTESIAN_POINT('',(-0.01,0.0124607444791886,-0.0129463224842081));
#5954=CARTESIAN_POINT('',(-0.01,0.012499984726864,-0.0130090667455821));
#5955=CARTESIAN_POINT('',(-0.01,0.0125415791280953,-0.0130786323034397));
#5956=CARTESIAN_POINT('',(-0.01,0.0125852692961027,-0.0131551362097847));
#5957=CARTESIAN_POINT('',(-0.01,0.0126307928853607,-0.0132386875849776));
#5958=CARTESIAN_POINT('',(-0.01,0.0126778841540854,-0.0133293878954801));
#5959=CARTESIAN_POINT('',(-0.01,0.0127262740649679,-0.0134273307493261));
#5960=CARTESIAN_POINT('',(-0.01,0.0127756905213044,-0.0135326018368562));
#5961=CARTESIAN_POINT('',(-0.01,0.0128258585687576,-0.0136452788364421));
#5962=CARTESIAN_POINT('',(-0.01,0.0128765006070414,-0.0137654313406313));
#5963=CARTESIAN_POINT('',(-0.01,0.0129273366124576,-0.0138931207697356));
#5964=CARTESIAN_POINT('',(-0.01,0.0129780843175785,-0.0140284003492341));
#5965=CARTESIAN_POINT('',(-0.01,0.0130284595692861,-0.0141713148694732));
#5966=CARTESIAN_POINT('',(-0.01,0.0130781760046322,-0.0143219013129922));
#5967=CARTESIAN_POINT('',(-0.01,0.0131269473690928,-0.0144801861581838));
#5968=CARTESIAN_POINT('',(-0.01,0.0131744796531038,-0.0146461955252537));
#5969=CARTESIAN_POINT('',(-0.01,0.0132205024413076,-0.0148199158977836));
#5970=CARTESIAN_POINT('',(-0.01,0.0132646494624137,-0.0150014449487157));
#5971=CARTESIAN_POINT('',(-0.01,0.0132972026813126,-0.0151469770397601));
#5972=CARTESIAN_POINT('',(-0.01,0.0133147657834037,-0.0152322201652778));
#5973=CARTESIAN_POINT('',(-0.01,0.0133190609930727,-0.0152533640310198));
#5974=CARTESIAN_POINT('',(-0.01,0.0121226768668752,-0.0125292604740735));
#5975=CARTESIAN_POINT('',(-0.01,0.0125311399062396,-0.012134177358761));
#5976=CARTESIAN_POINT('',(-0.01,0.0121228969875154,-0.0117388667949717));
#5977=CARTESIAN_POINT('',(-0.01,6.91080991262418E-16,-6.08397179296979E-16));
#5978=CARTESIAN_POINT('',(-0.01,0.0124769058228874,-0.0113618856747812));
#5979=CARTESIAN_POINT('',(-0.01,0.01289707011654,-0.0117445012636838));
#5980=CARTESIAN_POINT('',(-0.01,0.0132657260191224,-0.0113120367587553));
#5981=CARTESIAN_POINT('',(-0.01,0.012840653302398,-0.0109491208673398));
#5982=CARTESIAN_POINT('',(-0.01,0.0131063188673806,-0.0111760615724752));
#5983=CARTESIAN_POINT('',(-0.01,0.0134035722626274,-0.0114299856936748));
#5984=CARTESIAN_POINT('',(-0.01,0.0134170397359658,-0.0114401524382298));
#5985=CARTESIAN_POINT('',(-0.01,0.0134328251798724,-0.0114524319828498));
#5986=CARTESIAN_POINT('',(-0.01,0.0134520197193652,-0.0114665406320426));
#5987=CARTESIAN_POINT('',(-0.01,0.0134781102657655,-0.0114850391830633));
#5988=CARTESIAN_POINT('',(-0.01,0.0135101227554907,-0.0115067445790605));
#5989=CARTESIAN_POINT('',(-0.01,0.0135485603604386,-0.0115317151766701));
#5990=CARTESIAN_POINT('',(-0.01,0.0135934502659579,-0.0115596114203456));
#5991=CARTESIAN_POINT('',(-0.01,0.0136449565169293,-0.0115902106009928));
#5992=CARTESIAN_POINT('',(-0.01,0.013703192493662,-0.0116232497315677));
#5993=CARTESIAN_POINT('',(-0.01,0.0137682768591066,-0.0116584728028087));
#5994=CARTESIAN_POINT('',(-0.01,0.0138403168792894,-0.0116956170694713));
#5995=CARTESIAN_POINT('',(-0.01,0.0139194131509984,-0.0117344173048868));
#5996=CARTESIAN_POINT('',(-0.01,0.0140056581064582,-0.0117746048294846));
#5997=CARTESIAN_POINT('',(-0.01,0.0140991363258449,-0.0118159080547295));
#5998=CARTESIAN_POINT('',(-0.01,0.014199924339486,-0.0118580525964993));
#5999=CARTESIAN_POINT('',(-0.01,0.0143080905835385,-0.01190076151447));
#6000=CARTESIAN_POINT('',(-0.01,0.0144236953185676,-0.0119437555193983));
#6001=CARTESIAN_POINT('',(-0.01,0.0145467905691299,-0.0119867531890268));
#6002=CARTESIAN_POINT('',(-0.01,0.0146774200515047,-0.0120294711956068));
#6003=CARTESIAN_POINT('',(-0.01,0.0148156191624241,-0.0120716244866455));
#6004=CARTESIAN_POINT('',(-0.01,0.0149614147617294,-0.0121129266573268));
#6005=CARTESIAN_POINT('',(-0.01,0.0151148257781048,-0.0121530895876219));
#6006=CARTESIAN_POINT('',(-0.01,0.0152758606636238,-0.0121918259252722));
#6007=CARTESIAN_POINT('',(-0.01,0.0154445270259365,-0.0122288406007734));
#6008=CARTESIAN_POINT('',(-0.01,0.0156207943957754,-0.0122638645810736));
#6009=CARTESIAN_POINT('',(-0.01,0.0158047372549827,-0.0122965261847003));
#6010=CARTESIAN_POINT('',(-0.01,0.0159520262052162,-0.0123198771316528));
#6011=CARTESIAN_POINT('',(-0.01,0.0160382039192024,-0.0123320531168364));
#6012=CARTESIAN_POINT('',(-0.01,0.0160595757608019,-0.0123350122165755));
#6013=CARTESIAN_POINT('',(-0.01,0.0143812128379045,-0.0088287225752591));
#6014=CARTESIAN_POINT('',(-0.01,0.014679141448736,-0.00901125700738878));
#6015=CARTESIAN_POINT('',(-0.01,0.0150124939896143,-0.0092154949171967));
#6016=CARTESIAN_POINT('',(-0.01,0.0150263248164058,-0.00922516154862822));
#6017=CARTESIAN_POINT('',(-0.01,0.0150428813277646,-0.00923637980994742));
#6018=CARTESIAN_POINT('',(-0.01,0.0150622308894181,-0.00925027508944115));
#6019=CARTESIAN_POINT('',(-0.01,0.0150878864791386,-0.0092693723069721));
#6020=CARTESIAN_POINT('',(-0.01,0.0151184219407978,-0.0092931106576953));
#6021=CARTESIAN_POINT('',(-0.01,0.0151540482635221,-0.00932195065333073));
#6022=CARTESIAN_POINT('',(-0.01,0.0151944509115313,-0.00935602307711582));
#6023=CARTESIAN_POINT('',(-0.01,0.0152394687685457,-0.00939555276589814));
#6024=CARTESIAN_POINT('',(-0.01,0.0152888867554662,-0.00944072881822551));
#6025=CARTESIAN_POINT('',(-0.01,0.0153424980618844,-0.00949174320048304));
#6026=CARTESIAN_POINT('',(-0.01,0.0154000859492484,-0.0095487791214696));
#6027=CARTESIAN_POINT('',(-0.01,0.0154614292581239,-0.0096120142139639));
#6028=CARTESIAN_POINT('',(-0.01,0.0155263010221825,-0.00968161941278897));
#6029=CARTESIAN_POINT('',(-0.01,0.0155944690820901,-0.00975775908394524));
#6030=CARTESIAN_POINT('',(-0.01,0.0156656961322111,-0.00984059080145605));
#6031=CARTESIAN_POINT('',(-0.01,0.0157397399345808,-0.00993026523124102));
#6032=CARTESIAN_POINT('',(-0.01,0.0158163534908838,-0.010026925989626));
#6033=CARTESIAN_POINT('',(-0.01,0.0158952852291201,-0.0101307095191645));
#6034=CARTESIAN_POINT('',(-0.01,0.0159762791976614,-0.0102417449495982));
#6035=CARTESIAN_POINT('',(-0.01,0.0160590752336686,-0.0103601540312846));
#6036=CARTESIAN_POINT('',(-0.01,0.0161434092501226,-0.0104860508134059));
#6037=CARTESIAN_POINT('',(-0.01,0.0162290130778775,-0.0106195423321962));
#6038=CARTESIAN_POINT('',(-0.01,0.0163156160405299,-0.010760725422786));
#6039=CARTESIAN_POINT('',(-0.01,0.0164029398611979,-0.0109096985019722));
#6040=CARTESIAN_POINT('',(-0.01,0.0164907192587229,-0.0110665157275442));
#6041=CARTESIAN_POINT('',(-0.01,0.0165786237591737,-0.0112313627918351));
#6042=CARTESIAN_POINT('',(-0.01,0.0166463466181405,-0.0113642270682899));
#6043=CARTESIAN_POINT('',(-0.01,0.0166845570463496,-0.0114424243583909));
#6044=CARTESIAN_POINT('',(-0.01,0.0166939755796942,-0.0114618357755019));
#6045=CARTESIAN_POINT('',(-0.01,0.0148577210546153,-0.00912084357442293));
#6046=CARTESIAN_POINT('',(-0.01,0.0151550983011193,-0.00863659209451446));
#6047=CARTESIAN_POINT('',(-0.01,0.0146613713448892,-0.00835522682440527));
#6048=CARTESIAN_POINT('',(-0.01,8.24900596704277E-16,-4.2182909824068E-16));
#6049=CARTESIAN_POINT('',(-0.01,0.0149105069494778,-0.00790205084200136));
#6050=CARTESIAN_POINT('',(-0.01,0.015412623636849,-0.00816815524781855));
#6051=CARTESIAN_POINT('',(-0.01,0.0156621479874074,-0.00765759641574312));
#6052=CARTESIAN_POINT('',(-0.01,0.0151601761996465,-0.00741179348037106));
#6053=CARTESIAN_POINT('',(-0.01,0.0154739332507336,-0.00756553608656076));
#6054=CARTESIAN_POINT('',(-0.01,0.0158249962450076,-0.00773755880123577));
#6055=CARTESIAN_POINT('',(-0.01,0.0158405689794623,-0.00774405691439037));
#6056=CARTESIAN_POINT('',(-0.01,0.0158589122931871,-0.00775202499427163));
#6057=CARTESIAN_POINT('',(-0.01,0.0158810124793014,-0.00776091690644542));
#6058=CARTESIAN_POINT('',(-0.01,0.0159108837457753,-0.00777234583642899));
#6059=CARTESIAN_POINT('',(-0.01,0.0159472884167504,-0.00778540813503988));
#6060=CARTESIAN_POINT('',(-0.01,0.015990728368759,-0.00780003519177043));
#6061=CARTESIAN_POINT('',(-0.01,0.0160411454890417,-0.00781589135811484));
#6062=CARTESIAN_POINT('',(-0.01,0.0160986432832079,-0.00783272012549167));
#6063=CARTESIAN_POINT('',(-0.01,0.0161632661672977,-0.00785023857254234));
#6064=CARTESIAN_POINT('',(-0.01,0.0162350654093327,-0.00786816922273098));
#6065=CARTESIAN_POINT('',(-0.01,0.0163140795632943,-0.00788623090946223));
#6066=CARTESIAN_POINT('',(-0.01,0.0164003401063471,-0.00790414172124705));
#6067=CARTESIAN_POINT('',(-0.01,0.0164938697488953,-0.00792161843261802));
#6068=CARTESIAN_POINT('',(-0.01,0.0165946828725514,-0.00793837695325887));
#6069=CARTESIAN_POINT('',(-0.01,0.0167027853667451,-0.00795413248701066));
#6070=CARTESIAN_POINT('',(-0.01,0.0168181746453279,-0.00796859977475858));
#6071=CARTESIAN_POINT('',(-0.01,0.0169408396192583,-0.0079814933154515));
#6072=CARTESIAN_POINT('',(-0.01,0.0170707606917761,-0.00799252759024863));
#6073=CARTESIAN_POINT('',(-0.01,0.0172079097449875,-0.00800141730086683));
#6074=CARTESIAN_POINT('',(-0.01,0.0173522501738991,-0.00800787754745215));
#6075=CARTESIAN_POINT('',(-0.01,0.0175037367685192,-0.00801162424335182));
#6076=CARTESIAN_POINT('',(-0.01,0.0176623162103153,-0.00801237361298491));
#6077=CARTESIAN_POINT('',(-0.01,0.0178279252242227,-0.00800984522984748));
#6078=CARTESIAN_POINT('',(-0.01,0.0180004977980815,-0.00800375140264053));
#6079=CARTESIAN_POINT('',(-0.01,0.0181799375140728,-0.00799383912787893));
#6080=CARTESIAN_POINT('',(-0.01,0.0183662240806314,-0.00797972987826618));
#6081=CARTESIAN_POINT('',(-0.01,0.0185146928220107,-0.00796571793986663));
#6082=CARTESIAN_POINT('',(-0.01,0.0186011911490237,-0.00795607986811819));
#6083=CARTESIAN_POINT('',(-0.01,0.0186226274530995,-0.0079536310414217));
#6084=CARTESIAN_POINT('',(-0.01,0.0161250146124522,-0.00497488982271992));
#6085=CARTESIAN_POINT('',(-0.01,0.0164589777154521,-0.00507759776739604));
#6086=CARTESIAN_POINT('',(-0.01,0.0168326492760112,-0.00519251776192296));
#6087=CARTESIAN_POINT('',(-0.01,0.0168484495754259,-0.00519844111159821));
#6088=CARTESIAN_POINT('',(-0.01,0.0168672758016767,-0.00520518949366745));
#6089=CARTESIAN_POINT('',(-0.01,0.0168894730767589,-0.00521383618709995));
#6090=CARTESIAN_POINT('',(-0.01,0.0169190719338239,-0.00522595314471212));
#6091=CARTESIAN_POINT('',(-0.01,0.0169545515555671,-0.00524135185098102));
#6092=CARTESIAN_POINT('',(-0.01,0.0169962308271112,-0.00526042587894211));
#6093=CARTESIAN_POINT('',(-0.01,0.0170438376188645,-0.00528338012490463));
#6094=CARTESIAN_POINT('',(-0.01,0.0170972717909617,-0.00531047243004251));
#6095=CARTESIAN_POINT('',(-0.01,0.0171563720483056,-0.0053419394400219));
#6096=CARTESIAN_POINT('',(-0.01,0.0172209858179158,-0.00537801852190802));
#6097=CARTESIAN_POINT('',(-0.01,0.0172909487326561,-0.00541894102934443));
#6098=CARTESIAN_POINT('',(-0.01,0.017366090756698,-0.00546493401456426));
#6099=CARTESIAN_POINT('',(-0.01,0.0174462345640398,-0.00551621948638932));
#6100=CARTESIAN_POINT('',(-0.01,0.0175311961652218,-0.00557301438263848));
#6101=CARTESIAN_POINT('',(-0.01,0.0176207848970672,-0.00563553034236916));
#6102=CARTESIAN_POINT('',(-0.01,0.0177148036010533,-0.0057039735401861));
#6103=CARTESIAN_POINT('',(-0.01,0.0178130487546985,-0.0057785445064274));
#6104=CARTESIAN_POINT('',(-0.01,0.0179153106214833,-0.00585943796046519));
#6105=CARTESIAN_POINT('',(-0.01,0.0180213734042312,-0.00594684262777439));
#6106=CARTESIAN_POINT('',(-0.01,0.0181310153916799,-0.00604094113356822));
#6107=CARTESIAN_POINT('',(-0.01,0.0182440091564678,-0.00614190961973507));
#6108=CARTESIAN_POINT('',(-0.01,0.0183601215733047,-0.00624991845072356));
#6109=CARTESIAN_POINT('',(-0.01,0.018479114551502,-0.00636512873389487));
#6110=CARTESIAN_POINT('',(-0.01,0.0186007430320199,-0.00648770499874733));
#6111=CARTESIAN_POINT('',(-0.01,0.0187247635364897,-0.0066177656743454));
#6112=CARTESIAN_POINT('',(-0.01,0.0188509021532318,-0.00675557280468064));
#6113=CARTESIAN_POINT('',(-0.01,0.0189495393759702,-0.00686742091541536));
#6114=CARTESIAN_POINT('',(-0.01,0.019005996228565,-0.00693365894677323));
#6115=CARTESIAN_POINT('',(-0.01,0.0190199462844961,-0.00695011822452585));
#6116=CARTESIAN_POINT('',(-0.01,1.95715784724877E-17,1.5772442049209E-17));
#6117=CARTESIAN_POINT('',(-0.01,1.95715784724877E-17,1.5772442049209E-17));
#6118=CARTESIAN_POINT('',(-0.01,0.020015550973286,-0.00307249397652659));
#6119=CARTESIAN_POINT('',(-0.01,0.0201508238137737,-0.00200169918475604));
#6120=CARTESIAN_POINT('',(-0.01,0.020015550973286,-0.00307249397652659));
#6121=CARTESIAN_POINT('',(-0.022,0.020015550973286,-0.00307249397652659));
#6122=CARTESIAN_POINT('',(-0.022,1.95715784724877E-17,1.5772442049209E-17));
#6123=CARTESIAN_POINT('',(-0.022,0.0201508238137737,-0.00200169918475604));
#6124=CARTESIAN_POINT('',(-0.01,0.0201508238137737,-0.00200169918475604));
#6125=CARTESIAN_POINT('',(-0.022,1.95715784724877E-17,1.45324871650723E-17));
#6126=CARTESIAN_POINT('',(-0.022,0.,1.40834381901946E-19));
#6127=CARTESIAN_POINT('',(-0.022,0.,-0.0023));
#6128=CARTESIAN_POINT('',(-0.022,-0.0142673491864805,-0.0100354608620957));
#6129=CARTESIAN_POINT('',(-0.022,-0.0145788959523543,-0.00956020163261621));
#6130=CARTESIAN_POINT('',(-0.022,-0.013802543564811,-0.00970852286094508));
#6131=CARTESIAN_POINT('',(-0.022,-0.0141116896387814,-0.00925342317948923));
#6132=CARTESIAN_POINT('',(-0.022,-0.0144037035638357,-0.00944527766507478));
#6133=CARTESIAN_POINT('',(-0.022,-0.0147304381584656,-0.009659943789521));
#6134=CARTESIAN_POINT('',(-0.022,-0.014745073667724,-0.00966834244427714));
#6135=CARTESIAN_POINT('',(-0.022,-0.0147622736737244,-0.009678546720292));
#6136=CARTESIAN_POINT('',(-0.022,-0.0147830851411649,-0.00969013840487049));
#6137=CARTESIAN_POINT('',(-0.022,-0.0148112884390295,-0.00970522107674532));
#6138=CARTESIAN_POINT('',(-0.022,-0.0148457689081777,-0.00972274309036029));
#6139=CARTESIAN_POINT('',(-0.022,-0.0148870330668723,-0.00974269927803075));
#6140=CARTESIAN_POINT('',(-0.022,-0.0149350653285028,-0.00976474935447955));
#6141=CARTESIAN_POINT('',(-0.022,-0.014990000531556,-0.00978865180646477));
#6142=CARTESIAN_POINT('',(-0.022,-0.015051918201287,-0.00981413151035317));
#6143=CARTESIAN_POINT('',(-0.022,-0.015120903978485,-0.00984091960318116));
#6144=CARTESIAN_POINT('',(-0.022,-0.0151970313526406,-0.00986874196753112));
#6145=CARTESIAN_POINT('',(-0.022,-0.0152803668855899,-0.00989732286000514));
#6146=CARTESIAN_POINT('',(-0.022,-0.0153709686062226,-0.0099263841348216));
#6147=CARTESIAN_POINT('',(-0.022,-0.0154688863887054,-0.00995564574429519));
#6148=CARTESIAN_POINT('',(-0.022,-0.0155741617704522,-0.00998482587611107));
#6149=CARTESIAN_POINT('',(-0.022,-0.0156868279381539,-0.0100136411963774));
#6150=CARTESIAN_POINT('',(-0.022,-0.0158069096729794,-0.0100418070654786));
#6151=CARTESIAN_POINT('',(-0.022,-0.0159344233176946,-0.01006903775985));
#6152=CARTESIAN_POINT('',(-0.022,-0.0160693767334797,-0.010095046706764));
#6153=CARTESIAN_POINT('',(-0.022,-0.0162117693114027,-0.0101195466650649));
#6154=CARTESIAN_POINT('',(-0.022,-0.0163615918034651,-0.0101422501218937));
#6155=CARTESIAN_POINT('',(-0.022,-0.0165188268780781,-0.0101628688567406));
#6156=CARTESIAN_POINT('',(-0.022,-0.0166834469058802,-0.0101811167238798));
#6157=CARTESIAN_POINT('',(-0.022,-0.0168554224525178,-0.0101967000270267));
#6158=CARTESIAN_POINT('',(-0.022,-0.0170346895702002,-0.0102093556733473));
#6159=CARTESIAN_POINT('',(-0.022,-0.0172212755694175,-0.0102187055771384));
#6160=CARTESIAN_POINT('',(-0.022,-0.0173703297519738,-0.0102234121944986));
#6161=CARTESIAN_POINT('',(-0.022,-0.01745735398454,-0.0102246912368471));
#6162=CARTESIAN_POINT('',(-0.022,-0.0174789281763238,-0.010224948401186));
#6163=CARTESIAN_POINT('',(-0.022,-0.0153743450278169,-0.00695666155319051));
#6164=CARTESIAN_POINT('',(-0.022,-0.0156928020131808,-0.00710041629063562));
#6165=CARTESIAN_POINT('',(-0.022,-0.0160491237673592,-0.00726126357165665));
#6166=CARTESIAN_POINT('',(-0.022,-0.0160640570841253,-0.00726912051656741));
#6167=CARTESIAN_POINT('',(-0.022,-0.0160818890634131,-0.00727817523744023));
#6168=CARTESIAN_POINT('',(-0.022,-0.0161028275883037,-0.00728953580537474));
#6169=CARTESIAN_POINT('',(-0.022,-0.0161306743920615,-0.00730526693762273));
#6170=CARTESIAN_POINT('',(-0.022,-0.0161639442767407,-0.00732499099621205));
#6171=CARTESIAN_POINT('',(-0.022,-0.0162029042851782,-0.00734913841764076));
#6172=CARTESIAN_POINT('',(-0.022,-0.0162472587532884,-0.00737787837566782));
#6173=CARTESIAN_POINT('',(-0.022,-0.0162968760147711,-0.00741145412745939));
#6174=CARTESIAN_POINT('',(-0.022,-0.0163515663868221,-0.00745008023702375));
#6175=CARTESIAN_POINT('',(-0.022,-0.0164111487495629,-0.00749397307725091));
#6176=CARTESIAN_POINT('',(-0.022,-0.016475431035641,-0.00754334157682722));
#6177=CARTESIAN_POINT('',(-0.022,-0.0165442160928207,-0.00759838968647089));
#6178=CARTESIAN_POINT('',(-0.022,-0.0166173001682851,-0.00765931543955668));
#6179=CARTESIAN_POINT('',(-0.022,-0.016694473533868,-0.00772631100329004));
#6180=CARTESIAN_POINT('',(-0.022,-0.0167755205044215,-0.00779956245145874));
#6181=CARTESIAN_POINT('',(-0.022,-0.0168602196355468,-0.007879249622404));
#6182=CARTESIAN_POINT('',(-0.022,-0.0169483438764821,-0.0079655459570916));
#6183=CARTESIAN_POINT('',(-0.022,-0.0170396607397344,-0.00805861835251707));
#6184=CARTESIAN_POINT('',(-0.022,-0.0171339324761784,-0.00815862699944064));
#6185=CARTESIAN_POINT('',(-0.022,-0.0172309162338029,-0.00826572529523178));
#6186=CARTESIAN_POINT('',(-0.022,-0.0173303643021465,-0.00838005948864085));
#6187=CARTESIAN_POINT('',(-0.022,-0.0174320240418544,-0.00850176938239548));
#6188=CARTESIAN_POINT('',(-0.022,-0.0175356390475473,-0.00863098497280125));
#6189=CARTESIAN_POINT('',(-0.022,-0.0176409455715354,-0.00876783877795041));
#6190=CARTESIAN_POINT('',(-0.022,-0.0177476872122521,-0.00891241777712762));
#6191=CARTESIAN_POINT('',(-0.022,-0.0178555593750723,-0.00906494761779279));
#6192=CARTESIAN_POINT('',(-0.022,-0.0179394005284614,-0.00918827629484256));
#6193=CARTESIAN_POINT('',(-0.022,-0.0179871103752556,-0.0092610679394314));
#6194=CARTESIAN_POINT('',(-0.022,-0.0179988875363262,-0.00927914583648103));
#6195=CARTESIAN_POINT('',(-0.022,-0.0158837083043301,-0.00718675677540331));
#6196=CARTESIAN_POINT('',(-0.022,-0.0161180478385879,-0.00666905251116001));
#6197=CARTESIAN_POINT('',(-0.022,-0.0155929496477613,-0.00645178628616755));
#6198=CARTESIAN_POINT('',(-0.022,-8.29986837582986E-16,-3.27836843431749E-16));
#6199=CARTESIAN_POINT('',(-0.022,-0.0157833227324462,-0.00597095876082291));
#6200=CARTESIAN_POINT('',(-0.022,-0.0163148318054091,-0.00617203294586388));
#6201=CARTESIAN_POINT('',(-0.022,-0.0164983985925853,-0.00563422632896736));
#6202=CARTESIAN_POINT('',(-0.022,-0.0159695777255929,-0.00545327537047663));
#6203=CARTESIAN_POINT('',(-0.022,-0.0163001297665878,-0.00556648148452948));
#6204=CARTESIAN_POINT('',(-0.022,-0.0166699846873712,-0.00569314788846146));
#6205=CARTESIAN_POINT('',(-0.022,-0.0166862490556972,-0.0056976429808883));
#6206=CARTESIAN_POINT('',(-0.022,-0.0167054463921312,-0.00570324920325633));
#6207=CARTESIAN_POINT('',(-0.022,-0.0167284867637822,-0.00570930111225867));
#6208=CARTESIAN_POINT('',(-0.022,-0.0167595549111489,-0.00571689605929782));
#6209=CARTESIAN_POINT('',(-0.022,-0.0167973096605425,-0.00572529264265249));
#6210=CARTESIAN_POINT('',(-0.022,-0.0168422403318722,-0.00573435989102072));
#6211=CARTESIAN_POINT('',(-0.022,-0.0168942472027024,-0.00574377208604547));
#6212=CARTESIAN_POINT('',(-0.022,-0.0169534008134202,-0.00575326176909935));
#6213=CARTESIAN_POINT('',(-0.022,-0.0170197097703829,-0.00576254268293729));
#6214=CARTESIAN_POINT('',(-0.022,-0.0170931901603171,-0.00577133311342186));
#6215=CARTESIAN_POINT('',(-0.022,-0.0171738449936759,-0.00577934927894512));
#6216=CARTESIAN_POINT('',(-0.022,-0.0172616701665387,-0.0057863075458395));
#6217=CARTESIAN_POINT('',(-0.022,-0.0173566527126678,-0.00579192407558657));
#6218=CARTESIAN_POINT('',(-0.022,-0.017458771294314,-0.00579591521551312));
#6219=CARTESIAN_POINT('',(-0.022,-0.0175679960600441,-0.00579799767702166));
#6220=CARTESIAN_POINT('',(-0.022,-0.0176842886916545,-0.00579788877448108));
#6221=CARTESIAN_POINT('',(-0.022,-0.0178076024047743,-0.00579530664792676));
#6222=CARTESIAN_POINT('',(-0.022,-0.0179378819721701,-0.00578997048604453));
#6223=CARTESIAN_POINT('',(-0.022,-0.0180750637403097,-0.00578160076432001));
#6224=CARTESIAN_POINT('',(-0.022,-0.0182190756854211,-0.00576991941724187));
#6225=CARTESIAN_POINT('',(-0.022,-0.018369837348508,-0.0057546502645799));
#6226=CARTESIAN_POINT('',(-0.022,-0.0185272602649596,-0.00573551845099248));
#6227=CARTESIAN_POINT('',(-0.022,-0.018691246511893,-0.00571225369169086));
#6228=CARTESIAN_POINT('',(-0.022,-0.0188616945403933,-0.00568457883742535));
#6229=CARTESIAN_POINT('',(-0.022,-0.01903847698318,-0.00565225496407585));
#6230=CARTESIAN_POINT('',(-0.022,-0.0192215262666432,-0.00561490907235414));
#6231=CARTESIAN_POINT('',(-0.022,-0.0193670681261031,-0.00558239955483374));
#6232=CARTESIAN_POINT('',(-0.022,-0.0194516764172743,-0.00556199636713735));
#6233=CARTESIAN_POINT('',(-0.022,-0.0194726367703213,-0.0055568801688653));
#6234=CARTESIAN_POINT('',(-0.022,-0.0166213830840322,-0.00291466110788992));
#6235=CARTESIAN_POINT('',(-0.022,-0.016965585507034,-0.00297470249415475));
#6236=CARTESIAN_POINT('',(-0.022,-0.017350713850243,-0.00304188284522401));
#6237=CARTESIAN_POINT('',(-0.022,-0.0173671319521458,-0.00304577918490092));
#6238=CARTESIAN_POINT('',(-0.022,-0.0173866555245256,-0.00305011480215006));
#6239=CARTESIAN_POINT('',(-0.022,-0.0174097614855113,-0.00305591125755985));
#6240=CARTESIAN_POINT('',(-0.022,-0.0174406456042261,-0.00306422294887631));
#6241=CARTESIAN_POINT('',(-0.022,-0.017477775428204,-0.00307505345602819));
#6242=CARTESIAN_POINT('',(-0.022,-0.0175215166558445,-0.00308875328170644));
#6243=CARTESIAN_POINT('',(-0.022,-0.0175716249836958,-0.0031055598134334));
#6244=CARTESIAN_POINT('',(-0.022,-0.0176280333775937,-0.00312574141008141));
#6245=CARTESIAN_POINT('',(-0.022,-0.0176906114738674,-0.00314955306693098));
#6246=CARTESIAN_POINT('',(-0.022,-0.0177592376526018,-0.0031772494018021));
#6247=CARTESIAN_POINT('',(-0.022,-0.017833777839045,-0.00320908054471044));
#6248=CARTESIAN_POINT('',(-0.022,-0.0179140917953424,-0.00324529306865462));
#6249=CARTESIAN_POINT('',(-0.022,-0.0180000314188443,-0.00328612945669181));
#6250=CARTESIAN_POINT('',(-0.022,-0.0180914413604209,-0.0033318279960153));
#6251=CARTESIAN_POINT('',(-0.022,-0.0181881589857393,-0.00338262255327778));
#6252=CARTESIAN_POINT('',(-0.022,-0.0182900145314603,-0.00343874238785084));
#6253=CARTESIAN_POINT('',(-0.022,-0.0183968312130537,-0.00350041195696168));
#6254=CARTESIAN_POINT('',(-0.022,-0.0185084253526435,-0.00356785073151821));
#6255=CARTESIAN_POINT('',(-0.022,-0.0186246065082525,-0.00364127299539655));
#6256=CARTESIAN_POINT('',(-0.022,-0.0187451776058863,-0.00372088772154498));
#6257=CARTESIAN_POINT('',(-0.022,-0.0188699350879486,-0.00380689816712711));
#6258=CARTESIAN_POINT('',(-0.022,-0.0189986690197391,-0.00389950257156343));
#6259=CARTESIAN_POINT('',(-0.022,-0.0191311633800915,-0.00399889061251137));
#6260=CARTESIAN_POINT('',(-0.022,-0.0192671956633441,-0.0041052562361469));
#6261=CARTESIAN_POINT('',(-0.022,-0.0194065391541252,-0.00421874745361716));
#6262=CARTESIAN_POINT('',(-0.022,-0.0195489549434516,-0.00433965857285511));
#6263=CARTESIAN_POINT('',(-0.022,-0.0196608326676136,-0.00443826220575367));
#6264=CARTESIAN_POINT('',(-0.022,-0.0197251461677179,-0.00449690201055738));
#6265=CARTESIAN_POINT('',(-0.022,-0.0197410491177942,-0.00451148309637051));
#6266=CARTESIAN_POINT('',(-0.022,-0.0171719661314094,-0.00301085396981942));
#6267=CARTESIAN_POINT('',(-0.022,-0.0172701956432189,-0.00245113646469603));
#6268=CARTESIAN_POINT('',(-0.022,-0.016707562464667,-0.00237128266751349));
#6269=CARTESIAN_POINT('',(-0.022,-8.88440187908786E-16,-1.05804094709101E-16));
#6270=CARTESIAN_POINT('',(-0.022,-0.0167723776858012,-0.00185821736210802));
#6271=CARTESIAN_POINT('',(-0.022,-0.0173371935402498,-0.00192079350049411));
#6272=CARTESIAN_POINT('',(-0.022,-0.0173812461723786,-0.00135423186383452));
#6273=CARTESIAN_POINT('',(-0.022,-0.0168240385119068,-0.00131047821419308));
#6274=CARTESIAN_POINT('',(-0.022,-0.0171723588684215,-0.00133792280022433));
#6275=CARTESIAN_POINT('',(-0.022,-0.0175620947704542,-0.00136863056763658));
#6276=CARTESIAN_POINT('',(-0.022,-0.0175789660477696,-0.00136893965454515));
#6277=CARTESIAN_POINT('',(-0.022,-0.0175989544753862,-0.00136959556369672));
#6278=CARTESIAN_POINT('',(-0.022,-0.0176227760399604,-0.00136972743342294));
#6279=CARTESIAN_POINT('',(-0.022,-0.0176547569108695,-0.00136935743717167));
#6280=CARTESIAN_POINT('',(-0.022,-0.0176934136707518,-0.00136810100205341));
#6281=CARTESIAN_POINT('',(-0.022,-0.0177391876953935,-0.00136570958255742));
#6282=CARTESIAN_POINT('',(-0.022,-0.0177919013924614,-0.00136189249332906));
#6283=CARTESIAN_POINT('',(-0.022,-0.0178515565719304,-0.00135637313576473));
#6284=CARTESIAN_POINT('',(-0.022,-0.0179180903804917,-0.00134887210560295));
#6285=CARTESIAN_POINT('',(-0.022,-0.0179914483400204,-0.00133911253866782));
#6286=CARTESIAN_POINT('',(-0.022,-0.0180715627927749,-0.00132681882020315));
#6287=CARTESIAN_POINT('',(-0.022,-0.0181583592269418,-0.00131171724801821));
#6288=CARTESIAN_POINT('',(-0.022,-0.0182517544958727,-0.00129353612547574));
#6289=CARTESIAN_POINT('',(-0.022,-0.0183516573906315,-0.00127200601785527));
#6290=CARTESIAN_POINT('',(-0.022,-0.0184579685466134,-0.00124685996034112));
#6291=CARTESIAN_POINT('',(-0.022,-0.018570580548394,-0.00121783367774082));
#6292=CARTESIAN_POINT('',(-0.022,-0.0186893779856967,-0.00118466580003876));
#6293=CARTESIAN_POINT('',(-0.022,-0.018814237531419,-0.00114709807257902));
#6294=CARTESIAN_POINT('',(-0.022,-0.0189450280169016,-0.0011048755826136));
#6295=CARTESIAN_POINT('',(-0.022,-0.0190816105290511,-0.00105774691215427));
#6296=CARTESIAN_POINT('',(-0.022,-0.0192238384534083,-0.0010054645670193));
#6297=CARTESIAN_POINT('',(-0.022,-0.0193715577508967,-0.000947784327207191));
#6298=CARTESIAN_POINT('',(-0.022,-0.0195246063579675,-0.000884468751853471));
#6299=CARTESIAN_POINT('',(-0.022,-0.0196828169918358,-0.000815274653049993));
#6300=CARTESIAN_POINT('',(-0.022,-0.0198460068686863,-0.000740002287871845));
#6301=CARTESIAN_POINT('',(-0.022,-0.0200140177767069,-0.000658307180362827));
#6302=CARTESIAN_POINT('',(-0.022,-0.0201469023827753,-0.000590624220509293));
#6303=CARTESIAN_POINT('',(-0.022,-0.0202237784824494,-0.000549820810088654));
#6304=CARTESIAN_POINT('',(-0.022,-0.0202428079806912,-0.000539652718759135));
#6305=CARTESIAN_POINT('',(-0.022,-0.0168240385119068,0.00131047821419311));
#6306=CARTESIAN_POINT('',(-0.022,-0.0171723588684215,0.00133792280022435));
#6307=CARTESIAN_POINT('',(-0.022,-0.0175620947704542,0.00136863056763661));
#6308=CARTESIAN_POINT('',(-0.022,-0.0175789660477696,0.00136893965454517));
#6309=CARTESIAN_POINT('',(-0.022,-0.0175989544753862,0.00136959556369674));
#6310=CARTESIAN_POINT('',(-0.022,-0.0176227760399604,0.00136972743342297));
#6311=CARTESIAN_POINT('',(-0.022,-0.0176547569108695,0.0013693574371717));
#6312=CARTESIAN_POINT('',(-0.022,-0.0176934136707518,0.00136810100205343));
#6313=CARTESIAN_POINT('',(-0.022,-0.0177391876953935,0.00136570958255744));
#6314=CARTESIAN_POINT('',(-0.022,-0.0177919013924614,0.00136189249332909));
#6315=CARTESIAN_POINT('',(-0.022,-0.0178515565719304,0.00135637313576476));
#6316=CARTESIAN_POINT('',(-0.022,-0.0179180903804916,0.00134887210560298));
#6317=CARTESIAN_POINT('',(-0.022,-0.0179914483400204,0.00133911253866785));
#6318=CARTESIAN_POINT('',(-0.022,-0.0180715627927749,0.00132681882020318));
#6319=CARTESIAN_POINT('',(-0.022,-0.0181583592269418,0.00131171724801824));
#6320=CARTESIAN_POINT('',(-0.022,-0.0182517544958727,0.00129353612547576));
#6321=CARTESIAN_POINT('',(-0.022,-0.0183516573906315,0.00127200601785529));
#6322=CARTESIAN_POINT('',(-0.022,-0.0184579685466134,0.00124685996034115));
#6323=CARTESIAN_POINT('',(-0.022,-0.018570580548394,0.00121783367774085));
#6324=CARTESIAN_POINT('',(-0.022,-0.0186893779856967,0.00118466580003879));
#6325=CARTESIAN_POINT('',(-0.022,-0.018814237531419,0.00114709807257904));
#6326=CARTESIAN_POINT('',(-0.022,-0.0189450280169016,0.00110487558261362));
#6327=CARTESIAN_POINT('',(-0.022,-0.0190816105290511,0.0010577469121543));
#6328=CARTESIAN_POINT('',(-0.022,-0.0192238384534083,0.00100546456701933));
#6329=CARTESIAN_POINT('',(-0.022,-0.0193715577508967,0.000947784327207216));
#6330=CARTESIAN_POINT('',(-0.022,-0.0195246063579675,0.000884468751853497));
#6331=CARTESIAN_POINT('',(-0.022,-0.0196828169918358,0.000815274653050018));
#6332=CARTESIAN_POINT('',(-0.022,-0.0198460068686863,0.000740002287871871));
#6333=CARTESIAN_POINT('',(-0.022,-0.0200140177767069,0.000658307180362852));
#6334=CARTESIAN_POINT('',(-0.022,-0.0201469023827753,0.000590624220509318));
#6335=CARTESIAN_POINT('',(-0.022,-0.0202237784824494,0.000549820810088679));
#6336=CARTESIAN_POINT('',(-0.022,-0.0202428079806912,0.00053965271875916));
#6337=CARTESIAN_POINT('',(-0.022,-0.0173812461723786,0.00135423186383455));
#6338=CARTESIAN_POINT('',(-0.022,-0.0173371935402498,0.00192079350049413));
#6339=CARTESIAN_POINT('',(-0.022,-0.0167723776858012,0.00185821736210806));
#6340=CARTESIAN_POINT('',(-0.022,-8.89839819519171E-16,1.2378984401969E-16));
#6341=CARTESIAN_POINT('',(-0.022,-0.016707562464667,0.00237128266751352));
#6342=CARTESIAN_POINT('',(-0.022,-0.0172701956432189,0.00245113646469606));
#6343=CARTESIAN_POINT('',(-0.022,-0.0171719661314094,0.00301085396981944));
#6344=CARTESIAN_POINT('',(-0.022,-0.0166213830840322,0.00291466110788995));
#6345=CARTESIAN_POINT('',(-0.022,-0.016965585507034,0.00297470249415477));
#6346=CARTESIAN_POINT('',(-0.022,-0.017350713850243,0.00304188284522403));
#6347=CARTESIAN_POINT('',(-0.022,-0.0173671319521458,0.00304577918490095));
#6348=CARTESIAN_POINT('',(-0.022,-0.0173866555245256,0.0030501148021501));
#6349=CARTESIAN_POINT('',(-0.022,-0.0174097614855113,0.00305591125755987));
#6350=CARTESIAN_POINT('',(-0.022,-0.0174406456042261,0.00306422294887634));
#6351=CARTESIAN_POINT('',(-0.022,-0.017477775428204,0.00307505345602822));
#6352=CARTESIAN_POINT('',(-0.022,-0.0175215166558445,0.00308875328170647));
#6353=CARTESIAN_POINT('',(-0.022,-0.0175716249836958,0.00310555981343343));
#6354=CARTESIAN_POINT('',(-0.022,-0.0176280333775937,0.00312574141008143));
#6355=CARTESIAN_POINT('',(-0.022,-0.0176906114738674,0.003149553066931));
#6356=CARTESIAN_POINT('',(-0.022,-0.0177592376526018,0.00317724940180213));
#6357=CARTESIAN_POINT('',(-0.022,-0.017833777839045,0.00320908054471046));
#6358=CARTESIAN_POINT('',(-0.022,-0.0179140917953424,0.00324529306865465));
#6359=CARTESIAN_POINT('',(-0.022,-0.0180000314188443,0.00328612945669183));
#6360=CARTESIAN_POINT('',(-0.022,-0.0180914413604209,0.00333182799601533));
#6361=CARTESIAN_POINT('',(-0.022,-0.0181881589857393,0.00338262255327781));
#6362=CARTESIAN_POINT('',(-0.022,-0.0182900145314603,0.00343874238785086));
#6363=CARTESIAN_POINT('',(-0.022,-0.0183968312130537,0.00350041195696171));
#6364=CARTESIAN_POINT('',(-0.022,-0.0185084253526435,0.00356785073151824));
#6365=CARTESIAN_POINT('',(-0.022,-0.0186246065082525,0.00364127299539658));
#6366=CARTESIAN_POINT('',(-0.022,-0.0187451776058863,0.003720887721545));
#6367=CARTESIAN_POINT('',(-0.022,-0.0188699350879486,0.00380689816712713));
#6368=CARTESIAN_POINT('',(-0.022,-0.0189986690197391,0.00389950257156345));
#6369=CARTESIAN_POINT('',(-0.022,-0.0191311633800915,0.0039988906125114));
#6370=CARTESIAN_POINT('',(-0.022,-0.0192671956633441,0.00410525623614693));
#6371=CARTESIAN_POINT('',(-0.022,-0.0194065391541252,0.00421874745361719));
#6372=CARTESIAN_POINT('',(-0.022,-0.0195489549434516,0.00433965857285514));
#6373=CARTESIAN_POINT('',(-0.022,-0.0196608326676136,0.0044382622057537));
#6374=CARTESIAN_POINT('',(-0.022,-0.0197251461677179,0.0044969020105574));
#6375=CARTESIAN_POINT('',(-0.022,-0.0197410491177942,0.00451148309637054));
#6376=CARTESIAN_POINT('',(-0.022,-0.0159695777255929,0.00545327537047665));
#6377=CARTESIAN_POINT('',(-0.022,-0.0163001297665878,0.0055664814845295));
#6378=CARTESIAN_POINT('',(-0.022,-0.0166699846873712,0.00569314788846149));
#6379=CARTESIAN_POINT('',(-0.022,-0.0166862490556972,0.00569764298088832));
#6380=CARTESIAN_POINT('',(-0.022,-0.0167054463921312,0.00570324920325635));
#6381=CARTESIAN_POINT('',(-0.022,-0.0167284867637822,0.0057093011122587));
#6382=CARTESIAN_POINT('',(-0.022,-0.0167595549111489,0.00571689605929785));
#6383=CARTESIAN_POINT('',(-0.022,-0.0167973096605425,0.00572529264265252));
#6384=CARTESIAN_POINT('',(-0.022,-0.0168422403318722,0.00573435989102075));
#6385=CARTESIAN_POINT('',(-0.022,-0.0168942472027024,0.00574377208604549));
#6386=CARTESIAN_POINT('',(-0.022,-0.0169534008134202,0.00575326176909938));
#6387=CARTESIAN_POINT('',(-0.022,-0.0170197097703829,0.00576254268293732));
#6388=CARTESIAN_POINT('',(-0.022,-0.0170931901603171,0.00577133311342189));
#6389=CARTESIAN_POINT('',(-0.022,-0.0171738449936759,0.00577934927894514));
#6390=CARTESIAN_POINT('',(-0.022,-0.0172616701665387,0.00578630754583953));
#6391=CARTESIAN_POINT('',(-0.022,-0.0173566527126678,0.0057919240755866));
#6392=CARTESIAN_POINT('',(-0.022,-0.017458771294314,0.00579591521551315));
#6393=CARTESIAN_POINT('',(-0.022,-0.0175679960600441,0.00579799767702169));
#6394=CARTESIAN_POINT('',(-0.022,-0.0176842886916545,0.00579788877448111));
#6395=CARTESIAN_POINT('',(-0.022,-0.0178076024047743,0.00579530664792678));
#6396=CARTESIAN_POINT('',(-0.022,-0.0179378819721701,0.00578997048604456));
#6397=CARTESIAN_POINT('',(-0.022,-0.0180750637403097,0.00578160076432003));
#6398=CARTESIAN_POINT('',(-0.022,-0.0182190756854211,0.0057699194172419));
#6399=CARTESIAN_POINT('',(-0.022,-0.0183698373485081,0.00575465026457993));
#6400=CARTESIAN_POINT('',(-0.022,-0.0185272602649596,0.00573551845099251));
#6401=CARTESIAN_POINT('',(-0.022,-0.018691246511893,0.00571225369169089));
#6402=CARTESIAN_POINT('',(-0.022,-0.0188616945403933,0.00568457883742538));
#6403=CARTESIAN_POINT('',(-0.022,-0.01903847698318,0.00565225496407588));
#6404=CARTESIAN_POINT('',(-0.022,-0.0192215262666432,0.00561490907235417));
#6405=CARTESIAN_POINT('',(-0.022,-0.0193670681261031,0.00558239955483377));
#6406=CARTESIAN_POINT('',(-0.022,-0.0194516764172743,0.00556199636713738));
#6407=CARTESIAN_POINT('',(-0.022,-0.0194726367703213,0.00555688016886533));
#6408=CARTESIAN_POINT('',(-0.022,-0.0164983985925853,0.00563422632896739));
#6409=CARTESIAN_POINT('',(-0.022,-0.0163148318054091,0.00617203294586391));
#6410=CARTESIAN_POINT('',(-0.022,-0.0157833227324462,0.00597095876082294));
#6411=CARTESIAN_POINT('',(-0.022,-8.34097788412575E-16,3.46518741196856E-16));
#6412=CARTESIAN_POINT('',(-0.022,-0.0155929496477613,0.00645178628616758));
#6413=CARTESIAN_POINT('',(-0.022,-0.0161180478385879,0.00666905251116004));
#6414=CARTESIAN_POINT('',(-0.022,-0.0158837083043301,0.00718675677540333));
#6415=CARTESIAN_POINT('',(-0.022,-0.0153743450278169,0.00695666155319054));
#6416=CARTESIAN_POINT('',(-0.022,-0.0156928020131808,0.00710041629063564));
#6417=CARTESIAN_POINT('',(-0.022,-0.0160491237673592,0.00726126357165668));
#6418=CARTESIAN_POINT('',(-0.022,-0.0160640570841254,0.00726912051656744));
#6419=CARTESIAN_POINT('',(-0.022,-0.0160818890634131,0.00727817523744025));
#6420=CARTESIAN_POINT('',(-0.022,-0.0161028275883037,0.00728953580537477));
#6421=CARTESIAN_POINT('',(-0.022,-0.0161306743920615,0.00730526693762276));
#6422=CARTESIAN_POINT('',(-0.022,-0.0161639442767407,0.00732499099621208));
#6423=CARTESIAN_POINT('',(-0.022,-0.0162029042851782,0.00734913841764079));
#6424=CARTESIAN_POINT('',(-0.022,-0.0162472587532884,0.00737787837566785));
#6425=CARTESIAN_POINT('',(-0.022,-0.0162968760147711,0.00741145412745942));
#6426=CARTESIAN_POINT('',(-0.022,-0.0163515663868221,0.00745008023702377));
#6427=CARTESIAN_POINT('',(-0.022,-0.0164111487495629,0.00749397307725094));
#6428=CARTESIAN_POINT('',(-0.022,-0.016475431035641,0.00754334157682725));
#6429=CARTESIAN_POINT('',(-0.022,-0.0165442160928207,0.00759838968647092));
#6430=CARTESIAN_POINT('',(-0.022,-0.0166173001682851,0.00765931543955671));
#6431=CARTESIAN_POINT('',(-0.022,-0.016694473533868,0.00772631100329007));
#6432=CARTESIAN_POINT('',(-0.022,-0.0167755205044215,0.00779956245145877));
#6433=CARTESIAN_POINT('',(-0.022,-0.0168602196355468,0.00787924962240403));
#6434=CARTESIAN_POINT('',(-0.022,-0.0169483438764821,0.00796554595709163));
#6435=CARTESIAN_POINT('',(-0.022,-0.0170396607397344,0.00805861835251709));
#6436=CARTESIAN_POINT('',(-0.022,-0.0171339324761784,0.00815862699944067));
#6437=CARTESIAN_POINT('',(-0.022,-0.0172309162338029,0.00826572529523181));
#6438=CARTESIAN_POINT('',(-0.022,-0.0173303643021465,0.00838005948864088));
#6439=CARTESIAN_POINT('',(-0.022,-0.0174320240418544,0.0085017693823955));
#6440=CARTESIAN_POINT('',(-0.022,-0.0175356390475474,0.00863098497280127));
#6441=CARTESIAN_POINT('',(-0.022,-0.0176409455715354,0.00876783877795043));
#6442=CARTESIAN_POINT('',(-0.022,-0.0177476872122521,0.00891241777712765));
#6443=CARTESIAN_POINT('',(-0.022,-0.0178555593750723,0.00906494761779282));
#6444=CARTESIAN_POINT('',(-0.022,-0.0179394005284614,0.00918827629484258));
#6445=CARTESIAN_POINT('',(-0.022,-0.0179871103752556,0.00926106793943143));
#6446=CARTESIAN_POINT('',(-0.022,-0.0179988875363262,0.00927914583648106));
#6447=CARTESIAN_POINT('',(-0.022,-0.0141116896387814,0.00925342317948926));
#6448=CARTESIAN_POINT('',(-0.022,-0.0144037035638357,0.00944527766507481));
#6449=CARTESIAN_POINT('',(-0.022,-0.0147304381584656,0.00965994378952103));
#6450=CARTESIAN_POINT('',(-0.022,-0.014745073667724,0.00966834244427717));
#6451=CARTESIAN_POINT('',(-0.022,-0.0147622736737244,0.00967854672029203));
#6452=CARTESIAN_POINT('',(-0.022,-0.0147830851411649,0.00969013840487052));
#6453=CARTESIAN_POINT('',(-0.022,-0.0148112884390295,0.00970522107674536));
#6454=CARTESIAN_POINT('',(-0.022,-0.0148457689081777,0.00972274309036032));
#6455=CARTESIAN_POINT('',(-0.022,-0.0148870330668723,0.00974269927803078));
#6456=CARTESIAN_POINT('',(-0.022,-0.0149350653285028,0.00976474935447958));
#6457=CARTESIAN_POINT('',(-0.022,-0.014990000531556,0.0097886518064648));
#6458=CARTESIAN_POINT('',(-0.022,-0.015051918201287,0.0098141315103532));
#6459=CARTESIAN_POINT('',(-0.022,-0.015120903978485,0.00984091960318119));
#6460=CARTESIAN_POINT('',(-0.022,-0.0151970313526406,0.00986874196753115));
#6461=CARTESIAN_POINT('',(-0.022,-0.0152803668855899,0.00989732286000517));
#6462=CARTESIAN_POINT('',(-0.022,-0.0153709686062226,0.00992638413482163));
#6463=CARTESIAN_POINT('',(-0.022,-0.0154688863887054,0.00995564574429523));
#6464=CARTESIAN_POINT('',(-0.022,-0.0155741617704522,0.0099848258761111));
#6465=CARTESIAN_POINT('',(-0.022,-0.0156868279381539,0.0100136411963774));
#6466=CARTESIAN_POINT('',(-0.022,-0.0158069096729794,0.0100418070654786));
#6467=CARTESIAN_POINT('',(-0.022,-0.0159344233176946,0.01006903775985));
#6468=CARTESIAN_POINT('',(-0.022,-0.0160693767334797,0.010095046706764));
#6469=CARTESIAN_POINT('',(-0.022,-0.0162117693114027,0.010119546665065));
#6470=CARTESIAN_POINT('',(-0.022,-0.0163615918034651,0.0101422501218938));
#6471=CARTESIAN_POINT('',(-0.022,-0.0165188268780781,0.0101628688567406));
#6472=CARTESIAN_POINT('',(-0.022,-0.0166834469058801,0.0101811167238798));
#6473=CARTESIAN_POINT('',(-0.022,-0.0168554224525178,0.0101967000270268));
#6474=CARTESIAN_POINT('',(-0.022,-0.0170346895702002,0.0102093556733474));
#6475=CARTESIAN_POINT('',(-0.022,-0.0172212755694175,0.0102187055771384));
#6476=CARTESIAN_POINT('',(-0.022,-0.0173703297519738,0.0102234121944986));
#6477=CARTESIAN_POINT('',(-0.022,-0.01745735398454,0.0102246912368471));
#6478=CARTESIAN_POINT('',(-0.022,-0.0174789281763238,0.010224948401186));
#6479=CARTESIAN_POINT('',(-0.022,-0.0145788959523543,0.00956020163261626));
#6480=CARTESIAN_POINT('',(-0.022,-0.0142673491864805,0.0100354608620957));
#6481=CARTESIAN_POINT('',(-0.022,-0.013802543564811,0.00970852286094511));
#6482=CARTESIAN_POINT('',(-0.022,-7.24716571408276E-16,5.48387721073169E-16));
#6483=CARTESIAN_POINT('',(-0.022,-0.0134985744576295,0.0101269004444516));
#6484=CARTESIAN_POINT('',(-0.022,-0.0139531438102251,0.0104679274612884));
#6485=CARTESIAN_POINT('',(-0.022,-0.0135974186682968,0.0109110892217461));
#6486=CARTESIAN_POINT('',(-0.022,-0.0131612803306182,0.0105615493682927));
#6487=CARTESIAN_POINT('',(-0.022,-0.0134339820547507,0.0107799848180714));
#6488=CARTESIAN_POINT('',(-0.022,-0.0137391082136239,0.0110243924028228));
#6489=CARTESIAN_POINT('',(-0.022,-0.01375161843004,0.0110357162722228));
#6490=CARTESIAN_POINT('',(-0.022,-0.0137666383673955,0.0110489211553059));
#6491=CARTESIAN_POINT('',(-0.022,-0.0137840938116657,0.0110651320095006));
#6492=CARTESIAN_POINT('',(-0.022,-0.013807153583373,0.0110872941377859));
#6493=CARTESIAN_POINT('',(-0.022,-0.0138344730595409,0.0111146724126715));
#6494=CARTESIAN_POINT('',(-0.022,-0.0138662038481606,0.0111477501585543));
#6495=CARTESIAN_POINT('',(-0.022,-0.0139020175021741,0.0111866177056204));
#6496=CARTESIAN_POINT('',(-0.022,-0.0139417259962229,0.0112314779245875));
#6497=CARTESIAN_POINT('',(-0.022,-0.0139850922468383,0.0112824914663459));
#6498=CARTESIAN_POINT('',(-0.022,-0.0140318870146058,0.011339822863351));
#6499=CARTESIAN_POINT('',(-0.022,-0.0140818723078708,0.0114036267152023));
#6500=CARTESIAN_POINT('',(-0.022,-0.0141348064478163,0.0114740515353637));
#6501=CARTESIAN_POINT('',(-0.022,-0.0141904428339975,0.0115512384643625));
#6502=CARTESIAN_POINT('',(-0.022,-0.0142485305372033,0.0116353214748439));
#6503=CARTESIAN_POINT('',(-0.022,-0.0143088143737622,0.0117264271560304));
#6504=CARTESIAN_POINT('',(-0.022,-0.0143710351323816,0.0118246746253285));
#6505=CARTESIAN_POINT('',(-0.022,-0.0144349297625025,0.0119301754095087));
#6506=CARTESIAN_POINT('',(-0.022,-0.0145002315750593,0.0120430333449022));
#6507=CARTESIAN_POINT('',(-0.022,-0.0145666704524304,0.0121633444637787));
#6508=CARTESIAN_POINT('',(-0.022,-0.0146339730238726,0.012291196949408));
#6509=CARTESIAN_POINT('',(-0.022,-0.0147018629906189,0.0124266708527804));
#6510=CARTESIAN_POINT('',(-0.022,-0.01477006088292,0.012569838755611));
#6511=CARTESIAN_POINT('',(-0.022,-0.0148382860220765,0.0127207628047077));
#6512=CARTESIAN_POINT('',(-0.022,-0.0149062499906078,0.0128795057634799));
#6513=CARTESIAN_POINT('',(-0.022,-0.0149736828114054,0.0130460881141214));
#6514=CARTESIAN_POINT('',(-0.022,-0.0150402333430032,0.0132206526653593));
#6515=CARTESIAN_POINT('',(-0.022,-0.0150907698776058,0.0133609571922101));
#6516=CARTESIAN_POINT('',(-0.022,-0.0151188782859514,0.0134433269098456));
#6517=CARTESIAN_POINT('',(-0.022,-0.0151257896556728,0.0134637657173743));
#6518=CARTESIAN_POINT('',(-0.022,-0.0113671121928012,0.0124721443784247));
#6519=CARTESIAN_POINT('',(-0.022,-0.0116022396930515,0.0127305923126221));
#6520=CARTESIAN_POINT('',(-0.022,-0.0118653240253016,0.0130197698954968));
#6521=CARTESIAN_POINT('',(-0.022,-0.0118774110726202,0.0130315443942159));
#6522=CARTESIAN_POINT('',(-0.022,-0.0118915330085528,0.0130457055516868));
#6523=CARTESIAN_POINT('',(-0.022,-0.0119088079107441,0.0130621086636682));
#6524=CARTESIAN_POINT('',(-0.022,-0.0119323742421774,0.0130837313606346));
#6525=CARTESIAN_POINT('',(-0.022,-0.0119614138963933,0.013109277831953));
#6526=CARTESIAN_POINT('',(-0.022,-0.011996418763603,0.0131388690382606));
#6527=CARTESIAN_POINT('',(-0.022,-0.0120374583723852,0.0131721715087357));
#6528=CARTESIAN_POINT('',(-0.022,-0.0120847233869286,0.0132089848506869));
#6529=CARTESIAN_POINT('',(-0.022,-0.0121383592545214,0.0132490623611227));
#6530=CARTESIAN_POINT('',(-0.022,-0.01219851578889,0.013292164921902));
#6531=CARTESIAN_POINT('',(-0.022,-0.0122653323409472,0.0133380453036031));
#6532=CARTESIAN_POINT('',(-0.022,-0.0123389419559611,0.0133864529790694));
#6533=CARTESIAN_POINT('',(-0.022,-0.0124194700117802,0.0134371329721786));
#6534=CARTESIAN_POINT('',(-0.022,-0.0125070344607099,0.0134898264366594));
#6535=CARTESIAN_POINT('',(-0.022,-0.0126017456190625,0.0135442707437836));
#6536=CARTESIAN_POINT('',(-0.022,-0.0127037060931816,0.0136001997143091));
#6537=CARTESIAN_POINT('',(-0.022,-0.012813010672684,0.0136573438139234));
#6538=CARTESIAN_POINT('',(-0.022,-0.0129297462434586,0.0137154303598735));
#6539=CARTESIAN_POINT('',(-0.022,-0.0130539916874516,0.0137741837376373));
#6540=CARTESIAN_POINT('',(-0.022,-0.0131858178488321,0.0138333255788327));
#6541=CARTESIAN_POINT('',(-0.022,-0.0133252872716851,0.0138925751034623));
#6542=CARTESIAN_POINT('',(-0.022,-0.0134724548464515,0.0139516488358026));
#6543=CARTESIAN_POINT('',(-0.022,-0.0136273649733452,0.0140102627487793));
#6544=CARTESIAN_POINT('',(-0.022,-0.013790062182043,0.0140681250530906));
#6545=CARTESIAN_POINT('',(-0.022,-0.0139605499623188,0.0141249650182787));
#6546=CARTESIAN_POINT('',(-0.022,-0.0141389487927443,0.0141804232287408));
#6547=CARTESIAN_POINT('',(-0.022,-0.0142821496759238,0.0142220502469031));
#6548=CARTESIAN_POINT('',(-0.022,-0.0143661217973003,0.0142449311523618));
#6549=CARTESIAN_POINT('',(-0.022,-0.0143869542420065,0.0142505455207304));
#6550=CARTESIAN_POINT('',(-0.022,-0.0117433476620081,0.0128854743077257));
#6551=CARTESIAN_POINT('',(-0.022,-0.0113233965465253,0.0132683238645187));
#6552=CARTESIAN_POINT('',(-0.022,-0.0109544998227945,0.0128360647642646));
#6553=CARTESIAN_POINT('',(-0.022,-5.68568992646632E-16,7.16712613220827E-16));
#6554=CARTESIAN_POINT('',(-0.022,-0.0105560341900406,0.0131657042036761));
#6555=CARTESIAN_POINT('',(-0.022,-0.0109115124401925,0.0136090640306798));
#6556=CARTESIAN_POINT('',(-0.022,-0.0104567532095267,0.0139498378041074));
#6557=CARTESIAN_POINT('',(-0.022,-0.0101212439864435,0.0135028161939235));
#6558=CARTESIAN_POINT('',(-0.022,-0.0103310555970907,0.0137822072533769));
#6559=CARTESIAN_POINT('',(-0.022,-0.0105658139619211,0.0140948181144404));
#6560=CARTESIAN_POINT('',(-0.022,-0.0105751150150805,0.014108897387969));
#6561=CARTESIAN_POINT('',(-0.022,-0.0105863791526003,0.0141254227218942));
#6562=CARTESIAN_POINT('',(-0.022,-0.0105992547264898,0.0141454652747606));
#6563=CARTESIAN_POINT('',(-0.022,-0.0106160785358824,0.0141726658710565));
#6564=CARTESIAN_POINT('',(-0.022,-0.0106357310203775,0.014205978084537));
#6565=CARTESIAN_POINT('',(-0.022,-0.0106582388270325,0.0142459077584486));
#6566=CARTESIAN_POINT('',(-0.022,-0.0106832613633542,0.0142924607036269));
#6567=CARTESIAN_POINT('',(-0.022,-0.0107105660592506,0.0143457866572274));
#6568=CARTESIAN_POINT('',(-0.022,-0.0107398833274141,0.0144059822627364));
#6569=CARTESIAN_POINT('',(-0.022,-0.0107709502128505,0.0144731498739956));
#6570=CARTESIAN_POINT('',(-0.022,-0.0108034977534934,0.0145473800474558));
#6571=CARTESIAN_POINT('',(-0.022,-0.010837254929514,0.0146287565276799));
#6572=CARTESIAN_POINT('',(-0.022,-0.0108719477876518,0.014717354693969));
#6573=CARTESIAN_POINT('',(-0.022,-0.0109072999644565,0.0148132419064143));
#6574=CARTESIAN_POINT('',(-0.022,-0.0109430328118613,0.0149164773156063));
#6575=CARTESIAN_POINT('',(-0.022,-0.0109788656388787,0.0150271118334323));
#6576=CARTESIAN_POINT('',(-0.022,-0.0110145159235868,0.0151451880648303));
#6577=CARTESIAN_POINT('',(-0.022,-0.0110496995324018,0.0152707402610487));
#6578=CARTESIAN_POINT('',(-0.022,-0.0110841309516897,0.0154037942618058));
#6579=CARTESIAN_POINT('',(-0.022,-0.0111175234688643,0.0155443674953927));
#6580=CARTESIAN_POINT('',(-0.022,-0.011149589557721,0.0156924687851412));
#6581=CARTESIAN_POINT('',(-0.022,-0.0111800404782277,0.0158480989311783));
#6582=CARTESIAN_POINT('',(-0.022,-0.01120858891444,0.0160112483259014));
#6583=CARTESIAN_POINT('',(-0.022,-0.0112349399014176,0.0161819060343812));
#6584=CARTESIAN_POINT('',(-0.022,-0.0112588268501649,0.0163600247547491));
#6585=CARTESIAN_POINT('',(-0.022,-0.0112798741358843,0.0165456554838019));
#6586=CARTESIAN_POINT('',(-0.022,-0.011293930655371,0.0166941200110278));
#6587=CARTESIAN_POINT('',(-0.022,-0.0113006714705961,0.0167808922094163));
#6588=CARTESIAN_POINT('',(-0.022,-0.0113022827821904,0.0168024076819783));
#6589=CARTESIAN_POINT('',(-0.022,-0.007908297282433,0.0149071948767252));
#6590=CARTESIAN_POINT('',(-0.022,-0.00807176443230014,0.0152159970253239));
#6591=CARTESIAN_POINT('',(-0.022,-0.00825466794601861,0.0155615159755744));
#6592=CARTESIAN_POINT('',(-0.022,-0.00826344705776138,0.0155759264831982));
#6593=CARTESIAN_POINT('',(-0.022,-0.00827360359045462,0.0155931547245203));
#6594=CARTESIAN_POINT('',(-0.022,-0.00828625648175945,0.0156133385960523));
#6595=CARTESIAN_POINT('',(-0.022,-0.00830370508748657,0.0156401426845372));
#6596=CARTESIAN_POINT('',(-0.022,-0.00832547925849548,0.0156721084348127));
#6597=CARTESIAN_POINT('',(-0.022,-0.00835202534967461,0.0157094753354363));
#6598=CARTESIAN_POINT('',(-0.022,-0.00838349363605561,0.0157519376832399));
#6599=CARTESIAN_POINT('',(-0.022,-0.00842011862739679,0.0157993487974923));
#6600=CARTESIAN_POINT('',(-0.022,-0.00846210255403155,0.0158515058971));
#6601=CARTESIAN_POINT('',(-0.022,-0.00850964998927617,0.0159082146334167));
#6602=CARTESIAN_POINT('',(-0.022,-0.0085629573895351,0.0159692701993503));
#6603=CARTESIAN_POINT('',(-0.022,-0.0086222159237851,0.0160344630255285));
#6604=CARTESIAN_POINT('',(-0.022,-0.00868761044088207,0.0161035773265755));
#6605=CARTESIAN_POINT('',(-0.022,-0.00875931955989286,0.016176391721897));
#6606=CARTESIAN_POINT('',(-0.022,-0.00883751544444863,0.0162526792682808));
#6607=CARTESIAN_POINT('',(-0.022,-0.00892236367341187,0.016332207666155));
#6608=CARTESIAN_POINT('',(-0.022,-0.00901402308886694,0.0164147394223423));
#6609=CARTESIAN_POINT('',(-0.022,-0.0091126456604658,0.0165000320285618));
#6610=CARTESIAN_POINT('',(-0.022,-0.00921837633447773,0.0165878381463705));
#6611=CARTESIAN_POINT('',(-0.022,-0.00933135295677355,0.0166779057710697));
#6612=CARTESIAN_POINT('',(-0.022,-0.00945170593364656,0.0167699784979631));
#6613=CARTESIAN_POINT('',(-0.022,-0.00957955892859932,0.0168637954079358));
#6614=CARTESIAN_POINT('',(-0.022,-0.00971502558159241,0.0169590924390308));
#6615=CARTESIAN_POINT('',(-0.022,-0.00985822158836943,0.017055598043124));
#6616=CARTESIAN_POINT('',(-0.022,-0.0100092176569937,0.0171530508631242));
#6617=CARTESIAN_POINT('',(-0.022,-0.0101682198640067,0.0172511327369329));
#6618=CARTESIAN_POINT('',(-0.022,-0.0102965696096633,0.0173270645772527));
#6619=CARTESIAN_POINT('',(-0.022,-0.0103722133426361,0.0173701096543814));
#6620=CARTESIAN_POINT('',(-0.022,-0.0103909950611476,0.0173807284553671));
#6621=CARTESIAN_POINT('',(-0.022,-0.00816992164904644,0.0154011052426212));
#6622=CARTESIAN_POINT('',(-0.022,-0.00766795325701264,0.0156674892810523));
#6623=CARTESIAN_POINT('',(-0.022,-0.00741814456907955,0.0151570695107014));
#6624=CARTESIAN_POINT('',(-0.022,-3.75466378771858E-16,8.40916945610543E-16));
#6625=CARTESIAN_POINT('',(-0.022,-0.00695021947191333,0.0153772583477106));
#6626=CARTESIAN_POINT('',(-0.022,-0.00718427061380704,0.0158950930563872));
#6627=CARTESIAN_POINT('',(-0.022,-0.00665905148935385,0.0161120667733219));
#6628=CARTESIAN_POINT('',(-0.022,-0.00644525265926898,0.0155956514182058));
#6629=CARTESIAN_POINT('',(-0.022,-0.00657899092130078,0.0159184429195401));
#6630=CARTESIAN_POINT('',(-0.022,-0.00672863076064525,0.0162796145668128));
#6631=CARTESIAN_POINT('',(-0.022,-0.00673413823117099,0.0162955645919343));
#6632=CARTESIAN_POINT('',(-0.022,-0.00674093880166807,0.016314372029195));
#6633=CARTESIAN_POINT('',(-0.022,-0.00674842548551654,0.0163369869334252));
#6634=CARTESIAN_POINT('',(-0.022,-0.00675795623077658,0.0163675168842296));
#6635=CARTESIAN_POINT('',(-0.022,-0.00676870688572114,0.0164046699074183));
#6636=CARTESIAN_POINT('',(-0.022,-0.00678057746214152,0.0164489425810958));
#6637=CARTESIAN_POINT('',(-0.022,-0.00679323662278792,0.0165002558316309));
#6638=CARTESIAN_POINT('',(-0.022,-0.00680642186606901,0.0165586968540811));
#6639=CARTESIAN_POINT('',(-0.022,-0.00681984804000065,0.0166242922120625));
#6640=CARTESIAN_POINT('',(-0.022,-0.00683323499643783,0.0166970756495352));
#6641=CARTESIAN_POINT('',(-0.022,-0.00684629970277869,0.0167770679898064));
#6642=CARTESIAN_POINT('',(-0.022,-0.00685875882735463,0.016864282946559));
#6643=CARTESIAN_POINT('',(-0.022,-0.00687032827758089,0.0169587254015091));
#6644=CARTESIAN_POINT('',(-0.022,-0.00688072362069964,0.0170603918697117));
#6645=CARTESIAN_POINT('',(-0.022,-0.00688966025273174,0.0171692703464766));
#6646=CARTESIAN_POINT('',(-0.022,-0.0068968536398417,0.0172853403391901));
#6647=CARTESIAN_POINT('',(-0.022,-0.00690201954063618,0.0174085728539333));
#6648=CARTESIAN_POINT('',(-0.022,-0.00690487423017134,0.0175389304047393));
#6649=CARTESIAN_POINT('',(-0.022,-0.00690513473867219,0.0176763670151711));
#6650=CARTESIAN_POINT('',(-0.022,-0.00690251902691614,0.0178208282634571));
#6651=CARTESIAN_POINT('',(-0.022,-0.00689674640758937,0.0179722511908685));
#6652=CARTESIAN_POINT('',(-0.022,-0.00688753701297563,0.018130564765669));
#6653=CARTESIAN_POINT('',(-0.022,-0.00687461494300277,0.0182956882295264));
#6654=CARTESIAN_POINT('',(-0.022,-0.00685769721900272,0.0184675376362549));
#6655=CARTESIAN_POINT('',(-0.022,-0.00683653739085983,0.0186460008720737));
#6656=CARTESIAN_POINT('',(-0.022,-0.00681075895233269,0.018831033917533));
#6657=CARTESIAN_POINT('',(-0.022,-0.00678745223388778,0.018978329872874));
#6658=CARTESIAN_POINT('',(-0.022,-0.00677240190578076,0.0190640523356649));
#6659=CARTESIAN_POINT('',(-0.022,-0.00676861191461467,0.0190852925769907));
#6660=CARTESIAN_POINT('',(-0.022,-0.00395257496912662,0.0164055714960934));
#6661=CARTESIAN_POINT('',(-0.022,-0.00403411052639433,0.0167453246844021));
#6662=CARTESIAN_POINT('',(-0.022,-0.0041253407211422,0.0171254747756543));
#6663=CARTESIAN_POINT('',(-0.022,-0.00413026027343096,0.0171416158269908));
#6664=CARTESIAN_POINT('',(-0.022,-0.00413581323058265,0.0171608286384007));
#6665=CARTESIAN_POINT('',(-0.022,-0.00414304908330626,0.0171835250426038));
#6666=CARTESIAN_POINT('',(-0.022,-0.00415328360325785,0.0172138263231492));
#6667=CARTESIAN_POINT('',(-0.022,-0.00416642413981546,0.0172502028267302));
#6668=CARTESIAN_POINT('',(-0.022,-0.00418284346642556,0.0172929975218778));
#6669=CARTESIAN_POINT('',(-0.022,-0.00420276316223977,0.0173419516815316));
#6670=CARTESIAN_POINT('',(-0.022,-0.0042264468474755,0.0173969815534109));
#6671=CARTESIAN_POINT('',(-0.022,-0.00425414082863572,0.0174579410198018));
#6672=CARTESIAN_POINT('',(-0.022,-0.00428609158453264,0.017524692713193));
#6673=CARTESIAN_POINT('',(-0.022,-0.00432254033298416,0.017597087117605));
#6674=CARTESIAN_POINT('',(-0.022,-0.00436372435482567,0.0176749687894637));
#6675=CARTESIAN_POINT('',(-0.022,-0.00440987635518709,0.017758174692729));
#6676=CARTESIAN_POINT('',(-0.022,-0.00446122439660381,0.0178465348226407));
#6677=CARTESIAN_POINT('',(-0.022,-0.00451799167235183,0.0179398721811788));
#6678=CARTESIAN_POINT('',(-0.022,-0.00458039632988347,0.0180380029446783));
#6679=CARTESIAN_POINT('',(-0.022,-0.0046486512831184,0.0181407365836669));
#6680=CARTESIAN_POINT('',(-0.022,-0.00472296403665954,0.0182478760020226));
#6681=CARTESIAN_POINT('',(-0.022,-0.00480353649359203,0.0183592176785662));
#6682=CARTESIAN_POINT('',(-0.022,-0.00489056484012531,0.0184745518066636));
#6683=CARTESIAN_POINT('',(-0.022,-0.00498423915085416,0.0185936624677702));
#6684=CARTESIAN_POINT('',(-0.022,-0.00508474409210996,0.0187163276938874));
#6685=CARTESIAN_POINT('',(-0.022,-0.00519225540318337,0.0188423199801591));
#6686=CARTESIAN_POINT('',(-0.022,-0.00530695267629576,0.0189714050820061));
#6687=CARTESIAN_POINT('',(-0.022,-0.00542896939495212,0.0191033474377312));
#6688=CARTESIAN_POINT('',(-0.022,-0.00555858428511675,0.0192378901300354));
#6689=CARTESIAN_POINT('',(-0.022,-0.00566401820669353,0.0193433557157276));
#6690=CARTESIAN_POINT('',(-0.022,-0.00572658057732174,0.0194038602840217));
#6691=CARTESIAN_POINT('',(-0.022,-0.0057421314451901,0.0194188162993052));
#6692=CARTESIAN_POINT('',(-0.022,-0.00408314941200512,0.0169490280938198));
#6693=CARTESIAN_POINT('',(-0.022,-0.00353070426360241,0.0170822087250624));
#6694=CARTESIAN_POINT('',(-0.022,-0.00341568001006204,0.0165256998359786));
#6695=CARTESIAN_POINT('',(-0.022,-1.57542077195444E-16,9.13196503246689E-16));
#6696=CARTESIAN_POINT('',(-0.022,-0.0029076969032466,0.0166226027961583));
#6697=CARTESIAN_POINT('',(-0.022,-0.00300561464285696,0.0171823749272987));
#6698=CARTESIAN_POINT('',(-0.022,-0.00244293707382663,0.0172619153311321));
#6699=CARTESIAN_POINT('',(-0.022,-0.00236428240353144,0.0167085545070886));
#6700=CARTESIAN_POINT('',(-0.022,-0.00241354405008947,0.0170544642731307));
#6701=CARTESIAN_POINT('',(-0.022,-0.00246866294250512,0.0174415029637181));
#6702=CARTESIAN_POINT('',(-0.022,-0.00247003077576903,0.0174583215416939));
#6703=CARTESIAN_POINT('',(-0.022,-0.00247194047438834,0.0174782293418382));
#6704=CARTESIAN_POINT('',(-0.022,-0.0024735678523154,0.0175019956198277));
#6705=CARTESIAN_POINT('',(-0.022,-0.00247520668166659,0.0175339366160502));
#6706=CARTESIAN_POINT('',(-0.022,-0.00247638000387235,0.017572595987861));
#6707=CARTESIAN_POINT('',(-0.022,-0.00247686747808467,0.0176184298463938));
#6708=CARTESIAN_POINT('',(-0.022,-0.00247636784143519,0.0176712792020375));
#6709=CARTESIAN_POINT('',(-0.022,-0.00247460515477371,0.0177311632289656));
#6710=CARTESIAN_POINT('',(-0.022,-0.00247129661858733,0.0177980367418348));
#6711=CARTESIAN_POINT('',(-0.022,-0.0024661624943186,0.0178718627544657));
#6712=CARTESIAN_POINT('',(-0.022,-0.00245892346280935,0.0179525910486175));
#6713=CARTESIAN_POINT('',(-0.022,-0.00244930168332213,0.0180401644454115));
#6714=CARTESIAN_POINT('',(-0.022,-0.00243702077452966,0.0181345170222433));
#6715=CARTESIAN_POINT('',(-0.022,-0.00242180610632287,0.0182355746681029));
#6716=CARTESIAN_POINT('',(-0.022,-0.00240338500152503,0.0183432549773185));
#6717=CARTESIAN_POINT('',(-0.022,-0.00238148696176006,0.0184574673404018));
#6718=CARTESIAN_POINT('',(-0.022,-0.00235584388609515,0.0185781129863712));
#6719=CARTESIAN_POINT('',(-0.022,-0.00232619028570811,0.0187050850474263));
#6720=CARTESIAN_POINT('',(-0.022,-0.00229226351471477,0.0188382686198428));
#6721=CARTESIAN_POINT('',(-0.022,-0.00225380392881757,0.0189775408513067));
#6722=CARTESIAN_POINT('',(-0.022,-0.00221055531620992,0.0191227709569573));
#6723=CARTESIAN_POINT('',(-0.022,-0.00216226426660908,0.0192738205363797));
#6724=CARTESIAN_POINT('',(-0.022,-0.00210868363163146,0.0194305427548558));
#6725=CARTESIAN_POINT('',(-0.022,-0.00204956019947174,0.0195927859295902));
#6726=CARTESIAN_POINT('',(-0.022,-0.0019846831442613,0.0197603801794116));
#6727=CARTESIAN_POINT('',(-0.022,-0.00191369873558669,0.0199331892345272));
#6728=CARTESIAN_POINT('',(-0.022,-0.0018544932260462,0.0200700614713926));
#6729=CARTESIAN_POINT('',(-0.022,-0.00181859742207331,0.0201493479409837));
#6730=CARTESIAN_POINT('',(-0.022,-0.00180964426723033,0.0201689783485947));
#6731=CARTESIAN_POINT('',(-0.022,0.000251502166043869,0.0168731257228907));
#6732=CARTESIAN_POINT('',(-0.022,0.000257021380305516,0.0172224820085631));
#6733=CARTESIAN_POINT('',(-0.022,0.000263196833185442,0.0176133770124893));
#6734=CARTESIAN_POINT('',(-0.022,0.000262445953913844,0.0176302344059203));
#6735=CARTESIAN_POINT('',(-0.022,0.000261845485023908,0.0176502245758174));
#6736=CARTESIAN_POINT('',(-0.022,0.000260481326119733,0.0176740074141441));
#6737=CARTESIAN_POINT('',(-0.022,0.000258103964472167,0.0177059019458529));
#6738=CARTESIAN_POINT('',(-0.022,0.000254422730605275,0.017744403533236));
#6739=CARTESIAN_POINT('',(-0.022,0.00024916185524119,0.0177899370748236));
#6740=CARTESIAN_POINT('',(-0.022,0.000242042377741296,0.0178423070764359));
#6741=CARTESIAN_POINT('',(-0.022,0.000232788131656864,0.0179014979767062));
#6742=CARTESIAN_POINT('',(-0.022,0.000221124210658836,0.0179674295024136));
#6743=CARTESIAN_POINT('',(-0.022,0.000206777717609271,0.0180400298984881));
#6744=CARTESIAN_POINT('',(-0.022,0.000189477829879494,0.0181192143347011));
#6745=CARTESIAN_POINT('',(-0.022,0.000168956064003,0.0182048912603688));
#6746=CARTESIAN_POINT('',(-0.022,0.000144946480295039,0.0182969606329404));
#6747=CARTESIAN_POINT('',(-0.022,0.000117185902759481,0.0183953145055141));
#6748=CARTESIAN_POINT('',(-0.022,8.54141325299053E-5,0.0184998369466987));
#6749=CARTESIAN_POINT('',(-0.022,4.93741605708484E-5,0.0186104041590531));
#6750=CARTESIAN_POINT('',(-0.022,8.81237929196895E-6,0.0187268845484773));
#6751=CARTESIAN_POINT('',(-0.022,-3.65212125832657E-5,0.0188491388152829));
#6752=CARTESIAN_POINT('',(-0.022,-8.68727886424948E-5,0.0189770200435379));
#6753=CARTESIAN_POINT('',(-0.022,-0.00014248454833267,0.0191103738075961));
#6754=CARTESIAN_POINT('',(-0.022,-0.000203594291464247,0.0192490382420202));
#6755=CARTESIAN_POINT('',(-0.022,-0.000270436083932686,0.0193928442769939));
#6756=CARTESIAN_POINT('',(-0.022,-0.000343236722012723,0.0195416152597284));
#6757=CARTESIAN_POINT('',(-0.022,-0.000422228409963759,0.0196951689676384));
#6758=CARTESIAN_POINT('',(-0.022,-0.000507599019472927,0.0198533104356283));
#6759=CARTESIAN_POINT('',(-0.022,-0.000599682412549957,0.0200158601342569));
#6760=CARTESIAN_POINT('',(-0.022,-0.0006755757089954,0.0201442326746973));
#6761=CARTESIAN_POINT('',(-0.022,-0.000721125693444158,0.0202183950096106));
#6762=CARTESIAN_POINT('',(-0.022,-0.0007324685924491,0.0202367484977473));
#6763=CARTESIAN_POINT('',(-0.022,0.000260182119365579,0.0174319811757188));
#6764=CARTESIAN_POINT('',(-0.022,0.000828391863711917,0.0174235901709078));
#6765=CARTESIAN_POINT('',(-0.022,0.000801404285980002,0.0168559596632886));
#6766=CARTESIAN_POINT('',(-0.022,7.15109267450469E-17,9.29009695697369E-16));
#6767=CARTESIAN_POINT('',(-0.022,0.00131752695561229,0.0168234879772666));
#6768=CARTESIAN_POINT('',(-0.022,0.00136189514998125,0.0173900249891734));
#6769=CARTESIAN_POINT('',(-0.022,0.0019266760625432,0.0173271342638036));
#6770=CARTESIAN_POINT('',(-0.022,0.00186524441084241,0.016771597666526));
#6771=CARTESIAN_POINT('',(-0.022,0.00190355467018306,0.0171188909145084));
#6772=CARTESIAN_POINT('',(-0.022,0.00194642004741981,0.0175074775840521));
#6773=CARTESIAN_POINT('',(-0.022,0.00194927779741225,0.0175241079417737));
#6774=CARTESIAN_POINT('',(-0.022,0.00195237896405834,0.0175438652245027));
#6775=CARTESIAN_POINT('',(-0.022,0.00195671314619292,0.0175672895535991));
#6776=CARTESIAN_POINT('',(-0.022,0.0019630692064259,0.0175986346249764));
#6777=CARTESIAN_POINT('',(-0.022,0.0019715469411083,0.017636371234899));
#6778=CARTESIAN_POINT('',(-0.022,0.00198247319890161,0.0176808863683902));
#6779=CARTESIAN_POINT('',(-0.022,0.00199610023883876,0.0177319511097613));
#6780=CARTESIAN_POINT('',(-0.022,0.00201270009935717,0.0177895154075175));
#6781=CARTESIAN_POINT('',(-0.022,0.00203253545816502,0.0178534651665172));
#6782=CARTESIAN_POINT('',(-0.022,0.00205586806722986,0.0179236949944197));
#6783=CARTESIAN_POINT('',(-0.022,0.00208295598161621,0.0180000867868325));
#6784=CARTESIAN_POINT('',(-0.022,0.00211405409337499,0.0180825160650751));
#6785=CARTESIAN_POINT('',(-0.022,0.00214941370652073,0.0181708502443816));
#6786=CARTESIAN_POINT('',(-0.022,0.00218928239249397,0.018264949244345));
#6787=CARTESIAN_POINT('',(-0.022,0.00223390376835923,0.0183646654361625));
#6788=CARTESIAN_POINT('',(-0.022,0.00228351730062534,0.0184698437867995));
#6789=CARTESIAN_POINT('',(-0.022,0.00233835810399698,0.0185803219543553));
#6790=CARTESIAN_POINT('',(-0.022,0.00239865674953557,0.0186959304040928));
#6791=CARTESIAN_POINT('',(-0.022,0.00246463905622766,0.0188164925248242));
#6792=CARTESIAN_POINT('',(-0.022,0.00253652595903964,0.0189418247529557));
#6793=CARTESIAN_POINT('',(-0.022,0.00261453309554076,0.0190717366951884));
#6794=CARTESIAN_POINT('',(-0.022,0.00269887149588022,0.0192060312786362));
#6795=CARTESIAN_POINT('',(-0.022,0.00278974402751116,0.01934450481836));
#6796=CARTESIAN_POINT('',(-0.022,0.00288735822514718,0.0194869474257433));
#6797=CARTESIAN_POINT('',(-0.022,0.00299187604344519,0.0196331421264824));
#6798=CARTESIAN_POINT('',(-0.022,0.00310360621080786,0.0197828689627742));
#6799=CARTESIAN_POINT('',(-0.022,0.00319499041153685,0.0199007172951408));
#6800=CARTESIAN_POINT('',(-0.022,0.00324947622599647,0.0199685859110523));
#6801=CARTESIAN_POINT('',(-0.022,0.00326302998487015,0.0199853730342428));
#6802=CARTESIAN_POINT('',(-0.022,0.00443977649516156,0.0162804794055031));
#6803=CARTESIAN_POINT('',(-0.022,0.00453200368842226,0.0166174874482679));
#6804=CARTESIAN_POINT('',(-0.022,0.00463519676251381,0.0169945659941602));
#6805=CARTESIAN_POINT('',(-0.022,0.00463866173676555,0.0170110805176593));
#6806=CARTESIAN_POINT('',(-0.022,0.00464305148580608,0.0170305919901502));
#6807=CARTESIAN_POINT('',(-0.022,0.00464764473584232,0.0170539668994013));
#6808=CARTESIAN_POINT('',(-0.022,0.00465327391087442,0.0170854506315464));
#6809=CARTESIAN_POINT('',(-0.022,0.00465928328516074,0.0171236581063974));
#6810=CARTESIAN_POINT('',(-0.022,0.00466551142118993,0.0171690694545464));
#6811=CARTESIAN_POINT('',(-0.022,0.00467163950495928,0.0172215646983124));
#6812=CARTESIAN_POINT('',(-0.022,0.00467739617634238,0.0172811974450208));
#6813=CARTESIAN_POINT('',(-0.022,0.00468249520255974,0.0173479583098055));
#6814=CARTESIAN_POINT('',(-0.022,0.00468665441527855,0.0174218456586721));
#6815=CARTESIAN_POINT('',(-0.022,0.00468959040384111,0.017502844677339));
#6816=CARTESIAN_POINT('',(-0.022,0.00469102035195344,0.0175909334604782));
#6817=CARTESIAN_POINT('',(-0.022,0.00469066179534437,0.01768608124507));
#6818=CARTESIAN_POINT('',(-0.022,0.0046882329808728,0.0177882489247716));
#6819=CARTESIAN_POINT('',(-0.022,0.00468345305333358,0.0178973889192165));
#6820=CARTESIAN_POINT('',(-0.022,0.00467604229093105,0.0180134452358359));
#6821=CARTESIAN_POINT('',(-0.022,0.00466572232750176,0.0181363534844433));
#6822=CARTESIAN_POINT('',(-0.022,0.00465221637359524,0.0182660409144955));
#6823=CARTESIAN_POINT('',(-0.022,0.00463524945311322,0.0184024264465765));
#6824=CARTESIAN_POINT('',(-0.022,0.00461454857165323,0.0185454207391588));
#6825=CARTESIAN_POINT('',(-0.022,0.00458984314602579,0.0186949261505135));
#6826=CARTESIAN_POINT('',(-0.022,0.00456086441799243,0.0188508371322845));
#6827=CARTESIAN_POINT('',(-0.022,0.00452734878473835,0.0190130389834955));
#6828=CARTESIAN_POINT('',(-0.022,0.00448902602021374,0.0191814129532695));
#6829=CARTESIAN_POINT('',(-0.022,0.00444566566921836,0.0193558169234866));
#6830=CARTESIAN_POINT('',(-0.022,0.00439689971147499,0.0195361600330589));
#6831=CARTESIAN_POINT('',(-0.022,0.00435531569509257,0.0196793734094103));
#6832=CARTESIAN_POINT('',(-0.022,0.00432964016986732,0.0197625336186903));
#6833=CARTESIAN_POINT('',(-0.022,0.00432321795578653,0.0197831313625211));
#6834=CARTESIAN_POINT('',(-0.022,0.00458716545129364,0.0168196187700052));
#6835=CARTESIAN_POINT('',(-0.022,0.00513543708361707,0.0166701833668329));
#6836=CARTESIAN_POINT('',(-0.022,0.00496813340337514,0.016127097553071));
#6837=CARTESIAN_POINT('',(-0.022,2.97300390414012E-16,8.87362921924052E-16));
#6838=CARTESIAN_POINT('',(-0.022,0.00545996575032487,0.0159672915363026));
#6839=CARTESIAN_POINT('',(-0.022,0.00564383206184614,0.0165049958249404));
#6840=CARTESIAN_POINT('',(-0.022,0.00617522905608455,0.016303625625938));
#6841=CARTESIAN_POINT('',(-0.022,0.00597757105899395,0.0157808196629541));
#6842=CARTESIAN_POINT('',(-0.022,0.00610104604974363,0.0161076746808508));
#6843=CARTESIAN_POINT('',(-0.022,0.00623920230733317,0.0164733929997816));
#6844=CARTESIAN_POINT('',(-0.022,0.00624610607763986,0.0164887901907112));
#6845=CARTESIAN_POINT('',(-0.022,0.00625402325184567,0.0165071555332888));
#6846=CARTESIAN_POINT('',(-0.022,0.00626404666143838,0.0165287660767463));
#6847=CARTESIAN_POINT('',(-0.022,0.00627799823661514,0.0165575456971645));
#6848=CARTESIAN_POINT('',(-0.022,0.00629559434093668,0.0165919884152121));
#6849=CARTESIAN_POINT('',(-0.022,0.00631724779377449,0.0166323877741093));
#6850=CARTESIAN_POINT('',(-0.022,0.00634314599996332,0.0166784593157044));
#6851=CARTESIAN_POINT('',(-0.022,0.00637354000405226,0.016730086907754));
#6852=CARTESIAN_POINT('',(-0.022,0.00640865585693835,0.0167870947143355));
#6853=CARTESIAN_POINT('',(-0.022,0.00644872087716042,0.0168493155591353));
#6854=CARTESIAN_POINT('',(-0.022,0.00649395564114059,0.0169165708725425));
#6855=CARTESIAN_POINT('',(-0.022,0.00654457607643826,0.0169886766975278));
#6856=CARTESIAN_POINT('',(-0.022,0.00660079261939977,0.0170654421179528));
#6857=CARTESIAN_POINT('',(-0.022,0.00666281022697301,0.0171466698857803));
#6858=CARTESIAN_POINT('',(-0.022,0.00673082814875411,0.0172321564251376));
#6859=CARTESIAN_POINT('',(-0.022,0.00680503977282328,0.0173216920207388));
#6860=CARTESIAN_POINT('',(-0.022,0.00688563245453545,0.0174150609603031));
#6861=CARTESIAN_POINT('',(-0.022,0.0069727873595635,0.0175120416946479));
#6862=CARTESIAN_POINT('',(-0.022,0.00706667929095893,0.0176124070022521));
#6863=CARTESIAN_POINT('',(-0.022,0.00716747659220046,0.0177159241422181));
#6864=CARTESIAN_POINT('',(-0.022,0.00727534077731852,0.0178223550759197));
#6865=CARTESIAN_POINT('',(-0.022,0.00739042723652832,0.0179314564408139));
#6866=CARTESIAN_POINT('',(-0.022,0.00751288180944443,0.0180429805000147));
#6867=CARTESIAN_POINT('',(-0.022,0.00764285331351936,0.0181566723471575));
#6868=CARTESIAN_POINT('',(-0.022,0.00778044465599162,0.0182722815481004));
#6869=CARTESIAN_POINT('',(-0.022,0.00792590016471214,0.0183895182777873));
#6870=CARTESIAN_POINT('',(-0.022,0.00804372105121026,0.0184809378615168));
#6871=CARTESIAN_POINT('',(-0.022,0.00811337333204931,0.0185331241890077));
#6872=CARTESIAN_POINT('',(-0.022,0.00813067606243642,0.0185460132310889));
#6873=CARTESIAN_POINT('',(-0.022,0.00834908333873249,0.0146648706916529));
#6874=CARTESIAN_POINT('',(-0.022,0.00852222353725178,0.0149683550367542));
#6875=CARTESIAN_POINT('',(-0.022,0.0087159502321922,0.0153079238927764));
#6876=CARTESIAN_POINT('',(-0.022,0.00872341334289175,0.015323057878096));
#6877=CARTESIAN_POINT('',(-0.022,0.00873251748578617,0.0153408646756059));
#6878=CARTESIAN_POINT('',(-0.022,0.00874277953397026,0.0153623629242662));
#6879=CARTESIAN_POINT('',(-0.022,0.0087560615439121,0.0153914576181678));
#6880=CARTESIAN_POINT('',(-0.022,0.00877138393526429,0.0154269702643246));
#6881=CARTESIAN_POINT('',(-0.022,0.00878870974599457,0.0154694060570195));
#6882=CARTESIAN_POINT('',(-0.022,0.00880770034099241,0.0155187280737095));
#6883=CARTESIAN_POINT('',(-0.022,0.00882810621700847,0.0155750557220664));
#6884=CARTESIAN_POINT('',(-0.022,0.00884964779987108,0.0156384510952646));
#6885=CARTESIAN_POINT('',(-0.022,0.00887205137972663,0.0157089827830555));
#6886=CARTESIAN_POINT('',(-0.022,0.00889503876562233,0.0157867069179399));
#6887=CARTESIAN_POINT('',(-0.022,0.0089183305788246,0.0158716726163381));
#6888=CARTESIAN_POINT('',(-0.022,0.00894164557874485,0.015963920327715));
#6889=CARTESIAN_POINT('',(-0.022,0.00896470113868307,0.0160634822434824));
#6890=CARTESIAN_POINT('',(-0.022,0.00898721339426085,0.0161703821239478));
#6891=CARTESIAN_POINT('',(-0.022,0.00900889748687146,0.0162846352996336));
#6892=CARTESIAN_POINT('',(-0.022,0.00902946778254821,0.0164062486301394));
#6893=CARTESIAN_POINT('',(-0.022,0.00904863809536577,0.0165352204852512));
#6894=CARTESIAN_POINT('',(-0.022,0.00906612192447482,0.0166715407165865));
#6895=CARTESIAN_POINT('',(-0.022,0.00908163263375965,0.0168151906803938));
#6896=CARTESIAN_POINT('',(-0.022,0.00909488385838873,0.0169661430938411));
#6897=CARTESIAN_POINT('',(-0.022,0.00910558903484909,0.0171243625620244));
#6898=CARTESIAN_POINT('',(-0.022,0.0091134643169202,0.0172898035428634));
#6899=CARTESIAN_POINT('',(-0.022,0.00911821843605835,0.0174624182187443));
#6900=CARTESIAN_POINT('',(-0.022,0.00911959283389803,0.0176421262483272));
#6901=CARTESIAN_POINT('',(-0.022,0.00911720845596199,0.0178289311480131));
#6902=CARTESIAN_POINT('',(-0.022,0.00911254659632721,0.0179779867371376));
#6903=CARTESIAN_POINT('',(-0.022,0.00910835881800332,0.0180649195589932));
#6904=CARTESIAN_POINT('',(-0.022,0.00910726082017664,0.01808646732652));
#6905=CARTESIAN_POINT('',(-0.022,0.00862592030750249,0.0151504178587413));
#6906=CARTESIAN_POINT('',(-0.022,0.00911980390474212,0.014869327633174));
#6907=CARTESIAN_POINT('',(-0.022,0.00882269642751967,0.014384910592278));
#6908=CARTESIAN_POINT('',(-0.022,5.0563913141357E-16,7.90873001889035E-16));
#6909=CARTESIAN_POINT('',(-0.022,0.00925933481659514,0.0141078114445221));
#6910=CARTESIAN_POINT('',(-0.022,0.00957114624870286,0.0145828970718977));
#6911=CARTESIAN_POINT('',(-0.022,0.0100357696971283,0.0142557002294539));
#6912=CARTESIAN_POINT('',(-0.022,0.00971430493354035,0.0137984747221638));
#6913=CARTESIAN_POINT('',(-0.022,0.009915186267921,0.0140843540071118));
#6914=CARTESIAN_POINT('',(-0.022,0.0101399525400958,0.0144042245484334));
#6915=CARTESIAN_POINT('',(-0.022,0.0101504685414381,0.0144174211104378));
#6916=CARTESIAN_POINT('',(-0.022,0.0101627042580309,0.014433240550847));
#6917=CARTESIAN_POINT('',(-0.022,0.0101777870873935,0.0144516794387421));
#6918=CARTESIAN_POINT('',(-0.022,0.0101984575487354,0.0144760852788064));
#6919=CARTESIAN_POINT('',(-0.022,0.0102240663947476,0.0145050699423325));
#6920=CARTESIAN_POINT('',(-0.022,0.0102550864765523,0.0145388150863378));
#6921=CARTESIAN_POINT('',(-0.022,0.010291628569451,0.0145769985837591));
#6922=CARTESIAN_POINT('',(-0.022,0.0103339069500523,0.0146194455186207));
#6923=CARTESIAN_POINT('',(-0.022,0.0103820968388327,0.0146659293626365));
#6924=CARTESIAN_POINT('',(-0.022,0.0104363768376426,0.0147162316598224));
#6925=CARTESIAN_POINT('',(-0.022,0.0104969161846339,0.0147701245955349));
#6926=CARTESIAN_POINT('',(-0.022,0.0105638782753518,0.0148273762930926));
#6927=CARTESIAN_POINT('',(-0.022,0.0106374194559848,0.0148877495009473));
#6928=CARTESIAN_POINT('',(-0.022,0.0107176891907894,0.0149510021972514));
#6929=CARTESIAN_POINT('',(-0.022,0.0108048298423084,0.0150168876504832));
#6930=CARTESIAN_POINT('',(-0.022,0.0108989765689091,0.015085154640288));
#6931=CARTESIAN_POINT('',(-0.022,0.0110002571943707,0.0151555476380012));
#6932=CARTESIAN_POINT('',(-0.022,0.011108792095672,0.0152278070007441));
#6933=CARTESIAN_POINT('',(-0.022,0.0112246940764108,0.0153016691738266));
#6934=CARTESIAN_POINT('',(-0.022,0.0113480683109383,0.0153768668630136));
#6935=CARTESIAN_POINT('',(-0.022,0.0114790120412256,0.015453129341194));
#6936=CARTESIAN_POINT('',(-0.022,0.0116176152538152,0.0155301822475316));
#6937=CARTESIAN_POINT('',(-0.022,0.0117639575968438,0.0156077493594128));
#6938=CARTESIAN_POINT('',(-0.022,0.0119181198197549,0.0156855467694299));
#6939=CARTESIAN_POINT('',(-0.022,0.0120801393163283,0.0157633063193005));
#6940=CARTESIAN_POINT('',(-0.022,0.0122501806618458,0.0158406865274899));
#6941=CARTESIAN_POINT('',(-0.022,0.0123870351144994,0.0158999331339187));
#6942=CARTESIAN_POINT('',(-0.022,0.0124674773527496,0.015933158114105));
#6943=CARTESIAN_POINT('',(-0.022,0.012487441860465,0.0159413392091602));
#6944=CARTESIAN_POINT('',(-0.022,0.0117337865703502,0.0121278142186244));
#6945=CARTESIAN_POINT('',(-0.022,0.01197696073869,0.0123787058285223));
#6946=CARTESIAN_POINT('',(-0.022,0.0122490484937593,0.0126594286346035));
#6947=CARTESIAN_POINT('',(-0.022,0.012260040806214,0.0126722311577871));
#6948=CARTESIAN_POINT('',(-0.022,0.0122732872961816,0.0126872144137396));
#6949=CARTESIAN_POINT('',(-0.022,0.0122885733402849,0.0127054851877807));
#6950=CARTESIAN_POINT('',(-0.022,0.012308673627604,0.0127303627168183));
#6951=CARTESIAN_POINT('',(-0.022,0.0123323462738216,0.0127609491441164));
#6952=CARTESIAN_POINT('',(-0.022,0.0123596811148449,0.0127977429844343));
#6953=CARTESIAN_POINT('',(-0.022,0.012390340972145,0.0128407926903459));
#6954=CARTESIAN_POINT('',(-0.022,0.0124241138765564,0.0128902759670465));
#6955=CARTESIAN_POINT('',(-0.022,0.0124607444791886,0.0129463224842082));
#6956=CARTESIAN_POINT('',(-0.022,0.012499984726864,0.0130090667455821));
#6957=CARTESIAN_POINT('',(-0.022,0.0125415791280953,0.0130786323034398));
#6958=CARTESIAN_POINT('',(-0.022,0.0125852692961027,0.0131551362097847));
#6959=CARTESIAN_POINT('',(-0.022,0.0126307928853607,0.0132386875849776));
#6960=CARTESIAN_POINT('',(-0.022,0.0126778841540854,0.0133293878954801));
#6961=CARTESIAN_POINT('',(-0.022,0.0127262740649679,0.0134273307493261));
#6962=CARTESIAN_POINT('',(-0.022,0.0127756905213044,0.0135326018368563));
#6963=CARTESIAN_POINT('',(-0.022,0.0128258585687576,0.0136452788364421));
#6964=CARTESIAN_POINT('',(-0.022,0.0128765006070414,0.0137654313406313));
#6965=CARTESIAN_POINT('',(-0.022,0.0129273366124576,0.0138931207697356));
#6966=CARTESIAN_POINT('',(-0.022,0.0129780843175785,0.0140284003492341));
#6967=CARTESIAN_POINT('',(-0.022,0.0130284595692861,0.0141713148694732));
#6968=CARTESIAN_POINT('',(-0.022,0.0130781760046322,0.0143219013129922));
#6969=CARTESIAN_POINT('',(-0.022,0.0131269473690927,0.0144801861581838));
#6970=CARTESIAN_POINT('',(-0.022,0.0131744796531038,0.0146461955252537));
#6971=CARTESIAN_POINT('',(-0.022,0.0132205024413076,0.0148199158977836));
#6972=CARTESIAN_POINT('',(-0.022,0.0132646494624137,0.0150014449487157));
#6973=CARTESIAN_POINT('',(-0.022,0.0132972026813125,0.0151469770397602));
#6974=CARTESIAN_POINT('',(-0.022,0.0133147657834037,0.0152322201652778));
#6975=CARTESIAN_POINT('',(-0.022,0.0133190609930727,0.0152533640310198));
#6976=CARTESIAN_POINT('',(-0.022,0.0121226768668752,0.0125292604740735));
#6977=CARTESIAN_POINT('',(-0.022,0.0125311399062396,0.012134177358761));
#6978=CARTESIAN_POINT('',(-0.022,0.0121228969875154,0.0117388667949718));
#6979=CARTESIAN_POINT('',(-0.022,6.83436460430427E-16,6.45602752133222E-16));
#6980=CARTESIAN_POINT('',(-0.022,0.0124769058228874,0.0113618856747813));
#6981=CARTESIAN_POINT('',(-0.022,0.01289707011654,0.0117445012636839));
#6982=CARTESIAN_POINT('',(-0.022,0.0132657260191223,0.0113120367587554));
#6983=CARTESIAN_POINT('',(-0.022,0.012840653302398,0.0109491208673398));
#6984=CARTESIAN_POINT('',(-0.022,0.0131063188673806,0.0111760615724752));
#6985=CARTESIAN_POINT('',(-0.022,0.0134035722626274,0.0114299856936748));
#6986=CARTESIAN_POINT('',(-0.022,0.0134170397359658,0.0114401524382299));
#6987=CARTESIAN_POINT('',(-0.022,0.0134328251798724,0.0114524319828498));
#6988=CARTESIAN_POINT('',(-0.022,0.0134520197193652,0.0114665406320427));
#6989=CARTESIAN_POINT('',(-0.022,0.0134781102657655,0.0114850391830634));
#6990=CARTESIAN_POINT('',(-0.022,0.0135101227554907,0.0115067445790605));
#6991=CARTESIAN_POINT('',(-0.022,0.0135485603604386,0.0115317151766701));
#6992=CARTESIAN_POINT('',(-0.022,0.0135934502659579,0.0115596114203456));
#6993=CARTESIAN_POINT('',(-0.022,0.0136449565169293,0.0115902106009928));
#6994=CARTESIAN_POINT('',(-0.022,0.0137031924936619,0.0116232497315678));
#6995=CARTESIAN_POINT('',(-0.022,0.0137682768591066,0.0116584728028088));
#6996=CARTESIAN_POINT('',(-0.022,0.0138403168792894,0.0116956170694714));
#6997=CARTESIAN_POINT('',(-0.022,0.0139194131509983,0.0117344173048869));
#6998=CARTESIAN_POINT('',(-0.022,0.0140056581064582,0.0117746048294846));
#6999=CARTESIAN_POINT('',(-0.022,0.0140991363258449,0.0118159080547295));
#7000=CARTESIAN_POINT('',(-0.022,0.014199924339486,0.0118580525964994));
#7001=CARTESIAN_POINT('',(-0.022,0.0143080905835385,0.01190076151447));
#7002=CARTESIAN_POINT('',(-0.022,0.0144236953185676,0.0119437555193983));
#7003=CARTESIAN_POINT('',(-0.022,0.0145467905691299,0.0119867531890269));
#7004=CARTESIAN_POINT('',(-0.022,0.0146774200515047,0.0120294711956069));
#7005=CARTESIAN_POINT('',(-0.022,0.0148156191624241,0.0120716244866455));
#7006=CARTESIAN_POINT('',(-0.022,0.0149614147617294,0.0121129266573269));
#7007=CARTESIAN_POINT('',(-0.022,0.0151148257781048,0.0121530895876219));
#7008=CARTESIAN_POINT('',(-0.022,0.0152758606636238,0.0121918259252722));
#7009=CARTESIAN_POINT('',(-0.022,0.0154445270259365,0.0122288406007734));
#7010=CARTESIAN_POINT('',(-0.022,0.0156207943957754,0.0122638645810736));
#7011=CARTESIAN_POINT('',(-0.022,0.0158047372549827,0.0122965261847003));
#7012=CARTESIAN_POINT('',(-0.022,0.0159520262052162,0.0123198771316529));
#7013=CARTESIAN_POINT('',(-0.022,0.0160382039192024,0.0123320531168364));
#7014=CARTESIAN_POINT('',(-0.022,0.0160595757608019,0.0123350122165755));
#7015=CARTESIAN_POINT('',(-0.022,0.0143812128379045,0.00882872257525913));
#7016=CARTESIAN_POINT('',(-0.022,0.014679141448736,0.0090112570073888));
#7017=CARTESIAN_POINT('',(-0.022,0.0150124939896143,0.00921549491719673));
#7018=CARTESIAN_POINT('',(-0.022,0.0150263248164058,0.00922516154862825));
#7019=CARTESIAN_POINT('',(-0.022,0.0150428813277646,0.00923637980994745));
#7020=CARTESIAN_POINT('',(-0.022,0.0150622308894181,0.00925027508944117));
#7021=CARTESIAN_POINT('',(-0.022,0.0150878864791386,0.00926937230697212));
#7022=CARTESIAN_POINT('',(-0.022,0.0151184219407978,0.00929311065769533));
#7023=CARTESIAN_POINT('',(-0.022,0.0151540482635221,0.00932195065333075));
#7024=CARTESIAN_POINT('',(-0.022,0.0151944509115313,0.00935602307711585));
#7025=CARTESIAN_POINT('',(-0.022,0.0152394687685457,0.00939555276589817));
#7026=CARTESIAN_POINT('',(-0.022,0.0152888867554662,0.00944072881822554));
#7027=CARTESIAN_POINT('',(-0.022,0.0153424980618844,0.00949174320048306));
#7028=CARTESIAN_POINT('',(-0.022,0.0154000859492484,0.00954877912146963));
#7029=CARTESIAN_POINT('',(-0.022,0.0154614292581239,0.00961201421396392));
#7030=CARTESIAN_POINT('',(-0.022,0.0155263010221825,0.009681619412789));
#7031=CARTESIAN_POINT('',(-0.022,0.0155944690820901,0.00975775908394527));
#7032=CARTESIAN_POINT('',(-0.022,0.0156656961322111,0.00984059080145607));
#7033=CARTESIAN_POINT('',(-0.022,0.0157397399345808,0.00993026523124105));
#7034=CARTESIAN_POINT('',(-0.022,0.0158163534908838,0.010026925989626));
#7035=CARTESIAN_POINT('',(-0.022,0.0158952852291201,0.0101307095191645));
#7036=CARTESIAN_POINT('',(-0.022,0.0159762791976614,0.0102417449495982));
#7037=CARTESIAN_POINT('',(-0.022,0.0160590752336686,0.0103601540312846));
#7038=CARTESIAN_POINT('',(-0.022,0.0161434092501226,0.0104860508134059));
#7039=CARTESIAN_POINT('',(-0.022,0.0162290130778775,0.0106195423321962));
#7040=CARTESIAN_POINT('',(-0.022,0.0163156160405299,0.0107607254227861));
#7041=CARTESIAN_POINT('',(-0.022,0.0164029398611979,0.0109096985019722));
#7042=CARTESIAN_POINT('',(-0.022,0.0164907192587229,0.0110665157275442));
#7043=CARTESIAN_POINT('',(-0.022,0.0165786237591737,0.0112313627918351));
#7044=CARTESIAN_POINT('',(-0.022,0.0166463466181405,0.0113642270682899));
#7045=CARTESIAN_POINT('',(-0.022,0.0166845570463496,0.0114424243583909));
#7046=CARTESIAN_POINT('',(-0.022,0.0166939755796942,0.0114618357755019));
#7047=CARTESIAN_POINT('',(-0.022,0.0148577210546153,0.00912084357442297));
#7048=CARTESIAN_POINT('',(-0.022,0.0151550983011193,0.00863659209451449));
#7049=CARTESIAN_POINT('',(-0.022,0.0146613713448892,0.0083552268244053));
#7050=CARTESIAN_POINT('',(-0.022,8.19520717389619E-16,4.60680036715376E-16));
#7051=CARTESIAN_POINT('',(-0.022,0.0149105069494778,0.00790205084200139));
#7052=CARTESIAN_POINT('',(-0.022,0.015412623636849,0.00816815524781858));
#7053=CARTESIAN_POINT('',(-0.022,0.0156621479874074,0.00765759641574313));
#7054=CARTESIAN_POINT('',(-0.022,0.0151601761996465,0.00741179348037109));
#7055=CARTESIAN_POINT('',(-0.022,0.0154739332507336,0.00756553608656079));
#7056=CARTESIAN_POINT('',(-0.022,0.0158249962450076,0.00773755880123579));
#7057=CARTESIAN_POINT('',(-0.022,0.0158405689794623,0.0077440569143904));
#7058=CARTESIAN_POINT('',(-0.022,0.0158589122931871,0.00775202499427166));
#7059=CARTESIAN_POINT('',(-0.022,0.0158810124793014,0.00776091690644545));
#7060=CARTESIAN_POINT('',(-0.022,0.0159108837457753,0.00777234583642902));
#7061=CARTESIAN_POINT('',(-0.022,0.0159472884167504,0.0077854081350399));
#7062=CARTESIAN_POINT('',(-0.022,0.015990728368759,0.00780003519177046));
#7063=CARTESIAN_POINT('',(-0.022,0.0160411454890417,0.00781589135811487));
#7064=CARTESIAN_POINT('',(-0.022,0.0160986432832079,0.0078327201254917));
#7065=CARTESIAN_POINT('',(-0.022,0.0161632661672977,0.00785023857254236));
#7066=CARTESIAN_POINT('',(-0.022,0.0162350654093327,0.00786816922273101));
#7067=CARTESIAN_POINT('',(-0.022,0.0163140795632943,0.00788623090946226));
#7068=CARTESIAN_POINT('',(-0.022,0.0164003401063471,0.00790414172124708));
#7069=CARTESIAN_POINT('',(-0.022,0.0164938697488953,0.00792161843261805));
#7070=CARTESIAN_POINT('',(-0.022,0.0165946828725514,0.0079383769532589));
#7071=CARTESIAN_POINT('',(-0.022,0.0167027853667451,0.00795413248701069));
#7072=CARTESIAN_POINT('',(-0.022,0.0168181746453279,0.00796859977475861));
#7073=CARTESIAN_POINT('',(-0.022,0.0169408396192583,0.00798149331545153));
#7074=CARTESIAN_POINT('',(-0.022,0.0170707606917761,0.00799252759024866));
#7075=CARTESIAN_POINT('',(-0.022,0.0172079097449875,0.00800141730086686));
#7076=CARTESIAN_POINT('',(-0.022,0.0173522501738991,0.00800787754745218));
#7077=CARTESIAN_POINT('',(-0.022,0.0175037367685192,0.00801162424335184));
#7078=CARTESIAN_POINT('',(-0.022,0.0176623162103153,0.00801237361298494));
#7079=CARTESIAN_POINT('',(-0.022,0.0178279252242227,0.0080098452298475));
#7080=CARTESIAN_POINT('',(-0.022,0.0180004977980815,0.00800375140264056));
#7081=CARTESIAN_POINT('',(-0.022,0.0181799375140728,0.00799383912787896));
#7082=CARTESIAN_POINT('',(-0.022,0.0183662240806314,0.00797972987826621));
#7083=CARTESIAN_POINT('',(-0.022,0.0185146928220107,0.00796571793986666));
#7084=CARTESIAN_POINT('',(-0.022,0.0186011911490237,0.00795607986811822));
#7085=CARTESIAN_POINT('',(-0.022,0.0186226274530995,0.00795363104142173));
#7086=CARTESIAN_POINT('',(-0.022,0.0161250146124522,0.00497488982271996));
#7087=CARTESIAN_POINT('',(-0.022,0.0164589777154521,0.00507759776739607));
#7088=CARTESIAN_POINT('',(-0.022,0.0168326492760112,0.005192517761923));
#7089=CARTESIAN_POINT('',(-0.022,0.0168484495754259,0.00519844111159824));
#7090=CARTESIAN_POINT('',(-0.022,0.0168672758016767,0.00520518949366749));
#7091=CARTESIAN_POINT('',(-0.022,0.0168894730767589,0.00521383618709999));
#7092=CARTESIAN_POINT('',(-0.022,0.0169190719338239,0.00522595314471215));
#7093=CARTESIAN_POINT('',(-0.022,0.0169545515555671,0.00524135185098105));
#7094=CARTESIAN_POINT('',(-0.022,0.0169962308271112,0.00526042587894214));
#7095=CARTESIAN_POINT('',(-0.022,0.0170438376188645,0.00528338012490467));
#7096=CARTESIAN_POINT('',(-0.022,0.0170972717909617,0.00531047243004255));
#7097=CARTESIAN_POINT('',(-0.022,0.0171563720483056,0.00534193944002194));
#7098=CARTESIAN_POINT('',(-0.022,0.0172209858179158,0.00537801852190805));
#7099=CARTESIAN_POINT('',(-0.022,0.0172909487326561,0.00541894102934447));
#7100=CARTESIAN_POINT('',(-0.022,0.017366090756698,0.0054649340145643));
#7101=CARTESIAN_POINT('',(-0.022,0.0174462345640398,0.00551621948638935));
#7102=CARTESIAN_POINT('',(-0.022,0.0175311961652218,0.00557301438263852));
#7103=CARTESIAN_POINT('',(-0.022,0.0176207848970672,0.00563553034236919));
#7104=CARTESIAN_POINT('',(-0.022,0.0177148036010533,0.00570397354018613));
#7105=CARTESIAN_POINT('',(-0.022,0.0178130487546985,0.00577854450642744));
#7106=CARTESIAN_POINT('',(-0.022,0.0179153106214833,0.00585943796046523));
#7107=CARTESIAN_POINT('',(-0.022,0.0180213734042312,0.00594684262777442));
#7108=CARTESIAN_POINT('',(-0.022,0.0181310153916799,0.00604094113356825));
#7109=CARTESIAN_POINT('',(-0.022,0.0182440091564678,0.0061419096197351));
#7110=CARTESIAN_POINT('',(-0.022,0.0183601215733047,0.00624991845072359));
#7111=CARTESIAN_POINT('',(-0.022,0.018479114551502,0.0063651287338949));
#7112=CARTESIAN_POINT('',(-0.022,0.0186007430320199,0.00648770499874736));
#7113=CARTESIAN_POINT('',(-0.022,0.0187247635364897,0.00661776567434543));
#7114=CARTESIAN_POINT('',(-0.022,0.0188509021532318,0.00675557280468068));
#7115=CARTESIAN_POINT('',(-0.022,0.0189495393759702,0.00686742091541539));
#7116=CARTESIAN_POINT('',(-0.022,0.019005996228565,0.00693365894677327));
#7117=CARTESIAN_POINT('',(-0.022,0.0190199462844961,0.00695011822452588));
#7118=CARTESIAN_POINT('',(-0.022,0.0166591999856183,0.0051393305288752));
#7119=CARTESIAN_POINT('',(-0.022,0.016826806133187,0.00459633798580574));
#7120=CARTESIAN_POINT('',(-0.022,0.0162786178199117,0.00444659722408669));
#7121=CARTESIAN_POINT('',(-0.022,9.0534122794351E-16,2.47724229943374E-16));
#7122=CARTESIAN_POINT('',(-0.022,0.0164072260874239,0.00394570109310845));
#7123=CARTESIAN_POINT('',(-0.022,0.01695974533039,0.00407857399735921));
#7124=CARTESIAN_POINT('',(-0.022,0.0170744595962927,0.00352200112726016));
#7125=CARTESIAN_POINT('',(-0.022,0.0165271294710434,0.003408755850361));
#7126=CARTESIAN_POINT('',(-0.022,0.0168692634987975,0.00347964014423233));
#7127=CARTESIAN_POINT('',(-0.022,0.0172520775130489,0.00355895263256445));
#7128=CARTESIAN_POINT('',(-0.022,0.0172687770164417,0.0035613738139707));
#7129=CARTESIAN_POINT('',(-0.022,0.0172885256221214,0.00356452976534977));
#7130=CARTESIAN_POINT('',(-0.022,0.0173121428188847,0.00356764622896047));
#7131=CARTESIAN_POINT('',(-0.022,0.017343917883901,0.00357128741620339));
#7132=CARTESIAN_POINT('',(-0.022,0.0173824272967615,0.00357488586516647));
#7133=CARTESIAN_POINT('',(-0.022,0.0174281401038851,0.00357825030924909));
#7134=CARTESIAN_POINT('',(-0.022,0.0174809165458426,0.00358107009701606));
#7135=CARTESIAN_POINT('',(-0.022,0.0175407930853341,0.00358307103777638));
#7136=CARTESIAN_POINT('',(-0.022,0.0176077423833075,0.00358396805284622));
#7137=CARTESIAN_POINT('',(-0.022,0.0176817450914965,0.00358347963328682));
#7138=CARTESIAN_POINT('',(-0.022,0.0177627686293498,0.00358132385788316));
#7139=CARTESIAN_POINT('',(-0.022,0.0178507733765822,0.00357721984386151));
#7140=CARTESIAN_POINT('',(-0.022,0.0179457108947998,0.00357088761595543));
#7141=CARTESIAN_POINT('',(-0.022,0.018047524463401,0.00356204843250683));
#7142=CARTESIAN_POINT('',(-0.022,0.018156148960864,0.00355042498011013));
#7143=CARTESIAN_POINT('',(-0.022,0.0182715109412317,0.00353574160473918));
#7144=CARTESIAN_POINT('',(-0.022,0.018393528662621,0.00351772453261585));
#7145=CARTESIAN_POINT('',(-0.022,0.0185221121382918,0.00349610208851482));
#7146=CARTESIAN_POINT('',(-0.022,0.0186571631829276,0.00347060492995901));
#7147=CARTESIAN_POINT('',(-0.022,0.0187985754898359,0.00344096621103894));
#7148=CARTESIAN_POINT('',(-0.022,0.0189462346199021,0.00340692201347416));
#7149=CARTESIAN_POINT('',(-0.022,0.0191000183575766,0.00336821073679528));
#7150=CARTESIAN_POINT('',(-0.022,0.0192597956764613,0.00332457650048136));
#7151=CARTESIAN_POINT('',(-0.022,0.019425431092373,0.00327575706814121));
#7152=CARTESIAN_POINT('',(-0.022,0.0195967682972278,0.00322153136299587));
#7153=CARTESIAN_POINT('',(-0.022,0.0197736935010468,0.00316153779618702));
#7154=CARTESIAN_POINT('',(-0.022,0.0199140131965212,0.00311104339405731));
#7155=CARTESIAN_POINT('',(-0.022,0.0199953971285562,0.00308019686087121));
#7156=CARTESIAN_POINT('',(-0.022,0.020015550973286,0.00307249397652663));
#7157=CARTESIAN_POINT('',(-0.022,0.0168556224152441,0.000808466446254374));
#7158=CARTESIAN_POINT('',(-0.022,0.0172046358804205,0.000824894385579529));
#7159=CARTESIAN_POINT('',(-0.022,0.0175951473022426,0.000843275618923152));
#7160=CARTESIAN_POINT('',(-0.022,0.0176119242833588,0.000845083500997472));
#7161=CARTESIAN_POINT('',(-0.022,0.0176318373034684,0.000846937978152533));
#7162=CARTESIAN_POINT('',(-0.022,0.01765548755555,0.00084979278197514));
#7163=CARTESIAN_POINT('',(-0.022,0.0176871698749131,0.000854168126658691));
#7164=CARTESIAN_POINT('',(-0.022,0.0177253643416213,0.000860259631125932));
#7165=CARTESIAN_POINT('',(-0.022,0.0177704777000685,0.000868369200086517));
#7166=CARTESIAN_POINT('',(-0.022,0.0178222973257544,0.00087876296853284));
#7167=CARTESIAN_POINT('',(-0.022,0.0178807903473844,0.000891715580855937));
#7168=CARTESIAN_POINT('',(-0.022,0.0179458593886273,0.000907496360522774));
#7169=CARTESIAN_POINT('',(-0.022,0.018017415700652,0.000926373160632996));
#7170=CARTESIAN_POINT('',(-0.022,0.0180953576155298,0.000948610942874577));
#7171=CARTESIAN_POINT('',(-0.022,0.0181795769050146,0.000974471912408211));
#7172=CARTESIAN_POINT('',(-0.022,0.0182699570254761,0.0010042152024237));
#7173=CARTESIAN_POINT('',(-0.022,0.0183663737180631,0.00103809669155741));
#7174=CARTESIAN_POINT('',(-0.022,0.0184686949421268,0.00107636878584047));
#7175=CARTESIAN_POINT('',(-0.022,0.0185767810067812,0.00111928021385405));
#7176=CARTESIAN_POINT('',(-0.022,0.0186904846534448,0.00116707581988996));
#7177=CARTESIAN_POINT('',(-0.022,0.0188096511595952,0.0012199963652045));
#7178=CARTESIAN_POINT('',(-0.022,0.0189341184418381,0.00127827831269028));
#7179=CARTESIAN_POINT('',(-0.022,0.0190637171714218,0.00134215368740241));
#7180=CARTESIAN_POINT('',(-0.022,0.0191982708707399,0.00141184965629284));
#7181=CARTESIAN_POINT('',(-0.022,0.0193375961064775,0.00148758920739984));
#7182=CARTESIAN_POINT('',(-0.022,0.0194815023337741,0.00156958759734714));
#7183=CARTESIAN_POINT('',(-0.022,0.0196297931093926,0.00165806513034126));
#7184=CARTESIAN_POINT('',(-0.022,0.0197822620563957,0.00175319706538784));
#7185=CARTESIAN_POINT('',(-0.022,0.0199387090362338,0.00185530533294931));
#7186=CARTESIAN_POINT('',(-0.022,0.0200620628832768,0.00193910944981793));
#7187=CARTESIAN_POINT('',(-0.022,0.0201332187685749,0.001989226243316));
#7188=CARTESIAN_POINT('',(-0.022,0.0201508238137737,0.00200169918475607));
#7189=CARTESIAN_POINT('',(-0.022,0.0174139201132731,0.000834894445062664));
#7190=CARTESIAN_POINT('',(-0.022,0.0174412238512425,0.00026727905730017));
#7191=CARTESIAN_POINT('',(-0.022,0.0168730188687406,0.00025857156673806));
#7192=CARTESIAN_POINT('',(-0.022,9.35505573788242E-16,2.01161283533727E-17));
#7193=CARTESIAN_POINT('',(-0.022,0.0168730188687405,-0.00025857156673803));
#7194=CARTESIAN_POINT('',(-0.022,0.0174412238512425,-0.000267279057300141));
#7195=CARTESIAN_POINT('',(-0.022,0.0174139201132731,-0.000834894445062634));
#7196=CARTESIAN_POINT('',(-0.022,0.0168556224152441,-0.000808466446254345));
#7197=CARTESIAN_POINT('',(-0.022,0.0172046358804205,-0.0008248943855795));
#7198=CARTESIAN_POINT('',(-0.022,0.0175951473022426,-0.000843275618923123));
#7199=CARTESIAN_POINT('',(-0.022,0.0176119242833588,-0.000845083500997443));
#7200=CARTESIAN_POINT('',(-0.022,0.0176318373034684,-0.000846937978152504));
#7201=CARTESIAN_POINT('',(-0.022,0.01765548755555,-0.000849792781975111));
#7202=CARTESIAN_POINT('',(-0.022,0.0176871698749131,-0.000854168126658662));
#7203=CARTESIAN_POINT('',(-0.022,0.0177253643416213,-0.000860259631125903));
#7204=CARTESIAN_POINT('',(-0.022,0.0177704777000685,-0.000868369200086488));
#7205=CARTESIAN_POINT('',(-0.022,0.0178222973257544,-0.000878762968532811));
#7206=CARTESIAN_POINT('',(-0.022,0.0178807903473844,-0.000891715580855908));
#7207=CARTESIAN_POINT('',(-0.022,0.0179458593886273,-0.000907496360522745));
#7208=CARTESIAN_POINT('',(-0.022,0.018017415700652,-0.000926373160632967));
#7209=CARTESIAN_POINT('',(-0.022,0.0180953576155298,-0.000948610942874548));
#7210=CARTESIAN_POINT('',(-0.022,0.0181795769050146,-0.000974471912408182));
#7211=CARTESIAN_POINT('',(-0.022,0.0182699570254761,-0.00100421520242367));
#7212=CARTESIAN_POINT('',(-0.022,0.0183663737180631,-0.00103809669155739));
#7213=CARTESIAN_POINT('',(-0.022,0.0184686949421268,-0.00107636878584044));
#7214=CARTESIAN_POINT('',(-0.022,0.0185767810067812,-0.00111928021385403));
#7215=CARTESIAN_POINT('',(-0.022,0.0186904846534448,-0.00116707581988993));
#7216=CARTESIAN_POINT('',(-0.022,0.0188096511595952,-0.00121999636520447));
#7217=CARTESIAN_POINT('',(-0.022,0.0189341184418381,-0.00127827831269025));
#7218=CARTESIAN_POINT('',(-0.022,0.0190637171714218,-0.00134215368740238));
#7219=CARTESIAN_POINT('',(-0.022,0.0191982708707399,-0.00141184965629281));
#7220=CARTESIAN_POINT('',(-0.022,0.0193375961064775,-0.00148758920739981));
#7221=CARTESIAN_POINT('',(-0.022,0.0194815023337741,-0.00156958759734711));
#7222=CARTESIAN_POINT('',(-0.022,0.0196297931093926,-0.00165806513034123));
#7223=CARTESIAN_POINT('',(-0.022,0.0197822620563957,-0.00175319706538781));
#7224=CARTESIAN_POINT('',(-0.022,0.0199387090362338,-0.00185530533294927));
#7225=CARTESIAN_POINT('',(-0.022,0.0200620628832768,-0.0019391094498179));
#7226=CARTESIAN_POINT('',(-0.022,0.0201332187685749,-0.00198922624331598));
#7227=CARTESIAN_POINT('',(-0.022,0.0201508238137737,-0.00200169918475604));
#7228=CARTESIAN_POINT('',(-0.022,0.0165271294710434,-0.00340875585036097));
#7229=CARTESIAN_POINT('',(-0.022,0.0168692634987975,-0.0034796401442323));
#7230=CARTESIAN_POINT('',(-0.022,0.0172520775130489,-0.00355895263256441));
#7231=CARTESIAN_POINT('',(-0.022,0.0172687770164417,-0.00356137381397067));
#7232=CARTESIAN_POINT('',(-0.022,0.0172885256221214,-0.00356452976534973));
#7233=CARTESIAN_POINT('',(-0.022,0.0173121428188847,-0.00356764622896043));
#7234=CARTESIAN_POINT('',(-0.022,0.017343917883901,-0.00357128741620336));
#7235=CARTESIAN_POINT('',(-0.022,0.0173824272967615,-0.00357488586516643));
#7236=CARTESIAN_POINT('',(-0.022,0.0174281401038851,-0.00357825030924906));
#7237=CARTESIAN_POINT('',(-0.022,0.0174809165458426,-0.00358107009701602));
#7238=CARTESIAN_POINT('',(-0.022,0.0175407930853341,-0.00358307103777635));
#7239=CARTESIAN_POINT('',(-0.022,0.0176077423833075,-0.00358396805284618));
#7240=CARTESIAN_POINT('',(-0.022,0.0176817450914965,-0.00358347963328679));
#7241=CARTESIAN_POINT('',(-0.022,0.0177627686293498,-0.00358132385788313));
#7242=CARTESIAN_POINT('',(-0.022,0.0178507733765822,-0.00357721984386148));
#7243=CARTESIAN_POINT('',(-0.022,0.0179457108947998,-0.00357088761595539));
#7244=CARTESIAN_POINT('',(-0.022,0.018047524463401,-0.0035620484325068));
#7245=CARTESIAN_POINT('',(-0.022,0.018156148960864,-0.0035504249801101));
#7246=CARTESIAN_POINT('',(-0.022,0.0182715109412317,-0.00353574160473914));
#7247=CARTESIAN_POINT('',(-0.022,0.018393528662621,-0.00351772453261582));
#7248=CARTESIAN_POINT('',(-0.022,0.0185221121382918,-0.00349610208851478));
#7249=CARTESIAN_POINT('',(-0.022,0.0186571631829276,-0.00347060492995897));
#7250=CARTESIAN_POINT('',(-0.022,0.0187985754898359,-0.0034409662110389));
#7251=CARTESIAN_POINT('',(-0.022,0.0189462346199021,-0.00340692201347412));
#7252=CARTESIAN_POINT('',(-0.022,0.0191000183575766,-0.00336821073679524));
#7253=CARTESIAN_POINT('',(-0.022,0.0192597956764613,-0.00332457650048132));
#7254=CARTESIAN_POINT('',(-0.022,0.019425431092373,-0.00327575706814117));
#7255=CARTESIAN_POINT('',(-0.022,0.0195967682972278,-0.00322153136299584));
#7256=CARTESIAN_POINT('',(-0.022,0.0197736935010468,-0.00316153779618698));
#7257=CARTESIAN_POINT('',(-0.022,0.0199140131965212,-0.00311104339405728));
#7258=CARTESIAN_POINT('',(-0.022,0.0199953971285562,-0.00308019686087118));
#7259=CARTESIAN_POINT('',(-0.022,0.020015550973286,-0.00307249397652659));
#7260=CARTESIAN_POINT('',(-0.022,0.0170744595962927,-0.00352200112726013));
#7261=CARTESIAN_POINT('',(-0.022,0.01695974533039,-0.00407857399735917));
#7262=CARTESIAN_POINT('',(-0.022,0.0164072260874239,-0.00394570109310841));
#7263=CARTESIAN_POINT('',(-0.022,9.08118418137685E-16,-2.07842813947685E-16));
#7264=CARTESIAN_POINT('',(-0.022,0.0162786178199117,-0.00444659722408665));
#7265=CARTESIAN_POINT('',(-0.022,0.016826806133187,-0.0045963379858057));
#7266=CARTESIAN_POINT('',(-0.022,0.0166591999856182,-0.00513933052887516));
#7267=CARTESIAN_POINT('',(-0.022,0.0161250146124522,-0.00497488982271992));
#7268=CARTESIAN_POINT('',(-0.022,0.0164589777154521,-0.00507759776739604));
#7269=CARTESIAN_POINT('',(-0.022,0.0168326492760112,-0.00519251776192296));
#7270=CARTESIAN_POINT('',(-0.022,0.0168484495754259,-0.00519844111159821));
#7271=CARTESIAN_POINT('',(-0.022,0.0168672758016767,-0.00520518949366745));
#7272=CARTESIAN_POINT('',(-0.022,0.0168894730767589,-0.00521383618709995));
#7273=CARTESIAN_POINT('',(-0.022,0.0169190719338239,-0.00522595314471212));
#7274=CARTESIAN_POINT('',(-0.022,0.0169545515555671,-0.00524135185098102));
#7275=CARTESIAN_POINT('',(-0.022,0.0169962308271112,-0.00526042587894211));
#7276=CARTESIAN_POINT('',(-0.022,0.0170438376188645,-0.00528338012490463));
#7277=CARTESIAN_POINT('',(-0.022,0.0170972717909617,-0.00531047243004251));
#7278=CARTESIAN_POINT('',(-0.022,0.0171563720483056,-0.0053419394400219));
#7279=CARTESIAN_POINT('',(-0.022,0.0172209858179158,-0.00537801852190802));
#7280=CARTESIAN_POINT('',(-0.022,0.0172909487326561,-0.00541894102934443));
#7281=CARTESIAN_POINT('',(-0.022,0.017366090756698,-0.00546493401456426));
#7282=CARTESIAN_POINT('',(-0.022,0.0174462345640398,-0.00551621948638932));
#7283=CARTESIAN_POINT('',(-0.022,0.0175311961652218,-0.00557301438263848));
#7284=CARTESIAN_POINT('',(-0.022,0.0176207848970672,-0.00563553034236916));
#7285=CARTESIAN_POINT('',(-0.022,0.0177148036010533,-0.0057039735401861));
#7286=CARTESIAN_POINT('',(-0.022,0.0178130487546985,-0.0057785445064274));
#7287=CARTESIAN_POINT('',(-0.022,0.0179153106214833,-0.00585943796046519));
#7288=CARTESIAN_POINT('',(-0.022,0.0180213734042312,-0.00594684262777439));
#7289=CARTESIAN_POINT('',(-0.022,0.0181310153916799,-0.00604094113356822));
#7290=CARTESIAN_POINT('',(-0.022,0.0182440091564678,-0.00614190961973507));
#7291=CARTESIAN_POINT('',(-0.022,0.0183601215733047,-0.00624991845072356));
#7292=CARTESIAN_POINT('',(-0.022,0.018479114551502,-0.00636512873389487));
#7293=CARTESIAN_POINT('',(-0.022,0.0186007430320199,-0.00648770499874733));
#7294=CARTESIAN_POINT('',(-0.022,0.0187247635364897,-0.0066177656743454));
#7295=CARTESIAN_POINT('',(-0.022,0.0188509021532318,-0.00675557280468064));
#7296=CARTESIAN_POINT('',(-0.022,0.0189495393759702,-0.00686742091541536));
#7297=CARTESIAN_POINT('',(-0.022,0.019005996228565,-0.00693365894677323));
#7298=CARTESIAN_POINT('',(-0.022,0.0190199462844961,-0.00695011822452585));
#7299=CARTESIAN_POINT('',(-0.022,0.0151601761996465,-0.00741179348037106));
#7300=CARTESIAN_POINT('',(-0.022,0.0154739332507336,-0.00756553608656076));
#7301=CARTESIAN_POINT('',(-0.022,0.0158249962450076,-0.00773755880123577));
#7302=CARTESIAN_POINT('',(-0.022,0.0158405689794623,-0.00774405691439037));
#7303=CARTESIAN_POINT('',(-0.022,0.0158589122931871,-0.00775202499427163));
#7304=CARTESIAN_POINT('',(-0.022,0.0158810124793014,-0.00776091690644542));
#7305=CARTESIAN_POINT('',(-0.022,0.0159108837457753,-0.00777234583642899));
#7306=CARTESIAN_POINT('',(-0.022,0.0159472884167504,-0.00778540813503988));
#7307=CARTESIAN_POINT('',(-0.022,0.015990728368759,-0.00780003519177043));
#7308=CARTESIAN_POINT('',(-0.022,0.0160411454890417,-0.00781589135811484));
#7309=CARTESIAN_POINT('',(-0.022,0.0160986432832079,-0.00783272012549167));
#7310=CARTESIAN_POINT('',(-0.022,0.0161632661672977,-0.00785023857254234));
#7311=CARTESIAN_POINT('',(-0.022,0.0162350654093327,-0.00786816922273098));
#7312=CARTESIAN_POINT('',(-0.022,0.0163140795632943,-0.00788623090946223));
#7313=CARTESIAN_POINT('',(-0.022,0.0164003401063471,-0.00790414172124705));
#7314=CARTESIAN_POINT('',(-0.022,0.0164938697488953,-0.00792161843261802));
#7315=CARTESIAN_POINT('',(-0.022,0.0165946828725514,-0.00793837695325887));
#7316=CARTESIAN_POINT('',(-0.022,0.0167027853667451,-0.00795413248701066));
#7317=CARTESIAN_POINT('',(-0.022,0.0168181746453279,-0.00796859977475858));
#7318=CARTESIAN_POINT('',(-0.022,0.0169408396192583,-0.0079814933154515));
#7319=CARTESIAN_POINT('',(-0.022,0.0170707606917761,-0.00799252759024863));
#7320=CARTESIAN_POINT('',(-0.022,0.0172079097449875,-0.00800141730086683));
#7321=CARTESIAN_POINT('',(-0.022,0.0173522501738991,-0.00800787754745215));
#7322=CARTESIAN_POINT('',(-0.022,0.0175037367685192,-0.00801162424335182));
#7323=CARTESIAN_POINT('',(-0.022,0.0176623162103153,-0.00801237361298491));
#7324=CARTESIAN_POINT('',(-0.022,0.0178279252242227,-0.00800984522984748));
#7325=CARTESIAN_POINT('',(-0.022,0.0180004977980815,-0.00800375140264053));
#7326=CARTESIAN_POINT('',(-0.022,0.0181799375140728,-0.00799383912787893));
#7327=CARTESIAN_POINT('',(-0.022,0.0183662240806314,-0.00797972987826618));
#7328=CARTESIAN_POINT('',(-0.022,0.0185146928220107,-0.00796571793986663));
#7329=CARTESIAN_POINT('',(-0.022,0.0186011911490237,-0.00795607986811819));
#7330=CARTESIAN_POINT('',(-0.022,0.0186226274530995,-0.0079536310414217));
#7331=CARTESIAN_POINT('',(-0.022,0.0156621479874074,-0.00765759641574312));
#7332=CARTESIAN_POINT('',(-0.022,0.015412623636849,-0.00816815524781855));
#7333=CARTESIAN_POINT('',(-0.022,0.0149105069494778,-0.00790205084200136));
#7334=CARTESIAN_POINT('',(-0.022,8.24900596704277E-16,-4.2182909824068E-16));
#7335=CARTESIAN_POINT('',(-0.022,0.0146613713448892,-0.00835522682440527));
#7336=CARTESIAN_POINT('',(-0.022,0.0151550983011193,-0.00863659209451446));
#7337=CARTESIAN_POINT('',(-0.022,0.0148577210546153,-0.00912084357442293));
#7338=CARTESIAN_POINT('',(-0.022,0.0143812128379045,-0.0088287225752591));
#7339=CARTESIAN_POINT('',(-0.022,0.014679141448736,-0.00901125700738878));
#7340=CARTESIAN_POINT('',(-0.022,0.0150124939896143,-0.0092154949171967));
#7341=CARTESIAN_POINT('',(-0.022,0.0150263248164058,-0.00922516154862822));
#7342=CARTESIAN_POINT('',(-0.022,0.0150428813277646,-0.00923637980994742));
#7343=CARTESIAN_POINT('',(-0.022,0.0150622308894181,-0.00925027508944115));
#7344=CARTESIAN_POINT('',(-0.022,0.0150878864791386,-0.0092693723069721));
#7345=CARTESIAN_POINT('',(-0.022,0.0151184219407978,-0.0092931106576953));
#7346=CARTESIAN_POINT('',(-0.022,0.0151540482635221,-0.00932195065333073));
#7347=CARTESIAN_POINT('',(-0.022,0.0151944509115313,-0.00935602307711582));
#7348=CARTESIAN_POINT('',(-0.022,0.0152394687685457,-0.00939555276589814));
#7349=CARTESIAN_POINT('',(-0.022,0.0152888867554662,-0.00944072881822551));
#7350=CARTESIAN_POINT('',(-0.022,0.0153424980618844,-0.00949174320048304));
#7351=CARTESIAN_POINT('',(-0.022,0.0154000859492484,-0.0095487791214696));
#7352=CARTESIAN_POINT('',(-0.022,0.0154614292581239,-0.0096120142139639));
#7353=CARTESIAN_POINT('',(-0.022,0.0155263010221825,-0.00968161941278897));
#7354=CARTESIAN_POINT('',(-0.022,0.0155944690820901,-0.00975775908394524));
#7355=CARTESIAN_POINT('',(-0.022,0.0156656961322111,-0.00984059080145605));
#7356=CARTESIAN_POINT('',(-0.022,0.0157397399345808,-0.00993026523124102));
#7357=CARTESIAN_POINT('',(-0.022,0.0158163534908838,-0.010026925989626));
#7358=CARTESIAN_POINT('',(-0.022,0.0158952852291201,-0.0101307095191645));
#7359=CARTESIAN_POINT('',(-0.022,0.0159762791976614,-0.0102417449495982));
#7360=CARTESIAN_POINT('',(-0.022,0.0160590752336686,-0.0103601540312846));
#7361=CARTESIAN_POINT('',(-0.022,0.0161434092501226,-0.0104860508134059));
#7362=CARTESIAN_POINT('',(-0.022,0.0162290130778775,-0.0106195423321962));
#7363=CARTESIAN_POINT('',(-0.022,0.0163156160405299,-0.010760725422786));
#7364=CARTESIAN_POINT('',(-0.022,0.0164029398611979,-0.0109096985019722));
#7365=CARTESIAN_POINT('',(-0.022,0.0164907192587229,-0.0110665157275442));
#7366=CARTESIAN_POINT('',(-0.022,0.0165786237591737,-0.0112313627918351));
#7367=CARTESIAN_POINT('',(-0.022,0.0166463466181405,-0.0113642270682899));
#7368=CARTESIAN_POINT('',(-0.022,0.0166845570463496,-0.0114424243583909));
#7369=CARTESIAN_POINT('',(-0.022,0.0166939755796942,-0.0114618357755019));
#7370=CARTESIAN_POINT('',(-0.022,0.012840653302398,-0.0109491208673398));
#7371=CARTESIAN_POINT('',(-0.022,0.0131063188673806,-0.0111760615724752));
#7372=CARTESIAN_POINT('',(-0.022,0.0134035722626274,-0.0114299856936748));
#7373=CARTESIAN_POINT('',(-0.022,0.0134170397359658,-0.0114401524382298));
#7374=CARTESIAN_POINT('',(-0.022,0.0134328251798724,-0.0114524319828498));
#7375=CARTESIAN_POINT('',(-0.022,0.0134520197193652,-0.0114665406320426));
#7376=CARTESIAN_POINT('',(-0.022,0.0134781102657655,-0.0114850391830633));
#7377=CARTESIAN_POINT('',(-0.022,0.0135101227554907,-0.0115067445790605));
#7378=CARTESIAN_POINT('',(-0.022,0.0135485603604386,-0.0115317151766701));
#7379=CARTESIAN_POINT('',(-0.022,0.0135934502659579,-0.0115596114203456));
#7380=CARTESIAN_POINT('',(-0.022,0.0136449565169293,-0.0115902106009928));
#7381=CARTESIAN_POINT('',(-0.022,0.013703192493662,-0.0116232497315677));
#7382=CARTESIAN_POINT('',(-0.022,0.0137682768591066,-0.0116584728028087));
#7383=CARTESIAN_POINT('',(-0.022,0.0138403168792894,-0.0116956170694713));
#7384=CARTESIAN_POINT('',(-0.022,0.0139194131509984,-0.0117344173048868));
#7385=CARTESIAN_POINT('',(-0.022,0.0140056581064582,-0.0117746048294846));
#7386=CARTESIAN_POINT('',(-0.022,0.0140991363258449,-0.0118159080547295));
#7387=CARTESIAN_POINT('',(-0.022,0.014199924339486,-0.0118580525964993));
#7388=CARTESIAN_POINT('',(-0.022,0.0143080905835385,-0.01190076151447));
#7389=CARTESIAN_POINT('',(-0.022,0.0144236953185676,-0.0119437555193983));
#7390=CARTESIAN_POINT('',(-0.022,0.0145467905691299,-0.0119867531890268));
#7391=CARTESIAN_POINT('',(-0.022,0.0146774200515047,-0.0120294711956068));
#7392=CARTESIAN_POINT('',(-0.022,0.0148156191624241,-0.0120716244866455));
#7393=CARTESIAN_POINT('',(-0.022,0.0149614147617294,-0.0121129266573268));
#7394=CARTESIAN_POINT('',(-0.022,0.0151148257781048,-0.0121530895876219));
#7395=CARTESIAN_POINT('',(-0.022,0.0152758606636238,-0.0121918259252722));
#7396=CARTESIAN_POINT('',(-0.022,0.0154445270259365,-0.0122288406007734));
#7397=CARTESIAN_POINT('',(-0.022,0.0156207943957754,-0.0122638645810736));
#7398=CARTESIAN_POINT('',(-0.022,0.0158047372549827,-0.0122965261847003));
#7399=CARTESIAN_POINT('',(-0.022,0.0159520262052162,-0.0123198771316528));
#7400=CARTESIAN_POINT('',(-0.022,0.0160382039192024,-0.0123320531168364));
#7401=CARTESIAN_POINT('',(-0.022,0.0160595757608019,-0.0123350122165755));
#7402=CARTESIAN_POINT('',(-0.022,0.0132657260191224,-0.0113120367587553));
#7403=CARTESIAN_POINT('',(-0.022,0.01289707011654,-0.0117445012636838));
#7404=CARTESIAN_POINT('',(-0.022,0.0124769058228874,-0.0113618856747812));
#7405=CARTESIAN_POINT('',(-0.022,6.91080991262418E-16,-6.08397179296979E-16));
#7406=CARTESIAN_POINT('',(-0.022,0.0121228969875154,-0.0117388667949717));
#7407=CARTESIAN_POINT('',(-0.022,0.0125311399062396,-0.012134177358761));
#7408=CARTESIAN_POINT('',(-0.022,0.0121226768668752,-0.0125292604740735));
#7409=CARTESIAN_POINT('',(-0.022,0.0117337865703503,-0.0121278142186244));
#7410=CARTESIAN_POINT('',(-0.022,0.01197696073869,-0.0123787058285222));
#7411=CARTESIAN_POINT('',(-0.022,0.0122490484937593,-0.0126594286346034));
#7412=CARTESIAN_POINT('',(-0.022,0.012260040806214,-0.012672231157787));
#7413=CARTESIAN_POINT('',(-0.022,0.0122732872961816,-0.0126872144137396));
#7414=CARTESIAN_POINT('',(-0.022,0.0122885733402849,-0.0127054851877807));
#7415=CARTESIAN_POINT('',(-0.022,0.012308673627604,-0.0127303627168183));
#7416=CARTESIAN_POINT('',(-0.022,0.0123323462738216,-0.0127609491441163));
#7417=CARTESIAN_POINT('',(-0.022,0.0123596811148449,-0.0127977429844342));
#7418=CARTESIAN_POINT('',(-0.022,0.012390340972145,-0.0128407926903459));
#7419=CARTESIAN_POINT('',(-0.022,0.0124241138765564,-0.0128902759670464));
#7420=CARTESIAN_POINT('',(-0.022,0.0124607444791886,-0.0129463224842081));
#7421=CARTESIAN_POINT('',(-0.022,0.012499984726864,-0.0130090667455821));
#7422=CARTESIAN_POINT('',(-0.022,0.0125415791280953,-0.0130786323034397));
#7423=CARTESIAN_POINT('',(-0.022,0.0125852692961027,-0.0131551362097847));
#7424=CARTESIAN_POINT('',(-0.022,0.0126307928853607,-0.0132386875849776));
#7425=CARTESIAN_POINT('',(-0.022,0.0126778841540854,-0.0133293878954801));
#7426=CARTESIAN_POINT('',(-0.022,0.0127262740649679,-0.0134273307493261));
#7427=CARTESIAN_POINT('',(-0.022,0.0127756905213044,-0.0135326018368562));
#7428=CARTESIAN_POINT('',(-0.022,0.0128258585687576,-0.0136452788364421));
#7429=CARTESIAN_POINT('',(-0.022,0.0128765006070414,-0.0137654313406313));
#7430=CARTESIAN_POINT('',(-0.022,0.0129273366124576,-0.0138931207697356));
#7431=CARTESIAN_POINT('',(-0.022,0.0129780843175785,-0.0140284003492341));
#7432=CARTESIAN_POINT('',(-0.022,0.0130284595692861,-0.0141713148694732));
#7433=CARTESIAN_POINT('',(-0.022,0.0130781760046322,-0.0143219013129922));
#7434=CARTESIAN_POINT('',(-0.022,0.0131269473690928,-0.0144801861581838));
#7435=CARTESIAN_POINT('',(-0.022,0.0131744796531038,-0.0146461955252537));
#7436=CARTESIAN_POINT('',(-0.022,0.0132205024413076,-0.0148199158977836));
#7437=CARTESIAN_POINT('',(-0.022,0.0132646494624137,-0.0150014449487157));
#7438=CARTESIAN_POINT('',(-0.022,0.0132972026813126,-0.0151469770397601));
#7439=CARTESIAN_POINT('',(-0.022,0.0133147657834037,-0.0152322201652778));
#7440=CARTESIAN_POINT('',(-0.022,0.0133190609930727,-0.0152533640310198));
#7441=CARTESIAN_POINT('',(-0.022,0.00971430493354036,-0.0137984747221638));
#7442=CARTESIAN_POINT('',(-0.022,0.009915186267921,-0.0140843540071117));
#7443=CARTESIAN_POINT('',(-0.022,0.0101399525400958,-0.0144042245484333));
#7444=CARTESIAN_POINT('',(-0.022,0.0101504685414381,-0.0144174211104378));
#7445=CARTESIAN_POINT('',(-0.022,0.0101627042580309,-0.014433240550847));
#7446=CARTESIAN_POINT('',(-0.022,0.0101777870873935,-0.0144516794387421));
#7447=CARTESIAN_POINT('',(-0.022,0.0101984575487354,-0.0144760852788064));
#7448=CARTESIAN_POINT('',(-0.022,0.0102240663947476,-0.0145050699423325));
#7449=CARTESIAN_POINT('',(-0.022,0.0102550864765523,-0.0145388150863378));
#7450=CARTESIAN_POINT('',(-0.022,0.010291628569451,-0.0145769985837591));
#7451=CARTESIAN_POINT('',(-0.022,0.0103339069500523,-0.0146194455186206));
#7452=CARTESIAN_POINT('',(-0.022,0.0103820968388327,-0.0146659293626365));
#7453=CARTESIAN_POINT('',(-0.022,0.0104363768376426,-0.0147162316598224));
#7454=CARTESIAN_POINT('',(-0.022,0.0104969161846339,-0.0147701245955349));
#7455=CARTESIAN_POINT('',(-0.022,0.0105638782753518,-0.0148273762930926));
#7456=CARTESIAN_POINT('',(-0.022,0.0106374194559848,-0.0148877495009472));
#7457=CARTESIAN_POINT('',(-0.022,0.0107176891907894,-0.0149510021972514));
#7458=CARTESIAN_POINT('',(-0.022,0.0108048298423084,-0.0150168876504831));
#7459=CARTESIAN_POINT('',(-0.022,0.0108989765689091,-0.015085154640288));
#7460=CARTESIAN_POINT('',(-0.022,0.0110002571943707,-0.0151555476380012));
#7461=CARTESIAN_POINT('',(-0.022,0.011108792095672,-0.015227807000744));
#7462=CARTESIAN_POINT('',(-0.022,0.0112246940764108,-0.0153016691738266));
#7463=CARTESIAN_POINT('',(-0.022,0.0113480683109383,-0.0153768668630136));
#7464=CARTESIAN_POINT('',(-0.022,0.0114790120412256,-0.0154531293411939));
#7465=CARTESIAN_POINT('',(-0.022,0.0116176152538153,-0.0155301822475316));
#7466=CARTESIAN_POINT('',(-0.022,0.0117639575968438,-0.0156077493594128));
#7467=CARTESIAN_POINT('',(-0.022,0.0119181198197549,-0.0156855467694299));
#7468=CARTESIAN_POINT('',(-0.022,0.0120801393163283,-0.0157633063193004));
#7469=CARTESIAN_POINT('',(-0.022,0.0122501806618458,-0.0158406865274898));
#7470=CARTESIAN_POINT('',(-0.022,0.0123870351144994,-0.0158999331339186));
#7471=CARTESIAN_POINT('',(-0.022,0.0124674773527496,-0.015933158114105));
#7472=CARTESIAN_POINT('',(-0.022,0.012487441860465,-0.0159413392091602));
#7473=CARTESIAN_POINT('',(-0.022,0.0100357696971283,-0.0142557002294539));
#7474=CARTESIAN_POINT('',(-0.022,0.00957114624870287,-0.0145828970718976));
#7475=CARTESIAN_POINT('',(-0.022,0.00925933481659515,-0.0141078114445221));
#7476=CARTESIAN_POINT('',(-0.022,5.15067979776101E-16,-7.55824298434411E-16));
#7477=CARTESIAN_POINT('',(-0.022,0.00882269642751967,-0.014384910592278));
#7478=CARTESIAN_POINT('',(-0.022,0.00911980390474212,-0.0148693276331739));
#7479=CARTESIAN_POINT('',(-0.022,0.00862592030750248,-0.0151504178587413));
#7480=CARTESIAN_POINT('',(-0.022,0.0083490833387325,-0.0146648706916529));
#7481=CARTESIAN_POINT('',(-0.022,0.00852222353725178,-0.0149683550367542));
#7482=CARTESIAN_POINT('',(-0.022,0.0087159502321922,-0.0153079238927764));
#7483=CARTESIAN_POINT('',(-0.022,0.00872341334289175,-0.0153230578780959));
#7484=CARTESIAN_POINT('',(-0.022,0.00873251748578618,-0.0153408646756059));
#7485=CARTESIAN_POINT('',(-0.022,0.00874277953397026,-0.0153623629242662));
#7486=CARTESIAN_POINT('',(-0.022,0.0087560615439121,-0.0153914576181678));
#7487=CARTESIAN_POINT('',(-0.022,0.00877138393526429,-0.0154269702643245));
#7488=CARTESIAN_POINT('',(-0.022,0.00878870974599457,-0.0154694060570194));
#7489=CARTESIAN_POINT('',(-0.022,0.00880770034099242,-0.0155187280737094));
#7490=CARTESIAN_POINT('',(-0.022,0.00882810621700848,-0.0155750557220664));
#7491=CARTESIAN_POINT('',(-0.022,0.00884964779987109,-0.0156384510952645));
#7492=CARTESIAN_POINT('',(-0.022,0.00887205137972663,-0.0157089827830555));
#7493=CARTESIAN_POINT('',(-0.022,0.00889503876562234,-0.0157867069179398));
#7494=CARTESIAN_POINT('',(-0.022,0.0089183305788246,-0.015871672616338));
#7495=CARTESIAN_POINT('',(-0.022,0.00894164557874485,-0.015963920327715));
#7496=CARTESIAN_POINT('',(-0.022,0.00896470113868307,-0.0160634822434824));
#7497=CARTESIAN_POINT('',(-0.022,0.00898721339426085,-0.0161703821239478));
#7498=CARTESIAN_POINT('',(-0.022,0.00900889748687147,-0.0162846352996336));
#7499=CARTESIAN_POINT('',(-0.022,0.00902946778254821,-0.0164062486301393));
#7500=CARTESIAN_POINT('',(-0.022,0.00904863809536578,-0.0165352204852511));
#7501=CARTESIAN_POINT('',(-0.022,0.00906612192447482,-0.0166715407165865));
#7502=CARTESIAN_POINT('',(-0.022,0.00908163263375966,-0.0168151906803937));
#7503=CARTESIAN_POINT('',(-0.022,0.00909488385838874,-0.0169661430938411));
#7504=CARTESIAN_POINT('',(-0.022,0.00910558903484909,-0.0171243625620243));
#7505=CARTESIAN_POINT('',(-0.022,0.00911346431692021,-0.0172898035428633));
#7506=CARTESIAN_POINT('',(-0.022,0.00911821843605836,-0.0174624182187443));
#7507=CARTESIAN_POINT('',(-0.022,0.00911959283389803,-0.0176421262483272));
#7508=CARTESIAN_POINT('',(-0.022,0.00911720845596199,-0.0178289311480131));
#7509=CARTESIAN_POINT('',(-0.022,0.00911254659632722,-0.0179779867371375));
#7510=CARTESIAN_POINT('',(-0.022,0.00910835881800333,-0.0180649195589931));
#7511=CARTESIAN_POINT('',(-0.022,0.00910726082017665,-0.01808646732652));
#7512=CARTESIAN_POINT('',(-0.022,0.00597757105899395,-0.0157808196629541));
#7513=CARTESIAN_POINT('',(-0.022,0.00610104604974363,-0.0161076746808507));
#7514=CARTESIAN_POINT('',(-0.022,0.00623920230733316,-0.0164733929997816));
#7515=CARTESIAN_POINT('',(-0.022,0.00624610607763985,-0.0164887901907111));
#7516=CARTESIAN_POINT('',(-0.022,0.00625402325184567,-0.0165071555332888));
#7517=CARTESIAN_POINT('',(-0.022,0.00626404666143838,-0.0165287660767463));
#7518=CARTESIAN_POINT('',(-0.022,0.00627799823661514,-0.0165575456971645));
#7519=CARTESIAN_POINT('',(-0.022,0.00629559434093667,-0.0165919884152121));
#7520=CARTESIAN_POINT('',(-0.022,0.00631724779377449,-0.0166323877741093));
#7521=CARTESIAN_POINT('',(-0.022,0.00634314599996331,-0.0166784593157044));
#7522=CARTESIAN_POINT('',(-0.022,0.00637354000405226,-0.016730086907754));
#7523=CARTESIAN_POINT('',(-0.022,0.00640865585693835,-0.0167870947143355));
#7524=CARTESIAN_POINT('',(-0.022,0.00644872087716041,-0.0168493155591353));
#7525=CARTESIAN_POINT('',(-0.022,0.00649395564114059,-0.0169165708725425));
#7526=CARTESIAN_POINT('',(-0.022,0.00654457607643826,-0.0169886766975278));
#7527=CARTESIAN_POINT('',(-0.022,0.00660079261939977,-0.0170654421179527));
#7528=CARTESIAN_POINT('',(-0.022,0.006662810226973,-0.0171466698857803));
#7529=CARTESIAN_POINT('',(-0.022,0.00673082814875411,-0.0172321564251376));
#7530=CARTESIAN_POINT('',(-0.022,0.00680503977282328,-0.0173216920207388));
#7531=CARTESIAN_POINT('',(-0.022,0.00688563245453544,-0.0174150609603031));
#7532=CARTESIAN_POINT('',(-0.022,0.0069727873595635,-0.0175120416946479));
#7533=CARTESIAN_POINT('',(-0.022,0.00706667929095892,-0.017612407002252));
#7534=CARTESIAN_POINT('',(-0.022,0.00716747659220045,-0.0177159241422181));
#7535=CARTESIAN_POINT('',(-0.022,0.00727534077731851,-0.0178223550759197));
#7536=CARTESIAN_POINT('',(-0.022,0.00739042723652832,-0.0179314564408139));
#7537=CARTESIAN_POINT('',(-0.022,0.00751288180944442,-0.0180429805000146));
#7538=CARTESIAN_POINT('',(-0.022,0.00764285331351936,-0.0181566723471575));
#7539=CARTESIAN_POINT('',(-0.022,0.00778044465599162,-0.0182722815481004));
#7540=CARTESIAN_POINT('',(-0.022,0.00792590016471213,-0.0183895182777873));
#7541=CARTESIAN_POINT('',(-0.022,0.00804372105121026,-0.0184809378615167));
#7542=CARTESIAN_POINT('',(-0.022,0.0081133733320493,-0.0185331241890077));
#7543=CARTESIAN_POINT('',(-0.022,0.00813067606243641,-0.0185460132310889));
#7544=CARTESIAN_POINT('',(-0.022,0.00617522905608455,-0.016303625625938));
#7545=CARTESIAN_POINT('',(-0.022,0.00564383206184614,-0.0165049958249403));
#7546=CARTESIAN_POINT('',(-0.022,0.00545996575032486,-0.0159672915363025));
#7547=CARTESIAN_POINT('',(-0.022,3.07921107087586E-16,-8.54847067558554E-16));
#7548=CARTESIAN_POINT('',(-0.022,0.00496813340337513,-0.016127097553071));
#7549=CARTESIAN_POINT('',(-0.022,0.00513543708361706,-0.0166701833668329));
#7550=CARTESIAN_POINT('',(-0.022,0.00458716545129363,-0.0168196187700051));
#7551=CARTESIAN_POINT('',(-0.022,0.00443977649516156,-0.0162804794055031));
#7552=CARTESIAN_POINT('',(-0.022,0.00453200368842226,-0.0166174874482679));
#7553=CARTESIAN_POINT('',(-0.022,0.0046351967625138,-0.0169945659941602));
#7554=CARTESIAN_POINT('',(-0.022,0.00463866173676554,-0.0170110805176593));
#7555=CARTESIAN_POINT('',(-0.022,0.00464305148580608,-0.0170305919901502));
#7556=CARTESIAN_POINT('',(-0.022,0.00464764473584232,-0.0170539668994013));
#7557=CARTESIAN_POINT('',(-0.022,0.00465327391087442,-0.0170854506315463));
#7558=CARTESIAN_POINT('',(-0.022,0.00465928328516074,-0.0171236581063974));
#7559=CARTESIAN_POINT('',(-0.022,0.00466551142118993,-0.0171690694545464));
#7560=CARTESIAN_POINT('',(-0.022,0.00467163950495928,-0.0172215646983124));
#7561=CARTESIAN_POINT('',(-0.022,0.00467739617634237,-0.0172811974450208));
#7562=CARTESIAN_POINT('',(-0.022,0.00468249520255973,-0.0173479583098055));
#7563=CARTESIAN_POINT('',(-0.022,0.00468665441527855,-0.0174218456586721));
#7564=CARTESIAN_POINT('',(-0.022,0.0046895904038411,-0.017502844677339));
#7565=CARTESIAN_POINT('',(-0.022,0.00469102035195343,-0.0175909334604782));
#7566=CARTESIAN_POINT('',(-0.022,0.00469066179534436,-0.0176860812450699));
#7567=CARTESIAN_POINT('',(-0.022,0.00468823298087279,-0.0177882489247716));
#7568=CARTESIAN_POINT('',(-0.022,0.00468345305333358,-0.0178973889192165));
#7569=CARTESIAN_POINT('',(-0.022,0.00467604229093104,-0.0180134452358359));
#7570=CARTESIAN_POINT('',(-0.022,0.00466572232750176,-0.0181363534844433));
#7571=CARTESIAN_POINT('',(-0.022,0.00465221637359524,-0.0182660409144955));
#7572=CARTESIAN_POINT('',(-0.022,0.00463524945311322,-0.0184024264465765));
#7573=CARTESIAN_POINT('',(-0.022,0.00461454857165322,-0.0185454207391588));
#7574=CARTESIAN_POINT('',(-0.022,0.00458984314602579,-0.0186949261505134));
#7575=CARTESIAN_POINT('',(-0.022,0.00456086441799243,-0.0188508371322845));
#7576=CARTESIAN_POINT('',(-0.022,0.00452734878473835,-0.0190130389834954));
#7577=CARTESIAN_POINT('',(-0.022,0.00448902602021373,-0.0191814129532694));
#7578=CARTESIAN_POINT('',(-0.022,0.00444566566921836,-0.0193558169234866));
#7579=CARTESIAN_POINT('',(-0.022,0.00439689971147499,-0.0195361600330589));
#7580=CARTESIAN_POINT('',(-0.022,0.00435531569509257,-0.0196793734094103));
#7581=CARTESIAN_POINT('',(-0.022,0.00432964016986731,-0.0197625336186903));
#7582=CARTESIAN_POINT('',(-0.022,0.00432321795578653,-0.0197831313625211));
#7583=CARTESIAN_POINT('',(-0.022,0.00186524441084241,-0.016771597666526));
#7584=CARTESIAN_POINT('',(-0.022,0.00190355467018307,-0.0171188909145083));
#7585=CARTESIAN_POINT('',(-0.022,0.00194642004741982,-0.0175074775840521));
#7586=CARTESIAN_POINT('',(-0.022,0.00194927779741226,-0.0175241079417737));
#7587=CARTESIAN_POINT('',(-0.022,0.00195237896405834,-0.0175438652245027));
#7588=CARTESIAN_POINT('',(-0.022,0.00195671314619293,-0.0175672895535991));
#7589=CARTESIAN_POINT('',(-0.022,0.00196306920642591,-0.0175986346249763));
#7590=CARTESIAN_POINT('',(-0.022,0.0019715469411083,-0.0176363712348989));
#7591=CARTESIAN_POINT('',(-0.022,0.00198247319890161,-0.0176808863683902));
#7592=CARTESIAN_POINT('',(-0.022,0.00199610023883876,-0.0177319511097613));
#7593=CARTESIAN_POINT('',(-0.022,0.00201270009935717,-0.0177895154075175));
#7594=CARTESIAN_POINT('',(-0.022,0.00203253545816503,-0.0178534651665172));
#7595=CARTESIAN_POINT('',(-0.022,0.00205586806722987,-0.0179236949944197));
#7596=CARTESIAN_POINT('',(-0.022,0.00208295598161622,-0.0180000867868325));
#7597=CARTESIAN_POINT('',(-0.022,0.00211405409337499,-0.0180825160650751));
#7598=CARTESIAN_POINT('',(-0.022,0.00214941370652074,-0.0181708502443815));
#7599=CARTESIAN_POINT('',(-0.022,0.00218928239249398,-0.0182649492443449));
#7600=CARTESIAN_POINT('',(-0.022,0.00223390376835923,-0.0183646654361625));
#7601=CARTESIAN_POINT('',(-0.022,0.00228351730062535,-0.0184698437867995));
#7602=CARTESIAN_POINT('',(-0.022,0.00233835810399699,-0.0185803219543553));
#7603=CARTESIAN_POINT('',(-0.022,0.00239865674953558,-0.0186959304040928));
#7604=CARTESIAN_POINT('',(-0.022,0.00246463905622767,-0.0188164925248242));
#7605=CARTESIAN_POINT('',(-0.022,0.00253652595903964,-0.0189418247529557));
#7606=CARTESIAN_POINT('',(-0.022,0.00261453309554077,-0.0190717366951884));
#7607=CARTESIAN_POINT('',(-0.022,0.00269887149588023,-0.0192060312786362));
#7608=CARTESIAN_POINT('',(-0.022,0.00278974402751117,-0.01934450481836));
#7609=CARTESIAN_POINT('',(-0.022,0.00288735822514719,-0.0194869474257433));
#7610=CARTESIAN_POINT('',(-0.022,0.00299187604344519,-0.0196331421264823));
#7611=CARTESIAN_POINT('',(-0.022,0.00310360621080786,-0.0197828689627742));
#7612=CARTESIAN_POINT('',(-0.022,0.00319499041153686,-0.0199007172951408));
#7613=CARTESIAN_POINT('',(-0.022,0.00324947622599648,-0.0199685859110523));
#7614=CARTESIAN_POINT('',(-0.022,0.00326302998487016,-0.0199853730342428));
#7615=CARTESIAN_POINT('',(-0.022,0.00192667606254321,-0.0173271342638036));
#7616=CARTESIAN_POINT('',(-0.022,0.00136189514998126,-0.0173900249891734));
#7617=CARTESIAN_POINT('',(-0.022,0.0013175269556123,-0.0168234879772666));
#7618=CARTESIAN_POINT('',(-0.022,8.26561730408007E-17,-8.99243521905067E-16));
#7619=CARTESIAN_POINT('',(-0.022,0.000801404285980009,-0.0168559596632886));
#7620=CARTESIAN_POINT('',(-0.022,0.000828391863711923,-0.0174235901709078));
#7621=CARTESIAN_POINT('',(-0.022,0.000260182119365585,-0.0174319811757187));
#7622=CARTESIAN_POINT('',(-0.022,0.000251502166043875,-0.0168731257228906));
#7623=CARTESIAN_POINT('',(-0.022,0.000257021380305523,-0.0172224820085631));
#7624=CARTESIAN_POINT('',(-0.022,0.000263196833185449,-0.0176133770124892));
#7625=CARTESIAN_POINT('',(-0.022,0.000262445953913851,-0.0176302344059203));
#7626=CARTESIAN_POINT('',(-0.022,0.000261845485023915,-0.0176502245758174));
#7627=CARTESIAN_POINT('',(-0.022,0.00026048132611974,-0.0176740074141441));
#7628=CARTESIAN_POINT('',(-0.022,0.000258103964472174,-0.0177059019458529));
#7629=CARTESIAN_POINT('',(-0.022,0.000254422730605283,-0.017744403533236));
#7630=CARTESIAN_POINT('',(-0.022,0.000249161855241197,-0.0177899370748236));
#7631=CARTESIAN_POINT('',(-0.022,0.000242042377741303,-0.0178423070764358));
#7632=CARTESIAN_POINT('',(-0.022,0.000232788131656871,-0.0179014979767062));
#7633=CARTESIAN_POINT('',(-0.022,0.000221124210658844,-0.0179674295024136));
#7634=CARTESIAN_POINT('',(-0.022,0.000206777717609279,-0.018040029898488));
#7635=CARTESIAN_POINT('',(-0.022,0.000189477829879501,-0.0181192143347011));
#7636=CARTESIAN_POINT('',(-0.022,0.000168956064003008,-0.0182048912603688));
#7637=CARTESIAN_POINT('',(-0.022,0.000144946480295047,-0.0182969606329404));
#7638=CARTESIAN_POINT('',(-0.022,0.000117185902759489,-0.018395314505514));
#7639=CARTESIAN_POINT('',(-0.022,8.54141325299129E-5,-0.0184998369466986));
#7640=CARTESIAN_POINT('',(-0.022,4.93741605708562E-5,-0.018610404159053));
#7641=CARTESIAN_POINT('',(-0.022,8.81237929197676E-6,-0.0187268845484773));
#7642=CARTESIAN_POINT('',(-0.022,-3.65212125832579E-5,-0.0188491388152829));
#7643=CARTESIAN_POINT('',(-0.022,-8.68727886424868E-5,-0.0189770200435379));
#7644=CARTESIAN_POINT('',(-0.022,-0.000142484548332662,-0.019110373807596));
#7645=CARTESIAN_POINT('',(-0.022,-0.000203594291464239,-0.0192490382420202));
#7646=CARTESIAN_POINT('',(-0.022,-0.000270436083932678,-0.0193928442769938));
#7647=CARTESIAN_POINT('',(-0.022,-0.000343236722012714,-0.0195416152597284));
#7648=CARTESIAN_POINT('',(-0.022,-0.000422228409963751,-0.0196951689676384));
#7649=CARTESIAN_POINT('',(-0.022,-0.000507599019472919,-0.0198533104356283));
#7650=CARTESIAN_POINT('',(-0.022,-0.000599682412549949,-0.0200158601342569));
#7651=CARTESIAN_POINT('',(-0.022,-0.000675575708995392,-0.0201442326746973));
#7652=CARTESIAN_POINT('',(-0.022,-0.000721125693444149,-0.0202183950096106));
#7653=CARTESIAN_POINT('',(-0.022,-0.000732468592449091,-0.0202367484977473));
#7654=CARTESIAN_POINT('',(-0.022,-0.00236428240353144,-0.0167085545070886));
#7655=CARTESIAN_POINT('',(-0.022,-0.00241354405008947,-0.0170544642731307));
#7656=CARTESIAN_POINT('',(-0.022,-0.00246866294250512,-0.0174415029637181));
#7657=CARTESIAN_POINT('',(-0.022,-0.00247003077576903,-0.0174583215416939));
#7658=CARTESIAN_POINT('',(-0.022,-0.00247194047438834,-0.0174782293418382));
#7659=CARTESIAN_POINT('',(-0.022,-0.0024735678523154,-0.0175019956198277));
#7660=CARTESIAN_POINT('',(-0.022,-0.00247520668166659,-0.0175339366160502));
#7661=CARTESIAN_POINT('',(-0.022,-0.00247638000387235,-0.017572595987861));
#7662=CARTESIAN_POINT('',(-0.022,-0.00247686747808467,-0.0176184298463937));
#7663=CARTESIAN_POINT('',(-0.022,-0.00247636784143519,-0.0176712792020375));
#7664=CARTESIAN_POINT('',(-0.022,-0.00247460515477371,-0.0177311632289656));
#7665=CARTESIAN_POINT('',(-0.022,-0.00247129661858733,-0.0177980367418348));
#7666=CARTESIAN_POINT('',(-0.022,-0.0024661624943186,-0.0178718627544656));
#7667=CARTESIAN_POINT('',(-0.022,-0.00245892346280936,-0.0179525910486174));
#7668=CARTESIAN_POINT('',(-0.022,-0.00244930168332213,-0.0180401644454115));
#7669=CARTESIAN_POINT('',(-0.022,-0.00243702077452966,-0.0181345170222432));
#7670=CARTESIAN_POINT('',(-0.022,-0.00242180610632287,-0.0182355746681029));
#7671=CARTESIAN_POINT('',(-0.022,-0.00240338500152503,-0.0183432549773184));
#7672=CARTESIAN_POINT('',(-0.022,-0.00238148696176007,-0.0184574673404018));
#7673=CARTESIAN_POINT('',(-0.022,-0.00235584388609515,-0.0185781129863712));
#7674=CARTESIAN_POINT('',(-0.022,-0.00232619028570812,-0.0187050850474263));
#7675=CARTESIAN_POINT('',(-0.022,-0.00229226351471477,-0.0188382686198428));
#7676=CARTESIAN_POINT('',(-0.022,-0.00225380392881757,-0.0189775408513067));
#7677=CARTESIAN_POINT('',(-0.022,-0.00221055531620992,-0.0191227709569573));
#7678=CARTESIAN_POINT('',(-0.022,-0.00216226426660908,-0.0192738205363796));
#7679=CARTESIAN_POINT('',(-0.022,-0.00210868363163146,-0.0194305427548558));
#7680=CARTESIAN_POINT('',(-0.022,-0.00204956019947174,-0.0195927859295902));
#7681=CARTESIAN_POINT('',(-0.022,-0.0019846831442613,-0.0197603801794116));
#7682=CARTESIAN_POINT('',(-0.022,-0.00191369873558669,-0.0199331892345272));
#7683=CARTESIAN_POINT('',(-0.022,-0.0018544932260462,-0.0200700614713926));
#7684=CARTESIAN_POINT('',(-0.022,-0.00181859742207331,-0.0201493479409836));
#7685=CARTESIAN_POINT('',(-0.022,-0.00180964426723033,-0.0201689783485947));
#7686=CARTESIAN_POINT('',(-0.022,-0.00244293707382663,-0.0172619153311321));
#7687=CARTESIAN_POINT('',(-0.022,-0.00300561464285696,-0.0171823749272987));
#7688=CARTESIAN_POINT('',(-0.022,-0.0029076969032466,-0.0166226027961583));
#7689=CARTESIAN_POINT('',(-0.022,-1.46572598091622E-16,-8.86224068968622E-16));
#7690=CARTESIAN_POINT('',(-0.022,-0.00341568001006204,-0.0165256998359786));
#7691=CARTESIAN_POINT('',(-0.022,-0.00353070426360241,-0.0170822087250624));
#7692=CARTESIAN_POINT('',(-0.022,-0.00408314941200511,-0.0169490280938198));
#7693=CARTESIAN_POINT('',(-0.022,-0.00395257496912662,-0.0164055714960934));
#7694=CARTESIAN_POINT('',(-0.022,-0.00403411052639433,-0.0167453246844021));
#7695=CARTESIAN_POINT('',(-0.022,-0.0041253407211422,-0.0171254747756543));
#7696=CARTESIAN_POINT('',(-0.022,-0.00413026027343096,-0.0171416158269907));
#7697=CARTESIAN_POINT('',(-0.022,-0.00413581323058265,-0.0171608286384006));
#7698=CARTESIAN_POINT('',(-0.022,-0.00414304908330626,-0.0171835250426038));
#7699=CARTESIAN_POINT('',(-0.022,-0.00415328360325785,-0.0172138263231491));
#7700=CARTESIAN_POINT('',(-0.022,-0.00416642413981546,-0.0172502028267301));
#7701=CARTESIAN_POINT('',(-0.022,-0.00418284346642556,-0.0172929975218778));
#7702=CARTESIAN_POINT('',(-0.022,-0.00420276316223977,-0.0173419516815315));
#7703=CARTESIAN_POINT('',(-0.022,-0.0042264468474755,-0.0173969815534109));
#7704=CARTESIAN_POINT('',(-0.022,-0.00425414082863572,-0.0174579410198017));
#7705=CARTESIAN_POINT('',(-0.022,-0.00428609158453264,-0.017524692713193));
#7706=CARTESIAN_POINT('',(-0.022,-0.00432254033298416,-0.017597087117605));
#7707=CARTESIAN_POINT('',(-0.022,-0.00436372435482567,-0.0176749687894636));
#7708=CARTESIAN_POINT('',(-0.022,-0.00440987635518709,-0.017758174692729));
#7709=CARTESIAN_POINT('',(-0.022,-0.00446122439660381,-0.0178465348226407));
#7710=CARTESIAN_POINT('',(-0.022,-0.00451799167235183,-0.0179398721811788));
#7711=CARTESIAN_POINT('',(-0.022,-0.00458039632988347,-0.0180380029446782));
#7712=CARTESIAN_POINT('',(-0.022,-0.0046486512831184,-0.0181407365836668));
#7713=CARTESIAN_POINT('',(-0.022,-0.00472296403665954,-0.0182478760020226));
#7714=CARTESIAN_POINT('',(-0.022,-0.00480353649359203,-0.0183592176785661));
#7715=CARTESIAN_POINT('',(-0.022,-0.00489056484012531,-0.0184745518066636));
#7716=CARTESIAN_POINT('',(-0.022,-0.00498423915085416,-0.0185936624677701));
#7717=CARTESIAN_POINT('',(-0.022,-0.00508474409210996,-0.0187163276938874));
#7718=CARTESIAN_POINT('',(-0.022,-0.00519225540318337,-0.0188423199801591));
#7719=CARTESIAN_POINT('',(-0.022,-0.00530695267629576,-0.018971405082006));
#7720=CARTESIAN_POINT('',(-0.022,-0.00542896939495212,-0.0191033474377312));
#7721=CARTESIAN_POINT('',(-0.022,-0.00555858428511675,-0.0192378901300353));
#7722=CARTESIAN_POINT('',(-0.022,-0.00566401820669353,-0.0193433557157275));
#7723=CARTESIAN_POINT('',(-0.022,-0.00572658057732174,-0.0194038602840217));
#7724=CARTESIAN_POINT('',(-0.022,-0.0057421314451901,-0.0194188162993052));
#7725=CARTESIAN_POINT('',(-0.022,-0.00644525265926897,-0.0155956514182058));
#7726=CARTESIAN_POINT('',(-0.022,-0.00657899092130077,-0.01591844291954));
#7727=CARTESIAN_POINT('',(-0.022,-0.00672863076064524,-0.0162796145668127));
#7728=CARTESIAN_POINT('',(-0.022,-0.00673413823117098,-0.0162955645919343));
#7729=CARTESIAN_POINT('',(-0.022,-0.00674093880166806,-0.0163143720291949));
#7730=CARTESIAN_POINT('',(-0.022,-0.00674842548551653,-0.0163369869334252));
#7731=CARTESIAN_POINT('',(-0.022,-0.00675795623077657,-0.0163675168842295));
#7732=CARTESIAN_POINT('',(-0.022,-0.00676870688572113,-0.0164046699074183));
#7733=CARTESIAN_POINT('',(-0.022,-0.00678057746214151,-0.0164489425810958));
#7734=CARTESIAN_POINT('',(-0.022,-0.00679323662278791,-0.0165002558316309));
#7735=CARTESIAN_POINT('',(-0.022,-0.006806421866069,-0.0165586968540811));
#7736=CARTESIAN_POINT('',(-0.022,-0.00681984804000064,-0.0166242922120625));
#7737=CARTESIAN_POINT('',(-0.022,-0.00683323499643782,-0.0166970756495351));
#7738=CARTESIAN_POINT('',(-0.022,-0.00684629970277868,-0.0167770679898064));
#7739=CARTESIAN_POINT('',(-0.022,-0.00685875882735462,-0.0168642829465589));
#7740=CARTESIAN_POINT('',(-0.022,-0.00687032827758087,-0.0169587254015091));
#7741=CARTESIAN_POINT('',(-0.022,-0.00688072362069963,-0.0170603918697117));
#7742=CARTESIAN_POINT('',(-0.022,-0.00688966025273173,-0.0171692703464766));
#7743=CARTESIAN_POINT('',(-0.022,-0.00689685363984169,-0.0172853403391901));
#7744=CARTESIAN_POINT('',(-0.022,-0.00690201954063617,-0.0174085728539333));
#7745=CARTESIAN_POINT('',(-0.022,-0.00690487423017133,-0.0175389304047393));
#7746=CARTESIAN_POINT('',(-0.022,-0.00690513473867218,-0.0176763670151711));
#7747=CARTESIAN_POINT('',(-0.022,-0.00690251902691612,-0.017820828263457));
#7748=CARTESIAN_POINT('',(-0.022,-0.00689674640758936,-0.0179722511908685));
#7749=CARTESIAN_POINT('',(-0.022,-0.00688753701297562,-0.018130564765669));
#7750=CARTESIAN_POINT('',(-0.022,-0.00687461494300276,-0.0182956882295264));
#7751=CARTESIAN_POINT('',(-0.022,-0.00685769721900271,-0.0184675376362549));
#7752=CARTESIAN_POINT('',(-0.022,-0.00683653739085982,-0.0186460008720737));
#7753=CARTESIAN_POINT('',(-0.022,-0.00681075895233268,-0.018831033917533));
#7754=CARTESIAN_POINT('',(-0.022,-0.00678745223388776,-0.0189783298728739));
#7755=CARTESIAN_POINT('',(-0.022,-0.00677240190578075,-0.0190640523356649));
#7756=CARTESIAN_POINT('',(-0.022,-0.00676861191461466,-0.0190852925769907));
#7757=CARTESIAN_POINT('',(-0.022,-0.00665905148935385,-0.0161120667733219));
#7758=CARTESIAN_POINT('',(-0.022,-0.00718427061380703,-0.0158950930563872));
#7759=CARTESIAN_POINT('',(-0.022,-0.00695021947191332,-0.0153772583477106));
#7760=CARTESIAN_POINT('',(-0.022,-3.65361919574983E-16,-8.16606768859415E-16));
#7761=CARTESIAN_POINT('',(-0.022,-0.00741814456907953,-0.0151570695107014));
#7762=CARTESIAN_POINT('',(-0.022,-0.00766795325701262,-0.0156674892810523));
#7763=CARTESIAN_POINT('',(-0.022,-0.00816992164904642,-0.0154011052426212));
#7764=CARTESIAN_POINT('',(-0.022,-0.00790829728243299,-0.0149071948767252));
#7765=CARTESIAN_POINT('',(-0.022,-0.00807176443230013,-0.0152159970253239));
#7766=CARTESIAN_POINT('',(-0.022,-0.0082546679460186,-0.0155615159755744));
#7767=CARTESIAN_POINT('',(-0.022,-0.00826344705776137,-0.0155759264831982));
#7768=CARTESIAN_POINT('',(-0.022,-0.00827360359045461,-0.0155931547245203));
#7769=CARTESIAN_POINT('',(-0.022,-0.00828625648175944,-0.0156133385960523));
#7770=CARTESIAN_POINT('',(-0.022,-0.00830370508748656,-0.0156401426845372));
#7771=CARTESIAN_POINT('',(-0.022,-0.00832547925849547,-0.0156721084348127));
#7772=CARTESIAN_POINT('',(-0.022,-0.0083520253496746,-0.0157094753354363));
#7773=CARTESIAN_POINT('',(-0.022,-0.0083834936360556,-0.0157519376832398));
#7774=CARTESIAN_POINT('',(-0.022,-0.00842011862739678,-0.0157993487974923));
#7775=CARTESIAN_POINT('',(-0.022,-0.00846210255403154,-0.0158515058970999));
#7776=CARTESIAN_POINT('',(-0.022,-0.00850964998927616,-0.0159082146334167));
#7777=CARTESIAN_POINT('',(-0.022,-0.00856295738953509,-0.0159692701993503));
#7778=CARTESIAN_POINT('',(-0.022,-0.00862221592378509,-0.0160344630255285));
#7779=CARTESIAN_POINT('',(-0.022,-0.00868761044088206,-0.0161035773265754));
#7780=CARTESIAN_POINT('',(-0.022,-0.00875931955989285,-0.016176391721897));
#7781=CARTESIAN_POINT('',(-0.022,-0.00883751544444862,-0.0162526792682808));
#7782=CARTESIAN_POINT('',(-0.022,-0.00892236367341186,-0.016332207666155));
#7783=CARTESIAN_POINT('',(-0.022,-0.00901402308886693,-0.0164147394223423));
#7784=CARTESIAN_POINT('',(-0.022,-0.00911264566046579,-0.0165000320285618));
#7785=CARTESIAN_POINT('',(-0.022,-0.00921837633447772,-0.0165878381463705));
#7786=CARTESIAN_POINT('',(-0.022,-0.00933135295677354,-0.0166779057710697));
#7787=CARTESIAN_POINT('',(-0.022,-0.00945170593364655,-0.0167699784979631));
#7788=CARTESIAN_POINT('',(-0.022,-0.00957955892859931,-0.0168637954079358));
#7789=CARTESIAN_POINT('',(-0.022,-0.0097150255815924,-0.0169590924390308));
#7790=CARTESIAN_POINT('',(-0.022,-0.00985822158836942,-0.017055598043124));
#7791=CARTESIAN_POINT('',(-0.022,-0.0100092176569937,-0.0171530508631241));
#7792=CARTESIAN_POINT('',(-0.022,-0.0101682198640067,-0.0172511327369329));
#7793=CARTESIAN_POINT('',(-0.022,-0.0102965696096633,-0.0173270645772527));
#7794=CARTESIAN_POINT('',(-0.022,-0.0103722133426361,-0.0173701096543814));
#7795=CARTESIAN_POINT('',(-0.022,-0.0103909950611476,-0.0173807284553671));
#7796=CARTESIAN_POINT('',(-0.022,-0.0101212439864435,-0.0135028161939234));
#7797=CARTESIAN_POINT('',(-0.022,-0.0103310555970907,-0.0137822072533769));
#7798=CARTESIAN_POINT('',(-0.022,-0.0105658139619211,-0.0140948181144404));
#7799=CARTESIAN_POINT('',(-0.022,-0.0105751150150805,-0.014108897387969));
#7800=CARTESIAN_POINT('',(-0.022,-0.0105863791526003,-0.0141254227218942));
#7801=CARTESIAN_POINT('',(-0.022,-0.0105992547264898,-0.0141454652747606));
#7802=CARTESIAN_POINT('',(-0.022,-0.0106160785358824,-0.0141726658710565));
#7803=CARTESIAN_POINT('',(-0.022,-0.0106357310203775,-0.014205978084537));
#7804=CARTESIAN_POINT('',(-0.022,-0.0106582388270325,-0.0142459077584486));
#7805=CARTESIAN_POINT('',(-0.022,-0.0106832613633542,-0.0142924607036269));
#7806=CARTESIAN_POINT('',(-0.022,-0.0107105660592506,-0.0143457866572274));
#7807=CARTESIAN_POINT('',(-0.022,-0.0107398833274141,-0.0144059822627363));
#7808=CARTESIAN_POINT('',(-0.022,-0.0107709502128505,-0.0144731498739955));
#7809=CARTESIAN_POINT('',(-0.022,-0.0108034977534934,-0.0145473800474558));
#7810=CARTESIAN_POINT('',(-0.022,-0.010837254929514,-0.0146287565276799));
#7811=CARTESIAN_POINT('',(-0.022,-0.0108719477876518,-0.014717354693969));
#7812=CARTESIAN_POINT('',(-0.022,-0.0109072999644565,-0.0148132419064142));
#7813=CARTESIAN_POINT('',(-0.022,-0.0109430328118613,-0.0149164773156063));
#7814=CARTESIAN_POINT('',(-0.022,-0.0109788656388787,-0.0150271118334323));
#7815=CARTESIAN_POINT('',(-0.022,-0.0110145159235868,-0.0151451880648303));
#7816=CARTESIAN_POINT('',(-0.022,-0.0110496995324018,-0.0152707402610486));
#7817=CARTESIAN_POINT('',(-0.022,-0.0110841309516897,-0.0154037942618058));
#7818=CARTESIAN_POINT('',(-0.022,-0.0111175234688643,-0.0155443674953926));
#7819=CARTESIAN_POINT('',(-0.022,-0.011149589557721,-0.0156924687851412));
#7820=CARTESIAN_POINT('',(-0.022,-0.0111800404782277,-0.0158480989311783));
#7821=CARTESIAN_POINT('',(-0.022,-0.01120858891444,-0.0160112483259014));
#7822=CARTESIAN_POINT('',(-0.022,-0.0112349399014176,-0.0161819060343812));
#7823=CARTESIAN_POINT('',(-0.022,-0.0112588268501649,-0.0163600247547491));
#7824=CARTESIAN_POINT('',(-0.022,-0.0112798741358843,-0.0165456554838019));
#7825=CARTESIAN_POINT('',(-0.022,-0.011293930655371,-0.0166941200110278));
#7826=CARTESIAN_POINT('',(-0.022,-0.0113006714705961,-0.0167808922094163));
#7827=CARTESIAN_POINT('',(-0.022,-0.0113022827821904,-0.0168024076819783));
#7828=CARTESIAN_POINT('',(-0.022,-0.0104567532095267,-0.0139498378041074));
#7829=CARTESIAN_POINT('',(-0.022,-0.0109115124401925,-0.0136090640306798));
#7830=CARTESIAN_POINT('',(-0.022,-0.0105560341900406,-0.0131657042036761));
#7831=CARTESIAN_POINT('',(-0.022,-5.59964453689644E-16,-6.94765932577826E-16));
#7832=CARTESIAN_POINT('',(-0.022,-0.0109544998227944,-0.0128360647642646));
#7833=CARTESIAN_POINT('',(-0.022,-0.0113233965465253,-0.0132683238645187));
#7834=CARTESIAN_POINT('',(-0.022,-0.0117433476620081,-0.0128854743077257));
#7835=CARTESIAN_POINT('',(-0.022,-0.0113671121928012,-0.0124721443784246));
#7836=CARTESIAN_POINT('',(-0.022,-0.0116022396930515,-0.0127305923126221));
#7837=CARTESIAN_POINT('',(-0.022,-0.0118653240253016,-0.0130197698954968));
#7838=CARTESIAN_POINT('',(-0.022,-0.0118774110726202,-0.0130315443942158));
#7839=CARTESIAN_POINT('',(-0.022,-0.0118915330085528,-0.0130457055516868));
#7840=CARTESIAN_POINT('',(-0.022,-0.0119088079107441,-0.0130621086636681));
#7841=CARTESIAN_POINT('',(-0.022,-0.0119323742421774,-0.0130837313606346));
#7842=CARTESIAN_POINT('',(-0.022,-0.0119614138963933,-0.0131092778319529));
#7843=CARTESIAN_POINT('',(-0.022,-0.011996418763603,-0.0131388690382606));
#7844=CARTESIAN_POINT('',(-0.022,-0.0120374583723852,-0.0131721715087357));
#7845=CARTESIAN_POINT('',(-0.022,-0.0120847233869286,-0.0132089848506869));
#7846=CARTESIAN_POINT('',(-0.022,-0.0121383592545214,-0.0132490623611227));
#7847=CARTESIAN_POINT('',(-0.022,-0.01219851578889,-0.013292164921902));
#7848=CARTESIAN_POINT('',(-0.022,-0.0122653323409472,-0.013338045303603));
#7849=CARTESIAN_POINT('',(-0.022,-0.0123389419559611,-0.0133864529790694));
#7850=CARTESIAN_POINT('',(-0.022,-0.0124194700117802,-0.0134371329721786));
#7851=CARTESIAN_POINT('',(-0.022,-0.0125070344607099,-0.0134898264366594));
#7852=CARTESIAN_POINT('',(-0.022,-0.0126017456190625,-0.0135442707437836));
#7853=CARTESIAN_POINT('',(-0.022,-0.0127037060931816,-0.0136001997143091));
#7854=CARTESIAN_POINT('',(-0.022,-0.012813010672684,-0.0136573438139234));
#7855=CARTESIAN_POINT('',(-0.022,-0.0129297462434586,-0.0137154303598735));
#7856=CARTESIAN_POINT('',(-0.022,-0.0130539916874516,-0.0137741837376372));
#7857=CARTESIAN_POINT('',(-0.022,-0.0131858178488321,-0.0138333255788327));
#7858=CARTESIAN_POINT('',(-0.022,-0.0133252872716851,-0.0138925751034622));
#7859=CARTESIAN_POINT('',(-0.022,-0.0134724548464515,-0.0139516488358025));
#7860=CARTESIAN_POINT('',(-0.022,-0.0136273649733452,-0.0140102627487792));
#7861=CARTESIAN_POINT('',(-0.022,-0.013790062182043,-0.0140681250530906));
#7862=CARTESIAN_POINT('',(-0.022,-0.0139605499623188,-0.0141249650182787));
#7863=CARTESIAN_POINT('',(-0.022,-0.0141389487927443,-0.0141804232287408));
#7864=CARTESIAN_POINT('',(-0.022,-0.0142821496759238,-0.0142220502469031));
#7865=CARTESIAN_POINT('',(-0.022,-0.0143661217973003,-0.0142449311523617));
#7866=CARTESIAN_POINT('',(-0.022,-0.0143869542420065,-0.0142505455207304));
#7867=CARTESIAN_POINT('',(-0.022,-0.0131612803306182,-0.0105615493682926));
#7868=CARTESIAN_POINT('',(-0.022,-0.0134339820547507,-0.0107799848180714));
#7869=CARTESIAN_POINT('',(-0.022,-0.0137391082136239,-0.0110243924028227));
#7870=CARTESIAN_POINT('',(-0.022,-0.0137516184300401,-0.0110357162722228));
#7871=CARTESIAN_POINT('',(-0.022,-0.0137666383673955,-0.0110489211553059));
#7872=CARTESIAN_POINT('',(-0.022,-0.0137840938116657,-0.0110651320095006));
#7873=CARTESIAN_POINT('',(-0.022,-0.013807153583373,-0.0110872941377859));
#7874=CARTESIAN_POINT('',(-0.022,-0.0138344730595409,-0.0111146724126715));
#7875=CARTESIAN_POINT('',(-0.022,-0.0138662038481606,-0.0111477501585543));
#7876=CARTESIAN_POINT('',(-0.022,-0.0139020175021741,-0.0111866177056204));
#7877=CARTESIAN_POINT('',(-0.022,-0.0139417259962229,-0.0112314779245875));
#7878=CARTESIAN_POINT('',(-0.022,-0.0139850922468383,-0.0112824914663458));
#7879=CARTESIAN_POINT('',(-0.022,-0.0140318870146058,-0.011339822863351));
#7880=CARTESIAN_POINT('',(-0.022,-0.0140818723078708,-0.0114036267152022));
#7881=CARTESIAN_POINT('',(-0.022,-0.0141348064478163,-0.0114740515353637));
#7882=CARTESIAN_POINT('',(-0.022,-0.0141904428339975,-0.0115512384643625));
#7883=CARTESIAN_POINT('',(-0.022,-0.0142485305372034,-0.0116353214748439));
#7884=CARTESIAN_POINT('',(-0.022,-0.0143088143737622,-0.0117264271560304));
#7885=CARTESIAN_POINT('',(-0.022,-0.0143710351323816,-0.0118246746253284));
#7886=CARTESIAN_POINT('',(-0.022,-0.0144349297625025,-0.0119301754095087));
#7887=CARTESIAN_POINT('',(-0.022,-0.0145002315750593,-0.0120430333449021));
#7888=CARTESIAN_POINT('',(-0.022,-0.0145666704524304,-0.0121633444637787));
#7889=CARTESIAN_POINT('',(-0.022,-0.0146339730238726,-0.012291196949408));
#7890=CARTESIAN_POINT('',(-0.022,-0.0147018629906189,-0.0124266708527804));
#7891=CARTESIAN_POINT('',(-0.022,-0.01477006088292,-0.012569838755611));
#7892=CARTESIAN_POINT('',(-0.022,-0.0148382860220765,-0.0127207628047077));
#7893=CARTESIAN_POINT('',(-0.022,-0.0149062499906078,-0.0128795057634799));
#7894=CARTESIAN_POINT('',(-0.022,-0.0149736828114054,-0.0130460881141214));
#7895=CARTESIAN_POINT('',(-0.022,-0.0150402333430032,-0.0132206526653593));
#7896=CARTESIAN_POINT('',(-0.022,-0.0150907698776058,-0.0133609571922101));
#7897=CARTESIAN_POINT('',(-0.022,-0.0151188782859514,-0.0134433269098456));
#7898=CARTESIAN_POINT('',(-0.022,-0.0151257896556728,-0.0134637657173742));
#7899=CARTESIAN_POINT('',(-0.022,-0.0135974186682968,-0.0109110892217461));
#7900=CARTESIAN_POINT('',(-0.022,-0.0139531438102251,-0.0104679274612884));
#7901=CARTESIAN_POINT('',(-0.022,-0.0134985744576295,-0.0101269004444515));
#7902=CARTESIAN_POINT('',(-0.022,-7.18152607519125E-16,-5.28357267966678E-16));
#7903=CARTESIAN_POINT('',(-0.01,0.0174139201135603,-0.000834894445076453));
#7904=CARTESIAN_POINT('',(-0.022,0.0174139201135603,-0.000834894445076453));
#7905=CARTESIAN_POINT('',(-0.01,0.0174907695402557,-0.000838591097166776));
#7906=CARTESIAN_POINT('',(-0.022,0.0174907695402557,-0.000838591097166776));
#7907=CARTESIAN_POINT('',(-0.01,0.0176103129022838,-0.000844465731878092));
#7908=CARTESIAN_POINT('',(-0.022,0.0176103129022838,-0.000844465731878092));
#7909=CARTESIAN_POINT('',(-0.01,0.0176215793494399,-0.000845973386227208));
#7910=CARTESIAN_POINT('',(-0.022,0.0176215793494399,-0.000845973386227208));
#7911=CARTESIAN_POINT('',(-0.01,0.0177194462394381,-0.000857922370539275));
#7912=CARTESIAN_POINT('',(-0.022,0.0177194462394381,-0.000857922370539275));
#7913=CARTESIAN_POINT('',(-0.01,0.0178353154061259,-0.000880885187412943));
#7914=CARTESIAN_POINT('',(-0.022,0.0178353154061259,-0.000880885187412943));
#7915=CARTESIAN_POINT('',(-0.01,0.0180198334900482,-0.000924818399701186));
#7916=CARTESIAN_POINT('',(-0.022,0.0180198334900482,-0.000924818399701186));
#7917=CARTESIAN_POINT('',(-0.01,0.0182776583158317,-0.00100301082990349));
#7918=CARTESIAN_POINT('',(-0.022,0.0182776583158317,-0.00100301082990349));
#7919=CARTESIAN_POINT('',(-0.01,0.0186197365424155,-0.00113312979774235));
#7920=CARTESIAN_POINT('',(-0.022,0.0186197365424155,-0.00113312979774235));
#7921=CARTESIAN_POINT('',(-0.01,0.0189836262108016,-0.00129837613426385));
#7922=CARTESIAN_POINT('',(-0.022,0.0189836262108016,-0.00129837613426385));
#7923=CARTESIAN_POINT('',(-0.01,0.019489746141283,-0.00156461858064899));
#7924=CARTESIAN_POINT('',(-0.022,0.019489746141283,-0.00156461858064899));
#7925=CARTESIAN_POINT('',(-0.01,0.0198850356259443,-0.00181339177260107));
#7926=CARTESIAN_POINT('',(-0.022,0.0198850356259443,-0.00181339177260107));
#7927=CARTESIAN_POINT('',(-0.01,0.0201508238137737,-0.00200169918475604));
#7928=CARTESIAN_POINT('',(-0.022,0.0201508238137737,-0.00200169918475604));
#7929=CARTESIAN_POINT('',(-0.01,0.0168556224152441,-0.000808466446254345));
#7930=CARTESIAN_POINT('',(-0.01,0.0172046358804205,-0.0008248943855795));
#7931=CARTESIAN_POINT('',(-0.01,0.0175951473022426,-0.000843275618923123));
#7932=CARTESIAN_POINT('',(-0.01,0.0176119242833588,-0.000845083500997443));
#7933=CARTESIAN_POINT('',(-0.01,0.0176318373034684,-0.000846937978152504));
#7934=CARTESIAN_POINT('',(-0.01,0.01765548755555,-0.000849792781975111));
#7935=CARTESIAN_POINT('',(-0.01,0.0176871698749131,-0.000854168126658662));
#7936=CARTESIAN_POINT('',(-0.01,0.0177253643416213,-0.000860259631125903));
#7937=CARTESIAN_POINT('',(-0.01,0.0177704777000685,-0.000868369200086488));
#7938=CARTESIAN_POINT('',(-0.01,0.0178222973257544,-0.000878762968532811));
#7939=CARTESIAN_POINT('',(-0.01,0.0178807903473844,-0.000891715580855908));
#7940=CARTESIAN_POINT('',(-0.01,0.0179458593886273,-0.000907496360522745));
#7941=CARTESIAN_POINT('',(-0.01,0.018017415700652,-0.000926373160632967));
#7942=CARTESIAN_POINT('',(-0.01,0.0180953576155298,-0.000948610942874548));
#7943=CARTESIAN_POINT('',(-0.01,0.0181795769050146,-0.000974471912408182));
#7944=CARTESIAN_POINT('',(-0.01,0.0182699570254761,-0.00100421520242367));
#7945=CARTESIAN_POINT('',(-0.01,0.0183663737180631,-0.00103809669155739));
#7946=CARTESIAN_POINT('',(-0.01,0.0184686949421268,-0.00107636878584044));
#7947=CARTESIAN_POINT('',(-0.01,0.0185767810067812,-0.00111928021385403));
#7948=CARTESIAN_POINT('',(-0.01,0.0186904846534448,-0.00116707581988993));
#7949=CARTESIAN_POINT('',(-0.01,0.0188096511595952,-0.00121999636520447));
#7950=CARTESIAN_POINT('',(-0.01,0.0189341184418381,-0.00127827831269025));
#7951=CARTESIAN_POINT('',(-0.01,0.0190637171714218,-0.00134215368740238));
#7952=CARTESIAN_POINT('',(-0.01,0.0191982708707399,-0.00141184965629281));
#7953=CARTESIAN_POINT('',(-0.01,0.0193375961064775,-0.00148758920739981));
#7954=CARTESIAN_POINT('',(-0.01,0.0194815023337741,-0.00156958759734711));
#7955=CARTESIAN_POINT('',(-0.01,0.0196297931093926,-0.00165806513034123));
#7956=CARTESIAN_POINT('',(-0.01,0.0197822620563957,-0.00175319706538781));
#7957=CARTESIAN_POINT('',(-0.01,0.0199387090362338,-0.00185530533294927));
#7958=CARTESIAN_POINT('',(-0.01,0.0200620628832768,-0.0019391094498179));
#7959=CARTESIAN_POINT('',(-0.01,0.0201332187685749,-0.00198922624331598));
#7960=CARTESIAN_POINT('',(-0.01,0.0201508238137737,-0.00200169918475604));
#7961=CARTESIAN_POINT('',(-0.01,0.0174139201132731,-0.000834894445062634));
#7962=CARTESIAN_POINT('',(-0.01,0.0174139201132731,-0.000834894445062638));
#7963=CARTESIAN_POINT('',(-0.01,0.0174139201135603,0.000834894445076482));
#7964=CARTESIAN_POINT('',(-0.022,0.0174139201135603,0.000834894445076482));
#7965=CARTESIAN_POINT('',(-0.01,0.0174907695402557,0.000838591097166805));
#7966=CARTESIAN_POINT('',(-0.022,0.0174907695402557,0.000838591097166805));
#7967=CARTESIAN_POINT('',(-0.01,0.0176103129022838,0.000844465731878121));
#7968=CARTESIAN_POINT('',(-0.022,0.0176103129022838,0.000844465731878121));
#7969=CARTESIAN_POINT('',(-0.01,0.0176215793494399,0.000845973386227237));
#7970=CARTESIAN_POINT('',(-0.022,0.0176215793494399,0.000845973386227237));
#7971=CARTESIAN_POINT('',(-0.01,0.0177194462394381,0.000857922370539304));
#7972=CARTESIAN_POINT('',(-0.022,0.0177194462394381,0.000857922370539304));
#7973=CARTESIAN_POINT('',(-0.01,0.0178353154061259,0.000880885187412972));
#7974=CARTESIAN_POINT('',(-0.022,0.0178353154061259,0.000880885187412972));
#7975=CARTESIAN_POINT('',(-0.01,0.0180198334900482,0.000924818399701215));
#7976=CARTESIAN_POINT('',(-0.022,0.0180198334900482,0.000924818399701215));
#7977=CARTESIAN_POINT('',(-0.01,0.0182776583158317,0.00100301082990352));
#7978=CARTESIAN_POINT('',(-0.022,0.0182776583158317,0.00100301082990352));
#7979=CARTESIAN_POINT('',(-0.01,0.0186197365424155,0.00113312979774238));
#7980=CARTESIAN_POINT('',(-0.022,0.0186197365424155,0.00113312979774238));
#7981=CARTESIAN_POINT('',(-0.01,0.0189836262108016,0.00129837613426387));
#7982=CARTESIAN_POINT('',(-0.022,0.0189836262108016,0.00129837613426387));
#7983=CARTESIAN_POINT('',(-0.01,0.019489746141283,0.00156461858064903));
#7984=CARTESIAN_POINT('',(-0.022,0.019489746141283,0.00156461858064903));
#7985=CARTESIAN_POINT('',(-0.01,0.0198850356259443,0.00181339177260102));
#7986=CARTESIAN_POINT('',(-0.022,0.0198850356259443,0.00181339177260102));
#7987=CARTESIAN_POINT('',(-0.01,0.0201508238137737,0.00200169918475607));
#7988=CARTESIAN_POINT('',(-0.022,0.0201508238137737,0.00200169918475607));
#7989=CARTESIAN_POINT('',(-0.01,0.0168556224152441,0.000808466446254374));
#7990=CARTESIAN_POINT('',(-0.01,0.0172046358804205,0.000824894385579529));
#7991=CARTESIAN_POINT('',(-0.01,0.0175951473022426,0.000843275618923152));
#7992=CARTESIAN_POINT('',(-0.01,0.0176119242833588,0.000845083500997472));
#7993=CARTESIAN_POINT('',(-0.01,0.0176318373034684,0.000846937978152533));
#7994=CARTESIAN_POINT('',(-0.01,0.01765548755555,0.00084979278197514));
#7995=CARTESIAN_POINT('',(-0.01,0.0176871698749131,0.000854168126658691));
#7996=CARTESIAN_POINT('',(-0.01,0.0177253643416213,0.000860259631125932));
#7997=CARTESIAN_POINT('',(-0.01,0.0177704777000685,0.000868369200086517));
#7998=CARTESIAN_POINT('',(-0.01,0.0178222973257544,0.00087876296853284));
#7999=CARTESIAN_POINT('',(-0.01,0.0178807903473844,0.000891715580855937));
#8000=CARTESIAN_POINT('',(-0.01,0.0179458593886273,0.000907496360522774));
#8001=CARTESIAN_POINT('',(-0.01,0.018017415700652,0.000926373160632996));
#8002=CARTESIAN_POINT('',(-0.01,0.0180953576155298,0.000948610942874577));
#8003=CARTESIAN_POINT('',(-0.01,0.0181795769050146,0.000974471912408211));
#8004=CARTESIAN_POINT('',(-0.01,0.0182699570254761,0.0010042152024237));
#8005=CARTESIAN_POINT('',(-0.01,0.0183663737180631,0.00103809669155741));
#8006=CARTESIAN_POINT('',(-0.01,0.0184686949421268,0.00107636878584047));
#8007=CARTESIAN_POINT('',(-0.01,0.0185767810067812,0.00111928021385405));
#8008=CARTESIAN_POINT('',(-0.01,0.0186904846534448,0.00116707581988996));
#8009=CARTESIAN_POINT('',(-0.01,0.0188096511595952,0.0012199963652045));
#8010=CARTESIAN_POINT('',(-0.01,0.0189341184418381,0.00127827831269028));
#8011=CARTESIAN_POINT('',(-0.01,0.0190637171714218,0.00134215368740241));
#8012=CARTESIAN_POINT('',(-0.01,0.0191982708707399,0.00141184965629284));
#8013=CARTESIAN_POINT('',(-0.01,0.0193375961064775,0.00148758920739984));
#8014=CARTESIAN_POINT('',(-0.01,0.0194815023337741,0.00156958759734714));
#8015=CARTESIAN_POINT('',(-0.01,0.0196297931093926,0.00165806513034126));
#8016=CARTESIAN_POINT('',(-0.01,0.0197822620563957,0.00175319706538784));
#8017=CARTESIAN_POINT('',(-0.01,0.0199387090362338,0.00185530533294931));
#8018=CARTESIAN_POINT('',(-0.01,0.0200620628832768,0.00193910944981793));
#8019=CARTESIAN_POINT('',(-0.01,0.0201332187685749,0.001989226243316));
#8020=CARTESIAN_POINT('',(-0.01,0.0201508238137737,0.00200169918475607));
#8021=CARTESIAN_POINT('',(-0.01,0.0174139201132731,0.000834894445062664));
#8022=CARTESIAN_POINT('',(-0.022,0.0174139201132732,0.000834894445062668));
#8023=CARTESIAN_POINT('',(-0.01,9.35505573788242E-16,2.01161283533727E-17));
#8024=CARTESIAN_POINT('',(-0.01,0.0168730188687405,0.00025857156673806));
#8025=CARTESIAN_POINT('',(-0.01,0.0168730188687405,0.00025857156673806));
#8026=CARTESIAN_POINT('',(-0.01,9.35505573788242E-16,2.01161283533727E-17));
#8027=CARTESIAN_POINT('',(-0.01,0.0168730188687405,-0.00025857156673803));
#8028=CARTESIAN_POINT('',(-0.01,0.0168730188687405,-0.00025857156673803));
#8029=CARTESIAN_POINT('',(-0.016,0.0174412238512425,-0.000267279057300141));
#8030=CARTESIAN_POINT('',(-0.01,0.0174412238512425,-0.000267279057300141));
#8031=CARTESIAN_POINT('',(-0.016,0.0174412238512425,0.00026727905730017));
#8032=CARTESIAN_POINT('',(-0.01,0.0174412238512425,0.00026727905730017));
#8033=CARTESIAN_POINT('',(-0.01,0.0121226768670752,-0.0125292604742802));
#8034=CARTESIAN_POINT('',(-0.022,0.0121226768670752,-0.0125292604742802));
#8035=CARTESIAN_POINT('',(-0.01,0.0121761671556814,-0.0125845622703172));
#8036=CARTESIAN_POINT('',(-0.022,0.0121761671556814,-0.0125845622703172));
#8037=CARTESIAN_POINT('',(-0.01,0.0122592890520263,-0.0126706777572286));
#8038=CARTESIAN_POINT('',(-0.022,0.0122592890520263,-0.0126706777572286));
#8039=CARTESIAN_POINT('',(-0.01,0.0122664698781241,-0.0126794892037449));
#8040=CARTESIAN_POINT('',(-0.022,0.0122664698781241,-0.0126794892037449));
#8041=CARTESIAN_POINT('',(-0.01,0.0123296321279665,-0.0127551941347524));
#8042=CARTESIAN_POINT('',(-0.022,0.0123296321279665,-0.0127551941347524));
#8043=CARTESIAN_POINT('',(-0.01,0.0123983779855326,-0.0128512512105731));
#8044=CARTESIAN_POINT('',(-0.022,0.0123983779855326,-0.0128512512105731));
#8045=CARTESIAN_POINT('',(-0.01,0.0125028115265778,-0.0130095884643736));
#8046=CARTESIAN_POINT('',(-0.022,0.0125028115265778,-0.0130095884643736));
#8047=CARTESIAN_POINT('',(-0.01,0.0126372313341438,-0.0132430815312196));
#8048=CARTESIAN_POINT('',(-0.022,0.0126372313341438,-0.0132430815312196));
#8049=CARTESIAN_POINT('',(-0.01,0.0127975230665868,-0.0135721028366157));
#8050=CARTESIAN_POINT('',(-0.022,0.0127975230665868,-0.0135721028366157));
#8051=CARTESIAN_POINT('',(-0.01,0.012949668317252,-0.0139416618511073));
#8052=CARTESIAN_POINT('',(-0.022,0.012949668317252,-0.0139416618511073));
#8053=CARTESIAN_POINT('',(-0.01,0.0131363583721372,-0.0144822071754736));
#8054=CARTESIAN_POINT('',(-0.022,0.0131363583721372,-0.0144822071754736));
#8055=CARTESIAN_POINT('',(-0.01,0.0132542150366219,-0.0149341493004801));
#8056=CARTESIAN_POINT('',(-0.022,0.0132542150366219,-0.0149341493004801));
#8057=CARTESIAN_POINT('',(-0.01,0.0133190609930727,-0.0152533640310198));
#8058=CARTESIAN_POINT('',(-0.022,0.0133190609930727,-0.0152533640310198));
#8059=CARTESIAN_POINT('',(-0.01,0.0121226768668752,-0.0125292604740735));
#8060=CARTESIAN_POINT('',(-0.01,0.0132657260193412,-0.0113120367589419));
#8061=CARTESIAN_POINT('',(-0.022,0.0132657260193412,-0.0113120367589419));
#8062=CARTESIAN_POINT('',(-0.01,0.0133242773729276,-0.0113619490681782));
#8063=CARTESIAN_POINT('',(-0.022,0.0133242773729276,-0.0113619490681782));
#8064=CARTESIAN_POINT('',(-0.01,0.0134154421976525,-0.0114394997062854));
#8065=CARTESIAN_POINT('',(-0.022,0.0134154421976525,-0.0114394997062854));
#8066=CARTESIAN_POINT('',(-0.01,0.0134246871445932,-0.0114461130873587));
#8067=CARTESIAN_POINT('',(-0.022,0.0134246871445932,-0.0114461130873587));
#8068=CARTESIAN_POINT('',(-0.01,0.0135042086796949,-0.0115043971489802));
#8069=CARTESIAN_POINT('',(-0.022,0.0135042086796949,-0.0115043971489802));
#8070=CARTESIAN_POINT('',(-0.01,0.0136043927969306,-0.0115669758786045));
#8071=CARTESIAN_POINT('',(-0.022,0.0136043927969306,-0.0115669758786045));
#8072=CARTESIAN_POINT('',(-0.01,0.0137689750446279,-0.0116612612654851));
#8073=CARTESIAN_POINT('',(-0.022,0.0137689750446279,-0.0116612612654851));
#8074=CARTESIAN_POINT('',(-0.01,0.014010447655795,-0.0117807546752924));
#8075=CARTESIAN_POINT('',(-0.022,0.014010447655795,-0.0117807546752924));
#8076=CARTESIAN_POINT('',(-0.01,0.014348884513959,-0.0119200706899146));
#8077=CARTESIAN_POINT('',(-0.022,0.014348884513959,-0.0119200706899146));
#8078=CARTESIAN_POINT('',(-0.01,0.0147272675674863,-0.0120487109141651));
#8079=CARTESIAN_POINT('',(-0.022,0.0147272675674863,-0.0120487109141651));
#8080=CARTESIAN_POINT('',(-0.01,0.0152784686146685,-0.0122010914571263));
#8081=CARTESIAN_POINT('',(-0.022,0.0152784686146685,-0.0122010914571263));
#8082=CARTESIAN_POINT('',(-0.01,0.0157369192163191,-0.0122903378775788));
#8083=CARTESIAN_POINT('',(-0.022,0.0157369192163191,-0.0122903378775788));
#8084=CARTESIAN_POINT('',(-0.01,0.0160595757608019,-0.0123350122165755));
#8085=CARTESIAN_POINT('',(-0.022,0.0160595757608019,-0.0123350122165755));
#8086=CARTESIAN_POINT('',(-0.022,0.0132657260191224,-0.0113120367587554));
#8087=CARTESIAN_POINT('',(-0.01,6.91080991262418E-16,-6.08397179296979E-16));
#8088=CARTESIAN_POINT('',(-0.01,0.0124769058228874,-0.0113618856747812));
#8089=CARTESIAN_POINT('',(-0.01,0.0121228969875154,-0.0117388667949717));
#8090=CARTESIAN_POINT('',(-0.016,0.0125311399062396,-0.012134177358761));
#8091=CARTESIAN_POINT('',(-0.016,0.01289707011654,-0.0117445012636838));
#8092=CARTESIAN_POINT('',(-0.01,0.00862592030764475,-0.0151504178589912));
#8093=CARTESIAN_POINT('',(-0.022,0.00862592030764475,-0.0151504178589912));
#8094=CARTESIAN_POINT('',(-0.01,0.0086639771030562,-0.0152172847412507));
#8095=CARTESIAN_POINT('',(-0.022,0.0086639771030562,-0.0152172847412507));
#8096=CARTESIAN_POINT('',(-0.01,0.00872307152145384,-0.0153213663268085));
#8097=CARTESIAN_POINT('',(-0.022,0.00872307152145384,-0.0153213663268085));
#8098=CARTESIAN_POINT('',(-0.01,0.00872783543105531,-0.0153316867443614));
#8099=CARTESIAN_POINT('',(-0.022,0.00872783543105531,-0.0153316867443614));
#8100=CARTESIAN_POINT('',(-0.01,0.00877018627192155,-0.015420721078536));
#8101=CARTESIAN_POINT('',(-0.022,0.00877018627192155,-0.015420721078536));
#8102=CARTESIAN_POINT('',(-0.01,0.00881288392861016,-0.0155308567442444));
#8103=CARTESIAN_POINT('',(-0.022,0.00881288392861016,-0.0155308567442444));
#8104=CARTESIAN_POINT('',(-0.01,0.00887465962414193,-0.0157101911075936));
#8105=CARTESIAN_POINT('',(-0.022,0.00887465962414193,-0.0157101911075936));
#8106=CARTESIAN_POINT('',(-0.01,0.00894678902182483,-0.0159697774071572));
#8107=CARTESIAN_POINT('',(-0.022,0.00894678902182483,-0.0159697774071572));
#8108=CARTESIAN_POINT('',(-0.01,0.00902022062342345,-0.0163283248360711));
#8109=CARTESIAN_POINT('',(-0.022,0.00902022062342345,-0.0163283248360711));
#8110=CARTESIAN_POINT('',(-0.01,0.00907568036164877,-0.0167241104597716));
#8111=CARTESIAN_POINT('',(-0.022,0.00907568036164877,-0.0167241104597716));
#8112=CARTESIAN_POINT('',(-0.01,0.00912207704943663,-0.017294101487464));
#8113=CARTESIAN_POINT('',(-0.022,0.00912207704943663,-0.017294101487464));
#8114=CARTESIAN_POINT('',(-0.01,0.00912383759401044,-0.0177611547801414));
#8115=CARTESIAN_POINT('',(-0.022,0.00912383759401044,-0.0177611547801414));
#8116=CARTESIAN_POINT('',(-0.01,0.00910726082017665,-0.01808646732652));
#8117=CARTESIAN_POINT('',(-0.022,0.00910726082017665,-0.01808646732652));
#8118=CARTESIAN_POINT('',(-0.01,0.00862592030750253,-0.0151504178587413));
#8119=CARTESIAN_POINT('',(-0.01,0.0100357696972939,-0.0142557002296891));
#8120=CARTESIAN_POINT('',(-0.022,0.0100357696972939,-0.0142557002296891));
#8121=CARTESIAN_POINT('',(-0.01,0.0100800688658868,-0.0143186055814651));
#8122=CARTESIAN_POINT('',(-0.022,0.0100800688658868,-0.0143186055814651));
#8123=CARTESIAN_POINT('',(-0.01,0.0101490835205622,-0.0144163915936448));
#8124=CARTESIAN_POINT('',(-0.022,0.0101490835205622,-0.0144163915936448));
#8125=CARTESIAN_POINT('',(-0.01,0.0101563933395016,-0.014425096328002));
#8126=CARTESIAN_POINT('',(-0.022,0.0101563933395016,-0.014425096328002));
#8127=CARTESIAN_POINT('',(-0.01,0.01021892190264,-0.0145013254902424));
#8128=CARTESIAN_POINT('',(-0.022,0.01021892190264,-0.0145013254902424));
#8129=CARTESIAN_POINT('',(-0.01,0.0103003958543978,-0.0145868529708124));
#8130=CARTESIAN_POINT('',(-0.022,0.0103003958543978,-0.0145868529708124));
#8131=CARTESIAN_POINT('',(-0.01,0.0104363596259136,-0.0147191061494946));
#8132=CARTESIAN_POINT('',(-0.022,0.0104363596259136,-0.0147191061494946));
#8133=CARTESIAN_POINT('',(-0.01,0.0106405291283618,-0.0148948972505244));
#8134=CARTESIAN_POINT('',(-0.022,0.0106405291283618,-0.0148948972505244));
#8135=CARTESIAN_POINT('',(-0.01,0.0109336868863281,-0.0151140022204322));
#8136=CARTESIAN_POINT('',(-0.022,0.0109336868863281,-0.0151140022204322));
#8137=CARTESIAN_POINT('',(-0.01,0.0112681908175774,-0.0153327010143719));
#8138=CARTESIAN_POINT('',(-0.022,0.0112681908175774,-0.0153327010143719));
#8139=CARTESIAN_POINT('',(-0.01,0.0117641793702392,-0.0156173723685965));
#8140=CARTESIAN_POINT('',(-0.022,0.0117641793702392,-0.0156173723685965));
#8141=CARTESIAN_POINT('',(-0.01,0.0121860322209758,-0.0158178269770335));
#8142=CARTESIAN_POINT('',(-0.022,0.0121860322209758,-0.0158178269770335));
#8143=CARTESIAN_POINT('',(-0.01,0.012487441860465,-0.0159413392091602));
#8144=CARTESIAN_POINT('',(-0.022,0.012487441860465,-0.0159413392091602));
#8145=CARTESIAN_POINT('',(-0.022,0.0100357696971283,-0.014255700229454));
#8146=CARTESIAN_POINT('',(-0.01,5.15067979776101E-16,-7.55824298434411E-16));
#8147=CARTESIAN_POINT('',(-0.01,0.00925933481659515,-0.0141078114445221));
#8148=CARTESIAN_POINT('',(-0.01,0.00882269642751967,-0.014384910592278));
#8149=CARTESIAN_POINT('',(-0.016,0.00911980390474212,-0.0148693276331739));
#8150=CARTESIAN_POINT('',(-0.016,0.00957114624870287,-0.0145828970718976));
#8151=CARTESIAN_POINT('',(-0.01,0.0148577210548604,-0.00912084357457343));
#8152=CARTESIAN_POINT('',(-0.022,0.0148577210548604,-0.00912084357457343));
#8153=CARTESIAN_POINT('',(-0.01,0.0149232838451047,-0.00916110546915711));
#8154=CARTESIAN_POINT('',(-0.022,0.0149232838451047,-0.00916110546915711));
#8155=CARTESIAN_POINT('',(-0.01,0.0150252103649487,-0.00922384390466896));
#8156=CARTESIAN_POINT('',(-0.022,0.0150252103649487,-0.00922384390466896));
#8157=CARTESIAN_POINT('',(-0.01,0.0150343569098299,-0.00923059272455779));
#8158=CARTESIAN_POINT('',(-0.022,0.0150343569098299,-0.00923059272455779));
#8159=CARTESIAN_POINT('',(-0.01,0.0151143618521964,-0.00928821143315974));
#8160=CARTESIAN_POINT('',(-0.022,0.0151143618521964,-0.00928821143315974));
#8161=CARTESIAN_POINT('',(-0.01,0.0152048363555794,-0.00936415429974573));
#8162=CARTESIAN_POINT('',(-0.022,0.0152048363555794,-0.00936415429974573));
#8163=CARTESIAN_POINT('',(-0.01,0.0153453657986745,-0.00949154553201748));
#8164=CARTESIAN_POINT('',(-0.022,0.0153453657986745,-0.00949154553201748));
#8165=CARTESIAN_POINT('',(-0.01,0.0155336299252528,-0.00968427413802845));
#8166=CARTESIAN_POINT('',(-0.022,0.0155336299252528,-0.00968427413802845));
#8167=CARTESIAN_POINT('',(-0.01,0.015770710069479,-0.00996309570123297));
#8168=CARTESIAN_POINT('',(-0.022,0.015770710069479,-0.00996309570123297));
#8169=CARTESIAN_POINT('',(-0.01,0.0160099809869337,-0.0102832073544922));
#8170=CARTESIAN_POINT('',(-0.022,0.0160099809869337,-0.0102832073544922));
#8171=CARTESIAN_POINT('',(-0.01,0.0163252339861698,-0.0107603425248162));
#8172=CARTESIAN_POINT('',(-0.022,0.0163252339861698,-0.0107603425248162));
#8173=CARTESIAN_POINT('',(-0.01,0.0165517814028892,-0.0111687762963093));
#8174=CARTESIAN_POINT('',(-0.022,0.0165517814028892,-0.0111687762963093));
#8175=CARTESIAN_POINT('',(-0.01,0.0166939755796942,-0.0114618357755019));
#8176=CARTESIAN_POINT('',(-0.022,0.0166939755796942,-0.0114618357755019));
#8177=CARTESIAN_POINT('',(-0.01,0.0148577210546154,-0.00912084357442298));
#8178=CARTESIAN_POINT('',(-0.01,0.0156621479876658,-0.0076575964158694));
#8179=CARTESIAN_POINT('',(-0.022,0.0156621479876658,-0.0076575964158694));
#8180=CARTESIAN_POINT('',(-0.01,0.0157312725293629,-0.00769137950861198));
#8181=CARTESIAN_POINT('',(-0.022,0.0157312725293629,-0.00769137950861198));
#8182=CARTESIAN_POINT('',(-0.01,0.0158388593029192,-0.00774382198084314));
#8183=CARTESIAN_POINT('',(-0.022,0.0158388593029192,-0.00774382198084314));
#8184=CARTESIAN_POINT('',(-0.01,0.0158494584838444,-0.00774792846557731));
#8185=CARTESIAN_POINT('',(-0.022,0.0158494584838444,-0.00774792846557731));
#8186=CARTESIAN_POINT('',(-0.01,0.0159409763603991,-0.00778460522463446));
#8187=CARTESIAN_POINT('',(-0.022,0.0159409763603991,-0.00778460522463446));
#8188=CARTESIAN_POINT('',(-0.01,0.0160535757065754,-0.0078203031515824));
#8189=CARTESIAN_POINT('',(-0.022,0.0160535757065754,-0.0078203031515824));
#8190=CARTESIAN_POINT('',(-0.01,0.0162364351225403,-0.00787069644904621));
#8191=CARTESIAN_POINT('',(-0.022,0.0162364351225403,-0.00787069644904621));
#8192=CARTESIAN_POINT('',(-0.01,0.0165000382301924,-0.00792638395722688));
#8193=CARTESIAN_POINT('',(-0.022,0.0165000382301924,-0.00792638395722688));
#8194=CARTESIAN_POINT('',(-0.01,0.016862488956072,-0.0079771572789962));
#8195=CARTESIAN_POINT('',(-0.022,0.016862488956072,-0.0079771572789962));
#8196=CARTESIAN_POINT('',(-0.01,0.0172609759330288,-0.00800765599516231));
#8197=CARTESIAN_POINT('',(-0.022,0.0172609759330288,-0.00800765599516231));
#8198=CARTESIAN_POINT('',(-0.01,0.0178327554857609,-0.00801817109692929));
#8199=CARTESIAN_POINT('',(-0.022,0.0178327554857609,-0.00801817109692929));
#8200=CARTESIAN_POINT('',(-0.01,0.0182989977009615,-0.00799060164857541));
#8201=CARTESIAN_POINT('',(-0.022,0.0182989977009615,-0.00799060164857541));
#8202=CARTESIAN_POINT('',(-0.01,0.0186226274530995,-0.0079536310414217));
#8203=CARTESIAN_POINT('',(-0.022,0.0186226274530995,-0.0079536310414217));
#8204=CARTESIAN_POINT('',(-0.022,0.0156621479874075,-0.00765759641574315));
#8205=CARTESIAN_POINT('',(-0.01,8.24900596704277E-16,-4.2182909824068E-16));
#8206=CARTESIAN_POINT('',(-0.01,0.0149105069494778,-0.00790205084200136));
#8207=CARTESIAN_POINT('',(-0.01,0.0146613713448892,-0.00835522682440527));
#8208=CARTESIAN_POINT('',(-0.016,0.0151550983011193,-0.00863659209451446));
#8209=CARTESIAN_POINT('',(-0.016,0.015412623636849,-0.00816815524781855));
#8210=CARTESIAN_POINT('',(-0.01,0.0166591999858931,-0.00513933052895998));
#8211=CARTESIAN_POINT('',(-0.022,0.0166591999858931,-0.00513933052895998));
#8212=CARTESIAN_POINT('',(-0.01,0.0167327157265414,-0.00516202271918079));
#8213=CARTESIAN_POINT('',(-0.022,0.0167327157265414,-0.00516202271918079));
#8214=CARTESIAN_POINT('',(-0.01,0.0168470424517831,-0.00519744201665402));
#8215=CARTESIAN_POINT('',(-0.022,0.0168470424517831,-0.00519744201665402));
#8216=CARTESIAN_POINT('',(-0.01,0.0168575800043942,-0.00520170415674137));
#8217=CARTESIAN_POINT('',(-0.022,0.0168575800043942,-0.00520170415674137));
#8218=CARTESIAN_POINT('',(-0.01,0.0169494006345182,-0.00523761624756946));
#8219=CARTESIAN_POINT('',(-0.022,0.0169494006345182,-0.00523761624756946));
#8220=CARTESIAN_POINT('',(-0.01,0.0170559189379287,-0.00528867313531485));
#8221=CARTESIAN_POINT('',(-0.022,0.0170559189379287,-0.00528867313531485));
#8222=CARTESIAN_POINT('',(-0.01,0.0172237143013328,-0.00537711388642205));
#8223=CARTESIAN_POINT('',(-0.022,0.0172237143013328,-0.00537711388642205));
#8224=CARTESIAN_POINT('',(-0.01,0.0174539934194635,-0.00551696818447612));
#8225=CARTESIAN_POINT('',(-0.022,0.0174539934194635,-0.00551696818447612));
#8226=CARTESIAN_POINT('',(-0.01,0.0177529653580914,-0.00572807062123894));
#8227=CARTESIAN_POINT('',(-0.022,0.0177529653580914,-0.00572807062123894));
#8228=CARTESIAN_POINT('',(-0.01,0.0180643276706149,-0.00597862112080326));
#8229=CARTESIAN_POINT('',(-0.022,0.0180643276706149,-0.00597862112080326));
#8230=CARTESIAN_POINT('',(-0.01,0.0184883351088407,-0.00636236597955294));
#8231=CARTESIAN_POINT('',(-0.022,0.0184883351088407,-0.00636236597955294));
#8232=CARTESIAN_POINT('',(-0.01,0.0188093384704191,-0.00670162800155568));
#8233=CARTESIAN_POINT('',(-0.022,0.0188093384704191,-0.00670162800155568));
#8234=CARTESIAN_POINT('',(-0.01,0.0190199462844961,-0.00695011822452585));
#8235=CARTESIAN_POINT('',(-0.022,0.0190199462844961,-0.00695011822452585));
#8236=CARTESIAN_POINT('',(-0.01,0.0161250146124522,-0.00497488982271992));
#8237=CARTESIAN_POINT('',(-0.01,0.0164589777154521,-0.00507759776739604));
#8238=CARTESIAN_POINT('',(-0.01,0.0168326492760112,-0.00519251776192296));
#8239=CARTESIAN_POINT('',(-0.01,0.0168484495754259,-0.00519844111159821));
#8240=CARTESIAN_POINT('',(-0.01,0.0168672758016767,-0.00520518949366745));
#8241=CARTESIAN_POINT('',(-0.01,0.0168894730767589,-0.00521383618709995));
#8242=CARTESIAN_POINT('',(-0.01,0.0169190719338239,-0.00522595314471212));
#8243=CARTESIAN_POINT('',(-0.01,0.0169545515555671,-0.00524135185098102));
#8244=CARTESIAN_POINT('',(-0.01,0.0169962308271112,-0.00526042587894211));
#8245=CARTESIAN_POINT('',(-0.01,0.0170438376188645,-0.00528338012490463));
#8246=CARTESIAN_POINT('',(-0.01,0.0170972717909617,-0.00531047243004251));
#8247=CARTESIAN_POINT('',(-0.01,0.0171563720483056,-0.0053419394400219));
#8248=CARTESIAN_POINT('',(-0.01,0.0172209858179158,-0.00537801852190802));
#8249=CARTESIAN_POINT('',(-0.01,0.0172909487326561,-0.00541894102934443));
#8250=CARTESIAN_POINT('',(-0.01,0.017366090756698,-0.00546493401456426));
#8251=CARTESIAN_POINT('',(-0.01,0.0174462345640398,-0.00551621948638932));
#8252=CARTESIAN_POINT('',(-0.01,0.0175311961652218,-0.00557301438263848));
#8253=CARTESIAN_POINT('',(-0.01,0.0176207848970672,-0.00563553034236916));
#8254=CARTESIAN_POINT('',(-0.01,0.0177148036010533,-0.0057039735401861));
#8255=CARTESIAN_POINT('',(-0.01,0.0178130487546985,-0.0057785445064274));
#8256=CARTESIAN_POINT('',(-0.01,0.0179153106214833,-0.00585943796046519));
#8257=CARTESIAN_POINT('',(-0.01,0.0180213734042312,-0.00594684262777439));
#8258=CARTESIAN_POINT('',(-0.01,0.0181310153916799,-0.00604094113356822));
#8259=CARTESIAN_POINT('',(-0.01,0.0182440091564678,-0.00614190961973507));
#8260=CARTESIAN_POINT('',(-0.01,0.0183601215733047,-0.00624991845072356));
#8261=CARTESIAN_POINT('',(-0.01,0.018479114551502,-0.00636512873389487));
#8262=CARTESIAN_POINT('',(-0.01,0.0186007430320199,-0.00648770499874733));
#8263=CARTESIAN_POINT('',(-0.01,0.0187247635364897,-0.0066177656743454));
#8264=CARTESIAN_POINT('',(-0.01,0.0188509021532318,-0.00675557280468064));
#8265=CARTESIAN_POINT('',(-0.01,0.0189495393759702,-0.00686742091541536));
#8266=CARTESIAN_POINT('',(-0.01,0.019005996228565,-0.00693365894677323));
#8267=CARTESIAN_POINT('',(-0.01,0.0190199462844961,-0.00695011822452585));
#8268=CARTESIAN_POINT('',(-0.01,0.0166591999856182,-0.00513933052887516));
#8269=CARTESIAN_POINT('',(-0.01,0.0166591999856184,-0.00513933052887518));
#8270=CARTESIAN_POINT('',(-0.01,0.0170744595965743,-0.00352200112731819));
#8271=CARTESIAN_POINT('',(-0.022,0.0170744595965743,-0.00352200112731819));
#8272=CARTESIAN_POINT('',(-0.01,0.0171498139772051,-0.00353753228760452));
#8273=CARTESIAN_POINT('',(-0.022,0.0171498139772051,-0.00353753228760452));
#8274=CARTESIAN_POINT('',(-0.01,0.0172670626269337,-0.00356157144055943));
#8275=CARTESIAN_POINT('',(-0.022,0.0172670626269337,-0.00356157144055943));
#8276=CARTESIAN_POINT('',(-0.01,0.0172783500563248,-0.00356291300341606));
#8277=CARTESIAN_POINT('',(-0.022,0.0172783500563248,-0.00356291300341606));
#8278=CARTESIAN_POINT('',(-0.01,0.0173761138695694,-0.00357567792424963));
#8279=CARTESIAN_POINT('',(-0.022,0.0173761138695694,-0.00357567792424963));
#8280=CARTESIAN_POINT('',(-0.01,0.0174940534136545,-0.0035822520164832));
#8281=CARTESIAN_POINT('',(-0.022,0.0174940534136545,-0.0035822520164832));
#8282=CARTESIAN_POINT('',(-0.01,0.0176837002682722,-0.00358558682831703));
#8283=CARTESIAN_POINT('',(-0.022,0.0176837002682722,-0.00358558682831703));
#8284=CARTESIAN_POINT('',(-0.01,0.0179528707196911,-0.00357396938392774));
#8285=CARTESIAN_POINT('',(-0.022,0.0179528707196911,-0.00357396938392774));
#8286=CARTESIAN_POINT('',(-0.01,0.0183165612011787,-0.00353300973830625));
#8287=CARTESIAN_POINT('',(-0.022,0.0183165612011787,-0.00353300973830625));
#8288=CARTESIAN_POINT('',(-0.01,0.0187101136992702,-0.00346345059988474));
#8289=CARTESIAN_POINT('',(-0.022,0.0187101136992702,-0.00346345059988474));
#8290=CARTESIAN_POINT('',(-0.01,0.019266544745396,-0.00333143955794167));
#8291=CARTESIAN_POINT('',(-0.022,0.019266544745396,-0.00333143955794167));
#8292=CARTESIAN_POINT('',(-0.01,0.0197112828610466,-0.00318878653061473));
#8293=CARTESIAN_POINT('',(-0.022,0.0197112828610466,-0.00318878653061473));
#8294=CARTESIAN_POINT('',(-0.01,0.020015550973286,-0.00307249397652659));
#8295=CARTESIAN_POINT('',(-0.022,0.020015550973286,-0.00307249397652659));
#8296=CARTESIAN_POINT('',(-0.01,0.0165271294710434,-0.00340875585036097));
#8297=CARTESIAN_POINT('',(-0.01,0.0168692634987975,-0.0034796401442323));
#8298=CARTESIAN_POINT('',(-0.01,0.0172520775130489,-0.00355895263256441));
#8299=CARTESIAN_POINT('',(-0.01,0.0172687770164417,-0.00356137381397067));
#8300=CARTESIAN_POINT('',(-0.01,0.0172885256221214,-0.00356452976534973));
#8301=CARTESIAN_POINT('',(-0.01,0.0173121428188847,-0.00356764622896043));
#8302=CARTESIAN_POINT('',(-0.01,0.017343917883901,-0.00357128741620336));
#8303=CARTESIAN_POINT('',(-0.01,0.0173824272967615,-0.00357488586516643));
#8304=CARTESIAN_POINT('',(-0.01,0.0174281401038851,-0.00357825030924906));
#8305=CARTESIAN_POINT('',(-0.01,0.0174809165458426,-0.00358107009701602));
#8306=CARTESIAN_POINT('',(-0.01,0.0175407930853341,-0.00358307103777635));
#8307=CARTESIAN_POINT('',(-0.01,0.0176077423833075,-0.00358396805284618));
#8308=CARTESIAN_POINT('',(-0.01,0.0176817450914965,-0.00358347963328679));
#8309=CARTESIAN_POINT('',(-0.01,0.0177627686293498,-0.00358132385788313));
#8310=CARTESIAN_POINT('',(-0.01,0.0178507733765822,-0.00357721984386148));
#8311=CARTESIAN_POINT('',(-0.01,0.0179457108947998,-0.00357088761595539));
#8312=CARTESIAN_POINT('',(-0.01,0.018047524463401,-0.0035620484325068));
#8313=CARTESIAN_POINT('',(-0.01,0.018156148960864,-0.0035504249801101));
#8314=CARTESIAN_POINT('',(-0.01,0.0182715109412317,-0.00353574160473914));
#8315=CARTESIAN_POINT('',(-0.01,0.018393528662621,-0.00351772453261582));
#8316=CARTESIAN_POINT('',(-0.01,0.0185221121382918,-0.00349610208851478));
#8317=CARTESIAN_POINT('',(-0.01,0.0186571631829276,-0.00347060492995897));
#8318=CARTESIAN_POINT('',(-0.01,0.0187985754898359,-0.0034409662110389));
#8319=CARTESIAN_POINT('',(-0.01,0.0189462346199021,-0.00340692201347412));
#8320=CARTESIAN_POINT('',(-0.01,0.0191000183575766,-0.00336821073679524));
#8321=CARTESIAN_POINT('',(-0.01,0.0192597956764613,-0.00332457650048132));
#8322=CARTESIAN_POINT('',(-0.01,0.019425431092373,-0.00327575706814117));
#8323=CARTESIAN_POINT('',(-0.01,0.0195967682972278,-0.00322153136299584));
#8324=CARTESIAN_POINT('',(-0.01,0.0197736935010468,-0.00316153779618698));
#8325=CARTESIAN_POINT('',(-0.01,0.0199140131965212,-0.00311104339405728));
#8326=CARTESIAN_POINT('',(-0.01,0.0199953971285562,-0.00308019686087118));
#8327=CARTESIAN_POINT('',(-0.01,0.020015550973286,-0.00307249397652659));
#8328=CARTESIAN_POINT('',(-0.01,0.0170744595962927,-0.00352200112726013));
#8329=CARTESIAN_POINT('',(-0.022,0.0170744595962928,-0.00352200112726014));
#8330=CARTESIAN_POINT('',(-0.01,9.08118418137685E-16,-2.07842813947685E-16));
#8331=CARTESIAN_POINT('',(-0.01,0.0164072260874239,-0.00394570109310841));
#8332=CARTESIAN_POINT('',(-0.01,0.0164072260874239,-0.00394570109310841));
#8333=CARTESIAN_POINT('',(-0.01,9.08118418137685E-16,-2.07842813947685E-16));
#8334=CARTESIAN_POINT('',(-0.01,0.0162786178199117,-0.00444659722408665));
#8335=CARTESIAN_POINT('',(-0.01,0.0162786178199117,-0.00444659722408665));
#8336=CARTESIAN_POINT('',(-0.016,0.016826806133187,-0.0045963379858057));
#8337=CARTESIAN_POINT('',(-0.01,0.016826806133187,-0.0045963379858057));
#8338=CARTESIAN_POINT('',(-0.016,0.01695974533039,-0.00407857399735917));
#8339=CARTESIAN_POINT('',(-0.01,0.01695974533039,-0.00407857399735917));
#8340=CARTESIAN_POINT('',(-0.01,0.00458716545136925,-0.0168196187702826));
#8341=CARTESIAN_POINT('',(-0.022,0.00458716545136925,-0.0168196187702826));
#8342=CARTESIAN_POINT('',(-0.01,0.00460739750516713,-0.016893849246633));
#8343=CARTESIAN_POINT('',(-0.022,0.00460739750516713,-0.016893849246633));
#8344=CARTESIAN_POINT('',(-0.01,0.00463875132597548,-0.0170093571020312));
#8345=CARTESIAN_POINT('',(-0.022,0.00463875132597548,-0.0170093571020312));
#8346=CARTESIAN_POINT('',(-0.01,0.00464079898511989,-0.01702053802083));
#8347=CARTESIAN_POINT('',(-0.022,0.00464079898511989,-0.01702053802083));
#8348=CARTESIAN_POINT('',(-0.01,0.00465967735792286,-0.0171173074035103));
#8349=CARTESIAN_POINT('',(-0.022,0.00465967735792286,-0.0171173074035103));
#8350=CARTESIAN_POINT('',(-0.01,0.00467364396293327,-0.0172346014301791));
#8351=CARTESIAN_POINT('',(-0.022,0.00467364396293327,-0.0172346014301791));
#8352=CARTESIAN_POINT('',(-0.01,0.00468888021880625,-0.0174236646654823));
#8353=CARTESIAN_POINT('',(-0.022,0.00468888021880625,-0.0174236646654823));
#8354=CARTESIAN_POINT('',(-0.01,0.00469418705127624,-0.0176930334358703));
#8355=CARTESIAN_POINT('',(-0.022,0.00469418705127624,-0.0176930334358703));
#8356=CARTESIAN_POINT('',(-0.01,0.00467614454443952,-0.0180585781346982));
#8357=CARTESIAN_POINT('',(-0.022,0.00467614454443952,-0.0180585781346982));
#8358=CARTESIAN_POINT('',(-0.01,0.00463143403090563,-0.0184557217012727));
#8359=CARTESIAN_POINT('',(-0.022,0.00463143403090563,-0.0184557217012727));
#8360=CARTESIAN_POINT('',(-0.01,0.00453462207706728,-0.0190193437997408));
#8361=CARTESIAN_POINT('',(-0.022,0.00453462207706728,-0.0190193437997408));
#8362=CARTESIAN_POINT('',(-0.01,0.00442017588023995,-0.0194721615840092));
#8363=CARTESIAN_POINT('',(-0.022,0.00442017588023995,-0.0194721615840092));
#8364=CARTESIAN_POINT('',(-0.01,0.00432321795578653,-0.0197831313625211));
#8365=CARTESIAN_POINT('',(-0.022,0.00432321795578653,-0.0197831313625211));
#8366=CARTESIAN_POINT('',(-0.01,0.00458716545129365,-0.0168196187700052));
#8367=CARTESIAN_POINT('',(-0.01,0.00617522905618647,-0.0163036256262069));
#8368=CARTESIAN_POINT('',(-0.022,0.00617522905618647,-0.0163036256262069));
#8369=CARTESIAN_POINT('',(-0.01,0.0062024925601023,-0.0163755714459209));
#8370=CARTESIAN_POINT('',(-0.022,0.0062024925601023,-0.0163755714459209));
#8371=CARTESIAN_POINT('',(-0.01,0.00624502060015675,-0.016487448577396));
#8372=CARTESIAN_POINT('',(-0.022,0.00624502060015675,-0.016487448577396));
#8373=CARTESIAN_POINT('',(-0.01,0.00624993598828724,-0.0164976977145637));
#8374=CARTESIAN_POINT('',(-0.022,0.00624993598828724,-0.0164976977145637));
#8375=CARTESIAN_POINT('',(-0.01,0.00629154267987641,-0.0165870822188081));
#8376=CARTESIAN_POINT('',(-0.022,0.00629154267987641,-0.0165870822188081));
#8377=CARTESIAN_POINT('',(-0.01,0.00634918715812721,-0.0166901844441716));
#8378=CARTESIAN_POINT('',(-0.022,0.00634918715812721,-0.0166901844441716));
#8379=CARTESIAN_POINT('',(-0.01,0.00644798934965722,-0.0168520954610457));
#8380=CARTESIAN_POINT('',(-0.022,0.00644798934965722,-0.0168520954610457));
#8381=CARTESIAN_POINT('',(-0.01,0.00660202702266493,-0.0170731386519057));
#8382=CARTESIAN_POINT('',(-0.022,0.00660202702266493,-0.0170731386519057));
#8383=CARTESIAN_POINT('',(-0.01,0.0068314855003417,-0.0173582654060282));
#8384=CARTESIAN_POINT('',(-0.022,0.0068314855003417,-0.0173582654060282));
#8385=CARTESIAN_POINT('',(-0.01,0.00710109219709314,-0.0176532811201159));
#8386=CARTESIAN_POINT('',(-0.022,0.00710109219709314,-0.0176532811201159));
#8387=CARTESIAN_POINT('',(-0.01,0.00751070347035273,-0.0180523563374702));
#8388=CARTESIAN_POINT('',(-0.022,0.00751070347035273,-0.0180523563374702));
#8389=CARTESIAN_POINT('',(-0.01,0.00786945200409634,-0.0183514238336224));
#8390=CARTESIAN_POINT('',(-0.022,0.00786945200409634,-0.0183514238336224));
#8391=CARTESIAN_POINT('',(-0.01,0.00813067606243641,-0.0185460132310889));
#8392=CARTESIAN_POINT('',(-0.022,0.00813067606243641,-0.0185460132310889));
#8393=CARTESIAN_POINT('',(-0.022,0.00617522905608458,-0.016303625625938));
#8394=CARTESIAN_POINT('',(-0.01,3.07921107087586E-16,-8.54847067558554E-16));
#8395=CARTESIAN_POINT('',(-0.01,0.00545996575032486,-0.0159672915363025));
#8396=CARTESIAN_POINT('',(-0.01,0.00496813340337513,-0.016127097553071));
#8397=CARTESIAN_POINT('',(-0.016,0.00513543708361706,-0.0166701833668329));
#8398=CARTESIAN_POINT('',(-0.016,0.00564383206184614,-0.0165049958249403));
#8399=CARTESIAN_POINT('',(-0.01,0.000260182119369832,-0.0174319811760063));
#8400=CARTESIAN_POINT('',(-0.022,0.000260182119369832,-0.0174319811760063));
#8401=CARTESIAN_POINT('',(-0.01,0.000261318177205725,-0.017508911072618));
#8402=CARTESIAN_POINT('',(-0.022,0.000261318177205725,-0.017508911072618));
#8403=CARTESIAN_POINT('',(-0.01,0.000262961324552104,-0.0176285874144938));
#8404=CARTESIAN_POINT('',(-0.022,0.000262961324552104,-0.0176285874144938));
#8405=CARTESIAN_POINT('',(-0.01,0.000262164071284632,-0.0176399262962898));
#8406=CARTESIAN_POINT('',(-0.022,0.000262164071284632,-0.0176399262962898));
#8407=CARTESIAN_POINT('',(-0.01,0.000256383778431327,-0.017738350351269));
#8408=CARTESIAN_POINT('',(-0.022,0.000256383778431327,-0.017738350351269));
#8409=CARTESIAN_POINT('',(-0.01,0.000240741758605159,-0.0178554327238255));
#8410=CARTESIAN_POINT('',(-0.022,0.000240741758605159,-0.0178554327238255));
#8411=CARTESIAN_POINT('',(-0.01,0.000208481224827815,-0.0180423452926825));
#8412=CARTESIAN_POINT('',(-0.022,0.000208481224827815,-0.0180423452926825));
#8413=CARTESIAN_POINT('',(-0.01,0.000146632044283649,-0.0183045711033824));
#8414=CARTESIAN_POINT('',(-0.022,0.000146632044283649,-0.0183045711033824));
#8415=CARTESIAN_POINT('',(-0.01,3.82491060718284E-5,-0.0186541445543176));
#8416=CARTESIAN_POINT('',(-0.022,3.82491060718284E-5,-0.0186541445543176));
#8417=CARTESIAN_POINT('',(-0.01,-0.000103822333222158,-0.0190276920728863));
#8418=CARTESIAN_POINT('',(-0.022,-0.000103822333222158,-0.0190276920728863));
#8419=CARTESIAN_POINT('',(-0.01,-0.000337759877577613,-0.0195495307928263));
#8420=CARTESIAN_POINT('',(-0.022,-0.000337759877577613,-0.0195495307928263));
#8421=CARTESIAN_POINT('',(-0.01,-0.000561221740355746,-0.0199596608619528));
#8422=CARTESIAN_POINT('',(-0.022,-0.000561221740355746,-0.0199596608619528));
#8423=CARTESIAN_POINT('',(-0.01,-0.000732468592449091,-0.0202367484977473));
#8424=CARTESIAN_POINT('',(-0.022,-0.000732468592449091,-0.0202367484977473));
#8425=CARTESIAN_POINT('',(-0.01,0.000260182119365587,-0.0174319811757188));
#8426=CARTESIAN_POINT('',(-0.01,0.00192667606257505,-0.0173271342640894));
#8427=CARTESIAN_POINT('',(-0.022,0.00192667606257505,-0.0173271342640894));
#8428=CARTESIAN_POINT('',(-0.01,0.00193519083559462,-0.0174035999312905));
#8429=CARTESIAN_POINT('',(-0.022,0.00193519083559462,-0.0174035999312905));
#8430=CARTESIAN_POINT('',(-0.01,0.00194856006786429,-0.0175225385304352));
#8431=CARTESIAN_POINT('',(-0.022,0.00194856006786429,-0.0175225385304352));
#8432=CARTESIAN_POINT('',(-0.01,0.00195077217327211,-0.0175336880794314));
#8433=CARTESIAN_POINT('',(-0.022,0.00195077217327211,-0.0175336880794314));
#8434=CARTESIAN_POINT('',(-0.01,0.00196884269186084,-0.017630611568545));
#8435=CARTESIAN_POINT('',(-0.022,0.00196884269186084,-0.017630611568545));
#8436=CARTESIAN_POINT('',(-0.01,0.00199903568203452,-0.0177448102466988));
#8437=CARTESIAN_POINT('',(-0.022,0.00199903568203452,-0.0177448102466988));
#8438=CARTESIAN_POINT('',(-0.01,0.00205446818851594,-0.0179262056371075));
#8439=CARTESIAN_POINT('',(-0.022,0.00205446818851594,-0.0179262056371075));
#8440=CARTESIAN_POINT('',(-0.01,0.0021486952785771,-0.0181786119611761));
#8441=CARTESIAN_POINT('',(-0.022,0.0021486952785771,-0.0181786119611761));
#8442=CARTESIAN_POINT('',(-0.01,0.00230003675592264,-0.0185118449369288));
#8443=CARTESIAN_POINT('',(-0.022,0.00230003675592264,-0.0185118449369288));
#8444=CARTESIAN_POINT('',(-0.01,0.00248780583787525,-0.0188646406488566));
#8445=CARTESIAN_POINT('',(-0.022,0.00248780583787525,-0.0188646406488566));
#8446=CARTESIAN_POINT('',(-0.00999999999999999,0.00278530244898885,-0.019353044365738));
#8447=CARTESIAN_POINT('',(-0.022,0.00278530244898885,-0.019353044365738));
#8448=CARTESIAN_POINT('',(-0.01,0.00305840517597971,-0.0197319332389291));
#8449=CARTESIAN_POINT('',(-0.022,0.00305840517597971,-0.0197319332389291));
#8450=CARTESIAN_POINT('',(-0.01,0.00326302998487016,-0.0199853730342428));
#8451=CARTESIAN_POINT('',(-0.022,0.00326302998487016,-0.0199853730342428));
#8452=CARTESIAN_POINT('',(-0.022,0.00192667606254322,-0.0173271342638036));
#8453=CARTESIAN_POINT('',(-0.01,8.26561730408007E-17,-8.99243521905067E-16));
#8454=CARTESIAN_POINT('',(-0.01,0.00131752695561229,-0.0168234879772666));
#8455=CARTESIAN_POINT('',(-0.01,0.000801404285980009,-0.0168559596632886));
#8456=CARTESIAN_POINT('',(-0.016,0.000828391863711923,-0.0174235901709078));
#8457=CARTESIAN_POINT('',(-0.016,0.00136189514998126,-0.0173900249891734));
#8458=CARTESIAN_POINT('',(-0.01,-0.00408314941207251,-0.0169490280940994));
#8459=CARTESIAN_POINT('',(-0.022,-0.00408314941207251,-0.0169490280940994));
#8460=CARTESIAN_POINT('',(-0.01,-0.00410118073289057,-0.0170238236226399));
#8461=CARTESIAN_POINT('',(-0.022,-0.00410118073289057,-0.0170238236226399));
#8462=CARTESIAN_POINT('',(-0.01,-0.004129351503997,-0.0171401487462944));
#8463=CARTESIAN_POINT('',(-0.022,-0.004129351503997,-0.0171401487462944));
#8464=CARTESIAN_POINT('',(-0.01,-0.00413294357532146,-0.0171509331274429));
#8465=CARTESIAN_POINT('',(-0.022,-0.00413294357532146,-0.0171509331274429));
#8466=CARTESIAN_POINT('',(-0.01,-0.00416301933677264,-0.0172448275093682));
#8467=CARTESIAN_POINT('',(-0.022,-0.00416301933677264,-0.0172448275093682));
#8468=CARTESIAN_POINT('',(-0.01,-0.00420728713580238,-0.0173543415117459));
#8469=CARTESIAN_POINT('',(-0.022,-0.00420728713580238,-0.0173543415117459));
#8470=CARTESIAN_POINT('',(-0.01,-0.00428501741124687,-0.0175273590100391));
#8471=CARTESIAN_POINT('',(-0.022,-0.00428501741124687,-0.0175273590100391));
#8472=CARTESIAN_POINT('',(-0.01,-0.00441013639332624,-0.0177659652489656));
#8473=CARTESIAN_POINT('',(-0.022,-0.00441013639332624,-0.0177659652489656));
#8474=CARTESIAN_POINT('',(-0.01,-0.00460204966430075,-0.0180776024664445));
#8475=CARTESIAN_POINT('',(-0.022,-0.00460204966430075,-0.0180776024664445));
#8476=CARTESIAN_POINT('',(-0.01,-0.00483255515832178,-0.0184040825726042));
#8477=CARTESIAN_POINT('',(-0.022,-0.00483255515832178,-0.0184040825726042));
#8478=CARTESIAN_POINT('',(-0.01,-0.00518891913692039,-0.0188513488680537));
#8479=CARTESIAN_POINT('',(-0.022,-0.00518891913692039,-0.0188513488680537));
#8480=CARTESIAN_POINT('',(-0.01,-0.00550735573497562,-0.0191930212414418));
#8481=CARTESIAN_POINT('',(-0.022,-0.00550735573497562,-0.0191930212414418));
#8482=CARTESIAN_POINT('',(-0.01,-0.0057421314451901,-0.0194188162993052));
#8483=CARTESIAN_POINT('',(-0.022,-0.0057421314451901,-0.0194188162993052));
#8484=CARTESIAN_POINT('',(-0.01,-0.00408314941200513,-0.0169490280938198));
#8485=CARTESIAN_POINT('',(-0.01,-0.00244293707386689,-0.0172619153314169));
#8486=CARTESIAN_POINT('',(-0.022,-0.00244293707386689,-0.0172619153314169));
#8487=CARTESIAN_POINT('',(-0.01,-0.00245370604624753,-0.0173380962270139));
#8488=CARTESIAN_POINT('',(-0.022,-0.00245370604624753,-0.0173380962270139));
#8489=CARTESIAN_POINT('',(-0.01,-0.00247033565979473,-0.0174566229442182));
#8490=CARTESIAN_POINT('',(-0.022,-0.00247033565979473,-0.0174566229442182));
#8491=CARTESIAN_POINT('',(-0.01,-0.0024709658318279,-0.0174679723378745));
#8492=CARTESIAN_POINT('',(-0.022,-0.0024709658318279,-0.0174679723378745));
#8493=CARTESIAN_POINT('',(-0.01,-0.00247756692338128,-0.0175663447525766));
#8494=CARTESIAN_POINT('',(-0.022,-0.00247756692338128,-0.0175663447525766));
#8495=CARTESIAN_POINT('',(-0.01,-0.00247672255789938,-0.017684464360579));
#8496=CARTESIAN_POINT('',(-0.022,-0.00247672255789938,-0.017684464360579));
#8497=CARTESIAN_POINT('',(-0.01,-0.00246814276471528,-0.0178739463850173));
#8498=CARTESIAN_POINT('',(-0.022,-0.00246814276471528,-0.0178739463850173));
#8499=CARTESIAN_POINT('',(-0.00999999999999999,-0.0024396468922122,-0.0181418562246677));
#8500=CARTESIAN_POINT('',(-0.022,-0.0024396468922122,-0.0181418562246677));
#8501=CARTESIAN_POINT('',(-0.01,-0.00237593175681454,-0.018502257168639));
#8502=CARTESIAN_POINT('',(-0.022,-0.00237593175681454,-0.018502257168639));
#8503=CARTESIAN_POINT('',(-0.01,-0.0022817985116462,-0.0188906654263344));
#8504=CARTESIAN_POINT('',(-0.022,-0.0022817985116462,-0.0188906654263344));
#8505=CARTESIAN_POINT('',(-0.00999999999999999,-0.00211510936887089,-0.0194377094409881));
#8506=CARTESIAN_POINT('',(-0.022,-0.00211510936887089,-0.0194377094409881));
#8507=CARTESIAN_POINT('',(-0.01,-0.00194481249737112,-0.01987261270986));
#8508=CARTESIAN_POINT('',(-0.022,-0.00194481249737112,-0.01987261270986));
#8509=CARTESIAN_POINT('',(-0.01,-0.00180964426723033,-0.0201689783485947));
#8510=CARTESIAN_POINT('',(-0.022,-0.00180964426723033,-0.0201689783485947));
#8511=CARTESIAN_POINT('',(-0.022,-0.00244293707382664,-0.0172619153311322));
#8512=CARTESIAN_POINT('',(-0.01,-1.46572598091622E-16,-8.86224068968622E-16));
#8513=CARTESIAN_POINT('',(-0.01,-0.0029076969032466,-0.0166226027961583));
#8514=CARTESIAN_POINT('',(-0.01,-0.00341568001006204,-0.0165256998359786));
#8515=CARTESIAN_POINT('',(-0.016,-0.00353070426360241,-0.0170822087250624));
#8516=CARTESIAN_POINT('',(-0.016,-0.00300561464285696,-0.0171823749272987));
#8517=CARTESIAN_POINT('',(-0.01,-0.00816992164918123,-0.0154011052428752));
#8518=CARTESIAN_POINT('',(-0.022,-0.00816992164918123,-0.0154011052428752));
#8519=CARTESIAN_POINT('',(-0.01,-0.00820598737445167,-0.0154690667252076));
#8520=CARTESIAN_POINT('',(-0.022,-0.00820598737445167,-0.0154690667252076));
#8521=CARTESIAN_POINT('',(-0.01,-0.00826220199085746,-0.0155747314953077));
#8522=CARTESIAN_POINT('',(-0.022,-0.00826220199085746,-0.0155747314953077));
#8523=CARTESIAN_POINT('',(-0.01,-0.00826836317718686,-0.015584283753479));
#8524=CARTESIAN_POINT('',(-0.022,-0.00826836317718686,-0.015584283753479));
#8525=CARTESIAN_POINT('',(-0.01,-0.00832084463653304,-0.0156677487330148));
#8526=CARTESIAN_POINT('',(-0.022,-0.00832084463653304,-0.0156677487330148));
#8527=CARTESIAN_POINT('',(-0.01,-0.00839095670614773,-0.0157628131976798));
#8528=CARTESIAN_POINT('',(-0.022,-0.00839095670614773,-0.0157628131976798));
#8529=CARTESIAN_POINT('',(-0.01,-0.00850927264418125,-0.0159110642996776));
#8530=CARTESIAN_POINT('',(-0.022,-0.00850927264418125,-0.0159110642996776));
#8531=CARTESIAN_POINT('',(-0.01,-0.00868979974199634,-0.0161110584593066));
#8532=CARTESIAN_POINT('',(-0.022,-0.00868979974199634,-0.0161110584593066));
#8533=CARTESIAN_POINT('',(-0.01,-0.00895318472911054,-0.0163651781308336));
#8534=CARTESIAN_POINT('',(-0.022,-0.00895318472911054,-0.0163651781308336));
#8535=CARTESIAN_POINT('',(-0.01,-0.0092576407699294,-0.0166240768788044));
#8536=CARTESIAN_POINT('',(-0.022,-0.0092576407699294,-0.0166240768788044));
#8537=CARTESIAN_POINT('',(-0.01,-0.00971403952338072,-0.0169686673634897));
#8538=CARTESIAN_POINT('',(-0.022,-0.00971403952338072,-0.0169686673634897));
#8539=CARTESIAN_POINT('',(-0.01,-0.0101074423141297,-0.0172204135093373));
#8540=CARTESIAN_POINT('',(-0.022,-0.0101074423141297,-0.0172204135093373));
#8541=CARTESIAN_POINT('',(-0.01,-0.0103909950611476,-0.0173807284553671));
#8542=CARTESIAN_POINT('',(-0.022,-0.0103909950611476,-0.0173807284553671));
#8543=CARTESIAN_POINT('',(-0.01,-0.00816992164904646,-0.0154011052426213));
#8544=CARTESIAN_POINT('',(-0.01,-0.00665905148946366,-0.0161120667735878));
#8545=CARTESIAN_POINT('',(-0.022,-0.00665905148946366,-0.0161120667735878));
#8546=CARTESIAN_POINT('',(-0.01,-0.00668842755310434,-0.0161831761717365));
#8547=CARTESIAN_POINT('',(-0.022,-0.00668842755310434,-0.0161831761717365));
#8548=CARTESIAN_POINT('',(-0.01,-0.00673401111268981,-0.0162938435374478));
#8549=CARTESIAN_POINT('',(-0.022,-0.00673401111268981,-0.0162938435374478));
#8550=CARTESIAN_POINT('',(-0.01,-0.00673744396613751,-0.0163046796516205));
#8551=CARTESIAN_POINT('',(-0.022,-0.00673744396613751,-0.0163046796516205));
#8552=CARTESIAN_POINT('',(-0.01,-0.00676830189697358,-0.0163983198913069));
#8553=CARTESIAN_POINT('',(-0.022,-0.00676830189697358,-0.0163983198913069));
#8554=CARTESIAN_POINT('',(-0.01,-0.00679685921077204,-0.0165129385397735));
#8555=CARTESIAN_POINT('',(-0.022,-0.00679685921077204,-0.0165129385397735));
#8556=CARTESIAN_POINT('',(-0.01,-0.00683567123084529,-0.0166986013457799));
#8557=CARTESIAN_POINT('',(-0.022,-0.00683567123084529,-0.0166986013457799));
#8558=CARTESIAN_POINT('',(-0.01,-0.00687469707637015,-0.0169651809404834));
#8559=CARTESIAN_POINT('',(-0.022,-0.00687469707637015,-0.0169651809404834));
#8560=CARTESIAN_POINT('',(-0.01,-0.00690261173920528,-0.0173301045359016));
#8561=CARTESIAN_POINT('',(-0.022,-0.00690261173920528,-0.0173301045359016));
#8562=CARTESIAN_POINT('',(-0.01,-0.00690802906881301,-0.0177297202200681));
#8563=CARTESIAN_POINT('',(-0.022,-0.00690802906881301,-0.0177297202200681));
#8564=CARTESIAN_POINT('',(-0.01,-0.00688262108625633,-0.0183010317451662));
#8565=CARTESIAN_POINT('',(-0.022,-0.00688262108625633,-0.0183010317451662));
#8566=CARTESIAN_POINT('',(-0.01,-0.00682583044899213,-0.0187646228378736));
#8567=CARTESIAN_POINT('',(-0.022,-0.00682583044899213,-0.0187646228378736));
#8568=CARTESIAN_POINT('',(-0.01,-0.00676861191461466,-0.0190852925769907));
#8569=CARTESIAN_POINT('',(-0.022,-0.00676861191461466,-0.0190852925769907));
#8570=CARTESIAN_POINT('',(-0.022,-0.00665905148935387,-0.016112066773322));
#8571=CARTESIAN_POINT('',(-0.01,-3.65361919574983E-16,-8.16606768859415E-16));
#8572=CARTESIAN_POINT('',(-0.01,-0.00695021947191332,-0.0153772583477106));
#8573=CARTESIAN_POINT('',(-0.01,-0.00741814456907953,-0.0151570695107014));
#8574=CARTESIAN_POINT('',(-0.016,-0.00766795325701262,-0.0156674892810523));
#8575=CARTESIAN_POINT('',(-0.016,-0.00718427061380703,-0.0158950930563872));
#8576=CARTESIAN_POINT('',(-0.01,0.0132657260193412,0.0113120367589419));
#8577=CARTESIAN_POINT('',(-0.022,0.0132657260193412,0.0113120367589419));
#8578=CARTESIAN_POINT('',(-0.01,0.0133242773729276,0.0113619490681782));
#8579=CARTESIAN_POINT('',(-0.022,0.0133242773729276,0.0113619490681782));
#8580=CARTESIAN_POINT('',(-0.01,0.0134154421976525,0.0114394997062854));
#8581=CARTESIAN_POINT('',(-0.022,0.0134154421976525,0.0114394997062854));
#8582=CARTESIAN_POINT('',(-0.01,0.0134246871445932,0.0114461130873587));
#8583=CARTESIAN_POINT('',(-0.022,0.0134246871445932,0.0114461130873587));
#8584=CARTESIAN_POINT('',(-0.01,0.0135042086796948,0.0115043971489802));
#8585=CARTESIAN_POINT('',(-0.022,0.0135042086796948,0.0115043971489802));
#8586=CARTESIAN_POINT('',(-0.01,0.0136043927969306,0.0115669758786046));
#8587=CARTESIAN_POINT('',(-0.022,0.0136043927969306,0.0115669758786046));
#8588=CARTESIAN_POINT('',(-0.01,0.0137689750446279,0.0116612612654851));
#8589=CARTESIAN_POINT('',(-0.022,0.0137689750446279,0.0116612612654851));
#8590=CARTESIAN_POINT('',(-0.01,0.014010447655795,0.0117807546752925));
#8591=CARTESIAN_POINT('',(-0.022,0.014010447655795,0.0117807546752925));
#8592=CARTESIAN_POINT('',(-0.01,0.014348884513959,0.0119200706899146));
#8593=CARTESIAN_POINT('',(-0.022,0.014348884513959,0.0119200706899146));
#8594=CARTESIAN_POINT('',(-0.01,0.0147272675674864,0.0120487109141652));
#8595=CARTESIAN_POINT('',(-0.022,0.0147272675674864,0.0120487109141652));
#8596=CARTESIAN_POINT('',(-0.01,0.0152784686146683,0.0122010914571264));
#8597=CARTESIAN_POINT('',(-0.022,0.0152784686146683,0.0122010914571264));
#8598=CARTESIAN_POINT('',(-0.01,0.0157369192163198,0.0122903378775789));
#8599=CARTESIAN_POINT('',(-0.022,0.0157369192163198,0.0122903378775789));
#8600=CARTESIAN_POINT('',(-0.01,0.0160595757608019,0.0123350122165755));
#8601=CARTESIAN_POINT('',(-0.022,0.0160595757608019,0.0123350122165755));
#8602=CARTESIAN_POINT('',(-0.01,0.0132657260191224,0.0113120367587554));
#8603=CARTESIAN_POINT('',(-0.01,0.0121226768670752,0.0125292604742803));
#8604=CARTESIAN_POINT('',(-0.022,0.0121226768670752,0.0125292604742803));
#8605=CARTESIAN_POINT('',(-0.01,0.0121761671556814,0.0125845622703172));
#8606=CARTESIAN_POINT('',(-0.022,0.0121761671556814,0.0125845622703172));
#8607=CARTESIAN_POINT('',(-0.01,0.0122592890520263,0.0126706777572287));
#8608=CARTESIAN_POINT('',(-0.022,0.0122592890520263,0.0126706777572287));
#8609=CARTESIAN_POINT('',(-0.01,0.0122664698781241,0.0126794892037449));
#8610=CARTESIAN_POINT('',(-0.022,0.0122664698781241,0.0126794892037449));
#8611=CARTESIAN_POINT('',(-0.01,0.0123296321279665,0.0127551941347525));
#8612=CARTESIAN_POINT('',(-0.022,0.0123296321279665,0.0127551941347525));
#8613=CARTESIAN_POINT('',(-0.00999999999999999,0.0123983779855326,0.0128512512105731));
#8614=CARTESIAN_POINT('',(-0.022,0.0123983779855326,0.0128512512105731));
#8615=CARTESIAN_POINT('',(-0.01,0.0125028115265778,0.0130095884643736));
#8616=CARTESIAN_POINT('',(-0.022,0.0125028115265778,0.0130095884643736));
#8617=CARTESIAN_POINT('',(-0.01,0.0126372313341438,0.0132430815312196));
#8618=CARTESIAN_POINT('',(-0.022,0.0126372313341438,0.0132430815312196));
#8619=CARTESIAN_POINT('',(-0.01,0.0127975230665868,0.0135721028366157));
#8620=CARTESIAN_POINT('',(-0.022,0.0127975230665868,0.0135721028366157));
#8621=CARTESIAN_POINT('',(-0.01,0.012949668317252,0.0139416618511073));
#8622=CARTESIAN_POINT('',(-0.022,0.012949668317252,0.0139416618511073));
#8623=CARTESIAN_POINT('',(-0.01,0.0131363583721372,0.0144822071754738));
#8624=CARTESIAN_POINT('',(-0.022,0.0131363583721372,0.0144822071754738));
#8625=CARTESIAN_POINT('',(-0.01,0.0132542150366219,0.0149341493004794));
#8626=CARTESIAN_POINT('',(-0.022,0.0132542150366219,0.0149341493004794));
#8627=CARTESIAN_POINT('',(-0.01,0.0133190609930727,0.0152533640310199));
#8628=CARTESIAN_POINT('',(-0.022,0.0133190609930727,0.0152533640310199));
#8629=CARTESIAN_POINT('',(-0.022,0.0121226768668752,0.0125292604740736));
#8630=CARTESIAN_POINT('',(-0.01,6.83436460430427E-16,6.45602752133222E-16));
#8631=CARTESIAN_POINT('',(-0.01,0.0121228969875154,0.0117388667949717));
#8632=CARTESIAN_POINT('',(-0.01,0.0124769058228874,0.0113618856747813));
#8633=CARTESIAN_POINT('',(-0.016,0.01289707011654,0.0117445012636839));
#8634=CARTESIAN_POINT('',(-0.016,0.0125311399062396,0.012134177358761));
#8635=CARTESIAN_POINT('',(-0.01,0.0100357696972939,0.0142557002296891));
#8636=CARTESIAN_POINT('',(-0.022,0.0100357696972939,0.0142557002296891));
#8637=CARTESIAN_POINT('',(-0.01,0.0100800688658868,0.0143186055814652));
#8638=CARTESIAN_POINT('',(-0.022,0.0100800688658868,0.0143186055814652));
#8639=CARTESIAN_POINT('',(-0.01,0.0101490835205622,0.0144163915936448));
#8640=CARTESIAN_POINT('',(-0.022,0.0101490835205622,0.0144163915936448));
#8641=CARTESIAN_POINT('',(-0.01,0.0101563933395016,0.014425096328002));
#8642=CARTESIAN_POINT('',(-0.022,0.0101563933395016,0.014425096328002));
#8643=CARTESIAN_POINT('',(-0.01,0.0102189219026399,0.0145013254902424));
#8644=CARTESIAN_POINT('',(-0.022,0.0102189219026399,0.0145013254902424));
#8645=CARTESIAN_POINT('',(-0.01,0.0103003958543978,0.0145868529708125));
#8646=CARTESIAN_POINT('',(-0.022,0.0103003958543978,0.0145868529708125));
#8647=CARTESIAN_POINT('',(-0.01,0.0104363596259135,0.0147191061494947));
#8648=CARTESIAN_POINT('',(-0.022,0.0104363596259135,0.0147191061494947));
#8649=CARTESIAN_POINT('',(-0.01,0.0106405291283618,0.0148948972505244));
#8650=CARTESIAN_POINT('',(-0.022,0.0106405291283618,0.0148948972505244));
#8651=CARTESIAN_POINT('',(-0.01,0.0109336868863281,0.0151140022204322));
#8652=CARTESIAN_POINT('',(-0.022,0.0109336868863281,0.0151140022204322));
#8653=CARTESIAN_POINT('',(-0.01,0.0112681908175774,0.015332701014372));
#8654=CARTESIAN_POINT('',(-0.022,0.0112681908175774,0.015332701014372));
#8655=CARTESIAN_POINT('',(-0.01,0.0117641793702392,0.0156173723685966));
#8656=CARTESIAN_POINT('',(-0.022,0.0117641793702392,0.0156173723685966));
#8657=CARTESIAN_POINT('',(-0.01,0.0121860322209755,0.0158178269770335));
#8658=CARTESIAN_POINT('',(-0.022,0.0121860322209755,0.0158178269770335));
#8659=CARTESIAN_POINT('',(-0.01,0.012487441860465,0.0159413392091602));
#8660=CARTESIAN_POINT('',(-0.022,0.012487441860465,0.0159413392091602));
#8661=CARTESIAN_POINT('',(-0.01,0.0100357696971283,0.014255700229454));
#8662=CARTESIAN_POINT('',(-0.01,0.00862592030764475,0.0151504178589913));
#8663=CARTESIAN_POINT('',(-0.022,0.00862592030764475,0.0151504178589913));
#8664=CARTESIAN_POINT('',(-0.01,0.00866397710305621,0.0152172847412508));
#8665=CARTESIAN_POINT('',(-0.022,0.00866397710305621,0.0152172847412508));
#8666=CARTESIAN_POINT('',(-0.01,0.00872307152145384,0.0153213663268085));
#8667=CARTESIAN_POINT('',(-0.022,0.00872307152145384,0.0153213663268085));
#8668=CARTESIAN_POINT('',(-0.01,0.0087278354310553,0.0153316867443614));
#8669=CARTESIAN_POINT('',(-0.022,0.0087278354310553,0.0153316867443614));
#8670=CARTESIAN_POINT('',(-0.01,0.00877018627192155,0.0154207210785361));
#8671=CARTESIAN_POINT('',(-0.022,0.00877018627192155,0.0154207210785361));
#8672=CARTESIAN_POINT('',(-0.01,0.00881288392861015,0.0155308567442444));
#8673=CARTESIAN_POINT('',(-0.022,0.00881288392861015,0.0155308567442444));
#8674=CARTESIAN_POINT('',(-0.00999999999999999,0.00887465962414192,0.0157101911075936));
#8675=CARTESIAN_POINT('',(-0.022,0.00887465962414192,0.0157101911075936));
#8676=CARTESIAN_POINT('',(-0.01,0.00894678902182484,0.0159697774071573));
#8677=CARTESIAN_POINT('',(-0.022,0.00894678902182484,0.0159697774071573));
#8678=CARTESIAN_POINT('',(-0.01,0.00902022062342345,0.0163283248360712));
#8679=CARTESIAN_POINT('',(-0.022,0.00902022062342345,0.0163283248360712));
#8680=CARTESIAN_POINT('',(-0.01,0.00907568036164876,0.0167241104597716));
#8681=CARTESIAN_POINT('',(-0.022,0.00907568036164876,0.0167241104597716));
#8682=CARTESIAN_POINT('',(-0.01,0.00912207704943663,0.0172941014874641));
#8683=CARTESIAN_POINT('',(-0.022,0.00912207704943663,0.0172941014874641));
#8684=CARTESIAN_POINT('',(-0.01,0.00912383759401043,0.0177611547801415));
#8685=CARTESIAN_POINT('',(-0.022,0.00912383759401043,0.0177611547801415));
#8686=CARTESIAN_POINT('',(-0.01,0.00910726082017664,0.0180864673265201));
#8687=CARTESIAN_POINT('',(-0.022,0.00910726082017664,0.0180864673265201));
#8688=CARTESIAN_POINT('',(-0.022,0.00862592030750253,0.0151504178587414));
#8689=CARTESIAN_POINT('',(-0.01,5.0563913141357E-16,7.90873001889035E-16));
#8690=CARTESIAN_POINT('',(-0.01,0.00882269642751966,0.014384910592278));
#8691=CARTESIAN_POINT('',(-0.01,0.00925933481659514,0.0141078114445221));
#8692=CARTESIAN_POINT('',(-0.016,0.00957114624870286,0.0145828970718977));
#8693=CARTESIAN_POINT('',(-0.016,0.00911980390474212,0.014869327633174));
#8694=CARTESIAN_POINT('',(-0.01,0.0156621479876658,0.00765759641586942));
#8695=CARTESIAN_POINT('',(-0.022,0.0156621479876658,0.00765759641586942));
#8696=CARTESIAN_POINT('',(-0.01,0.0157312725293629,0.007691379508612));
#8697=CARTESIAN_POINT('',(-0.022,0.0157312725293629,0.007691379508612));
#8698=CARTESIAN_POINT('',(-0.01,0.0158388593029192,0.00774382198084316));
#8699=CARTESIAN_POINT('',(-0.022,0.0158388593029192,0.00774382198084316));
#8700=CARTESIAN_POINT('',(-0.01,0.0158494584838444,0.00774792846557734));
#8701=CARTESIAN_POINT('',(-0.022,0.0158494584838444,0.00774792846557734));
#8702=CARTESIAN_POINT('',(-0.01,0.0159409763603991,0.00778460522463448));
#8703=CARTESIAN_POINT('',(-0.022,0.0159409763603991,0.00778460522463448));
#8704=CARTESIAN_POINT('',(-0.01,0.0160535757065754,0.00782030315158243));
#8705=CARTESIAN_POINT('',(-0.022,0.0160535757065754,0.00782030315158243));
#8706=CARTESIAN_POINT('',(-0.01,0.0162364351225403,0.00787069644904623));
#8707=CARTESIAN_POINT('',(-0.022,0.0162364351225403,0.00787069644904623));
#8708=CARTESIAN_POINT('',(-0.01,0.0165000382301924,0.00792638395722692));
#8709=CARTESIAN_POINT('',(-0.022,0.0165000382301924,0.00792638395722692));
#8710=CARTESIAN_POINT('',(-0.01,0.016862488956072,0.00797715727899623));
#8711=CARTESIAN_POINT('',(-0.022,0.016862488956072,0.00797715727899623));
#8712=CARTESIAN_POINT('',(-0.01,0.0172609759330288,0.00800765599516235));
#8713=CARTESIAN_POINT('',(-0.022,0.0172609759330288,0.00800765599516235));
#8714=CARTESIAN_POINT('',(-0.01,0.0178327554857609,0.00801817109692931));
#8715=CARTESIAN_POINT('',(-0.022,0.0178327554857609,0.00801817109692931));
#8716=CARTESIAN_POINT('',(-0.01,0.0182989977009614,0.00799060164857542));
#8717=CARTESIAN_POINT('',(-0.022,0.0182989977009614,0.00799060164857542));
#8718=CARTESIAN_POINT('',(-0.01,0.0186226274530995,0.00795363104142173));
#8719=CARTESIAN_POINT('',(-0.022,0.0186226274530995,0.00795363104142173));
#8720=CARTESIAN_POINT('',(-0.01,0.0156621479874075,0.00765759641574317));
#8721=CARTESIAN_POINT('',(-0.01,0.0148577210548604,0.00912084357457347));
#8722=CARTESIAN_POINT('',(-0.022,0.0148577210548604,0.00912084357457347));
#8723=CARTESIAN_POINT('',(-0.01,0.0149232838451048,0.00916110546915715));
#8724=CARTESIAN_POINT('',(-0.022,0.0149232838451048,0.00916110546915715));
#8725=CARTESIAN_POINT('',(-0.01,0.0150252103649487,0.00922384390466899));
#8726=CARTESIAN_POINT('',(-0.022,0.0150252103649487,0.00922384390466899));
#8727=CARTESIAN_POINT('',(-0.01,0.0150343569098299,0.00923059272455782));
#8728=CARTESIAN_POINT('',(-0.022,0.0150343569098299,0.00923059272455782));
#8729=CARTESIAN_POINT('',(-0.01,0.0151143618521964,0.00928821143315977));
#8730=CARTESIAN_POINT('',(-0.022,0.0151143618521964,0.00928821143315977));
#8731=CARTESIAN_POINT('',(-0.01,0.0152048363555794,0.00936415429974577));
#8732=CARTESIAN_POINT('',(-0.022,0.0152048363555794,0.00936415429974577));
#8733=CARTESIAN_POINT('',(-0.01,0.0153453657986745,0.0094915455320175));
#8734=CARTESIAN_POINT('',(-0.022,0.0153453657986745,0.0094915455320175));
#8735=CARTESIAN_POINT('',(-0.01,0.0155336299252528,0.00968427413802848));
#8736=CARTESIAN_POINT('',(-0.022,0.0155336299252528,0.00968427413802848));
#8737=CARTESIAN_POINT('',(-0.01,0.015770710069479,0.00996309570123302));
#8738=CARTESIAN_POINT('',(-0.022,0.015770710069479,0.00996309570123302));
#8739=CARTESIAN_POINT('',(-0.01,0.0160099809869337,0.0102832073544922));
#8740=CARTESIAN_POINT('',(-0.022,0.0160099809869337,0.0102832073544922));
#8741=CARTESIAN_POINT('',(-0.01,0.0163252339861698,0.0107603425248163));
#8742=CARTESIAN_POINT('',(-0.022,0.0163252339861698,0.0107603425248163));
#8743=CARTESIAN_POINT('',(-0.01,0.0165517814028892,0.0111687762963093));
#8744=CARTESIAN_POINT('',(-0.022,0.0165517814028892,0.0111687762963093));
#8745=CARTESIAN_POINT('',(-0.01,0.0166939755796942,0.0114618357755019));
#8746=CARTESIAN_POINT('',(-0.022,0.0166939755796942,0.0114618357755019));
#8747=CARTESIAN_POINT('',(-0.022,0.0148577210546154,0.00912084357442301));
#8748=CARTESIAN_POINT('',(-0.01,8.19520717389619E-16,4.60680036715376E-16));
#8749=CARTESIAN_POINT('',(-0.01,0.0146613713448892,0.0083552268244053));
#8750=CARTESIAN_POINT('',(-0.01,0.0149105069494778,0.00790205084200139));
#8751=CARTESIAN_POINT('',(-0.016,0.015412623636849,0.00816815524781858));
#8752=CARTESIAN_POINT('',(-0.016,0.0151550983011193,0.00863659209451449));
#8753=CARTESIAN_POINT('',(-0.01,0.0170744595965743,0.00352200112731822));
#8754=CARTESIAN_POINT('',(-0.022,0.0170744595965743,0.00352200112731822));
#8755=CARTESIAN_POINT('',(-0.01,0.0171498139772051,0.00353753228760455));
#8756=CARTESIAN_POINT('',(-0.022,0.0171498139772051,0.00353753228760455));
#8757=CARTESIAN_POINT('',(-0.01,0.0172670626269337,0.00356157144055946));
#8758=CARTESIAN_POINT('',(-0.022,0.0172670626269337,0.00356157144055946));
#8759=CARTESIAN_POINT('',(-0.01,0.0172783500563248,0.00356291300341609));
#8760=CARTESIAN_POINT('',(-0.022,0.0172783500563248,0.00356291300341609));
#8761=CARTESIAN_POINT('',(-0.01,0.0173761138695694,0.00357567792424967));
#8762=CARTESIAN_POINT('',(-0.022,0.0173761138695694,0.00357567792424967));
#8763=CARTESIAN_POINT('',(-0.01,0.0174940534136545,0.00358225201648323));
#8764=CARTESIAN_POINT('',(-0.022,0.0174940534136545,0.00358225201648323));
#8765=CARTESIAN_POINT('',(-0.01,0.0176837002682722,0.00358558682831707));
#8766=CARTESIAN_POINT('',(-0.022,0.0176837002682722,0.00358558682831707));
#8767=CARTESIAN_POINT('',(-0.01,0.0179528707196911,0.00357396938392777));
#8768=CARTESIAN_POINT('',(-0.022,0.0179528707196911,0.00357396938392777));
#8769=CARTESIAN_POINT('',(-0.01,0.0183165612011787,0.00353300973830629));
#8770=CARTESIAN_POINT('',(-0.022,0.0183165612011787,0.00353300973830629));
#8771=CARTESIAN_POINT('',(-0.01,0.0187101136992702,0.00346345059988478));
#8772=CARTESIAN_POINT('',(-0.022,0.0187101136992702,0.00346345059988478));
#8773=CARTESIAN_POINT('',(-0.00999999999999999,0.0192665447453959,0.00333143955794171));
#8774=CARTESIAN_POINT('',(-0.022,0.0192665447453959,0.00333143955794171));
#8775=CARTESIAN_POINT('',(-0.01,0.0197112828610473,0.00318878653061476));
#8776=CARTESIAN_POINT('',(-0.022,0.0197112828610473,0.00318878653061476));
#8777=CARTESIAN_POINT('',(-0.01,0.020015550973286,0.00307249397652663));
#8778=CARTESIAN_POINT('',(-0.022,0.020015550973286,0.00307249397652663));
#8779=CARTESIAN_POINT('',(-0.01,0.0165271294710434,0.003408755850361));
#8780=CARTESIAN_POINT('',(-0.01,0.0168692634987975,0.00347964014423233));
#8781=CARTESIAN_POINT('',(-0.01,0.0172520775130489,0.00355895263256445));
#8782=CARTESIAN_POINT('',(-0.01,0.0172687770164417,0.0035613738139707));
#8783=CARTESIAN_POINT('',(-0.01,0.0172885256221214,0.00356452976534977));
#8784=CARTESIAN_POINT('',(-0.01,0.0173121428188847,0.00356764622896047));
#8785=CARTESIAN_POINT('',(-0.01,0.017343917883901,0.00357128741620339));
#8786=CARTESIAN_POINT('',(-0.01,0.0173824272967615,0.00357488586516647));
#8787=CARTESIAN_POINT('',(-0.01,0.0174281401038851,0.00357825030924909));
#8788=CARTESIAN_POINT('',(-0.01,0.0174809165458426,0.00358107009701606));
#8789=CARTESIAN_POINT('',(-0.01,0.0175407930853341,0.00358307103777638));
#8790=CARTESIAN_POINT('',(-0.01,0.0176077423833075,0.00358396805284622));
#8791=CARTESIAN_POINT('',(-0.01,0.0176817450914965,0.00358347963328682));
#8792=CARTESIAN_POINT('',(-0.01,0.0177627686293498,0.00358132385788316));
#8793=CARTESIAN_POINT('',(-0.01,0.0178507733765822,0.00357721984386151));
#8794=CARTESIAN_POINT('',(-0.01,0.0179457108947998,0.00357088761595543));
#8795=CARTESIAN_POINT('',(-0.01,0.018047524463401,0.00356204843250683));
#8796=CARTESIAN_POINT('',(-0.01,0.018156148960864,0.00355042498011013));
#8797=CARTESIAN_POINT('',(-0.01,0.0182715109412317,0.00353574160473918));
#8798=CARTESIAN_POINT('',(-0.01,0.018393528662621,0.00351772453261585));
#8799=CARTESIAN_POINT('',(-0.01,0.0185221121382918,0.00349610208851482));
#8800=CARTESIAN_POINT('',(-0.01,0.0186571631829276,0.00347060492995901));
#8801=CARTESIAN_POINT('',(-0.01,0.0187985754898359,0.00344096621103894));
#8802=CARTESIAN_POINT('',(-0.01,0.0189462346199021,0.00340692201347416));
#8803=CARTESIAN_POINT('',(-0.01,0.0191000183575766,0.00336821073679528));
#8804=CARTESIAN_POINT('',(-0.01,0.0192597956764613,0.00332457650048136));
#8805=CARTESIAN_POINT('',(-0.01,0.019425431092373,0.00327575706814121));
#8806=CARTESIAN_POINT('',(-0.01,0.0195967682972278,0.00322153136299587));
#8807=CARTESIAN_POINT('',(-0.01,0.0197736935010468,0.00316153779618702));
#8808=CARTESIAN_POINT('',(-0.01,0.0199140131965212,0.00311104339405731));
#8809=CARTESIAN_POINT('',(-0.01,0.0199953971285562,0.00308019686087121));
#8810=CARTESIAN_POINT('',(-0.01,0.020015550973286,0.00307249397652663));
#8811=CARTESIAN_POINT('',(-0.01,0.0170744595962927,0.00352200112726016));
#8812=CARTESIAN_POINT('',(-0.01,0.0170744595962927,0.00352200112726018));
#8813=CARTESIAN_POINT('',(-0.01,0.0166591999858931,0.00513933052896003));
#8814=CARTESIAN_POINT('',(-0.022,0.0166591999858931,0.00513933052896003));
#8815=CARTESIAN_POINT('',(-0.01,0.0167327157265415,0.00516202271918083));
#8816=CARTESIAN_POINT('',(-0.022,0.0167327157265415,0.00516202271918083));
#8817=CARTESIAN_POINT('',(-0.01,0.0168470424517831,0.00519744201665406));
#8818=CARTESIAN_POINT('',(-0.022,0.0168470424517831,0.00519744201665406));
#8819=CARTESIAN_POINT('',(-0.01,0.0168575800043942,0.00520170415674141));
#8820=CARTESIAN_POINT('',(-0.022,0.0168575800043942,0.00520170415674141));
#8821=CARTESIAN_POINT('',(-0.01,0.0169494006345182,0.00523761624756949));
#8822=CARTESIAN_POINT('',(-0.022,0.0169494006345182,0.00523761624756949));
#8823=CARTESIAN_POINT('',(-0.01,0.0170559189379287,0.0052886731353149));
#8824=CARTESIAN_POINT('',(-0.022,0.0170559189379287,0.0052886731353149));
#8825=CARTESIAN_POINT('',(-0.01,0.0172237143013328,0.00537711388642209));
#8826=CARTESIAN_POINT('',(-0.022,0.0172237143013328,0.00537711388642209));
#8827=CARTESIAN_POINT('',(-0.01,0.0174539934194635,0.00551696818447616));
#8828=CARTESIAN_POINT('',(-0.022,0.0174539934194635,0.00551696818447616));
#8829=CARTESIAN_POINT('',(-0.01,0.0177529653580913,0.00572807062123898));
#8830=CARTESIAN_POINT('',(-0.022,0.0177529653580913,0.00572807062123898));
#8831=CARTESIAN_POINT('',(-0.01,0.0180643276706149,0.0059786211208033));
#8832=CARTESIAN_POINT('',(-0.022,0.0180643276706149,0.0059786211208033));
#8833=CARTESIAN_POINT('',(-0.01,0.0184883351088407,0.00636236597955294));
#8834=CARTESIAN_POINT('',(-0.022,0.0184883351088407,0.00636236597955294));
#8835=CARTESIAN_POINT('',(-0.01,0.0188093384704191,0.00670162800155587));
#8836=CARTESIAN_POINT('',(-0.022,0.0188093384704191,0.00670162800155587));
#8837=CARTESIAN_POINT('',(-0.01,0.0190199462844961,0.00695011822452588));
#8838=CARTESIAN_POINT('',(-0.022,0.0190199462844961,0.00695011822452588));
#8839=CARTESIAN_POINT('',(-0.01,0.0161250146124522,0.00497488982271996));
#8840=CARTESIAN_POINT('',(-0.01,0.0164589777154521,0.00507759776739607));
#8841=CARTESIAN_POINT('',(-0.01,0.0168326492760112,0.005192517761923));
#8842=CARTESIAN_POINT('',(-0.01,0.0168484495754259,0.00519844111159824));
#8843=CARTESIAN_POINT('',(-0.01,0.0168672758016767,0.00520518949366749));
#8844=CARTESIAN_POINT('',(-0.01,0.0168894730767589,0.00521383618709999));
#8845=CARTESIAN_POINT('',(-0.01,0.0169190719338239,0.00522595314471215));
#8846=CARTESIAN_POINT('',(-0.01,0.0169545515555671,0.00524135185098105));
#8847=CARTESIAN_POINT('',(-0.01,0.0169962308271112,0.00526042587894214));
#8848=CARTESIAN_POINT('',(-0.01,0.0170438376188645,0.00528338012490467));
#8849=CARTESIAN_POINT('',(-0.01,0.0170972717909617,0.00531047243004255));
#8850=CARTESIAN_POINT('',(-0.01,0.0171563720483056,0.00534193944002194));
#8851=CARTESIAN_POINT('',(-0.01,0.0172209858179158,0.00537801852190805));
#8852=CARTESIAN_POINT('',(-0.01,0.0172909487326561,0.00541894102934447));
#8853=CARTESIAN_POINT('',(-0.01,0.017366090756698,0.0054649340145643));
#8854=CARTESIAN_POINT('',(-0.01,0.0174462345640398,0.00551621948638935));
#8855=CARTESIAN_POINT('',(-0.01,0.0175311961652218,0.00557301438263852));
#8856=CARTESIAN_POINT('',(-0.01,0.0176207848970672,0.00563553034236919));
#8857=CARTESIAN_POINT('',(-0.01,0.0177148036010533,0.00570397354018613));
#8858=CARTESIAN_POINT('',(-0.01,0.0178130487546985,0.00577854450642744));
#8859=CARTESIAN_POINT('',(-0.01,0.0179153106214833,0.00585943796046523));
#8860=CARTESIAN_POINT('',(-0.01,0.0180213734042312,0.00594684262777442));
#8861=CARTESIAN_POINT('',(-0.01,0.0181310153916799,0.00604094113356825));
#8862=CARTESIAN_POINT('',(-0.01,0.0182440091564678,0.0061419096197351));
#8863=CARTESIAN_POINT('',(-0.01,0.0183601215733047,0.00624991845072359));
#8864=CARTESIAN_POINT('',(-0.01,0.018479114551502,0.0063651287338949));
#8865=CARTESIAN_POINT('',(-0.01,0.0186007430320199,0.00648770499874736));
#8866=CARTESIAN_POINT('',(-0.01,0.0187247635364897,0.00661776567434543));
#8867=CARTESIAN_POINT('',(-0.01,0.0188509021532318,0.00675557280468068));
#8868=CARTESIAN_POINT('',(-0.01,0.0189495393759702,0.00686742091541539));
#8869=CARTESIAN_POINT('',(-0.01,0.019005996228565,0.00693365894677327));
#8870=CARTESIAN_POINT('',(-0.01,0.0190199462844961,0.00695011822452588));
#8871=CARTESIAN_POINT('',(-0.01,0.0166591999856183,0.0051393305288752));
#8872=CARTESIAN_POINT('',(-0.022,0.0166591999856184,0.00513933052887522));
#8873=CARTESIAN_POINT('',(-0.01,9.0534122794351E-16,2.47724229943374E-16));
#8874=CARTESIAN_POINT('',(-0.01,0.0162786178199117,0.00444659722408669));
#8875=CARTESIAN_POINT('',(-0.01,0.0162786178199117,0.00444659722408669));
#8876=CARTESIAN_POINT('',(-0.01,9.0534122794351E-16,2.47724229943374E-16));
#8877=CARTESIAN_POINT('',(-0.01,0.0164072260874239,0.00394570109310845));
#8878=CARTESIAN_POINT('',(-0.01,0.0164072260874239,0.00394570109310845));
#8879=CARTESIAN_POINT('',(-0.016,0.01695974533039,0.00407857399735921));
#8880=CARTESIAN_POINT('',(-0.01,0.01695974533039,0.00407857399735921));
#8881=CARTESIAN_POINT('',(-0.016,0.016826806133187,0.00459633798580574));
#8882=CARTESIAN_POINT('',(-0.01,0.016826806133187,0.00459633798580574));
#8883=CARTESIAN_POINT('',(-0.01,0.00617522905618647,0.0163036256262069));
#8884=CARTESIAN_POINT('',(-0.022,0.00617522905618647,0.0163036256262069));
#8885=CARTESIAN_POINT('',(-0.01,0.0062024925601023,0.0163755714459209));
#8886=CARTESIAN_POINT('',(-0.022,0.0062024925601023,0.0163755714459209));
#8887=CARTESIAN_POINT('',(-0.01,0.00624502060015676,0.016487448577396));
#8888=CARTESIAN_POINT('',(-0.022,0.00624502060015676,0.016487448577396));
#8889=CARTESIAN_POINT('',(-0.01,0.00624993598828724,0.0164976977145638));
#8890=CARTESIAN_POINT('',(-0.022,0.00624993598828724,0.0164976977145638));
#8891=CARTESIAN_POINT('',(-0.01,0.00629154267987642,0.0165870822188082));
#8892=CARTESIAN_POINT('',(-0.022,0.00629154267987642,0.0165870822188082));
#8893=CARTESIAN_POINT('',(-0.01,0.00634918715812722,0.0166901844441717));
#8894=CARTESIAN_POINT('',(-0.022,0.00634918715812722,0.0166901844441717));
#8895=CARTESIAN_POINT('',(-0.01,0.00644798934965722,0.0168520954610456));
#8896=CARTESIAN_POINT('',(-0.022,0.00644798934965722,0.0168520954610456));
#8897=CARTESIAN_POINT('',(-0.01,0.00660202702266493,0.0170731386519058));
#8898=CARTESIAN_POINT('',(-0.022,0.00660202702266493,0.0170731386519058));
#8899=CARTESIAN_POINT('',(-0.01,0.0068314855003417,0.0173582654060281));
#8900=CARTESIAN_POINT('',(-0.022,0.0068314855003417,0.0173582654060281));
#8901=CARTESIAN_POINT('',(-0.01,0.00710109219709315,0.0176532811201159));
#8902=CARTESIAN_POINT('',(-0.022,0.00710109219709315,0.0176532811201159));
#8903=CARTESIAN_POINT('',(-0.01,0.00751070347035272,0.0180523563374701));
#8904=CARTESIAN_POINT('',(-0.022,0.00751070347035272,0.0180523563374701));
#8905=CARTESIAN_POINT('',(-0.01,0.00786945200409635,0.0183514238336224));
#8906=CARTESIAN_POINT('',(-0.022,0.00786945200409635,0.0183514238336224));
#8907=CARTESIAN_POINT('',(-0.01,0.00813067606243642,0.0185460132310889));
#8908=CARTESIAN_POINT('',(-0.022,0.00813067606243642,0.0185460132310889));
#8909=CARTESIAN_POINT('',(-0.01,0.00617522905608458,0.0163036256259381));
#8910=CARTESIAN_POINT('',(-0.01,0.00458716545136928,0.0168196187702827));
#8911=CARTESIAN_POINT('',(-0.022,0.00458716545136928,0.0168196187702827));
#8912=CARTESIAN_POINT('',(-0.01,0.00460739750516716,0.0168938492466331));
#8913=CARTESIAN_POINT('',(-0.022,0.00460739750516716,0.0168938492466331));
#8914=CARTESIAN_POINT('',(-0.01,0.0046387513259755,0.0170093571020313));
#8915=CARTESIAN_POINT('',(-0.022,0.0046387513259755,0.0170093571020313));
#8916=CARTESIAN_POINT('',(-0.01,0.00464079898511989,0.01702053802083));
#8917=CARTESIAN_POINT('',(-0.022,0.00464079898511989,0.01702053802083));
#8918=CARTESIAN_POINT('',(-0.01,0.00465967735792286,0.0171173074035103));
#8919=CARTESIAN_POINT('',(-0.022,0.00465967735792286,0.0171173074035103));
#8920=CARTESIAN_POINT('',(-0.01,0.00467364396293327,0.0172346014301792));
#8921=CARTESIAN_POINT('',(-0.022,0.00467364396293327,0.0172346014301792));
#8922=CARTESIAN_POINT('',(-0.01,0.00468888021880626,0.0174236646654823));
#8923=CARTESIAN_POINT('',(-0.022,0.00468888021880626,0.0174236646654823));
#8924=CARTESIAN_POINT('',(-0.01,0.00469418705127625,0.0176930334358704));
#8925=CARTESIAN_POINT('',(-0.022,0.00469418705127625,0.0176930334358704));
#8926=CARTESIAN_POINT('',(-0.01,0.00467614454443953,0.0180585781346982));
#8927=CARTESIAN_POINT('',(-0.022,0.00467614454443953,0.0180585781346982));
#8928=CARTESIAN_POINT('',(-0.01,0.00463143403090564,0.0184557217012727));
#8929=CARTESIAN_POINT('',(-0.022,0.00463143403090564,0.0184557217012727));
#8930=CARTESIAN_POINT('',(-0.00999999999999999,0.00453462207706726,0.0190193437997408));
#8931=CARTESIAN_POINT('',(-0.022,0.00453462207706726,0.0190193437997408));
#8932=CARTESIAN_POINT('',(-0.01,0.00442017588024003,0.0194721615840092));
#8933=CARTESIAN_POINT('',(-0.022,0.00442017588024003,0.0194721615840092));
#8934=CARTESIAN_POINT('',(-0.01,0.00432321795578653,0.0197831313625211));
#8935=CARTESIAN_POINT('',(-0.022,0.00432321795578653,0.0197831313625211));
#8936=CARTESIAN_POINT('',(-0.022,0.00458716545129366,0.0168196187700052));
#8937=CARTESIAN_POINT('',(-0.01,2.97300390414012E-16,8.87362921924052E-16));
#8938=CARTESIAN_POINT('',(-0.01,0.00496813340337514,0.016127097553071));
#8939=CARTESIAN_POINT('',(-0.01,0.00545996575032487,0.0159672915363026));
#8940=CARTESIAN_POINT('',(-0.016,0.00564383206184614,0.0165049958249404));
#8941=CARTESIAN_POINT('',(-0.016,0.00513543708361707,0.0166701833668329));
#8942=CARTESIAN_POINT('',(-0.01,0.00192667606257503,0.0173271342640894));
#8943=CARTESIAN_POINT('',(-0.022,0.00192667606257503,0.0173271342640894));
#8944=CARTESIAN_POINT('',(-0.01,0.00193519083559461,0.0174035999312905));
#8945=CARTESIAN_POINT('',(-0.022,0.00193519083559461,0.0174035999312905));
#8946=CARTESIAN_POINT('',(-0.01,0.00194856006786428,0.0175225385304352));
#8947=CARTESIAN_POINT('',(-0.022,0.00194856006786428,0.0175225385304352));
#8948=CARTESIAN_POINT('',(-0.01,0.00195077217327211,0.0175336880794315));
#8949=CARTESIAN_POINT('',(-0.022,0.00195077217327211,0.0175336880794315));
#8950=CARTESIAN_POINT('',(-0.01,0.00196884269186083,0.0176306115685451));
#8951=CARTESIAN_POINT('',(-0.022,0.00196884269186083,0.0176306115685451));
#8952=CARTESIAN_POINT('',(-0.01,0.00199903568203451,0.0177448102466989));
#8953=CARTESIAN_POINT('',(-0.022,0.00199903568203451,0.0177448102466989));
#8954=CARTESIAN_POINT('',(-0.01,0.00205446818851592,0.0179262056371075));
#8955=CARTESIAN_POINT('',(-0.022,0.00205446818851592,0.0179262056371075));
#8956=CARTESIAN_POINT('',(-0.01,0.00214869527857709,0.0181786119611762));
#8957=CARTESIAN_POINT('',(-0.022,0.00214869527857709,0.0181786119611762));
#8958=CARTESIAN_POINT('',(-0.01,0.00230003675592263,0.0185118449369288));
#8959=CARTESIAN_POINT('',(-0.022,0.00230003675592263,0.0185118449369288));
#8960=CARTESIAN_POINT('',(-0.01,0.00248780583787525,0.0188646406488566));
#8961=CARTESIAN_POINT('',(-0.022,0.00248780583787525,0.0188646406488566));
#8962=CARTESIAN_POINT('',(-0.01,0.00278530244898882,0.0193530443657381));
#8963=CARTESIAN_POINT('',(-0.022,0.00278530244898882,0.0193530443657381));
#8964=CARTESIAN_POINT('',(-0.01,0.00305840517597977,0.0197319332389291));
#8965=CARTESIAN_POINT('',(-0.022,0.00305840517597977,0.0197319332389291));
#8966=CARTESIAN_POINT('',(-0.01,0.00326302998487015,0.0199853730342428));
#8967=CARTESIAN_POINT('',(-0.022,0.00326302998487015,0.0199853730342428));
#8968=CARTESIAN_POINT('',(-0.01,0.00192667606254321,0.0173271342638036));
#8969=CARTESIAN_POINT('',(-0.01,0.000260182119369825,0.0174319811760064));
#8970=CARTESIAN_POINT('',(-0.022,0.000260182119369825,0.0174319811760064));
#8971=CARTESIAN_POINT('',(-0.01,0.000261318177205718,0.0175089110726181));
#8972=CARTESIAN_POINT('',(-0.022,0.000261318177205718,0.0175089110726181));
#8973=CARTESIAN_POINT('',(-0.01,0.000262961324552097,0.0176285874144939));
#8974=CARTESIAN_POINT('',(-0.022,0.000262961324552097,0.0176285874144939));
#8975=CARTESIAN_POINT('',(-0.01,0.000262164071284625,0.0176399262962898));
#8976=CARTESIAN_POINT('',(-0.022,0.000262164071284625,0.0176399262962898));
#8977=CARTESIAN_POINT('',(-0.01,0.000256383778431319,0.017738350351269));
#8978=CARTESIAN_POINT('',(-0.022,0.000256383778431319,0.017738350351269));
#8979=CARTESIAN_POINT('',(-0.01,0.000240741758605151,0.0178554327238256));
#8980=CARTESIAN_POINT('',(-0.022,0.000240741758605151,0.0178554327238256));
#8981=CARTESIAN_POINT('',(-0.01,0.000208481224827806,0.0180423452926825));
#8982=CARTESIAN_POINT('',(-0.022,0.000208481224827806,0.0180423452926825));
#8983=CARTESIAN_POINT('',(-0.01,0.000146632044283641,0.0183045711033825));
#8984=CARTESIAN_POINT('',(-0.022,0.000146632044283641,0.0183045711033825));
#8985=CARTESIAN_POINT('',(-0.01,3.82491060718192E-5,0.0186541445543176));
#8986=CARTESIAN_POINT('',(-0.022,3.82491060718192E-5,0.0186541445543176));
#8987=CARTESIAN_POINT('',(-0.01,-0.000103822333222166,0.0190276920728864));
#8988=CARTESIAN_POINT('',(-0.022,-0.000103822333222166,0.0190276920728864));
#8989=CARTESIAN_POINT('',(-0.01,-0.00033775987757762,0.0195495307928263));
#8990=CARTESIAN_POINT('',(-0.022,-0.00033775987757762,0.0195495307928263));
#8991=CARTESIAN_POINT('',(-0.01,-0.000561221740355759,0.0199596608619529));
#8992=CARTESIAN_POINT('',(-0.022,-0.000561221740355759,0.0199596608619529));
#8993=CARTESIAN_POINT('',(-0.01,-0.0007324685924491,0.0202367484977473));
#8994=CARTESIAN_POINT('',(-0.022,-0.0007324685924491,0.0202367484977473));
#8995=CARTESIAN_POINT('',(-0.022,0.00026018211936558,0.0174319811757189));
#8996=CARTESIAN_POINT('',(-0.01,7.15109267450469E-17,9.29009695697369E-16));
#8997=CARTESIAN_POINT('',(-0.01,0.000801404285980002,0.0168559596632886));
#8998=CARTESIAN_POINT('',(-0.01,0.00131752695561229,0.0168234879772666));
#8999=CARTESIAN_POINT('',(-0.016,0.00136189514998125,0.0173900249891734));
#9000=CARTESIAN_POINT('',(-0.016,0.000828391863711917,0.0174235901709078));
#9001=CARTESIAN_POINT('',(-0.01,-0.00244293707386688,0.0172619153314169));
#9002=CARTESIAN_POINT('',(-0.022,-0.00244293707386688,0.0172619153314169));
#9003=CARTESIAN_POINT('',(-0.01,-0.00245370604624753,0.0173380962270139));
#9004=CARTESIAN_POINT('',(-0.022,-0.00245370604624753,0.0173380962270139));
#9005=CARTESIAN_POINT('',(-0.01,-0.00247033565979473,0.0174566229442182));
#9006=CARTESIAN_POINT('',(-0.022,-0.00247033565979473,0.0174566229442182));
#9007=CARTESIAN_POINT('',(-0.01,-0.0024709658318279,0.0174679723378745));
#9008=CARTESIAN_POINT('',(-0.022,-0.0024709658318279,0.0174679723378745));
#9009=CARTESIAN_POINT('',(-0.01,-0.00247756692338128,0.0175663447525766));
#9010=CARTESIAN_POINT('',(-0.022,-0.00247756692338128,0.0175663447525766));
#9011=CARTESIAN_POINT('',(-0.01,-0.00247672255789938,0.017684464360579));
#9012=CARTESIAN_POINT('',(-0.022,-0.00247672255789938,0.017684464360579));
#9013=CARTESIAN_POINT('',(-0.01,-0.00246814276471528,0.0178739463850173));
#9014=CARTESIAN_POINT('',(-0.022,-0.00246814276471528,0.0178739463850173));
#9015=CARTESIAN_POINT('',(-0.01,-0.00243964689221221,0.0181418562246677));
#9016=CARTESIAN_POINT('',(-0.022,-0.00243964689221221,0.0181418562246677));
#9017=CARTESIAN_POINT('',(-0.01,-0.00237593175681453,0.0185022571686389));
#9018=CARTESIAN_POINT('',(-0.022,-0.00237593175681453,0.0185022571686389));
#9019=CARTESIAN_POINT('',(-0.01,-0.0022817985116462,0.0188906654263345));
#9020=CARTESIAN_POINT('',(-0.022,-0.0022817985116462,0.0188906654263345));
#9021=CARTESIAN_POINT('',(-0.01,-0.0021151093688709,0.0194377094409882));
#9022=CARTESIAN_POINT('',(-0.022,-0.0021151093688709,0.0194377094409882));
#9023=CARTESIAN_POINT('',(-0.01,-0.00194481249737112,0.0198726127098601));
#9024=CARTESIAN_POINT('',(-0.022,-0.00194481249737112,0.0198726127098601));
#9025=CARTESIAN_POINT('',(-0.01,-0.00180964426723033,0.0201689783485947));
#9026=CARTESIAN_POINT('',(-0.022,-0.00180964426723033,0.0201689783485947));
#9027=CARTESIAN_POINT('',(-0.01,-0.00244293707382664,0.0172619153311322));
#9028=CARTESIAN_POINT('',(-0.01,-0.00408314941207252,0.0169490280940994));
#9029=CARTESIAN_POINT('',(-0.022,-0.00408314941207252,0.0169490280940994));
#9030=CARTESIAN_POINT('',(-0.01,-0.00410118073289057,0.0170238236226399));
#9031=CARTESIAN_POINT('',(-0.022,-0.00410118073289057,0.0170238236226399));
#9032=CARTESIAN_POINT('',(-0.01,-0.004129351503997,0.0171401487462944));
#9033=CARTESIAN_POINT('',(-0.022,-0.004129351503997,0.0171401487462944));
#9034=CARTESIAN_POINT('',(-0.01,-0.00413294357532146,0.0171509331274429));
#9035=CARTESIAN_POINT('',(-0.022,-0.00413294357532146,0.0171509331274429));
#9036=CARTESIAN_POINT('',(-0.01,-0.00416301933677264,0.0172448275093683));
#9037=CARTESIAN_POINT('',(-0.022,-0.00416301933677264,0.0172448275093683));
#9038=CARTESIAN_POINT('',(-0.01,-0.00420728713580238,0.0173543415117459));
#9039=CARTESIAN_POINT('',(-0.022,-0.00420728713580238,0.0173543415117459));
#9040=CARTESIAN_POINT('',(-0.01,-0.00428501741124688,0.0175273590100392));
#9041=CARTESIAN_POINT('',(-0.022,-0.00428501741124688,0.0175273590100392));
#9042=CARTESIAN_POINT('',(-0.01,-0.00441013639332624,0.0177659652489656));
#9043=CARTESIAN_POINT('',(-0.022,-0.00441013639332624,0.0177659652489656));
#9044=CARTESIAN_POINT('',(-0.01,-0.00460204966430075,0.0180776024664446));
#9045=CARTESIAN_POINT('',(-0.022,-0.00460204966430075,0.0180776024664446));
#9046=CARTESIAN_POINT('',(-0.01,-0.00483255515832178,0.0184040825726043));
#9047=CARTESIAN_POINT('',(-0.022,-0.00483255515832178,0.0184040825726043));
#9048=CARTESIAN_POINT('',(-0.01,-0.00518891913692039,0.0188513488680535));
#9049=CARTESIAN_POINT('',(-0.022,-0.00518891913692039,0.0188513488680535));
#9050=CARTESIAN_POINT('',(-0.01,-0.00550735573497563,0.0191930212414425));
#9051=CARTESIAN_POINT('',(-0.022,-0.00550735573497563,0.0191930212414425));
#9052=CARTESIAN_POINT('',(-0.01,-0.0057421314451901,0.0194188162993052));
#9053=CARTESIAN_POINT('',(-0.022,-0.0057421314451901,0.0194188162993052));
#9054=CARTESIAN_POINT('',(-0.022,-0.00408314941200514,0.0169490280938199));
#9055=CARTESIAN_POINT('',(-0.01,-1.57542077195444E-16,9.13196503246689E-16));
#9056=CARTESIAN_POINT('',(-0.01,-0.00341568001006204,0.0165256998359786));
#9057=CARTESIAN_POINT('',(-0.01,-0.0029076969032466,0.0166226027961583));
#9058=CARTESIAN_POINT('',(-0.016,-0.00300561464285696,0.0171823749272987));
#9059=CARTESIAN_POINT('',(-0.016,-0.00353070426360241,0.0170822087250624));
#9060=CARTESIAN_POINT('',(-0.01,-0.00665905148946365,0.0161120667735878));
#9061=CARTESIAN_POINT('',(-0.022,-0.00665905148946365,0.0161120667735878));
#9062=CARTESIAN_POINT('',(-0.01,-0.00668842755310433,0.0161831761717365));
#9063=CARTESIAN_POINT('',(-0.022,-0.00668842755310433,0.0161831761717365));
#9064=CARTESIAN_POINT('',(-0.01,-0.00673401111268982,0.0162938435374478));
#9065=CARTESIAN_POINT('',(-0.022,-0.00673401111268982,0.0162938435374478));
#9066=CARTESIAN_POINT('',(-0.01,-0.00673744396613752,0.0163046796516205));
#9067=CARTESIAN_POINT('',(-0.022,-0.00673744396613752,0.0163046796516205));
#9068=CARTESIAN_POINT('',(-0.01,-0.00676830189697359,0.0163983198913069));
#9069=CARTESIAN_POINT('',(-0.022,-0.00676830189697359,0.0163983198913069));
#9070=CARTESIAN_POINT('',(-0.01,-0.00679685921077205,0.0165129385397736));
#9071=CARTESIAN_POINT('',(-0.022,-0.00679685921077205,0.0165129385397736));
#9072=CARTESIAN_POINT('',(-0.01,-0.0068356712308453,0.0166986013457799));
#9073=CARTESIAN_POINT('',(-0.022,-0.0068356712308453,0.0166986013457799));
#9074=CARTESIAN_POINT('',(-0.01,-0.00687469707637017,0.0169651809404834));
#9075=CARTESIAN_POINT('',(-0.022,-0.00687469707637017,0.0169651809404834));
#9076=CARTESIAN_POINT('',(-0.01,-0.00690261173920528,0.0173301045359016));
#9077=CARTESIAN_POINT('',(-0.022,-0.00690261173920528,0.0173301045359016));
#9078=CARTESIAN_POINT('',(-0.01,-0.00690802906881303,0.0177297202200682));
#9079=CARTESIAN_POINT('',(-0.022,-0.00690802906881303,0.0177297202200682));
#9080=CARTESIAN_POINT('',(-0.01,-0.00688262108625633,0.0183010317451662));
#9081=CARTESIAN_POINT('',(-0.022,-0.00688262108625633,0.0183010317451662));
#9082=CARTESIAN_POINT('',(-0.01,-0.00682583044899216,0.0187646228378736));
#9083=CARTESIAN_POINT('',(-0.022,-0.00682583044899216,0.0187646228378736));
#9084=CARTESIAN_POINT('',(-0.01,-0.00676861191461467,0.0190852925769907));
#9085=CARTESIAN_POINT('',(-0.022,-0.00676861191461467,0.0190852925769907));
#9086=CARTESIAN_POINT('',(-0.01,-0.00665905148935388,0.0161120667733221));
#9087=CARTESIAN_POINT('',(-0.01,-0.00816992164918127,0.0154011052428753));
#9088=CARTESIAN_POINT('',(-0.022,-0.00816992164918127,0.0154011052428753));
#9089=CARTESIAN_POINT('',(-0.01,-0.0082059873744517,0.0154690667252076));
#9090=CARTESIAN_POINT('',(-0.022,-0.0082059873744517,0.0154690667252076));
#9091=CARTESIAN_POINT('',(-0.01,-0.00826220199085747,0.0155747314953077));
#9092=CARTESIAN_POINT('',(-0.022,-0.00826220199085747,0.0155747314953077));
#9093=CARTESIAN_POINT('',(-0.01,-0.00826836317718688,0.015584283753479));
#9094=CARTESIAN_POINT('',(-0.022,-0.00826836317718688,0.015584283753479));
#9095=CARTESIAN_POINT('',(-0.01,-0.00832084463653305,0.0156677487330148));
#9096=CARTESIAN_POINT('',(-0.022,-0.00832084463653305,0.0156677487330148));
#9097=CARTESIAN_POINT('',(-0.01,-0.00839095670614775,0.0157628131976799));
#9098=CARTESIAN_POINT('',(-0.022,-0.00839095670614775,0.0157628131976799));
#9099=CARTESIAN_POINT('',(-0.01,-0.00850927264418126,0.0159110642996777));
#9100=CARTESIAN_POINT('',(-0.022,-0.00850927264418126,0.0159110642996777));
#9101=CARTESIAN_POINT('',(-0.01,-0.00868979974199635,0.0161110584593067));
#9102=CARTESIAN_POINT('',(-0.022,-0.00868979974199635,0.0161110584593067));
#9103=CARTESIAN_POINT('',(-0.01,-0.00895318472911056,0.0163651781308336));
#9104=CARTESIAN_POINT('',(-0.022,-0.00895318472911056,0.0163651781308336));
#9105=CARTESIAN_POINT('',(-0.01,-0.00925764076992942,0.0166240768788044));
#9106=CARTESIAN_POINT('',(-0.022,-0.00925764076992942,0.0166240768788044));
#9107=CARTESIAN_POINT('',(-0.00999999999999999,-0.00971403952338073,0.0169686673634897));
#9108=CARTESIAN_POINT('',(-0.022,-0.00971403952338073,0.0169686673634897));
#9109=CARTESIAN_POINT('',(-0.01,-0.0101074423141297,0.0172204135093373));
#9110=CARTESIAN_POINT('',(-0.022,-0.0101074423141297,0.0172204135093373));
#9111=CARTESIAN_POINT('',(-0.01,-0.0103909950611476,0.0173807284553671));
#9112=CARTESIAN_POINT('',(-0.022,-0.0103909950611476,0.0173807284553671));
#9113=CARTESIAN_POINT('',(-0.022,-0.00816992164904647,0.0154011052426213));
#9114=CARTESIAN_POINT('',(-0.01,-3.75466378771858E-16,8.40916945610543E-16));
#9115=CARTESIAN_POINT('',(-0.01,-0.00741814456907954,0.0151570695107014));
#9116=CARTESIAN_POINT('',(-0.01,-0.00695021947191333,0.0153772583477106));
#9117=CARTESIAN_POINT('',(-0.016,-0.00718427061380704,0.0158950930563872));
#9118=CARTESIAN_POINT('',(-0.016,-0.00766795325701264,0.0156674892810523));
#9119=CARTESIAN_POINT('',(-0.01,-0.0135974186685211,0.0109110892219261));
#9120=CARTESIAN_POINT('',(-0.022,-0.0135974186685211,0.0109110892219261));
#9121=CARTESIAN_POINT('',(-0.01,-0.0136574183231441,0.0109592508359482));
#9122=CARTESIAN_POINT('',(-0.022,-0.0136574183231441,0.0109592508359482));
#9123=CARTESIAN_POINT('',(-0.01,-0.0137506779109437,0.011034269340475));
#9124=CARTESIAN_POINT('',(-0.022,-0.0137506779109437,0.011034269340475));
#9125=CARTESIAN_POINT('',(-0.01,-0.0137589064811672,0.0110421113099491));
#9126=CARTESIAN_POINT('',(-0.022,-0.0137589064811672,0.0110421113099491));
#9127=CARTESIAN_POINT('',(-0.01,-0.0138310590216038,0.0111093029559518));
#9128=CARTESIAN_POINT('',(-0.022,-0.0138310590216038,0.0111093029559518));
#9129=CARTESIAN_POINT('',(-0.01,-0.0139113019414689,0.0111959864524158));
#9130=CARTESIAN_POINT('',(-0.022,-0.0139113019414689,0.0111959864524158));
#9131=CARTESIAN_POINT('',(-0.01,-0.0140347569128627,0.0113399861762853));
#9132=CARTESIAN_POINT('',(-0.022,-0.0140347569128627,0.0113399861762853));
#9133=CARTESIAN_POINT('',(-0.01,-0.0141973812211795,0.0115547908114208));
#9134=CARTESIAN_POINT('',(-0.022,-0.0141973812211795,0.0115547908114208));
#9135=CARTESIAN_POINT('',(-0.01,-0.0143976463095522,0.0118611278044093));
#9136=CARTESIAN_POINT('',(-0.022,-0.0143976463095522,0.0118611278044093));
#9137=CARTESIAN_POINT('',(-0.01,-0.0145949098757513,0.0122087038794523));
#9138=CARTESIAN_POINT('',(-0.022,-0.0145949098757513,0.0122087038794523));
#9139=CARTESIAN_POINT('',(-0.01,-0.0148478761171832,0.0127215883742301));
#9140=CARTESIAN_POINT('',(-0.022,-0.0148478761171832,0.0127215883742301));
#9141=CARTESIAN_POINT('',(-0.01,-0.0150214468145766,0.0131551954437347));
#9142=CARTESIAN_POINT('',(-0.022,-0.0150214468145766,0.0131551954437347));
#9143=CARTESIAN_POINT('',(-0.01,-0.0151257896556728,0.0134637657173743));
#9144=CARTESIAN_POINT('',(-0.022,-0.0151257896556728,0.0134637657173743));
#9145=CARTESIAN_POINT('',(-0.01,-0.0135974186682969,0.0109110892217461));
#9146=CARTESIAN_POINT('',(-0.01,-0.0145788959525948,0.00956020163277393));
#9147=CARTESIAN_POINT('',(-0.022,-0.0145788959525948,0.00956020163277393));
#9148=CARTESIAN_POINT('',(-0.01,-0.014643241282381,0.00960238193806927));
#9149=CARTESIAN_POINT('',(-0.022,-0.014643241282381,0.00960238193806927));
#9150=CARTESIAN_POINT('',(-0.01,-0.0147434069174723,0.00966789508396164));
#9151=CARTESIAN_POINT('',(-0.022,-0.0147434069174723,0.00966789508396164));
#9152=CARTESIAN_POINT('',(-0.01,-0.0147534078416797,0.00967329761745561));
#9153=CARTESIAN_POINT('',(-0.022,-0.0147534078416797,0.00967329761745561));
#9154=CARTESIAN_POINT('',(-0.01,-0.0148396072556334,0.00972115540071031));
#9155=CARTESIAN_POINT('',(-0.022,-0.0148396072556334,0.00972115540071031));
#9156=CARTESIAN_POINT('',(-0.01,-0.0149468445857174,0.00977068427899532));
#9157=CARTESIAN_POINT('',(-0.022,-0.0149468445857174,0.00977068427899532));
#9158=CARTESIAN_POINT('',(-0.01,-0.0151219461456489,0.00984359857214744));
#9159=CARTESIAN_POINT('',(-0.022,-0.0151219461456489,0.00984359857214744));
#9160=CARTESIAN_POINT('',(-0.01,-0.0153764911685934,0.00993188519755271));
#9161=CARTESIAN_POINT('',(-0.022,-0.0153764911685934,0.00993188519755271));
#9162=CARTESIAN_POINT('',(-0.01,-0.0157297202776444,0.0100276852779968));
#9163=CARTESIAN_POINT('',(-0.022,-0.0157297202776444,0.0100276852779968));
#9164=CARTESIAN_POINT('',(-0.01,-0.0161212425630489,0.0101078871640317));
#9165=CARTESIAN_POINT('',(-0.022,-0.0161212425630489,0.0101078871640317));
#9166=CARTESIAN_POINT('',(-0.01,-0.0166871955715198,0.0101899823313103));
#9167=CARTESIAN_POINT('',(-0.022,-0.0166871955715198,0.0101899823313103));
#9168=CARTESIAN_POINT('',(-0.01,-0.0171532166957035,0.0102210659207471));
#9169=CARTESIAN_POINT('',(-0.022,-0.0171532166957035,0.0102210659207471));
#9170=CARTESIAN_POINT('',(-0.01,-0.0174789281763238,0.010224948401186));
#9171=CARTESIAN_POINT('',(-0.022,-0.0174789281763238,0.010224948401186));
#9172=CARTESIAN_POINT('',(-0.022,-0.0145788959523544,0.0095602016326163));
#9173=CARTESIAN_POINT('',(-0.01,-7.24716571408276E-16,5.48387721073169E-16));
#9174=CARTESIAN_POINT('',(-0.01,-0.013802543564811,0.00970852286094511));
#9175=CARTESIAN_POINT('',(-0.01,-0.0134985744576295,0.0101269004444516));
#9176=CARTESIAN_POINT('',(-0.016,-0.0139531438102251,0.0104679274612884));
#9177=CARTESIAN_POINT('',(-0.016,-0.0142673491864805,0.0100354608620957));
#9178=CARTESIAN_POINT('',(-0.01,-0.0104567532096992,0.0139498378043376));
#9179=CARTESIAN_POINT('',(-0.022,-0.0104567532096992,0.0139498378043376));
#9180=CARTESIAN_POINT('',(-0.01,-0.0105028905584837,0.0140114076400302));
#9181=CARTESIAN_POINT('',(-0.022,-0.0105028905584837,0.0140114076400302));
#9182=CARTESIAN_POINT('',(-0.01,-0.0105745638814141,0.0141072620166548));
#9183=CARTESIAN_POINT('',(-0.022,-0.0105745638814141,0.0141072620166548));
#9184=CARTESIAN_POINT('',(-0.00999999999999999,-0.0105805837174691,0.014116903978438));
#9185=CARTESIAN_POINT('',(-0.022,-0.0105805837174691,0.014116903978438));
#9186=CARTESIAN_POINT('',(-0.01,-0.0106337595703059,0.0141999282824645));
#9187=CARTESIAN_POINT('',(-0.022,-0.0106337595703059,0.0141999282824645));
#9188=CARTESIAN_POINT('',(-0.01,-0.0106899242023323,0.0143038440601744));
#9189=CARTESIAN_POINT('',(-0.022,-0.0106899242023323,0.0143038440601744));
#9190=CARTESIAN_POINT('',(-0.01,-0.0107736893337011,0.0144740217708273));
#9191=CARTESIAN_POINT('',(-0.022,-0.0107736893337011,0.0144740217708273));
#9192=CARTESIAN_POINT('',(-0.01,-0.0108777847598525,0.0147225209442376));
#9193=CARTESIAN_POINT('',(-0.022,-0.0108777847598525,0.0147225209442376));
#9194=CARTESIAN_POINT('',(-0.01,-0.0109955752399916,0.0150690376995074));
#9195=CARTESIAN_POINT('',(-0.022,-0.0109955752399916,0.0150690376995074));
#9196=CARTESIAN_POINT('',(-0.01,-0.0111002027536326,0.0154547514870252));
#9197=CARTESIAN_POINT('',(-0.022,-0.0111002027536326,0.0154547514870252));
#9198=CARTESIAN_POINT('',(-0.00999999999999999,-0.0112176724082825,0.0160144329183091));
#9199=CARTESIAN_POINT('',(-0.022,-0.0112176724082825,0.0160144329183091));
#9200=CARTESIAN_POINT('',(-0.01,-0.0112779563698548,0.0164775827015276));
#9201=CARTESIAN_POINT('',(-0.022,-0.0112779563698548,0.0164775827015276));
#9202=CARTESIAN_POINT('',(-0.01,-0.0113022827821904,0.0168024076819783));
#9203=CARTESIAN_POINT('',(-0.022,-0.0113022827821904,0.0168024076819783));
#9204=CARTESIAN_POINT('',(-0.01,-0.0104567532095268,0.0139498378041075));
#9205=CARTESIAN_POINT('',(-0.01,-0.0117433476622019,0.0128854743079382));
#9206=CARTESIAN_POINT('',(-0.022,-0.0117433476622019,0.0128854743079382));
#9207=CARTESIAN_POINT('',(-0.01,-0.0117951816497655,0.0129423314741827));
#9208=CARTESIAN_POINT('',(-0.022,-0.0117951816497655,0.0129423314741827));
#9209=CARTESIAN_POINT('',(-0.01,-0.011875907940379,0.0130306965846152));
#9210=CARTESIAN_POINT('',(-0.022,-0.011875907940379,0.0130306965846152));
#9211=CARTESIAN_POINT('',(-0.01,-0.011884251111717,0.0130384165162976));
#9212=CARTESIAN_POINT('',(-0.022,-0.011884251111717,0.0130384165162976));
#9213=CARTESIAN_POINT('',(-0.01,-0.0119558406658541,0.0131062076818169));
#9214=CARTESIAN_POINT('',(-0.022,-0.0119558406658541,0.0131062076818169));
#9215=CARTESIAN_POINT('',(-0.01,-0.0120473916068658,0.0131808493588318));
#9216=CARTESIAN_POINT('',(-0.022,-0.0120473916068658,0.0131808493588318));
#9217=CARTESIAN_POINT('',(-0.01,-0.0121988589819661,0.0132950189025663));
#9218=CARTESIAN_POINT('',(-0.022,-0.0121988589819661,0.0132950189025663));
#9219=CARTESIAN_POINT('',(-0.01,-0.0124234510140289,0.0134438346143211));
#9220=CARTESIAN_POINT('',(-0.022,-0.0124234510140289,0.0134438346143211));
#9221=CARTESIAN_POINT('',(-0.01,-0.0127417582698802,0.0136244694663473));
#9222=CARTESIAN_POINT('',(-0.022,-0.0127417582698802,0.0136244694663473));
#9223=CARTESIAN_POINT('',(-0.01,-0.0131010347647413,0.0137995192956312));
#9224=CARTESIAN_POINT('',(-0.022,-0.0131010347647413,0.0137995192956312));
#9225=CARTESIAN_POINT('',(-0.01,-0.0136287910808488,0.0140197820820846));
#9226=CARTESIAN_POINT('',(-0.022,-0.0136287910808488,0.0140197820820846));
#9227=CARTESIAN_POINT('',(-0.01,-0.0140724411201143,0.0141657838641901));
#9228=CARTESIAN_POINT('',(-0.022,-0.0140724411201143,0.0141657838641901));
#9229=CARTESIAN_POINT('',(-0.01,-0.0143869542420065,0.0142505455207304));
#9230=CARTESIAN_POINT('',(-0.022,-0.0143869542420065,0.0142505455207304));
#9231=CARTESIAN_POINT('',(-0.022,-0.0117433476620082,0.0128854743077258));
#9232=CARTESIAN_POINT('',(-0.01,-5.68568992646632E-16,7.16712613220827E-16));
#9233=CARTESIAN_POINT('',(-0.01,-0.0109544998227945,0.0128360647642646));
#9234=CARTESIAN_POINT('',(-0.01,-0.0105560341900406,0.0131657042036761));
#9235=CARTESIAN_POINT('',(-0.016,-0.0109115124401925,0.0136090640306798));
#9236=CARTESIAN_POINT('',(-0.016,-0.0113233965465253,0.0132683238645187));
#9237=CARTESIAN_POINT('',(-0.01,-0.0158837083045921,0.00718675677552193));
#9238=CARTESIAN_POINT('',(-0.022,-0.0158837083045921,0.00718675677552193));
#9239=CARTESIAN_POINT('',(-0.01,-0.0159538002660903,0.00721848399653835));
#9240=CARTESIAN_POINT('',(-0.022,-0.0159538002660903,0.00721848399653835));
#9241=CARTESIAN_POINT('',(-0.01,-0.0160627862758728,0.00726795294042913));
#9242=CARTESIAN_POINT('',(-0.022,-0.0160627862758728,0.00726795294042913));
#9243=CARTESIAN_POINT('',(-0.01,-0.0160727065489351,0.00727350217781144));
#9244=CARTESIAN_POINT('',(-0.022,-0.0160727065489351,0.00727350217781144));
#9245=CARTESIAN_POINT('',(-0.01,-0.0161593021674976,0.00732063926755829));
#9246=CARTESIAN_POINT('',(-0.022,-0.0161593021674976,0.00732063926755829));
#9247=CARTESIAN_POINT('',(-0.01,-0.0162585814174333,0.00738464383989409));
#9248=CARTESIAN_POINT('',(-0.022,-0.0162585814174333,0.00738464383989409));
#9249=CARTESIAN_POINT('',(-0.01,-0.0164139690989639,0.00749341754473536));
#9250=CARTESIAN_POINT('',(-0.022,-0.0164139690989639,0.00749341754473536));
#9251=CARTESIAN_POINT('',(-0.01,-0.016624904006064,0.00766103067637448));
#9252=CARTESIAN_POINT('',(-0.022,-0.016624904006064,0.00766103067637448));
#9253=CARTESIAN_POINT('',(-0.01,-0.0168950603106445,0.00790793962718341));
#9254=CARTESIAN_POINT('',(-0.022,-0.0168950603106445,0.00790793962718341));
#9255=CARTESIAN_POINT('',(-0.01,-0.0171725651340528,0.00819553850666149));
#9256=CARTESIAN_POINT('',(-0.022,-0.0171725651340528,0.00819553850666149));
#9257=CARTESIAN_POINT('',(-0.01,-0.0175451331629727,0.00862939964586902));
#9258=CARTESIAN_POINT('',(-0.022,-0.0175451331629727,0.00862939964586902));
#9259=CARTESIAN_POINT('',(-0.01,-0.0178210845109224,0.0090062188747874));
#9260=CARTESIAN_POINT('',(-0.022,-0.0178210845109224,0.0090062188747874));
#9261=CARTESIAN_POINT('',(-0.01,-0.0179988875363262,0.00927914583648106));
#9262=CARTESIAN_POINT('',(-0.022,-0.0179988875363262,0.00927914583648106));
#9263=CARTESIAN_POINT('',(-0.01,-0.0158837083043302,0.00718675677540336));
#9264=CARTESIAN_POINT('',(-0.01,-0.0164983985928575,0.0056342263290603));
#9265=CARTESIAN_POINT('',(-0.022,-0.0164983985928575,0.0056342263290603));
#9266=CARTESIAN_POINT('',(-0.01,-0.0165712122111501,0.00565907942969654));
#9267=CARTESIAN_POINT('',(-0.022,-0.0165712122111501,0.00565907942969654));
#9268=CARTESIAN_POINT('',(-0.01,-0.0166845234154831,0.00569762417915178));
#9269=CARTESIAN_POINT('',(-0.022,-0.0166845234154831,0.00569762417915178));
#9270=CARTESIAN_POINT('',(-0.01,-0.0166955536977112,0.00570036985340878));
#9271=CARTESIAN_POINT('',(-0.022,-0.0166955536977112,0.00570036985340878));
#9272=CARTESIAN_POINT('',(-0.01,-0.0167909467452835,0.00572528717386842));
#9273=CARTESIAN_POINT('',(-0.022,-0.0167909467452835,0.00572528717386842));
#9274=CARTESIAN_POINT('',(-0.01,-0.0169071323485993,0.00574659117184642));
#9275=CARTESIAN_POINT('',(-0.022,-0.0169071323485993,0.00574659117184642));
#9276=CARTESIAN_POINT('',(-0.01,-0.017094865818373,0.00577366874121742));
#9277=CARTESIAN_POINT('',(-0.022,-0.017094865818373,0.00577366874121742));
#9278=CARTESIAN_POINT('',(-0.01,-0.0173633698322563,0.00579587890690339));
#9279=CARTESIAN_POINT('',(-0.022,-0.0173633698322563,0.00579587890690339));
#9280=CARTESIAN_POINT('',(-0.01,-0.0177293261104997,0.00580082474438308));
#9281=CARTESIAN_POINT('',(-0.022,-0.0177293261104997,0.00580082474438308));
#9282=CARTESIAN_POINT('',(-0.01,-0.0181284934013375,0.00578113930770744));
#9283=CARTESIAN_POINT('',(-0.022,-0.0181284934013375,0.00578113930770744));
#9284=CARTESIAN_POINT('',(-0.01,-0.0186970821932197,0.0057199085145264));
#9285=CARTESIAN_POINT('',(-0.022,-0.0186970821932197,0.0057199085145264));
#9286=CARTESIAN_POINT('',(-0.01,-0.0191561925811844,0.00563412081505218));
#9287=CARTESIAN_POINT('',(-0.022,-0.0191561925811844,0.00563412081505218));
#9288=CARTESIAN_POINT('',(-0.01,-0.0194726367703213,0.00555688016886533));
#9289=CARTESIAN_POINT('',(-0.022,-0.0194726367703213,0.00555688016886533));
#9290=CARTESIAN_POINT('',(-0.022,-0.0164983985925854,0.00563422632896742));
#9291=CARTESIAN_POINT('',(-0.01,-8.34097788412575E-16,3.46518741196856E-16));
#9292=CARTESIAN_POINT('',(-0.01,-0.0157833227324462,0.00597095876082294));
#9293=CARTESIAN_POINT('',(-0.01,-0.0155929496477613,0.00645178628616758));
#9294=CARTESIAN_POINT('',(-0.016,-0.0161180478385879,0.00666905251116004));
#9295=CARTESIAN_POINT('',(-0.016,-0.0163148318054091,0.00617203294586391));
#9296=CARTESIAN_POINT('',(-0.01,-0.0171719661316927,0.00301085396986916));
#9297=CARTESIAN_POINT('',(-0.022,-0.0171719661316927,0.00301085396986916));
#9298=CARTESIAN_POINT('',(-0.01,-0.017247746264345,0.00302415325989891));
#9299=CARTESIAN_POINT('',(-0.022,-0.017247746264345,0.00302415325989891));
#9300=CARTESIAN_POINT('',(-0.01,-0.0173656107042932,0.00304496432747499));
#9301=CARTESIAN_POINT('',(-0.022,-0.0173656107042932,0.00304496432747499));
#9302=CARTESIAN_POINT('',(-0.01,-0.0173765993529537,0.0030478721537721));
#9303=CARTESIAN_POINT('',(-0.022,-0.0173765993529537,0.0030478721537721));
#9304=CARTESIAN_POINT('',(-0.01,-0.0174721969284512,0.00307199289055623));
#9305=CARTESIAN_POINT('',(-0.022,-0.0174721969284512,0.00307199289055623));
#9306=CARTESIAN_POINT('',(-0.01,-0.0175842744280607,0.00310929689609158));
#9307=CARTESIAN_POINT('',(-0.022,-0.0175842744280607,0.00310929689609158));
#9308=CARTESIAN_POINT('',(-0.01,-0.0177618312402215,0.00317600992998779));
#9309=CARTESIAN_POINT('',(-0.022,-0.0177618312402215,0.00317600992998779));
#9310=CARTESIAN_POINT('',(-0.01,-0.0180078229301276,0.0032858998086316));
#9311=CARTESIAN_POINT('',(-0.022,-0.0180078229301276,0.0032858998086316));
#9312=CARTESIAN_POINT('',(-0.01,-0.0183308955367336,0.00345786651981408));
#9313=CARTESIAN_POINT('',(-0.022,-0.0183308955367336,0.00345786651981408));
#9314=CARTESIAN_POINT('',(-0.01,-0.0186712049687051,0.00366741730841488));
#9315=CARTESIAN_POINT('',(-0.022,-0.0186712049687051,0.00366741730841488));
#9316=CARTESIAN_POINT('',(-0.00999999999999999,-0.0191399649656464,0.00399499400104611));
#9317=CARTESIAN_POINT('',(-0.022,-0.0191399649656464,0.00399499400104611));
#9318=CARTESIAN_POINT('',(-0.01,-0.0195009579260823,0.00429134845138124));
#9319=CARTESIAN_POINT('',(-0.022,-0.0195009579260823,0.00429134845138124));
#9320=CARTESIAN_POINT('',(-0.01,-0.0197410491177942,0.00451148309637054));
#9321=CARTESIAN_POINT('',(-0.022,-0.0197410491177942,0.00451148309637054));
#9322=CARTESIAN_POINT('',(-0.01,-0.0171719661314095,0.00301085396981946));
#9323=CARTESIAN_POINT('',(-0.01,-0.0173812461726653,0.00135423186385684));
#9324=CARTESIAN_POINT('',(-0.022,-0.0173812461726653,0.00135423186385684));
#9325=CARTESIAN_POINT('',(-0.01,-0.0174579529320373,0.00136019614811769));
#9326=CARTESIAN_POINT('',(-0.022,-0.0174579529320373,0.00136019614811769));
#9327=CARTESIAN_POINT('',(-0.01,-0.0175772899459143,0.00136935059276987));
#9328=CARTESIAN_POINT('',(-0.022,-0.0175772899459143,0.00136935059276987));
#9329=CARTESIAN_POINT('',(-0.01,-0.0175886565129641,0.00136926688697846));
#9330=CARTESIAN_POINT('',(-0.022,-0.0175886565129641,0.00136926688697846));
#9331=CARTESIAN_POINT('',(-0.01,-0.0176872492981448,0.00136967809775904));
#9332=CARTESIAN_POINT('',(-0.022,-0.0176872492981448,0.00136967809775904));
#9333=CARTESIAN_POINT('',(-0.01,-0.0178050828059355,0.00136141860688647));
#9334=CARTESIAN_POINT('',(-0.022,-0.0178050828059355,0.00136141860688647));
#9335=CARTESIAN_POINT('',(-0.01,-0.0179936522012101,0.00134095806920841));
#9336=CARTESIAN_POINT('',(-0.022,-0.0179936522012101,0.00134095806920841));
#9337=CARTESIAN_POINT('',(-0.01,-0.0182592441113513,0.00129569622878178));
#9338=CARTESIAN_POINT('',(-0.022,-0.0182592441113513,0.00129569622878178));
#9339=CARTESIAN_POINT('',(-0.01,-0.0186149331799318,0.00120947705813867));
#9340=CARTESIAN_POINT('',(-0.022,-0.0186149331799318,0.00120947705813867));
#9341=CARTESIAN_POINT('',(-0.01,-0.0189966643272851,0.00109114120713682));
#9342=CARTESIAN_POINT('',(-0.022,-0.0189966643272851,0.00109114120713682));
#9343=CARTESIAN_POINT('',(-0.01,-0.0195321623776614,0.000890431809422742));
#9344=CARTESIAN_POINT('',(-0.022,-0.0195321623776614,0.000890431809422742));
#9345=CARTESIAN_POINT('',(-0.01,-0.0199555144352408,0.000693163177700838));
#9346=CARTESIAN_POINT('',(-0.022,-0.0199555144352408,0.000693163177700838));
#9347=CARTESIAN_POINT('',(-0.01,-0.0202428079806912,0.00053965271875916));
#9348=CARTESIAN_POINT('',(-0.022,-0.0202428079806912,0.00053965271875916));
#9349=CARTESIAN_POINT('',(-0.022,-0.0173812461723787,0.00135423186383456));
#9350=CARTESIAN_POINT('',(-0.01,-8.89839819519171E-16,1.2378984401969E-16));
#9351=CARTESIAN_POINT('',(-0.01,-0.0167723776858012,0.00185821736210805));
#9352=CARTESIAN_POINT('',(-0.01,-0.016707562464667,0.00237128266751352));
#9353=CARTESIAN_POINT('',(-0.016,-0.0172701956432189,0.00245113646469606));
#9354=CARTESIAN_POINT('',(-0.016,-0.0173371935402498,0.00192079350049413));
#9355=CARTESIAN_POINT('',(-0.01,-0.0173812461726653,-0.00135423186385682));
#9356=CARTESIAN_POINT('',(-0.022,-0.0173812461726653,-0.00135423186385682));
#9357=CARTESIAN_POINT('',(-0.01,-0.0174579529320373,-0.00136019614811766));
#9358=CARTESIAN_POINT('',(-0.022,-0.0174579529320373,-0.00136019614811766));
#9359=CARTESIAN_POINT('',(-0.01,-0.0175772899459143,-0.00136935059276984));
#9360=CARTESIAN_POINT('',(-0.022,-0.0175772899459143,-0.00136935059276984));
#9361=CARTESIAN_POINT('',(-0.01,-0.0175886565129641,-0.00136926688697843));
#9362=CARTESIAN_POINT('',(-0.022,-0.0175886565129641,-0.00136926688697843));
#9363=CARTESIAN_POINT('',(-0.01,-0.0176872492981448,-0.00136967809775901));
#9364=CARTESIAN_POINT('',(-0.022,-0.0176872492981448,-0.00136967809775901));
#9365=CARTESIAN_POINT('',(-0.01,-0.0178050828059355,-0.00136141860688644));
#9366=CARTESIAN_POINT('',(-0.022,-0.0178050828059355,-0.00136141860688644));
#9367=CARTESIAN_POINT('',(-0.01,-0.0179936522012101,-0.00134095806920838));
#9368=CARTESIAN_POINT('',(-0.022,-0.0179936522012101,-0.00134095806920838));
#9369=CARTESIAN_POINT('',(-0.01,-0.0182592441113512,-0.00129569622878176));
#9370=CARTESIAN_POINT('',(-0.022,-0.0182592441113512,-0.00129569622878176));
#9371=CARTESIAN_POINT('',(-0.01,-0.0186149331799318,-0.00120947705813865));
#9372=CARTESIAN_POINT('',(-0.022,-0.0186149331799318,-0.00120947705813865));
#9373=CARTESIAN_POINT('',(-0.01,-0.0189966643272851,-0.00109114120713679));
#9374=CARTESIAN_POINT('',(-0.022,-0.0189966643272851,-0.00109114120713679));
#9375=CARTESIAN_POINT('',(-0.01,-0.0195321623776615,-0.000890431809422717));
#9376=CARTESIAN_POINT('',(-0.022,-0.0195321623776615,-0.000890431809422717));
#9377=CARTESIAN_POINT('',(-0.01,-0.0199555144352408,-0.000693163177700813));
#9378=CARTESIAN_POINT('',(-0.022,-0.0199555144352408,-0.000693163177700813));
#9379=CARTESIAN_POINT('',(-0.01,-0.0202428079806912,-0.000539652718759135));
#9380=CARTESIAN_POINT('',(-0.022,-0.0202428079806912,-0.000539652718759135));
#9381=CARTESIAN_POINT('',(-0.01,-0.0173812461723787,-0.00135423186383453));
#9382=CARTESIAN_POINT('',(-0.01,-0.0171719661316927,-0.00301085396986913));
#9383=CARTESIAN_POINT('',(-0.022,-0.0171719661316927,-0.00301085396986913));
#9384=CARTESIAN_POINT('',(-0.01,-0.017247746264345,-0.00302415325989889));
#9385=CARTESIAN_POINT('',(-0.022,-0.017247746264345,-0.00302415325989889));
#9386=CARTESIAN_POINT('',(-0.01,-0.0173656107042932,-0.00304496432747496));
#9387=CARTESIAN_POINT('',(-0.022,-0.0173656107042932,-0.00304496432747496));
#9388=CARTESIAN_POINT('',(-0.01,-0.0173765993529537,-0.00304787215377207));
#9389=CARTESIAN_POINT('',(-0.022,-0.0173765993529537,-0.00304787215377207));
#9390=CARTESIAN_POINT('',(-0.01,-0.0174721969284512,-0.00307199289055621));
#9391=CARTESIAN_POINT('',(-0.022,-0.0174721969284512,-0.00307199289055621));
#9392=CARTESIAN_POINT('',(-0.01,-0.0175842744280607,-0.00310929689609155));
#9393=CARTESIAN_POINT('',(-0.022,-0.0175842744280607,-0.00310929689609155));
#9394=CARTESIAN_POINT('',(-0.01,-0.0177618312402215,-0.00317600992998776));
#9395=CARTESIAN_POINT('',(-0.022,-0.0177618312402215,-0.00317600992998776));
#9396=CARTESIAN_POINT('',(-0.01,-0.0180078229301276,-0.00328589980863157));
#9397=CARTESIAN_POINT('',(-0.022,-0.0180078229301276,-0.00328589980863157));
#9398=CARTESIAN_POINT('',(-0.01,-0.0183308955367336,-0.00345786651981405));
#9399=CARTESIAN_POINT('',(-0.022,-0.0183308955367336,-0.00345786651981405));
#9400=CARTESIAN_POINT('',(-0.01,-0.0186712049687051,-0.00366741730841487));
#9401=CARTESIAN_POINT('',(-0.022,-0.0186712049687051,-0.00366741730841487));
#9402=CARTESIAN_POINT('',(-0.01,-0.0191399649656464,-0.00399499400104606));
#9403=CARTESIAN_POINT('',(-0.022,-0.0191399649656464,-0.00399499400104606));
#9404=CARTESIAN_POINT('',(-0.01,-0.0195009579260823,-0.00429134845138128));
#9405=CARTESIAN_POINT('',(-0.022,-0.0195009579260823,-0.00429134845138128));
#9406=CARTESIAN_POINT('',(-0.01,-0.0197410491177942,-0.00451148309637051));
#9407=CARTESIAN_POINT('',(-0.022,-0.0197410491177942,-0.00451148309637051));
#9408=CARTESIAN_POINT('',(-0.022,-0.0171719661314096,-0.00301085396981943));
#9409=CARTESIAN_POINT('',(-0.01,-8.88440187908786E-16,-1.05804094709101E-16));
#9410=CARTESIAN_POINT('',(-0.01,-0.016707562464667,-0.00237128266751349));
#9411=CARTESIAN_POINT('',(-0.01,-0.0167723776858012,-0.00185821736210802));
#9412=CARTESIAN_POINT('',(-0.016,-0.0173371935402498,-0.00192079350049411));
#9413=CARTESIAN_POINT('',(-0.016,-0.0172701956432189,-0.00245113646469603));
#9414=CARTESIAN_POINT('',(-0.01,-0.0164983985928575,-0.00563422632906026));
#9415=CARTESIAN_POINT('',(-0.022,-0.0164983985928575,-0.00563422632906026));
#9416=CARTESIAN_POINT('',(-0.01,-0.0165712122111501,-0.0056590794296965));
#9417=CARTESIAN_POINT('',(-0.022,-0.0165712122111501,-0.0056590794296965));
#9418=CARTESIAN_POINT('',(-0.01,-0.0166845234154831,-0.00569762417915175));
#9419=CARTESIAN_POINT('',(-0.022,-0.0166845234154831,-0.00569762417915175));
#9420=CARTESIAN_POINT('',(-0.00999999999999999,-0.0166955536977112,-0.00570036985340876));
#9421=CARTESIAN_POINT('',(-0.022,-0.0166955536977112,-0.00570036985340876));
#9422=CARTESIAN_POINT('',(-0.01,-0.0167909467452835,-0.00572528717386837));
#9423=CARTESIAN_POINT('',(-0.022,-0.0167909467452835,-0.00572528717386837));
#9424=CARTESIAN_POINT('',(-0.01,-0.0169071323485992,-0.0057465911718464));
#9425=CARTESIAN_POINT('',(-0.022,-0.0169071323485992,-0.0057465911718464));
#9426=CARTESIAN_POINT('',(-0.01,-0.017094865818373,-0.00577366874121737));
#9427=CARTESIAN_POINT('',(-0.022,-0.017094865818373,-0.00577366874121737));
#9428=CARTESIAN_POINT('',(-0.01,-0.0173633698322562,-0.00579587890690337));
#9429=CARTESIAN_POINT('',(-0.022,-0.0173633698322562,-0.00579587890690337));
#9430=CARTESIAN_POINT('',(-0.01,-0.0177293261104996,-0.00580082474438305));
#9431=CARTESIAN_POINT('',(-0.022,-0.0177293261104996,-0.00580082474438305));
#9432=CARTESIAN_POINT('',(-0.01,-0.0181284934013375,-0.00578113930770742));
#9433=CARTESIAN_POINT('',(-0.022,-0.0181284934013375,-0.00578113930770742));
#9434=CARTESIAN_POINT('',(-0.01,-0.0186970821932196,-0.00571990851452637));
#9435=CARTESIAN_POINT('',(-0.022,-0.0186970821932196,-0.00571990851452637));
#9436=CARTESIAN_POINT('',(-0.01,-0.0191561925811844,-0.00563412081505214));
#9437=CARTESIAN_POINT('',(-0.022,-0.0191561925811844,-0.00563412081505214));
#9438=CARTESIAN_POINT('',(-0.01,-0.0194726367703213,-0.0055568801688653));
#9439=CARTESIAN_POINT('',(-0.022,-0.0194726367703213,-0.0055568801688653));
#9440=CARTESIAN_POINT('',(-0.01,-0.0164983985925854,-0.00563422632896739));
#9441=CARTESIAN_POINT('',(-0.01,-0.0158837083045921,-0.00718675677552191));
#9442=CARTESIAN_POINT('',(-0.022,-0.0158837083045921,-0.00718675677552191));
#9443=CARTESIAN_POINT('',(-0.01,-0.0159538002660903,-0.00721848399653833));
#9444=CARTESIAN_POINT('',(-0.022,-0.0159538002660903,-0.00721848399653833));
#9445=CARTESIAN_POINT('',(-0.01,-0.0160627862758728,-0.0072679529404291));
#9446=CARTESIAN_POINT('',(-0.022,-0.0160627862758728,-0.0072679529404291));
#9447=CARTESIAN_POINT('',(-0.01,-0.0160727065489351,-0.00727350217781142));
#9448=CARTESIAN_POINT('',(-0.022,-0.0160727065489351,-0.00727350217781142));
#9449=CARTESIAN_POINT('',(-0.01,-0.0161593021674976,-0.00732063926755826));
#9450=CARTESIAN_POINT('',(-0.022,-0.0161593021674976,-0.00732063926755826));
#9451=CARTESIAN_POINT('',(-0.01,-0.0162585814174333,-0.00738464383989406));
#9452=CARTESIAN_POINT('',(-0.022,-0.0162585814174333,-0.00738464383989406));
#9453=CARTESIAN_POINT('',(-0.01,-0.0164139690989639,-0.00749341754473534));
#9454=CARTESIAN_POINT('',(-0.022,-0.0164139690989639,-0.00749341754473534));
#9455=CARTESIAN_POINT('',(-0.01,-0.016624904006064,-0.00766103067637445));
#9456=CARTESIAN_POINT('',(-0.022,-0.016624904006064,-0.00766103067637445));
#9457=CARTESIAN_POINT('',(-0.01,-0.0168950603106445,-0.00790793962718338));
#9458=CARTESIAN_POINT('',(-0.022,-0.0168950603106445,-0.00790793962718338));
#9459=CARTESIAN_POINT('',(-0.01,-0.0171725651340528,-0.00819553850666146));
#9460=CARTESIAN_POINT('',(-0.022,-0.0171725651340528,-0.00819553850666146));
#9461=CARTESIAN_POINT('',(-0.01,-0.0175451331629727,-0.008629399645869));
#9462=CARTESIAN_POINT('',(-0.022,-0.0175451331629727,-0.008629399645869));
#9463=CARTESIAN_POINT('',(-0.01,-0.0178210845109224,-0.0090062188747874));
#9464=CARTESIAN_POINT('',(-0.022,-0.0178210845109224,-0.0090062188747874));
#9465=CARTESIAN_POINT('',(-0.01,-0.0179988875363262,-0.00927914583648103));
#9466=CARTESIAN_POINT('',(-0.022,-0.0179988875363262,-0.00927914583648103));
#9467=CARTESIAN_POINT('',(-0.022,-0.0158837083043302,-0.00718675677540334));
#9468=CARTESIAN_POINT('',(-0.01,-8.29986837582986E-16,-3.27836843431749E-16));
#9469=CARTESIAN_POINT('',(-0.01,-0.0155929496477613,-0.00645178628616755));
#9470=CARTESIAN_POINT('',(-0.01,-0.0157833227324462,-0.00597095876082291));
#9471=CARTESIAN_POINT('',(-0.016,-0.0163148318054091,-0.00617203294586388));
#9472=CARTESIAN_POINT('',(-0.016,-0.0161180478385879,-0.00666905251116001));
#9473=CARTESIAN_POINT('',(-0.01,-0.0117433476622019,-0.0128854743079382));
#9474=CARTESIAN_POINT('',(-0.022,-0.0117433476622019,-0.0128854743079382));
#9475=CARTESIAN_POINT('',(-0.01,-0.0117951816497655,-0.0129423314741826));
#9476=CARTESIAN_POINT('',(-0.022,-0.0117951816497655,-0.0129423314741826));
#9477=CARTESIAN_POINT('',(-0.01,-0.011875907940379,-0.0130306965846152));
#9478=CARTESIAN_POINT('',(-0.022,-0.011875907940379,-0.0130306965846152));
#9479=CARTESIAN_POINT('',(-0.01,-0.011884251111717,-0.0130384165162976));
#9480=CARTESIAN_POINT('',(-0.022,-0.011884251111717,-0.0130384165162976));
#9481=CARTESIAN_POINT('',(-0.01,-0.0119558406658541,-0.0131062076818169));
#9482=CARTESIAN_POINT('',(-0.022,-0.0119558406658541,-0.0131062076818169));
#9483=CARTESIAN_POINT('',(-0.01,-0.0120473916068658,-0.0131808493588318));
#9484=CARTESIAN_POINT('',(-0.022,-0.0120473916068658,-0.0131808493588318));
#9485=CARTESIAN_POINT('',(-0.01,-0.012198858981966,-0.0132950189025663));
#9486=CARTESIAN_POINT('',(-0.022,-0.012198858981966,-0.0132950189025663));
#9487=CARTESIAN_POINT('',(-0.01,-0.0124234510140289,-0.0134438346143211));
#9488=CARTESIAN_POINT('',(-0.022,-0.0124234510140289,-0.0134438346143211));
#9489=CARTESIAN_POINT('',(-0.01,-0.0127417582698802,-0.0136244694663473));
#9490=CARTESIAN_POINT('',(-0.022,-0.0127417582698802,-0.0136244694663473));
#9491=CARTESIAN_POINT('',(-0.01,-0.0131010347647413,-0.0137995192956312));
#9492=CARTESIAN_POINT('',(-0.022,-0.0131010347647413,-0.0137995192956312));
#9493=CARTESIAN_POINT('',(-0.01,-0.0136287910808487,-0.0140197820820846));
#9494=CARTESIAN_POINT('',(-0.022,-0.0136287910808487,-0.0140197820820846));
#9495=CARTESIAN_POINT('',(-0.01,-0.0140724411201146,-0.0141657838641898));
#9496=CARTESIAN_POINT('',(-0.022,-0.0140724411201146,-0.0141657838641898));
#9497=CARTESIAN_POINT('',(-0.01,-0.0143869542420065,-0.0142505455207304));
#9498=CARTESIAN_POINT('',(-0.022,-0.0143869542420065,-0.0142505455207304));
#9499=CARTESIAN_POINT('',(-0.01,-0.0117433476620082,-0.0128854743077257));
#9500=CARTESIAN_POINT('',(-0.01,-0.0104567532096992,-0.0139498378043376));
#9501=CARTESIAN_POINT('',(-0.022,-0.0104567532096992,-0.0139498378043376));
#9502=CARTESIAN_POINT('',(-0.01,-0.0105028905584838,-0.0140114076400302));
#9503=CARTESIAN_POINT('',(-0.022,-0.0105028905584838,-0.0140114076400302));
#9504=CARTESIAN_POINT('',(-0.01,-0.0105745638814141,-0.0141072620166548));
#9505=CARTESIAN_POINT('',(-0.022,-0.0105745638814141,-0.0141072620166548));
#9506=CARTESIAN_POINT('',(-0.01,-0.0105805837174691,-0.0141169039784379));
#9507=CARTESIAN_POINT('',(-0.022,-0.0105805837174691,-0.0141169039784379));
#9508=CARTESIAN_POINT('',(-0.01,-0.0106337595703059,-0.0141999282824645));
#9509=CARTESIAN_POINT('',(-0.022,-0.0106337595703059,-0.0141999282824645));
#9510=CARTESIAN_POINT('',(-0.01,-0.0106899242023323,-0.0143038440601744));
#9511=CARTESIAN_POINT('',(-0.022,-0.0106899242023323,-0.0143038440601744));
#9512=CARTESIAN_POINT('',(-0.01,-0.0107736893337011,-0.0144740217708273));
#9513=CARTESIAN_POINT('',(-0.022,-0.0107736893337011,-0.0144740217708273));
#9514=CARTESIAN_POINT('',(-0.01,-0.0108777847598525,-0.0147225209442376));
#9515=CARTESIAN_POINT('',(-0.022,-0.0108777847598525,-0.0147225209442376));
#9516=CARTESIAN_POINT('',(-0.01,-0.0109955752399916,-0.0150690376995074));
#9517=CARTESIAN_POINT('',(-0.022,-0.0109955752399916,-0.0150690376995074));
#9518=CARTESIAN_POINT('',(-0.01,-0.0111002027536326,-0.0154547514870251));
#9519=CARTESIAN_POINT('',(-0.022,-0.0111002027536326,-0.0154547514870251));
#9520=CARTESIAN_POINT('',(-0.01,-0.0112176724082825,-0.016014432918309));
#9521=CARTESIAN_POINT('',(-0.022,-0.0112176724082825,-0.016014432918309));
#9522=CARTESIAN_POINT('',(-0.01,-0.0112779563698548,-0.0164775827015276));
#9523=CARTESIAN_POINT('',(-0.022,-0.0112779563698548,-0.0164775827015276));
#9524=CARTESIAN_POINT('',(-0.01,-0.0113022827821904,-0.0168024076819783));
#9525=CARTESIAN_POINT('',(-0.022,-0.0113022827821904,-0.0168024076819783));
#9526=CARTESIAN_POINT('',(-0.022,-0.0104567532095268,-0.0139498378041074));
#9527=CARTESIAN_POINT('',(-0.01,-5.59964453689644E-16,-6.94765932577826E-16));
#9528=CARTESIAN_POINT('',(-0.01,-0.0105560341900406,-0.0131657042036761));
#9529=CARTESIAN_POINT('',(-0.01,-0.0109544998227944,-0.0128360647642646));
#9530=CARTESIAN_POINT('',(-0.016,-0.0113233965465253,-0.0132683238645187));
#9531=CARTESIAN_POINT('',(-0.016,-0.0109115124401925,-0.0136090640306798));
#9532=CARTESIAN_POINT('',(-0.01,-0.0145788959525948,-0.00956020163277389));
#9533=CARTESIAN_POINT('',(-0.022,-0.0145788959525948,-0.00956020163277389));
#9534=CARTESIAN_POINT('',(-0.01,-0.0146432412823809,-0.00960238193806923));
#9535=CARTESIAN_POINT('',(-0.022,-0.0146432412823809,-0.00960238193806923));
#9536=CARTESIAN_POINT('',(-0.01,-0.0147434069174723,-0.0096678950839616));
#9537=CARTESIAN_POINT('',(-0.022,-0.0147434069174723,-0.0096678950839616));
#9538=CARTESIAN_POINT('',(-0.01,-0.0147534078416797,-0.00967329761745557));
#9539=CARTESIAN_POINT('',(-0.022,-0.0147534078416797,-0.00967329761745557));
#9540=CARTESIAN_POINT('',(-0.01,-0.0148396072556334,-0.00972115540071028));
#9541=CARTESIAN_POINT('',(-0.022,-0.0148396072556334,-0.00972115540071028));
#9542=CARTESIAN_POINT('',(-0.01,-0.0149468445857174,-0.00977068427899529));
#9543=CARTESIAN_POINT('',(-0.022,-0.0149468445857174,-0.00977068427899529));
#9544=CARTESIAN_POINT('',(-0.01,-0.0151219461456489,-0.00984359857214741));
#9545=CARTESIAN_POINT('',(-0.022,-0.0151219461456489,-0.00984359857214741));
#9546=CARTESIAN_POINT('',(-0.01,-0.0153764911685933,-0.00993188519755267));
#9547=CARTESIAN_POINT('',(-0.022,-0.0153764911685933,-0.00993188519755267));
#9548=CARTESIAN_POINT('',(-0.01,-0.0157297202776444,-0.0100276852779968));
#9549=CARTESIAN_POINT('',(-0.022,-0.0157297202776444,-0.0100276852779968));
#9550=CARTESIAN_POINT('',(-0.01,-0.0161212425630489,-0.0101078871640317));
#9551=CARTESIAN_POINT('',(-0.022,-0.0161212425630489,-0.0101078871640317));
#9552=CARTESIAN_POINT('',(-0.01,-0.0166871955715198,-0.0101899823313104));
#9553=CARTESIAN_POINT('',(-0.022,-0.0166871955715198,-0.0101899823313104));
#9554=CARTESIAN_POINT('',(-0.01,-0.0171532166957035,-0.0102210659207467));
#9555=CARTESIAN_POINT('',(-0.022,-0.0171532166957035,-0.0102210659207467));
#9556=CARTESIAN_POINT('',(-0.01,-0.0174789281763238,-0.010224948401186));
#9557=CARTESIAN_POINT('',(-0.022,-0.0174789281763238,-0.010224948401186));
#9558=CARTESIAN_POINT('',(-0.01,-0.0145788959523544,-0.00956020163261626));
#9559=CARTESIAN_POINT('',(-0.01,-0.0135974186685211,-0.0109110892219261));
#9560=CARTESIAN_POINT('',(-0.022,-0.0135974186685211,-0.0109110892219261));
#9561=CARTESIAN_POINT('',(-0.01,-0.0136574183231441,-0.0109592508359482));
#9562=CARTESIAN_POINT('',(-0.022,-0.0136574183231441,-0.0109592508359482));
#9563=CARTESIAN_POINT('',(-0.01,-0.0137506779109437,-0.0110342693404749));
#9564=CARTESIAN_POINT('',(-0.022,-0.0137506779109437,-0.0110342693404749));
#9565=CARTESIAN_POINT('',(-0.01,-0.0137589064811672,-0.0110421113099491));
#9566=CARTESIAN_POINT('',(-0.022,-0.0137589064811672,-0.0110421113099491));
#9567=CARTESIAN_POINT('',(-0.01,-0.0138310590216038,-0.0111093029559517));
#9568=CARTESIAN_POINT('',(-0.022,-0.0138310590216038,-0.0111093029559517));
#9569=CARTESIAN_POINT('',(-0.01,-0.0139113019414689,-0.0111959864524158));
#9570=CARTESIAN_POINT('',(-0.022,-0.0139113019414689,-0.0111959864524158));
#9571=CARTESIAN_POINT('',(-0.01,-0.0140347569128627,-0.0113399861762852));
#9572=CARTESIAN_POINT('',(-0.022,-0.0140347569128627,-0.0113399861762852));
#9573=CARTESIAN_POINT('',(-0.01,-0.0141973812211795,-0.0115547908114208));
#9574=CARTESIAN_POINT('',(-0.022,-0.0141973812211795,-0.0115547908114208));
#9575=CARTESIAN_POINT('',(-0.01,-0.0143976463095522,-0.0118611278044092));
#9576=CARTESIAN_POINT('',(-0.022,-0.0143976463095522,-0.0118611278044092));
#9577=CARTESIAN_POINT('',(-0.01,-0.0145949098757513,-0.0122087038794523));
#9578=CARTESIAN_POINT('',(-0.022,-0.0145949098757513,-0.0122087038794523));
#9579=CARTESIAN_POINT('',(-0.01,-0.0148478761171833,-0.0127215883742301));
#9580=CARTESIAN_POINT('',(-0.022,-0.0148478761171833,-0.0127215883742301));
#9581=CARTESIAN_POINT('',(-0.01,-0.0150214468145766,-0.0131551954437346));
#9582=CARTESIAN_POINT('',(-0.022,-0.0150214468145766,-0.0131551954437346));
#9583=CARTESIAN_POINT('',(-0.01,-0.0151257896556728,-0.0134637657173742));
#9584=CARTESIAN_POINT('',(-0.022,-0.0151257896556728,-0.0134637657173742));
#9585=CARTESIAN_POINT('',(-0.022,-0.0135974186682969,-0.0109110892217461));
#9586=CARTESIAN_POINT('',(-0.01,-7.18152607519125E-16,-5.28357267966678E-16));
#9587=CARTESIAN_POINT('',(-0.01,-0.0134985744576295,-0.0101269004444515));
#9588=CARTESIAN_POINT('',(-0.01,-0.013802543564811,-0.00970852286094508));
#9589=CARTESIAN_POINT('',(-0.016,-0.0142673491864805,-0.0100354608620957));
#9590=CARTESIAN_POINT('',(-0.016,-0.0139531438102251,-0.0104679274612884));
#9591=CARTESIAN_POINT('',(-0.01,0.00361806867659119,0.00725896621413243));
#9592=CARTESIAN_POINT('',(0.,0.00361806867659119,0.00725896621413243));
#9593=CARTESIAN_POINT('',(0.,0.000538479377918606,0.00748064435456976));
#9594=CARTESIAN_POINT('',(-0.01,0.035,0.005));
#9595=CARTESIAN_POINT('',(-0.01,0.035,0.005));
#9596=CARTESIAN_POINT('',(-0.01,0.00361806867659119,0.00725896621413243));
#9597=CARTESIAN_POINT('',(-0.01,0.000538479377918606,0.00748064435456976));
#9598=CARTESIAN_POINT('',(-0.01,-2.43945488809238E-18,7.58941520739853E-19));
#9599=CARTESIAN_POINT('',(0.,-2.43945488809238E-18,7.58941520739853E-19));
#9600=CARTESIAN_POINT('',(0.,-0.00727683520099115,0.00181594863848516));
#9601=CARTESIAN_POINT('',(-0.01,-0.00727683520099115,0.00181594863848516));
#9602=CARTESIAN_POINT('',(-0.01,-0.305147022494661,0.0374999999999873));
#9603=CARTESIAN_POINT('',(0.,-0.305147022494661,0.0374999999999873));
#9604=CARTESIAN_POINT('',(0.,-0.0075,-1.24041911961414E-17));
#9605=CARTESIAN_POINT('',(-0.01,-0.0075,-1.24041911961414E-17));
#9606=CARTESIAN_POINT('',(-0.01,5.14757278104916E-20,8.94641241901418E-19));
#9607=CARTESIAN_POINT('',(0.,5.14757278104916E-20,8.94641241901418E-19));
#9608=CARTESIAN_POINT('',(0.,-1.37772764904077E-18,-0.0075));
#9609=CARTESIAN_POINT('',(-0.01,-1.37772764904077E-18,-0.0075));
#9610=CARTESIAN_POINT('',(-0.01,1.0842021724855E-18,-1.0842021724855E-19));
#9611=CARTESIAN_POINT('',(0.,1.0842021724855E-18,-1.0842021724855E-19));
#9612=CARTESIAN_POINT('',(0.,1.0842021724855E-18,-0.0023));
#9613=CARTESIAN_POINT('',(-0.01,0.00053299492385785,-0.00746192893401015));
#9614=CARTESIAN_POINT('',(0.,0.00053299492385785,-0.00746192893401015));
#9615=CARTESIAN_POINT('',(-0.01,0.00053299492385785,-0.00746192893401015));
#9616=CARTESIAN_POINT('',(-0.01,0.035,-0.005));
#9617=CARTESIAN_POINT('',(-0.01,0.035,-0.005));
#9618=CARTESIAN_POINT('',(-0.01,-0.02,0.0416024456129893));
#9619=CARTESIAN_POINT('',(-0.01,0.035,0.));
#9620=CARTESIAN_POINT('',(0.,-0.02,0.0416024456129893));
#9621=CARTESIAN_POINT('',(-0.00865,0.035,0.));
#9622=CARTESIAN_POINT('',(-0.00865,0.035,0.));
#9623=CARTESIAN_POINT('',(-0.00865,0.0281292672176885,4.29771755880263E-6));
#9624=MECHANICAL_DESIGN_GEOMETRIC_PRESENTATION_REPRESENTATION('',(#3085),
#9625);
#9625=(
GEOMETRIC_REPRESENTATION_CONTEXT(3)
GLOBAL_UNCERTAINTY_ASSIGNED_CONTEXT((#9626))
GLOBAL_UNIT_ASSIGNED_CONTEXT((#9629,#9628,#9627))
REPRESENTATION_CONTEXT('Y Drive','TOP_LEVEL_ASSEMBLY_PART')
);
#9626=UNCERTAINTY_MEASURE_WITH_UNIT(LENGTH_MEASURE(2.E-5),#9629,
'DISTANCE_ACCURACY_VALUE','Maximum Tolerance applied to model');
#9627=(
NAMED_UNIT(*)
SI_UNIT($,.STERADIAN.)
SOLID_ANGLE_UNIT()
);
#9628=(
NAMED_UNIT(*)
PLANE_ANGLE_UNIT()
SI_UNIT($,.RADIAN.)
);
#9629=(
LENGTH_UNIT()
NAMED_UNIT(*)
SI_UNIT($,.METRE.)
);
#9630=PRODUCT_DEFINITION_SHAPE('','',#9631);
#9631=PRODUCT_DEFINITION('','',#9633,#9632);
#9632=PRODUCT_DEFINITION_CONTEXT('',#9639,'design');
#9633=PRODUCT_DEFINITION_FORMATION_WITH_SPECIFIED_SOURCE('','',#9635,
 .NOT_KNOWN.);
#9634=PRODUCT_RELATED_PRODUCT_CATEGORY('','',(#9635));
#9635=PRODUCT('Y Drive','Y Drive','Y Drive',(#9637));
#9636=PRODUCT_CATEGORY('','');
#9637=PRODUCT_CONTEXT('',#9639,'mechanical');
#9638=APPLICATION_PROTOCOL_DEFINITION('international standard',
'ap242_managed_model_based_3d_engineering',2020,#9639);
#9639=APPLICATION_CONTEXT('managed model based 3d engineering');
ENDSEC;
END-ISO-10303-21;
