ISO-10303-21;
HEADER;
/* Generated by software containing ST-Developer
 * from STEP Tools, Inc. (www.steptools.com) 
 */
/* OPTION: using custom renumber hook */

FILE_DESCRIPTION(
/* description */ ('STEP AP242 Edition 2',
'CAx-IF Rec.Pracs.---Representation and Presentation of Product Manufa
cturing Information (PMI)---4.0---2014-10-13',
'CAx-IF Rec.Pracs.---3D Tessellated Geometry---0.4---2014-09-14','2;1',
'CAx-IF Rec.Pracs.---User Defined Attributes---1.5---2016-08-15'),
/* implementation_level */ '2;1');

FILE_NAME(
/* name */ 'LimeArm MKI - Spur gear (60 teeth)',
/* time_stamp */ '2026-05-27T02:34:59Z',
/* author */ (''),
/* organization */ (''),
/* preprocessor_version */ 'ST-DEVELOPER v20',
/* originating_system */ 'ONSHAPE BY PTC INC, 1.215',
/* authorisation */ '  ');

FILE_SCHEMA (('AP242_MANAGED_MODEL_BASED_3D_ENGINEERING_MIM_LF { 1 0 10303 442 3 1 4 }'));
ENDSEC;

DATA;
#10=SHAPE_REPRESENTATION_RELATIONSHIP('','',#4251,#11);
#11=ADVANCED_BREP_SHAPE_REPRESENTATION('',(#4249),#9379);
#12=B_SPLINE_SURFACE_WITH_KNOTS('',3,1,((#8618,#8619),(#8620,#8621),(#8622,
#8623),(#8624,#8625)),.SURF_OF_LINEAR_EXTRUSION.,.F.,.F.,.F.,(4,4),(2,2),
(0.383485836987136,0.991573825801254),(0.,1.),.PIECEWISE_BEZIER_KNOTS.);
#13=B_SPLINE_SURFACE_WITH_KNOTS('',3,1,((#8628,#8629),(#8630,#8631),(#8632,
#8633),(#8634,#8635)),.SURF_OF_LINEAR_EXTRUSION.,.F.,.F.,.F.,(4,4),(2,2),
(0.383485836987137,0.991573825801251),(0.,1.),.PIECEWISE_BEZIER_KNOTS.);
#14=B_SPLINE_SURFACE_WITH_KNOTS('',3,1,((#8640,#8641),(#8642,#8643),(#8644,
#8645),(#8646,#8647)),.SURF_OF_LINEAR_EXTRUSION.,.F.,.F.,.F.,(4,4),(2,2),
(0.383485836987146,0.991573825801254),(0.,1.),.PIECEWISE_BEZIER_KNOTS.);
#15=B_SPLINE_SURFACE_WITH_KNOTS('',3,1,((#8651,#8652),(#8653,#8654),(#8655,
#8656),(#8657,#8658)),.SURF_OF_LINEAR_EXTRUSION.,.F.,.F.,.F.,(4,4),(2,2),
(0.383485836987148,0.991573825801251),(0.,1.),.PIECEWISE_BEZIER_KNOTS.);
#16=B_SPLINE_SURFACE_WITH_KNOTS('',3,1,((#8663,#8664),(#8665,#8666),(#8667,
#8668),(#8669,#8670)),.SURF_OF_LINEAR_EXTRUSION.,.F.,.F.,.F.,(4,4),(2,2),
(0.383485836987155,0.991573825801254),(0.,1.),.PIECEWISE_BEZIER_KNOTS.);
#17=B_SPLINE_SURFACE_WITH_KNOTS('',3,1,((#8674,#8675),(#8676,#8677),(#8678,
#8679),(#8680,#8681)),.SURF_OF_LINEAR_EXTRUSION.,.F.,.F.,.F.,(4,4),(2,2),
(0.383485836987128,0.991573825801251),(0.,1.),.PIECEWISE_BEZIER_KNOTS.);
#18=B_SPLINE_SURFACE_WITH_KNOTS('',3,1,((#8686,#8687),(#8688,#8689),(#8690,
#8691),(#8692,#8693)),.SURF_OF_LINEAR_EXTRUSION.,.F.,.F.,.F.,(4,4),(2,2),
(0.383485836987142,0.991573825801254),(0.,1.),.PIECEWISE_BEZIER_KNOTS.);
#19=B_SPLINE_SURFACE_WITH_KNOTS('',3,1,((#8697,#8698),(#8699,#8700),(#8701,
#8702),(#8703,#8704)),.SURF_OF_LINEAR_EXTRUSION.,.F.,.F.,.F.,(4,4),(2,2),
(0.383485836987136,0.991573825801251),(0.,1.),.PIECEWISE_BEZIER_KNOTS.);
#20=B_SPLINE_SURFACE_WITH_KNOTS('',3,1,((#8709,#8710),(#8711,#8712),(#8713,
#8714),(#8715,#8716)),.SURF_OF_LINEAR_EXTRUSION.,.F.,.F.,.F.,(4,4),(2,2),
(0.383485836987145,0.991573825801254),(0.,1.),.PIECEWISE_BEZIER_KNOTS.);
#21=B_SPLINE_SURFACE_WITH_KNOTS('',3,1,((#8720,#8721),(#8722,#8723),(#8724,
#8725),(#8726,#8727)),.SURF_OF_LINEAR_EXTRUSION.,.F.,.F.,.F.,(4,4),(2,2),
(0.38348583698714,0.991573825801251),(0.,1.),.PIECEWISE_BEZIER_KNOTS.);
#22=B_SPLINE_SURFACE_WITH_KNOTS('',3,1,((#8732,#8733),(#8734,#8735),(#8736,
#8737),(#8738,#8739)),.SURF_OF_LINEAR_EXTRUSION.,.F.,.F.,.F.,(4,4),(2,2),
(0.383485836987154,0.991573825801254),(0.,1.),.PIECEWISE_BEZIER_KNOTS.);
#23=B_SPLINE_SURFACE_WITH_KNOTS('',3,1,((#8743,#8744),(#8745,#8746),(#8747,
#8748),(#8749,#8750)),.SURF_OF_LINEAR_EXTRUSION.,.F.,.F.,.F.,(4,4),(2,2),
(0.383485836987135,0.991573825801251),(0.,1.),.PIECEWISE_BEZIER_KNOTS.);
#24=B_SPLINE_SURFACE_WITH_KNOTS('',3,1,((#8755,#8756),(#8757,#8758),(#8759,
#8760),(#8761,#8762)),.SURF_OF_LINEAR_EXTRUSION.,.F.,.F.,.F.,(4,4),(2,2),
(0.383485836987146,0.991573825801254),(0.,1.),.PIECEWISE_BEZIER_KNOTS.);
#25=B_SPLINE_SURFACE_WITH_KNOTS('',3,1,((#8766,#8767),(#8768,#8769),(#8770,
#8771),(#8772,#8773)),.SURF_OF_LINEAR_EXTRUSION.,.F.,.F.,.F.,(4,4),(2,2),
(0.383485836987139,0.991573825801251),(0.,1.),.PIECEWISE_BEZIER_KNOTS.);
#26=B_SPLINE_SURFACE_WITH_KNOTS('',3,1,((#8778,#8779),(#8780,#8781),(#8782,
#8783),(#8784,#8785)),.SURF_OF_LINEAR_EXTRUSION.,.F.,.F.,.F.,(4,4),(2,2),
(0.383485836987142,0.991573825801254),(0.,1.),.PIECEWISE_BEZIER_KNOTS.);
#27=B_SPLINE_SURFACE_WITH_KNOTS('',3,1,((#8789,#8790),(#8791,#8792),(#8793,
#8794),(#8795,#8796)),.SURF_OF_LINEAR_EXTRUSION.,.F.,.F.,.F.,(4,4),(2,2),
(0.383485836987131,0.991573825801251),(0.,1.),.PIECEWISE_BEZIER_KNOTS.);
#28=B_SPLINE_SURFACE_WITH_KNOTS('',3,1,((#8801,#8802),(#8803,#8804),(#8805,
#8806),(#8807,#8808)),.SURF_OF_LINEAR_EXTRUSION.,.F.,.F.,.F.,(4,4),(2,2),
(0.383485836987153,0.991573825801254),(0.,1.),.PIECEWISE_BEZIER_KNOTS.);
#29=B_SPLINE_SURFACE_WITH_KNOTS('',3,1,((#8812,#8813),(#8814,#8815),(#8816,
#8817),(#8818,#8819)),.SURF_OF_LINEAR_EXTRUSION.,.F.,.F.,.F.,(4,4),(2,2),
(0.383485836987139,0.991573825801251),(0.,1.),.PIECEWISE_BEZIER_KNOTS.);
#30=B_SPLINE_SURFACE_WITH_KNOTS('',3,1,((#8824,#8825),(#8826,#8827),(#8828,
#8829),(#8830,#8831)),.SURF_OF_LINEAR_EXTRUSION.,.F.,.F.,.F.,(4,4),(2,2),
(0.383485836987142,0.991573825801254),(0.,1.),.PIECEWISE_BEZIER_KNOTS.);
#31=B_SPLINE_SURFACE_WITH_KNOTS('',3,1,((#8835,#8836),(#8837,#8838),(#8839,
#8840),(#8841,#8842)),.SURF_OF_LINEAR_EXTRUSION.,.F.,.F.,.F.,(4,4),(2,2),
(0.383485836987132,0.991573825801251),(0.,1.),.PIECEWISE_BEZIER_KNOTS.);
#32=B_SPLINE_SURFACE_WITH_KNOTS('',3,1,((#8847,#8848),(#8849,#8850),(#8851,
#8852),(#8853,#8854)),.SURF_OF_LINEAR_EXTRUSION.,.F.,.F.,.F.,(4,4),(2,2),
(0.383485836987132,0.991573825801254),(0.,1.),.PIECEWISE_BEZIER_KNOTS.);
#33=B_SPLINE_SURFACE_WITH_KNOTS('',3,1,((#8858,#8859),(#8860,#8861),(#8862,
#8863),(#8864,#8865)),.SURF_OF_LINEAR_EXTRUSION.,.F.,.F.,.F.,(4,4),(2,2),
(0.383485836987145,0.991573825801251),(0.,1.),.PIECEWISE_BEZIER_KNOTS.);
#34=B_SPLINE_SURFACE_WITH_KNOTS('',3,1,((#8870,#8871),(#8872,#8873),(#8874,
#8875),(#8876,#8877)),.SURF_OF_LINEAR_EXTRUSION.,.F.,.F.,.F.,(4,4),(2,2),
(0.383485836987138,0.991573825801254),(0.,1.),.PIECEWISE_BEZIER_KNOTS.);
#35=B_SPLINE_SURFACE_WITH_KNOTS('',3,1,((#8881,#8882),(#8883,#8884),(#8885,
#8886),(#8887,#8888)),.SURF_OF_LINEAR_EXTRUSION.,.F.,.F.,.F.,(4,4),(2,2),
(0.383485836987137,0.991573825801251),(0.,1.),.PIECEWISE_BEZIER_KNOTS.);
#36=B_SPLINE_SURFACE_WITH_KNOTS('',3,1,((#8893,#8894),(#8895,#8896),(#8897,
#8898),(#8899,#8900)),.SURF_OF_LINEAR_EXTRUSION.,.F.,.F.,.F.,(4,4),(2,2),
(0.383485836987144,0.991573825801254),(0.,1.),.PIECEWISE_BEZIER_KNOTS.);
#37=B_SPLINE_SURFACE_WITH_KNOTS('',3,1,((#8904,#8905),(#8906,#8907),(#8908,
#8909),(#8910,#8911)),.SURF_OF_LINEAR_EXTRUSION.,.F.,.F.,.F.,(4,4),(2,2),
(0.383485836987142,0.991573825801251),(0.,1.),.PIECEWISE_BEZIER_KNOTS.);
#38=B_SPLINE_SURFACE_WITH_KNOTS('',3,1,((#8916,#8917),(#8918,#8919),(#8920,
#8921),(#8922,#8923)),.SURF_OF_LINEAR_EXTRUSION.,.F.,.F.,.F.,(4,4),(2,2),
(0.383485836987148,0.991573825801254),(0.,1.),.PIECEWISE_BEZIER_KNOTS.);
#39=B_SPLINE_SURFACE_WITH_KNOTS('',3,1,((#8927,#8928),(#8929,#8930),(#8931,
#8932),(#8933,#8934)),.SURF_OF_LINEAR_EXTRUSION.,.F.,.F.,.F.,(4,4),(2,2),
(0.383485836987133,0.991573825801251),(0.,1.),.PIECEWISE_BEZIER_KNOTS.);
#40=B_SPLINE_SURFACE_WITH_KNOTS('',3,1,((#8939,#8940),(#8941,#8942),(#8943,
#8944),(#8945,#8946)),.SURF_OF_LINEAR_EXTRUSION.,.F.,.F.,.F.,(4,4),(2,2),
(0.383485836987138,0.991573825801254),(0.,1.),.PIECEWISE_BEZIER_KNOTS.);
#41=B_SPLINE_SURFACE_WITH_KNOTS('',3,1,((#8950,#8951),(#8952,#8953),(#8954,
#8955),(#8956,#8957)),.SURF_OF_LINEAR_EXTRUSION.,.F.,.F.,.F.,(4,4),(2,2),
(0.383485836987138,0.991573825801251),(0.,1.),.PIECEWISE_BEZIER_KNOTS.);
#42=B_SPLINE_SURFACE_WITH_KNOTS('',3,1,((#8962,#8963),(#8964,#8965),(#8966,
#8967),(#8968,#8969)),.SURF_OF_LINEAR_EXTRUSION.,.F.,.F.,.F.,(4,4),(2,2),
(0.383485836987138,0.991573825801254),(0.,1.),.PIECEWISE_BEZIER_KNOTS.);
#43=B_SPLINE_SURFACE_WITH_KNOTS('',3,1,((#8973,#8974),(#8975,#8976),(#8977,
#8978),(#8979,#8980)),.SURF_OF_LINEAR_EXTRUSION.,.F.,.F.,.F.,(4,4),(2,2),
(0.383485836987138,0.991573825801251),(0.,1.),.PIECEWISE_BEZIER_KNOTS.);
#44=B_SPLINE_SURFACE_WITH_KNOTS('',3,1,((#8985,#8986),(#8987,#8988),(#8989,
#8990),(#8991,#8992)),.SURF_OF_LINEAR_EXTRUSION.,.F.,.F.,.F.,(4,4),(2,2),
(0.383485836987149,0.991573825801254),(0.,1.),.PIECEWISE_BEZIER_KNOTS.);
#45=B_SPLINE_SURFACE_WITH_KNOTS('',3,1,((#8996,#8997),(#8998,#8999),(#9000,
#9001),(#9002,#9003)),.SURF_OF_LINEAR_EXTRUSION.,.F.,.F.,.F.,(4,4),(2,2),
(0.383485836987131,0.991573825801251),(0.,1.),.PIECEWISE_BEZIER_KNOTS.);
#46=B_SPLINE_SURFACE_WITH_KNOTS('',3,1,((#9008,#9009),(#9010,#9011),(#9012,
#9013),(#9014,#9015)),.SURF_OF_LINEAR_EXTRUSION.,.F.,.F.,.F.,(4,4),(2,2),
(0.383485836987143,0.991573825801254),(0.,1.),.PIECEWISE_BEZIER_KNOTS.);
#47=B_SPLINE_SURFACE_WITH_KNOTS('',3,1,((#9019,#9020),(#9021,#9022),(#9023,
#9024),(#9025,#9026)),.SURF_OF_LINEAR_EXTRUSION.,.F.,.F.,.F.,(4,4),(2,2),
(0.383485836987127,0.991573825801251),(0.,1.),.PIECEWISE_BEZIER_KNOTS.);
#48=B_SPLINE_SURFACE_WITH_KNOTS('',3,1,((#9031,#9032),(#9033,#9034),(#9035,
#9036),(#9037,#9038)),.SURF_OF_LINEAR_EXTRUSION.,.F.,.F.,.F.,(4,4),(2,2),
(0.383485836987151,0.991573825801254),(0.,1.),.PIECEWISE_BEZIER_KNOTS.);
#49=B_SPLINE_SURFACE_WITH_KNOTS('',3,1,((#9042,#9043),(#9044,#9045),(#9046,
#9047),(#9048,#9049)),.SURF_OF_LINEAR_EXTRUSION.,.F.,.F.,.F.,(4,4),(2,2),
(0.383485836987127,0.991573825801251),(0.,1.),.PIECEWISE_BEZIER_KNOTS.);
#50=B_SPLINE_SURFACE_WITH_KNOTS('',3,1,((#9054,#9055),(#9056,#9057),(#9058,
#9059),(#9060,#9061)),.SURF_OF_LINEAR_EXTRUSION.,.F.,.F.,.F.,(4,4),(2,2),
(0.383485836987153,0.991573825801254),(0.,1.),.PIECEWISE_BEZIER_KNOTS.);
#51=B_SPLINE_SURFACE_WITH_KNOTS('',3,1,((#9065,#9066),(#9067,#9068),(#9069,
#9070),(#9071,#9072)),.SURF_OF_LINEAR_EXTRUSION.,.F.,.F.,.F.,(4,4),(2,2),
(0.383485836987139,0.991573825801251),(0.,1.),.PIECEWISE_BEZIER_KNOTS.);
#52=B_SPLINE_SURFACE_WITH_KNOTS('',3,1,((#9077,#9078),(#9079,#9080),(#9081,
#9082),(#9083,#9084)),.SURF_OF_LINEAR_EXTRUSION.,.F.,.F.,.F.,(4,4),(2,2),
(0.383485836987144,0.991573825801254),(0.,1.),.PIECEWISE_BEZIER_KNOTS.);
#53=B_SPLINE_SURFACE_WITH_KNOTS('',3,1,((#9088,#9089),(#9090,#9091),(#9092,
#9093),(#9094,#9095)),.SURF_OF_LINEAR_EXTRUSION.,.F.,.F.,.F.,(4,4),(2,2),
(0.383485836987138,0.991573825801251),(0.,1.),.PIECEWISE_BEZIER_KNOTS.);
#54=B_SPLINE_SURFACE_WITH_KNOTS('',3,1,((#9100,#9101),(#9102,#9103),(#9104,
#9105),(#9106,#9107)),.SURF_OF_LINEAR_EXTRUSION.,.F.,.F.,.F.,(4,4),(2,2),
(0.383485836987145,0.991573825801254),(0.,1.),.PIECEWISE_BEZIER_KNOTS.);
#55=B_SPLINE_SURFACE_WITH_KNOTS('',3,1,((#9111,#9112),(#9113,#9114),(#9115,
#9116),(#9117,#9118)),.SURF_OF_LINEAR_EXTRUSION.,.F.,.F.,.F.,(4,4),(2,2),
(0.383485836987132,0.991573825801251),(0.,1.),.PIECEWISE_BEZIER_KNOTS.);
#56=B_SPLINE_SURFACE_WITH_KNOTS('',3,1,((#9123,#9124),(#9125,#9126),(#9127,
#9128),(#9129,#9130)),.SURF_OF_LINEAR_EXTRUSION.,.F.,.F.,.F.,(4,4),(2,2),
(0.38348583698715,0.991573825801254),(0.,1.),.PIECEWISE_BEZIER_KNOTS.);
#57=B_SPLINE_SURFACE_WITH_KNOTS('',3,1,((#9134,#9135),(#9136,#9137),(#9138,
#9139),(#9140,#9141)),.SURF_OF_LINEAR_EXTRUSION.,.F.,.F.,.F.,(4,4),(2,2),
(0.383485836987132,0.991573825801251),(0.,1.),.PIECEWISE_BEZIER_KNOTS.);
#58=B_SPLINE_SURFACE_WITH_KNOTS('',3,1,((#9146,#9147),(#9148,#9149),(#9150,
#9151),(#9152,#9153)),.SURF_OF_LINEAR_EXTRUSION.,.F.,.F.,.F.,(4,4),(2,2),
(0.383485836987148,0.991573825801254),(0.,1.),.PIECEWISE_BEZIER_KNOTS.);
#59=B_SPLINE_SURFACE_WITH_KNOTS('',3,1,((#9157,#9158),(#9159,#9160),(#9161,
#9162),(#9163,#9164)),.SURF_OF_LINEAR_EXTRUSION.,.F.,.F.,.F.,(4,4),(2,2),
(0.383485836987136,0.991573825801251),(0.,1.),.PIECEWISE_BEZIER_KNOTS.);
#60=B_SPLINE_SURFACE_WITH_KNOTS('',3,1,((#9169,#9170),(#9171,#9172),(#9173,
#9174),(#9175,#9176)),.SURF_OF_LINEAR_EXTRUSION.,.F.,.F.,.F.,(4,4),(2,2),
(0.383485836987142,0.991573825801254),(0.,1.),.PIECEWISE_BEZIER_KNOTS.);
#61=B_SPLINE_SURFACE_WITH_KNOTS('',3,1,((#9180,#9181),(#9182,#9183),(#9184,
#9185),(#9186,#9187)),.SURF_OF_LINEAR_EXTRUSION.,.F.,.F.,.F.,(4,4),(2,2),
(0.383485836987141,0.991573825801251),(0.,1.),.PIECEWISE_BEZIER_KNOTS.);
#62=B_SPLINE_SURFACE_WITH_KNOTS('',3,1,((#9192,#9193),(#9194,#9195),(#9196,
#9197),(#9198,#9199)),.SURF_OF_LINEAR_EXTRUSION.,.F.,.F.,.F.,(4,4),(2,2),
(0.383485836987146,0.991573825801254),(0.,1.),.PIECEWISE_BEZIER_KNOTS.);
#63=B_SPLINE_SURFACE_WITH_KNOTS('',3,1,((#9203,#9204),(#9205,#9206),(#9207,
#9208),(#9209,#9210)),.SURF_OF_LINEAR_EXTRUSION.,.F.,.F.,.F.,(4,4),(2,2),
(0.383485836987137,0.991573825801251),(0.,1.),.PIECEWISE_BEZIER_KNOTS.);
#64=B_SPLINE_SURFACE_WITH_KNOTS('',3,1,((#9215,#9216),(#9217,#9218),(#9219,
#9220),(#9221,#9222)),.SURF_OF_LINEAR_EXTRUSION.,.F.,.F.,.F.,(4,4),(2,2),
(0.383485836987147,0.991573825801254),(0.,1.),.PIECEWISE_BEZIER_KNOTS.);
#65=B_SPLINE_SURFACE_WITH_KNOTS('',3,1,((#9226,#9227),(#9228,#9229),(#9230,
#9231),(#9232,#9233)),.SURF_OF_LINEAR_EXTRUSION.,.F.,.F.,.F.,(4,4),(2,2),
(0.383485836987142,0.991573825801251),(0.,1.),.PIECEWISE_BEZIER_KNOTS.);
#66=B_SPLINE_SURFACE_WITH_KNOTS('',3,1,((#9238,#9239),(#9240,#9241),(#9242,
#9243),(#9244,#9245)),.SURF_OF_LINEAR_EXTRUSION.,.F.,.F.,.F.,(4,4),(2,2),
(0.383485836987151,0.991573825801254),(0.,1.),.PIECEWISE_BEZIER_KNOTS.);
#67=B_SPLINE_SURFACE_WITH_KNOTS('',3,1,((#9249,#9250),(#9251,#9252),(#9253,
#9254),(#9255,#9256)),.SURF_OF_LINEAR_EXTRUSION.,.F.,.F.,.F.,(4,4),(2,2),
(0.383485836987126,0.991573825801251),(0.,1.),.PIECEWISE_BEZIER_KNOTS.);
#68=B_SPLINE_SURFACE_WITH_KNOTS('',3,1,((#9261,#9262),(#9263,#9264),(#9265,
#9266),(#9267,#9268)),.SURF_OF_LINEAR_EXTRUSION.,.F.,.F.,.F.,(4,4),(2,2),
(0.383485836987136,0.991573825801254),(0.,1.),.PIECEWISE_BEZIER_KNOTS.);
#69=B_SPLINE_SURFACE_WITH_KNOTS('',3,1,((#9272,#9273),(#9274,#9275),(#9276,
#9277),(#9278,#9279)),.SURF_OF_LINEAR_EXTRUSION.,.F.,.F.,.F.,(4,4),(2,2),
(0.383485836987131,0.991573825801251),(0.,1.),.PIECEWISE_BEZIER_KNOTS.);
#70=B_SPLINE_SURFACE_WITH_KNOTS('',3,1,((#9284,#9285),(#9286,#9287),(#9288,
#9289),(#9290,#9291)),.SURF_OF_LINEAR_EXTRUSION.,.F.,.F.,.F.,(4,4),(2,2),
(0.383485836987137,0.991573825801254),(0.,1.),.PIECEWISE_BEZIER_KNOTS.);
#71=B_SPLINE_SURFACE_WITH_KNOTS('',3,1,((#9295,#9296),(#9297,#9298),(#9299,
#9300),(#9301,#9302)),.SURF_OF_LINEAR_EXTRUSION.,.F.,.F.,.F.,(4,4),(2,2),
(0.383485836987136,0.991573825801251),(0.,1.),.PIECEWISE_BEZIER_KNOTS.);
#72=CYLINDRICAL_SURFACE('',#4392,0.0022);
#73=CYLINDRICAL_SURFACE('',#4395,0.0022);
#74=CYLINDRICAL_SURFACE('',#4398,0.0022);
#75=CYLINDRICAL_SURFACE('',#4401,0.0022);
#76=CYLINDRICAL_SURFACE('',#4539,0.0575000000000103);
#77=CYLINDRICAL_SURFACE('',#4540,0.062);
#78=CYLINDRICAL_SURFACE('',#4541,0.062);
#79=CYLINDRICAL_SURFACE('',#4542,0.062);
#80=CYLINDRICAL_SURFACE('',#4543,0.062);
#81=CYLINDRICAL_SURFACE('',#4544,0.062);
#82=CYLINDRICAL_SURFACE('',#4545,0.062);
#83=CYLINDRICAL_SURFACE('',#4546,0.062);
#84=CYLINDRICAL_SURFACE('',#4547,0.062);
#85=CYLINDRICAL_SURFACE('',#4548,0.062);
#86=CYLINDRICAL_SURFACE('',#4549,0.062);
#87=CYLINDRICAL_SURFACE('',#4550,0.062);
#88=CYLINDRICAL_SURFACE('',#4551,0.062);
#89=CYLINDRICAL_SURFACE('',#4552,0.062);
#90=CYLINDRICAL_SURFACE('',#4553,0.062);
#91=CYLINDRICAL_SURFACE('',#4554,0.062);
#92=CYLINDRICAL_SURFACE('',#4555,0.062);
#93=CYLINDRICAL_SURFACE('',#4556,0.062);
#94=CYLINDRICAL_SURFACE('',#4557,0.062);
#95=CYLINDRICAL_SURFACE('',#4558,0.062);
#96=CYLINDRICAL_SURFACE('',#4559,0.062);
#97=CYLINDRICAL_SURFACE('',#4560,0.062);
#98=CYLINDRICAL_SURFACE('',#4561,0.062);
#99=CYLINDRICAL_SURFACE('',#4562,0.062);
#100=CYLINDRICAL_SURFACE('',#4563,0.062);
#101=CYLINDRICAL_SURFACE('',#4564,0.062);
#102=CYLINDRICAL_SURFACE('',#4565,0.062);
#103=CYLINDRICAL_SURFACE('',#4566,0.062);
#104=CYLINDRICAL_SURFACE('',#4567,0.062);
#105=CYLINDRICAL_SURFACE('',#4568,0.062);
#106=CYLINDRICAL_SURFACE('',#4569,0.0023);
#107=CYLINDRICAL_SURFACE('',#4570,0.062);
#108=CYLINDRICAL_SURFACE('',#4571,0.0575000000000103);
#109=CYLINDRICAL_SURFACE('',#4572,0.000681682266029008);
#110=CYLINDRICAL_SURFACE('',#4573,0.0575000000000103);
#111=CYLINDRICAL_SURFACE('',#4574,0.000681682266029008);
#112=CYLINDRICAL_SURFACE('',#4575,0.000681682266029008);
#113=CYLINDRICAL_SURFACE('',#4576,0.0575000000000103);
#114=CYLINDRICAL_SURFACE('',#4577,0.000681682266029008);
#115=CYLINDRICAL_SURFACE('',#4578,0.000681682266029008);
#116=CYLINDRICAL_SURFACE('',#4579,0.0575000000000103);
#117=CYLINDRICAL_SURFACE('',#4580,0.000681682266029008);
#118=CYLINDRICAL_SURFACE('',#4581,0.000681682266029008);
#119=CYLINDRICAL_SURFACE('',#4582,0.0575000000000103);
#120=CYLINDRICAL_SURFACE('',#4583,0.000681682266029008);
#121=CYLINDRICAL_SURFACE('',#4584,0.000681682266029008);
#122=CYLINDRICAL_SURFACE('',#4585,0.0575000000000103);
#123=CYLINDRICAL_SURFACE('',#4586,0.000681682266029008);
#124=CYLINDRICAL_SURFACE('',#4587,0.000681682266029008);
#125=CYLINDRICAL_SURFACE('',#4588,0.0575000000000103);
#126=CYLINDRICAL_SURFACE('',#4589,0.000681682266029008);
#127=CYLINDRICAL_SURFACE('',#4590,0.000681682266029008);
#128=CYLINDRICAL_SURFACE('',#4591,0.0575000000000103);
#129=CYLINDRICAL_SURFACE('',#4592,0.000681682266029008);
#130=CYLINDRICAL_SURFACE('',#4593,0.000681682266029008);
#131=CYLINDRICAL_SURFACE('',#4594,0.0575000000000103);
#132=CYLINDRICAL_SURFACE('',#4595,0.000681682266029008);
#133=CYLINDRICAL_SURFACE('',#4596,0.000681682266029008);
#134=CYLINDRICAL_SURFACE('',#4597,0.0575000000000103);
#135=CYLINDRICAL_SURFACE('',#4598,0.000681682266029008);
#136=CYLINDRICAL_SURFACE('',#4599,0.000681682266029008);
#137=CYLINDRICAL_SURFACE('',#4600,0.0575000000000103);
#138=CYLINDRICAL_SURFACE('',#4601,0.000681682266029008);
#139=CYLINDRICAL_SURFACE('',#4602,0.000681682266029008);
#140=CYLINDRICAL_SURFACE('',#4603,0.0575000000000103);
#141=CYLINDRICAL_SURFACE('',#4604,0.000681682266029008);
#142=CYLINDRICAL_SURFACE('',#4605,0.000681682266029008);
#143=CYLINDRICAL_SURFACE('',#4606,0.0575000000000103);
#144=CYLINDRICAL_SURFACE('',#4607,0.000681682266029008);
#145=CYLINDRICAL_SURFACE('',#4608,0.000681682266029008);
#146=CYLINDRICAL_SURFACE('',#4609,0.0575000000000103);
#147=CYLINDRICAL_SURFACE('',#4610,0.000681682266029008);
#148=CYLINDRICAL_SURFACE('',#4611,0.000681682266029008);
#149=CYLINDRICAL_SURFACE('',#4612,0.0575000000000103);
#150=CYLINDRICAL_SURFACE('',#4613,0.000681682266029008);
#151=CYLINDRICAL_SURFACE('',#4614,0.000681682266029008);
#152=CYLINDRICAL_SURFACE('',#4615,0.0575000000000103);
#153=CYLINDRICAL_SURFACE('',#4616,0.000681682266029008);
#154=CYLINDRICAL_SURFACE('',#4617,0.000681682266029008);
#155=CYLINDRICAL_SURFACE('',#4618,0.0575000000000103);
#156=CYLINDRICAL_SURFACE('',#4619,0.000681682266029008);
#157=CYLINDRICAL_SURFACE('',#4620,0.000681682266029008);
#158=CYLINDRICAL_SURFACE('',#4621,0.0575000000000103);
#159=CYLINDRICAL_SURFACE('',#4622,0.000681682266029008);
#160=CYLINDRICAL_SURFACE('',#4623,0.000681682266029008);
#161=CYLINDRICAL_SURFACE('',#4624,0.0575000000000103);
#162=CYLINDRICAL_SURFACE('',#4625,0.000681682266029008);
#163=CYLINDRICAL_SURFACE('',#4626,0.000681682266029008);
#164=CYLINDRICAL_SURFACE('',#4627,0.0575000000000103);
#165=CYLINDRICAL_SURFACE('',#4628,0.000681682266029008);
#166=CYLINDRICAL_SURFACE('',#4629,0.000681682266029008);
#167=CYLINDRICAL_SURFACE('',#4630,0.0575000000000103);
#168=CYLINDRICAL_SURFACE('',#4631,0.000681682266029008);
#169=CYLINDRICAL_SURFACE('',#4632,0.000681682266029008);
#170=CYLINDRICAL_SURFACE('',#4633,0.0575000000000103);
#171=CYLINDRICAL_SURFACE('',#4634,0.000681682266029008);
#172=CYLINDRICAL_SURFACE('',#4635,0.000681682266029008);
#173=CYLINDRICAL_SURFACE('',#4636,0.0575000000000103);
#174=CYLINDRICAL_SURFACE('',#4637,0.000681682266029008);
#175=CYLINDRICAL_SURFACE('',#4638,0.000681682266029008);
#176=CYLINDRICAL_SURFACE('',#4639,0.0575000000000103);
#177=CYLINDRICAL_SURFACE('',#4640,0.000681682266029008);
#178=CYLINDRICAL_SURFACE('',#4641,0.000681682266029008);
#179=CYLINDRICAL_SURFACE('',#4642,0.0575000000000103);
#180=CYLINDRICAL_SURFACE('',#4643,0.000681682266029008);
#181=CYLINDRICAL_SURFACE('',#4644,0.000681682266029008);
#182=CYLINDRICAL_SURFACE('',#4645,0.0575000000000103);
#183=CYLINDRICAL_SURFACE('',#4646,0.000681682266029008);
#184=CYLINDRICAL_SURFACE('',#4647,0.000681682266029008);
#185=CYLINDRICAL_SURFACE('',#4648,0.0575000000000103);
#186=CYLINDRICAL_SURFACE('',#4649,0.000681682266029008);
#187=CYLINDRICAL_SURFACE('',#4650,0.000681682266029008);
#188=CYLINDRICAL_SURFACE('',#4651,0.0575000000000103);
#189=CYLINDRICAL_SURFACE('',#4652,0.000681682266029008);
#190=CYLINDRICAL_SURFACE('',#4653,0.000681682266029008);
#191=CYLINDRICAL_SURFACE('',#4654,0.0575000000000103);
#192=CYLINDRICAL_SURFACE('',#4655,0.000681682266029008);
#193=CYLINDRICAL_SURFACE('',#4656,0.000681682266029008);
#194=CYLINDRICAL_SURFACE('',#4657,0.0575000000000103);
#195=CYLINDRICAL_SURFACE('',#4658,0.000681682266029008);
#196=CYLINDRICAL_SURFACE('',#4659,0.000681682266029008);
#197=CYLINDRICAL_SURFACE('',#4660,0.000681682266029008);
#198=CYLINDRICAL_SURFACE('',#4678,0.005);
#199=CYLINDRICAL_SURFACE('',#4679,0.005);
#200=CYLINDRICAL_SURFACE('',#4680,0.005);
#201=CYLINDRICAL_SURFACE('',#4681,0.005);
#202=CYLINDRICAL_SURFACE('',#4682,0.005);
#203=CYLINDRICAL_SURFACE('',#4683,0.005);
#204=CYLINDRICAL_SURFACE('',#4684,0.005);
#205=CYLINDRICAL_SURFACE('',#4685,0.005);
#206=CYLINDRICAL_SURFACE('',#4686,0.005);
#207=CYLINDRICAL_SURFACE('',#4687,0.005);
#208=CYLINDRICAL_SURFACE('',#4688,0.005);
#209=CYLINDRICAL_SURFACE('',#4689,0.005);
#210=CYLINDRICAL_SURFACE('',#4690,0.00425);
#211=CYLINDRICAL_SURFACE('',#4693,0.00425);
#212=CYLINDRICAL_SURFACE('',#4696,0.00425);
#213=CYLINDRICAL_SURFACE('',#4699,0.00425);
#214=B_SPLINE_CURVE_WITH_KNOTS('',3,(#5913,#5914,#5915,#5916,#5917,#5918,
#5919,#5920,#5921,#5922,#5923,#5924,#5925,#5926,#5927,#5928),
 .UNSPECIFIED.,.F.,.F.,(4,1,1,1,1,1,1,1,1,1,1,1,1,4),(0.287567690654616,
0.331235965012048,0.377316190222383,0.42535814598039,0.475284810909441,
0.527027580733162,0.580524838488048,0.635720843286339,0.692564851802697,
0.751010413334936,0.811014796687413,0.872538518781192,0.935544952889889,
0.991573825801251),.UNSPECIFIED.);
#215=B_SPLINE_CURVE_WITH_KNOTS('',3,(#5932,#5933,#5934,#5935,#5936,#5937,
#5938,#5939,#5940,#5941,#5942,#5943,#5944,#5945,#5946,#5947),
 .UNSPECIFIED.,.F.,.F.,(4,1,1,1,1,1,1,1,1,1,1,1,1,4),(0.287567690654617,
0.331235965012048,0.377316190222383,0.42535814598039,0.475284810909441,
0.527027580733162,0.580524838488048,0.635720843286339,0.692564851802697,
0.751010413334936,0.811014796687413,0.872538518781192,0.935544952889889,
0.991573825801254),.UNSPECIFIED.);
#216=B_SPLINE_CURVE_WITH_KNOTS('',3,(#5955,#5956,#5957,#5958,#5959,#5960,
#5961,#5962,#5963,#5964,#5965,#5966,#5967,#5968,#5969,#5970),
 .UNSPECIFIED.,.F.,.F.,(4,1,1,1,1,1,1,1,1,1,1,1,1,4),(0.287567690654616,
0.331235965012048,0.377316190222383,0.42535814598039,0.475284810909441,
0.527027580733162,0.580524838488048,0.635720843286339,0.692564851802697,
0.751010413334936,0.811014796687413,0.872538518781192,0.935544952889889,
0.991573825801251),.UNSPECIFIED.);
#217=B_SPLINE_CURVE_WITH_KNOTS('',3,(#5974,#5975,#5976,#5977,#5978,#5979,
#5980,#5981,#5982,#5983,#5984,#5985,#5986,#5987,#5988,#5989),
 .UNSPECIFIED.,.F.,.F.,(4,1,1,1,1,1,1,1,1,1,1,1,1,4),(0.287567690654617,
0.331235965012048,0.377316190222383,0.42535814598039,0.475284810909441,
0.527027580733162,0.580524838488048,0.635720843286339,0.692564851802697,
0.751010413334936,0.811014796687413,0.872538518781192,0.935544952889889,
0.991573825801254),.UNSPECIFIED.);
#218=B_SPLINE_CURVE_WITH_KNOTS('',3,(#5997,#5998,#5999,#6000,#6001,#6002,
#6003,#6004,#6005,#6006,#6007,#6008,#6009,#6010,#6011,#6012),
 .UNSPECIFIED.,.F.,.F.,(4,1,1,1,1,1,1,1,1,1,1,1,1,4),(0.287567690654616,
0.331235965012048,0.377316190222383,0.42535814598039,0.475284810909441,
0.527027580733162,0.580524838488048,0.635720843286339,0.692564851802697,
0.751010413334936,0.811014796687413,0.872538518781192,0.935544952889889,
0.991573825801251),.UNSPECIFIED.);
#219=B_SPLINE_CURVE_WITH_KNOTS('',3,(#6016,#6017,#6018,#6019,#6020,#6021,
#6022,#6023,#6024,#6025,#6026,#6027,#6028,#6029,#6030,#6031),
 .UNSPECIFIED.,.F.,.F.,(4,1,1,1,1,1,1,1,1,1,1,1,1,4),(0.287567690654617,
0.331235965012048,0.377316190222383,0.42535814598039,0.475284810909441,
0.527027580733162,0.580524838488048,0.635720843286339,0.692564851802697,
0.751010413334936,0.811014796687413,0.872538518781192,0.935544952889889,
0.991573825801254),.UNSPECIFIED.);
#220=B_SPLINE_CURVE_WITH_KNOTS('',3,(#6039,#6040,#6041,#6042,#6043,#6044,
#6045,#6046,#6047,#6048,#6049,#6050,#6051,#6052,#6053,#6054),
 .UNSPECIFIED.,.F.,.F.,(4,1,1,1,1,1,1,1,1,1,1,1,1,4),(0.287567690654616,
0.331235965012048,0.377316190222383,0.42535814598039,0.475284810909441,
0.527027580733162,0.580524838488048,0.635720843286339,0.692564851802697,
0.751010413334936,0.811014796687413,0.872538518781192,0.935544952889889,
0.991573825801251),.UNSPECIFIED.);
#221=B_SPLINE_CURVE_WITH_KNOTS('',3,(#6058,#6059,#6060,#6061,#6062,#6063,
#6064,#6065,#6066,#6067,#6068,#6069,#6070,#6071,#6072,#6073),
 .UNSPECIFIED.,.F.,.F.,(4,1,1,1,1,1,1,1,1,1,1,1,1,4),(0.287567690654617,
0.331235965012048,0.377316190222383,0.42535814598039,0.475284810909441,
0.527027580733162,0.580524838488048,0.635720843286339,0.692564851802697,
0.751010413334936,0.811014796687413,0.872538518781192,0.935544952889889,
0.991573825801254),.UNSPECIFIED.);
#222=B_SPLINE_CURVE_WITH_KNOTS('',3,(#6081,#6082,#6083,#6084,#6085,#6086,
#6087,#6088,#6089,#6090,#6091,#6092,#6093,#6094,#6095,#6096),
 .UNSPECIFIED.,.F.,.F.,(4,1,1,1,1,1,1,1,1,1,1,1,1,4),(0.287567690654616,
0.331235965012048,0.377316190222383,0.42535814598039,0.475284810909441,
0.527027580733162,0.580524838488048,0.635720843286339,0.692564851802697,
0.751010413334936,0.811014796687413,0.872538518781192,0.935544952889889,
0.991573825801251),.UNSPECIFIED.);
#223=B_SPLINE_CURVE_WITH_KNOTS('',3,(#6100,#6101,#6102,#6103,#6104,#6105,
#6106,#6107,#6108,#6109,#6110,#6111,#6112,#6113,#6114,#6115),
 .UNSPECIFIED.,.F.,.F.,(4,1,1,1,1,1,1,1,1,1,1,1,1,4),(0.287567690654617,
0.331235965012048,0.377316190222383,0.42535814598039,0.475284810909441,
0.527027580733162,0.580524838488048,0.635720843286339,0.692564851802697,
0.751010413334936,0.811014796687413,0.872538518781192,0.935544952889889,
0.991573825801254),.UNSPECIFIED.);
#224=B_SPLINE_CURVE_WITH_KNOTS('',3,(#6123,#6124,#6125,#6126,#6127,#6128,
#6129,#6130,#6131,#6132,#6133,#6134,#6135,#6136,#6137,#6138),
 .UNSPECIFIED.,.F.,.F.,(4,1,1,1,1,1,1,1,1,1,1,1,1,4),(0.287567690654616,
0.331235965012048,0.377316190222383,0.42535814598039,0.475284810909441,
0.527027580733162,0.580524838488048,0.635720843286339,0.692564851802697,
0.751010413334936,0.811014796687413,0.872538518781192,0.935544952889889,
0.991573825801251),.UNSPECIFIED.);
#225=B_SPLINE_CURVE_WITH_KNOTS('',3,(#6142,#6143,#6144,#6145,#6146,#6147,
#6148,#6149,#6150,#6151,#6152,#6153,#6154,#6155,#6156,#6157),
 .UNSPECIFIED.,.F.,.F.,(4,1,1,1,1,1,1,1,1,1,1,1,1,4),(0.287567690654617,
0.331235965012048,0.377316190222383,0.42535814598039,0.475284810909441,
0.527027580733162,0.580524838488048,0.635720843286339,0.692564851802697,
0.751010413334936,0.811014796687413,0.872538518781192,0.935544952889889,
0.991573825801254),.UNSPECIFIED.);
#226=B_SPLINE_CURVE_WITH_KNOTS('',3,(#6165,#6166,#6167,#6168,#6169,#6170,
#6171,#6172,#6173,#6174,#6175,#6176,#6177,#6178,#6179,#6180),
 .UNSPECIFIED.,.F.,.F.,(4,1,1,1,1,1,1,1,1,1,1,1,1,4),(0.287567690654616,
0.331235965012048,0.377316190222383,0.42535814598039,0.475284810909441,
0.527027580733162,0.580524838488048,0.635720843286339,0.692564851802697,
0.751010413334936,0.811014796687413,0.872538518781192,0.935544952889889,
0.991573825801251),.UNSPECIFIED.);
#227=B_SPLINE_CURVE_WITH_KNOTS('',3,(#6184,#6185,#6186,#6187,#6188,#6189,
#6190,#6191,#6192,#6193,#6194,#6195,#6196,#6197,#6198,#6199),
 .UNSPECIFIED.,.F.,.F.,(4,1,1,1,1,1,1,1,1,1,1,1,1,4),(0.287567690654617,
0.331235965012048,0.377316190222383,0.42535814598039,0.475284810909441,
0.527027580733162,0.580524838488048,0.635720843286339,0.692564851802697,
0.751010413334936,0.811014796687413,0.872538518781192,0.935544952889889,
0.991573825801254),.UNSPECIFIED.);
#228=B_SPLINE_CURVE_WITH_KNOTS('',3,(#6207,#6208,#6209,#6210,#6211,#6212,
#6213,#6214,#6215,#6216,#6217,#6218,#6219,#6220,#6221,#6222),
 .UNSPECIFIED.,.F.,.F.,(4,1,1,1,1,1,1,1,1,1,1,1,1,4),(0.287567690654616,
0.331235965012048,0.377316190222383,0.42535814598039,0.475284810909441,
0.527027580733162,0.580524838488048,0.635720843286339,0.692564851802697,
0.751010413334936,0.811014796687413,0.872538518781192,0.935544952889889,
0.991573825801251),.UNSPECIFIED.);
#229=B_SPLINE_CURVE_WITH_KNOTS('',3,(#6226,#6227,#6228,#6229,#6230,#6231,
#6232,#6233,#6234,#6235,#6236,#6237,#6238,#6239,#6240,#6241),
 .UNSPECIFIED.,.F.,.F.,(4,1,1,1,1,1,1,1,1,1,1,1,1,4),(0.287567690654617,
0.331235965012048,0.377316190222383,0.42535814598039,0.475284810909441,
0.527027580733162,0.580524838488048,0.635720843286339,0.692564851802697,
0.751010413334936,0.811014796687413,0.872538518781192,0.935544952889889,
0.991573825801254),.UNSPECIFIED.);
#230=B_SPLINE_CURVE_WITH_KNOTS('',3,(#6249,#6250,#6251,#6252,#6253,#6254,
#6255,#6256,#6257,#6258,#6259,#6260,#6261,#6262,#6263,#6264),
 .UNSPECIFIED.,.F.,.F.,(4,1,1,1,1,1,1,1,1,1,1,1,1,4),(0.287567690654616,
0.331235965012048,0.377316190222383,0.42535814598039,0.475284810909441,
0.527027580733162,0.580524838488048,0.635720843286339,0.692564851802697,
0.751010413334936,0.811014796687413,0.872538518781192,0.935544952889889,
0.991573825801251),.UNSPECIFIED.);
#231=B_SPLINE_CURVE_WITH_KNOTS('',3,(#6268,#6269,#6270,#6271,#6272,#6273,
#6274,#6275,#6276,#6277,#6278,#6279,#6280,#6281,#6282,#6283),
 .UNSPECIFIED.,.F.,.F.,(4,1,1,1,1,1,1,1,1,1,1,1,1,4),(0.287567690654617,
0.331235965012048,0.377316190222383,0.42535814598039,0.475284810909441,
0.527027580733162,0.580524838488048,0.635720843286339,0.692564851802697,
0.751010413334936,0.811014796687413,0.872538518781192,0.935544952889889,
0.991573825801254),.UNSPECIFIED.);
#232=B_SPLINE_CURVE_WITH_KNOTS('',3,(#6291,#6292,#6293,#6294,#6295,#6296,
#6297,#6298,#6299,#6300,#6301,#6302,#6303,#6304,#6305,#6306),
 .UNSPECIFIED.,.F.,.F.,(4,1,1,1,1,1,1,1,1,1,1,1,1,4),(0.287567690654616,
0.331235965012048,0.377316190222383,0.42535814598039,0.475284810909441,
0.527027580733162,0.580524838488048,0.635720843286339,0.692564851802697,
0.751010413334936,0.811014796687413,0.872538518781192,0.935544952889889,
0.991573825801251),.UNSPECIFIED.);
#233=B_SPLINE_CURVE_WITH_KNOTS('',3,(#6310,#6311,#6312,#6313,#6314,#6315,
#6316,#6317,#6318,#6319,#6320,#6321,#6322,#6323,#6324,#6325),
 .UNSPECIFIED.,.F.,.F.,(4,1,1,1,1,1,1,1,1,1,1,1,1,4),(0.287567690654617,
0.331235965012048,0.377316190222383,0.42535814598039,0.475284810909441,
0.527027580733162,0.580524838488048,0.635720843286339,0.692564851802697,
0.751010413334936,0.811014796687413,0.872538518781192,0.935544952889889,
0.991573825801254),.UNSPECIFIED.);
#234=B_SPLINE_CURVE_WITH_KNOTS('',3,(#6333,#6334,#6335,#6336,#6337,#6338,
#6339,#6340,#6341,#6342,#6343,#6344,#6345,#6346,#6347,#6348),
 .UNSPECIFIED.,.F.,.F.,(4,1,1,1,1,1,1,1,1,1,1,1,1,4),(0.287567690654616,
0.331235965012048,0.377316190222383,0.42535814598039,0.475284810909441,
0.527027580733162,0.580524838488048,0.635720843286339,0.692564851802697,
0.751010413334936,0.811014796687413,0.872538518781192,0.935544952889889,
0.991573825801251),.UNSPECIFIED.);
#235=B_SPLINE_CURVE_WITH_KNOTS('',3,(#6352,#6353,#6354,#6355,#6356,#6357,
#6358,#6359,#6360,#6361,#6362,#6363,#6364,#6365,#6366,#6367),
 .UNSPECIFIED.,.F.,.F.,(4,1,1,1,1,1,1,1,1,1,1,1,1,4),(0.287567690654617,
0.331235965012048,0.377316190222383,0.42535814598039,0.475284810909441,
0.527027580733162,0.580524838488048,0.635720843286339,0.692564851802697,
0.751010413334936,0.811014796687413,0.872538518781192,0.935544952889889,
0.991573825801254),.UNSPECIFIED.);
#236=B_SPLINE_CURVE_WITH_KNOTS('',3,(#6375,#6376,#6377,#6378,#6379,#6380,
#6381,#6382,#6383,#6384,#6385,#6386,#6387,#6388,#6389,#6390),
 .UNSPECIFIED.,.F.,.F.,(4,1,1,1,1,1,1,1,1,1,1,1,1,4),(0.287567690654616,
0.331235965012048,0.377316190222383,0.42535814598039,0.475284810909441,
0.527027580733162,0.580524838488048,0.635720843286339,0.692564851802697,
0.751010413334936,0.811014796687413,0.872538518781192,0.935544952889889,
0.991573825801251),.UNSPECIFIED.);
#237=B_SPLINE_CURVE_WITH_KNOTS('',3,(#6394,#6395,#6396,#6397,#6398,#6399,
#6400,#6401,#6402,#6403,#6404,#6405,#6406,#6407,#6408,#6409),
 .UNSPECIFIED.,.F.,.F.,(4,1,1,1,1,1,1,1,1,1,1,1,1,4),(0.287567690654617,
0.331235965012048,0.377316190222383,0.42535814598039,0.475284810909441,
0.527027580733162,0.580524838488048,0.635720843286339,0.692564851802697,
0.751010413334936,0.811014796687413,0.872538518781192,0.935544952889889,
0.991573825801254),.UNSPECIFIED.);
#238=B_SPLINE_CURVE_WITH_KNOTS('',3,(#6417,#6418,#6419,#6420,#6421,#6422,
#6423,#6424,#6425,#6426,#6427,#6428,#6429,#6430,#6431,#6432),
 .UNSPECIFIED.,.F.,.F.,(4,1,1,1,1,1,1,1,1,1,1,1,1,4),(0.287567690654616,
0.331235965012048,0.377316190222383,0.42535814598039,0.475284810909441,
0.527027580733162,0.580524838488048,0.635720843286339,0.692564851802697,
0.751010413334936,0.811014796687413,0.872538518781192,0.935544952889889,
0.991573825801251),.UNSPECIFIED.);
#239=B_SPLINE_CURVE_WITH_KNOTS('',3,(#6436,#6437,#6438,#6439,#6440,#6441,
#6442,#6443,#6444,#6445,#6446,#6447,#6448,#6449,#6450,#6451),
 .UNSPECIFIED.,.F.,.F.,(4,1,1,1,1,1,1,1,1,1,1,1,1,4),(0.287567690654617,
0.331235965012048,0.377316190222383,0.42535814598039,0.475284810909441,
0.527027580733162,0.580524838488048,0.635720843286339,0.692564851802697,
0.751010413334936,0.811014796687413,0.872538518781192,0.935544952889889,
0.991573825801254),.UNSPECIFIED.);
#240=B_SPLINE_CURVE_WITH_KNOTS('',3,(#6459,#6460,#6461,#6462,#6463,#6464,
#6465,#6466,#6467,#6468,#6469,#6470,#6471,#6472,#6473,#6474),
 .UNSPECIFIED.,.F.,.F.,(4,1,1,1,1,1,1,1,1,1,1,1,1,4),(0.287567690654616,
0.331235965012048,0.377316190222383,0.42535814598039,0.475284810909441,
0.527027580733162,0.580524838488048,0.635720843286339,0.692564851802697,
0.751010413334936,0.811014796687413,0.872538518781192,0.935544952889889,
0.991573825801251),.UNSPECIFIED.);
#241=B_SPLINE_CURVE_WITH_KNOTS('',3,(#6478,#6479,#6480,#6481,#6482,#6483,
#6484,#6485,#6486,#6487,#6488,#6489,#6490,#6491,#6492,#6493),
 .UNSPECIFIED.,.F.,.F.,(4,1,1,1,1,1,1,1,1,1,1,1,1,4),(0.287567690654617,
0.331235965012048,0.377316190222383,0.42535814598039,0.475284810909441,
0.527027580733162,0.580524838488048,0.635720843286339,0.692564851802697,
0.751010413334936,0.811014796687413,0.872538518781192,0.935544952889889,
0.991573825801254),.UNSPECIFIED.);
#242=B_SPLINE_CURVE_WITH_KNOTS('',3,(#6501,#6502,#6503,#6504,#6505,#6506,
#6507,#6508,#6509,#6510,#6511,#6512,#6513,#6514,#6515,#6516),
 .UNSPECIFIED.,.F.,.F.,(4,1,1,1,1,1,1,1,1,1,1,1,1,4),(0.287567690654616,
0.331235965012048,0.377316190222383,0.42535814598039,0.475284810909441,
0.527027580733162,0.580524838488048,0.635720843286339,0.692564851802697,
0.751010413334936,0.811014796687413,0.872538518781192,0.935544952889889,
0.991573825801251),.UNSPECIFIED.);
#243=B_SPLINE_CURVE_WITH_KNOTS('',3,(#6520,#6521,#6522,#6523,#6524,#6525,
#6526,#6527,#6528,#6529,#6530,#6531,#6532,#6533,#6534,#6535),
 .UNSPECIFIED.,.F.,.F.,(4,1,1,1,1,1,1,1,1,1,1,1,1,4),(0.287567690654617,
0.331235965012048,0.377316190222383,0.42535814598039,0.475284810909441,
0.527027580733162,0.580524838488048,0.635720843286339,0.692564851802697,
0.751010413334936,0.811014796687413,0.872538518781192,0.935544952889889,
0.991573825801254),.UNSPECIFIED.);
#244=B_SPLINE_CURVE_WITH_KNOTS('',3,(#6543,#6544,#6545,#6546,#6547,#6548,
#6549,#6550,#6551,#6552,#6553,#6554,#6555,#6556,#6557,#6558),
 .UNSPECIFIED.,.F.,.F.,(4,1,1,1,1,1,1,1,1,1,1,1,1,4),(0.287567690654616,
0.331235965012048,0.377316190222383,0.42535814598039,0.475284810909441,
0.527027580733162,0.580524838488048,0.635720843286339,0.692564851802697,
0.751010413334936,0.811014796687413,0.872538518781192,0.935544952889889,
0.991573825801251),.UNSPECIFIED.);
#245=B_SPLINE_CURVE_WITH_KNOTS('',3,(#6562,#6563,#6564,#6565,#6566,#6567,
#6568,#6569,#6570,#6571,#6572,#6573,#6574,#6575,#6576,#6577),
 .UNSPECIFIED.,.F.,.F.,(4,1,1,1,1,1,1,1,1,1,1,1,1,4),(0.287567690654617,
0.331235965012048,0.377316190222383,0.42535814598039,0.475284810909441,
0.527027580733162,0.580524838488048,0.635720843286339,0.692564851802697,
0.751010413334936,0.811014796687413,0.872538518781192,0.935544952889889,
0.991573825801254),.UNSPECIFIED.);
#246=B_SPLINE_CURVE_WITH_KNOTS('',3,(#6585,#6586,#6587,#6588,#6589,#6590,
#6591,#6592,#6593,#6594,#6595,#6596,#6597,#6598,#6599,#6600),
 .UNSPECIFIED.,.F.,.F.,(4,1,1,1,1,1,1,1,1,1,1,1,1,4),(0.287567690654616,
0.331235965012048,0.377316190222383,0.42535814598039,0.475284810909441,
0.527027580733162,0.580524838488048,0.635720843286339,0.692564851802697,
0.751010413334936,0.811014796687413,0.872538518781192,0.935544952889889,
0.991573825801251),.UNSPECIFIED.);
#247=B_SPLINE_CURVE_WITH_KNOTS('',3,(#6604,#6605,#6606,#6607,#6608,#6609,
#6610,#6611,#6612,#6613,#6614,#6615,#6616,#6617,#6618,#6619),
 .UNSPECIFIED.,.F.,.F.,(4,1,1,1,1,1,1,1,1,1,1,1,1,4),(0.287567690654617,
0.331235965012048,0.377316190222383,0.42535814598039,0.475284810909441,
0.527027580733162,0.580524838488048,0.635720843286339,0.692564851802697,
0.751010413334936,0.811014796687413,0.872538518781192,0.935544952889889,
0.991573825801254),.UNSPECIFIED.);
#248=B_SPLINE_CURVE_WITH_KNOTS('',3,(#6627,#6628,#6629,#6630,#6631,#6632,
#6633,#6634,#6635,#6636,#6637,#6638,#6639,#6640,#6641,#6642),
 .UNSPECIFIED.,.F.,.F.,(4,1,1,1,1,1,1,1,1,1,1,1,1,4),(0.287567690654616,
0.331235965012048,0.377316190222383,0.42535814598039,0.475284810909441,
0.527027580733162,0.580524838488048,0.635720843286339,0.692564851802697,
0.751010413334936,0.811014796687413,0.872538518781192,0.935544952889889,
0.991573825801251),.UNSPECIFIED.);
#249=B_SPLINE_CURVE_WITH_KNOTS('',3,(#6646,#6647,#6648,#6649,#6650,#6651,
#6652,#6653,#6654,#6655,#6656,#6657,#6658,#6659,#6660,#6661),
 .UNSPECIFIED.,.F.,.F.,(4,1,1,1,1,1,1,1,1,1,1,1,1,4),(0.287567690654617,
0.331235965012048,0.377316190222383,0.42535814598039,0.475284810909441,
0.527027580733162,0.580524838488048,0.635720843286339,0.692564851802697,
0.751010413334936,0.811014796687413,0.872538518781192,0.935544952889889,
0.991573825801254),.UNSPECIFIED.);
#250=B_SPLINE_CURVE_WITH_KNOTS('',3,(#6669,#6670,#6671,#6672,#6673,#6674,
#6675,#6676,#6677,#6678,#6679,#6680,#6681,#6682,#6683,#6684),
 .UNSPECIFIED.,.F.,.F.,(4,1,1,1,1,1,1,1,1,1,1,1,1,4),(0.287567690654616,
0.331235965012048,0.377316190222383,0.42535814598039,0.475284810909441,
0.527027580733162,0.580524838488048,0.635720843286339,0.692564851802697,
0.751010413334936,0.811014796687413,0.872538518781192,0.935544952889889,
0.991573825801251),.UNSPECIFIED.);
#251=B_SPLINE_CURVE_WITH_KNOTS('',3,(#6688,#6689,#6690,#6691,#6692,#6693,
#6694,#6695,#6696,#6697,#6698,#6699,#6700,#6701,#6702,#6703),
 .UNSPECIFIED.,.F.,.F.,(4,1,1,1,1,1,1,1,1,1,1,1,1,4),(0.287567690654617,
0.331235965012048,0.377316190222383,0.42535814598039,0.475284810909441,
0.527027580733162,0.580524838488048,0.635720843286339,0.692564851802697,
0.751010413334936,0.811014796687413,0.872538518781192,0.935544952889889,
0.991573825801254),.UNSPECIFIED.);
#252=B_SPLINE_CURVE_WITH_KNOTS('',3,(#6711,#6712,#6713,#6714,#6715,#6716,
#6717,#6718,#6719,#6720,#6721,#6722,#6723,#6724,#6725,#6726),
 .UNSPECIFIED.,.F.,.F.,(4,1,1,1,1,1,1,1,1,1,1,1,1,4),(0.287567690654616,
0.331235965012048,0.377316190222383,0.42535814598039,0.475284810909441,
0.527027580733162,0.580524838488048,0.635720843286339,0.692564851802697,
0.751010413334936,0.811014796687413,0.872538518781192,0.935544952889889,
0.991573825801251),.UNSPECIFIED.);
#253=B_SPLINE_CURVE_WITH_KNOTS('',3,(#6730,#6731,#6732,#6733,#6734,#6735,
#6736,#6737,#6738,#6739,#6740,#6741,#6742,#6743,#6744,#6745),
 .UNSPECIFIED.,.F.,.F.,(4,1,1,1,1,1,1,1,1,1,1,1,1,4),(0.287567690654617,
0.331235965012048,0.377316190222383,0.42535814598039,0.475284810909441,
0.527027580733162,0.580524838488048,0.635720843286339,0.692564851802697,
0.751010413334936,0.811014796687413,0.872538518781192,0.935544952889889,
0.991573825801254),.UNSPECIFIED.);
#254=B_SPLINE_CURVE_WITH_KNOTS('',3,(#6753,#6754,#6755,#6756,#6757,#6758,
#6759,#6760,#6761,#6762,#6763,#6764,#6765,#6766,#6767,#6768),
 .UNSPECIFIED.,.F.,.F.,(4,1,1,1,1,1,1,1,1,1,1,1,1,4),(0.287567690654616,
0.331235965012048,0.377316190222383,0.42535814598039,0.475284810909441,
0.527027580733162,0.580524838488048,0.635720843286339,0.692564851802697,
0.751010413334936,0.811014796687413,0.872538518781192,0.935544952889889,
0.991573825801251),.UNSPECIFIED.);
#255=B_SPLINE_CURVE_WITH_KNOTS('',3,(#6772,#6773,#6774,#6775,#6776,#6777,
#6778,#6779,#6780,#6781,#6782,#6783,#6784,#6785,#6786,#6787),
 .UNSPECIFIED.,.F.,.F.,(4,1,1,1,1,1,1,1,1,1,1,1,1,4),(0.287567690654617,
0.331235965012048,0.377316190222383,0.42535814598039,0.475284810909441,
0.527027580733162,0.580524838488048,0.635720843286339,0.692564851802697,
0.751010413334936,0.811014796687413,0.872538518781192,0.935544952889889,
0.991573825801254),.UNSPECIFIED.);
#256=B_SPLINE_CURVE_WITH_KNOTS('',3,(#6795,#6796,#6797,#6798,#6799,#6800,
#6801,#6802,#6803,#6804,#6805,#6806,#6807,#6808,#6809,#6810),
 .UNSPECIFIED.,.F.,.F.,(4,1,1,1,1,1,1,1,1,1,1,1,1,4),(0.287567690654616,
0.331235965012048,0.377316190222383,0.42535814598039,0.475284810909441,
0.527027580733162,0.580524838488048,0.635720843286339,0.692564851802697,
0.751010413334936,0.811014796687413,0.872538518781192,0.935544952889889,
0.991573825801251),.UNSPECIFIED.);
#257=B_SPLINE_CURVE_WITH_KNOTS('',3,(#6814,#6815,#6816,#6817,#6818,#6819,
#6820,#6821,#6822,#6823,#6824,#6825,#6826,#6827,#6828,#6829),
 .UNSPECIFIED.,.F.,.F.,(4,1,1,1,1,1,1,1,1,1,1,1,1,4),(0.287567690654617,
0.331235965012048,0.377316190222383,0.42535814598039,0.475284810909441,
0.527027580733162,0.580524838488048,0.635720843286339,0.692564851802697,
0.751010413334936,0.811014796687413,0.872538518781192,0.935544952889889,
0.991573825801254),.UNSPECIFIED.);
#258=B_SPLINE_CURVE_WITH_KNOTS('',3,(#6837,#6838,#6839,#6840,#6841,#6842,
#6843,#6844,#6845,#6846,#6847,#6848,#6849,#6850,#6851,#6852),
 .UNSPECIFIED.,.F.,.F.,(4,1,1,1,1,1,1,1,1,1,1,1,1,4),(0.287567690654616,
0.331235965012048,0.377316190222383,0.42535814598039,0.475284810909441,
0.527027580733162,0.580524838488048,0.635720843286339,0.692564851802697,
0.751010413334936,0.811014796687413,0.872538518781192,0.935544952889889,
0.991573825801251),.UNSPECIFIED.);
#259=B_SPLINE_CURVE_WITH_KNOTS('',3,(#6856,#6857,#6858,#6859,#6860,#6861,
#6862,#6863,#6864,#6865,#6866,#6867,#6868,#6869,#6870,#6871),
 .UNSPECIFIED.,.F.,.F.,(4,1,1,1,1,1,1,1,1,1,1,1,1,4),(0.287567690654617,
0.331235965012048,0.377316190222383,0.42535814598039,0.475284810909441,
0.527027580733162,0.580524838488048,0.635720843286339,0.692564851802697,
0.751010413334936,0.811014796687413,0.872538518781192,0.935544952889889,
0.991573825801254),.UNSPECIFIED.);
#260=B_SPLINE_CURVE_WITH_KNOTS('',3,(#6879,#6880,#6881,#6882,#6883,#6884,
#6885,#6886,#6887,#6888,#6889,#6890,#6891,#6892,#6893,#6894),
 .UNSPECIFIED.,.F.,.F.,(4,1,1,1,1,1,1,1,1,1,1,1,1,4),(0.287567690654616,
0.331235965012048,0.377316190222383,0.42535814598039,0.475284810909441,
0.527027580733162,0.580524838488048,0.635720843286339,0.692564851802697,
0.751010413334936,0.811014796687413,0.872538518781192,0.935544952889889,
0.991573825801251),.UNSPECIFIED.);
#261=B_SPLINE_CURVE_WITH_KNOTS('',3,(#6898,#6899,#6900,#6901,#6902,#6903,
#6904,#6905,#6906,#6907,#6908,#6909,#6910,#6911,#6912,#6913),
 .UNSPECIFIED.,.F.,.F.,(4,1,1,1,1,1,1,1,1,1,1,1,1,4),(0.287567690654617,
0.331235965012048,0.377316190222383,0.42535814598039,0.475284810909441,
0.527027580733162,0.580524838488048,0.635720843286339,0.692564851802697,
0.751010413334936,0.811014796687413,0.872538518781192,0.935544952889889,
0.991573825801254),.UNSPECIFIED.);
#262=B_SPLINE_CURVE_WITH_KNOTS('',3,(#6921,#6922,#6923,#6924,#6925,#6926,
#6927,#6928,#6929,#6930,#6931,#6932,#6933,#6934,#6935,#6936),
 .UNSPECIFIED.,.F.,.F.,(4,1,1,1,1,1,1,1,1,1,1,1,1,4),(0.287567690654616,
0.331235965012048,0.377316190222383,0.42535814598039,0.475284810909441,
0.527027580733162,0.580524838488048,0.635720843286339,0.692564851802697,
0.751010413334936,0.811014796687413,0.872538518781192,0.935544952889889,
0.991573825801251),.UNSPECIFIED.);
#263=B_SPLINE_CURVE_WITH_KNOTS('',3,(#6940,#6941,#6942,#6943,#6944,#6945,
#6946,#6947,#6948,#6949,#6950,#6951,#6952,#6953,#6954,#6955),
 .UNSPECIFIED.,.F.,.F.,(4,1,1,1,1,1,1,1,1,1,1,1,1,4),(0.287567690654617,
0.331235965012048,0.377316190222383,0.42535814598039,0.475284810909441,
0.527027580733162,0.580524838488048,0.635720843286339,0.692564851802697,
0.751010413334936,0.811014796687413,0.872538518781192,0.935544952889889,
0.991573825801254),.UNSPECIFIED.);
#264=B_SPLINE_CURVE_WITH_KNOTS('',3,(#6963,#6964,#6965,#6966,#6967,#6968,
#6969,#6970,#6971,#6972,#6973,#6974,#6975,#6976,#6977,#6978),
 .UNSPECIFIED.,.F.,.F.,(4,1,1,1,1,1,1,1,1,1,1,1,1,4),(0.287567690654616,
0.331235965012048,0.377316190222383,0.42535814598039,0.475284810909441,
0.527027580733162,0.580524838488048,0.635720843286339,0.692564851802697,
0.751010413334936,0.811014796687413,0.872538518781192,0.935544952889889,
0.991573825801251),.UNSPECIFIED.);
#265=B_SPLINE_CURVE_WITH_KNOTS('',3,(#6982,#6983,#6984,#6985,#6986,#6987,
#6988,#6989,#6990,#6991,#6992,#6993,#6994,#6995,#6996,#6997),
 .UNSPECIFIED.,.F.,.F.,(4,1,1,1,1,1,1,1,1,1,1,1,1,4),(0.287567690654617,
0.331235965012048,0.377316190222383,0.42535814598039,0.475284810909441,
0.527027580733162,0.580524838488048,0.635720843286339,0.692564851802697,
0.751010413334936,0.811014796687413,0.872538518781192,0.935544952889889,
0.991573825801254),.UNSPECIFIED.);
#266=B_SPLINE_CURVE_WITH_KNOTS('',3,(#7005,#7006,#7007,#7008,#7009,#7010,
#7011,#7012,#7013,#7014,#7015,#7016,#7017,#7018,#7019,#7020),
 .UNSPECIFIED.,.F.,.F.,(4,1,1,1,1,1,1,1,1,1,1,1,1,4),(0.287567690654616,
0.331235965012048,0.377316190222383,0.42535814598039,0.475284810909441,
0.527027580733162,0.580524838488048,0.635720843286339,0.692564851802697,
0.751010413334936,0.811014796687413,0.872538518781192,0.935544952889889,
0.991573825801251),.UNSPECIFIED.);
#267=B_SPLINE_CURVE_WITH_KNOTS('',3,(#7024,#7025,#7026,#7027,#7028,#7029,
#7030,#7031,#7032,#7033,#7034,#7035,#7036,#7037,#7038,#7039),
 .UNSPECIFIED.,.F.,.F.,(4,1,1,1,1,1,1,1,1,1,1,1,1,4),(0.287567690654617,
0.331235965012048,0.377316190222383,0.42535814598039,0.475284810909441,
0.527027580733162,0.580524838488048,0.635720843286339,0.692564851802697,
0.751010413334936,0.811014796687413,0.872538518781192,0.935544952889889,
0.991573825801254),.UNSPECIFIED.);
#268=B_SPLINE_CURVE_WITH_KNOTS('',3,(#7047,#7048,#7049,#7050,#7051,#7052,
#7053,#7054,#7055,#7056,#7057,#7058,#7059,#7060,#7061,#7062),
 .UNSPECIFIED.,.F.,.F.,(4,1,1,1,1,1,1,1,1,1,1,1,1,4),(0.287567690654616,
0.331235965012048,0.377316190222383,0.42535814598039,0.475284810909441,
0.527027580733162,0.580524838488048,0.635720843286339,0.692564851802697,
0.751010413334936,0.811014796687413,0.872538518781192,0.935544952889889,
0.991573825801251),.UNSPECIFIED.);
#269=B_SPLINE_CURVE_WITH_KNOTS('',3,(#7066,#7067,#7068,#7069,#7070,#7071,
#7072,#7073,#7074,#7075,#7076,#7077,#7078,#7079,#7080,#7081),
 .UNSPECIFIED.,.F.,.F.,(4,1,1,1,1,1,1,1,1,1,1,1,1,4),(0.287567690654617,
0.331235965012048,0.377316190222383,0.42535814598039,0.475284810909441,
0.527027580733162,0.580524838488048,0.635720843286339,0.692564851802697,
0.751010413334936,0.811014796687413,0.872538518781192,0.935544952889889,
0.991573825801254),.UNSPECIFIED.);
#270=B_SPLINE_CURVE_WITH_KNOTS('',3,(#7089,#7090,#7091,#7092,#7093,#7094,
#7095,#7096,#7097,#7098,#7099,#7100,#7101,#7102,#7103,#7104),
 .UNSPECIFIED.,.F.,.F.,(4,1,1,1,1,1,1,1,1,1,1,1,1,4),(0.287567690654616,
0.331235965012048,0.377316190222383,0.42535814598039,0.475284810909441,
0.527027580733162,0.580524838488048,0.635720843286339,0.692564851802697,
0.751010413334936,0.811014796687413,0.872538518781192,0.935544952889889,
0.991573825801251),.UNSPECIFIED.);
#271=B_SPLINE_CURVE_WITH_KNOTS('',3,(#7108,#7109,#7110,#7111,#7112,#7113,
#7114,#7115,#7116,#7117,#7118,#7119,#7120,#7121,#7122,#7123),
 .UNSPECIFIED.,.F.,.F.,(4,1,1,1,1,1,1,1,1,1,1,1,1,4),(0.287567690654617,
0.331235965012048,0.377316190222383,0.42535814598039,0.475284810909441,
0.527027580733162,0.580524838488048,0.635720843286339,0.692564851802697,
0.751010413334936,0.811014796687413,0.872538518781192,0.935544952889889,
0.991573825801254),.UNSPECIFIED.);
#272=B_SPLINE_CURVE_WITH_KNOTS('',3,(#7131,#7132,#7133,#7134,#7135,#7136,
#7137,#7138,#7139,#7140,#7141,#7142,#7143,#7144,#7145,#7146),
 .UNSPECIFIED.,.F.,.F.,(4,1,1,1,1,1,1,1,1,1,1,1,1,4),(0.287567690654616,
0.331235965012048,0.377316190222383,0.42535814598039,0.475284810909441,
0.527027580733162,0.580524838488048,0.635720843286339,0.692564851802697,
0.751010413334936,0.811014796687413,0.872538518781192,0.935544952889889,
0.991573825801251),.UNSPECIFIED.);
#273=B_SPLINE_CURVE_WITH_KNOTS('',3,(#7150,#7151,#7152,#7153,#7154,#7155,
#7156,#7157,#7158,#7159,#7160,#7161,#7162,#7163,#7164,#7165),
 .UNSPECIFIED.,.F.,.F.,(4,1,1,1,1,1,1,1,1,1,1,1,1,4),(0.287567690654617,
0.331235965012048,0.377316190222383,0.42535814598039,0.475284810909441,
0.527027580733162,0.580524838488048,0.635720843286339,0.692564851802697,
0.751010413334936,0.811014796687413,0.872538518781192,0.935544952889889,
0.991573825801254),.UNSPECIFIED.);
#274=B_SPLINE_CURVE_WITH_KNOTS('',3,(#7214,#7215,#7216,#7217,#7218,#7219,
#7220,#7221,#7222,#7223,#7224,#7225,#7226,#7227,#7228,#7229),
 .UNSPECIFIED.,.F.,.F.,(4,1,1,1,1,1,1,1,1,1,1,1,1,4),(0.287567690654617,
0.331235965012048,0.377316190222383,0.42535814598039,0.475284810909441,
0.527027580733162,0.580524838488048,0.635720843286339,0.692564851802697,
0.751010413334936,0.811014796687413,0.872538518781192,0.935544952889889,
0.991573825801254),.UNSPECIFIED.);
#275=B_SPLINE_CURVE_WITH_KNOTS('',3,(#7233,#7234,#7235,#7236,#7237,#7238,
#7239,#7240,#7241,#7242,#7243,#7244,#7245,#7246,#7247,#7248),
 .UNSPECIFIED.,.F.,.F.,(4,1,1,1,1,1,1,1,1,1,1,1,1,4),(0.287567690654616,
0.331235965012048,0.377316190222383,0.42535814598039,0.475284810909441,
0.527027580733162,0.580524838488048,0.635720843286339,0.692564851802697,
0.751010413334936,0.811014796687413,0.872538518781192,0.935544952889889,
0.991573825801251),.UNSPECIFIED.);
#276=B_SPLINE_CURVE_WITH_KNOTS('',3,(#7256,#7257,#7258,#7259,#7260,#7261,
#7262,#7263,#7264,#7265,#7266,#7267,#7268,#7269,#7270,#7271),
 .UNSPECIFIED.,.F.,.F.,(4,1,1,1,1,1,1,1,1,1,1,1,1,4),(0.287567690654617,
0.331235965012048,0.377316190222383,0.42535814598039,0.475284810909441,
0.527027580733162,0.580524838488048,0.635720843286339,0.692564851802697,
0.751010413334936,0.811014796687413,0.872538518781192,0.935544952889889,
0.991573825801254),.UNSPECIFIED.);
#277=B_SPLINE_CURVE_WITH_KNOTS('',3,(#7275,#7276,#7277,#7278,#7279,#7280,
#7281,#7282,#7283,#7284,#7285,#7286,#7287,#7288,#7289,#7290),
 .UNSPECIFIED.,.F.,.F.,(4,1,1,1,1,1,1,1,1,1,1,1,1,4),(0.287567690654616,
0.331235965012048,0.377316190222383,0.42535814598039,0.475284810909441,
0.527027580733162,0.580524838488048,0.635720843286339,0.692564851802697,
0.751010413334936,0.811014796687413,0.872538518781192,0.935544952889889,
0.991573825801251),.UNSPECIFIED.);
#278=B_SPLINE_CURVE_WITH_KNOTS('',3,(#7298,#7299,#7300,#7301,#7302,#7303,
#7304,#7305,#7306,#7307,#7308,#7309,#7310,#7311,#7312,#7313),
 .UNSPECIFIED.,.F.,.F.,(4,1,1,1,1,1,1,1,1,1,1,1,1,4),(0.287567690654617,
0.331235965012048,0.377316190222383,0.42535814598039,0.475284810909441,
0.527027580733162,0.580524838488048,0.635720843286339,0.692564851802697,
0.751010413334936,0.811014796687413,0.872538518781192,0.935544952889889,
0.991573825801254),.UNSPECIFIED.);
#279=B_SPLINE_CURVE_WITH_KNOTS('',3,(#7317,#7318,#7319,#7320,#7321,#7322,
#7323,#7324,#7325,#7326,#7327,#7328,#7329,#7330,#7331,#7332),
 .UNSPECIFIED.,.F.,.F.,(4,1,1,1,1,1,1,1,1,1,1,1,1,4),(0.287567690654616,
0.331235965012048,0.377316190222383,0.42535814598039,0.475284810909441,
0.527027580733162,0.580524838488048,0.635720843286339,0.692564851802697,
0.751010413334936,0.811014796687413,0.872538518781192,0.935544952889889,
0.991573825801251),.UNSPECIFIED.);
#280=B_SPLINE_CURVE_WITH_KNOTS('',3,(#7340,#7341,#7342,#7343,#7344,#7345,
#7346,#7347,#7348,#7349,#7350,#7351,#7352,#7353,#7354,#7355),
 .UNSPECIFIED.,.F.,.F.,(4,1,1,1,1,1,1,1,1,1,1,1,1,4),(0.287567690654617,
0.331235965012048,0.377316190222383,0.42535814598039,0.475284810909441,
0.527027580733162,0.580524838488048,0.635720843286339,0.692564851802697,
0.751010413334936,0.811014796687413,0.872538518781192,0.935544952889889,
0.991573825801254),.UNSPECIFIED.);
#281=B_SPLINE_CURVE_WITH_KNOTS('',3,(#7359,#7360,#7361,#7362,#7363,#7364,
#7365,#7366,#7367,#7368,#7369,#7370,#7371,#7372,#7373,#7374),
 .UNSPECIFIED.,.F.,.F.,(4,1,1,1,1,1,1,1,1,1,1,1,1,4),(0.287567690654616,
0.331235965012048,0.377316190222383,0.42535814598039,0.475284810909441,
0.527027580733162,0.580524838488048,0.635720843286339,0.692564851802697,
0.751010413334936,0.811014796687413,0.872538518781192,0.935544952889889,
0.991573825801251),.UNSPECIFIED.);
#282=B_SPLINE_CURVE_WITH_KNOTS('',3,(#7382,#7383,#7384,#7385,#7386,#7387,
#7388,#7389,#7390,#7391,#7392,#7393,#7394,#7395,#7396,#7397),
 .UNSPECIFIED.,.F.,.F.,(4,1,1,1,1,1,1,1,1,1,1,1,1,4),(0.287567690654617,
0.331235965012048,0.377316190222383,0.42535814598039,0.475284810909441,
0.527027580733162,0.580524838488048,0.635720843286339,0.692564851802697,
0.751010413334936,0.811014796687413,0.872538518781192,0.935544952889889,
0.991573825801254),.UNSPECIFIED.);
#283=B_SPLINE_CURVE_WITH_KNOTS('',3,(#7401,#7402,#7403,#7404,#7405,#7406,
#7407,#7408,#7409,#7410,#7411,#7412,#7413,#7414,#7415,#7416),
 .UNSPECIFIED.,.F.,.F.,(4,1,1,1,1,1,1,1,1,1,1,1,1,4),(0.287567690654616,
0.331235965012048,0.377316190222383,0.42535814598039,0.475284810909441,
0.527027580733162,0.580524838488048,0.635720843286339,0.692564851802697,
0.751010413334936,0.811014796687413,0.872538518781192,0.935544952889889,
0.991573825801251),.UNSPECIFIED.);
#284=B_SPLINE_CURVE_WITH_KNOTS('',3,(#7424,#7425,#7426,#7427,#7428,#7429,
#7430,#7431,#7432,#7433,#7434,#7435,#7436,#7437,#7438,#7439),
 .UNSPECIFIED.,.F.,.F.,(4,1,1,1,1,1,1,1,1,1,1,1,1,4),(0.287567690654617,
0.331235965012048,0.377316190222383,0.42535814598039,0.475284810909441,
0.527027580733162,0.580524838488048,0.635720843286339,0.692564851802697,
0.751010413334936,0.811014796687413,0.872538518781192,0.935544952889889,
0.991573825801254),.UNSPECIFIED.);
#285=B_SPLINE_CURVE_WITH_KNOTS('',3,(#7443,#7444,#7445,#7446,#7447,#7448,
#7449,#7450,#7451,#7452,#7453,#7454,#7455,#7456,#7457,#7458),
 .UNSPECIFIED.,.F.,.F.,(4,1,1,1,1,1,1,1,1,1,1,1,1,4),(0.287567690654616,
0.331235965012048,0.377316190222383,0.42535814598039,0.475284810909441,
0.527027580733162,0.580524838488048,0.635720843286339,0.692564851802697,
0.751010413334936,0.811014796687413,0.872538518781192,0.935544952889889,
0.991573825801251),.UNSPECIFIED.);
#286=B_SPLINE_CURVE_WITH_KNOTS('',3,(#7466,#7467,#7468,#7469,#7470,#7471,
#7472,#7473,#7474,#7475,#7476,#7477,#7478,#7479,#7480,#7481),
 .UNSPECIFIED.,.F.,.F.,(4,1,1,1,1,1,1,1,1,1,1,1,1,4),(0.287567690654617,
0.331235965012048,0.377316190222383,0.42535814598039,0.475284810909441,
0.527027580733162,0.580524838488048,0.635720843286339,0.692564851802697,
0.751010413334936,0.811014796687413,0.872538518781192,0.935544952889889,
0.991573825801254),.UNSPECIFIED.);
#287=B_SPLINE_CURVE_WITH_KNOTS('',3,(#7485,#7486,#7487,#7488,#7489,#7490,
#7491,#7492,#7493,#7494,#7495,#7496,#7497,#7498,#7499,#7500),
 .UNSPECIFIED.,.F.,.F.,(4,1,1,1,1,1,1,1,1,1,1,1,1,4),(0.287567690654616,
0.331235965012048,0.377316190222383,0.42535814598039,0.475284810909441,
0.527027580733162,0.580524838488048,0.635720843286339,0.692564851802697,
0.751010413334936,0.811014796687413,0.872538518781192,0.935544952889889,
0.991573825801251),.UNSPECIFIED.);
#288=B_SPLINE_CURVE_WITH_KNOTS('',3,(#7508,#7509,#7510,#7511,#7512,#7513,
#7514,#7515,#7516,#7517,#7518,#7519,#7520,#7521,#7522,#7523),
 .UNSPECIFIED.,.F.,.F.,(4,1,1,1,1,1,1,1,1,1,1,1,1,4),(0.287567690654617,
0.331235965012048,0.377316190222383,0.42535814598039,0.475284810909441,
0.527027580733162,0.580524838488048,0.635720843286339,0.692564851802697,
0.751010413334936,0.811014796687413,0.872538518781192,0.935544952889889,
0.991573825801254),.UNSPECIFIED.);
#289=B_SPLINE_CURVE_WITH_KNOTS('',3,(#7527,#7528,#7529,#7530,#7531,#7532,
#7533,#7534,#7535,#7536,#7537,#7538,#7539,#7540,#7541,#7542),
 .UNSPECIFIED.,.F.,.F.,(4,1,1,1,1,1,1,1,1,1,1,1,1,4),(0.287567690654616,
0.331235965012048,0.377316190222383,0.42535814598039,0.475284810909441,
0.527027580733162,0.580524838488048,0.635720843286339,0.692564851802697,
0.751010413334936,0.811014796687413,0.872538518781192,0.935544952889889,
0.991573825801251),.UNSPECIFIED.);
#290=B_SPLINE_CURVE_WITH_KNOTS('',3,(#7550,#7551,#7552,#7553,#7554,#7555,
#7556,#7557,#7558,#7559,#7560,#7561,#7562,#7563,#7564,#7565),
 .UNSPECIFIED.,.F.,.F.,(4,1,1,1,1,1,1,1,1,1,1,1,1,4),(0.287567690654617,
0.331235965012048,0.377316190222383,0.42535814598039,0.475284810909441,
0.527027580733162,0.580524838488048,0.635720843286339,0.692564851802697,
0.751010413334936,0.811014796687413,0.872538518781192,0.935544952889889,
0.991573825801254),.UNSPECIFIED.);
#291=B_SPLINE_CURVE_WITH_KNOTS('',3,(#7569,#7570,#7571,#7572,#7573,#7574,
#7575,#7576,#7577,#7578,#7579,#7580,#7581,#7582,#7583,#7584),
 .UNSPECIFIED.,.F.,.F.,(4,1,1,1,1,1,1,1,1,1,1,1,1,4),(0.287567690654616,
0.331235965012048,0.377316190222383,0.42535814598039,0.475284810909441,
0.527027580733162,0.580524838488048,0.635720843286339,0.692564851802697,
0.751010413334936,0.811014796687413,0.872538518781192,0.935544952889889,
0.991573825801251),.UNSPECIFIED.);
#292=B_SPLINE_CURVE_WITH_KNOTS('',3,(#7592,#7593,#7594,#7595,#7596,#7597,
#7598,#7599,#7600,#7601,#7602,#7603,#7604,#7605,#7606,#7607),
 .UNSPECIFIED.,.F.,.F.,(4,1,1,1,1,1,1,1,1,1,1,1,1,4),(0.287567690654617,
0.331235965012048,0.377316190222383,0.42535814598039,0.475284810909441,
0.527027580733162,0.580524838488048,0.635720843286339,0.692564851802697,
0.751010413334936,0.811014796687413,0.872538518781192,0.935544952889889,
0.991573825801254),.UNSPECIFIED.);
#293=B_SPLINE_CURVE_WITH_KNOTS('',3,(#7611,#7612,#7613,#7614,#7615,#7616,
#7617,#7618,#7619,#7620,#7621,#7622,#7623,#7624,#7625,#7626),
 .UNSPECIFIED.,.F.,.F.,(4,1,1,1,1,1,1,1,1,1,1,1,1,4),(0.287567690654616,
0.331235965012048,0.377316190222383,0.42535814598039,0.475284810909441,
0.527027580733162,0.580524838488048,0.635720843286339,0.692564851802697,
0.751010413334936,0.811014796687413,0.872538518781192,0.935544952889889,
0.991573825801251),.UNSPECIFIED.);
#294=B_SPLINE_CURVE_WITH_KNOTS('',3,(#7634,#7635,#7636,#7637,#7638,#7639,
#7640,#7641,#7642,#7643,#7644,#7645,#7646,#7647,#7648,#7649),
 .UNSPECIFIED.,.F.,.F.,(4,1,1,1,1,1,1,1,1,1,1,1,1,4),(0.287567690654617,
0.331235965012048,0.377316190222383,0.42535814598039,0.475284810909441,
0.527027580733162,0.580524838488048,0.635720843286339,0.692564851802697,
0.751010413334936,0.811014796687413,0.872538518781192,0.935544952889889,
0.991573825801254),.UNSPECIFIED.);
#295=B_SPLINE_CURVE_WITH_KNOTS('',3,(#7653,#7654,#7655,#7656,#7657,#7658,
#7659,#7660,#7661,#7662,#7663,#7664,#7665,#7666,#7667,#7668),
 .UNSPECIFIED.,.F.,.F.,(4,1,1,1,1,1,1,1,1,1,1,1,1,4),(0.287567690654616,
0.331235965012048,0.377316190222383,0.42535814598039,0.475284810909441,
0.527027580733162,0.580524838488048,0.635720843286339,0.692564851802697,
0.751010413334936,0.811014796687413,0.872538518781192,0.935544952889889,
0.991573825801251),.UNSPECIFIED.);
#296=B_SPLINE_CURVE_WITH_KNOTS('',3,(#7676,#7677,#7678,#7679,#7680,#7681,
#7682,#7683,#7684,#7685,#7686,#7687,#7688,#7689,#7690,#7691),
 .UNSPECIFIED.,.F.,.F.,(4,1,1,1,1,1,1,1,1,1,1,1,1,4),(0.287567690654617,
0.331235965012048,0.377316190222383,0.42535814598039,0.475284810909441,
0.527027580733162,0.580524838488048,0.635720843286339,0.692564851802697,
0.751010413334936,0.811014796687413,0.872538518781192,0.935544952889889,
0.991573825801254),.UNSPECIFIED.);
#297=B_SPLINE_CURVE_WITH_KNOTS('',3,(#7695,#7696,#7697,#7698,#7699,#7700,
#7701,#7702,#7703,#7704,#7705,#7706,#7707,#7708,#7709,#7710),
 .UNSPECIFIED.,.F.,.F.,(4,1,1,1,1,1,1,1,1,1,1,1,1,4),(0.287567690654616,
0.331235965012048,0.377316190222383,0.42535814598039,0.475284810909441,
0.527027580733162,0.580524838488048,0.635720843286339,0.692564851802697,
0.751010413334936,0.811014796687413,0.872538518781192,0.935544952889889,
0.991573825801251),.UNSPECIFIED.);
#298=B_SPLINE_CURVE_WITH_KNOTS('',3,(#7718,#7719,#7720,#7721,#7722,#7723,
#7724,#7725,#7726,#7727,#7728,#7729,#7730,#7731,#7732,#7733),
 .UNSPECIFIED.,.F.,.F.,(4,1,1,1,1,1,1,1,1,1,1,1,1,4),(0.287567690654617,
0.331235965012048,0.377316190222383,0.42535814598039,0.475284810909441,
0.527027580733162,0.580524838488048,0.635720843286339,0.692564851802697,
0.751010413334936,0.811014796687413,0.872538518781192,0.935544952889889,
0.991573825801254),.UNSPECIFIED.);
#299=B_SPLINE_CURVE_WITH_KNOTS('',3,(#7737,#7738,#7739,#7740,#7741,#7742,
#7743,#7744,#7745,#7746,#7747,#7748,#7749,#7750,#7751,#7752),
 .UNSPECIFIED.,.F.,.F.,(4,1,1,1,1,1,1,1,1,1,1,1,1,4),(0.287567690654616,
0.331235965012048,0.377316190222383,0.42535814598039,0.475284810909441,
0.527027580733162,0.580524838488048,0.635720843286339,0.692564851802697,
0.751010413334936,0.811014796687413,0.872538518781192,0.935544952889889,
0.991573825801251),.UNSPECIFIED.);
#300=B_SPLINE_CURVE_WITH_KNOTS('',3,(#7760,#7761,#7762,#7763,#7764,#7765,
#7766,#7767,#7768,#7769,#7770,#7771,#7772,#7773,#7774,#7775),
 .UNSPECIFIED.,.F.,.F.,(4,1,1,1,1,1,1,1,1,1,1,1,1,4),(0.287567690654617,
0.331235965012048,0.377316190222383,0.42535814598039,0.475284810909441,
0.527027580733162,0.580524838488048,0.635720843286339,0.692564851802697,
0.751010413334936,0.811014796687413,0.872538518781192,0.935544952889889,
0.991573825801254),.UNSPECIFIED.);
#301=B_SPLINE_CURVE_WITH_KNOTS('',3,(#7779,#7780,#7781,#7782,#7783,#7784,
#7785,#7786,#7787,#7788,#7789,#7790,#7791,#7792,#7793,#7794),
 .UNSPECIFIED.,.F.,.F.,(4,1,1,1,1,1,1,1,1,1,1,1,1,4),(0.287567690654616,
0.331235965012048,0.377316190222383,0.42535814598039,0.475284810909441,
0.527027580733162,0.580524838488048,0.635720843286339,0.692564851802697,
0.751010413334936,0.811014796687413,0.872538518781192,0.935544952889889,
0.991573825801251),.UNSPECIFIED.);
#302=B_SPLINE_CURVE_WITH_KNOTS('',3,(#7802,#7803,#7804,#7805,#7806,#7807,
#7808,#7809,#7810,#7811,#7812,#7813,#7814,#7815,#7816,#7817),
 .UNSPECIFIED.,.F.,.F.,(4,1,1,1,1,1,1,1,1,1,1,1,1,4),(0.287567690654617,
0.331235965012048,0.377316190222383,0.42535814598039,0.475284810909441,
0.527027580733162,0.580524838488048,0.635720843286339,0.692564851802697,
0.751010413334936,0.811014796687413,0.872538518781192,0.935544952889889,
0.991573825801254),.UNSPECIFIED.);
#303=B_SPLINE_CURVE_WITH_KNOTS('',3,(#7821,#7822,#7823,#7824,#7825,#7826,
#7827,#7828,#7829,#7830,#7831,#7832,#7833,#7834,#7835,#7836),
 .UNSPECIFIED.,.F.,.F.,(4,1,1,1,1,1,1,1,1,1,1,1,1,4),(0.287567690654616,
0.331235965012048,0.377316190222383,0.42535814598039,0.475284810909441,
0.527027580733162,0.580524838488048,0.635720843286339,0.692564851802697,
0.751010413334936,0.811014796687413,0.872538518781192,0.935544952889889,
0.991573825801251),.UNSPECIFIED.);
#304=B_SPLINE_CURVE_WITH_KNOTS('',3,(#7844,#7845,#7846,#7847,#7848,#7849,
#7850,#7851,#7852,#7853,#7854,#7855,#7856,#7857,#7858,#7859),
 .UNSPECIFIED.,.F.,.F.,(4,1,1,1,1,1,1,1,1,1,1,1,1,4),(0.287567690654617,
0.331235965012048,0.377316190222383,0.42535814598039,0.475284810909441,
0.527027580733162,0.580524838488048,0.635720843286339,0.692564851802697,
0.751010413334936,0.811014796687413,0.872538518781192,0.935544952889889,
0.991573825801254),.UNSPECIFIED.);
#305=B_SPLINE_CURVE_WITH_KNOTS('',3,(#7863,#7864,#7865,#7866,#7867,#7868,
#7869,#7870,#7871,#7872,#7873,#7874,#7875,#7876,#7877,#7878),
 .UNSPECIFIED.,.F.,.F.,(4,1,1,1,1,1,1,1,1,1,1,1,1,4),(0.287567690654616,
0.331235965012048,0.377316190222383,0.42535814598039,0.475284810909441,
0.527027580733162,0.580524838488048,0.635720843286339,0.692564851802697,
0.751010413334936,0.811014796687413,0.872538518781192,0.935544952889889,
0.991573825801251),.UNSPECIFIED.);
#306=B_SPLINE_CURVE_WITH_KNOTS('',3,(#7886,#7887,#7888,#7889,#7890,#7891,
#7892,#7893,#7894,#7895,#7896,#7897,#7898,#7899,#7900,#7901),
 .UNSPECIFIED.,.F.,.F.,(4,1,1,1,1,1,1,1,1,1,1,1,1,4),(0.287567690654617,
0.331235965012048,0.377316190222383,0.42535814598039,0.475284810909441,
0.527027580733162,0.580524838488048,0.635720843286339,0.692564851802697,
0.751010413334936,0.811014796687413,0.872538518781192,0.935544952889889,
0.991573825801254),.UNSPECIFIED.);
#307=B_SPLINE_CURVE_WITH_KNOTS('',3,(#7905,#7906,#7907,#7908,#7909,#7910,
#7911,#7912,#7913,#7914,#7915,#7916,#7917,#7918,#7919,#7920),
 .UNSPECIFIED.,.F.,.F.,(4,1,1,1,1,1,1,1,1,1,1,1,1,4),(0.287567690654616,
0.331235965012048,0.377316190222383,0.42535814598039,0.475284810909441,
0.527027580733162,0.580524838488048,0.635720843286339,0.692564851802697,
0.751010413334936,0.811014796687413,0.872538518781192,0.935544952889889,
0.991573825801251),.UNSPECIFIED.);
#308=B_SPLINE_CURVE_WITH_KNOTS('',3,(#7928,#7929,#7930,#7931,#7932,#7933,
#7934,#7935,#7936,#7937,#7938,#7939,#7940,#7941,#7942,#7943),
 .UNSPECIFIED.,.F.,.F.,(4,1,1,1,1,1,1,1,1,1,1,1,1,4),(0.287567690654617,
0.331235965012048,0.377316190222383,0.42535814598039,0.475284810909441,
0.527027580733162,0.580524838488048,0.635720843286339,0.692564851802697,
0.751010413334936,0.811014796687413,0.872538518781192,0.935544952889889,
0.991573825801254),.UNSPECIFIED.);
#309=B_SPLINE_CURVE_WITH_KNOTS('',3,(#7947,#7948,#7949,#7950,#7951,#7952,
#7953,#7954,#7955,#7956,#7957,#7958,#7959,#7960,#7961,#7962),
 .UNSPECIFIED.,.F.,.F.,(4,1,1,1,1,1,1,1,1,1,1,1,1,4),(0.287567690654616,
0.331235965012048,0.377316190222383,0.42535814598039,0.475284810909441,
0.527027580733162,0.580524838488048,0.635720843286339,0.692564851802697,
0.751010413334936,0.811014796687413,0.872538518781192,0.935544952889889,
0.991573825801251),.UNSPECIFIED.);
#310=B_SPLINE_CURVE_WITH_KNOTS('',3,(#7970,#7971,#7972,#7973,#7974,#7975,
#7976,#7977,#7978,#7979,#7980,#7981,#7982,#7983,#7984,#7985),
 .UNSPECIFIED.,.F.,.F.,(4,1,1,1,1,1,1,1,1,1,1,1,1,4),(0.287567690654617,
0.331235965012048,0.377316190222383,0.42535814598039,0.475284810909441,
0.527027580733162,0.580524838488048,0.635720843286339,0.692564851802697,
0.751010413334936,0.811014796687413,0.872538518781192,0.935544952889889,
0.991573825801254),.UNSPECIFIED.);
#311=B_SPLINE_CURVE_WITH_KNOTS('',3,(#7989,#7990,#7991,#7992,#7993,#7994,
#7995,#7996,#7997,#7998,#7999,#8000,#8001,#8002,#8003,#8004),
 .UNSPECIFIED.,.F.,.F.,(4,1,1,1,1,1,1,1,1,1,1,1,1,4),(0.287567690654616,
0.331235965012048,0.377316190222383,0.42535814598039,0.475284810909441,
0.527027580733162,0.580524838488048,0.635720843286339,0.692564851802697,
0.751010413334936,0.811014796687413,0.872538518781192,0.935544952889889,
0.991573825801251),.UNSPECIFIED.);
#312=B_SPLINE_CURVE_WITH_KNOTS('',3,(#8012,#8013,#8014,#8015,#8016,#8017,
#8018,#8019,#8020,#8021,#8022,#8023,#8024,#8025,#8026,#8027),
 .UNSPECIFIED.,.F.,.F.,(4,1,1,1,1,1,1,1,1,1,1,1,1,4),(0.287567690654617,
0.331235965012048,0.377316190222383,0.42535814598039,0.475284810909441,
0.527027580733162,0.580524838488048,0.635720843286339,0.692564851802697,
0.751010413334936,0.811014796687413,0.872538518781192,0.935544952889889,
0.991573825801254),.UNSPECIFIED.);
#313=B_SPLINE_CURVE_WITH_KNOTS('',3,(#8031,#8032,#8033,#8034,#8035,#8036,
#8037,#8038,#8039,#8040,#8041,#8042,#8043,#8044,#8045,#8046),
 .UNSPECIFIED.,.F.,.F.,(4,1,1,1,1,1,1,1,1,1,1,1,1,4),(0.287567690654616,
0.331235965012048,0.377316190222383,0.42535814598039,0.475284810909441,
0.527027580733162,0.580524838488048,0.635720843286339,0.692564851802697,
0.751010413334936,0.811014796687413,0.872538518781192,0.935544952889889,
0.991573825801251),.UNSPECIFIED.);
#314=B_SPLINE_CURVE_WITH_KNOTS('',3,(#8054,#8055,#8056,#8057,#8058,#8059,
#8060,#8061,#8062,#8063,#8064,#8065,#8066,#8067,#8068,#8069),
 .UNSPECIFIED.,.F.,.F.,(4,1,1,1,1,1,1,1,1,1,1,1,1,4),(0.287567690654617,
0.331235965012048,0.377316190222383,0.42535814598039,0.475284810909441,
0.527027580733162,0.580524838488048,0.635720843286339,0.692564851802697,
0.751010413334936,0.811014796687413,0.872538518781192,0.935544952889889,
0.991573825801254),.UNSPECIFIED.);
#315=B_SPLINE_CURVE_WITH_KNOTS('',3,(#8073,#8074,#8075,#8076,#8077,#8078,
#8079,#8080,#8081,#8082,#8083,#8084,#8085,#8086,#8087,#8088),
 .UNSPECIFIED.,.F.,.F.,(4,1,1,1,1,1,1,1,1,1,1,1,1,4),(0.287567690654616,
0.331235965012048,0.377316190222383,0.42535814598039,0.475284810909441,
0.527027580733162,0.580524838488048,0.635720843286339,0.692564851802697,
0.751010413334936,0.811014796687413,0.872538518781192,0.935544952889889,
0.991573825801251),.UNSPECIFIED.);
#316=B_SPLINE_CURVE_WITH_KNOTS('',3,(#8096,#8097,#8098,#8099,#8100,#8101,
#8102,#8103,#8104,#8105,#8106,#8107,#8108,#8109,#8110,#8111),
 .UNSPECIFIED.,.F.,.F.,(4,1,1,1,1,1,1,1,1,1,1,1,1,4),(0.287567690654617,
0.331235965012048,0.377316190222383,0.42535814598039,0.475284810909441,
0.527027580733162,0.580524838488048,0.635720843286339,0.692564851802697,
0.751010413334936,0.811014796687413,0.872538518781192,0.935544952889889,
0.991573825801254),.UNSPECIFIED.);
#317=B_SPLINE_CURVE_WITH_KNOTS('',3,(#8115,#8116,#8117,#8118,#8119,#8120,
#8121,#8122,#8123,#8124,#8125,#8126,#8127,#8128,#8129,#8130),
 .UNSPECIFIED.,.F.,.F.,(4,1,1,1,1,1,1,1,1,1,1,1,1,4),(0.287567690654616,
0.331235965012048,0.377316190222383,0.42535814598039,0.475284810909441,
0.527027580733162,0.580524838488048,0.635720843286339,0.692564851802697,
0.751010413334936,0.811014796687413,0.872538518781192,0.935544952889889,
0.991573825801251),.UNSPECIFIED.);
#318=B_SPLINE_CURVE_WITH_KNOTS('',3,(#8138,#8139,#8140,#8141,#8142,#8143,
#8144,#8145,#8146,#8147,#8148,#8149,#8150,#8151,#8152,#8153),
 .UNSPECIFIED.,.F.,.F.,(4,1,1,1,1,1,1,1,1,1,1,1,1,4),(0.287567690654617,
0.331235965012048,0.377316190222383,0.42535814598039,0.475284810909441,
0.527027580733162,0.580524838488048,0.635720843286339,0.692564851802697,
0.751010413334936,0.811014796687413,0.872538518781192,0.935544952889889,
0.991573825801254),.UNSPECIFIED.);
#319=B_SPLINE_CURVE_WITH_KNOTS('',3,(#8157,#8158,#8159,#8160,#8161,#8162,
#8163,#8164,#8165,#8166,#8167,#8168,#8169,#8170,#8171,#8172),
 .UNSPECIFIED.,.F.,.F.,(4,1,1,1,1,1,1,1,1,1,1,1,1,4),(0.287567690654616,
0.331235965012048,0.377316190222383,0.42535814598039,0.475284810909441,
0.527027580733162,0.580524838488048,0.635720843286339,0.692564851802697,
0.751010413334936,0.811014796687413,0.872538518781192,0.935544952889889,
0.991573825801251),.UNSPECIFIED.);
#320=B_SPLINE_CURVE_WITH_KNOTS('',3,(#8180,#8181,#8182,#8183,#8184,#8185,
#8186,#8187,#8188,#8189,#8190,#8191,#8192,#8193,#8194,#8195),
 .UNSPECIFIED.,.F.,.F.,(4,1,1,1,1,1,1,1,1,1,1,1,1,4),(0.287567690654617,
0.331235965012048,0.377316190222383,0.42535814598039,0.475284810909441,
0.527027580733162,0.580524838488048,0.635720843286339,0.692564851802697,
0.751010413334936,0.811014796687413,0.872538518781192,0.935544952889889,
0.991573825801254),.UNSPECIFIED.);
#321=B_SPLINE_CURVE_WITH_KNOTS('',3,(#8199,#8200,#8201,#8202,#8203,#8204,
#8205,#8206,#8207,#8208,#8209,#8210,#8211,#8212,#8213,#8214),
 .UNSPECIFIED.,.F.,.F.,(4,1,1,1,1,1,1,1,1,1,1,1,1,4),(0.287567690654616,
0.331235965012048,0.377316190222383,0.42535814598039,0.475284810909441,
0.527027580733162,0.580524838488048,0.635720843286339,0.692564851802697,
0.751010413334936,0.811014796687413,0.872538518781192,0.935544952889889,
0.991573825801251),.UNSPECIFIED.);
#322=B_SPLINE_CURVE_WITH_KNOTS('',3,(#8222,#8223,#8224,#8225,#8226,#8227,
#8228,#8229,#8230,#8231,#8232,#8233,#8234,#8235,#8236,#8237),
 .UNSPECIFIED.,.F.,.F.,(4,1,1,1,1,1,1,1,1,1,1,1,1,4),(0.287567690654617,
0.331235965012048,0.377316190222383,0.42535814598039,0.475284810909441,
0.527027580733162,0.580524838488048,0.635720843286339,0.692564851802697,
0.751010413334936,0.811014796687413,0.872538518781192,0.935544952889889,
0.991573825801254),.UNSPECIFIED.);
#323=B_SPLINE_CURVE_WITH_KNOTS('',3,(#8241,#8242,#8243,#8244,#8245,#8246,
#8247,#8248,#8249,#8250,#8251,#8252,#8253,#8254,#8255,#8256),
 .UNSPECIFIED.,.F.,.F.,(4,1,1,1,1,1,1,1,1,1,1,1,1,4),(0.287567690654616,
0.331235965012048,0.377316190222383,0.42535814598039,0.475284810909441,
0.527027580733162,0.580524838488048,0.635720843286339,0.692564851802697,
0.751010413334936,0.811014796687413,0.872538518781192,0.935544952889889,
0.991573825801251),.UNSPECIFIED.);
#324=B_SPLINE_CURVE_WITH_KNOTS('',3,(#8264,#8265,#8266,#8267,#8268,#8269,
#8270,#8271,#8272,#8273,#8274,#8275,#8276,#8277,#8278,#8279),
 .UNSPECIFIED.,.F.,.F.,(4,1,1,1,1,1,1,1,1,1,1,1,1,4),(0.287567690654617,
0.331235965012048,0.377316190222383,0.42535814598039,0.475284810909441,
0.527027580733162,0.580524838488048,0.635720843286339,0.692564851802697,
0.751010413334936,0.811014796687413,0.872538518781192,0.935544952889889,
0.991573825801254),.UNSPECIFIED.);
#325=B_SPLINE_CURVE_WITH_KNOTS('',3,(#8283,#8284,#8285,#8286,#8287,#8288,
#8289,#8290,#8291,#8292,#8293,#8294,#8295,#8296,#8297,#8298),
 .UNSPECIFIED.,.F.,.F.,(4,1,1,1,1,1,1,1,1,1,1,1,1,4),(0.287567690654616,
0.331235965012048,0.377316190222383,0.42535814598039,0.475284810909441,
0.527027580733162,0.580524838488048,0.635720843286339,0.692564851802697,
0.751010413334936,0.811014796687413,0.872538518781192,0.935544952889889,
0.991573825801251),.UNSPECIFIED.);
#326=B_SPLINE_CURVE_WITH_KNOTS('',3,(#8306,#8307,#8308,#8309,#8310,#8311,
#8312,#8313,#8314,#8315,#8316,#8317,#8318,#8319,#8320,#8321),
 .UNSPECIFIED.,.F.,.F.,(4,1,1,1,1,1,1,1,1,1,1,1,1,4),(0.287567690654617,
0.331235965012048,0.377316190222383,0.42535814598039,0.475284810909441,
0.527027580733162,0.580524838488048,0.635720843286339,0.692564851802697,
0.751010413334936,0.811014796687413,0.872538518781192,0.935544952889889,
0.991573825801254),.UNSPECIFIED.);
#327=B_SPLINE_CURVE_WITH_KNOTS('',3,(#8325,#8326,#8327,#8328,#8329,#8330,
#8331,#8332,#8333,#8334,#8335,#8336,#8337,#8338,#8339,#8340),
 .UNSPECIFIED.,.F.,.F.,(4,1,1,1,1,1,1,1,1,1,1,1,1,4),(0.287567690654616,
0.331235965012048,0.377316190222383,0.42535814598039,0.475284810909441,
0.527027580733162,0.580524838488048,0.635720843286339,0.692564851802697,
0.751010413334936,0.811014796687413,0.872538518781192,0.935544952889889,
0.991573825801251),.UNSPECIFIED.);
#328=B_SPLINE_CURVE_WITH_KNOTS('',3,(#8348,#8349,#8350,#8351,#8352,#8353,
#8354,#8355,#8356,#8357,#8358,#8359,#8360,#8361,#8362,#8363),
 .UNSPECIFIED.,.F.,.F.,(4,1,1,1,1,1,1,1,1,1,1,1,1,4),(0.287567690654617,
0.331235965012048,0.377316190222383,0.42535814598039,0.475284810909441,
0.527027580733162,0.580524838488048,0.635720843286339,0.692564851802697,
0.751010413334936,0.811014796687413,0.872538518781192,0.935544952889889,
0.991573825801254),.UNSPECIFIED.);
#329=B_SPLINE_CURVE_WITH_KNOTS('',3,(#8367,#8368,#8369,#8370,#8371,#8372,
#8373,#8374,#8375,#8376,#8377,#8378,#8379,#8380,#8381,#8382),
 .UNSPECIFIED.,.F.,.F.,(4,1,1,1,1,1,1,1,1,1,1,1,1,4),(0.287567690654616,
0.331235965012048,0.377316190222383,0.42535814598039,0.475284810909441,
0.527027580733162,0.580524838488048,0.635720843286339,0.692564851802697,
0.751010413334936,0.811014796687413,0.872538518781192,0.935544952889889,
0.991573825801251),.UNSPECIFIED.);
#330=B_SPLINE_CURVE_WITH_KNOTS('',3,(#8390,#8391,#8392,#8393,#8394,#8395,
#8396,#8397,#8398,#8399,#8400,#8401,#8402,#8403,#8404,#8405),
 .UNSPECIFIED.,.F.,.F.,(4,1,1,1,1,1,1,1,1,1,1,1,1,4),(0.287567690654617,
0.331235965012048,0.377316190222383,0.42535814598039,0.475284810909441,
0.527027580733162,0.580524838488048,0.635720843286339,0.692564851802697,
0.751010413334936,0.811014796687413,0.872538518781192,0.935544952889889,
0.991573825801254),.UNSPECIFIED.);
#331=B_SPLINE_CURVE_WITH_KNOTS('',3,(#8409,#8410,#8411,#8412,#8413,#8414,
#8415,#8416,#8417,#8418,#8419,#8420,#8421,#8422,#8423,#8424),
 .UNSPECIFIED.,.F.,.F.,(4,1,1,1,1,1,1,1,1,1,1,1,1,4),(0.287567690654616,
0.331235965012048,0.377316190222383,0.42535814598039,0.475284810909441,
0.527027580733162,0.580524838488048,0.635720843286339,0.692564851802697,
0.751010413334936,0.811014796687413,0.872538518781192,0.935544952889889,
0.991573825801251),.UNSPECIFIED.);
#332=B_SPLINE_CURVE_WITH_KNOTS('',3,(#8432,#8433,#8434,#8435,#8436,#8437,
#8438,#8439,#8440,#8441,#8442,#8443,#8444,#8445,#8446,#8447),
 .UNSPECIFIED.,.F.,.F.,(4,1,1,1,1,1,1,1,1,1,1,1,1,4),(0.287567690654617,
0.331235965012048,0.377316190222383,0.42535814598039,0.475284810909441,
0.527027580733162,0.580524838488048,0.635720843286339,0.692564851802697,
0.751010413334936,0.811014796687413,0.872538518781192,0.935544952889889,
0.991573825801254),.UNSPECIFIED.);
#333=B_SPLINE_CURVE_WITH_KNOTS('',3,(#8451,#8452,#8453,#8454,#8455,#8456,
#8457,#8458,#8459,#8460,#8461,#8462,#8463,#8464,#8465,#8466),
 .UNSPECIFIED.,.F.,.F.,(4,1,1,1,1,1,1,1,1,1,1,1,1,4),(0.287567690654616,
0.331235965012048,0.377316190222383,0.42535814598039,0.475284810909441,
0.527027580733162,0.580524838488048,0.635720843286339,0.692564851802697,
0.751010413334936,0.811014796687413,0.872538518781192,0.935544952889889,
0.991573825801251),.UNSPECIFIED.);
#334=LINE('',#5852,#578);
#335=LINE('',#5857,#579);
#336=LINE('',#5859,#580);
#337=LINE('',#5863,#581);
#338=LINE('',#5866,#582);
#339=LINE('',#5871,#583);
#340=LINE('',#5873,#584);
#341=LINE('',#5877,#585);
#342=LINE('',#5878,#586);
#343=LINE('',#5883,#587);
#344=LINE('',#5887,#588);
#345=LINE('',#5891,#589);
#346=LINE('',#5895,#590);
#347=LINE('',#5899,#591);
#348=LINE('',#5903,#592);
#349=LINE('',#5907,#593);
#350=LINE('',#7171,#594);
#351=LINE('',#7199,#595);
#352=LINE('',#7204,#596);
#353=LINE('',#7208,#597);
#354=LINE('',#8472,#598);
#355=LINE('',#8476,#599);
#356=LINE('',#8480,#600);
#357=LINE('',#8484,#601);
#358=LINE('',#8488,#602);
#359=LINE('',#8492,#603);
#360=LINE('',#8497,#604);
#361=LINE('',#8502,#605);
#362=LINE('',#8504,#606);
#363=LINE('',#8508,#607);
#364=LINE('',#8509,#608);
#365=LINE('',#8514,#609);
#366=LINE('',#8516,#610);
#367=LINE('',#8520,#611);
#368=LINE('',#8522,#612);
#369=LINE('',#8523,#613);
#370=LINE('',#8525,#614);
#371=LINE('',#8526,#615);
#372=LINE('',#8528,#616);
#373=LINE('',#8529,#617);
#374=LINE('',#8531,#618);
#375=LINE('',#8532,#619);
#376=LINE('',#8534,#620);
#377=LINE('',#8535,#621);
#378=LINE('',#8537,#622);
#379=LINE('',#8538,#623);
#380=LINE('',#8540,#624);
#381=LINE('',#8541,#625);
#382=LINE('',#8543,#626);
#383=LINE('',#8544,#627);
#384=LINE('',#8546,#628);
#385=LINE('',#8547,#629);
#386=LINE('',#8549,#630);
#387=LINE('',#8550,#631);
#388=LINE('',#8552,#632);
#389=LINE('',#8553,#633);
#390=LINE('',#8555,#634);
#391=LINE('',#8556,#635);
#392=LINE('',#8558,#636);
#393=LINE('',#8559,#637);
#394=LINE('',#8561,#638);
#395=LINE('',#8562,#639);
#396=LINE('',#8564,#640);
#397=LINE('',#8565,#641);
#398=LINE('',#8567,#642);
#399=LINE('',#8568,#643);
#400=LINE('',#8570,#644);
#401=LINE('',#8571,#645);
#402=LINE('',#8573,#646);
#403=LINE('',#8574,#647);
#404=LINE('',#8576,#648);
#405=LINE('',#8577,#649);
#406=LINE('',#8579,#650);
#407=LINE('',#8580,#651);
#408=LINE('',#8582,#652);
#409=LINE('',#8583,#653);
#410=LINE('',#8585,#654);
#411=LINE('',#8586,#655);
#412=LINE('',#8588,#656);
#413=LINE('',#8589,#657);
#414=LINE('',#8591,#658);
#415=LINE('',#8592,#659);
#416=LINE('',#8594,#660);
#417=LINE('',#8595,#661);
#418=LINE('',#8597,#662);
#419=LINE('',#8598,#663);
#420=LINE('',#8600,#664);
#421=LINE('',#8601,#665);
#422=LINE('',#8603,#666);
#423=LINE('',#8604,#667);
#424=LINE('',#8606,#668);
#425=LINE('',#8607,#669);
#426=LINE('',#8609,#670);
#427=LINE('',#8610,#671);
#428=LINE('',#8613,#672);
#429=LINE('',#8614,#673);
#430=LINE('',#8616,#674);
#431=LINE('',#8617,#675);
#432=LINE('',#8626,#676);
#433=LINE('',#8636,#677);
#434=LINE('',#8638,#678);
#435=LINE('',#8639,#679);
#436=LINE('',#8648,#680);
#437=LINE('',#8659,#681);
#438=LINE('',#8661,#682);
#439=LINE('',#8662,#683);
#440=LINE('',#8671,#684);
#441=LINE('',#8682,#685);
#442=LINE('',#8684,#686);
#443=LINE('',#8685,#687);
#444=LINE('',#8694,#688);
#445=LINE('',#8705,#689);
#446=LINE('',#8707,#690);
#447=LINE('',#8708,#691);
#448=LINE('',#8717,#692);
#449=LINE('',#8728,#693);
#450=LINE('',#8730,#694);
#451=LINE('',#8731,#695);
#452=LINE('',#8740,#696);
#453=LINE('',#8751,#697);
#454=LINE('',#8753,#698);
#455=LINE('',#8754,#699);
#456=LINE('',#8763,#700);
#457=LINE('',#8774,#701);
#458=LINE('',#8776,#702);
#459=LINE('',#8777,#703);
#460=LINE('',#8786,#704);
#461=LINE('',#8797,#705);
#462=LINE('',#8799,#706);
#463=LINE('',#8800,#707);
#464=LINE('',#8809,#708);
#465=LINE('',#8820,#709);
#466=LINE('',#8822,#710);
#467=LINE('',#8823,#711);
#468=LINE('',#8832,#712);
#469=LINE('',#8843,#713);
#470=LINE('',#8845,#714);
#471=LINE('',#8846,#715);
#472=LINE('',#8855,#716);
#473=LINE('',#8866,#717);
#474=LINE('',#8868,#718);
#475=LINE('',#8869,#719);
#476=LINE('',#8878,#720);
#477=LINE('',#8889,#721);
#478=LINE('',#8891,#722);
#479=LINE('',#8892,#723);
#480=LINE('',#8901,#724);
#481=LINE('',#8912,#725);
#482=LINE('',#8914,#726);
#483=LINE('',#8915,#727);
#484=LINE('',#8924,#728);
#485=LINE('',#8935,#729);
#486=LINE('',#8937,#730);
#487=LINE('',#8938,#731);
#488=LINE('',#8947,#732);
#489=LINE('',#8958,#733);
#490=LINE('',#8960,#734);
#491=LINE('',#8961,#735);
#492=LINE('',#8970,#736);
#493=LINE('',#8981,#737);
#494=LINE('',#8983,#738);
#495=LINE('',#8984,#739);
#496=LINE('',#8993,#740);
#497=LINE('',#9004,#741);
#498=LINE('',#9006,#742);
#499=LINE('',#9007,#743);
#500=LINE('',#9016,#744);
#501=LINE('',#9027,#745);
#502=LINE('',#9029,#746);
#503=LINE('',#9030,#747);
#504=LINE('',#9039,#748);
#505=LINE('',#9050,#749);
#506=LINE('',#9052,#750);
#507=LINE('',#9053,#751);
#508=LINE('',#9062,#752);
#509=LINE('',#9073,#753);
#510=LINE('',#9075,#754);
#511=LINE('',#9076,#755);
#512=LINE('',#9085,#756);
#513=LINE('',#9096,#757);
#514=LINE('',#9098,#758);
#515=LINE('',#9099,#759);
#516=LINE('',#9108,#760);
#517=LINE('',#9119,#761);
#518=LINE('',#9121,#762);
#519=LINE('',#9122,#763);
#520=LINE('',#9131,#764);
#521=LINE('',#9142,#765);
#522=LINE('',#9144,#766);
#523=LINE('',#9145,#767);
#524=LINE('',#9154,#768);
#525=LINE('',#9165,#769);
#526=LINE('',#9167,#770);
#527=LINE('',#9168,#771);
#528=LINE('',#9177,#772);
#529=LINE('',#9188,#773);
#530=LINE('',#9190,#774);
#531=LINE('',#9191,#775);
#532=LINE('',#9200,#776);
#533=LINE('',#9211,#777);
#534=LINE('',#9213,#778);
#535=LINE('',#9214,#779);
#536=LINE('',#9223,#780);
#537=LINE('',#9234,#781);
#538=LINE('',#9236,#782);
#539=LINE('',#9237,#783);
#540=LINE('',#9246,#784);
#541=LINE('',#9257,#785);
#542=LINE('',#9259,#786);
#543=LINE('',#9260,#787);
#544=LINE('',#9269,#788);
#545=LINE('',#9280,#789);
#546=LINE('',#9282,#790);
#547=LINE('',#9283,#791);
#548=LINE('',#9292,#792);
#549=LINE('',#9303,#793);
#550=LINE('',#9306,#794);
#551=LINE('',#9308,#795);
#552=LINE('',#9309,#796);
#553=LINE('',#9311,#797);
#554=LINE('',#9312,#798);
#555=LINE('',#9314,#799);
#556=LINE('',#9315,#800);
#557=LINE('',#9317,#801);
#558=LINE('',#9318,#802);
#559=LINE('',#9320,#803);
#560=LINE('',#9321,#804);
#561=LINE('',#9323,#805);
#562=LINE('',#9324,#806);
#563=LINE('',#9326,#807);
#564=LINE('',#9327,#808);
#565=LINE('',#9329,#809);
#566=LINE('',#9331,#810);
#567=LINE('',#9332,#811);
#568=LINE('',#9334,#812);
#569=LINE('',#9336,#813);
#570=LINE('',#9337,#814);
#571=LINE('',#9339,#815);
#572=LINE('',#9341,#816);
#573=LINE('',#9342,#817);
#574=LINE('',#9344,#818);
#575=LINE('',#9345,#819);
#576=LINE('',#9347,#820);
#577=LINE('',#9349,#821);
#578=VECTOR('',#4710,1.);
#579=VECTOR('',#4713,1.);
#580=VECTOR('',#4714,1.);
#581=VECTOR('',#4717,1.);
#582=VECTOR('',#4720,1.);
#583=VECTOR('',#4723,1.);
#584=VECTOR('',#4724,1.);
#585=VECTOR('',#4727,1.);
#586=VECTOR('',#4728,1.);
#587=VECTOR('',#4731,1.);
#588=VECTOR('',#4734,1.);
#589=VECTOR('',#4737,1.);
#590=VECTOR('',#4740,1.);
#591=VECTOR('',#4743,1.);
#592=VECTOR('',#4746,1.);
#593=VECTOR('',#4749,1.);
#594=VECTOR('',#4992,1.);
#595=VECTOR('',#5025,1.);
#596=VECTOR('',#5028,1.);
#597=VECTOR('',#5031,1.);
#598=VECTOR('',#5274,1.);
#599=VECTOR('',#5277,1.);
#600=VECTOR('',#5280,1.);
#601=VECTOR('',#5283,1.);
#602=VECTOR('',#5286,1.);
#603=VECTOR('',#5289,1.);
#604=VECTOR('',#5294,1.);
#605=VECTOR('',#5297,1.);
#606=VECTOR('',#5298,1.);
#607=VECTOR('',#5301,1.);
#608=VECTOR('',#5302,1.);
#609=VECTOR('',#5305,1.);
#610=VECTOR('',#5306,1.);
#611=VECTOR('',#5309,1.);
#612=VECTOR('',#5312,1.);
#613=VECTOR('',#5313,1.);
#614=VECTOR('',#5316,1.);
#615=VECTOR('',#5317,1.);
#616=VECTOR('',#5320,1.);
#617=VECTOR('',#5321,1.);
#618=VECTOR('',#5324,1.);
#619=VECTOR('',#5325,1.);
#620=VECTOR('',#5328,1.);
#621=VECTOR('',#5329,1.);
#622=VECTOR('',#5332,1.);
#623=VECTOR('',#5333,1.);
#624=VECTOR('',#5336,1.);
#625=VECTOR('',#5337,1.);
#626=VECTOR('',#5340,1.);
#627=VECTOR('',#5341,1.);
#628=VECTOR('',#5344,1.);
#629=VECTOR('',#5345,1.);
#630=VECTOR('',#5348,1.);
#631=VECTOR('',#5349,1.);
#632=VECTOR('',#5352,1.);
#633=VECTOR('',#5353,1.);
#634=VECTOR('',#5356,1.);
#635=VECTOR('',#5357,1.);
#636=VECTOR('',#5360,1.);
#637=VECTOR('',#5361,1.);
#638=VECTOR('',#5364,1.);
#639=VECTOR('',#5365,1.);
#640=VECTOR('',#5368,1.);
#641=VECTOR('',#5369,1.);
#642=VECTOR('',#5372,1.);
#643=VECTOR('',#5373,1.);
#644=VECTOR('',#5376,1.);
#645=VECTOR('',#5377,1.);
#646=VECTOR('',#5380,1.);
#647=VECTOR('',#5381,1.);
#648=VECTOR('',#5384,1.);
#649=VECTOR('',#5385,1.);
#650=VECTOR('',#5388,1.);
#651=VECTOR('',#5389,1.);
#652=VECTOR('',#5392,1.);
#653=VECTOR('',#5393,1.);
#654=VECTOR('',#5396,1.);
#655=VECTOR('',#5397,1.);
#656=VECTOR('',#5400,1.);
#657=VECTOR('',#5401,1.);
#658=VECTOR('',#5404,1.);
#659=VECTOR('',#5405,1.);
#660=VECTOR('',#5408,1.);
#661=VECTOR('',#5409,1.);
#662=VECTOR('',#5412,1.);
#663=VECTOR('',#5413,1.);
#664=VECTOR('',#5416,1.);
#665=VECTOR('',#5417,1.);
#666=VECTOR('',#5420,1.);
#667=VECTOR('',#5421,1.);
#668=VECTOR('',#5424,1.);
#669=VECTOR('',#5425,1.);
#670=VECTOR('',#5428,1.);
#671=VECTOR('',#5429,1.);
#672=VECTOR('',#5434,1.);
#673=VECTOR('',#5435,1.);
#674=VECTOR('',#5438,1.);
#675=VECTOR('',#5439,1.);
#676=VECTOR('',#5440,1.);
#677=VECTOR('',#5443,1.);
#678=VECTOR('',#5446,1.);
#679=VECTOR('',#5447,1.);
#680=VECTOR('',#5448,1.);
#681=VECTOR('',#5453,1.);
#682=VECTOR('',#5456,1.);
#683=VECTOR('',#5457,1.);
#684=VECTOR('',#5458,1.);
#685=VECTOR('',#5463,1.);
#686=VECTOR('',#5466,1.);
#687=VECTOR('',#5467,1.);
#688=VECTOR('',#5468,1.);
#689=VECTOR('',#5473,1.);
#690=VECTOR('',#5476,1.);
#691=VECTOR('',#5477,1.);
#692=VECTOR('',#5478,1.);
#693=VECTOR('',#5483,1.);
#694=VECTOR('',#5486,1.);
#695=VECTOR('',#5487,1.);
#696=VECTOR('',#5488,1.);
#697=VECTOR('',#5493,1.);
#698=VECTOR('',#5496,1.);
#699=VECTOR('',#5497,1.);
#700=VECTOR('',#5498,1.);
#701=VECTOR('',#5503,1.);
#702=VECTOR('',#5506,1.);
#703=VECTOR('',#5507,1.);
#704=VECTOR('',#5508,1.);
#705=VECTOR('',#5513,1.);
#706=VECTOR('',#5516,1.);
#707=VECTOR('',#5517,1.);
#708=VECTOR('',#5518,1.);
#709=VECTOR('',#5523,1.);
#710=VECTOR('',#5526,1.);
#711=VECTOR('',#5527,1.);
#712=VECTOR('',#5528,1.);
#713=VECTOR('',#5533,1.);
#714=VECTOR('',#5536,1.);
#715=VECTOR('',#5537,1.);
#716=VECTOR('',#5538,1.);
#717=VECTOR('',#5543,1.);
#718=VECTOR('',#5546,1.);
#719=VECTOR('',#5547,1.);
#720=VECTOR('',#5548,1.);
#721=VECTOR('',#5553,1.);
#722=VECTOR('',#5556,1.);
#723=VECTOR('',#5557,1.);
#724=VECTOR('',#5558,1.);
#725=VECTOR('',#5563,1.);
#726=VECTOR('',#5566,1.);
#727=VECTOR('',#5567,1.);
#728=VECTOR('',#5568,1.);
#729=VECTOR('',#5573,1.);
#730=VECTOR('',#5576,1.);
#731=VECTOR('',#5577,1.);
#732=VECTOR('',#5578,1.);
#733=VECTOR('',#5583,1.);
#734=VECTOR('',#5586,1.);
#735=VECTOR('',#5587,1.);
#736=VECTOR('',#5588,1.);
#737=VECTOR('',#5593,1.);
#738=VECTOR('',#5596,1.);
#739=VECTOR('',#5597,1.);
#740=VECTOR('',#5598,1.);
#741=VECTOR('',#5603,1.);
#742=VECTOR('',#5606,1.);
#743=VECTOR('',#5607,1.);
#744=VECTOR('',#5608,1.);
#745=VECTOR('',#5613,1.);
#746=VECTOR('',#5616,1.);
#747=VECTOR('',#5617,1.);
#748=VECTOR('',#5618,1.);
#749=VECTOR('',#5623,1.);
#750=VECTOR('',#5626,1.);
#751=VECTOR('',#5627,1.);
#752=VECTOR('',#5628,1.);
#753=VECTOR('',#5633,1.);
#754=VECTOR('',#5636,1.);
#755=VECTOR('',#5637,1.);
#756=VECTOR('',#5638,1.);
#757=VECTOR('',#5643,1.);
#758=VECTOR('',#5646,1.);
#759=VECTOR('',#5647,1.);
#760=VECTOR('',#5648,1.);
#761=VECTOR('',#5653,1.);
#762=VECTOR('',#5656,1.);
#763=VECTOR('',#5657,1.);
#764=VECTOR('',#5658,1.);
#765=VECTOR('',#5663,1.);
#766=VECTOR('',#5666,1.);
#767=VECTOR('',#5667,1.);
#768=VECTOR('',#5668,1.);
#769=VECTOR('',#5673,1.);
#770=VECTOR('',#5676,1.);
#771=VECTOR('',#5677,1.);
#772=VECTOR('',#5678,1.);
#773=VECTOR('',#5683,1.);
#774=VECTOR('',#5686,1.);
#775=VECTOR('',#5687,1.);
#776=VECTOR('',#5688,1.);
#777=VECTOR('',#5693,1.);
#778=VECTOR('',#5696,1.);
#779=VECTOR('',#5697,1.);
#780=VECTOR('',#5698,1.);
#781=VECTOR('',#5703,1.);
#782=VECTOR('',#5706,1.);
#783=VECTOR('',#5707,1.);
#784=VECTOR('',#5708,1.);
#785=VECTOR('',#5713,1.);
#786=VECTOR('',#5716,1.);
#787=VECTOR('',#5717,1.);
#788=VECTOR('',#5718,1.);
#789=VECTOR('',#5723,1.);
#790=VECTOR('',#5726,1.);
#791=VECTOR('',#5727,1.);
#792=VECTOR('',#5728,1.);
#793=VECTOR('',#5733,1.);
#794=VECTOR('',#5738,1.);
#795=VECTOR('',#5741,1.);
#796=VECTOR('',#5742,1.);
#797=VECTOR('',#5745,1.);
#798=VECTOR('',#5746,1.);
#799=VECTOR('',#5749,1.);
#800=VECTOR('',#5750,1.);
#801=VECTOR('',#5753,1.);
#802=VECTOR('',#5754,1.);
#803=VECTOR('',#5757,1.);
#804=VECTOR('',#5758,1.);
#805=VECTOR('',#5761,1.);
#806=VECTOR('',#5762,1.);
#807=VECTOR('',#5765,1.);
#808=VECTOR('',#5766,1.);
#809=VECTOR('',#5769,1.);
#810=VECTOR('',#5772,1.);
#811=VECTOR('',#5773,1.);
#812=VECTOR('',#5776,1.);
#813=VECTOR('',#5779,1.);
#814=VECTOR('',#5780,1.);
#815=VECTOR('',#5783,1.);
#816=VECTOR('',#5786,1.);
#817=VECTOR('',#5787,1.);
#818=VECTOR('',#5790,1.);
#819=VECTOR('',#5791,1.);
#820=VECTOR('',#5794,1.);
#821=VECTOR('',#5797,1.);
#822=ORIENTED_EDGE('',*,*,#2118,.F.);
#823=ORIENTED_EDGE('',*,*,#2119,.T.);
#824=ORIENTED_EDGE('',*,*,#2120,.F.);
#825=ORIENTED_EDGE('',*,*,#2121,.T.);
#826=ORIENTED_EDGE('',*,*,#2122,.F.);
#827=ORIENTED_EDGE('',*,*,#2123,.F.);
#828=ORIENTED_EDGE('',*,*,#2124,.T.);
#829=ORIENTED_EDGE('',*,*,#2125,.F.);
#830=ORIENTED_EDGE('',*,*,#2126,.F.);
#831=ORIENTED_EDGE('',*,*,#2127,.T.);
#832=ORIENTED_EDGE('',*,*,#2128,.T.);
#833=ORIENTED_EDGE('',*,*,#2129,.T.);
#834=ORIENTED_EDGE('',*,*,#2130,.T.);
#835=ORIENTED_EDGE('',*,*,#2131,.T.);
#836=ORIENTED_EDGE('',*,*,#2132,.T.);
#837=ORIENTED_EDGE('',*,*,#2133,.T.);
#838=ORIENTED_EDGE('',*,*,#2134,.T.);
#839=ORIENTED_EDGE('',*,*,#2135,.T.);
#840=ORIENTED_EDGE('',*,*,#2136,.T.);
#841=ORIENTED_EDGE('',*,*,#2137,.T.);
#842=ORIENTED_EDGE('',*,*,#2138,.T.);
#843=ORIENTED_EDGE('',*,*,#2139,.F.);
#844=ORIENTED_EDGE('',*,*,#2140,.T.);
#845=ORIENTED_EDGE('',*,*,#2141,.F.);
#846=ORIENTED_EDGE('',*,*,#2142,.T.);
#847=ORIENTED_EDGE('',*,*,#2143,.F.);
#848=ORIENTED_EDGE('',*,*,#2144,.T.);
#849=ORIENTED_EDGE('',*,*,#2145,.F.);
#850=ORIENTED_EDGE('',*,*,#2146,.T.);
#851=ORIENTED_EDGE('',*,*,#2147,.T.);
#852=ORIENTED_EDGE('',*,*,#2148,.T.);
#853=ORIENTED_EDGE('',*,*,#2149,.F.);
#854=ORIENTED_EDGE('',*,*,#2150,.T.);
#855=ORIENTED_EDGE('',*,*,#2151,.T.);
#856=ORIENTED_EDGE('',*,*,#2152,.F.);
#857=ORIENTED_EDGE('',*,*,#2153,.F.);
#858=ORIENTED_EDGE('',*,*,#2154,.T.);
#859=ORIENTED_EDGE('',*,*,#2155,.F.);
#860=ORIENTED_EDGE('',*,*,#2156,.T.);
#861=ORIENTED_EDGE('',*,*,#2157,.T.);
#862=ORIENTED_EDGE('',*,*,#2158,.F.);
#863=ORIENTED_EDGE('',*,*,#2159,.F.);
#864=ORIENTED_EDGE('',*,*,#2160,.T.);
#865=ORIENTED_EDGE('',*,*,#2161,.F.);
#866=ORIENTED_EDGE('',*,*,#2162,.T.);
#867=ORIENTED_EDGE('',*,*,#2163,.T.);
#868=ORIENTED_EDGE('',*,*,#2164,.F.);
#869=ORIENTED_EDGE('',*,*,#2165,.F.);
#870=ORIENTED_EDGE('',*,*,#2166,.T.);
#871=ORIENTED_EDGE('',*,*,#2167,.F.);
#872=ORIENTED_EDGE('',*,*,#2168,.T.);
#873=ORIENTED_EDGE('',*,*,#2169,.T.);
#874=ORIENTED_EDGE('',*,*,#2170,.F.);
#875=ORIENTED_EDGE('',*,*,#2171,.F.);
#876=ORIENTED_EDGE('',*,*,#2172,.T.);
#877=ORIENTED_EDGE('',*,*,#2173,.F.);
#878=ORIENTED_EDGE('',*,*,#2174,.T.);
#879=ORIENTED_EDGE('',*,*,#2175,.T.);
#880=ORIENTED_EDGE('',*,*,#2176,.F.);
#881=ORIENTED_EDGE('',*,*,#2177,.F.);
#882=ORIENTED_EDGE('',*,*,#2178,.T.);
#883=ORIENTED_EDGE('',*,*,#2179,.F.);
#884=ORIENTED_EDGE('',*,*,#2180,.T.);
#885=ORIENTED_EDGE('',*,*,#2181,.T.);
#886=ORIENTED_EDGE('',*,*,#2182,.F.);
#887=ORIENTED_EDGE('',*,*,#2183,.F.);
#888=ORIENTED_EDGE('',*,*,#2184,.T.);
#889=ORIENTED_EDGE('',*,*,#2185,.F.);
#890=ORIENTED_EDGE('',*,*,#2186,.T.);
#891=ORIENTED_EDGE('',*,*,#2187,.T.);
#892=ORIENTED_EDGE('',*,*,#2188,.F.);
#893=ORIENTED_EDGE('',*,*,#2189,.F.);
#894=ORIENTED_EDGE('',*,*,#2190,.T.);
#895=ORIENTED_EDGE('',*,*,#2191,.F.);
#896=ORIENTED_EDGE('',*,*,#2192,.T.);
#897=ORIENTED_EDGE('',*,*,#2193,.T.);
#898=ORIENTED_EDGE('',*,*,#2194,.F.);
#899=ORIENTED_EDGE('',*,*,#2195,.F.);
#900=ORIENTED_EDGE('',*,*,#2196,.T.);
#901=ORIENTED_EDGE('',*,*,#2197,.F.);
#902=ORIENTED_EDGE('',*,*,#2198,.T.);
#903=ORIENTED_EDGE('',*,*,#2199,.T.);
#904=ORIENTED_EDGE('',*,*,#2200,.F.);
#905=ORIENTED_EDGE('',*,*,#2201,.F.);
#906=ORIENTED_EDGE('',*,*,#2202,.T.);
#907=ORIENTED_EDGE('',*,*,#2203,.F.);
#908=ORIENTED_EDGE('',*,*,#2204,.T.);
#909=ORIENTED_EDGE('',*,*,#2205,.T.);
#910=ORIENTED_EDGE('',*,*,#2206,.F.);
#911=ORIENTED_EDGE('',*,*,#2207,.F.);
#912=ORIENTED_EDGE('',*,*,#2208,.T.);
#913=ORIENTED_EDGE('',*,*,#2209,.F.);
#914=ORIENTED_EDGE('',*,*,#2210,.T.);
#915=ORIENTED_EDGE('',*,*,#2211,.T.);
#916=ORIENTED_EDGE('',*,*,#2212,.F.);
#917=ORIENTED_EDGE('',*,*,#2213,.F.);
#918=ORIENTED_EDGE('',*,*,#2214,.T.);
#919=ORIENTED_EDGE('',*,*,#2215,.F.);
#920=ORIENTED_EDGE('',*,*,#2216,.T.);
#921=ORIENTED_EDGE('',*,*,#2217,.T.);
#922=ORIENTED_EDGE('',*,*,#2218,.F.);
#923=ORIENTED_EDGE('',*,*,#2219,.F.);
#924=ORIENTED_EDGE('',*,*,#2220,.T.);
#925=ORIENTED_EDGE('',*,*,#2221,.F.);
#926=ORIENTED_EDGE('',*,*,#2222,.T.);
#927=ORIENTED_EDGE('',*,*,#2223,.T.);
#928=ORIENTED_EDGE('',*,*,#2224,.F.);
#929=ORIENTED_EDGE('',*,*,#2225,.F.);
#930=ORIENTED_EDGE('',*,*,#2226,.T.);
#931=ORIENTED_EDGE('',*,*,#2227,.F.);
#932=ORIENTED_EDGE('',*,*,#2228,.T.);
#933=ORIENTED_EDGE('',*,*,#2229,.T.);
#934=ORIENTED_EDGE('',*,*,#2230,.F.);
#935=ORIENTED_EDGE('',*,*,#2231,.F.);
#936=ORIENTED_EDGE('',*,*,#2232,.T.);
#937=ORIENTED_EDGE('',*,*,#2233,.F.);
#938=ORIENTED_EDGE('',*,*,#2234,.T.);
#939=ORIENTED_EDGE('',*,*,#2235,.T.);
#940=ORIENTED_EDGE('',*,*,#2236,.F.);
#941=ORIENTED_EDGE('',*,*,#2237,.F.);
#942=ORIENTED_EDGE('',*,*,#2238,.T.);
#943=ORIENTED_EDGE('',*,*,#2239,.F.);
#944=ORIENTED_EDGE('',*,*,#2240,.T.);
#945=ORIENTED_EDGE('',*,*,#2241,.T.);
#946=ORIENTED_EDGE('',*,*,#2242,.F.);
#947=ORIENTED_EDGE('',*,*,#2243,.F.);
#948=ORIENTED_EDGE('',*,*,#2244,.T.);
#949=ORIENTED_EDGE('',*,*,#2245,.F.);
#950=ORIENTED_EDGE('',*,*,#2246,.T.);
#951=ORIENTED_EDGE('',*,*,#2247,.T.);
#952=ORIENTED_EDGE('',*,*,#2248,.F.);
#953=ORIENTED_EDGE('',*,*,#2249,.F.);
#954=ORIENTED_EDGE('',*,*,#2250,.T.);
#955=ORIENTED_EDGE('',*,*,#2251,.F.);
#956=ORIENTED_EDGE('',*,*,#2252,.T.);
#957=ORIENTED_EDGE('',*,*,#2253,.T.);
#958=ORIENTED_EDGE('',*,*,#2254,.F.);
#959=ORIENTED_EDGE('',*,*,#2255,.F.);
#960=ORIENTED_EDGE('',*,*,#2256,.T.);
#961=ORIENTED_EDGE('',*,*,#2257,.F.);
#962=ORIENTED_EDGE('',*,*,#2258,.T.);
#963=ORIENTED_EDGE('',*,*,#2259,.T.);
#964=ORIENTED_EDGE('',*,*,#2260,.F.);
#965=ORIENTED_EDGE('',*,*,#2261,.F.);
#966=ORIENTED_EDGE('',*,*,#2262,.T.);
#967=ORIENTED_EDGE('',*,*,#2263,.F.);
#968=ORIENTED_EDGE('',*,*,#2264,.T.);
#969=ORIENTED_EDGE('',*,*,#2265,.T.);
#970=ORIENTED_EDGE('',*,*,#2266,.F.);
#971=ORIENTED_EDGE('',*,*,#2267,.F.);
#972=ORIENTED_EDGE('',*,*,#2268,.T.);
#973=ORIENTED_EDGE('',*,*,#2269,.F.);
#974=ORIENTED_EDGE('',*,*,#2270,.T.);
#975=ORIENTED_EDGE('',*,*,#2271,.T.);
#976=ORIENTED_EDGE('',*,*,#2272,.F.);
#977=ORIENTED_EDGE('',*,*,#2273,.F.);
#978=ORIENTED_EDGE('',*,*,#2274,.T.);
#979=ORIENTED_EDGE('',*,*,#2275,.F.);
#980=ORIENTED_EDGE('',*,*,#2276,.T.);
#981=ORIENTED_EDGE('',*,*,#2277,.T.);
#982=ORIENTED_EDGE('',*,*,#2278,.F.);
#983=ORIENTED_EDGE('',*,*,#2279,.F.);
#984=ORIENTED_EDGE('',*,*,#2280,.T.);
#985=ORIENTED_EDGE('',*,*,#2281,.F.);
#986=ORIENTED_EDGE('',*,*,#2282,.T.);
#987=ORIENTED_EDGE('',*,*,#2283,.T.);
#988=ORIENTED_EDGE('',*,*,#2284,.F.);
#989=ORIENTED_EDGE('',*,*,#2285,.F.);
#990=ORIENTED_EDGE('',*,*,#2286,.T.);
#991=ORIENTED_EDGE('',*,*,#2287,.F.);
#992=ORIENTED_EDGE('',*,*,#2288,.T.);
#993=ORIENTED_EDGE('',*,*,#2289,.T.);
#994=ORIENTED_EDGE('',*,*,#2290,.F.);
#995=ORIENTED_EDGE('',*,*,#2291,.F.);
#996=ORIENTED_EDGE('',*,*,#2292,.T.);
#997=ORIENTED_EDGE('',*,*,#2293,.F.);
#998=ORIENTED_EDGE('',*,*,#2294,.T.);
#999=ORIENTED_EDGE('',*,*,#2295,.T.);
#1000=ORIENTED_EDGE('',*,*,#2296,.F.);
#1001=ORIENTED_EDGE('',*,*,#2297,.F.);
#1002=ORIENTED_EDGE('',*,*,#2298,.T.);
#1003=ORIENTED_EDGE('',*,*,#2299,.F.);
#1004=ORIENTED_EDGE('',*,*,#2300,.T.);
#1005=ORIENTED_EDGE('',*,*,#2301,.T.);
#1006=ORIENTED_EDGE('',*,*,#2302,.F.);
#1007=ORIENTED_EDGE('',*,*,#2303,.F.);
#1008=ORIENTED_EDGE('',*,*,#2304,.T.);
#1009=ORIENTED_EDGE('',*,*,#2305,.F.);
#1010=ORIENTED_EDGE('',*,*,#2306,.T.);
#1011=ORIENTED_EDGE('',*,*,#2307,.T.);
#1012=ORIENTED_EDGE('',*,*,#2308,.F.);
#1013=ORIENTED_EDGE('',*,*,#2309,.F.);
#1014=ORIENTED_EDGE('',*,*,#2310,.T.);
#1015=ORIENTED_EDGE('',*,*,#2311,.F.);
#1016=ORIENTED_EDGE('',*,*,#2312,.T.);
#1017=ORIENTED_EDGE('',*,*,#2313,.T.);
#1018=ORIENTED_EDGE('',*,*,#2314,.F.);
#1019=ORIENTED_EDGE('',*,*,#2315,.F.);
#1020=ORIENTED_EDGE('',*,*,#2316,.T.);
#1021=ORIENTED_EDGE('',*,*,#2317,.F.);
#1022=ORIENTED_EDGE('',*,*,#2318,.T.);
#1023=ORIENTED_EDGE('',*,*,#2319,.T.);
#1024=ORIENTED_EDGE('',*,*,#2320,.F.);
#1025=ORIENTED_EDGE('',*,*,#2321,.F.);
#1026=ORIENTED_EDGE('',*,*,#2322,.T.);
#1027=ORIENTED_EDGE('',*,*,#2323,.F.);
#1028=ORIENTED_EDGE('',*,*,#2324,.T.);
#1029=ORIENTED_EDGE('',*,*,#2325,.T.);
#1030=ORIENTED_EDGE('',*,*,#2326,.F.);
#1031=ORIENTED_EDGE('',*,*,#2327,.F.);
#1032=ORIENTED_EDGE('',*,*,#2328,.T.);
#1033=ORIENTED_EDGE('',*,*,#2329,.T.);
#1034=ORIENTED_EDGE('',*,*,#2330,.T.);
#1035=ORIENTED_EDGE('',*,*,#2331,.T.);
#1036=ORIENTED_EDGE('',*,*,#2332,.F.);
#1037=ORIENTED_EDGE('',*,*,#2333,.F.);
#1038=ORIENTED_EDGE('',*,*,#2334,.T.);
#1039=ORIENTED_EDGE('',*,*,#2335,.T.);
#1040=ORIENTED_EDGE('',*,*,#2336,.F.);
#1041=ORIENTED_EDGE('',*,*,#2337,.F.);
#1042=ORIENTED_EDGE('',*,*,#2338,.T.);
#1043=ORIENTED_EDGE('',*,*,#2339,.T.);
#1044=ORIENTED_EDGE('',*,*,#2340,.F.);
#1045=ORIENTED_EDGE('',*,*,#2339,.F.);
#1046=ORIENTED_EDGE('',*,*,#2335,.F.);
#1047=ORIENTED_EDGE('',*,*,#2341,.F.);
#1048=ORIENTED_EDGE('',*,*,#2342,.T.);
#1049=ORIENTED_EDGE('',*,*,#2343,.F.);
#1050=ORIENTED_EDGE('',*,*,#2344,.T.);
#1051=ORIENTED_EDGE('',*,*,#2345,.F.);
#1052=ORIENTED_EDGE('',*,*,#2346,.F.);
#1053=ORIENTED_EDGE('',*,*,#2347,.F.);
#1054=ORIENTED_EDGE('',*,*,#2348,.T.);
#1055=ORIENTED_EDGE('',*,*,#2349,.F.);
#1056=ORIENTED_EDGE('',*,*,#2350,.F.);
#1057=ORIENTED_EDGE('',*,*,#2351,.F.);
#1058=ORIENTED_EDGE('',*,*,#2352,.F.);
#1059=ORIENTED_EDGE('',*,*,#2353,.F.);
#1060=ORIENTED_EDGE('',*,*,#2354,.T.);
#1061=ORIENTED_EDGE('',*,*,#2355,.F.);
#1062=ORIENTED_EDGE('',*,*,#2356,.F.);
#1063=ORIENTED_EDGE('',*,*,#2357,.F.);
#1064=ORIENTED_EDGE('',*,*,#2358,.F.);
#1065=ORIENTED_EDGE('',*,*,#2359,.F.);
#1066=ORIENTED_EDGE('',*,*,#2360,.T.);
#1067=ORIENTED_EDGE('',*,*,#2361,.F.);
#1068=ORIENTED_EDGE('',*,*,#2362,.F.);
#1069=ORIENTED_EDGE('',*,*,#2363,.F.);
#1070=ORIENTED_EDGE('',*,*,#2364,.F.);
#1071=ORIENTED_EDGE('',*,*,#2365,.F.);
#1072=ORIENTED_EDGE('',*,*,#2366,.T.);
#1073=ORIENTED_EDGE('',*,*,#2367,.F.);
#1074=ORIENTED_EDGE('',*,*,#2368,.F.);
#1075=ORIENTED_EDGE('',*,*,#2369,.F.);
#1076=ORIENTED_EDGE('',*,*,#2370,.F.);
#1077=ORIENTED_EDGE('',*,*,#2371,.F.);
#1078=ORIENTED_EDGE('',*,*,#2372,.T.);
#1079=ORIENTED_EDGE('',*,*,#2373,.F.);
#1080=ORIENTED_EDGE('',*,*,#2374,.F.);
#1081=ORIENTED_EDGE('',*,*,#2375,.F.);
#1082=ORIENTED_EDGE('',*,*,#2376,.F.);
#1083=ORIENTED_EDGE('',*,*,#2377,.F.);
#1084=ORIENTED_EDGE('',*,*,#2378,.T.);
#1085=ORIENTED_EDGE('',*,*,#2379,.F.);
#1086=ORIENTED_EDGE('',*,*,#2380,.F.);
#1087=ORIENTED_EDGE('',*,*,#2381,.F.);
#1088=ORIENTED_EDGE('',*,*,#2382,.F.);
#1089=ORIENTED_EDGE('',*,*,#2383,.F.);
#1090=ORIENTED_EDGE('',*,*,#2384,.T.);
#1091=ORIENTED_EDGE('',*,*,#2385,.F.);
#1092=ORIENTED_EDGE('',*,*,#2386,.F.);
#1093=ORIENTED_EDGE('',*,*,#2387,.F.);
#1094=ORIENTED_EDGE('',*,*,#2388,.F.);
#1095=ORIENTED_EDGE('',*,*,#2389,.F.);
#1096=ORIENTED_EDGE('',*,*,#2390,.T.);
#1097=ORIENTED_EDGE('',*,*,#2391,.F.);
#1098=ORIENTED_EDGE('',*,*,#2392,.F.);
#1099=ORIENTED_EDGE('',*,*,#2393,.F.);
#1100=ORIENTED_EDGE('',*,*,#2394,.F.);
#1101=ORIENTED_EDGE('',*,*,#2395,.F.);
#1102=ORIENTED_EDGE('',*,*,#2396,.T.);
#1103=ORIENTED_EDGE('',*,*,#2397,.F.);
#1104=ORIENTED_EDGE('',*,*,#2398,.F.);
#1105=ORIENTED_EDGE('',*,*,#2399,.F.);
#1106=ORIENTED_EDGE('',*,*,#2400,.F.);
#1107=ORIENTED_EDGE('',*,*,#2401,.F.);
#1108=ORIENTED_EDGE('',*,*,#2402,.T.);
#1109=ORIENTED_EDGE('',*,*,#2403,.F.);
#1110=ORIENTED_EDGE('',*,*,#2404,.F.);
#1111=ORIENTED_EDGE('',*,*,#2405,.F.);
#1112=ORIENTED_EDGE('',*,*,#2406,.F.);
#1113=ORIENTED_EDGE('',*,*,#2407,.F.);
#1114=ORIENTED_EDGE('',*,*,#2408,.T.);
#1115=ORIENTED_EDGE('',*,*,#2409,.F.);
#1116=ORIENTED_EDGE('',*,*,#2410,.F.);
#1117=ORIENTED_EDGE('',*,*,#2411,.F.);
#1118=ORIENTED_EDGE('',*,*,#2412,.F.);
#1119=ORIENTED_EDGE('',*,*,#2413,.F.);
#1120=ORIENTED_EDGE('',*,*,#2414,.T.);
#1121=ORIENTED_EDGE('',*,*,#2415,.F.);
#1122=ORIENTED_EDGE('',*,*,#2416,.F.);
#1123=ORIENTED_EDGE('',*,*,#2417,.F.);
#1124=ORIENTED_EDGE('',*,*,#2418,.F.);
#1125=ORIENTED_EDGE('',*,*,#2419,.F.);
#1126=ORIENTED_EDGE('',*,*,#2420,.T.);
#1127=ORIENTED_EDGE('',*,*,#2421,.F.);
#1128=ORIENTED_EDGE('',*,*,#2422,.F.);
#1129=ORIENTED_EDGE('',*,*,#2423,.F.);
#1130=ORIENTED_EDGE('',*,*,#2424,.F.);
#1131=ORIENTED_EDGE('',*,*,#2425,.F.);
#1132=ORIENTED_EDGE('',*,*,#2426,.T.);
#1133=ORIENTED_EDGE('',*,*,#2427,.F.);
#1134=ORIENTED_EDGE('',*,*,#2428,.F.);
#1135=ORIENTED_EDGE('',*,*,#2429,.F.);
#1136=ORIENTED_EDGE('',*,*,#2430,.F.);
#1137=ORIENTED_EDGE('',*,*,#2431,.F.);
#1138=ORIENTED_EDGE('',*,*,#2432,.T.);
#1139=ORIENTED_EDGE('',*,*,#2433,.F.);
#1140=ORIENTED_EDGE('',*,*,#2434,.F.);
#1141=ORIENTED_EDGE('',*,*,#2435,.F.);
#1142=ORIENTED_EDGE('',*,*,#2436,.F.);
#1143=ORIENTED_EDGE('',*,*,#2437,.F.);
#1144=ORIENTED_EDGE('',*,*,#2438,.T.);
#1145=ORIENTED_EDGE('',*,*,#2439,.F.);
#1146=ORIENTED_EDGE('',*,*,#2440,.F.);
#1147=ORIENTED_EDGE('',*,*,#2441,.F.);
#1148=ORIENTED_EDGE('',*,*,#2442,.F.);
#1149=ORIENTED_EDGE('',*,*,#2443,.F.);
#1150=ORIENTED_EDGE('',*,*,#2444,.T.);
#1151=ORIENTED_EDGE('',*,*,#2445,.F.);
#1152=ORIENTED_EDGE('',*,*,#2446,.F.);
#1153=ORIENTED_EDGE('',*,*,#2447,.F.);
#1154=ORIENTED_EDGE('',*,*,#2448,.F.);
#1155=ORIENTED_EDGE('',*,*,#2449,.F.);
#1156=ORIENTED_EDGE('',*,*,#2450,.T.);
#1157=ORIENTED_EDGE('',*,*,#2451,.F.);
#1158=ORIENTED_EDGE('',*,*,#2452,.F.);
#1159=ORIENTED_EDGE('',*,*,#2453,.F.);
#1160=ORIENTED_EDGE('',*,*,#2454,.F.);
#1161=ORIENTED_EDGE('',*,*,#2455,.F.);
#1162=ORIENTED_EDGE('',*,*,#2456,.T.);
#1163=ORIENTED_EDGE('',*,*,#2457,.F.);
#1164=ORIENTED_EDGE('',*,*,#2458,.F.);
#1165=ORIENTED_EDGE('',*,*,#2459,.F.);
#1166=ORIENTED_EDGE('',*,*,#2460,.F.);
#1167=ORIENTED_EDGE('',*,*,#2461,.F.);
#1168=ORIENTED_EDGE('',*,*,#2462,.T.);
#1169=ORIENTED_EDGE('',*,*,#2463,.F.);
#1170=ORIENTED_EDGE('',*,*,#2464,.F.);
#1171=ORIENTED_EDGE('',*,*,#2465,.F.);
#1172=ORIENTED_EDGE('',*,*,#2466,.F.);
#1173=ORIENTED_EDGE('',*,*,#2467,.F.);
#1174=ORIENTED_EDGE('',*,*,#2468,.T.);
#1175=ORIENTED_EDGE('',*,*,#2469,.F.);
#1176=ORIENTED_EDGE('',*,*,#2470,.F.);
#1177=ORIENTED_EDGE('',*,*,#2471,.F.);
#1178=ORIENTED_EDGE('',*,*,#2472,.F.);
#1179=ORIENTED_EDGE('',*,*,#2473,.F.);
#1180=ORIENTED_EDGE('',*,*,#2474,.T.);
#1181=ORIENTED_EDGE('',*,*,#2475,.F.);
#1182=ORIENTED_EDGE('',*,*,#2476,.F.);
#1183=ORIENTED_EDGE('',*,*,#2477,.F.);
#1184=ORIENTED_EDGE('',*,*,#2478,.F.);
#1185=ORIENTED_EDGE('',*,*,#2479,.F.);
#1186=ORIENTED_EDGE('',*,*,#2480,.T.);
#1187=ORIENTED_EDGE('',*,*,#2481,.F.);
#1188=ORIENTED_EDGE('',*,*,#2482,.F.);
#1189=ORIENTED_EDGE('',*,*,#2483,.F.);
#1190=ORIENTED_EDGE('',*,*,#2484,.F.);
#1191=ORIENTED_EDGE('',*,*,#2485,.F.);
#1192=ORIENTED_EDGE('',*,*,#2486,.T.);
#1193=ORIENTED_EDGE('',*,*,#2487,.F.);
#1194=ORIENTED_EDGE('',*,*,#2488,.F.);
#1195=ORIENTED_EDGE('',*,*,#2489,.F.);
#1196=ORIENTED_EDGE('',*,*,#2490,.F.);
#1197=ORIENTED_EDGE('',*,*,#2491,.F.);
#1198=ORIENTED_EDGE('',*,*,#2492,.T.);
#1199=ORIENTED_EDGE('',*,*,#2493,.F.);
#1200=ORIENTED_EDGE('',*,*,#2494,.F.);
#1201=ORIENTED_EDGE('',*,*,#2495,.F.);
#1202=ORIENTED_EDGE('',*,*,#2496,.F.);
#1203=ORIENTED_EDGE('',*,*,#2497,.F.);
#1204=ORIENTED_EDGE('',*,*,#2498,.T.);
#1205=ORIENTED_EDGE('',*,*,#2499,.F.);
#1206=ORIENTED_EDGE('',*,*,#2500,.F.);
#1207=ORIENTED_EDGE('',*,*,#2501,.F.);
#1208=ORIENTED_EDGE('',*,*,#2502,.F.);
#1209=ORIENTED_EDGE('',*,*,#2503,.F.);
#1210=ORIENTED_EDGE('',*,*,#2504,.T.);
#1211=ORIENTED_EDGE('',*,*,#2505,.F.);
#1212=ORIENTED_EDGE('',*,*,#2506,.F.);
#1213=ORIENTED_EDGE('',*,*,#2507,.F.);
#1214=ORIENTED_EDGE('',*,*,#2508,.F.);
#1215=ORIENTED_EDGE('',*,*,#2509,.F.);
#1216=ORIENTED_EDGE('',*,*,#2510,.T.);
#1217=ORIENTED_EDGE('',*,*,#2511,.F.);
#1218=ORIENTED_EDGE('',*,*,#2512,.F.);
#1219=ORIENTED_EDGE('',*,*,#2513,.F.);
#1220=ORIENTED_EDGE('',*,*,#2514,.F.);
#1221=ORIENTED_EDGE('',*,*,#2515,.F.);
#1222=ORIENTED_EDGE('',*,*,#2516,.T.);
#1223=ORIENTED_EDGE('',*,*,#2517,.F.);
#1224=ORIENTED_EDGE('',*,*,#2518,.F.);
#1225=ORIENTED_EDGE('',*,*,#2519,.F.);
#1226=ORIENTED_EDGE('',*,*,#2520,.F.);
#1227=ORIENTED_EDGE('',*,*,#2521,.F.);
#1228=ORIENTED_EDGE('',*,*,#2522,.T.);
#1229=ORIENTED_EDGE('',*,*,#2523,.F.);
#1230=ORIENTED_EDGE('',*,*,#2524,.F.);
#1231=ORIENTED_EDGE('',*,*,#2525,.F.);
#1232=ORIENTED_EDGE('',*,*,#2526,.F.);
#1233=ORIENTED_EDGE('',*,*,#2527,.F.);
#1234=ORIENTED_EDGE('',*,*,#2528,.T.);
#1235=ORIENTED_EDGE('',*,*,#2529,.T.);
#1236=ORIENTED_EDGE('',*,*,#2530,.T.);
#1237=ORIENTED_EDGE('',*,*,#2531,.T.);
#1238=ORIENTED_EDGE('',*,*,#2532,.T.);
#1239=ORIENTED_EDGE('',*,*,#2533,.T.);
#1240=ORIENTED_EDGE('',*,*,#2534,.T.);
#1241=ORIENTED_EDGE('',*,*,#2535,.T.);
#1242=ORIENTED_EDGE('',*,*,#2536,.T.);
#1243=ORIENTED_EDGE('',*,*,#2537,.F.);
#1244=ORIENTED_EDGE('',*,*,#2538,.T.);
#1245=ORIENTED_EDGE('',*,*,#2539,.T.);
#1246=ORIENTED_EDGE('',*,*,#2333,.T.);
#1247=ORIENTED_EDGE('',*,*,#2337,.T.);
#1248=ORIENTED_EDGE('',*,*,#2540,.T.);
#1249=ORIENTED_EDGE('',*,*,#2541,.T.);
#1250=ORIENTED_EDGE('',*,*,#2542,.T.);
#1251=ORIENTED_EDGE('',*,*,#2543,.T.);
#1252=ORIENTED_EDGE('',*,*,#2544,.T.);
#1253=ORIENTED_EDGE('',*,*,#2545,.T.);
#1254=ORIENTED_EDGE('',*,*,#2546,.F.);
#1255=ORIENTED_EDGE('',*,*,#2547,.T.);
#1256=ORIENTED_EDGE('',*,*,#2548,.F.);
#1257=ORIENTED_EDGE('',*,*,#2549,.F.);
#1258=ORIENTED_EDGE('',*,*,#2550,.T.);
#1259=ORIENTED_EDGE('',*,*,#2551,.F.);
#1260=ORIENTED_EDGE('',*,*,#2552,.F.);
#1261=ORIENTED_EDGE('',*,*,#2526,.T.);
#1262=ORIENTED_EDGE('',*,*,#2553,.F.);
#1263=ORIENTED_EDGE('',*,*,#2148,.F.);
#1264=ORIENTED_EDGE('',*,*,#2151,.F.);
#1265=ORIENTED_EDGE('',*,*,#2554,.T.);
#1266=ORIENTED_EDGE('',*,*,#2523,.T.);
#1267=ORIENTED_EDGE('',*,*,#2555,.F.);
#1268=ORIENTED_EDGE('',*,*,#2157,.F.);
#1269=ORIENTED_EDGE('',*,*,#2556,.T.);
#1270=ORIENTED_EDGE('',*,*,#2517,.T.);
#1271=ORIENTED_EDGE('',*,*,#2557,.F.);
#1272=ORIENTED_EDGE('',*,*,#2558,.F.);
#1273=ORIENTED_EDGE('',*,*,#2193,.F.);
#1274=ORIENTED_EDGE('',*,*,#2559,.T.);
#1275=ORIENTED_EDGE('',*,*,#2481,.T.);
#1276=ORIENTED_EDGE('',*,*,#2560,.F.);
#1277=ORIENTED_EDGE('',*,*,#2187,.F.);
#1278=ORIENTED_EDGE('',*,*,#2561,.T.);
#1279=ORIENTED_EDGE('',*,*,#2487,.T.);
#1280=ORIENTED_EDGE('',*,*,#2199,.F.);
#1281=ORIENTED_EDGE('',*,*,#2562,.T.);
#1282=ORIENTED_EDGE('',*,*,#2475,.T.);
#1283=ORIENTED_EDGE('',*,*,#2563,.F.);
#1284=ORIENTED_EDGE('',*,*,#2205,.F.);
#1285=ORIENTED_EDGE('',*,*,#2564,.T.);
#1286=ORIENTED_EDGE('',*,*,#2469,.T.);
#1287=ORIENTED_EDGE('',*,*,#2565,.F.);
#1288=ORIENTED_EDGE('',*,*,#2566,.F.);
#1289=ORIENTED_EDGE('',*,*,#2181,.F.);
#1290=ORIENTED_EDGE('',*,*,#2567,.T.);
#1291=ORIENTED_EDGE('',*,*,#2493,.T.);
#1292=ORIENTED_EDGE('',*,*,#2568,.F.);
#1293=ORIENTED_EDGE('',*,*,#2175,.F.);
#1294=ORIENTED_EDGE('',*,*,#2569,.T.);
#1295=ORIENTED_EDGE('',*,*,#2499,.T.);
#1296=ORIENTED_EDGE('',*,*,#2570,.F.);
#1297=ORIENTED_EDGE('',*,*,#2169,.F.);
#1298=ORIENTED_EDGE('',*,*,#2571,.T.);
#1299=ORIENTED_EDGE('',*,*,#2505,.T.);
#1300=ORIENTED_EDGE('',*,*,#2163,.F.);
#1301=ORIENTED_EDGE('',*,*,#2572,.T.);
#1302=ORIENTED_EDGE('',*,*,#2511,.T.);
#1303=ORIENTED_EDGE('',*,*,#2573,.F.);
#1304=ORIENTED_EDGE('',*,*,#2211,.F.);
#1305=ORIENTED_EDGE('',*,*,#2574,.T.);
#1306=ORIENTED_EDGE('',*,*,#2463,.T.);
#1307=ORIENTED_EDGE('',*,*,#2575,.F.);
#1308=ORIENTED_EDGE('',*,*,#2217,.F.);
#1309=ORIENTED_EDGE('',*,*,#2576,.T.);
#1310=ORIENTED_EDGE('',*,*,#2457,.T.);
#1311=ORIENTED_EDGE('',*,*,#2577,.F.);
#1312=ORIENTED_EDGE('',*,*,#2223,.F.);
#1313=ORIENTED_EDGE('',*,*,#2578,.T.);
#1314=ORIENTED_EDGE('',*,*,#2451,.T.);
#1315=ORIENTED_EDGE('',*,*,#2579,.F.);
#1316=ORIENTED_EDGE('',*,*,#2229,.F.);
#1317=ORIENTED_EDGE('',*,*,#2580,.T.);
#1318=ORIENTED_EDGE('',*,*,#2445,.T.);
#1319=ORIENTED_EDGE('',*,*,#2581,.F.);
#1320=ORIENTED_EDGE('',*,*,#2235,.F.);
#1321=ORIENTED_EDGE('',*,*,#2582,.T.);
#1322=ORIENTED_EDGE('',*,*,#2439,.T.);
#1323=ORIENTED_EDGE('',*,*,#2583,.F.);
#1324=ORIENTED_EDGE('',*,*,#2241,.F.);
#1325=ORIENTED_EDGE('',*,*,#2584,.T.);
#1326=ORIENTED_EDGE('',*,*,#2433,.T.);
#1327=ORIENTED_EDGE('',*,*,#2585,.F.);
#1328=ORIENTED_EDGE('',*,*,#2247,.F.);
#1329=ORIENTED_EDGE('',*,*,#2586,.T.);
#1330=ORIENTED_EDGE('',*,*,#2427,.T.);
#1331=ORIENTED_EDGE('',*,*,#2587,.F.);
#1332=ORIENTED_EDGE('',*,*,#2253,.F.);
#1333=ORIENTED_EDGE('',*,*,#2588,.T.);
#1334=ORIENTED_EDGE('',*,*,#2421,.T.);
#1335=ORIENTED_EDGE('',*,*,#2589,.F.);
#1336=ORIENTED_EDGE('',*,*,#2590,.F.);
#1337=ORIENTED_EDGE('',*,*,#2301,.F.);
#1338=ORIENTED_EDGE('',*,*,#2591,.T.);
#1339=ORIENTED_EDGE('',*,*,#2373,.T.);
#1340=ORIENTED_EDGE('',*,*,#2592,.F.);
#1341=ORIENTED_EDGE('',*,*,#2295,.F.);
#1342=ORIENTED_EDGE('',*,*,#2593,.T.);
#1343=ORIENTED_EDGE('',*,*,#2379,.T.);
#1344=ORIENTED_EDGE('',*,*,#2594,.F.);
#1345=ORIENTED_EDGE('',*,*,#2283,.F.);
#1346=ORIENTED_EDGE('',*,*,#2595,.T.);
#1347=ORIENTED_EDGE('',*,*,#2391,.T.);
#1348=ORIENTED_EDGE('',*,*,#2289,.F.);
#1349=ORIENTED_EDGE('',*,*,#2596,.T.);
#1350=ORIENTED_EDGE('',*,*,#2385,.T.);
#1351=ORIENTED_EDGE('',*,*,#2597,.F.);
#1352=ORIENTED_EDGE('',*,*,#2598,.F.);
#1353=ORIENTED_EDGE('',*,*,#2271,.F.);
#1354=ORIENTED_EDGE('',*,*,#2599,.T.);
#1355=ORIENTED_EDGE('',*,*,#2403,.T.);
#1356=ORIENTED_EDGE('',*,*,#2277,.F.);
#1357=ORIENTED_EDGE('',*,*,#2600,.T.);
#1358=ORIENTED_EDGE('',*,*,#2397,.T.);
#1359=ORIENTED_EDGE('',*,*,#2601,.F.);
#1360=ORIENTED_EDGE('',*,*,#2602,.F.);
#1361=ORIENTED_EDGE('',*,*,#2265,.F.);
#1362=ORIENTED_EDGE('',*,*,#2603,.T.);
#1363=ORIENTED_EDGE('',*,*,#2409,.T.);
#1364=ORIENTED_EDGE('',*,*,#2259,.F.);
#1365=ORIENTED_EDGE('',*,*,#2604,.T.);
#1366=ORIENTED_EDGE('',*,*,#2415,.T.);
#1367=ORIENTED_EDGE('',*,*,#2605,.F.);
#1368=ORIENTED_EDGE('',*,*,#2307,.F.);
#1369=ORIENTED_EDGE('',*,*,#2606,.T.);
#1370=ORIENTED_EDGE('',*,*,#2367,.T.);
#1371=ORIENTED_EDGE('',*,*,#2607,.F.);
#1372=ORIENTED_EDGE('',*,*,#2313,.F.);
#1373=ORIENTED_EDGE('',*,*,#2608,.T.);
#1374=ORIENTED_EDGE('',*,*,#2361,.T.);
#1375=ORIENTED_EDGE('',*,*,#2609,.F.);
#1376=ORIENTED_EDGE('',*,*,#2319,.F.);
#1377=ORIENTED_EDGE('',*,*,#2610,.T.);
#1378=ORIENTED_EDGE('',*,*,#2355,.T.);
#1379=ORIENTED_EDGE('',*,*,#2611,.F.);
#1380=ORIENTED_EDGE('',*,*,#2126,.T.);
#1381=ORIENTED_EDGE('',*,*,#2539,.F.);
#1382=ORIENTED_EDGE('',*,*,#2325,.F.);
#1383=ORIENTED_EDGE('',*,*,#2612,.T.);
#1384=ORIENTED_EDGE('',*,*,#2349,.T.);
#1385=ORIENTED_EDGE('',*,*,#2613,.F.);
#1386=ORIENTED_EDGE('',*,*,#2346,.T.);
#1387=ORIENTED_EDGE('',*,*,#2614,.T.);
#1388=ORIENTED_EDGE('',*,*,#2328,.F.);
#1389=ORIENTED_EDGE('',*,*,#2615,.F.);
#1390=ORIENTED_EDGE('',*,*,#2326,.T.);
#1391=ORIENTED_EDGE('',*,*,#2613,.T.);
#1392=ORIENTED_EDGE('',*,*,#2348,.F.);
#1393=ORIENTED_EDGE('',*,*,#2616,.F.);
#1394=ORIENTED_EDGE('',*,*,#2327,.T.);
#1395=ORIENTED_EDGE('',*,*,#2616,.T.);
#1396=ORIENTED_EDGE('',*,*,#2347,.T.);
#1397=ORIENTED_EDGE('',*,*,#2615,.T.);
#1398=ORIENTED_EDGE('',*,*,#2350,.T.);
#1399=ORIENTED_EDGE('',*,*,#2612,.F.);
#1400=ORIENTED_EDGE('',*,*,#2324,.F.);
#1401=ORIENTED_EDGE('',*,*,#2617,.F.);
#1402=ORIENTED_EDGE('',*,*,#2352,.T.);
#1403=ORIENTED_EDGE('',*,*,#2618,.F.);
#1404=ORIENTED_EDGE('',*,*,#2322,.F.);
#1405=ORIENTED_EDGE('',*,*,#2619,.F.);
#1406=ORIENTED_EDGE('',*,*,#2320,.T.);
#1407=ORIENTED_EDGE('',*,*,#2611,.T.);
#1408=ORIENTED_EDGE('',*,*,#2354,.F.);
#1409=ORIENTED_EDGE('',*,*,#2620,.F.);
#1410=ORIENTED_EDGE('',*,*,#2321,.T.);
#1411=ORIENTED_EDGE('',*,*,#2620,.T.);
#1412=ORIENTED_EDGE('',*,*,#2353,.T.);
#1413=ORIENTED_EDGE('',*,*,#2619,.T.);
#1414=ORIENTED_EDGE('',*,*,#2323,.T.);
#1415=ORIENTED_EDGE('',*,*,#2618,.T.);
#1416=ORIENTED_EDGE('',*,*,#2351,.T.);
#1417=ORIENTED_EDGE('',*,*,#2617,.T.);
#1418=ORIENTED_EDGE('',*,*,#2356,.T.);
#1419=ORIENTED_EDGE('',*,*,#2610,.F.);
#1420=ORIENTED_EDGE('',*,*,#2318,.F.);
#1421=ORIENTED_EDGE('',*,*,#2621,.F.);
#1422=ORIENTED_EDGE('',*,*,#2358,.T.);
#1423=ORIENTED_EDGE('',*,*,#2622,.F.);
#1424=ORIENTED_EDGE('',*,*,#2316,.F.);
#1425=ORIENTED_EDGE('',*,*,#2623,.F.);
#1426=ORIENTED_EDGE('',*,*,#2314,.T.);
#1427=ORIENTED_EDGE('',*,*,#2609,.T.);
#1428=ORIENTED_EDGE('',*,*,#2360,.F.);
#1429=ORIENTED_EDGE('',*,*,#2624,.F.);
#1430=ORIENTED_EDGE('',*,*,#2315,.T.);
#1431=ORIENTED_EDGE('',*,*,#2624,.T.);
#1432=ORIENTED_EDGE('',*,*,#2359,.T.);
#1433=ORIENTED_EDGE('',*,*,#2623,.T.);
#1434=ORIENTED_EDGE('',*,*,#2317,.T.);
#1435=ORIENTED_EDGE('',*,*,#2622,.T.);
#1436=ORIENTED_EDGE('',*,*,#2357,.T.);
#1437=ORIENTED_EDGE('',*,*,#2621,.T.);
#1438=ORIENTED_EDGE('',*,*,#2362,.T.);
#1439=ORIENTED_EDGE('',*,*,#2608,.F.);
#1440=ORIENTED_EDGE('',*,*,#2312,.F.);
#1441=ORIENTED_EDGE('',*,*,#2625,.F.);
#1442=ORIENTED_EDGE('',*,*,#2364,.T.);
#1443=ORIENTED_EDGE('',*,*,#2626,.F.);
#1444=ORIENTED_EDGE('',*,*,#2310,.F.);
#1445=ORIENTED_EDGE('',*,*,#2627,.F.);
#1446=ORIENTED_EDGE('',*,*,#2308,.T.);
#1447=ORIENTED_EDGE('',*,*,#2607,.T.);
#1448=ORIENTED_EDGE('',*,*,#2366,.F.);
#1449=ORIENTED_EDGE('',*,*,#2628,.F.);
#1450=ORIENTED_EDGE('',*,*,#2309,.T.);
#1451=ORIENTED_EDGE('',*,*,#2628,.T.);
#1452=ORIENTED_EDGE('',*,*,#2365,.T.);
#1453=ORIENTED_EDGE('',*,*,#2627,.T.);
#1454=ORIENTED_EDGE('',*,*,#2311,.T.);
#1455=ORIENTED_EDGE('',*,*,#2626,.T.);
#1456=ORIENTED_EDGE('',*,*,#2363,.T.);
#1457=ORIENTED_EDGE('',*,*,#2625,.T.);
#1458=ORIENTED_EDGE('',*,*,#2410,.T.);
#1459=ORIENTED_EDGE('',*,*,#2603,.F.);
#1460=ORIENTED_EDGE('',*,*,#2264,.F.);
#1461=ORIENTED_EDGE('',*,*,#2629,.F.);
#1462=ORIENTED_EDGE('',*,*,#2412,.T.);
#1463=ORIENTED_EDGE('',*,*,#2630,.F.);
#1464=ORIENTED_EDGE('',*,*,#2262,.F.);
#1465=ORIENTED_EDGE('',*,*,#2631,.F.);
#1466=ORIENTED_EDGE('',*,*,#2260,.T.);
#1467=ORIENTED_EDGE('',*,*,#2605,.T.);
#1468=ORIENTED_EDGE('',*,*,#2414,.F.);
#1469=ORIENTED_EDGE('',*,*,#2632,.F.);
#1470=ORIENTED_EDGE('',*,*,#2261,.T.);
#1471=ORIENTED_EDGE('',*,*,#2632,.T.);
#1472=ORIENTED_EDGE('',*,*,#2413,.T.);
#1473=ORIENTED_EDGE('',*,*,#2631,.T.);
#1474=ORIENTED_EDGE('',*,*,#2263,.T.);
#1475=ORIENTED_EDGE('',*,*,#2630,.T.);
#1476=ORIENTED_EDGE('',*,*,#2411,.T.);
#1477=ORIENTED_EDGE('',*,*,#2629,.T.);
#1478=ORIENTED_EDGE('',*,*,#2404,.T.);
#1479=ORIENTED_EDGE('',*,*,#2599,.F.);
#1480=ORIENTED_EDGE('',*,*,#2270,.F.);
#1481=ORIENTED_EDGE('',*,*,#2633,.F.);
#1482=ORIENTED_EDGE('',*,*,#2406,.T.);
#1483=ORIENTED_EDGE('',*,*,#2634,.F.);
#1484=ORIENTED_EDGE('',*,*,#2268,.F.);
#1485=ORIENTED_EDGE('',*,*,#2635,.F.);
#1486=ORIENTED_EDGE('',*,*,#2266,.T.);
#1487=ORIENTED_EDGE('',*,*,#2602,.T.);
#1488=ORIENTED_EDGE('',*,*,#2408,.F.);
#1489=ORIENTED_EDGE('',*,*,#2636,.F.);
#1490=ORIENTED_EDGE('',*,*,#2267,.T.);
#1491=ORIENTED_EDGE('',*,*,#2636,.T.);
#1492=ORIENTED_EDGE('',*,*,#2407,.T.);
#1493=ORIENTED_EDGE('',*,*,#2635,.T.);
#1494=ORIENTED_EDGE('',*,*,#2269,.T.);
#1495=ORIENTED_EDGE('',*,*,#2634,.T.);
#1496=ORIENTED_EDGE('',*,*,#2405,.T.);
#1497=ORIENTED_EDGE('',*,*,#2633,.T.);
#1498=ORIENTED_EDGE('',*,*,#2392,.T.);
#1499=ORIENTED_EDGE('',*,*,#2595,.F.);
#1500=ORIENTED_EDGE('',*,*,#2282,.F.);
#1501=ORIENTED_EDGE('',*,*,#2637,.F.);
#1502=ORIENTED_EDGE('',*,*,#2394,.T.);
#1503=ORIENTED_EDGE('',*,*,#2638,.F.);
#1504=ORIENTED_EDGE('',*,*,#2280,.F.);
#1505=ORIENTED_EDGE('',*,*,#2639,.F.);
#1506=ORIENTED_EDGE('',*,*,#2278,.T.);
#1507=ORIENTED_EDGE('',*,*,#2601,.T.);
#1508=ORIENTED_EDGE('',*,*,#2396,.F.);
#1509=ORIENTED_EDGE('',*,*,#2640,.F.);
#1510=ORIENTED_EDGE('',*,*,#2279,.T.);
#1511=ORIENTED_EDGE('',*,*,#2640,.T.);
#1512=ORIENTED_EDGE('',*,*,#2395,.T.);
#1513=ORIENTED_EDGE('',*,*,#2639,.T.);
#1514=ORIENTED_EDGE('',*,*,#2281,.T.);
#1515=ORIENTED_EDGE('',*,*,#2638,.T.);
#1516=ORIENTED_EDGE('',*,*,#2393,.T.);
#1517=ORIENTED_EDGE('',*,*,#2637,.T.);
#1518=ORIENTED_EDGE('',*,*,#2398,.T.);
#1519=ORIENTED_EDGE('',*,*,#2600,.F.);
#1520=ORIENTED_EDGE('',*,*,#2276,.F.);
#1521=ORIENTED_EDGE('',*,*,#2641,.F.);
#1522=ORIENTED_EDGE('',*,*,#2400,.T.);
#1523=ORIENTED_EDGE('',*,*,#2642,.F.);
#1524=ORIENTED_EDGE('',*,*,#2274,.F.);
#1525=ORIENTED_EDGE('',*,*,#2643,.F.);
#1526=ORIENTED_EDGE('',*,*,#2272,.T.);
#1527=ORIENTED_EDGE('',*,*,#2598,.T.);
#1528=ORIENTED_EDGE('',*,*,#2402,.F.);
#1529=ORIENTED_EDGE('',*,*,#2644,.F.);
#1530=ORIENTED_EDGE('',*,*,#2273,.T.);
#1531=ORIENTED_EDGE('',*,*,#2644,.T.);
#1532=ORIENTED_EDGE('',*,*,#2401,.T.);
#1533=ORIENTED_EDGE('',*,*,#2643,.T.);
#1534=ORIENTED_EDGE('',*,*,#2275,.T.);
#1535=ORIENTED_EDGE('',*,*,#2642,.T.);
#1536=ORIENTED_EDGE('',*,*,#2399,.T.);
#1537=ORIENTED_EDGE('',*,*,#2641,.T.);
#1538=ORIENTED_EDGE('',*,*,#2380,.T.);
#1539=ORIENTED_EDGE('',*,*,#2593,.F.);
#1540=ORIENTED_EDGE('',*,*,#2294,.F.);
#1541=ORIENTED_EDGE('',*,*,#2645,.F.);
#1542=ORIENTED_EDGE('',*,*,#2382,.T.);
#1543=ORIENTED_EDGE('',*,*,#2646,.F.);
#1544=ORIENTED_EDGE('',*,*,#2292,.F.);
#1545=ORIENTED_EDGE('',*,*,#2647,.F.);
#1546=ORIENTED_EDGE('',*,*,#2290,.T.);
#1547=ORIENTED_EDGE('',*,*,#2597,.T.);
#1548=ORIENTED_EDGE('',*,*,#2384,.F.);
#1549=ORIENTED_EDGE('',*,*,#2648,.F.);
#1550=ORIENTED_EDGE('',*,*,#2291,.T.);
#1551=ORIENTED_EDGE('',*,*,#2648,.T.);
#1552=ORIENTED_EDGE('',*,*,#2383,.T.);
#1553=ORIENTED_EDGE('',*,*,#2647,.T.);
#1554=ORIENTED_EDGE('',*,*,#2293,.T.);
#1555=ORIENTED_EDGE('',*,*,#2646,.T.);
#1556=ORIENTED_EDGE('',*,*,#2381,.T.);
#1557=ORIENTED_EDGE('',*,*,#2645,.T.);
#1558=ORIENTED_EDGE('',*,*,#2386,.T.);
#1559=ORIENTED_EDGE('',*,*,#2596,.F.);
#1560=ORIENTED_EDGE('',*,*,#2288,.F.);
#1561=ORIENTED_EDGE('',*,*,#2649,.F.);
#1562=ORIENTED_EDGE('',*,*,#2388,.T.);
#1563=ORIENTED_EDGE('',*,*,#2650,.F.);
#1564=ORIENTED_EDGE('',*,*,#2286,.F.);
#1565=ORIENTED_EDGE('',*,*,#2651,.F.);
#1566=ORIENTED_EDGE('',*,*,#2284,.T.);
#1567=ORIENTED_EDGE('',*,*,#2594,.T.);
#1568=ORIENTED_EDGE('',*,*,#2390,.F.);
#1569=ORIENTED_EDGE('',*,*,#2652,.F.);
#1570=ORIENTED_EDGE('',*,*,#2285,.T.);
#1571=ORIENTED_EDGE('',*,*,#2652,.T.);
#1572=ORIENTED_EDGE('',*,*,#2389,.T.);
#1573=ORIENTED_EDGE('',*,*,#2651,.T.);
#1574=ORIENTED_EDGE('',*,*,#2287,.T.);
#1575=ORIENTED_EDGE('',*,*,#2650,.T.);
#1576=ORIENTED_EDGE('',*,*,#2387,.T.);
#1577=ORIENTED_EDGE('',*,*,#2649,.T.);
#1578=ORIENTED_EDGE('',*,*,#2374,.T.);
#1579=ORIENTED_EDGE('',*,*,#2591,.F.);
#1580=ORIENTED_EDGE('',*,*,#2300,.F.);
#1581=ORIENTED_EDGE('',*,*,#2653,.F.);
#1582=ORIENTED_EDGE('',*,*,#2376,.T.);
#1583=ORIENTED_EDGE('',*,*,#2654,.F.);
#1584=ORIENTED_EDGE('',*,*,#2298,.F.);
#1585=ORIENTED_EDGE('',*,*,#2655,.F.);
#1586=ORIENTED_EDGE('',*,*,#2296,.T.);
#1587=ORIENTED_EDGE('',*,*,#2592,.T.);
#1588=ORIENTED_EDGE('',*,*,#2378,.F.);
#1589=ORIENTED_EDGE('',*,*,#2656,.F.);
#1590=ORIENTED_EDGE('',*,*,#2297,.T.);
#1591=ORIENTED_EDGE('',*,*,#2656,.T.);
#1592=ORIENTED_EDGE('',*,*,#2377,.T.);
#1593=ORIENTED_EDGE('',*,*,#2655,.T.);
#1594=ORIENTED_EDGE('',*,*,#2299,.T.);
#1595=ORIENTED_EDGE('',*,*,#2654,.T.);
#1596=ORIENTED_EDGE('',*,*,#2375,.T.);
#1597=ORIENTED_EDGE('',*,*,#2653,.T.);
#1598=ORIENTED_EDGE('',*,*,#2368,.T.);
#1599=ORIENTED_EDGE('',*,*,#2606,.F.);
#1600=ORIENTED_EDGE('',*,*,#2306,.F.);
#1601=ORIENTED_EDGE('',*,*,#2657,.F.);
#1602=ORIENTED_EDGE('',*,*,#2370,.T.);
#1603=ORIENTED_EDGE('',*,*,#2658,.F.);
#1604=ORIENTED_EDGE('',*,*,#2304,.F.);
#1605=ORIENTED_EDGE('',*,*,#2659,.F.);
#1606=ORIENTED_EDGE('',*,*,#2302,.T.);
#1607=ORIENTED_EDGE('',*,*,#2590,.T.);
#1608=ORIENTED_EDGE('',*,*,#2372,.F.);
#1609=ORIENTED_EDGE('',*,*,#2660,.F.);
#1610=ORIENTED_EDGE('',*,*,#2303,.T.);
#1611=ORIENTED_EDGE('',*,*,#2660,.T.);
#1612=ORIENTED_EDGE('',*,*,#2371,.T.);
#1613=ORIENTED_EDGE('',*,*,#2659,.T.);
#1614=ORIENTED_EDGE('',*,*,#2305,.T.);
#1615=ORIENTED_EDGE('',*,*,#2658,.T.);
#1616=ORIENTED_EDGE('',*,*,#2369,.T.);
#1617=ORIENTED_EDGE('',*,*,#2657,.T.);
#1618=ORIENTED_EDGE('',*,*,#2416,.T.);
#1619=ORIENTED_EDGE('',*,*,#2604,.F.);
#1620=ORIENTED_EDGE('',*,*,#2258,.F.);
#1621=ORIENTED_EDGE('',*,*,#2661,.F.);
#1622=ORIENTED_EDGE('',*,*,#2418,.T.);
#1623=ORIENTED_EDGE('',*,*,#2662,.F.);
#1624=ORIENTED_EDGE('',*,*,#2256,.F.);
#1625=ORIENTED_EDGE('',*,*,#2663,.F.);
#1626=ORIENTED_EDGE('',*,*,#2254,.T.);
#1627=ORIENTED_EDGE('',*,*,#2589,.T.);
#1628=ORIENTED_EDGE('',*,*,#2420,.F.);
#1629=ORIENTED_EDGE('',*,*,#2664,.F.);
#1630=ORIENTED_EDGE('',*,*,#2255,.T.);
#1631=ORIENTED_EDGE('',*,*,#2664,.T.);
#1632=ORIENTED_EDGE('',*,*,#2419,.T.);
#1633=ORIENTED_EDGE('',*,*,#2663,.T.);
#1634=ORIENTED_EDGE('',*,*,#2257,.T.);
#1635=ORIENTED_EDGE('',*,*,#2662,.T.);
#1636=ORIENTED_EDGE('',*,*,#2417,.T.);
#1637=ORIENTED_EDGE('',*,*,#2661,.T.);
#1638=ORIENTED_EDGE('',*,*,#2422,.T.);
#1639=ORIENTED_EDGE('',*,*,#2588,.F.);
#1640=ORIENTED_EDGE('',*,*,#2252,.F.);
#1641=ORIENTED_EDGE('',*,*,#2665,.F.);
#1642=ORIENTED_EDGE('',*,*,#2424,.T.);
#1643=ORIENTED_EDGE('',*,*,#2666,.F.);
#1644=ORIENTED_EDGE('',*,*,#2250,.F.);
#1645=ORIENTED_EDGE('',*,*,#2667,.F.);
#1646=ORIENTED_EDGE('',*,*,#2248,.T.);
#1647=ORIENTED_EDGE('',*,*,#2587,.T.);
#1648=ORIENTED_EDGE('',*,*,#2426,.F.);
#1649=ORIENTED_EDGE('',*,*,#2668,.F.);
#1650=ORIENTED_EDGE('',*,*,#2249,.T.);
#1651=ORIENTED_EDGE('',*,*,#2668,.T.);
#1652=ORIENTED_EDGE('',*,*,#2425,.T.);
#1653=ORIENTED_EDGE('',*,*,#2667,.T.);
#1654=ORIENTED_EDGE('',*,*,#2251,.T.);
#1655=ORIENTED_EDGE('',*,*,#2666,.T.);
#1656=ORIENTED_EDGE('',*,*,#2423,.T.);
#1657=ORIENTED_EDGE('',*,*,#2665,.T.);
#1658=ORIENTED_EDGE('',*,*,#2428,.T.);
#1659=ORIENTED_EDGE('',*,*,#2586,.F.);
#1660=ORIENTED_EDGE('',*,*,#2246,.F.);
#1661=ORIENTED_EDGE('',*,*,#2669,.F.);
#1662=ORIENTED_EDGE('',*,*,#2430,.T.);
#1663=ORIENTED_EDGE('',*,*,#2670,.F.);
#1664=ORIENTED_EDGE('',*,*,#2244,.F.);
#1665=ORIENTED_EDGE('',*,*,#2671,.F.);
#1666=ORIENTED_EDGE('',*,*,#2242,.T.);
#1667=ORIENTED_EDGE('',*,*,#2585,.T.);
#1668=ORIENTED_EDGE('',*,*,#2432,.F.);
#1669=ORIENTED_EDGE('',*,*,#2672,.F.);
#1670=ORIENTED_EDGE('',*,*,#2243,.T.);
#1671=ORIENTED_EDGE('',*,*,#2672,.T.);
#1672=ORIENTED_EDGE('',*,*,#2431,.T.);
#1673=ORIENTED_EDGE('',*,*,#2671,.T.);
#1674=ORIENTED_EDGE('',*,*,#2245,.T.);
#1675=ORIENTED_EDGE('',*,*,#2670,.T.);
#1676=ORIENTED_EDGE('',*,*,#2429,.T.);
#1677=ORIENTED_EDGE('',*,*,#2669,.T.);
#1678=ORIENTED_EDGE('',*,*,#2434,.T.);
#1679=ORIENTED_EDGE('',*,*,#2584,.F.);
#1680=ORIENTED_EDGE('',*,*,#2240,.F.);
#1681=ORIENTED_EDGE('',*,*,#2673,.F.);
#1682=ORIENTED_EDGE('',*,*,#2436,.T.);
#1683=ORIENTED_EDGE('',*,*,#2674,.F.);
#1684=ORIENTED_EDGE('',*,*,#2238,.F.);
#1685=ORIENTED_EDGE('',*,*,#2675,.F.);
#1686=ORIENTED_EDGE('',*,*,#2236,.T.);
#1687=ORIENTED_EDGE('',*,*,#2583,.T.);
#1688=ORIENTED_EDGE('',*,*,#2438,.F.);
#1689=ORIENTED_EDGE('',*,*,#2676,.F.);
#1690=ORIENTED_EDGE('',*,*,#2237,.T.);
#1691=ORIENTED_EDGE('',*,*,#2676,.T.);
#1692=ORIENTED_EDGE('',*,*,#2437,.T.);
#1693=ORIENTED_EDGE('',*,*,#2675,.T.);
#1694=ORIENTED_EDGE('',*,*,#2239,.T.);
#1695=ORIENTED_EDGE('',*,*,#2674,.T.);
#1696=ORIENTED_EDGE('',*,*,#2435,.T.);
#1697=ORIENTED_EDGE('',*,*,#2673,.T.);
#1698=ORIENTED_EDGE('',*,*,#2440,.T.);
#1699=ORIENTED_EDGE('',*,*,#2582,.F.);
#1700=ORIENTED_EDGE('',*,*,#2234,.F.);
#1701=ORIENTED_EDGE('',*,*,#2677,.F.);
#1702=ORIENTED_EDGE('',*,*,#2442,.T.);
#1703=ORIENTED_EDGE('',*,*,#2678,.F.);
#1704=ORIENTED_EDGE('',*,*,#2232,.F.);
#1705=ORIENTED_EDGE('',*,*,#2679,.F.);
#1706=ORIENTED_EDGE('',*,*,#2230,.T.);
#1707=ORIENTED_EDGE('',*,*,#2581,.T.);
#1708=ORIENTED_EDGE('',*,*,#2444,.F.);
#1709=ORIENTED_EDGE('',*,*,#2680,.F.);
#1710=ORIENTED_EDGE('',*,*,#2231,.T.);
#1711=ORIENTED_EDGE('',*,*,#2680,.T.);
#1712=ORIENTED_EDGE('',*,*,#2443,.T.);
#1713=ORIENTED_EDGE('',*,*,#2679,.T.);
#1714=ORIENTED_EDGE('',*,*,#2233,.T.);
#1715=ORIENTED_EDGE('',*,*,#2678,.T.);
#1716=ORIENTED_EDGE('',*,*,#2441,.T.);
#1717=ORIENTED_EDGE('',*,*,#2677,.T.);
#1718=ORIENTED_EDGE('',*,*,#2446,.T.);
#1719=ORIENTED_EDGE('',*,*,#2580,.F.);
#1720=ORIENTED_EDGE('',*,*,#2228,.F.);
#1721=ORIENTED_EDGE('',*,*,#2681,.F.);
#1722=ORIENTED_EDGE('',*,*,#2448,.T.);
#1723=ORIENTED_EDGE('',*,*,#2682,.F.);
#1724=ORIENTED_EDGE('',*,*,#2226,.F.);
#1725=ORIENTED_EDGE('',*,*,#2683,.F.);
#1726=ORIENTED_EDGE('',*,*,#2224,.T.);
#1727=ORIENTED_EDGE('',*,*,#2579,.T.);
#1728=ORIENTED_EDGE('',*,*,#2450,.F.);
#1729=ORIENTED_EDGE('',*,*,#2684,.F.);
#1730=ORIENTED_EDGE('',*,*,#2225,.T.);
#1731=ORIENTED_EDGE('',*,*,#2684,.T.);
#1732=ORIENTED_EDGE('',*,*,#2449,.T.);
#1733=ORIENTED_EDGE('',*,*,#2683,.T.);
#1734=ORIENTED_EDGE('',*,*,#2227,.T.);
#1735=ORIENTED_EDGE('',*,*,#2682,.T.);
#1736=ORIENTED_EDGE('',*,*,#2447,.T.);
#1737=ORIENTED_EDGE('',*,*,#2681,.T.);
#1738=ORIENTED_EDGE('',*,*,#2452,.T.);
#1739=ORIENTED_EDGE('',*,*,#2578,.F.);
#1740=ORIENTED_EDGE('',*,*,#2222,.F.);
#1741=ORIENTED_EDGE('',*,*,#2685,.F.);
#1742=ORIENTED_EDGE('',*,*,#2454,.T.);
#1743=ORIENTED_EDGE('',*,*,#2686,.F.);
#1744=ORIENTED_EDGE('',*,*,#2220,.F.);
#1745=ORIENTED_EDGE('',*,*,#2687,.F.);
#1746=ORIENTED_EDGE('',*,*,#2218,.T.);
#1747=ORIENTED_EDGE('',*,*,#2577,.T.);
#1748=ORIENTED_EDGE('',*,*,#2456,.F.);
#1749=ORIENTED_EDGE('',*,*,#2688,.F.);
#1750=ORIENTED_EDGE('',*,*,#2219,.T.);
#1751=ORIENTED_EDGE('',*,*,#2688,.T.);
#1752=ORIENTED_EDGE('',*,*,#2455,.T.);
#1753=ORIENTED_EDGE('',*,*,#2687,.T.);
#1754=ORIENTED_EDGE('',*,*,#2221,.T.);
#1755=ORIENTED_EDGE('',*,*,#2686,.T.);
#1756=ORIENTED_EDGE('',*,*,#2453,.T.);
#1757=ORIENTED_EDGE('',*,*,#2685,.T.);
#1758=ORIENTED_EDGE('',*,*,#2458,.T.);
#1759=ORIENTED_EDGE('',*,*,#2576,.F.);
#1760=ORIENTED_EDGE('',*,*,#2216,.F.);
#1761=ORIENTED_EDGE('',*,*,#2689,.F.);
#1762=ORIENTED_EDGE('',*,*,#2460,.T.);
#1763=ORIENTED_EDGE('',*,*,#2690,.F.);
#1764=ORIENTED_EDGE('',*,*,#2214,.F.);
#1765=ORIENTED_EDGE('',*,*,#2691,.F.);
#1766=ORIENTED_EDGE('',*,*,#2212,.T.);
#1767=ORIENTED_EDGE('',*,*,#2575,.T.);
#1768=ORIENTED_EDGE('',*,*,#2462,.F.);
#1769=ORIENTED_EDGE('',*,*,#2692,.F.);
#1770=ORIENTED_EDGE('',*,*,#2213,.T.);
#1771=ORIENTED_EDGE('',*,*,#2692,.T.);
#1772=ORIENTED_EDGE('',*,*,#2461,.T.);
#1773=ORIENTED_EDGE('',*,*,#2691,.T.);
#1774=ORIENTED_EDGE('',*,*,#2215,.T.);
#1775=ORIENTED_EDGE('',*,*,#2690,.T.);
#1776=ORIENTED_EDGE('',*,*,#2459,.T.);
#1777=ORIENTED_EDGE('',*,*,#2689,.T.);
#1778=ORIENTED_EDGE('',*,*,#2506,.T.);
#1779=ORIENTED_EDGE('',*,*,#2571,.F.);
#1780=ORIENTED_EDGE('',*,*,#2168,.F.);
#1781=ORIENTED_EDGE('',*,*,#2693,.F.);
#1782=ORIENTED_EDGE('',*,*,#2508,.T.);
#1783=ORIENTED_EDGE('',*,*,#2694,.F.);
#1784=ORIENTED_EDGE('',*,*,#2166,.F.);
#1785=ORIENTED_EDGE('',*,*,#2695,.F.);
#1786=ORIENTED_EDGE('',*,*,#2164,.T.);
#1787=ORIENTED_EDGE('',*,*,#2573,.T.);
#1788=ORIENTED_EDGE('',*,*,#2510,.F.);
#1789=ORIENTED_EDGE('',*,*,#2696,.F.);
#1790=ORIENTED_EDGE('',*,*,#2165,.T.);
#1791=ORIENTED_EDGE('',*,*,#2696,.T.);
#1792=ORIENTED_EDGE('',*,*,#2509,.T.);
#1793=ORIENTED_EDGE('',*,*,#2695,.T.);
#1794=ORIENTED_EDGE('',*,*,#2167,.T.);
#1795=ORIENTED_EDGE('',*,*,#2694,.T.);
#1796=ORIENTED_EDGE('',*,*,#2507,.T.);
#1797=ORIENTED_EDGE('',*,*,#2693,.T.);
#1798=ORIENTED_EDGE('',*,*,#2500,.T.);
#1799=ORIENTED_EDGE('',*,*,#2569,.F.);
#1800=ORIENTED_EDGE('',*,*,#2174,.F.);
#1801=ORIENTED_EDGE('',*,*,#2697,.F.);
#1802=ORIENTED_EDGE('',*,*,#2502,.T.);
#1803=ORIENTED_EDGE('',*,*,#2698,.F.);
#1804=ORIENTED_EDGE('',*,*,#2172,.F.);
#1805=ORIENTED_EDGE('',*,*,#2699,.F.);
#1806=ORIENTED_EDGE('',*,*,#2170,.T.);
#1807=ORIENTED_EDGE('',*,*,#2570,.T.);
#1808=ORIENTED_EDGE('',*,*,#2504,.F.);
#1809=ORIENTED_EDGE('',*,*,#2700,.F.);
#1810=ORIENTED_EDGE('',*,*,#2171,.T.);
#1811=ORIENTED_EDGE('',*,*,#2700,.T.);
#1812=ORIENTED_EDGE('',*,*,#2503,.T.);
#1813=ORIENTED_EDGE('',*,*,#2699,.T.);
#1814=ORIENTED_EDGE('',*,*,#2173,.T.);
#1815=ORIENTED_EDGE('',*,*,#2698,.T.);
#1816=ORIENTED_EDGE('',*,*,#2501,.T.);
#1817=ORIENTED_EDGE('',*,*,#2697,.T.);
#1818=ORIENTED_EDGE('',*,*,#2494,.T.);
#1819=ORIENTED_EDGE('',*,*,#2567,.F.);
#1820=ORIENTED_EDGE('',*,*,#2180,.F.);
#1821=ORIENTED_EDGE('',*,*,#2701,.F.);
#1822=ORIENTED_EDGE('',*,*,#2496,.T.);
#1823=ORIENTED_EDGE('',*,*,#2702,.F.);
#1824=ORIENTED_EDGE('',*,*,#2178,.F.);
#1825=ORIENTED_EDGE('',*,*,#2703,.F.);
#1826=ORIENTED_EDGE('',*,*,#2176,.T.);
#1827=ORIENTED_EDGE('',*,*,#2568,.T.);
#1828=ORIENTED_EDGE('',*,*,#2498,.F.);
#1829=ORIENTED_EDGE('',*,*,#2704,.F.);
#1830=ORIENTED_EDGE('',*,*,#2177,.T.);
#1831=ORIENTED_EDGE('',*,*,#2704,.T.);
#1832=ORIENTED_EDGE('',*,*,#2497,.T.);
#1833=ORIENTED_EDGE('',*,*,#2703,.T.);
#1834=ORIENTED_EDGE('',*,*,#2179,.T.);
#1835=ORIENTED_EDGE('',*,*,#2702,.T.);
#1836=ORIENTED_EDGE('',*,*,#2495,.T.);
#1837=ORIENTED_EDGE('',*,*,#2701,.T.);
#1838=ORIENTED_EDGE('',*,*,#2488,.T.);
#1839=ORIENTED_EDGE('',*,*,#2561,.F.);
#1840=ORIENTED_EDGE('',*,*,#2186,.F.);
#1841=ORIENTED_EDGE('',*,*,#2705,.F.);
#1842=ORIENTED_EDGE('',*,*,#2490,.T.);
#1843=ORIENTED_EDGE('',*,*,#2706,.F.);
#1844=ORIENTED_EDGE('',*,*,#2184,.F.);
#1845=ORIENTED_EDGE('',*,*,#2707,.F.);
#1846=ORIENTED_EDGE('',*,*,#2182,.T.);
#1847=ORIENTED_EDGE('',*,*,#2566,.T.);
#1848=ORIENTED_EDGE('',*,*,#2492,.F.);
#1849=ORIENTED_EDGE('',*,*,#2708,.F.);
#1850=ORIENTED_EDGE('',*,*,#2183,.T.);
#1851=ORIENTED_EDGE('',*,*,#2708,.T.);
#1852=ORIENTED_EDGE('',*,*,#2491,.T.);
#1853=ORIENTED_EDGE('',*,*,#2707,.T.);
#1854=ORIENTED_EDGE('',*,*,#2185,.T.);
#1855=ORIENTED_EDGE('',*,*,#2706,.T.);
#1856=ORIENTED_EDGE('',*,*,#2489,.T.);
#1857=ORIENTED_EDGE('',*,*,#2705,.T.);
#1858=ORIENTED_EDGE('',*,*,#2464,.T.);
#1859=ORIENTED_EDGE('',*,*,#2574,.F.);
#1860=ORIENTED_EDGE('',*,*,#2210,.F.);
#1861=ORIENTED_EDGE('',*,*,#2709,.F.);
#1862=ORIENTED_EDGE('',*,*,#2466,.T.);
#1863=ORIENTED_EDGE('',*,*,#2710,.F.);
#1864=ORIENTED_EDGE('',*,*,#2208,.F.);
#1865=ORIENTED_EDGE('',*,*,#2711,.F.);
#1866=ORIENTED_EDGE('',*,*,#2206,.T.);
#1867=ORIENTED_EDGE('',*,*,#2565,.T.);
#1868=ORIENTED_EDGE('',*,*,#2468,.F.);
#1869=ORIENTED_EDGE('',*,*,#2712,.F.);
#1870=ORIENTED_EDGE('',*,*,#2207,.T.);
#1871=ORIENTED_EDGE('',*,*,#2712,.T.);
#1872=ORIENTED_EDGE('',*,*,#2467,.T.);
#1873=ORIENTED_EDGE('',*,*,#2711,.T.);
#1874=ORIENTED_EDGE('',*,*,#2209,.T.);
#1875=ORIENTED_EDGE('',*,*,#2710,.T.);
#1876=ORIENTED_EDGE('',*,*,#2465,.T.);
#1877=ORIENTED_EDGE('',*,*,#2709,.T.);
#1878=ORIENTED_EDGE('',*,*,#2470,.T.);
#1879=ORIENTED_EDGE('',*,*,#2564,.F.);
#1880=ORIENTED_EDGE('',*,*,#2204,.F.);
#1881=ORIENTED_EDGE('',*,*,#2713,.F.);
#1882=ORIENTED_EDGE('',*,*,#2472,.T.);
#1883=ORIENTED_EDGE('',*,*,#2714,.F.);
#1884=ORIENTED_EDGE('',*,*,#2202,.F.);
#1885=ORIENTED_EDGE('',*,*,#2715,.F.);
#1886=ORIENTED_EDGE('',*,*,#2200,.T.);
#1887=ORIENTED_EDGE('',*,*,#2563,.T.);
#1888=ORIENTED_EDGE('',*,*,#2474,.F.);
#1889=ORIENTED_EDGE('',*,*,#2716,.F.);
#1890=ORIENTED_EDGE('',*,*,#2201,.T.);
#1891=ORIENTED_EDGE('',*,*,#2716,.T.);
#1892=ORIENTED_EDGE('',*,*,#2473,.T.);
#1893=ORIENTED_EDGE('',*,*,#2715,.T.);
#1894=ORIENTED_EDGE('',*,*,#2203,.T.);
#1895=ORIENTED_EDGE('',*,*,#2714,.T.);
#1896=ORIENTED_EDGE('',*,*,#2471,.T.);
#1897=ORIENTED_EDGE('',*,*,#2713,.T.);
#1898=ORIENTED_EDGE('',*,*,#2482,.T.);
#1899=ORIENTED_EDGE('',*,*,#2559,.F.);
#1900=ORIENTED_EDGE('',*,*,#2192,.F.);
#1901=ORIENTED_EDGE('',*,*,#2717,.F.);
#1902=ORIENTED_EDGE('',*,*,#2484,.T.);
#1903=ORIENTED_EDGE('',*,*,#2718,.F.);
#1904=ORIENTED_EDGE('',*,*,#2190,.F.);
#1905=ORIENTED_EDGE('',*,*,#2719,.F.);
#1906=ORIENTED_EDGE('',*,*,#2188,.T.);
#1907=ORIENTED_EDGE('',*,*,#2560,.T.);
#1908=ORIENTED_EDGE('',*,*,#2486,.F.);
#1909=ORIENTED_EDGE('',*,*,#2720,.F.);
#1910=ORIENTED_EDGE('',*,*,#2189,.T.);
#1911=ORIENTED_EDGE('',*,*,#2720,.T.);
#1912=ORIENTED_EDGE('',*,*,#2485,.T.);
#1913=ORIENTED_EDGE('',*,*,#2719,.T.);
#1914=ORIENTED_EDGE('',*,*,#2191,.T.);
#1915=ORIENTED_EDGE('',*,*,#2718,.T.);
#1916=ORIENTED_EDGE('',*,*,#2483,.T.);
#1917=ORIENTED_EDGE('',*,*,#2717,.T.);
#1918=ORIENTED_EDGE('',*,*,#2476,.T.);
#1919=ORIENTED_EDGE('',*,*,#2562,.F.);
#1920=ORIENTED_EDGE('',*,*,#2198,.F.);
#1921=ORIENTED_EDGE('',*,*,#2721,.F.);
#1922=ORIENTED_EDGE('',*,*,#2478,.T.);
#1923=ORIENTED_EDGE('',*,*,#2722,.F.);
#1924=ORIENTED_EDGE('',*,*,#2196,.F.);
#1925=ORIENTED_EDGE('',*,*,#2723,.F.);
#1926=ORIENTED_EDGE('',*,*,#2194,.T.);
#1927=ORIENTED_EDGE('',*,*,#2558,.T.);
#1928=ORIENTED_EDGE('',*,*,#2480,.F.);
#1929=ORIENTED_EDGE('',*,*,#2724,.F.);
#1930=ORIENTED_EDGE('',*,*,#2195,.T.);
#1931=ORIENTED_EDGE('',*,*,#2724,.T.);
#1932=ORIENTED_EDGE('',*,*,#2479,.T.);
#1933=ORIENTED_EDGE('',*,*,#2723,.T.);
#1934=ORIENTED_EDGE('',*,*,#2197,.T.);
#1935=ORIENTED_EDGE('',*,*,#2722,.T.);
#1936=ORIENTED_EDGE('',*,*,#2477,.T.);
#1937=ORIENTED_EDGE('',*,*,#2721,.T.);
#1938=ORIENTED_EDGE('',*,*,#2512,.T.);
#1939=ORIENTED_EDGE('',*,*,#2572,.F.);
#1940=ORIENTED_EDGE('',*,*,#2162,.F.);
#1941=ORIENTED_EDGE('',*,*,#2725,.F.);
#1942=ORIENTED_EDGE('',*,*,#2514,.T.);
#1943=ORIENTED_EDGE('',*,*,#2726,.F.);
#1944=ORIENTED_EDGE('',*,*,#2160,.F.);
#1945=ORIENTED_EDGE('',*,*,#2727,.F.);
#1946=ORIENTED_EDGE('',*,*,#2158,.T.);
#1947=ORIENTED_EDGE('',*,*,#2557,.T.);
#1948=ORIENTED_EDGE('',*,*,#2516,.F.);
#1949=ORIENTED_EDGE('',*,*,#2728,.F.);
#1950=ORIENTED_EDGE('',*,*,#2159,.T.);
#1951=ORIENTED_EDGE('',*,*,#2728,.T.);
#1952=ORIENTED_EDGE('',*,*,#2515,.T.);
#1953=ORIENTED_EDGE('',*,*,#2727,.T.);
#1954=ORIENTED_EDGE('',*,*,#2161,.T.);
#1955=ORIENTED_EDGE('',*,*,#2726,.T.);
#1956=ORIENTED_EDGE('',*,*,#2513,.T.);
#1957=ORIENTED_EDGE('',*,*,#2725,.T.);
#1958=ORIENTED_EDGE('',*,*,#2518,.T.);
#1959=ORIENTED_EDGE('',*,*,#2556,.F.);
#1960=ORIENTED_EDGE('',*,*,#2156,.F.);
#1961=ORIENTED_EDGE('',*,*,#2729,.F.);
#1962=ORIENTED_EDGE('',*,*,#2520,.T.);
#1963=ORIENTED_EDGE('',*,*,#2730,.F.);
#1964=ORIENTED_EDGE('',*,*,#2154,.F.);
#1965=ORIENTED_EDGE('',*,*,#2731,.F.);
#1966=ORIENTED_EDGE('',*,*,#2152,.T.);
#1967=ORIENTED_EDGE('',*,*,#2555,.T.);
#1968=ORIENTED_EDGE('',*,*,#2522,.F.);
#1969=ORIENTED_EDGE('',*,*,#2732,.F.);
#1970=ORIENTED_EDGE('',*,*,#2153,.T.);
#1971=ORIENTED_EDGE('',*,*,#2732,.T.);
#1972=ORIENTED_EDGE('',*,*,#2521,.T.);
#1973=ORIENTED_EDGE('',*,*,#2731,.T.);
#1974=ORIENTED_EDGE('',*,*,#2155,.T.);
#1975=ORIENTED_EDGE('',*,*,#2730,.T.);
#1976=ORIENTED_EDGE('',*,*,#2519,.T.);
#1977=ORIENTED_EDGE('',*,*,#2729,.T.);
#1978=ORIENTED_EDGE('',*,*,#2524,.T.);
#1979=ORIENTED_EDGE('',*,*,#2554,.F.);
#1980=ORIENTED_EDGE('',*,*,#2150,.F.);
#1981=ORIENTED_EDGE('',*,*,#2733,.F.);
#1982=ORIENTED_EDGE('',*,*,#2149,.T.);
#1983=ORIENTED_EDGE('',*,*,#2553,.T.);
#1984=ORIENTED_EDGE('',*,*,#2525,.T.);
#1985=ORIENTED_EDGE('',*,*,#2733,.T.);
#1986=ORIENTED_EDGE('',*,*,#2147,.F.);
#1987=ORIENTED_EDGE('',*,*,#2734,.T.);
#1988=ORIENTED_EDGE('',*,*,#2527,.T.);
#1989=ORIENTED_EDGE('',*,*,#2552,.T.);
#1990=ORIENTED_EDGE('',*,*,#2145,.T.);
#1991=ORIENTED_EDGE('',*,*,#2735,.T.);
#1992=ORIENTED_EDGE('',*,*,#2529,.F.);
#1993=ORIENTED_EDGE('',*,*,#2736,.T.);
#1994=ORIENTED_EDGE('',*,*,#2143,.T.);
#1995=ORIENTED_EDGE('',*,*,#2737,.T.);
#1996=ORIENTED_EDGE('',*,*,#2531,.F.);
#1997=ORIENTED_EDGE('',*,*,#2738,.T.);
#1998=ORIENTED_EDGE('',*,*,#2141,.T.);
#1999=ORIENTED_EDGE('',*,*,#2739,.T.);
#2000=ORIENTED_EDGE('',*,*,#2533,.F.);
#2001=ORIENTED_EDGE('',*,*,#2740,.T.);
#2002=ORIENTED_EDGE('',*,*,#2139,.T.);
#2003=ORIENTED_EDGE('',*,*,#2741,.T.);
#2004=ORIENTED_EDGE('',*,*,#2535,.F.);
#2005=ORIENTED_EDGE('',*,*,#2742,.T.);
#2006=ORIENTED_EDGE('',*,*,#2137,.F.);
#2007=ORIENTED_EDGE('',*,*,#2743,.T.);
#2008=ORIENTED_EDGE('',*,*,#2537,.T.);
#2009=ORIENTED_EDGE('',*,*,#2744,.T.);
#2010=ORIENTED_EDGE('',*,*,#2135,.F.);
#2011=ORIENTED_EDGE('',*,*,#2745,.T.);
#2012=ORIENTED_EDGE('',*,*,#2341,.T.);
#2013=ORIENTED_EDGE('',*,*,#2746,.T.);
#2014=ORIENTED_EDGE('',*,*,#2133,.F.);
#2015=ORIENTED_EDGE('',*,*,#2747,.T.);
#2016=ORIENTED_EDGE('',*,*,#2343,.T.);
#2017=ORIENTED_EDGE('',*,*,#2748,.T.);
#2018=ORIENTED_EDGE('',*,*,#2345,.T.);
#2019=ORIENTED_EDGE('',*,*,#2749,.T.);
#2020=ORIENTED_EDGE('',*,*,#2329,.F.);
#2021=ORIENTED_EDGE('',*,*,#2614,.F.);
#2022=ORIENTED_EDGE('',*,*,#2545,.F.);
#2023=ORIENTED_EDGE('',*,*,#2750,.T.);
#2024=ORIENTED_EDGE('',*,*,#2123,.T.);
#2025=ORIENTED_EDGE('',*,*,#2751,.F.);
#2026=ORIENTED_EDGE('',*,*,#2122,.T.);
#2027=ORIENTED_EDGE('',*,*,#2752,.T.);
#2028=ORIENTED_EDGE('',*,*,#2540,.F.);
#2029=ORIENTED_EDGE('',*,*,#2751,.T.);
#2030=ORIENTED_EDGE('',*,*,#2542,.F.);
#2031=ORIENTED_EDGE('',*,*,#2753,.T.);
#2032=ORIENTED_EDGE('',*,*,#2120,.T.);
#2033=ORIENTED_EDGE('',*,*,#2754,.F.);
#2034=ORIENTED_EDGE('',*,*,#2125,.T.);
#2035=ORIENTED_EDGE('',*,*,#2755,.T.);
#2036=ORIENTED_EDGE('',*,*,#2543,.F.);
#2037=ORIENTED_EDGE('',*,*,#2754,.T.);
#2038=ORIENTED_EDGE('',*,*,#2129,.F.);
#2039=ORIENTED_EDGE('',*,*,#2756,.T.);
#2040=ORIENTED_EDGE('',*,*,#2546,.T.);
#2041=ORIENTED_EDGE('',*,*,#2757,.T.);
#2042=ORIENTED_EDGE('',*,*,#2548,.T.);
#2043=ORIENTED_EDGE('',*,*,#2758,.T.);
#2044=ORIENTED_EDGE('',*,*,#2127,.F.);
#2045=ORIENTED_EDGE('',*,*,#2759,.F.);
#2046=ORIENTED_EDGE('',*,*,#2132,.F.);
#2047=ORIENTED_EDGE('',*,*,#2760,.T.);
#2048=ORIENTED_EDGE('',*,*,#2549,.T.);
#2049=ORIENTED_EDGE('',*,*,#2759,.T.);
#2050=ORIENTED_EDGE('',*,*,#2551,.T.);
#2051=ORIENTED_EDGE('',*,*,#2761,.T.);
#2052=ORIENTED_EDGE('',*,*,#2130,.F.);
#2053=ORIENTED_EDGE('',*,*,#2757,.F.);
#2054=ORIENTED_EDGE('',*,*,#2541,.F.);
#2055=ORIENTED_EDGE('',*,*,#2752,.F.);
#2056=ORIENTED_EDGE('',*,*,#2121,.F.);
#2057=ORIENTED_EDGE('',*,*,#2753,.F.);
#2058=ORIENTED_EDGE('',*,*,#2544,.F.);
#2059=ORIENTED_EDGE('',*,*,#2755,.F.);
#2060=ORIENTED_EDGE('',*,*,#2124,.F.);
#2061=ORIENTED_EDGE('',*,*,#2750,.F.);
#2062=ORIENTED_EDGE('',*,*,#2550,.F.);
#2063=ORIENTED_EDGE('',*,*,#2760,.F.);
#2064=ORIENTED_EDGE('',*,*,#2131,.F.);
#2065=ORIENTED_EDGE('',*,*,#2761,.F.);
#2066=ORIENTED_EDGE('',*,*,#2547,.F.);
#2067=ORIENTED_EDGE('',*,*,#2756,.F.);
#2068=ORIENTED_EDGE('',*,*,#2128,.F.);
#2069=ORIENTED_EDGE('',*,*,#2758,.F.);
#2070=ORIENTED_EDGE('',*,*,#2344,.F.);
#2071=ORIENTED_EDGE('',*,*,#2747,.F.);
#2072=ORIENTED_EDGE('',*,*,#2330,.F.);
#2073=ORIENTED_EDGE('',*,*,#2749,.F.);
#2074=ORIENTED_EDGE('',*,*,#2342,.F.);
#2075=ORIENTED_EDGE('',*,*,#2745,.F.);
#2076=ORIENTED_EDGE('',*,*,#2134,.F.);
#2077=ORIENTED_EDGE('',*,*,#2748,.F.);
#2078=ORIENTED_EDGE('',*,*,#2538,.F.);
#2079=ORIENTED_EDGE('',*,*,#2743,.F.);
#2080=ORIENTED_EDGE('',*,*,#2136,.F.);
#2081=ORIENTED_EDGE('',*,*,#2746,.F.);
#2082=ORIENTED_EDGE('',*,*,#2536,.F.);
#2083=ORIENTED_EDGE('',*,*,#2741,.F.);
#2084=ORIENTED_EDGE('',*,*,#2138,.F.);
#2085=ORIENTED_EDGE('',*,*,#2744,.F.);
#2086=ORIENTED_EDGE('',*,*,#2534,.F.);
#2087=ORIENTED_EDGE('',*,*,#2739,.F.);
#2088=ORIENTED_EDGE('',*,*,#2140,.F.);
#2089=ORIENTED_EDGE('',*,*,#2742,.F.);
#2090=ORIENTED_EDGE('',*,*,#2532,.F.);
#2091=ORIENTED_EDGE('',*,*,#2737,.F.);
#2092=ORIENTED_EDGE('',*,*,#2142,.F.);
#2093=ORIENTED_EDGE('',*,*,#2740,.F.);
#2094=ORIENTED_EDGE('',*,*,#2530,.F.);
#2095=ORIENTED_EDGE('',*,*,#2735,.F.);
#2096=ORIENTED_EDGE('',*,*,#2144,.F.);
#2097=ORIENTED_EDGE('',*,*,#2738,.F.);
#2098=ORIENTED_EDGE('',*,*,#2528,.F.);
#2099=ORIENTED_EDGE('',*,*,#2734,.F.);
#2100=ORIENTED_EDGE('',*,*,#2146,.F.);
#2101=ORIENTED_EDGE('',*,*,#2736,.F.);
#2102=ORIENTED_EDGE('',*,*,#2762,.T.);
#2103=ORIENTED_EDGE('',*,*,#2119,.F.);
#2104=ORIENTED_EDGE('',*,*,#2340,.T.);
#2105=ORIENTED_EDGE('',*,*,#2762,.F.);
#2106=ORIENTED_EDGE('',*,*,#2763,.F.);
#2107=ORIENTED_EDGE('',*,*,#2332,.T.);
#2108=ORIENTED_EDGE('',*,*,#2763,.T.);
#2109=ORIENTED_EDGE('',*,*,#2338,.F.);
#2110=ORIENTED_EDGE('',*,*,#2764,.T.);
#2111=ORIENTED_EDGE('',*,*,#2331,.F.);
#2112=ORIENTED_EDGE('',*,*,#2764,.F.);
#2113=ORIENTED_EDGE('',*,*,#2336,.T.);
#2114=ORIENTED_EDGE('',*,*,#2765,.F.);
#2115=ORIENTED_EDGE('',*,*,#2118,.T.);
#2116=ORIENTED_EDGE('',*,*,#2334,.F.);
#2117=ORIENTED_EDGE('',*,*,#2765,.T.);
#2118=EDGE_CURVE('',#2766,#2766,#3204,.T.);
#2119=EDGE_CURVE('',#2767,#2767,#3205,.T.);
#2120=EDGE_CURVE('',#2768,#2769,#334,.T.);
#2121=EDGE_CURVE('',#2768,#2770,#3206,.T.);
#2122=EDGE_CURVE('',#2771,#2770,#335,.T.);
#2123=EDGE_CURVE('',#2772,#2771,#336,.T.);
#2124=EDGE_CURVE('',#2772,#2773,#3207,.F.);
#2125=EDGE_CURVE('',#2769,#2773,#337,.T.);
#2126=EDGE_CURVE('',#2774,#2774,#3208,.T.);
#2127=EDGE_CURVE('',#2775,#2776,#338,.T.);
#2128=EDGE_CURVE('',#2776,#2777,#3209,.T.);
#2129=EDGE_CURVE('',#2777,#2778,#339,.T.);
#2130=EDGE_CURVE('',#2778,#2779,#340,.T.);
#2131=EDGE_CURVE('',#2779,#2780,#3210,.F.);
#2132=EDGE_CURVE('',#2780,#2775,#341,.T.);
#2133=EDGE_CURVE('',#2781,#2782,#342,.T.);
#2134=EDGE_CURVE('',#2782,#2783,#3211,.T.);
#2135=EDGE_CURVE('',#2783,#2784,#343,.T.);
#2136=EDGE_CURVE('',#2784,#2785,#3212,.T.);
#2137=EDGE_CURVE('',#2785,#2786,#344,.T.);
#2138=EDGE_CURVE('',#2786,#2787,#3213,.F.);
#2139=EDGE_CURVE('',#2788,#2787,#345,.T.);
#2140=EDGE_CURVE('',#2788,#2789,#3214,.F.);
#2141=EDGE_CURVE('',#2790,#2789,#346,.T.);
#2142=EDGE_CURVE('',#2790,#2791,#3215,.T.);
#2143=EDGE_CURVE('',#2792,#2791,#347,.T.);
#2144=EDGE_CURVE('',#2792,#2793,#3216,.T.);
#2145=EDGE_CURVE('',#2794,#2793,#348,.T.);
#2146=EDGE_CURVE('',#2794,#2795,#3217,.F.);
#2147=EDGE_CURVE('',#2795,#2796,#349,.T.);
#2148=EDGE_CURVE('',#2796,#2797,#3218,.T.);
#2149=EDGE_CURVE('',#2798,#2797,#3219,.T.);
#2150=EDGE_CURVE('',#2798,#2799,#214,.T.);
#2151=EDGE_CURVE('',#2799,#2800,#3220,.T.);
#2152=EDGE_CURVE('',#2801,#2800,#215,.T.);
#2153=EDGE_CURVE('',#2802,#2801,#3221,.T.);
#2154=EDGE_CURVE('',#2802,#2803,#3222,.T.);
#2155=EDGE_CURVE('',#2804,#2803,#3223,.T.);
#2156=EDGE_CURVE('',#2804,#2805,#216,.T.);
#2157=EDGE_CURVE('',#2805,#2806,#3224,.T.);
#2158=EDGE_CURVE('',#2807,#2806,#217,.T.);
#2159=EDGE_CURVE('',#2808,#2807,#3225,.T.);
#2160=EDGE_CURVE('',#2808,#2809,#3226,.T.);
#2161=EDGE_CURVE('',#2810,#2809,#3227,.T.);
#2162=EDGE_CURVE('',#2810,#2811,#218,.T.);
#2163=EDGE_CURVE('',#2811,#2812,#3228,.T.);
#2164=EDGE_CURVE('',#2813,#2812,#219,.T.);
#2165=EDGE_CURVE('',#2814,#2813,#3229,.T.);
#2166=EDGE_CURVE('',#2814,#2815,#3230,.T.);
#2167=EDGE_CURVE('',#2816,#2815,#3231,.T.);
#2168=EDGE_CURVE('',#2816,#2817,#220,.T.);
#2169=EDGE_CURVE('',#2817,#2818,#3232,.T.);
#2170=EDGE_CURVE('',#2819,#2818,#221,.T.);
#2171=EDGE_CURVE('',#2820,#2819,#3233,.T.);
#2172=EDGE_CURVE('',#2820,#2821,#3234,.T.);
#2173=EDGE_CURVE('',#2822,#2821,#3235,.T.);
#2174=EDGE_CURVE('',#2822,#2823,#222,.T.);
#2175=EDGE_CURVE('',#2823,#2824,#3236,.T.);
#2176=EDGE_CURVE('',#2825,#2824,#223,.T.);
#2177=EDGE_CURVE('',#2826,#2825,#3237,.T.);
#2178=EDGE_CURVE('',#2826,#2827,#3238,.T.);
#2179=EDGE_CURVE('',#2828,#2827,#3239,.T.);
#2180=EDGE_CURVE('',#2828,#2829,#224,.T.);
#2181=EDGE_CURVE('',#2829,#2830,#3240,.T.);
#2182=EDGE_CURVE('',#2831,#2830,#225,.T.);
#2183=EDGE_CURVE('',#2832,#2831,#3241,.T.);
#2184=EDGE_CURVE('',#2832,#2833,#3242,.T.);
#2185=EDGE_CURVE('',#2834,#2833,#3243,.T.);
#2186=EDGE_CURVE('',#2834,#2835,#226,.T.);
#2187=EDGE_CURVE('',#2835,#2836,#3244,.T.);
#2188=EDGE_CURVE('',#2837,#2836,#227,.T.);
#2189=EDGE_CURVE('',#2838,#2837,#3245,.T.);
#2190=EDGE_CURVE('',#2838,#2839,#3246,.T.);
#2191=EDGE_CURVE('',#2840,#2839,#3247,.T.);
#2192=EDGE_CURVE('',#2840,#2841,#228,.T.);
#2193=EDGE_CURVE('',#2841,#2842,#3248,.T.);
#2194=EDGE_CURVE('',#2843,#2842,#229,.T.);
#2195=EDGE_CURVE('',#2844,#2843,#3249,.T.);
#2196=EDGE_CURVE('',#2844,#2845,#3250,.T.);
#2197=EDGE_CURVE('',#2846,#2845,#3251,.T.);
#2198=EDGE_CURVE('',#2846,#2847,#230,.T.);
#2199=EDGE_CURVE('',#2847,#2848,#3252,.T.);
#2200=EDGE_CURVE('',#2849,#2848,#231,.T.);
#2201=EDGE_CURVE('',#2850,#2849,#3253,.T.);
#2202=EDGE_CURVE('',#2850,#2851,#3254,.T.);
#2203=EDGE_CURVE('',#2852,#2851,#3255,.T.);
#2204=EDGE_CURVE('',#2852,#2853,#232,.T.);
#2205=EDGE_CURVE('',#2853,#2854,#3256,.T.);
#2206=EDGE_CURVE('',#2855,#2854,#233,.T.);
#2207=EDGE_CURVE('',#2856,#2855,#3257,.T.);
#2208=EDGE_CURVE('',#2856,#2857,#3258,.T.);
#2209=EDGE_CURVE('',#2858,#2857,#3259,.T.);
#2210=EDGE_CURVE('',#2858,#2859,#234,.T.);
#2211=EDGE_CURVE('',#2859,#2860,#3260,.T.);
#2212=EDGE_CURVE('',#2861,#2860,#235,.T.);
#2213=EDGE_CURVE('',#2862,#2861,#3261,.T.);
#2214=EDGE_CURVE('',#2862,#2863,#3262,.T.);
#2215=EDGE_CURVE('',#2864,#2863,#3263,.T.);
#2216=EDGE_CURVE('',#2864,#2865,#236,.T.);
#2217=EDGE_CURVE('',#2865,#2866,#3264,.T.);
#2218=EDGE_CURVE('',#2867,#2866,#237,.T.);
#2219=EDGE_CURVE('',#2868,#2867,#3265,.T.);
#2220=EDGE_CURVE('',#2868,#2869,#3266,.T.);
#2221=EDGE_CURVE('',#2870,#2869,#3267,.T.);
#2222=EDGE_CURVE('',#2870,#2871,#238,.T.);
#2223=EDGE_CURVE('',#2871,#2872,#3268,.T.);
#2224=EDGE_CURVE('',#2873,#2872,#239,.T.);
#2225=EDGE_CURVE('',#2874,#2873,#3269,.T.);
#2226=EDGE_CURVE('',#2874,#2875,#3270,.T.);
#2227=EDGE_CURVE('',#2876,#2875,#3271,.T.);
#2228=EDGE_CURVE('',#2876,#2877,#240,.T.);
#2229=EDGE_CURVE('',#2877,#2878,#3272,.T.);
#2230=EDGE_CURVE('',#2879,#2878,#241,.T.);
#2231=EDGE_CURVE('',#2880,#2879,#3273,.T.);
#2232=EDGE_CURVE('',#2880,#2881,#3274,.T.);
#2233=EDGE_CURVE('',#2882,#2881,#3275,.T.);
#2234=EDGE_CURVE('',#2882,#2883,#242,.T.);
#2235=EDGE_CURVE('',#2883,#2884,#3276,.T.);
#2236=EDGE_CURVE('',#2885,#2884,#243,.T.);
#2237=EDGE_CURVE('',#2886,#2885,#3277,.T.);
#2238=EDGE_CURVE('',#2886,#2887,#3278,.T.);
#2239=EDGE_CURVE('',#2888,#2887,#3279,.T.);
#2240=EDGE_CURVE('',#2888,#2889,#244,.T.);
#2241=EDGE_CURVE('',#2889,#2890,#3280,.T.);
#2242=EDGE_CURVE('',#2891,#2890,#245,.T.);
#2243=EDGE_CURVE('',#2892,#2891,#3281,.T.);
#2244=EDGE_CURVE('',#2892,#2893,#3282,.T.);
#2245=EDGE_CURVE('',#2894,#2893,#3283,.T.);
#2246=EDGE_CURVE('',#2894,#2895,#246,.T.);
#2247=EDGE_CURVE('',#2895,#2896,#3284,.T.);
#2248=EDGE_CURVE('',#2897,#2896,#247,.T.);
#2249=EDGE_CURVE('',#2898,#2897,#3285,.T.);
#2250=EDGE_CURVE('',#2898,#2899,#3286,.T.);
#2251=EDGE_CURVE('',#2900,#2899,#3287,.T.);
#2252=EDGE_CURVE('',#2900,#2901,#248,.T.);
#2253=EDGE_CURVE('',#2901,#2902,#3288,.T.);
#2254=EDGE_CURVE('',#2903,#2902,#249,.T.);
#2255=EDGE_CURVE('',#2904,#2903,#3289,.T.);
#2256=EDGE_CURVE('',#2904,#2905,#3290,.T.);
#2257=EDGE_CURVE('',#2906,#2905,#3291,.T.);
#2258=EDGE_CURVE('',#2906,#2907,#250,.T.);
#2259=EDGE_CURVE('',#2907,#2908,#3292,.T.);
#2260=EDGE_CURVE('',#2909,#2908,#251,.T.);
#2261=EDGE_CURVE('',#2910,#2909,#3293,.T.);
#2262=EDGE_CURVE('',#2910,#2911,#3294,.T.);
#2263=EDGE_CURVE('',#2912,#2911,#3295,.T.);
#2264=EDGE_CURVE('',#2912,#2913,#252,.T.);
#2265=EDGE_CURVE('',#2913,#2914,#3296,.T.);
#2266=EDGE_CURVE('',#2915,#2914,#253,.T.);
#2267=EDGE_CURVE('',#2916,#2915,#3297,.T.);
#2268=EDGE_CURVE('',#2916,#2917,#3298,.T.);
#2269=EDGE_CURVE('',#2918,#2917,#3299,.T.);
#2270=EDGE_CURVE('',#2918,#2919,#254,.T.);
#2271=EDGE_CURVE('',#2919,#2920,#3300,.T.);
#2272=EDGE_CURVE('',#2921,#2920,#255,.T.);
#2273=EDGE_CURVE('',#2922,#2921,#3301,.T.);
#2274=EDGE_CURVE('',#2922,#2923,#3302,.T.);
#2275=EDGE_CURVE('',#2924,#2923,#3303,.T.);
#2276=EDGE_CURVE('',#2924,#2925,#256,.T.);
#2277=EDGE_CURVE('',#2925,#2926,#3304,.T.);
#2278=EDGE_CURVE('',#2927,#2926,#257,.T.);
#2279=EDGE_CURVE('',#2928,#2927,#3305,.T.);
#2280=EDGE_CURVE('',#2928,#2929,#3306,.T.);
#2281=EDGE_CURVE('',#2930,#2929,#3307,.T.);
#2282=EDGE_CURVE('',#2930,#2931,#258,.T.);
#2283=EDGE_CURVE('',#2931,#2932,#3308,.T.);
#2284=EDGE_CURVE('',#2933,#2932,#259,.T.);
#2285=EDGE_CURVE('',#2934,#2933,#3309,.T.);
#2286=EDGE_CURVE('',#2934,#2935,#3310,.T.);
#2287=EDGE_CURVE('',#2936,#2935,#3311,.T.);
#2288=EDGE_CURVE('',#2936,#2937,#260,.T.);
#2289=EDGE_CURVE('',#2937,#2938,#3312,.T.);
#2290=EDGE_CURVE('',#2939,#2938,#261,.T.);
#2291=EDGE_CURVE('',#2940,#2939,#3313,.T.);
#2292=EDGE_CURVE('',#2940,#2941,#3314,.T.);
#2293=EDGE_CURVE('',#2942,#2941,#3315,.T.);
#2294=EDGE_CURVE('',#2942,#2943,#262,.T.);
#2295=EDGE_CURVE('',#2943,#2944,#3316,.T.);
#2296=EDGE_CURVE('',#2945,#2944,#263,.T.);
#2297=EDGE_CURVE('',#2946,#2945,#3317,.T.);
#2298=EDGE_CURVE('',#2946,#2947,#3318,.T.);
#2299=EDGE_CURVE('',#2948,#2947,#3319,.T.);
#2300=EDGE_CURVE('',#2948,#2949,#264,.T.);
#2301=EDGE_CURVE('',#2949,#2950,#3320,.T.);
#2302=EDGE_CURVE('',#2951,#2950,#265,.T.);
#2303=EDGE_CURVE('',#2952,#2951,#3321,.T.);
#2304=EDGE_CURVE('',#2952,#2953,#3322,.T.);
#2305=EDGE_CURVE('',#2954,#2953,#3323,.T.);
#2306=EDGE_CURVE('',#2954,#2955,#266,.T.);
#2307=EDGE_CURVE('',#2955,#2956,#3324,.T.);
#2308=EDGE_CURVE('',#2957,#2956,#267,.T.);
#2309=EDGE_CURVE('',#2958,#2957,#3325,.T.);
#2310=EDGE_CURVE('',#2958,#2959,#3326,.T.);
#2311=EDGE_CURVE('',#2960,#2959,#3327,.T.);
#2312=EDGE_CURVE('',#2960,#2961,#268,.T.);
#2313=EDGE_CURVE('',#2961,#2962,#3328,.T.);
#2314=EDGE_CURVE('',#2963,#2962,#269,.T.);
#2315=EDGE_CURVE('',#2964,#2963,#3329,.T.);
#2316=EDGE_CURVE('',#2964,#2965,#3330,.T.);
#2317=EDGE_CURVE('',#2966,#2965,#3331,.T.);
#2318=EDGE_CURVE('',#2966,#2967,#270,.T.);
#2319=EDGE_CURVE('',#2967,#2968,#3332,.T.);
#2320=EDGE_CURVE('',#2969,#2968,#271,.T.);
#2321=EDGE_CURVE('',#2970,#2969,#3333,.T.);
#2322=EDGE_CURVE('',#2970,#2971,#3334,.T.);
#2323=EDGE_CURVE('',#2972,#2971,#3335,.T.);
#2324=EDGE_CURVE('',#2972,#2973,#272,.T.);
#2325=EDGE_CURVE('',#2973,#2974,#3336,.T.);
#2326=EDGE_CURVE('',#2975,#2974,#273,.T.);
#2327=EDGE_CURVE('',#2976,#2975,#3337,.T.);
#2328=EDGE_CURVE('',#2976,#2977,#3338,.T.);
#2329=EDGE_CURVE('',#2977,#2978,#350,.T.);
#2330=EDGE_CURVE('',#2978,#2781,#3339,.F.);
#2331=EDGE_CURVE('',#2979,#2979,#3340,.T.);
#2332=EDGE_CURVE('',#2980,#2980,#3341,.T.);
#2333=EDGE_CURVE('',#2981,#2981,#3342,.T.);
#2334=EDGE_CURVE('',#2982,#2982,#3343,.T.);
#2335=EDGE_CURVE('',#2983,#2983,#3344,.F.);
#2336=EDGE_CURVE('',#2984,#2984,#3345,.T.);
#2337=EDGE_CURVE('',#2985,#2985,#3346,.T.);
#2338=EDGE_CURVE('',#2986,#2986,#3347,.T.);
#2339=EDGE_CURVE('',#2987,#2987,#3348,.F.);
#2340=EDGE_CURVE('',#2988,#2988,#3349,.T.);
#2341=EDGE_CURVE('',#2989,#2990,#351,.T.);
#2342=EDGE_CURVE('',#2989,#2991,#3350,.F.);
#2343=EDGE_CURVE('',#2992,#2991,#352,.T.);
#2344=EDGE_CURVE('',#2992,#2993,#3351,.T.);
#2345=EDGE_CURVE('',#2994,#2993,#353,.T.);
#2346=EDGE_CURVE('',#2995,#2994,#3352,.T.);
#2347=EDGE_CURVE('',#2996,#2995,#3353,.F.);
#2348=EDGE_CURVE('',#2996,#2997,#274,.T.);
#2349=EDGE_CURVE('',#2998,#2997,#3354,.T.);
#2350=EDGE_CURVE('',#2999,#2998,#275,.T.);
#2351=EDGE_CURVE('',#3000,#2999,#3355,.F.);
#2352=EDGE_CURVE('',#3001,#3000,#3356,.T.);
#2353=EDGE_CURVE('',#3002,#3001,#3357,.F.);
#2354=EDGE_CURVE('',#3002,#3003,#276,.T.);
#2355=EDGE_CURVE('',#3004,#3003,#3358,.T.);
#2356=EDGE_CURVE('',#3005,#3004,#277,.T.);
#2357=EDGE_CURVE('',#3006,#3005,#3359,.F.);
#2358=EDGE_CURVE('',#3007,#3006,#3360,.T.);
#2359=EDGE_CURVE('',#3008,#3007,#3361,.F.);
#2360=EDGE_CURVE('',#3008,#3009,#278,.T.);
#2361=EDGE_CURVE('',#3010,#3009,#3362,.T.);
#2362=EDGE_CURVE('',#3011,#3010,#279,.T.);
#2363=EDGE_CURVE('',#3012,#3011,#3363,.F.);
#2364=EDGE_CURVE('',#3013,#3012,#3364,.T.);
#2365=EDGE_CURVE('',#3014,#3013,#3365,.F.);
#2366=EDGE_CURVE('',#3014,#3015,#280,.T.);
#2367=EDGE_CURVE('',#3016,#3015,#3366,.T.);
#2368=EDGE_CURVE('',#3017,#3016,#281,.T.);
#2369=EDGE_CURVE('',#3018,#3017,#3367,.F.);
#2370=EDGE_CURVE('',#3019,#3018,#3368,.T.);
#2371=EDGE_CURVE('',#3020,#3019,#3369,.F.);
#2372=EDGE_CURVE('',#3020,#3021,#282,.T.);
#2373=EDGE_CURVE('',#3022,#3021,#3370,.T.);
#2374=EDGE_CURVE('',#3023,#3022,#283,.T.);
#2375=EDGE_CURVE('',#3024,#3023,#3371,.F.);
#2376=EDGE_CURVE('',#3025,#3024,#3372,.T.);
#2377=EDGE_CURVE('',#3026,#3025,#3373,.F.);
#2378=EDGE_CURVE('',#3026,#3027,#284,.T.);
#2379=EDGE_CURVE('',#3028,#3027,#3374,.T.);
#2380=EDGE_CURVE('',#3029,#3028,#285,.T.);
#2381=EDGE_CURVE('',#3030,#3029,#3375,.F.);
#2382=EDGE_CURVE('',#3031,#3030,#3376,.T.);
#2383=EDGE_CURVE('',#3032,#3031,#3377,.F.);
#2384=EDGE_CURVE('',#3032,#3033,#286,.T.);
#2385=EDGE_CURVE('',#3034,#3033,#3378,.T.);
#2386=EDGE_CURVE('',#3035,#3034,#287,.T.);
#2387=EDGE_CURVE('',#3036,#3035,#3379,.F.);
#2388=EDGE_CURVE('',#3037,#3036,#3380,.T.);
#2389=EDGE_CURVE('',#3038,#3037,#3381,.F.);
#2390=EDGE_CURVE('',#3038,#3039,#288,.T.);
#2391=EDGE_CURVE('',#3040,#3039,#3382,.T.);
#2392=EDGE_CURVE('',#3041,#3040,#289,.T.);
#2393=EDGE_CURVE('',#3042,#3041,#3383,.F.);
#2394=EDGE_CURVE('',#3043,#3042,#3384,.T.);
#2395=EDGE_CURVE('',#3044,#3043,#3385,.F.);
#2396=EDGE_CURVE('',#3044,#3045,#290,.T.);
#2397=EDGE_CURVE('',#3046,#3045,#3386,.T.);
#2398=EDGE_CURVE('',#3047,#3046,#291,.T.);
#2399=EDGE_CURVE('',#3048,#3047,#3387,.F.);
#2400=EDGE_CURVE('',#3049,#3048,#3388,.T.);
#2401=EDGE_CURVE('',#3050,#3049,#3389,.F.);
#2402=EDGE_CURVE('',#3050,#3051,#292,.T.);
#2403=EDGE_CURVE('',#3052,#3051,#3390,.T.);
#2404=EDGE_CURVE('',#3053,#3052,#293,.T.);
#2405=EDGE_CURVE('',#3054,#3053,#3391,.F.);
#2406=EDGE_CURVE('',#3055,#3054,#3392,.T.);
#2407=EDGE_CURVE('',#3056,#3055,#3393,.F.);
#2408=EDGE_CURVE('',#3056,#3057,#294,.T.);
#2409=EDGE_CURVE('',#3058,#3057,#3394,.T.);
#2410=EDGE_CURVE('',#3059,#3058,#295,.T.);
#2411=EDGE_CURVE('',#3060,#3059,#3395,.F.);
#2412=EDGE_CURVE('',#3061,#3060,#3396,.T.);
#2413=EDGE_CURVE('',#3062,#3061,#3397,.F.);
#2414=EDGE_CURVE('',#3062,#3063,#296,.T.);
#2415=EDGE_CURVE('',#3064,#3063,#3398,.T.);
#2416=EDGE_CURVE('',#3065,#3064,#297,.T.);
#2417=EDGE_CURVE('',#3066,#3065,#3399,.F.);
#2418=EDGE_CURVE('',#3067,#3066,#3400,.T.);
#2419=EDGE_CURVE('',#3068,#3067,#3401,.F.);
#2420=EDGE_CURVE('',#3068,#3069,#298,.T.);
#2421=EDGE_CURVE('',#3070,#3069,#3402,.T.);
#2422=EDGE_CURVE('',#3071,#3070,#299,.T.);
#2423=EDGE_CURVE('',#3072,#3071,#3403,.F.);
#2424=EDGE_CURVE('',#3073,#3072,#3404,.T.);
#2425=EDGE_CURVE('',#3074,#3073,#3405,.F.);
#2426=EDGE_CURVE('',#3074,#3075,#300,.T.);
#2427=EDGE_CURVE('',#3076,#3075,#3406,.T.);
#2428=EDGE_CURVE('',#3077,#3076,#301,.T.);
#2429=EDGE_CURVE('',#3078,#3077,#3407,.F.);
#2430=EDGE_CURVE('',#3079,#3078,#3408,.T.);
#2431=EDGE_CURVE('',#3080,#3079,#3409,.F.);
#2432=EDGE_CURVE('',#3080,#3081,#302,.T.);
#2433=EDGE_CURVE('',#3082,#3081,#3410,.T.);
#2434=EDGE_CURVE('',#3083,#3082,#303,.T.);
#2435=EDGE_CURVE('',#3084,#3083,#3411,.F.);
#2436=EDGE_CURVE('',#3085,#3084,#3412,.T.);
#2437=EDGE_CURVE('',#3086,#3085,#3413,.F.);
#2438=EDGE_CURVE('',#3086,#3087,#304,.T.);
#2439=EDGE_CURVE('',#3088,#3087,#3414,.T.);
#2440=EDGE_CURVE('',#3089,#3088,#305,.T.);
#2441=EDGE_CURVE('',#3090,#3089,#3415,.F.);
#2442=EDGE_CURVE('',#3091,#3090,#3416,.T.);
#2443=EDGE_CURVE('',#3092,#3091,#3417,.F.);
#2444=EDGE_CURVE('',#3092,#3093,#306,.T.);
#2445=EDGE_CURVE('',#3094,#3093,#3418,.T.);
#2446=EDGE_CURVE('',#3095,#3094,#307,.T.);
#2447=EDGE_CURVE('',#3096,#3095,#3419,.F.);
#2448=EDGE_CURVE('',#3097,#3096,#3420,.T.);
#2449=EDGE_CURVE('',#3098,#3097,#3421,.F.);
#2450=EDGE_CURVE('',#3098,#3099,#308,.T.);
#2451=EDGE_CURVE('',#3100,#3099,#3422,.T.);
#2452=EDGE_CURVE('',#3101,#3100,#309,.T.);
#2453=EDGE_CURVE('',#3102,#3101,#3423,.F.);
#2454=EDGE_CURVE('',#3103,#3102,#3424,.T.);
#2455=EDGE_CURVE('',#3104,#3103,#3425,.F.);
#2456=EDGE_CURVE('',#3104,#3105,#310,.T.);
#2457=EDGE_CURVE('',#3106,#3105,#3426,.T.);
#2458=EDGE_CURVE('',#3107,#3106,#311,.T.);
#2459=EDGE_CURVE('',#3108,#3107,#3427,.F.);
#2460=EDGE_CURVE('',#3109,#3108,#3428,.T.);
#2461=EDGE_CURVE('',#3110,#3109,#3429,.F.);
#2462=EDGE_CURVE('',#3110,#3111,#312,.T.);
#2463=EDGE_CURVE('',#3112,#3111,#3430,.T.);
#2464=EDGE_CURVE('',#3113,#3112,#313,.T.);
#2465=EDGE_CURVE('',#3114,#3113,#3431,.F.);
#2466=EDGE_CURVE('',#3115,#3114,#3432,.T.);
#2467=EDGE_CURVE('',#3116,#3115,#3433,.F.);
#2468=EDGE_CURVE('',#3116,#3117,#314,.T.);
#2469=EDGE_CURVE('',#3118,#3117,#3434,.T.);
#2470=EDGE_CURVE('',#3119,#3118,#315,.T.);
#2471=EDGE_CURVE('',#3120,#3119,#3435,.F.);
#2472=EDGE_CURVE('',#3121,#3120,#3436,.T.);
#2473=EDGE_CURVE('',#3122,#3121,#3437,.F.);
#2474=EDGE_CURVE('',#3122,#3123,#316,.T.);
#2475=EDGE_CURVE('',#3124,#3123,#3438,.T.);
#2476=EDGE_CURVE('',#3125,#3124,#317,.T.);
#2477=EDGE_CURVE('',#3126,#3125,#3439,.F.);
#2478=EDGE_CURVE('',#3127,#3126,#3440,.T.);
#2479=EDGE_CURVE('',#3128,#3127,#3441,.F.);
#2480=EDGE_CURVE('',#3128,#3129,#318,.T.);
#2481=EDGE_CURVE('',#3130,#3129,#3442,.T.);
#2482=EDGE_CURVE('',#3131,#3130,#319,.T.);
#2483=EDGE_CURVE('',#3132,#3131,#3443,.F.);
#2484=EDGE_CURVE('',#3133,#3132,#3444,.T.);
#2485=EDGE_CURVE('',#3134,#3133,#3445,.F.);
#2486=EDGE_CURVE('',#3134,#3135,#320,.T.);
#2487=EDGE_CURVE('',#3136,#3135,#3446,.T.);
#2488=EDGE_CURVE('',#3137,#3136,#321,.T.);
#2489=EDGE_CURVE('',#3138,#3137,#3447,.F.);
#2490=EDGE_CURVE('',#3139,#3138,#3448,.T.);
#2491=EDGE_CURVE('',#3140,#3139,#3449,.F.);
#2492=EDGE_CURVE('',#3140,#3141,#322,.T.);
#2493=EDGE_CURVE('',#3142,#3141,#3450,.T.);
#2494=EDGE_CURVE('',#3143,#3142,#323,.T.);
#2495=EDGE_CURVE('',#3144,#3143,#3451,.F.);
#2496=EDGE_CURVE('',#3145,#3144,#3452,.T.);
#2497=EDGE_CURVE('',#3146,#3145,#3453,.F.);
#2498=EDGE_CURVE('',#3146,#3147,#324,.T.);
#2499=EDGE_CURVE('',#3148,#3147,#3454,.T.);
#2500=EDGE_CURVE('',#3149,#3148,#325,.T.);
#2501=EDGE_CURVE('',#3150,#3149,#3455,.F.);
#2502=EDGE_CURVE('',#3151,#3150,#3456,.T.);
#2503=EDGE_CURVE('',#3152,#3151,#3457,.F.);
#2504=EDGE_CURVE('',#3152,#3153,#326,.T.);
#2505=EDGE_CURVE('',#3154,#3153,#3458,.T.);
#2506=EDGE_CURVE('',#3155,#3154,#327,.T.);
#2507=EDGE_CURVE('',#3156,#3155,#3459,.F.);
#2508=EDGE_CURVE('',#3157,#3156,#3460,.T.);
#2509=EDGE_CURVE('',#3158,#3157,#3461,.F.);
#2510=EDGE_CURVE('',#3158,#3159,#328,.T.);
#2511=EDGE_CURVE('',#3160,#3159,#3462,.T.);
#2512=EDGE_CURVE('',#3161,#3160,#329,.T.);
#2513=EDGE_CURVE('',#3162,#3161,#3463,.F.);
#2514=EDGE_CURVE('',#3163,#3162,#3464,.T.);
#2515=EDGE_CURVE('',#3164,#3163,#3465,.F.);
#2516=EDGE_CURVE('',#3164,#3165,#330,.T.);
#2517=EDGE_CURVE('',#3166,#3165,#3466,.T.);
#2518=EDGE_CURVE('',#3167,#3166,#331,.T.);
#2519=EDGE_CURVE('',#3168,#3167,#3467,.F.);
#2520=EDGE_CURVE('',#3169,#3168,#3468,.T.);
#2521=EDGE_CURVE('',#3170,#3169,#3469,.F.);
#2522=EDGE_CURVE('',#3170,#3171,#332,.T.);
#2523=EDGE_CURVE('',#3172,#3171,#3470,.T.);
#2524=EDGE_CURVE('',#3173,#3172,#333,.T.);
#2525=EDGE_CURVE('',#3174,#3173,#3471,.F.);
#2526=EDGE_CURVE('',#3175,#3174,#3472,.T.);
#2527=EDGE_CURVE('',#3176,#3175,#354,.T.);
#2528=EDGE_CURVE('',#3176,#3177,#3473,.T.);
#2529=EDGE_CURVE('',#3177,#3178,#355,.T.);
#2530=EDGE_CURVE('',#3178,#3179,#3474,.F.);
#2531=EDGE_CURVE('',#3179,#3180,#356,.T.);
#2532=EDGE_CURVE('',#3180,#3181,#3475,.F.);
#2533=EDGE_CURVE('',#3181,#3182,#357,.T.);
#2534=EDGE_CURVE('',#3182,#3183,#3476,.T.);
#2535=EDGE_CURVE('',#3183,#3184,#358,.T.);
#2536=EDGE_CURVE('',#3184,#3185,#3477,.T.);
#2537=EDGE_CURVE('',#3186,#3185,#359,.T.);
#2538=EDGE_CURVE('',#3186,#2990,#3478,.F.);
#2539=EDGE_CURVE('',#3187,#3187,#3479,.T.);
#2540=EDGE_CURVE('',#3188,#3189,#360,.T.);
#2541=EDGE_CURVE('',#3189,#3190,#3480,.F.);
#2542=EDGE_CURVE('',#3190,#3191,#361,.T.);
#2543=EDGE_CURVE('',#3191,#3192,#362,.T.);
#2544=EDGE_CURVE('',#3192,#3193,#3481,.T.);
#2545=EDGE_CURVE('',#3193,#3188,#363,.T.);
#2546=EDGE_CURVE('',#3194,#3195,#364,.T.);
#2547=EDGE_CURVE('',#3194,#3196,#3482,.F.);
#2548=EDGE_CURVE('',#3197,#3196,#365,.T.);
#2549=EDGE_CURVE('',#3198,#3197,#366,.T.);
#2550=EDGE_CURVE('',#3198,#3199,#3483,.T.);
#2551=EDGE_CURVE('',#3195,#3199,#367,.T.);
#2552=EDGE_CURVE('',#3175,#2796,#368,.T.);
#2553=EDGE_CURVE('',#2797,#3174,#369,.T.);
#2554=EDGE_CURVE('',#2799,#3172,#370,.T.);
#2555=EDGE_CURVE('',#2800,#3171,#371,.T.);
#2556=EDGE_CURVE('',#2805,#3166,#372,.T.);
#2557=EDGE_CURVE('',#2806,#3165,#373,.T.);
#2558=EDGE_CURVE('',#2842,#3129,#374,.T.);
#2559=EDGE_CURVE('',#2841,#3130,#375,.T.);
#2560=EDGE_CURVE('',#2836,#3135,#376,.T.);
#2561=EDGE_CURVE('',#2835,#3136,#377,.T.);
#2562=EDGE_CURVE('',#2847,#3124,#378,.T.);
#2563=EDGE_CURVE('',#2848,#3123,#379,.T.);
#2564=EDGE_CURVE('',#2853,#3118,#380,.T.);
#2565=EDGE_CURVE('',#2854,#3117,#381,.T.);
#2566=EDGE_CURVE('',#2830,#3141,#382,.T.);
#2567=EDGE_CURVE('',#2829,#3142,#383,.T.);
#2568=EDGE_CURVE('',#2824,#3147,#384,.T.);
#2569=EDGE_CURVE('',#2823,#3148,#385,.T.);
#2570=EDGE_CURVE('',#2818,#3153,#386,.T.);
#2571=EDGE_CURVE('',#2817,#3154,#387,.T.);
#2572=EDGE_CURVE('',#2811,#3160,#388,.T.);
#2573=EDGE_CURVE('',#2812,#3159,#389,.T.);
#2574=EDGE_CURVE('',#2859,#3112,#390,.T.);
#2575=EDGE_CURVE('',#2860,#3111,#391,.T.);
#2576=EDGE_CURVE('',#2865,#3106,#392,.T.);
#2577=EDGE_CURVE('',#2866,#3105,#393,.T.);
#2578=EDGE_CURVE('',#2871,#3100,#394,.T.);
#2579=EDGE_CURVE('',#2872,#3099,#395,.T.);
#2580=EDGE_CURVE('',#2877,#3094,#396,.T.);
#2581=EDGE_CURVE('',#2878,#3093,#397,.T.);
#2582=EDGE_CURVE('',#2883,#3088,#398,.T.);
#2583=EDGE_CURVE('',#2884,#3087,#399,.T.);
#2584=EDGE_CURVE('',#2889,#3082,#400,.T.);
#2585=EDGE_CURVE('',#2890,#3081,#401,.T.);
#2586=EDGE_CURVE('',#2895,#3076,#402,.T.);
#2587=EDGE_CURVE('',#2896,#3075,#403,.T.);
#2588=EDGE_CURVE('',#2901,#3070,#404,.T.);
#2589=EDGE_CURVE('',#2902,#3069,#405,.T.);
#2590=EDGE_CURVE('',#2950,#3021,#406,.T.);
#2591=EDGE_CURVE('',#2949,#3022,#407,.T.);
#2592=EDGE_CURVE('',#2944,#3027,#408,.T.);
#2593=EDGE_CURVE('',#2943,#3028,#409,.T.);
#2594=EDGE_CURVE('',#2932,#3039,#410,.T.);
#2595=EDGE_CURVE('',#2931,#3040,#411,.T.);
#2596=EDGE_CURVE('',#2937,#3034,#412,.T.);
#2597=EDGE_CURVE('',#2938,#3033,#413,.T.);
#2598=EDGE_CURVE('',#2920,#3051,#414,.T.);
#2599=EDGE_CURVE('',#2919,#3052,#415,.T.);
#2600=EDGE_CURVE('',#2925,#3046,#416,.T.);
#2601=EDGE_CURVE('',#2926,#3045,#417,.T.);
#2602=EDGE_CURVE('',#2914,#3057,#418,.T.);
#2603=EDGE_CURVE('',#2913,#3058,#419,.T.);
#2604=EDGE_CURVE('',#2907,#3064,#420,.T.);
#2605=EDGE_CURVE('',#2908,#3063,#421,.T.);
#2606=EDGE_CURVE('',#2955,#3016,#422,.T.);
#2607=EDGE_CURVE('',#2956,#3015,#423,.T.);
#2608=EDGE_CURVE('',#2961,#3010,#424,.T.);
#2609=EDGE_CURVE('',#2962,#3009,#425,.T.);
#2610=EDGE_CURVE('',#2967,#3004,#426,.T.);
#2611=EDGE_CURVE('',#2968,#3003,#427,.T.);
#2612=EDGE_CURVE('',#2973,#2998,#428,.T.);
#2613=EDGE_CURVE('',#2974,#2997,#429,.T.);
#2614=EDGE_CURVE('',#2994,#2977,#430,.T.);
#2615=EDGE_CURVE('',#2995,#2976,#431,.F.);
#2616=EDGE_CURVE('',#2975,#2996,#432,.T.);
#2617=EDGE_CURVE('',#2999,#2972,#433,.F.);
#2618=EDGE_CURVE('',#2971,#3000,#434,.T.);
#2619=EDGE_CURVE('',#3001,#2970,#435,.F.);
#2620=EDGE_CURVE('',#2969,#3002,#436,.T.);
#2621=EDGE_CURVE('',#3005,#2966,#437,.F.);
#2622=EDGE_CURVE('',#2965,#3006,#438,.T.);
#2623=EDGE_CURVE('',#3007,#2964,#439,.F.);
#2624=EDGE_CURVE('',#2963,#3008,#440,.T.);
#2625=EDGE_CURVE('',#3011,#2960,#441,.F.);
#2626=EDGE_CURVE('',#2959,#3012,#442,.T.);
#2627=EDGE_CURVE('',#3013,#2958,#443,.F.);
#2628=EDGE_CURVE('',#2957,#3014,#444,.T.);
#2629=EDGE_CURVE('',#3059,#2912,#445,.F.);
#2630=EDGE_CURVE('',#2911,#3060,#446,.T.);
#2631=EDGE_CURVE('',#3061,#2910,#447,.F.);
#2632=EDGE_CURVE('',#2909,#3062,#448,.T.);
#2633=EDGE_CURVE('',#3053,#2918,#449,.F.);
#2634=EDGE_CURVE('',#2917,#3054,#450,.T.);
#2635=EDGE_CURVE('',#3055,#2916,#451,.F.);
#2636=EDGE_CURVE('',#2915,#3056,#452,.T.);
#2637=EDGE_CURVE('',#3041,#2930,#453,.F.);
#2638=EDGE_CURVE('',#2929,#3042,#454,.T.);
#2639=EDGE_CURVE('',#3043,#2928,#455,.F.);
#2640=EDGE_CURVE('',#2927,#3044,#456,.T.);
#2641=EDGE_CURVE('',#3047,#2924,#457,.F.);
#2642=EDGE_CURVE('',#2923,#3048,#458,.T.);
#2643=EDGE_CURVE('',#3049,#2922,#459,.F.);
#2644=EDGE_CURVE('',#2921,#3050,#460,.T.);
#2645=EDGE_CURVE('',#3029,#2942,#461,.F.);
#2646=EDGE_CURVE('',#2941,#3030,#462,.T.);
#2647=EDGE_CURVE('',#3031,#2940,#463,.F.);
#2648=EDGE_CURVE('',#2939,#3032,#464,.T.);
#2649=EDGE_CURVE('',#3035,#2936,#465,.F.);
#2650=EDGE_CURVE('',#2935,#3036,#466,.T.);
#2651=EDGE_CURVE('',#3037,#2934,#467,.F.);
#2652=EDGE_CURVE('',#2933,#3038,#468,.T.);
#2653=EDGE_CURVE('',#3023,#2948,#469,.F.);
#2654=EDGE_CURVE('',#2947,#3024,#470,.T.);
#2655=EDGE_CURVE('',#3025,#2946,#471,.F.);
#2656=EDGE_CURVE('',#2945,#3026,#472,.T.);
#2657=EDGE_CURVE('',#3017,#2954,#473,.F.);
#2658=EDGE_CURVE('',#2953,#3018,#474,.T.);
#2659=EDGE_CURVE('',#3019,#2952,#475,.F.);
#2660=EDGE_CURVE('',#2951,#3020,#476,.T.);
#2661=EDGE_CURVE('',#3065,#2906,#477,.F.);
#2662=EDGE_CURVE('',#2905,#3066,#478,.T.);
#2663=EDGE_CURVE('',#3067,#2904,#479,.F.);
#2664=EDGE_CURVE('',#2903,#3068,#480,.T.);
#2665=EDGE_CURVE('',#3071,#2900,#481,.F.);
#2666=EDGE_CURVE('',#2899,#3072,#482,.T.);
#2667=EDGE_CURVE('',#3073,#2898,#483,.F.);
#2668=EDGE_CURVE('',#2897,#3074,#484,.T.);
#2669=EDGE_CURVE('',#3077,#2894,#485,.F.);
#2670=EDGE_CURVE('',#2893,#3078,#486,.T.);
#2671=EDGE_CURVE('',#3079,#2892,#487,.F.);
#2672=EDGE_CURVE('',#2891,#3080,#488,.T.);
#2673=EDGE_CURVE('',#3083,#2888,#489,.F.);
#2674=EDGE_CURVE('',#2887,#3084,#490,.T.);
#2675=EDGE_CURVE('',#3085,#2886,#491,.F.);
#2676=EDGE_CURVE('',#2885,#3086,#492,.T.);
#2677=EDGE_CURVE('',#3089,#2882,#493,.F.);
#2678=EDGE_CURVE('',#2881,#3090,#494,.T.);
#2679=EDGE_CURVE('',#3091,#2880,#495,.F.);
#2680=EDGE_CURVE('',#2879,#3092,#496,.T.);
#2681=EDGE_CURVE('',#3095,#2876,#497,.F.);
#2682=EDGE_CURVE('',#2875,#3096,#498,.T.);
#2683=EDGE_CURVE('',#3097,#2874,#499,.F.);
#2684=EDGE_CURVE('',#2873,#3098,#500,.T.);
#2685=EDGE_CURVE('',#3101,#2870,#501,.F.);
#2686=EDGE_CURVE('',#2869,#3102,#502,.T.);
#2687=EDGE_CURVE('',#3103,#2868,#503,.F.);
#2688=EDGE_CURVE('',#2867,#3104,#504,.T.);
#2689=EDGE_CURVE('',#3107,#2864,#505,.F.);
#2690=EDGE_CURVE('',#2863,#3108,#506,.T.);
#2691=EDGE_CURVE('',#3109,#2862,#507,.F.);
#2692=EDGE_CURVE('',#2861,#3110,#508,.T.);
#2693=EDGE_CURVE('',#3155,#2816,#509,.F.);
#2694=EDGE_CURVE('',#2815,#3156,#510,.T.);
#2695=EDGE_CURVE('',#3157,#2814,#511,.F.);
#2696=EDGE_CURVE('',#2813,#3158,#512,.T.);
#2697=EDGE_CURVE('',#3149,#2822,#513,.F.);
#2698=EDGE_CURVE('',#2821,#3150,#514,.T.);
#2699=EDGE_CURVE('',#3151,#2820,#515,.F.);
#2700=EDGE_CURVE('',#2819,#3152,#516,.T.);
#2701=EDGE_CURVE('',#3143,#2828,#517,.F.);
#2702=EDGE_CURVE('',#2827,#3144,#518,.T.);
#2703=EDGE_CURVE('',#3145,#2826,#519,.F.);
#2704=EDGE_CURVE('',#2825,#3146,#520,.T.);
#2705=EDGE_CURVE('',#3137,#2834,#521,.F.);
#2706=EDGE_CURVE('',#2833,#3138,#522,.T.);
#2707=EDGE_CURVE('',#3139,#2832,#523,.F.);
#2708=EDGE_CURVE('',#2831,#3140,#524,.T.);
#2709=EDGE_CURVE('',#3113,#2858,#525,.F.);
#2710=EDGE_CURVE('',#2857,#3114,#526,.T.);
#2711=EDGE_CURVE('',#3115,#2856,#527,.F.);
#2712=EDGE_CURVE('',#2855,#3116,#528,.T.);
#2713=EDGE_CURVE('',#3119,#2852,#529,.F.);
#2714=EDGE_CURVE('',#2851,#3120,#530,.T.);
#2715=EDGE_CURVE('',#3121,#2850,#531,.F.);
#2716=EDGE_CURVE('',#2849,#3122,#532,.T.);
#2717=EDGE_CURVE('',#3131,#2840,#533,.F.);
#2718=EDGE_CURVE('',#2839,#3132,#534,.T.);
#2719=EDGE_CURVE('',#3133,#2838,#535,.F.);
#2720=EDGE_CURVE('',#2837,#3134,#536,.T.);
#2721=EDGE_CURVE('',#3125,#2846,#537,.F.);
#2722=EDGE_CURVE('',#2845,#3126,#538,.T.);
#2723=EDGE_CURVE('',#3127,#2844,#539,.F.);
#2724=EDGE_CURVE('',#2843,#3128,#540,.T.);
#2725=EDGE_CURVE('',#3161,#2810,#541,.F.);
#2726=EDGE_CURVE('',#2809,#3162,#542,.T.);
#2727=EDGE_CURVE('',#3163,#2808,#543,.F.);
#2728=EDGE_CURVE('',#2807,#3164,#544,.T.);
#2729=EDGE_CURVE('',#3167,#2804,#545,.F.);
#2730=EDGE_CURVE('',#2803,#3168,#546,.T.);
#2731=EDGE_CURVE('',#3169,#2802,#547,.F.);
#2732=EDGE_CURVE('',#2801,#3170,#548,.T.);
#2733=EDGE_CURVE('',#3173,#2798,#549,.F.);
#2734=EDGE_CURVE('',#2795,#3176,#550,.F.);
#2735=EDGE_CURVE('',#2793,#3178,#551,.F.);
#2736=EDGE_CURVE('',#3177,#2794,#552,.T.);
#2737=EDGE_CURVE('',#2791,#3180,#553,.F.);
#2738=EDGE_CURVE('',#3179,#2792,#554,.T.);
#2739=EDGE_CURVE('',#2789,#3182,#555,.F.);
#2740=EDGE_CURVE('',#3181,#2790,#556,.T.);
#2741=EDGE_CURVE('',#2787,#3184,#557,.F.);
#2742=EDGE_CURVE('',#3183,#2788,#558,.T.);
#2743=EDGE_CURVE('',#2785,#3186,#559,.F.);
#2744=EDGE_CURVE('',#3185,#2786,#560,.T.);
#2745=EDGE_CURVE('',#2783,#2989,#561,.F.);
#2746=EDGE_CURVE('',#2990,#2784,#562,.T.);
#2747=EDGE_CURVE('',#2781,#2992,#563,.F.);
#2748=EDGE_CURVE('',#2991,#2782,#564,.T.);
#2749=EDGE_CURVE('',#2993,#2978,#565,.T.);
#2750=EDGE_CURVE('',#3193,#2772,#566,.T.);
#2751=EDGE_CURVE('',#3188,#2771,#567,.T.);
#2752=EDGE_CURVE('',#2770,#3189,#568,.F.);
#2753=EDGE_CURVE('',#3190,#2768,#569,.T.);
#2754=EDGE_CURVE('',#3191,#2769,#570,.T.);
#2755=EDGE_CURVE('',#2773,#3192,#571,.F.);
#2756=EDGE_CURVE('',#2777,#3194,#572,.F.);
#2757=EDGE_CURVE('',#3195,#2778,#573,.T.);
#2758=EDGE_CURVE('',#3196,#2776,#574,.T.);
#2759=EDGE_CURVE('',#3197,#2775,#575,.T.);
#2760=EDGE_CURVE('',#2780,#3198,#576,.F.);
#2761=EDGE_CURVE('',#3199,#2779,#577,.T.);
#2762=EDGE_CURVE('',#3200,#3200,#3484,.T.);
#2763=EDGE_CURVE('',#3201,#3201,#3485,.T.);
#2764=EDGE_CURVE('',#3202,#3202,#3486,.T.);
#2765=EDGE_CURVE('',#3203,#3203,#3487,.T.);
#2766=VERTEX_POINT('',#5849);
#2767=VERTEX_POINT('',#5851);
#2768=VERTEX_POINT('',#5853);
#2769=VERTEX_POINT('',#5854);
#2770=VERTEX_POINT('',#5856);
#2771=VERTEX_POINT('',#5858);
#2772=VERTEX_POINT('',#5860);
#2773=VERTEX_POINT('',#5862);
#2774=VERTEX_POINT('',#5865);
#2775=VERTEX_POINT('',#5867);
#2776=VERTEX_POINT('',#5868);
#2777=VERTEX_POINT('',#5870);
#2778=VERTEX_POINT('',#5872);
#2779=VERTEX_POINT('',#5874);
#2780=VERTEX_POINT('',#5876);
#2781=VERTEX_POINT('',#5879);
#2782=VERTEX_POINT('',#5880);
#2783=VERTEX_POINT('',#5882);
#2784=VERTEX_POINT('',#5884);
#2785=VERTEX_POINT('',#5886);
#2786=VERTEX_POINT('',#5888);
#2787=VERTEX_POINT('',#5890);
#2788=VERTEX_POINT('',#5892);
#2789=VERTEX_POINT('',#5894);
#2790=VERTEX_POINT('',#5896);
#2791=VERTEX_POINT('',#5898);
#2792=VERTEX_POINT('',#5900);
#2793=VERTEX_POINT('',#5902);
#2794=VERTEX_POINT('',#5904);
#2795=VERTEX_POINT('',#5906);
#2796=VERTEX_POINT('',#5908);
#2797=VERTEX_POINT('',#5910);
#2798=VERTEX_POINT('',#5912);
#2799=VERTEX_POINT('',#5929);
#2800=VERTEX_POINT('',#5931);
#2801=VERTEX_POINT('',#5948);
#2802=VERTEX_POINT('',#5950);
#2803=VERTEX_POINT('',#5952);
#2804=VERTEX_POINT('',#5954);
#2805=VERTEX_POINT('',#5971);
#2806=VERTEX_POINT('',#5973);
#2807=VERTEX_POINT('',#5990);
#2808=VERTEX_POINT('',#5992);
#2809=VERTEX_POINT('',#5994);
#2810=VERTEX_POINT('',#5996);
#2811=VERTEX_POINT('',#6013);
#2812=VERTEX_POINT('',#6015);
#2813=VERTEX_POINT('',#6032);
#2814=VERTEX_POINT('',#6034);
#2815=VERTEX_POINT('',#6036);
#2816=VERTEX_POINT('',#6038);
#2817=VERTEX_POINT('',#6055);
#2818=VERTEX_POINT('',#6057);
#2819=VERTEX_POINT('',#6074);
#2820=VERTEX_POINT('',#6076);
#2821=VERTEX_POINT('',#6078);
#2822=VERTEX_POINT('',#6080);
#2823=VERTEX_POINT('',#6097);
#2824=VERTEX_POINT('',#6099);
#2825=VERTEX_POINT('',#6116);
#2826=VERTEX_POINT('',#6118);
#2827=VERTEX_POINT('',#6120);
#2828=VERTEX_POINT('',#6122);
#2829=VERTEX_POINT('',#6139);
#2830=VERTEX_POINT('',#6141);
#2831=VERTEX_POINT('',#6158);
#2832=VERTEX_POINT('',#6160);
#2833=VERTEX_POINT('',#6162);
#2834=VERTEX_POINT('',#6164);
#2835=VERTEX_POINT('',#6181);
#2836=VERTEX_POINT('',#6183);
#2837=VERTEX_POINT('',#6200);
#2838=VERTEX_POINT('',#6202);
#2839=VERTEX_POINT('',#6204);
#2840=VERTEX_POINT('',#6206);
#2841=VERTEX_POINT('',#6223);
#2842=VERTEX_POINT('',#6225);
#2843=VERTEX_POINT('',#6242);
#2844=VERTEX_POINT('',#6244);
#2845=VERTEX_POINT('',#6246);
#2846=VERTEX_POINT('',#6248);
#2847=VERTEX_POINT('',#6265);
#2848=VERTEX_POINT('',#6267);
#2849=VERTEX_POINT('',#6284);
#2850=VERTEX_POINT('',#6286);
#2851=VERTEX_POINT('',#6288);
#2852=VERTEX_POINT('',#6290);
#2853=VERTEX_POINT('',#6307);
#2854=VERTEX_POINT('',#6309);
#2855=VERTEX_POINT('',#6326);
#2856=VERTEX_POINT('',#6328);
#2857=VERTEX_POINT('',#6330);
#2858=VERTEX_POINT('',#6332);
#2859=VERTEX_POINT('',#6349);
#2860=VERTEX_POINT('',#6351);
#2861=VERTEX_POINT('',#6368);
#2862=VERTEX_POINT('',#6370);
#2863=VERTEX_POINT('',#6372);
#2864=VERTEX_POINT('',#6374);
#2865=VERTEX_POINT('',#6391);
#2866=VERTEX_POINT('',#6393);
#2867=VERTEX_POINT('',#6410);
#2868=VERTEX_POINT('',#6412);
#2869=VERTEX_POINT('',#6414);
#2870=VERTEX_POINT('',#6416);
#2871=VERTEX_POINT('',#6433);
#2872=VERTEX_POINT('',#6435);
#2873=VERTEX_POINT('',#6452);
#2874=VERTEX_POINT('',#6454);
#2875=VERTEX_POINT('',#6456);
#2876=VERTEX_POINT('',#6458);
#2877=VERTEX_POINT('',#6475);
#2878=VERTEX_POINT('',#6477);
#2879=VERTEX_POINT('',#6494);
#2880=VERTEX_POINT('',#6496);
#2881=VERTEX_POINT('',#6498);
#2882=VERTEX_POINT('',#6500);
#2883=VERTEX_POINT('',#6517);
#2884=VERTEX_POINT('',#6519);
#2885=VERTEX_POINT('',#6536);
#2886=VERTEX_POINT('',#6538);
#2887=VERTEX_POINT('',#6540);
#2888=VERTEX_POINT('',#6542);
#2889=VERTEX_POINT('',#6559);
#2890=VERTEX_POINT('',#6561);
#2891=VERTEX_POINT('',#6578);
#2892=VERTEX_POINT('',#6580);
#2893=VERTEX_POINT('',#6582);
#2894=VERTEX_POINT('',#6584);
#2895=VERTEX_POINT('',#6601);
#2896=VERTEX_POINT('',#6603);
#2897=VERTEX_POINT('',#6620);
#2898=VERTEX_POINT('',#6622);
#2899=VERTEX_POINT('',#6624);
#2900=VERTEX_POINT('',#6626);
#2901=VERTEX_POINT('',#6643);
#2902=VERTEX_POINT('',#6645);
#2903=VERTEX_POINT('',#6662);
#2904=VERTEX_POINT('',#6664);
#2905=VERTEX_POINT('',#6666);
#2906=VERTEX_POINT('',#6668);
#2907=VERTEX_POINT('',#6685);
#2908=VERTEX_POINT('',#6687);
#2909=VERTEX_POINT('',#6704);
#2910=VERTEX_POINT('',#6706);
#2911=VERTEX_POINT('',#6708);
#2912=VERTEX_POINT('',#6710);
#2913=VERTEX_POINT('',#6727);
#2914=VERTEX_POINT('',#6729);
#2915=VERTEX_POINT('',#6746);
#2916=VERTEX_POINT('',#6748);
#2917=VERTEX_POINT('',#6750);
#2918=VERTEX_POINT('',#6752);
#2919=VERTEX_POINT('',#6769);
#2920=VERTEX_POINT('',#6771);
#2921=VERTEX_POINT('',#6788);
#2922=VERTEX_POINT('',#6790);
#2923=VERTEX_POINT('',#6792);
#2924=VERTEX_POINT('',#6794);
#2925=VERTEX_POINT('',#6811);
#2926=VERTEX_POINT('',#6813);
#2927=VERTEX_POINT('',#6830);
#2928=VERTEX_POINT('',#6832);
#2929=VERTEX_POINT('',#6834);
#2930=VERTEX_POINT('',#6836);
#2931=VERTEX_POINT('',#6853);
#2932=VERTEX_POINT('',#6855);
#2933=VERTEX_POINT('',#6872);
#2934=VERTEX_POINT('',#6874);
#2935=VERTEX_POINT('',#6876);
#2936=VERTEX_POINT('',#6878);
#2937=VERTEX_POINT('',#6895);
#2938=VERTEX_POINT('',#6897);
#2939=VERTEX_POINT('',#6914);
#2940=VERTEX_POINT('',#6916);
#2941=VERTEX_POINT('',#6918);
#2942=VERTEX_POINT('',#6920);
#2943=VERTEX_POINT('',#6937);
#2944=VERTEX_POINT('',#6939);
#2945=VERTEX_POINT('',#6956);
#2946=VERTEX_POINT('',#6958);
#2947=VERTEX_POINT('',#6960);
#2948=VERTEX_POINT('',#6962);
#2949=VERTEX_POINT('',#6979);
#2950=VERTEX_POINT('',#6981);
#2951=VERTEX_POINT('',#6998);
#2952=VERTEX_POINT('',#7000);
#2953=VERTEX_POINT('',#7002);
#2954=VERTEX_POINT('',#7004);
#2955=VERTEX_POINT('',#7021);
#2956=VERTEX_POINT('',#7023);
#2957=VERTEX_POINT('',#7040);
#2958=VERTEX_POINT('',#7042);
#2959=VERTEX_POINT('',#7044);
#2960=VERTEX_POINT('',#7046);
#2961=VERTEX_POINT('',#7063);
#2962=VERTEX_POINT('',#7065);
#2963=VERTEX_POINT('',#7082);
#2964=VERTEX_POINT('',#7084);
#2965=VERTEX_POINT('',#7086);
#2966=VERTEX_POINT('',#7088);
#2967=VERTEX_POINT('',#7105);
#2968=VERTEX_POINT('',#7107);
#2969=VERTEX_POINT('',#7124);
#2970=VERTEX_POINT('',#7126);
#2971=VERTEX_POINT('',#7128);
#2972=VERTEX_POINT('',#7130);
#2973=VERTEX_POINT('',#7147);
#2974=VERTEX_POINT('',#7149);
#2975=VERTEX_POINT('',#7166);
#2976=VERTEX_POINT('',#7168);
#2977=VERTEX_POINT('',#7170);
#2978=VERTEX_POINT('',#7172);
#2979=VERTEX_POINT('',#7175);
#2980=VERTEX_POINT('',#7177);
#2981=VERTEX_POINT('',#7180);
#2982=VERTEX_POINT('',#7182);
#2983=VERTEX_POINT('',#7185);
#2984=VERTEX_POINT('',#7187);
#2985=VERTEX_POINT('',#7190);
#2986=VERTEX_POINT('',#7192);
#2987=VERTEX_POINT('',#7195);
#2988=VERTEX_POINT('',#7197);
#2989=VERTEX_POINT('',#7200);
#2990=VERTEX_POINT('',#7201);
#2991=VERTEX_POINT('',#7203);
#2992=VERTEX_POINT('',#7205);
#2993=VERTEX_POINT('',#7207);
#2994=VERTEX_POINT('',#7209);
#2995=VERTEX_POINT('',#7211);
#2996=VERTEX_POINT('',#7213);
#2997=VERTEX_POINT('',#7230);
#2998=VERTEX_POINT('',#7232);
#2999=VERTEX_POINT('',#7249);
#3000=VERTEX_POINT('',#7251);
#3001=VERTEX_POINT('',#7253);
#3002=VERTEX_POINT('',#7255);
#3003=VERTEX_POINT('',#7272);
#3004=VERTEX_POINT('',#7274);
#3005=VERTEX_POINT('',#7291);
#3006=VERTEX_POINT('',#7293);
#3007=VERTEX_POINT('',#7295);
#3008=VERTEX_POINT('',#7297);
#3009=VERTEX_POINT('',#7314);
#3010=VERTEX_POINT('',#7316);
#3011=VERTEX_POINT('',#7333);
#3012=VERTEX_POINT('',#7335);
#3013=VERTEX_POINT('',#7337);
#3014=VERTEX_POINT('',#7339);
#3015=VERTEX_POINT('',#7356);
#3016=VERTEX_POINT('',#7358);
#3017=VERTEX_POINT('',#7375);
#3018=VERTEX_POINT('',#7377);
#3019=VERTEX_POINT('',#7379);
#3020=VERTEX_POINT('',#7381);
#3021=VERTEX_POINT('',#7398);
#3022=VERTEX_POINT('',#7400);
#3023=VERTEX_POINT('',#7417);
#3024=VERTEX_POINT('',#7419);
#3025=VERTEX_POINT('',#7421);
#3026=VERTEX_POINT('',#7423);
#3027=VERTEX_POINT('',#7440);
#3028=VERTEX_POINT('',#7442);
#3029=VERTEX_POINT('',#7459);
#3030=VERTEX_POINT('',#7461);
#3031=VERTEX_POINT('',#7463);
#3032=VERTEX_POINT('',#7465);
#3033=VERTEX_POINT('',#7482);
#3034=VERTEX_POINT('',#7484);
#3035=VERTEX_POINT('',#7501);
#3036=VERTEX_POINT('',#7503);
#3037=VERTEX_POINT('',#7505);
#3038=VERTEX_POINT('',#7507);
#3039=VERTEX_POINT('',#7524);
#3040=VERTEX_POINT('',#7526);
#3041=VERTEX_POINT('',#7543);
#3042=VERTEX_POINT('',#7545);
#3043=VERTEX_POINT('',#7547);
#3044=VERTEX_POINT('',#7549);
#3045=VERTEX_POINT('',#7566);
#3046=VERTEX_POINT('',#7568);
#3047=VERTEX_POINT('',#7585);
#3048=VERTEX_POINT('',#7587);
#3049=VERTEX_POINT('',#7589);
#3050=VERTEX_POINT('',#7591);
#3051=VERTEX_POINT('',#7608);
#3052=VERTEX_POINT('',#7610);
#3053=VERTEX_POINT('',#7627);
#3054=VERTEX_POINT('',#7629);
#3055=VERTEX_POINT('',#7631);
#3056=VERTEX_POINT('',#7633);
#3057=VERTEX_POINT('',#7650);
#3058=VERTEX_POINT('',#7652);
#3059=VERTEX_POINT('',#7669);
#3060=VERTEX_POINT('',#7671);
#3061=VERTEX_POINT('',#7673);
#3062=VERTEX_POINT('',#7675);
#3063=VERTEX_POINT('',#7692);
#3064=VERTEX_POINT('',#7694);
#3065=VERTEX_POINT('',#7711);
#3066=VERTEX_POINT('',#7713);
#3067=VERTEX_POINT('',#7715);
#3068=VERTEX_POINT('',#7717);
#3069=VERTEX_POINT('',#7734);
#3070=VERTEX_POINT('',#7736);
#3071=VERTEX_POINT('',#7753);
#3072=VERTEX_POINT('',#7755);
#3073=VERTEX_POINT('',#7757);
#3074=VERTEX_POINT('',#7759);
#3075=VERTEX_POINT('',#7776);
#3076=VERTEX_POINT('',#7778);
#3077=VERTEX_POINT('',#7795);
#3078=VERTEX_POINT('',#7797);
#3079=VERTEX_POINT('',#7799);
#3080=VERTEX_POINT('',#7801);
#3081=VERTEX_POINT('',#7818);
#3082=VERTEX_POINT('',#7820);
#3083=VERTEX_POINT('',#7837);
#3084=VERTEX_POINT('',#7839);
#3085=VERTEX_POINT('',#7841);
#3086=VERTEX_POINT('',#7843);
#3087=VERTEX_POINT('',#7860);
#3088=VERTEX_POINT('',#7862);
#3089=VERTEX_POINT('',#7879);
#3090=VERTEX_POINT('',#7881);
#3091=VERTEX_POINT('',#7883);
#3092=VERTEX_POINT('',#7885);
#3093=VERTEX_POINT('',#7902);
#3094=VERTEX_POINT('',#7904);
#3095=VERTEX_POINT('',#7921);
#3096=VERTEX_POINT('',#7923);
#3097=VERTEX_POINT('',#7925);
#3098=VERTEX_POINT('',#7927);
#3099=VERTEX_POINT('',#7944);
#3100=VERTEX_POINT('',#7946);
#3101=VERTEX_POINT('',#7963);
#3102=VERTEX_POINT('',#7965);
#3103=VERTEX_POINT('',#7967);
#3104=VERTEX_POINT('',#7969);
#3105=VERTEX_POINT('',#7986);
#3106=VERTEX_POINT('',#7988);
#3107=VERTEX_POINT('',#8005);
#3108=VERTEX_POINT('',#8007);
#3109=VERTEX_POINT('',#8009);
#3110=VERTEX_POINT('',#8011);
#3111=VERTEX_POINT('',#8028);
#3112=VERTEX_POINT('',#8030);
#3113=VERTEX_POINT('',#8047);
#3114=VERTEX_POINT('',#8049);
#3115=VERTEX_POINT('',#8051);
#3116=VERTEX_POINT('',#8053);
#3117=VERTEX_POINT('',#8070);
#3118=VERTEX_POINT('',#8072);
#3119=VERTEX_POINT('',#8089);
#3120=VERTEX_POINT('',#8091);
#3121=VERTEX_POINT('',#8093);
#3122=VERTEX_POINT('',#8095);
#3123=VERTEX_POINT('',#8112);
#3124=VERTEX_POINT('',#8114);
#3125=VERTEX_POINT('',#8131);
#3126=VERTEX_POINT('',#8133);
#3127=VERTEX_POINT('',#8135);
#3128=VERTEX_POINT('',#8137);
#3129=VERTEX_POINT('',#8154);
#3130=VERTEX_POINT('',#8156);
#3131=VERTEX_POINT('',#8173);
#3132=VERTEX_POINT('',#8175);
#3133=VERTEX_POINT('',#8177);
#3134=VERTEX_POINT('',#8179);
#3135=VERTEX_POINT('',#8196);
#3136=VERTEX_POINT('',#8198);
#3137=VERTEX_POINT('',#8215);
#3138=VERTEX_POINT('',#8217);
#3139=VERTEX_POINT('',#8219);
#3140=VERTEX_POINT('',#8221);
#3141=VERTEX_POINT('',#8238);
#3142=VERTEX_POINT('',#8240);
#3143=VERTEX_POINT('',#8257);
#3144=VERTEX_POINT('',#8259);
#3145=VERTEX_POINT('',#8261);
#3146=VERTEX_POINT('',#8263);
#3147=VERTEX_POINT('',#8280);
#3148=VERTEX_POINT('',#8282);
#3149=VERTEX_POINT('',#8299);
#3150=VERTEX_POINT('',#8301);
#3151=VERTEX_POINT('',#8303);
#3152=VERTEX_POINT('',#8305);
#3153=VERTEX_POINT('',#8322);
#3154=VERTEX_POINT('',#8324);
#3155=VERTEX_POINT('',#8341);
#3156=VERTEX_POINT('',#8343);
#3157=VERTEX_POINT('',#8345);
#3158=VERTEX_POINT('',#8347);
#3159=VERTEX_POINT('',#8364);
#3160=VERTEX_POINT('',#8366);
#3161=VERTEX_POINT('',#8383);
#3162=VERTEX_POINT('',#8385);
#3163=VERTEX_POINT('',#8387);
#3164=VERTEX_POINT('',#8389);
#3165=VERTEX_POINT('',#8406);
#3166=VERTEX_POINT('',#8408);
#3167=VERTEX_POINT('',#8425);
#3168=VERTEX_POINT('',#8427);
#3169=VERTEX_POINT('',#8429);
#3170=VERTEX_POINT('',#8431);
#3171=VERTEX_POINT('',#8448);
#3172=VERTEX_POINT('',#8450);
#3173=VERTEX_POINT('',#8467);
#3174=VERTEX_POINT('',#8469);
#3175=VERTEX_POINT('',#8471);
#3176=VERTEX_POINT('',#8473);
#3177=VERTEX_POINT('',#8475);
#3178=VERTEX_POINT('',#8477);
#3179=VERTEX_POINT('',#8479);
#3180=VERTEX_POINT('',#8481);
#3181=VERTEX_POINT('',#8483);
#3182=VERTEX_POINT('',#8485);
#3183=VERTEX_POINT('',#8487);
#3184=VERTEX_POINT('',#8489);
#3185=VERTEX_POINT('',#8491);
#3186=VERTEX_POINT('',#8493);
#3187=VERTEX_POINT('',#8496);
#3188=VERTEX_POINT('',#8498);
#3189=VERTEX_POINT('',#8499);
#3190=VERTEX_POINT('',#8501);
#3191=VERTEX_POINT('',#8503);
#3192=VERTEX_POINT('',#8505);
#3193=VERTEX_POINT('',#8507);
#3194=VERTEX_POINT('',#8510);
#3195=VERTEX_POINT('',#8511);
#3196=VERTEX_POINT('',#8513);
#3197=VERTEX_POINT('',#8515);
#3198=VERTEX_POINT('',#8517);
#3199=VERTEX_POINT('',#8519);
#3200=VERTEX_POINT('',#9364);
#3201=VERTEX_POINT('',#9368);
#3202=VERTEX_POINT('',#9372);
#3203=VERTEX_POINT('',#9376);
#3204=CIRCLE('',#4254,0.00425);
#3205=CIRCLE('',#4255,0.00425);
#3206=CIRCLE('',#4256,0.005);
#3207=CIRCLE('',#4257,0.005);
#3208=CIRCLE('',#4258,0.0023);
#3209=CIRCLE('',#4259,0.005);
#3210=CIRCLE('',#4260,0.005);
#3211=CIRCLE('',#4261,0.005);
#3212=CIRCLE('',#4262,0.005);
#3213=CIRCLE('',#4263,0.005);
#3214=CIRCLE('',#4264,0.005);
#3215=CIRCLE('',#4265,0.005);
#3216=CIRCLE('',#4266,0.005);
#3217=CIRCLE('',#4267,0.005);
#3218=CIRCLE('',#4268,0.0575000000000103);
#3219=CIRCLE('',#4269,0.000681682266029008);
#3220=CIRCLE('',#4270,0.062);
#3221=CIRCLE('',#4271,0.000681682266029008);
#3222=CIRCLE('',#4272,0.0575000000000103);
#3223=CIRCLE('',#4273,0.000681682266029008);
#3224=CIRCLE('',#4274,0.062);
#3225=CIRCLE('',#4275,0.000681682266029008);
#3226=CIRCLE('',#4276,0.0575000000000103);
#3227=CIRCLE('',#4277,0.000681682266029008);
#3228=CIRCLE('',#4278,0.062);
#3229=CIRCLE('',#4279,0.000681682266029008);
#3230=CIRCLE('',#4280,0.0575000000000103);
#3231=CIRCLE('',#4281,0.000681682266029008);
#3232=CIRCLE('',#4282,0.062);
#3233=CIRCLE('',#4283,0.000681682266029008);
#3234=CIRCLE('',#4284,0.0575000000000103);
#3235=CIRCLE('',#4285,0.000681682266029008);
#3236=CIRCLE('',#4286,0.062);
#3237=CIRCLE('',#4287,0.000681682266029008);
#3238=CIRCLE('',#4288,0.0575000000000103);
#3239=CIRCLE('',#4289,0.000681682266029008);
#3240=CIRCLE('',#4290,0.062);
#3241=CIRCLE('',#4291,0.000681682266029008);
#3242=CIRCLE('',#4292,0.0575000000000103);
#3243=CIRCLE('',#4293,0.000681682266029008);
#3244=CIRCLE('',#4294,0.062);
#3245=CIRCLE('',#4295,0.000681682266029008);
#3246=CIRCLE('',#4296,0.0575000000000103);
#3247=CIRCLE('',#4297,0.000681682266029008);
#3248=CIRCLE('',#4298,0.062);
#3249=CIRCLE('',#4299,0.000681682266029008);
#3250=CIRCLE('',#4300,0.0575000000000103);
#3251=CIRCLE('',#4301,0.000681682266029008);
#3252=CIRCLE('',#4302,0.062);
#3253=CIRCLE('',#4303,0.000681682266029008);
#3254=CIRCLE('',#4304,0.0575000000000103);
#3255=CIRCLE('',#4305,0.000681682266029008);
#3256=CIRCLE('',#4306,0.062);
#3257=CIRCLE('',#4307,0.000681682266029008);
#3258=CIRCLE('',#4308,0.0575000000000103);
#3259=CIRCLE('',#4309,0.000681682266029008);
#3260=CIRCLE('',#4310,0.062);
#3261=CIRCLE('',#4311,0.000681682266029008);
#3262=CIRCLE('',#4312,0.0575000000000103);
#3263=CIRCLE('',#4313,0.000681682266029008);
#3264=CIRCLE('',#4314,0.062);
#3265=CIRCLE('',#4315,0.000681682266029008);
#3266=CIRCLE('',#4316,0.0575000000000103);
#3267=CIRCLE('',#4317,0.000681682266029008);
#3268=CIRCLE('',#4318,0.062);
#3269=CIRCLE('',#4319,0.000681682266029008);
#3270=CIRCLE('',#4320,0.0575000000000103);
#3271=CIRCLE('',#4321,0.000681682266029008);
#3272=CIRCLE('',#4322,0.062);
#3273=CIRCLE('',#4323,0.000681682266029008);
#3274=CIRCLE('',#4324,0.0575000000000103);
#3275=CIRCLE('',#4325,0.000681682266029008);
#3276=CIRCLE('',#4326,0.062);
#3277=CIRCLE('',#4327,0.000681682266029008);
#3278=CIRCLE('',#4328,0.0575000000000103);
#3279=CIRCLE('',#4329,0.000681682266029008);
#3280=CIRCLE('',#4330,0.062);
#3281=CIRCLE('',#4331,0.000681682266029008);
#3282=CIRCLE('',#4332,0.0575000000000103);
#3283=CIRCLE('',#4333,0.000681682266029008);
#3284=CIRCLE('',#4334,0.062);
#3285=CIRCLE('',#4335,0.000681682266029008);
#3286=CIRCLE('',#4336,0.0575000000000103);
#3287=CIRCLE('',#4337,0.000681682266029008);
#3288=CIRCLE('',#4338,0.062);
#3289=CIRCLE('',#4339,0.000681682266029008);
#3290=CIRCLE('',#4340,0.0575000000000103);
#3291=CIRCLE('',#4341,0.000681682266029008);
#3292=CIRCLE('',#4342,0.062);
#3293=CIRCLE('',#4343,0.000681682266029008);
#3294=CIRCLE('',#4344,0.0575000000000103);
#3295=CIRCLE('',#4345,0.000681682266029008);
#3296=CIRCLE('',#4346,0.062);
#3297=CIRCLE('',#4347,0.000681682266029008);
#3298=CIRCLE('',#4348,0.0575000000000103);
#3299=CIRCLE('',#4349,0.000681682266029008);
#3300=CIRCLE('',#4350,0.062);
#3301=CIRCLE('',#4351,0.000681682266029008);
#3302=CIRCLE('',#4352,0.0575000000000103);
#3303=CIRCLE('',#4353,0.000681682266029008);
#3304=CIRCLE('',#4354,0.062);
#3305=CIRCLE('',#4355,0.000681682266029008);
#3306=CIRCLE('',#4356,0.0575000000000103);
#3307=CIRCLE('',#4357,0.000681682266029008);
#3308=CIRCLE('',#4358,0.062);
#3309=CIRCLE('',#4359,0.000681682266029008);
#3310=CIRCLE('',#4360,0.0575000000000103);
#3311=CIRCLE('',#4361,0.000681682266029008);
#3312=CIRCLE('',#4362,0.062);
#3313=CIRCLE('',#4363,0.000681682266029008);
#3314=CIRCLE('',#4364,0.0575000000000103);
#3315=CIRCLE('',#4365,0.000681682266029008);
#3316=CIRCLE('',#4366,0.062);
#3317=CIRCLE('',#4367,0.000681682266029008);
#3318=CIRCLE('',#4368,0.0575000000000103);
#3319=CIRCLE('',#4369,0.000681682266029008);
#3320=CIRCLE('',#4370,0.062);
#3321=CIRCLE('',#4371,0.000681682266029008);
#3322=CIRCLE('',#4372,0.0575000000000103);
#3323=CIRCLE('',#4373,0.000681682266029008);
#3324=CIRCLE('',#4374,0.062);
#3325=CIRCLE('',#4375,0.000681682266029008);
#3326=CIRCLE('',#4376,0.0575000000000103);
#3327=CIRCLE('',#4377,0.000681682266029008);
#3328=CIRCLE('',#4378,0.062);
#3329=CIRCLE('',#4379,0.000681682266029008);
#3330=CIRCLE('',#4380,0.0575000000000103);
#3331=CIRCLE('',#4381,0.000681682266029008);
#3332=CIRCLE('',#4382,0.062);
#3333=CIRCLE('',#4383,0.000681682266029008);
#3334=CIRCLE('',#4384,0.0575000000000103);
#3335=CIRCLE('',#4385,0.000681682266029008);
#3336=CIRCLE('',#4386,0.062);
#3337=CIRCLE('',#4387,0.000681682266029008);
#3338=CIRCLE('',#4388,0.0575000000000103);
#3339=CIRCLE('',#4389,0.005);
#3340=CIRCLE('',#4390,0.00425);
#3341=CIRCLE('',#4391,0.00425);
#3342=CIRCLE('',#4393,0.0022);
#3343=CIRCLE('',#4394,0.0022);
#3344=CIRCLE('',#4396,0.0022);
#3345=CIRCLE('',#4397,0.0022);
#3346=CIRCLE('',#4399,0.0022);
#3347=CIRCLE('',#4400,0.0022);
#3348=CIRCLE('',#4402,0.0022);
#3349=CIRCLE('',#4403,0.0022);
#3350=CIRCLE('',#4405,0.005);
#3351=CIRCLE('',#4406,0.005);
#3352=CIRCLE('',#4407,0.0575000000000103);
#3353=CIRCLE('',#4408,0.000681682266029008);
#3354=CIRCLE('',#4409,0.062);
#3355=CIRCLE('',#4410,0.000681682266029008);
#3356=CIRCLE('',#4411,0.0575000000000103);
#3357=CIRCLE('',#4412,0.000681682266029008);
#3358=CIRCLE('',#4413,0.062);
#3359=CIRCLE('',#4414,0.000681682266029008);
#3360=CIRCLE('',#4415,0.0575000000000103);
#3361=CIRCLE('',#4416,0.000681682266029008);
#3362=CIRCLE('',#4417,0.062);
#3363=CIRCLE('',#4418,0.000681682266029008);
#3364=CIRCLE('',#4419,0.0575000000000103);
#3365=CIRCLE('',#4420,0.000681682266029008);
#3366=CIRCLE('',#4421,0.062);
#3367=CIRCLE('',#4422,0.000681682266029008);
#3368=CIRCLE('',#4423,0.0575000000000103);
#3369=CIRCLE('',#4424,0.000681682266029008);
#3370=CIRCLE('',#4425,0.062);
#3371=CIRCLE('',#4426,0.000681682266029008);
#3372=CIRCLE('',#4427,0.0575000000000103);
#3373=CIRCLE('',#4428,0.000681682266029008);
#3374=CIRCLE('',#4429,0.062);
#3375=CIRCLE('',#4430,0.000681682266029008);
#3376=CIRCLE('',#4431,0.0575000000000103);
#3377=CIRCLE('',#4432,0.000681682266029008);
#3378=CIRCLE('',#4433,0.062);
#3379=CIRCLE('',#4434,0.000681682266029008);
#3380=CIRCLE('',#4435,0.0575000000000103);
#3381=CIRCLE('',#4436,0.000681682266029008);
#3382=CIRCLE('',#4437,0.062);
#3383=CIRCLE('',#4438,0.000681682266029008);
#3384=CIRCLE('',#4439,0.0575000000000103);
#3385=CIRCLE('',#4440,0.000681682266029008);
#3386=CIRCLE('',#4441,0.062);
#3387=CIRCLE('',#4442,0.000681682266029008);
#3388=CIRCLE('',#4443,0.0575000000000103);
#3389=CIRCLE('',#4444,0.000681682266029008);
#3390=CIRCLE('',#4445,0.062);
#3391=CIRCLE('',#4446,0.000681682266029008);
#3392=CIRCLE('',#4447,0.0575000000000103);
#3393=CIRCLE('',#4448,0.000681682266029008);
#3394=CIRCLE('',#4449,0.062);
#3395=CIRCLE('',#4450,0.000681682266029008);
#3396=CIRCLE('',#4451,0.0575000000000103);
#3397=CIRCLE('',#4452,0.000681682266029008);
#3398=CIRCLE('',#4453,0.062);
#3399=CIRCLE('',#4454,0.000681682266029008);
#3400=CIRCLE('',#4455,0.0575000000000103);
#3401=CIRCLE('',#4456,0.000681682266029008);
#3402=CIRCLE('',#4457,0.062);
#3403=CIRCLE('',#4458,0.000681682266029008);
#3404=CIRCLE('',#4459,0.0575000000000103);
#3405=CIRCLE('',#4460,0.000681682266029008);
#3406=CIRCLE('',#4461,0.062);
#3407=CIRCLE('',#4462,0.000681682266029008);
#3408=CIRCLE('',#4463,0.0575000000000103);
#3409=CIRCLE('',#4464,0.000681682266029008);
#3410=CIRCLE('',#4465,0.062);
#3411=CIRCLE('',#4466,0.000681682266029008);
#3412=CIRCLE('',#4467,0.0575000000000103);
#3413=CIRCLE('',#4468,0.000681682266029008);
#3414=CIRCLE('',#4469,0.062);
#3415=CIRCLE('',#4470,0.000681682266029008);
#3416=CIRCLE('',#4471,0.0575000000000103);
#3417=CIRCLE('',#4472,0.000681682266029008);
#3418=CIRCLE('',#4473,0.062);
#3419=CIRCLE('',#4474,0.000681682266029008);
#3420=CIRCLE('',#4475,0.0575000000000103);
#3421=CIRCLE('',#4476,0.000681682266029008);
#3422=CIRCLE('',#4477,0.062);
#3423=CIRCLE('',#4478,0.000681682266029008);
#3424=CIRCLE('',#4479,0.0575000000000103);
#3425=CIRCLE('',#4480,0.000681682266029008);
#3426=CIRCLE('',#4481,0.062);
#3427=CIRCLE('',#4482,0.000681682266029008);
#3428=CIRCLE('',#4483,0.0575000000000103);
#3429=CIRCLE('',#4484,0.000681682266029008);
#3430=CIRCLE('',#4485,0.062);
#3431=CIRCLE('',#4486,0.000681682266029008);
#3432=CIRCLE('',#4487,0.0575000000000103);
#3433=CIRCLE('',#4488,0.000681682266029008);
#3434=CIRCLE('',#4489,0.062);
#3435=CIRCLE('',#4490,0.000681682266029008);
#3436=CIRCLE('',#4491,0.0575000000000103);
#3437=CIRCLE('',#4492,0.000681682266029008);
#3438=CIRCLE('',#4493,0.062);
#3439=CIRCLE('',#4494,0.000681682266029008);
#3440=CIRCLE('',#4495,0.0575000000000103);
#3441=CIRCLE('',#4496,0.000681682266029008);
#3442=CIRCLE('',#4497,0.062);
#3443=CIRCLE('',#4498,0.000681682266029008);
#3444=CIRCLE('',#4499,0.0575000000000103);
#3445=CIRCLE('',#4500,0.000681682266029008);
#3446=CIRCLE('',#4501,0.062);
#3447=CIRCLE('',#4502,0.000681682266029008);
#3448=CIRCLE('',#4503,0.0575000000000103);
#3449=CIRCLE('',#4504,0.000681682266029008);
#3450=CIRCLE('',#4505,0.062);
#3451=CIRCLE('',#4506,0.000681682266029008);
#3452=CIRCLE('',#4507,0.0575000000000103);
#3453=CIRCLE('',#4508,0.000681682266029008);
#3454=CIRCLE('',#4509,0.062);
#3455=CIRCLE('',#4510,0.000681682266029008);
#3456=CIRCLE('',#4511,0.0575000000000103);
#3457=CIRCLE('',#4512,0.000681682266029008);
#3458=CIRCLE('',#4513,0.062);
#3459=CIRCLE('',#4514,0.000681682266029008);
#3460=CIRCLE('',#4515,0.0575000000000103);
#3461=CIRCLE('',#4516,0.000681682266029008);
#3462=CIRCLE('',#4517,0.062);
#3463=CIRCLE('',#4518,0.000681682266029008);
#3464=CIRCLE('',#4519,0.0575000000000103);
#3465=CIRCLE('',#4520,0.000681682266029008);
#3466=CIRCLE('',#4521,0.062);
#3467=CIRCLE('',#4522,0.000681682266029008);
#3468=CIRCLE('',#4523,0.0575000000000103);
#3469=CIRCLE('',#4524,0.000681682266029008);
#3470=CIRCLE('',#4525,0.062);
#3471=CIRCLE('',#4526,0.000681682266029008);
#3472=CIRCLE('',#4527,0.0575000000000103);
#3473=CIRCLE('',#4528,0.005);
#3474=CIRCLE('',#4529,0.005);
#3475=CIRCLE('',#4530,0.005);
#3476=CIRCLE('',#4531,0.005);
#3477=CIRCLE('',#4532,0.005);
#3478=CIRCLE('',#4533,0.005);
#3479=CIRCLE('',#4534,0.0023);
#3480=CIRCLE('',#4535,0.005);
#3481=CIRCLE('',#4536,0.005);
#3482=CIRCLE('',#4537,0.005);
#3483=CIRCLE('',#4538,0.005);
#3484=CIRCLE('',#4691,0.00425);
#3485=CIRCLE('',#4694,0.00425);
#3486=CIRCLE('',#4697,0.00425);
#3487=CIRCLE('',#4700,0.00425);
#3488=EDGE_LOOP('',(#822));
#3489=EDGE_LOOP('',(#823));
#3490=EDGE_LOOP('',(#824,#825,#826,#827,#828,#829));
#3491=EDGE_LOOP('',(#830));
#3492=EDGE_LOOP('',(#831,#832,#833,#834,#835,#836));
#3493=EDGE_LOOP('',(#837,#838,#839,#840,#841,#842,#843,#844,#845,#846,#847,
#848,#849,#850,#851,#852,#853,#854,#855,#856,#857,#858,#859,#860,#861,#862,
#863,#864,#865,#866,#867,#868,#869,#870,#871,#872,#873,#874,#875,#876,#877,
#878,#879,#880,#881,#882,#883,#884,#885,#886,#887,#888,#889,#890,#891,#892,
#893,#894,#895,#896,#897,#898,#899,#900,#901,#902,#903,#904,#905,#906,#907,
#908,#909,#910,#911,#912,#913,#914,#915,#916,#917,#918,#919,#920,#921,#922,
#923,#924,#925,#926,#927,#928,#929,#930,#931,#932,#933,#934,#935,#936,#937,
#938,#939,#940,#941,#942,#943,#944,#945,#946,#947,#948,#949,#950,#951,#952,
#953,#954,#955,#956,#957,#958,#959,#960,#961,#962,#963,#964,#965,#966,#967,
#968,#969,#970,#971,#972,#973,#974,#975,#976,#977,#978,#979,#980,#981,#982,
#983,#984,#985,#986,#987,#988,#989,#990,#991,#992,#993,#994,#995,#996,#997,
#998,#999,#1000,#1001,#1002,#1003,#1004,#1005,#1006,#1007,#1008,#1009,#1010,
#1011,#1012,#1013,#1014,#1015,#1016,#1017,#1018,#1019,#1020,#1021,#1022,
#1023,#1024,#1025,#1026,#1027,#1028,#1029,#1030,#1031,#1032,#1033,#1034));
#3494=EDGE_LOOP('',(#1035));
#3495=EDGE_LOOP('',(#1036));
#3496=EDGE_LOOP('',(#1037));
#3497=EDGE_LOOP('',(#1038));
#3498=EDGE_LOOP('',(#1039));
#3499=EDGE_LOOP('',(#1040));
#3500=EDGE_LOOP('',(#1041));
#3501=EDGE_LOOP('',(#1042));
#3502=EDGE_LOOP('',(#1043));
#3503=EDGE_LOOP('',(#1044));
#3504=EDGE_LOOP('',(#1045));
#3505=EDGE_LOOP('',(#1046));
#3506=EDGE_LOOP('',(#1047,#1048,#1049,#1050,#1051,#1052,#1053,#1054,#1055,
#1056,#1057,#1058,#1059,#1060,#1061,#1062,#1063,#1064,#1065,#1066,#1067,
#1068,#1069,#1070,#1071,#1072,#1073,#1074,#1075,#1076,#1077,#1078,#1079,
#1080,#1081,#1082,#1083,#1084,#1085,#1086,#1087,#1088,#1089,#1090,#1091,
#1092,#1093,#1094,#1095,#1096,#1097,#1098,#1099,#1100,#1101,#1102,#1103,
#1104,#1105,#1106,#1107,#1108,#1109,#1110,#1111,#1112,#1113,#1114,#1115,
#1116,#1117,#1118,#1119,#1120,#1121,#1122,#1123,#1124,#1125,#1126,#1127,
#1128,#1129,#1130,#1131,#1132,#1133,#1134,#1135,#1136,#1137,#1138,#1139,
#1140,#1141,#1142,#1143,#1144,#1145,#1146,#1147,#1148,#1149,#1150,#1151,
#1152,#1153,#1154,#1155,#1156,#1157,#1158,#1159,#1160,#1161,#1162,#1163,
#1164,#1165,#1166,#1167,#1168,#1169,#1170,#1171,#1172,#1173,#1174,#1175,
#1176,#1177,#1178,#1179,#1180,#1181,#1182,#1183,#1184,#1185,#1186,#1187,
#1188,#1189,#1190,#1191,#1192,#1193,#1194,#1195,#1196,#1197,#1198,#1199,
#1200,#1201,#1202,#1203,#1204,#1205,#1206,#1207,#1208,#1209,#1210,#1211,
#1212,#1213,#1214,#1215,#1216,#1217,#1218,#1219,#1220,#1221,#1222,#1223,
#1224,#1225,#1226,#1227,#1228,#1229,#1230,#1231,#1232,#1233,#1234,#1235,
#1236,#1237,#1238,#1239,#1240,#1241,#1242,#1243,#1244));
#3507=EDGE_LOOP('',(#1245));
#3508=EDGE_LOOP('',(#1246));
#3509=EDGE_LOOP('',(#1247));
#3510=EDGE_LOOP('',(#1248,#1249,#1250,#1251,#1252,#1253));
#3511=EDGE_LOOP('',(#1254,#1255,#1256,#1257,#1258,#1259));
#3512=EDGE_LOOP('',(#1260,#1261,#1262,#1263));
#3513=EDGE_LOOP('',(#1264,#1265,#1266,#1267));
#3514=EDGE_LOOP('',(#1268,#1269,#1270,#1271));
#3515=EDGE_LOOP('',(#1272,#1273,#1274,#1275));
#3516=EDGE_LOOP('',(#1276,#1277,#1278,#1279));
#3517=EDGE_LOOP('',(#1280,#1281,#1282,#1283));
#3518=EDGE_LOOP('',(#1284,#1285,#1286,#1287));
#3519=EDGE_LOOP('',(#1288,#1289,#1290,#1291));
#3520=EDGE_LOOP('',(#1292,#1293,#1294,#1295));
#3521=EDGE_LOOP('',(#1296,#1297,#1298,#1299));
#3522=EDGE_LOOP('',(#1300,#1301,#1302,#1303));
#3523=EDGE_LOOP('',(#1304,#1305,#1306,#1307));
#3524=EDGE_LOOP('',(#1308,#1309,#1310,#1311));
#3525=EDGE_LOOP('',(#1312,#1313,#1314,#1315));
#3526=EDGE_LOOP('',(#1316,#1317,#1318,#1319));
#3527=EDGE_LOOP('',(#1320,#1321,#1322,#1323));
#3528=EDGE_LOOP('',(#1324,#1325,#1326,#1327));
#3529=EDGE_LOOP('',(#1328,#1329,#1330,#1331));
#3530=EDGE_LOOP('',(#1332,#1333,#1334,#1335));
#3531=EDGE_LOOP('',(#1336,#1337,#1338,#1339));
#3532=EDGE_LOOP('',(#1340,#1341,#1342,#1343));
#3533=EDGE_LOOP('',(#1344,#1345,#1346,#1347));
#3534=EDGE_LOOP('',(#1348,#1349,#1350,#1351));
#3535=EDGE_LOOP('',(#1352,#1353,#1354,#1355));
#3536=EDGE_LOOP('',(#1356,#1357,#1358,#1359));
#3537=EDGE_LOOP('',(#1360,#1361,#1362,#1363));
#3538=EDGE_LOOP('',(#1364,#1365,#1366,#1367));
#3539=EDGE_LOOP('',(#1368,#1369,#1370,#1371));
#3540=EDGE_LOOP('',(#1372,#1373,#1374,#1375));
#3541=EDGE_LOOP('',(#1376,#1377,#1378,#1379));
#3542=EDGE_LOOP('',(#1380));
#3543=EDGE_LOOP('',(#1381));
#3544=EDGE_LOOP('',(#1382,#1383,#1384,#1385));
#3545=EDGE_LOOP('',(#1386,#1387,#1388,#1389));
#3546=EDGE_LOOP('',(#1390,#1391,#1392,#1393));
#3547=EDGE_LOOP('',(#1394,#1395,#1396,#1397));
#3548=EDGE_LOOP('',(#1398,#1399,#1400,#1401));
#3549=EDGE_LOOP('',(#1402,#1403,#1404,#1405));
#3550=EDGE_LOOP('',(#1406,#1407,#1408,#1409));
#3551=EDGE_LOOP('',(#1410,#1411,#1412,#1413));
#3552=EDGE_LOOP('',(#1414,#1415,#1416,#1417));
#3553=EDGE_LOOP('',(#1418,#1419,#1420,#1421));
#3554=EDGE_LOOP('',(#1422,#1423,#1424,#1425));
#3555=EDGE_LOOP('',(#1426,#1427,#1428,#1429));
#3556=EDGE_LOOP('',(#1430,#1431,#1432,#1433));
#3557=EDGE_LOOP('',(#1434,#1435,#1436,#1437));
#3558=EDGE_LOOP('',(#1438,#1439,#1440,#1441));
#3559=EDGE_LOOP('',(#1442,#1443,#1444,#1445));
#3560=EDGE_LOOP('',(#1446,#1447,#1448,#1449));
#3561=EDGE_LOOP('',(#1450,#1451,#1452,#1453));
#3562=EDGE_LOOP('',(#1454,#1455,#1456,#1457));
#3563=EDGE_LOOP('',(#1458,#1459,#1460,#1461));
#3564=EDGE_LOOP('',(#1462,#1463,#1464,#1465));
#3565=EDGE_LOOP('',(#1466,#1467,#1468,#1469));
#3566=EDGE_LOOP('',(#1470,#1471,#1472,#1473));
#3567=EDGE_LOOP('',(#1474,#1475,#1476,#1477));
#3568=EDGE_LOOP('',(#1478,#1479,#1480,#1481));
#3569=EDGE_LOOP('',(#1482,#1483,#1484,#1485));
#3570=EDGE_LOOP('',(#1486,#1487,#1488,#1489));
#3571=EDGE_LOOP('',(#1490,#1491,#1492,#1493));
#3572=EDGE_LOOP('',(#1494,#1495,#1496,#1497));
#3573=EDGE_LOOP('',(#1498,#1499,#1500,#1501));
#3574=EDGE_LOOP('',(#1502,#1503,#1504,#1505));
#3575=EDGE_LOOP('',(#1506,#1507,#1508,#1509));
#3576=EDGE_LOOP('',(#1510,#1511,#1512,#1513));
#3577=EDGE_LOOP('',(#1514,#1515,#1516,#1517));
#3578=EDGE_LOOP('',(#1518,#1519,#1520,#1521));
#3579=EDGE_LOOP('',(#1522,#1523,#1524,#1525));
#3580=EDGE_LOOP('',(#1526,#1527,#1528,#1529));
#3581=EDGE_LOOP('',(#1530,#1531,#1532,#1533));
#3582=EDGE_LOOP('',(#1534,#1535,#1536,#1537));
#3583=EDGE_LOOP('',(#1538,#1539,#1540,#1541));
#3584=EDGE_LOOP('',(#1542,#1543,#1544,#1545));
#3585=EDGE_LOOP('',(#1546,#1547,#1548,#1549));
#3586=EDGE_LOOP('',(#1550,#1551,#1552,#1553));
#3587=EDGE_LOOP('',(#1554,#1555,#1556,#1557));
#3588=EDGE_LOOP('',(#1558,#1559,#1560,#1561));
#3589=EDGE_LOOP('',(#1562,#1563,#1564,#1565));
#3590=EDGE_LOOP('',(#1566,#1567,#1568,#1569));
#3591=EDGE_LOOP('',(#1570,#1571,#1572,#1573));
#3592=EDGE_LOOP('',(#1574,#1575,#1576,#1577));
#3593=EDGE_LOOP('',(#1578,#1579,#1580,#1581));
#3594=EDGE_LOOP('',(#1582,#1583,#1584,#1585));
#3595=EDGE_LOOP('',(#1586,#1587,#1588,#1589));
#3596=EDGE_LOOP('',(#1590,#1591,#1592,#1593));
#3597=EDGE_LOOP('',(#1594,#1595,#1596,#1597));
#3598=EDGE_LOOP('',(#1598,#1599,#1600,#1601));
#3599=EDGE_LOOP('',(#1602,#1603,#1604,#1605));
#3600=EDGE_LOOP('',(#1606,#1607,#1608,#1609));
#3601=EDGE_LOOP('',(#1610,#1611,#1612,#1613));
#3602=EDGE_LOOP('',(#1614,#1615,#1616,#1617));
#3603=EDGE_LOOP('',(#1618,#1619,#1620,#1621));
#3604=EDGE_LOOP('',(#1622,#1623,#1624,#1625));
#3605=EDGE_LOOP('',(#1626,#1627,#1628,#1629));
#3606=EDGE_LOOP('',(#1630,#1631,#1632,#1633));
#3607=EDGE_LOOP('',(#1634,#1635,#1636,#1637));
#3608=EDGE_LOOP('',(#1638,#1639,#1640,#1641));
#3609=EDGE_LOOP('',(#1642,#1643,#1644,#1645));
#3610=EDGE_LOOP('',(#1646,#1647,#1648,#1649));
#3611=EDGE_LOOP('',(#1650,#1651,#1652,#1653));
#3612=EDGE_LOOP('',(#1654,#1655,#1656,#1657));
#3613=EDGE_LOOP('',(#1658,#1659,#1660,#1661));
#3614=EDGE_LOOP('',(#1662,#1663,#1664,#1665));
#3615=EDGE_LOOP('',(#1666,#1667,#1668,#1669));
#3616=EDGE_LOOP('',(#1670,#1671,#1672,#1673));
#3617=EDGE_LOOP('',(#1674,#1675,#1676,#1677));
#3618=EDGE_LOOP('',(#1678,#1679,#1680,#1681));
#3619=EDGE_LOOP('',(#1682,#1683,#1684,#1685));
#3620=EDGE_LOOP('',(#1686,#1687,#1688,#1689));
#3621=EDGE_LOOP('',(#1690,#1691,#1692,#1693));
#3622=EDGE_LOOP('',(#1694,#1695,#1696,#1697));
#3623=EDGE_LOOP('',(#1698,#1699,#1700,#1701));
#3624=EDGE_LOOP('',(#1702,#1703,#1704,#1705));
#3625=EDGE_LOOP('',(#1706,#1707,#1708,#1709));
#3626=EDGE_LOOP('',(#1710,#1711,#1712,#1713));
#3627=EDGE_LOOP('',(#1714,#1715,#1716,#1717));
#3628=EDGE_LOOP('',(#1718,#1719,#1720,#1721));
#3629=EDGE_LOOP('',(#1722,#1723,#1724,#1725));
#3630=EDGE_LOOP('',(#1726,#1727,#1728,#1729));
#3631=EDGE_LOOP('',(#1730,#1731,#1732,#1733));
#3632=EDGE_LOOP('',(#1734,#1735,#1736,#1737));
#3633=EDGE_LOOP('',(#1738,#1739,#1740,#1741));
#3634=EDGE_LOOP('',(#1742,#1743,#1744,#1745));
#3635=EDGE_LOOP('',(#1746,#1747,#1748,#1749));
#3636=EDGE_LOOP('',(#1750,#1751,#1752,#1753));
#3637=EDGE_LOOP('',(#1754,#1755,#1756,#1757));
#3638=EDGE_LOOP('',(#1758,#1759,#1760,#1761));
#3639=EDGE_LOOP('',(#1762,#1763,#1764,#1765));
#3640=EDGE_LOOP('',(#1766,#1767,#1768,#1769));
#3641=EDGE_LOOP('',(#1770,#1771,#1772,#1773));
#3642=EDGE_LOOP('',(#1774,#1775,#1776,#1777));
#3643=EDGE_LOOP('',(#1778,#1779,#1780,#1781));
#3644=EDGE_LOOP('',(#1782,#1783,#1784,#1785));
#3645=EDGE_LOOP('',(#1786,#1787,#1788,#1789));
#3646=EDGE_LOOP('',(#1790,#1791,#1792,#1793));
#3647=EDGE_LOOP('',(#1794,#1795,#1796,#1797));
#3648=EDGE_LOOP('',(#1798,#1799,#1800,#1801));
#3649=EDGE_LOOP('',(#1802,#1803,#1804,#1805));
#3650=EDGE_LOOP('',(#1806,#1807,#1808,#1809));
#3651=EDGE_LOOP('',(#1810,#1811,#1812,#1813));
#3652=EDGE_LOOP('',(#1814,#1815,#1816,#1817));
#3653=EDGE_LOOP('',(#1818,#1819,#1820,#1821));
#3654=EDGE_LOOP('',(#1822,#1823,#1824,#1825));
#3655=EDGE_LOOP('',(#1826,#1827,#1828,#1829));
#3656=EDGE_LOOP('',(#1830,#1831,#1832,#1833));
#3657=EDGE_LOOP('',(#1834,#1835,#1836,#1837));
#3658=EDGE_LOOP('',(#1838,#1839,#1840,#1841));
#3659=EDGE_LOOP('',(#1842,#1843,#1844,#1845));
#3660=EDGE_LOOP('',(#1846,#1847,#1848,#1849));
#3661=EDGE_LOOP('',(#1850,#1851,#1852,#1853));
#3662=EDGE_LOOP('',(#1854,#1855,#1856,#1857));
#3663=EDGE_LOOP('',(#1858,#1859,#1860,#1861));
#3664=EDGE_LOOP('',(#1862,#1863,#1864,#1865));
#3665=EDGE_LOOP('',(#1866,#1867,#1868,#1869));
#3666=EDGE_LOOP('',(#1870,#1871,#1872,#1873));
#3667=EDGE_LOOP('',(#1874,#1875,#1876,#1877));
#3668=EDGE_LOOP('',(#1878,#1879,#1880,#1881));
#3669=EDGE_LOOP('',(#1882,#1883,#1884,#1885));
#3670=EDGE_LOOP('',(#1886,#1887,#1888,#1889));
#3671=EDGE_LOOP('',(#1890,#1891,#1892,#1893));
#3672=EDGE_LOOP('',(#1894,#1895,#1896,#1897));
#3673=EDGE_LOOP('',(#1898,#1899,#1900,#1901));
#3674=EDGE_LOOP('',(#1902,#1903,#1904,#1905));
#3675=EDGE_LOOP('',(#1906,#1907,#1908,#1909));
#3676=EDGE_LOOP('',(#1910,#1911,#1912,#1913));
#3677=EDGE_LOOP('',(#1914,#1915,#1916,#1917));
#3678=EDGE_LOOP('',(#1918,#1919,#1920,#1921));
#3679=EDGE_LOOP('',(#1922,#1923,#1924,#1925));
#3680=EDGE_LOOP('',(#1926,#1927,#1928,#1929));
#3681=EDGE_LOOP('',(#1930,#1931,#1932,#1933));
#3682=EDGE_LOOP('',(#1934,#1935,#1936,#1937));
#3683=EDGE_LOOP('',(#1938,#1939,#1940,#1941));
#3684=EDGE_LOOP('',(#1942,#1943,#1944,#1945));
#3685=EDGE_LOOP('',(#1946,#1947,#1948,#1949));
#3686=EDGE_LOOP('',(#1950,#1951,#1952,#1953));
#3687=EDGE_LOOP('',(#1954,#1955,#1956,#1957));
#3688=EDGE_LOOP('',(#1958,#1959,#1960,#1961));
#3689=EDGE_LOOP('',(#1962,#1963,#1964,#1965));
#3690=EDGE_LOOP('',(#1966,#1967,#1968,#1969));
#3691=EDGE_LOOP('',(#1970,#1971,#1972,#1973));
#3692=EDGE_LOOP('',(#1974,#1975,#1976,#1977));
#3693=EDGE_LOOP('',(#1978,#1979,#1980,#1981));
#3694=EDGE_LOOP('',(#1982,#1983,#1984,#1985));
#3695=EDGE_LOOP('',(#1986,#1987,#1988,#1989));
#3696=EDGE_LOOP('',(#1990,#1991,#1992,#1993));
#3697=EDGE_LOOP('',(#1994,#1995,#1996,#1997));
#3698=EDGE_LOOP('',(#1998,#1999,#2000,#2001));
#3699=EDGE_LOOP('',(#2002,#2003,#2004,#2005));
#3700=EDGE_LOOP('',(#2006,#2007,#2008,#2009));
#3701=EDGE_LOOP('',(#2010,#2011,#2012,#2013));
#3702=EDGE_LOOP('',(#2014,#2015,#2016,#2017));
#3703=EDGE_LOOP('',(#2018,#2019,#2020,#2021));
#3704=EDGE_LOOP('',(#2022,#2023,#2024,#2025));
#3705=EDGE_LOOP('',(#2026,#2027,#2028,#2029));
#3706=EDGE_LOOP('',(#2030,#2031,#2032,#2033));
#3707=EDGE_LOOP('',(#2034,#2035,#2036,#2037));
#3708=EDGE_LOOP('',(#2038,#2039,#2040,#2041));
#3709=EDGE_LOOP('',(#2042,#2043,#2044,#2045));
#3710=EDGE_LOOP('',(#2046,#2047,#2048,#2049));
#3711=EDGE_LOOP('',(#2050,#2051,#2052,#2053));
#3712=EDGE_LOOP('',(#2054,#2055,#2056,#2057));
#3713=EDGE_LOOP('',(#2058,#2059,#2060,#2061));
#3714=EDGE_LOOP('',(#2062,#2063,#2064,#2065));
#3715=EDGE_LOOP('',(#2066,#2067,#2068,#2069));
#3716=EDGE_LOOP('',(#2070,#2071,#2072,#2073));
#3717=EDGE_LOOP('',(#2074,#2075,#2076,#2077));
#3718=EDGE_LOOP('',(#2078,#2079,#2080,#2081));
#3719=EDGE_LOOP('',(#2082,#2083,#2084,#2085));
#3720=EDGE_LOOP('',(#2086,#2087,#2088,#2089));
#3721=EDGE_LOOP('',(#2090,#2091,#2092,#2093));
#3722=EDGE_LOOP('',(#2094,#2095,#2096,#2097));
#3723=EDGE_LOOP('',(#2098,#2099,#2100,#2101));
#3724=EDGE_LOOP('',(#2102));
#3725=EDGE_LOOP('',(#2103));
#3726=EDGE_LOOP('',(#2104));
#3727=EDGE_LOOP('',(#2105));
#3728=EDGE_LOOP('',(#2106));
#3729=EDGE_LOOP('',(#2107));
#3730=EDGE_LOOP('',(#2108));
#3731=EDGE_LOOP('',(#2109));
#3732=EDGE_LOOP('',(#2110));
#3733=EDGE_LOOP('',(#2111));
#3734=EDGE_LOOP('',(#2112));
#3735=EDGE_LOOP('',(#2113));
#3736=EDGE_LOOP('',(#2114));
#3737=EDGE_LOOP('',(#2115));
#3738=EDGE_LOOP('',(#2116));
#3739=EDGE_LOOP('',(#2117));
#3740=FACE_BOUND('',#3488,.T.);
#3741=FACE_BOUND('',#3489,.T.);
#3742=FACE_BOUND('',#3490,.T.);
#3743=FACE_BOUND('',#3491,.T.);
#3744=FACE_BOUND('',#3492,.T.);
#3745=FACE_BOUND('',#3493,.T.);
#3746=FACE_BOUND('',#3494,.T.);
#3747=FACE_BOUND('',#3495,.T.);
#3748=FACE_BOUND('',#3496,.T.);
#3749=FACE_BOUND('',#3497,.T.);
#3750=FACE_BOUND('',#3498,.T.);
#3751=FACE_BOUND('',#3499,.T.);
#3752=FACE_BOUND('',#3500,.T.);
#3753=FACE_BOUND('',#3501,.T.);
#3754=FACE_BOUND('',#3502,.T.);
#3755=FACE_BOUND('',#3503,.T.);
#3756=FACE_BOUND('',#3504,.T.);
#3757=FACE_BOUND('',#3505,.T.);
#3758=FACE_BOUND('',#3506,.T.);
#3759=FACE_BOUND('',#3507,.T.);
#3760=FACE_BOUND('',#3508,.T.);
#3761=FACE_BOUND('',#3509,.T.);
#3762=FACE_BOUND('',#3510,.T.);
#3763=FACE_BOUND('',#3511,.T.);
#3764=FACE_BOUND('',#3512,.T.);
#3765=FACE_BOUND('',#3513,.T.);
#3766=FACE_BOUND('',#3514,.T.);
#3767=FACE_BOUND('',#3515,.T.);
#3768=FACE_BOUND('',#3516,.T.);
#3769=FACE_BOUND('',#3517,.T.);
#3770=FACE_BOUND('',#3518,.T.);
#3771=FACE_BOUND('',#3519,.T.);
#3772=FACE_BOUND('',#3520,.T.);
#3773=FACE_BOUND('',#3521,.T.);
#3774=FACE_BOUND('',#3522,.T.);
#3775=FACE_BOUND('',#3523,.T.);
#3776=FACE_BOUND('',#3524,.T.);
#3777=FACE_BOUND('',#3525,.T.);
#3778=FACE_BOUND('',#3526,.T.);
#3779=FACE_BOUND('',#3527,.T.);
#3780=FACE_BOUND('',#3528,.T.);
#3781=FACE_BOUND('',#3529,.T.);
#3782=FACE_BOUND('',#3530,.T.);
#3783=FACE_BOUND('',#3531,.T.);
#3784=FACE_BOUND('',#3532,.T.);
#3785=FACE_BOUND('',#3533,.T.);
#3786=FACE_BOUND('',#3534,.T.);
#3787=FACE_BOUND('',#3535,.T.);
#3788=FACE_BOUND('',#3536,.T.);
#3789=FACE_BOUND('',#3537,.T.);
#3790=FACE_BOUND('',#3538,.T.);
#3791=FACE_BOUND('',#3539,.T.);
#3792=FACE_BOUND('',#3540,.T.);
#3793=FACE_BOUND('',#3541,.T.);
#3794=FACE_BOUND('',#3542,.T.);
#3795=FACE_BOUND('',#3543,.T.);
#3796=FACE_BOUND('',#3544,.T.);
#3797=FACE_BOUND('',#3545,.T.);
#3798=FACE_BOUND('',#3546,.T.);
#3799=FACE_BOUND('',#3547,.T.);
#3800=FACE_BOUND('',#3548,.T.);
#3801=FACE_BOUND('',#3549,.T.);
#3802=FACE_BOUND('',#3550,.T.);
#3803=FACE_BOUND('',#3551,.T.);
#3804=FACE_BOUND('',#3552,.T.);
#3805=FACE_BOUND('',#3553,.T.);
#3806=FACE_BOUND('',#3554,.T.);
#3807=FACE_BOUND('',#3555,.T.);
#3808=FACE_BOUND('',#3556,.T.);
#3809=FACE_BOUND('',#3557,.T.);
#3810=FACE_BOUND('',#3558,.T.);
#3811=FACE_BOUND('',#3559,.T.);
#3812=FACE_BOUND('',#3560,.T.);
#3813=FACE_BOUND('',#3561,.T.);
#3814=FACE_BOUND('',#3562,.T.);
#3815=FACE_BOUND('',#3563,.T.);
#3816=FACE_BOUND('',#3564,.T.);
#3817=FACE_BOUND('',#3565,.T.);
#3818=FACE_BOUND('',#3566,.T.);
#3819=FACE_BOUND('',#3567,.T.);
#3820=FACE_BOUND('',#3568,.T.);
#3821=FACE_BOUND('',#3569,.T.);
#3822=FACE_BOUND('',#3570,.T.);
#3823=FACE_BOUND('',#3571,.T.);
#3824=FACE_BOUND('',#3572,.T.);
#3825=FACE_BOUND('',#3573,.T.);
#3826=FACE_BOUND('',#3574,.T.);
#3827=FACE_BOUND('',#3575,.T.);
#3828=FACE_BOUND('',#3576,.T.);
#3829=FACE_BOUND('',#3577,.T.);
#3830=FACE_BOUND('',#3578,.T.);
#3831=FACE_BOUND('',#3579,.T.);
#3832=FACE_BOUND('',#3580,.T.);
#3833=FACE_BOUND('',#3581,.T.);
#3834=FACE_BOUND('',#3582,.T.);
#3835=FACE_BOUND('',#3583,.T.);
#3836=FACE_BOUND('',#3584,.T.);
#3837=FACE_BOUND('',#3585,.T.);
#3838=FACE_BOUND('',#3586,.T.);
#3839=FACE_BOUND('',#3587,.T.);
#3840=FACE_BOUND('',#3588,.T.);
#3841=FACE_BOUND('',#3589,.T.);
#3842=FACE_BOUND('',#3590,.T.);
#3843=FACE_BOUND('',#3591,.T.);
#3844=FACE_BOUND('',#3592,.T.);
#3845=FACE_BOUND('',#3593,.T.);
#3846=FACE_BOUND('',#3594,.T.);
#3847=FACE_BOUND('',#3595,.T.);
#3848=FACE_BOUND('',#3596,.T.);
#3849=FACE_BOUND('',#3597,.T.);
#3850=FACE_BOUND('',#3598,.T.);
#3851=FACE_BOUND('',#3599,.T.);
#3852=FACE_BOUND('',#3600,.T.);
#3853=FACE_BOUND('',#3601,.T.);
#3854=FACE_BOUND('',#3602,.T.);
#3855=FACE_BOUND('',#3603,.T.);
#3856=FACE_BOUND('',#3604,.T.);
#3857=FACE_BOUND('',#3605,.T.);
#3858=FACE_BOUND('',#3606,.T.);
#3859=FACE_BOUND('',#3607,.T.);
#3860=FACE_BOUND('',#3608,.T.);
#3861=FACE_BOUND('',#3609,.T.);
#3862=FACE_BOUND('',#3610,.T.);
#3863=FACE_BOUND('',#3611,.T.);
#3864=FACE_BOUND('',#3612,.T.);
#3865=FACE_BOUND('',#3613,.T.);
#3866=FACE_BOUND('',#3614,.T.);
#3867=FACE_BOUND('',#3615,.T.);
#3868=FACE_BOUND('',#3616,.T.);
#3869=FACE_BOUND('',#3617,.T.);
#3870=FACE_BOUND('',#3618,.T.);
#3871=FACE_BOUND('',#3619,.T.);
#3872=FACE_BOUND('',#3620,.T.);
#3873=FACE_BOUND('',#3621,.T.);
#3874=FACE_BOUND('',#3622,.T.);
#3875=FACE_BOUND('',#3623,.T.);
#3876=FACE_BOUND('',#3624,.T.);
#3877=FACE_BOUND('',#3625,.T.);
#3878=FACE_BOUND('',#3626,.T.);
#3879=FACE_BOUND('',#3627,.T.);
#3880=FACE_BOUND('',#3628,.T.);
#3881=FACE_BOUND('',#3629,.T.);
#3882=FACE_BOUND('',#3630,.T.);
#3883=FACE_BOUND('',#3631,.T.);
#3884=FACE_BOUND('',#3632,.T.);
#3885=FACE_BOUND('',#3633,.T.);
#3886=FACE_BOUND('',#3634,.T.);
#3887=FACE_BOUND('',#3635,.T.);
#3888=FACE_BOUND('',#3636,.T.);
#3889=FACE_BOUND('',#3637,.T.);
#3890=FACE_BOUND('',#3638,.T.);
#3891=FACE_BOUND('',#3639,.T.);
#3892=FACE_BOUND('',#3640,.T.);
#3893=FACE_BOUND('',#3641,.T.);
#3894=FACE_BOUND('',#3642,.T.);
#3895=FACE_BOUND('',#3643,.T.);
#3896=FACE_BOUND('',#3644,.T.);
#3897=FACE_BOUND('',#3645,.T.);
#3898=FACE_BOUND('',#3646,.T.);
#3899=FACE_BOUND('',#3647,.T.);
#3900=FACE_BOUND('',#3648,.T.);
#3901=FACE_BOUND('',#3649,.T.);
#3902=FACE_BOUND('',#3650,.T.);
#3903=FACE_BOUND('',#3651,.T.);
#3904=FACE_BOUND('',#3652,.T.);
#3905=FACE_BOUND('',#3653,.T.);
#3906=FACE_BOUND('',#3654,.T.);
#3907=FACE_BOUND('',#3655,.T.);
#3908=FACE_BOUND('',#3656,.T.);
#3909=FACE_BOUND('',#3657,.T.);
#3910=FACE_BOUND('',#3658,.T.);
#3911=FACE_BOUND('',#3659,.T.);
#3912=FACE_BOUND('',#3660,.T.);
#3913=FACE_BOUND('',#3661,.T.);
#3914=FACE_BOUND('',#3662,.T.);
#3915=FACE_BOUND('',#3663,.T.);
#3916=FACE_BOUND('',#3664,.T.);
#3917=FACE_BOUND('',#3665,.T.);
#3918=FACE_BOUND('',#3666,.T.);
#3919=FACE_BOUND('',#3667,.T.);
#3920=FACE_BOUND('',#3668,.T.);
#3921=FACE_BOUND('',#3669,.T.);
#3922=FACE_BOUND('',#3670,.T.);
#3923=FACE_BOUND('',#3671,.T.);
#3924=FACE_BOUND('',#3672,.T.);
#3925=FACE_BOUND('',#3673,.T.);
#3926=FACE_BOUND('',#3674,.T.);
#3927=FACE_BOUND('',#3675,.T.);
#3928=FACE_BOUND('',#3676,.T.);
#3929=FACE_BOUND('',#3677,.T.);
#3930=FACE_BOUND('',#3678,.T.);
#3931=FACE_BOUND('',#3679,.T.);
#3932=FACE_BOUND('',#3680,.T.);
#3933=FACE_BOUND('',#3681,.T.);
#3934=FACE_BOUND('',#3682,.T.);
#3935=FACE_BOUND('',#3683,.T.);
#3936=FACE_BOUND('',#3684,.T.);
#3937=FACE_BOUND('',#3685,.T.);
#3938=FACE_BOUND('',#3686,.T.);
#3939=FACE_BOUND('',#3687,.T.);
#3940=FACE_BOUND('',#3688,.T.);
#3941=FACE_BOUND('',#3689,.T.);
#3942=FACE_BOUND('',#3690,.T.);
#3943=FACE_BOUND('',#3691,.T.);
#3944=FACE_BOUND('',#3692,.T.);
#3945=FACE_BOUND('',#3693,.T.);
#3946=FACE_BOUND('',#3694,.T.);
#3947=FACE_BOUND('',#3695,.T.);
#3948=FACE_BOUND('',#3696,.T.);
#3949=FACE_BOUND('',#3697,.T.);
#3950=FACE_BOUND('',#3698,.T.);
#3951=FACE_BOUND('',#3699,.T.);
#3952=FACE_BOUND('',#3700,.T.);
#3953=FACE_BOUND('',#3701,.T.);
#3954=FACE_BOUND('',#3702,.T.);
#3955=FACE_BOUND('',#3703,.T.);
#3956=FACE_BOUND('',#3704,.T.);
#3957=FACE_BOUND('',#3705,.T.);
#3958=FACE_BOUND('',#3706,.T.);
#3959=FACE_BOUND('',#3707,.T.);
#3960=FACE_BOUND('',#3708,.T.);
#3961=FACE_BOUND('',#3709,.T.);
#3962=FACE_BOUND('',#3710,.T.);
#3963=FACE_BOUND('',#3711,.T.);
#3964=FACE_BOUND('',#3712,.T.);
#3965=FACE_BOUND('',#3713,.T.);
#3966=FACE_BOUND('',#3714,.T.);
#3967=FACE_BOUND('',#3715,.T.);
#3968=FACE_BOUND('',#3716,.T.);
#3969=FACE_BOUND('',#3717,.T.);
#3970=FACE_BOUND('',#3718,.T.);
#3971=FACE_BOUND('',#3719,.T.);
#3972=FACE_BOUND('',#3720,.T.);
#3973=FACE_BOUND('',#3721,.T.);
#3974=FACE_BOUND('',#3722,.T.);
#3975=FACE_BOUND('',#3723,.T.);
#3976=FACE_BOUND('',#3724,.T.);
#3977=FACE_BOUND('',#3725,.T.);
#3978=FACE_BOUND('',#3726,.T.);
#3979=FACE_BOUND('',#3727,.T.);
#3980=FACE_BOUND('',#3728,.T.);
#3981=FACE_BOUND('',#3729,.T.);
#3982=FACE_BOUND('',#3730,.T.);
#3983=FACE_BOUND('',#3731,.T.);
#3984=FACE_BOUND('',#3732,.T.);
#3985=FACE_BOUND('',#3733,.T.);
#3986=FACE_BOUND('',#3734,.T.);
#3987=FACE_BOUND('',#3735,.T.);
#3988=FACE_BOUND('',#3736,.T.);
#3989=FACE_BOUND('',#3737,.T.);
#3990=FACE_BOUND('',#3738,.T.);
#3991=FACE_BOUND('',#3739,.T.);
#3992=PLANE('',#4253);
#3993=PLANE('',#4404);
#3994=PLANE('',#4661);
#3995=PLANE('',#4662);
#3996=PLANE('',#4663);
#3997=PLANE('',#4664);
#3998=PLANE('',#4665);
#3999=PLANE('',#4666);
#4000=PLANE('',#4667);
#4001=PLANE('',#4668);
#4002=PLANE('',#4669);
#4003=PLANE('',#4670);
#4004=PLANE('',#4671);
#4005=PLANE('',#4672);
#4006=PLANE('',#4673);
#4007=PLANE('',#4674);
#4008=PLANE('',#4675);
#4009=PLANE('',#4676);
#4010=PLANE('',#4677);
#4011=PLANE('',#4692);
#4012=PLANE('',#4695);
#4013=PLANE('',#4698);
#4014=PLANE('',#4701);
#4015=ADVANCED_FACE('',(#3740,#3741,#3742,#3743,#3744,#3745,#3746,#3747),
#3992,.T.);
#4016=ADVANCED_FACE('',(#3748,#3749),#72,.F.);
#4017=ADVANCED_FACE('',(#3750,#3751),#73,.F.);
#4018=ADVANCED_FACE('',(#3752,#3753),#74,.F.);
#4019=ADVANCED_FACE('',(#3754,#3755),#75,.F.);
#4020=ADVANCED_FACE('',(#3756,#3757,#3758,#3759,#3760,#3761,#3762,#3763),
#3993,.F.);
#4021=ADVANCED_FACE('',(#3764),#76,.T.);
#4022=ADVANCED_FACE('',(#3765),#77,.T.);
#4023=ADVANCED_FACE('',(#3766),#78,.T.);
#4024=ADVANCED_FACE('',(#3767),#79,.T.);
#4025=ADVANCED_FACE('',(#3768),#80,.T.);
#4026=ADVANCED_FACE('',(#3769),#81,.T.);
#4027=ADVANCED_FACE('',(#3770),#82,.T.);
#4028=ADVANCED_FACE('',(#3771),#83,.T.);
#4029=ADVANCED_FACE('',(#3772),#84,.T.);
#4030=ADVANCED_FACE('',(#3773),#85,.T.);
#4031=ADVANCED_FACE('',(#3774),#86,.T.);
#4032=ADVANCED_FACE('',(#3775),#87,.T.);
#4033=ADVANCED_FACE('',(#3776),#88,.T.);
#4034=ADVANCED_FACE('',(#3777),#89,.T.);
#4035=ADVANCED_FACE('',(#3778),#90,.T.);
#4036=ADVANCED_FACE('',(#3779),#91,.T.);
#4037=ADVANCED_FACE('',(#3780),#92,.T.);
#4038=ADVANCED_FACE('',(#3781),#93,.T.);
#4039=ADVANCED_FACE('',(#3782),#94,.T.);
#4040=ADVANCED_FACE('',(#3783),#95,.T.);
#4041=ADVANCED_FACE('',(#3784),#96,.T.);
#4042=ADVANCED_FACE('',(#3785),#97,.T.);
#4043=ADVANCED_FACE('',(#3786),#98,.T.);
#4044=ADVANCED_FACE('',(#3787),#99,.T.);
#4045=ADVANCED_FACE('',(#3788),#100,.T.);
#4046=ADVANCED_FACE('',(#3789),#101,.T.);
#4047=ADVANCED_FACE('',(#3790),#102,.T.);
#4048=ADVANCED_FACE('',(#3791),#103,.T.);
#4049=ADVANCED_FACE('',(#3792),#104,.T.);
#4050=ADVANCED_FACE('',(#3793),#105,.T.);
#4051=ADVANCED_FACE('',(#3794,#3795),#106,.F.);
#4052=ADVANCED_FACE('',(#3796),#107,.T.);
#4053=ADVANCED_FACE('',(#3797),#108,.T.);
#4054=ADVANCED_FACE('',(#3798),#12,.T.);
#4055=ADVANCED_FACE('',(#3799),#109,.F.);
#4056=ADVANCED_FACE('',(#3800),#13,.F.);
#4057=ADVANCED_FACE('',(#3801),#110,.T.);
#4058=ADVANCED_FACE('',(#3802),#14,.T.);
#4059=ADVANCED_FACE('',(#3803),#111,.F.);
#4060=ADVANCED_FACE('',(#3804),#112,.F.);
#4061=ADVANCED_FACE('',(#3805),#15,.F.);
#4062=ADVANCED_FACE('',(#3806),#113,.T.);
#4063=ADVANCED_FACE('',(#3807),#16,.T.);
#4064=ADVANCED_FACE('',(#3808),#114,.F.);
#4065=ADVANCED_FACE('',(#3809),#115,.F.);
#4066=ADVANCED_FACE('',(#3810),#17,.F.);
#4067=ADVANCED_FACE('',(#3811),#116,.T.);
#4068=ADVANCED_FACE('',(#3812),#18,.T.);
#4069=ADVANCED_FACE('',(#3813),#117,.F.);
#4070=ADVANCED_FACE('',(#3814),#118,.F.);
#4071=ADVANCED_FACE('',(#3815),#19,.F.);
#4072=ADVANCED_FACE('',(#3816),#119,.T.);
#4073=ADVANCED_FACE('',(#3817),#20,.T.);
#4074=ADVANCED_FACE('',(#3818),#120,.F.);
#4075=ADVANCED_FACE('',(#3819),#121,.F.);
#4076=ADVANCED_FACE('',(#3820),#21,.F.);
#4077=ADVANCED_FACE('',(#3821),#122,.T.);
#4078=ADVANCED_FACE('',(#3822),#22,.T.);
#4079=ADVANCED_FACE('',(#3823),#123,.F.);
#4080=ADVANCED_FACE('',(#3824),#124,.F.);
#4081=ADVANCED_FACE('',(#3825),#23,.F.);
#4082=ADVANCED_FACE('',(#3826),#125,.T.);
#4083=ADVANCED_FACE('',(#3827),#24,.T.);
#4084=ADVANCED_FACE('',(#3828),#126,.F.);
#4085=ADVANCED_FACE('',(#3829),#127,.F.);
#4086=ADVANCED_FACE('',(#3830),#25,.F.);
#4087=ADVANCED_FACE('',(#3831),#128,.T.);
#4088=ADVANCED_FACE('',(#3832),#26,.T.);
#4089=ADVANCED_FACE('',(#3833),#129,.F.);
#4090=ADVANCED_FACE('',(#3834),#130,.F.);
#4091=ADVANCED_FACE('',(#3835),#27,.F.);
#4092=ADVANCED_FACE('',(#3836),#131,.T.);
#4093=ADVANCED_FACE('',(#3837),#28,.T.);
#4094=ADVANCED_FACE('',(#3838),#132,.F.);
#4095=ADVANCED_FACE('',(#3839),#133,.F.);
#4096=ADVANCED_FACE('',(#3840),#29,.F.);
#4097=ADVANCED_FACE('',(#3841),#134,.T.);
#4098=ADVANCED_FACE('',(#3842),#30,.T.);
#4099=ADVANCED_FACE('',(#3843),#135,.F.);
#4100=ADVANCED_FACE('',(#3844),#136,.F.);
#4101=ADVANCED_FACE('',(#3845),#31,.F.);
#4102=ADVANCED_FACE('',(#3846),#137,.T.);
#4103=ADVANCED_FACE('',(#3847),#32,.T.);
#4104=ADVANCED_FACE('',(#3848),#138,.F.);
#4105=ADVANCED_FACE('',(#3849),#139,.F.);
#4106=ADVANCED_FACE('',(#3850),#33,.F.);
#4107=ADVANCED_FACE('',(#3851),#140,.T.);
#4108=ADVANCED_FACE('',(#3852),#34,.T.);
#4109=ADVANCED_FACE('',(#3853),#141,.F.);
#4110=ADVANCED_FACE('',(#3854),#142,.F.);
#4111=ADVANCED_FACE('',(#3855),#35,.F.);
#4112=ADVANCED_FACE('',(#3856),#143,.T.);
#4113=ADVANCED_FACE('',(#3857),#36,.T.);
#4114=ADVANCED_FACE('',(#3858),#144,.F.);
#4115=ADVANCED_FACE('',(#3859),#145,.F.);
#4116=ADVANCED_FACE('',(#3860),#37,.F.);
#4117=ADVANCED_FACE('',(#3861),#146,.T.);
#4118=ADVANCED_FACE('',(#3862),#38,.T.);
#4119=ADVANCED_FACE('',(#3863),#147,.F.);
#4120=ADVANCED_FACE('',(#3864),#148,.F.);
#4121=ADVANCED_FACE('',(#3865),#39,.F.);
#4122=ADVANCED_FACE('',(#3866),#149,.T.);
#4123=ADVANCED_FACE('',(#3867),#40,.T.);
#4124=ADVANCED_FACE('',(#3868),#150,.F.);
#4125=ADVANCED_FACE('',(#3869),#151,.F.);
#4126=ADVANCED_FACE('',(#3870),#41,.F.);
#4127=ADVANCED_FACE('',(#3871),#152,.T.);
#4128=ADVANCED_FACE('',(#3872),#42,.T.);
#4129=ADVANCED_FACE('',(#3873),#153,.F.);
#4130=ADVANCED_FACE('',(#3874),#154,.F.);
#4131=ADVANCED_FACE('',(#3875),#43,.F.);
#4132=ADVANCED_FACE('',(#3876),#155,.T.);
#4133=ADVANCED_FACE('',(#3877),#44,.T.);
#4134=ADVANCED_FACE('',(#3878),#156,.F.);
#4135=ADVANCED_FACE('',(#3879),#157,.F.);
#4136=ADVANCED_FACE('',(#3880),#45,.F.);
#4137=ADVANCED_FACE('',(#3881),#158,.T.);
#4138=ADVANCED_FACE('',(#3882),#46,.T.);
#4139=ADVANCED_FACE('',(#3883),#159,.F.);
#4140=ADVANCED_FACE('',(#3884),#160,.F.);
#4141=ADVANCED_FACE('',(#3885),#47,.F.);
#4142=ADVANCED_FACE('',(#3886),#161,.T.);
#4143=ADVANCED_FACE('',(#3887),#48,.T.);
#4144=ADVANCED_FACE('',(#3888),#162,.F.);
#4145=ADVANCED_FACE('',(#3889),#163,.F.);
#4146=ADVANCED_FACE('',(#3890),#49,.F.);
#4147=ADVANCED_FACE('',(#3891),#164,.T.);
#4148=ADVANCED_FACE('',(#3892),#50,.T.);
#4149=ADVANCED_FACE('',(#3893),#165,.F.);
#4150=ADVANCED_FACE('',(#3894),#166,.F.);
#4151=ADVANCED_FACE('',(#3895),#51,.F.);
#4152=ADVANCED_FACE('',(#3896),#167,.T.);
#4153=ADVANCED_FACE('',(#3897),#52,.T.);
#4154=ADVANCED_FACE('',(#3898),#168,.F.);
#4155=ADVANCED_FACE('',(#3899),#169,.F.);
#4156=ADVANCED_FACE('',(#3900),#53,.F.);
#4157=ADVANCED_FACE('',(#3901),#170,.T.);
#4158=ADVANCED_FACE('',(#3902),#54,.T.);
#4159=ADVANCED_FACE('',(#3903),#171,.F.);
#4160=ADVANCED_FACE('',(#3904),#172,.F.);
#4161=ADVANCED_FACE('',(#3905),#55,.F.);
#4162=ADVANCED_FACE('',(#3906),#173,.T.);
#4163=ADVANCED_FACE('',(#3907),#56,.T.);
#4164=ADVANCED_FACE('',(#3908),#174,.F.);
#4165=ADVANCED_FACE('',(#3909),#175,.F.);
#4166=ADVANCED_FACE('',(#3910),#57,.F.);
#4167=ADVANCED_FACE('',(#3911),#176,.T.);
#4168=ADVANCED_FACE('',(#3912),#58,.T.);
#4169=ADVANCED_FACE('',(#3913),#177,.F.);
#4170=ADVANCED_FACE('',(#3914),#178,.F.);
#4171=ADVANCED_FACE('',(#3915),#59,.F.);
#4172=ADVANCED_FACE('',(#3916),#179,.T.);
#4173=ADVANCED_FACE('',(#3917),#60,.T.);
#4174=ADVANCED_FACE('',(#3918),#180,.F.);
#4175=ADVANCED_FACE('',(#3919),#181,.F.);
#4176=ADVANCED_FACE('',(#3920),#61,.F.);
#4177=ADVANCED_FACE('',(#3921),#182,.T.);
#4178=ADVANCED_FACE('',(#3922),#62,.T.);
#4179=ADVANCED_FACE('',(#3923),#183,.F.);
#4180=ADVANCED_FACE('',(#3924),#184,.F.);
#4181=ADVANCED_FACE('',(#3925),#63,.F.);
#4182=ADVANCED_FACE('',(#3926),#185,.T.);
#4183=ADVANCED_FACE('',(#3927),#64,.T.);
#4184=ADVANCED_FACE('',(#3928),#186,.F.);
#4185=ADVANCED_FACE('',(#3929),#187,.F.);
#4186=ADVANCED_FACE('',(#3930),#65,.F.);
#4187=ADVANCED_FACE('',(#3931),#188,.T.);
#4188=ADVANCED_FACE('',(#3932),#66,.T.);
#4189=ADVANCED_FACE('',(#3933),#189,.F.);
#4190=ADVANCED_FACE('',(#3934),#190,.F.);
#4191=ADVANCED_FACE('',(#3935),#67,.F.);
#4192=ADVANCED_FACE('',(#3936),#191,.T.);
#4193=ADVANCED_FACE('',(#3937),#68,.T.);
#4194=ADVANCED_FACE('',(#3938),#192,.F.);
#4195=ADVANCED_FACE('',(#3939),#193,.F.);
#4196=ADVANCED_FACE('',(#3940),#69,.F.);
#4197=ADVANCED_FACE('',(#3941),#194,.T.);
#4198=ADVANCED_FACE('',(#3942),#70,.T.);
#4199=ADVANCED_FACE('',(#3943),#195,.F.);
#4200=ADVANCED_FACE('',(#3944),#196,.F.);
#4201=ADVANCED_FACE('',(#3945),#71,.F.);
#4202=ADVANCED_FACE('',(#3946),#197,.F.);
#4203=ADVANCED_FACE('',(#3947),#3994,.T.);
#4204=ADVANCED_FACE('',(#3948),#3995,.F.);
#4205=ADVANCED_FACE('',(#3949),#3996,.F.);
#4206=ADVANCED_FACE('',(#3950),#3997,.F.);
#4207=ADVANCED_FACE('',(#3951),#3998,.F.);
#4208=ADVANCED_FACE('',(#3952),#3999,.T.);
#4209=ADVANCED_FACE('',(#3953),#4000,.T.);
#4210=ADVANCED_FACE('',(#3954),#4001,.T.);
#4211=ADVANCED_FACE('',(#3955),#4002,.T.);
#4212=ADVANCED_FACE('',(#3956),#4003,.F.);
#4213=ADVANCED_FACE('',(#3957),#4004,.F.);
#4214=ADVANCED_FACE('',(#3958),#4005,.F.);
#4215=ADVANCED_FACE('',(#3959),#4006,.F.);
#4216=ADVANCED_FACE('',(#3960),#4007,.T.);
#4217=ADVANCED_FACE('',(#3961),#4008,.T.);
#4218=ADVANCED_FACE('',(#3962),#4009,.T.);
#4219=ADVANCED_FACE('',(#3963),#4010,.T.);
#4220=ADVANCED_FACE('',(#3964),#198,.T.);
#4221=ADVANCED_FACE('',(#3965),#199,.F.);
#4222=ADVANCED_FACE('',(#3966),#200,.F.);
#4223=ADVANCED_FACE('',(#3967),#201,.T.);
#4224=ADVANCED_FACE('',(#3968),#202,.F.);
#4225=ADVANCED_FACE('',(#3969),#203,.T.);
#4226=ADVANCED_FACE('',(#3970),#204,.T.);
#4227=ADVANCED_FACE('',(#3971),#205,.F.);
#4228=ADVANCED_FACE('',(#3972),#206,.F.);
#4229=ADVANCED_FACE('',(#3973),#207,.T.);
#4230=ADVANCED_FACE('',(#3974),#208,.T.);
#4231=ADVANCED_FACE('',(#3975),#209,.F.);
#4232=ADVANCED_FACE('',(#3976,#3977),#210,.F.);
#4233=ADVANCED_FACE('',(#3978,#3979),#4011,.T.);
#4234=ADVANCED_FACE('',(#3980,#3981),#211,.F.);
#4235=ADVANCED_FACE('',(#3982,#3983),#4012,.T.);
#4236=ADVANCED_FACE('',(#3984,#3985),#212,.F.);
#4237=ADVANCED_FACE('',(#3986,#3987),#4013,.T.);
#4238=ADVANCED_FACE('',(#3988,#3989),#213,.F.);
#4239=ADVANCED_FACE('',(#3990,#3991),#4014,.T.);
#4240=CLOSED_SHELL('',(#4015,#4016,#4017,#4018,#4019,#4020,#4021,#4022,
#4023,#4024,#4025,#4026,#4027,#4028,#4029,#4030,#4031,#4032,#4033,#4034,
#4035,#4036,#4037,#4038,#4039,#4040,#4041,#4042,#4043,#4044,#4045,#4046,
#4047,#4048,#4049,#4050,#4051,#4052,#4053,#4054,#4055,#4056,#4057,#4058,
#4059,#4060,#4061,#4062,#4063,#4064,#4065,#4066,#4067,#4068,#4069,#4070,
#4071,#4072,#4073,#4074,#4075,#4076,#4077,#4078,#4079,#4080,#4081,#4082,
#4083,#4084,#4085,#4086,#4087,#4088,#4089,#4090,#4091,#4092,#4093,#4094,
#4095,#4096,#4097,#4098,#4099,#4100,#4101,#4102,#4103,#4104,#4105,#4106,
#4107,#4108,#4109,#4110,#4111,#4112,#4113,#4114,#4115,#4116,#4117,#4118,
#4119,#4120,#4121,#4122,#4123,#4124,#4125,#4126,#4127,#4128,#4129,#4130,
#4131,#4132,#4133,#4134,#4135,#4136,#4137,#4138,#4139,#4140,#4141,#4142,
#4143,#4144,#4145,#4146,#4147,#4148,#4149,#4150,#4151,#4152,#4153,#4154,
#4155,#4156,#4157,#4158,#4159,#4160,#4161,#4162,#4163,#4164,#4165,#4166,
#4167,#4168,#4169,#4170,#4171,#4172,#4173,#4174,#4175,#4176,#4177,#4178,
#4179,#4180,#4181,#4182,#4183,#4184,#4185,#4186,#4187,#4188,#4189,#4190,
#4191,#4192,#4193,#4194,#4195,#4196,#4197,#4198,#4199,#4200,#4201,#4202,
#4203,#4204,#4205,#4206,#4207,#4208,#4209,#4210,#4211,#4212,#4213,#4214,
#4215,#4216,#4217,#4218,#4219,#4220,#4221,#4222,#4223,#4224,#4225,#4226,
#4227,#4228,#4229,#4230,#4231,#4232,#4233,#4234,#4235,#4236,#4237,#4238,
#4239));
#4241=STYLED_ITEM('',(#4242),#4249);
#4242=PRESENTATION_STYLE_ASSIGNMENT((#4243));
#4243=SURFACE_STYLE_USAGE(.BOTH.,#4244);
#4244=SURFACE_SIDE_STYLE('',(#4245));
#4245=SURFACE_STYLE_FILL_AREA(#4246);
#4246=FILL_AREA_STYLE('',(#4247));
#4247=FILL_AREA_STYLE_COLOUR('',#4248);
#4248=COLOUR_RGB('',0.972549019607843,0.529411764705882,0.00392156862745098);
#4249=MANIFOLD_SOLID_BREP('Spur gear (60 teeth)',#4240);
#4250=SHAPE_DEFINITION_REPRESENTATION(#9384,#4251);
#4251=SHAPE_REPRESENTATION('Spur gear (60 teeth)',(#4252),#9379);
#4252=AXIS2_PLACEMENT_3D('',#5846,#4702,#4703);
#4253=AXIS2_PLACEMENT_3D('',#5847,#4704,#4705);
#4254=AXIS2_PLACEMENT_3D('',#5848,#4706,#4707);
#4255=AXIS2_PLACEMENT_3D('',#5850,#4708,#4709);
#4256=AXIS2_PLACEMENT_3D('',#5855,#4711,#4712);
#4257=AXIS2_PLACEMENT_3D('',#5861,#4715,#4716);
#4258=AXIS2_PLACEMENT_3D('',#5864,#4718,#4719);
#4259=AXIS2_PLACEMENT_3D('',#5869,#4721,#4722);
#4260=AXIS2_PLACEMENT_3D('',#5875,#4725,#4726);
#4261=AXIS2_PLACEMENT_3D('',#5881,#4729,#4730);
#4262=AXIS2_PLACEMENT_3D('',#5885,#4732,#4733);
#4263=AXIS2_PLACEMENT_3D('',#5889,#4735,#4736);
#4264=AXIS2_PLACEMENT_3D('',#5893,#4738,#4739);
#4265=AXIS2_PLACEMENT_3D('',#5897,#4741,#4742);
#4266=AXIS2_PLACEMENT_3D('',#5901,#4744,#4745);
#4267=AXIS2_PLACEMENT_3D('',#5905,#4747,#4748);
#4268=AXIS2_PLACEMENT_3D('',#5909,#4750,#4751);
#4269=AXIS2_PLACEMENT_3D('',#5911,#4752,#4753);
#4270=AXIS2_PLACEMENT_3D('',#5930,#4754,#4755);
#4271=AXIS2_PLACEMENT_3D('',#5949,#4756,#4757);
#4272=AXIS2_PLACEMENT_3D('',#5951,#4758,#4759);
#4273=AXIS2_PLACEMENT_3D('',#5953,#4760,#4761);
#4274=AXIS2_PLACEMENT_3D('',#5972,#4762,#4763);
#4275=AXIS2_PLACEMENT_3D('',#5991,#4764,#4765);
#4276=AXIS2_PLACEMENT_3D('',#5993,#4766,#4767);
#4277=AXIS2_PLACEMENT_3D('',#5995,#4768,#4769);
#4278=AXIS2_PLACEMENT_3D('',#6014,#4770,#4771);
#4279=AXIS2_PLACEMENT_3D('',#6033,#4772,#4773);
#4280=AXIS2_PLACEMENT_3D('',#6035,#4774,#4775);
#4281=AXIS2_PLACEMENT_3D('',#6037,#4776,#4777);
#4282=AXIS2_PLACEMENT_3D('',#6056,#4778,#4779);
#4283=AXIS2_PLACEMENT_3D('',#6075,#4780,#4781);
#4284=AXIS2_PLACEMENT_3D('',#6077,#4782,#4783);
#4285=AXIS2_PLACEMENT_3D('',#6079,#4784,#4785);
#4286=AXIS2_PLACEMENT_3D('',#6098,#4786,#4787);
#4287=AXIS2_PLACEMENT_3D('',#6117,#4788,#4789);
#4288=AXIS2_PLACEMENT_3D('',#6119,#4790,#4791);
#4289=AXIS2_PLACEMENT_3D('',#6121,#4792,#4793);
#4290=AXIS2_PLACEMENT_3D('',#6140,#4794,#4795);
#4291=AXIS2_PLACEMENT_3D('',#6159,#4796,#4797);
#4292=AXIS2_PLACEMENT_3D('',#6161,#4798,#4799);
#4293=AXIS2_PLACEMENT_3D('',#6163,#4800,#4801);
#4294=AXIS2_PLACEMENT_3D('',#6182,#4802,#4803);
#4295=AXIS2_PLACEMENT_3D('',#6201,#4804,#4805);
#4296=AXIS2_PLACEMENT_3D('',#6203,#4806,#4807);
#4297=AXIS2_PLACEMENT_3D('',#6205,#4808,#4809);
#4298=AXIS2_PLACEMENT_3D('',#6224,#4810,#4811);
#4299=AXIS2_PLACEMENT_3D('',#6243,#4812,#4813);
#4300=AXIS2_PLACEMENT_3D('',#6245,#4814,#4815);
#4301=AXIS2_PLACEMENT_3D('',#6247,#4816,#4817);
#4302=AXIS2_PLACEMENT_3D('',#6266,#4818,#4819);
#4303=AXIS2_PLACEMENT_3D('',#6285,#4820,#4821);
#4304=AXIS2_PLACEMENT_3D('',#6287,#4822,#4823);
#4305=AXIS2_PLACEMENT_3D('',#6289,#4824,#4825);
#4306=AXIS2_PLACEMENT_3D('',#6308,#4826,#4827);
#4307=AXIS2_PLACEMENT_3D('',#6327,#4828,#4829);
#4308=AXIS2_PLACEMENT_3D('',#6329,#4830,#4831);
#4309=AXIS2_PLACEMENT_3D('',#6331,#4832,#4833);
#4310=AXIS2_PLACEMENT_3D('',#6350,#4834,#4835);
#4311=AXIS2_PLACEMENT_3D('',#6369,#4836,#4837);
#4312=AXIS2_PLACEMENT_3D('',#6371,#4838,#4839);
#4313=AXIS2_PLACEMENT_3D('',#6373,#4840,#4841);
#4314=AXIS2_PLACEMENT_3D('',#6392,#4842,#4843);
#4315=AXIS2_PLACEMENT_3D('',#6411,#4844,#4845);
#4316=AXIS2_PLACEMENT_3D('',#6413,#4846,#4847);
#4317=AXIS2_PLACEMENT_3D('',#6415,#4848,#4849);
#4318=AXIS2_PLACEMENT_3D('',#6434,#4850,#4851);
#4319=AXIS2_PLACEMENT_3D('',#6453,#4852,#4853);
#4320=AXIS2_PLACEMENT_3D('',#6455,#4854,#4855);
#4321=AXIS2_PLACEMENT_3D('',#6457,#4856,#4857);
#4322=AXIS2_PLACEMENT_3D('',#6476,#4858,#4859);
#4323=AXIS2_PLACEMENT_3D('',#6495,#4860,#4861);
#4324=AXIS2_PLACEMENT_3D('',#6497,#4862,#4863);
#4325=AXIS2_PLACEMENT_3D('',#6499,#4864,#4865);
#4326=AXIS2_PLACEMENT_3D('',#6518,#4866,#4867);
#4327=AXIS2_PLACEMENT_3D('',#6537,#4868,#4869);
#4328=AXIS2_PLACEMENT_3D('',#6539,#4870,#4871);
#4329=AXIS2_PLACEMENT_3D('',#6541,#4872,#4873);
#4330=AXIS2_PLACEMENT_3D('',#6560,#4874,#4875);
#4331=AXIS2_PLACEMENT_3D('',#6579,#4876,#4877);
#4332=AXIS2_PLACEMENT_3D('',#6581,#4878,#4879);
#4333=AXIS2_PLACEMENT_3D('',#6583,#4880,#4881);
#4334=AXIS2_PLACEMENT_3D('',#6602,#4882,#4883);
#4335=AXIS2_PLACEMENT_3D('',#6621,#4884,#4885);
#4336=AXIS2_PLACEMENT_3D('',#6623,#4886,#4887);
#4337=AXIS2_PLACEMENT_3D('',#6625,#4888,#4889);
#4338=AXIS2_PLACEMENT_3D('',#6644,#4890,#4891);
#4339=AXIS2_PLACEMENT_3D('',#6663,#4892,#4893);
#4340=AXIS2_PLACEMENT_3D('',#6665,#4894,#4895);
#4341=AXIS2_PLACEMENT_3D('',#6667,#4896,#4897);
#4342=AXIS2_PLACEMENT_3D('',#6686,#4898,#4899);
#4343=AXIS2_PLACEMENT_3D('',#6705,#4900,#4901);
#4344=AXIS2_PLACEMENT_3D('',#6707,#4902,#4903);
#4345=AXIS2_PLACEMENT_3D('',#6709,#4904,#4905);
#4346=AXIS2_PLACEMENT_3D('',#6728,#4906,#4907);
#4347=AXIS2_PLACEMENT_3D('',#6747,#4908,#4909);
#4348=AXIS2_PLACEMENT_3D('',#6749,#4910,#4911);
#4349=AXIS2_PLACEMENT_3D('',#6751,#4912,#4913);
#4350=AXIS2_PLACEMENT_3D('',#6770,#4914,#4915);
#4351=AXIS2_PLACEMENT_3D('',#6789,#4916,#4917);
#4352=AXIS2_PLACEMENT_3D('',#6791,#4918,#4919);
#4353=AXIS2_PLACEMENT_3D('',#6793,#4920,#4921);
#4354=AXIS2_PLACEMENT_3D('',#6812,#4922,#4923);
#4355=AXIS2_PLACEMENT_3D('',#6831,#4924,#4925);
#4356=AXIS2_PLACEMENT_3D('',#6833,#4926,#4927);
#4357=AXIS2_PLACEMENT_3D('',#6835,#4928,#4929);
#4358=AXIS2_PLACEMENT_3D('',#6854,#4930,#4931);
#4359=AXIS2_PLACEMENT_3D('',#6873,#4932,#4933);
#4360=AXIS2_PLACEMENT_3D('',#6875,#4934,#4935);
#4361=AXIS2_PLACEMENT_3D('',#6877,#4936,#4937);
#4362=AXIS2_PLACEMENT_3D('',#6896,#4938,#4939);
#4363=AXIS2_PLACEMENT_3D('',#6915,#4940,#4941);
#4364=AXIS2_PLACEMENT_3D('',#6917,#4942,#4943);
#4365=AXIS2_PLACEMENT_3D('',#6919,#4944,#4945);
#4366=AXIS2_PLACEMENT_3D('',#6938,#4946,#4947);
#4367=AXIS2_PLACEMENT_3D('',#6957,#4948,#4949);
#4368=AXIS2_PLACEMENT_3D('',#6959,#4950,#4951);
#4369=AXIS2_PLACEMENT_3D('',#6961,#4952,#4953);
#4370=AXIS2_PLACEMENT_3D('',#6980,#4954,#4955);
#4371=AXIS2_PLACEMENT_3D('',#6999,#4956,#4957);
#4372=AXIS2_PLACEMENT_3D('',#7001,#4958,#4959);
#4373=AXIS2_PLACEMENT_3D('',#7003,#4960,#4961);
#4374=AXIS2_PLACEMENT_3D('',#7022,#4962,#4963);
#4375=AXIS2_PLACEMENT_3D('',#7041,#4964,#4965);
#4376=AXIS2_PLACEMENT_3D('',#7043,#4966,#4967);
#4377=AXIS2_PLACEMENT_3D('',#7045,#4968,#4969);
#4378=AXIS2_PLACEMENT_3D('',#7064,#4970,#4971);
#4379=AXIS2_PLACEMENT_3D('',#7083,#4972,#4973);
#4380=AXIS2_PLACEMENT_3D('',#7085,#4974,#4975);
#4381=AXIS2_PLACEMENT_3D('',#7087,#4976,#4977);
#4382=AXIS2_PLACEMENT_3D('',#7106,#4978,#4979);
#4383=AXIS2_PLACEMENT_3D('',#7125,#4980,#4981);
#4384=AXIS2_PLACEMENT_3D('',#7127,#4982,#4983);
#4385=AXIS2_PLACEMENT_3D('',#7129,#4984,#4985);
#4386=AXIS2_PLACEMENT_3D('',#7148,#4986,#4987);
#4387=AXIS2_PLACEMENT_3D('',#7167,#4988,#4989);
#4388=AXIS2_PLACEMENT_3D('',#7169,#4990,#4991);
#4389=AXIS2_PLACEMENT_3D('',#7173,#4993,#4994);
#4390=AXIS2_PLACEMENT_3D('',#7174,#4995,#4996);
#4391=AXIS2_PLACEMENT_3D('',#7176,#4997,#4998);
#4392=AXIS2_PLACEMENT_3D('',#7178,#4999,#5000);
#4393=AXIS2_PLACEMENT_3D('',#7179,#5001,#5002);
#4394=AXIS2_PLACEMENT_3D('',#7181,#5003,#5004);
#4395=AXIS2_PLACEMENT_3D('',#7183,#5005,#5006);
#4396=AXIS2_PLACEMENT_3D('',#7184,#5007,#5008);
#4397=AXIS2_PLACEMENT_3D('',#7186,#5009,#5010);
#4398=AXIS2_PLACEMENT_3D('',#7188,#5011,#5012);
#4399=AXIS2_PLACEMENT_3D('',#7189,#5013,#5014);
#4400=AXIS2_PLACEMENT_3D('',#7191,#5015,#5016);
#4401=AXIS2_PLACEMENT_3D('',#7193,#5017,#5018);
#4402=AXIS2_PLACEMENT_3D('',#7194,#5019,#5020);
#4403=AXIS2_PLACEMENT_3D('',#7196,#5021,#5022);
#4404=AXIS2_PLACEMENT_3D('',#7198,#5023,#5024);
#4405=AXIS2_PLACEMENT_3D('',#7202,#5026,#5027);
#4406=AXIS2_PLACEMENT_3D('',#7206,#5029,#5030);
#4407=AXIS2_PLACEMENT_3D('',#7210,#5032,#5033);
#4408=AXIS2_PLACEMENT_3D('',#7212,#5034,#5035);
#4409=AXIS2_PLACEMENT_3D('',#7231,#5036,#5037);
#4410=AXIS2_PLACEMENT_3D('',#7250,#5038,#5039);
#4411=AXIS2_PLACEMENT_3D('',#7252,#5040,#5041);
#4412=AXIS2_PLACEMENT_3D('',#7254,#5042,#5043);
#4413=AXIS2_PLACEMENT_3D('',#7273,#5044,#5045);
#4414=AXIS2_PLACEMENT_3D('',#7292,#5046,#5047);
#4415=AXIS2_PLACEMENT_3D('',#7294,#5048,#5049);
#4416=AXIS2_PLACEMENT_3D('',#7296,#5050,#5051);
#4417=AXIS2_PLACEMENT_3D('',#7315,#5052,#5053);
#4418=AXIS2_PLACEMENT_3D('',#7334,#5054,#5055);
#4419=AXIS2_PLACEMENT_3D('',#7336,#5056,#5057);
#4420=AXIS2_PLACEMENT_3D('',#7338,#5058,#5059);
#4421=AXIS2_PLACEMENT_3D('',#7357,#5060,#5061);
#4422=AXIS2_PLACEMENT_3D('',#7376,#5062,#5063);
#4423=AXIS2_PLACEMENT_3D('',#7378,#5064,#5065);
#4424=AXIS2_PLACEMENT_3D('',#7380,#5066,#5067);
#4425=AXIS2_PLACEMENT_3D('',#7399,#5068,#5069);
#4426=AXIS2_PLACEMENT_3D('',#7418,#5070,#5071);
#4427=AXIS2_PLACEMENT_3D('',#7420,#5072,#5073);
#4428=AXIS2_PLACEMENT_3D('',#7422,#5074,#5075);
#4429=AXIS2_PLACEMENT_3D('',#7441,#5076,#5077);
#4430=AXIS2_PLACEMENT_3D('',#7460,#5078,#5079);
#4431=AXIS2_PLACEMENT_3D('',#7462,#5080,#5081);
#4432=AXIS2_PLACEMENT_3D('',#7464,#5082,#5083);
#4433=AXIS2_PLACEMENT_3D('',#7483,#5084,#5085);
#4434=AXIS2_PLACEMENT_3D('',#7502,#5086,#5087);
#4435=AXIS2_PLACEMENT_3D('',#7504,#5088,#5089);
#4436=AXIS2_PLACEMENT_3D('',#7506,#5090,#5091);
#4437=AXIS2_PLACEMENT_3D('',#7525,#5092,#5093);
#4438=AXIS2_PLACEMENT_3D('',#7544,#5094,#5095);
#4439=AXIS2_PLACEMENT_3D('',#7546,#5096,#5097);
#4440=AXIS2_PLACEMENT_3D('',#7548,#5098,#5099);
#4441=AXIS2_PLACEMENT_3D('',#7567,#5100,#5101);
#4442=AXIS2_PLACEMENT_3D('',#7586,#5102,#5103);
#4443=AXIS2_PLACEMENT_3D('',#7588,#5104,#5105);
#4444=AXIS2_PLACEMENT_3D('',#7590,#5106,#5107);
#4445=AXIS2_PLACEMENT_3D('',#7609,#5108,#5109);
#4446=AXIS2_PLACEMENT_3D('',#7628,#5110,#5111);
#4447=AXIS2_PLACEMENT_3D('',#7630,#5112,#5113);
#4448=AXIS2_PLACEMENT_3D('',#7632,#5114,#5115);
#4449=AXIS2_PLACEMENT_3D('',#7651,#5116,#5117);
#4450=AXIS2_PLACEMENT_3D('',#7670,#5118,#5119);
#4451=AXIS2_PLACEMENT_3D('',#7672,#5120,#5121);
#4452=AXIS2_PLACEMENT_3D('',#7674,#5122,#5123);
#4453=AXIS2_PLACEMENT_3D('',#7693,#5124,#5125);
#4454=AXIS2_PLACEMENT_3D('',#7712,#5126,#5127);
#4455=AXIS2_PLACEMENT_3D('',#7714,#5128,#5129);
#4456=AXIS2_PLACEMENT_3D('',#7716,#5130,#5131);
#4457=AXIS2_PLACEMENT_3D('',#7735,#5132,#5133);
#4458=AXIS2_PLACEMENT_3D('',#7754,#5134,#5135);
#4459=AXIS2_PLACEMENT_3D('',#7756,#5136,#5137);
#4460=AXIS2_PLACEMENT_3D('',#7758,#5138,#5139);
#4461=AXIS2_PLACEMENT_3D('',#7777,#5140,#5141);
#4462=AXIS2_PLACEMENT_3D('',#7796,#5142,#5143);
#4463=AXIS2_PLACEMENT_3D('',#7798,#5144,#5145);
#4464=AXIS2_PLACEMENT_3D('',#7800,#5146,#5147);
#4465=AXIS2_PLACEMENT_3D('',#7819,#5148,#5149);
#4466=AXIS2_PLACEMENT_3D('',#7838,#5150,#5151);
#4467=AXIS2_PLACEMENT_3D('',#7840,#5152,#5153);
#4468=AXIS2_PLACEMENT_3D('',#7842,#5154,#5155);
#4469=AXIS2_PLACEMENT_3D('',#7861,#5156,#5157);
#4470=AXIS2_PLACEMENT_3D('',#7880,#5158,#5159);
#4471=AXIS2_PLACEMENT_3D('',#7882,#5160,#5161);
#4472=AXIS2_PLACEMENT_3D('',#7884,#5162,#5163);
#4473=AXIS2_PLACEMENT_3D('',#7903,#5164,#5165);
#4474=AXIS2_PLACEMENT_3D('',#7922,#5166,#5167);
#4475=AXIS2_PLACEMENT_3D('',#7924,#5168,#5169);
#4476=AXIS2_PLACEMENT_3D('',#7926,#5170,#5171);
#4477=AXIS2_PLACEMENT_3D('',#7945,#5172,#5173);
#4478=AXIS2_PLACEMENT_3D('',#7964,#5174,#5175);
#4479=AXIS2_PLACEMENT_3D('',#7966,#5176,#5177);
#4480=AXIS2_PLACEMENT_3D('',#7968,#5178,#5179);
#4481=AXIS2_PLACEMENT_3D('',#7987,#5180,#5181);
#4482=AXIS2_PLACEMENT_3D('',#8006,#5182,#5183);
#4483=AXIS2_PLACEMENT_3D('',#8008,#5184,#5185);
#4484=AXIS2_PLACEMENT_3D('',#8010,#5186,#5187);
#4485=AXIS2_PLACEMENT_3D('',#8029,#5188,#5189);
#4486=AXIS2_PLACEMENT_3D('',#8048,#5190,#5191);
#4487=AXIS2_PLACEMENT_3D('',#8050,#5192,#5193);
#4488=AXIS2_PLACEMENT_3D('',#8052,#5194,#5195);
#4489=AXIS2_PLACEMENT_3D('',#8071,#5196,#5197);
#4490=AXIS2_PLACEMENT_3D('',#8090,#5198,#5199);
#4491=AXIS2_PLACEMENT_3D('',#8092,#5200,#5201);
#4492=AXIS2_PLACEMENT_3D('',#8094,#5202,#5203);
#4493=AXIS2_PLACEMENT_3D('',#8113,#5204,#5205);
#4494=AXIS2_PLACEMENT_3D('',#8132,#5206,#5207);
#4495=AXIS2_PLACEMENT_3D('',#8134,#5208,#5209);
#4496=AXIS2_PLACEMENT_3D('',#8136,#5210,#5211);
#4497=AXIS2_PLACEMENT_3D('',#8155,#5212,#5213);
#4498=AXIS2_PLACEMENT_3D('',#8174,#5214,#5215);
#4499=AXIS2_PLACEMENT_3D('',#8176,#5216,#5217);
#4500=AXIS2_PLACEMENT_3D('',#8178,#5218,#5219);
#4501=AXIS2_PLACEMENT_3D('',#8197,#5220,#5221);
#4502=AXIS2_PLACEMENT_3D('',#8216,#5222,#5223);
#4503=AXIS2_PLACEMENT_3D('',#8218,#5224,#5225);
#4504=AXIS2_PLACEMENT_3D('',#8220,#5226,#5227);
#4505=AXIS2_PLACEMENT_3D('',#8239,#5228,#5229);
#4506=AXIS2_PLACEMENT_3D('',#8258,#5230,#5231);
#4507=AXIS2_PLACEMENT_3D('',#8260,#5232,#5233);
#4508=AXIS2_PLACEMENT_3D('',#8262,#5234,#5235);
#4509=AXIS2_PLACEMENT_3D('',#8281,#5236,#5237);
#4510=AXIS2_PLACEMENT_3D('',#8300,#5238,#5239);
#4511=AXIS2_PLACEMENT_3D('',#8302,#5240,#5241);
#4512=AXIS2_PLACEMENT_3D('',#8304,#5242,#5243);
#4513=AXIS2_PLACEMENT_3D('',#8323,#5244,#5245);
#4514=AXIS2_PLACEMENT_3D('',#8342,#5246,#5247);
#4515=AXIS2_PLACEMENT_3D('',#8344,#5248,#5249);
#4516=AXIS2_PLACEMENT_3D('',#8346,#5250,#5251);
#4517=AXIS2_PLACEMENT_3D('',#8365,#5252,#5253);
#4518=AXIS2_PLACEMENT_3D('',#8384,#5254,#5255);
#4519=AXIS2_PLACEMENT_3D('',#8386,#5256,#5257);
#4520=AXIS2_PLACEMENT_3D('',#8388,#5258,#5259);
#4521=AXIS2_PLACEMENT_3D('',#8407,#5260,#5261);
#4522=AXIS2_PLACEMENT_3D('',#8426,#5262,#5263);
#4523=AXIS2_PLACEMENT_3D('',#8428,#5264,#5265);
#4524=AXIS2_PLACEMENT_3D('',#8430,#5266,#5267);
#4525=AXIS2_PLACEMENT_3D('',#8449,#5268,#5269);
#4526=AXIS2_PLACEMENT_3D('',#8468,#5270,#5271);
#4527=AXIS2_PLACEMENT_3D('',#8470,#5272,#5273);
#4528=AXIS2_PLACEMENT_3D('',#8474,#5275,#5276);
#4529=AXIS2_PLACEMENT_3D('',#8478,#5278,#5279);
#4530=AXIS2_PLACEMENT_3D('',#8482,#5281,#5282);
#4531=AXIS2_PLACEMENT_3D('',#8486,#5284,#5285);
#4532=AXIS2_PLACEMENT_3D('',#8490,#5287,#5288);
#4533=AXIS2_PLACEMENT_3D('',#8494,#5290,#5291);
#4534=AXIS2_PLACEMENT_3D('',#8495,#5292,#5293);
#4535=AXIS2_PLACEMENT_3D('',#8500,#5295,#5296);
#4536=AXIS2_PLACEMENT_3D('',#8506,#5299,#5300);
#4537=AXIS2_PLACEMENT_3D('',#8512,#5303,#5304);
#4538=AXIS2_PLACEMENT_3D('',#8518,#5307,#5308);
#4539=AXIS2_PLACEMENT_3D('',#8521,#5310,#5311);
#4540=AXIS2_PLACEMENT_3D('',#8524,#5314,#5315);
#4541=AXIS2_PLACEMENT_3D('',#8527,#5318,#5319);
#4542=AXIS2_PLACEMENT_3D('',#8530,#5322,#5323);
#4543=AXIS2_PLACEMENT_3D('',#8533,#5326,#5327);
#4544=AXIS2_PLACEMENT_3D('',#8536,#5330,#5331);
#4545=AXIS2_PLACEMENT_3D('',#8539,#5334,#5335);
#4546=AXIS2_PLACEMENT_3D('',#8542,#5338,#5339);
#4547=AXIS2_PLACEMENT_3D('',#8545,#5342,#5343);
#4548=AXIS2_PLACEMENT_3D('',#8548,#5346,#5347);
#4549=AXIS2_PLACEMENT_3D('',#8551,#5350,#5351);
#4550=AXIS2_PLACEMENT_3D('',#8554,#5354,#5355);
#4551=AXIS2_PLACEMENT_3D('',#8557,#5358,#5359);
#4552=AXIS2_PLACEMENT_3D('',#8560,#5362,#5363);
#4553=AXIS2_PLACEMENT_3D('',#8563,#5366,#5367);
#4554=AXIS2_PLACEMENT_3D('',#8566,#5370,#5371);
#4555=AXIS2_PLACEMENT_3D('',#8569,#5374,#5375);
#4556=AXIS2_PLACEMENT_3D('',#8572,#5378,#5379);
#4557=AXIS2_PLACEMENT_3D('',#8575,#5382,#5383);
#4558=AXIS2_PLACEMENT_3D('',#8578,#5386,#5387);
#4559=AXIS2_PLACEMENT_3D('',#8581,#5390,#5391);
#4560=AXIS2_PLACEMENT_3D('',#8584,#5394,#5395);
#4561=AXIS2_PLACEMENT_3D('',#8587,#5398,#5399);
#4562=AXIS2_PLACEMENT_3D('',#8590,#5402,#5403);
#4563=AXIS2_PLACEMENT_3D('',#8593,#5406,#5407);
#4564=AXIS2_PLACEMENT_3D('',#8596,#5410,#5411);
#4565=AXIS2_PLACEMENT_3D('',#8599,#5414,#5415);
#4566=AXIS2_PLACEMENT_3D('',#8602,#5418,#5419);
#4567=AXIS2_PLACEMENT_3D('',#8605,#5422,#5423);
#4568=AXIS2_PLACEMENT_3D('',#8608,#5426,#5427);
#4569=AXIS2_PLACEMENT_3D('',#8611,#5430,#5431);
#4570=AXIS2_PLACEMENT_3D('',#8612,#5432,#5433);
#4571=AXIS2_PLACEMENT_3D('',#8615,#5436,#5437);
#4572=AXIS2_PLACEMENT_3D('',#8627,#5441,#5442);
#4573=AXIS2_PLACEMENT_3D('',#8637,#5444,#5445);
#4574=AXIS2_PLACEMENT_3D('',#8649,#5449,#5450);
#4575=AXIS2_PLACEMENT_3D('',#8650,#5451,#5452);
#4576=AXIS2_PLACEMENT_3D('',#8660,#5454,#5455);
#4577=AXIS2_PLACEMENT_3D('',#8672,#5459,#5460);
#4578=AXIS2_PLACEMENT_3D('',#8673,#5461,#5462);
#4579=AXIS2_PLACEMENT_3D('',#8683,#5464,#5465);
#4580=AXIS2_PLACEMENT_3D('',#8695,#5469,#5470);
#4581=AXIS2_PLACEMENT_3D('',#8696,#5471,#5472);
#4582=AXIS2_PLACEMENT_3D('',#8706,#5474,#5475);
#4583=AXIS2_PLACEMENT_3D('',#8718,#5479,#5480);
#4584=AXIS2_PLACEMENT_3D('',#8719,#5481,#5482);
#4585=AXIS2_PLACEMENT_3D('',#8729,#5484,#5485);
#4586=AXIS2_PLACEMENT_3D('',#8741,#5489,#5490);
#4587=AXIS2_PLACEMENT_3D('',#8742,#5491,#5492);
#4588=AXIS2_PLACEMENT_3D('',#8752,#5494,#5495);
#4589=AXIS2_PLACEMENT_3D('',#8764,#5499,#5500);
#4590=AXIS2_PLACEMENT_3D('',#8765,#5501,#5502);
#4591=AXIS2_PLACEMENT_3D('',#8775,#5504,#5505);
#4592=AXIS2_PLACEMENT_3D('',#8787,#5509,#5510);
#4593=AXIS2_PLACEMENT_3D('',#8788,#5511,#5512);
#4594=AXIS2_PLACEMENT_3D('',#8798,#5514,#5515);
#4595=AXIS2_PLACEMENT_3D('',#8810,#5519,#5520);
#4596=AXIS2_PLACEMENT_3D('',#8811,#5521,#5522);
#4597=AXIS2_PLACEMENT_3D('',#8821,#5524,#5525);
#4598=AXIS2_PLACEMENT_3D('',#8833,#5529,#5530);
#4599=AXIS2_PLACEMENT_3D('',#8834,#5531,#5532);
#4600=AXIS2_PLACEMENT_3D('',#8844,#5534,#5535);
#4601=AXIS2_PLACEMENT_3D('',#8856,#5539,#5540);
#4602=AXIS2_PLACEMENT_3D('',#8857,#5541,#5542);
#4603=AXIS2_PLACEMENT_3D('',#8867,#5544,#5545);
#4604=AXIS2_PLACEMENT_3D('',#8879,#5549,#5550);
#4605=AXIS2_PLACEMENT_3D('',#8880,#5551,#5552);
#4606=AXIS2_PLACEMENT_3D('',#8890,#5554,#5555);
#4607=AXIS2_PLACEMENT_3D('',#8902,#5559,#5560);
#4608=AXIS2_PLACEMENT_3D('',#8903,#5561,#5562);
#4609=AXIS2_PLACEMENT_3D('',#8913,#5564,#5565);
#4610=AXIS2_PLACEMENT_3D('',#8925,#5569,#5570);
#4611=AXIS2_PLACEMENT_3D('',#8926,#5571,#5572);
#4612=AXIS2_PLACEMENT_3D('',#8936,#5574,#5575);
#4613=AXIS2_PLACEMENT_3D('',#8948,#5579,#5580);
#4614=AXIS2_PLACEMENT_3D('',#8949,#5581,#5582);
#4615=AXIS2_PLACEMENT_3D('',#8959,#5584,#5585);
#4616=AXIS2_PLACEMENT_3D('',#8971,#5589,#5590);
#4617=AXIS2_PLACEMENT_3D('',#8972,#5591,#5592);
#4618=AXIS2_PLACEMENT_3D('',#8982,#5594,#5595);
#4619=AXIS2_PLACEMENT_3D('',#8994,#5599,#5600);
#4620=AXIS2_PLACEMENT_3D('',#8995,#5601,#5602);
#4621=AXIS2_PLACEMENT_3D('',#9005,#5604,#5605);
#4622=AXIS2_PLACEMENT_3D('',#9017,#5609,#5610);
#4623=AXIS2_PLACEMENT_3D('',#9018,#5611,#5612);
#4624=AXIS2_PLACEMENT_3D('',#9028,#5614,#5615);
#4625=AXIS2_PLACEMENT_3D('',#9040,#5619,#5620);
#4626=AXIS2_PLACEMENT_3D('',#9041,#5621,#5622);
#4627=AXIS2_PLACEMENT_3D('',#9051,#5624,#5625);
#4628=AXIS2_PLACEMENT_3D('',#9063,#5629,#5630);
#4629=AXIS2_PLACEMENT_3D('',#9064,#5631,#5632);
#4630=AXIS2_PLACEMENT_3D('',#9074,#5634,#5635);
#4631=AXIS2_PLACEMENT_3D('',#9086,#5639,#5640);
#4632=AXIS2_PLACEMENT_3D('',#9087,#5641,#5642);
#4633=AXIS2_PLACEMENT_3D('',#9097,#5644,#5645);
#4634=AXIS2_PLACEMENT_3D('',#9109,#5649,#5650);
#4635=AXIS2_PLACEMENT_3D('',#9110,#5651,#5652);
#4636=AXIS2_PLACEMENT_3D('',#9120,#5654,#5655);
#4637=AXIS2_PLACEMENT_3D('',#9132,#5659,#5660);
#4638=AXIS2_PLACEMENT_3D('',#9133,#5661,#5662);
#4639=AXIS2_PLACEMENT_3D('',#9143,#5664,#5665);
#4640=AXIS2_PLACEMENT_3D('',#9155,#5669,#5670);
#4641=AXIS2_PLACEMENT_3D('',#9156,#5671,#5672);
#4642=AXIS2_PLACEMENT_3D('',#9166,#5674,#5675);
#4643=AXIS2_PLACEMENT_3D('',#9178,#5679,#5680);
#4644=AXIS2_PLACEMENT_3D('',#9179,#5681,#5682);
#4645=AXIS2_PLACEMENT_3D('',#9189,#5684,#5685);
#4646=AXIS2_PLACEMENT_3D('',#9201,#5689,#5690);
#4647=AXIS2_PLACEMENT_3D('',#9202,#5691,#5692);
#4648=AXIS2_PLACEMENT_3D('',#9212,#5694,#5695);
#4649=AXIS2_PLACEMENT_3D('',#9224,#5699,#5700);
#4650=AXIS2_PLACEMENT_3D('',#9225,#5701,#5702);
#4651=AXIS2_PLACEMENT_3D('',#9235,#5704,#5705);
#4652=AXIS2_PLACEMENT_3D('',#9247,#5709,#5710);
#4653=AXIS2_PLACEMENT_3D('',#9248,#5711,#5712);
#4654=AXIS2_PLACEMENT_3D('',#9258,#5714,#5715);
#4655=AXIS2_PLACEMENT_3D('',#9270,#5719,#5720);
#4656=AXIS2_PLACEMENT_3D('',#9271,#5721,#5722);
#4657=AXIS2_PLACEMENT_3D('',#9281,#5724,#5725);
#4658=AXIS2_PLACEMENT_3D('',#9293,#5729,#5730);
#4659=AXIS2_PLACEMENT_3D('',#9294,#5731,#5732);
#4660=AXIS2_PLACEMENT_3D('',#9304,#5734,#5735);
#4661=AXIS2_PLACEMENT_3D('',#9305,#5736,#5737);
#4662=AXIS2_PLACEMENT_3D('',#9307,#5739,#5740);
#4663=AXIS2_PLACEMENT_3D('',#9310,#5743,#5744);
#4664=AXIS2_PLACEMENT_3D('',#9313,#5747,#5748);
#4665=AXIS2_PLACEMENT_3D('',#9316,#5751,#5752);
#4666=AXIS2_PLACEMENT_3D('',#9319,#5755,#5756);
#4667=AXIS2_PLACEMENT_3D('',#9322,#5759,#5760);
#4668=AXIS2_PLACEMENT_3D('',#9325,#5763,#5764);
#4669=AXIS2_PLACEMENT_3D('',#9328,#5767,#5768);
#4670=AXIS2_PLACEMENT_3D('',#9330,#5770,#5771);
#4671=AXIS2_PLACEMENT_3D('',#9333,#5774,#5775);
#4672=AXIS2_PLACEMENT_3D('',#9335,#5777,#5778);
#4673=AXIS2_PLACEMENT_3D('',#9338,#5781,#5782);
#4674=AXIS2_PLACEMENT_3D('',#9340,#5784,#5785);
#4675=AXIS2_PLACEMENT_3D('',#9343,#5788,#5789);
#4676=AXIS2_PLACEMENT_3D('',#9346,#5792,#5793);
#4677=AXIS2_PLACEMENT_3D('',#9348,#5795,#5796);
#4678=AXIS2_PLACEMENT_3D('',#9350,#5798,#5799);
#4679=AXIS2_PLACEMENT_3D('',#9351,#5800,#5801);
#4680=AXIS2_PLACEMENT_3D('',#9352,#5802,#5803);
#4681=AXIS2_PLACEMENT_3D('',#9353,#5804,#5805);
#4682=AXIS2_PLACEMENT_3D('',#9354,#5806,#5807);
#4683=AXIS2_PLACEMENT_3D('',#9355,#5808,#5809);
#4684=AXIS2_PLACEMENT_3D('',#9356,#5810,#5811);
#4685=AXIS2_PLACEMENT_3D('',#9357,#5812,#5813);
#4686=AXIS2_PLACEMENT_3D('',#9358,#5814,#5815);
#4687=AXIS2_PLACEMENT_3D('',#9359,#5816,#5817);
#4688=AXIS2_PLACEMENT_3D('',#9360,#5818,#5819);
#4689=AXIS2_PLACEMENT_3D('',#9361,#5820,#5821);
#4690=AXIS2_PLACEMENT_3D('',#9362,#5822,#5823);
#4691=AXIS2_PLACEMENT_3D('',#9363,#5824,#5825);
#4692=AXIS2_PLACEMENT_3D('',#9365,#5826,#5827);
#4693=AXIS2_PLACEMENT_3D('',#9366,#5828,#5829);
#4694=AXIS2_PLACEMENT_3D('',#9367,#5830,#5831);
#4695=AXIS2_PLACEMENT_3D('',#9369,#5832,#5833);
#4696=AXIS2_PLACEMENT_3D('',#9370,#5834,#5835);
#4697=AXIS2_PLACEMENT_3D('',#9371,#5836,#5837);
#4698=AXIS2_PLACEMENT_3D('',#9373,#5838,#5839);
#4699=AXIS2_PLACEMENT_3D('',#9374,#5840,#5841);
#4700=AXIS2_PLACEMENT_3D('',#9375,#5842,#5843);
#4701=AXIS2_PLACEMENT_3D('',#9377,#5844,#5845);
#4702=DIRECTION('',(0.,0.,1.));
#4703=DIRECTION('',(1.,0.,0.));
#4704=DIRECTION('',(0.,0.,-1.));
#4705=DIRECTION('',(1.,0.,0.));
#4706=DIRECTION('',(0.,0.,-1.));
#4707=DIRECTION('',(-1.,0.,0.));
#4708=DIRECTION('',(0.,0.,1.));
#4709=DIRECTION('',(-1.,0.,0.));
#4710=DIRECTION('',(0.844944402610038,-0.534854145069445,0.));
#4711=DIRECTION('',(0.,0.,-1.));
#4712=DIRECTION('',(-1.,0.,0.));
#4713=DIRECTION('',(0.534854145069444,-0.844944402610038,0.));
#4714=DIRECTION('',(-9.91270557701033E-17,1.,0.));
#4715=DIRECTION('',(0.,0.,-1.));
#4716=DIRECTION('',(-1.,0.,0.));
#4717=DIRECTION('',(-1.,-1.98254111540206E-16,0.));
#4718=DIRECTION('',(0.,0.,-1.));
#4719=DIRECTION('',(-1.,0.,0.));
#4720=DIRECTION('',(-0.534854145069444,-0.844944402610038,0.));
#4721=DIRECTION('',(0.,0.,-1.));
#4722=DIRECTION('',(-1.,0.,0.));
#4723=DIRECTION('',(-0.844944402610038,-0.534854145069445,0.));
#4724=DIRECTION('',(1.,-1.98254111540206E-16,0.));
#4725=DIRECTION('',(0.,0.,-1.));
#4726=DIRECTION('',(-1.,0.,0.));
#4727=DIRECTION('',(9.91270557701033E-17,1.,0.));
#4728=DIRECTION('',(0.,-1.,0.));
#4729=DIRECTION('',(0.,0.,-1.));
#4730=DIRECTION('',(-1.,0.,0.));
#4731=DIRECTION('',(-1.,0.,0.));
#4732=DIRECTION('',(0.,0.,-1.));
#4733=DIRECTION('',(-1.,0.,0.));
#4734=DIRECTION('',(0.,1.,0.));
#4735=DIRECTION('',(0.,0.,-1.));
#4736=DIRECTION('',(-1.,0.,0.));
#4737=DIRECTION('',(1.,0.,0.));
#4738=DIRECTION('',(0.,0.,-1.));
#4739=DIRECTION('',(-1.,0.,0.));
#4740=DIRECTION('',(0.,1.,0.));
#4741=DIRECTION('',(0.,0.,-1.));
#4742=DIRECTION('',(-1.,0.,0.));
#4743=DIRECTION('',(1.,0.,0.));
#4744=DIRECTION('',(0.,0.,-1.));
#4745=DIRECTION('',(-1.,0.,0.));
#4746=DIRECTION('',(0.,-1.,0.));
#4747=DIRECTION('',(0.,0.,-1.));
#4748=DIRECTION('',(-1.,0.,0.));
#4749=DIRECTION('',(-1.,-1.11917643611407E-16,0.));
#4750=DIRECTION('',(0.,0.,-1.));
#4751=DIRECTION('',(1.,1.22464679914735E-16,0.));
#4752=DIRECTION('',(0.,0.,-1.));
#4753=DIRECTION('',(1.,1.22464679914735E-16,0.));
#4754=DIRECTION('',(0.,0.,-1.));
#4755=DIRECTION('',(-1.,0.,0.));
#4756=DIRECTION('',(0.,0.,-1.));
#4757=DIRECTION('',(0.994521895368273,-0.104528463267653,0.));
#4758=DIRECTION('',(0.,0.,-1.));
#4759=DIRECTION('',(0.994521895368273,-0.104528463267653,0.));
#4760=DIRECTION('',(0.,0.,-1.));
#4761=DIRECTION('',(0.994521895368273,-0.104528463267653,0.));
#4762=DIRECTION('',(0.,0.,-1.));
#4763=DIRECTION('',(-1.,0.,0.));
#4764=DIRECTION('',(0.,0.,-1.));
#4765=DIRECTION('',(0.978147600733806,-0.207911690817759,0.));
#4766=DIRECTION('',(0.,0.,-1.));
#4767=DIRECTION('',(0.978147600733806,-0.207911690817759,0.));
#4768=DIRECTION('',(0.,0.,-1.));
#4769=DIRECTION('',(0.978147600733806,-0.207911690817759,0.));
#4770=DIRECTION('',(0.,0.,-1.));
#4771=DIRECTION('',(-1.,0.,0.));
#4772=DIRECTION('',(0.,0.,-1.));
#4773=DIRECTION('',(0.951056516295154,-0.309016994374948,0.));
#4774=DIRECTION('',(0.,0.,-1.));
#4775=DIRECTION('',(0.951056516295154,-0.309016994374948,0.));
#4776=DIRECTION('',(0.,0.,-1.));
#4777=DIRECTION('',(0.951056516295154,-0.309016994374948,0.));
#4778=DIRECTION('',(0.,0.,-1.));
#4779=DIRECTION('',(-1.,0.,0.));
#4780=DIRECTION('',(0.,0.,-1.));
#4781=DIRECTION('',(0.913545457642601,-0.4067366430758,0.));
#4782=DIRECTION('',(0.,0.,-1.));
#4783=DIRECTION('',(0.913545457642601,-0.4067366430758,0.));
#4784=DIRECTION('',(0.,0.,-1.));
#4785=DIRECTION('',(0.913545457642601,-0.4067366430758,0.));
#4786=DIRECTION('',(0.,0.,-1.));
#4787=DIRECTION('',(-1.,0.,0.));
#4788=DIRECTION('',(0.,0.,-1.));
#4789=DIRECTION('',(0.866025403784439,-0.5,0.));
#4790=DIRECTION('',(0.,0.,-1.));
#4791=DIRECTION('',(0.866025403784439,-0.5,0.));
#4792=DIRECTION('',(0.,0.,-1.));
#4793=DIRECTION('',(0.866025403784439,-0.5,0.));
#4794=DIRECTION('',(0.,0.,-1.));
#4795=DIRECTION('',(-1.,0.,0.));
#4796=DIRECTION('',(0.,0.,-1.));
#4797=DIRECTION('',(0.809016994374948,-0.587785252292473,0.));
#4798=DIRECTION('',(0.,0.,-1.));
#4799=DIRECTION('',(0.809016994374948,-0.587785252292473,0.));
#4800=DIRECTION('',(0.,0.,-1.));
#4801=DIRECTION('',(0.809016994374948,-0.587785252292473,0.));
#4802=DIRECTION('',(0.,0.,-1.));
#4803=DIRECTION('',(-1.,0.,0.));
#4804=DIRECTION('',(0.,0.,-1.));
#4805=DIRECTION('',(0.743144825477394,-0.669130606358858,0.));
#4806=DIRECTION('',(0.,0.,-1.));
#4807=DIRECTION('',(0.743144825477394,-0.669130606358858,0.));
#4808=DIRECTION('',(0.,0.,-1.));
#4809=DIRECTION('',(0.743144825477394,-0.669130606358858,0.));
#4810=DIRECTION('',(0.,0.,-1.));
#4811=DIRECTION('',(-1.,0.,0.));
#4812=DIRECTION('',(0.,0.,-1.));
#4813=DIRECTION('',(0.669130606358858,-0.743144825477394,0.));
#4814=DIRECTION('',(0.,0.,-1.));
#4815=DIRECTION('',(0.669130606358858,-0.743144825477394,0.));
#4816=DIRECTION('',(0.,0.,-1.));
#4817=DIRECTION('',(0.669130606358858,-0.743144825477394,0.));
#4818=DIRECTION('',(0.,0.,-1.));
#4819=DIRECTION('',(-1.,0.,0.));
#4820=DIRECTION('',(0.,0.,-1.));
#4821=DIRECTION('',(0.587785252292473,-0.809016994374947,0.));
#4822=DIRECTION('',(0.,0.,-1.));
#4823=DIRECTION('',(0.587785252292473,-0.809016994374947,0.));
#4824=DIRECTION('',(0.,0.,-1.));
#4825=DIRECTION('',(0.587785252292473,-0.809016994374947,0.));
#4826=DIRECTION('',(0.,0.,-1.));
#4827=DIRECTION('',(-1.,0.,0.));
#4828=DIRECTION('',(0.,0.,-1.));
#4829=DIRECTION('',(0.5,-0.866025403784438,0.));
#4830=DIRECTION('',(0.,0.,-1.));
#4831=DIRECTION('',(0.5,-0.866025403784438,0.));
#4832=DIRECTION('',(0.,0.,-1.));
#4833=DIRECTION('',(0.5,-0.866025403784438,0.));
#4834=DIRECTION('',(0.,0.,-1.));
#4835=DIRECTION('',(-1.,0.,0.));
#4836=DIRECTION('',(0.,0.,-1.));
#4837=DIRECTION('',(0.4067366430758,-0.913545457642601,0.));
#4838=DIRECTION('',(0.,0.,-1.));
#4839=DIRECTION('',(0.4067366430758,-0.913545457642601,0.));
#4840=DIRECTION('',(0.,0.,-1.));
#4841=DIRECTION('',(0.4067366430758,-0.913545457642601,0.));
#4842=DIRECTION('',(0.,0.,-1.));
#4843=DIRECTION('',(-1.,0.,0.));
#4844=DIRECTION('',(0.,0.,-1.));
#4845=DIRECTION('',(0.309016994374948,-0.951056516295154,0.));
#4846=DIRECTION('',(0.,0.,-1.));
#4847=DIRECTION('',(0.309016994374948,-0.951056516295154,0.));
#4848=DIRECTION('',(0.,0.,-1.));
#4849=DIRECTION('',(0.309016994374948,-0.951056516295154,0.));
#4850=DIRECTION('',(0.,0.,-1.));
#4851=DIRECTION('',(-1.,0.,0.));
#4852=DIRECTION('',(0.,0.,-1.));
#4853=DIRECTION('',(0.20791169081776,-0.978147600733806,0.));
#4854=DIRECTION('',(0.,0.,-1.));
#4855=DIRECTION('',(0.20791169081776,-0.978147600733806,0.));
#4856=DIRECTION('',(0.,0.,-1.));
#4857=DIRECTION('',(0.20791169081776,-0.978147600733806,0.));
#4858=DIRECTION('',(0.,0.,-1.));
#4859=DIRECTION('',(-1.,0.,0.));
#4860=DIRECTION('',(0.,0.,-1.));
#4861=DIRECTION('',(0.104528463267653,-0.994521895368273,0.));
#4862=DIRECTION('',(0.,0.,-1.));
#4863=DIRECTION('',(0.104528463267653,-0.994521895368273,0.));
#4864=DIRECTION('',(0.,0.,-1.));
#4865=DIRECTION('',(0.104528463267653,-0.994521895368273,0.));
#4866=DIRECTION('',(0.,0.,-1.));
#4867=DIRECTION('',(-1.,0.,0.));
#4868=DIRECTION('',(0.,0.,-1.));
#4869=DIRECTION('',(1.83697019872103E-16,-1.,0.));
#4870=DIRECTION('',(0.,0.,-1.));
#4871=DIRECTION('',(1.83697019872103E-16,-1.,0.));
#4872=DIRECTION('',(0.,0.,-1.));
#4873=DIRECTION('',(1.83697019872103E-16,-1.,0.));
#4874=DIRECTION('',(0.,0.,-1.));
#4875=DIRECTION('',(-1.,0.,0.));
#4876=DIRECTION('',(0.,0.,-1.));
#4877=DIRECTION('',(-0.104528463267653,-0.994521895368273,0.));
#4878=DIRECTION('',(0.,0.,-1.));
#4879=DIRECTION('',(-0.104528463267653,-0.994521895368273,0.));
#4880=DIRECTION('',(0.,0.,-1.));
#4881=DIRECTION('',(-0.104528463267653,-0.994521895368273,0.));
#4882=DIRECTION('',(0.,0.,-1.));
#4883=DIRECTION('',(-1.,0.,0.));
#4884=DIRECTION('',(0.,0.,-1.));
#4885=DIRECTION('',(-0.207911690817759,-0.978147600733806,0.));
#4886=DIRECTION('',(0.,0.,-1.));
#4887=DIRECTION('',(-0.207911690817759,-0.978147600733806,0.));
#4888=DIRECTION('',(0.,0.,-1.));
#4889=DIRECTION('',(-0.207911690817759,-0.978147600733806,0.));
#4890=DIRECTION('',(0.,0.,-1.));
#4891=DIRECTION('',(-1.,0.,0.));
#4892=DIRECTION('',(0.,0.,-1.));
#4893=DIRECTION('',(-0.309016994374948,-0.951056516295154,0.));
#4894=DIRECTION('',(0.,0.,-1.));
#4895=DIRECTION('',(-0.309016994374948,-0.951056516295154,0.));
#4896=DIRECTION('',(0.,0.,-1.));
#4897=DIRECTION('',(-0.309016994374948,-0.951056516295154,0.));
#4898=DIRECTION('',(0.,0.,-1.));
#4899=DIRECTION('',(-1.,0.,0.));
#4900=DIRECTION('',(0.,0.,-1.));
#4901=DIRECTION('',(-0.4067366430758,-0.913545457642601,0.));
#4902=DIRECTION('',(0.,0.,-1.));
#4903=DIRECTION('',(-0.4067366430758,-0.913545457642601,0.));
#4904=DIRECTION('',(0.,0.,-1.));
#4905=DIRECTION('',(-0.4067366430758,-0.913545457642601,0.));
#4906=DIRECTION('',(0.,0.,-1.));
#4907=DIRECTION('',(-1.,0.,0.));
#4908=DIRECTION('',(0.,0.,-1.));
#4909=DIRECTION('',(-0.5,-0.866025403784439,0.));
#4910=DIRECTION('',(0.,0.,-1.));
#4911=DIRECTION('',(-0.5,-0.866025403784439,0.));
#4912=DIRECTION('',(0.,0.,-1.));
#4913=DIRECTION('',(-0.5,-0.866025403784439,0.));
#4914=DIRECTION('',(0.,0.,-1.));
#4915=DIRECTION('',(-1.,0.,0.));
#4916=DIRECTION('',(0.,0.,-1.));
#4917=DIRECTION('',(-0.587785252292473,-0.809016994374948,0.));
#4918=DIRECTION('',(0.,0.,-1.));
#4919=DIRECTION('',(-0.587785252292473,-0.809016994374948,0.));
#4920=DIRECTION('',(0.,0.,-1.));
#4921=DIRECTION('',(-0.587785252292473,-0.809016994374948,0.));
#4922=DIRECTION('',(0.,0.,-1.));
#4923=DIRECTION('',(-1.,0.,0.));
#4924=DIRECTION('',(0.,0.,-1.));
#4925=DIRECTION('',(-0.669130606358858,-0.743144825477395,0.));
#4926=DIRECTION('',(0.,0.,-1.));
#4927=DIRECTION('',(-0.669130606358858,-0.743144825477395,0.));
#4928=DIRECTION('',(0.,0.,-1.));
#4929=DIRECTION('',(-0.669130606358858,-0.743144825477395,0.));
#4930=DIRECTION('',(0.,0.,-1.));
#4931=DIRECTION('',(-1.,0.,0.));
#4932=DIRECTION('',(0.,0.,-1.));
#4933=DIRECTION('',(-0.743144825477394,-0.669130606358858,0.));
#4934=DIRECTION('',(0.,0.,-1.));
#4935=DIRECTION('',(-0.743144825477394,-0.669130606358858,0.));
#4936=DIRECTION('',(0.,0.,-1.));
#4937=DIRECTION('',(-0.743144825477394,-0.669130606358858,0.));
#4938=DIRECTION('',(0.,0.,-1.));
#4939=DIRECTION('',(-1.,0.,0.));
#4940=DIRECTION('',(0.,0.,-1.));
#4941=DIRECTION('',(-0.809016994374947,-0.587785252292473,0.));
#4942=DIRECTION('',(0.,0.,-1.));
#4943=DIRECTION('',(-0.809016994374947,-0.587785252292473,0.));
#4944=DIRECTION('',(0.,0.,-1.));
#4945=DIRECTION('',(-0.809016994374947,-0.587785252292473,0.));
#4946=DIRECTION('',(0.,0.,-1.));
#4947=DIRECTION('',(-1.,0.,0.));
#4948=DIRECTION('',(0.,0.,-1.));
#4949=DIRECTION('',(-0.866025403784438,-0.5,0.));
#4950=DIRECTION('',(0.,0.,-1.));
#4951=DIRECTION('',(-0.866025403784438,-0.5,0.));
#4952=DIRECTION('',(0.,0.,-1.));
#4953=DIRECTION('',(-0.866025403784438,-0.5,0.));
#4954=DIRECTION('',(0.,0.,-1.));
#4955=DIRECTION('',(-1.,0.,0.));
#4956=DIRECTION('',(0.,0.,-1.));
#4957=DIRECTION('',(-0.913545457642601,-0.4067366430758,0.));
#4958=DIRECTION('',(0.,0.,-1.));
#4959=DIRECTION('',(-0.913545457642601,-0.4067366430758,0.));
#4960=DIRECTION('',(0.,0.,-1.));
#4961=DIRECTION('',(-0.913545457642601,-0.4067366430758,0.));
#4962=DIRECTION('',(0.,0.,-1.));
#4963=DIRECTION('',(-1.,0.,0.));
#4964=DIRECTION('',(0.,0.,-1.));
#4965=DIRECTION('',(-0.951056516295154,-0.309016994374948,0.));
#4966=DIRECTION('',(0.,0.,-1.));
#4967=DIRECTION('',(-0.951056516295154,-0.309016994374948,0.));
#4968=DIRECTION('',(0.,0.,-1.));
#4969=DIRECTION('',(-0.951056516295154,-0.309016994374948,0.));
#4970=DIRECTION('',(0.,0.,-1.));
#4971=DIRECTION('',(-1.,0.,0.));
#4972=DIRECTION('',(0.,0.,-1.));
#4973=DIRECTION('',(-0.978147600733806,-0.20791169081776,0.));
#4974=DIRECTION('',(0.,0.,-1.));
#4975=DIRECTION('',(-0.978147600733806,-0.20791169081776,0.));
#4976=DIRECTION('',(0.,0.,-1.));
#4977=DIRECTION('',(-0.978147600733806,-0.20791169081776,0.));
#4978=DIRECTION('',(0.,0.,-1.));
#4979=DIRECTION('',(-1.,0.,0.));
#4980=DIRECTION('',(0.,0.,-1.));
#4981=DIRECTION('',(-0.994521895368273,-0.104528463267653,0.));
#4982=DIRECTION('',(0.,0.,-1.));
#4983=DIRECTION('',(-0.994521895368273,-0.104528463267653,0.));
#4984=DIRECTION('',(0.,0.,-1.));
#4985=DIRECTION('',(-0.994521895368273,-0.104528463267653,0.));
#4986=DIRECTION('',(0.,0.,-1.));
#4987=DIRECTION('',(-1.,0.,0.));
#4988=DIRECTION('',(0.,0.,-1.));
#4989=DIRECTION('',(-1.,0.,0.));
#4990=DIRECTION('',(0.,0.,-1.));
#4991=DIRECTION('',(-1.,0.,0.));
#4992=DIRECTION('',(-1.,-1.11917643611407E-16,0.));
#4993=DIRECTION('',(0.,0.,-1.));
#4994=DIRECTION('',(-1.,0.,0.));
#4995=DIRECTION('',(0.,0.,1.));
#4996=DIRECTION('',(-1.,0.,0.));
#4997=DIRECTION('',(0.,0.,-1.));
#4998=DIRECTION('',(-1.,0.,0.));
#4999=DIRECTION('',(0.,0.,-1.));
#5000=DIRECTION('',(-1.,0.,0.));
#5001=DIRECTION('',(0.,0.,-1.));
#5002=DIRECTION('',(-1.,0.,0.));
#5003=DIRECTION('',(0.,0.,-1.));
#5004=DIRECTION('',(-1.,0.,0.));
#5005=DIRECTION('',(0.,0.,-1.));
#5006=DIRECTION('',(-1.,0.,0.));
#5007=DIRECTION('',(0.,0.,-1.));
#5008=DIRECTION('',(-1.,0.,0.));
#5009=DIRECTION('',(0.,0.,1.));
#5010=DIRECTION('',(-1.,0.,0.));
#5011=DIRECTION('',(0.,0.,-1.));
#5012=DIRECTION('',(-1.,0.,0.));
#5013=DIRECTION('',(0.,0.,-1.));
#5014=DIRECTION('',(-1.,0.,0.));
#5015=DIRECTION('',(0.,0.,-1.));
#5016=DIRECTION('',(-1.,0.,0.));
#5017=DIRECTION('',(0.,0.,-1.));
#5018=DIRECTION('',(-1.,0.,0.));
#5019=DIRECTION('',(0.,0.,-1.));
#5020=DIRECTION('',(-1.,0.,0.));
#5021=DIRECTION('',(0.,0.,1.));
#5022=DIRECTION('',(-1.,0.,0.));
#5023=DIRECTION('',(0.,0.,-1.));
#5024=DIRECTION('',(1.,0.,0.));
#5025=DIRECTION('',(-1.,0.,0.));
#5026=DIRECTION('',(0.,0.,-1.));
#5027=DIRECTION('',(-1.,0.,0.));
#5028=DIRECTION('',(0.,-1.,0.));
#5029=DIRECTION('',(0.,0.,-1.));
#5030=DIRECTION('',(-1.,0.,0.));
#5031=DIRECTION('',(-1.,-1.11917643611407E-16,0.));
#5032=DIRECTION('',(0.,0.,-1.));
#5033=DIRECTION('',(-1.,0.,0.));
#5034=DIRECTION('',(0.,0.,-1.));
#5035=DIRECTION('',(-1.,0.,0.));
#5036=DIRECTION('',(0.,0.,-1.));
#5037=DIRECTION('',(-1.,0.,0.));
#5038=DIRECTION('',(0.,0.,-1.));
#5039=DIRECTION('',(-0.994521895368273,-0.104528463267653,0.));
#5040=DIRECTION('',(0.,0.,-1.));
#5041=DIRECTION('',(-0.994521895368273,-0.104528463267653,0.));
#5042=DIRECTION('',(0.,0.,-1.));
#5043=DIRECTION('',(-0.994521895368273,-0.104528463267653,0.));
#5044=DIRECTION('',(0.,0.,-1.));
#5045=DIRECTION('',(-1.,0.,0.));
#5046=DIRECTION('',(0.,0.,-1.));
#5047=DIRECTION('',(-0.978147600733806,-0.20791169081776,0.));
#5048=DIRECTION('',(0.,0.,-1.));
#5049=DIRECTION('',(-0.978147600733806,-0.20791169081776,0.));
#5050=DIRECTION('',(0.,0.,-1.));
#5051=DIRECTION('',(-0.978147600733806,-0.20791169081776,0.));
#5052=DIRECTION('',(0.,0.,-1.));
#5053=DIRECTION('',(-1.,0.,0.));
#5054=DIRECTION('',(0.,0.,-1.));
#5055=DIRECTION('',(-0.951056516295154,-0.309016994374948,0.));
#5056=DIRECTION('',(0.,0.,-1.));
#5057=DIRECTION('',(-0.951056516295154,-0.309016994374948,0.));
#5058=DIRECTION('',(0.,0.,-1.));
#5059=DIRECTION('',(-0.951056516295154,-0.309016994374948,0.));
#5060=DIRECTION('',(0.,0.,-1.));
#5061=DIRECTION('',(-1.,0.,0.));
#5062=DIRECTION('',(0.,0.,-1.));
#5063=DIRECTION('',(-0.913545457642601,-0.4067366430758,0.));
#5064=DIRECTION('',(0.,0.,-1.));
#5065=DIRECTION('',(-0.913545457642601,-0.4067366430758,0.));
#5066=DIRECTION('',(0.,0.,-1.));
#5067=DIRECTION('',(-0.913545457642601,-0.4067366430758,0.));
#5068=DIRECTION('',(0.,0.,-1.));
#5069=DIRECTION('',(-1.,0.,0.));
#5070=DIRECTION('',(0.,0.,-1.));
#5071=DIRECTION('',(-0.866025403784438,-0.5,0.));
#5072=DIRECTION('',(0.,0.,-1.));
#5073=DIRECTION('',(-0.866025403784438,-0.5,0.));
#5074=DIRECTION('',(0.,0.,-1.));
#5075=DIRECTION('',(-0.866025403784438,-0.5,0.));
#5076=DIRECTION('',(0.,0.,-1.));
#5077=DIRECTION('',(-1.,0.,0.));
#5078=DIRECTION('',(0.,0.,-1.));
#5079=DIRECTION('',(-0.809016994374947,-0.587785252292473,0.));
#5080=DIRECTION('',(0.,0.,-1.));
#5081=DIRECTION('',(-0.809016994374947,-0.587785252292473,0.));
#5082=DIRECTION('',(0.,0.,-1.));
#5083=DIRECTION('',(-0.809016994374947,-0.587785252292473,0.));
#5084=DIRECTION('',(0.,0.,-1.));
#5085=DIRECTION('',(-1.,0.,0.));
#5086=DIRECTION('',(0.,0.,-1.));
#5087=DIRECTION('',(-0.743144825477394,-0.669130606358858,0.));
#5088=DIRECTION('',(0.,0.,-1.));
#5089=DIRECTION('',(-0.743144825477394,-0.669130606358858,0.));
#5090=DIRECTION('',(0.,0.,-1.));
#5091=DIRECTION('',(-0.743144825477394,-0.669130606358858,0.));
#5092=DIRECTION('',(0.,0.,-1.));
#5093=DIRECTION('',(-1.,0.,0.));
#5094=DIRECTION('',(0.,0.,-1.));
#5095=DIRECTION('',(-0.669130606358858,-0.743144825477395,0.));
#5096=DIRECTION('',(0.,0.,-1.));
#5097=DIRECTION('',(-0.669130606358858,-0.743144825477395,0.));
#5098=DIRECTION('',(0.,0.,-1.));
#5099=DIRECTION('',(-0.669130606358858,-0.743144825477395,0.));
#5100=DIRECTION('',(0.,0.,-1.));
#5101=DIRECTION('',(-1.,0.,0.));
#5102=DIRECTION('',(0.,0.,-1.));
#5103=DIRECTION('',(-0.587785252292473,-0.809016994374948,0.));
#5104=DIRECTION('',(0.,0.,-1.));
#5105=DIRECTION('',(-0.587785252292473,-0.809016994374948,0.));
#5106=DIRECTION('',(0.,0.,-1.));
#5107=DIRECTION('',(-0.587785252292473,-0.809016994374948,0.));
#5108=DIRECTION('',(0.,0.,-1.));
#5109=DIRECTION('',(-1.,0.,0.));
#5110=DIRECTION('',(0.,0.,-1.));
#5111=DIRECTION('',(-0.5,-0.866025403784439,0.));
#5112=DIRECTION('',(0.,0.,-1.));
#5113=DIRECTION('',(-0.5,-0.866025403784439,0.));
#5114=DIRECTION('',(0.,0.,-1.));
#5115=DIRECTION('',(-0.5,-0.866025403784439,0.));
#5116=DIRECTION('',(0.,0.,-1.));
#5117=DIRECTION('',(-1.,0.,0.));
#5118=DIRECTION('',(0.,0.,-1.));
#5119=DIRECTION('',(-0.4067366430758,-0.913545457642601,0.));
#5120=DIRECTION('',(0.,0.,-1.));
#5121=DIRECTION('',(-0.4067366430758,-0.913545457642601,0.));
#5122=DIRECTION('',(0.,0.,-1.));
#5123=DIRECTION('',(-0.4067366430758,-0.913545457642601,0.));
#5124=DIRECTION('',(0.,0.,-1.));
#5125=DIRECTION('',(-1.,0.,0.));
#5126=DIRECTION('',(0.,0.,-1.));
#5127=DIRECTION('',(-0.309016994374948,-0.951056516295154,0.));
#5128=DIRECTION('',(0.,0.,-1.));
#5129=DIRECTION('',(-0.309016994374948,-0.951056516295154,0.));
#5130=DIRECTION('',(0.,0.,-1.));
#5131=DIRECTION('',(-0.309016994374948,-0.951056516295154,0.));
#5132=DIRECTION('',(0.,0.,-1.));
#5133=DIRECTION('',(-1.,0.,0.));
#5134=DIRECTION('',(0.,0.,-1.));
#5135=DIRECTION('',(-0.207911690817759,-0.978147600733806,0.));
#5136=DIRECTION('',(0.,0.,-1.));
#5137=DIRECTION('',(-0.207911690817759,-0.978147600733806,0.));
#5138=DIRECTION('',(0.,0.,-1.));
#5139=DIRECTION('',(-0.207911690817759,-0.978147600733806,0.));
#5140=DIRECTION('',(0.,0.,-1.));
#5141=DIRECTION('',(-1.,0.,0.));
#5142=DIRECTION('',(0.,0.,-1.));
#5143=DIRECTION('',(-0.104528463267653,-0.994521895368273,0.));
#5144=DIRECTION('',(0.,0.,-1.));
#5145=DIRECTION('',(-0.104528463267653,-0.994521895368273,0.));
#5146=DIRECTION('',(0.,0.,-1.));
#5147=DIRECTION('',(-0.104528463267653,-0.994521895368273,0.));
#5148=DIRECTION('',(0.,0.,-1.));
#5149=DIRECTION('',(-1.,0.,0.));
#5150=DIRECTION('',(0.,0.,-1.));
#5151=DIRECTION('',(1.83697019872103E-16,-1.,0.));
#5152=DIRECTION('',(0.,0.,-1.));
#5153=DIRECTION('',(1.83697019872103E-16,-1.,0.));
#5154=DIRECTION('',(0.,0.,-1.));
#5155=DIRECTION('',(1.83697019872103E-16,-1.,0.));
#5156=DIRECTION('',(0.,0.,-1.));
#5157=DIRECTION('',(-1.,0.,0.));
#5158=DIRECTION('',(0.,0.,-1.));
#5159=DIRECTION('',(0.104528463267653,-0.994521895368273,0.));
#5160=DIRECTION('',(0.,0.,-1.));
#5161=DIRECTION('',(0.104528463267653,-0.994521895368273,0.));
#5162=DIRECTION('',(0.,0.,-1.));
#5163=DIRECTION('',(0.104528463267653,-0.994521895368273,0.));
#5164=DIRECTION('',(0.,0.,-1.));
#5165=DIRECTION('',(-1.,0.,0.));
#5166=DIRECTION('',(0.,0.,-1.));
#5167=DIRECTION('',(0.20791169081776,-0.978147600733806,0.));
#5168=DIRECTION('',(0.,0.,-1.));
#5169=DIRECTION('',(0.20791169081776,-0.978147600733806,0.));
#5170=DIRECTION('',(0.,0.,-1.));
#5171=DIRECTION('',(0.20791169081776,-0.978147600733806,0.));
#5172=DIRECTION('',(0.,0.,-1.));
#5173=DIRECTION('',(-1.,0.,0.));
#5174=DIRECTION('',(0.,0.,-1.));
#5175=DIRECTION('',(0.309016994374948,-0.951056516295154,0.));
#5176=DIRECTION('',(0.,0.,-1.));
#5177=DIRECTION('',(0.309016994374948,-0.951056516295154,0.));
#5178=DIRECTION('',(0.,0.,-1.));
#5179=DIRECTION('',(0.309016994374948,-0.951056516295154,0.));
#5180=DIRECTION('',(0.,0.,-1.));
#5181=DIRECTION('',(-1.,0.,0.));
#5182=DIRECTION('',(0.,0.,-1.));
#5183=DIRECTION('',(0.4067366430758,-0.913545457642601,0.));
#5184=DIRECTION('',(0.,0.,-1.));
#5185=DIRECTION('',(0.4067366430758,-0.913545457642601,0.));
#5186=DIRECTION('',(0.,0.,-1.));
#5187=DIRECTION('',(0.4067366430758,-0.913545457642601,0.));
#5188=DIRECTION('',(0.,0.,-1.));
#5189=DIRECTION('',(-1.,0.,0.));
#5190=DIRECTION('',(0.,0.,-1.));
#5191=DIRECTION('',(0.5,-0.866025403784438,0.));
#5192=DIRECTION('',(0.,0.,-1.));
#5193=DIRECTION('',(0.5,-0.866025403784438,0.));
#5194=DIRECTION('',(0.,0.,-1.));
#5195=DIRECTION('',(0.5,-0.866025403784438,0.));
#5196=DIRECTION('',(0.,0.,-1.));
#5197=DIRECTION('',(-1.,0.,0.));
#5198=DIRECTION('',(0.,0.,-1.));
#5199=DIRECTION('',(0.587785252292473,-0.809016994374947,0.));
#5200=DIRECTION('',(0.,0.,-1.));
#5201=DIRECTION('',(0.587785252292473,-0.809016994374947,0.));
#5202=DIRECTION('',(0.,0.,-1.));
#5203=DIRECTION('',(0.587785252292473,-0.809016994374947,0.));
#5204=DIRECTION('',(0.,0.,-1.));
#5205=DIRECTION('',(-1.,0.,0.));
#5206=DIRECTION('',(0.,0.,-1.));
#5207=DIRECTION('',(0.669130606358858,-0.743144825477394,0.));
#5208=DIRECTION('',(0.,0.,-1.));
#5209=DIRECTION('',(0.669130606358858,-0.743144825477394,0.));
#5210=DIRECTION('',(0.,0.,-1.));
#5211=DIRECTION('',(0.669130606358858,-0.743144825477394,0.));
#5212=DIRECTION('',(0.,0.,-1.));
#5213=DIRECTION('',(-1.,0.,0.));
#5214=DIRECTION('',(0.,0.,-1.));
#5215=DIRECTION('',(0.743144825477394,-0.669130606358858,0.));
#5216=DIRECTION('',(0.,0.,-1.));
#5217=DIRECTION('',(0.743144825477394,-0.669130606358858,0.));
#5218=DIRECTION('',(0.,0.,-1.));
#5219=DIRECTION('',(0.743144825477394,-0.669130606358858,0.));
#5220=DIRECTION('',(0.,0.,-1.));
#5221=DIRECTION('',(-1.,0.,0.));
#5222=DIRECTION('',(0.,0.,-1.));
#5223=DIRECTION('',(0.809016994374948,-0.587785252292473,0.));
#5224=DIRECTION('',(0.,0.,-1.));
#5225=DIRECTION('',(0.809016994374948,-0.587785252292473,0.));
#5226=DIRECTION('',(0.,0.,-1.));
#5227=DIRECTION('',(0.809016994374948,-0.587785252292473,0.));
#5228=DIRECTION('',(0.,0.,-1.));
#5229=DIRECTION('',(-1.,0.,0.));
#5230=DIRECTION('',(0.,0.,-1.));
#5231=DIRECTION('',(0.866025403784439,-0.5,0.));
#5232=DIRECTION('',(0.,0.,-1.));
#5233=DIRECTION('',(0.866025403784439,-0.5,0.));
#5234=DIRECTION('',(0.,0.,-1.));
#5235=DIRECTION('',(0.866025403784439,-0.5,0.));
#5236=DIRECTION('',(0.,0.,-1.));
#5237=DIRECTION('',(-1.,0.,0.));
#5238=DIRECTION('',(0.,0.,-1.));
#5239=DIRECTION('',(0.913545457642601,-0.4067366430758,0.));
#5240=DIRECTION('',(0.,0.,-1.));
#5241=DIRECTION('',(0.913545457642601,-0.4067366430758,0.));
#5242=DIRECTION('',(0.,0.,-1.));
#5243=DIRECTION('',(0.913545457642601,-0.4067366430758,0.));
#5244=DIRECTION('',(0.,0.,-1.));
#5245=DIRECTION('',(-1.,0.,0.));
#5246=DIRECTION('',(0.,0.,-1.));
#5247=DIRECTION('',(0.951056516295154,-0.309016994374948,0.));
#5248=DIRECTION('',(0.,0.,-1.));
#5249=DIRECTION('',(0.951056516295154,-0.309016994374948,0.));
#5250=DIRECTION('',(0.,0.,-1.));
#5251=DIRECTION('',(0.951056516295154,-0.309016994374948,0.));
#5252=DIRECTION('',(0.,0.,-1.));
#5253=DIRECTION('',(-1.,0.,0.));
#5254=DIRECTION('',(0.,0.,-1.));
#5255=DIRECTION('',(0.978147600733806,-0.207911690817759,0.));
#5256=DIRECTION('',(0.,0.,-1.));
#5257=DIRECTION('',(0.978147600733806,-0.207911690817759,0.));
#5258=DIRECTION('',(0.,0.,-1.));
#5259=DIRECTION('',(0.978147600733806,-0.207911690817759,0.));
#5260=DIRECTION('',(0.,0.,-1.));
#5261=DIRECTION('',(-1.,0.,0.));
#5262=DIRECTION('',(0.,0.,-1.));
#5263=DIRECTION('',(0.994521895368273,-0.104528463267653,0.));
#5264=DIRECTION('',(0.,0.,-1.));
#5265=DIRECTION('',(0.994521895368273,-0.104528463267653,0.));
#5266=DIRECTION('',(0.,0.,-1.));
#5267=DIRECTION('',(0.994521895368273,-0.104528463267653,0.));
#5268=DIRECTION('',(0.,0.,-1.));
#5269=DIRECTION('',(-1.,0.,0.));
#5270=DIRECTION('',(0.,0.,-1.));
#5271=DIRECTION('',(1.,1.22464679914735E-16,0.));
#5272=DIRECTION('',(0.,0.,-1.));
#5273=DIRECTION('',(1.,1.22464679914735E-16,0.));
#5274=DIRECTION('',(-1.,-1.11917643611407E-16,0.));
#5275=DIRECTION('',(0.,0.,-1.));
#5276=DIRECTION('',(-1.,0.,0.));
#5277=DIRECTION('',(0.,-1.,0.));
#5278=DIRECTION('',(0.,0.,-1.));
#5279=DIRECTION('',(-1.,0.,0.));
#5280=DIRECTION('',(1.,0.,0.));
#5281=DIRECTION('',(0.,0.,-1.));
#5282=DIRECTION('',(-1.,0.,0.));
#5283=DIRECTION('',(0.,1.,0.));
#5284=DIRECTION('',(0.,0.,-1.));
#5285=DIRECTION('',(-1.,0.,0.));
#5286=DIRECTION('',(1.,0.,0.));
#5287=DIRECTION('',(0.,0.,-1.));
#5288=DIRECTION('',(-1.,0.,0.));
#5289=DIRECTION('',(0.,1.,0.));
#5290=DIRECTION('',(0.,0.,-1.));
#5291=DIRECTION('',(-1.,0.,0.));
#5292=DIRECTION('',(0.,0.,-1.));
#5293=DIRECTION('',(-1.,0.,0.));
#5294=DIRECTION('',(0.534854145069444,-0.844944402610038,0.));
#5295=DIRECTION('',(0.,0.,-1.));
#5296=DIRECTION('',(-1.,0.,0.));
#5297=DIRECTION('',(0.844944402610038,-0.534854145069445,0.));
#5298=DIRECTION('',(-1.,-1.98254111540206E-16,0.));
#5299=DIRECTION('',(0.,0.,-1.));
#5300=DIRECTION('',(-1.,0.,0.));
#5301=DIRECTION('',(-9.91270557701033E-17,1.,0.));
#5302=DIRECTION('',(-0.844944402610038,-0.534854145069445,0.));
#5303=DIRECTION('',(0.,0.,-1.));
#5304=DIRECTION('',(-1.,0.,0.));
#5305=DIRECTION('',(-0.534854145069444,-0.844944402610038,0.));
#5306=DIRECTION('',(9.91270557701033E-17,1.,0.));
#5307=DIRECTION('',(0.,0.,-1.));
#5308=DIRECTION('',(-1.,0.,0.));
#5309=DIRECTION('',(1.,-1.98254111540206E-16,0.));
#5310=DIRECTION('',(0.,0.,1.));
#5311=DIRECTION('',(-1.,-1.22464679914735E-16,0.));
#5312=DIRECTION('',(0.,0.,-1.));
#5313=DIRECTION('',(0.,0.,1.));
#5314=DIRECTION('',(0.,0.,1.));
#5315=DIRECTION('',(1.,0.,0.));
#5316=DIRECTION('',(0.,0.,1.));
#5317=DIRECTION('',(0.,0.,1.));
#5318=DIRECTION('',(0.,0.,1.));
#5319=DIRECTION('',(1.,0.,0.));
#5320=DIRECTION('',(0.,0.,1.));
#5321=DIRECTION('',(0.,0.,1.));
#5322=DIRECTION('',(0.,0.,1.));
#5323=DIRECTION('',(1.,0.,0.));
#5324=DIRECTION('',(0.,0.,1.));
#5325=DIRECTION('',(0.,0.,1.));
#5326=DIRECTION('',(0.,0.,1.));
#5327=DIRECTION('',(1.,0.,0.));
#5328=DIRECTION('',(0.,0.,1.));
#5329=DIRECTION('',(0.,0.,1.));
#5330=DIRECTION('',(0.,0.,1.));
#5331=DIRECTION('',(1.,0.,0.));
#5332=DIRECTION('',(0.,0.,1.));
#5333=DIRECTION('',(0.,0.,1.));
#5334=DIRECTION('',(0.,0.,1.));
#5335=DIRECTION('',(1.,0.,0.));
#5336=DIRECTION('',(0.,0.,1.));
#5337=DIRECTION('',(0.,0.,1.));
#5338=DIRECTION('',(0.,0.,1.));
#5339=DIRECTION('',(1.,0.,0.));
#5340=DIRECTION('',(0.,0.,1.));
#5341=DIRECTION('',(0.,0.,1.));
#5342=DIRECTION('',(0.,0.,1.));
#5343=DIRECTION('',(1.,0.,0.));
#5344=DIRECTION('',(0.,0.,1.));
#5345=DIRECTION('',(0.,0.,1.));
#5346=DIRECTION('',(0.,0.,1.));
#5347=DIRECTION('',(1.,0.,0.));
#5348=DIRECTION('',(0.,0.,1.));
#5349=DIRECTION('',(0.,0.,1.));
#5350=DIRECTION('',(0.,0.,1.));
#5351=DIRECTION('',(1.,0.,0.));
#5352=DIRECTION('',(0.,0.,1.));
#5353=DIRECTION('',(0.,0.,1.));
#5354=DIRECTION('',(0.,0.,1.));
#5355=DIRECTION('',(1.,0.,0.));
#5356=DIRECTION('',(0.,0.,1.));
#5357=DIRECTION('',(0.,0.,1.));
#5358=DIRECTION('',(0.,0.,1.));
#5359=DIRECTION('',(1.,0.,0.));
#5360=DIRECTION('',(0.,0.,1.));
#5361=DIRECTION('',(0.,0.,1.));
#5362=DIRECTION('',(0.,0.,1.));
#5363=DIRECTION('',(1.,0.,0.));
#5364=DIRECTION('',(0.,0.,1.));
#5365=DIRECTION('',(0.,0.,1.));
#5366=DIRECTION('',(0.,0.,1.));
#5367=DIRECTION('',(1.,0.,0.));
#5368=DIRECTION('',(0.,0.,1.));
#5369=DIRECTION('',(0.,0.,1.));
#5370=DIRECTION('',(0.,0.,1.));
#5371=DIRECTION('',(1.,0.,0.));
#5372=DIRECTION('',(0.,0.,1.));
#5373=DIRECTION('',(0.,0.,1.));
#5374=DIRECTION('',(0.,0.,1.));
#5375=DIRECTION('',(1.,0.,0.));
#5376=DIRECTION('',(0.,0.,1.));
#5377=DIRECTION('',(0.,0.,1.));
#5378=DIRECTION('',(0.,0.,1.));
#5379=DIRECTION('',(1.,0.,0.));
#5380=DIRECTION('',(0.,0.,1.));
#5381=DIRECTION('',(0.,0.,1.));
#5382=DIRECTION('',(0.,0.,1.));
#5383=DIRECTION('',(1.,0.,0.));
#5384=DIRECTION('',(0.,0.,1.));
#5385=DIRECTION('',(0.,0.,1.));
#5386=DIRECTION('',(0.,0.,1.));
#5387=DIRECTION('',(1.,0.,0.));
#5388=DIRECTION('',(0.,0.,1.));
#5389=DIRECTION('',(0.,0.,1.));
#5390=DIRECTION('',(0.,0.,1.));
#5391=DIRECTION('',(1.,0.,0.));
#5392=DIRECTION('',(0.,0.,1.));
#5393=DIRECTION('',(0.,0.,1.));
#5394=DIRECTION('',(0.,0.,1.));
#5395=DIRECTION('',(1.,0.,0.));
#5396=DIRECTION('',(0.,0.,1.));
#5397=DIRECTION('',(0.,0.,1.));
#5398=DIRECTION('',(0.,0.,1.));
#5399=DIRECTION('',(1.,0.,0.));
#5400=DIRECTION('',(0.,0.,1.));
#5401=DIRECTION('',(0.,0.,1.));
#5402=DIRECTION('',(0.,0.,1.));
#5403=DIRECTION('',(1.,0.,0.));
#5404=DIRECTION('',(0.,0.,1.));
#5405=DIRECTION('',(0.,0.,1.));
#5406=DIRECTION('',(0.,0.,1.));
#5407=DIRECTION('',(1.,0.,0.));
#5408=DIRECTION('',(0.,0.,1.));
#5409=DIRECTION('',(0.,0.,1.));
#5410=DIRECTION('',(0.,0.,1.));
#5411=DIRECTION('',(1.,0.,0.));
#5412=DIRECTION('',(0.,0.,1.));
#5413=DIRECTION('',(0.,0.,1.));
#5414=DIRECTION('',(0.,0.,1.));
#5415=DIRECTION('',(1.,0.,0.));
#5416=DIRECTION('',(0.,0.,1.));
#5417=DIRECTION('',(0.,0.,1.));
#5418=DIRECTION('',(0.,0.,1.));
#5419=DIRECTION('',(1.,0.,0.));
#5420=DIRECTION('',(0.,0.,1.));
#5421=DIRECTION('',(0.,0.,1.));
#5422=DIRECTION('',(0.,0.,1.));
#5423=DIRECTION('',(1.,0.,0.));
#5424=DIRECTION('',(0.,0.,1.));
#5425=DIRECTION('',(0.,0.,1.));
#5426=DIRECTION('',(0.,0.,1.));
#5427=DIRECTION('',(1.,0.,0.));
#5428=DIRECTION('',(0.,0.,1.));
#5429=DIRECTION('',(0.,0.,1.));
#5430=DIRECTION('',(0.,0.,1.));
#5431=DIRECTION('',(1.,0.,0.));
#5432=DIRECTION('',(0.,0.,1.));
#5433=DIRECTION('',(1.,0.,0.));
#5434=DIRECTION('',(0.,0.,1.));
#5435=DIRECTION('',(0.,0.,1.));
#5436=DIRECTION('',(0.,0.,1.));
#5437=DIRECTION('',(1.,0.,0.));
#5438=DIRECTION('',(0.,0.,-1.));
#5439=DIRECTION('',(0.,0.,1.));
#5440=DIRECTION('',(0.,0.,1.));
#5441=DIRECTION('',(0.,0.,1.));
#5442=DIRECTION('',(1.,0.,0.));
#5443=DIRECTION('',(0.,0.,1.));
#5444=DIRECTION('',(0.,0.,1.));
#5445=DIRECTION('',(0.994521895368273,0.104528463267653,0.));
#5446=DIRECTION('',(0.,0.,1.));
#5447=DIRECTION('',(0.,0.,1.));
#5448=DIRECTION('',(0.,0.,1.));
#5449=DIRECTION('',(0.,0.,1.));
#5450=DIRECTION('',(0.994521895368273,0.104528463267653,0.));
#5451=DIRECTION('',(0.,0.,1.));
#5452=DIRECTION('',(0.994521895368273,0.104528463267653,0.));
#5453=DIRECTION('',(0.,0.,1.));
#5454=DIRECTION('',(0.,0.,1.));
#5455=DIRECTION('',(0.978147600733806,0.20791169081776,0.));
#5456=DIRECTION('',(0.,0.,1.));
#5457=DIRECTION('',(0.,0.,1.));
#5458=DIRECTION('',(0.,0.,1.));
#5459=DIRECTION('',(0.,0.,1.));
#5460=DIRECTION('',(0.978147600733806,0.20791169081776,0.));
#5461=DIRECTION('',(0.,0.,1.));
#5462=DIRECTION('',(0.978147600733806,0.20791169081776,0.));
#5463=DIRECTION('',(0.,0.,1.));
#5464=DIRECTION('',(0.,0.,1.));
#5465=DIRECTION('',(0.951056516295154,0.309016994374948,0.));
#5466=DIRECTION('',(0.,0.,1.));
#5467=DIRECTION('',(0.,0.,1.));
#5468=DIRECTION('',(0.,0.,1.));
#5469=DIRECTION('',(0.,0.,1.));
#5470=DIRECTION('',(0.951056516295154,0.309016994374948,0.));
#5471=DIRECTION('',(0.,0.,1.));
#5472=DIRECTION('',(0.951056516295154,0.309016994374948,0.));
#5473=DIRECTION('',(0.,0.,1.));
#5474=DIRECTION('',(0.,0.,1.));
#5475=DIRECTION('',(0.4067366430758,0.913545457642601,0.));
#5476=DIRECTION('',(0.,0.,1.));
#5477=DIRECTION('',(0.,0.,1.));
#5478=DIRECTION('',(0.,0.,1.));
#5479=DIRECTION('',(0.,0.,1.));
#5480=DIRECTION('',(0.4067366430758,0.913545457642601,0.));
#5481=DIRECTION('',(0.,0.,1.));
#5482=DIRECTION('',(0.4067366430758,0.913545457642601,0.));
#5483=DIRECTION('',(0.,0.,1.));
#5484=DIRECTION('',(0.,0.,1.));
#5485=DIRECTION('',(0.5,0.866025403784439,0.));
#5486=DIRECTION('',(0.,0.,1.));
#5487=DIRECTION('',(0.,0.,1.));
#5488=DIRECTION('',(0.,0.,1.));
#5489=DIRECTION('',(0.,0.,1.));
#5490=DIRECTION('',(0.5,0.866025403784439,0.));
#5491=DIRECTION('',(0.,0.,1.));
#5492=DIRECTION('',(0.5,0.866025403784439,0.));
#5493=DIRECTION('',(0.,0.,1.));
#5494=DIRECTION('',(0.,0.,1.));
#5495=DIRECTION('',(0.669130606358858,0.743144825477395,0.));
#5496=DIRECTION('',(0.,0.,1.));
#5497=DIRECTION('',(0.,0.,1.));
#5498=DIRECTION('',(0.,0.,1.));
#5499=DIRECTION('',(0.,0.,1.));
#5500=DIRECTION('',(0.669130606358858,0.743144825477395,0.));
#5501=DIRECTION('',(0.,0.,1.));
#5502=DIRECTION('',(0.669130606358858,0.743144825477395,0.));
#5503=DIRECTION('',(0.,0.,1.));
#5504=DIRECTION('',(0.,0.,1.));
#5505=DIRECTION('',(0.587785252292473,0.809016994374948,0.));
#5506=DIRECTION('',(0.,0.,1.));
#5507=DIRECTION('',(0.,0.,1.));
#5508=DIRECTION('',(0.,0.,1.));
#5509=DIRECTION('',(0.,0.,1.));
#5510=DIRECTION('',(0.587785252292473,0.809016994374948,0.));
#5511=DIRECTION('',(0.,0.,1.));
#5512=DIRECTION('',(0.587785252292473,0.809016994374948,0.));
#5513=DIRECTION('',(0.,0.,1.));
#5514=DIRECTION('',(0.,0.,1.));
#5515=DIRECTION('',(0.809016994374947,0.587785252292473,0.));
#5516=DIRECTION('',(0.,0.,1.));
#5517=DIRECTION('',(0.,0.,1.));
#5518=DIRECTION('',(0.,0.,1.));
#5519=DIRECTION('',(0.,0.,1.));
#5520=DIRECTION('',(0.809016994374947,0.587785252292473,0.));
#5521=DIRECTION('',(0.,0.,1.));
#5522=DIRECTION('',(0.809016994374947,0.587785252292473,0.));
#5523=DIRECTION('',(0.,0.,1.));
#5524=DIRECTION('',(0.,0.,1.));
#5525=DIRECTION('',(0.743144825477394,0.669130606358858,0.));
#5526=DIRECTION('',(0.,0.,1.));
#5527=DIRECTION('',(0.,0.,1.));
#5528=DIRECTION('',(0.,0.,1.));
#5529=DIRECTION('',(0.,0.,1.));
#5530=DIRECTION('',(0.743144825477394,0.669130606358858,0.));
#5531=DIRECTION('',(0.,0.,1.));
#5532=DIRECTION('',(0.743144825477394,0.669130606358858,0.));
#5533=DIRECTION('',(0.,0.,1.));
#5534=DIRECTION('',(0.,0.,1.));
#5535=DIRECTION('',(0.866025403784438,0.5,0.));
#5536=DIRECTION('',(0.,0.,1.));
#5537=DIRECTION('',(0.,0.,1.));
#5538=DIRECTION('',(0.,0.,1.));
#5539=DIRECTION('',(0.,0.,1.));
#5540=DIRECTION('',(0.866025403784438,0.5,0.));
#5541=DIRECTION('',(0.,0.,1.));
#5542=DIRECTION('',(0.866025403784438,0.5,0.));
#5543=DIRECTION('',(0.,0.,1.));
#5544=DIRECTION('',(0.,0.,1.));
#5545=DIRECTION('',(0.913545457642601,0.4067366430758,0.));
#5546=DIRECTION('',(0.,0.,1.));
#5547=DIRECTION('',(0.,0.,1.));
#5548=DIRECTION('',(0.,0.,1.));
#5549=DIRECTION('',(0.,0.,1.));
#5550=DIRECTION('',(0.913545457642601,0.4067366430758,0.));
#5551=DIRECTION('',(0.,0.,1.));
#5552=DIRECTION('',(0.913545457642601,0.4067366430758,0.));
#5553=DIRECTION('',(0.,0.,1.));
#5554=DIRECTION('',(0.,0.,1.));
#5555=DIRECTION('',(0.309016994374948,0.951056516295154,0.));
#5556=DIRECTION('',(0.,0.,1.));
#5557=DIRECTION('',(0.,0.,1.));
#5558=DIRECTION('',(0.,0.,1.));
#5559=DIRECTION('',(0.,0.,1.));
#5560=DIRECTION('',(0.309016994374948,0.951056516295154,0.));
#5561=DIRECTION('',(0.,0.,1.));
#5562=DIRECTION('',(0.309016994374948,0.951056516295154,0.));
#5563=DIRECTION('',(0.,0.,1.));
#5564=DIRECTION('',(0.,0.,1.));
#5565=DIRECTION('',(0.207911690817759,0.978147600733806,0.));
#5566=DIRECTION('',(0.,0.,1.));
#5567=DIRECTION('',(0.,0.,1.));
#5568=DIRECTION('',(0.,0.,1.));
#5569=DIRECTION('',(0.,0.,1.));
#5570=DIRECTION('',(0.207911690817759,0.978147600733806,0.));
#5571=DIRECTION('',(0.,0.,1.));
#5572=DIRECTION('',(0.207911690817759,0.978147600733806,0.));
#5573=DIRECTION('',(0.,0.,1.));
#5574=DIRECTION('',(0.,0.,1.));
#5575=DIRECTION('',(0.104528463267653,0.994521895368273,0.));
#5576=DIRECTION('',(0.,0.,1.));
#5577=DIRECTION('',(0.,0.,1.));
#5578=DIRECTION('',(0.,0.,1.));
#5579=DIRECTION('',(0.,0.,1.));
#5580=DIRECTION('',(0.104528463267653,0.994521895368273,0.));
#5581=DIRECTION('',(0.,0.,1.));
#5582=DIRECTION('',(0.104528463267653,0.994521895368273,0.));
#5583=DIRECTION('',(0.,0.,1.));
#5584=DIRECTION('',(0.,0.,1.));
#5585=DIRECTION('',(-1.83697019872103E-16,1.,0.));
#5586=DIRECTION('',(0.,0.,1.));
#5587=DIRECTION('',(0.,0.,1.));
#5588=DIRECTION('',(0.,0.,1.));
#5589=DIRECTION('',(0.,0.,1.));
#5590=DIRECTION('',(-1.83697019872103E-16,1.,0.));
#5591=DIRECTION('',(0.,0.,1.));
#5592=DIRECTION('',(-1.83697019872103E-16,1.,0.));
#5593=DIRECTION('',(0.,0.,1.));
#5594=DIRECTION('',(0.,0.,1.));
#5595=DIRECTION('',(-0.104528463267653,0.994521895368273,0.));
#5596=DIRECTION('',(0.,0.,1.));
#5597=DIRECTION('',(0.,0.,1.));
#5598=DIRECTION('',(0.,0.,1.));
#5599=DIRECTION('',(0.,0.,1.));
#5600=DIRECTION('',(-0.104528463267653,0.994521895368273,0.));
#5601=DIRECTION('',(0.,0.,1.));
#5602=DIRECTION('',(-0.104528463267653,0.994521895368273,0.));
#5603=DIRECTION('',(0.,0.,1.));
#5604=DIRECTION('',(0.,0.,1.));
#5605=DIRECTION('',(-0.20791169081776,0.978147600733806,0.));
#5606=DIRECTION('',(0.,0.,1.));
#5607=DIRECTION('',(0.,0.,1.));
#5608=DIRECTION('',(0.,0.,1.));
#5609=DIRECTION('',(0.,0.,1.));
#5610=DIRECTION('',(-0.20791169081776,0.978147600733806,0.));
#5611=DIRECTION('',(0.,0.,1.));
#5612=DIRECTION('',(-0.20791169081776,0.978147600733806,0.));
#5613=DIRECTION('',(0.,0.,1.));
#5614=DIRECTION('',(0.,0.,1.));
#5615=DIRECTION('',(-0.309016994374948,0.951056516295154,0.));
#5616=DIRECTION('',(0.,0.,1.));
#5617=DIRECTION('',(0.,0.,1.));
#5618=DIRECTION('',(0.,0.,1.));
#5619=DIRECTION('',(0.,0.,1.));
#5620=DIRECTION('',(-0.309016994374948,0.951056516295154,0.));
#5621=DIRECTION('',(0.,0.,1.));
#5622=DIRECTION('',(-0.309016994374948,0.951056516295154,0.));
#5623=DIRECTION('',(0.,0.,1.));
#5624=DIRECTION('',(0.,0.,1.));
#5625=DIRECTION('',(-0.4067366430758,0.913545457642601,0.));
#5626=DIRECTION('',(0.,0.,1.));
#5627=DIRECTION('',(0.,0.,1.));
#5628=DIRECTION('',(0.,0.,1.));
#5629=DIRECTION('',(0.,0.,1.));
#5630=DIRECTION('',(-0.4067366430758,0.913545457642601,0.));
#5631=DIRECTION('',(0.,0.,1.));
#5632=DIRECTION('',(-0.4067366430758,0.913545457642601,0.));
#5633=DIRECTION('',(0.,0.,1.));
#5634=DIRECTION('',(0.,0.,1.));
#5635=DIRECTION('',(-0.951056516295154,0.309016994374948,0.));
#5636=DIRECTION('',(0.,0.,1.));
#5637=DIRECTION('',(0.,0.,1.));
#5638=DIRECTION('',(0.,0.,1.));
#5639=DIRECTION('',(0.,0.,1.));
#5640=DIRECTION('',(-0.951056516295154,0.309016994374948,0.));
#5641=DIRECTION('',(0.,0.,1.));
#5642=DIRECTION('',(-0.951056516295154,0.309016994374948,0.));
#5643=DIRECTION('',(0.,0.,1.));
#5644=DIRECTION('',(0.,0.,1.));
#5645=DIRECTION('',(-0.913545457642601,0.4067366430758,0.));
#5646=DIRECTION('',(0.,0.,1.));
#5647=DIRECTION('',(0.,0.,1.));
#5648=DIRECTION('',(0.,0.,1.));
#5649=DIRECTION('',(0.,0.,1.));
#5650=DIRECTION('',(-0.913545457642601,0.4067366430758,0.));
#5651=DIRECTION('',(0.,0.,1.));
#5652=DIRECTION('',(-0.913545457642601,0.4067366430758,0.));
#5653=DIRECTION('',(0.,0.,1.));
#5654=DIRECTION('',(0.,0.,1.));
#5655=DIRECTION('',(-0.866025403784439,0.5,0.));
#5656=DIRECTION('',(0.,0.,1.));
#5657=DIRECTION('',(0.,0.,1.));
#5658=DIRECTION('',(0.,0.,1.));
#5659=DIRECTION('',(0.,0.,1.));
#5660=DIRECTION('',(-0.866025403784439,0.5,0.));
#5661=DIRECTION('',(0.,0.,1.));
#5662=DIRECTION('',(-0.866025403784439,0.5,0.));
#5663=DIRECTION('',(0.,0.,1.));
#5664=DIRECTION('',(0.,0.,1.));
#5665=DIRECTION('',(-0.809016994374948,0.587785252292473,0.));
#5666=DIRECTION('',(0.,0.,1.));
#5667=DIRECTION('',(0.,0.,1.));
#5668=DIRECTION('',(0.,0.,1.));
#5669=DIRECTION('',(0.,0.,1.));
#5670=DIRECTION('',(-0.809016994374948,0.587785252292473,0.));
#5671=DIRECTION('',(0.,0.,1.));
#5672=DIRECTION('',(-0.809016994374948,0.587785252292473,0.));
#5673=DIRECTION('',(0.,0.,1.));
#5674=DIRECTION('',(0.,0.,1.));
#5675=DIRECTION('',(-0.5,0.866025403784438,0.));
#5676=DIRECTION('',(0.,0.,1.));
#5677=DIRECTION('',(0.,0.,1.));
#5678=DIRECTION('',(0.,0.,1.));
#5679=DIRECTION('',(0.,0.,1.));
#5680=DIRECTION('',(-0.5,0.866025403784438,0.));
#5681=DIRECTION('',(0.,0.,1.));
#5682=DIRECTION('',(-0.5,0.866025403784438,0.));
#5683=DIRECTION('',(0.,0.,1.));
#5684=DIRECTION('',(0.,0.,1.));
#5685=DIRECTION('',(-0.587785252292473,0.809016994374947,0.));
#5686=DIRECTION('',(0.,0.,1.));
#5687=DIRECTION('',(0.,0.,1.));
#5688=DIRECTION('',(0.,0.,1.));
#5689=DIRECTION('',(0.,0.,1.));
#5690=DIRECTION('',(-0.587785252292473,0.809016994374947,0.));
#5691=DIRECTION('',(0.,0.,1.));
#5692=DIRECTION('',(-0.587785252292473,0.809016994374947,0.));
#5693=DIRECTION('',(0.,0.,1.));
#5694=DIRECTION('',(0.,0.,1.));
#5695=DIRECTION('',(-0.743144825477394,0.669130606358858,0.));
#5696=DIRECTION('',(0.,0.,1.));
#5697=DIRECTION('',(0.,0.,1.));
#5698=DIRECTION('',(0.,0.,1.));
#5699=DIRECTION('',(0.,0.,1.));
#5700=DIRECTION('',(-0.743144825477394,0.669130606358858,0.));
#5701=DIRECTION('',(0.,0.,1.));
#5702=DIRECTION('',(-0.743144825477394,0.669130606358858,0.));
#5703=DIRECTION('',(0.,0.,1.));
#5704=DIRECTION('',(0.,0.,1.));
#5705=DIRECTION('',(-0.669130606358858,0.743144825477394,0.));
#5706=DIRECTION('',(0.,0.,1.));
#5707=DIRECTION('',(0.,0.,1.));
#5708=DIRECTION('',(0.,0.,1.));
#5709=DIRECTION('',(0.,0.,1.));
#5710=DIRECTION('',(-0.669130606358858,0.743144825477394,0.));
#5711=DIRECTION('',(0.,0.,1.));
#5712=DIRECTION('',(-0.669130606358858,0.743144825477394,0.));
#5713=DIRECTION('',(0.,0.,1.));
#5714=DIRECTION('',(0.,0.,1.));
#5715=DIRECTION('',(-0.978147600733806,0.207911690817759,0.));
#5716=DIRECTION('',(0.,0.,1.));
#5717=DIRECTION('',(0.,0.,1.));
#5718=DIRECTION('',(0.,0.,1.));
#5719=DIRECTION('',(0.,0.,1.));
#5720=DIRECTION('',(-0.978147600733806,0.207911690817759,0.));
#5721=DIRECTION('',(0.,0.,1.));
#5722=DIRECTION('',(-0.978147600733806,0.207911690817759,0.));
#5723=DIRECTION('',(0.,0.,1.));
#5724=DIRECTION('',(0.,0.,1.));
#5725=DIRECTION('',(-0.994521895368273,0.104528463267653,0.));
#5726=DIRECTION('',(0.,0.,1.));
#5727=DIRECTION('',(0.,0.,1.));
#5728=DIRECTION('',(0.,0.,1.));
#5729=DIRECTION('',(0.,0.,1.));
#5730=DIRECTION('',(-0.994521895368273,0.104528463267653,0.));
#5731=DIRECTION('',(0.,0.,1.));
#5732=DIRECTION('',(-0.994521895368273,0.104528463267653,0.));
#5733=DIRECTION('',(0.,0.,1.));
#5734=DIRECTION('',(0.,0.,1.));
#5735=DIRECTION('',(-1.,-1.22464679914735E-16,0.));
#5736=DIRECTION('',(1.11917643611407E-16,-1.,0.));
#5737=DIRECTION('',(1.,1.11917643611407E-16,0.));
#5738=DIRECTION('',(0.,0.,-1.));
#5739=DIRECTION('',(1.,0.,0.));
#5740=DIRECTION('',(0.,0.,-1.));
#5741=DIRECTION('',(0.,0.,-1.));
#5742=DIRECTION('',(0.,0.,-1.));
#5743=DIRECTION('',(0.,1.,0.));
#5744=DIRECTION('',(0.,0.,1.));
#5745=DIRECTION('',(0.,0.,-1.));
#5746=DIRECTION('',(0.,0.,-1.));
#5747=DIRECTION('',(-1.,0.,0.));
#5748=DIRECTION('',(0.,0.,1.));
#5749=DIRECTION('',(0.,0.,-1.));
#5750=DIRECTION('',(0.,0.,-1.));
#5751=DIRECTION('',(0.,1.,0.));
#5752=DIRECTION('',(0.,0.,1.));
#5753=DIRECTION('',(0.,0.,-1.));
#5754=DIRECTION('',(0.,0.,-1.));
#5755=DIRECTION('',(-1.,0.,0.));
#5756=DIRECTION('',(0.,0.,1.));
#5757=DIRECTION('',(0.,0.,-1.));
#5758=DIRECTION('',(0.,0.,-1.));
#5759=DIRECTION('',(0.,-1.,0.));
#5760=DIRECTION('',(0.,0.,-1.));
#5761=DIRECTION('',(0.,0.,-1.));
#5762=DIRECTION('',(0.,0.,-1.));
#5763=DIRECTION('',(1.,0.,0.));
#5764=DIRECTION('',(0.,0.,-1.));
#5765=DIRECTION('',(0.,0.,-1.));
#5766=DIRECTION('',(0.,0.,-1.));
#5767=DIRECTION('',(1.11917643611407E-16,-1.,0.));
#5768=DIRECTION('',(1.,1.11917643611407E-16,0.));
#5769=DIRECTION('',(0.,0.,-1.));
#5770=DIRECTION('',(-1.,-9.91270557701033E-17,0.));
#5771=DIRECTION('',(9.91270557701033E-17,-1.,0.));
#5772=DIRECTION('',(0.,0.,-1.));
#5773=DIRECTION('',(0.,0.,-1.));
#5774=DIRECTION('',(0.844944402610038,0.534854145069444,0.));
#5775=DIRECTION('',(-0.534854145069444,0.844944402610038,0.));
#5776=DIRECTION('',(0.,0.,-1.));
#5777=DIRECTION('',(0.534854145069445,0.844944402610038,0.));
#5778=DIRECTION('',(-0.844944402610038,0.534854145069445,0.));
#5779=DIRECTION('',(0.,0.,-1.));
#5780=DIRECTION('',(0.,0.,-1.));
#5781=DIRECTION('',(1.98254111540206E-16,-1.,0.));
#5782=DIRECTION('',(1.,1.98254111540206E-16,0.));
#5783=DIRECTION('',(0.,0.,-1.));
#5784=DIRECTION('',(0.534854145069445,-0.844944402610038,0.));
#5785=DIRECTION('',(0.844944402610038,0.534854145069445,0.));
#5786=DIRECTION('',(0.,0.,-1.));
#5787=DIRECTION('',(0.,0.,-1.));
#5788=DIRECTION('',(0.844944402610038,-0.534854145069444,0.));
#5789=DIRECTION('',(0.534854145069444,0.844944402610038,0.));
#5790=DIRECTION('',(0.,0.,-1.));
#5791=DIRECTION('',(0.,0.,-1.));
#5792=DIRECTION('',(-1.,9.91270557701033E-17,0.));
#5793=DIRECTION('',(-9.91270557701033E-17,-1.,0.));
#5794=DIRECTION('',(0.,0.,-1.));
#5795=DIRECTION('',(1.98254111540206E-16,1.,0.));
#5796=DIRECTION('',(-1.,1.98254111540206E-16,0.));
#5797=DIRECTION('',(0.,0.,-1.));
#5798=DIRECTION('',(0.,0.,-1.));
#5799=DIRECTION('',(-1.,0.,0.));
#5800=DIRECTION('',(0.,0.,1.));
#5801=DIRECTION('',(1.,0.,0.));
#5802=DIRECTION('',(0.,0.,1.));
#5803=DIRECTION('',(1.,0.,0.));
#5804=DIRECTION('',(0.,0.,-1.));
#5805=DIRECTION('',(-1.,0.,0.));
#5806=DIRECTION('',(0.,0.,1.));
#5807=DIRECTION('',(1.,0.,0.));
#5808=DIRECTION('',(0.,0.,-1.));
#5809=DIRECTION('',(-1.,0.,0.));
#5810=DIRECTION('',(0.,0.,-1.));
#5811=DIRECTION('',(-1.,0.,0.));
#5812=DIRECTION('',(0.,0.,-1.));
#5813=DIRECTION('',(-1.,0.,0.));
#5814=DIRECTION('',(0.,0.,1.));
#5815=DIRECTION('',(1.,0.,0.));
#5816=DIRECTION('',(0.,0.,-1.));
#5817=DIRECTION('',(-1.,0.,0.));
#5818=DIRECTION('',(0.,0.,-1.));
#5819=DIRECTION('',(-1.,0.,0.));
#5820=DIRECTION('',(0.,0.,-1.));
#5821=DIRECTION('',(-1.,0.,0.));
#5822=DIRECTION('',(0.,0.,-1.));
#5823=DIRECTION('',(-1.,0.,0.));
#5824=DIRECTION('',(0.,0.,1.));
#5825=DIRECTION('',(-1.,0.,0.));
#5826=DIRECTION('',(0.,0.,-1.));
#5827=DIRECTION('',(1.,0.,0.));
#5828=DIRECTION('',(0.,0.,-1.));
#5829=DIRECTION('',(-1.,0.,0.));
#5830=DIRECTION('',(0.,0.,-1.));
#5831=DIRECTION('',(-1.,0.,0.));
#5832=DIRECTION('',(0.,0.,-1.));
#5833=DIRECTION('',(1.,0.,0.));
#5834=DIRECTION('',(0.,0.,-1.));
#5835=DIRECTION('',(-1.,0.,0.));
#5836=DIRECTION('',(0.,0.,1.));
#5837=DIRECTION('',(-1.,0.,0.));
#5838=DIRECTION('',(0.,0.,-1.));
#5839=DIRECTION('',(1.,0.,0.));
#5840=DIRECTION('',(0.,0.,-1.));
#5841=DIRECTION('',(-1.,0.,0.));
#5842=DIRECTION('',(0.,0.,-1.));
#5843=DIRECTION('',(-1.,0.,0.));
#5844=DIRECTION('',(0.,0.,-1.));
#5845=DIRECTION('',(1.,0.,0.));
#5846=CARTESIAN_POINT('',(0.,0.,0.));
#5847=CARTESIAN_POINT('',(-4.06059159637577E-18,0.01934197732497,-0.040766867429018));
#5848=CARTESIAN_POINT('',(0.027,0.0520265501121459,-0.040766867429018));
#5849=CARTESIAN_POINT('',(0.02275,0.0520265501121459,-0.040766867429018));
#5850=CARTESIAN_POINT('',(0.027,-0.013342595462206,-0.040766867429018));
#5851=CARTESIAN_POINT('',(0.02275,-0.013342595462206,-0.040766867429018));
#5852=CARTESIAN_POINT('',(0.0312835609440644,0.0331255382690344,-0.040766867429018));
#5853=CARTESIAN_POINT('',(0.0215165685586353,0.0393080945959024,-0.040766867429018));
#5854=CARTESIAN_POINT('',(0.042,0.02634197732497,-0.040766867429018));
#5855=CARTESIAN_POINT('',(0.0241908392839826,0.0435328166089526,-0.040766867429018));
#5856=CARTESIAN_POINT('',(0.0199661172709324,0.0408585458836054,-0.040766867429018));
#5857=CARTESIAN_POINT('',(0.0137835609440644,0.0506255382690344,-0.040766867429018));
#5858=CARTESIAN_POINT('',(0.007,0.06134197732497,-0.040766867429018));
#5859=CARTESIAN_POINT('',(0.007,0.04384197732497,-0.040766867429018));
#5860=CARTESIAN_POINT('',(0.007,0.03134197732497,-0.040766867429018));
#5861=CARTESIAN_POINT('',(0.012,0.03134197732497,-0.040766867429018));
#5862=CARTESIAN_POINT('',(0.012,0.02634197732497,-0.040766867429018));
#5863=CARTESIAN_POINT('',(0.0245,0.02634197732497,-0.040766867429018));
#5864=CARTESIAN_POINT('',(-3.90312782094781E-18,0.01934197732497,-0.040766867429018));
#5865=CARTESIAN_POINT('',(-0.0023,0.01934197732497,-0.040766867429018));
#5866=CARTESIAN_POINT('',(-0.0137835609440644,0.0506255382690344,-0.040766867429018));
#5867=CARTESIAN_POINT('',(-0.007,0.06134197732497,-0.040766867429018));
#5868=CARTESIAN_POINT('',(-0.0199661172709324,0.0408585458836054,-0.040766867429018));
#5869=CARTESIAN_POINT('',(-0.0241908392839826,0.0435328166089526,-0.040766867429018));
#5870=CARTESIAN_POINT('',(-0.0215165685586353,0.0393080945959024,-0.040766867429018));
#5871=CARTESIAN_POINT('',(-0.0312835609440644,0.0331255382690344,-0.040766867429018));
#5872=CARTESIAN_POINT('',(-0.042,0.02634197732497,-0.040766867429018));
#5873=CARTESIAN_POINT('',(-0.0245,0.02634197732497,-0.040766867429018));
#5874=CARTESIAN_POINT('',(-0.012,0.02634197732497,-0.040766867429018));
#5875=CARTESIAN_POINT('',(-0.012,0.03134197732497,-0.040766867429018));
#5876=CARTESIAN_POINT('',(-0.007,0.03134197732497,-0.040766867429018));
#5877=CARTESIAN_POINT('',(-0.007,0.04384197732497,-0.040766867429018));
#5878=CARTESIAN_POINT('',(0.034,-0.022175309068618,-0.040766867429018));
#5879=CARTESIAN_POINT('',(0.034,0.01434197732497,-0.040766867429018));
#5880=CARTESIAN_POINT('',(0.034,-0.021192595462206,-0.040766867429018));
#5881=CARTESIAN_POINT('',(0.029,-0.021192595462206,-0.040766867429018));
#5882=CARTESIAN_POINT('',(0.029,-0.0261925954622059,-0.040766867429018));
#5883=CARTESIAN_POINT('',(0.027,-0.0261925954622059,-0.040766867429018));
#5884=CARTESIAN_POINT('',(0.025,-0.0261925954622059,-0.040766867429018));
#5885=CARTESIAN_POINT('',(0.025,-0.021192595462206,-0.040766867429018));
#5886=CARTESIAN_POINT('',(0.02,-0.021192595462206,-0.040766867429018));
#5887=CARTESIAN_POINT('',(0.02,-0.022175309068618,-0.040766867429018));
#5888=CARTESIAN_POINT('',(0.02,-0.00842530906861799,-0.040766867429018));
#5889=CARTESIAN_POINT('',(0.015,-0.00842530906861799,-0.040766867429018));
#5890=CARTESIAN_POINT('',(0.015,-0.00342530906861799,-0.040766867429018));
#5891=CARTESIAN_POINT('',(0.01,-0.00342530906861799,-0.040766867429018));
#5892=CARTESIAN_POINT('',(-0.015,-0.00342530906861799,-0.040766867429018));
#5893=CARTESIAN_POINT('',(-0.015,-0.00842530906861799,-0.040766867429018));
#5894=CARTESIAN_POINT('',(-0.02,-0.00842530906861799,-0.040766867429018));
#5895=CARTESIAN_POINT('',(-0.02,-0.022175309068618,-0.040766867429018));
#5896=CARTESIAN_POINT('',(-0.02,-0.021192595462206,-0.040766867429018));
#5897=CARTESIAN_POINT('',(-0.025,-0.021192595462206,-0.040766867429018));
#5898=CARTESIAN_POINT('',(-0.025,-0.0261925954622059,-0.040766867429018));
#5899=CARTESIAN_POINT('',(-0.027,-0.0261925954622059,-0.040766867429018));
#5900=CARTESIAN_POINT('',(-0.029,-0.0261925954622059,-0.040766867429018));
#5901=CARTESIAN_POINT('',(-0.029,-0.021192595462206,-0.040766867429018));
#5902=CARTESIAN_POINT('',(-0.034,-0.021192595462206,-0.040766867429018));
#5903=CARTESIAN_POINT('',(-0.034,-0.022175309068618,-0.040766867429018));
#5904=CARTESIAN_POINT('',(-0.034,0.01434197732497,-0.040766867429018));
#5905=CARTESIAN_POINT('',(-0.039,0.01434197732497,-0.040766867429018));
#5906=CARTESIAN_POINT('',(-0.039,0.01934197732497,-0.040766867429018));
#5907=CARTESIAN_POINT('',(-0.0495,0.01934197732497,-0.040766867429018));
#5908=CARTESIAN_POINT('',(-0.0575,0.01934197732497,-0.040766867429018));
#5909=CARTESIAN_POINT('',(1.02926668171575E-14,0.01934197732497,-0.040766867429018));
#5910=CARTESIAN_POINT('',(-0.0574994209029867,0.0196000389865522,-0.040766867429018));
#5911=CARTESIAN_POINT('',(-0.0581810963036215,0.0196030983962608,-0.040766867429018));
#5912=CARTESIAN_POINT('',(-0.0580098768901865,0.0202629276349896,-0.040766867429018));
#5913=CARTESIAN_POINT('',(-0.0574944560903222,0.0201404251177874,-0.040766867429018));
#5914=CARTESIAN_POINT('',(-0.057569175482901,0.020156463834328,-0.040766867429018));
#5915=CARTESIAN_POINT('',(-0.0577262961164234,0.0201918235406559,-0.040766867429018));
#5916=CARTESIAN_POINT('',(-0.0579774889514199,0.0202536344017714,-0.040766867429018));
#5917=CARTESIAN_POINT('',(-0.0582498420782394,0.0203264583852226,-0.040766867429018));
#5918=CARTESIAN_POINT('',(-0.0585423519289044,0.0204109750156619,-0.040766867429018));
#5919=CARTESIAN_POINT('',(-0.0588546510878157,0.0205080172130061,-0.040766867429018));
#5920=CARTESIAN_POINT('',(-0.0591863468012814,0.0206184072662292,-0.040766867429018));
#5921=CARTESIAN_POINT('',(-0.0595370220282911,0.0207429583284604,-0.040766867429018));
#5922=CARTESIAN_POINT('',(-0.059906232574863,0.0208824652693602,-0.040766867429018));
#5923=CARTESIAN_POINT('',(-0.06029351966376,0.0210377370767414,-0.040766867429018));
#5924=CARTESIAN_POINT('',(-0.0606983625087879,0.0212094676191086,-0.040766867429018));
#5925=CARTESIAN_POINT('',(-0.0611203639131872,0.0213987340182544,-0.040766867429018));
#5926=CARTESIAN_POINT('',(-0.0615389966161125,0.0215958636731371,-0.040766867429018));
#5927=CARTESIAN_POINT('',(-0.0618191685608097,0.021736038210875,-0.040766867429018));
#5928=CARTESIAN_POINT('',(-0.0619511642216683,0.0218023129890379,-0.040766867429018));
#5929=CARTESIAN_POINT('',(-0.0619511642216683,0.0218023129890379,-0.040766867429018));
#5930=CARTESIAN_POINT('',(-6.93889390390723E-18,0.01934197732497,-0.040766867429018));
#5931=CARTESIAN_POINT('',(-0.0618689643680924,0.023370779630832,-0.040766867429018));
#5932=CARTESIAN_POINT('',(-0.0572629559648979,0.0245577106542355,-0.040766867429018));
#5933=CARTESIAN_POINT('',(-0.0573389425392188,0.0245495701027449,-0.040766867429018));
#5934=CARTESIAN_POINT('',(-0.0574988985452351,0.0245308276789577,-0.040766867429018));
#5935=CARTESIAN_POINT('',(-0.0577551763139244,0.0244956122252328,-0.040766867429018));
#5936=CARTESIAN_POINT('',(-0.0580336496408975,0.0244516558329952,-0.040766867429018));
#5937=CARTESIAN_POINT('',(-0.0583333914854952,0.0243981777986812,-0.040766867429018));
#5938=CARTESIAN_POINT('',(-0.0586541235086981,0.0243343113598087,-0.040766867429018));
#5939=CARTESIAN_POINT('',(-0.058995541060963,0.0242591976780484,-0.040766867429018));
#5940=CARTESIAN_POINT('',(-0.0593573143835207,0.0241719844621534,-0.040766867429018));
#5941=CARTESIAN_POINT('',(-0.0597390848022348,0.0240718347659281,-0.040766867429018));
#5942=CARTESIAN_POINT('',(-0.0601404806153507,0.0239578960779999,-0.040766867429018));
#5943=CARTESIAN_POINT('',(-0.0605610564186039,0.0238294238939679,-0.040766867429018));
#5944=CARTESIAN_POINT('',(-0.061000529781006,0.0236853054742585,-0.040766867429018));
#5945=CARTESIAN_POINT('',(-0.0614374748300719,0.0235330147493617,-0.040766867429018));
#5946=CARTESIAN_POINT('',(-0.0617307641925601,0.023422894045238,-0.040766867429018));
#5947=CARTESIAN_POINT('',(-0.0618689643680924,0.023370779630832,-0.040766867429018));
#5948=CARTESIAN_POINT('',(-0.0577883582355607,0.0244897553627862,-0.040766867429018));
#5949=CARTESIAN_POINT('',(-0.0578896687547906,0.0251638672900741,-0.040766867429018));
#5950=CARTESIAN_POINT('',(-0.0572114078479299,0.0250956554579405,-0.040766867429018));
#5951=CARTESIAN_POINT('',(1.02361695508701E-14,0.0193419773249689,-0.040766867429018));
#5952=CARTESIAN_POINT('',(-0.0571574582701029,0.0256089514035379,-0.040766867429018));
#5953=CARTESIAN_POINT('',(-0.0578350795861729,0.0256832485355556,-0.040766867429018));
#5954=CARTESIAN_POINT('',(-0.0575958271942562,0.0263215658585076,-0.040766867429018));
#5955=CARTESIAN_POINT('',(-0.0570960349233326,0.0261458582787664,-0.040766867429018));
#5956=CARTESIAN_POINT('',(-0.057168668492868,0.0261696194368221,-0.040766867429018));
#5957=CARTESIAN_POINT('',(-0.0573212323073561,0.0262212090173487,-0.040766867429018));
#5958=CARTESIAN_POINT('',(-0.0575645880873941,0.0263089380731257,-0.040766867429018));
#5959=CARTESIAN_POINT('',(-0.0578278370562089,0.0264098317729885,-0.040766867429018));
#5960=CARTESIAN_POINT('',(-0.0581099101138058,0.0265244610176637,-0.040766867429018));
#5961=CARTESIAN_POINT('',(-0.0584103547934877,0.026653615758858,-0.040766867429018));
#5962=CARTESIAN_POINT('',(-0.0587286945405057,0.0267980727270203,-0.040766867429018));
#5963=CARTESIAN_POINT('',(-0.0590644296007967,0.0269585970280859,-0.040766867429018));
#5964=CARTESIAN_POINT('',(-0.0594170351272159,0.027135932746422,-0.040766867429018));
#5965=CARTESIAN_POINT('',(-0.0597859702935031,0.0273308364828417,-0.040766867429018));
#5966=CARTESIAN_POINT('',(-0.0601706446373767,0.0275439438677852,-0.040766867429018));
#5967=CARTESIAN_POINT('',(-0.060570550548077,0.0277762846040918,-0.040766867429018));
#5968=CARTESIAN_POINT('',(-0.0609662842773641,0.0280160933952094,-0.040766867429018));
#5969=CARTESIAN_POINT('',(-0.0612302691818144,0.0281847859849928,-0.040766867429018));
#5970=CARTESIAN_POINT('',(-0.0613546141559171,0.028264495006574,-0.040766867429018));
#5971=CARTESIAN_POINT('',(-0.0613546141559171,0.028264495006574,-0.040766867429018));
#5972=CARTESIAN_POINT('',(-6.93889390390723E-18,0.01934197732497,-0.040766867429018));
#5973=CARTESIAN_POINT('',(-0.0611089151939864,0.0298157771996178,-0.040766867429018));
#5974=CARTESIAN_POINT('',(-0.0564040709108782,0.0305147471105007,-0.040766867429018));
#5975=CARTESIAN_POINT('',(-0.0564804921421319,0.0305145939136457,-0.040766867429018));
#5976=CARTESIAN_POINT('',(-0.0566415310091671,0.0305126741183163,-0.040766867429018));
#5977=CARTESIAN_POINT('',(-0.0569000858786859,0.0305044398998624,-0.040766867429018));
#5978=CARTESIAN_POINT('',(-0.0571816283937681,0.0304898326942702,-0.040766867429018));
#5979=CARTESIAN_POINT('',(-0.0574853181979239,0.0304679791726165,-0.040766867429018));
#5980=CARTESIAN_POINT('',(-0.0578109690782547,0.0304379882262846,-0.040766867429018));
#5981=CARTESIAN_POINT('',(-0.05815836782717,0.0303989738772032,-0.040766867429018));
#5982=CARTESIAN_POINT('',(-0.0585272755810479,0.0303500540338884,-0.040766867429018));
#5983=CARTESIAN_POINT('',(-0.0589174231153061,0.030290358843367,-0.040766867429018));
#5984=CARTESIAN_POINT('',(-0.0593285298761149,0.0302190016110001,-0.040766867429018));
#5985=CARTESIAN_POINT('',(-0.0597602307210818,0.030135195353436,-0.040766867429018));
#5986=CARTESIAN_POINT('',(-0.0602123610793626,0.0300378039047281,-0.040766867429018));
#5987=CARTESIAN_POINT('',(-0.0606628312131747,0.029932020638868,-0.040766867429018));
#5988=CARTESIAN_POINT('',(-0.0609660246538239,0.0298531602738372,-0.040766867429018));
#5989=CARTESIAN_POINT('',(-0.0611089151939865,0.0298157771996178,-0.040766867429018));
#5990=CARTESIAN_POINT('',(-0.0569336982351147,0.0305020835771979,-0.040766867429018));
#5991=CARTESIAN_POINT('',(-0.0569639898808901,0.0311830924817027,-0.040766867429018));
#5992=CARTESIAN_POINT('',(-0.0562965746362344,0.0310443567508339,-0.040766867429018));
#5993=CARTESIAN_POINT('',(1.00648656076174E-14,0.0193419773249678,-0.040766867429018));
#5994=CARTESIAN_POINT('',(-0.0561892665634448,0.03154920154107,-0.040766867429018));
#5995=CARTESIAN_POINT('',(-0.0568554096340097,0.031693922380471,-0.040766867429018));
#5996=CARTESIAN_POINT('',(-0.056550745562884,0.0323037342494795,-0.040766867429018));
#5997=CARTESIAN_POINT('',(-0.0560720576496094,0.0320767466962119,-0.040766867429018));
#5998=CARTESIAN_POINT('',(-0.0561418096075141,0.0321079699635628,-0.040766867429018));
#5999=CARTESIAN_POINT('',(-0.0562881450818904,0.0321752241920481,-0.040766867429018));
#6000=CARTESIAN_POINT('',(-0.0565209975501184,0.0322879102645929,-0.040766867429018));
#6001=CARTESIAN_POINT('',(-0.0567722581501377,0.0324157682683782,-0.040766867429018));
#6002=CARTESIAN_POINT('',(-0.0570408039632198,0.0325592542252971,-0.040766867429018));
#6003=CARTESIAN_POINT('',(-0.0573261024288896,0.0327191064639695,-0.040766867429018));
#6004=CARTESIAN_POINT('',(-0.0576275984125748,0.0328960476462982,-0.040766867429018));
#6005=CARTESIAN_POINT('',(-0.0579447149225694,0.033090786448364,-0.040766867429018));
#6006=CARTESIAN_POINT('',(-0.058276852208901,0.0333040080168964,-0.040766867429018));
#6007=CARTESIAN_POINT('',(-0.0586233933216919,0.0335364082762323,-0.040766867429018));
#6008=CARTESIAN_POINT('',(-0.0589836845918016,0.0337885576546468,-0.040766867429018));
#6009=CARTESIAN_POINT('',(-0.0593571135559596,0.0340614271543869,-0.040766867429018));
#6010=CARTESIAN_POINT('',(-0.0597256125700578,0.0343412876864407,-0.040766867429018));
#6011=CARTESIAN_POINT('',(-0.0599705181604055,0.0345366500969547,-0.040766867429018));
#6012=CARTESIAN_POINT('',(-0.0600858500981952,0.0346289200532336,-0.040766867429018));
#6013=CARTESIAN_POINT('',(-0.0600858500981952,0.0346289200532336,-0.040766867429018));
#6014=CARTESIAN_POINT('',(-6.93889390390723E-18,0.01934197732497,-0.040766867429018));
#6015=CARTESIAN_POINT('',(-0.0596793439571526,0.0361460216251935,-0.040766867429018));
#6016=CARTESIAN_POINT('',(-0.0549272110526483,0.0363493723629432,-0.040766867429018));
#6017=CARTESIAN_POINT('',(-0.0550032296538329,0.0363572081991805,-0.040766867429018));
#6018=CARTESIAN_POINT('',(-0.0551635870063603,0.0363721320659885,-0.040766867429018));
#6019=CARTESIAN_POINT('',(-0.055421586195452,0.0363909692986259,-0.040766867429018));
#6020=CARTESIAN_POINT('',(-0.0557031132599315,0.0364058713192804,-0.040766867429018));
#6021=CARTESIAN_POINT('',(-0.0560074237346,0.0364158817420433,-0.040766867429018));
#6022=CARTESIAN_POINT('',(-0.056334425572867,0.0364200948753362,-0.040766867429018));
#6023=CARTESIAN_POINT('',(-0.0566839993450417,0.0364176073083065,-0.040766867429018));
#6024=CARTESIAN_POINT('',(-0.0570559996996894,0.0364075168136122,-0.040766867429018));
#6025=CARTESIAN_POINT('',(-0.0574502498114628,0.0363889301617943,-0.040766867429018));
#6026=CARTESIAN_POINT('',(-0.0578665633482634,0.0363609361897586,-0.040766867429018));
#6027=CARTESIAN_POINT('',(-0.0583046594301473,0.0363227140575581,-0.040766867429018));
#6028=CARTESIAN_POINT('',(-0.0587644931494872,0.0362731166209442,-0.040766867429018));
#6029=CARTESIAN_POINT('',(-0.0592235529229926,0.0362149997977181,-0.040766867429018));
#6030=CARTESIAN_POINT('',(-0.0595333285910196,0.0361682637824422,-0.040766867429018));
#6031=CARTESIAN_POINT('',(-0.0596793439571526,0.0361460216251936,-0.040766867429018));
#6032=CARTESIAN_POINT('',(-0.0554552607226625,0.0363921393321079,-0.040766867429018));
#6033=CARTESIAN_POINT('',(-0.0554142016133734,0.0370725839377613,-0.040766867429018));
#6034=CARTESIAN_POINT('',(-0.0547649443720088,0.0368648443258571,-0.040766867429018));
#6035=CARTESIAN_POINT('',(9.78730985146115E-15,0.0193419773249668,-0.040766867429018));
#6036=CARTESIAN_POINT('',(-0.0546054534939577,0.0373557067755647,-0.040766867429018));
#6037=CARTESIAN_POINT('',(-0.0552528199161369,0.0375692657305476,-0.040766867429018));
#6038=CARTESIAN_POINT('',(-0.0548860821291206,0.0381438909191643,-0.040766867429018));
#6039=CARTESIAN_POINT('',(-0.0544337431784448,0.0378681103155043,-0.040766867429018));
#6040=CARTESIAN_POINT('',(-0.0544998493076714,0.0379064536034993,-0.040766867429018));
#6041=CARTESIAN_POINT('',(-0.0546383531598559,0.0379886356285422,-0.040766867429018));
#6042=CARTESIAN_POINT('',(-0.0548581511359044,0.038125044105663,-0.040766867429018));
#6043=CARTESIAN_POINT('',(-0.0550946705034149,0.0382784655743253,-0.040766867429018));
#6044=CARTESIAN_POINT('',(-0.0553467468278573,0.0384492361813175,-0.040766867429018));
#6045=CARTESIAN_POINT('',(-0.0556137732898226,0.0386380345428898,-0.040766867429018));
#6046=CARTESIAN_POINT('',(-0.0558951222570854,0.0388455213347641,-0.040766867429018));
#6047=CARTESIAN_POINT('',(-0.0561901458219394,0.0390723410387628,-0.040766867429018));
#6048=CARTESIAN_POINT('',(-0.0564981759025701,0.0393191123573672,-0.040766867429018));
#6049=CARTESIAN_POINT('',(-0.0568185261849146,0.0395864629137451,-0.040766867429018));
#6050=CARTESIAN_POINT('',(-0.0571504869547091,0.0398748916842751,-0.040766867429018));
#6051=CARTESIAN_POINT('',(-0.0574933476064485,0.0401853003321079,-0.040766867429018));
#6052=CARTESIAN_POINT('',(-0.0578305745530459,0.0405021463945442,-0.040766867429018));
#6053=CARTESIAN_POINT('',(-0.0580537175923935,0.040722038194337,-0.040766867429018));
#6054=CARTESIAN_POINT('',(-0.0581587728930251,0.0408258581563639,-0.040766867429018));
#6055=CARTESIAN_POINT('',(-0.0581587728930251,0.0408258581563639,-0.040766867429018));
#6056=CARTESIAN_POINT('',(-6.93889390390723E-18,0.01934197732497,-0.040766867429018));
#6057=CARTESIAN_POINT('',(-0.0575959133392186,0.0422921574249436,-0.040766867429018));
#6058=CARTESIAN_POINT('',(-0.0528485571758677,0.0419976610363234,-0.040766867429018));
#6059=CARTESIAN_POINT('',(-0.0529233402712808,0.0420134000545916,-0.040766867429018));
#6060=CARTESIAN_POINT('',(-0.0530812592005891,0.042045004074529,-0.040766867429018));
#6061=CARTESIAN_POINT('',(-0.0533358760161482,0.0420907063735952,-0.040766867429018));
#6062=CARTESIAN_POINT('',(-0.0536143031605933,0.0421349543508395,-0.040766867429018));
#6063=CARTESIAN_POINT('',(-0.053915900216533,0.0421767190417325,-0.040766867429018));
#6064=CARTESIAN_POINT('',(-0.0542406703121665,0.0422150900946801,-0.040766867429018));
#6065=CARTESIAN_POINT('',(-0.0545885891041995,0.042249156564007,-0.040766867429018));
#6066=CARTESIAN_POINT('',(-0.0549596063458855,0.0422780059715048,-0.040766867429018));
#6067=CARTESIAN_POINT('',(-0.0553536395484473,0.042300731497637,-0.040766867429018));
#6068=CARTESIAN_POINT('',(-0.0557705986430114,0.0423164074937486,-0.040766867429018));
#6069=CARTESIAN_POINT('',(-0.0562102900894617,0.0423241882565904,-0.040766867429018));
#6070=CARTESIAN_POINT('',(-0.0566727891354051,0.0423229282319649,-0.040766867429018));
#6071=CARTESIAN_POINT('',(-0.0571354089936609,0.0423131145914498,-0.040766867429018));
#6072=CARTESIAN_POINT('',(-0.0574483729220221,0.0422990149754923,-0.040766867429018));
#6073=CARTESIAN_POINT('',(-0.0575959133392186,0.0422921574249436,-0.040766867429018));
#6074=CARTESIAN_POINT('',(-0.0533692437689734,0.0420953899440919,-0.040766867429018));
#6075=CARTESIAN_POINT('',(-0.0532572837568134,0.0427678151574023,-0.040766867429018));
#6076=CARTESIAN_POINT('',(-0.052633297916942,0.0424933477031231,-0.040766867429018));
#6077=CARTESIAN_POINT('',(9.40046651631832E-15,0.0193419773249657,-0.040766867429018));
#6078=CARTESIAN_POINT('',(-0.0524233716490649,0.0429648498205835,-0.040766867429018));
#6079=CARTESIAN_POINT('',(-0.053044868740867,0.0432449070945473,-0.040766867429018));
#6080=CARTESIAN_POINT('',(-0.0526200752938994,0.0437780498889579,-0.040766867429018));
#6081=CARTESIAN_POINT('',(-0.052199041226024,0.0434564977449098,-0.040766867429018));
#6082=CARTESIAN_POINT('',(-0.0522607772539872,0.043501540956462,-0.040766867429018));
#6083=CARTESIAN_POINT('',(-0.0523899320067916,0.0435977503745983,-0.040766867429018));
#6084=CARTESIAN_POINT('',(-0.0525942673380393,0.0437563867364744,-0.040766867429018));
#6085=CARTESIAN_POINT('',(-0.0528134541173556,0.0439336907522975,-0.040766867429018));
#6086=CARTESIAN_POINT('',(-0.0530462991521973,0.0441298750108567,-0.040766867429018));
#6087=CARTESIAN_POINT('',(-0.0532921280126619,0.0443455509809711,-0.040766867429018));
#6088=CARTESIAN_POINT('',(-0.0535502474453411,0.0445813101136796,-0.040766867429018));
#6089=CARTESIAN_POINT('',(-0.0538199457251402,0.0448377256354693,-0.040766867429018));
#6090=CARTESIAN_POINT('',(-0.0541004937580473,0.0451153430259388,-0.040766867429018));
#6091=CARTESIAN_POINT('',(-0.0543911433852143,0.0454147147307164,-0.040766867429018));
#6092=CARTESIAN_POINT('',(-0.0546911366230325,0.0457362628073944,-0.040766867429018));
#6093=CARTESIAN_POINT('',(-0.0549996725093047,0.0460808097012171,-0.040766867429018));
#6094=CARTESIAN_POINT('',(-0.0553019326594051,0.0464311698622714,-0.040766867429018));
#6095=CARTESIAN_POINT('',(-0.0555008683459178,0.0466731818707692,-0.040766867429018));
#6096=CARTESIAN_POINT('',(-0.0555944960015332,0.0467874143653143,-0.040766867429018));
#6097=CARTESIAN_POINT('',(-0.0555944960015332,0.0467874143653143,-0.040766867429018));
#6098=CARTESIAN_POINT('',(-6.93889390390723E-18,0.01934197732497,-0.040766867429018));
#6099=CARTESIAN_POINT('',(-0.0548814498420203,0.0481868462488844,-0.040766867429018));
#6100=CARTESIAN_POINT('',(-0.0501908834473967,0.0473977292979556,-0.040766867429018));
#6101=CARTESIAN_POINT('',(-0.0502636116977955,0.0474211990582767,-0.040766867429018));
#6102=CARTESIAN_POINT('',(-0.0504173620110486,0.0474691369710876,-0.040766867429018));
#6103=CARTESIAN_POINT('',(-0.0506658068179619,0.0475412036126301,-0.040766867429018));
#6104=CARTESIAN_POINT('',(-0.0509380835363134,0.0476143127563662,-0.040766867429018));
#6105=CARTESIAN_POINT('',(-0.0512336628130661,0.047687374132696,-0.040766867429018));
#6106=CARTESIAN_POINT('',(-0.0515526429169359,0.0477594827040126,-0.040766867429018));
#6107=CARTESIAN_POINT('',(-0.0518950948577352,0.0478297299703291,-0.040766867429018));
#6108=CARTESIAN_POINT('',(-0.052261064043919,0.0478972031998734,-0.040766867429018));
#6109=CARTESIAN_POINT('',(-0.0526505632270453,0.0479609919183359,-0.040766867429018));
#6110=CARTESIAN_POINT('',(-0.0530635995882785,0.0480201661331008,-0.040766867429018));
#6111=CARTESIAN_POINT('',(-0.0535000690477966,0.048073864543319,-0.040766867429018));
#6112=CARTESIAN_POINT('',(-0.053960166184012,0.0481209557357755,-0.040766867429018));
#6113=CARTESIAN_POINT('',(-0.0544212775670416,0.0481595527982706,-0.040766867429018));
#6114=CARTESIAN_POINT('',(-0.054734000857446,0.0481782440599743,-0.040766867429018));
#6115=CARTESIAN_POINT('',(-0.0548814498420204,0.0481868462488845,-0.040766867429018));
#6116=CARTESIAN_POINT('',(-0.0506985022123192,0.0475493494059631,-0.040766867429018));
#6117=CARTESIAN_POINT('',(-0.0505168679546106,0.0482063879955795,-0.040766867429018));
#6118=CARTESIAN_POINT('',(-0.0499249900356716,0.0478681998217902,-0.040766867429018));
#6119=CARTESIAN_POINT('',(8.90953977261688E-15,0.0193419773249648,-0.040766867429018));
#6120=CARTESIAN_POINT('',(-0.0496669283740893,0.0483151757311364,-0.040766867429018));
#6121=CARTESIAN_POINT('',(-0.0502557468833197,0.048658662957982,-0.040766867429018));
#6122=CARTESIAN_POINT('',(-0.0497775519022995,0.0491444821341634,-0.040766867429018));
#6123=CARTESIAN_POINT('',(-0.0493924356545793,0.0487806814423066,-0.040766867429018));
#6124=CARTESIAN_POINT('',(-0.0494491251884375,0.0488319310745642,-0.040766867429018));
#6125=CARTESIAN_POINT('',(-0.0495675157953627,0.0489411137952758,-0.040766867429018));
#6126=CARTESIAN_POINT('',(-0.0497541497411606,0.0491202399887298,-0.040766867429018));
#6127=CARTESIAN_POINT('',(-0.0499536024760607,0.0493194839718131,-0.040766867429018));
#6128=CARTESIAN_POINT('',(-0.0501646651223741,0.0495389324461483,-0.040766867429018));
#6129=CARTESIAN_POINT('',(-0.0503866030288998,0.049779123033743,-0.040766867429018));
#6130=CARTESIAN_POINT('',(-0.050618664916476,0.0500405714808923,-0.040766867429018));
#6131=CARTESIAN_POINT('',(-0.0508600830404286,0.0503237734783577,-0.040766867429018));
#6132=CARTESIAN_POINT('',(-0.0511100752826551,0.0506291953064671,-0.040766867429018));
#6133=CARTESIAN_POINT('',(-0.0513678398365071,0.0509573081805992,-0.040766867429018));
#6134=CARTESIAN_POINT('',(-0.051632578753658,0.0513084526154089,-0.040766867429018));
#6135=CARTESIAN_POINT('',(-0.0519034094907275,0.0516833628273516,-0.040766867429018));
#6136=CARTESIAN_POINT('',(-0.0521673912188745,0.0520633984677819,-0.040766867429018));
#6137=CARTESIAN_POINT('',(-0.0523399399715409,0.0523248791507753,-0.040766867429018));
#6138=CARTESIAN_POINT('',(-0.0524211141779524,0.0524482726227238,-0.040766867429018));
#6139=CARTESIAN_POINT('',(-0.0524211141779524,0.0524482726227238,-0.040766867429018));
#6140=CARTESIAN_POINT('',(-6.93889390390723E-18,0.01934197732497,-0.040766867429018));
#6141=CARTESIAN_POINT('',(-0.0515656936956712,0.053765504652718,-0.040766867429018));
#6142=CARTESIAN_POINT('',(-0.0469833078967585,0.0524904128699281,-0.040766867429018));
#6143=CARTESIAN_POINT('',(-0.0470531844762123,0.0525213562326968,-0.040766867429018));
#6144=CARTESIAN_POINT('',(-0.0472010816528038,0.0525851028205768,-0.040766867429018));
#6145=CARTESIAN_POINT('',(-0.0474406324377764,0.0526827442273899,-0.040766867429018));
#6146=CARTESIAN_POINT('',(-0.0477037756093303,0.0527839135385399,-0.040766867429018));
#6147=CARTESIAN_POINT('',(-0.0479900986784861,0.0528874711245784,-0.040766867429018));
#6148=CARTESIAN_POINT('',(-0.0482997939778233,0.0529925271776669,-0.040766867429018));
#6149=CARTESIAN_POINT('',(-0.0486330270922627,0.0530981855972233,-0.040766867429018));
#6150=CARTESIAN_POINT('',(-0.0489899385879567,0.0532035433979914,-0.040766867429018));
#6151=CARTESIAN_POINT('',(-0.0493706363170892,0.0533076964262359,-0.040766867429018));
#6152=CARTESIAN_POINT('',(-0.0497752246321843,0.0534097205345743,-0.040766867429018));
#6153=CARTESIAN_POINT('',(-0.0502036900540346,0.0535087482611494,-0.040766867429018));
#6154=CARTESIAN_POINT('',(-0.0506563443600162,0.0536036747297289,-0.040766867429018));
#6155=CARTESIAN_POINT('',(-0.0511108952350134,0.0536902596177404,-0.040766867429018));
#6156=CARTESIAN_POINT('',(-0.0514199516256498,0.0537415369717308,-0.040766867429018));
#6157=CARTESIAN_POINT('',(-0.0515656936956713,0.053765504652718,-0.040766867429018));
#6158=CARTESIAN_POINT('',(-0.0474722972560832,0.0526942629965428,-0.040766867429018));
#6159=CARTESIAN_POINT('',(-0.0472229787757628,0.0533287163101831,-0.040766867429018));
#6160=CARTESIAN_POINT('',(-0.0466696935160945,0.0529305126772864,-0.040766867429018));
#6161=CARTESIAN_POINT('',(8.32320323773672E-15,0.0193419773249639,-0.040766867429018));
#6162=CARTESIAN_POINT('',(-0.0463663238383742,0.0533480652169198,-0.040766867429018));
#6163=CARTESIAN_POINT('',(-0.0469160125462277,0.0537512190787105,-0.040766867429018));
#6164=CARTESIAN_POINT('',(-0.0463896552354357,0.0541843919001043,-0.040766867429018));
#6165=CARTESIAN_POINT('',(-0.0460446762220713,0.053782328536949,-0.040766867429018));
#6166=CARTESIAN_POINT('',(-0.0460956981594286,0.0538392230882163,-0.040766867429018));
#6167=CARTESIAN_POINT('',(-0.0462020275082103,0.0539601828827671,-0.040766867429018));
#6168=CARTESIAN_POINT('',(-0.0463689152679926,0.0541578363637389,-0.040766867429018));
#6169=CARTESIAN_POINT('',(-0.0465464487125748,0.0543768373553093,-0.040766867429018));
#6170=CARTESIAN_POINT('',(-0.0467334165238392,0.0546171457220131,-0.040766867429018));
#6171=CARTESIAN_POINT('',(-0.0469290318782785,0.0548792193487474,-0.040766867429018));
#6172=CARTESIAN_POINT('',(-0.0471324937021493,0.0551634926264387,-0.040766867429018));
#6173=CARTESIAN_POINT('',(-0.0473429866427695,0.0554703782792318,-0.040766867429018));
#6174=CARTESIAN_POINT('',(-0.0475596841269953,0.0558002582795188,-0.040766867429018));
#6175=CARTESIAN_POINT('',(-0.0477817394851396,0.0561535174496944,-0.040766867429018));
#6176=CARTESIAN_POINT('',(-0.0480083235466466,0.0565304110307263,-0.040766867429018));
#6177=CARTESIAN_POINT('',(-0.0482384818562833,0.056931576966052,-0.040766867429018));
#6178=CARTESIAN_POINT('',(-0.0484612929234214,0.0573371243358542,-0.040766867429018));
#6179=CARTESIAN_POINT('',(-0.0486055642619992,0.057615208856262,-0.040766867429018));
#6180=CARTESIAN_POINT('',(-0.0486733956576146,0.0577464113809134,-0.040766867429018));
#6181=CARTESIAN_POINT('',(-0.0486733956576146,0.0577464113809134,-0.040766867429018));
#6182=CARTESIAN_POINT('',(-6.93889390390723E-18,0.01934197732497,-0.040766867429018));
#6183=CARTESIAN_POINT('',(-0.0476849730183772,0.0589670116875625,-0.040766867429018));
#6184=CARTESIAN_POINT('',(-0.043260973392914,0.0572199152453139,-0.040766867429018));
#6185=CARTESIAN_POINT('',(-0.0433272327189958,0.0572579931885725,-0.040766867429018));
#6186=CARTESIAN_POINT('',(-0.0434676563665095,0.0573368500305648,-0.040766867429018));
#6187=CARTESIAN_POINT('',(-0.043695688561012,0.0574589964229628,-0.040766867429018));
#6188=CARTESIAN_POINT('',(-0.0439468151341147,0.0575871174693828,-0.040766867429018));
#6189=CARTESIAN_POINT('',(-0.0442207449802107,0.0577200366665464,-0.040766867429018));
#6190=CARTESIAN_POINT('',(-0.0445177623885079,0.0578568891853049,-0.040766867429018));
#6191=CARTESIAN_POINT('',(-0.0448381257048522,0.0579968011423459,-0.040766867429018));
#6192=CARTESIAN_POINT('',(-0.045182069113021,0.0581388891922251,-0.040766867429018));
#6193=CARTESIAN_POINT('',(-0.0455497943841731,0.0582822654078789,-0.040766867429018));
#6194=CARTESIAN_POINT('',(-0.0459415018988845,0.0584260216123097,-0.040766867429018));
#6195=CARTESIAN_POINT('',(-0.0463572689262431,0.0585692936867466,-0.040766867429018));
#6196=CARTESIAN_POINT('',(-0.0467975210266904,0.0587110153971946,-0.040766867429018));
#6197=CARTESIAN_POINT('',(-0.0472405312391479,0.0588446394685705,-0.040766867429018));
#6198=CARTESIAN_POINT('',(-0.0475425346435262,0.0589279411094268,-0.040766867429018));
#6199=CARTESIAN_POINT('',(-0.0476849730183772,0.0589670116875625,-0.040766867429018));
#6200=CARTESIAN_POINT('',(-0.0437259758768926,0.0574737619658903,-0.040766867429018));
#6201=CARTESIAN_POINT('',(-0.0434117047594042,0.0580786788002825,-0.040766867429018));
#6202=CARTESIAN_POINT('',(-0.0429030740680938,0.0576248225106097,-0.040766867429018));
#6203=CARTESIAN_POINT('',(7.64492635862979E-15,0.0193419773249631,-0.040766867429018));
#6204=CARTESIAN_POINT('',(-0.0425577201559088,0.0580083768875276,-0.040766867429018));
#6205=CARTESIAN_POINT('',(-0.0430622565578724,0.0584667803461883,-0.040766867429018));
#6206=CARTESIAN_POINT('',(-0.0424935037981529,0.0588425608807161,-0.040766867429018));
#6207=CARTESIAN_POINT('',(-0.0421924416814064,0.0584066399366062,-0.040766867429018));
#6208=CARTESIAN_POINT('',(-0.0422372370152401,0.0584685560582736,-0.040766867429018));
#6209=CARTESIAN_POINT('',(-0.0423303401392822,0.0585999676658419,-0.040766867429018));
#6210=CARTESIAN_POINT('',(-0.042475653255829,0.0588139829014324,-0.040766867429018));
#6211=CARTESIAN_POINT('',(-0.0426293223165233,0.0590503414807973,-0.040766867429018));
#6212=CARTESIAN_POINT('',(-0.0427901468342729,0.0593088768711164,-0.040766867429018));
#6213=CARTESIAN_POINT('',(-0.0429572964338675,0.0595899622034934,-0.040766867429018));
#6214=CARTESIAN_POINT('',(-0.0431299290237134,0.0598939457542083,-0.040766867429018));
#6215=CARTESIAN_POINT('',(-0.0433071905762954,0.0602211527588971,-0.040766867429018));
#6216=CARTESIAN_POINT('',(-0.0434882191195364,0.0605718766970467,-0.040766867429018));
#6217=CARTESIAN_POINT('',(-0.0436721323970011,0.0609464117818732,-0.040766867429018));
#6218=CARTESIAN_POINT('',(-0.0438580791004705,0.0613449251841834,-0.040766867429018));
#6219=CARTESIAN_POINT('',(-0.0440450433200703,0.0617679515849554,-0.040766867429018));
#6220=CARTESIAN_POINT('',(-0.0442242425615218,0.0621945674222796,-0.040766867429018));
#6221=CARTESIAN_POINT('',(-0.0443386558190348,0.0624862090279032,-0.040766867429018));
#6222=CARTESIAN_POINT('',(-0.044392401228889,0.0626237831229417,-0.040766867429018));
#6223=CARTESIAN_POINT('',(-0.044392401228889,0.0626237831229417,-0.040766867429018));
#6224=CARTESIAN_POINT('',(-6.93889390390723E-18,0.01934197732497,-0.040766867429018));
#6225=CARTESIAN_POINT('',(-0.0432818057979717,0.063734378553859,-0.040766867429018));
#6226=CARTESIAN_POINT('',(-0.0390646626116362,0.0615344190063764,-0.040766867429018));
#6227=CARTESIAN_POINT('',(-0.0391265787333035,0.0615792143402101,-0.040766867429018));
#6228=CARTESIAN_POINT('',(-0.0392579903408719,0.0616723174642522,-0.040766867429018));
#6229=CARTESIAN_POINT('',(-0.0394720055764624,0.061817630580799,-0.040766867429018));
#6230=CARTESIAN_POINT('',(-0.0397083641558273,0.0619712996414933,-0.040766867429018));
#6231=CARTESIAN_POINT('',(-0.0399668995461464,0.0621321241592429,-0.040766867429018));
#6232=CARTESIAN_POINT('',(-0.0402479848785234,0.0622992737588375,-0.040766867429018));
#6233=CARTESIAN_POINT('',(-0.0405519684292383,0.0624719063486834,-0.040766867429018));
#6234=CARTESIAN_POINT('',(-0.0408791754339272,0.0626491679012654,-0.040766867429018));
#6235=CARTESIAN_POINT('',(-0.0412298993720767,0.0628301964445064,-0.040766867429018));
#6236=CARTESIAN_POINT('',(-0.0416044344569032,0.063014109721971,-0.040766867429018));
#6237=CARTESIAN_POINT('',(-0.0420029478592134,0.0632000564254405,-0.040766867429018));
#6238=CARTESIAN_POINT('',(-0.0424259742599854,0.0633870206450402,-0.040766867429018));
#6239=CARTESIAN_POINT('',(-0.0428525900973097,0.0635662198864919,-0.040766867429018));
#6240=CARTESIAN_POINT('',(-0.0431442317029333,0.0636806331440048,-0.040766867429018));
#6241=CARTESIAN_POINT('',(-0.0432818057979717,0.063734378553859,-0.040766867429018));
#6242=CARTESIAN_POINT('',(-0.0395005835557461,0.061835481123123,-0.040766867429018));
#6243=CARTESIAN_POINT('',(-0.0391248030212183,0.0624042338828424,-0.040766867429018));
#6244=CARTESIAN_POINT('',(-0.0386663995625576,0.0618996974808787,-0.040766867429018));
#6245=CARTESIAN_POINT('',(6.87991330572402E-15,0.0193419773249623,-0.040766867429018));
#6246=CARTESIAN_POINT('',(-0.0382828451856397,0.0622450513930638,-0.040766867429018));
#6247=CARTESIAN_POINT('',(-0.0387367014753125,0.0627536820843742,-0.040766867429018));
#6248=CARTESIAN_POINT('',(-0.0381317846409203,0.0630679532018626,-0.040766867429018));
#6249=CARTESIAN_POINT('',(-0.0378779379203439,0.0626029507178841,-0.040766867429018));
#6250=CARTESIAN_POINT('',(-0.0379160158636025,0.0626692100439657,-0.040766867429018));
#6251=CARTESIAN_POINT('',(-0.0379948727055949,0.0628096336914795,-0.040766867429018));
#6252=CARTESIAN_POINT('',(-0.0381170190979929,0.0630376658859819,-0.040766867429018));
#6253=CARTESIAN_POINT('',(-0.0382451401444128,0.0632887924590846,-0.040766867429018));
#6254=CARTESIAN_POINT('',(-0.0383780593415765,0.0635627223051807,-0.040766867429018));
#6255=CARTESIAN_POINT('',(-0.0385149118603349,0.0638597397134779,-0.040766867429018));
#6256=CARTESIAN_POINT('',(-0.0386548238173759,0.0641801030298222,-0.040766867429018));
#6257=CARTESIAN_POINT('',(-0.0387969118672551,0.064524046437991,-0.040766867429018));
#6258=CARTESIAN_POINT('',(-0.0389402880829089,0.0648917717091431,-0.040766867429018));
#6259=CARTESIAN_POINT('',(-0.0390840442873397,0.0652834792238545,-0.040766867429018));
#6260=CARTESIAN_POINT('',(-0.0392273163617767,0.0656992462512131,-0.040766867429018));
#6261=CARTESIAN_POINT('',(-0.0393690380722247,0.0661394983516604,-0.040766867429018));
#6262=CARTESIAN_POINT('',(-0.0395026621436005,0.0665825085641179,-0.040766867429018));
#6263=CARTESIAN_POINT('',(-0.0395859637844568,0.0668845119684962,-0.040766867429018));
#6264=CARTESIAN_POINT('',(-0.0396250343625925,0.0670269503433472,-0.040766867429018));
#6265=CARTESIAN_POINT('',(-0.0396250343625925,0.0670269503433472,-0.040766867429018));
#6266=CARTESIAN_POINT('',(-6.93889390390723E-18,0.01934197732497,-0.040766867429018));
#6267=CARTESIAN_POINT('',(-0.0384044340559435,0.0680153729825845,-0.040766867429018));
#6268=CARTESIAN_POINT('',(-0.0344403512119791,0.0653866535470413,-0.040766867429018));
#6269=CARTESIAN_POINT('',(-0.0344972457632464,0.0654376754843986,-0.040766867429018));
#6270=CARTESIAN_POINT('',(-0.0346182055577971,0.0655440048331803,-0.040766867429018));
#6271=CARTESIAN_POINT('',(-0.034815859038769,0.0657108925929625,-0.040766867429018));
#6272=CARTESIAN_POINT('',(-0.0350348600303394,0.0658884260375448,-0.040766867429018));
#6273=CARTESIAN_POINT('',(-0.0352751683970432,0.0660753938488091,-0.040766867429018));
#6274=CARTESIAN_POINT('',(-0.0355372420237775,0.0662710092032485,-0.040766867429018));
#6275=CARTESIAN_POINT('',(-0.0358215153014688,0.0664744710271192,-0.040766867429018));
#6276=CARTESIAN_POINT('',(-0.0361284009542619,0.0666849639677395,-0.040766867429018));
#6277=CARTESIAN_POINT('',(-0.0364582809545489,0.0669016614519652,-0.040766867429018));
#6278=CARTESIAN_POINT('',(-0.0368115401247244,0.0671237168101096,-0.040766867429018));
#6279=CARTESIAN_POINT('',(-0.0371884337057563,0.0673503008716165,-0.040766867429018));
#6280=CARTESIAN_POINT('',(-0.0375895996410821,0.0675804591812532,-0.040766867429018));
#6281=CARTESIAN_POINT('',(-0.0379951470108843,0.0678032702483914,-0.040766867429018));
#6282=CARTESIAN_POINT('',(-0.038273231531292,0.0679475415869692,-0.040766867429018));
#6283=CARTESIAN_POINT('',(-0.0384044340559435,0.0680153729825845,-0.040766867429018));
#6284=CARTESIAN_POINT('',(-0.0348424145751344,0.0657316325604057,-0.040766867429018));
#6285=CARTESIAN_POINT('',(-0.0344092417537405,0.0662579898711977,-0.040766867429018));
#6286=CARTESIAN_POINT('',(-0.0340060878919499,0.0657083011633441,-0.040766867429018));
#6287=CARTESIAN_POINT('',(6.0437765903032E-15,0.0193419773249616,-0.040766867429018));
#6288=CARTESIAN_POINT('',(-0.0335885353523164,0.0660116708410644,-0.040766867429018));
#6289=CARTESIAN_POINT('',(-0.0339867389852132,0.0665649561007328,-0.040766867429018));
#6290=CARTESIAN_POINT('',(-0.0333522856715728,0.0668142745810531,-0.040766867429018));
#6291=CARTESIAN_POINT('',(-0.0331484355449581,0.0663252852217284,-0.040766867429018));
#6292=CARTESIAN_POINT('',(-0.0331793789077268,0.0663951618011822,-0.040766867429018));
#6293=CARTESIAN_POINT('',(-0.0332431254956068,0.0665430589777738,-0.040766867429018));
#6294=CARTESIAN_POINT('',(-0.03334076690242,0.0667826097627463,-0.040766867429018));
#6295=CARTESIAN_POINT('',(-0.03344193621357,0.0670457529343003,-0.040766867429018));
#6296=CARTESIAN_POINT('',(-0.0335454937996085,0.067332076003456,-0.040766867429018));
#6297=CARTESIAN_POINT('',(-0.0336505498526969,0.0676417713027932,-0.040766867429018));
#6298=CARTESIAN_POINT('',(-0.0337562082722533,0.0679750044172327,-0.040766867429018));
#6299=CARTESIAN_POINT('',(-0.0338615660730214,0.0683319159129267,-0.040766867429018));
#6300=CARTESIAN_POINT('',(-0.033965719101266,0.0687126136420591,-0.040766867429018));
#6301=CARTESIAN_POINT('',(-0.0340677432096043,0.0691172019571543,-0.040766867429018));
#6302=CARTESIAN_POINT('',(-0.0341667709361794,0.0695456673790046,-0.040766867429018));
#6303=CARTESIAN_POINT('',(-0.0342616974047589,0.0699983216849861,-0.040766867429018));
#6304=CARTESIAN_POINT('',(-0.0343482822927704,0.0704528725599833,-0.040766867429018));
#6305=CARTESIAN_POINT('',(-0.0343995596467609,0.0707619289506197,-0.040766867429018));
#6306=CARTESIAN_POINT('',(-0.034423527327748,0.0709076710206412,-0.040766867429018));
#6307=CARTESIAN_POINT('',(-0.034423527327748,0.0709076710206412,-0.040766867429018));
#6308=CARTESIAN_POINT('',(-6.93889390390723E-18,0.01934197732497,-0.040766867429018));
#6309=CARTESIAN_POINT('',(-0.0331062952977539,0.0717630915029223,-0.040766867429018));
#6310=CARTESIAN_POINT('',(-0.0294387041173367,0.0687344129795492,-0.040766867429018));
#6311=CARTESIAN_POINT('',(-0.0294899537495943,0.0687911025134075,-0.040766867429018));
#6312=CARTESIAN_POINT('',(-0.0295991364703058,0.0689094931203327,-0.040766867429018));
#6313=CARTESIAN_POINT('',(-0.0297782626637599,0.0690961270661305,-0.040766867429018));
#6314=CARTESIAN_POINT('',(-0.0299775066468431,0.0692955798010307,-0.040766867429018));
#6315=CARTESIAN_POINT('',(-0.0301969551211783,0.0695066424473441,-0.040766867429018));
#6316=CARTESIAN_POINT('',(-0.0304371457087731,0.0697285803538697,-0.040766867429018));
#6317=CARTESIAN_POINT('',(-0.0306985941559223,0.0699606422414459,-0.040766867429018));
#6318=CARTESIAN_POINT('',(-0.0309817961533877,0.0702020603653986,-0.040766867429018));
#6319=CARTESIAN_POINT('',(-0.0312872179814971,0.070452052607625,-0.040766867429018));
#6320=CARTESIAN_POINT('',(-0.0316153308556293,0.0707098171614771,-0.040766867429018));
#6321=CARTESIAN_POINT('',(-0.0319664752904389,0.0709745560786279,-0.040766867429018));
#6322=CARTESIAN_POINT('',(-0.0323413855023817,0.0712453868156975,-0.040766867429018));
#6323=CARTESIAN_POINT('',(-0.032721421142812,0.0715093685438445,-0.040766867429018));
#6324=CARTESIAN_POINT('',(-0.0329829018258054,0.0716819172965109,-0.040766867429018));
#6325=CARTESIAN_POINT('',(-0.0331062952977539,0.0717630915029224,-0.040766867429018));
#6326=CARTESIAN_POINT('',(-0.0298025048091935,0.0691195292272695,-0.040766867429018));
#6327=CARTESIAN_POINT('',(-0.0293166856330121,0.0695977242082897,-0.040766867429018));
#6328=CARTESIAN_POINT('',(-0.0289731984061664,0.0690089056990592,-0.040766867429018));
#6329=CARTESIAN_POINT('',(5.1382509358433E-15,0.019341977324961,-0.040766867429018));
#6330=CARTESIAN_POINT('',(-0.0285262224968203,0.0692669673606415,-0.040766867429018));
#6331=CARTESIAN_POINT('',(-0.0288644106706096,0.0698588452795805,-0.040766867429018));
#6332=CARTESIAN_POINT('',(-0.0282073720809931,0.0700404795372891,-0.040766867429018));
#6333=CARTESIAN_POINT('',(-0.0280557519729856,0.0695328607723667,-0.040766867429018));
#6334=CARTESIAN_POINT('',(-0.0280792217333068,0.0696055890227655,-0.040766867429018));
#6335=CARTESIAN_POINT('',(-0.0281271596461177,0.0697593393360186,-0.040766867429018));
#6336=CARTESIAN_POINT('',(-0.0281992262876602,0.0700077841429319,-0.040766867429018));
#6337=CARTESIAN_POINT('',(-0.0282723354313963,0.0702800608612833,-0.040766867429018));
#6338=CARTESIAN_POINT('',(-0.0283453968077261,0.0705756401380361,-0.040766867429018));
#6339=CARTESIAN_POINT('',(-0.0284175053790427,0.0708946202419058,-0.040766867429018));
#6340=CARTESIAN_POINT('',(-0.0284877526453592,0.0712370721827051,-0.040766867429018));
#6341=CARTESIAN_POINT('',(-0.0285552258749035,0.071603041368889,-0.040766867429018));
#6342=CARTESIAN_POINT('',(-0.0286190145933659,0.0719925405520153,-0.040766867429018));
#6343=CARTESIAN_POINT('',(-0.0286781888081309,0.0724055769132484,-0.040766867429018));
#6344=CARTESIAN_POINT('',(-0.0287318872183491,0.0728420463727666,-0.040766867429018));
#6345=CARTESIAN_POINT('',(-0.0287789784108055,0.073302143508982,-0.040766867429018));
#6346=CARTESIAN_POINT('',(-0.0288175754733006,0.0737632548920116,-0.040766867429018));
#6347=CARTESIAN_POINT('',(-0.0288362667350044,0.074075978182416,-0.040766867429018));
#6348=CARTESIAN_POINT('',(-0.0288448689239145,0.0742234271669903,-0.040766867429018));
#6349=CARTESIAN_POINT('',(-0.0288448689239145,0.0742234271669903,-0.040766867429018));
#6350=CARTESIAN_POINT('',(-6.93889390390723E-18,0.01934197732497,-0.040766867429018));
#6351=CARTESIAN_POINT('',(-0.0274454370403443,0.0749364733265032,-0.040766867429018));
#6352=CARTESIAN_POINT('',(-0.0241145204199398,0.071541018550994,-0.040766867429018));
#6353=CARTESIAN_POINT('',(-0.024159563631492,0.0716027545789571,-0.040766867429018));
#6354=CARTESIAN_POINT('',(-0.0242557730496283,0.0717319093317616,-0.040766867429018));
#6355=CARTESIAN_POINT('',(-0.0244144094115045,0.0719362446630092,-0.040766867429018));
#6356=CARTESIAN_POINT('',(-0.0245917134273275,0.0721554314423255,-0.040766867429018));
#6357=CARTESIAN_POINT('',(-0.0247878976858867,0.0723882764771673,-0.040766867429018));
#6358=CARTESIAN_POINT('',(-0.0250035736560011,0.0726341053376319,-0.040766867429018));
#6359=CARTESIAN_POINT('',(-0.0252393327887097,0.0728922247703111,-0.040766867429018));
#6360=CARTESIAN_POINT('',(-0.0254957483104994,0.0731619230501101,-0.040766867429018));
#6361=CARTESIAN_POINT('',(-0.0257733657009688,0.0734424710830172,-0.040766867429018));
#6362=CARTESIAN_POINT('',(-0.0260727374057464,0.0737331207101843,-0.040766867429018));
#6363=CARTESIAN_POINT('',(-0.0263942854824244,0.0740331139480025,-0.040766867429018));
#6364=CARTESIAN_POINT('',(-0.0267388323762471,0.0743416498342747,-0.040766867429018));
#6365=CARTESIAN_POINT('',(-0.0270891925373014,0.0746439099843751,-0.040766867429018));
#6366=CARTESIAN_POINT('',(-0.0273312045457992,0.0748428456708878,-0.040766867429018));
#6367=CARTESIAN_POINT('',(-0.0274454370403443,0.0749364733265032,-0.040766867429018));
#6368=CARTESIAN_POINT('',(-0.0244360725639879,0.0719620526188694,-0.040766867429018));
#6369=CARTESIAN_POINT('',(-0.0239029297695774,0.072386846065837,-0.040766867429018));
#6370=CARTESIAN_POINT('',(-0.0236228724956135,0.0717653489740349,-0.040766867429018));
#6371=CARTESIAN_POINT('',(4.18415302405606E-15,0.0193419773249605,-0.040766867429018));
#6372=CARTESIAN_POINT('',(-0.0231513703781531,0.071975275241912,-0.040766867429018));
#6373=CARTESIAN_POINT('',(-0.0234258378324324,0.0725992610817833,-0.040766867429018));
#6374=CARTESIAN_POINT('',(-0.0227534126191219,0.0727112210939433,-0.040766867429018));
#6375=CARTESIAN_POINT('',(-0.0226556837113535,0.0721905345008377,-0.040766867429018));
#6376=CARTESIAN_POINT('',(-0.0226714227296216,0.0722653175962507,-0.040766867429018));
#6377=CARTESIAN_POINT('',(-0.0227030267495591,0.0724232365255591,-0.040766867429018));
#6378=CARTESIAN_POINT('',(-0.0227487290486252,0.0726778533411182,-0.040766867429018));
#6379=CARTESIAN_POINT('',(-0.0227929770258696,0.0729562804855633,-0.040766867429018));
#6380=CARTESIAN_POINT('',(-0.0228347417167626,0.0732578775415029,-0.040766867429018));
#6381=CARTESIAN_POINT('',(-0.0228731127697102,0.0735826476371364,-0.040766867429018));
#6382=CARTESIAN_POINT('',(-0.0229071792390369,0.0739305664291695,-0.040766867429018));
#6383=CARTESIAN_POINT('',(-0.0229360286465348,0.0743015836708555,-0.040766867429018));
#6384=CARTESIAN_POINT('',(-0.022958754172667,0.0746956168734173,-0.040766867429018));
#6385=CARTESIAN_POINT('',(-0.0229744301687786,0.0751125759679814,-0.040766867429018));
#6386=CARTESIAN_POINT('',(-0.0229822109316204,0.0755522674144317,-0.040766867429018));
#6387=CARTESIAN_POINT('',(-0.022980950906995,0.0760147664603751,-0.040766867429018));
#6388=CARTESIAN_POINT('',(-0.0229711372664799,0.0764773863186308,-0.040766867429018));
#6389=CARTESIAN_POINT('',(-0.0229570376505224,0.0767903502469921,-0.040766867429018));
#6390=CARTESIAN_POINT('',(-0.0229501800999737,0.0769378906641885,-0.040766867429018));
#6391=CARTESIAN_POINT('',(-0.0229501800999737,0.0769378906641886,-0.040766867429018));
#6392=CARTESIAN_POINT('',(-6.93889390390723E-18,0.01934197732497,-0.040766867429018));
#6393=CARTESIAN_POINT('',(-0.0214838808313939,0.077500750217995,-0.040766867429018));
#6394=CARTESIAN_POINT('',(-0.0185261329905343,0.0737757205034147,-0.040766867429018));
#6395=CARTESIAN_POINT('',(-0.0185644762785294,0.0738418266326414,-0.040766867429018));
#6396=CARTESIAN_POINT('',(-0.0186466583035723,0.0739803304848259,-0.040766867429018));
#6397=CARTESIAN_POINT('',(-0.018783066780693,0.0742001284608743,-0.040766867429018));
#6398=CARTESIAN_POINT('',(-0.0189364882493554,0.0744366478283848,-0.040766867429018));
#6399=CARTESIAN_POINT('',(-0.0191072588563475,0.0746887241528272,-0.040766867429018));
#6400=CARTESIAN_POINT('',(-0.0192960572179198,0.0749557506147925,-0.040766867429018));
#6401=CARTESIAN_POINT('',(-0.0195035440097941,0.0752370995820554,-0.040766867429018));
#6402=CARTESIAN_POINT('',(-0.0197303637137929,0.0755321231469093,-0.040766867429018));
#6403=CARTESIAN_POINT('',(-0.0199771350323972,0.0758401532275401,-0.040766867429018));
#6404=CARTESIAN_POINT('',(-0.0202444855887751,0.0761605035098845,-0.040766867429018));
#6405=CARTESIAN_POINT('',(-0.0205329143593052,0.076492464279679,-0.040766867429018));
#6406=CARTESIAN_POINT('',(-0.020843323007138,0.0768353249314185,-0.040766867429018));
#6407=CARTESIAN_POINT('',(-0.0211601690695742,0.0771725518780159,-0.040766867429018));
#6408=CARTESIAN_POINT('',(-0.021380060869367,0.0773956949173635,-0.040766867429018));
#6409=CARTESIAN_POINT('',(-0.0214838808313939,0.0775007502179951,-0.040766867429018));
#6410=CARTESIAN_POINT('',(-0.0188019135941944,0.0742280594540906,-0.040766867429018));
#6411=CARTESIAN_POINT('',(-0.0182272884055776,0.0745947972411069,-0.040766867429018));
#6412=CARTESIAN_POINT('',(-0.0180137294505948,0.0739474308189276,-0.040766867429018));
#6413=CARTESIAN_POINT('',(3.17107451408561E-15,0.0193419773249602,-0.040766867429018));
#6414=CARTESIAN_POINT('',(-0.0175228670008872,0.0741069216969787,-0.040766867429018));
#6415=CARTESIAN_POINT('',(-0.0177306066127914,0.0747561789383434,-0.040766867429018));
#6416=CARTESIAN_POINT('',(-0.017050162007138,0.0747972380476324,-0.040766867429018));
#6417=CARTESIAN_POINT('',(-0.0170073950379733,0.0742691883776183,-0.040766867429018));
#6418=CARTESIAN_POINT('',(-0.0170152308742105,0.0743452069788029,-0.040766867429018));
#6419=CARTESIAN_POINT('',(-0.0170301547410185,0.0745055643313303,-0.040766867429018));
#6420=CARTESIAN_POINT('',(-0.017048991973656,0.074763563520422,-0.040766867429018));
#6421=CARTESIAN_POINT('',(-0.0170638939943105,0.0750450905849015,-0.040766867429018));
#6422=CARTESIAN_POINT('',(-0.0170739044170734,0.07534940105957,-0.040766867429018));
#6423=CARTESIAN_POINT('',(-0.0170781175503662,0.0756764028978369,-0.040766867429018));
#6424=CARTESIAN_POINT('',(-0.0170756299833364,0.0760259766700116,-0.040766867429018));
#6425=CARTESIAN_POINT('',(-0.0170655394886423,0.0763979770246593,-0.040766867429018));
#6426=CARTESIAN_POINT('',(-0.0170469528368242,0.0767922271364327,-0.040766867429018));
#6427=CARTESIAN_POINT('',(-0.0170189588647887,0.0772085406732333,-0.040766867429018));
#6428=CARTESIAN_POINT('',(-0.0169807367325881,0.0776466367551173,-0.040766867429018));
#6429=CARTESIAN_POINT('',(-0.0169311392959742,0.0781064704744571,-0.040766867429018));
#6430=CARTESIAN_POINT('',(-0.0168730224727481,0.0785655302479625,-0.040766867429018));
#6431=CARTESIAN_POINT('',(-0.0168262864574722,0.0788753059159895,-0.040766867429018));
#6432=CARTESIAN_POINT('',(-0.0168040443002236,0.0790213212821226,-0.040766867429018));
#6433=CARTESIAN_POINT('',(-0.0168040443002236,0.0790213212821226,-0.040766867429018));
#6434=CARTESIAN_POINT('',(-6.93889390390723E-18,0.01934197732497,-0.040766867429018));
#6435=CARTESIAN_POINT('',(-0.0152869427282637,0.0794278274231652,-0.040766867429018));
#6436=CARTESIAN_POINT('',(-0.0127347693712419,0.0754140349745794,-0.040766867429018));
#6437=CARTESIAN_POINT('',(-0.0127659926385928,0.0754837869324841,-0.040766867429018));
#6438=CARTESIAN_POINT('',(-0.0128332468670781,0.0756301224068604,-0.040766867429018));
#6439=CARTESIAN_POINT('',(-0.0129459329396229,0.0758629748750883,-0.040766867429018));
#6440=CARTESIAN_POINT('',(-0.0130737909434082,0.0761142354751077,-0.040766867429018));
#6441=CARTESIAN_POINT('',(-0.0132172769003272,0.0763827812881898,-0.040766867429018));
#6442=CARTESIAN_POINT('',(-0.0133771291389995,0.0766680797538596,-0.040766867429018));
#6443=CARTESIAN_POINT('',(-0.0135540703213282,0.0769695757375447,-0.040766867429018));
#6444=CARTESIAN_POINT('',(-0.013748809123394,0.0772866922475394,-0.040766867429018));
#6445=CARTESIAN_POINT('',(-0.0139620306919264,0.077618829533871,-0.040766867429018));
#6446=CARTESIAN_POINT('',(-0.0141944309512623,0.0779653706466619,-0.040766867429018));
#6447=CARTESIAN_POINT('',(-0.0144465803296768,0.0783256619167715,-0.040766867429018));
#6448=CARTESIAN_POINT('',(-0.014719449829417,0.0786990908809296,-0.040766867429018));
#6449=CARTESIAN_POINT('',(-0.0149993103614707,0.0790675898950277,-0.040766867429018));
#6450=CARTESIAN_POINT('',(-0.0151946727719847,0.0793124954853755,-0.040766867429018));
#6451=CARTESIAN_POINT('',(-0.0152869427282637,0.0794278274231652,-0.040766867429018));
#6452=CARTESIAN_POINT('',(-0.0129617569245095,0.075892722887854,-0.040766867429018));
#6453=CARTESIAN_POINT('',(-0.012351945055501,0.0761973869589796,-0.040766867429018));
#6454=CARTESIAN_POINT('',(-0.0122072242161001,0.0755312438884148,-0.040766867429018));
#6455=CARTESIAN_POINT('',(2.13024042849952E-15,0.0193419773249599,-0.040766867429018));
#6456=CARTESIAN_POINT('',(-0.0117023794258639,0.0756385519612044,-0.040766867429018));
#6457=CARTESIAN_POINT('',(-0.0118411151567327,0.0763059672058601,-0.040766867429018));
#6458=CARTESIAN_POINT('',(-0.011160106252228,0.0762756755600846,-0.040766867429018));
#6459=CARTESIAN_POINT('',(-0.0111727697855307,0.0757460482358482,-0.040766867429018));
#6460=CARTESIAN_POINT('',(-0.0111726165886757,0.0758224694671019,-0.040766867429018));
#6461=CARTESIAN_POINT('',(-0.0111706967933464,0.0759835083341371,-0.040766867429018));
#6462=CARTESIAN_POINT('',(-0.0111624625748925,0.0762420632036558,-0.040766867429018));
#6463=CARTESIAN_POINT('',(-0.0111478553693002,0.0765236057187381,-0.040766867429018));
#6464=CARTESIAN_POINT('',(-0.0111260018476465,0.0768272955228939,-0.040766867429018));
#6465=CARTESIAN_POINT('',(-0.0110960109013147,0.0771529464032247,-0.040766867429018));
#6466=CARTESIAN_POINT('',(-0.0110569965522332,0.07750034515214,-0.040766867429018));
#6467=CARTESIAN_POINT('',(-0.0110080767089184,0.0778692529060179,-0.040766867429018));
#6468=CARTESIAN_POINT('',(-0.0109483815183971,0.0782594004402761,-0.040766867429018));
#6469=CARTESIAN_POINT('',(-0.0108770242860301,0.0786705072010849,-0.040766867429018));
#6470=CARTESIAN_POINT('',(-0.010793218028466,0.0791022080460518,-0.040766867429018));
#6471=CARTESIAN_POINT('',(-0.0106958265797581,0.0795543384043326,-0.040766867429018));
#6472=CARTESIAN_POINT('',(-0.010590043313898,0.0800048085381447,-0.040766867429018));
#6473=CARTESIAN_POINT('',(-0.0105111829488673,0.0803080019787938,-0.040766867429018));
#6474=CARTESIAN_POINT('',(-0.0104737998746479,0.0804508925189564,-0.040766867429018));
#6475=CARTESIAN_POINT('',(-0.0104737998746479,0.0804508925189564,-0.040766867429018));
#6476=CARTESIAN_POINT('',(-6.93889390390723E-18,0.01934197732497,-0.040766867429018));
#6477=CARTESIAN_POINT('',(-0.00892251768160403,0.0806965914808871,-0.040766867429018));
#6478=CARTESIAN_POINT('',(-0.0068038809537964,0.0764380122483025,-0.040766867429018));
#6479=CARTESIAN_POINT('',(-0.00682764211185212,0.0765106458178379,-0.040766867429018));
#6480=CARTESIAN_POINT('',(-0.00687923169237876,0.0766632096323261,-0.040766867429018));
#6481=CARTESIAN_POINT('',(-0.00696696074815567,0.0769065654123641,-0.040766867429018));
#6482=CARTESIAN_POINT('',(-0.0070678544480185,0.0771698143811789,-0.040766867429018));
#6483=CARTESIAN_POINT('',(-0.00718248369269378,0.0774518874387757,-0.040766867429018));
#6484=CARTESIAN_POINT('',(-0.00731163843388795,0.0777523321184576,-0.040766867429018));
#6485=CARTESIAN_POINT('',(-0.00745609540205027,0.0780706718654757,-0.040766867429018));
#6486=CARTESIAN_POINT('',(-0.00761661970311594,0.0784064069257667,-0.040766867429018));
#6487=CARTESIAN_POINT('',(-0.00779395542145202,0.0787590124521858,-0.040766867429018));
#6488=CARTESIAN_POINT('',(-0.00798885915787178,0.0791279476184731,-0.040766867429018));
#6489=CARTESIAN_POINT('',(-0.00820196654281517,0.0795126219623467,-0.040766867429018));
#6490=CARTESIAN_POINT('',(-0.00843430727912187,0.079912527873047,-0.040766867429018));
#6491=CARTESIAN_POINT('',(-0.00867411607023941,0.0803082616023341,-0.040766867429018));
#6492=CARTESIAN_POINT('',(-0.00884280866002286,0.0805722465067843,-0.040766867429018));
#6493=CARTESIAN_POINT('',(-0.00892251768160402,0.0806965914808871,-0.040766867429018));
#6494=CARTESIAN_POINT('',(-0.00697958853353769,0.0769378045192263,-0.040766867429018));
#6495=CARTESIAN_POINT('',(-0.00634127121058567,0.0771770569111429,-0.040766867429018));
#6496=CARTESIAN_POINT('',(-0.00626697407856788,0.0764994355950729,-0.040766867429018));
#6497=CARTESIAN_POINT('',(1.06512021424976E-15,0.0193419773249597,-0.040766867429018));
#6498=CARTESIAN_POINT('',(-0.00575367813297049,0.0765533851728999,-0.040766867429018));
#6499=CARTESIAN_POINT('',(-0.00582188996510415,0.0772316460797606,-0.040766867429018));
#6500=CARTESIAN_POINT('',(-0.00514777803781624,0.0771303355605307,-0.040766867429018));
#6501=CARTESIAN_POINT('',(-0.00521573332926552,0.0766049332898679,-0.040766867429018));
#6502=CARTESIAN_POINT('',(-0.00520759277777489,0.0766809198641888,-0.040766867429018));
#6503=CARTESIAN_POINT('',(-0.00518885035398774,0.0768408758702051,-0.040766867429018));
#6504=CARTESIAN_POINT('',(-0.00515363490026289,0.0770971536388944,-0.040766867429018));
#6505=CARTESIAN_POINT('',(-0.00510967850802521,0.0773756269658675,-0.040766867429018));
#6506=CARTESIAN_POINT('',(-0.00505620047371125,0.0776753688104651,-0.040766867429018));
#6507=CARTESIAN_POINT('',(-0.00499233403483864,0.077996100833668,-0.040766867429018));
#6508=CARTESIAN_POINT('',(-0.00491722035307842,0.078337518385933,-0.040766867429018));
#6509=CARTESIAN_POINT('',(-0.00483000713718346,0.0786992917084907,-0.040766867429018));
#6510=CARTESIAN_POINT('',(-0.0047298574409581,0.0790810621272048,-0.040766867429018));
#6511=CARTESIAN_POINT('',(-0.00461591875302998,0.0794824579403207,-0.040766867429018));
#6512=CARTESIAN_POINT('',(-0.00448744656899793,0.0799030337435738,-0.040766867429018));
#6513=CARTESIAN_POINT('',(-0.00434332814928852,0.080342507105976,-0.040766867429018));
#6514=CARTESIAN_POINT('',(-0.00419103742439172,0.0807794521550418,-0.040766867429018));
#6515=CARTESIAN_POINT('',(-0.00408091672026808,0.08107274151753,-0.040766867429018));
#6516=CARTESIAN_POINT('',(-0.00402880230586203,0.0812109416930623,-0.040766867429018));
#6517=CARTESIAN_POINT('',(-0.00402880230586203,0.0812109416930623,-0.040766867429018));
#6518=CARTESIAN_POINT('',(-6.93889390390723E-18,0.01934197732497,-0.040766867429018));
#6519=CARTESIAN_POINT('',(-0.00246033566406796,0.0812931415466383,-0.040766867429018));
#6520=CARTESIAN_POINT('',(-0.000798447792817479,0.0768364334152922,-0.040766867429018));
#6521=CARTESIAN_POINT('',(-0.000814486509358017,0.0769111528078709,-0.040766867429018));
#6522=CARTESIAN_POINT('',(-0.000849846215685925,0.0770682734413934,-0.040766867429018));
#6523=CARTESIAN_POINT('',(-0.000911657076801378,0.0773194662763899,-0.040766867429018));
#6524=CARTESIAN_POINT('',(-0.000984481060252677,0.0775918194032094,-0.040766867429018));
#6525=CARTESIAN_POINT('',(-0.00106899769069196,0.0778843292538743,-0.040766867429018));
#6526=CARTESIAN_POINT('',(-0.0011660398880361,0.0781966284127856,-0.040766867429018));
#6527=CARTESIAN_POINT('',(-0.00127642994125923,0.0785283241262514,-0.040766867429018));
#6528=CARTESIAN_POINT('',(-0.00140098100349043,0.0788789993532611,-0.040766867429018));
#6529=CARTESIAN_POINT('',(-0.00154048794439026,0.0792482098998329,-0.040766867429018));
#6530=CARTESIAN_POINT('',(-0.00169575975177138,0.07963549698873,-0.040766867429018));
#6531=CARTESIAN_POINT('',(-0.00186749029413865,0.0800403398337579,-0.040766867429018));
#6532=CARTESIAN_POINT('',(-0.00205675669328451,0.0804623412381571,-0.040766867429018));
#6533=CARTESIAN_POINT('',(-0.00225388634816714,0.0808809739410825,-0.040766867429018));
#6534=CARTESIAN_POINT('',(-0.00239406088590512,0.0811611458857797,-0.040766867429018));
#6535=CARTESIAN_POINT('',(-0.00246033566406795,0.0812931415466383,-0.040766867429018));
#6536=CARTESIAN_POINT('',(-0.000920950310019653,0.0773518542151565,-0.040766867429018));
#6537=CARTESIAN_POINT('',(-0.000261121071290855,0.0775230736285915,-0.040766867429018));
#6538=CARTESIAN_POINT('',(-0.000258061661582289,0.0768413982279566,-0.040766867429018));
#6539=CARTESIAN_POINT('',(-1.04083408558608E-17,0.0193419773249597,-0.040766867429018));
#6540=CARTESIAN_POINT('',(0.000258061661582261,0.0768413982279566,-0.040766867429018));
#6541=CARTESIAN_POINT('',(0.000261121071290827,0.0775230736285915,-0.040766867429018));
#6542=CARTESIAN_POINT('',(0.000920950310019614,0.0773518542151565,-0.040766867429018));
#6543=CARTESIAN_POINT('',(0.000798447792817451,0.0768364334152922,-0.040766867429018));
#6544=CARTESIAN_POINT('',(0.000814486509357993,0.0769111528078709,-0.040766867429018));
#6545=CARTESIAN_POINT('',(0.000849846215685898,0.0770682734413934,-0.040766867429018));
#6546=CARTESIAN_POINT('',(0.00091165707680135,0.0773194662763899,-0.040766867429018));
#6547=CARTESIAN_POINT('',(0.000984481060252649,0.0775918194032094,-0.040766867429018));
#6548=CARTESIAN_POINT('',(0.00106899769069194,0.0778843292538743,-0.040766867429018));
#6549=CARTESIAN_POINT('',(0.00116603988803607,0.0781966284127857,-0.040766867429018));
#6550=CARTESIAN_POINT('',(0.0012764299412592,0.0785283241262514,-0.040766867429018));
#6551=CARTESIAN_POINT('',(0.0014009810034904,0.0788789993532611,-0.040766867429018));
#6552=CARTESIAN_POINT('',(0.00154048794439023,0.0792482098998329,-0.040766867429018));
#6553=CARTESIAN_POINT('',(0.00169575975177136,0.07963549698873,-0.040766867429018));
#6554=CARTESIAN_POINT('',(0.00186749029413863,0.0800403398337579,-0.040766867429018));
#6555=CARTESIAN_POINT('',(0.00205675669328448,0.0804623412381572,-0.040766867429018));
#6556=CARTESIAN_POINT('',(0.00225388634816711,0.0808809739410825,-0.040766867429018));
#6557=CARTESIAN_POINT('',(0.00239406088590508,0.0811611458857797,-0.040766867429018));
#6558=CARTESIAN_POINT('',(0.00246033566406791,0.0812931415466383,-0.040766867429018));
#6559=CARTESIAN_POINT('',(0.00246033566406791,0.0812931415466383,-0.040766867429018));
#6560=CARTESIAN_POINT('',(-6.93889390390723E-18,0.01934197732497,-0.040766867429018));
#6561=CARTESIAN_POINT('',(0.00402880230586198,0.0812109416930623,-0.040766867429018));
#6562=CARTESIAN_POINT('',(0.00521573332926549,0.0766049332898679,-0.040766867429018));
#6563=CARTESIAN_POINT('',(0.00520759277777487,0.0766809198641888,-0.040766867429018));
#6564=CARTESIAN_POINT('',(0.00518885035398771,0.0768408758702051,-0.040766867429018));
#6565=CARTESIAN_POINT('',(0.00515363490026286,0.0770971536388944,-0.040766867429018));
#6566=CARTESIAN_POINT('',(0.00510967850802518,0.0773756269658675,-0.040766867429018));
#6567=CARTESIAN_POINT('',(0.00505620047371122,0.0776753688104651,-0.040766867429018));
#6568=CARTESIAN_POINT('',(0.00499233403483862,0.077996100833668,-0.040766867429018));
#6569=CARTESIAN_POINT('',(0.00491722035307839,0.078337518385933,-0.040766867429018));
#6570=CARTESIAN_POINT('',(0.00483000713718343,0.0786992917084907,-0.040766867429018));
#6571=CARTESIAN_POINT('',(0.00472985744095808,0.0790810621272048,-0.040766867429018));
#6572=CARTESIAN_POINT('',(0.00461591875302995,0.0794824579403207,-0.040766867429018));
#6573=CARTESIAN_POINT('',(0.0044874465689979,0.0799030337435738,-0.040766867429018));
#6574=CARTESIAN_POINT('',(0.00434332814928849,0.080342507105976,-0.040766867429018));
#6575=CARTESIAN_POINT('',(0.00419103742439169,0.0807794521550418,-0.040766867429018));
#6576=CARTESIAN_POINT('',(0.00408091672026805,0.0810727415175301,-0.040766867429018));
#6577=CARTESIAN_POINT('',(0.004028802305862,0.0812109416930624,-0.040766867429018));
#6578=CARTESIAN_POINT('',(0.0051477780378162,0.0771303355605307,-0.040766867429018));
#6579=CARTESIAN_POINT('',(0.00582188996510412,0.0772316460797606,-0.040766867429018));
#6580=CARTESIAN_POINT('',(0.00575367813297046,0.0765533851728999,-0.040766867429018));
#6581=CARTESIAN_POINT('',(-1.08593689596148E-15,0.0193419773249597,-0.040766867429018));
#6582=CARTESIAN_POINT('',(0.00626697407856785,0.0764994355950729,-0.040766867429018));
#6583=CARTESIAN_POINT('',(0.00634127121058564,0.0771770569111429,-0.040766867429018));
#6584=CARTESIAN_POINT('',(0.00697958853353765,0.0769378045192262,-0.040766867429018));
#6585=CARTESIAN_POINT('',(0.00680388095379637,0.0764380122483025,-0.040766867429018));
#6586=CARTESIAN_POINT('',(0.00682764211185209,0.0765106458178379,-0.040766867429018));
#6587=CARTESIAN_POINT('',(0.00687923169237873,0.0766632096323261,-0.040766867429018));
#6588=CARTESIAN_POINT('',(0.00696696074815564,0.0769065654123641,-0.040766867429018));
#6589=CARTESIAN_POINT('',(0.00706785444801847,0.0771698143811789,-0.040766867429018));
#6590=CARTESIAN_POINT('',(0.00718248369269376,0.0774518874387757,-0.040766867429018));
#6591=CARTESIAN_POINT('',(0.00731163843388792,0.0777523321184576,-0.040766867429018));
#6592=CARTESIAN_POINT('',(0.00745609540205024,0.0780706718654757,-0.040766867429018));
#6593=CARTESIAN_POINT('',(0.00761661970311591,0.0784064069257667,-0.040766867429018));
#6594=CARTESIAN_POINT('',(0.007793955421452,0.0787590124521858,-0.040766867429018));
#6595=CARTESIAN_POINT('',(0.00798885915787175,0.0791279476184731,-0.040766867429018));
#6596=CARTESIAN_POINT('',(0.00820196654281514,0.0795126219623467,-0.040766867429018));
#6597=CARTESIAN_POINT('',(0.00843430727912184,0.079912527873047,-0.040766867429018));
#6598=CARTESIAN_POINT('',(0.00867411607023938,0.0803082616023341,-0.040766867429018));
#6599=CARTESIAN_POINT('',(0.00884280866002282,0.0805722465067843,-0.040766867429018));
#6600=CARTESIAN_POINT('',(0.00892251768160398,0.0806965914808871,-0.040766867429018));
#6601=CARTESIAN_POINT('',(0.00892251768160399,0.0806965914808871,-0.040766867429018));
#6602=CARTESIAN_POINT('',(-6.93889390390723E-18,0.01934197732497,-0.040766867429018));
#6603=CARTESIAN_POINT('',(0.0104737998746479,0.0804508925189564,-0.040766867429018));
#6604=CARTESIAN_POINT('',(0.0111727697855307,0.0757460482358482,-0.040766867429018));
#6605=CARTESIAN_POINT('',(0.0111726165886756,0.0758224694671018,-0.040766867429018));
#6606=CARTESIAN_POINT('',(0.0111706967933464,0.0759835083341371,-0.040766867429018));
#6607=CARTESIAN_POINT('',(0.0111624625748924,0.0762420632036558,-0.040766867429018));
#6608=CARTESIAN_POINT('',(0.0111478553693002,0.0765236057187381,-0.040766867429018));
#6609=CARTESIAN_POINT('',(0.0111260018476465,0.0768272955228939,-0.040766867429018));
#6610=CARTESIAN_POINT('',(0.0110960109013146,0.0771529464032247,-0.040766867429018));
#6611=CARTESIAN_POINT('',(0.0110569965522332,0.07750034515214,-0.040766867429018));
#6612=CARTESIAN_POINT('',(0.0110080767089184,0.0778692529060179,-0.040766867429018));
#6613=CARTESIAN_POINT('',(0.010948381518397,0.0782594004402761,-0.040766867429018));
#6614=CARTESIAN_POINT('',(0.01087702428603,0.0786705072010849,-0.040766867429018));
#6615=CARTESIAN_POINT('',(0.010793218028466,0.0791022080460518,-0.040766867429018));
#6616=CARTESIAN_POINT('',(0.0106958265797581,0.0795543384043326,-0.040766867429018));
#6617=CARTESIAN_POINT('',(0.010590043313898,0.0800048085381447,-0.040766867429018));
#6618=CARTESIAN_POINT('',(0.0105111829488673,0.0803080019787939,-0.040766867429018));
#6619=CARTESIAN_POINT('',(0.0104737998746479,0.0804508925189564,-0.040766867429018));
#6620=CARTESIAN_POINT('',(0.011160106252228,0.0762756755600847,-0.040766867429018));
#6621=CARTESIAN_POINT('',(0.0118411151567327,0.0763059672058601,-0.040766867429018));
#6622=CARTESIAN_POINT('',(0.0117023794258639,0.0756385519612044,-0.040766867429018));
#6623=CARTESIAN_POINT('',(-2.15105711021124E-15,0.0193419773249599,-0.040766867429018));
#6624=CARTESIAN_POINT('',(0.0122072242161,0.0755312438884148,-0.040766867429018));
#6625=CARTESIAN_POINT('',(0.012351945055501,0.0761973869589796,-0.040766867429018));
#6626=CARTESIAN_POINT('',(0.0129617569245095,0.075892722887854,-0.040766867429018));
#6627=CARTESIAN_POINT('',(0.0127347693712419,0.0754140349745794,-0.040766867429018));
#6628=CARTESIAN_POINT('',(0.0127659926385928,0.0754837869324841,-0.040766867429018));
#6629=CARTESIAN_POINT('',(0.0128332468670781,0.0756301224068604,-0.040766867429018));
#6630=CARTESIAN_POINT('',(0.0129459329396229,0.0758629748750883,-0.040766867429018));
#6631=CARTESIAN_POINT('',(0.0130737909434082,0.0761142354751077,-0.040766867429018));
#6632=CARTESIAN_POINT('',(0.0132172769003271,0.0763827812881898,-0.040766867429018));
#6633=CARTESIAN_POINT('',(0.0133771291389994,0.0766680797538596,-0.040766867429018));
#6634=CARTESIAN_POINT('',(0.0135540703213282,0.0769695757375447,-0.040766867429018));
#6635=CARTESIAN_POINT('',(0.013748809123394,0.0772866922475394,-0.040766867429018));
#6636=CARTESIAN_POINT('',(0.0139620306919264,0.077618829533871,-0.040766867429018));
#6637=CARTESIAN_POINT('',(0.0141944309512623,0.0779653706466619,-0.040766867429018));
#6638=CARTESIAN_POINT('',(0.0144465803296768,0.0783256619167715,-0.040766867429018));
#6639=CARTESIAN_POINT('',(0.0147194498294169,0.0786990908809296,-0.040766867429018));
#6640=CARTESIAN_POINT('',(0.0149993103614707,0.0790675898950277,-0.040766867429018));
#6641=CARTESIAN_POINT('',(0.0151946727719847,0.0793124954853755,-0.040766867429018));
#6642=CARTESIAN_POINT('',(0.0152869427282636,0.0794278274231652,-0.040766867429018));
#6643=CARTESIAN_POINT('',(0.0152869427282636,0.0794278274231652,-0.040766867429018));
#6644=CARTESIAN_POINT('',(-6.93889390390723E-18,0.01934197732497,-0.040766867429018));
#6645=CARTESIAN_POINT('',(0.0168040443002235,0.0790213212821226,-0.040766867429018));
#6646=CARTESIAN_POINT('',(0.0170073950379732,0.0742691883776183,-0.040766867429018));
#6647=CARTESIAN_POINT('',(0.0170152308742105,0.0743452069788029,-0.040766867429018));
#6648=CARTESIAN_POINT('',(0.0170301547410185,0.0745055643313303,-0.040766867429018));
#6649=CARTESIAN_POINT('',(0.017048991973656,0.074763563520422,-0.040766867429018));
#6650=CARTESIAN_POINT('',(0.0170638939943104,0.0750450905849015,-0.040766867429018));
#6651=CARTESIAN_POINT('',(0.0170739044170733,0.07534940105957,-0.040766867429018));
#6652=CARTESIAN_POINT('',(0.0170781175503662,0.0756764028978369,-0.040766867429018));
#6653=CARTESIAN_POINT('',(0.0170756299833364,0.0760259766700116,-0.040766867429018));
#6654=CARTESIAN_POINT('',(0.0170655394886422,0.0763979770246594,-0.040766867429018));
#6655=CARTESIAN_POINT('',(0.0170469528368242,0.0767922271364327,-0.040766867429018));
#6656=CARTESIAN_POINT('',(0.0170189588647887,0.0772085406732333,-0.040766867429018));
#6657=CARTESIAN_POINT('',(0.0169807367325881,0.0776466367551173,-0.040766867429018));
#6658=CARTESIAN_POINT('',(0.0169311392959742,0.0781064704744571,-0.040766867429018));
#6659=CARTESIAN_POINT('',(0.0168730224727481,0.0785655302479625,-0.040766867429018));
#6660=CARTESIAN_POINT('',(0.0168262864574722,0.0788753059159895,-0.040766867429018));
#6661=CARTESIAN_POINT('',(0.0168040443002236,0.0790213212821226,-0.040766867429018));
#6662=CARTESIAN_POINT('',(0.017050162007138,0.0747972380476325,-0.040766867429018));
#6663=CARTESIAN_POINT('',(0.0177306066127914,0.0747561789383434,-0.040766867429018));
#6664=CARTESIAN_POINT('',(0.0175228670008872,0.0741069216969788,-0.040766867429018));
#6665=CARTESIAN_POINT('',(-3.19189119579733E-15,0.0193419773249602,-0.040766867429018));
#6666=CARTESIAN_POINT('',(0.0180137294505948,0.0739474308189276,-0.040766867429018));
#6667=CARTESIAN_POINT('',(0.0182272884055776,0.0745947972411069,-0.040766867429018));
#6668=CARTESIAN_POINT('',(0.0188019135941943,0.0742280594540905,-0.040766867429018));
#6669=CARTESIAN_POINT('',(0.0185261329905343,0.0737757205034147,-0.040766867429018));
#6670=CARTESIAN_POINT('',(0.0185644762785294,0.0738418266326414,-0.040766867429018));
#6671=CARTESIAN_POINT('',(0.0186466583035722,0.0739803304848259,-0.040766867429018));
#6672=CARTESIAN_POINT('',(0.018783066780693,0.0742001284608743,-0.040766867429018));
#6673=CARTESIAN_POINT('',(0.0189364882493553,0.0744366478283848,-0.040766867429018));
#6674=CARTESIAN_POINT('',(0.0191072588563474,0.0746887241528272,-0.040766867429018));
#6675=CARTESIAN_POINT('',(0.0192960572179198,0.0749557506147925,-0.040766867429018));
#6676=CARTESIAN_POINT('',(0.0195035440097941,0.0752370995820554,-0.040766867429018));
#6677=CARTESIAN_POINT('',(0.0197303637137929,0.0755321231469093,-0.040766867429018));
#6678=CARTESIAN_POINT('',(0.0199771350323972,0.0758401532275401,-0.040766867429018));
#6679=CARTESIAN_POINT('',(0.0202444855887751,0.0761605035098845,-0.040766867429018));
#6680=CARTESIAN_POINT('',(0.0205329143593052,0.076492464279679,-0.040766867429018));
#6681=CARTESIAN_POINT('',(0.020843323007138,0.0768353249314185,-0.040766867429018));
#6682=CARTESIAN_POINT('',(0.0211601690695742,0.0771725518780159,-0.040766867429018));
#6683=CARTESIAN_POINT('',(0.021380060869367,0.0773956949173635,-0.040766867429018));
#6684=CARTESIAN_POINT('',(0.0214838808313938,0.077500750217995,-0.040766867429018));
#6685=CARTESIAN_POINT('',(0.0214838808313938,0.077500750217995,-0.040766867429018));
#6686=CARTESIAN_POINT('',(-6.93889390390723E-18,0.01934197732497,-0.040766867429018));
#6687=CARTESIAN_POINT('',(0.0229501800999736,0.0769378906641886,-0.040766867429018));
#6688=CARTESIAN_POINT('',(0.0226556837113534,0.0721905345008377,-0.040766867429018));
#6689=CARTESIAN_POINT('',(0.0226714227296216,0.0722653175962507,-0.040766867429018));
#6690=CARTESIAN_POINT('',(0.022703026749559,0.0724232365255591,-0.040766867429018));
#6691=CARTESIAN_POINT('',(0.0227487290486252,0.0726778533411182,-0.040766867429018));
#6692=CARTESIAN_POINT('',(0.0227929770258695,0.0729562804855633,-0.040766867429018));
#6693=CARTESIAN_POINT('',(0.0228347417167626,0.0732578775415029,-0.040766867429018));
#6694=CARTESIAN_POINT('',(0.0228731127697102,0.0735826476371364,-0.040766867429018));
#6695=CARTESIAN_POINT('',(0.0229071792390369,0.0739305664291695,-0.040766867429018));
#6696=CARTESIAN_POINT('',(0.0229360286465348,0.0743015836708555,-0.040766867429018));
#6697=CARTESIAN_POINT('',(0.022958754172667,0.0746956168734173,-0.040766867429018));
#6698=CARTESIAN_POINT('',(0.0229744301687786,0.0751125759679813,-0.040766867429018));
#6699=CARTESIAN_POINT('',(0.0229822109316203,0.0755522674144317,-0.040766867429018));
#6700=CARTESIAN_POINT('',(0.022980950906995,0.0760147664603751,-0.040766867429018));
#6701=CARTESIAN_POINT('',(0.0229711372664798,0.0764773863186308,-0.040766867429018));
#6702=CARTESIAN_POINT('',(0.0229570376505223,0.0767903502469921,-0.040766867429018));
#6703=CARTESIAN_POINT('',(0.0229501800999736,0.0769378906641886,-0.040766867429018));
#6704=CARTESIAN_POINT('',(0.0227534126191219,0.0727112210939434,-0.040766867429018));
#6705=CARTESIAN_POINT('',(0.0234258378324323,0.0725992610817833,-0.040766867429018));
#6706=CARTESIAN_POINT('',(0.0231513703781531,0.071975275241912,-0.040766867429018));
#6707=CARTESIAN_POINT('',(-4.20150025881583E-15,0.0193419773249605,-0.040766867429018));
#6708=CARTESIAN_POINT('',(0.0236228724956135,0.0717653489740349,-0.040766867429018));
#6709=CARTESIAN_POINT('',(0.0239029297695773,0.072386846065837,-0.040766867429018));
#6710=CARTESIAN_POINT('',(0.0244360725639878,0.0719620526188693,-0.040766867429018));
#6711=CARTESIAN_POINT('',(0.0241145204199398,0.071541018550994,-0.040766867429018));
#6712=CARTESIAN_POINT('',(0.024159563631492,0.0716027545789571,-0.040766867429018));
#6713=CARTESIAN_POINT('',(0.0242557730496283,0.0717319093317616,-0.040766867429018));
#6714=CARTESIAN_POINT('',(0.0244144094115044,0.0719362446630092,-0.040766867429018));
#6715=CARTESIAN_POINT('',(0.0245917134273275,0.0721554314423255,-0.040766867429018));
#6716=CARTESIAN_POINT('',(0.0247878976858867,0.0723882764771673,-0.040766867429018));
#6717=CARTESIAN_POINT('',(0.025003573656001,0.0726341053376319,-0.040766867429018));
#6718=CARTESIAN_POINT('',(0.0252393327887096,0.0728922247703111,-0.040766867429018));
#6719=CARTESIAN_POINT('',(0.0254957483104993,0.0731619230501101,-0.040766867429018));
#6720=CARTESIAN_POINT('',(0.0257733657009688,0.0734424710830172,-0.040766867429018));
#6721=CARTESIAN_POINT('',(0.0260727374057464,0.0737331207101843,-0.040766867429018));
#6722=CARTESIAN_POINT('',(0.0263942854824243,0.0740331139480025,-0.040766867429018));
#6723=CARTESIAN_POINT('',(0.0267388323762471,0.0743416498342747,-0.040766867429018));
#6724=CARTESIAN_POINT('',(0.0270891925373014,0.0746439099843751,-0.040766867429018));
#6725=CARTESIAN_POINT('',(0.0273312045457992,0.0748428456708878,-0.040766867429018));
#6726=CARTESIAN_POINT('',(0.0274454370403443,0.0749364733265032,-0.040766867429018));
#6727=CARTESIAN_POINT('',(0.0274454370403443,0.0749364733265032,-0.040766867429018));
#6728=CARTESIAN_POINT('',(-6.93889390390723E-18,0.01934197732497,-0.040766867429018));
#6729=CARTESIAN_POINT('',(0.0288448689239145,0.0742234271669903,-0.040766867429018));
#6730=CARTESIAN_POINT('',(0.0280557519729856,0.0695328607723667,-0.040766867429018));
#6731=CARTESIAN_POINT('',(0.0280792217333068,0.0696055890227655,-0.040766867429018));
#6732=CARTESIAN_POINT('',(0.0281271596461177,0.0697593393360186,-0.040766867429018));
#6733=CARTESIAN_POINT('',(0.0281992262876601,0.0700077841429319,-0.040766867429018));
#6734=CARTESIAN_POINT('',(0.0282723354313963,0.0702800608612833,-0.040766867429018));
#6735=CARTESIAN_POINT('',(0.028345396807726,0.0705756401380361,-0.040766867429018));
#6736=CARTESIAN_POINT('',(0.0284175053790427,0.0708946202419058,-0.040766867429018));
#6737=CARTESIAN_POINT('',(0.0284877526453591,0.0712370721827051,-0.040766867429018));
#6738=CARTESIAN_POINT('',(0.0285552258749035,0.071603041368889,-0.040766867429018));
#6739=CARTESIAN_POINT('',(0.0286190145933659,0.0719925405520153,-0.040766867429018));
#6740=CARTESIAN_POINT('',(0.0286781888081308,0.0724055769132484,-0.040766867429018));
#6741=CARTESIAN_POINT('',(0.028731887218349,0.0728420463727666,-0.040766867429018));
#6742=CARTESIAN_POINT('',(0.0287789784108055,0.073302143508982,-0.040766867429018));
#6743=CARTESIAN_POINT('',(0.0288175754733006,0.0737632548920116,-0.040766867429018));
#6744=CARTESIAN_POINT('',(0.0288362667350044,0.074075978182416,-0.040766867429018));
#6745=CARTESIAN_POINT('',(0.0288448689239145,0.0742234271669903,-0.040766867429018));
#6746=CARTESIAN_POINT('',(0.0282073720809931,0.0700404795372892,-0.040766867429018));
#6747=CARTESIAN_POINT('',(0.0288644106706095,0.0698588452795805,-0.040766867429018));
#6748=CARTESIAN_POINT('',(0.0285262224968202,0.0692669673606415,-0.040766867429018));
#6749=CARTESIAN_POINT('',(-5.15906761755502E-15,0.019341977324961,-0.040766867429018));
#6750=CARTESIAN_POINT('',(0.0289731984061664,0.0690089056990592,-0.040766867429018));
#6751=CARTESIAN_POINT('',(0.0293166856330121,0.0695977242082897,-0.040766867429018));
#6752=CARTESIAN_POINT('',(0.0298025048091934,0.0691195292272695,-0.040766867429018));
#6753=CARTESIAN_POINT('',(0.0294387041173367,0.0687344129795492,-0.040766867429018));
#6754=CARTESIAN_POINT('',(0.0294899537495943,0.0687911025134075,-0.040766867429018));
#6755=CARTESIAN_POINT('',(0.0295991364703058,0.0689094931203327,-0.040766867429018));
#6756=CARTESIAN_POINT('',(0.0297782626637598,0.0690961270661305,-0.040766867429018));
#6757=CARTESIAN_POINT('',(0.0299775066468431,0.0692955798010307,-0.040766867429018));
#6758=CARTESIAN_POINT('',(0.0301969551211783,0.0695066424473441,-0.040766867429018));
#6759=CARTESIAN_POINT('',(0.0304371457087731,0.0697285803538698,-0.040766867429018));
#6760=CARTESIAN_POINT('',(0.0306985941559223,0.0699606422414459,-0.040766867429018));
#6761=CARTESIAN_POINT('',(0.0309817961533877,0.0702020603653986,-0.040766867429018));
#6762=CARTESIAN_POINT('',(0.0312872179814971,0.0704520526076251,-0.040766867429018));
#6763=CARTESIAN_POINT('',(0.0316153308556293,0.0707098171614771,-0.040766867429018));
#6764=CARTESIAN_POINT('',(0.0319664752904389,0.0709745560786279,-0.040766867429018));
#6765=CARTESIAN_POINT('',(0.0323413855023817,0.0712453868156975,-0.040766867429018));
#6766=CARTESIAN_POINT('',(0.032721421142812,0.0715093685438445,-0.040766867429018));
#6767=CARTESIAN_POINT('',(0.0329829018258053,0.0716819172965109,-0.040766867429018));
#6768=CARTESIAN_POINT('',(0.0331062952977538,0.0717630915029224,-0.040766867429018));
#6769=CARTESIAN_POINT('',(0.0331062952977538,0.0717630915029224,-0.040766867429018));
#6770=CARTESIAN_POINT('',(-6.93889390390723E-18,0.01934197732497,-0.040766867429018));
#6771=CARTESIAN_POINT('',(0.034423527327748,0.0709076710206412,-0.040766867429018));
#6772=CARTESIAN_POINT('',(0.033148435544958,0.0663252852217284,-0.040766867429018));
#6773=CARTESIAN_POINT('',(0.0331793789077268,0.0663951618011822,-0.040766867429018));
#6774=CARTESIAN_POINT('',(0.0332431254956068,0.0665430589777738,-0.040766867429018));
#6775=CARTESIAN_POINT('',(0.03334076690242,0.0667826097627463,-0.040766867429018));
#6776=CARTESIAN_POINT('',(0.03344193621357,0.0670457529343003,-0.040766867429018));
#6777=CARTESIAN_POINT('',(0.0335454937996085,0.067332076003456,-0.040766867429018));
#6778=CARTESIAN_POINT('',(0.0336505498526969,0.0676417713027932,-0.040766867429018));
#6779=CARTESIAN_POINT('',(0.0337562082722533,0.0679750044172327,-0.040766867429018));
#6780=CARTESIAN_POINT('',(0.0338615660730214,0.0683319159129267,-0.040766867429018));
#6781=CARTESIAN_POINT('',(0.033965719101266,0.0687126136420591,-0.040766867429018));
#6782=CARTESIAN_POINT('',(0.0340677432096043,0.0691172019571543,-0.040766867429018));
#6783=CARTESIAN_POINT('',(0.0341667709361794,0.0695456673790046,-0.040766867429018));
#6784=CARTESIAN_POINT('',(0.0342616974047589,0.0699983216849861,-0.040766867429018));
#6785=CARTESIAN_POINT('',(0.0343482822927704,0.0704528725599834,-0.040766867429018));
#6786=CARTESIAN_POINT('',(0.0343995596467608,0.0707619289506198,-0.040766867429018));
#6787=CARTESIAN_POINT('',(0.034423527327748,0.0709076710206412,-0.040766867429018));
#6788=CARTESIAN_POINT('',(0.0333522856715728,0.0668142745810531,-0.040766867429018));
#6789=CARTESIAN_POINT('',(0.0339867389852131,0.0665649561007328,-0.040766867429018));
#6790=CARTESIAN_POINT('',(0.0335885353523164,0.0660116708410644,-0.040766867429018));
#6791=CARTESIAN_POINT('',(-6.05765437811101E-15,0.0193419773249616,-0.040766867429018));
#6792=CARTESIAN_POINT('',(0.0340060878919498,0.0657083011633441,-0.040766867429018));
#6793=CARTESIAN_POINT('',(0.0344092417537405,0.0662579898711977,-0.040766867429018));
#6794=CARTESIAN_POINT('',(0.0348424145751343,0.0657316325604057,-0.040766867429018));
#6795=CARTESIAN_POINT('',(0.034440351211979,0.0653866535470413,-0.040766867429018));
#6796=CARTESIAN_POINT('',(0.0344972457632464,0.0654376754843986,-0.040766867429018));
#6797=CARTESIAN_POINT('',(0.0346182055577971,0.0655440048331803,-0.040766867429018));
#6798=CARTESIAN_POINT('',(0.0348158590387689,0.0657108925929625,-0.040766867429018));
#6799=CARTESIAN_POINT('',(0.0350348600303393,0.0658884260375448,-0.040766867429018));
#6800=CARTESIAN_POINT('',(0.0352751683970432,0.0660753938488092,-0.040766867429018));
#6801=CARTESIAN_POINT('',(0.0355372420237774,0.0662710092032485,-0.040766867429018));
#6802=CARTESIAN_POINT('',(0.0358215153014687,0.0664744710271193,-0.040766867429018));
#6803=CARTESIAN_POINT('',(0.0361284009542619,0.0666849639677395,-0.040766867429018));
#6804=CARTESIAN_POINT('',(0.0364582809545489,0.0669016614519653,-0.040766867429018));
#6805=CARTESIAN_POINT('',(0.0368115401247244,0.0671237168101096,-0.040766867429018));
#6806=CARTESIAN_POINT('',(0.0371884337057563,0.0673503008716165,-0.040766867429018));
#6807=CARTESIAN_POINT('',(0.037589599641082,0.0675804591812532,-0.040766867429018));
#6808=CARTESIAN_POINT('',(0.0379951470108842,0.0678032702483914,-0.040766867429018));
#6809=CARTESIAN_POINT('',(0.038273231531292,0.0679475415869692,-0.040766867429018));
#6810=CARTESIAN_POINT('',(0.0384044340559435,0.0680153729825845,-0.040766867429018));
#6811=CARTESIAN_POINT('',(0.0384044340559435,0.0680153729825845,-0.040766867429018));
#6812=CARTESIAN_POINT('',(-6.93889390390723E-18,0.01934197732497,-0.040766867429018));
#6813=CARTESIAN_POINT('',(0.0396250343625925,0.0670269503433472,-0.040766867429018));
#6814=CARTESIAN_POINT('',(0.0378779379203439,0.0626029507178841,-0.040766867429018));
#6815=CARTESIAN_POINT('',(0.0379160158636025,0.0626692100439657,-0.040766867429018));
#6816=CARTESIAN_POINT('',(0.0379948727055949,0.0628096336914795,-0.040766867429018));
#6817=CARTESIAN_POINT('',(0.0381170190979928,0.0630376658859819,-0.040766867429018));
#6818=CARTESIAN_POINT('',(0.0382451401444127,0.0632887924590846,-0.040766867429018));
#6819=CARTESIAN_POINT('',(0.0383780593415764,0.0635627223051807,-0.040766867429018));
#6820=CARTESIAN_POINT('',(0.0385149118603349,0.0638597397134779,-0.040766867429018));
#6821=CARTESIAN_POINT('',(0.0386548238173759,0.0641801030298222,-0.040766867429018));
#6822=CARTESIAN_POINT('',(0.0387969118672551,0.064524046437991,-0.040766867429018));
#6823=CARTESIAN_POINT('',(0.0389402880829089,0.0648917717091431,-0.040766867429018));
#6824=CARTESIAN_POINT('',(0.0390840442873397,0.0652834792238545,-0.040766867429018));
#6825=CARTESIAN_POINT('',(0.0392273163617766,0.0656992462512131,-0.040766867429018));
#6826=CARTESIAN_POINT('',(0.0393690380722246,0.0661394983516604,-0.040766867429018));
#6827=CARTESIAN_POINT('',(0.0395026621436005,0.0665825085641179,-0.040766867429018));
#6828=CARTESIAN_POINT('',(0.0395859637844568,0.0668845119684962,-0.040766867429018));
#6829=CARTESIAN_POINT('',(0.0396250343625925,0.0670269503433472,-0.040766867429018));
#6830=CARTESIAN_POINT('',(0.0381317846409203,0.0630679532018626,-0.040766867429018));
#6831=CARTESIAN_POINT('',(0.0387367014753124,0.0627536820843742,-0.040766867429018));
#6832=CARTESIAN_POINT('',(0.0382828451856397,0.0622450513930638,-0.040766867429018));
#6833=CARTESIAN_POINT('',(-6.89726054048379E-15,0.0193419773249623,-0.040766867429018));
#6834=CARTESIAN_POINT('',(0.0386663995625576,0.0618996974808787,-0.040766867429018));
#6835=CARTESIAN_POINT('',(0.0391248030212183,0.0624042338828424,-0.040766867429018));
#6836=CARTESIAN_POINT('',(0.039500583555746,0.061835481123123,-0.040766867429018));
#6837=CARTESIAN_POINT('',(0.0390646626116362,0.0615344190063764,-0.040766867429018));
#6838=CARTESIAN_POINT('',(0.0391265787333035,0.0615792143402101,-0.040766867429018));
#6839=CARTESIAN_POINT('',(0.0392579903408719,0.0616723174642522,-0.040766867429018));
#6840=CARTESIAN_POINT('',(0.0394720055764623,0.0618176305807991,-0.040766867429018));
#6841=CARTESIAN_POINT('',(0.0397083641558273,0.0619712996414933,-0.040766867429018));
#6842=CARTESIAN_POINT('',(0.0399668995461464,0.0621321241592429,-0.040766867429018));
#6843=CARTESIAN_POINT('',(0.0402479848785233,0.0622992737588375,-0.040766867429018));
#6844=CARTESIAN_POINT('',(0.0405519684292383,0.0624719063486834,-0.040766867429018));
#6845=CARTESIAN_POINT('',(0.0408791754339272,0.0626491679012654,-0.040766867429018));
#6846=CARTESIAN_POINT('',(0.0412298993720767,0.0628301964445064,-0.040766867429018));
#6847=CARTESIAN_POINT('',(0.0416044344569032,0.0630141097219711,-0.040766867429018));
#6848=CARTESIAN_POINT('',(0.0420029478592134,0.0632000564254405,-0.040766867429018));
#6849=CARTESIAN_POINT('',(0.0424259742599854,0.0633870206450402,-0.040766867429018));
#6850=CARTESIAN_POINT('',(0.0428525900973096,0.0635662198864919,-0.040766867429018));
#6851=CARTESIAN_POINT('',(0.0431442317029332,0.0636806331440048,-0.040766867429018));
#6852=CARTESIAN_POINT('',(0.0432818057979717,0.063734378553859,-0.040766867429018));
#6853=CARTESIAN_POINT('',(0.0432818057979717,0.063734378553859,-0.040766867429018));
#6854=CARTESIAN_POINT('',(-6.93889390390723E-18,0.01934197732497,-0.040766867429018));
#6855=CARTESIAN_POINT('',(0.044392401228889,0.0626237831229417,-0.040766867429018));
#6856=CARTESIAN_POINT('',(0.0421924416814064,0.0584066399366062,-0.040766867429018));
#6857=CARTESIAN_POINT('',(0.04223723701524,0.0584685560582735,-0.040766867429018));
#6858=CARTESIAN_POINT('',(0.0423303401392821,0.0585999676658419,-0.040766867429018));
#6859=CARTESIAN_POINT('',(0.042475653255829,0.0588139829014324,-0.040766867429018));
#6860=CARTESIAN_POINT('',(0.0426293223165233,0.0590503414807973,-0.040766867429018));
#6861=CARTESIAN_POINT('',(0.0427901468342729,0.0593088768711164,-0.040766867429018));
#6862=CARTESIAN_POINT('',(0.0429572964338675,0.0595899622034934,-0.040766867429018));
#6863=CARTESIAN_POINT('',(0.0431299290237134,0.0598939457542083,-0.040766867429018));
#6864=CARTESIAN_POINT('',(0.0433071905762954,0.0602211527588971,-0.040766867429018));
#6865=CARTESIAN_POINT('',(0.0434882191195364,0.0605718766970467,-0.040766867429018));
#6866=CARTESIAN_POINT('',(0.0436721323970011,0.0609464117818732,-0.040766867429018));
#6867=CARTESIAN_POINT('',(0.0438580791004705,0.0613449251841834,-0.040766867429018));
#6868=CARTESIAN_POINT('',(0.0440450433200702,0.0617679515849553,-0.040766867429018));
#6869=CARTESIAN_POINT('',(0.0442242425615219,0.0621945674222796,-0.040766867429018));
#6870=CARTESIAN_POINT('',(0.0443386558190348,0.0624862090279032,-0.040766867429018));
#6871=CARTESIAN_POINT('',(0.044392401228889,0.0626237831229417,-0.040766867429018));
#6872=CARTESIAN_POINT('',(0.042493503798153,0.0588425608807161,-0.040766867429018));
#6873=CARTESIAN_POINT('',(0.0430622565578724,0.0584667803461883,-0.040766867429018));
#6874=CARTESIAN_POINT('',(0.0425577201559088,0.0580083768875276,-0.040766867429018));
#6875=CARTESIAN_POINT('',(-7.6588041464376E-15,0.0193419773249631,-0.040766867429018));
#6876=CARTESIAN_POINT('',(0.0429030740680938,0.0576248225106097,-0.040766867429018));
#6877=CARTESIAN_POINT('',(0.0434117047594042,0.0580786788002825,-0.040766867429018));
#6878=CARTESIAN_POINT('',(0.0437259758768926,0.0574737619658903,-0.040766867429018));
#6879=CARTESIAN_POINT('',(0.043260973392914,0.0572199152453139,-0.040766867429018));
#6880=CARTESIAN_POINT('',(0.0433272327189958,0.0572579931885725,-0.040766867429018));
#6881=CARTESIAN_POINT('',(0.0434676563665095,0.0573368500305648,-0.040766867429018));
#6882=CARTESIAN_POINT('',(0.043695688561012,0.0574589964229628,-0.040766867429018));
#6883=CARTESIAN_POINT('',(0.0439468151341147,0.0575871174693828,-0.040766867429018));
#6884=CARTESIAN_POINT('',(0.0442207449802107,0.0577200366665464,-0.040766867429018));
#6885=CARTESIAN_POINT('',(0.0445177623885079,0.0578568891853049,-0.040766867429018));
#6886=CARTESIAN_POINT('',(0.0448381257048522,0.0579968011423459,-0.040766867429018));
#6887=CARTESIAN_POINT('',(0.045182069113021,0.0581388891922251,-0.040766867429018));
#6888=CARTESIAN_POINT('',(0.0455497943841731,0.0582822654078789,-0.040766867429018));
#6889=CARTESIAN_POINT('',(0.0459415018988845,0.0584260216123097,-0.040766867429018));
#6890=CARTESIAN_POINT('',(0.0463572689262431,0.0585692936867466,-0.040766867429018));
#6891=CARTESIAN_POINT('',(0.0467975210266904,0.0587110153971946,-0.040766867429018));
#6892=CARTESIAN_POINT('',(0.0472405312391479,0.0588446394685705,-0.040766867429018));
#6893=CARTESIAN_POINT('',(0.0475425346435262,0.0589279411094268,-0.040766867429018));
#6894=CARTESIAN_POINT('',(0.0476849730183772,0.0589670116875625,-0.040766867429018));
#6895=CARTESIAN_POINT('',(0.0476849730183772,0.0589670116875625,-0.040766867429018));
#6896=CARTESIAN_POINT('',(-6.93889390390723E-18,0.01934197732497,-0.040766867429018));
#6897=CARTESIAN_POINT('',(0.0486733956576145,0.0577464113809135,-0.040766867429018));
#6898=CARTESIAN_POINT('',(0.0460446762220713,0.0537823285369491,-0.040766867429018));
#6899=CARTESIAN_POINT('',(0.0460956981594286,0.0538392230882163,-0.040766867429018));
#6900=CARTESIAN_POINT('',(0.0462020275082103,0.0539601828827671,-0.040766867429018));
#6901=CARTESIAN_POINT('',(0.0463689152679925,0.0541578363637389,-0.040766867429018));
#6902=CARTESIAN_POINT('',(0.0465464487125748,0.0543768373553093,-0.040766867429018));
#6903=CARTESIAN_POINT('',(0.0467334165238392,0.0546171457220132,-0.040766867429018));
#6904=CARTESIAN_POINT('',(0.0469290318782785,0.0548792193487475,-0.040766867429018));
#6905=CARTESIAN_POINT('',(0.0471324937021493,0.0551634926264387,-0.040766867429018));
#6906=CARTESIAN_POINT('',(0.0473429866427695,0.0554703782792318,-0.040766867429018));
#6907=CARTESIAN_POINT('',(0.0475596841269953,0.0558002582795188,-0.040766867429018));
#6908=CARTESIAN_POINT('',(0.0477817394851396,0.0561535174496945,-0.040766867429018));
#6909=CARTESIAN_POINT('',(0.0480083235466466,0.0565304110307263,-0.040766867429018));
#6910=CARTESIAN_POINT('',(0.0482384818562832,0.0569315769660521,-0.040766867429018));
#6911=CARTESIAN_POINT('',(0.0484612929234214,0.0573371243358542,-0.040766867429018));
#6912=CARTESIAN_POINT('',(0.0486055642619992,0.057615208856262,-0.040766867429018));
#6913=CARTESIAN_POINT('',(0.0486733956576146,0.0577464113809135,-0.040766867429018));
#6914=CARTESIAN_POINT('',(0.0463896552354357,0.0541843919001044,-0.040766867429018));
#6915=CARTESIAN_POINT('',(0.0469160125462277,0.0537512190787105,-0.040766867429018));
#6916=CARTESIAN_POINT('',(0.0463663238383741,0.0533480652169198,-0.040766867429018));
#6917=CARTESIAN_POINT('',(-8.33708102554454E-15,0.0193419773249639,-0.040766867429018));
#6918=CARTESIAN_POINT('',(0.0466696935160944,0.0529305126772864,-0.040766867429018));
#6919=CARTESIAN_POINT('',(0.0472229787757628,0.0533287163101832,-0.040766867429018));
#6920=CARTESIAN_POINT('',(0.0474722972560831,0.0526942629965428,-0.040766867429018));
#6921=CARTESIAN_POINT('',(0.0469833078967585,0.0524904128699281,-0.040766867429018));
#6922=CARTESIAN_POINT('',(0.0470531844762122,0.0525213562326968,-0.040766867429018));
#6923=CARTESIAN_POINT('',(0.0472010816528038,0.0525851028205768,-0.040766867429018));
#6924=CARTESIAN_POINT('',(0.0474406324377764,0.0526827442273899,-0.040766867429018));
#6925=CARTESIAN_POINT('',(0.0477037756093303,0.05278391353854,-0.040766867429018));
#6926=CARTESIAN_POINT('',(0.047990098678486,0.0528874711245784,-0.040766867429018));
#6927=CARTESIAN_POINT('',(0.0482997939778232,0.052992527177667,-0.040766867429018));
#6928=CARTESIAN_POINT('',(0.0486330270922627,0.0530981855972233,-0.040766867429018));
#6929=CARTESIAN_POINT('',(0.0489899385879567,0.0532035433979914,-0.040766867429018));
#6930=CARTESIAN_POINT('',(0.0493706363170891,0.053307696426236,-0.040766867429018));
#6931=CARTESIAN_POINT('',(0.0497752246321843,0.0534097205345743,-0.040766867429018));
#6932=CARTESIAN_POINT('',(0.0502036900540346,0.0535087482611494,-0.040766867429018));
#6933=CARTESIAN_POINT('',(0.0506563443600161,0.0536036747297289,-0.040766867429018));
#6934=CARTESIAN_POINT('',(0.0511108952350134,0.0536902596177405,-0.040766867429018));
#6935=CARTESIAN_POINT('',(0.0514199516256498,0.0537415369717309,-0.040766867429018));
#6936=CARTESIAN_POINT('',(0.0515656936956712,0.053765504652718,-0.040766867429018));
#6937=CARTESIAN_POINT('',(0.0515656936956712,0.053765504652718,-0.040766867429018));
#6938=CARTESIAN_POINT('',(-6.93889390390723E-18,0.01934197732497,-0.040766867429018));
#6939=CARTESIAN_POINT('',(0.0524211141779524,0.0524482726227239,-0.040766867429018));
#6940=CARTESIAN_POINT('',(0.0493924356545792,0.0487806814423067,-0.040766867429018));
#6941=CARTESIAN_POINT('',(0.0494491251884375,0.0488319310745642,-0.040766867429018));
#6942=CARTESIAN_POINT('',(0.0495675157953627,0.0489411137952758,-0.040766867429018));
#6943=CARTESIAN_POINT('',(0.0497541497411606,0.0491202399887298,-0.040766867429018));
#6944=CARTESIAN_POINT('',(0.0499536024760607,0.0493194839718131,-0.040766867429018));
#6945=CARTESIAN_POINT('',(0.0501646651223741,0.0495389324461483,-0.040766867429018));
#6946=CARTESIAN_POINT('',(0.0503866030288998,0.0497791230337431,-0.040766867429018));
#6947=CARTESIAN_POINT('',(0.0506186649164759,0.0500405714808923,-0.040766867429018));
#6948=CARTESIAN_POINT('',(0.0508600830404286,0.0503237734783577,-0.040766867429018));
#6949=CARTESIAN_POINT('',(0.0511100752826551,0.0506291953064671,-0.040766867429018));
#6950=CARTESIAN_POINT('',(0.0513678398365071,0.0509573081805992,-0.040766867429018));
#6951=CARTESIAN_POINT('',(0.0516325787536579,0.0513084526154089,-0.040766867429018));
#6952=CARTESIAN_POINT('',(0.0519034094907275,0.0516833628273516,-0.040766867429018));
#6953=CARTESIAN_POINT('',(0.0521673912188745,0.0520633984677819,-0.040766867429018));
#6954=CARTESIAN_POINT('',(0.0523399399715409,0.0523248791507753,-0.040766867429018));
#6955=CARTESIAN_POINT('',(0.0524211141779524,0.0524482726227239,-0.040766867429018));
#6956=CARTESIAN_POINT('',(0.0497775519022995,0.0491444821341634,-0.040766867429018));
#6957=CARTESIAN_POINT('',(0.0502557468833197,0.0486586629579821,-0.040766867429018));
#6958=CARTESIAN_POINT('',(0.0496669283740893,0.0483151757311364,-0.040766867429018));
#6959=CARTESIAN_POINT('',(-8.9234175604247E-15,0.0193419773249648,-0.040766867429018));
#6960=CARTESIAN_POINT('',(0.0499249900356715,0.0478681998217903,-0.040766867429018));
#6961=CARTESIAN_POINT('',(0.0505168679546105,0.0482063879955795,-0.040766867429018));
#6962=CARTESIAN_POINT('',(0.0506985022123191,0.0475493494059631,-0.040766867429018));
#6963=CARTESIAN_POINT('',(0.0501908834473967,0.0473977292979556,-0.040766867429018));
#6964=CARTESIAN_POINT('',(0.0502636116977955,0.0474211990582767,-0.040766867429018));
#6965=CARTESIAN_POINT('',(0.0504173620110486,0.0474691369710877,-0.040766867429018));
#6966=CARTESIAN_POINT('',(0.0506658068179619,0.0475412036126301,-0.040766867429018));
#6967=CARTESIAN_POINT('',(0.0509380835363134,0.0476143127563662,-0.040766867429018));
#6968=CARTESIAN_POINT('',(0.0512336628130661,0.0476873741326961,-0.040766867429018));
#6969=CARTESIAN_POINT('',(0.0515526429169358,0.0477594827040126,-0.040766867429018));
#6970=CARTESIAN_POINT('',(0.0518950948577352,0.0478297299703292,-0.040766867429018));
#6971=CARTESIAN_POINT('',(0.052261064043919,0.0478972031998734,-0.040766867429018));
#6972=CARTESIAN_POINT('',(0.0526505632270453,0.0479609919183359,-0.040766867429018));
#6973=CARTESIAN_POINT('',(0.0530635995882784,0.0480201661331008,-0.040766867429018));
#6974=CARTESIAN_POINT('',(0.0535000690477966,0.048073864543319,-0.040766867429018));
#6975=CARTESIAN_POINT('',(0.053960166184012,0.0481209557357755,-0.040766867429018));
#6976=CARTESIAN_POINT('',(0.0544212775670416,0.0481595527982706,-0.040766867429018));
#6977=CARTESIAN_POINT('',(0.054734000857446,0.0481782440599743,-0.040766867429018));
#6978=CARTESIAN_POINT('',(0.0548814498420203,0.0481868462488845,-0.040766867429018));
#6979=CARTESIAN_POINT('',(0.0548814498420203,0.0481868462488845,-0.040766867429018));
#6980=CARTESIAN_POINT('',(-6.93889390390723E-18,0.01934197732497,-0.040766867429018));
#6981=CARTESIAN_POINT('',(0.0555944960015332,0.0467874143653143,-0.040766867429018));
#6982=CARTESIAN_POINT('',(0.052199041226024,0.0434564977449098,-0.040766867429018));
#6983=CARTESIAN_POINT('',(0.0522607772539872,0.043501540956462,-0.040766867429018));
#6984=CARTESIAN_POINT('',(0.0523899320067916,0.0435977503745983,-0.040766867429018));
#6985=CARTESIAN_POINT('',(0.0525942673380393,0.0437563867364744,-0.040766867429018));
#6986=CARTESIAN_POINT('',(0.0528134541173556,0.0439336907522975,-0.040766867429018));
#6987=CARTESIAN_POINT('',(0.0530462991521973,0.0441298750108567,-0.040766867429018));
#6988=CARTESIAN_POINT('',(0.0532921280126619,0.0443455509809711,-0.040766867429018));
#6989=CARTESIAN_POINT('',(0.0535502474453411,0.0445813101136796,-0.040766867429018));
#6990=CARTESIAN_POINT('',(0.0538199457251402,0.0448377256354693,-0.040766867429018));
#6991=CARTESIAN_POINT('',(0.0541004937580473,0.0451153430259388,-0.040766867429018));
#6992=CARTESIAN_POINT('',(0.0543911433852143,0.0454147147307164,-0.040766867429018));
#6993=CARTESIAN_POINT('',(0.0546911366230325,0.0457362628073944,-0.040766867429018));
#6994=CARTESIAN_POINT('',(0.0549996725093047,0.0460808097012171,-0.040766867429018));
#6995=CARTESIAN_POINT('',(0.0553019326594051,0.0464311698622714,-0.040766867429018));
#6996=CARTESIAN_POINT('',(0.0555008683459179,0.0466731818707692,-0.040766867429018));
#6997=CARTESIAN_POINT('',(0.0555944960015333,0.0467874143653143,-0.040766867429018));
#6998=CARTESIAN_POINT('',(0.0526200752938994,0.0437780498889579,-0.040766867429018));
#6999=CARTESIAN_POINT('',(0.053044868740867,0.0432449070945473,-0.040766867429018));
#7000=CARTESIAN_POINT('',(0.0524233716490649,0.0429648498205835,-0.040766867429018));
#7001=CARTESIAN_POINT('',(-9.41434430412613E-15,0.0193419773249658,-0.040766867429018));
#7002=CARTESIAN_POINT('',(0.052633297916942,0.0424933477031231,-0.040766867429018));
#7003=CARTESIAN_POINT('',(0.0532572837568134,0.0427678151574023,-0.040766867429018));
#7004=CARTESIAN_POINT('',(0.0533692437689734,0.0420953899440919,-0.040766867429018));
#7005=CARTESIAN_POINT('',(0.0528485571758677,0.0419976610363235,-0.040766867429018));
#7006=CARTESIAN_POINT('',(0.0529233402712808,0.0420134000545916,-0.040766867429018));
#7007=CARTESIAN_POINT('',(0.0530812592005891,0.042045004074529,-0.040766867429018));
#7008=CARTESIAN_POINT('',(0.0533358760161482,0.0420907063735952,-0.040766867429018));
#7009=CARTESIAN_POINT('',(0.0536143031605933,0.0421349543508395,-0.040766867429018));
#7010=CARTESIAN_POINT('',(0.053915900216533,0.0421767190417325,-0.040766867429018));
#7011=CARTESIAN_POINT('',(0.0542406703121665,0.0422150900946801,-0.040766867429018));
#7012=CARTESIAN_POINT('',(0.0545885891041995,0.042249156564007,-0.040766867429018));
#7013=CARTESIAN_POINT('',(0.0549596063458855,0.0422780059715048,-0.040766867429018));
#7014=CARTESIAN_POINT('',(0.0553536395484473,0.042300731497637,-0.040766867429018));
#7015=CARTESIAN_POINT('',(0.0557705986430114,0.0423164074937486,-0.040766867429018));
#7016=CARTESIAN_POINT('',(0.0562102900894617,0.0423241882565904,-0.040766867429018));
#7017=CARTESIAN_POINT('',(0.0566727891354051,0.0423229282319649,-0.040766867429018));
#7018=CARTESIAN_POINT('',(0.0571354089936608,0.0423131145914498,-0.040766867429018));
#7019=CARTESIAN_POINT('',(0.0574483729220221,0.0422990149754923,-0.040766867429018));
#7020=CARTESIAN_POINT('',(0.0575959133392186,0.0422921574249436,-0.040766867429018));
#7021=CARTESIAN_POINT('',(0.0575959133392186,0.0422921574249436,-0.040766867429018));
#7022=CARTESIAN_POINT('',(-6.93889390390723E-18,0.01934197732497,-0.040766867429018));
#7023=CARTESIAN_POINT('',(0.0581587728930251,0.0408258581563639,-0.040766867429018));
#7024=CARTESIAN_POINT('',(0.0544337431784448,0.0378681103155043,-0.040766867429018));
#7025=CARTESIAN_POINT('',(0.0544998493076714,0.0379064536034993,-0.040766867429018));
#7026=CARTESIAN_POINT('',(0.0546383531598559,0.0379886356285422,-0.040766867429018));
#7027=CARTESIAN_POINT('',(0.0548581511359044,0.038125044105663,-0.040766867429018));
#7028=CARTESIAN_POINT('',(0.0550946705034148,0.0382784655743253,-0.040766867429018));
#7029=CARTESIAN_POINT('',(0.0553467468278573,0.0384492361813175,-0.040766867429018));
#7030=CARTESIAN_POINT('',(0.0556137732898225,0.0386380345428898,-0.040766867429018));
#7031=CARTESIAN_POINT('',(0.0558951222570854,0.0388455213347641,-0.040766867429018));
#7032=CARTESIAN_POINT('',(0.0561901458219394,0.0390723410387628,-0.040766867429018));
#7033=CARTESIAN_POINT('',(0.0564981759025701,0.0393191123573672,-0.040766867429018));
#7034=CARTESIAN_POINT('',(0.0568185261849146,0.0395864629137451,-0.040766867429018));
#7035=CARTESIAN_POINT('',(0.0571504869547091,0.0398748916842751,-0.040766867429018));
#7036=CARTESIAN_POINT('',(0.0574933476064485,0.040185300332108,-0.040766867429018));
#7037=CARTESIAN_POINT('',(0.0578305745530459,0.0405021463945442,-0.040766867429018));
#7038=CARTESIAN_POINT('',(0.0580537175923935,0.0407220381943371,-0.040766867429018));
#7039=CARTESIAN_POINT('',(0.0581587728930251,0.0408258581563639,-0.040766867429018));
#7040=CARTESIAN_POINT('',(0.0548860821291206,0.0381438909191643,-0.040766867429018));
#7041=CARTESIAN_POINT('',(0.0552528199161369,0.0375692657305476,-0.040766867429018));
#7042=CARTESIAN_POINT('',(0.0546054534939577,0.0373557067755647,-0.040766867429018));
#7043=CARTESIAN_POINT('',(-9.80032027753097E-15,0.0193419773249668,-0.040766867429018));
#7044=CARTESIAN_POINT('',(0.0547649443720088,0.0368648443258571,-0.040766867429018));
#7045=CARTESIAN_POINT('',(0.0554142016133734,0.0370725839377613,-0.040766867429018));
#7046=CARTESIAN_POINT('',(0.0554552607226624,0.0363921393321079,-0.040766867429018));
#7047=CARTESIAN_POINT('',(0.0549272110526483,0.0363493723629432,-0.040766867429018));
#7048=CARTESIAN_POINT('',(0.0550032296538329,0.0363572081991805,-0.040766867429018));
#7049=CARTESIAN_POINT('',(0.0551635870063603,0.0363721320659885,-0.040766867429018));
#7050=CARTESIAN_POINT('',(0.055421586195452,0.0363909692986259,-0.040766867429018));
#7051=CARTESIAN_POINT('',(0.0557031132599315,0.0364058713192804,-0.040766867429018));
#7052=CARTESIAN_POINT('',(0.0560074237346,0.0364158817420433,-0.040766867429018));
#7053=CARTESIAN_POINT('',(0.056334425572867,0.0364200948753362,-0.040766867429018));
#7054=CARTESIAN_POINT('',(0.0566839993450416,0.0364176073083065,-0.040766867429018));
#7055=CARTESIAN_POINT('',(0.0570559996996894,0.0364075168136122,-0.040766867429018));
#7056=CARTESIAN_POINT('',(0.0574502498114627,0.0363889301617943,-0.040766867429018));
#7057=CARTESIAN_POINT('',(0.0578665633482633,0.0363609361897587,-0.040766867429018));
#7058=CARTESIAN_POINT('',(0.0583046594301473,0.0363227140575581,-0.040766867429018));
#7059=CARTESIAN_POINT('',(0.0587644931494871,0.0362731166209442,-0.040766867429018));
#7060=CARTESIAN_POINT('',(0.0592235529229925,0.0362149997977181,-0.040766867429018));
#7061=CARTESIAN_POINT('',(0.0595333285910195,0.0361682637824422,-0.040766867429018));
#7062=CARTESIAN_POINT('',(0.0596793439571526,0.0361460216251936,-0.040766867429018));
#7063=CARTESIAN_POINT('',(0.0596793439571526,0.0361460216251936,-0.040766867429018));
#7064=CARTESIAN_POINT('',(-6.93889390390723E-18,0.01934197732497,-0.040766867429018));
#7065=CARTESIAN_POINT('',(0.0600858500981952,0.0346289200532336,-0.040766867429018));
#7066=CARTESIAN_POINT('',(0.0560720576496094,0.0320767466962119,-0.040766867429018));
#7067=CARTESIAN_POINT('',(0.0561418096075141,0.0321079699635628,-0.040766867429018));
#7068=CARTESIAN_POINT('',(0.0562881450818904,0.0321752241920481,-0.040766867429018));
#7069=CARTESIAN_POINT('',(0.0565209975501183,0.0322879102645929,-0.040766867429018));
#7070=CARTESIAN_POINT('',(0.0567722581501377,0.0324157682683782,-0.040766867429018));
#7071=CARTESIAN_POINT('',(0.0570408039632198,0.0325592542252972,-0.040766867429018));
#7072=CARTESIAN_POINT('',(0.0573261024288896,0.0327191064639695,-0.040766867429018));
#7073=CARTESIAN_POINT('',(0.0576275984125748,0.0328960476462982,-0.040766867429018));
#7074=CARTESIAN_POINT('',(0.0579447149225694,0.033090786448364,-0.040766867429018));
#7075=CARTESIAN_POINT('',(0.058276852208901,0.0333040080168964,-0.040766867429018));
#7076=CARTESIAN_POINT('',(0.0586233933216919,0.0335364082762323,-0.040766867429018));
#7077=CARTESIAN_POINT('',(0.0589836845918015,0.0337885576546468,-0.040766867429018));
#7078=CARTESIAN_POINT('',(0.0593571135559596,0.034061427154387,-0.040766867429018));
#7079=CARTESIAN_POINT('',(0.0597256125700578,0.0343412876864407,-0.040766867429018));
#7080=CARTESIAN_POINT('',(0.0599705181604055,0.0345366500969548,-0.040766867429018));
#7081=CARTESIAN_POINT('',(0.0600858500981953,0.0346289200532336,-0.040766867429018));
#7082=CARTESIAN_POINT('',(0.0565507455628841,0.0323037342494795,-0.040766867429018));
#7083=CARTESIAN_POINT('',(0.0568554096340097,0.031693922380471,-0.040766867429018));
#7084=CARTESIAN_POINT('',(0.0561892665634448,0.03154920154107,-0.040766867429018));
#7085=CARTESIAN_POINT('',(-1.00770086719493E-14,0.0193419773249678,-0.040766867429018));
#7086=CARTESIAN_POINT('',(0.0562965746362344,0.0310443567508339,-0.040766867429018));
#7087=CARTESIAN_POINT('',(0.0569639898808901,0.0311830924817027,-0.040766867429018));
#7088=CARTESIAN_POINT('',(0.0569336982351147,0.030502083577198,-0.040766867429018));
#7089=CARTESIAN_POINT('',(0.0564040709108782,0.0305147471105007,-0.040766867429018));
#7090=CARTESIAN_POINT('',(0.0564804921421319,0.0305145939136457,-0.040766867429018));
#7091=CARTESIAN_POINT('',(0.0566415310091671,0.0305126741183164,-0.040766867429018));
#7092=CARTESIAN_POINT('',(0.0569000858786858,0.0305044398998625,-0.040766867429018));
#7093=CARTESIAN_POINT('',(0.0571816283937681,0.0304898326942702,-0.040766867429018));
#7094=CARTESIAN_POINT('',(0.0574853181979239,0.0304679791726165,-0.040766867429018));
#7095=CARTESIAN_POINT('',(0.0578109690782547,0.0304379882262846,-0.040766867429018));
#7096=CARTESIAN_POINT('',(0.05815836782717,0.0303989738772032,-0.040766867429018));
#7097=CARTESIAN_POINT('',(0.0585272755810479,0.0303500540338884,-0.040766867429018));
#7098=CARTESIAN_POINT('',(0.0589174231153061,0.030290358843367,-0.040766867429018));
#7099=CARTESIAN_POINT('',(0.0593285298761149,0.0302190016110001,-0.040766867429018));
#7100=CARTESIAN_POINT('',(0.0597602307210818,0.030135195353436,-0.040766867429018));
#7101=CARTESIAN_POINT('',(0.0602123610793626,0.0300378039047281,-0.040766867429018));
#7102=CARTESIAN_POINT('',(0.0606628312131747,0.029932020638868,-0.040766867429018));
#7103=CARTESIAN_POINT('',(0.0609660246538239,0.0298531602738373,-0.040766867429018));
#7104=CARTESIAN_POINT('',(0.0611089151939864,0.0298157771996179,-0.040766867429018));
#7105=CARTESIAN_POINT('',(0.0611089151939864,0.0298157771996179,-0.040766867429018));
#7106=CARTESIAN_POINT('',(-6.93889390390723E-18,0.01934197732497,-0.040766867429018));
#7107=CARTESIAN_POINT('',(0.0613546141559171,0.028264495006574,-0.040766867429018));
#7108=CARTESIAN_POINT('',(0.0570960349233326,0.0261458582787664,-0.040766867429018));
#7109=CARTESIAN_POINT('',(0.0571686684928679,0.0261696194368221,-0.040766867429018));
#7110=CARTESIAN_POINT('',(0.0573212323073561,0.0262212090173487,-0.040766867429018));
#7111=CARTESIAN_POINT('',(0.0575645880873941,0.0263089380731257,-0.040766867429018));
#7112=CARTESIAN_POINT('',(0.0578278370562089,0.0264098317729885,-0.040766867429018));
#7113=CARTESIAN_POINT('',(0.0581099101138058,0.0265244610176637,-0.040766867429018));
#7114=CARTESIAN_POINT('',(0.0584103547934877,0.026653615758858,-0.040766867429018));
#7115=CARTESIAN_POINT('',(0.0587286945405057,0.0267980727270203,-0.040766867429018));
#7116=CARTESIAN_POINT('',(0.0590644296007967,0.0269585970280859,-0.040766867429018));
#7117=CARTESIAN_POINT('',(0.0594170351272159,0.027135932746422,-0.040766867429018));
#7118=CARTESIAN_POINT('',(0.0597859702935031,0.0273308364828417,-0.040766867429018));
#7119=CARTESIAN_POINT('',(0.0601706446373767,0.0275439438677852,-0.040766867429018));
#7120=CARTESIAN_POINT('',(0.060570550548077,0.0277762846040918,-0.040766867429018));
#7121=CARTESIAN_POINT('',(0.0609662842773641,0.0280160933952094,-0.040766867429018));
#7122=CARTESIAN_POINT('',(0.0612302691818144,0.0281847859849928,-0.040766867429018));
#7123=CARTESIAN_POINT('',(0.0613546141559171,0.028264495006574,-0.040766867429018));
#7124=CARTESIAN_POINT('',(0.0575958271942563,0.0263215658585076,-0.040766867429018));
#7125=CARTESIAN_POINT('',(0.0578350795861729,0.0256832485355556,-0.040766867429018));
#7126=CARTESIAN_POINT('',(0.0571574582701029,0.0256089514035379,-0.040766867429018));
#7127=CARTESIAN_POINT('',(-1.0245276849119E-14,0.0193419773249689,-0.040766867429018));
#7128=CARTESIAN_POINT('',(0.0572114078479299,0.0250956554579405,-0.040766867429018));
#7129=CARTESIAN_POINT('',(0.0578896687547906,0.0251638672900741,-0.040766867429018));
#7130=CARTESIAN_POINT('',(0.0577883582355607,0.0244897553627862,-0.040766867429018));
#7131=CARTESIAN_POINT('',(0.0572629559648979,0.0245577106542355,-0.040766867429018));
#7132=CARTESIAN_POINT('',(0.0573389425392188,0.0245495701027449,-0.040766867429018));
#7133=CARTESIAN_POINT('',(0.0574988985452351,0.0245308276789577,-0.040766867429018));
#7134=CARTESIAN_POINT('',(0.0577551763139244,0.0244956122252328,-0.040766867429018));
#7135=CARTESIAN_POINT('',(0.0580336496408975,0.0244516558329952,-0.040766867429018));
#7136=CARTESIAN_POINT('',(0.0583333914854952,0.0243981777986812,-0.040766867429018));
#7137=CARTESIAN_POINT('',(0.058654123508698,0.0243343113598086,-0.040766867429018));
#7138=CARTESIAN_POINT('',(0.058995541060963,0.0242591976780484,-0.040766867429018));
#7139=CARTESIAN_POINT('',(0.0593573143835207,0.0241719844621534,-0.040766867429018));
#7140=CARTESIAN_POINT('',(0.0597390848022348,0.0240718347659281,-0.040766867429018));
#7141=CARTESIAN_POINT('',(0.0601404806153507,0.0239578960779999,-0.040766867429018));
#7142=CARTESIAN_POINT('',(0.0605610564186039,0.0238294238939679,-0.040766867429018));
#7143=CARTESIAN_POINT('',(0.061000529781006,0.0236853054742585,-0.040766867429018));
#7144=CARTESIAN_POINT('',(0.0614374748300718,0.0235330147493617,-0.040766867429018));
#7145=CARTESIAN_POINT('',(0.0617307641925601,0.023422894045238,-0.040766867429018));
#7146=CARTESIAN_POINT('',(0.0618689643680923,0.023370779630832,-0.040766867429018));
#7147=CARTESIAN_POINT('',(0.0618689643680923,0.023370779630832,-0.040766867429018));
#7148=CARTESIAN_POINT('',(-6.93889390390723E-18,0.01934197732497,-0.040766867429018));
#7149=CARTESIAN_POINT('',(0.0619511642216683,0.0218023129890379,-0.040766867429018));
#7150=CARTESIAN_POINT('',(0.0574944560903222,0.0201404251177874,-0.040766867429018));
#7151=CARTESIAN_POINT('',(0.0575691754829009,0.020156463834328,-0.040766867429018));
#7152=CARTESIAN_POINT('',(0.0577262961164234,0.0201918235406559,-0.040766867429018));
#7153=CARTESIAN_POINT('',(0.0579774889514199,0.0202536344017714,-0.040766867429018));
#7154=CARTESIAN_POINT('',(0.0582498420782394,0.0203264583852226,-0.040766867429018));
#7155=CARTESIAN_POINT('',(0.0585423519289044,0.0204109750156619,-0.040766867429018));
#7156=CARTESIAN_POINT('',(0.0588546510878157,0.0205080172130061,-0.040766867429018));
#7157=CARTESIAN_POINT('',(0.0591863468012814,0.0206184072662292,-0.040766867429018));
#7158=CARTESIAN_POINT('',(0.0595370220282911,0.0207429583284604,-0.040766867429018));
#7159=CARTESIAN_POINT('',(0.059906232574863,0.0208824652693602,-0.040766867429018));
#7160=CARTESIAN_POINT('',(0.06029351966376,0.0210377370767414,-0.040766867429018));
#7161=CARTESIAN_POINT('',(0.0606983625087879,0.0212094676191086,-0.040766867429018));
#7162=CARTESIAN_POINT('',(0.0611203639131872,0.0213987340182544,-0.040766867429018));
#7163=CARTESIAN_POINT('',(0.0615389966161125,0.0215958636731371,-0.040766867429018));
#7164=CARTESIAN_POINT('',(0.0618191685608097,0.0217360382108751,-0.040766867429018));
#7165=CARTESIAN_POINT('',(0.0619511642216683,0.0218023129890379,-0.040766867429018));
#7166=CARTESIAN_POINT('',(0.0580098768901865,0.0202629276349896,-0.040766867429018));
#7167=CARTESIAN_POINT('',(0.0581810963036215,0.0196030983962608,-0.040766867429018));
#7168=CARTESIAN_POINT('',(0.0574994209029867,0.0196000389865522,-0.040766867429018));
#7169=CARTESIAN_POINT('',(-1.03007880003503E-14,0.01934197732497,-0.040766867429018));
#7170=CARTESIAN_POINT('',(0.0575,0.01934197732497,-0.040766867429018));
#7171=CARTESIAN_POINT('',(0.0495,0.01934197732497,-0.040766867429018));
#7172=CARTESIAN_POINT('',(0.039,0.01934197732497,-0.040766867429018));
#7173=CARTESIAN_POINT('',(0.039,0.01434197732497,-0.040766867429018));
#7174=CARTESIAN_POINT('',(-0.027,0.0520265501121459,-0.040766867429018));
#7175=CARTESIAN_POINT('',(-0.03125,0.0520265501121459,-0.040766867429018));
#7176=CARTESIAN_POINT('',(-0.027,-0.013342595462206,-0.040766867429018));
#7177=CARTESIAN_POINT('',(-0.03125,-0.013342595462206,-0.040766867429018));
#7178=CARTESIAN_POINT('',(0.027,0.0520265501121459,-0.015766867429018));
#7179=CARTESIAN_POINT('',(0.027,0.0520265501121459,-0.032766867429018));
#7180=CARTESIAN_POINT('',(0.0248,0.0520265501121459,-0.032766867429018));
#7181=CARTESIAN_POINT('',(0.027,0.0520265501121459,-0.037766867429018));
#7182=CARTESIAN_POINT('',(0.0248,0.0520265501121459,-0.037766867429018));
#7183=CARTESIAN_POINT('',(-0.027,0.0520265501121459,-0.015766867429018));
#7184=CARTESIAN_POINT('',(-0.027,0.0520265501121459,-0.032766867429018));
#7185=CARTESIAN_POINT('',(-0.0292,0.0520265501121459,-0.032766867429018));
#7186=CARTESIAN_POINT('',(-0.027,0.0520265501121459,-0.037766867429018));
#7187=CARTESIAN_POINT('',(-0.0292,0.0520265501121459,-0.037766867429018));
#7188=CARTESIAN_POINT('',(-0.027,-0.013342595462206,-0.015766867429018));
#7189=CARTESIAN_POINT('',(-0.027,-0.013342595462206,-0.032766867429018));
#7190=CARTESIAN_POINT('',(-0.0292,-0.013342595462206,-0.032766867429018));
#7191=CARTESIAN_POINT('',(-0.027,-0.013342595462206,-0.037766867429018));
#7192=CARTESIAN_POINT('',(-0.0292,-0.013342595462206,-0.037766867429018));
#7193=CARTESIAN_POINT('',(0.027,-0.013342595462206,-0.015766867429018));
#7194=CARTESIAN_POINT('',(0.027,-0.013342595462206,-0.032766867429018));
#7195=CARTESIAN_POINT('',(0.0248,-0.013342595462206,-0.032766867429018));
#7196=CARTESIAN_POINT('',(0.027,-0.013342595462206,-0.037766867429018));
#7197=CARTESIAN_POINT('',(0.0248,-0.013342595462206,-0.037766867429018));
#7198=CARTESIAN_POINT('',(-4.06059159637577E-18,0.01934197732497,-0.032766867429018));
#7199=CARTESIAN_POINT('',(-4.06059159637577E-18,-0.0261925954622059,-0.032766867429018));
#7200=CARTESIAN_POINT('',(0.029,-0.0261925954622059,-0.032766867429018));
#7201=CARTESIAN_POINT('',(0.025,-0.0261925954622059,-0.032766867429018));
#7202=CARTESIAN_POINT('',(0.029,-0.021192595462206,-0.032766867429018));
#7203=CARTESIAN_POINT('',(0.034,-0.021192595462206,-0.032766867429018));
#7204=CARTESIAN_POINT('',(0.034,0.01934197732497,-0.032766867429018));
#7205=CARTESIAN_POINT('',(0.034,0.01434197732497,-0.032766867429018));
#7206=CARTESIAN_POINT('',(0.039,0.01434197732497,-0.032766867429018));
#7207=CARTESIAN_POINT('',(0.039,0.01934197732497,-0.032766867429018));
#7208=CARTESIAN_POINT('',(-4.06059159637577E-18,0.01934197732497,-0.032766867429018));
#7209=CARTESIAN_POINT('',(0.0575,0.01934197732497,-0.032766867429018));
#7210=CARTESIAN_POINT('',(-1.03007880003503E-14,0.01934197732497,-0.032766867429018));
#7211=CARTESIAN_POINT('',(0.0574994209029867,0.0196000389865522,-0.032766867429018));
#7212=CARTESIAN_POINT('',(0.0581810963036215,0.0196030983962608,-0.032766867429018));
#7213=CARTESIAN_POINT('',(0.0580098768901865,0.0202629276349896,-0.032766867429018));
#7214=CARTESIAN_POINT('',(0.0574944560903222,0.0201404251177874,-0.032766867429018));
#7215=CARTESIAN_POINT('',(0.0575691754829009,0.020156463834328,-0.032766867429018));
#7216=CARTESIAN_POINT('',(0.0577262961164234,0.0201918235406559,-0.032766867429018));
#7217=CARTESIAN_POINT('',(0.0579774889514199,0.0202536344017714,-0.032766867429018));
#7218=CARTESIAN_POINT('',(0.0582498420782394,0.0203264583852226,-0.032766867429018));
#7219=CARTESIAN_POINT('',(0.0585423519289044,0.0204109750156619,-0.032766867429018));
#7220=CARTESIAN_POINT('',(0.0588546510878157,0.0205080172130061,-0.032766867429018));
#7221=CARTESIAN_POINT('',(0.0591863468012814,0.0206184072662292,-0.032766867429018));
#7222=CARTESIAN_POINT('',(0.0595370220282911,0.0207429583284604,-0.032766867429018));
#7223=CARTESIAN_POINT('',(0.059906232574863,0.0208824652693602,-0.032766867429018));
#7224=CARTESIAN_POINT('',(0.06029351966376,0.0210377370767414,-0.032766867429018));
#7225=CARTESIAN_POINT('',(0.0606983625087879,0.0212094676191086,-0.032766867429018));
#7226=CARTESIAN_POINT('',(0.0611203639131872,0.0213987340182544,-0.032766867429018));
#7227=CARTESIAN_POINT('',(0.0615389966161125,0.0215958636731371,-0.032766867429018));
#7228=CARTESIAN_POINT('',(0.0618191685608097,0.0217360382108751,-0.032766867429018));
#7229=CARTESIAN_POINT('',(0.0619511642216683,0.0218023129890379,-0.032766867429018));
#7230=CARTESIAN_POINT('',(0.0619511642216683,0.0218023129890379,-0.032766867429018));
#7231=CARTESIAN_POINT('',(-6.93889390390723E-18,0.01934197732497,-0.032766867429018));
#7232=CARTESIAN_POINT('',(0.0618689643680923,0.023370779630832,-0.032766867429018));
#7233=CARTESIAN_POINT('',(0.0572629559648979,0.0245577106542355,-0.032766867429018));
#7234=CARTESIAN_POINT('',(0.0573389425392188,0.0245495701027449,-0.032766867429018));
#7235=CARTESIAN_POINT('',(0.0574988985452351,0.0245308276789577,-0.032766867429018));
#7236=CARTESIAN_POINT('',(0.0577551763139244,0.0244956122252328,-0.032766867429018));
#7237=CARTESIAN_POINT('',(0.0580336496408975,0.0244516558329952,-0.032766867429018));
#7238=CARTESIAN_POINT('',(0.0583333914854952,0.0243981777986812,-0.032766867429018));
#7239=CARTESIAN_POINT('',(0.058654123508698,0.0243343113598086,-0.032766867429018));
#7240=CARTESIAN_POINT('',(0.058995541060963,0.0242591976780484,-0.032766867429018));
#7241=CARTESIAN_POINT('',(0.0593573143835207,0.0241719844621534,-0.032766867429018));
#7242=CARTESIAN_POINT('',(0.0597390848022348,0.0240718347659281,-0.032766867429018));
#7243=CARTESIAN_POINT('',(0.0601404806153507,0.0239578960779999,-0.032766867429018));
#7244=CARTESIAN_POINT('',(0.0605610564186039,0.0238294238939679,-0.032766867429018));
#7245=CARTESIAN_POINT('',(0.061000529781006,0.0236853054742585,-0.032766867429018));
#7246=CARTESIAN_POINT('',(0.0614374748300718,0.0235330147493617,-0.032766867429018));
#7247=CARTESIAN_POINT('',(0.0617307641925601,0.023422894045238,-0.032766867429018));
#7248=CARTESIAN_POINT('',(0.0618689643680923,0.023370779630832,-0.032766867429018));
#7249=CARTESIAN_POINT('',(0.0577883582355607,0.0244897553627862,-0.032766867429018));
#7250=CARTESIAN_POINT('',(0.0578896687547906,0.0251638672900741,-0.032766867429018));
#7251=CARTESIAN_POINT('',(0.0572114078479299,0.0250956554579405,-0.032766867429018));
#7252=CARTESIAN_POINT('',(-1.0245276849119E-14,0.0193419773249689,-0.032766867429018));
#7253=CARTESIAN_POINT('',(0.0571574582701029,0.0256089514035379,-0.032766867429018));
#7254=CARTESIAN_POINT('',(0.0578350795861729,0.0256832485355556,-0.032766867429018));
#7255=CARTESIAN_POINT('',(0.0575958271942563,0.0263215658585076,-0.032766867429018));
#7256=CARTESIAN_POINT('',(0.0570960349233326,0.0261458582787664,-0.032766867429018));
#7257=CARTESIAN_POINT('',(0.0571686684928679,0.0261696194368221,-0.032766867429018));
#7258=CARTESIAN_POINT('',(0.0573212323073561,0.0262212090173487,-0.032766867429018));
#7259=CARTESIAN_POINT('',(0.0575645880873941,0.0263089380731257,-0.032766867429018));
#7260=CARTESIAN_POINT('',(0.0578278370562089,0.0264098317729885,-0.032766867429018));
#7261=CARTESIAN_POINT('',(0.0581099101138058,0.0265244610176637,-0.032766867429018));
#7262=CARTESIAN_POINT('',(0.0584103547934877,0.026653615758858,-0.032766867429018));
#7263=CARTESIAN_POINT('',(0.0587286945405057,0.0267980727270203,-0.032766867429018));
#7264=CARTESIAN_POINT('',(0.0590644296007967,0.0269585970280859,-0.032766867429018));
#7265=CARTESIAN_POINT('',(0.0594170351272159,0.027135932746422,-0.032766867429018));
#7266=CARTESIAN_POINT('',(0.0597859702935031,0.0273308364828417,-0.032766867429018));
#7267=CARTESIAN_POINT('',(0.0601706446373767,0.0275439438677852,-0.032766867429018));
#7268=CARTESIAN_POINT('',(0.060570550548077,0.0277762846040918,-0.032766867429018));
#7269=CARTESIAN_POINT('',(0.0609662842773641,0.0280160933952094,-0.032766867429018));
#7270=CARTESIAN_POINT('',(0.0612302691818144,0.0281847859849928,-0.032766867429018));
#7271=CARTESIAN_POINT('',(0.0613546141559171,0.028264495006574,-0.032766867429018));
#7272=CARTESIAN_POINT('',(0.0613546141559171,0.028264495006574,-0.032766867429018));
#7273=CARTESIAN_POINT('',(-6.93889390390723E-18,0.01934197732497,-0.032766867429018));
#7274=CARTESIAN_POINT('',(0.0611089151939864,0.0298157771996179,-0.032766867429018));
#7275=CARTESIAN_POINT('',(0.0564040709108782,0.0305147471105007,-0.032766867429018));
#7276=CARTESIAN_POINT('',(0.0564804921421319,0.0305145939136457,-0.032766867429018));
#7277=CARTESIAN_POINT('',(0.0566415310091671,0.0305126741183164,-0.032766867429018));
#7278=CARTESIAN_POINT('',(0.0569000858786858,0.0305044398998625,-0.032766867429018));
#7279=CARTESIAN_POINT('',(0.0571816283937681,0.0304898326942702,-0.032766867429018));
#7280=CARTESIAN_POINT('',(0.0574853181979239,0.0304679791726165,-0.032766867429018));
#7281=CARTESIAN_POINT('',(0.0578109690782547,0.0304379882262846,-0.032766867429018));
#7282=CARTESIAN_POINT('',(0.05815836782717,0.0303989738772032,-0.032766867429018));
#7283=CARTESIAN_POINT('',(0.0585272755810479,0.0303500540338884,-0.032766867429018));
#7284=CARTESIAN_POINT('',(0.0589174231153061,0.030290358843367,-0.032766867429018));
#7285=CARTESIAN_POINT('',(0.0593285298761149,0.0302190016110001,-0.032766867429018));
#7286=CARTESIAN_POINT('',(0.0597602307210818,0.030135195353436,-0.032766867429018));
#7287=CARTESIAN_POINT('',(0.0602123610793626,0.0300378039047281,-0.032766867429018));
#7288=CARTESIAN_POINT('',(0.0606628312131747,0.029932020638868,-0.032766867429018));
#7289=CARTESIAN_POINT('',(0.0609660246538239,0.0298531602738373,-0.032766867429018));
#7290=CARTESIAN_POINT('',(0.0611089151939864,0.0298157771996179,-0.032766867429018));
#7291=CARTESIAN_POINT('',(0.0569336982351147,0.030502083577198,-0.032766867429018));
#7292=CARTESIAN_POINT('',(0.0569639898808901,0.0311830924817027,-0.032766867429018));
#7293=CARTESIAN_POINT('',(0.0562965746362345,0.0310443567508339,-0.032766867429018));
#7294=CARTESIAN_POINT('',(-1.00770086719493E-14,0.0193419773249678,-0.032766867429018));
#7295=CARTESIAN_POINT('',(0.0561892665634448,0.03154920154107,-0.032766867429018));
#7296=CARTESIAN_POINT('',(0.0568554096340097,0.031693922380471,-0.032766867429018));
#7297=CARTESIAN_POINT('',(0.0565507455628841,0.0323037342494795,-0.032766867429018));
#7298=CARTESIAN_POINT('',(0.0560720576496094,0.0320767466962119,-0.032766867429018));
#7299=CARTESIAN_POINT('',(0.0561418096075141,0.0321079699635628,-0.032766867429018));
#7300=CARTESIAN_POINT('',(0.0562881450818904,0.0321752241920481,-0.032766867429018));
#7301=CARTESIAN_POINT('',(0.0565209975501183,0.0322879102645929,-0.032766867429018));
#7302=CARTESIAN_POINT('',(0.0567722581501377,0.0324157682683782,-0.032766867429018));
#7303=CARTESIAN_POINT('',(0.0570408039632198,0.0325592542252972,-0.032766867429018));
#7304=CARTESIAN_POINT('',(0.0573261024288896,0.0327191064639695,-0.032766867429018));
#7305=CARTESIAN_POINT('',(0.0576275984125748,0.0328960476462982,-0.032766867429018));
#7306=CARTESIAN_POINT('',(0.0579447149225694,0.033090786448364,-0.032766867429018));
#7307=CARTESIAN_POINT('',(0.058276852208901,0.0333040080168964,-0.032766867429018));
#7308=CARTESIAN_POINT('',(0.0586233933216919,0.0335364082762323,-0.032766867429018));
#7309=CARTESIAN_POINT('',(0.0589836845918015,0.0337885576546468,-0.032766867429018));
#7310=CARTESIAN_POINT('',(0.0593571135559596,0.034061427154387,-0.032766867429018));
#7311=CARTESIAN_POINT('',(0.0597256125700578,0.0343412876864407,-0.032766867429018));
#7312=CARTESIAN_POINT('',(0.0599705181604055,0.0345366500969548,-0.032766867429018));
#7313=CARTESIAN_POINT('',(0.0600858500981953,0.0346289200532336,-0.032766867429018));
#7314=CARTESIAN_POINT('',(0.0600858500981952,0.0346289200532336,-0.032766867429018));
#7315=CARTESIAN_POINT('',(-6.93889390390723E-18,0.01934197732497,-0.032766867429018));
#7316=CARTESIAN_POINT('',(0.0596793439571526,0.0361460216251936,-0.032766867429018));
#7317=CARTESIAN_POINT('',(0.0549272110526483,0.0363493723629432,-0.032766867429018));
#7318=CARTESIAN_POINT('',(0.0550032296538329,0.0363572081991805,-0.032766867429018));
#7319=CARTESIAN_POINT('',(0.0551635870063603,0.0363721320659885,-0.032766867429018));
#7320=CARTESIAN_POINT('',(0.055421586195452,0.0363909692986259,-0.032766867429018));
#7321=CARTESIAN_POINT('',(0.0557031132599315,0.0364058713192804,-0.032766867429018));
#7322=CARTESIAN_POINT('',(0.0560074237346,0.0364158817420433,-0.032766867429018));
#7323=CARTESIAN_POINT('',(0.056334425572867,0.0364200948753362,-0.032766867429018));
#7324=CARTESIAN_POINT('',(0.0566839993450416,0.0364176073083065,-0.032766867429018));
#7325=CARTESIAN_POINT('',(0.0570559996996894,0.0364075168136122,-0.032766867429018));
#7326=CARTESIAN_POINT('',(0.0574502498114627,0.0363889301617943,-0.032766867429018));
#7327=CARTESIAN_POINT('',(0.0578665633482633,0.0363609361897587,-0.032766867429018));
#7328=CARTESIAN_POINT('',(0.0583046594301473,0.0363227140575581,-0.032766867429018));
#7329=CARTESIAN_POINT('',(0.0587644931494871,0.0362731166209442,-0.032766867429018));
#7330=CARTESIAN_POINT('',(0.0592235529229925,0.0362149997977181,-0.032766867429018));
#7331=CARTESIAN_POINT('',(0.0595333285910195,0.0361682637824422,-0.032766867429018));
#7332=CARTESIAN_POINT('',(0.0596793439571526,0.0361460216251936,-0.032766867429018));
#7333=CARTESIAN_POINT('',(0.0554552607226624,0.0363921393321079,-0.032766867429018));
#7334=CARTESIAN_POINT('',(0.0554142016133734,0.0370725839377613,-0.032766867429018));
#7335=CARTESIAN_POINT('',(0.0547649443720088,0.0368648443258572,-0.032766867429018));
#7336=CARTESIAN_POINT('',(-9.80032027753097E-15,0.0193419773249668,-0.032766867429018));
#7337=CARTESIAN_POINT('',(0.0546054534939577,0.0373557067755647,-0.032766867429018));
#7338=CARTESIAN_POINT('',(0.0552528199161369,0.0375692657305476,-0.032766867429018));
#7339=CARTESIAN_POINT('',(0.0548860821291206,0.0381438909191643,-0.032766867429018));
#7340=CARTESIAN_POINT('',(0.0544337431784448,0.0378681103155043,-0.032766867429018));
#7341=CARTESIAN_POINT('',(0.0544998493076714,0.0379064536034993,-0.032766867429018));
#7342=CARTESIAN_POINT('',(0.0546383531598559,0.0379886356285422,-0.032766867429018));
#7343=CARTESIAN_POINT('',(0.0548581511359044,0.038125044105663,-0.032766867429018));
#7344=CARTESIAN_POINT('',(0.0550946705034148,0.0382784655743253,-0.032766867429018));
#7345=CARTESIAN_POINT('',(0.0553467468278573,0.0384492361813175,-0.032766867429018));
#7346=CARTESIAN_POINT('',(0.0556137732898225,0.0386380345428898,-0.032766867429018));
#7347=CARTESIAN_POINT('',(0.0558951222570854,0.0388455213347641,-0.032766867429018));
#7348=CARTESIAN_POINT('',(0.0561901458219394,0.0390723410387628,-0.032766867429018));
#7349=CARTESIAN_POINT('',(0.0564981759025701,0.0393191123573672,-0.032766867429018));
#7350=CARTESIAN_POINT('',(0.0568185261849146,0.0395864629137451,-0.032766867429018));
#7351=CARTESIAN_POINT('',(0.0571504869547091,0.0398748916842751,-0.032766867429018));
#7352=CARTESIAN_POINT('',(0.0574933476064485,0.040185300332108,-0.032766867429018));
#7353=CARTESIAN_POINT('',(0.0578305745530459,0.0405021463945442,-0.032766867429018));
#7354=CARTESIAN_POINT('',(0.0580537175923935,0.0407220381943371,-0.032766867429018));
#7355=CARTESIAN_POINT('',(0.0581587728930251,0.0408258581563639,-0.032766867429018));
#7356=CARTESIAN_POINT('',(0.0581587728930251,0.0408258581563639,-0.032766867429018));
#7357=CARTESIAN_POINT('',(-6.93889390390723E-18,0.01934197732497,-0.032766867429018));
#7358=CARTESIAN_POINT('',(0.0575959133392186,0.0422921574249436,-0.032766867429018));
#7359=CARTESIAN_POINT('',(0.0528485571758677,0.0419976610363235,-0.032766867429018));
#7360=CARTESIAN_POINT('',(0.0529233402712808,0.0420134000545916,-0.032766867429018));
#7361=CARTESIAN_POINT('',(0.0530812592005891,0.042045004074529,-0.032766867429018));
#7362=CARTESIAN_POINT('',(0.0533358760161482,0.0420907063735952,-0.032766867429018));
#7363=CARTESIAN_POINT('',(0.0536143031605933,0.0421349543508395,-0.032766867429018));
#7364=CARTESIAN_POINT('',(0.053915900216533,0.0421767190417325,-0.032766867429018));
#7365=CARTESIAN_POINT('',(0.0542406703121665,0.0422150900946801,-0.032766867429018));
#7366=CARTESIAN_POINT('',(0.0545885891041995,0.042249156564007,-0.032766867429018));
#7367=CARTESIAN_POINT('',(0.0549596063458855,0.0422780059715048,-0.032766867429018));
#7368=CARTESIAN_POINT('',(0.0553536395484473,0.042300731497637,-0.032766867429018));
#7369=CARTESIAN_POINT('',(0.0557705986430114,0.0423164074937486,-0.032766867429018));
#7370=CARTESIAN_POINT('',(0.0562102900894617,0.0423241882565904,-0.032766867429018));
#7371=CARTESIAN_POINT('',(0.0566727891354051,0.0423229282319649,-0.032766867429018));
#7372=CARTESIAN_POINT('',(0.0571354089936608,0.0423131145914498,-0.032766867429018));
#7373=CARTESIAN_POINT('',(0.0574483729220221,0.0422990149754923,-0.032766867429018));
#7374=CARTESIAN_POINT('',(0.0575959133392186,0.0422921574249436,-0.032766867429018));
#7375=CARTESIAN_POINT('',(0.0533692437689734,0.0420953899440919,-0.032766867429018));
#7376=CARTESIAN_POINT('',(0.0532572837568134,0.0427678151574023,-0.032766867429018));
#7377=CARTESIAN_POINT('',(0.0526332979169421,0.0424933477031231,-0.032766867429018));
#7378=CARTESIAN_POINT('',(-9.41434430412613E-15,0.0193419773249658,-0.032766867429018));
#7379=CARTESIAN_POINT('',(0.0524233716490649,0.0429648498205835,-0.032766867429018));
#7380=CARTESIAN_POINT('',(0.053044868740867,0.0432449070945473,-0.032766867429018));
#7381=CARTESIAN_POINT('',(0.0526200752938994,0.0437780498889579,-0.032766867429018));
#7382=CARTESIAN_POINT('',(0.052199041226024,0.0434564977449098,-0.032766867429018));
#7383=CARTESIAN_POINT('',(0.0522607772539872,0.043501540956462,-0.032766867429018));
#7384=CARTESIAN_POINT('',(0.0523899320067916,0.0435977503745983,-0.032766867429018));
#7385=CARTESIAN_POINT('',(0.0525942673380393,0.0437563867364744,-0.032766867429018));
#7386=CARTESIAN_POINT('',(0.0528134541173556,0.0439336907522975,-0.032766867429018));
#7387=CARTESIAN_POINT('',(0.0530462991521973,0.0441298750108567,-0.032766867429018));
#7388=CARTESIAN_POINT('',(0.0532921280126619,0.0443455509809711,-0.032766867429018));
#7389=CARTESIAN_POINT('',(0.0535502474453411,0.0445813101136796,-0.032766867429018));
#7390=CARTESIAN_POINT('',(0.0538199457251402,0.0448377256354693,-0.032766867429018));
#7391=CARTESIAN_POINT('',(0.0541004937580473,0.0451153430259388,-0.032766867429018));
#7392=CARTESIAN_POINT('',(0.0543911433852143,0.0454147147307164,-0.032766867429018));
#7393=CARTESIAN_POINT('',(0.0546911366230325,0.0457362628073944,-0.032766867429018));
#7394=CARTESIAN_POINT('',(0.0549996725093047,0.0460808097012171,-0.032766867429018));
#7395=CARTESIAN_POINT('',(0.0553019326594051,0.0464311698622714,-0.032766867429018));
#7396=CARTESIAN_POINT('',(0.0555008683459179,0.0466731818707692,-0.032766867429018));
#7397=CARTESIAN_POINT('',(0.0555944960015333,0.0467874143653143,-0.032766867429018));
#7398=CARTESIAN_POINT('',(0.0555944960015332,0.0467874143653143,-0.032766867429018));
#7399=CARTESIAN_POINT('',(-6.93889390390723E-18,0.01934197732497,-0.032766867429018));
#7400=CARTESIAN_POINT('',(0.0548814498420203,0.0481868462488845,-0.032766867429018));
#7401=CARTESIAN_POINT('',(0.0501908834473967,0.0473977292979556,-0.032766867429018));
#7402=CARTESIAN_POINT('',(0.0502636116977955,0.0474211990582767,-0.032766867429018));
#7403=CARTESIAN_POINT('',(0.0504173620110486,0.0474691369710877,-0.032766867429018));
#7404=CARTESIAN_POINT('',(0.0506658068179619,0.0475412036126301,-0.032766867429018));
#7405=CARTESIAN_POINT('',(0.0509380835363134,0.0476143127563662,-0.032766867429018));
#7406=CARTESIAN_POINT('',(0.0512336628130661,0.0476873741326961,-0.032766867429018));
#7407=CARTESIAN_POINT('',(0.0515526429169358,0.0477594827040126,-0.032766867429018));
#7408=CARTESIAN_POINT('',(0.0518950948577352,0.0478297299703292,-0.032766867429018));
#7409=CARTESIAN_POINT('',(0.052261064043919,0.0478972031998734,-0.032766867429018));
#7410=CARTESIAN_POINT('',(0.0526505632270453,0.0479609919183359,-0.032766867429018));
#7411=CARTESIAN_POINT('',(0.0530635995882784,0.0480201661331008,-0.032766867429018));
#7412=CARTESIAN_POINT('',(0.0535000690477966,0.048073864543319,-0.032766867429018));
#7413=CARTESIAN_POINT('',(0.053960166184012,0.0481209557357755,-0.032766867429018));
#7414=CARTESIAN_POINT('',(0.0544212775670416,0.0481595527982706,-0.032766867429018));
#7415=CARTESIAN_POINT('',(0.054734000857446,0.0481782440599743,-0.032766867429018));
#7416=CARTESIAN_POINT('',(0.0548814498420203,0.0481868462488845,-0.032766867429018));
#7417=CARTESIAN_POINT('',(0.0506985022123191,0.0475493494059631,-0.032766867429018));
#7418=CARTESIAN_POINT('',(0.0505168679546105,0.0482063879955795,-0.032766867429018));
#7419=CARTESIAN_POINT('',(0.0499249900356716,0.0478681998217903,-0.032766867429018));
#7420=CARTESIAN_POINT('',(-8.9234175604247E-15,0.0193419773249648,-0.032766867429018));
#7421=CARTESIAN_POINT('',(0.0496669283740893,0.0483151757311364,-0.032766867429018));
#7422=CARTESIAN_POINT('',(0.0502557468833197,0.0486586629579821,-0.032766867429018));
#7423=CARTESIAN_POINT('',(0.0497775519022995,0.0491444821341634,-0.032766867429018));
#7424=CARTESIAN_POINT('',(0.0493924356545792,0.0487806814423067,-0.032766867429018));
#7425=CARTESIAN_POINT('',(0.0494491251884375,0.0488319310745642,-0.032766867429018));
#7426=CARTESIAN_POINT('',(0.0495675157953627,0.0489411137952758,-0.032766867429018));
#7427=CARTESIAN_POINT('',(0.0497541497411606,0.0491202399887298,-0.032766867429018));
#7428=CARTESIAN_POINT('',(0.0499536024760607,0.0493194839718131,-0.032766867429018));
#7429=CARTESIAN_POINT('',(0.0501646651223741,0.0495389324461483,-0.032766867429018));
#7430=CARTESIAN_POINT('',(0.0503866030288998,0.0497791230337431,-0.032766867429018));
#7431=CARTESIAN_POINT('',(0.0506186649164759,0.0500405714808923,-0.032766867429018));
#7432=CARTESIAN_POINT('',(0.0508600830404286,0.0503237734783577,-0.032766867429018));
#7433=CARTESIAN_POINT('',(0.0511100752826551,0.0506291953064671,-0.032766867429018));
#7434=CARTESIAN_POINT('',(0.0513678398365071,0.0509573081805992,-0.032766867429018));
#7435=CARTESIAN_POINT('',(0.0516325787536579,0.0513084526154089,-0.032766867429018));
#7436=CARTESIAN_POINT('',(0.0519034094907275,0.0516833628273516,-0.032766867429018));
#7437=CARTESIAN_POINT('',(0.0521673912188745,0.0520633984677819,-0.032766867429018));
#7438=CARTESIAN_POINT('',(0.0523399399715409,0.0523248791507753,-0.032766867429018));
#7439=CARTESIAN_POINT('',(0.0524211141779524,0.0524482726227239,-0.032766867429018));
#7440=CARTESIAN_POINT('',(0.0524211141779524,0.0524482726227239,-0.032766867429018));
#7441=CARTESIAN_POINT('',(-6.93889390390723E-18,0.01934197732497,-0.032766867429018));
#7442=CARTESIAN_POINT('',(0.0515656936956712,0.053765504652718,-0.032766867429018));
#7443=CARTESIAN_POINT('',(0.0469833078967585,0.0524904128699281,-0.032766867429018));
#7444=CARTESIAN_POINT('',(0.0470531844762122,0.0525213562326968,-0.032766867429018));
#7445=CARTESIAN_POINT('',(0.0472010816528038,0.0525851028205768,-0.032766867429018));
#7446=CARTESIAN_POINT('',(0.0474406324377764,0.0526827442273899,-0.032766867429018));
#7447=CARTESIAN_POINT('',(0.0477037756093303,0.05278391353854,-0.032766867429018));
#7448=CARTESIAN_POINT('',(0.047990098678486,0.0528874711245784,-0.032766867429018));
#7449=CARTESIAN_POINT('',(0.0482997939778232,0.052992527177667,-0.032766867429018));
#7450=CARTESIAN_POINT('',(0.0486330270922627,0.0530981855972233,-0.032766867429018));
#7451=CARTESIAN_POINT('',(0.0489899385879567,0.0532035433979914,-0.032766867429018));
#7452=CARTESIAN_POINT('',(0.0493706363170891,0.053307696426236,-0.032766867429018));
#7453=CARTESIAN_POINT('',(0.0497752246321843,0.0534097205345743,-0.032766867429018));
#7454=CARTESIAN_POINT('',(0.0502036900540346,0.0535087482611494,-0.032766867429018));
#7455=CARTESIAN_POINT('',(0.0506563443600161,0.0536036747297289,-0.032766867429018));
#7456=CARTESIAN_POINT('',(0.0511108952350134,0.0536902596177405,-0.032766867429018));
#7457=CARTESIAN_POINT('',(0.0514199516256498,0.0537415369717309,-0.032766867429018));
#7458=CARTESIAN_POINT('',(0.0515656936956712,0.053765504652718,-0.032766867429018));
#7459=CARTESIAN_POINT('',(0.0474722972560831,0.0526942629965428,-0.032766867429018));
#7460=CARTESIAN_POINT('',(0.0472229787757628,0.0533287163101832,-0.032766867429018));
#7461=CARTESIAN_POINT('',(0.0466696935160945,0.0529305126772864,-0.032766867429018));
#7462=CARTESIAN_POINT('',(-8.33708102554454E-15,0.0193419773249639,-0.032766867429018));
#7463=CARTESIAN_POINT('',(0.0463663238383741,0.0533480652169198,-0.032766867429018));
#7464=CARTESIAN_POINT('',(0.0469160125462277,0.0537512190787105,-0.032766867429018));
#7465=CARTESIAN_POINT('',(0.0463896552354357,0.0541843919001044,-0.032766867429018));
#7466=CARTESIAN_POINT('',(0.0460446762220713,0.0537823285369491,-0.032766867429018));
#7467=CARTESIAN_POINT('',(0.0460956981594286,0.0538392230882163,-0.032766867429018));
#7468=CARTESIAN_POINT('',(0.0462020275082103,0.0539601828827671,-0.032766867429018));
#7469=CARTESIAN_POINT('',(0.0463689152679925,0.0541578363637389,-0.032766867429018));
#7470=CARTESIAN_POINT('',(0.0465464487125748,0.0543768373553093,-0.032766867429018));
#7471=CARTESIAN_POINT('',(0.0467334165238392,0.0546171457220132,-0.032766867429018));
#7472=CARTESIAN_POINT('',(0.0469290318782785,0.0548792193487475,-0.032766867429018));
#7473=CARTESIAN_POINT('',(0.0471324937021493,0.0551634926264387,-0.032766867429018));
#7474=CARTESIAN_POINT('',(0.0473429866427695,0.0554703782792318,-0.032766867429018));
#7475=CARTESIAN_POINT('',(0.0475596841269953,0.0558002582795188,-0.032766867429018));
#7476=CARTESIAN_POINT('',(0.0477817394851396,0.0561535174496945,-0.032766867429018));
#7477=CARTESIAN_POINT('',(0.0480083235466466,0.0565304110307263,-0.032766867429018));
#7478=CARTESIAN_POINT('',(0.0482384818562832,0.0569315769660521,-0.032766867429018));
#7479=CARTESIAN_POINT('',(0.0484612929234214,0.0573371243358542,-0.032766867429018));
#7480=CARTESIAN_POINT('',(0.0486055642619992,0.057615208856262,-0.032766867429018));
#7481=CARTESIAN_POINT('',(0.0486733956576146,0.0577464113809135,-0.032766867429018));
#7482=CARTESIAN_POINT('',(0.0486733956576145,0.0577464113809135,-0.032766867429018));
#7483=CARTESIAN_POINT('',(-6.93889390390723E-18,0.01934197732497,-0.032766867429018));
#7484=CARTESIAN_POINT('',(0.0476849730183772,0.0589670116875625,-0.032766867429018));
#7485=CARTESIAN_POINT('',(0.043260973392914,0.0572199152453139,-0.032766867429018));
#7486=CARTESIAN_POINT('',(0.0433272327189958,0.0572579931885725,-0.032766867429018));
#7487=CARTESIAN_POINT('',(0.0434676563665095,0.0573368500305648,-0.032766867429018));
#7488=CARTESIAN_POINT('',(0.043695688561012,0.0574589964229628,-0.032766867429018));
#7489=CARTESIAN_POINT('',(0.0439468151341147,0.0575871174693828,-0.032766867429018));
#7490=CARTESIAN_POINT('',(0.0442207449802107,0.0577200366665464,-0.032766867429018));
#7491=CARTESIAN_POINT('',(0.0445177623885079,0.0578568891853049,-0.032766867429018));
#7492=CARTESIAN_POINT('',(0.0448381257048522,0.0579968011423459,-0.032766867429018));
#7493=CARTESIAN_POINT('',(0.045182069113021,0.0581388891922251,-0.032766867429018));
#7494=CARTESIAN_POINT('',(0.0455497943841731,0.0582822654078789,-0.032766867429018));
#7495=CARTESIAN_POINT('',(0.0459415018988845,0.0584260216123097,-0.032766867429018));
#7496=CARTESIAN_POINT('',(0.0463572689262431,0.0585692936867466,-0.032766867429018));
#7497=CARTESIAN_POINT('',(0.0467975210266904,0.0587110153971946,-0.032766867429018));
#7498=CARTESIAN_POINT('',(0.0472405312391479,0.0588446394685705,-0.032766867429018));
#7499=CARTESIAN_POINT('',(0.0475425346435262,0.0589279411094268,-0.032766867429018));
#7500=CARTESIAN_POINT('',(0.0476849730183772,0.0589670116875625,-0.032766867429018));
#7501=CARTESIAN_POINT('',(0.0437259758768926,0.0574737619658903,-0.032766867429018));
#7502=CARTESIAN_POINT('',(0.0434117047594042,0.0580786788002825,-0.032766867429018));
#7503=CARTESIAN_POINT('',(0.0429030740680938,0.0576248225106097,-0.032766867429018));
#7504=CARTESIAN_POINT('',(-7.6588041464376E-15,0.0193419773249631,-0.032766867429018));
#7505=CARTESIAN_POINT('',(0.0425577201559088,0.0580083768875276,-0.032766867429018));
#7506=CARTESIAN_POINT('',(0.0430622565578724,0.0584667803461883,-0.032766867429018));
#7507=CARTESIAN_POINT('',(0.042493503798153,0.0588425608807161,-0.032766867429018));
#7508=CARTESIAN_POINT('',(0.0421924416814064,0.0584066399366062,-0.032766867429018));
#7509=CARTESIAN_POINT('',(0.04223723701524,0.0584685560582735,-0.032766867429018));
#7510=CARTESIAN_POINT('',(0.0423303401392821,0.0585999676658419,-0.032766867429018));
#7511=CARTESIAN_POINT('',(0.042475653255829,0.0588139829014324,-0.032766867429018));
#7512=CARTESIAN_POINT('',(0.0426293223165233,0.0590503414807973,-0.032766867429018));
#7513=CARTESIAN_POINT('',(0.0427901468342729,0.0593088768711164,-0.032766867429018));
#7514=CARTESIAN_POINT('',(0.0429572964338675,0.0595899622034934,-0.032766867429018));
#7515=CARTESIAN_POINT('',(0.0431299290237134,0.0598939457542083,-0.032766867429018));
#7516=CARTESIAN_POINT('',(0.0433071905762954,0.0602211527588971,-0.032766867429018));
#7517=CARTESIAN_POINT('',(0.0434882191195364,0.0605718766970467,-0.032766867429018));
#7518=CARTESIAN_POINT('',(0.0436721323970011,0.0609464117818732,-0.032766867429018));
#7519=CARTESIAN_POINT('',(0.0438580791004705,0.0613449251841834,-0.032766867429018));
#7520=CARTESIAN_POINT('',(0.0440450433200702,0.0617679515849553,-0.032766867429018));
#7521=CARTESIAN_POINT('',(0.0442242425615219,0.0621945674222796,-0.032766867429018));
#7522=CARTESIAN_POINT('',(0.0443386558190348,0.0624862090279032,-0.032766867429018));
#7523=CARTESIAN_POINT('',(0.044392401228889,0.0626237831229417,-0.032766867429018));
#7524=CARTESIAN_POINT('',(0.044392401228889,0.0626237831229417,-0.032766867429018));
#7525=CARTESIAN_POINT('',(-6.93889390390723E-18,0.01934197732497,-0.032766867429018));
#7526=CARTESIAN_POINT('',(0.0432818057979717,0.063734378553859,-0.032766867429018));
#7527=CARTESIAN_POINT('',(0.0390646626116362,0.0615344190063764,-0.032766867429018));
#7528=CARTESIAN_POINT('',(0.0391265787333035,0.0615792143402101,-0.032766867429018));
#7529=CARTESIAN_POINT('',(0.0392579903408719,0.0616723174642522,-0.032766867429018));
#7530=CARTESIAN_POINT('',(0.0394720055764623,0.0618176305807991,-0.032766867429018));
#7531=CARTESIAN_POINT('',(0.0397083641558273,0.0619712996414933,-0.032766867429018));
#7532=CARTESIAN_POINT('',(0.0399668995461464,0.0621321241592429,-0.032766867429018));
#7533=CARTESIAN_POINT('',(0.0402479848785233,0.0622992737588375,-0.032766867429018));
#7534=CARTESIAN_POINT('',(0.0405519684292383,0.0624719063486834,-0.032766867429018));
#7535=CARTESIAN_POINT('',(0.0408791754339272,0.0626491679012654,-0.032766867429018));
#7536=CARTESIAN_POINT('',(0.0412298993720767,0.0628301964445064,-0.032766867429018));
#7537=CARTESIAN_POINT('',(0.0416044344569032,0.0630141097219711,-0.032766867429018));
#7538=CARTESIAN_POINT('',(0.0420029478592134,0.0632000564254405,-0.032766867429018));
#7539=CARTESIAN_POINT('',(0.0424259742599854,0.0633870206450402,-0.032766867429018));
#7540=CARTESIAN_POINT('',(0.0428525900973096,0.0635662198864919,-0.032766867429018));
#7541=CARTESIAN_POINT('',(0.0431442317029332,0.0636806331440048,-0.032766867429018));
#7542=CARTESIAN_POINT('',(0.0432818057979717,0.063734378553859,-0.032766867429018));
#7543=CARTESIAN_POINT('',(0.039500583555746,0.061835481123123,-0.032766867429018));
#7544=CARTESIAN_POINT('',(0.0391248030212183,0.0624042338828424,-0.032766867429018));
#7545=CARTESIAN_POINT('',(0.0386663995625576,0.0618996974808788,-0.032766867429018));
#7546=CARTESIAN_POINT('',(-6.89726054048379E-15,0.0193419773249623,-0.032766867429018));
#7547=CARTESIAN_POINT('',(0.0382828451856397,0.0622450513930638,-0.032766867429018));
#7548=CARTESIAN_POINT('',(0.0387367014753124,0.0627536820843742,-0.032766867429018));
#7549=CARTESIAN_POINT('',(0.0381317846409203,0.0630679532018626,-0.032766867429018));
#7550=CARTESIAN_POINT('',(0.0378779379203439,0.0626029507178841,-0.032766867429018));
#7551=CARTESIAN_POINT('',(0.0379160158636025,0.0626692100439657,-0.032766867429018));
#7552=CARTESIAN_POINT('',(0.0379948727055949,0.0628096336914795,-0.032766867429018));
#7553=CARTESIAN_POINT('',(0.0381170190979928,0.0630376658859819,-0.032766867429018));
#7554=CARTESIAN_POINT('',(0.0382451401444127,0.0632887924590846,-0.032766867429018));
#7555=CARTESIAN_POINT('',(0.0383780593415764,0.0635627223051807,-0.032766867429018));
#7556=CARTESIAN_POINT('',(0.0385149118603349,0.0638597397134779,-0.032766867429018));
#7557=CARTESIAN_POINT('',(0.0386548238173759,0.0641801030298222,-0.032766867429018));
#7558=CARTESIAN_POINT('',(0.0387969118672551,0.064524046437991,-0.032766867429018));
#7559=CARTESIAN_POINT('',(0.0389402880829089,0.0648917717091431,-0.032766867429018));
#7560=CARTESIAN_POINT('',(0.0390840442873397,0.0652834792238545,-0.032766867429018));
#7561=CARTESIAN_POINT('',(0.0392273163617766,0.0656992462512131,-0.032766867429018));
#7562=CARTESIAN_POINT('',(0.0393690380722246,0.0661394983516604,-0.032766867429018));
#7563=CARTESIAN_POINT('',(0.0395026621436005,0.0665825085641179,-0.032766867429018));
#7564=CARTESIAN_POINT('',(0.0395859637844568,0.0668845119684962,-0.032766867429018));
#7565=CARTESIAN_POINT('',(0.0396250343625925,0.0670269503433472,-0.032766867429018));
#7566=CARTESIAN_POINT('',(0.0396250343625925,0.0670269503433472,-0.032766867429018));
#7567=CARTESIAN_POINT('',(-6.93889390390723E-18,0.01934197732497,-0.032766867429018));
#7568=CARTESIAN_POINT('',(0.0384044340559435,0.0680153729825845,-0.032766867429018));
#7569=CARTESIAN_POINT('',(0.034440351211979,0.0653866535470413,-0.032766867429018));
#7570=CARTESIAN_POINT('',(0.0344972457632464,0.0654376754843986,-0.032766867429018));
#7571=CARTESIAN_POINT('',(0.0346182055577971,0.0655440048331803,-0.032766867429018));
#7572=CARTESIAN_POINT('',(0.0348158590387689,0.0657108925929625,-0.032766867429018));
#7573=CARTESIAN_POINT('',(0.0350348600303393,0.0658884260375448,-0.032766867429018));
#7574=CARTESIAN_POINT('',(0.0352751683970432,0.0660753938488092,-0.032766867429018));
#7575=CARTESIAN_POINT('',(0.0355372420237774,0.0662710092032485,-0.032766867429018));
#7576=CARTESIAN_POINT('',(0.0358215153014687,0.0664744710271193,-0.032766867429018));
#7577=CARTESIAN_POINT('',(0.0361284009542619,0.0666849639677395,-0.032766867429018));
#7578=CARTESIAN_POINT('',(0.0364582809545489,0.0669016614519653,-0.032766867429018));
#7579=CARTESIAN_POINT('',(0.0368115401247244,0.0671237168101096,-0.032766867429018));
#7580=CARTESIAN_POINT('',(0.0371884337057563,0.0673503008716165,-0.032766867429018));
#7581=CARTESIAN_POINT('',(0.037589599641082,0.0675804591812532,-0.032766867429018));
#7582=CARTESIAN_POINT('',(0.0379951470108842,0.0678032702483914,-0.032766867429018));
#7583=CARTESIAN_POINT('',(0.038273231531292,0.0679475415869692,-0.032766867429018));
#7584=CARTESIAN_POINT('',(0.0384044340559435,0.0680153729825845,-0.032766867429018));
#7585=CARTESIAN_POINT('',(0.0348424145751343,0.0657316325604057,-0.032766867429018));
#7586=CARTESIAN_POINT('',(0.0344092417537405,0.0662579898711977,-0.032766867429018));
#7587=CARTESIAN_POINT('',(0.0340060878919498,0.0657083011633441,-0.032766867429018));
#7588=CARTESIAN_POINT('',(-6.05765437811101E-15,0.0193419773249616,-0.032766867429018));
#7589=CARTESIAN_POINT('',(0.0335885353523164,0.0660116708410644,-0.032766867429018));
#7590=CARTESIAN_POINT('',(0.0339867389852131,0.0665649561007328,-0.032766867429018));
#7591=CARTESIAN_POINT('',(0.0333522856715728,0.0668142745810531,-0.032766867429018));
#7592=CARTESIAN_POINT('',(0.033148435544958,0.0663252852217284,-0.032766867429018));
#7593=CARTESIAN_POINT('',(0.0331793789077268,0.0663951618011822,-0.032766867429018));
#7594=CARTESIAN_POINT('',(0.0332431254956068,0.0665430589777738,-0.032766867429018));
#7595=CARTESIAN_POINT('',(0.03334076690242,0.0667826097627463,-0.032766867429018));
#7596=CARTESIAN_POINT('',(0.03344193621357,0.0670457529343003,-0.032766867429018));
#7597=CARTESIAN_POINT('',(0.0335454937996085,0.067332076003456,-0.032766867429018));
#7598=CARTESIAN_POINT('',(0.0336505498526969,0.0676417713027932,-0.032766867429018));
#7599=CARTESIAN_POINT('',(0.0337562082722533,0.0679750044172327,-0.032766867429018));
#7600=CARTESIAN_POINT('',(0.0338615660730214,0.0683319159129267,-0.032766867429018));
#7601=CARTESIAN_POINT('',(0.033965719101266,0.0687126136420591,-0.032766867429018));
#7602=CARTESIAN_POINT('',(0.0340677432096043,0.0691172019571543,-0.032766867429018));
#7603=CARTESIAN_POINT('',(0.0341667709361794,0.0695456673790046,-0.032766867429018));
#7604=CARTESIAN_POINT('',(0.0342616974047589,0.0699983216849861,-0.032766867429018));
#7605=CARTESIAN_POINT('',(0.0343482822927704,0.0704528725599834,-0.032766867429018));
#7606=CARTESIAN_POINT('',(0.0343995596467608,0.0707619289506198,-0.032766867429018));
#7607=CARTESIAN_POINT('',(0.034423527327748,0.0709076710206412,-0.032766867429018));
#7608=CARTESIAN_POINT('',(0.034423527327748,0.0709076710206412,-0.032766867429018));
#7609=CARTESIAN_POINT('',(-6.93889390390723E-18,0.01934197732497,-0.032766867429018));
#7610=CARTESIAN_POINT('',(0.0331062952977538,0.0717630915029224,-0.032766867429018));
#7611=CARTESIAN_POINT('',(0.0294387041173367,0.0687344129795492,-0.032766867429018));
#7612=CARTESIAN_POINT('',(0.0294899537495943,0.0687911025134075,-0.032766867429018));
#7613=CARTESIAN_POINT('',(0.0295991364703058,0.0689094931203327,-0.032766867429018));
#7614=CARTESIAN_POINT('',(0.0297782626637598,0.0690961270661305,-0.032766867429018));
#7615=CARTESIAN_POINT('',(0.0299775066468431,0.0692955798010307,-0.032766867429018));
#7616=CARTESIAN_POINT('',(0.0301969551211783,0.0695066424473441,-0.032766867429018));
#7617=CARTESIAN_POINT('',(0.0304371457087731,0.0697285803538698,-0.032766867429018));
#7618=CARTESIAN_POINT('',(0.0306985941559223,0.0699606422414459,-0.032766867429018));
#7619=CARTESIAN_POINT('',(0.0309817961533877,0.0702020603653986,-0.032766867429018));
#7620=CARTESIAN_POINT('',(0.0312872179814971,0.0704520526076251,-0.032766867429018));
#7621=CARTESIAN_POINT('',(0.0316153308556293,0.0707098171614771,-0.032766867429018));
#7622=CARTESIAN_POINT('',(0.0319664752904389,0.0709745560786279,-0.032766867429018));
#7623=CARTESIAN_POINT('',(0.0323413855023817,0.0712453868156975,-0.032766867429018));
#7624=CARTESIAN_POINT('',(0.032721421142812,0.0715093685438445,-0.032766867429018));
#7625=CARTESIAN_POINT('',(0.0329829018258053,0.0716819172965109,-0.032766867429018));
#7626=CARTESIAN_POINT('',(0.0331062952977538,0.0717630915029224,-0.032766867429018));
#7627=CARTESIAN_POINT('',(0.0298025048091934,0.0691195292272695,-0.032766867429018));
#7628=CARTESIAN_POINT('',(0.0293166856330121,0.0695977242082897,-0.032766867429018));
#7629=CARTESIAN_POINT('',(0.0289731984061664,0.0690089056990593,-0.032766867429018));
#7630=CARTESIAN_POINT('',(-5.15906761755502E-15,0.019341977324961,-0.032766867429018));
#7631=CARTESIAN_POINT('',(0.0285262224968202,0.0692669673606415,-0.032766867429018));
#7632=CARTESIAN_POINT('',(0.0288644106706095,0.0698588452795805,-0.032766867429018));
#7633=CARTESIAN_POINT('',(0.0282073720809931,0.0700404795372892,-0.032766867429018));
#7634=CARTESIAN_POINT('',(0.0280557519729856,0.0695328607723667,-0.032766867429018));
#7635=CARTESIAN_POINT('',(0.0280792217333068,0.0696055890227655,-0.032766867429018));
#7636=CARTESIAN_POINT('',(0.0281271596461177,0.0697593393360186,-0.032766867429018));
#7637=CARTESIAN_POINT('',(0.0281992262876601,0.0700077841429319,-0.032766867429018));
#7638=CARTESIAN_POINT('',(0.0282723354313963,0.0702800608612833,-0.032766867429018));
#7639=CARTESIAN_POINT('',(0.028345396807726,0.0705756401380361,-0.032766867429018));
#7640=CARTESIAN_POINT('',(0.0284175053790427,0.0708946202419058,-0.032766867429018));
#7641=CARTESIAN_POINT('',(0.0284877526453591,0.0712370721827051,-0.032766867429018));
#7642=CARTESIAN_POINT('',(0.0285552258749035,0.071603041368889,-0.032766867429018));
#7643=CARTESIAN_POINT('',(0.0286190145933659,0.0719925405520153,-0.032766867429018));
#7644=CARTESIAN_POINT('',(0.0286781888081308,0.0724055769132484,-0.032766867429018));
#7645=CARTESIAN_POINT('',(0.028731887218349,0.0728420463727666,-0.032766867429018));
#7646=CARTESIAN_POINT('',(0.0287789784108055,0.073302143508982,-0.032766867429018));
#7647=CARTESIAN_POINT('',(0.0288175754733006,0.0737632548920116,-0.032766867429018));
#7648=CARTESIAN_POINT('',(0.0288362667350044,0.074075978182416,-0.032766867429018));
#7649=CARTESIAN_POINT('',(0.0288448689239145,0.0742234271669903,-0.032766867429018));
#7650=CARTESIAN_POINT('',(0.0288448689239145,0.0742234271669903,-0.032766867429018));
#7651=CARTESIAN_POINT('',(-6.93889390390723E-18,0.01934197732497,-0.032766867429018));
#7652=CARTESIAN_POINT('',(0.0274454370403443,0.0749364733265032,-0.032766867429018));
#7653=CARTESIAN_POINT('',(0.0241145204199398,0.071541018550994,-0.032766867429018));
#7654=CARTESIAN_POINT('',(0.024159563631492,0.0716027545789571,-0.032766867429018));
#7655=CARTESIAN_POINT('',(0.0242557730496283,0.0717319093317616,-0.032766867429018));
#7656=CARTESIAN_POINT('',(0.0244144094115044,0.0719362446630092,-0.032766867429018));
#7657=CARTESIAN_POINT('',(0.0245917134273275,0.0721554314423255,-0.032766867429018));
#7658=CARTESIAN_POINT('',(0.0247878976858867,0.0723882764771673,-0.032766867429018));
#7659=CARTESIAN_POINT('',(0.025003573656001,0.0726341053376319,-0.032766867429018));
#7660=CARTESIAN_POINT('',(0.0252393327887096,0.0728922247703111,-0.032766867429018));
#7661=CARTESIAN_POINT('',(0.0254957483104993,0.0731619230501101,-0.032766867429018));
#7662=CARTESIAN_POINT('',(0.0257733657009688,0.0734424710830172,-0.032766867429018));
#7663=CARTESIAN_POINT('',(0.0260727374057464,0.0737331207101843,-0.032766867429018));
#7664=CARTESIAN_POINT('',(0.0263942854824243,0.0740331139480025,-0.032766867429018));
#7665=CARTESIAN_POINT('',(0.0267388323762471,0.0743416498342747,-0.032766867429018));
#7666=CARTESIAN_POINT('',(0.0270891925373014,0.0746439099843751,-0.032766867429018));
#7667=CARTESIAN_POINT('',(0.0273312045457992,0.0748428456708878,-0.032766867429018));
#7668=CARTESIAN_POINT('',(0.0274454370403443,0.0749364733265032,-0.032766867429018));
#7669=CARTESIAN_POINT('',(0.0244360725639878,0.0719620526188693,-0.032766867429018));
#7670=CARTESIAN_POINT('',(0.0239029297695773,0.072386846065837,-0.032766867429018));
#7671=CARTESIAN_POINT('',(0.0236228724956135,0.071765348974035,-0.032766867429018));
#7672=CARTESIAN_POINT('',(-4.20150025881583E-15,0.0193419773249605,-0.032766867429018));
#7673=CARTESIAN_POINT('',(0.0231513703781531,0.071975275241912,-0.032766867429018));
#7674=CARTESIAN_POINT('',(0.0234258378324323,0.0725992610817833,-0.032766867429018));
#7675=CARTESIAN_POINT('',(0.0227534126191219,0.0727112210939434,-0.032766867429018));
#7676=CARTESIAN_POINT('',(0.0226556837113534,0.0721905345008377,-0.032766867429018));
#7677=CARTESIAN_POINT('',(0.0226714227296216,0.0722653175962507,-0.032766867429018));
#7678=CARTESIAN_POINT('',(0.022703026749559,0.0724232365255591,-0.032766867429018));
#7679=CARTESIAN_POINT('',(0.0227487290486252,0.0726778533411182,-0.032766867429018));
#7680=CARTESIAN_POINT('',(0.0227929770258695,0.0729562804855633,-0.032766867429018));
#7681=CARTESIAN_POINT('',(0.0228347417167626,0.0732578775415029,-0.032766867429018));
#7682=CARTESIAN_POINT('',(0.0228731127697102,0.0735826476371364,-0.032766867429018));
#7683=CARTESIAN_POINT('',(0.0229071792390369,0.0739305664291695,-0.032766867429018));
#7684=CARTESIAN_POINT('',(0.0229360286465348,0.0743015836708555,-0.032766867429018));
#7685=CARTESIAN_POINT('',(0.022958754172667,0.0746956168734173,-0.032766867429018));
#7686=CARTESIAN_POINT('',(0.0229744301687786,0.0751125759679813,-0.032766867429018));
#7687=CARTESIAN_POINT('',(0.0229822109316203,0.0755522674144317,-0.032766867429018));
#7688=CARTESIAN_POINT('',(0.022980950906995,0.0760147664603751,-0.032766867429018));
#7689=CARTESIAN_POINT('',(0.0229711372664798,0.0764773863186308,-0.032766867429018));
#7690=CARTESIAN_POINT('',(0.0229570376505223,0.0767903502469921,-0.032766867429018));
#7691=CARTESIAN_POINT('',(0.0229501800999736,0.0769378906641886,-0.032766867429018));
#7692=CARTESIAN_POINT('',(0.0229501800999736,0.0769378906641886,-0.032766867429018));
#7693=CARTESIAN_POINT('',(-6.93889390390723E-18,0.01934197732497,-0.032766867429018));
#7694=CARTESIAN_POINT('',(0.0214838808313938,0.077500750217995,-0.032766867429018));
#7695=CARTESIAN_POINT('',(0.0185261329905343,0.0737757205034147,-0.032766867429018));
#7696=CARTESIAN_POINT('',(0.0185644762785294,0.0738418266326414,-0.032766867429018));
#7697=CARTESIAN_POINT('',(0.0186466583035722,0.0739803304848259,-0.032766867429018));
#7698=CARTESIAN_POINT('',(0.018783066780693,0.0742001284608743,-0.032766867429018));
#7699=CARTESIAN_POINT('',(0.0189364882493553,0.0744366478283848,-0.032766867429018));
#7700=CARTESIAN_POINT('',(0.0191072588563474,0.0746887241528272,-0.032766867429018));
#7701=CARTESIAN_POINT('',(0.0192960572179198,0.0749557506147925,-0.032766867429018));
#7702=CARTESIAN_POINT('',(0.0195035440097941,0.0752370995820554,-0.032766867429018));
#7703=CARTESIAN_POINT('',(0.0197303637137929,0.0755321231469093,-0.032766867429018));
#7704=CARTESIAN_POINT('',(0.0199771350323972,0.0758401532275401,-0.032766867429018));
#7705=CARTESIAN_POINT('',(0.0202444855887751,0.0761605035098845,-0.032766867429018));
#7706=CARTESIAN_POINT('',(0.0205329143593052,0.076492464279679,-0.032766867429018));
#7707=CARTESIAN_POINT('',(0.020843323007138,0.0768353249314185,-0.032766867429018));
#7708=CARTESIAN_POINT('',(0.0211601690695742,0.0771725518780159,-0.032766867429018));
#7709=CARTESIAN_POINT('',(0.021380060869367,0.0773956949173635,-0.032766867429018));
#7710=CARTESIAN_POINT('',(0.0214838808313938,0.077500750217995,-0.032766867429018));
#7711=CARTESIAN_POINT('',(0.0188019135941943,0.0742280594540905,-0.032766867429018));
#7712=CARTESIAN_POINT('',(0.0182272884055776,0.0745947972411069,-0.032766867429018));
#7713=CARTESIAN_POINT('',(0.0180137294505948,0.0739474308189277,-0.032766867429018));
#7714=CARTESIAN_POINT('',(-3.19189119579733E-15,0.0193419773249602,-0.032766867429018));
#7715=CARTESIAN_POINT('',(0.0175228670008872,0.0741069216969788,-0.032766867429018));
#7716=CARTESIAN_POINT('',(0.0177306066127914,0.0747561789383434,-0.032766867429018));
#7717=CARTESIAN_POINT('',(0.017050162007138,0.0747972380476325,-0.032766867429018));
#7718=CARTESIAN_POINT('',(0.0170073950379732,0.0742691883776183,-0.032766867429018));
#7719=CARTESIAN_POINT('',(0.0170152308742105,0.0743452069788029,-0.032766867429018));
#7720=CARTESIAN_POINT('',(0.0170301547410185,0.0745055643313303,-0.032766867429018));
#7721=CARTESIAN_POINT('',(0.017048991973656,0.074763563520422,-0.032766867429018));
#7722=CARTESIAN_POINT('',(0.0170638939943104,0.0750450905849015,-0.032766867429018));
#7723=CARTESIAN_POINT('',(0.0170739044170733,0.07534940105957,-0.032766867429018));
#7724=CARTESIAN_POINT('',(0.0170781175503662,0.0756764028978369,-0.032766867429018));
#7725=CARTESIAN_POINT('',(0.0170756299833364,0.0760259766700116,-0.032766867429018));
#7726=CARTESIAN_POINT('',(0.0170655394886422,0.0763979770246594,-0.032766867429018));
#7727=CARTESIAN_POINT('',(0.0170469528368242,0.0767922271364327,-0.032766867429018));
#7728=CARTESIAN_POINT('',(0.0170189588647887,0.0772085406732333,-0.032766867429018));
#7729=CARTESIAN_POINT('',(0.0169807367325881,0.0776466367551173,-0.032766867429018));
#7730=CARTESIAN_POINT('',(0.0169311392959742,0.0781064704744571,-0.032766867429018));
#7731=CARTESIAN_POINT('',(0.0168730224727481,0.0785655302479625,-0.032766867429018));
#7732=CARTESIAN_POINT('',(0.0168262864574722,0.0788753059159895,-0.032766867429018));
#7733=CARTESIAN_POINT('',(0.0168040443002236,0.0790213212821226,-0.032766867429018));
#7734=CARTESIAN_POINT('',(0.0168040443002235,0.0790213212821226,-0.032766867429018));
#7735=CARTESIAN_POINT('',(-6.93889390390723E-18,0.01934197732497,-0.032766867429018));
#7736=CARTESIAN_POINT('',(0.0152869427282636,0.0794278274231652,-0.032766867429018));
#7737=CARTESIAN_POINT('',(0.0127347693712419,0.0754140349745794,-0.032766867429018));
#7738=CARTESIAN_POINT('',(0.0127659926385928,0.0754837869324841,-0.032766867429018));
#7739=CARTESIAN_POINT('',(0.0128332468670781,0.0756301224068604,-0.032766867429018));
#7740=CARTESIAN_POINT('',(0.0129459329396229,0.0758629748750883,-0.032766867429018));
#7741=CARTESIAN_POINT('',(0.0130737909434082,0.0761142354751077,-0.032766867429018));
#7742=CARTESIAN_POINT('',(0.0132172769003271,0.0763827812881898,-0.032766867429018));
#7743=CARTESIAN_POINT('',(0.0133771291389994,0.0766680797538596,-0.032766867429018));
#7744=CARTESIAN_POINT('',(0.0135540703213282,0.0769695757375447,-0.032766867429018));
#7745=CARTESIAN_POINT('',(0.013748809123394,0.0772866922475394,-0.032766867429018));
#7746=CARTESIAN_POINT('',(0.0139620306919264,0.077618829533871,-0.032766867429018));
#7747=CARTESIAN_POINT('',(0.0141944309512623,0.0779653706466619,-0.032766867429018));
#7748=CARTESIAN_POINT('',(0.0144465803296768,0.0783256619167715,-0.032766867429018));
#7749=CARTESIAN_POINT('',(0.0147194498294169,0.0786990908809296,-0.032766867429018));
#7750=CARTESIAN_POINT('',(0.0149993103614707,0.0790675898950277,-0.032766867429018));
#7751=CARTESIAN_POINT('',(0.0151946727719847,0.0793124954853755,-0.032766867429018));
#7752=CARTESIAN_POINT('',(0.0152869427282636,0.0794278274231652,-0.032766867429018));
#7753=CARTESIAN_POINT('',(0.0129617569245095,0.075892722887854,-0.032766867429018));
#7754=CARTESIAN_POINT('',(0.012351945055501,0.0761973869589796,-0.032766867429018));
#7755=CARTESIAN_POINT('',(0.0122072242161001,0.0755312438884148,-0.032766867429018));
#7756=CARTESIAN_POINT('',(-2.15105711021124E-15,0.0193419773249599,-0.032766867429018));
#7757=CARTESIAN_POINT('',(0.0117023794258639,0.0756385519612044,-0.032766867429018));
#7758=CARTESIAN_POINT('',(0.0118411151567327,0.0763059672058601,-0.032766867429018));
#7759=CARTESIAN_POINT('',(0.011160106252228,0.0762756755600847,-0.032766867429018));
#7760=CARTESIAN_POINT('',(0.0111727697855307,0.0757460482358482,-0.032766867429018));
#7761=CARTESIAN_POINT('',(0.0111726165886756,0.0758224694671018,-0.032766867429018));
#7762=CARTESIAN_POINT('',(0.0111706967933464,0.0759835083341371,-0.032766867429018));
#7763=CARTESIAN_POINT('',(0.0111624625748924,0.0762420632036558,-0.032766867429018));
#7764=CARTESIAN_POINT('',(0.0111478553693002,0.0765236057187381,-0.032766867429018));
#7765=CARTESIAN_POINT('',(0.0111260018476465,0.0768272955228939,-0.032766867429018));
#7766=CARTESIAN_POINT('',(0.0110960109013146,0.0771529464032247,-0.032766867429018));
#7767=CARTESIAN_POINT('',(0.0110569965522332,0.07750034515214,-0.032766867429018));
#7768=CARTESIAN_POINT('',(0.0110080767089184,0.0778692529060179,-0.032766867429018));
#7769=CARTESIAN_POINT('',(0.010948381518397,0.0782594004402761,-0.032766867429018));
#7770=CARTESIAN_POINT('',(0.01087702428603,0.0786705072010849,-0.032766867429018));
#7771=CARTESIAN_POINT('',(0.010793218028466,0.0791022080460518,-0.032766867429018));
#7772=CARTESIAN_POINT('',(0.0106958265797581,0.0795543384043326,-0.032766867429018));
#7773=CARTESIAN_POINT('',(0.010590043313898,0.0800048085381447,-0.032766867429018));
#7774=CARTESIAN_POINT('',(0.0105111829488673,0.0803080019787939,-0.032766867429018));
#7775=CARTESIAN_POINT('',(0.0104737998746479,0.0804508925189564,-0.032766867429018));
#7776=CARTESIAN_POINT('',(0.0104737998746479,0.0804508925189564,-0.032766867429018));
#7777=CARTESIAN_POINT('',(-6.93889390390723E-18,0.01934197732497,-0.032766867429018));
#7778=CARTESIAN_POINT('',(0.00892251768160399,0.0806965914808871,-0.032766867429018));
#7779=CARTESIAN_POINT('',(0.00680388095379637,0.0764380122483025,-0.032766867429018));
#7780=CARTESIAN_POINT('',(0.00682764211185209,0.0765106458178379,-0.032766867429018));
#7781=CARTESIAN_POINT('',(0.00687923169237873,0.0766632096323261,-0.032766867429018));
#7782=CARTESIAN_POINT('',(0.00696696074815564,0.0769065654123641,-0.032766867429018));
#7783=CARTESIAN_POINT('',(0.00706785444801847,0.0771698143811789,-0.032766867429018));
#7784=CARTESIAN_POINT('',(0.00718248369269376,0.0774518874387757,-0.032766867429018));
#7785=CARTESIAN_POINT('',(0.00731163843388792,0.0777523321184576,-0.032766867429018));
#7786=CARTESIAN_POINT('',(0.00745609540205024,0.0780706718654757,-0.032766867429018));
#7787=CARTESIAN_POINT('',(0.00761661970311591,0.0784064069257667,-0.032766867429018));
#7788=CARTESIAN_POINT('',(0.007793955421452,0.0787590124521858,-0.032766867429018));
#7789=CARTESIAN_POINT('',(0.00798885915787175,0.0791279476184731,-0.032766867429018));
#7790=CARTESIAN_POINT('',(0.00820196654281514,0.0795126219623467,-0.032766867429018));
#7791=CARTESIAN_POINT('',(0.00843430727912184,0.079912527873047,-0.032766867429018));
#7792=CARTESIAN_POINT('',(0.00867411607023938,0.0803082616023341,-0.032766867429018));
#7793=CARTESIAN_POINT('',(0.00884280866002282,0.0805722465067843,-0.032766867429018));
#7794=CARTESIAN_POINT('',(0.00892251768160398,0.0806965914808871,-0.032766867429018));
#7795=CARTESIAN_POINT('',(0.00697958853353765,0.0769378045192262,-0.032766867429018));
#7796=CARTESIAN_POINT('',(0.00634127121058564,0.0771770569111429,-0.032766867429018));
#7797=CARTESIAN_POINT('',(0.00626697407856785,0.0764994355950729,-0.032766867429018));
#7798=CARTESIAN_POINT('',(-1.08593689596148E-15,0.0193419773249597,-0.032766867429018));
#7799=CARTESIAN_POINT('',(0.00575367813297046,0.0765533851728999,-0.032766867429018));
#7800=CARTESIAN_POINT('',(0.00582188996510412,0.0772316460797606,-0.032766867429018));
#7801=CARTESIAN_POINT('',(0.0051477780378162,0.0771303355605307,-0.032766867429018));
#7802=CARTESIAN_POINT('',(0.00521573332926549,0.0766049332898679,-0.032766867429018));
#7803=CARTESIAN_POINT('',(0.00520759277777487,0.0766809198641888,-0.032766867429018));
#7804=CARTESIAN_POINT('',(0.00518885035398771,0.0768408758702051,-0.032766867429018));
#7805=CARTESIAN_POINT('',(0.00515363490026286,0.0770971536388944,-0.032766867429018));
#7806=CARTESIAN_POINT('',(0.00510967850802518,0.0773756269658675,-0.032766867429018));
#7807=CARTESIAN_POINT('',(0.00505620047371122,0.0776753688104651,-0.032766867429018));
#7808=CARTESIAN_POINT('',(0.00499233403483862,0.077996100833668,-0.032766867429018));
#7809=CARTESIAN_POINT('',(0.00491722035307839,0.078337518385933,-0.032766867429018));
#7810=CARTESIAN_POINT('',(0.00483000713718343,0.0786992917084907,-0.032766867429018));
#7811=CARTESIAN_POINT('',(0.00472985744095808,0.0790810621272048,-0.032766867429018));
#7812=CARTESIAN_POINT('',(0.00461591875302995,0.0794824579403207,-0.032766867429018));
#7813=CARTESIAN_POINT('',(0.0044874465689979,0.0799030337435738,-0.032766867429018));
#7814=CARTESIAN_POINT('',(0.00434332814928849,0.080342507105976,-0.032766867429018));
#7815=CARTESIAN_POINT('',(0.00419103742439169,0.0807794521550418,-0.032766867429018));
#7816=CARTESIAN_POINT('',(0.00408091672026805,0.0810727415175301,-0.032766867429018));
#7817=CARTESIAN_POINT('',(0.004028802305862,0.0812109416930624,-0.032766867429018));
#7818=CARTESIAN_POINT('',(0.00402880230586198,0.0812109416930623,-0.032766867429018));
#7819=CARTESIAN_POINT('',(-6.93889390390723E-18,0.01934197732497,-0.032766867429018));
#7820=CARTESIAN_POINT('',(0.00246033566406791,0.0812931415466383,-0.032766867429018));
#7821=CARTESIAN_POINT('',(0.000798447792817451,0.0768364334152922,-0.032766867429018));
#7822=CARTESIAN_POINT('',(0.000814486509357993,0.0769111528078709,-0.032766867429018));
#7823=CARTESIAN_POINT('',(0.000849846215685898,0.0770682734413934,-0.032766867429018));
#7824=CARTESIAN_POINT('',(0.00091165707680135,0.0773194662763899,-0.032766867429018));
#7825=CARTESIAN_POINT('',(0.000984481060252649,0.0775918194032094,-0.032766867429018));
#7826=CARTESIAN_POINT('',(0.00106899769069194,0.0778843292538743,-0.032766867429018));
#7827=CARTESIAN_POINT('',(0.00116603988803607,0.0781966284127857,-0.032766867429018));
#7828=CARTESIAN_POINT('',(0.0012764299412592,0.0785283241262514,-0.032766867429018));
#7829=CARTESIAN_POINT('',(0.0014009810034904,0.0788789993532611,-0.032766867429018));
#7830=CARTESIAN_POINT('',(0.00154048794439023,0.0792482098998329,-0.032766867429018));
#7831=CARTESIAN_POINT('',(0.00169575975177136,0.07963549698873,-0.032766867429018));
#7832=CARTESIAN_POINT('',(0.00186749029413863,0.0800403398337579,-0.032766867429018));
#7833=CARTESIAN_POINT('',(0.00205675669328448,0.0804623412381572,-0.032766867429018));
#7834=CARTESIAN_POINT('',(0.00225388634816711,0.0808809739410825,-0.032766867429018));
#7835=CARTESIAN_POINT('',(0.00239406088590508,0.0811611458857797,-0.032766867429018));
#7836=CARTESIAN_POINT('',(0.00246033566406791,0.0812931415466383,-0.032766867429018));
#7837=CARTESIAN_POINT('',(0.000920950310019614,0.0773518542151565,-0.032766867429018));
#7838=CARTESIAN_POINT('',(0.000261121071290827,0.0775230736285915,-0.032766867429018));
#7839=CARTESIAN_POINT('',(0.000258061661582261,0.0768413982279566,-0.032766867429018));
#7840=CARTESIAN_POINT('',(-1.04083408558608E-17,0.0193419773249597,-0.032766867429018));
#7841=CARTESIAN_POINT('',(-0.000258061661582289,0.0768413982279566,-0.032766867429018));
#7842=CARTESIAN_POINT('',(-0.000261121071290855,0.0775230736285915,-0.032766867429018));
#7843=CARTESIAN_POINT('',(-0.000920950310019653,0.0773518542151565,-0.032766867429018));
#7844=CARTESIAN_POINT('',(-0.000798447792817479,0.0768364334152922,-0.032766867429018));
#7845=CARTESIAN_POINT('',(-0.000814486509358017,0.0769111528078709,-0.032766867429018));
#7846=CARTESIAN_POINT('',(-0.000849846215685925,0.0770682734413934,-0.032766867429018));
#7847=CARTESIAN_POINT('',(-0.000911657076801378,0.0773194662763899,-0.032766867429018));
#7848=CARTESIAN_POINT('',(-0.000984481060252677,0.0775918194032094,-0.032766867429018));
#7849=CARTESIAN_POINT('',(-0.00106899769069196,0.0778843292538743,-0.032766867429018));
#7850=CARTESIAN_POINT('',(-0.0011660398880361,0.0781966284127856,-0.032766867429018));
#7851=CARTESIAN_POINT('',(-0.00127642994125923,0.0785283241262514,-0.032766867429018));
#7852=CARTESIAN_POINT('',(-0.00140098100349043,0.0788789993532611,-0.032766867429018));
#7853=CARTESIAN_POINT('',(-0.00154048794439026,0.0792482098998329,-0.032766867429018));
#7854=CARTESIAN_POINT('',(-0.00169575975177138,0.07963549698873,-0.032766867429018));
#7855=CARTESIAN_POINT('',(-0.00186749029413865,0.0800403398337579,-0.032766867429018));
#7856=CARTESIAN_POINT('',(-0.00205675669328451,0.0804623412381571,-0.032766867429018));
#7857=CARTESIAN_POINT('',(-0.00225388634816714,0.0808809739410825,-0.032766867429018));
#7858=CARTESIAN_POINT('',(-0.00239406088590512,0.0811611458857797,-0.032766867429018));
#7859=CARTESIAN_POINT('',(-0.00246033566406795,0.0812931415466383,-0.032766867429018));
#7860=CARTESIAN_POINT('',(-0.00246033566406796,0.0812931415466383,-0.032766867429018));
#7861=CARTESIAN_POINT('',(-6.93889390390723E-18,0.01934197732497,-0.032766867429018));
#7862=CARTESIAN_POINT('',(-0.00402880230586203,0.0812109416930623,-0.032766867429018));
#7863=CARTESIAN_POINT('',(-0.00521573332926552,0.0766049332898679,-0.032766867429018));
#7864=CARTESIAN_POINT('',(-0.00520759277777489,0.0766809198641888,-0.032766867429018));
#7865=CARTESIAN_POINT('',(-0.00518885035398774,0.0768408758702051,-0.032766867429018));
#7866=CARTESIAN_POINT('',(-0.00515363490026289,0.0770971536388944,-0.032766867429018));
#7867=CARTESIAN_POINT('',(-0.00510967850802521,0.0773756269658675,-0.032766867429018));
#7868=CARTESIAN_POINT('',(-0.00505620047371125,0.0776753688104651,-0.032766867429018));
#7869=CARTESIAN_POINT('',(-0.00499233403483864,0.077996100833668,-0.032766867429018));
#7870=CARTESIAN_POINT('',(-0.00491722035307842,0.078337518385933,-0.032766867429018));
#7871=CARTESIAN_POINT('',(-0.00483000713718346,0.0786992917084907,-0.032766867429018));
#7872=CARTESIAN_POINT('',(-0.0047298574409581,0.0790810621272048,-0.032766867429018));
#7873=CARTESIAN_POINT('',(-0.00461591875302998,0.0794824579403207,-0.032766867429018));
#7874=CARTESIAN_POINT('',(-0.00448744656899793,0.0799030337435738,-0.032766867429018));
#7875=CARTESIAN_POINT('',(-0.00434332814928852,0.080342507105976,-0.032766867429018));
#7876=CARTESIAN_POINT('',(-0.00419103742439172,0.0807794521550418,-0.032766867429018));
#7877=CARTESIAN_POINT('',(-0.00408091672026808,0.08107274151753,-0.032766867429018));
#7878=CARTESIAN_POINT('',(-0.00402880230586203,0.0812109416930623,-0.032766867429018));
#7879=CARTESIAN_POINT('',(-0.00514777803781624,0.0771303355605307,-0.032766867429018));
#7880=CARTESIAN_POINT('',(-0.00582188996510415,0.0772316460797606,-0.032766867429018));
#7881=CARTESIAN_POINT('',(-0.0057536781329705,0.0765533851728999,-0.032766867429018));
#7882=CARTESIAN_POINT('',(1.06512021424976E-15,0.0193419773249597,-0.032766867429018));
#7883=CARTESIAN_POINT('',(-0.00626697407856788,0.0764994355950729,-0.032766867429018));
#7884=CARTESIAN_POINT('',(-0.00634127121058567,0.0771770569111429,-0.032766867429018));
#7885=CARTESIAN_POINT('',(-0.00697958853353769,0.0769378045192263,-0.032766867429018));
#7886=CARTESIAN_POINT('',(-0.0068038809537964,0.0764380122483025,-0.032766867429018));
#7887=CARTESIAN_POINT('',(-0.00682764211185212,0.0765106458178379,-0.032766867429018));
#7888=CARTESIAN_POINT('',(-0.00687923169237876,0.0766632096323261,-0.032766867429018));
#7889=CARTESIAN_POINT('',(-0.00696696074815567,0.0769065654123641,-0.032766867429018));
#7890=CARTESIAN_POINT('',(-0.0070678544480185,0.0771698143811789,-0.032766867429018));
#7891=CARTESIAN_POINT('',(-0.00718248369269378,0.0774518874387757,-0.032766867429018));
#7892=CARTESIAN_POINT('',(-0.00731163843388795,0.0777523321184576,-0.032766867429018));
#7893=CARTESIAN_POINT('',(-0.00745609540205027,0.0780706718654757,-0.032766867429018));
#7894=CARTESIAN_POINT('',(-0.00761661970311594,0.0784064069257667,-0.032766867429018));
#7895=CARTESIAN_POINT('',(-0.00779395542145202,0.0787590124521858,-0.032766867429018));
#7896=CARTESIAN_POINT('',(-0.00798885915787178,0.0791279476184731,-0.032766867429018));
#7897=CARTESIAN_POINT('',(-0.00820196654281517,0.0795126219623467,-0.032766867429018));
#7898=CARTESIAN_POINT('',(-0.00843430727912187,0.079912527873047,-0.032766867429018));
#7899=CARTESIAN_POINT('',(-0.00867411607023941,0.0803082616023341,-0.032766867429018));
#7900=CARTESIAN_POINT('',(-0.00884280866002286,0.0805722465067843,-0.032766867429018));
#7901=CARTESIAN_POINT('',(-0.00892251768160402,0.0806965914808871,-0.032766867429018));
#7902=CARTESIAN_POINT('',(-0.00892251768160403,0.0806965914808871,-0.032766867429018));
#7903=CARTESIAN_POINT('',(-6.93889390390723E-18,0.01934197732497,-0.032766867429018));
#7904=CARTESIAN_POINT('',(-0.0104737998746479,0.0804508925189564,-0.032766867429018));
#7905=CARTESIAN_POINT('',(-0.0111727697855307,0.0757460482358482,-0.032766867429018));
#7906=CARTESIAN_POINT('',(-0.0111726165886757,0.0758224694671019,-0.032766867429018));
#7907=CARTESIAN_POINT('',(-0.0111706967933464,0.0759835083341371,-0.032766867429018));
#7908=CARTESIAN_POINT('',(-0.0111624625748925,0.0762420632036558,-0.032766867429018));
#7909=CARTESIAN_POINT('',(-0.0111478553693002,0.0765236057187381,-0.032766867429018));
#7910=CARTESIAN_POINT('',(-0.0111260018476465,0.0768272955228939,-0.032766867429018));
#7911=CARTESIAN_POINT('',(-0.0110960109013147,0.0771529464032247,-0.032766867429018));
#7912=CARTESIAN_POINT('',(-0.0110569965522332,0.07750034515214,-0.032766867429018));
#7913=CARTESIAN_POINT('',(-0.0110080767089184,0.0778692529060179,-0.032766867429018));
#7914=CARTESIAN_POINT('',(-0.0109483815183971,0.0782594004402761,-0.032766867429018));
#7915=CARTESIAN_POINT('',(-0.0108770242860301,0.0786705072010849,-0.032766867429018));
#7916=CARTESIAN_POINT('',(-0.010793218028466,0.0791022080460518,-0.032766867429018));
#7917=CARTESIAN_POINT('',(-0.0106958265797581,0.0795543384043326,-0.032766867429018));
#7918=CARTESIAN_POINT('',(-0.010590043313898,0.0800048085381447,-0.032766867429018));
#7919=CARTESIAN_POINT('',(-0.0105111829488673,0.0803080019787938,-0.032766867429018));
#7920=CARTESIAN_POINT('',(-0.0104737998746479,0.0804508925189564,-0.032766867429018));
#7921=CARTESIAN_POINT('',(-0.011160106252228,0.0762756755600846,-0.032766867429018));
#7922=CARTESIAN_POINT('',(-0.0118411151567327,0.0763059672058601,-0.032766867429018));
#7923=CARTESIAN_POINT('',(-0.0117023794258639,0.0756385519612044,-0.032766867429018));
#7924=CARTESIAN_POINT('',(2.13024042849952E-15,0.0193419773249599,-0.032766867429018));
#7925=CARTESIAN_POINT('',(-0.0122072242161001,0.0755312438884148,-0.032766867429018));
#7926=CARTESIAN_POINT('',(-0.012351945055501,0.0761973869589796,-0.032766867429018));
#7927=CARTESIAN_POINT('',(-0.0129617569245095,0.075892722887854,-0.032766867429018));
#7928=CARTESIAN_POINT('',(-0.0127347693712419,0.0754140349745794,-0.032766867429018));
#7929=CARTESIAN_POINT('',(-0.0127659926385928,0.0754837869324841,-0.032766867429018));
#7930=CARTESIAN_POINT('',(-0.0128332468670781,0.0756301224068604,-0.032766867429018));
#7931=CARTESIAN_POINT('',(-0.0129459329396229,0.0758629748750883,-0.032766867429018));
#7932=CARTESIAN_POINT('',(-0.0130737909434082,0.0761142354751077,-0.032766867429018));
#7933=CARTESIAN_POINT('',(-0.0132172769003272,0.0763827812881898,-0.032766867429018));
#7934=CARTESIAN_POINT('',(-0.0133771291389995,0.0766680797538596,-0.032766867429018));
#7935=CARTESIAN_POINT('',(-0.0135540703213282,0.0769695757375447,-0.032766867429018));
#7936=CARTESIAN_POINT('',(-0.013748809123394,0.0772866922475394,-0.032766867429018));
#7937=CARTESIAN_POINT('',(-0.0139620306919264,0.077618829533871,-0.032766867429018));
#7938=CARTESIAN_POINT('',(-0.0141944309512623,0.0779653706466619,-0.032766867429018));
#7939=CARTESIAN_POINT('',(-0.0144465803296768,0.0783256619167715,-0.032766867429018));
#7940=CARTESIAN_POINT('',(-0.014719449829417,0.0786990908809296,-0.032766867429018));
#7941=CARTESIAN_POINT('',(-0.0149993103614707,0.0790675898950277,-0.032766867429018));
#7942=CARTESIAN_POINT('',(-0.0151946727719847,0.0793124954853755,-0.032766867429018));
#7943=CARTESIAN_POINT('',(-0.0152869427282637,0.0794278274231652,-0.032766867429018));
#7944=CARTESIAN_POINT('',(-0.0152869427282637,0.0794278274231652,-0.032766867429018));
#7945=CARTESIAN_POINT('',(-6.93889390390723E-18,0.01934197732497,-0.032766867429018));
#7946=CARTESIAN_POINT('',(-0.0168040443002236,0.0790213212821226,-0.032766867429018));
#7947=CARTESIAN_POINT('',(-0.0170073950379733,0.0742691883776183,-0.032766867429018));
#7948=CARTESIAN_POINT('',(-0.0170152308742105,0.0743452069788029,-0.032766867429018));
#7949=CARTESIAN_POINT('',(-0.0170301547410185,0.0745055643313303,-0.032766867429018));
#7950=CARTESIAN_POINT('',(-0.017048991973656,0.074763563520422,-0.032766867429018));
#7951=CARTESIAN_POINT('',(-0.0170638939943105,0.0750450905849015,-0.032766867429018));
#7952=CARTESIAN_POINT('',(-0.0170739044170734,0.07534940105957,-0.032766867429018));
#7953=CARTESIAN_POINT('',(-0.0170781175503662,0.0756764028978369,-0.032766867429018));
#7954=CARTESIAN_POINT('',(-0.0170756299833364,0.0760259766700116,-0.032766867429018));
#7955=CARTESIAN_POINT('',(-0.0170655394886423,0.0763979770246593,-0.032766867429018));
#7956=CARTESIAN_POINT('',(-0.0170469528368242,0.0767922271364327,-0.032766867429018));
#7957=CARTESIAN_POINT('',(-0.0170189588647887,0.0772085406732333,-0.032766867429018));
#7958=CARTESIAN_POINT('',(-0.0169807367325881,0.0776466367551173,-0.032766867429018));
#7959=CARTESIAN_POINT('',(-0.0169311392959742,0.0781064704744571,-0.032766867429018));
#7960=CARTESIAN_POINT('',(-0.0168730224727481,0.0785655302479625,-0.032766867429018));
#7961=CARTESIAN_POINT('',(-0.0168262864574722,0.0788753059159895,-0.032766867429018));
#7962=CARTESIAN_POINT('',(-0.0168040443002236,0.0790213212821226,-0.032766867429018));
#7963=CARTESIAN_POINT('',(-0.017050162007138,0.0747972380476324,-0.032766867429018));
#7964=CARTESIAN_POINT('',(-0.0177306066127914,0.0747561789383434,-0.032766867429018));
#7965=CARTESIAN_POINT('',(-0.0175228670008872,0.0741069216969788,-0.032766867429018));
#7966=CARTESIAN_POINT('',(3.17107451408561E-15,0.0193419773249602,-0.032766867429018));
#7967=CARTESIAN_POINT('',(-0.0180137294505948,0.0739474308189276,-0.032766867429018));
#7968=CARTESIAN_POINT('',(-0.0182272884055776,0.0745947972411069,-0.032766867429018));
#7969=CARTESIAN_POINT('',(-0.0188019135941944,0.0742280594540906,-0.032766867429018));
#7970=CARTESIAN_POINT('',(-0.0185261329905343,0.0737757205034147,-0.032766867429018));
#7971=CARTESIAN_POINT('',(-0.0185644762785294,0.0738418266326414,-0.032766867429018));
#7972=CARTESIAN_POINT('',(-0.0186466583035723,0.0739803304848259,-0.032766867429018));
#7973=CARTESIAN_POINT('',(-0.018783066780693,0.0742001284608743,-0.032766867429018));
#7974=CARTESIAN_POINT('',(-0.0189364882493554,0.0744366478283848,-0.032766867429018));
#7975=CARTESIAN_POINT('',(-0.0191072588563475,0.0746887241528272,-0.032766867429018));
#7976=CARTESIAN_POINT('',(-0.0192960572179198,0.0749557506147925,-0.032766867429018));
#7977=CARTESIAN_POINT('',(-0.0195035440097941,0.0752370995820554,-0.032766867429018));
#7978=CARTESIAN_POINT('',(-0.0197303637137929,0.0755321231469093,-0.032766867429018));
#7979=CARTESIAN_POINT('',(-0.0199771350323972,0.0758401532275401,-0.032766867429018));
#7980=CARTESIAN_POINT('',(-0.0202444855887751,0.0761605035098845,-0.032766867429018));
#7981=CARTESIAN_POINT('',(-0.0205329143593052,0.076492464279679,-0.032766867429018));
#7982=CARTESIAN_POINT('',(-0.020843323007138,0.0768353249314185,-0.032766867429018));
#7983=CARTESIAN_POINT('',(-0.0211601690695742,0.0771725518780159,-0.032766867429018));
#7984=CARTESIAN_POINT('',(-0.021380060869367,0.0773956949173635,-0.032766867429018));
#7985=CARTESIAN_POINT('',(-0.0214838808313939,0.0775007502179951,-0.032766867429018));
#7986=CARTESIAN_POINT('',(-0.0214838808313939,0.077500750217995,-0.032766867429018));
#7987=CARTESIAN_POINT('',(-6.93889390390723E-18,0.01934197732497,-0.032766867429018));
#7988=CARTESIAN_POINT('',(-0.0229501800999737,0.0769378906641886,-0.032766867429018));
#7989=CARTESIAN_POINT('',(-0.0226556837113535,0.0721905345008377,-0.032766867429018));
#7990=CARTESIAN_POINT('',(-0.0226714227296216,0.0722653175962507,-0.032766867429018));
#7991=CARTESIAN_POINT('',(-0.0227030267495591,0.0724232365255591,-0.032766867429018));
#7992=CARTESIAN_POINT('',(-0.0227487290486252,0.0726778533411182,-0.032766867429018));
#7993=CARTESIAN_POINT('',(-0.0227929770258696,0.0729562804855633,-0.032766867429018));
#7994=CARTESIAN_POINT('',(-0.0228347417167626,0.0732578775415029,-0.032766867429018));
#7995=CARTESIAN_POINT('',(-0.0228731127697102,0.0735826476371364,-0.032766867429018));
#7996=CARTESIAN_POINT('',(-0.0229071792390369,0.0739305664291695,-0.032766867429018));
#7997=CARTESIAN_POINT('',(-0.0229360286465348,0.0743015836708555,-0.032766867429018));
#7998=CARTESIAN_POINT('',(-0.022958754172667,0.0746956168734173,-0.032766867429018));
#7999=CARTESIAN_POINT('',(-0.0229744301687786,0.0751125759679814,-0.032766867429018));
#8000=CARTESIAN_POINT('',(-0.0229822109316204,0.0755522674144317,-0.032766867429018));
#8001=CARTESIAN_POINT('',(-0.022980950906995,0.0760147664603751,-0.032766867429018));
#8002=CARTESIAN_POINT('',(-0.0229711372664799,0.0764773863186308,-0.032766867429018));
#8003=CARTESIAN_POINT('',(-0.0229570376505224,0.0767903502469921,-0.032766867429018));
#8004=CARTESIAN_POINT('',(-0.0229501800999737,0.0769378906641885,-0.032766867429018));
#8005=CARTESIAN_POINT('',(-0.0227534126191219,0.0727112210939433,-0.032766867429018));
#8006=CARTESIAN_POINT('',(-0.0234258378324324,0.0725992610817833,-0.032766867429018));
#8007=CARTESIAN_POINT('',(-0.0231513703781531,0.071975275241912,-0.032766867429018));
#8008=CARTESIAN_POINT('',(4.18415302405606E-15,0.0193419773249605,-0.032766867429018));
#8009=CARTESIAN_POINT('',(-0.0236228724956135,0.0717653489740349,-0.032766867429018));
#8010=CARTESIAN_POINT('',(-0.0239029297695774,0.072386846065837,-0.032766867429018));
#8011=CARTESIAN_POINT('',(-0.0244360725639879,0.0719620526188694,-0.032766867429018));
#8012=CARTESIAN_POINT('',(-0.0241145204199398,0.071541018550994,-0.032766867429018));
#8013=CARTESIAN_POINT('',(-0.024159563631492,0.0716027545789571,-0.032766867429018));
#8014=CARTESIAN_POINT('',(-0.0242557730496283,0.0717319093317616,-0.032766867429018));
#8015=CARTESIAN_POINT('',(-0.0244144094115045,0.0719362446630092,-0.032766867429018));
#8016=CARTESIAN_POINT('',(-0.0245917134273275,0.0721554314423255,-0.032766867429018));
#8017=CARTESIAN_POINT('',(-0.0247878976858867,0.0723882764771673,-0.032766867429018));
#8018=CARTESIAN_POINT('',(-0.0250035736560011,0.0726341053376319,-0.032766867429018));
#8019=CARTESIAN_POINT('',(-0.0252393327887097,0.0728922247703111,-0.032766867429018));
#8020=CARTESIAN_POINT('',(-0.0254957483104994,0.0731619230501101,-0.032766867429018));
#8021=CARTESIAN_POINT('',(-0.0257733657009688,0.0734424710830172,-0.032766867429018));
#8022=CARTESIAN_POINT('',(-0.0260727374057464,0.0737331207101843,-0.032766867429018));
#8023=CARTESIAN_POINT('',(-0.0263942854824244,0.0740331139480025,-0.032766867429018));
#8024=CARTESIAN_POINT('',(-0.0267388323762471,0.0743416498342747,-0.032766867429018));
#8025=CARTESIAN_POINT('',(-0.0270891925373014,0.0746439099843751,-0.032766867429018));
#8026=CARTESIAN_POINT('',(-0.0273312045457992,0.0748428456708878,-0.032766867429018));
#8027=CARTESIAN_POINT('',(-0.0274454370403443,0.0749364733265032,-0.032766867429018));
#8028=CARTESIAN_POINT('',(-0.0274454370403443,0.0749364733265032,-0.032766867429018));
#8029=CARTESIAN_POINT('',(-6.93889390390723E-18,0.01934197732497,-0.032766867429018));
#8030=CARTESIAN_POINT('',(-0.0288448689239145,0.0742234271669903,-0.032766867429018));
#8031=CARTESIAN_POINT('',(-0.0280557519729856,0.0695328607723667,-0.032766867429018));
#8032=CARTESIAN_POINT('',(-0.0280792217333068,0.0696055890227655,-0.032766867429018));
#8033=CARTESIAN_POINT('',(-0.0281271596461177,0.0697593393360186,-0.032766867429018));
#8034=CARTESIAN_POINT('',(-0.0281992262876602,0.0700077841429319,-0.032766867429018));
#8035=CARTESIAN_POINT('',(-0.0282723354313963,0.0702800608612833,-0.032766867429018));
#8036=CARTESIAN_POINT('',(-0.0283453968077261,0.0705756401380361,-0.032766867429018));
#8037=CARTESIAN_POINT('',(-0.0284175053790427,0.0708946202419058,-0.032766867429018));
#8038=CARTESIAN_POINT('',(-0.0284877526453592,0.0712370721827051,-0.032766867429018));
#8039=CARTESIAN_POINT('',(-0.0285552258749035,0.071603041368889,-0.032766867429018));
#8040=CARTESIAN_POINT('',(-0.0286190145933659,0.0719925405520153,-0.032766867429018));
#8041=CARTESIAN_POINT('',(-0.0286781888081309,0.0724055769132484,-0.032766867429018));
#8042=CARTESIAN_POINT('',(-0.0287318872183491,0.0728420463727666,-0.032766867429018));
#8043=CARTESIAN_POINT('',(-0.0287789784108055,0.073302143508982,-0.032766867429018));
#8044=CARTESIAN_POINT('',(-0.0288175754733006,0.0737632548920116,-0.032766867429018));
#8045=CARTESIAN_POINT('',(-0.0288362667350044,0.074075978182416,-0.032766867429018));
#8046=CARTESIAN_POINT('',(-0.0288448689239145,0.0742234271669903,-0.032766867429018));
#8047=CARTESIAN_POINT('',(-0.0282073720809931,0.0700404795372891,-0.032766867429018));
#8048=CARTESIAN_POINT('',(-0.0288644106706096,0.0698588452795805,-0.032766867429018));
#8049=CARTESIAN_POINT('',(-0.0285262224968203,0.0692669673606415,-0.032766867429018));
#8050=CARTESIAN_POINT('',(5.1382509358433E-15,0.019341977324961,-0.032766867429018));
#8051=CARTESIAN_POINT('',(-0.0289731984061664,0.0690089056990592,-0.032766867429018));
#8052=CARTESIAN_POINT('',(-0.0293166856330121,0.0695977242082897,-0.032766867429018));
#8053=CARTESIAN_POINT('',(-0.0298025048091935,0.0691195292272695,-0.032766867429018));
#8054=CARTESIAN_POINT('',(-0.0294387041173367,0.0687344129795492,-0.032766867429018));
#8055=CARTESIAN_POINT('',(-0.0294899537495943,0.0687911025134075,-0.032766867429018));
#8056=CARTESIAN_POINT('',(-0.0295991364703058,0.0689094931203327,-0.032766867429018));
#8057=CARTESIAN_POINT('',(-0.0297782626637599,0.0690961270661305,-0.032766867429018));
#8058=CARTESIAN_POINT('',(-0.0299775066468431,0.0692955798010307,-0.032766867429018));
#8059=CARTESIAN_POINT('',(-0.0301969551211783,0.0695066424473441,-0.032766867429018));
#8060=CARTESIAN_POINT('',(-0.0304371457087731,0.0697285803538697,-0.032766867429018));
#8061=CARTESIAN_POINT('',(-0.0306985941559223,0.0699606422414459,-0.032766867429018));
#8062=CARTESIAN_POINT('',(-0.0309817961533877,0.0702020603653986,-0.032766867429018));
#8063=CARTESIAN_POINT('',(-0.0312872179814971,0.070452052607625,-0.032766867429018));
#8064=CARTESIAN_POINT('',(-0.0316153308556293,0.0707098171614771,-0.032766867429018));
#8065=CARTESIAN_POINT('',(-0.0319664752904389,0.0709745560786279,-0.032766867429018));
#8066=CARTESIAN_POINT('',(-0.0323413855023817,0.0712453868156975,-0.032766867429018));
#8067=CARTESIAN_POINT('',(-0.032721421142812,0.0715093685438445,-0.032766867429018));
#8068=CARTESIAN_POINT('',(-0.0329829018258054,0.0716819172965109,-0.032766867429018));
#8069=CARTESIAN_POINT('',(-0.0331062952977539,0.0717630915029224,-0.032766867429018));
#8070=CARTESIAN_POINT('',(-0.0331062952977539,0.0717630915029223,-0.032766867429018));
#8071=CARTESIAN_POINT('',(-6.93889390390723E-18,0.01934197732497,-0.032766867429018));
#8072=CARTESIAN_POINT('',(-0.034423527327748,0.0709076710206412,-0.032766867429018));
#8073=CARTESIAN_POINT('',(-0.0331484355449581,0.0663252852217284,-0.032766867429018));
#8074=CARTESIAN_POINT('',(-0.0331793789077268,0.0663951618011822,-0.032766867429018));
#8075=CARTESIAN_POINT('',(-0.0332431254956068,0.0665430589777738,-0.032766867429018));
#8076=CARTESIAN_POINT('',(-0.03334076690242,0.0667826097627463,-0.032766867429018));
#8077=CARTESIAN_POINT('',(-0.03344193621357,0.0670457529343003,-0.032766867429018));
#8078=CARTESIAN_POINT('',(-0.0335454937996085,0.067332076003456,-0.032766867429018));
#8079=CARTESIAN_POINT('',(-0.0336505498526969,0.0676417713027932,-0.032766867429018));
#8080=CARTESIAN_POINT('',(-0.0337562082722533,0.0679750044172327,-0.032766867429018));
#8081=CARTESIAN_POINT('',(-0.0338615660730214,0.0683319159129267,-0.032766867429018));
#8082=CARTESIAN_POINT('',(-0.033965719101266,0.0687126136420591,-0.032766867429018));
#8083=CARTESIAN_POINT('',(-0.0340677432096043,0.0691172019571543,-0.032766867429018));
#8084=CARTESIAN_POINT('',(-0.0341667709361794,0.0695456673790046,-0.032766867429018));
#8085=CARTESIAN_POINT('',(-0.0342616974047589,0.0699983216849861,-0.032766867429018));
#8086=CARTESIAN_POINT('',(-0.0343482822927704,0.0704528725599833,-0.032766867429018));
#8087=CARTESIAN_POINT('',(-0.0343995596467609,0.0707619289506197,-0.032766867429018));
#8088=CARTESIAN_POINT('',(-0.034423527327748,0.0709076710206412,-0.032766867429018));
#8089=CARTESIAN_POINT('',(-0.0333522856715728,0.0668142745810531,-0.032766867429018));
#8090=CARTESIAN_POINT('',(-0.0339867389852132,0.0665649561007328,-0.032766867429018));
#8091=CARTESIAN_POINT('',(-0.0335885353523164,0.0660116708410644,-0.032766867429018));
#8092=CARTESIAN_POINT('',(6.0437765903032E-15,0.0193419773249616,-0.032766867429018));
#8093=CARTESIAN_POINT('',(-0.0340060878919499,0.0657083011633441,-0.032766867429018));
#8094=CARTESIAN_POINT('',(-0.0344092417537405,0.0662579898711977,-0.032766867429018));
#8095=CARTESIAN_POINT('',(-0.0348424145751344,0.0657316325604057,-0.032766867429018));
#8096=CARTESIAN_POINT('',(-0.0344403512119791,0.0653866535470413,-0.032766867429018));
#8097=CARTESIAN_POINT('',(-0.0344972457632464,0.0654376754843986,-0.032766867429018));
#8098=CARTESIAN_POINT('',(-0.0346182055577971,0.0655440048331803,-0.032766867429018));
#8099=CARTESIAN_POINT('',(-0.034815859038769,0.0657108925929625,-0.032766867429018));
#8100=CARTESIAN_POINT('',(-0.0350348600303394,0.0658884260375448,-0.032766867429018));
#8101=CARTESIAN_POINT('',(-0.0352751683970432,0.0660753938488091,-0.032766867429018));
#8102=CARTESIAN_POINT('',(-0.0355372420237775,0.0662710092032485,-0.032766867429018));
#8103=CARTESIAN_POINT('',(-0.0358215153014688,0.0664744710271192,-0.032766867429018));
#8104=CARTESIAN_POINT('',(-0.0361284009542619,0.0666849639677395,-0.032766867429018));
#8105=CARTESIAN_POINT('',(-0.0364582809545489,0.0669016614519652,-0.032766867429018));
#8106=CARTESIAN_POINT('',(-0.0368115401247244,0.0671237168101096,-0.032766867429018));
#8107=CARTESIAN_POINT('',(-0.0371884337057563,0.0673503008716165,-0.032766867429018));
#8108=CARTESIAN_POINT('',(-0.0375895996410821,0.0675804591812532,-0.032766867429018));
#8109=CARTESIAN_POINT('',(-0.0379951470108843,0.0678032702483914,-0.032766867429018));
#8110=CARTESIAN_POINT('',(-0.038273231531292,0.0679475415869692,-0.032766867429018));
#8111=CARTESIAN_POINT('',(-0.0384044340559435,0.0680153729825845,-0.032766867429018));
#8112=CARTESIAN_POINT('',(-0.0384044340559435,0.0680153729825845,-0.032766867429018));
#8113=CARTESIAN_POINT('',(-6.93889390390723E-18,0.01934197732497,-0.032766867429018));
#8114=CARTESIAN_POINT('',(-0.0396250343625925,0.0670269503433472,-0.032766867429018));
#8115=CARTESIAN_POINT('',(-0.0378779379203439,0.0626029507178841,-0.032766867429018));
#8116=CARTESIAN_POINT('',(-0.0379160158636025,0.0626692100439657,-0.032766867429018));
#8117=CARTESIAN_POINT('',(-0.0379948727055949,0.0628096336914795,-0.032766867429018));
#8118=CARTESIAN_POINT('',(-0.0381170190979929,0.0630376658859819,-0.032766867429018));
#8119=CARTESIAN_POINT('',(-0.0382451401444128,0.0632887924590846,-0.032766867429018));
#8120=CARTESIAN_POINT('',(-0.0383780593415765,0.0635627223051807,-0.032766867429018));
#8121=CARTESIAN_POINT('',(-0.0385149118603349,0.0638597397134779,-0.032766867429018));
#8122=CARTESIAN_POINT('',(-0.0386548238173759,0.0641801030298222,-0.032766867429018));
#8123=CARTESIAN_POINT('',(-0.0387969118672551,0.064524046437991,-0.032766867429018));
#8124=CARTESIAN_POINT('',(-0.0389402880829089,0.0648917717091431,-0.032766867429018));
#8125=CARTESIAN_POINT('',(-0.0390840442873397,0.0652834792238545,-0.032766867429018));
#8126=CARTESIAN_POINT('',(-0.0392273163617767,0.0656992462512131,-0.032766867429018));
#8127=CARTESIAN_POINT('',(-0.0393690380722247,0.0661394983516604,-0.032766867429018));
#8128=CARTESIAN_POINT('',(-0.0395026621436005,0.0665825085641179,-0.032766867429018));
#8129=CARTESIAN_POINT('',(-0.0395859637844568,0.0668845119684962,-0.032766867429018));
#8130=CARTESIAN_POINT('',(-0.0396250343625925,0.0670269503433472,-0.032766867429018));
#8131=CARTESIAN_POINT('',(-0.0381317846409203,0.0630679532018626,-0.032766867429018));
#8132=CARTESIAN_POINT('',(-0.0387367014753125,0.0627536820843742,-0.032766867429018));
#8133=CARTESIAN_POINT('',(-0.0382828451856397,0.0622450513930638,-0.032766867429018));
#8134=CARTESIAN_POINT('',(6.87991330572402E-15,0.0193419773249623,-0.032766867429018));
#8135=CARTESIAN_POINT('',(-0.0386663995625576,0.0618996974808787,-0.032766867429018));
#8136=CARTESIAN_POINT('',(-0.0391248030212183,0.0624042338828424,-0.032766867429018));
#8137=CARTESIAN_POINT('',(-0.0395005835557461,0.061835481123123,-0.032766867429018));
#8138=CARTESIAN_POINT('',(-0.0390646626116362,0.0615344190063764,-0.032766867429018));
#8139=CARTESIAN_POINT('',(-0.0391265787333035,0.0615792143402101,-0.032766867429018));
#8140=CARTESIAN_POINT('',(-0.0392579903408719,0.0616723174642522,-0.032766867429018));
#8141=CARTESIAN_POINT('',(-0.0394720055764624,0.061817630580799,-0.032766867429018));
#8142=CARTESIAN_POINT('',(-0.0397083641558273,0.0619712996414933,-0.032766867429018));
#8143=CARTESIAN_POINT('',(-0.0399668995461464,0.0621321241592429,-0.032766867429018));
#8144=CARTESIAN_POINT('',(-0.0402479848785234,0.0622992737588375,-0.032766867429018));
#8145=CARTESIAN_POINT('',(-0.0405519684292383,0.0624719063486834,-0.032766867429018));
#8146=CARTESIAN_POINT('',(-0.0408791754339272,0.0626491679012654,-0.032766867429018));
#8147=CARTESIAN_POINT('',(-0.0412298993720767,0.0628301964445064,-0.032766867429018));
#8148=CARTESIAN_POINT('',(-0.0416044344569032,0.063014109721971,-0.032766867429018));
#8149=CARTESIAN_POINT('',(-0.0420029478592134,0.0632000564254405,-0.032766867429018));
#8150=CARTESIAN_POINT('',(-0.0424259742599854,0.0633870206450402,-0.032766867429018));
#8151=CARTESIAN_POINT('',(-0.0428525900973097,0.0635662198864919,-0.032766867429018));
#8152=CARTESIAN_POINT('',(-0.0431442317029333,0.0636806331440048,-0.032766867429018));
#8153=CARTESIAN_POINT('',(-0.0432818057979717,0.063734378553859,-0.032766867429018));
#8154=CARTESIAN_POINT('',(-0.0432818057979717,0.063734378553859,-0.032766867429018));
#8155=CARTESIAN_POINT('',(-6.93889390390723E-18,0.01934197732497,-0.032766867429018));
#8156=CARTESIAN_POINT('',(-0.044392401228889,0.0626237831229417,-0.032766867429018));
#8157=CARTESIAN_POINT('',(-0.0421924416814064,0.0584066399366062,-0.032766867429018));
#8158=CARTESIAN_POINT('',(-0.0422372370152401,0.0584685560582736,-0.032766867429018));
#8159=CARTESIAN_POINT('',(-0.0423303401392822,0.0585999676658419,-0.032766867429018));
#8160=CARTESIAN_POINT('',(-0.042475653255829,0.0588139829014324,-0.032766867429018));
#8161=CARTESIAN_POINT('',(-0.0426293223165233,0.0590503414807973,-0.032766867429018));
#8162=CARTESIAN_POINT('',(-0.0427901468342729,0.0593088768711164,-0.032766867429018));
#8163=CARTESIAN_POINT('',(-0.0429572964338675,0.0595899622034934,-0.032766867429018));
#8164=CARTESIAN_POINT('',(-0.0431299290237134,0.0598939457542083,-0.032766867429018));
#8165=CARTESIAN_POINT('',(-0.0433071905762954,0.0602211527588971,-0.032766867429018));
#8166=CARTESIAN_POINT('',(-0.0434882191195364,0.0605718766970467,-0.032766867429018));
#8167=CARTESIAN_POINT('',(-0.0436721323970011,0.0609464117818732,-0.032766867429018));
#8168=CARTESIAN_POINT('',(-0.0438580791004705,0.0613449251841834,-0.032766867429018));
#8169=CARTESIAN_POINT('',(-0.0440450433200703,0.0617679515849554,-0.032766867429018));
#8170=CARTESIAN_POINT('',(-0.0442242425615218,0.0621945674222796,-0.032766867429018));
#8171=CARTESIAN_POINT('',(-0.0443386558190348,0.0624862090279032,-0.032766867429018));
#8172=CARTESIAN_POINT('',(-0.044392401228889,0.0626237831229417,-0.032766867429018));
#8173=CARTESIAN_POINT('',(-0.0424935037981529,0.0588425608807161,-0.032766867429018));
#8174=CARTESIAN_POINT('',(-0.0430622565578724,0.0584667803461883,-0.032766867429018));
#8175=CARTESIAN_POINT('',(-0.0425577201559088,0.0580083768875276,-0.032766867429018));
#8176=CARTESIAN_POINT('',(7.64492635862979E-15,0.0193419773249631,-0.032766867429018));
#8177=CARTESIAN_POINT('',(-0.0429030740680938,0.0576248225106097,-0.032766867429018));
#8178=CARTESIAN_POINT('',(-0.0434117047594042,0.0580786788002825,-0.032766867429018));
#8179=CARTESIAN_POINT('',(-0.0437259758768926,0.0574737619658903,-0.032766867429018));
#8180=CARTESIAN_POINT('',(-0.043260973392914,0.0572199152453139,-0.032766867429018));
#8181=CARTESIAN_POINT('',(-0.0433272327189958,0.0572579931885725,-0.032766867429018));
#8182=CARTESIAN_POINT('',(-0.0434676563665095,0.0573368500305648,-0.032766867429018));
#8183=CARTESIAN_POINT('',(-0.043695688561012,0.0574589964229628,-0.032766867429018));
#8184=CARTESIAN_POINT('',(-0.0439468151341147,0.0575871174693828,-0.032766867429018));
#8185=CARTESIAN_POINT('',(-0.0442207449802107,0.0577200366665464,-0.032766867429018));
#8186=CARTESIAN_POINT('',(-0.0445177623885079,0.0578568891853049,-0.032766867429018));
#8187=CARTESIAN_POINT('',(-0.0448381257048522,0.0579968011423459,-0.032766867429018));
#8188=CARTESIAN_POINT('',(-0.045182069113021,0.0581388891922251,-0.032766867429018));
#8189=CARTESIAN_POINT('',(-0.0455497943841731,0.0582822654078789,-0.032766867429018));
#8190=CARTESIAN_POINT('',(-0.0459415018988845,0.0584260216123097,-0.032766867429018));
#8191=CARTESIAN_POINT('',(-0.0463572689262431,0.0585692936867466,-0.032766867429018));
#8192=CARTESIAN_POINT('',(-0.0467975210266904,0.0587110153971946,-0.032766867429018));
#8193=CARTESIAN_POINT('',(-0.0472405312391479,0.0588446394685705,-0.032766867429018));
#8194=CARTESIAN_POINT('',(-0.0475425346435262,0.0589279411094268,-0.032766867429018));
#8195=CARTESIAN_POINT('',(-0.0476849730183772,0.0589670116875625,-0.032766867429018));
#8196=CARTESIAN_POINT('',(-0.0476849730183772,0.0589670116875625,-0.032766867429018));
#8197=CARTESIAN_POINT('',(-6.93889390390723E-18,0.01934197732497,-0.032766867429018));
#8198=CARTESIAN_POINT('',(-0.0486733956576146,0.0577464113809134,-0.032766867429018));
#8199=CARTESIAN_POINT('',(-0.0460446762220713,0.053782328536949,-0.032766867429018));
#8200=CARTESIAN_POINT('',(-0.0460956981594286,0.0538392230882163,-0.032766867429018));
#8201=CARTESIAN_POINT('',(-0.0462020275082103,0.0539601828827671,-0.032766867429018));
#8202=CARTESIAN_POINT('',(-0.0463689152679926,0.0541578363637389,-0.032766867429018));
#8203=CARTESIAN_POINT('',(-0.0465464487125748,0.0543768373553093,-0.032766867429018));
#8204=CARTESIAN_POINT('',(-0.0467334165238392,0.0546171457220131,-0.032766867429018));
#8205=CARTESIAN_POINT('',(-0.0469290318782785,0.0548792193487474,-0.032766867429018));
#8206=CARTESIAN_POINT('',(-0.0471324937021493,0.0551634926264387,-0.032766867429018));
#8207=CARTESIAN_POINT('',(-0.0473429866427695,0.0554703782792318,-0.032766867429018));
#8208=CARTESIAN_POINT('',(-0.0475596841269953,0.0558002582795188,-0.032766867429018));
#8209=CARTESIAN_POINT('',(-0.0477817394851396,0.0561535174496944,-0.032766867429018));
#8210=CARTESIAN_POINT('',(-0.0480083235466466,0.0565304110307263,-0.032766867429018));
#8211=CARTESIAN_POINT('',(-0.0482384818562833,0.056931576966052,-0.032766867429018));
#8212=CARTESIAN_POINT('',(-0.0484612929234214,0.0573371243358542,-0.032766867429018));
#8213=CARTESIAN_POINT('',(-0.0486055642619992,0.057615208856262,-0.032766867429018));
#8214=CARTESIAN_POINT('',(-0.0486733956576146,0.0577464113809134,-0.032766867429018));
#8215=CARTESIAN_POINT('',(-0.0463896552354357,0.0541843919001043,-0.032766867429018));
#8216=CARTESIAN_POINT('',(-0.0469160125462277,0.0537512190787105,-0.032766867429018));
#8217=CARTESIAN_POINT('',(-0.0463663238383742,0.0533480652169198,-0.032766867429018));
#8218=CARTESIAN_POINT('',(8.32320323773672E-15,0.0193419773249639,-0.032766867429018));
#8219=CARTESIAN_POINT('',(-0.0466696935160945,0.0529305126772864,-0.032766867429018));
#8220=CARTESIAN_POINT('',(-0.0472229787757628,0.0533287163101831,-0.032766867429018));
#8221=CARTESIAN_POINT('',(-0.0474722972560832,0.0526942629965428,-0.032766867429018));
#8222=CARTESIAN_POINT('',(-0.0469833078967585,0.0524904128699281,-0.032766867429018));
#8223=CARTESIAN_POINT('',(-0.0470531844762123,0.0525213562326968,-0.032766867429018));
#8224=CARTESIAN_POINT('',(-0.0472010816528038,0.0525851028205768,-0.032766867429018));
#8225=CARTESIAN_POINT('',(-0.0474406324377764,0.0526827442273899,-0.032766867429018));
#8226=CARTESIAN_POINT('',(-0.0477037756093303,0.0527839135385399,-0.032766867429018));
#8227=CARTESIAN_POINT('',(-0.0479900986784861,0.0528874711245784,-0.032766867429018));
#8228=CARTESIAN_POINT('',(-0.0482997939778233,0.0529925271776669,-0.032766867429018));
#8229=CARTESIAN_POINT('',(-0.0486330270922627,0.0530981855972233,-0.032766867429018));
#8230=CARTESIAN_POINT('',(-0.0489899385879567,0.0532035433979914,-0.032766867429018));
#8231=CARTESIAN_POINT('',(-0.0493706363170892,0.0533076964262359,-0.032766867429018));
#8232=CARTESIAN_POINT('',(-0.0497752246321843,0.0534097205345743,-0.032766867429018));
#8233=CARTESIAN_POINT('',(-0.0502036900540346,0.0535087482611494,-0.032766867429018));
#8234=CARTESIAN_POINT('',(-0.0506563443600162,0.0536036747297289,-0.032766867429018));
#8235=CARTESIAN_POINT('',(-0.0511108952350134,0.0536902596177404,-0.032766867429018));
#8236=CARTESIAN_POINT('',(-0.0514199516256498,0.0537415369717308,-0.032766867429018));
#8237=CARTESIAN_POINT('',(-0.0515656936956713,0.053765504652718,-0.032766867429018));
#8238=CARTESIAN_POINT('',(-0.0515656936956712,0.053765504652718,-0.032766867429018));
#8239=CARTESIAN_POINT('',(-6.93889390390723E-18,0.01934197732497,-0.032766867429018));
#8240=CARTESIAN_POINT('',(-0.0524211141779524,0.0524482726227238,-0.032766867429018));
#8241=CARTESIAN_POINT('',(-0.0493924356545793,0.0487806814423066,-0.032766867429018));
#8242=CARTESIAN_POINT('',(-0.0494491251884375,0.0488319310745642,-0.032766867429018));
#8243=CARTESIAN_POINT('',(-0.0495675157953627,0.0489411137952758,-0.032766867429018));
#8244=CARTESIAN_POINT('',(-0.0497541497411606,0.0491202399887298,-0.032766867429018));
#8245=CARTESIAN_POINT('',(-0.0499536024760607,0.0493194839718131,-0.032766867429018));
#8246=CARTESIAN_POINT('',(-0.0501646651223741,0.0495389324461483,-0.032766867429018));
#8247=CARTESIAN_POINT('',(-0.0503866030288998,0.049779123033743,-0.032766867429018));
#8248=CARTESIAN_POINT('',(-0.050618664916476,0.0500405714808923,-0.032766867429018));
#8249=CARTESIAN_POINT('',(-0.0508600830404286,0.0503237734783577,-0.032766867429018));
#8250=CARTESIAN_POINT('',(-0.0511100752826551,0.0506291953064671,-0.032766867429018));
#8251=CARTESIAN_POINT('',(-0.0513678398365071,0.0509573081805992,-0.032766867429018));
#8252=CARTESIAN_POINT('',(-0.051632578753658,0.0513084526154089,-0.032766867429018));
#8253=CARTESIAN_POINT('',(-0.0519034094907275,0.0516833628273516,-0.032766867429018));
#8254=CARTESIAN_POINT('',(-0.0521673912188745,0.0520633984677819,-0.032766867429018));
#8255=CARTESIAN_POINT('',(-0.0523399399715409,0.0523248791507753,-0.032766867429018));
#8256=CARTESIAN_POINT('',(-0.0524211141779524,0.0524482726227238,-0.032766867429018));
#8257=CARTESIAN_POINT('',(-0.0497775519022995,0.0491444821341634,-0.032766867429018));
#8258=CARTESIAN_POINT('',(-0.0502557468833197,0.048658662957982,-0.032766867429018));
#8259=CARTESIAN_POINT('',(-0.0496669283740893,0.0483151757311364,-0.032766867429018));
#8260=CARTESIAN_POINT('',(8.90953977261688E-15,0.0193419773249648,-0.032766867429018));
#8261=CARTESIAN_POINT('',(-0.0499249900356716,0.0478681998217902,-0.032766867429018));
#8262=CARTESIAN_POINT('',(-0.0505168679546106,0.0482063879955795,-0.032766867429018));
#8263=CARTESIAN_POINT('',(-0.0506985022123192,0.0475493494059631,-0.032766867429018));
#8264=CARTESIAN_POINT('',(-0.0501908834473967,0.0473977292979556,-0.032766867429018));
#8265=CARTESIAN_POINT('',(-0.0502636116977955,0.0474211990582767,-0.032766867429018));
#8266=CARTESIAN_POINT('',(-0.0504173620110486,0.0474691369710876,-0.032766867429018));
#8267=CARTESIAN_POINT('',(-0.0506658068179619,0.0475412036126301,-0.032766867429018));
#8268=CARTESIAN_POINT('',(-0.0509380835363134,0.0476143127563662,-0.032766867429018));
#8269=CARTESIAN_POINT('',(-0.0512336628130661,0.047687374132696,-0.032766867429018));
#8270=CARTESIAN_POINT('',(-0.0515526429169359,0.0477594827040126,-0.032766867429018));
#8271=CARTESIAN_POINT('',(-0.0518950948577352,0.0478297299703291,-0.032766867429018));
#8272=CARTESIAN_POINT('',(-0.052261064043919,0.0478972031998734,-0.032766867429018));
#8273=CARTESIAN_POINT('',(-0.0526505632270453,0.0479609919183359,-0.032766867429018));
#8274=CARTESIAN_POINT('',(-0.0530635995882785,0.0480201661331008,-0.032766867429018));
#8275=CARTESIAN_POINT('',(-0.0535000690477966,0.048073864543319,-0.032766867429018));
#8276=CARTESIAN_POINT('',(-0.053960166184012,0.0481209557357755,-0.032766867429018));
#8277=CARTESIAN_POINT('',(-0.0544212775670416,0.0481595527982706,-0.032766867429018));
#8278=CARTESIAN_POINT('',(-0.054734000857446,0.0481782440599743,-0.032766867429018));
#8279=CARTESIAN_POINT('',(-0.0548814498420204,0.0481868462488845,-0.032766867429018));
#8280=CARTESIAN_POINT('',(-0.0548814498420203,0.0481868462488844,-0.032766867429018));
#8281=CARTESIAN_POINT('',(-6.93889390390723E-18,0.01934197732497,-0.032766867429018));
#8282=CARTESIAN_POINT('',(-0.0555944960015332,0.0467874143653143,-0.032766867429018));
#8283=CARTESIAN_POINT('',(-0.052199041226024,0.0434564977449098,-0.032766867429018));
#8284=CARTESIAN_POINT('',(-0.0522607772539872,0.043501540956462,-0.032766867429018));
#8285=CARTESIAN_POINT('',(-0.0523899320067916,0.0435977503745983,-0.032766867429018));
#8286=CARTESIAN_POINT('',(-0.0525942673380393,0.0437563867364744,-0.032766867429018));
#8287=CARTESIAN_POINT('',(-0.0528134541173556,0.0439336907522975,-0.032766867429018));
#8288=CARTESIAN_POINT('',(-0.0530462991521973,0.0441298750108567,-0.032766867429018));
#8289=CARTESIAN_POINT('',(-0.0532921280126619,0.0443455509809711,-0.032766867429018));
#8290=CARTESIAN_POINT('',(-0.0535502474453411,0.0445813101136796,-0.032766867429018));
#8291=CARTESIAN_POINT('',(-0.0538199457251402,0.0448377256354693,-0.032766867429018));
#8292=CARTESIAN_POINT('',(-0.0541004937580473,0.0451153430259388,-0.032766867429018));
#8293=CARTESIAN_POINT('',(-0.0543911433852143,0.0454147147307164,-0.032766867429018));
#8294=CARTESIAN_POINT('',(-0.0546911366230325,0.0457362628073944,-0.032766867429018));
#8295=CARTESIAN_POINT('',(-0.0549996725093047,0.0460808097012171,-0.032766867429018));
#8296=CARTESIAN_POINT('',(-0.0553019326594051,0.0464311698622714,-0.032766867429018));
#8297=CARTESIAN_POINT('',(-0.0555008683459178,0.0466731818707692,-0.032766867429018));
#8298=CARTESIAN_POINT('',(-0.0555944960015332,0.0467874143653143,-0.032766867429018));
#8299=CARTESIAN_POINT('',(-0.0526200752938994,0.0437780498889579,-0.032766867429018));
#8300=CARTESIAN_POINT('',(-0.053044868740867,0.0432449070945473,-0.032766867429018));
#8301=CARTESIAN_POINT('',(-0.052423371649065,0.0429648498205835,-0.032766867429018));
#8302=CARTESIAN_POINT('',(9.40046651631832E-15,0.0193419773249657,-0.032766867429018));
#8303=CARTESIAN_POINT('',(-0.052633297916942,0.0424933477031231,-0.032766867429018));
#8304=CARTESIAN_POINT('',(-0.0532572837568134,0.0427678151574023,-0.032766867429018));
#8305=CARTESIAN_POINT('',(-0.0533692437689734,0.0420953899440919,-0.032766867429018));
#8306=CARTESIAN_POINT('',(-0.0528485571758677,0.0419976610363234,-0.032766867429018));
#8307=CARTESIAN_POINT('',(-0.0529233402712808,0.0420134000545916,-0.032766867429018));
#8308=CARTESIAN_POINT('',(-0.0530812592005891,0.042045004074529,-0.032766867429018));
#8309=CARTESIAN_POINT('',(-0.0533358760161482,0.0420907063735952,-0.032766867429018));
#8310=CARTESIAN_POINT('',(-0.0536143031605933,0.0421349543508395,-0.032766867429018));
#8311=CARTESIAN_POINT('',(-0.053915900216533,0.0421767190417325,-0.032766867429018));
#8312=CARTESIAN_POINT('',(-0.0542406703121665,0.0422150900946801,-0.032766867429018));
#8313=CARTESIAN_POINT('',(-0.0545885891041995,0.042249156564007,-0.032766867429018));
#8314=CARTESIAN_POINT('',(-0.0549596063458855,0.0422780059715048,-0.032766867429018));
#8315=CARTESIAN_POINT('',(-0.0553536395484473,0.042300731497637,-0.032766867429018));
#8316=CARTESIAN_POINT('',(-0.0557705986430114,0.0423164074937486,-0.032766867429018));
#8317=CARTESIAN_POINT('',(-0.0562102900894617,0.0423241882565904,-0.032766867429018));
#8318=CARTESIAN_POINT('',(-0.0566727891354051,0.0423229282319649,-0.032766867429018));
#8319=CARTESIAN_POINT('',(-0.0571354089936609,0.0423131145914498,-0.032766867429018));
#8320=CARTESIAN_POINT('',(-0.0574483729220221,0.0422990149754923,-0.032766867429018));
#8321=CARTESIAN_POINT('',(-0.0575959133392186,0.0422921574249436,-0.032766867429018));
#8322=CARTESIAN_POINT('',(-0.0575959133392186,0.0422921574249436,-0.032766867429018));
#8323=CARTESIAN_POINT('',(-6.93889390390723E-18,0.01934197732497,-0.032766867429018));
#8324=CARTESIAN_POINT('',(-0.0581587728930251,0.0408258581563639,-0.032766867429018));
#8325=CARTESIAN_POINT('',(-0.0544337431784448,0.0378681103155043,-0.032766867429018));
#8326=CARTESIAN_POINT('',(-0.0544998493076714,0.0379064536034993,-0.032766867429018));
#8327=CARTESIAN_POINT('',(-0.0546383531598559,0.0379886356285422,-0.032766867429018));
#8328=CARTESIAN_POINT('',(-0.0548581511359044,0.038125044105663,-0.032766867429018));
#8329=CARTESIAN_POINT('',(-0.0550946705034149,0.0382784655743253,-0.032766867429018));
#8330=CARTESIAN_POINT('',(-0.0553467468278573,0.0384492361813175,-0.032766867429018));
#8331=CARTESIAN_POINT('',(-0.0556137732898226,0.0386380345428898,-0.032766867429018));
#8332=CARTESIAN_POINT('',(-0.0558951222570854,0.0388455213347641,-0.032766867429018));
#8333=CARTESIAN_POINT('',(-0.0561901458219394,0.0390723410387628,-0.032766867429018));
#8334=CARTESIAN_POINT('',(-0.0564981759025701,0.0393191123573672,-0.032766867429018));
#8335=CARTESIAN_POINT('',(-0.0568185261849146,0.0395864629137451,-0.032766867429018));
#8336=CARTESIAN_POINT('',(-0.0571504869547091,0.0398748916842751,-0.032766867429018));
#8337=CARTESIAN_POINT('',(-0.0574933476064485,0.0401853003321079,-0.032766867429018));
#8338=CARTESIAN_POINT('',(-0.0578305745530459,0.0405021463945442,-0.032766867429018));
#8339=CARTESIAN_POINT('',(-0.0580537175923935,0.040722038194337,-0.032766867429018));
#8340=CARTESIAN_POINT('',(-0.0581587728930251,0.0408258581563639,-0.032766867429018));
#8341=CARTESIAN_POINT('',(-0.0548860821291206,0.0381438909191643,-0.032766867429018));
#8342=CARTESIAN_POINT('',(-0.0552528199161369,0.0375692657305476,-0.032766867429018));
#8343=CARTESIAN_POINT('',(-0.0546054534939577,0.0373557067755647,-0.032766867429018));
#8344=CARTESIAN_POINT('',(9.78730985146115E-15,0.0193419773249668,-0.032766867429018));
#8345=CARTESIAN_POINT('',(-0.0547649443720088,0.0368648443258571,-0.032766867429018));
#8346=CARTESIAN_POINT('',(-0.0554142016133734,0.0370725839377613,-0.032766867429018));
#8347=CARTESIAN_POINT('',(-0.0554552607226625,0.0363921393321079,-0.032766867429018));
#8348=CARTESIAN_POINT('',(-0.0549272110526483,0.0363493723629432,-0.032766867429018));
#8349=CARTESIAN_POINT('',(-0.0550032296538329,0.0363572081991805,-0.032766867429018));
#8350=CARTESIAN_POINT('',(-0.0551635870063603,0.0363721320659885,-0.032766867429018));
#8351=CARTESIAN_POINT('',(-0.055421586195452,0.0363909692986259,-0.032766867429018));
#8352=CARTESIAN_POINT('',(-0.0557031132599315,0.0364058713192804,-0.032766867429018));
#8353=CARTESIAN_POINT('',(-0.0560074237346,0.0364158817420433,-0.032766867429018));
#8354=CARTESIAN_POINT('',(-0.056334425572867,0.0364200948753362,-0.032766867429018));
#8355=CARTESIAN_POINT('',(-0.0566839993450417,0.0364176073083065,-0.032766867429018));
#8356=CARTESIAN_POINT('',(-0.0570559996996894,0.0364075168136122,-0.032766867429018));
#8357=CARTESIAN_POINT('',(-0.0574502498114628,0.0363889301617943,-0.032766867429018));
#8358=CARTESIAN_POINT('',(-0.0578665633482634,0.0363609361897586,-0.032766867429018));
#8359=CARTESIAN_POINT('',(-0.0583046594301473,0.0363227140575581,-0.032766867429018));
#8360=CARTESIAN_POINT('',(-0.0587644931494872,0.0362731166209442,-0.032766867429018));
#8361=CARTESIAN_POINT('',(-0.0592235529229926,0.0362149997977181,-0.032766867429018));
#8362=CARTESIAN_POINT('',(-0.0595333285910196,0.0361682637824422,-0.032766867429018));
#8363=CARTESIAN_POINT('',(-0.0596793439571526,0.0361460216251936,-0.032766867429018));
#8364=CARTESIAN_POINT('',(-0.0596793439571526,0.0361460216251935,-0.032766867429018));
#8365=CARTESIAN_POINT('',(-6.93889390390723E-18,0.01934197732497,-0.032766867429018));
#8366=CARTESIAN_POINT('',(-0.0600858500981952,0.0346289200532336,-0.032766867429018));
#8367=CARTESIAN_POINT('',(-0.0560720576496094,0.0320767466962119,-0.032766867429018));
#8368=CARTESIAN_POINT('',(-0.0561418096075141,0.0321079699635628,-0.032766867429018));
#8369=CARTESIAN_POINT('',(-0.0562881450818904,0.0321752241920481,-0.032766867429018));
#8370=CARTESIAN_POINT('',(-0.0565209975501184,0.0322879102645929,-0.032766867429018));
#8371=CARTESIAN_POINT('',(-0.0567722581501377,0.0324157682683782,-0.032766867429018));
#8372=CARTESIAN_POINT('',(-0.0570408039632198,0.0325592542252971,-0.032766867429018));
#8373=CARTESIAN_POINT('',(-0.0573261024288896,0.0327191064639695,-0.032766867429018));
#8374=CARTESIAN_POINT('',(-0.0576275984125748,0.0328960476462982,-0.032766867429018));
#8375=CARTESIAN_POINT('',(-0.0579447149225694,0.033090786448364,-0.032766867429018));
#8376=CARTESIAN_POINT('',(-0.058276852208901,0.0333040080168964,-0.032766867429018));
#8377=CARTESIAN_POINT('',(-0.0586233933216919,0.0335364082762323,-0.032766867429018));
#8378=CARTESIAN_POINT('',(-0.0589836845918016,0.0337885576546468,-0.032766867429018));
#8379=CARTESIAN_POINT('',(-0.0593571135559596,0.0340614271543869,-0.032766867429018));
#8380=CARTESIAN_POINT('',(-0.0597256125700578,0.0343412876864407,-0.032766867429018));
#8381=CARTESIAN_POINT('',(-0.0599705181604055,0.0345366500969547,-0.032766867429018));
#8382=CARTESIAN_POINT('',(-0.0600858500981952,0.0346289200532336,-0.032766867429018));
#8383=CARTESIAN_POINT('',(-0.056550745562884,0.0323037342494795,-0.032766867429018));
#8384=CARTESIAN_POINT('',(-0.0568554096340097,0.031693922380471,-0.032766867429018));
#8385=CARTESIAN_POINT('',(-0.0561892665634449,0.03154920154107,-0.032766867429018));
#8386=CARTESIAN_POINT('',(1.00648656076174E-14,0.0193419773249678,-0.032766867429018));
#8387=CARTESIAN_POINT('',(-0.0562965746362344,0.0310443567508339,-0.032766867429018));
#8388=CARTESIAN_POINT('',(-0.0569639898808901,0.0311830924817027,-0.032766867429018));
#8389=CARTESIAN_POINT('',(-0.0569336982351147,0.0305020835771979,-0.032766867429018));
#8390=CARTESIAN_POINT('',(-0.0564040709108782,0.0305147471105007,-0.032766867429018));
#8391=CARTESIAN_POINT('',(-0.0564804921421319,0.0305145939136457,-0.032766867429018));
#8392=CARTESIAN_POINT('',(-0.0566415310091671,0.0305126741183163,-0.032766867429018));
#8393=CARTESIAN_POINT('',(-0.0569000858786859,0.0305044398998624,-0.032766867429018));
#8394=CARTESIAN_POINT('',(-0.0571816283937681,0.0304898326942702,-0.032766867429018));
#8395=CARTESIAN_POINT('',(-0.0574853181979239,0.0304679791726165,-0.032766867429018));
#8396=CARTESIAN_POINT('',(-0.0578109690782547,0.0304379882262846,-0.032766867429018));
#8397=CARTESIAN_POINT('',(-0.05815836782717,0.0303989738772032,-0.032766867429018));
#8398=CARTESIAN_POINT('',(-0.0585272755810479,0.0303500540338884,-0.032766867429018));
#8399=CARTESIAN_POINT('',(-0.0589174231153061,0.030290358843367,-0.032766867429018));
#8400=CARTESIAN_POINT('',(-0.0593285298761149,0.0302190016110001,-0.032766867429018));
#8401=CARTESIAN_POINT('',(-0.0597602307210818,0.030135195353436,-0.032766867429018));
#8402=CARTESIAN_POINT('',(-0.0602123610793626,0.0300378039047281,-0.032766867429018));
#8403=CARTESIAN_POINT('',(-0.0606628312131747,0.029932020638868,-0.032766867429018));
#8404=CARTESIAN_POINT('',(-0.0609660246538239,0.0298531602738372,-0.032766867429018));
#8405=CARTESIAN_POINT('',(-0.0611089151939865,0.0298157771996178,-0.032766867429018));
#8406=CARTESIAN_POINT('',(-0.0611089151939864,0.0298157771996178,-0.032766867429018));
#8407=CARTESIAN_POINT('',(-6.93889390390723E-18,0.01934197732497,-0.032766867429018));
#8408=CARTESIAN_POINT('',(-0.0613546141559171,0.028264495006574,-0.032766867429018));
#8409=CARTESIAN_POINT('',(-0.0570960349233326,0.0261458582787664,-0.032766867429018));
#8410=CARTESIAN_POINT('',(-0.057168668492868,0.0261696194368221,-0.032766867429018));
#8411=CARTESIAN_POINT('',(-0.0573212323073561,0.0262212090173487,-0.032766867429018));
#8412=CARTESIAN_POINT('',(-0.0575645880873941,0.0263089380731257,-0.032766867429018));
#8413=CARTESIAN_POINT('',(-0.0578278370562089,0.0264098317729885,-0.032766867429018));
#8414=CARTESIAN_POINT('',(-0.0581099101138058,0.0265244610176637,-0.032766867429018));
#8415=CARTESIAN_POINT('',(-0.0584103547934877,0.026653615758858,-0.032766867429018));
#8416=CARTESIAN_POINT('',(-0.0587286945405057,0.0267980727270203,-0.032766867429018));
#8417=CARTESIAN_POINT('',(-0.0590644296007967,0.0269585970280859,-0.032766867429018));
#8418=CARTESIAN_POINT('',(-0.0594170351272159,0.027135932746422,-0.032766867429018));
#8419=CARTESIAN_POINT('',(-0.0597859702935031,0.0273308364828417,-0.032766867429018));
#8420=CARTESIAN_POINT('',(-0.0601706446373767,0.0275439438677852,-0.032766867429018));
#8421=CARTESIAN_POINT('',(-0.060570550548077,0.0277762846040918,-0.032766867429018));
#8422=CARTESIAN_POINT('',(-0.0609662842773641,0.0280160933952094,-0.032766867429018));
#8423=CARTESIAN_POINT('',(-0.0612302691818144,0.0281847859849928,-0.032766867429018));
#8424=CARTESIAN_POINT('',(-0.0613546141559171,0.028264495006574,-0.032766867429018));
#8425=CARTESIAN_POINT('',(-0.0575958271942562,0.0263215658585076,-0.032766867429018));
#8426=CARTESIAN_POINT('',(-0.0578350795861729,0.0256832485355556,-0.032766867429018));
#8427=CARTESIAN_POINT('',(-0.057157458270103,0.0256089514035379,-0.032766867429018));
#8428=CARTESIAN_POINT('',(1.02361695508701E-14,0.0193419773249689,-0.032766867429018));
#8429=CARTESIAN_POINT('',(-0.0572114078479299,0.0250956554579405,-0.032766867429018));
#8430=CARTESIAN_POINT('',(-0.0578896687547906,0.0251638672900741,-0.032766867429018));
#8431=CARTESIAN_POINT('',(-0.0577883582355607,0.0244897553627862,-0.032766867429018));
#8432=CARTESIAN_POINT('',(-0.0572629559648979,0.0245577106542355,-0.032766867429018));
#8433=CARTESIAN_POINT('',(-0.0573389425392188,0.0245495701027449,-0.032766867429018));
#8434=CARTESIAN_POINT('',(-0.0574988985452351,0.0245308276789577,-0.032766867429018));
#8435=CARTESIAN_POINT('',(-0.0577551763139244,0.0244956122252328,-0.032766867429018));
#8436=CARTESIAN_POINT('',(-0.0580336496408975,0.0244516558329952,-0.032766867429018));
#8437=CARTESIAN_POINT('',(-0.0583333914854952,0.0243981777986812,-0.032766867429018));
#8438=CARTESIAN_POINT('',(-0.0586541235086981,0.0243343113598087,-0.032766867429018));
#8439=CARTESIAN_POINT('',(-0.058995541060963,0.0242591976780484,-0.032766867429018));
#8440=CARTESIAN_POINT('',(-0.0593573143835207,0.0241719844621534,-0.032766867429018));
#8441=CARTESIAN_POINT('',(-0.0597390848022348,0.0240718347659281,-0.032766867429018));
#8442=CARTESIAN_POINT('',(-0.0601404806153507,0.0239578960779999,-0.032766867429018));
#8443=CARTESIAN_POINT('',(-0.0605610564186039,0.0238294238939679,-0.032766867429018));
#8444=CARTESIAN_POINT('',(-0.061000529781006,0.0236853054742585,-0.032766867429018));
#8445=CARTESIAN_POINT('',(-0.0614374748300719,0.0235330147493617,-0.032766867429018));
#8446=CARTESIAN_POINT('',(-0.0617307641925601,0.023422894045238,-0.032766867429018));
#8447=CARTESIAN_POINT('',(-0.0618689643680924,0.023370779630832,-0.032766867429018));
#8448=CARTESIAN_POINT('',(-0.0618689643680924,0.023370779630832,-0.032766867429018));
#8449=CARTESIAN_POINT('',(-6.93889390390723E-18,0.01934197732497,-0.032766867429018));
#8450=CARTESIAN_POINT('',(-0.0619511642216683,0.0218023129890379,-0.032766867429018));
#8451=CARTESIAN_POINT('',(-0.0574944560903222,0.0201404251177874,-0.032766867429018));
#8452=CARTESIAN_POINT('',(-0.057569175482901,0.020156463834328,-0.032766867429018));
#8453=CARTESIAN_POINT('',(-0.0577262961164234,0.0201918235406559,-0.032766867429018));
#8454=CARTESIAN_POINT('',(-0.0579774889514199,0.0202536344017714,-0.032766867429018));
#8455=CARTESIAN_POINT('',(-0.0582498420782394,0.0203264583852226,-0.032766867429018));
#8456=CARTESIAN_POINT('',(-0.0585423519289044,0.0204109750156619,-0.032766867429018));
#8457=CARTESIAN_POINT('',(-0.0588546510878157,0.0205080172130061,-0.032766867429018));
#8458=CARTESIAN_POINT('',(-0.0591863468012814,0.0206184072662292,-0.032766867429018));
#8459=CARTESIAN_POINT('',(-0.0595370220282911,0.0207429583284604,-0.032766867429018));
#8460=CARTESIAN_POINT('',(-0.059906232574863,0.0208824652693602,-0.032766867429018));
#8461=CARTESIAN_POINT('',(-0.06029351966376,0.0210377370767414,-0.032766867429018));
#8462=CARTESIAN_POINT('',(-0.0606983625087879,0.0212094676191086,-0.032766867429018));
#8463=CARTESIAN_POINT('',(-0.0611203639131872,0.0213987340182544,-0.032766867429018));
#8464=CARTESIAN_POINT('',(-0.0615389966161125,0.0215958636731371,-0.032766867429018));
#8465=CARTESIAN_POINT('',(-0.0618191685608097,0.021736038210875,-0.032766867429018));
#8466=CARTESIAN_POINT('',(-0.0619511642216683,0.0218023129890379,-0.032766867429018));
#8467=CARTESIAN_POINT('',(-0.0580098768901865,0.0202629276349896,-0.032766867429018));
#8468=CARTESIAN_POINT('',(-0.0581810963036215,0.0196030983962608,-0.032766867429018));
#8469=CARTESIAN_POINT('',(-0.0574994209029867,0.0196000389865522,-0.032766867429018));
#8470=CARTESIAN_POINT('',(1.02926668171575E-14,0.01934197732497,-0.032766867429018));
#8471=CARTESIAN_POINT('',(-0.0575,0.01934197732497,-0.032766867429018));
#8472=CARTESIAN_POINT('',(-4.06059159637577E-18,0.01934197732497,-0.032766867429018));
#8473=CARTESIAN_POINT('',(-0.039,0.01934197732497,-0.032766867429018));
#8474=CARTESIAN_POINT('',(-0.039,0.01434197732497,-0.032766867429018));
#8475=CARTESIAN_POINT('',(-0.034,0.01434197732497,-0.032766867429018));
#8476=CARTESIAN_POINT('',(-0.034,0.01934197732497,-0.032766867429018));
#8477=CARTESIAN_POINT('',(-0.034,-0.021192595462206,-0.032766867429018));
#8478=CARTESIAN_POINT('',(-0.029,-0.021192595462206,-0.032766867429018));
#8479=CARTESIAN_POINT('',(-0.029,-0.0261925954622059,-0.032766867429018));
#8480=CARTESIAN_POINT('',(-4.06059159637577E-18,-0.0261925954622059,-0.032766867429018));
#8481=CARTESIAN_POINT('',(-0.025,-0.0261925954622059,-0.032766867429018));
#8482=CARTESIAN_POINT('',(-0.025,-0.021192595462206,-0.032766867429018));
#8483=CARTESIAN_POINT('',(-0.02,-0.021192595462206,-0.032766867429018));
#8484=CARTESIAN_POINT('',(-0.02,0.01934197732497,-0.032766867429018));
#8485=CARTESIAN_POINT('',(-0.02,-0.00842530906861799,-0.032766867429018));
#8486=CARTESIAN_POINT('',(-0.015,-0.00842530906861799,-0.032766867429018));
#8487=CARTESIAN_POINT('',(-0.015,-0.00342530906861799,-0.032766867429018));
#8488=CARTESIAN_POINT('',(-4.06059159637577E-18,-0.00342530906861799,-0.032766867429018));
#8489=CARTESIAN_POINT('',(0.015,-0.00342530906861799,-0.032766867429018));
#8490=CARTESIAN_POINT('',(0.015,-0.00842530906861799,-0.032766867429018));
#8491=CARTESIAN_POINT('',(0.02,-0.00842530906861799,-0.032766867429018));
#8492=CARTESIAN_POINT('',(0.02,0.01934197732497,-0.032766867429018));
#8493=CARTESIAN_POINT('',(0.02,-0.021192595462206,-0.032766867429018));
#8494=CARTESIAN_POINT('',(0.025,-0.021192595462206,-0.032766867429018));
#8495=CARTESIAN_POINT('',(-3.90312782094781E-18,0.01934197732497,-0.032766867429018));
#8496=CARTESIAN_POINT('',(-0.0023,0.01934197732497,-0.032766867429018));
#8497=CARTESIAN_POINT('',(0.0239782419802608,0.034520327610509,-0.032766867429018));
#8498=CARTESIAN_POINT('',(0.007,0.06134197732497,-0.032766867429018));
#8499=CARTESIAN_POINT('',(0.0199661172709324,0.0408585458836054,-0.032766867429018));
#8500=CARTESIAN_POINT('',(0.0241908392839826,0.0435328166089526,-0.032766867429018));
#8501=CARTESIAN_POINT('',(0.0215165685586353,0.0393080945959025,-0.032766867429018));
#8502=CARTESIAN_POINT('',(0.0151783502855391,0.0433202193052308,-0.032766867429018));
#8503=CARTESIAN_POINT('',(0.042,0.02634197732497,-0.032766867429018));
#8504=CARTESIAN_POINT('',(-5.44837037715722E-18,0.02634197732497,-0.032766867429018));
#8505=CARTESIAN_POINT('',(0.012,0.02634197732497,-0.032766867429018));
#8506=CARTESIAN_POINT('',(0.012,0.03134197732497,-0.032766867429018));
#8507=CARTESIAN_POINT('',(0.007,0.03134197732497,-0.032766867429018));
#8508=CARTESIAN_POINT('',(0.007,0.01934197732497,-0.032766867429018));
#8509=CARTESIAN_POINT('',(-0.0151783502855391,0.0433202193052308,-0.032766867429018));
#8510=CARTESIAN_POINT('',(-0.0215165685586353,0.0393080945959024,-0.032766867429018));
#8511=CARTESIAN_POINT('',(-0.042,0.02634197732497,-0.032766867429018));
#8512=CARTESIAN_POINT('',(-0.0241908392839826,0.0435328166089526,-0.032766867429018));
#8513=CARTESIAN_POINT('',(-0.0199661172709324,0.0408585458836054,-0.032766867429018));
#8514=CARTESIAN_POINT('',(-0.0239782419802608,0.034520327610509,-0.032766867429018));
#8515=CARTESIAN_POINT('',(-0.007,0.06134197732497,-0.032766867429018));
#8516=CARTESIAN_POINT('',(-0.007,0.01934197732497,-0.032766867429018));
#8517=CARTESIAN_POINT('',(-0.007,0.03134197732497,-0.032766867429018));
#8518=CARTESIAN_POINT('',(-0.012,0.03134197732497,-0.032766867429018));
#8519=CARTESIAN_POINT('',(-0.012,0.02634197732497,-0.032766867429018));
#8520=CARTESIAN_POINT('',(-2.67281281559432E-18,0.02634197732497,-0.032766867429018));
#8521=CARTESIAN_POINT('',(1.02926668171575E-14,0.01934197732497,-0.040766867429018));
#8522=CARTESIAN_POINT('',(-0.0575,0.01934197732497,-0.015766867429018));
#8523=CARTESIAN_POINT('',(-0.0574994209029867,0.0196000389865522,-0.040766867429018));
#8524=CARTESIAN_POINT('',(-6.93889390390723E-18,0.01934197732497,-0.040766867429018));
#8525=CARTESIAN_POINT('',(-0.0619511642216683,0.0218023129890379,-0.040766867429018));
#8526=CARTESIAN_POINT('',(-0.0618689643680924,0.023370779630832,-0.040766867429018));
#8527=CARTESIAN_POINT('',(-6.93889390390723E-18,0.01934197732497,-0.040766867429018));
#8528=CARTESIAN_POINT('',(-0.0613546141559171,0.028264495006574,-0.040766867429018));
#8529=CARTESIAN_POINT('',(-0.0611089151939864,0.0298157771996178,-0.040766867429018));
#8530=CARTESIAN_POINT('',(-6.93889390390723E-18,0.01934197732497,-0.040766867429018));
#8531=CARTESIAN_POINT('',(-0.0432818057979717,0.063734378553859,-0.040766867429018));
#8532=CARTESIAN_POINT('',(-0.044392401228889,0.0626237831229417,-0.040766867429018));
#8533=CARTESIAN_POINT('',(-6.93889390390723E-18,0.01934197732497,-0.040766867429018));
#8534=CARTESIAN_POINT('',(-0.0476849730183772,0.0589670116875625,-0.040766867429018));
#8535=CARTESIAN_POINT('',(-0.0486733956576146,0.0577464113809134,-0.040766867429018));
#8536=CARTESIAN_POINT('',(-6.93889390390723E-18,0.01934197732497,-0.040766867429018));
#8537=CARTESIAN_POINT('',(-0.0396250343625925,0.0670269503433472,-0.040766867429018));
#8538=CARTESIAN_POINT('',(-0.0384044340559435,0.0680153729825845,-0.040766867429018));
#8539=CARTESIAN_POINT('',(-6.93889390390723E-18,0.01934197732497,-0.040766867429018));
#8540=CARTESIAN_POINT('',(-0.034423527327748,0.0709076710206412,-0.040766867429018));
#8541=CARTESIAN_POINT('',(-0.0331062952977539,0.0717630915029223,-0.040766867429018));
#8542=CARTESIAN_POINT('',(-6.93889390390723E-18,0.01934197732497,-0.040766867429018));
#8543=CARTESIAN_POINT('',(-0.0515656936956712,0.053765504652718,-0.040766867429018));
#8544=CARTESIAN_POINT('',(-0.0524211141779524,0.0524482726227238,-0.040766867429018));
#8545=CARTESIAN_POINT('',(-6.93889390390723E-18,0.01934197732497,-0.040766867429018));
#8546=CARTESIAN_POINT('',(-0.0548814498420203,0.0481868462488844,-0.040766867429018));
#8547=CARTESIAN_POINT('',(-0.0555944960015332,0.0467874143653143,-0.040766867429018));
#8548=CARTESIAN_POINT('',(-6.93889390390723E-18,0.01934197732497,-0.040766867429018));
#8549=CARTESIAN_POINT('',(-0.0575959133392186,0.0422921574249436,-0.040766867429018));
#8550=CARTESIAN_POINT('',(-0.0581587728930251,0.0408258581563639,-0.040766867429018));
#8551=CARTESIAN_POINT('',(-6.93889390390723E-18,0.01934197732497,-0.040766867429018));
#8552=CARTESIAN_POINT('',(-0.0600858500981952,0.0346289200532336,-0.040766867429018));
#8553=CARTESIAN_POINT('',(-0.0596793439571526,0.0361460216251935,-0.040766867429018));
#8554=CARTESIAN_POINT('',(-6.93889390390723E-18,0.01934197732497,-0.040766867429018));
#8555=CARTESIAN_POINT('',(-0.0288448689239145,0.0742234271669903,-0.040766867429018));
#8556=CARTESIAN_POINT('',(-0.0274454370403443,0.0749364733265032,-0.040766867429018));
#8557=CARTESIAN_POINT('',(-6.93889390390723E-18,0.01934197732497,-0.040766867429018));
#8558=CARTESIAN_POINT('',(-0.0229501800999737,0.0769378906641886,-0.040766867429018));
#8559=CARTESIAN_POINT('',(-0.0214838808313939,0.077500750217995,-0.040766867429018));
#8560=CARTESIAN_POINT('',(-6.93889390390723E-18,0.01934197732497,-0.040766867429018));
#8561=CARTESIAN_POINT('',(-0.0168040443002236,0.0790213212821226,-0.040766867429018));
#8562=CARTESIAN_POINT('',(-0.0152869427282637,0.0794278274231652,-0.040766867429018));
#8563=CARTESIAN_POINT('',(-6.93889390390723E-18,0.01934197732497,-0.040766867429018));
#8564=CARTESIAN_POINT('',(-0.0104737998746479,0.0804508925189564,-0.040766867429018));
#8565=CARTESIAN_POINT('',(-0.00892251768160403,0.0806965914808871,-0.040766867429018));
#8566=CARTESIAN_POINT('',(-6.93889390390723E-18,0.01934197732497,-0.040766867429018));
#8567=CARTESIAN_POINT('',(-0.00402880230586203,0.0812109416930623,-0.040766867429018));
#8568=CARTESIAN_POINT('',(-0.00246033566406796,0.0812931415466383,-0.040766867429018));
#8569=CARTESIAN_POINT('',(-6.93889390390723E-18,0.01934197732497,-0.040766867429018));
#8570=CARTESIAN_POINT('',(0.00246033566406791,0.0812931415466383,-0.040766867429018));
#8571=CARTESIAN_POINT('',(0.00402880230586198,0.0812109416930623,-0.040766867429018));
#8572=CARTESIAN_POINT('',(-6.93889390390723E-18,0.01934197732497,-0.040766867429018));
#8573=CARTESIAN_POINT('',(0.00892251768160399,0.0806965914808871,-0.040766867429018));
#8574=CARTESIAN_POINT('',(0.0104737998746479,0.0804508925189564,-0.040766867429018));
#8575=CARTESIAN_POINT('',(-6.93889390390723E-18,0.01934197732497,-0.040766867429018));
#8576=CARTESIAN_POINT('',(0.0152869427282636,0.0794278274231652,-0.040766867429018));
#8577=CARTESIAN_POINT('',(0.0168040443002235,0.0790213212821226,-0.040766867429018));
#8578=CARTESIAN_POINT('',(-6.93889390390723E-18,0.01934197732497,-0.040766867429018));
#8579=CARTESIAN_POINT('',(0.0555944960015332,0.0467874143653143,-0.040766867429018));
#8580=CARTESIAN_POINT('',(0.0548814498420203,0.0481868462488845,-0.040766867429018));
#8581=CARTESIAN_POINT('',(-6.93889390390723E-18,0.01934197732497,-0.040766867429018));
#8582=CARTESIAN_POINT('',(0.0524211141779524,0.0524482726227239,-0.040766867429018));
#8583=CARTESIAN_POINT('',(0.0515656936956712,0.053765504652718,-0.040766867429018));
#8584=CARTESIAN_POINT('',(-6.93889390390723E-18,0.01934197732497,-0.040766867429018));
#8585=CARTESIAN_POINT('',(0.044392401228889,0.0626237831229417,-0.040766867429018));
#8586=CARTESIAN_POINT('',(0.0432818057979717,0.063734378553859,-0.040766867429018));
#8587=CARTESIAN_POINT('',(-6.93889390390723E-18,0.01934197732497,-0.040766867429018));
#8588=CARTESIAN_POINT('',(0.0476849730183772,0.0589670116875625,-0.040766867429018));
#8589=CARTESIAN_POINT('',(0.0486733956576145,0.0577464113809135,-0.040766867429018));
#8590=CARTESIAN_POINT('',(-6.93889390390723E-18,0.01934197732497,-0.040766867429018));
#8591=CARTESIAN_POINT('',(0.034423527327748,0.0709076710206412,-0.040766867429018));
#8592=CARTESIAN_POINT('',(0.0331062952977538,0.0717630915029224,-0.040766867429018));
#8593=CARTESIAN_POINT('',(-6.93889390390723E-18,0.01934197732497,-0.040766867429018));
#8594=CARTESIAN_POINT('',(0.0384044340559435,0.0680153729825845,-0.040766867429018));
#8595=CARTESIAN_POINT('',(0.0396250343625925,0.0670269503433472,-0.040766867429018));
#8596=CARTESIAN_POINT('',(-6.93889390390723E-18,0.01934197732497,-0.040766867429018));
#8597=CARTESIAN_POINT('',(0.0288448689239145,0.0742234271669903,-0.040766867429018));
#8598=CARTESIAN_POINT('',(0.0274454370403443,0.0749364733265032,-0.040766867429018));
#8599=CARTESIAN_POINT('',(-6.93889390390723E-18,0.01934197732497,-0.040766867429018));
#8600=CARTESIAN_POINT('',(0.0214838808313938,0.077500750217995,-0.040766867429018));
#8601=CARTESIAN_POINT('',(0.0229501800999736,0.0769378906641886,-0.040766867429018));
#8602=CARTESIAN_POINT('',(-6.93889390390723E-18,0.01934197732497,-0.040766867429018));
#8603=CARTESIAN_POINT('',(0.0575959133392186,0.0422921574249436,-0.040766867429018));
#8604=CARTESIAN_POINT('',(0.0581587728930251,0.0408258581563639,-0.040766867429018));
#8605=CARTESIAN_POINT('',(-6.93889390390723E-18,0.01934197732497,-0.040766867429018));
#8606=CARTESIAN_POINT('',(0.0596793439571526,0.0361460216251936,-0.040766867429018));
#8607=CARTESIAN_POINT('',(0.0600858500981952,0.0346289200532336,-0.040766867429018));
#8608=CARTESIAN_POINT('',(-6.93889390390723E-18,0.01934197732497,-0.040766867429018));
#8609=CARTESIAN_POINT('',(0.0611089151939864,0.0298157771996179,-0.040766867429018));
#8610=CARTESIAN_POINT('',(0.0613546141559171,0.028264495006574,-0.040766867429018));
#8611=CARTESIAN_POINT('',(-3.90312782094781E-18,0.01934197732497,-0.040766867429018));
#8612=CARTESIAN_POINT('',(-6.93889390390723E-18,0.01934197732497,-0.040766867429018));
#8613=CARTESIAN_POINT('',(0.0618689643680923,0.023370779630832,-0.040766867429018));
#8614=CARTESIAN_POINT('',(0.0619511642216683,0.0218023129890379,-0.040766867429018));
#8615=CARTESIAN_POINT('',(-1.03007880003503E-14,0.01934197732497,-0.040766867429018));
#8616=CARTESIAN_POINT('',(0.0575,0.01934197732497,-0.015766867429018));
#8617=CARTESIAN_POINT('',(0.0574994209029867,0.0196000389865522,-0.040766867429018));
#8618=CARTESIAN_POINT('',(0.0580098769557386,0.0202629276519998,-0.040766867429018));
#8619=CARTESIAN_POINT('',(0.0580098769557386,0.0202629276519998,-0.032766867429018));
#8620=CARTESIAN_POINT('',(0.0591439383914151,0.0205572058172802,-0.040766867429018));
#8621=CARTESIAN_POINT('',(0.0591439383914151,0.0205572058172802,-0.032766867429018));
#8622=CARTESIAN_POINT('',(0.0605185996924715,0.0210830249779106,-0.040766867429018));
#8623=CARTESIAN_POINT('',(0.0605185996924715,0.0210830249779106,-0.032766867429018));
#8624=CARTESIAN_POINT('',(0.0619511642216683,0.0218023129890379,-0.040766867429018));
#8625=CARTESIAN_POINT('',(0.0619511642216683,0.0218023129890379,-0.032766867429018));
#8626=CARTESIAN_POINT('',(0.0580098768901862,0.0202629276349895,-0.040766867429018));
#8627=CARTESIAN_POINT('',(0.0581810963036215,0.0196030983962608,-0.036766867429018));
#8628=CARTESIAN_POINT('',(0.0577883583025318,0.0244897553527213,-0.040766867429018));
#8629=CARTESIAN_POINT('',(0.0577883583025318,0.0244897553527213,-0.032766867429018));
#8630=CARTESIAN_POINT('',(0.0589469676753948,0.0243156309731435,-0.0407668674290182));
#8631=CARTESIAN_POINT('',(0.0589469676753948,0.0243156309731435,-0.0327668674290182));
#8632=CARTESIAN_POINT('',(0.0603690615068285,0.0239363835382055,-0.040766867429018));
#8633=CARTESIAN_POINT('',(0.0603690615068285,0.0239363835382055,-0.032766867429018));
#8634=CARTESIAN_POINT('',(0.0618689643680923,0.023370779630832,-0.040766867429018));
#8635=CARTESIAN_POINT('',(0.0618689643680923,0.023370779630832,-0.032766867429018));
#8636=CARTESIAN_POINT('',(0.0577883582355603,0.0244897553627862,-0.032766867429018));
#8637=CARTESIAN_POINT('',(-1.0245276849119E-14,0.0193419773249689,-0.040766867429018));
#8638=CARTESIAN_POINT('',(0.0572114078479299,0.0250956554579405,-0.040766867429018));
#8639=CARTESIAN_POINT('',(0.0571574582701029,0.0256089514035379,-0.040766867429018));
#8640=CARTESIAN_POINT('',(0.0575958272576713,0.0263215658822767,-0.040766867429018));
#8641=CARTESIAN_POINT('',(0.0575958272576713,0.0263215658822767,-0.032766867429018));
#8642=CARTESIAN_POINT('',(0.0586929157417544,0.0267327736600993,-0.040766867429018));
#8643=CARTESIAN_POINT('',(0.0586929157417544,0.0267327736600993,-0.032766867429018));
#8644=CARTESIAN_POINT('',(0.0600050834355532,0.0273994035616631,-0.040766867429018));
#8645=CARTESIAN_POINT('',(0.0600050834355532,0.0273994035616631,-0.032766867429018));
#8646=CARTESIAN_POINT('',(0.0613546141559171,0.028264495006574,-0.040766867429018));
#8647=CARTESIAN_POINT('',(0.0613546141559171,0.028264495006574,-0.032766867429018));
#8648=CARTESIAN_POINT('',(0.0575958271942559,0.0263215658585075,-0.040766867429018));
#8649=CARTESIAN_POINT('',(0.0578350795861729,0.0256832485355556,-0.036766867429018));
#8650=CARTESIAN_POINT('',(0.0578896687547906,0.0251638672900741,-0.036766867429018));
#8651=CARTESIAN_POINT('',(0.056933698302771,0.0305020835741886,-0.040766867429018));
#8652=CARTESIAN_POINT('',(0.056933698302771,0.0305020835741886,-0.032766867429018));
#8653=CARTESIAN_POINT('',(0.0581041616460767,0.0304500207234538,-0.040766867429018));
#8654=CARTESIAN_POINT('',(0.0581041616460767,0.0304500207234538,-0.032766867429018));
#8655=CARTESIAN_POINT('',(0.0595581072502778,0.0302215001284679,-0.040766867429018));
#8656=CARTESIAN_POINT('',(0.0595581072502778,0.0302215001284679,-0.032766867429018));
#8657=CARTESIAN_POINT('',(0.0611089151939864,0.0298157771996179,-0.040766867429018));
#8658=CARTESIAN_POINT('',(0.0611089151939864,0.0298157771996179,-0.032766867429018));
#8659=CARTESIAN_POINT('',(0.0569336982351143,0.030502083577198,-0.032766867429018));
#8660=CARTESIAN_POINT('',(-1.00770086719493E-14,0.0193419773249678,-0.040766867429018));
#8661=CARTESIAN_POINT('',(0.0562965746362345,0.0310443567508339,-0.040766867429018));
#8662=CARTESIAN_POINT('',(0.0561892665634448,0.03154920154107,-0.040766867429018));
#8663=CARTESIAN_POINT('',(0.0565507456234671,0.032303734279747,-0.040766867429018));
#8664=CARTESIAN_POINT('',(0.0565507456234671,0.032303734279747,-0.0327668674290181));
#8665=CARTESIAN_POINT('',(0.0575988412249446,0.0328273663916472,-0.040766867429018));
#8666=CARTESIAN_POINT('',(0.0575988412249446,0.0328273663916472,-0.0327668674290181));
#8667=CARTESIAN_POINT('',(0.0588341389276426,0.0336275032974418,-0.040766867429018));
#8668=CARTESIAN_POINT('',(0.0588341389276426,0.0336275032974418,-0.0327668674290181));
#8669=CARTESIAN_POINT('',(0.0600858500981953,0.0346289200532336,-0.040766867429018));
#8670=CARTESIAN_POINT('',(0.0600858500981953,0.0346289200532336,-0.0327668674290181));
#8671=CARTESIAN_POINT('',(0.0565507455628837,0.0323037342494794,-0.040766867429018));
#8672=CARTESIAN_POINT('',(0.0568554096340097,0.031693922380471,-0.036766867429018));
#8673=CARTESIAN_POINT('',(0.0569639898808901,0.0311830924817027,-0.036766867429018));
#8674=CARTESIAN_POINT('',(0.0554552607902626,0.036392139336187,-0.040766867429018));
#8675=CARTESIAN_POINT('',(0.0554552607902626,0.036392139336187,-0.032766867429018));
#8676=CARTESIAN_POINT('',(0.0566247542626867,0.0364627084257829,-0.040766867429018));
#8677=CARTESIAN_POINT('',(0.0566247542626867,0.0364627084257829,-0.032766867429018));
#8678=CARTESIAN_POINT('',(0.0580946219073569,0.0363874183902087,-0.040766867429018));
#8679=CARTESIAN_POINT('',(0.0580946219073569,0.0363874183902087,-0.032766867429018));
#8680=CARTESIAN_POINT('',(0.0596793439571526,0.0361460216251936,-0.040766867429018));
#8681=CARTESIAN_POINT('',(0.0596793439571526,0.0361460216251936,-0.032766867429018));
#8682=CARTESIAN_POINT('',(0.055455260722662,0.0363921393321079,-0.032766867429018));
#8683=CARTESIAN_POINT('',(-9.80032027753097E-15,0.0193419773249668,-0.040766867429018));
#8684=CARTESIAN_POINT('',(0.0547649443720088,0.0368648443258572,-0.040766867429018));
#8685=CARTESIAN_POINT('',(0.0546054534939577,0.0373557067755647,-0.040766867429018));
#8686=CARTESIAN_POINT('',(0.054886082186208,0.0381438909555987,-0.040766867429018));
#8687=CARTESIAN_POINT('',(0.054886082186208,0.0381438909555987,-0.032766867429018));
#8688=CARTESIAN_POINT('',(0.0558737017503419,0.0387742103785813,-0.040766867429018));
#8689=CARTESIAN_POINT('',(0.0558737017503419,0.0387742103785813,-0.032766867429018));
#8690=CARTESIAN_POINT('',(0.0570185952818068,0.0396990878212273,-0.040766867429018));
#8691=CARTESIAN_POINT('',(0.0570185952818068,0.0396990878212273,-0.032766867429018));
#8692=CARTESIAN_POINT('',(0.0581587728930251,0.0408258581563639,-0.040766867429018));
#8693=CARTESIAN_POINT('',(0.0581587728930251,0.0408258581563639,-0.032766867429018));
#8694=CARTESIAN_POINT('',(0.0548860821291203,0.0381438909191641,-0.040766867429018));
#8695=CARTESIAN_POINT('',(0.0552528199161369,0.0375692657305476,-0.036766867429018));
#8696=CARTESIAN_POINT('',(0.0554142016133734,0.0370725839377613,-0.036766867429018));
#8697=CARTESIAN_POINT('',(0.0244360726061898,0.0719620526718355,-0.040766867429018));
#8698=CARTESIAN_POINT('',(0.0244360726061898,0.0719620526718355,-0.032766867429018));
#8699=CARTESIAN_POINT('',(0.0251661734287539,0.0728783756320088,-0.0407668674290181));
#8700=CARTESIAN_POINT('',(0.0251661734287539,0.0728783756320088,-0.0327668674290181));
#8701=CARTESIAN_POINT('',(0.0262056582574466,0.0739203212991257,-0.040766867429018));
#8702=CARTESIAN_POINT('',(0.0262056582574466,0.0739203212991257,-0.032766867429018));
#8703=CARTESIAN_POINT('',(0.0274454370403443,0.0749364733265032,-0.040766867429018));
#8704=CARTESIAN_POINT('',(0.0274454370403443,0.0749364733265032,-0.032766867429018));
#8705=CARTESIAN_POINT('',(0.0244360725639876,0.071962052618869,-0.032766867429018));
#8706=CARTESIAN_POINT('',(-4.20150025881583E-15,0.0193419773249605,-0.040766867429018));
#8707=CARTESIAN_POINT('',(0.0236228724956135,0.0717653489740349,-0.040766867429018));
#8708=CARTESIAN_POINT('',(0.0231513703781531,0.071975275241912,-0.040766867429018));
#8709=CARTESIAN_POINT('',(0.0227534126302448,0.0727112211607469,-0.040766867429018));
#8710=CARTESIAN_POINT('',(0.0227534126302448,0.0727112211607469,-0.032766867429018));
#8711=CARTESIAN_POINT('',(0.0229458404904582,0.0738669315470736,-0.0407668674290181));
#8712=CARTESIAN_POINT('',(0.0229458404904582,0.0738669315470736,-0.0327668674290182));
#8713=CARTESIAN_POINT('',(0.0230246059076808,0.0753366170547097,-0.040766867429018));
#8714=CARTESIAN_POINT('',(0.0230246059076808,0.0753366170547097,-0.0327668674290181));
#8715=CARTESIAN_POINT('',(0.0229501800999736,0.0769378906641886,-0.040766867429018));
#8716=CARTESIAN_POINT('',(0.0229501800999736,0.0769378906641886,-0.0327668674290181));
#8717=CARTESIAN_POINT('',(0.0227534126191219,0.072711221093943,-0.040766867429018));
#8718=CARTESIAN_POINT('',(0.0234258378324323,0.0725992610817833,-0.036766867429018));
#8719=CARTESIAN_POINT('',(0.0239029297695773,0.072386846065837,-0.036766867429018));
#8720=CARTESIAN_POINT('',(0.0298025048567007,0.0691195292755342,-0.040766867429018));
#8721=CARTESIAN_POINT('',(0.0298025048567007,0.0691195292755342,-0.032766867429018));
#8722=CARTESIAN_POINT('',(0.0306243879414508,0.069954516205642,-0.040766867429018));
#8723=CARTESIAN_POINT('',(0.0306243879414508,0.069954516205642,-0.032766867429018));
#8724=CARTESIAN_POINT('',(0.0317670913428812,0.0708820982336407,-0.040766867429018));
#8725=CARTESIAN_POINT('',(0.0317670913428812,0.0708820982336407,-0.032766867429018));
#8726=CARTESIAN_POINT('',(0.0331062952977538,0.0717630915029224,-0.040766867429018));
#8727=CARTESIAN_POINT('',(0.0331062952977538,0.0717630915029224,-0.032766867429018));
#8728=CARTESIAN_POINT('',(0.0298025048091932,0.0691195292272692,-0.032766867429018));
#8729=CARTESIAN_POINT('',(-5.15906761755502E-15,0.019341977324961,-0.040766867429018));
#8730=CARTESIAN_POINT('',(0.0289731984061664,0.0690089056990593,-0.040766867429018));
#8731=CARTESIAN_POINT('',(0.0285262224968202,0.0692669673606415,-0.040766867429018));
#8732=CARTESIAN_POINT('',(0.028207372099038,0.0700404796025641,-0.040766867429018));
#8733=CARTESIAN_POINT('',(0.028207372099038,0.0700404796025641,-0.032766867429018));
#8734=CARTESIAN_POINT('',(0.0285195504499642,0.0711697446979522,-0.040766867429018));
#8735=CARTESIAN_POINT('',(0.0285195504499642,0.0711697446979522,-0.032766867429018));
#8736=CARTESIAN_POINT('',(0.0287515083495898,0.0726231458865813,-0.040766867429018));
#8737=CARTESIAN_POINT('',(0.0287515083495898,0.0726231458865813,-0.032766867429018));
#8738=CARTESIAN_POINT('',(0.0288448689239145,0.0742234271669903,-0.040766867429018));
#8739=CARTESIAN_POINT('',(0.0288448689239145,0.0742234271669903,-0.032766867429018));
#8740=CARTESIAN_POINT('',(0.028207372080993,0.0700404795372888,-0.040766867429018));
#8741=CARTESIAN_POINT('',(0.0288644106706095,0.0698588452795805,-0.036766867429018));
#8742=CARTESIAN_POINT('',(0.0293166856330121,0.0695977242082897,-0.036766867429018));
#8743=CARTESIAN_POINT('',(0.03950058361225,0.0618354811604557,-0.040766867429018));
#8744=CARTESIAN_POINT('',(0.03950058361225,0.0618354811604557,-0.032766867429018));
#8745=CARTESIAN_POINT('',(0.0404781101241317,0.0624813425209797,-0.040766867429018));
#8746=CARTESIAN_POINT('',(0.0404781101241317,0.0624813425209797,-0.032766867429018));
#8747=CARTESIAN_POINT('',(0.0417886978624042,0.0631510732598558,-0.040766867429018));
#8748=CARTESIAN_POINT('',(0.0417886978624042,0.0631510732598558,-0.032766867429018));
#8749=CARTESIAN_POINT('',(0.0432818057979717,0.063734378553859,-0.040766867429018));
#8750=CARTESIAN_POINT('',(0.0432818057979717,0.063734378553859,-0.032766867429018));
#8751=CARTESIAN_POINT('',(0.0395005835557457,0.0618354811231227,-0.032766867429018));
#8752=CARTESIAN_POINT('',(-6.89726054048379E-15,0.0193419773249623,-0.040766867429018));
#8753=CARTESIAN_POINT('',(0.0386663995625576,0.0618996974808787,-0.040766867429018));
#8754=CARTESIAN_POINT('',(0.0382828451856397,0.0622450513930638,-0.040766867429018));
#8755=CARTESIAN_POINT('',(0.0381317846721422,0.0630679532619593,-0.040766867429018));
#8756=CARTESIAN_POINT('',(0.0381317846721422,0.0630679532619593,-0.032766867429018));
#8757=CARTESIAN_POINT('',(0.0386719285924655,0.0641076356768281,-0.040766867429018));
#8758=CARTESIAN_POINT('',(0.0386719285924655,0.0641076356768281,-0.032766867429018));
#8759=CARTESIAN_POINT('',(0.0392009967540196,0.0654810498032789,-0.040766867429018));
#8760=CARTESIAN_POINT('',(0.0392009967540196,0.0654810498032789,-0.032766867429018));
#8761=CARTESIAN_POINT('',(0.0396250343625925,0.0670269503433472,-0.040766867429018));
#8762=CARTESIAN_POINT('',(0.0396250343625925,0.0670269503433472,-0.032766867429018));
#8763=CARTESIAN_POINT('',(0.0381317846409202,0.0630679532018623,-0.040766867429018));
#8764=CARTESIAN_POINT('',(0.0387367014753124,0.0627536820843742,-0.036766867429018));
#8765=CARTESIAN_POINT('',(0.0391248030212183,0.0624042338828424,-0.036766867429018));
#8766=CARTESIAN_POINT('',(0.0348424146274264,0.0657316326034401,-0.040766867429018));
#8767=CARTESIAN_POINT('',(0.0348424146274264,0.0657316326034401,-0.032766867429018));
#8768=CARTESIAN_POINT('',(0.0357470752512958,0.0664761352119442,-0.040766867429018));
#8769=CARTESIAN_POINT('',(0.0357470752512958,0.0664761352119442,-0.032766867429018));
#8770=CARTESIAN_POINT('',(0.0369804775278717,0.0672791908180171,-0.040766867429018));
#8771=CARTESIAN_POINT('',(0.0369804775278717,0.0672791908180171,-0.032766867429018));
#8772=CARTESIAN_POINT('',(0.0384044340559435,0.0680153729825845,-0.040766867429018));
#8773=CARTESIAN_POINT('',(0.0384044340559435,0.0680153729825845,-0.032766867429018));
#8774=CARTESIAN_POINT('',(0.034842414575134,0.0657316325604054,-0.032766867429018));
#8775=CARTESIAN_POINT('',(-6.05765437811101E-15,0.0193419773249616,-0.040766867429018));
#8776=CARTESIAN_POINT('',(0.0340060878919498,0.0657083011633441,-0.040766867429018));
#8777=CARTESIAN_POINT('',(0.0335885353523164,0.0660116708410645,-0.040766867429018));
#8778=CARTESIAN_POINT('',(0.0333522856963419,0.0668142746440842,-0.040766867429018));
#8779=CARTESIAN_POINT('',(0.0333522856963419,0.0668142746440842,-0.0327668674290181));
#8780=CARTESIAN_POINT('',(0.0337807942466407,0.0679047219838352,-0.040766867429018));
#8781=CARTESIAN_POINT('',(0.0337807942466407,0.0679047219838352,-0.0327668674290181));
#8782=CARTESIAN_POINT('',(0.034163403249381,0.069325915085891,-0.040766867429018));
#8783=CARTESIAN_POINT('',(0.034163403249381,0.069325915085891,-0.0327668674290181));
#8784=CARTESIAN_POINT('',(0.034423527327748,0.0709076710206412,-0.040766867429018));
#8785=CARTESIAN_POINT('',(0.034423527327748,0.0709076710206412,-0.0327668674290181));
#8786=CARTESIAN_POINT('',(0.0333522856715727,0.0668142745810528,-0.040766867429018));
#8787=CARTESIAN_POINT('',(0.0339867389852131,0.0665649561007328,-0.036766867429018));
#8788=CARTESIAN_POINT('',(0.0344092417537405,0.0662579898711977,-0.036766867429018));
#8789=CARTESIAN_POINT('',(0.0474722973191142,0.0526942630213119,-0.040766867429018));
#8790=CARTESIAN_POINT('',(0.0474722973191142,0.0526942630213119,-0.032766867429018));
#8791=CARTESIAN_POINT('',(0.0485627446588652,0.0531227715716109,-0.0407668674290179));
#8792=CARTESIAN_POINT('',(0.0485627446588652,0.0531227715716109,-0.0327668674290179));
#8793=CARTESIAN_POINT('',(0.0499839377609209,0.0535053805743515,-0.040766867429018));
#8794=CARTESIAN_POINT('',(0.0499839377609209,0.0535053805743515,-0.032766867429018));
#8795=CARTESIAN_POINT('',(0.0515656936956712,0.053765504652718,-0.040766867429018));
#8796=CARTESIAN_POINT('',(0.0515656936956712,0.053765504652718,-0.032766867429018));
#8797=CARTESIAN_POINT('',(0.0474722972560827,0.0526942629965427,-0.032766867429018));
#8798=CARTESIAN_POINT('',(-8.33708102554454E-15,0.0193419773249639,-0.040766867429018));
#8799=CARTESIAN_POINT('',(0.0466696935160945,0.0529305126772864,-0.040766867429018));
#8800=CARTESIAN_POINT('',(0.0463663238383741,0.0533480652169198,-0.040766867429018));
#8801=CARTESIAN_POINT('',(0.0463896552784702,0.0541843919523965,-0.040766867429018));
#8802=CARTESIAN_POINT('',(0.0463896552784702,0.0541843919523965,-0.032766867429018));
#8803=CARTESIAN_POINT('',(0.0471341578869742,0.0550890525762661,-0.040766867429018));
#8804=CARTESIAN_POINT('',(0.0471341578869742,0.0550890525762661,-0.032766867429018));
#8805=CARTESIAN_POINT('',(0.047937213493046,0.0563224548528413,-0.040766867429018));
#8806=CARTESIAN_POINT('',(0.047937213493046,0.0563224548528413,-0.032766867429018));
#8807=CARTESIAN_POINT('',(0.0486733956576146,0.0577464113809135,-0.040766867429018));
#8808=CARTESIAN_POINT('',(0.0486733956576146,0.0577464113809135,-0.032766867429018));
#8809=CARTESIAN_POINT('',(0.0463896552354355,0.0541843919001041,-0.040766867429018));
#8810=CARTESIAN_POINT('',(0.0469160125462277,0.0537512190787105,-0.036766867429018));
#8811=CARTESIAN_POINT('',(0.0472229787757628,0.0533287163101832,-0.036766867429018));
#8812=CARTESIAN_POINT('',(0.0437259759369894,0.0574737619971122,-0.040766867429018));
#8813=CARTESIAN_POINT('',(0.0437259759369894,0.0574737619971122,-0.032766867429018));
#8814=CARTESIAN_POINT('',(0.044765658351858,0.0580139059174356,-0.0407668674290179));
#8815=CARTESIAN_POINT('',(0.044765658351858,0.0580139059174356,-0.0327668674290179));
#8816=CARTESIAN_POINT('',(0.0461390724783088,0.0585429740789901,-0.040766867429018));
#8817=CARTESIAN_POINT('',(0.0461390724783088,0.0585429740789901,-0.032766867429018));
#8818=CARTESIAN_POINT('',(0.0476849730183772,0.0589670116875625,-0.040766867429018));
#8819=CARTESIAN_POINT('',(0.0476849730183772,0.0589670116875625,-0.032766867429018));
#8820=CARTESIAN_POINT('',(0.0437259758768922,0.0574737619658901,-0.032766867429018));
#8821=CARTESIAN_POINT('',(-7.6588041464376E-15,0.0193419773249631,-0.040766867429018));
#8822=CARTESIAN_POINT('',(0.0429030740680938,0.0576248225106097,-0.040766867429018));
#8823=CARTESIAN_POINT('',(0.0425577201559088,0.0580083768875276,-0.040766867429018));
#8824=CARTESIAN_POINT('',(0.0424935038354857,0.0588425609372201,-0.040766867429018));
#8825=CARTESIAN_POINT('',(0.0424935038354857,0.0588425609372201,-0.032766867429018));
#8826=CARTESIAN_POINT('',(0.0431393651960099,0.0598200874491015,-0.040766867429018));
#8827=CARTESIAN_POINT('',(0.0431393651960099,0.0598200874491015,-0.032766867429018));
#8828=CARTESIAN_POINT('',(0.0438090959348858,0.0611306751873738,-0.040766867429018));
#8829=CARTESIAN_POINT('',(0.0438090959348858,0.0611306751873738,-0.032766867429018));
#8830=CARTESIAN_POINT('',(0.044392401228889,0.0626237831229417,-0.040766867429018));
#8831=CARTESIAN_POINT('',(0.044392401228889,0.0626237831229417,-0.032766867429018));
#8832=CARTESIAN_POINT('',(0.0424935037981527,0.0588425608807158,-0.040766867429018));
#8833=CARTESIAN_POINT('',(0.0430622565578724,0.0584667803461883,-0.036766867429018));
#8834=CARTESIAN_POINT('',(0.0434117047594042,0.0580786788002825,-0.036766867429018));
#8835=CARTESIAN_POINT('',(0.050698502277594,0.0475493494240079,-0.040766867429018));
#8836=CARTESIAN_POINT('',(0.050698502277594,0.0475493494240079,-0.032766867429018));
#8837=CARTESIAN_POINT('',(0.0518277673729825,0.0478615277749341,-0.040766867429018));
#8838=CARTESIAN_POINT('',(0.0518277673729825,0.0478615277749341,-0.032766867429018));
#8839=CARTESIAN_POINT('',(0.0532811685616113,0.0480934856745593,-0.040766867429018));
#8840=CARTESIAN_POINT('',(0.0532811685616113,0.0480934856745593,-0.032766867429018));
#8841=CARTESIAN_POINT('',(0.0548814498420203,0.0481868462488845,-0.040766867429018));
#8842=CARTESIAN_POINT('',(0.0548814498420203,0.0481868462488845,-0.032766867429018));
#8843=CARTESIAN_POINT('',(0.0506985022123188,0.047549349405963,-0.032766867429018));
#8844=CARTESIAN_POINT('',(-8.9234175604247E-15,0.0193419773249648,-0.040766867429018));
#8845=CARTESIAN_POINT('',(0.0499249900356715,0.0478681998217903,-0.040766867429018));
#8846=CARTESIAN_POINT('',(0.0496669283740893,0.0483151757311364,-0.040766867429018));
#8847=CARTESIAN_POINT('',(0.0497775519505643,0.0491444821816707,-0.040766867429018));
#8848=CARTESIAN_POINT('',(0.0497775519505643,0.0491444821816707,-0.032766867429018));
#8849=CARTESIAN_POINT('',(0.0506125388806719,0.0499663652664207,-0.040766867429018));
#8850=CARTESIAN_POINT('',(0.0506125388806719,0.0499663652664207,-0.032766867429018));
#8851=CARTESIAN_POINT('',(0.0515401209086707,0.0511090686678502,-0.040766867429018));
#8852=CARTESIAN_POINT('',(0.0515401209086707,0.0511090686678502,-0.032766867429018));
#8853=CARTESIAN_POINT('',(0.0524211141779524,0.0524482726227239,-0.040766867429018));
#8854=CARTESIAN_POINT('',(0.0524211141779524,0.0524482726227239,-0.032766867429018));
#8855=CARTESIAN_POINT('',(0.0497775519022993,0.0491444821341632,-0.040766867429018));
#8856=CARTESIAN_POINT('',(0.0502557468833197,0.0486586629579821,-0.036766867429018));
#8857=CARTESIAN_POINT('',(0.0505168679546105,0.0482063879955795,-0.036766867429018));
#8858=CARTESIAN_POINT('',(0.0533692438357769,0.0420953899552148,-0.040766867429018));
#8859=CARTESIAN_POINT('',(0.0533692438357769,0.0420953899552148,-0.032766867429018));
#8860=CARTESIAN_POINT('',(0.0545249542221034,0.0422878178154281,-0.0407668674290181));
#8861=CARTESIAN_POINT('',(0.0545249542221034,0.0422878178154281,-0.0327668674290181));
#8862=CARTESIAN_POINT('',(0.0559946397297396,0.0423665832326507,-0.040766867429018));
#8863=CARTESIAN_POINT('',(0.0559946397297396,0.0423665832326507,-0.032766867429018));
#8864=CARTESIAN_POINT('',(0.0575959133392186,0.0422921574249436,-0.040766867429018));
#8865=CARTESIAN_POINT('',(0.0575959133392186,0.0422921574249436,-0.032766867429018));
#8866=CARTESIAN_POINT('',(0.053369243768973,0.0420953899440918,-0.032766867429018));
#8867=CARTESIAN_POINT('',(-9.41434430412613E-15,0.0193419773249658,-0.040766867429018));
#8868=CARTESIAN_POINT('',(0.052633297916942,0.0424933477031231,-0.040766867429018));
#8869=CARTESIAN_POINT('',(0.052423371649065,0.0429648498205835,-0.040766867429018));
#8870=CARTESIAN_POINT('',(0.0526200753468656,0.0437780499311599,-0.040766867429018));
#8871=CARTESIAN_POINT('',(0.0526200753468656,0.0437780499311599,-0.032766867429018));
#8872=CARTESIAN_POINT('',(0.0535363983070387,0.0445081507537239,-0.0407668674290179));
#8873=CARTESIAN_POINT('',(0.0535363983070387,0.0445081507537239,-0.0327668674290179));
#8874=CARTESIAN_POINT('',(0.054578343974156,0.0455476355824171,-0.040766867429018));
#8875=CARTESIAN_POINT('',(0.054578343974156,0.0455476355824171,-0.032766867429018));
#8876=CARTESIAN_POINT('',(0.0555944960015333,0.0467874143653143,-0.040766867429018));
#8877=CARTESIAN_POINT('',(0.0555944960015333,0.0467874143653143,-0.032766867429018));
#8878=CARTESIAN_POINT('',(0.0526200752938991,0.0437780498889576,-0.040766867429018));
#8879=CARTESIAN_POINT('',(0.053044868740867,0.0432449070945473,-0.036766867429018));
#8880=CARTESIAN_POINT('',(0.0532572837568134,0.0427678151574023,-0.036766867429018));
#8881=CARTESIAN_POINT('',(0.0188019136306287,0.0742280595111779,-0.040766867429018));
#8882=CARTESIAN_POINT('',(0.0188019136306287,0.0742280595111779,-0.032766867429018));
#8883=CARTESIAN_POINT('',(0.0194322330536113,0.0752156790753118,-0.040766867429018));
#8884=CARTESIAN_POINT('',(0.0194322330536113,0.0752156790753118,-0.032766867429018));
#8885=CARTESIAN_POINT('',(0.0203571104962572,0.0763605726067779,-0.040766867429018));
#8886=CARTESIAN_POINT('',(0.0203571104962572,0.0763605726067779,-0.032766867429018));
#8887=CARTESIAN_POINT('',(0.0214838808313939,0.077500750217995,-0.040766867429018));
#8888=CARTESIAN_POINT('',(0.0214838808313939,0.077500750217995,-0.032766867429018));
#8889=CARTESIAN_POINT('',(0.0188019135941941,0.0742280594540902,-0.032766867429018));
#8890=CARTESIAN_POINT('',(-3.19189119579733E-15,0.0193419773249602,-0.040766867429018));
#8891=CARTESIAN_POINT('',(0.0180137294505948,0.0739474308189277,-0.040766867429018));
#8892=CARTESIAN_POINT('',(0.0175228670008872,0.0741069216969788,-0.040766867429018));
#8893=CARTESIAN_POINT('',(0.017050162011217,0.0747972381152327,-0.040766867429018));
#8894=CARTESIAN_POINT('',(0.017050162011217,0.0747972381152327,-0.032766867429018));
#8895=CARTESIAN_POINT('',(0.0171207311008129,0.0759667315876566,-0.040766867429018));
#8896=CARTESIAN_POINT('',(0.0171207311008129,0.0759667315876566,-0.032766867429018));
#8897=CARTESIAN_POINT('',(0.0170454410652387,0.0774365992323271,-0.040766867429018));
#8898=CARTESIAN_POINT('',(0.0170454410652387,0.0774365992323271,-0.032766867429018));
#8899=CARTESIAN_POINT('',(0.0168040443002236,0.0790213212821226,-0.040766867429018));
#8900=CARTESIAN_POINT('',(0.0168040443002236,0.0790213212821226,-0.032766867429018));
#8901=CARTESIAN_POINT('',(0.0170501620071379,0.0747972380476321,-0.040766867429018));
#8902=CARTESIAN_POINT('',(0.0177306066127914,0.0747561789383434,-0.036766867429018));
#8903=CARTESIAN_POINT('',(0.0182272884055776,0.0745947972411069,-0.036766867429018));
#8904=CARTESIAN_POINT('',(0.012961756954777,0.075892722948437,-0.040766867429018));
#8905=CARTESIAN_POINT('',(0.012961756954777,0.075892722948437,-0.032766867429018));
#8906=CARTESIAN_POINT('',(0.0134853890666771,0.0769408185499144,-0.040766867429018));
#8907=CARTESIAN_POINT('',(0.0134853890666771,0.0769408185499144,-0.032766867429018));
#8908=CARTESIAN_POINT('',(0.0142855259724717,0.0781761162526135,-0.040766867429018));
#8909=CARTESIAN_POINT('',(0.0142855259724717,0.0781761162526135,-0.032766867429018));
#8910=CARTESIAN_POINT('',(0.0152869427282636,0.0794278274231652,-0.040766867429018));
#8911=CARTESIAN_POINT('',(0.0152869427282636,0.0794278274231652,-0.032766867429018));
#8912=CARTESIAN_POINT('',(0.0129617569245093,0.0758927228878537,-0.032766867429018));
#8913=CARTESIAN_POINT('',(-2.15105711021124E-15,0.0193419773249599,-0.040766867429018));
#8914=CARTESIAN_POINT('',(0.0122072242161001,0.0755312438884148,-0.040766867429018));
#8915=CARTESIAN_POINT('',(0.0117023794258639,0.0756385519612044,-0.040766867429018));
#8916=CARTESIAN_POINT('',(0.0111601062492186,0.076275675627741,-0.040766867429018));
#8917=CARTESIAN_POINT('',(0.0111601062492186,0.076275675627741,-0.032766867429018));
#8918=CARTESIAN_POINT('',(0.0111080433984839,0.0774461389710468,-0.0407668674290179));
#8919=CARTESIAN_POINT('',(0.0111080433984839,0.0774461389710468,-0.0327668674290179));
#8920=CARTESIAN_POINT('',(0.0108795228034979,0.0789000845752479,-0.040766867429018));
#8921=CARTESIAN_POINT('',(0.0108795228034979,0.0789000845752479,-0.032766867429018));
#8922=CARTESIAN_POINT('',(0.0104737998746479,0.0804508925189564,-0.040766867429018));
#8923=CARTESIAN_POINT('',(0.0104737998746479,0.0804508925189564,-0.032766867429018));
#8924=CARTESIAN_POINT('',(0.011160106252228,0.0762756755600843,-0.040766867429018));
#8925=CARTESIAN_POINT('',(0.0118411151567327,0.0763059672058601,-0.036766867429018));
#8926=CARTESIAN_POINT('',(0.012351945055501,0.0761973869589796,-0.036766867429018));
#8927=CARTESIAN_POINT('',(0.00697958855730668,0.0769378045826412,-0.040766867429018));
#8928=CARTESIAN_POINT('',(0.00697958855730668,0.0769378045826412,-0.032766867429018));
#8929=CARTESIAN_POINT('',(0.00739079633512924,0.0780348930667241,-0.0407668674290181));
#8930=CARTESIAN_POINT('',(0.00739079633512924,0.0780348930667241,-0.0327668674290181));
#8931=CARTESIAN_POINT('',(0.0080574262366929,0.0793470607605219,-0.040766867429018));
#8932=CARTESIAN_POINT('',(0.0080574262366929,0.0793470607605219,-0.032766867429018));
#8933=CARTESIAN_POINT('',(0.00892251768160398,0.0806965914808871,-0.040766867429018));
#8934=CARTESIAN_POINT('',(0.00892251768160398,0.0806965914808871,-0.032766867429018));
#8935=CARTESIAN_POINT('',(0.00697958853353751,0.0769378045192259,-0.032766867429018));
#8936=CARTESIAN_POINT('',(-1.08593689596148E-15,0.0193419773249597,-0.040766867429018));
#8937=CARTESIAN_POINT('',(0.00626697407856785,0.0764994355950729,-0.040766867429018));
#8938=CARTESIAN_POINT('',(0.00575367813297047,0.0765533851728999,-0.040766867429018));
#8939=CARTESIAN_POINT('',(0.0051477780277513,0.0771303356275018,-0.040766867429018));
#8940=CARTESIAN_POINT('',(0.0051477780277513,0.0771303356275018,-0.032766867429018));
#8941=CARTESIAN_POINT('',(0.00497365364817347,0.0782889450003644,-0.040766867429018));
#8942=CARTESIAN_POINT('',(0.00497365364817347,0.0782889450003644,-0.032766867429018));
#8943=CARTESIAN_POINT('',(0.00459440621323548,0.0797110388317977,-0.040766867429018));
#8944=CARTESIAN_POINT('',(0.00459440621323548,0.0797110388317977,-0.032766867429018));
#8945=CARTESIAN_POINT('',(0.004028802305862,0.0812109416930624,-0.040766867429018));
#8946=CARTESIAN_POINT('',(0.004028802305862,0.0812109416930624,-0.032766867429018));
#8947=CARTESIAN_POINT('',(0.00514777803781626,0.0771303355605303,-0.040766867429018));
#8948=CARTESIAN_POINT('',(0.00582188996510412,0.0772316460797606,-0.036766867429018));
#8949=CARTESIAN_POINT('',(0.00634127121058564,0.0771770569111429,-0.036766867429018));
#8950=CARTESIAN_POINT('',(0.000920950327029772,0.0773518542807086,-0.040766867429018));
#8951=CARTESIAN_POINT('',(0.000920950327029772,0.0773518542807086,-0.032766867429018));
#8952=CARTESIAN_POINT('',(0.00121522849231022,0.0784859157163851,-0.040766867429018));
#8953=CARTESIAN_POINT('',(0.00121522849231022,0.0784859157163851,-0.032766867429018));
#8954=CARTESIAN_POINT('',(0.00174104765294032,0.0798605770174415,-0.040766867429018));
#8955=CARTESIAN_POINT('',(0.00174104765294032,0.0798605770174415,-0.032766867429018));
#8956=CARTESIAN_POINT('',(0.00246033566406791,0.0812931415466383,-0.040766867429018));
#8957=CARTESIAN_POINT('',(0.00246033566406791,0.0812931415466383,-0.032766867429018));
#8958=CARTESIAN_POINT('',(0.000920950310019517,0.0773518542151561,-0.032766867429018));
#8959=CARTESIAN_POINT('',(-1.04083408558608E-17,0.0193419773249597,-0.040766867429018));
#8960=CARTESIAN_POINT('',(0.000258061661582261,0.0768413982279566,-0.040766867429018));
#8961=CARTESIAN_POINT('',(-0.000258061661582289,0.0768413982279566,-0.040766867429018));
#8962=CARTESIAN_POINT('',(-0.000920950327029801,0.0773518542807086,-0.040766867429018));
#8963=CARTESIAN_POINT('',(-0.000920950327029801,0.0773518542807086,-0.032766867429018));
#8964=CARTESIAN_POINT('',(-0.00121522849231025,0.0784859157163852,-0.040766867429018));
#8965=CARTESIAN_POINT('',(-0.00121522849231025,0.0784859157163852,-0.032766867429018));
#8966=CARTESIAN_POINT('',(-0.0017410476529404,0.0798605770174415,-0.040766867429018));
#8967=CARTESIAN_POINT('',(-0.0017410476529404,0.0798605770174415,-0.032766867429018));
#8968=CARTESIAN_POINT('',(-0.00246033566406795,0.0812931415466383,-0.040766867429018));
#8969=CARTESIAN_POINT('',(-0.00246033566406795,0.0812931415466383,-0.032766867429018));
#8970=CARTESIAN_POINT('',(-0.000920950310019552,0.0773518542151561,-0.040766867429018));
#8971=CARTESIAN_POINT('',(-0.000261121071290855,0.0775230736285915,-0.036766867429018));
#8972=CARTESIAN_POINT('',(0.000261121071290827,0.0775230736285915,-0.036766867429018));
#8973=CARTESIAN_POINT('',(-0.00514777802775133,0.0771303356275018,-0.040766867429018));
#8974=CARTESIAN_POINT('',(-0.00514777802775133,0.0771303356275018,-0.032766867429018));
#8975=CARTESIAN_POINT('',(-0.00497365364817347,0.0782889450003644,-0.040766867429018));
#8976=CARTESIAN_POINT('',(-0.00497365364817347,0.0782889450003644,-0.032766867429018));
#8977=CARTESIAN_POINT('',(-0.00459440621323554,0.0797110388317976,-0.040766867429018));
#8978=CARTESIAN_POINT('',(-0.00459440621323554,0.0797110388317976,-0.032766867429018));
#8979=CARTESIAN_POINT('',(-0.00402880230586203,0.0812109416930623,-0.040766867429018));
#8980=CARTESIAN_POINT('',(-0.00402880230586203,0.0812109416930623,-0.032766867429018));
#8981=CARTESIAN_POINT('',(-0.00514777803781629,0.0771303355605303,-0.032766867429018));
#8982=CARTESIAN_POINT('',(1.06512021424976E-15,0.0193419773249597,-0.040766867429018));
#8983=CARTESIAN_POINT('',(-0.00575367813297049,0.0765533851728999,-0.040766867429018));
#8984=CARTESIAN_POINT('',(-0.00626697407856788,0.0764994355950729,-0.040766867429018));
#8985=CARTESIAN_POINT('',(-0.00697958855730674,0.0769378045826413,-0.040766867429018));
#8986=CARTESIAN_POINT('',(-0.00697958855730674,0.0769378045826413,-0.032766867429018));
#8987=CARTESIAN_POINT('',(-0.00739079633512929,0.0780348930667241,-0.040766867429018));
#8988=CARTESIAN_POINT('',(-0.00739079633512929,0.0780348930667241,-0.032766867429018));
#8989=CARTESIAN_POINT('',(-0.008057426236693,0.079347060760522,-0.040766867429018));
#8990=CARTESIAN_POINT('',(-0.008057426236693,0.079347060760522,-0.032766867429018));
#8991=CARTESIAN_POINT('',(-0.00892251768160402,0.0806965914808871,-0.040766867429018));
#8992=CARTESIAN_POINT('',(-0.00892251768160402,0.0806965914808871,-0.032766867429018));
#8993=CARTESIAN_POINT('',(-0.00697958853353755,0.0769378045192259,-0.040766867429018));
#8994=CARTESIAN_POINT('',(-0.00634127121058567,0.0771770569111429,-0.036766867429018));
#8995=CARTESIAN_POINT('',(-0.00582188996510415,0.0772316460797606,-0.036766867429018));
#8996=CARTESIAN_POINT('',(-0.0111601062492186,0.0762756756277409,-0.040766867429018));
#8997=CARTESIAN_POINT('',(-0.0111601062492186,0.0762756756277409,-0.032766867429018));
#8998=CARTESIAN_POINT('',(-0.0111080433984839,0.0774461389710467,-0.040766867429018));
#8999=CARTESIAN_POINT('',(-0.0111080433984839,0.0774461389710467,-0.032766867429018));
#9000=CARTESIAN_POINT('',(-0.0108795228034982,0.0789000845752467,-0.040766867429018));
#9001=CARTESIAN_POINT('',(-0.0108795228034982,0.0789000845752467,-0.032766867429018));
#9002=CARTESIAN_POINT('',(-0.0104737998746479,0.0804508925189564,-0.040766867429018));
#9003=CARTESIAN_POINT('',(-0.0104737998746479,0.0804508925189564,-0.032766867429018));
#9004=CARTESIAN_POINT('',(-0.011160106252228,0.0762756755600842,-0.032766867429018));
#9005=CARTESIAN_POINT('',(2.13024042849952E-15,0.0193419773249599,-0.040766867429018));
#9006=CARTESIAN_POINT('',(-0.0117023794258639,0.0756385519612044,-0.040766867429018));
#9007=CARTESIAN_POINT('',(-0.0122072242161001,0.0755312438884148,-0.040766867429018));
#9008=CARTESIAN_POINT('',(-0.012961756954777,0.0758927229484371,-0.040766867429018));
#9009=CARTESIAN_POINT('',(-0.012961756954777,0.0758927229484371,-0.032766867429018));
#9010=CARTESIAN_POINT('',(-0.0134853890666771,0.0769408185499143,-0.040766867429018));
#9011=CARTESIAN_POINT('',(-0.0134853890666771,0.0769408185499143,-0.032766867429018));
#9012=CARTESIAN_POINT('',(-0.0142855259724713,0.0781761162526136,-0.040766867429018));
#9013=CARTESIAN_POINT('',(-0.0142855259724713,0.0781761162526136,-0.032766867429018));
#9014=CARTESIAN_POINT('',(-0.0152869427282637,0.0794278274231652,-0.040766867429018));
#9015=CARTESIAN_POINT('',(-0.0152869427282637,0.0794278274231652,-0.032766867429018));
#9016=CARTESIAN_POINT('',(-0.0129617569245094,0.0758927228878537,-0.040766867429018));
#9017=CARTESIAN_POINT('',(-0.012351945055501,0.0761973869589796,-0.036766867429018));
#9018=CARTESIAN_POINT('',(-0.0118411151567327,0.0763059672058601,-0.036766867429018));
#9019=CARTESIAN_POINT('',(-0.0170501620112171,0.0747972381152326,-0.040766867429018));
#9020=CARTESIAN_POINT('',(-0.0170501620112171,0.0747972381152326,-0.032766867429018));
#9021=CARTESIAN_POINT('',(-0.017120731100813,0.0759667315876567,-0.0407668674290179));
#9022=CARTESIAN_POINT('',(-0.017120731100813,0.0759667315876567,-0.0327668674290179));
#9023=CARTESIAN_POINT('',(-0.0170454410652387,0.077436599232327,-0.040766867429018));
#9024=CARTESIAN_POINT('',(-0.0170454410652387,0.077436599232327,-0.032766867429018));
#9025=CARTESIAN_POINT('',(-0.0168040443002236,0.0790213212821226,-0.040766867429018));
#9026=CARTESIAN_POINT('',(-0.0168040443002236,0.0790213212821226,-0.032766867429018));
#9027=CARTESIAN_POINT('',(-0.017050162007138,0.074797238047632,-0.032766867429018));
#9028=CARTESIAN_POINT('',(3.17107451408561E-15,0.0193419773249602,-0.040766867429018));
#9029=CARTESIAN_POINT('',(-0.0175228670008872,0.0741069216969788,-0.040766867429018));
#9030=CARTESIAN_POINT('',(-0.0180137294505948,0.0739474308189277,-0.040766867429018));
#9031=CARTESIAN_POINT('',(-0.0188019136306288,0.0742280595111779,-0.040766867429018));
#9032=CARTESIAN_POINT('',(-0.0188019136306288,0.0742280595111779,-0.032766867429018));
#9033=CARTESIAN_POINT('',(-0.0194322330536114,0.0752156790753116,-0.040766867429018));
#9034=CARTESIAN_POINT('',(-0.0194322330536114,0.0752156790753116,-0.032766867429018));
#9035=CARTESIAN_POINT('',(-0.0203571104962573,0.0763605726067769,-0.040766867429018));
#9036=CARTESIAN_POINT('',(-0.0203571104962573,0.0763605726067769,-0.032766867429018));
#9037=CARTESIAN_POINT('',(-0.0214838808313939,0.0775007502179951,-0.040766867429018));
#9038=CARTESIAN_POINT('',(-0.0214838808313939,0.0775007502179951,-0.032766867429018));
#9039=CARTESIAN_POINT('',(-0.0188019135941942,0.0742280594540902,-0.040766867429018));
#9040=CARTESIAN_POINT('',(-0.0182272884055776,0.0745947972411069,-0.036766867429018));
#9041=CARTESIAN_POINT('',(-0.0177306066127914,0.0747561789383434,-0.036766867429018));
#9042=CARTESIAN_POINT('',(-0.0227534126302448,0.0727112211607468,-0.040766867429018));
#9043=CARTESIAN_POINT('',(-0.0227534126302448,0.0727112211607468,-0.032766867429018));
#9044=CARTESIAN_POINT('',(-0.0229458404904582,0.0738669315470733,-0.040766867429018));
#9045=CARTESIAN_POINT('',(-0.0229458404904582,0.0738669315470733,-0.032766867429018));
#9046=CARTESIAN_POINT('',(-0.0230246059076808,0.0753366170547106,-0.040766867429018));
#9047=CARTESIAN_POINT('',(-0.0230246059076808,0.0753366170547106,-0.032766867429018));
#9048=CARTESIAN_POINT('',(-0.0229501800999737,0.0769378906641885,-0.040766867429018));
#9049=CARTESIAN_POINT('',(-0.0229501800999737,0.0769378906641885,-0.032766867429018));
#9050=CARTESIAN_POINT('',(-0.0227534126191219,0.072711221093943,-0.032766867429018));
#9051=CARTESIAN_POINT('',(4.18415302405606E-15,0.0193419773249605,-0.040766867429018));
#9052=CARTESIAN_POINT('',(-0.0231513703781531,0.071975275241912,-0.040766867429018));
#9053=CARTESIAN_POINT('',(-0.0236228724956135,0.0717653489740349,-0.040766867429018));
#9054=CARTESIAN_POINT('',(-0.0244360726061899,0.0719620526718356,-0.040766867429018));
#9055=CARTESIAN_POINT('',(-0.0244360726061899,0.0719620526718356,-0.032766867429018));
#9056=CARTESIAN_POINT('',(-0.025166173428754,0.0728783756320086,-0.040766867429018));
#9057=CARTESIAN_POINT('',(-0.025166173428754,0.0728783756320086,-0.032766867429018));
#9058=CARTESIAN_POINT('',(-0.0262056582574468,0.0739203212991258,-0.040766867429018));
#9059=CARTESIAN_POINT('',(-0.0262056582574468,0.0739203212991258,-0.032766867429018));
#9060=CARTESIAN_POINT('',(-0.0274454370403443,0.0749364733265032,-0.040766867429018));
#9061=CARTESIAN_POINT('',(-0.0274454370403443,0.0749364733265032,-0.032766867429018));
#9062=CARTESIAN_POINT('',(-0.0244360725639876,0.0719620526188691,-0.040766867429018));
#9063=CARTESIAN_POINT('',(-0.0239029297695774,0.072386846065837,-0.036766867429018));
#9064=CARTESIAN_POINT('',(-0.0234258378324324,0.0725992610817833,-0.036766867429018));
#9065=CARTESIAN_POINT('',(-0.054886082186208,0.0381438909555987,-0.040766867429018));
#9066=CARTESIAN_POINT('',(-0.054886082186208,0.0381438909555987,-0.032766867429018));
#9067=CARTESIAN_POINT('',(-0.0558737017503421,0.0387742103785813,-0.0407668674290181));
#9068=CARTESIAN_POINT('',(-0.0558737017503421,0.0387742103785813,-0.0327668674290181));
#9069=CARTESIAN_POINT('',(-0.0570185952818068,0.0396990878212272,-0.040766867429018));
#9070=CARTESIAN_POINT('',(-0.0570185952818068,0.0396990878212272,-0.032766867429018));
#9071=CARTESIAN_POINT('',(-0.0581587728930251,0.0408258581563639,-0.040766867429018));
#9072=CARTESIAN_POINT('',(-0.0581587728930251,0.0408258581563639,-0.032766867429018));
#9073=CARTESIAN_POINT('',(-0.0548860821291202,0.0381438909191641,-0.032766867429018));
#9074=CARTESIAN_POINT('',(9.78730985146115E-15,0.0193419773249668,-0.040766867429018));
#9075=CARTESIAN_POINT('',(-0.0546054534939577,0.0373557067755647,-0.040766867429018));
#9076=CARTESIAN_POINT('',(-0.0547649443720088,0.0368648443258571,-0.040766867429018));
#9077=CARTESIAN_POINT('',(-0.0554552607902627,0.036392139336187,-0.040766867429018));
#9078=CARTESIAN_POINT('',(-0.0554552607902627,0.036392139336187,-0.032766867429018));
#9079=CARTESIAN_POINT('',(-0.0566247542626868,0.036462708425783,-0.040766867429018));
#9080=CARTESIAN_POINT('',(-0.0566247542626868,0.036462708425783,-0.032766867429018));
#9081=CARTESIAN_POINT('',(-0.0580946219073581,0.0363874183902082,-0.040766867429018));
#9082=CARTESIAN_POINT('',(-0.0580946219073581,0.0363874183902082,-0.032766867429018));
#9083=CARTESIAN_POINT('',(-0.0596793439571526,0.0361460216251936,-0.040766867429018));
#9084=CARTESIAN_POINT('',(-0.0596793439571526,0.0361460216251936,-0.032766867429018));
#9085=CARTESIAN_POINT('',(-0.0554552607226621,0.0363921393321079,-0.040766867429018));
#9086=CARTESIAN_POINT('',(-0.0554142016133734,0.0370725839377613,-0.036766867429018));
#9087=CARTESIAN_POINT('',(-0.0552528199161369,0.0375692657305476,-0.036766867429018));
#9088=CARTESIAN_POINT('',(-0.0526200753468656,0.0437780499311599,-0.040766867429018));
#9089=CARTESIAN_POINT('',(-0.0526200753468656,0.0437780499311599,-0.032766867429018));
#9090=CARTESIAN_POINT('',(-0.0535363983070387,0.0445081507537237,-0.0407668674290179));
#9091=CARTESIAN_POINT('',(-0.0535363983070387,0.0445081507537237,-0.0327668674290179));
#9092=CARTESIAN_POINT('',(-0.0545783439741558,0.0455476355824171,-0.040766867429018));
#9093=CARTESIAN_POINT('',(-0.0545783439741558,0.0455476355824171,-0.032766867429018));
#9094=CARTESIAN_POINT('',(-0.0555944960015332,0.0467874143653143,-0.040766867429018));
#9095=CARTESIAN_POINT('',(-0.0555944960015332,0.0467874143653143,-0.032766867429018));
#9096=CARTESIAN_POINT('',(-0.0526200752938991,0.0437780498889576,-0.032766867429018));
#9097=CARTESIAN_POINT('',(9.40046651631832E-15,0.0193419773249657,-0.040766867429018));
#9098=CARTESIAN_POINT('',(-0.052423371649065,0.0429648498205835,-0.040766867429018));
#9099=CARTESIAN_POINT('',(-0.052633297916942,0.0424933477031231,-0.040766867429018));
#9100=CARTESIAN_POINT('',(-0.0533692438357769,0.0420953899552148,-0.040766867429018));
#9101=CARTESIAN_POINT('',(-0.0533692438357769,0.0420953899552148,-0.032766867429018));
#9102=CARTESIAN_POINT('',(-0.0545249542221035,0.0422878178154281,-0.0407668674290179));
#9103=CARTESIAN_POINT('',(-0.0545249542221035,0.0422878178154281,-0.0327668674290179));
#9104=CARTESIAN_POINT('',(-0.0559946397297397,0.0423665832326507,-0.040766867429018));
#9105=CARTESIAN_POINT('',(-0.0559946397297397,0.0423665832326507,-0.032766867429018));
#9106=CARTESIAN_POINT('',(-0.0575959133392186,0.0422921574249436,-0.040766867429018));
#9107=CARTESIAN_POINT('',(-0.0575959133392186,0.0422921574249436,-0.032766867429018));
#9108=CARTESIAN_POINT('',(-0.053369243768973,0.0420953899440919,-0.040766867429018));
#9109=CARTESIAN_POINT('',(-0.0532572837568134,0.0427678151574023,-0.036766867429018));
#9110=CARTESIAN_POINT('',(-0.053044868740867,0.0432449070945473,-0.036766867429018));
#9111=CARTESIAN_POINT('',(-0.0497775519505643,0.0491444821816707,-0.040766867429018));
#9112=CARTESIAN_POINT('',(-0.0497775519505643,0.0491444821816707,-0.032766867429018));
#9113=CARTESIAN_POINT('',(-0.050612538880672,0.0499663652664206,-0.040766867429018));
#9114=CARTESIAN_POINT('',(-0.050612538880672,0.0499663652664206,-0.032766867429018));
#9115=CARTESIAN_POINT('',(-0.0515401209086706,0.0511090686678511,-0.040766867429018));
#9116=CARTESIAN_POINT('',(-0.0515401209086706,0.0511090686678511,-0.032766867429018));
#9117=CARTESIAN_POINT('',(-0.0524211141779524,0.0524482726227238,-0.040766867429018));
#9118=CARTESIAN_POINT('',(-0.0524211141779524,0.0524482726227238,-0.032766867429018));
#9119=CARTESIAN_POINT('',(-0.0497775519022992,0.0491444821341631,-0.032766867429018));
#9120=CARTESIAN_POINT('',(8.90953977261688E-15,0.0193419773249648,-0.040766867429018));
#9121=CARTESIAN_POINT('',(-0.0496669283740893,0.0483151757311364,-0.040766867429018));
#9122=CARTESIAN_POINT('',(-0.0499249900356716,0.0478681998217903,-0.040766867429018));
#9123=CARTESIAN_POINT('',(-0.0506985022775941,0.0475493494240079,-0.040766867429018));
#9124=CARTESIAN_POINT('',(-0.0506985022775941,0.0475493494240079,-0.032766867429018));
#9125=CARTESIAN_POINT('',(-0.0518277673729826,0.0478615277749341,-0.040766867429018));
#9126=CARTESIAN_POINT('',(-0.0518277673729826,0.0478615277749341,-0.032766867429018));
#9127=CARTESIAN_POINT('',(-0.0532811685616104,0.0480934856745593,-0.040766867429018));
#9128=CARTESIAN_POINT('',(-0.0532811685616104,0.0480934856745593,-0.032766867429018));
#9129=CARTESIAN_POINT('',(-0.0548814498420204,0.0481868462488845,-0.040766867429018));
#9130=CARTESIAN_POINT('',(-0.0548814498420204,0.0481868462488845,-0.032766867429018));
#9131=CARTESIAN_POINT('',(-0.0506985022123188,0.047549349405963,-0.040766867429018));
#9132=CARTESIAN_POINT('',(-0.0505168679546106,0.0482063879955795,-0.036766867429018));
#9133=CARTESIAN_POINT('',(-0.0502557468833197,0.048658662957982,-0.036766867429018));
#9134=CARTESIAN_POINT('',(-0.0463896552784702,0.0541843919523964,-0.040766867429018));
#9135=CARTESIAN_POINT('',(-0.0463896552784702,0.0541843919523964,-0.032766867429018));
#9136=CARTESIAN_POINT('',(-0.0471341578869741,0.055089052576266,-0.040766867429018));
#9137=CARTESIAN_POINT('',(-0.0471341578869741,0.055089052576266,-0.032766867429018));
#9138=CARTESIAN_POINT('',(-0.047937213493046,0.0563224548528422,-0.040766867429018));
#9139=CARTESIAN_POINT('',(-0.047937213493046,0.0563224548528422,-0.032766867429018));
#9140=CARTESIAN_POINT('',(-0.0486733956576146,0.0577464113809134,-0.040766867429018));
#9141=CARTESIAN_POINT('',(-0.0486733956576146,0.0577464113809134,-0.032766867429018));
#9142=CARTESIAN_POINT('',(-0.0463896552354354,0.054184391900104,-0.032766867429018));
#9143=CARTESIAN_POINT('',(8.32320323773672E-15,0.0193419773249639,-0.040766867429018));
#9144=CARTESIAN_POINT('',(-0.0463663238383742,0.0533480652169198,-0.040766867429018));
#9145=CARTESIAN_POINT('',(-0.0466696935160945,0.0529305126772864,-0.040766867429018));
#9146=CARTESIAN_POINT('',(-0.0474722973191143,0.0526942630213119,-0.040766867429018));
#9147=CARTESIAN_POINT('',(-0.0474722973191143,0.0526942630213119,-0.032766867429018));
#9148=CARTESIAN_POINT('',(-0.0485627446588652,0.0531227715716107,-0.040766867429018));
#9149=CARTESIAN_POINT('',(-0.0485627446588652,0.0531227715716107,-0.032766867429018));
#9150=CARTESIAN_POINT('',(-0.0499839377609201,0.0535053805743504,-0.040766867429018));
#9151=CARTESIAN_POINT('',(-0.0499839377609201,0.0535053805743504,-0.032766867429018));
#9152=CARTESIAN_POINT('',(-0.0515656936956713,0.053765504652718,-0.040766867429018));
#9153=CARTESIAN_POINT('',(-0.0515656936956713,0.053765504652718,-0.032766867429018));
#9154=CARTESIAN_POINT('',(-0.0474722972560828,0.0526942629965427,-0.040766867429018));
#9155=CARTESIAN_POINT('',(-0.0472229787757628,0.0533287163101831,-0.036766867429018));
#9156=CARTESIAN_POINT('',(-0.0469160125462277,0.0537512190787105,-0.036766867429018));
#9157=CARTESIAN_POINT('',(-0.028207372099038,0.070040479602564,-0.040766867429018));
#9158=CARTESIAN_POINT('',(-0.028207372099038,0.070040479602564,-0.032766867429018));
#9159=CARTESIAN_POINT('',(-0.0285195504499641,0.0711697446979523,-0.0407668674290181));
#9160=CARTESIAN_POINT('',(-0.0285195504499641,0.0711697446979523,-0.0327668674290181));
#9161=CARTESIAN_POINT('',(-0.0287515083495903,0.0726231458865812,-0.040766867429018));
#9162=CARTESIAN_POINT('',(-0.0287515083495903,0.0726231458865812,-0.032766867429018));
#9163=CARTESIAN_POINT('',(-0.0288448689239145,0.0742234271669903,-0.040766867429018));
#9164=CARTESIAN_POINT('',(-0.0288448689239145,0.0742234271669903,-0.032766867429018));
#9165=CARTESIAN_POINT('',(-0.028207372080993,0.0700404795372887,-0.032766867429018));
#9166=CARTESIAN_POINT('',(5.1382509358433E-15,0.019341977324961,-0.040766867429018));
#9167=CARTESIAN_POINT('',(-0.0285262224968203,0.0692669673606415,-0.040766867429018));
#9168=CARTESIAN_POINT('',(-0.0289731984061664,0.0690089056990592,-0.040766867429018));
#9169=CARTESIAN_POINT('',(-0.0298025048567008,0.0691195292755342,-0.040766867429018));
#9170=CARTESIAN_POINT('',(-0.0298025048567008,0.0691195292755342,-0.032766867429018));
#9171=CARTESIAN_POINT('',(-0.0306243879414509,0.0699545162056421,-0.040766867429018));
#9172=CARTESIAN_POINT('',(-0.0306243879414509,0.0699545162056421,-0.032766867429018));
#9173=CARTESIAN_POINT('',(-0.0317670913428813,0.0708820982336407,-0.040766867429018));
#9174=CARTESIAN_POINT('',(-0.0317670913428813,0.0708820982336407,-0.032766867429018));
#9175=CARTESIAN_POINT('',(-0.0331062952977539,0.0717630915029224,-0.040766867429018));
#9176=CARTESIAN_POINT('',(-0.0331062952977539,0.0717630915029224,-0.032766867429018));
#9177=CARTESIAN_POINT('',(-0.0298025048091932,0.0691195292272692,-0.040766867429018));
#9178=CARTESIAN_POINT('',(-0.0293166856330121,0.0695977242082897,-0.036766867429018));
#9179=CARTESIAN_POINT('',(-0.0288644106706096,0.0698588452795805,-0.036766867429018));
#9180=CARTESIAN_POINT('',(-0.0333522856963419,0.0668142746440842,-0.040766867429018));
#9181=CARTESIAN_POINT('',(-0.0333522856963419,0.0668142746440842,-0.032766867429018));
#9182=CARTESIAN_POINT('',(-0.0337807942466407,0.0679047219838352,-0.040766867429018));
#9183=CARTESIAN_POINT('',(-0.0337807942466407,0.0679047219838352,-0.032766867429018));
#9184=CARTESIAN_POINT('',(-0.034163403249381,0.0693259150858899,-0.040766867429018));
#9185=CARTESIAN_POINT('',(-0.034163403249381,0.0693259150858899,-0.032766867429018));
#9186=CARTESIAN_POINT('',(-0.034423527327748,0.0709076710206412,-0.040766867429018));
#9187=CARTESIAN_POINT('',(-0.034423527327748,0.0709076710206412,-0.032766867429018));
#9188=CARTESIAN_POINT('',(-0.0333522856715727,0.0668142745810527,-0.032766867429018));
#9189=CARTESIAN_POINT('',(6.0437765903032E-15,0.0193419773249616,-0.040766867429018));
#9190=CARTESIAN_POINT('',(-0.0335885353523164,0.0660116708410644,-0.040766867429018));
#9191=CARTESIAN_POINT('',(-0.0340060878919499,0.0657083011633441,-0.040766867429018));
#9192=CARTESIAN_POINT('',(-0.0348424146274265,0.0657316326034402,-0.040766867429018));
#9193=CARTESIAN_POINT('',(-0.0348424146274265,0.0657316326034402,-0.032766867429018));
#9194=CARTESIAN_POINT('',(-0.035747075251296,0.0664761352119441,-0.040766867429018));
#9195=CARTESIAN_POINT('',(-0.035747075251296,0.0664761352119441,-0.032766867429018));
#9196=CARTESIAN_POINT('',(-0.0369804775278719,0.0672791908180171,-0.040766867429018));
#9197=CARTESIAN_POINT('',(-0.0369804775278719,0.0672791908180171,-0.032766867429018));
#9198=CARTESIAN_POINT('',(-0.0384044340559435,0.0680153729825845,-0.040766867429018));
#9199=CARTESIAN_POINT('',(-0.0384044340559435,0.0680153729825845,-0.032766867429018));
#9200=CARTESIAN_POINT('',(-0.0348424145751341,0.0657316325604054,-0.040766867429018));
#9201=CARTESIAN_POINT('',(-0.0344092417537405,0.0662579898711977,-0.036766867429018));
#9202=CARTESIAN_POINT('',(-0.0339867389852132,0.0665649561007328,-0.036766867429018));
#9203=CARTESIAN_POINT('',(-0.0424935038354857,0.05884256093722,-0.040766867429018));
#9204=CARTESIAN_POINT('',(-0.0424935038354857,0.05884256093722,-0.032766867429018));
#9205=CARTESIAN_POINT('',(-0.0431393651960098,0.0598200874491017,-0.040766867429018));
#9206=CARTESIAN_POINT('',(-0.0431393651960098,0.0598200874491017,-0.032766867429018));
#9207=CARTESIAN_POINT('',(-0.0438090959348858,0.0611306751873738,-0.040766867429018));
#9208=CARTESIAN_POINT('',(-0.0438090959348858,0.0611306751873738,-0.032766867429018));
#9209=CARTESIAN_POINT('',(-0.044392401228889,0.0626237831229417,-0.040766867429018));
#9210=CARTESIAN_POINT('',(-0.044392401228889,0.0626237831229417,-0.032766867429018));
#9211=CARTESIAN_POINT('',(-0.0424935037981527,0.0588425608807158,-0.032766867429018));
#9212=CARTESIAN_POINT('',(7.64492635862979E-15,0.0193419773249631,-0.040766867429018));
#9213=CARTESIAN_POINT('',(-0.0425577201559088,0.0580083768875276,-0.040766867429018));
#9214=CARTESIAN_POINT('',(-0.0429030740680938,0.0576248225106097,-0.040766867429018));
#9215=CARTESIAN_POINT('',(-0.0437259759369894,0.0574737619971123,-0.040766867429018));
#9216=CARTESIAN_POINT('',(-0.0437259759369894,0.0574737619971123,-0.032766867429018));
#9217=CARTESIAN_POINT('',(-0.0447656583518581,0.0580139059174357,-0.040766867429018));
#9218=CARTESIAN_POINT('',(-0.0447656583518581,0.0580139059174357,-0.032766867429018));
#9219=CARTESIAN_POINT('',(-0.0461390724783089,0.0585429740789901,-0.040766867429018));
#9220=CARTESIAN_POINT('',(-0.0461390724783089,0.0585429740789901,-0.032766867429018));
#9221=CARTESIAN_POINT('',(-0.0476849730183772,0.0589670116875625,-0.040766867429018));
#9222=CARTESIAN_POINT('',(-0.0476849730183772,0.0589670116875625,-0.032766867429018));
#9223=CARTESIAN_POINT('',(-0.0437259758768922,0.0574737619658901,-0.040766867429018));
#9224=CARTESIAN_POINT('',(-0.0434117047594042,0.0580786788002825,-0.036766867429018));
#9225=CARTESIAN_POINT('',(-0.0430622565578724,0.0584667803461883,-0.036766867429018));
#9226=CARTESIAN_POINT('',(-0.0381317846721423,0.0630679532619593,-0.040766867429018));
#9227=CARTESIAN_POINT('',(-0.0381317846721423,0.0630679532619593,-0.032766867429018));
#9228=CARTESIAN_POINT('',(-0.0386719285924655,0.064107635676828,-0.0407668674290181));
#9229=CARTESIAN_POINT('',(-0.0386719285924655,0.064107635676828,-0.0327668674290181));
#9230=CARTESIAN_POINT('',(-0.0392009967540201,0.0654810498032788,-0.040766867429018));
#9231=CARTESIAN_POINT('',(-0.0392009967540201,0.0654810498032788,-0.032766867429018));
#9232=CARTESIAN_POINT('',(-0.0396250343625925,0.0670269503433472,-0.040766867429018));
#9233=CARTESIAN_POINT('',(-0.0396250343625925,0.0670269503433472,-0.032766867429018));
#9234=CARTESIAN_POINT('',(-0.0381317846409202,0.0630679532018622,-0.032766867429018));
#9235=CARTESIAN_POINT('',(6.87991330572402E-15,0.0193419773249623,-0.040766867429018));
#9236=CARTESIAN_POINT('',(-0.0382828451856397,0.0622450513930638,-0.040766867429018));
#9237=CARTESIAN_POINT('',(-0.0386663995625576,0.0618996974808787,-0.040766867429018));
#9238=CARTESIAN_POINT('',(-0.0395005836122501,0.0618354811604557,-0.040766867429018));
#9239=CARTESIAN_POINT('',(-0.0395005836122501,0.0618354811604557,-0.032766867429018));
#9240=CARTESIAN_POINT('',(-0.0404781101241315,0.0624813425209797,-0.040766867429018));
#9241=CARTESIAN_POINT('',(-0.0404781101241315,0.0624813425209797,-0.032766867429018));
#9242=CARTESIAN_POINT('',(-0.0417886978624044,0.0631510732598558,-0.040766867429018));
#9243=CARTESIAN_POINT('',(-0.0417886978624044,0.0631510732598558,-0.032766867429018));
#9244=CARTESIAN_POINT('',(-0.0432818057979717,0.063734378553859,-0.040766867429018));
#9245=CARTESIAN_POINT('',(-0.0432818057979717,0.063734378553859,-0.032766867429018));
#9246=CARTESIAN_POINT('',(-0.0395005835557458,0.0618354811231228,-0.040766867429018));
#9247=CARTESIAN_POINT('',(-0.0391248030212183,0.0624042338828424,-0.036766867429018));
#9248=CARTESIAN_POINT('',(-0.0387367014753125,0.0627536820843742,-0.036766867429018));
#9249=CARTESIAN_POINT('',(-0.0565507456234671,0.0323037342797469,-0.040766867429018));
#9250=CARTESIAN_POINT('',(-0.0565507456234671,0.0323037342797469,-0.032766867429018));
#9251=CARTESIAN_POINT('',(-0.0575988412249445,0.0328273663916471,-0.0407668674290181));
#9252=CARTESIAN_POINT('',(-0.0575988412249445,0.0328273663916471,-0.0327668674290181));
#9253=CARTESIAN_POINT('',(-0.0588341389276434,0.0336275032974417,-0.040766867429018));
#9254=CARTESIAN_POINT('',(-0.0588341389276434,0.0336275032974417,-0.032766867429018));
#9255=CARTESIAN_POINT('',(-0.0600858500981952,0.0346289200532336,-0.040766867429018));
#9256=CARTESIAN_POINT('',(-0.0600858500981952,0.0346289200532336,-0.032766867429018));
#9257=CARTESIAN_POINT('',(-0.0565507455628837,0.0323037342494793,-0.032766867429018));
#9258=CARTESIAN_POINT('',(1.00648656076174E-14,0.0193419773249678,-0.040766867429018));
#9259=CARTESIAN_POINT('',(-0.0561892665634448,0.03154920154107,-0.040766867429018));
#9260=CARTESIAN_POINT('',(-0.0562965746362345,0.0310443567508339,-0.040766867429018));
#9261=CARTESIAN_POINT('',(-0.056933698302771,0.0305020835741886,-0.040766867429018));
#9262=CARTESIAN_POINT('',(-0.056933698302771,0.0305020835741886,-0.032766867429018));
#9263=CARTESIAN_POINT('',(-0.0581041616460767,0.030450020723454,-0.040766867429018));
#9264=CARTESIAN_POINT('',(-0.0581041616460767,0.030450020723454,-0.032766867429018));
#9265=CARTESIAN_POINT('',(-0.0595581072502769,0.0302215001284679,-0.040766867429018));
#9266=CARTESIAN_POINT('',(-0.0595581072502769,0.0302215001284679,-0.032766867429018));
#9267=CARTESIAN_POINT('',(-0.0611089151939865,0.0298157771996178,-0.040766867429018));
#9268=CARTESIAN_POINT('',(-0.0611089151939865,0.0298157771996178,-0.032766867429018));
#9269=CARTESIAN_POINT('',(-0.0569336982351143,0.030502083577198,-0.040766867429018));
#9270=CARTESIAN_POINT('',(-0.0569639898808901,0.0311830924817027,-0.036766867429018));
#9271=CARTESIAN_POINT('',(-0.0568554096340097,0.031693922380471,-0.036766867429018));
#9272=CARTESIAN_POINT('',(-0.0575958272576712,0.0263215658822767,-0.040766867429018));
#9273=CARTESIAN_POINT('',(-0.0575958272576712,0.0263215658822767,-0.032766867429018));
#9274=CARTESIAN_POINT('',(-0.0586929157417543,0.0267327736600993,-0.040766867429018));
#9275=CARTESIAN_POINT('',(-0.0586929157417543,0.0267327736600993,-0.032766867429018));
#9276=CARTESIAN_POINT('',(-0.0600050834355531,0.027399403561663,-0.040766867429018));
#9277=CARTESIAN_POINT('',(-0.0600050834355531,0.027399403561663,-0.032766867429018));
#9278=CARTESIAN_POINT('',(-0.0613546141559171,0.028264495006574,-0.040766867429018));
#9279=CARTESIAN_POINT('',(-0.0613546141559171,0.028264495006574,-0.032766867429018));
#9280=CARTESIAN_POINT('',(-0.0575958271942559,0.0263215658585075,-0.032766867429018));
#9281=CARTESIAN_POINT('',(1.02361695508701E-14,0.0193419773249689,-0.040766867429018));
#9282=CARTESIAN_POINT('',(-0.0571574582701029,0.0256089514035379,-0.040766867429018));
#9283=CARTESIAN_POINT('',(-0.0572114078479299,0.0250956554579405,-0.040766867429018));
#9284=CARTESIAN_POINT('',(-0.0577883583025318,0.0244897553527213,-0.040766867429018));
#9285=CARTESIAN_POINT('',(-0.0577883583025318,0.0244897553527213,-0.032766867429018));
#9286=CARTESIAN_POINT('',(-0.0589469676753946,0.0243156309731434,-0.040766867429018));
#9287=CARTESIAN_POINT('',(-0.0589469676753946,0.0243156309731434,-0.032766867429018));
#9288=CARTESIAN_POINT('',(-0.0603690615068277,0.0239363835382055,-0.040766867429018));
#9289=CARTESIAN_POINT('',(-0.0603690615068277,0.0239363835382055,-0.032766867429018));
#9290=CARTESIAN_POINT('',(-0.0618689643680924,0.023370779630832,-0.040766867429018));
#9291=CARTESIAN_POINT('',(-0.0618689643680924,0.023370779630832,-0.032766867429018));
#9292=CARTESIAN_POINT('',(-0.0577883582355604,0.0244897553627862,-0.040766867429018));
#9293=CARTESIAN_POINT('',(-0.0578896687547906,0.0251638672900741,-0.036766867429018));
#9294=CARTESIAN_POINT('',(-0.0578350795861729,0.0256832485355556,-0.036766867429018));
#9295=CARTESIAN_POINT('',(-0.0580098769557386,0.0202629276519998,-0.040766867429018));
#9296=CARTESIAN_POINT('',(-0.0580098769557386,0.0202629276519998,-0.032766867429018));
#9297=CARTESIAN_POINT('',(-0.0591439383914151,0.0205572058172802,-0.040766867429018));
#9298=CARTESIAN_POINT('',(-0.0591439383914151,0.0205572058172802,-0.032766867429018));
#9299=CARTESIAN_POINT('',(-0.0605185996924714,0.0210830249779101,-0.040766867429018));
#9300=CARTESIAN_POINT('',(-0.0605185996924714,0.0210830249779101,-0.032766867429018));
#9301=CARTESIAN_POINT('',(-0.0619511642216683,0.0218023129890379,-0.040766867429018));
#9302=CARTESIAN_POINT('',(-0.0619511642216683,0.0218023129890379,-0.032766867429018));
#9303=CARTESIAN_POINT('',(-0.0580098768901861,0.0202629276349895,-0.032766867429018));
#9304=CARTESIAN_POINT('',(-0.0581810963036215,0.0196030983962608,-0.036766867429018));
#9305=CARTESIAN_POINT('',(-0.0495,0.01934197732497,-0.015766867429018));
#9306=CARTESIAN_POINT('',(-0.039,0.01934197732497,-0.015766867429018));
#9307=CARTESIAN_POINT('',(-0.034,-0.022175309068618,-0.015766867429018));
#9308=CARTESIAN_POINT('',(-0.034,-0.021192595462206,-0.015766867429018));
#9309=CARTESIAN_POINT('',(-0.034,0.01434197732497,-0.015766867429018));
#9310=CARTESIAN_POINT('',(-0.027,-0.0261925954622059,-0.015766867429018));
#9311=CARTESIAN_POINT('',(-0.025,-0.0261925954622059,-0.015766867429018));
#9312=CARTESIAN_POINT('',(-0.029,-0.0261925954622059,-0.015766867429018));
#9313=CARTESIAN_POINT('',(-0.02,-0.022175309068618,-0.015766867429018));
#9314=CARTESIAN_POINT('',(-0.02,-0.00842530906861799,-0.032766867429018));
#9315=CARTESIAN_POINT('',(-0.02,-0.021192595462206,-0.015766867429018));
#9316=CARTESIAN_POINT('',(0.01,-0.00342530906861799,-0.015766867429018));
#9317=CARTESIAN_POINT('',(0.015,-0.00342530906861799,-0.015766867429018));
#9318=CARTESIAN_POINT('',(-0.015,-0.00342530906861799,-0.040766867429018));
#9319=CARTESIAN_POINT('',(0.02,-0.022175309068618,-0.015766867429018));
#9320=CARTESIAN_POINT('',(0.02,-0.021192595462206,-0.015766867429018));
#9321=CARTESIAN_POINT('',(0.02,-0.00842530906861799,-0.015766867429018));
#9322=CARTESIAN_POINT('',(0.027,-0.0261925954622059,-0.015766867429018));
#9323=CARTESIAN_POINT('',(0.029,-0.0261925954622059,-0.015766867429018));
#9324=CARTESIAN_POINT('',(0.025,-0.0261925954622059,-0.015766867429018));
#9325=CARTESIAN_POINT('',(0.034,-0.022175309068618,-0.015766867429018));
#9326=CARTESIAN_POINT('',(0.034,0.01434197732497,-0.032766867429018));
#9327=CARTESIAN_POINT('',(0.034,-0.021192595462206,-0.015766867429018));
#9328=CARTESIAN_POINT('',(0.0495,0.01934197732497,-0.015766867429018));
#9329=CARTESIAN_POINT('',(0.039,0.01934197732497,-0.040766867429018));
#9330=CARTESIAN_POINT('',(0.007,0.04384197732497,-0.015766867429018));
#9331=CARTESIAN_POINT('',(0.007,0.03134197732497,-0.040766867429018));
#9332=CARTESIAN_POINT('',(0.007,0.06134197732497,-0.015766867429018));
#9333=CARTESIAN_POINT('',(0.0137835609440644,0.0506255382690344,-0.015766867429018));
#9334=CARTESIAN_POINT('',(0.0199661172709324,0.0408585458836054,-0.015766867429018));
#9335=CARTESIAN_POINT('',(0.0312835609440644,0.0331255382690344,-0.015766867429018));
#9336=CARTESIAN_POINT('',(0.0215165685586353,0.0393080945959024,-0.015766867429018));
#9337=CARTESIAN_POINT('',(0.042,0.02634197732497,-0.015766867429018));
#9338=CARTESIAN_POINT('',(0.0245,0.02634197732497,-0.015766867429018));
#9339=CARTESIAN_POINT('',(0.012,0.02634197732497,-0.032766867429018));
#9340=CARTESIAN_POINT('',(-0.0312835609440644,0.0331255382690344,-0.015766867429018));
#9341=CARTESIAN_POINT('',(-0.0215165685586353,0.0393080945959024,-0.015766867429018));
#9342=CARTESIAN_POINT('',(-0.042,0.02634197732497,-0.015766867429018));
#9343=CARTESIAN_POINT('',(-0.0137835609440644,0.0506255382690344,-0.015766867429018));
#9344=CARTESIAN_POINT('',(-0.0199661172709324,0.0408585458836054,-0.015766867429018));
#9345=CARTESIAN_POINT('',(-0.007,0.06134197732497,-0.015766867429018));
#9346=CARTESIAN_POINT('',(-0.007,0.04384197732497,-0.015766867429018));
#9347=CARTESIAN_POINT('',(-0.007,0.03134197732497,-0.032766867429018));
#9348=CARTESIAN_POINT('',(-0.0245,0.02634197732497,-0.015766867429018));
#9349=CARTESIAN_POINT('',(-0.012,0.02634197732497,-0.040766867429018));
#9350=CARTESIAN_POINT('',(0.0241908392839826,0.0435328166089526,-0.015766867429018));
#9351=CARTESIAN_POINT('',(0.012,0.03134197732497,-0.015766867429018));
#9352=CARTESIAN_POINT('',(-0.012,0.03134197732497,-0.015766867429018));
#9353=CARTESIAN_POINT('',(-0.0241908392839826,0.0435328166089526,-0.015766867429018));
#9354=CARTESIAN_POINT('',(0.039,0.01434197732497,-0.015766867429018));
#9355=CARTESIAN_POINT('',(0.029,-0.021192595462206,-0.015766867429018));
#9356=CARTESIAN_POINT('',(0.025,-0.021192595462206,-0.015766867429018));
#9357=CARTESIAN_POINT('',(0.015,-0.00842530906861799,-0.015766867429018));
#9358=CARTESIAN_POINT('',(-0.015,-0.00842530906861799,-0.015766867429018));
#9359=CARTESIAN_POINT('',(-0.025,-0.021192595462206,-0.015766867429018));
#9360=CARTESIAN_POINT('',(-0.029,-0.021192595462206,-0.015766867429018));
#9361=CARTESIAN_POINT('',(-0.039,0.01434197732497,-0.015766867429018));
#9362=CARTESIAN_POINT('',(0.027,-0.013342595462206,-0.037766867429018));
#9363=CARTESIAN_POINT('',(0.027,-0.013342595462206,-0.037766867429018));
#9364=CARTESIAN_POINT('',(0.02275,-0.013342595462206,-0.037766867429018));
#9365=CARTESIAN_POINT('',(0.,0.03309197732497,-0.037766867429018));
#9366=CARTESIAN_POINT('',(-0.027,-0.013342595462206,-0.037766867429018));
#9367=CARTESIAN_POINT('',(-0.027,-0.013342595462206,-0.037766867429018));
#9368=CARTESIAN_POINT('',(-0.03125,-0.013342595462206,-0.037766867429018));
#9369=CARTESIAN_POINT('',(0.,0.03309197732497,-0.037766867429018));
#9370=CARTESIAN_POINT('',(-0.027,0.0520265501121459,-0.037766867429018));
#9371=CARTESIAN_POINT('',(-0.027,0.0520265501121459,-0.037766867429018));
#9372=CARTESIAN_POINT('',(-0.03125,0.0520265501121459,-0.037766867429018));
#9373=CARTESIAN_POINT('',(0.,0.03309197732497,-0.037766867429018));
#9374=CARTESIAN_POINT('',(0.027,0.0520265501121459,-0.037766867429018));
#9375=CARTESIAN_POINT('',(0.027,0.0520265501121459,-0.037766867429018));
#9376=CARTESIAN_POINT('',(0.02275,0.0520265501121459,-0.037766867429018));
#9377=CARTESIAN_POINT('',(0.,0.03309197732497,-0.037766867429018));
#9378=MECHANICAL_DESIGN_GEOMETRIC_PRESENTATION_REPRESENTATION('',(#4241),
#9379);
#9379=(
GEOMETRIC_REPRESENTATION_CONTEXT(3)
GLOBAL_UNCERTAINTY_ASSIGNED_CONTEXT((#9380))
GLOBAL_UNIT_ASSIGNED_CONTEXT((#9383,#9382,#9381))
REPRESENTATION_CONTEXT('Spur gear (60 teeth)','TOP_LEVEL_ASSEMBLY_PART')
);
#9380=UNCERTAINTY_MEASURE_WITH_UNIT(LENGTH_MEASURE(2.E-5),#9383,
'DISTANCE_ACCURACY_VALUE','Maximum Tolerance applied to model');
#9381=(
NAMED_UNIT(*)
SI_UNIT($,.STERADIAN.)
SOLID_ANGLE_UNIT()
);
#9382=(
NAMED_UNIT(*)
PLANE_ANGLE_UNIT()
SI_UNIT($,.RADIAN.)
);
#9383=(
LENGTH_UNIT()
NAMED_UNIT(*)
SI_UNIT($,.METRE.)
);
#9384=PRODUCT_DEFINITION_SHAPE('','',#9385);
#9385=PRODUCT_DEFINITION('','',#9387,#9386);
#9386=PRODUCT_DEFINITION_CONTEXT('',#9393,'design');
#9387=PRODUCT_DEFINITION_FORMATION_WITH_SPECIFIED_SOURCE('','',#9389,
 .NOT_KNOWN.);
#9388=PRODUCT_RELATED_PRODUCT_CATEGORY('','',(#9389));
#9389=PRODUCT('Spur gear (60 teeth)','Spur gear (60 teeth)',
'Spur gear (60 teeth)',(#9391));
#9390=PRODUCT_CATEGORY('','');
#9391=PRODUCT_CONTEXT('',#9393,'mechanical');
#9392=APPLICATION_PROTOCOL_DEFINITION('international standard',
'ap242_managed_model_based_3d_engineering',2020,#9393);
#9393=APPLICATION_CONTEXT('managed model based 3d engineering');
ENDSEC;
END-ISO-10303-21;
