ISO-10303-21;
HEADER;
/* Generated by software containing ST-Developer
 * from STEP Tools, Inc. (www.steptools.com) 
 */
/* OPTION: using custom renumber hook */

FILE_DESCRIPTION(
/* description */ ('STEP AP242 Edition 2',
'CAx-IF Rec.Pracs.---Representation and Presentation of Product Manufa
cturing Information (PMI)---4.0---2014-10-13',
'CAx-IF Rec.Pracs.---3D Tessellated Geometry---0.4---2014-09-14','2;1',
'CAx-IF Rec.Pracs.---User Defined Attributes---1.5---2016-08-15'),
/* implementation_level */ '2;1');

FILE_NAME(
/* name */ 'LimeArm MKI - Part 37',
/* time_stamp */ '2026-05-27T02:34:59Z',
/* author */ (''),
/* organization */ (''),
/* preprocessor_version */ 'ST-DEVELOPER v20',
/* originating_system */ 'ONSHAPE BY PTC INC, 1.215',
/* authorisation */ '  ');

FILE_SCHEMA (('AP242_MANAGED_MODEL_BASED_3D_ENGINEERING_MIM_LF { 1 0 10303 442 3 1 4 }'));
ENDSEC;

DATA;
#10=SHAPE_REPRESENTATION_RELATIONSHIP('','',#1729,#11);
#11=ADVANCED_BREP_SHAPE_REPRESENTATION('',(#1727),#2995);
#12=CYLINDRICAL_SURFACE('',#1792,0.065);
#13=CYLINDRICAL_SURFACE('',#1853,0.065);
#14=CYLINDRICAL_SURFACE('',#1855,0.00230000000000026);
#15=CYLINDRICAL_SURFACE('',#1856,0.00229999999999995);
#16=CYLINDRICAL_SURFACE('',#1857,0.0023);
#17=CYLINDRICAL_SURFACE('',#1858,0.0067);
#18=CYLINDRICAL_SURFACE('',#1859,0.003);
#19=CYLINDRICAL_SURFACE('',#1861,0.003);
#20=CYLINDRICAL_SURFACE('',#1862,0.0459121651361799);
#21=CYLINDRICAL_SURFACE('',#1863,0.003);
#22=CYLINDRICAL_SURFACE('',#1865,0.003);
#23=CYLINDRICAL_SURFACE('',#1866,0.0559121651361799);
#24=CYLINDRICAL_SURFACE('',#1867,0.003);
#25=CYLINDRICAL_SURFACE('',#1868,0.0309121651361799);
#26=CYLINDRICAL_SURFACE('',#1869,0.003);
#27=CYLINDRICAL_SURFACE('',#1871,0.003);
#28=CYLINDRICAL_SURFACE('',#1872,0.0209121651361799);
#29=CYLINDRICAL_SURFACE('',#1873,0.003);
#30=CYLINDRICAL_SURFACE('',#1875,0.0209121651361799);
#31=CYLINDRICAL_SURFACE('',#1876,0.003);
#32=CYLINDRICAL_SURFACE('',#1878,0.003);
#33=CYLINDRICAL_SURFACE('',#1879,0.0309121651361799);
#34=CYLINDRICAL_SURFACE('',#1880,0.003);
#35=CYLINDRICAL_SURFACE('',#1882,0.003);
#36=CYLINDRICAL_SURFACE('',#1883,0.0459121651361799);
#37=CYLINDRICAL_SURFACE('',#1884,0.003);
#38=CYLINDRICAL_SURFACE('',#1886,0.003);
#39=CYLINDRICAL_SURFACE('',#1887,0.0559121651361799);
#40=CYLINDRICAL_SURFACE('',#1888,0.003);
#41=CYLINDRICAL_SURFACE('',#1890,0.003);
#42=CYLINDRICAL_SURFACE('',#1891,0.003);
#43=CYLINDRICAL_SURFACE('',#1892,0.0309121651361799);
#44=CYLINDRICAL_SURFACE('',#1893,0.003);
#45=CYLINDRICAL_SURFACE('',#1895,0.003);
#46=CYLINDRICAL_SURFACE('',#1896,0.0209121651361798);
#47=CYLINDRICAL_SURFACE('',#1897,0.003);
#48=CYLINDRICAL_SURFACE('',#1900,0.003);
#49=CYLINDRICAL_SURFACE('',#1901,0.0209121651361798);
#50=CYLINDRICAL_SURFACE('',#1902,0.003);
#51=CYLINDRICAL_SURFACE('',#1904,0.003);
#52=CYLINDRICAL_SURFACE('',#1905,0.0309121651361799);
#53=CYLINDRICAL_SURFACE('',#1906,0.003);
#54=CYLINDRICAL_SURFACE('',#1908,0.003);
#55=CYLINDRICAL_SURFACE('',#1909,0.0459121651361799);
#56=CYLINDRICAL_SURFACE('',#1910,0.003);
#57=CYLINDRICAL_SURFACE('',#1912,0.003);
#58=CYLINDRICAL_SURFACE('',#1913,0.0559121651361799);
#59=CYLINDRICAL_SURFACE('',#1914,0.003);
#60=CYLINDRICAL_SURFACE('',#1916,0.003);
#61=CYLINDRICAL_SURFACE('',#1917,0.0459121651361799);
#62=CYLINDRICAL_SURFACE('',#1918,0.003);
#63=CYLINDRICAL_SURFACE('',#1920,0.003);
#64=CYLINDRICAL_SURFACE('',#1921,0.0559121651361799);
#65=CYLINDRICAL_SURFACE('',#1922,0.003);
#66=CYLINDRICAL_SURFACE('',#1925,0.02);
#67=CYLINDRICAL_SURFACE('',#1926,0.02);
#68=CYLINDRICAL_SURFACE('',#1927,0.02);
#69=CYLINDRICAL_SURFACE('',#1928,0.02);
#70=CYLINDRICAL_SURFACE('',#1929,0.06);
#71=CYLINDRICAL_SURFACE('',#1935,0.06);
#72=LINE('',#2492,#202);
#73=LINE('',#2500,#203);
#74=LINE('',#2508,#204);
#75=LINE('',#2516,#205);
#76=LINE('',#2529,#206);
#77=LINE('',#2538,#207);
#78=LINE('',#2550,#208);
#79=LINE('',#2558,#209);
#80=LINE('',#2568,#210);
#81=LINE('',#2576,#211);
#82=LINE('',#2584,#212);
#83=LINE('',#2592,#213);
#84=LINE('',#2598,#214);
#85=LINE('',#2606,#215);
#86=LINE('',#2609,#216);
#87=LINE('',#2618,#217);
#88=LINE('',#2628,#218);
#89=LINE('',#2632,#219);
#90=LINE('',#2636,#220);
#91=LINE('',#2640,#221);
#92=LINE('',#2642,#222);
#93=LINE('',#2646,#223);
#94=LINE('',#2650,#224);
#95=LINE('',#2652,#225);
#96=LINE('',#2654,#226);
#97=LINE('',#2657,#227);
#98=LINE('',#2658,#228);
#99=LINE('',#2660,#229);
#100=LINE('',#2662,#230);
#101=LINE('',#2664,#231);
#102=LINE('',#2666,#232);
#103=LINE('',#2670,#233);
#104=LINE('',#2671,#234);
#105=LINE('',#2675,#235);
#106=LINE('',#2684,#236);
#107=LINE('',#2691,#237);
#108=LINE('',#2700,#238);
#109=LINE('',#2714,#239);
#110=LINE('',#2722,#240);
#111=LINE('',#2728,#241);
#112=LINE('',#2736,#242);
#113=LINE('',#2744,#243);
#114=LINE('',#2752,#244);
#115=LINE('',#2762,#245);
#116=LINE('',#2770,#246);
#117=LINE('',#2774,#247);
#118=LINE('',#2782,#248);
#119=LINE('',#2795,#249);
#120=LINE('',#2802,#250);
#121=LINE('',#2810,#251);
#122=LINE('',#2818,#252);
#123=LINE('',#2824,#253);
#124=LINE('',#2825,#254);
#125=LINE('',#2829,#255);
#126=LINE('',#2835,#256);
#127=LINE('',#2836,#257);
#128=LINE('',#2838,#258);
#129=LINE('',#2840,#259);
#130=LINE('',#2842,#260);
#131=LINE('',#2844,#261);
#132=LINE('',#2846,#262);
#133=LINE('',#2848,#263);
#134=LINE('',#2851,#264);
#135=LINE('',#2852,#265);
#136=LINE('',#2854,#266);
#137=LINE('',#2856,#267);
#138=LINE('',#2858,#268);
#139=LINE('',#2860,#269);
#140=LINE('',#2862,#270);
#141=LINE('',#2864,#271);
#142=LINE('',#2867,#272);
#143=LINE('',#2868,#273);
#144=LINE('',#2870,#274);
#145=LINE('',#2872,#275);
#146=LINE('',#2874,#276);
#147=LINE('',#2876,#277);
#148=LINE('',#2878,#278);
#149=LINE('',#2880,#279);
#150=LINE('',#2883,#280);
#151=LINE('',#2884,#281);
#152=LINE('',#2886,#282);
#153=LINE('',#2888,#283);
#154=LINE('',#2890,#284);
#155=LINE('',#2892,#285);
#156=LINE('',#2894,#286);
#157=LINE('',#2896,#287);
#158=LINE('',#2899,#288);
#159=LINE('',#2900,#289);
#160=LINE('',#2902,#290);
#161=LINE('',#2904,#291);
#162=LINE('',#2906,#292);
#163=LINE('',#2908,#293);
#164=LINE('',#2910,#294);
#165=LINE('',#2912,#295);
#166=LINE('',#2915,#296);
#167=LINE('',#2916,#297);
#168=LINE('',#2918,#298);
#169=LINE('',#2920,#299);
#170=LINE('',#2922,#300);
#171=LINE('',#2924,#301);
#172=LINE('',#2926,#302);
#173=LINE('',#2928,#303);
#174=LINE('',#2931,#304);
#175=LINE('',#2932,#305);
#176=LINE('',#2934,#306);
#177=LINE('',#2936,#307);
#178=LINE('',#2938,#308);
#179=LINE('',#2940,#309);
#180=LINE('',#2942,#310);
#181=LINE('',#2944,#311);
#182=LINE('',#2947,#312);
#183=LINE('',#2948,#313);
#184=LINE('',#2950,#314);
#185=LINE('',#2952,#315);
#186=LINE('',#2954,#316);
#187=LINE('',#2956,#317);
#188=LINE('',#2958,#318);
#189=LINE('',#2960,#319);
#190=LINE('',#2963,#320);
#191=LINE('',#2964,#321);
#192=LINE('',#2966,#322);
#193=LINE('',#2967,#323);
#194=LINE('',#2973,#324);
#195=LINE('',#2977,#325);
#196=LINE('',#2979,#326);
#197=LINE('',#2981,#327);
#198=LINE('',#2984,#328);
#199=LINE('',#2986,#329);
#200=LINE('',#2988,#330);
#201=LINE('',#2992,#331);
#202=VECTOR('',#1945,1.);
#203=VECTOR('',#1952,1.);
#204=VECTOR('',#1959,1.);
#205=VECTOR('',#1966,1.);
#206=VECTOR('',#1979,1.);
#207=VECTOR('',#1986,1.);
#208=VECTOR('',#1997,1.);
#209=VECTOR('',#2004,1.);
#210=VECTOR('',#2013,1.);
#211=VECTOR('',#2020,1.);
#212=VECTOR('',#2027,1.);
#213=VECTOR('',#2034,1.);
#214=VECTOR('',#2039,1.);
#215=VECTOR('',#2046,1.);
#216=VECTOR('',#2049,1.);
#217=VECTOR('',#2056,1.);
#218=VECTOR('',#2065,1.);
#219=VECTOR('',#2068,1.);
#220=VECTOR('',#2071,1.);
#221=VECTOR('',#2074,1.);
#222=VECTOR('',#2075,1.);
#223=VECTOR('',#2078,1.);
#224=VECTOR('',#2081,1.);
#225=VECTOR('',#2082,1.);
#226=VECTOR('',#2085,1.);
#227=VECTOR('',#2086,1.);
#228=VECTOR('',#2087,1.);
#229=VECTOR('',#2090,1.);
#230=VECTOR('',#2091,1.);
#231=VECTOR('',#2092,1.);
#232=VECTOR('',#2095,1.);
#233=VECTOR('',#2098,1.);
#234=VECTOR('',#2099,1.);
#235=VECTOR('',#2104,1.);
#236=VECTOR('',#2111,1.);
#237=VECTOR('',#2118,1.);
#238=VECTOR('',#2125,1.);
#239=VECTOR('',#2138,1.);
#240=VECTOR('',#2145,1.);
#241=VECTOR('',#2150,1.);
#242=VECTOR('',#2157,1.);
#243=VECTOR('',#2164,1.);
#244=VECTOR('',#2171,1.);
#245=VECTOR('',#2180,1.);
#246=VECTOR('',#2187,1.);
#247=VECTOR('',#2190,1.);
#248=VECTOR('',#2197,1.);
#249=VECTOR('',#2210,1.);
#250=VECTOR('',#2217,1.);
#251=VECTOR('',#2224,1.);
#252=VECTOR('',#2231,1.);
#253=VECTOR('',#2238,1.);
#254=VECTOR('',#2239,1.);
#255=VECTOR('',#2242,1.);
#256=VECTOR('',#2253,1.);
#257=VECTOR('',#2254,1.);
#258=VECTOR('',#2257,1.);
#259=VECTOR('',#2260,1.);
#260=VECTOR('',#2263,1.);
#261=VECTOR('',#2266,1.);
#262=VECTOR('',#2269,1.);
#263=VECTOR('',#2272,1.);
#264=VECTOR('',#2277,1.);
#265=VECTOR('',#2278,1.);
#266=VECTOR('',#2281,1.);
#267=VECTOR('',#2284,1.);
#268=VECTOR('',#2287,1.);
#269=VECTOR('',#2290,1.);
#270=VECTOR('',#2293,1.);
#271=VECTOR('',#2296,1.);
#272=VECTOR('',#2301,1.);
#273=VECTOR('',#2302,1.);
#274=VECTOR('',#2305,1.);
#275=VECTOR('',#2308,1.);
#276=VECTOR('',#2311,1.);
#277=VECTOR('',#2314,1.);
#278=VECTOR('',#2317,1.);
#279=VECTOR('',#2320,1.);
#280=VECTOR('',#2325,1.);
#281=VECTOR('',#2326,1.);
#282=VECTOR('',#2329,1.);
#283=VECTOR('',#2332,1.);
#284=VECTOR('',#2335,1.);
#285=VECTOR('',#2338,1.);
#286=VECTOR('',#2341,1.);
#287=VECTOR('',#2344,1.);
#288=VECTOR('',#2349,1.);
#289=VECTOR('',#2350,1.);
#290=VECTOR('',#2353,1.);
#291=VECTOR('',#2356,1.);
#292=VECTOR('',#2359,1.);
#293=VECTOR('',#2362,1.);
#294=VECTOR('',#2365,1.);
#295=VECTOR('',#2368,1.);
#296=VECTOR('',#2373,1.);
#297=VECTOR('',#2374,1.);
#298=VECTOR('',#2377,1.);
#299=VECTOR('',#2380,1.);
#300=VECTOR('',#2383,1.);
#301=VECTOR('',#2386,1.);
#302=VECTOR('',#2389,1.);
#303=VECTOR('',#2392,1.);
#304=VECTOR('',#2397,1.);
#305=VECTOR('',#2398,1.);
#306=VECTOR('',#2401,1.);
#307=VECTOR('',#2404,1.);
#308=VECTOR('',#2407,1.);
#309=VECTOR('',#2410,1.);
#310=VECTOR('',#2413,1.);
#311=VECTOR('',#2416,1.);
#312=VECTOR('',#2421,1.);
#313=VECTOR('',#2422,1.);
#314=VECTOR('',#2425,1.);
#315=VECTOR('',#2428,1.);
#316=VECTOR('',#2431,1.);
#317=VECTOR('',#2434,1.);
#318=VECTOR('',#2437,1.);
#319=VECTOR('',#2440,1.);
#320=VECTOR('',#2445,1.);
#321=VECTOR('',#2446,1.);
#322=VECTOR('',#2449,1.);
#323=VECTOR('',#2450,1.);
#324=VECTOR('',#2461,1.);
#325=VECTOR('',#2464,1.);
#326=VECTOR('',#2467,1.);
#327=VECTOR('',#2470,1.);
#328=VECTOR('',#2475,1.);
#329=VECTOR('',#2476,1.);
#330=VECTOR('',#2479,1.);
#331=VECTOR('',#2484,1.);
#332=ORIENTED_EDGE('',*,*,#832,.T.);
#333=ORIENTED_EDGE('',*,*,#833,.T.);
#334=ORIENTED_EDGE('',*,*,#834,.T.);
#335=ORIENTED_EDGE('',*,*,#835,.T.);
#336=ORIENTED_EDGE('',*,*,#836,.T.);
#337=ORIENTED_EDGE('',*,*,#837,.F.);
#338=ORIENTED_EDGE('',*,*,#838,.T.);
#339=ORIENTED_EDGE('',*,*,#839,.F.);
#340=ORIENTED_EDGE('',*,*,#840,.F.);
#341=ORIENTED_EDGE('',*,*,#841,.T.);
#342=ORIENTED_EDGE('',*,*,#842,.F.);
#343=ORIENTED_EDGE('',*,*,#843,.F.);
#344=ORIENTED_EDGE('',*,*,#844,.F.);
#345=ORIENTED_EDGE('',*,*,#845,.F.);
#346=ORIENTED_EDGE('',*,*,#846,.F.);
#347=ORIENTED_EDGE('',*,*,#847,.T.);
#348=ORIENTED_EDGE('',*,*,#848,.F.);
#349=ORIENTED_EDGE('',*,*,#849,.F.);
#350=ORIENTED_EDGE('',*,*,#850,.F.);
#351=ORIENTED_EDGE('',*,*,#851,.F.);
#352=ORIENTED_EDGE('',*,*,#852,.T.);
#353=ORIENTED_EDGE('',*,*,#853,.T.);
#354=ORIENTED_EDGE('',*,*,#854,.T.);
#355=ORIENTED_EDGE('',*,*,#855,.T.);
#356=ORIENTED_EDGE('',*,*,#856,.F.);
#357=ORIENTED_EDGE('',*,*,#857,.T.);
#358=ORIENTED_EDGE('',*,*,#858,.F.);
#359=ORIENTED_EDGE('',*,*,#859,.T.);
#360=ORIENTED_EDGE('',*,*,#860,.T.);
#361=ORIENTED_EDGE('',*,*,#861,.T.);
#362=ORIENTED_EDGE('',*,*,#862,.T.);
#363=ORIENTED_EDGE('',*,*,#863,.T.);
#364=ORIENTED_EDGE('',*,*,#864,.F.);
#365=ORIENTED_EDGE('',*,*,#865,.T.);
#366=ORIENTED_EDGE('',*,*,#866,.F.);
#367=ORIENTED_EDGE('',*,*,#867,.T.);
#368=ORIENTED_EDGE('',*,*,#868,.F.);
#369=ORIENTED_EDGE('',*,*,#869,.T.);
#370=ORIENTED_EDGE('',*,*,#870,.F.);
#371=ORIENTED_EDGE('',*,*,#871,.F.);
#372=ORIENTED_EDGE('',*,*,#872,.F.);
#373=ORIENTED_EDGE('',*,*,#873,.F.);
#374=ORIENTED_EDGE('',*,*,#874,.F.);
#375=ORIENTED_EDGE('',*,*,#875,.T.);
#376=ORIENTED_EDGE('',*,*,#876,.F.);
#377=ORIENTED_EDGE('',*,*,#877,.T.);
#378=ORIENTED_EDGE('',*,*,#878,.F.);
#379=ORIENTED_EDGE('',*,*,#879,.T.);
#380=ORIENTED_EDGE('',*,*,#880,.F.);
#381=ORIENTED_EDGE('',*,*,#881,.F.);
#382=ORIENTED_EDGE('',*,*,#882,.F.);
#383=ORIENTED_EDGE('',*,*,#883,.F.);
#384=ORIENTED_EDGE('',*,*,#884,.T.);
#385=ORIENTED_EDGE('',*,*,#885,.T.);
#386=ORIENTED_EDGE('',*,*,#886,.T.);
#387=ORIENTED_EDGE('',*,*,#887,.T.);
#388=ORIENTED_EDGE('',*,*,#888,.F.);
#389=ORIENTED_EDGE('',*,*,#889,.T.);
#390=ORIENTED_EDGE('',*,*,#890,.F.);
#391=ORIENTED_EDGE('',*,*,#891,.T.);
#392=ORIENTED_EDGE('',*,*,#892,.F.);
#393=ORIENTED_EDGE('',*,*,#893,.F.);
#394=ORIENTED_EDGE('',*,*,#894,.F.);
#395=ORIENTED_EDGE('',*,*,#895,.F.);
#396=ORIENTED_EDGE('',*,*,#896,.T.);
#397=ORIENTED_EDGE('',*,*,#897,.F.);
#398=ORIENTED_EDGE('',*,*,#898,.T.);
#399=ORIENTED_EDGE('',*,*,#899,.F.);
#400=ORIENTED_EDGE('',*,*,#900,.T.);
#401=ORIENTED_EDGE('',*,*,#901,.T.);
#402=ORIENTED_EDGE('',*,*,#902,.T.);
#403=ORIENTED_EDGE('',*,*,#903,.F.);
#404=ORIENTED_EDGE('',*,*,#904,.T.);
#405=ORIENTED_EDGE('',*,*,#905,.F.);
#406=ORIENTED_EDGE('',*,*,#906,.F.);
#407=ORIENTED_EDGE('',*,*,#907,.T.);
#408=ORIENTED_EDGE('',*,*,#908,.F.);
#409=ORIENTED_EDGE('',*,*,#909,.T.);
#410=ORIENTED_EDGE('',*,*,#910,.F.);
#411=ORIENTED_EDGE('',*,*,#911,.T.);
#412=ORIENTED_EDGE('',*,*,#912,.T.);
#413=ORIENTED_EDGE('',*,*,#913,.F.);
#414=ORIENTED_EDGE('',*,*,#914,.F.);
#415=ORIENTED_EDGE('',*,*,#915,.T.);
#416=ORIENTED_EDGE('',*,*,#908,.T.);
#417=ORIENTED_EDGE('',*,*,#916,.T.);
#418=ORIENTED_EDGE('',*,*,#912,.F.);
#419=ORIENTED_EDGE('',*,*,#917,.T.);
#420=ORIENTED_EDGE('',*,*,#918,.T.);
#421=ORIENTED_EDGE('',*,*,#919,.F.);
#422=ORIENTED_EDGE('',*,*,#916,.F.);
#423=ORIENTED_EDGE('',*,*,#920,.F.);
#424=ORIENTED_EDGE('',*,*,#921,.F.);
#425=ORIENTED_EDGE('',*,*,#922,.T.);
#426=ORIENTED_EDGE('',*,*,#923,.T.);
#427=ORIENTED_EDGE('',*,*,#924,.T.);
#428=ORIENTED_EDGE('',*,*,#925,.F.);
#429=ORIENTED_EDGE('',*,*,#926,.F.);
#430=ORIENTED_EDGE('',*,*,#927,.T.);
#431=ORIENTED_EDGE('',*,*,#928,.F.);
#432=ORIENTED_EDGE('',*,*,#929,.T.);
#433=ORIENTED_EDGE('',*,*,#930,.F.);
#434=ORIENTED_EDGE('',*,*,#931,.F.);
#435=ORIENTED_EDGE('',*,*,#932,.F.);
#436=ORIENTED_EDGE('',*,*,#933,.F.);
#437=ORIENTED_EDGE('',*,*,#934,.T.);
#438=ORIENTED_EDGE('',*,*,#935,.F.);
#439=ORIENTED_EDGE('',*,*,#936,.T.);
#440=ORIENTED_EDGE('',*,*,#937,.T.);
#441=ORIENTED_EDGE('',*,*,#938,.T.);
#442=ORIENTED_EDGE('',*,*,#939,.T.);
#443=ORIENTED_EDGE('',*,*,#940,.T.);
#444=ORIENTED_EDGE('',*,*,#941,.F.);
#445=ORIENTED_EDGE('',*,*,#942,.F.);
#446=ORIENTED_EDGE('',*,*,#943,.F.);
#447=ORIENTED_EDGE('',*,*,#944,.T.);
#448=ORIENTED_EDGE('',*,*,#945,.F.);
#449=ORIENTED_EDGE('',*,*,#946,.T.);
#450=ORIENTED_EDGE('',*,*,#947,.F.);
#451=ORIENTED_EDGE('',*,*,#948,.F.);
#452=ORIENTED_EDGE('',*,*,#949,.F.);
#453=ORIENTED_EDGE('',*,*,#950,.T.);
#454=ORIENTED_EDGE('',*,*,#951,.T.);
#455=ORIENTED_EDGE('',*,*,#952,.T.);
#456=ORIENTED_EDGE('',*,*,#953,.T.);
#457=ORIENTED_EDGE('',*,*,#954,.T.);
#458=ORIENTED_EDGE('',*,*,#955,.F.);
#459=ORIENTED_EDGE('',*,*,#956,.T.);
#460=ORIENTED_EDGE('',*,*,#957,.F.);
#461=ORIENTED_EDGE('',*,*,#958,.T.);
#462=ORIENTED_EDGE('',*,*,#959,.F.);
#463=ORIENTED_EDGE('',*,*,#960,.T.);
#464=ORIENTED_EDGE('',*,*,#961,.T.);
#465=ORIENTED_EDGE('',*,*,#962,.T.);
#466=ORIENTED_EDGE('',*,*,#963,.T.);
#467=ORIENTED_EDGE('',*,*,#964,.T.);
#468=ORIENTED_EDGE('',*,*,#965,.F.);
#469=ORIENTED_EDGE('',*,*,#966,.F.);
#470=ORIENTED_EDGE('',*,*,#967,.F.);
#471=ORIENTED_EDGE('',*,*,#968,.T.);
#472=ORIENTED_EDGE('',*,*,#969,.F.);
#473=ORIENTED_EDGE('',*,*,#970,.T.);
#474=ORIENTED_EDGE('',*,*,#971,.F.);
#475=ORIENTED_EDGE('',*,*,#972,.F.);
#476=ORIENTED_EDGE('',*,*,#973,.F.);
#477=ORIENTED_EDGE('',*,*,#974,.F.);
#478=ORIENTED_EDGE('',*,*,#975,.F.);
#479=ORIENTED_EDGE('',*,*,#976,.T.);
#480=ORIENTED_EDGE('',*,*,#977,.F.);
#481=ORIENTED_EDGE('',*,*,#978,.T.);
#482=ORIENTED_EDGE('',*,*,#979,.F.);
#483=ORIENTED_EDGE('',*,*,#980,.F.);
#484=ORIENTED_EDGE('',*,*,#981,.T.);
#485=ORIENTED_EDGE('',*,*,#982,.T.);
#486=ORIENTED_EDGE('',*,*,#983,.T.);
#487=ORIENTED_EDGE('',*,*,#924,.F.);
#488=ORIENTED_EDGE('',*,*,#984,.T.);
#489=ORIENTED_EDGE('',*,*,#985,.T.);
#490=ORIENTED_EDGE('',*,*,#986,.T.);
#491=ORIENTED_EDGE('',*,*,#987,.F.);
#492=ORIENTED_EDGE('',*,*,#918,.F.);
#493=ORIENTED_EDGE('',*,*,#988,.T.);
#494=ORIENTED_EDGE('',*,*,#989,.T.);
#495=ORIENTED_EDGE('',*,*,#990,.T.);
#496=ORIENTED_EDGE('',*,*,#914,.T.);
#497=ORIENTED_EDGE('',*,*,#991,.T.);
#498=ORIENTED_EDGE('',*,*,#992,.T.);
#499=ORIENTED_EDGE('',*,*,#993,.T.);
#500=ORIENTED_EDGE('',*,*,#994,.T.);
#501=ORIENTED_EDGE('',*,*,#995,.F.);
#502=ORIENTED_EDGE('',*,*,#996,.T.);
#503=ORIENTED_EDGE('',*,*,#997,.F.);
#504=ORIENTED_EDGE('',*,*,#998,.T.);
#505=ORIENTED_EDGE('',*,*,#999,.T.);
#506=ORIENTED_EDGE('',*,*,#987,.T.);
#507=ORIENTED_EDGE('',*,*,#1000,.T.);
#508=ORIENTED_EDGE('',*,*,#1001,.F.);
#509=ORIENTED_EDGE('',*,*,#1002,.F.);
#510=ORIENTED_EDGE('',*,*,#1003,.T.);
#511=ORIENTED_EDGE('',*,*,#919,.T.);
#512=ORIENTED_EDGE('',*,*,#849,.T.);
#513=ORIENTED_EDGE('',*,*,#983,.F.);
#514=ORIENTED_EDGE('',*,*,#850,.T.);
#515=ORIENTED_EDGE('',*,*,#982,.F.);
#516=ORIENTED_EDGE('',*,*,#851,.T.);
#517=ORIENTED_EDGE('',*,*,#981,.F.);
#518=ORIENTED_EDGE('',*,*,#848,.T.);
#519=ORIENTED_EDGE('',*,*,#991,.F.);
#520=ORIENTED_EDGE('',*,*,#973,.T.);
#521=ORIENTED_EDGE('',*,*,#1004,.T.);
#522=ORIENTED_EDGE('',*,*,#853,.F.);
#523=ORIENTED_EDGE('',*,*,#1005,.F.);
#524=ORIENTED_EDGE('',*,*,#974,.T.);
#525=ORIENTED_EDGE('',*,*,#1005,.T.);
#526=ORIENTED_EDGE('',*,*,#852,.F.);
#527=ORIENTED_EDGE('',*,*,#1006,.F.);
#528=ORIENTED_EDGE('',*,*,#975,.T.);
#529=ORIENTED_EDGE('',*,*,#1006,.T.);
#530=ORIENTED_EDGE('',*,*,#859,.F.);
#531=ORIENTED_EDGE('',*,*,#1007,.F.);
#532=ORIENTED_EDGE('',*,*,#1007,.T.);
#533=ORIENTED_EDGE('',*,*,#858,.T.);
#534=ORIENTED_EDGE('',*,*,#1008,.F.);
#535=ORIENTED_EDGE('',*,*,#976,.F.);
#536=ORIENTED_EDGE('',*,*,#977,.T.);
#537=ORIENTED_EDGE('',*,*,#1008,.T.);
#538=ORIENTED_EDGE('',*,*,#857,.F.);
#539=ORIENTED_EDGE('',*,*,#1009,.F.);
#540=ORIENTED_EDGE('',*,*,#1009,.T.);
#541=ORIENTED_EDGE('',*,*,#856,.T.);
#542=ORIENTED_EDGE('',*,*,#1010,.F.);
#543=ORIENTED_EDGE('',*,*,#978,.F.);
#544=ORIENTED_EDGE('',*,*,#979,.T.);
#545=ORIENTED_EDGE('',*,*,#1010,.T.);
#546=ORIENTED_EDGE('',*,*,#855,.F.);
#547=ORIENTED_EDGE('',*,*,#1011,.F.);
#548=ORIENTED_EDGE('',*,*,#980,.T.);
#549=ORIENTED_EDGE('',*,*,#1011,.T.);
#550=ORIENTED_EDGE('',*,*,#854,.F.);
#551=ORIENTED_EDGE('',*,*,#1004,.F.);
#552=ORIENTED_EDGE('',*,*,#965,.T.);
#553=ORIENTED_EDGE('',*,*,#1012,.T.);
#554=ORIENTED_EDGE('',*,*,#861,.F.);
#555=ORIENTED_EDGE('',*,*,#1013,.F.);
#556=ORIENTED_EDGE('',*,*,#966,.T.);
#557=ORIENTED_EDGE('',*,*,#1013,.T.);
#558=ORIENTED_EDGE('',*,*,#860,.F.);
#559=ORIENTED_EDGE('',*,*,#1014,.F.);
#560=ORIENTED_EDGE('',*,*,#967,.T.);
#561=ORIENTED_EDGE('',*,*,#1014,.T.);
#562=ORIENTED_EDGE('',*,*,#867,.F.);
#563=ORIENTED_EDGE('',*,*,#1015,.F.);
#564=ORIENTED_EDGE('',*,*,#1015,.T.);
#565=ORIENTED_EDGE('',*,*,#866,.T.);
#566=ORIENTED_EDGE('',*,*,#1016,.F.);
#567=ORIENTED_EDGE('',*,*,#968,.F.);
#568=ORIENTED_EDGE('',*,*,#969,.T.);
#569=ORIENTED_EDGE('',*,*,#1016,.T.);
#570=ORIENTED_EDGE('',*,*,#865,.F.);
#571=ORIENTED_EDGE('',*,*,#1017,.F.);
#572=ORIENTED_EDGE('',*,*,#1017,.T.);
#573=ORIENTED_EDGE('',*,*,#864,.T.);
#574=ORIENTED_EDGE('',*,*,#1018,.F.);
#575=ORIENTED_EDGE('',*,*,#970,.F.);
#576=ORIENTED_EDGE('',*,*,#971,.T.);
#577=ORIENTED_EDGE('',*,*,#1018,.T.);
#578=ORIENTED_EDGE('',*,*,#863,.F.);
#579=ORIENTED_EDGE('',*,*,#1019,.F.);
#580=ORIENTED_EDGE('',*,*,#972,.T.);
#581=ORIENTED_EDGE('',*,*,#1019,.T.);
#582=ORIENTED_EDGE('',*,*,#862,.F.);
#583=ORIENTED_EDGE('',*,*,#1012,.F.);
#584=ORIENTED_EDGE('',*,*,#957,.T.);
#585=ORIENTED_EDGE('',*,*,#1020,.T.);
#586=ORIENTED_EDGE('',*,*,#869,.F.);
#587=ORIENTED_EDGE('',*,*,#1021,.F.);
#588=ORIENTED_EDGE('',*,*,#1021,.T.);
#589=ORIENTED_EDGE('',*,*,#868,.T.);
#590=ORIENTED_EDGE('',*,*,#1022,.F.);
#591=ORIENTED_EDGE('',*,*,#958,.F.);
#592=ORIENTED_EDGE('',*,*,#959,.T.);
#593=ORIENTED_EDGE('',*,*,#1022,.T.);
#594=ORIENTED_EDGE('',*,*,#875,.F.);
#595=ORIENTED_EDGE('',*,*,#1023,.F.);
#596=ORIENTED_EDGE('',*,*,#1023,.T.);
#597=ORIENTED_EDGE('',*,*,#874,.T.);
#598=ORIENTED_EDGE('',*,*,#1024,.F.);
#599=ORIENTED_EDGE('',*,*,#960,.F.);
#600=ORIENTED_EDGE('',*,*,#1024,.T.);
#601=ORIENTED_EDGE('',*,*,#873,.T.);
#602=ORIENTED_EDGE('',*,*,#1025,.F.);
#603=ORIENTED_EDGE('',*,*,#961,.F.);
#604=ORIENTED_EDGE('',*,*,#1025,.T.);
#605=ORIENTED_EDGE('',*,*,#872,.T.);
#606=ORIENTED_EDGE('',*,*,#1026,.F.);
#607=ORIENTED_EDGE('',*,*,#962,.F.);
#608=ORIENTED_EDGE('',*,*,#1026,.T.);
#609=ORIENTED_EDGE('',*,*,#871,.T.);
#610=ORIENTED_EDGE('',*,*,#1027,.F.);
#611=ORIENTED_EDGE('',*,*,#963,.F.);
#612=ORIENTED_EDGE('',*,*,#1027,.T.);
#613=ORIENTED_EDGE('',*,*,#870,.T.);
#614=ORIENTED_EDGE('',*,*,#1020,.F.);
#615=ORIENTED_EDGE('',*,*,#964,.F.);
#616=ORIENTED_EDGE('',*,*,#949,.T.);
#617=ORIENTED_EDGE('',*,*,#1028,.T.);
#618=ORIENTED_EDGE('',*,*,#877,.F.);
#619=ORIENTED_EDGE('',*,*,#1029,.F.);
#620=ORIENTED_EDGE('',*,*,#1029,.T.);
#621=ORIENTED_EDGE('',*,*,#876,.T.);
#622=ORIENTED_EDGE('',*,*,#1030,.F.);
#623=ORIENTED_EDGE('',*,*,#950,.F.);
#624=ORIENTED_EDGE('',*,*,#1030,.T.);
#625=ORIENTED_EDGE('',*,*,#883,.T.);
#626=ORIENTED_EDGE('',*,*,#1031,.F.);
#627=ORIENTED_EDGE('',*,*,#951,.F.);
#628=ORIENTED_EDGE('',*,*,#1031,.T.);
#629=ORIENTED_EDGE('',*,*,#882,.T.);
#630=ORIENTED_EDGE('',*,*,#1032,.F.);
#631=ORIENTED_EDGE('',*,*,#952,.F.);
#632=ORIENTED_EDGE('',*,*,#1032,.T.);
#633=ORIENTED_EDGE('',*,*,#881,.T.);
#634=ORIENTED_EDGE('',*,*,#1033,.F.);
#635=ORIENTED_EDGE('',*,*,#953,.F.);
#636=ORIENTED_EDGE('',*,*,#1033,.T.);
#637=ORIENTED_EDGE('',*,*,#880,.T.);
#638=ORIENTED_EDGE('',*,*,#1034,.F.);
#639=ORIENTED_EDGE('',*,*,#954,.F.);
#640=ORIENTED_EDGE('',*,*,#955,.T.);
#641=ORIENTED_EDGE('',*,*,#1034,.T.);
#642=ORIENTED_EDGE('',*,*,#879,.F.);
#643=ORIENTED_EDGE('',*,*,#1035,.F.);
#644=ORIENTED_EDGE('',*,*,#1035,.T.);
#645=ORIENTED_EDGE('',*,*,#878,.T.);
#646=ORIENTED_EDGE('',*,*,#1028,.F.);
#647=ORIENTED_EDGE('',*,*,#956,.F.);
#648=ORIENTED_EDGE('',*,*,#941,.T.);
#649=ORIENTED_EDGE('',*,*,#1036,.T.);
#650=ORIENTED_EDGE('',*,*,#885,.F.);
#651=ORIENTED_EDGE('',*,*,#1037,.F.);
#652=ORIENTED_EDGE('',*,*,#942,.T.);
#653=ORIENTED_EDGE('',*,*,#1037,.T.);
#654=ORIENTED_EDGE('',*,*,#884,.F.);
#655=ORIENTED_EDGE('',*,*,#1038,.F.);
#656=ORIENTED_EDGE('',*,*,#943,.T.);
#657=ORIENTED_EDGE('',*,*,#1038,.T.);
#658=ORIENTED_EDGE('',*,*,#891,.F.);
#659=ORIENTED_EDGE('',*,*,#1039,.F.);
#660=ORIENTED_EDGE('',*,*,#1039,.T.);
#661=ORIENTED_EDGE('',*,*,#890,.T.);
#662=ORIENTED_EDGE('',*,*,#1040,.F.);
#663=ORIENTED_EDGE('',*,*,#944,.F.);
#664=ORIENTED_EDGE('',*,*,#945,.T.);
#665=ORIENTED_EDGE('',*,*,#1040,.T.);
#666=ORIENTED_EDGE('',*,*,#889,.F.);
#667=ORIENTED_EDGE('',*,*,#1041,.F.);
#668=ORIENTED_EDGE('',*,*,#1041,.T.);
#669=ORIENTED_EDGE('',*,*,#888,.T.);
#670=ORIENTED_EDGE('',*,*,#1042,.F.);
#671=ORIENTED_EDGE('',*,*,#946,.F.);
#672=ORIENTED_EDGE('',*,*,#947,.T.);
#673=ORIENTED_EDGE('',*,*,#1042,.T.);
#674=ORIENTED_EDGE('',*,*,#887,.F.);
#675=ORIENTED_EDGE('',*,*,#1043,.F.);
#676=ORIENTED_EDGE('',*,*,#948,.T.);
#677=ORIENTED_EDGE('',*,*,#1043,.T.);
#678=ORIENTED_EDGE('',*,*,#886,.F.);
#679=ORIENTED_EDGE('',*,*,#1036,.F.);
#680=ORIENTED_EDGE('',*,*,#1044,.T.);
#681=ORIENTED_EDGE('',*,*,#892,.T.);
#682=ORIENTED_EDGE('',*,*,#1045,.F.);
#683=ORIENTED_EDGE('',*,*,#993,.F.);
#684=ORIENTED_EDGE('',*,*,#1045,.T.);
#685=ORIENTED_EDGE('',*,*,#899,.T.);
#686=ORIENTED_EDGE('',*,*,#1046,.F.);
#687=ORIENTED_EDGE('',*,*,#994,.F.);
#688=ORIENTED_EDGE('',*,*,#995,.T.);
#689=ORIENTED_EDGE('',*,*,#1046,.T.);
#690=ORIENTED_EDGE('',*,*,#898,.F.);
#691=ORIENTED_EDGE('',*,*,#1047,.F.);
#692=ORIENTED_EDGE('',*,*,#1047,.T.);
#693=ORIENTED_EDGE('',*,*,#897,.T.);
#694=ORIENTED_EDGE('',*,*,#1048,.F.);
#695=ORIENTED_EDGE('',*,*,#996,.F.);
#696=ORIENTED_EDGE('',*,*,#997,.T.);
#697=ORIENTED_EDGE('',*,*,#1048,.T.);
#698=ORIENTED_EDGE('',*,*,#896,.F.);
#699=ORIENTED_EDGE('',*,*,#1049,.F.);
#700=ORIENTED_EDGE('',*,*,#1049,.T.);
#701=ORIENTED_EDGE('',*,*,#895,.T.);
#702=ORIENTED_EDGE('',*,*,#1050,.F.);
#703=ORIENTED_EDGE('',*,*,#998,.F.);
#704=ORIENTED_EDGE('',*,*,#1050,.T.);
#705=ORIENTED_EDGE('',*,*,#894,.T.);
#706=ORIENTED_EDGE('',*,*,#1051,.F.);
#707=ORIENTED_EDGE('',*,*,#999,.F.);
#708=ORIENTED_EDGE('',*,*,#1051,.T.);
#709=ORIENTED_EDGE('',*,*,#893,.T.);
#710=ORIENTED_EDGE('',*,*,#1044,.F.);
#711=ORIENTED_EDGE('',*,*,#992,.F.);
#712=ORIENTED_EDGE('',*,*,#933,.T.);
#713=ORIENTED_EDGE('',*,*,#1052,.T.);
#714=ORIENTED_EDGE('',*,*,#841,.F.);
#715=ORIENTED_EDGE('',*,*,#1053,.F.);
#716=ORIENTED_EDGE('',*,*,#1053,.T.);
#717=ORIENTED_EDGE('',*,*,#840,.T.);
#718=ORIENTED_EDGE('',*,*,#1054,.F.);
#719=ORIENTED_EDGE('',*,*,#934,.F.);
#720=ORIENTED_EDGE('',*,*,#935,.T.);
#721=ORIENTED_EDGE('',*,*,#1054,.T.);
#722=ORIENTED_EDGE('',*,*,#847,.F.);
#723=ORIENTED_EDGE('',*,*,#1055,.F.);
#724=ORIENTED_EDGE('',*,*,#1055,.T.);
#725=ORIENTED_EDGE('',*,*,#846,.T.);
#726=ORIENTED_EDGE('',*,*,#1056,.F.);
#727=ORIENTED_EDGE('',*,*,#936,.F.);
#728=ORIENTED_EDGE('',*,*,#1056,.T.);
#729=ORIENTED_EDGE('',*,*,#845,.T.);
#730=ORIENTED_EDGE('',*,*,#1057,.F.);
#731=ORIENTED_EDGE('',*,*,#937,.F.);
#732=ORIENTED_EDGE('',*,*,#1057,.T.);
#733=ORIENTED_EDGE('',*,*,#844,.T.);
#734=ORIENTED_EDGE('',*,*,#1058,.F.);
#735=ORIENTED_EDGE('',*,*,#938,.F.);
#736=ORIENTED_EDGE('',*,*,#1058,.T.);
#737=ORIENTED_EDGE('',*,*,#843,.T.);
#738=ORIENTED_EDGE('',*,*,#1059,.F.);
#739=ORIENTED_EDGE('',*,*,#939,.F.);
#740=ORIENTED_EDGE('',*,*,#1059,.T.);
#741=ORIENTED_EDGE('',*,*,#842,.T.);
#742=ORIENTED_EDGE('',*,*,#1052,.F.);
#743=ORIENTED_EDGE('',*,*,#940,.F.);
#744=ORIENTED_EDGE('',*,*,#925,.T.);
#745=ORIENTED_EDGE('',*,*,#1060,.T.);
#746=ORIENTED_EDGE('',*,*,#833,.F.);
#747=ORIENTED_EDGE('',*,*,#1061,.F.);
#748=ORIENTED_EDGE('',*,*,#926,.T.);
#749=ORIENTED_EDGE('',*,*,#1061,.T.);
#750=ORIENTED_EDGE('',*,*,#832,.F.);
#751=ORIENTED_EDGE('',*,*,#1062,.F.);
#752=ORIENTED_EDGE('',*,*,#1062,.T.);
#753=ORIENTED_EDGE('',*,*,#839,.T.);
#754=ORIENTED_EDGE('',*,*,#1063,.F.);
#755=ORIENTED_EDGE('',*,*,#927,.F.);
#756=ORIENTED_EDGE('',*,*,#928,.T.);
#757=ORIENTED_EDGE('',*,*,#1063,.T.);
#758=ORIENTED_EDGE('',*,*,#838,.F.);
#759=ORIENTED_EDGE('',*,*,#1064,.F.);
#760=ORIENTED_EDGE('',*,*,#1064,.T.);
#761=ORIENTED_EDGE('',*,*,#837,.T.);
#762=ORIENTED_EDGE('',*,*,#1065,.F.);
#763=ORIENTED_EDGE('',*,*,#929,.F.);
#764=ORIENTED_EDGE('',*,*,#930,.T.);
#765=ORIENTED_EDGE('',*,*,#1065,.T.);
#766=ORIENTED_EDGE('',*,*,#836,.F.);
#767=ORIENTED_EDGE('',*,*,#1066,.F.);
#768=ORIENTED_EDGE('',*,*,#931,.T.);
#769=ORIENTED_EDGE('',*,*,#1066,.T.);
#770=ORIENTED_EDGE('',*,*,#835,.F.);
#771=ORIENTED_EDGE('',*,*,#1067,.F.);
#772=ORIENTED_EDGE('',*,*,#932,.T.);
#773=ORIENTED_EDGE('',*,*,#1067,.T.);
#774=ORIENTED_EDGE('',*,*,#834,.F.);
#775=ORIENTED_EDGE('',*,*,#1060,.F.);
#776=ORIENTED_EDGE('',*,*,#985,.F.);
#777=ORIENTED_EDGE('',*,*,#1068,.T.);
#778=ORIENTED_EDGE('',*,*,#903,.T.);
#779=ORIENTED_EDGE('',*,*,#1069,.T.);
#780=ORIENTED_EDGE('',*,*,#910,.T.);
#781=ORIENTED_EDGE('',*,*,#1070,.T.);
#782=ORIENTED_EDGE('',*,*,#989,.F.);
#783=ORIENTED_EDGE('',*,*,#1071,.T.);
#784=ORIENTED_EDGE('',*,*,#984,.F.);
#785=ORIENTED_EDGE('',*,*,#923,.F.);
#786=ORIENTED_EDGE('',*,*,#904,.F.);
#787=ORIENTED_EDGE('',*,*,#1068,.F.);
#788=ORIENTED_EDGE('',*,*,#986,.F.);
#789=ORIENTED_EDGE('',*,*,#1069,.F.);
#790=ORIENTED_EDGE('',*,*,#902,.F.);
#791=ORIENTED_EDGE('',*,*,#1000,.F.);
#792=ORIENTED_EDGE('',*,*,#990,.F.);
#793=ORIENTED_EDGE('',*,*,#1070,.F.);
#794=ORIENTED_EDGE('',*,*,#909,.F.);
#795=ORIENTED_EDGE('',*,*,#915,.F.);
#796=ORIENTED_EDGE('',*,*,#988,.F.);
#797=ORIENTED_EDGE('',*,*,#917,.F.);
#798=ORIENTED_EDGE('',*,*,#911,.F.);
#799=ORIENTED_EDGE('',*,*,#1071,.F.);
#800=ORIENTED_EDGE('',*,*,#906,.T.);
#801=ORIENTED_EDGE('',*,*,#1072,.F.);
#802=ORIENTED_EDGE('',*,*,#1073,.F.);
#803=ORIENTED_EDGE('',*,*,#1074,.T.);
#804=ORIENTED_EDGE('',*,*,#905,.T.);
#805=ORIENTED_EDGE('',*,*,#922,.F.);
#806=ORIENTED_EDGE('',*,*,#1075,.F.);
#807=ORIENTED_EDGE('',*,*,#1072,.T.);
#808=ORIENTED_EDGE('',*,*,#907,.F.);
#809=ORIENTED_EDGE('',*,*,#1074,.F.);
#810=ORIENTED_EDGE('',*,*,#1076,.T.);
#811=ORIENTED_EDGE('',*,*,#920,.T.);
#812=ORIENTED_EDGE('',*,*,#1073,.T.);
#813=ORIENTED_EDGE('',*,*,#1075,.T.);
#814=ORIENTED_EDGE('',*,*,#921,.T.);
#815=ORIENTED_EDGE('',*,*,#1076,.F.);
#816=ORIENTED_EDGE('',*,*,#901,.F.);
#817=ORIENTED_EDGE('',*,*,#1077,.F.);
#818=ORIENTED_EDGE('',*,*,#1078,.T.);
#819=ORIENTED_EDGE('',*,*,#1001,.T.);
#820=ORIENTED_EDGE('',*,*,#900,.F.);
#821=ORIENTED_EDGE('',*,*,#1079,.F.);
#822=ORIENTED_EDGE('',*,*,#1080,.T.);
#823=ORIENTED_EDGE('',*,*,#1077,.T.);
#824=ORIENTED_EDGE('',*,*,#913,.T.);
#825=ORIENTED_EDGE('',*,*,#1003,.F.);
#826=ORIENTED_EDGE('',*,*,#1081,.F.);
#827=ORIENTED_EDGE('',*,*,#1079,.T.);
#828=ORIENTED_EDGE('',*,*,#1078,.F.);
#829=ORIENTED_EDGE('',*,*,#1080,.F.);
#830=ORIENTED_EDGE('',*,*,#1081,.T.);
#831=ORIENTED_EDGE('',*,*,#1002,.T.);
#832=EDGE_CURVE('',#1082,#1083,#1250,.T.);
#833=EDGE_CURVE('',#1083,#1084,#72,.T.);
#834=EDGE_CURVE('',#1084,#1085,#1251,.T.);
#835=EDGE_CURVE('',#1085,#1086,#1252,.T.);
#836=EDGE_CURVE('',#1086,#1087,#1253,.T.);
#837=EDGE_CURVE('',#1088,#1087,#73,.T.);
#838=EDGE_CURVE('',#1088,#1089,#1254,.T.);
#839=EDGE_CURVE('',#1082,#1089,#1255,.T.);
#840=EDGE_CURVE('',#1090,#1091,#1256,.T.);
#841=EDGE_CURVE('',#1090,#1092,#74,.T.);
#842=EDGE_CURVE('',#1093,#1092,#1257,.T.);
#843=EDGE_CURVE('',#1094,#1093,#1258,.T.);
#844=EDGE_CURVE('',#1095,#1094,#1259,.T.);
#845=EDGE_CURVE('',#1096,#1095,#75,.T.);
#846=EDGE_CURVE('',#1097,#1096,#1260,.T.);
#847=EDGE_CURVE('',#1097,#1091,#1261,.T.);
#848=EDGE_CURVE('',#1098,#1098,#1262,.T.);
#849=EDGE_CURVE('',#1099,#1099,#1263,.T.);
#850=EDGE_CURVE('',#1100,#1100,#1264,.T.);
#851=EDGE_CURVE('',#1101,#1101,#1265,.T.);
#852=EDGE_CURVE('',#1102,#1103,#76,.T.);
#853=EDGE_CURVE('',#1103,#1104,#1266,.T.);
#854=EDGE_CURVE('',#1104,#1105,#1267,.T.);
#855=EDGE_CURVE('',#1105,#1106,#1268,.T.);
#856=EDGE_CURVE('',#1107,#1106,#77,.T.);
#857=EDGE_CURVE('',#1107,#1108,#1269,.T.);
#858=EDGE_CURVE('',#1109,#1108,#1270,.T.);
#859=EDGE_CURVE('',#1109,#1102,#1271,.T.);
#860=EDGE_CURVE('',#1110,#1111,#1272,.T.);
#861=EDGE_CURVE('',#1111,#1112,#1273,.T.);
#862=EDGE_CURVE('',#1112,#1113,#78,.T.);
#863=EDGE_CURVE('',#1113,#1114,#1274,.T.);
#864=EDGE_CURVE('',#1115,#1114,#1275,.T.);
#865=EDGE_CURVE('',#1115,#1116,#1276,.T.);
#866=EDGE_CURVE('',#1117,#1116,#79,.T.);
#867=EDGE_CURVE('',#1117,#1110,#1277,.T.);
#868=EDGE_CURVE('',#1118,#1119,#1278,.T.);
#869=EDGE_CURVE('',#1118,#1120,#1279,.T.);
#870=EDGE_CURVE('',#1121,#1120,#1280,.T.);
#871=EDGE_CURVE('',#1122,#1121,#80,.T.);
#872=EDGE_CURVE('',#1123,#1122,#1281,.T.);
#873=EDGE_CURVE('',#1124,#1123,#1282,.T.);
#874=EDGE_CURVE('',#1125,#1124,#1283,.T.);
#875=EDGE_CURVE('',#1125,#1119,#81,.T.);
#876=EDGE_CURVE('',#1126,#1127,#1284,.T.);
#877=EDGE_CURVE('',#1126,#1128,#1285,.T.);
#878=EDGE_CURVE('',#1129,#1128,#1286,.T.);
#879=EDGE_CURVE('',#1129,#1130,#82,.T.);
#880=EDGE_CURVE('',#1131,#1130,#1287,.T.);
#881=EDGE_CURVE('',#1132,#1131,#1288,.T.);
#882=EDGE_CURVE('',#1133,#1132,#1289,.T.);
#883=EDGE_CURVE('',#1127,#1133,#83,.T.);
#884=EDGE_CURVE('',#1134,#1135,#1290,.T.);
#885=EDGE_CURVE('',#1135,#1136,#1291,.T.);
#886=EDGE_CURVE('',#1136,#1137,#84,.T.);
#887=EDGE_CURVE('',#1137,#1138,#1292,.T.);
#888=EDGE_CURVE('',#1139,#1138,#1293,.T.);
#889=EDGE_CURVE('',#1139,#1140,#1294,.T.);
#890=EDGE_CURVE('',#1141,#1140,#85,.T.);
#891=EDGE_CURVE('',#1141,#1134,#1295,.T.);
#892=EDGE_CURVE('',#1142,#1143,#86,.T.);
#893=EDGE_CURVE('',#1144,#1142,#1296,.T.);
#894=EDGE_CURVE('',#1145,#1144,#1297,.T.);
#895=EDGE_CURVE('',#1146,#1145,#1298,.T.);
#896=EDGE_CURVE('',#1146,#1147,#87,.T.);
#897=EDGE_CURVE('',#1148,#1147,#1299,.T.);
#898=EDGE_CURVE('',#1148,#1149,#1300,.T.);
#899=EDGE_CURVE('',#1143,#1149,#1301,.T.);
#900=EDGE_CURVE('',#1150,#1151,#1302,.T.);
#901=EDGE_CURVE('',#1151,#1152,#88,.T.);
#902=EDGE_CURVE('',#1152,#1153,#1303,.T.);
#903=EDGE_CURVE('',#1154,#1153,#89,.T.);
#904=EDGE_CURVE('',#1154,#1155,#1304,.T.);
#905=EDGE_CURVE('',#1156,#1155,#90,.T.);
#906=EDGE_CURVE('',#1157,#1156,#1305,.T.);
#907=EDGE_CURVE('',#1157,#1158,#91,.T.);
#908=EDGE_CURVE('',#1159,#1158,#92,.T.);
#909=EDGE_CURVE('',#1159,#1160,#1306,.T.);
#910=EDGE_CURVE('',#1161,#1160,#93,.T.);
#911=EDGE_CURVE('',#1161,#1162,#1307,.T.);
#912=EDGE_CURVE('',#1162,#1163,#94,.T.);
#913=EDGE_CURVE('',#1150,#1163,#95,.T.);
#914=EDGE_CURVE('',#1164,#1165,#96,.T.);
#915=EDGE_CURVE('',#1164,#1159,#97,.T.);
#916=EDGE_CURVE('',#1158,#1165,#98,.T.);
#917=EDGE_CURVE('',#1162,#1166,#99,.F.);
#918=EDGE_CURVE('',#1166,#1167,#100,.T.);
#919=EDGE_CURVE('',#1163,#1167,#101,.T.);
#920=EDGE_CURVE('',#1168,#1158,#102,.T.);
#921=EDGE_CURVE('',#1169,#1168,#1308,.T.);
#922=EDGE_CURVE('',#1169,#1155,#103,.T.);
#923=EDGE_CURVE('',#1155,#1170,#104,.T.);
#924=EDGE_CURVE('',#1170,#1165,#1309,.T.);
#925=EDGE_CURVE('',#1171,#1172,#105,.T.);
#926=EDGE_CURVE('',#1173,#1171,#1310,.F.);
#927=EDGE_CURVE('',#1173,#1174,#1311,.F.);
#928=EDGE_CURVE('',#1175,#1174,#1312,.F.);
#929=EDGE_CURVE('',#1175,#1176,#106,.T.);
#930=EDGE_CURVE('',#1177,#1176,#1313,.F.);
#931=EDGE_CURVE('',#1178,#1177,#1314,.F.);
#932=EDGE_CURVE('',#1172,#1178,#1315,.F.);
#933=EDGE_CURVE('',#1179,#1180,#107,.T.);
#934=EDGE_CURVE('',#1179,#1181,#1316,.T.);
#935=EDGE_CURVE('',#1182,#1181,#1317,.T.);
#936=EDGE_CURVE('',#1182,#1183,#1318,.T.);
#937=EDGE_CURVE('',#1183,#1184,#108,.T.);
#938=EDGE_CURVE('',#1184,#1185,#1319,.T.);
#939=EDGE_CURVE('',#1185,#1186,#1320,.T.);
#940=EDGE_CURVE('',#1186,#1180,#1321,.T.);
#941=EDGE_CURVE('',#1187,#1188,#1322,.F.);
#942=EDGE_CURVE('',#1189,#1187,#1323,.F.);
#943=EDGE_CURVE('',#1190,#1189,#1324,.F.);
#944=EDGE_CURVE('',#1190,#1191,#109,.T.);
#945=EDGE_CURVE('',#1192,#1191,#1325,.F.);
#946=EDGE_CURVE('',#1192,#1193,#1326,.F.);
#947=EDGE_CURVE('',#1194,#1193,#1327,.F.);
#948=EDGE_CURVE('',#1188,#1194,#110,.T.);
#949=EDGE_CURVE('',#1195,#1196,#1328,.T.);
#950=EDGE_CURVE('',#1195,#1197,#1329,.T.);
#951=EDGE_CURVE('',#1197,#1198,#111,.T.);
#952=EDGE_CURVE('',#1198,#1199,#1330,.T.);
#953=EDGE_CURVE('',#1199,#1200,#1331,.T.);
#954=EDGE_CURVE('',#1200,#1201,#1332,.T.);
#955=EDGE_CURVE('',#1202,#1201,#112,.T.);
#956=EDGE_CURVE('',#1202,#1196,#1333,.T.);
#957=EDGE_CURVE('',#1203,#1204,#1334,.T.);
#958=EDGE_CURVE('',#1203,#1205,#1335,.T.);
#959=EDGE_CURVE('',#1206,#1205,#113,.T.);
#960=EDGE_CURVE('',#1206,#1207,#1336,.T.);
#961=EDGE_CURVE('',#1207,#1208,#1337,.T.);
#962=EDGE_CURVE('',#1208,#1209,#1338,.T.);
#963=EDGE_CURVE('',#1209,#1210,#114,.T.);
#964=EDGE_CURVE('',#1210,#1204,#1339,.T.);
#965=EDGE_CURVE('',#1211,#1212,#1340,.F.);
#966=EDGE_CURVE('',#1213,#1211,#1341,.F.);
#967=EDGE_CURVE('',#1214,#1213,#1342,.F.);
#968=EDGE_CURVE('',#1214,#1215,#115,.T.);
#969=EDGE_CURVE('',#1216,#1215,#1343,.F.);
#970=EDGE_CURVE('',#1216,#1217,#1344,.F.);
#971=EDGE_CURVE('',#1218,#1217,#1345,.F.);
#972=EDGE_CURVE('',#1212,#1218,#116,.T.);
#973=EDGE_CURVE('',#1219,#1220,#1346,.F.);
#974=EDGE_CURVE('',#1221,#1219,#117,.T.);
#975=EDGE_CURVE('',#1222,#1221,#1347,.F.);
#976=EDGE_CURVE('',#1222,#1223,#1348,.F.);
#977=EDGE_CURVE('',#1224,#1223,#1349,.F.);
#978=EDGE_CURVE('',#1224,#1225,#118,.T.);
#979=EDGE_CURVE('',#1226,#1225,#1350,.F.);
#980=EDGE_CURVE('',#1220,#1226,#1351,.F.);
#981=EDGE_CURVE('',#1227,#1227,#1352,.T.);
#982=EDGE_CURVE('',#1228,#1228,#1353,.T.);
#983=EDGE_CURVE('',#1229,#1229,#1354,.T.);
#984=EDGE_CURVE('',#1170,#1230,#1355,.F.);
#985=EDGE_CURVE('',#1230,#1231,#119,.T.);
#986=EDGE_CURVE('',#1231,#1232,#1356,.F.);
#987=EDGE_CURVE('',#1167,#1232,#1357,.T.);
#988=EDGE_CURVE('',#1166,#1233,#1358,.F.);
#989=EDGE_CURVE('',#1233,#1234,#120,.T.);
#990=EDGE_CURVE('',#1234,#1164,#1359,.F.);
#991=EDGE_CURVE('',#1235,#1235,#1360,.T.);
#992=EDGE_CURVE('',#1236,#1237,#1361,.T.);
#993=EDGE_CURVE('',#1237,#1238,#121,.T.);
#994=EDGE_CURVE('',#1238,#1239,#1362,.T.);
#995=EDGE_CURVE('',#1240,#1239,#1363,.T.);
#996=EDGE_CURVE('',#1240,#1241,#1364,.T.);
#997=EDGE_CURVE('',#1242,#1241,#122,.T.);
#998=EDGE_CURVE('',#1242,#1243,#1365,.T.);
#999=EDGE_CURVE('',#1243,#1236,#1366,.T.);
#1000=EDGE_CURVE('',#1232,#1152,#123,.F.);
#1001=EDGE_CURVE('',#1244,#1152,#124,.T.);
#1002=EDGE_CURVE('',#1245,#1244,#1367,.T.);
#1003=EDGE_CURVE('',#1245,#1163,#125,.T.);
#1004=EDGE_CURVE('',#1220,#1104,#126,.T.);
#1005=EDGE_CURVE('',#1219,#1103,#127,.T.);
#1006=EDGE_CURVE('',#1221,#1102,#128,.T.);
#1007=EDGE_CURVE('',#1222,#1109,#129,.T.);
#1008=EDGE_CURVE('',#1223,#1108,#130,.T.);
#1009=EDGE_CURVE('',#1224,#1107,#131,.T.);
#1010=EDGE_CURVE('',#1225,#1106,#132,.T.);
#1011=EDGE_CURVE('',#1226,#1105,#133,.T.);
#1012=EDGE_CURVE('',#1212,#1112,#134,.T.);
#1013=EDGE_CURVE('',#1211,#1111,#135,.T.);
#1014=EDGE_CURVE('',#1213,#1110,#136,.T.);
#1015=EDGE_CURVE('',#1214,#1117,#137,.T.);
#1016=EDGE_CURVE('',#1215,#1116,#138,.T.);
#1017=EDGE_CURVE('',#1216,#1115,#139,.T.);
#1018=EDGE_CURVE('',#1217,#1114,#140,.T.);
#1019=EDGE_CURVE('',#1218,#1113,#141,.T.);
#1020=EDGE_CURVE('',#1204,#1120,#142,.T.);
#1021=EDGE_CURVE('',#1203,#1118,#143,.T.);
#1022=EDGE_CURVE('',#1205,#1119,#144,.T.);
#1023=EDGE_CURVE('',#1206,#1125,#145,.T.);
#1024=EDGE_CURVE('',#1207,#1124,#146,.T.);
#1025=EDGE_CURVE('',#1208,#1123,#147,.T.);
#1026=EDGE_CURVE('',#1209,#1122,#148,.T.);
#1027=EDGE_CURVE('',#1210,#1121,#149,.T.);
#1028=EDGE_CURVE('',#1196,#1128,#150,.T.);
#1029=EDGE_CURVE('',#1195,#1126,#151,.T.);
#1030=EDGE_CURVE('',#1197,#1127,#152,.T.);
#1031=EDGE_CURVE('',#1198,#1133,#153,.T.);
#1032=EDGE_CURVE('',#1199,#1132,#154,.T.);
#1033=EDGE_CURVE('',#1200,#1131,#155,.T.);
#1034=EDGE_CURVE('',#1201,#1130,#156,.T.);
#1035=EDGE_CURVE('',#1202,#1129,#157,.T.);
#1036=EDGE_CURVE('',#1188,#1136,#158,.T.);
#1037=EDGE_CURVE('',#1187,#1135,#159,.T.);
#1038=EDGE_CURVE('',#1189,#1134,#160,.T.);
#1039=EDGE_CURVE('',#1190,#1141,#161,.T.);
#1040=EDGE_CURVE('',#1191,#1140,#162,.T.);
#1041=EDGE_CURVE('',#1192,#1139,#163,.T.);
#1042=EDGE_CURVE('',#1193,#1138,#164,.T.);
#1043=EDGE_CURVE('',#1194,#1137,#165,.T.);
#1044=EDGE_CURVE('',#1237,#1142,#166,.T.);
#1045=EDGE_CURVE('',#1238,#1143,#167,.T.);
#1046=EDGE_CURVE('',#1239,#1149,#168,.T.);
#1047=EDGE_CURVE('',#1240,#1148,#169,.T.);
#1048=EDGE_CURVE('',#1241,#1147,#170,.T.);
#1049=EDGE_CURVE('',#1242,#1146,#171,.T.);
#1050=EDGE_CURVE('',#1243,#1145,#172,.T.);
#1051=EDGE_CURVE('',#1236,#1144,#173,.T.);
#1052=EDGE_CURVE('',#1180,#1092,#174,.T.);
#1053=EDGE_CURVE('',#1179,#1090,#175,.T.);
#1054=EDGE_CURVE('',#1181,#1091,#176,.T.);
#1055=EDGE_CURVE('',#1182,#1097,#177,.T.);
#1056=EDGE_CURVE('',#1183,#1096,#178,.T.);
#1057=EDGE_CURVE('',#1184,#1095,#179,.T.);
#1058=EDGE_CURVE('',#1185,#1094,#180,.T.);
#1059=EDGE_CURVE('',#1186,#1093,#181,.T.);
#1060=EDGE_CURVE('',#1172,#1084,#182,.T.);
#1061=EDGE_CURVE('',#1171,#1083,#183,.T.);
#1062=EDGE_CURVE('',#1173,#1082,#184,.T.);
#1063=EDGE_CURVE('',#1174,#1089,#185,.T.);
#1064=EDGE_CURVE('',#1175,#1088,#186,.T.);
#1065=EDGE_CURVE('',#1176,#1087,#187,.T.);
#1066=EDGE_CURVE('',#1177,#1086,#188,.T.);
#1067=EDGE_CURVE('',#1178,#1085,#189,.T.);
#1068=EDGE_CURVE('',#1230,#1154,#190,.F.);
#1069=EDGE_CURVE('',#1153,#1231,#191,.T.);
#1070=EDGE_CURVE('',#1160,#1234,#192,.F.);
#1071=EDGE_CURVE('',#1233,#1161,#193,.T.);
#1072=EDGE_CURVE('',#1246,#1156,#194,.T.);
#1073=EDGE_CURVE('',#1247,#1246,#1368,.T.);
#1074=EDGE_CURVE('',#1247,#1157,#195,.T.);
#1075=EDGE_CURVE('',#1246,#1169,#196,.T.);
#1076=EDGE_CURVE('',#1247,#1168,#197,.T.);
#1077=EDGE_CURVE('',#1248,#1151,#198,.T.);
#1078=EDGE_CURVE('',#1248,#1244,#199,.T.);
#1079=EDGE_CURVE('',#1249,#1150,#200,.T.);
#1080=EDGE_CURVE('',#1249,#1248,#1369,.T.);
#1081=EDGE_CURVE('',#1249,#1245,#201,.T.);
#1082=VERTEX_POINT('',#2490);
#1083=VERTEX_POINT('',#2491);
#1084=VERTEX_POINT('',#2493);
#1085=VERTEX_POINT('',#2495);
#1086=VERTEX_POINT('',#2497);
#1087=VERTEX_POINT('',#2499);
#1088=VERTEX_POINT('',#2501);
#1089=VERTEX_POINT('',#2503);
#1090=VERTEX_POINT('',#2506);
#1091=VERTEX_POINT('',#2507);
#1092=VERTEX_POINT('',#2509);
#1093=VERTEX_POINT('',#2511);
#1094=VERTEX_POINT('',#2513);
#1095=VERTEX_POINT('',#2515);
#1096=VERTEX_POINT('',#2517);
#1097=VERTEX_POINT('',#2519);
#1098=VERTEX_POINT('',#2522);
#1099=VERTEX_POINT('',#2524);
#1100=VERTEX_POINT('',#2526);
#1101=VERTEX_POINT('',#2528);
#1102=VERTEX_POINT('',#2530);
#1103=VERTEX_POINT('',#2531);
#1104=VERTEX_POINT('',#2533);
#1105=VERTEX_POINT('',#2535);
#1106=VERTEX_POINT('',#2537);
#1107=VERTEX_POINT('',#2539);
#1108=VERTEX_POINT('',#2541);
#1109=VERTEX_POINT('',#2543);
#1110=VERTEX_POINT('',#2546);
#1111=VERTEX_POINT('',#2547);
#1112=VERTEX_POINT('',#2549);
#1113=VERTEX_POINT('',#2551);
#1114=VERTEX_POINT('',#2553);
#1115=VERTEX_POINT('',#2555);
#1116=VERTEX_POINT('',#2557);
#1117=VERTEX_POINT('',#2559);
#1118=VERTEX_POINT('',#2562);
#1119=VERTEX_POINT('',#2563);
#1120=VERTEX_POINT('',#2565);
#1121=VERTEX_POINT('',#2567);
#1122=VERTEX_POINT('',#2569);
#1123=VERTEX_POINT('',#2571);
#1124=VERTEX_POINT('',#2573);
#1125=VERTEX_POINT('',#2575);
#1126=VERTEX_POINT('',#2578);
#1127=VERTEX_POINT('',#2579);
#1128=VERTEX_POINT('',#2581);
#1129=VERTEX_POINT('',#2583);
#1130=VERTEX_POINT('',#2585);
#1131=VERTEX_POINT('',#2587);
#1132=VERTEX_POINT('',#2589);
#1133=VERTEX_POINT('',#2591);
#1134=VERTEX_POINT('',#2594);
#1135=VERTEX_POINT('',#2595);
#1136=VERTEX_POINT('',#2597);
#1137=VERTEX_POINT('',#2599);
#1138=VERTEX_POINT('',#2601);
#1139=VERTEX_POINT('',#2603);
#1140=VERTEX_POINT('',#2605);
#1141=VERTEX_POINT('',#2607);
#1142=VERTEX_POINT('',#2610);
#1143=VERTEX_POINT('',#2611);
#1144=VERTEX_POINT('',#2613);
#1145=VERTEX_POINT('',#2615);
#1146=VERTEX_POINT('',#2617);
#1147=VERTEX_POINT('',#2619);
#1148=VERTEX_POINT('',#2621);
#1149=VERTEX_POINT('',#2623);
#1150=VERTEX_POINT('',#2626);
#1151=VERTEX_POINT('',#2627);
#1152=VERTEX_POINT('',#2629);
#1153=VERTEX_POINT('',#2631);
#1154=VERTEX_POINT('',#2633);
#1155=VERTEX_POINT('',#2635);
#1156=VERTEX_POINT('',#2637);
#1157=VERTEX_POINT('',#2639);
#1158=VERTEX_POINT('',#2641);
#1159=VERTEX_POINT('',#2643);
#1160=VERTEX_POINT('',#2645);
#1161=VERTEX_POINT('',#2647);
#1162=VERTEX_POINT('',#2649);
#1163=VERTEX_POINT('',#2651);
#1164=VERTEX_POINT('',#2655);
#1165=VERTEX_POINT('',#2656);
#1166=VERTEX_POINT('',#2661);
#1167=VERTEX_POINT('',#2663);
#1168=VERTEX_POINT('',#2667);
#1169=VERTEX_POINT('',#2669);
#1170=VERTEX_POINT('',#2672);
#1171=VERTEX_POINT('',#2676);
#1172=VERTEX_POINT('',#2677);
#1173=VERTEX_POINT('',#2679);
#1174=VERTEX_POINT('',#2681);
#1175=VERTEX_POINT('',#2683);
#1176=VERTEX_POINT('',#2685);
#1177=VERTEX_POINT('',#2687);
#1178=VERTEX_POINT('',#2689);
#1179=VERTEX_POINT('',#2692);
#1180=VERTEX_POINT('',#2693);
#1181=VERTEX_POINT('',#2695);
#1182=VERTEX_POINT('',#2697);
#1183=VERTEX_POINT('',#2699);
#1184=VERTEX_POINT('',#2701);
#1185=VERTEX_POINT('',#2703);
#1186=VERTEX_POINT('',#2705);
#1187=VERTEX_POINT('',#2708);
#1188=VERTEX_POINT('',#2709);
#1189=VERTEX_POINT('',#2711);
#1190=VERTEX_POINT('',#2713);
#1191=VERTEX_POINT('',#2715);
#1192=VERTEX_POINT('',#2717);
#1193=VERTEX_POINT('',#2719);
#1194=VERTEX_POINT('',#2721);
#1195=VERTEX_POINT('',#2724);
#1196=VERTEX_POINT('',#2725);
#1197=VERTEX_POINT('',#2727);
#1198=VERTEX_POINT('',#2729);
#1199=VERTEX_POINT('',#2731);
#1200=VERTEX_POINT('',#2733);
#1201=VERTEX_POINT('',#2735);
#1202=VERTEX_POINT('',#2737);
#1203=VERTEX_POINT('',#2740);
#1204=VERTEX_POINT('',#2741);
#1205=VERTEX_POINT('',#2743);
#1206=VERTEX_POINT('',#2745);
#1207=VERTEX_POINT('',#2747);
#1208=VERTEX_POINT('',#2749);
#1209=VERTEX_POINT('',#2751);
#1210=VERTEX_POINT('',#2753);
#1211=VERTEX_POINT('',#2756);
#1212=VERTEX_POINT('',#2757);
#1213=VERTEX_POINT('',#2759);
#1214=VERTEX_POINT('',#2761);
#1215=VERTEX_POINT('',#2763);
#1216=VERTEX_POINT('',#2765);
#1217=VERTEX_POINT('',#2767);
#1218=VERTEX_POINT('',#2769);
#1219=VERTEX_POINT('',#2772);
#1220=VERTEX_POINT('',#2773);
#1221=VERTEX_POINT('',#2775);
#1222=VERTEX_POINT('',#2777);
#1223=VERTEX_POINT('',#2779);
#1224=VERTEX_POINT('',#2781);
#1225=VERTEX_POINT('',#2783);
#1226=VERTEX_POINT('',#2785);
#1227=VERTEX_POINT('',#2788);
#1228=VERTEX_POINT('',#2790);
#1229=VERTEX_POINT('',#2792);
#1230=VERTEX_POINT('',#2794);
#1231=VERTEX_POINT('',#2796);
#1232=VERTEX_POINT('',#2798);
#1233=VERTEX_POINT('',#2801);
#1234=VERTEX_POINT('',#2803);
#1235=VERTEX_POINT('',#2806);
#1236=VERTEX_POINT('',#2808);
#1237=VERTEX_POINT('',#2809);
#1238=VERTEX_POINT('',#2811);
#1239=VERTEX_POINT('',#2813);
#1240=VERTEX_POINT('',#2815);
#1241=VERTEX_POINT('',#2817);
#1242=VERTEX_POINT('',#2819);
#1243=VERTEX_POINT('',#2821);
#1244=VERTEX_POINT('',#2826);
#1245=VERTEX_POINT('',#2828);
#1246=VERTEX_POINT('',#2974);
#1247=VERTEX_POINT('',#2976);
#1248=VERTEX_POINT('',#2985);
#1249=VERTEX_POINT('',#2989);
#1250=CIRCLE('',#1732,0.003);
#1251=CIRCLE('',#1733,0.003);
#1252=CIRCLE('',#1734,0.0559121651361799);
#1253=CIRCLE('',#1735,0.003);
#1254=CIRCLE('',#1736,0.003);
#1255=CIRCLE('',#1737,0.0459121651361799);
#1256=CIRCLE('',#1738,0.003);
#1257=CIRCLE('',#1739,0.003);
#1258=CIRCLE('',#1740,0.0559121651361799);
#1259=CIRCLE('',#1741,0.003);
#1260=CIRCLE('',#1742,0.003);
#1261=CIRCLE('',#1743,0.0459121651361799);
#1262=CIRCLE('',#1744,0.0067);
#1263=CIRCLE('',#1745,0.00230000000000026);
#1264=CIRCLE('',#1746,0.00229999999999995);
#1265=CIRCLE('',#1747,0.0023);
#1266=CIRCLE('',#1748,0.003);
#1267=CIRCLE('',#1749,0.0559121651361799);
#1268=CIRCLE('',#1750,0.003);
#1269=CIRCLE('',#1751,0.003);
#1270=CIRCLE('',#1752,0.0459121651361799);
#1271=CIRCLE('',#1753,0.003);
#1272=CIRCLE('',#1754,0.0309121651361799);
#1273=CIRCLE('',#1755,0.003);
#1274=CIRCLE('',#1756,0.003);
#1275=CIRCLE('',#1757,0.0209121651361799);
#1276=CIRCLE('',#1758,0.003);
#1277=CIRCLE('',#1759,0.003);
#1278=CIRCLE('',#1760,0.003);
#1279=CIRCLE('',#1761,0.0209121651361799);
#1280=CIRCLE('',#1762,0.003);
#1281=CIRCLE('',#1763,0.003);
#1282=CIRCLE('',#1764,0.0309121651361799);
#1283=CIRCLE('',#1765,0.003);
#1284=CIRCLE('',#1766,0.003);
#1285=CIRCLE('',#1767,0.0459121651361799);
#1286=CIRCLE('',#1768,0.003);
#1287=CIRCLE('',#1769,0.003);
#1288=CIRCLE('',#1770,0.0559121651361799);
#1289=CIRCLE('',#1771,0.003);
#1290=CIRCLE('',#1772,0.0309121651361799);
#1291=CIRCLE('',#1773,0.003);
#1292=CIRCLE('',#1774,0.003);
#1293=CIRCLE('',#1775,0.0209121651361798);
#1294=CIRCLE('',#1776,0.003);
#1295=CIRCLE('',#1777,0.003);
#1296=CIRCLE('',#1778,0.003);
#1297=CIRCLE('',#1779,0.0309121651361799);
#1298=CIRCLE('',#1780,0.003);
#1299=CIRCLE('',#1781,0.003);
#1300=CIRCLE('',#1782,0.0209121651361798);
#1301=CIRCLE('',#1783,0.003);
#1302=CIRCLE('',#1784,0.06);
#1303=CIRCLE('',#1785,0.02);
#1304=CIRCLE('',#1786,0.02);
#1305=CIRCLE('',#1787,0.06);
#1306=CIRCLE('',#1788,0.02);
#1307=CIRCLE('',#1789,0.02);
#1308=CIRCLE('',#1793,0.065);
#1309=CIRCLE('',#1794,0.065);
#1310=CIRCLE('',#1796,0.003);
#1311=CIRCLE('',#1797,0.0459121651361799);
#1312=CIRCLE('',#1798,0.003);
#1313=CIRCLE('',#1799,0.003);
#1314=CIRCLE('',#1800,0.0559121651361799);
#1315=CIRCLE('',#1801,0.003);
#1316=CIRCLE('',#1802,0.003);
#1317=CIRCLE('',#1803,0.0459121651361799);
#1318=CIRCLE('',#1804,0.003);
#1319=CIRCLE('',#1805,0.003);
#1320=CIRCLE('',#1806,0.0559121651361799);
#1321=CIRCLE('',#1807,0.003);
#1322=CIRCLE('',#1808,0.003);
#1323=CIRCLE('',#1809,0.0309121651361799);
#1324=CIRCLE('',#1810,0.003);
#1325=CIRCLE('',#1811,0.003);
#1326=CIRCLE('',#1812,0.0209121651361798);
#1327=CIRCLE('',#1813,0.003);
#1328=CIRCLE('',#1814,0.0459121651361799);
#1329=CIRCLE('',#1815,0.003);
#1330=CIRCLE('',#1816,0.003);
#1331=CIRCLE('',#1817,0.0559121651361799);
#1332=CIRCLE('',#1818,0.003);
#1333=CIRCLE('',#1819,0.003);
#1334=CIRCLE('',#1820,0.0209121651361799);
#1335=CIRCLE('',#1821,0.003);
#1336=CIRCLE('',#1822,0.003);
#1337=CIRCLE('',#1823,0.0309121651361799);
#1338=CIRCLE('',#1824,0.003);
#1339=CIRCLE('',#1825,0.003);
#1340=CIRCLE('',#1826,0.003);
#1341=CIRCLE('',#1827,0.0309121651361799);
#1342=CIRCLE('',#1828,0.003);
#1343=CIRCLE('',#1829,0.003);
#1344=CIRCLE('',#1830,0.0209121651361799);
#1345=CIRCLE('',#1831,0.003);
#1346=CIRCLE('',#1832,0.003);
#1347=CIRCLE('',#1833,0.003);
#1348=CIRCLE('',#1834,0.0459121651361799);
#1349=CIRCLE('',#1835,0.003);
#1350=CIRCLE('',#1836,0.003);
#1351=CIRCLE('',#1837,0.0559121651361799);
#1352=CIRCLE('',#1838,0.0023);
#1353=CIRCLE('',#1839,0.00229999999999995);
#1354=CIRCLE('',#1840,0.00230000000000026);
#1355=CIRCLE('',#1841,0.02);
#1356=CIRCLE('',#1842,0.02);
#1357=CIRCLE('',#1843,0.065);
#1358=CIRCLE('',#1844,0.02);
#1359=CIRCLE('',#1845,0.02);
#1360=CIRCLE('',#1846,0.0067);
#1361=CIRCLE('',#1847,0.003);
#1362=CIRCLE('',#1848,0.003);
#1363=CIRCLE('',#1849,0.0209121651361798);
#1364=CIRCLE('',#1850,0.003);
#1365=CIRCLE('',#1851,0.003);
#1366=CIRCLE('',#1852,0.0309121651361799);
#1367=CIRCLE('',#1854,0.065);
#1368=CIRCLE('',#1930,0.06);
#1369=CIRCLE('',#1936,0.06);
#1370=EDGE_LOOP('',(#332,#333,#334,#335,#336,#337,#338,#339));
#1371=EDGE_LOOP('',(#340,#341,#342,#343,#344,#345,#346,#347));
#1372=EDGE_LOOP('',(#348));
#1373=EDGE_LOOP('',(#349));
#1374=EDGE_LOOP('',(#350));
#1375=EDGE_LOOP('',(#351));
#1376=EDGE_LOOP('',(#352,#353,#354,#355,#356,#357,#358,#359));
#1377=EDGE_LOOP('',(#360,#361,#362,#363,#364,#365,#366,#367));
#1378=EDGE_LOOP('',(#368,#369,#370,#371,#372,#373,#374,#375));
#1379=EDGE_LOOP('',(#376,#377,#378,#379,#380,#381,#382,#383));
#1380=EDGE_LOOP('',(#384,#385,#386,#387,#388,#389,#390,#391));
#1381=EDGE_LOOP('',(#392,#393,#394,#395,#396,#397,#398,#399));
#1382=EDGE_LOOP('',(#400,#401,#402,#403,#404,#405,#406,#407,#408,#409,#410,
#411,#412,#413));
#1383=EDGE_LOOP('',(#414,#415,#416,#417));
#1384=EDGE_LOOP('',(#418,#419,#420,#421));
#1385=EDGE_LOOP('',(#422,#423,#424,#425,#426,#427));
#1386=EDGE_LOOP('',(#428,#429,#430,#431,#432,#433,#434,#435));
#1387=EDGE_LOOP('',(#436,#437,#438,#439,#440,#441,#442,#443));
#1388=EDGE_LOOP('',(#444,#445,#446,#447,#448,#449,#450,#451));
#1389=EDGE_LOOP('',(#452,#453,#454,#455,#456,#457,#458,#459));
#1390=EDGE_LOOP('',(#460,#461,#462,#463,#464,#465,#466,#467));
#1391=EDGE_LOOP('',(#468,#469,#470,#471,#472,#473,#474,#475));
#1392=EDGE_LOOP('',(#476,#477,#478,#479,#480,#481,#482,#483));
#1393=EDGE_LOOP('',(#484));
#1394=EDGE_LOOP('',(#485));
#1395=EDGE_LOOP('',(#486));
#1396=EDGE_LOOP('',(#487,#488,#489,#490,#491,#492,#493,#494,#495,#496));
#1397=EDGE_LOOP('',(#497));
#1398=EDGE_LOOP('',(#498,#499,#500,#501,#502,#503,#504,#505));
#1399=EDGE_LOOP('',(#506,#507,#508,#509,#510,#511));
#1400=EDGE_LOOP('',(#512));
#1401=EDGE_LOOP('',(#513));
#1402=EDGE_LOOP('',(#514));
#1403=EDGE_LOOP('',(#515));
#1404=EDGE_LOOP('',(#516));
#1405=EDGE_LOOP('',(#517));
#1406=EDGE_LOOP('',(#518));
#1407=EDGE_LOOP('',(#519));
#1408=EDGE_LOOP('',(#520,#521,#522,#523));
#1409=EDGE_LOOP('',(#524,#525,#526,#527));
#1410=EDGE_LOOP('',(#528,#529,#530,#531));
#1411=EDGE_LOOP('',(#532,#533,#534,#535));
#1412=EDGE_LOOP('',(#536,#537,#538,#539));
#1413=EDGE_LOOP('',(#540,#541,#542,#543));
#1414=EDGE_LOOP('',(#544,#545,#546,#547));
#1415=EDGE_LOOP('',(#548,#549,#550,#551));
#1416=EDGE_LOOP('',(#552,#553,#554,#555));
#1417=EDGE_LOOP('',(#556,#557,#558,#559));
#1418=EDGE_LOOP('',(#560,#561,#562,#563));
#1419=EDGE_LOOP('',(#564,#565,#566,#567));
#1420=EDGE_LOOP('',(#568,#569,#570,#571));
#1421=EDGE_LOOP('',(#572,#573,#574,#575));
#1422=EDGE_LOOP('',(#576,#577,#578,#579));
#1423=EDGE_LOOP('',(#580,#581,#582,#583));
#1424=EDGE_LOOP('',(#584,#585,#586,#587));
#1425=EDGE_LOOP('',(#588,#589,#590,#591));
#1426=EDGE_LOOP('',(#592,#593,#594,#595));
#1427=EDGE_LOOP('',(#596,#597,#598,#599));
#1428=EDGE_LOOP('',(#600,#601,#602,#603));
#1429=EDGE_LOOP('',(#604,#605,#606,#607));
#1430=EDGE_LOOP('',(#608,#609,#610,#611));
#1431=EDGE_LOOP('',(#612,#613,#614,#615));
#1432=EDGE_LOOP('',(#616,#617,#618,#619));
#1433=EDGE_LOOP('',(#620,#621,#622,#623));
#1434=EDGE_LOOP('',(#624,#625,#626,#627));
#1435=EDGE_LOOP('',(#628,#629,#630,#631));
#1436=EDGE_LOOP('',(#632,#633,#634,#635));
#1437=EDGE_LOOP('',(#636,#637,#638,#639));
#1438=EDGE_LOOP('',(#640,#641,#642,#643));
#1439=EDGE_LOOP('',(#644,#645,#646,#647));
#1440=EDGE_LOOP('',(#648,#649,#650,#651));
#1441=EDGE_LOOP('',(#652,#653,#654,#655));
#1442=EDGE_LOOP('',(#656,#657,#658,#659));
#1443=EDGE_LOOP('',(#660,#661,#662,#663));
#1444=EDGE_LOOP('',(#664,#665,#666,#667));
#1445=EDGE_LOOP('',(#668,#669,#670,#671));
#1446=EDGE_LOOP('',(#672,#673,#674,#675));
#1447=EDGE_LOOP('',(#676,#677,#678,#679));
#1448=EDGE_LOOP('',(#680,#681,#682,#683));
#1449=EDGE_LOOP('',(#684,#685,#686,#687));
#1450=EDGE_LOOP('',(#688,#689,#690,#691));
#1451=EDGE_LOOP('',(#692,#693,#694,#695));
#1452=EDGE_LOOP('',(#696,#697,#698,#699));
#1453=EDGE_LOOP('',(#700,#701,#702,#703));
#1454=EDGE_LOOP('',(#704,#705,#706,#707));
#1455=EDGE_LOOP('',(#708,#709,#710,#711));
#1456=EDGE_LOOP('',(#712,#713,#714,#715));
#1457=EDGE_LOOP('',(#716,#717,#718,#719));
#1458=EDGE_LOOP('',(#720,#721,#722,#723));
#1459=EDGE_LOOP('',(#724,#725,#726,#727));
#1460=EDGE_LOOP('',(#728,#729,#730,#731));
#1461=EDGE_LOOP('',(#732,#733,#734,#735));
#1462=EDGE_LOOP('',(#736,#737,#738,#739));
#1463=EDGE_LOOP('',(#740,#741,#742,#743));
#1464=EDGE_LOOP('',(#744,#745,#746,#747));
#1465=EDGE_LOOP('',(#748,#749,#750,#751));
#1466=EDGE_LOOP('',(#752,#753,#754,#755));
#1467=EDGE_LOOP('',(#756,#757,#758,#759));
#1468=EDGE_LOOP('',(#760,#761,#762,#763));
#1469=EDGE_LOOP('',(#764,#765,#766,#767));
#1470=EDGE_LOOP('',(#768,#769,#770,#771));
#1471=EDGE_LOOP('',(#772,#773,#774,#775));
#1472=EDGE_LOOP('',(#776,#777,#778,#779));
#1473=EDGE_LOOP('',(#780,#781,#782,#783));
#1474=EDGE_LOOP('',(#784,#785,#786,#787));
#1475=EDGE_LOOP('',(#788,#789,#790,#791));
#1476=EDGE_LOOP('',(#792,#793,#794,#795));
#1477=EDGE_LOOP('',(#796,#797,#798,#799));
#1478=EDGE_LOOP('',(#800,#801,#802,#803));
#1479=EDGE_LOOP('',(#804,#805,#806,#807));
#1480=EDGE_LOOP('',(#808,#809,#810,#811));
#1481=EDGE_LOOP('',(#812,#813,#814,#815));
#1482=EDGE_LOOP('',(#816,#817,#818,#819));
#1483=EDGE_LOOP('',(#820,#821,#822,#823));
#1484=EDGE_LOOP('',(#824,#825,#826,#827));
#1485=EDGE_LOOP('',(#828,#829,#830,#831));
#1486=FACE_BOUND('',#1370,.T.);
#1487=FACE_BOUND('',#1371,.T.);
#1488=FACE_BOUND('',#1372,.T.);
#1489=FACE_BOUND('',#1373,.T.);
#1490=FACE_BOUND('',#1374,.T.);
#1491=FACE_BOUND('',#1375,.T.);
#1492=FACE_BOUND('',#1376,.T.);
#1493=FACE_BOUND('',#1377,.T.);
#1494=FACE_BOUND('',#1378,.T.);
#1495=FACE_BOUND('',#1379,.T.);
#1496=FACE_BOUND('',#1380,.T.);
#1497=FACE_BOUND('',#1381,.T.);
#1498=FACE_BOUND('',#1382,.T.);
#1499=FACE_BOUND('',#1383,.T.);
#1500=FACE_BOUND('',#1384,.T.);
#1501=FACE_BOUND('',#1385,.T.);
#1502=FACE_BOUND('',#1386,.T.);
#1503=FACE_BOUND('',#1387,.T.);
#1504=FACE_BOUND('',#1388,.T.);
#1505=FACE_BOUND('',#1389,.T.);
#1506=FACE_BOUND('',#1390,.T.);
#1507=FACE_BOUND('',#1391,.T.);
#1508=FACE_BOUND('',#1392,.T.);
#1509=FACE_BOUND('',#1393,.T.);
#1510=FACE_BOUND('',#1394,.T.);
#1511=FACE_BOUND('',#1395,.T.);
#1512=FACE_BOUND('',#1396,.T.);
#1513=FACE_BOUND('',#1397,.T.);
#1514=FACE_BOUND('',#1398,.T.);
#1515=FACE_BOUND('',#1399,.T.);
#1516=FACE_BOUND('',#1400,.T.);
#1517=FACE_BOUND('',#1401,.T.);
#1518=FACE_BOUND('',#1402,.T.);
#1519=FACE_BOUND('',#1403,.T.);
#1520=FACE_BOUND('',#1404,.T.);
#1521=FACE_BOUND('',#1405,.T.);
#1522=FACE_BOUND('',#1406,.T.);
#1523=FACE_BOUND('',#1407,.T.);
#1524=FACE_BOUND('',#1408,.T.);
#1525=FACE_BOUND('',#1409,.T.);
#1526=FACE_BOUND('',#1410,.T.);
#1527=FACE_BOUND('',#1411,.T.);
#1528=FACE_BOUND('',#1412,.T.);
#1529=FACE_BOUND('',#1413,.T.);
#1530=FACE_BOUND('',#1414,.T.);
#1531=FACE_BOUND('',#1415,.T.);
#1532=FACE_BOUND('',#1416,.T.);
#1533=FACE_BOUND('',#1417,.T.);
#1534=FACE_BOUND('',#1418,.T.);
#1535=FACE_BOUND('',#1419,.T.);
#1536=FACE_BOUND('',#1420,.T.);
#1537=FACE_BOUND('',#1421,.T.);
#1538=FACE_BOUND('',#1422,.T.);
#1539=FACE_BOUND('',#1423,.T.);
#1540=FACE_BOUND('',#1424,.T.);
#1541=FACE_BOUND('',#1425,.T.);
#1542=FACE_BOUND('',#1426,.T.);
#1543=FACE_BOUND('',#1427,.T.);
#1544=FACE_BOUND('',#1428,.T.);
#1545=FACE_BOUND('',#1429,.T.);
#1546=FACE_BOUND('',#1430,.T.);
#1547=FACE_BOUND('',#1431,.T.);
#1548=FACE_BOUND('',#1432,.T.);
#1549=FACE_BOUND('',#1433,.T.);
#1550=FACE_BOUND('',#1434,.T.);
#1551=FACE_BOUND('',#1435,.T.);
#1552=FACE_BOUND('',#1436,.T.);
#1553=FACE_BOUND('',#1437,.T.);
#1554=FACE_BOUND('',#1438,.T.);
#1555=FACE_BOUND('',#1439,.T.);
#1556=FACE_BOUND('',#1440,.T.);
#1557=FACE_BOUND('',#1441,.T.);
#1558=FACE_BOUND('',#1442,.T.);
#1559=FACE_BOUND('',#1443,.T.);
#1560=FACE_BOUND('',#1444,.T.);
#1561=FACE_BOUND('',#1445,.T.);
#1562=FACE_BOUND('',#1446,.T.);
#1563=FACE_BOUND('',#1447,.T.);
#1564=FACE_BOUND('',#1448,.T.);
#1565=FACE_BOUND('',#1449,.T.);
#1566=FACE_BOUND('',#1450,.T.);
#1567=FACE_BOUND('',#1451,.T.);
#1568=FACE_BOUND('',#1452,.T.);
#1569=FACE_BOUND('',#1453,.T.);
#1570=FACE_BOUND('',#1454,.T.);
#1571=FACE_BOUND('',#1455,.T.);
#1572=FACE_BOUND('',#1456,.T.);
#1573=FACE_BOUND('',#1457,.T.);
#1574=FACE_BOUND('',#1458,.T.);
#1575=FACE_BOUND('',#1459,.T.);
#1576=FACE_BOUND('',#1460,.T.);
#1577=FACE_BOUND('',#1461,.T.);
#1578=FACE_BOUND('',#1462,.T.);
#1579=FACE_BOUND('',#1463,.T.);
#1580=FACE_BOUND('',#1464,.T.);
#1581=FACE_BOUND('',#1465,.T.);
#1582=FACE_BOUND('',#1466,.T.);
#1583=FACE_BOUND('',#1467,.T.);
#1584=FACE_BOUND('',#1468,.T.);
#1585=FACE_BOUND('',#1469,.T.);
#1586=FACE_BOUND('',#1470,.T.);
#1587=FACE_BOUND('',#1471,.T.);
#1588=FACE_BOUND('',#1472,.T.);
#1589=FACE_BOUND('',#1473,.T.);
#1590=FACE_BOUND('',#1474,.T.);
#1591=FACE_BOUND('',#1475,.T.);
#1592=FACE_BOUND('',#1476,.T.);
#1593=FACE_BOUND('',#1477,.T.);
#1594=FACE_BOUND('',#1478,.T.);
#1595=FACE_BOUND('',#1479,.T.);
#1596=FACE_BOUND('',#1480,.T.);
#1597=FACE_BOUND('',#1481,.T.);
#1598=FACE_BOUND('',#1482,.T.);
#1599=FACE_BOUND('',#1483,.T.);
#1600=FACE_BOUND('',#1484,.T.);
#1601=FACE_BOUND('',#1485,.T.);
#1602=PLANE('',#1731);
#1603=PLANE('',#1790);
#1604=PLANE('',#1791);
#1605=PLANE('',#1795);
#1606=PLANE('',#1860);
#1607=PLANE('',#1864);
#1608=PLANE('',#1870);
#1609=PLANE('',#1874);
#1610=PLANE('',#1877);
#1611=PLANE('',#1881);
#1612=PLANE('',#1885);
#1613=PLANE('',#1889);
#1614=PLANE('',#1894);
#1615=PLANE('',#1898);
#1616=PLANE('',#1899);
#1617=PLANE('',#1903);
#1618=PLANE('',#1907);
#1619=PLANE('',#1911);
#1620=PLANE('',#1915);
#1621=PLANE('',#1919);
#1622=PLANE('',#1923);
#1623=PLANE('',#1924);
#1624=PLANE('',#1931);
#1625=PLANE('',#1932);
#1626=PLANE('',#1933);
#1627=PLANE('',#1934);
#1628=PLANE('',#1937);
#1629=PLANE('',#1938);
#1630=ADVANCED_FACE('',(#1486,#1487,#1488,#1489,#1490,#1491,#1492,#1493,
#1494,#1495,#1496,#1497,#1498),#1602,.T.);
#1631=ADVANCED_FACE('',(#1499),#1603,.T.);
#1632=ADVANCED_FACE('',(#1500),#1604,.F.);
#1633=ADVANCED_FACE('',(#1501),#12,.T.);
#1634=ADVANCED_FACE('',(#1502,#1503,#1504,#1505,#1506,#1507,#1508,#1509,
#1510,#1511,#1512,#1513,#1514),#1605,.F.);
#1635=ADVANCED_FACE('',(#1515),#13,.T.);
#1636=ADVANCED_FACE('',(#1516,#1517),#14,.F.);
#1637=ADVANCED_FACE('',(#1518,#1519),#15,.F.);
#1638=ADVANCED_FACE('',(#1520,#1521),#16,.F.);
#1639=ADVANCED_FACE('',(#1522,#1523),#17,.F.);
#1640=ADVANCED_FACE('',(#1524),#18,.F.);
#1641=ADVANCED_FACE('',(#1525),#1606,.T.);
#1642=ADVANCED_FACE('',(#1526),#19,.F.);
#1643=ADVANCED_FACE('',(#1527),#20,.T.);
#1644=ADVANCED_FACE('',(#1528),#21,.F.);
#1645=ADVANCED_FACE('',(#1529),#1607,.F.);
#1646=ADVANCED_FACE('',(#1530),#22,.F.);
#1647=ADVANCED_FACE('',(#1531),#23,.F.);
#1648=ADVANCED_FACE('',(#1532),#24,.F.);
#1649=ADVANCED_FACE('',(#1533),#25,.F.);
#1650=ADVANCED_FACE('',(#1534),#26,.F.);
#1651=ADVANCED_FACE('',(#1535),#1608,.F.);
#1652=ADVANCED_FACE('',(#1536),#27,.F.);
#1653=ADVANCED_FACE('',(#1537),#28,.T.);
#1654=ADVANCED_FACE('',(#1538),#29,.F.);
#1655=ADVANCED_FACE('',(#1539),#1609,.T.);
#1656=ADVANCED_FACE('',(#1540),#30,.T.);
#1657=ADVANCED_FACE('',(#1541),#31,.F.);
#1658=ADVANCED_FACE('',(#1542),#1610,.T.);
#1659=ADVANCED_FACE('',(#1543),#32,.F.);
#1660=ADVANCED_FACE('',(#1544),#33,.F.);
#1661=ADVANCED_FACE('',(#1545),#34,.F.);
#1662=ADVANCED_FACE('',(#1546),#1611,.F.);
#1663=ADVANCED_FACE('',(#1547),#35,.F.);
#1664=ADVANCED_FACE('',(#1548),#36,.T.);
#1665=ADVANCED_FACE('',(#1549),#37,.F.);
#1666=ADVANCED_FACE('',(#1550),#1612,.F.);
#1667=ADVANCED_FACE('',(#1551),#38,.F.);
#1668=ADVANCED_FACE('',(#1552),#39,.F.);
#1669=ADVANCED_FACE('',(#1553),#40,.F.);
#1670=ADVANCED_FACE('',(#1554),#1613,.T.);
#1671=ADVANCED_FACE('',(#1555),#41,.F.);
#1672=ADVANCED_FACE('',(#1556),#42,.F.);
#1673=ADVANCED_FACE('',(#1557),#43,.F.);
#1674=ADVANCED_FACE('',(#1558),#44,.F.);
#1675=ADVANCED_FACE('',(#1559),#1614,.F.);
#1676=ADVANCED_FACE('',(#1560),#45,.F.);
#1677=ADVANCED_FACE('',(#1561),#46,.T.);
#1678=ADVANCED_FACE('',(#1562),#47,.F.);
#1679=ADVANCED_FACE('',(#1563),#1615,.T.);
#1680=ADVANCED_FACE('',(#1564),#1616,.F.);
#1681=ADVANCED_FACE('',(#1565),#48,.F.);
#1682=ADVANCED_FACE('',(#1566),#49,.T.);
#1683=ADVANCED_FACE('',(#1567),#50,.F.);
#1684=ADVANCED_FACE('',(#1568),#1617,.T.);
#1685=ADVANCED_FACE('',(#1569),#51,.F.);
#1686=ADVANCED_FACE('',(#1570),#52,.F.);
#1687=ADVANCED_FACE('',(#1571),#53,.F.);
#1688=ADVANCED_FACE('',(#1572),#1618,.T.);
#1689=ADVANCED_FACE('',(#1573),#54,.F.);
#1690=ADVANCED_FACE('',(#1574),#55,.T.);
#1691=ADVANCED_FACE('',(#1575),#56,.F.);
#1692=ADVANCED_FACE('',(#1576),#1619,.F.);
#1693=ADVANCED_FACE('',(#1577),#57,.F.);
#1694=ADVANCED_FACE('',(#1578),#58,.F.);
#1695=ADVANCED_FACE('',(#1579),#59,.F.);
#1696=ADVANCED_FACE('',(#1580),#1620,.T.);
#1697=ADVANCED_FACE('',(#1581),#60,.F.);
#1698=ADVANCED_FACE('',(#1582),#61,.T.);
#1699=ADVANCED_FACE('',(#1583),#62,.F.);
#1700=ADVANCED_FACE('',(#1584),#1621,.F.);
#1701=ADVANCED_FACE('',(#1585),#63,.F.);
#1702=ADVANCED_FACE('',(#1586),#64,.F.);
#1703=ADVANCED_FACE('',(#1587),#65,.F.);
#1704=ADVANCED_FACE('',(#1588),#1622,.F.);
#1705=ADVANCED_FACE('',(#1589),#1623,.F.);
#1706=ADVANCED_FACE('',(#1590),#66,.T.);
#1707=ADVANCED_FACE('',(#1591),#67,.T.);
#1708=ADVANCED_FACE('',(#1592),#68,.T.);
#1709=ADVANCED_FACE('',(#1593),#69,.T.);
#1710=ADVANCED_FACE('',(#1594),#70,.F.);
#1711=ADVANCED_FACE('',(#1595),#1624,.F.);
#1712=ADVANCED_FACE('',(#1596),#1625,.T.);
#1713=ADVANCED_FACE('',(#1597),#1626,.T.);
#1714=ADVANCED_FACE('',(#1598),#1627,.T.);
#1715=ADVANCED_FACE('',(#1599),#71,.F.);
#1716=ADVANCED_FACE('',(#1600),#1628,.F.);
#1717=ADVANCED_FACE('',(#1601),#1629,.T.);
#1718=CLOSED_SHELL('',(#1630,#1631,#1632,#1633,#1634,#1635,#1636,#1637,
#1638,#1639,#1640,#1641,#1642,#1643,#1644,#1645,#1646,#1647,#1648,#1649,
#1650,#1651,#1652,#1653,#1654,#1655,#1656,#1657,#1658,#1659,#1660,#1661,
#1662,#1663,#1664,#1665,#1666,#1667,#1668,#1669,#1670,#1671,#1672,#1673,
#1674,#1675,#1676,#1677,#1678,#1679,#1680,#1681,#1682,#1683,#1684,#1685,
#1686,#1687,#1688,#1689,#1690,#1691,#1692,#1693,#1694,#1695,#1696,#1697,
#1698,#1699,#1700,#1701,#1702,#1703,#1704,#1705,#1706,#1707,#1708,#1709,
#1710,#1711,#1712,#1713,#1714,#1715,#1716,#1717));
#1719=STYLED_ITEM('',(#1720),#1727);
#1720=PRESENTATION_STYLE_ASSIGNMENT((#1721));
#1721=SURFACE_STYLE_USAGE(.BOTH.,#1722);
#1722=SURFACE_SIDE_STYLE('',(#1723));
#1723=SURFACE_STYLE_FILL_AREA(#1724);
#1724=FILL_AREA_STYLE('',(#1725));
#1725=FILL_AREA_STYLE_COLOUR('',#1726);
#1726=COLOUR_RGB('',0.498039215686275,0.498039215686275,0.498039215686275);
#1727=MANIFOLD_SOLID_BREP('Part 37',#1718);
#1728=SHAPE_DEFINITION_REPRESENTATION(#3000,#1729);
#1729=SHAPE_REPRESENTATION('Part 37',(#1730),#2995);
#1730=AXIS2_PLACEMENT_3D('',#2487,#1939,#1940);
#1731=AXIS2_PLACEMENT_3D('',#2488,#1941,#1942);
#1732=AXIS2_PLACEMENT_3D('',#2489,#1943,#1944);
#1733=AXIS2_PLACEMENT_3D('',#2494,#1946,#1947);
#1734=AXIS2_PLACEMENT_3D('',#2496,#1948,#1949);
#1735=AXIS2_PLACEMENT_3D('',#2498,#1950,#1951);
#1736=AXIS2_PLACEMENT_3D('',#2502,#1953,#1954);
#1737=AXIS2_PLACEMENT_3D('',#2504,#1955,#1956);
#1738=AXIS2_PLACEMENT_3D('',#2505,#1957,#1958);
#1739=AXIS2_PLACEMENT_3D('',#2510,#1960,#1961);
#1740=AXIS2_PLACEMENT_3D('',#2512,#1962,#1963);
#1741=AXIS2_PLACEMENT_3D('',#2514,#1964,#1965);
#1742=AXIS2_PLACEMENT_3D('',#2518,#1967,#1968);
#1743=AXIS2_PLACEMENT_3D('',#2520,#1969,#1970);
#1744=AXIS2_PLACEMENT_3D('',#2521,#1971,#1972);
#1745=AXIS2_PLACEMENT_3D('',#2523,#1973,#1974);
#1746=AXIS2_PLACEMENT_3D('',#2525,#1975,#1976);
#1747=AXIS2_PLACEMENT_3D('',#2527,#1977,#1978);
#1748=AXIS2_PLACEMENT_3D('',#2532,#1980,#1981);
#1749=AXIS2_PLACEMENT_3D('',#2534,#1982,#1983);
#1750=AXIS2_PLACEMENT_3D('',#2536,#1984,#1985);
#1751=AXIS2_PLACEMENT_3D('',#2540,#1987,#1988);
#1752=AXIS2_PLACEMENT_3D('',#2542,#1989,#1990);
#1753=AXIS2_PLACEMENT_3D('',#2544,#1991,#1992);
#1754=AXIS2_PLACEMENT_3D('',#2545,#1993,#1994);
#1755=AXIS2_PLACEMENT_3D('',#2548,#1995,#1996);
#1756=AXIS2_PLACEMENT_3D('',#2552,#1998,#1999);
#1757=AXIS2_PLACEMENT_3D('',#2554,#2000,#2001);
#1758=AXIS2_PLACEMENT_3D('',#2556,#2002,#2003);
#1759=AXIS2_PLACEMENT_3D('',#2560,#2005,#2006);
#1760=AXIS2_PLACEMENT_3D('',#2561,#2007,#2008);
#1761=AXIS2_PLACEMENT_3D('',#2564,#2009,#2010);
#1762=AXIS2_PLACEMENT_3D('',#2566,#2011,#2012);
#1763=AXIS2_PLACEMENT_3D('',#2570,#2014,#2015);
#1764=AXIS2_PLACEMENT_3D('',#2572,#2016,#2017);
#1765=AXIS2_PLACEMENT_3D('',#2574,#2018,#2019);
#1766=AXIS2_PLACEMENT_3D('',#2577,#2021,#2022);
#1767=AXIS2_PLACEMENT_3D('',#2580,#2023,#2024);
#1768=AXIS2_PLACEMENT_3D('',#2582,#2025,#2026);
#1769=AXIS2_PLACEMENT_3D('',#2586,#2028,#2029);
#1770=AXIS2_PLACEMENT_3D('',#2588,#2030,#2031);
#1771=AXIS2_PLACEMENT_3D('',#2590,#2032,#2033);
#1772=AXIS2_PLACEMENT_3D('',#2593,#2035,#2036);
#1773=AXIS2_PLACEMENT_3D('',#2596,#2037,#2038);
#1774=AXIS2_PLACEMENT_3D('',#2600,#2040,#2041);
#1775=AXIS2_PLACEMENT_3D('',#2602,#2042,#2043);
#1776=AXIS2_PLACEMENT_3D('',#2604,#2044,#2045);
#1777=AXIS2_PLACEMENT_3D('',#2608,#2047,#2048);
#1778=AXIS2_PLACEMENT_3D('',#2612,#2050,#2051);
#1779=AXIS2_PLACEMENT_3D('',#2614,#2052,#2053);
#1780=AXIS2_PLACEMENT_3D('',#2616,#2054,#2055);
#1781=AXIS2_PLACEMENT_3D('',#2620,#2057,#2058);
#1782=AXIS2_PLACEMENT_3D('',#2622,#2059,#2060);
#1783=AXIS2_PLACEMENT_3D('',#2624,#2061,#2062);
#1784=AXIS2_PLACEMENT_3D('',#2625,#2063,#2064);
#1785=AXIS2_PLACEMENT_3D('',#2630,#2066,#2067);
#1786=AXIS2_PLACEMENT_3D('',#2634,#2069,#2070);
#1787=AXIS2_PLACEMENT_3D('',#2638,#2072,#2073);
#1788=AXIS2_PLACEMENT_3D('',#2644,#2076,#2077);
#1789=AXIS2_PLACEMENT_3D('',#2648,#2079,#2080);
#1790=AXIS2_PLACEMENT_3D('',#2653,#2083,#2084);
#1791=AXIS2_PLACEMENT_3D('',#2659,#2088,#2089);
#1792=AXIS2_PLACEMENT_3D('',#2665,#2093,#2094);
#1793=AXIS2_PLACEMENT_3D('',#2668,#2096,#2097);
#1794=AXIS2_PLACEMENT_3D('',#2673,#2100,#2101);
#1795=AXIS2_PLACEMENT_3D('',#2674,#2102,#2103);
#1796=AXIS2_PLACEMENT_3D('',#2678,#2105,#2106);
#1797=AXIS2_PLACEMENT_3D('',#2680,#2107,#2108);
#1798=AXIS2_PLACEMENT_3D('',#2682,#2109,#2110);
#1799=AXIS2_PLACEMENT_3D('',#2686,#2112,#2113);
#1800=AXIS2_PLACEMENT_3D('',#2688,#2114,#2115);
#1801=AXIS2_PLACEMENT_3D('',#2690,#2116,#2117);
#1802=AXIS2_PLACEMENT_3D('',#2694,#2119,#2120);
#1803=AXIS2_PLACEMENT_3D('',#2696,#2121,#2122);
#1804=AXIS2_PLACEMENT_3D('',#2698,#2123,#2124);
#1805=AXIS2_PLACEMENT_3D('',#2702,#2126,#2127);
#1806=AXIS2_PLACEMENT_3D('',#2704,#2128,#2129);
#1807=AXIS2_PLACEMENT_3D('',#2706,#2130,#2131);
#1808=AXIS2_PLACEMENT_3D('',#2707,#2132,#2133);
#1809=AXIS2_PLACEMENT_3D('',#2710,#2134,#2135);
#1810=AXIS2_PLACEMENT_3D('',#2712,#2136,#2137);
#1811=AXIS2_PLACEMENT_3D('',#2716,#2139,#2140);
#1812=AXIS2_PLACEMENT_3D('',#2718,#2141,#2142);
#1813=AXIS2_PLACEMENT_3D('',#2720,#2143,#2144);
#1814=AXIS2_PLACEMENT_3D('',#2723,#2146,#2147);
#1815=AXIS2_PLACEMENT_3D('',#2726,#2148,#2149);
#1816=AXIS2_PLACEMENT_3D('',#2730,#2151,#2152);
#1817=AXIS2_PLACEMENT_3D('',#2732,#2153,#2154);
#1818=AXIS2_PLACEMENT_3D('',#2734,#2155,#2156);
#1819=AXIS2_PLACEMENT_3D('',#2738,#2158,#2159);
#1820=AXIS2_PLACEMENT_3D('',#2739,#2160,#2161);
#1821=AXIS2_PLACEMENT_3D('',#2742,#2162,#2163);
#1822=AXIS2_PLACEMENT_3D('',#2746,#2165,#2166);
#1823=AXIS2_PLACEMENT_3D('',#2748,#2167,#2168);
#1824=AXIS2_PLACEMENT_3D('',#2750,#2169,#2170);
#1825=AXIS2_PLACEMENT_3D('',#2754,#2172,#2173);
#1826=AXIS2_PLACEMENT_3D('',#2755,#2174,#2175);
#1827=AXIS2_PLACEMENT_3D('',#2758,#2176,#2177);
#1828=AXIS2_PLACEMENT_3D('',#2760,#2178,#2179);
#1829=AXIS2_PLACEMENT_3D('',#2764,#2181,#2182);
#1830=AXIS2_PLACEMENT_3D('',#2766,#2183,#2184);
#1831=AXIS2_PLACEMENT_3D('',#2768,#2185,#2186);
#1832=AXIS2_PLACEMENT_3D('',#2771,#2188,#2189);
#1833=AXIS2_PLACEMENT_3D('',#2776,#2191,#2192);
#1834=AXIS2_PLACEMENT_3D('',#2778,#2193,#2194);
#1835=AXIS2_PLACEMENT_3D('',#2780,#2195,#2196);
#1836=AXIS2_PLACEMENT_3D('',#2784,#2198,#2199);
#1837=AXIS2_PLACEMENT_3D('',#2786,#2200,#2201);
#1838=AXIS2_PLACEMENT_3D('',#2787,#2202,#2203);
#1839=AXIS2_PLACEMENT_3D('',#2789,#2204,#2205);
#1840=AXIS2_PLACEMENT_3D('',#2791,#2206,#2207);
#1841=AXIS2_PLACEMENT_3D('',#2793,#2208,#2209);
#1842=AXIS2_PLACEMENT_3D('',#2797,#2211,#2212);
#1843=AXIS2_PLACEMENT_3D('',#2799,#2213,#2214);
#1844=AXIS2_PLACEMENT_3D('',#2800,#2215,#2216);
#1845=AXIS2_PLACEMENT_3D('',#2804,#2218,#2219);
#1846=AXIS2_PLACEMENT_3D('',#2805,#2220,#2221);
#1847=AXIS2_PLACEMENT_3D('',#2807,#2222,#2223);
#1848=AXIS2_PLACEMENT_3D('',#2812,#2225,#2226);
#1849=AXIS2_PLACEMENT_3D('',#2814,#2227,#2228);
#1850=AXIS2_PLACEMENT_3D('',#2816,#2229,#2230);
#1851=AXIS2_PLACEMENT_3D('',#2820,#2232,#2233);
#1852=AXIS2_PLACEMENT_3D('',#2822,#2234,#2235);
#1853=AXIS2_PLACEMENT_3D('',#2823,#2236,#2237);
#1854=AXIS2_PLACEMENT_3D('',#2827,#2240,#2241);
#1855=AXIS2_PLACEMENT_3D('',#2830,#2243,#2244);
#1856=AXIS2_PLACEMENT_3D('',#2831,#2245,#2246);
#1857=AXIS2_PLACEMENT_3D('',#2832,#2247,#2248);
#1858=AXIS2_PLACEMENT_3D('',#2833,#2249,#2250);
#1859=AXIS2_PLACEMENT_3D('',#2834,#2251,#2252);
#1860=AXIS2_PLACEMENT_3D('',#2837,#2255,#2256);
#1861=AXIS2_PLACEMENT_3D('',#2839,#2258,#2259);
#1862=AXIS2_PLACEMENT_3D('',#2841,#2261,#2262);
#1863=AXIS2_PLACEMENT_3D('',#2843,#2264,#2265);
#1864=AXIS2_PLACEMENT_3D('',#2845,#2267,#2268);
#1865=AXIS2_PLACEMENT_3D('',#2847,#2270,#2271);
#1866=AXIS2_PLACEMENT_3D('',#2849,#2273,#2274);
#1867=AXIS2_PLACEMENT_3D('',#2850,#2275,#2276);
#1868=AXIS2_PLACEMENT_3D('',#2853,#2279,#2280);
#1869=AXIS2_PLACEMENT_3D('',#2855,#2282,#2283);
#1870=AXIS2_PLACEMENT_3D('',#2857,#2285,#2286);
#1871=AXIS2_PLACEMENT_3D('',#2859,#2288,#2289);
#1872=AXIS2_PLACEMENT_3D('',#2861,#2291,#2292);
#1873=AXIS2_PLACEMENT_3D('',#2863,#2294,#2295);
#1874=AXIS2_PLACEMENT_3D('',#2865,#2297,#2298);
#1875=AXIS2_PLACEMENT_3D('',#2866,#2299,#2300);
#1876=AXIS2_PLACEMENT_3D('',#2869,#2303,#2304);
#1877=AXIS2_PLACEMENT_3D('',#2871,#2306,#2307);
#1878=AXIS2_PLACEMENT_3D('',#2873,#2309,#2310);
#1879=AXIS2_PLACEMENT_3D('',#2875,#2312,#2313);
#1880=AXIS2_PLACEMENT_3D('',#2877,#2315,#2316);
#1881=AXIS2_PLACEMENT_3D('',#2879,#2318,#2319);
#1882=AXIS2_PLACEMENT_3D('',#2881,#2321,#2322);
#1883=AXIS2_PLACEMENT_3D('',#2882,#2323,#2324);
#1884=AXIS2_PLACEMENT_3D('',#2885,#2327,#2328);
#1885=AXIS2_PLACEMENT_3D('',#2887,#2330,#2331);
#1886=AXIS2_PLACEMENT_3D('',#2889,#2333,#2334);
#1887=AXIS2_PLACEMENT_3D('',#2891,#2336,#2337);
#1888=AXIS2_PLACEMENT_3D('',#2893,#2339,#2340);
#1889=AXIS2_PLACEMENT_3D('',#2895,#2342,#2343);
#1890=AXIS2_PLACEMENT_3D('',#2897,#2345,#2346);
#1891=AXIS2_PLACEMENT_3D('',#2898,#2347,#2348);
#1892=AXIS2_PLACEMENT_3D('',#2901,#2351,#2352);
#1893=AXIS2_PLACEMENT_3D('',#2903,#2354,#2355);
#1894=AXIS2_PLACEMENT_3D('',#2905,#2357,#2358);
#1895=AXIS2_PLACEMENT_3D('',#2907,#2360,#2361);
#1896=AXIS2_PLACEMENT_3D('',#2909,#2363,#2364);
#1897=AXIS2_PLACEMENT_3D('',#2911,#2366,#2367);
#1898=AXIS2_PLACEMENT_3D('',#2913,#2369,#2370);
#1899=AXIS2_PLACEMENT_3D('',#2914,#2371,#2372);
#1900=AXIS2_PLACEMENT_3D('',#2917,#2375,#2376);
#1901=AXIS2_PLACEMENT_3D('',#2919,#2378,#2379);
#1902=AXIS2_PLACEMENT_3D('',#2921,#2381,#2382);
#1903=AXIS2_PLACEMENT_3D('',#2923,#2384,#2385);
#1904=AXIS2_PLACEMENT_3D('',#2925,#2387,#2388);
#1905=AXIS2_PLACEMENT_3D('',#2927,#2390,#2391);
#1906=AXIS2_PLACEMENT_3D('',#2929,#2393,#2394);
#1907=AXIS2_PLACEMENT_3D('',#2930,#2395,#2396);
#1908=AXIS2_PLACEMENT_3D('',#2933,#2399,#2400);
#1909=AXIS2_PLACEMENT_3D('',#2935,#2402,#2403);
#1910=AXIS2_PLACEMENT_3D('',#2937,#2405,#2406);
#1911=AXIS2_PLACEMENT_3D('',#2939,#2408,#2409);
#1912=AXIS2_PLACEMENT_3D('',#2941,#2411,#2412);
#1913=AXIS2_PLACEMENT_3D('',#2943,#2414,#2415);
#1914=AXIS2_PLACEMENT_3D('',#2945,#2417,#2418);
#1915=AXIS2_PLACEMENT_3D('',#2946,#2419,#2420);
#1916=AXIS2_PLACEMENT_3D('',#2949,#2423,#2424);
#1917=AXIS2_PLACEMENT_3D('',#2951,#2426,#2427);
#1918=AXIS2_PLACEMENT_3D('',#2953,#2429,#2430);
#1919=AXIS2_PLACEMENT_3D('',#2955,#2432,#2433);
#1920=AXIS2_PLACEMENT_3D('',#2957,#2435,#2436);
#1921=AXIS2_PLACEMENT_3D('',#2959,#2438,#2439);
#1922=AXIS2_PLACEMENT_3D('',#2961,#2441,#2442);
#1923=AXIS2_PLACEMENT_3D('',#2962,#2443,#2444);
#1924=AXIS2_PLACEMENT_3D('',#2965,#2447,#2448);
#1925=AXIS2_PLACEMENT_3D('',#2968,#2451,#2452);
#1926=AXIS2_PLACEMENT_3D('',#2969,#2453,#2454);
#1927=AXIS2_PLACEMENT_3D('',#2970,#2455,#2456);
#1928=AXIS2_PLACEMENT_3D('',#2971,#2457,#2458);
#1929=AXIS2_PLACEMENT_3D('',#2972,#2459,#2460);
#1930=AXIS2_PLACEMENT_3D('',#2975,#2462,#2463);
#1931=AXIS2_PLACEMENT_3D('',#2978,#2465,#2466);
#1932=AXIS2_PLACEMENT_3D('',#2980,#2468,#2469);
#1933=AXIS2_PLACEMENT_3D('',#2982,#2471,#2472);
#1934=AXIS2_PLACEMENT_3D('',#2983,#2473,#2474);
#1935=AXIS2_PLACEMENT_3D('',#2987,#2477,#2478);
#1936=AXIS2_PLACEMENT_3D('',#2990,#2480,#2481);
#1937=AXIS2_PLACEMENT_3D('',#2991,#2482,#2483);
#1938=AXIS2_PLACEMENT_3D('',#2993,#2485,#2486);
#1939=DIRECTION('',(0.,0.,1.));
#1940=DIRECTION('',(1.,0.,0.));
#1941=DIRECTION('',(0.,0.,-1.));
#1942=DIRECTION('',(1.,0.,0.));
#1943=DIRECTION('',(0.,0.,1.));
#1944=DIRECTION('',(-1.,0.,0.));
#1945=DIRECTION('',(0.,1.,0.));
#1946=DIRECTION('',(0.,0.,1.));
#1947=DIRECTION('',(-1.,0.,0.));
#1948=DIRECTION('',(0.,0.,1.));
#1949=DIRECTION('',(-1.,0.,0.));
#1950=DIRECTION('',(0.,0.,1.));
#1951=DIRECTION('',(-1.,0.,0.));
#1952=DIRECTION('',(-1.,0.,0.));
#1953=DIRECTION('',(0.,0.,1.));
#1954=DIRECTION('',(-1.,0.,0.));
#1955=DIRECTION('',(0.,0.,1.));
#1956=DIRECTION('',(-1.,0.,0.));
#1957=DIRECTION('',(0.,0.,-1.));
#1958=DIRECTION('',(-1.,0.,0.));
#1959=DIRECTION('',(-1.,0.,0.));
#1960=DIRECTION('',(0.,0.,-1.));
#1961=DIRECTION('',(-1.,0.,0.));
#1962=DIRECTION('',(0.,0.,-1.));
#1963=DIRECTION('',(-1.,0.,0.));
#1964=DIRECTION('',(0.,0.,-1.));
#1965=DIRECTION('',(-1.,0.,0.));
#1966=DIRECTION('',(0.,-1.,0.));
#1967=DIRECTION('',(0.,0.,-1.));
#1968=DIRECTION('',(-1.,0.,0.));
#1969=DIRECTION('',(0.,0.,-1.));
#1970=DIRECTION('',(-1.,0.,0.));
#1971=DIRECTION('',(0.,0.,-1.));
#1972=DIRECTION('',(-1.,0.,0.));
#1973=DIRECTION('',(0.,0.,-1.));
#1974=DIRECTION('',(-1.,0.,0.));
#1975=DIRECTION('',(0.,0.,-1.));
#1976=DIRECTION('',(-1.,0.,0.));
#1977=DIRECTION('',(0.,0.,-1.));
#1978=DIRECTION('',(-1.,0.,0.));
#1979=DIRECTION('',(0.,-1.,0.));
#1980=DIRECTION('',(0.,0.,1.));
#1981=DIRECTION('',(-1.,0.,0.));
#1982=DIRECTION('',(0.,0.,1.));
#1983=DIRECTION('',(-1.,0.,0.));
#1984=DIRECTION('',(0.,0.,1.));
#1985=DIRECTION('',(-1.,0.,0.));
#1986=DIRECTION('',(1.,0.,0.));
#1987=DIRECTION('',(0.,0.,1.));
#1988=DIRECTION('',(-1.,0.,0.));
#1989=DIRECTION('',(0.,0.,1.));
#1990=DIRECTION('',(-1.,0.,0.));
#1991=DIRECTION('',(0.,0.,1.));
#1992=DIRECTION('',(-1.,0.,0.));
#1993=DIRECTION('',(0.,0.,1.));
#1994=DIRECTION('',(-1.,0.,0.));
#1995=DIRECTION('',(0.,0.,1.));
#1996=DIRECTION('',(-1.,0.,0.));
#1997=DIRECTION('',(1.,0.,0.));
#1998=DIRECTION('',(0.,0.,1.));
#1999=DIRECTION('',(-1.,0.,0.));
#2000=DIRECTION('',(0.,0.,1.));
#2001=DIRECTION('',(-1.,0.,0.));
#2002=DIRECTION('',(0.,0.,1.));
#2003=DIRECTION('',(-1.,0.,0.));
#2004=DIRECTION('',(-1.12393580659965E-15,-1.,0.));
#2005=DIRECTION('',(0.,0.,1.));
#2006=DIRECTION('',(-1.,0.,0.));
#2007=DIRECTION('',(0.,0.,-1.));
#2008=DIRECTION('',(-1.,0.,0.));
#2009=DIRECTION('',(0.,0.,-1.));
#2010=DIRECTION('',(-1.,0.,0.));
#2011=DIRECTION('',(0.,0.,-1.));
#2012=DIRECTION('',(-1.,0.,0.));
#2013=DIRECTION('',(-1.,0.,0.));
#2014=DIRECTION('',(0.,0.,-1.));
#2015=DIRECTION('',(-1.,0.,0.));
#2016=DIRECTION('',(0.,0.,-1.));
#2017=DIRECTION('',(-1.,0.,0.));
#2018=DIRECTION('',(0.,0.,-1.));
#2019=DIRECTION('',(-1.,0.,0.));
#2020=DIRECTION('',(1.12393580659965E-15,-1.,0.));
#2021=DIRECTION('',(0.,0.,-1.));
#2022=DIRECTION('',(-1.,0.,0.));
#2023=DIRECTION('',(0.,0.,-1.));
#2024=DIRECTION('',(-1.,0.,0.));
#2025=DIRECTION('',(0.,0.,-1.));
#2026=DIRECTION('',(-1.,0.,0.));
#2027=DIRECTION('',(1.,0.,0.));
#2028=DIRECTION('',(0.,0.,-1.));
#2029=DIRECTION('',(-1.,0.,0.));
#2030=DIRECTION('',(0.,0.,-1.));
#2031=DIRECTION('',(-1.,0.,0.));
#2032=DIRECTION('',(0.,0.,-1.));
#2033=DIRECTION('',(-1.,0.,0.));
#2034=DIRECTION('',(0.,1.,0.));
#2035=DIRECTION('',(0.,0.,1.));
#2036=DIRECTION('',(-1.,0.,0.));
#2037=DIRECTION('',(0.,0.,1.));
#2038=DIRECTION('',(-1.,0.,0.));
#2039=DIRECTION('',(-1.,3.74645268866551E-16,0.));
#2040=DIRECTION('',(0.,0.,1.));
#2041=DIRECTION('',(-1.,0.,0.));
#2042=DIRECTION('',(0.,0.,1.));
#2043=DIRECTION('',(-1.,0.,0.));
#2044=DIRECTION('',(0.,0.,1.));
#2045=DIRECTION('',(-1.,0.,0.));
#2046=DIRECTION('',(1.4985810754662E-15,1.,0.));
#2047=DIRECTION('',(0.,0.,1.));
#2048=DIRECTION('',(-1.,0.,0.));
#2049=DIRECTION('',(1.,0.,0.));
#2050=DIRECTION('',(0.,0.,-1.));
#2051=DIRECTION('',(-1.,0.,0.));
#2052=DIRECTION('',(0.,0.,-1.));
#2053=DIRECTION('',(-1.,0.,0.));
#2054=DIRECTION('',(0.,0.,-1.));
#2055=DIRECTION('',(-1.,0.,0.));
#2056=DIRECTION('',(-1.12393580659965E-15,1.,0.));
#2057=DIRECTION('',(0.,0.,-1.));
#2058=DIRECTION('',(-1.,0.,0.));
#2059=DIRECTION('',(0.,0.,-1.));
#2060=DIRECTION('',(-1.,0.,0.));
#2061=DIRECTION('',(0.,0.,-1.));
#2062=DIRECTION('',(-1.,0.,0.));
#2063=DIRECTION('',(0.,0.,-1.));
#2064=DIRECTION('',(-1.,0.,0.));
#2065=DIRECTION('',(0.53564314636418,-0.844444444444442,0.));
#2066=DIRECTION('',(0.,0.,-1.));
#2067=DIRECTION('',(-1.,0.,0.));
#2068=DIRECTION('',(1.,0.,0.));
#2069=DIRECTION('',(0.,0.,-1.));
#2070=DIRECTION('',(-1.,0.,0.));
#2071=DIRECTION('',(-0.53564314636418,-0.844444444444442,0.));
#2072=DIRECTION('',(0.,0.,1.));
#2073=DIRECTION('',(-1.,0.,0.));
#2074=DIRECTION('',(-0.773879117749595,0.633333333333332,0.));
#2075=DIRECTION('',(-0.633333333333334,-0.773879117749593,0.));
#2076=DIRECTION('',(0.,0.,-1.));
#2077=DIRECTION('',(-1.,0.,0.));
#2078=DIRECTION('',(-1.,0.,0.));
#2079=DIRECTION('',(0.,0.,-1.));
#2080=DIRECTION('',(-1.,0.,0.));
#2081=DIRECTION('',(0.633333333333333,-0.773879117749593,0.));
#2082=DIRECTION('',(0.773879117749595,0.633333333333332,0.));
#2083=DIRECTION('',(-0.773879117749593,0.633333333333334,0.));
#2084=DIRECTION('',(-0.633333333333334,-0.773879117749593,0.));
#2085=DIRECTION('',(-0.633333333333334,-0.773879117749593,0.));
#2086=DIRECTION('',(0.,0.,-1.));
#2087=DIRECTION('',(0.,0.,1.));
#2088=DIRECTION('',(-0.773879117749593,-0.633333333333333,0.));
#2089=DIRECTION('',(0.633333333333333,-0.773879117749593,0.));
#2090=DIRECTION('',(0.,0.,-1.));
#2091=DIRECTION('',(0.633333333333333,-0.773879117749593,0.));
#2092=DIRECTION('',(0.,0.,1.));
#2093=DIRECTION('',(0.,0.,1.));
#2094=DIRECTION('',(1.,0.,0.));
#2095=DIRECTION('',(0.,0.,1.));
#2096=DIRECTION('',(0.,0.,-1.));
#2097=DIRECTION('',(-1.,0.,0.));
#2098=DIRECTION('',(0.,0.,1.));
#2099=DIRECTION('',(0.,0.,1.));
#2100=DIRECTION('',(0.,0.,-1.));
#2101=DIRECTION('',(-1.,0.,0.));
#2102=DIRECTION('',(0.,0.,-1.));
#2103=DIRECTION('',(1.,0.,0.));
#2104=DIRECTION('',(0.,1.,0.));
#2105=DIRECTION('',(0.,0.,-1.));
#2106=DIRECTION('',(-1.,0.,0.));
#2107=DIRECTION('',(0.,0.,-1.));
#2108=DIRECTION('',(-1.,0.,0.));
#2109=DIRECTION('',(0.,0.,-1.));
#2110=DIRECTION('',(-1.,0.,0.));
#2111=DIRECTION('',(-1.,0.,0.));
#2112=DIRECTION('',(0.,0.,-1.));
#2113=DIRECTION('',(-1.,0.,0.));
#2114=DIRECTION('',(0.,0.,-1.));
#2115=DIRECTION('',(-1.,0.,0.));
#2116=DIRECTION('',(0.,0.,-1.));
#2117=DIRECTION('',(-1.,0.,0.));
#2118=DIRECTION('',(-1.,0.,0.));
#2119=DIRECTION('',(0.,0.,-1.));
#2120=DIRECTION('',(-1.,0.,0.));
#2121=DIRECTION('',(0.,0.,-1.));
#2122=DIRECTION('',(-1.,0.,0.));
#2123=DIRECTION('',(0.,0.,-1.));
#2124=DIRECTION('',(-1.,0.,0.));
#2125=DIRECTION('',(0.,-1.,0.));
#2126=DIRECTION('',(0.,0.,-1.));
#2127=DIRECTION('',(-1.,0.,0.));
#2128=DIRECTION('',(0.,0.,-1.));
#2129=DIRECTION('',(-1.,0.,0.));
#2130=DIRECTION('',(0.,0.,-1.));
#2131=DIRECTION('',(-1.,0.,0.));
#2132=DIRECTION('',(0.,0.,-1.));
#2133=DIRECTION('',(-1.,0.,0.));
#2134=DIRECTION('',(0.,0.,-1.));
#2135=DIRECTION('',(-1.,0.,0.));
#2136=DIRECTION('',(0.,0.,-1.));
#2137=DIRECTION('',(-1.,0.,0.));
#2138=DIRECTION('',(1.4985810754662E-15,1.,0.));
#2139=DIRECTION('',(0.,0.,-1.));
#2140=DIRECTION('',(-1.,0.,0.));
#2141=DIRECTION('',(0.,0.,-1.));
#2142=DIRECTION('',(-1.,0.,0.));
#2143=DIRECTION('',(0.,0.,-1.));
#2144=DIRECTION('',(-1.,0.,0.));
#2145=DIRECTION('',(-1.,3.74645268866551E-16,0.));
#2146=DIRECTION('',(0.,0.,-1.));
#2147=DIRECTION('',(-1.,0.,0.));
#2148=DIRECTION('',(0.,0.,-1.));
#2149=DIRECTION('',(-1.,0.,0.));
#2150=DIRECTION('',(0.,1.,0.));
#2151=DIRECTION('',(0.,0.,-1.));
#2152=DIRECTION('',(-1.,0.,0.));
#2153=DIRECTION('',(0.,0.,-1.));
#2154=DIRECTION('',(-1.,0.,0.));
#2155=DIRECTION('',(0.,0.,-1.));
#2156=DIRECTION('',(-1.,0.,0.));
#2157=DIRECTION('',(1.,0.,0.));
#2158=DIRECTION('',(0.,0.,-1.));
#2159=DIRECTION('',(-1.,0.,0.));
#2160=DIRECTION('',(0.,0.,-1.));
#2161=DIRECTION('',(-1.,0.,0.));
#2162=DIRECTION('',(0.,0.,-1.));
#2163=DIRECTION('',(-1.,0.,0.));
#2164=DIRECTION('',(1.12393580659965E-15,-1.,0.));
#2165=DIRECTION('',(0.,0.,-1.));
#2166=DIRECTION('',(-1.,0.,0.));
#2167=DIRECTION('',(0.,0.,-1.));
#2168=DIRECTION('',(-1.,0.,0.));
#2169=DIRECTION('',(0.,0.,-1.));
#2170=DIRECTION('',(-1.,0.,0.));
#2171=DIRECTION('',(-1.,0.,0.));
#2172=DIRECTION('',(0.,0.,-1.));
#2173=DIRECTION('',(-1.,0.,0.));
#2174=DIRECTION('',(0.,0.,-1.));
#2175=DIRECTION('',(-1.,0.,0.));
#2176=DIRECTION('',(0.,0.,-1.));
#2177=DIRECTION('',(-1.,0.,0.));
#2178=DIRECTION('',(0.,0.,-1.));
#2179=DIRECTION('',(-1.,0.,0.));
#2180=DIRECTION('',(-1.12393580659965E-15,-1.,0.));
#2181=DIRECTION('',(0.,0.,-1.));
#2182=DIRECTION('',(-1.,0.,0.));
#2183=DIRECTION('',(0.,0.,-1.));
#2184=DIRECTION('',(-1.,0.,0.));
#2185=DIRECTION('',(0.,0.,-1.));
#2186=DIRECTION('',(-1.,0.,0.));
#2187=DIRECTION('',(1.,0.,0.));
#2188=DIRECTION('',(0.,0.,-1.));
#2189=DIRECTION('',(-1.,0.,0.));
#2190=DIRECTION('',(0.,-1.,0.));
#2191=DIRECTION('',(0.,0.,-1.));
#2192=DIRECTION('',(-1.,0.,0.));
#2193=DIRECTION('',(0.,0.,-1.));
#2194=DIRECTION('',(-1.,0.,0.));
#2195=DIRECTION('',(0.,0.,-1.));
#2196=DIRECTION('',(-1.,0.,0.));
#2197=DIRECTION('',(1.,0.,0.));
#2198=DIRECTION('',(0.,0.,-1.));
#2199=DIRECTION('',(-1.,0.,0.));
#2200=DIRECTION('',(0.,0.,-1.));
#2201=DIRECTION('',(-1.,0.,0.));
#2202=DIRECTION('',(0.,0.,-1.));
#2203=DIRECTION('',(-1.,0.,0.));
#2204=DIRECTION('',(0.,0.,-1.));
#2205=DIRECTION('',(-1.,0.,0.));
#2206=DIRECTION('',(0.,0.,-1.));
#2207=DIRECTION('',(-1.,0.,0.));
#2208=DIRECTION('',(0.,0.,-1.));
#2209=DIRECTION('',(-1.,0.,0.));
#2210=DIRECTION('',(1.,0.,0.));
#2211=DIRECTION('',(0.,0.,-1.));
#2212=DIRECTION('',(-1.,0.,0.));
#2213=DIRECTION('',(0.,0.,-1.));
#2214=DIRECTION('',(-1.,0.,0.));
#2215=DIRECTION('',(0.,0.,-1.));
#2216=DIRECTION('',(-1.,0.,0.));
#2217=DIRECTION('',(-1.,0.,0.));
#2218=DIRECTION('',(0.,0.,-1.));
#2219=DIRECTION('',(-1.,0.,0.));
#2220=DIRECTION('',(0.,0.,-1.));
#2221=DIRECTION('',(-1.,0.,0.));
#2222=DIRECTION('',(0.,0.,-1.));
#2223=DIRECTION('',(-1.,0.,0.));
#2224=DIRECTION('',(1.,0.,0.));
#2225=DIRECTION('',(0.,0.,-1.));
#2226=DIRECTION('',(-1.,0.,0.));
#2227=DIRECTION('',(0.,0.,-1.));
#2228=DIRECTION('',(-1.,0.,0.));
#2229=DIRECTION('',(0.,0.,-1.));
#2230=DIRECTION('',(-1.,0.,0.));
#2231=DIRECTION('',(-1.12393580659965E-15,1.,0.));
#2232=DIRECTION('',(0.,0.,-1.));
#2233=DIRECTION('',(-1.,0.,0.));
#2234=DIRECTION('',(0.,0.,-1.));
#2235=DIRECTION('',(-1.,0.,0.));
#2236=DIRECTION('',(0.,0.,1.));
#2237=DIRECTION('',(1.,0.,0.));
#2238=DIRECTION('',(0.,0.,1.));
#2239=DIRECTION('',(0.,0.,1.));
#2240=DIRECTION('',(0.,0.,-1.));
#2241=DIRECTION('',(-1.,0.,0.));
#2242=DIRECTION('',(0.,0.,1.));
#2243=DIRECTION('',(0.,0.,1.));
#2244=DIRECTION('',(1.,0.,0.));
#2245=DIRECTION('',(0.,0.,1.));
#2246=DIRECTION('',(1.,0.,0.));
#2247=DIRECTION('',(0.,0.,1.));
#2248=DIRECTION('',(1.,0.,0.));
#2249=DIRECTION('',(0.,0.,1.));
#2250=DIRECTION('',(1.,0.,0.));
#2251=DIRECTION('',(0.,0.,-1.));
#2252=DIRECTION('',(-1.,0.,0.));
#2253=DIRECTION('',(0.,0.,-1.));
#2254=DIRECTION('',(0.,0.,-1.));
#2255=DIRECTION('',(1.,0.,0.));
#2256=DIRECTION('',(0.,0.,-1.));
#2257=DIRECTION('',(0.,0.,-1.));
#2258=DIRECTION('',(0.,0.,-1.));
#2259=DIRECTION('',(-1.,0.,0.));
#2260=DIRECTION('',(0.,0.,-1.));
#2261=DIRECTION('',(0.,0.,-1.));
#2262=DIRECTION('',(-1.,0.,0.));
#2263=DIRECTION('',(0.,0.,-1.));
#2264=DIRECTION('',(0.,0.,-1.));
#2265=DIRECTION('',(-1.,0.,0.));
#2266=DIRECTION('',(0.,0.,-1.));
#2267=DIRECTION('',(0.,1.,0.));
#2268=DIRECTION('',(0.,0.,1.));
#2269=DIRECTION('',(0.,0.,-1.));
#2270=DIRECTION('',(0.,0.,-1.));
#2271=DIRECTION('',(-1.,0.,0.));
#2272=DIRECTION('',(0.,0.,-1.));
#2273=DIRECTION('',(0.,0.,-1.));
#2274=DIRECTION('',(-1.,0.,0.));
#2275=DIRECTION('',(0.,0.,-1.));
#2276=DIRECTION('',(-1.,0.,0.));
#2277=DIRECTION('',(0.,0.,-1.));
#2278=DIRECTION('',(0.,0.,-1.));
#2279=DIRECTION('',(0.,0.,-1.));
#2280=DIRECTION('',(-1.,0.,0.));
#2281=DIRECTION('',(0.,0.,-1.));
#2282=DIRECTION('',(0.,0.,-1.));
#2283=DIRECTION('',(-1.,0.,0.));
#2284=DIRECTION('',(0.,0.,-1.));
#2285=DIRECTION('',(1.,-1.12393580659965E-15,0.));
#2286=DIRECTION('',(1.12393580659965E-15,1.,0.));
#2287=DIRECTION('',(0.,0.,-1.));
#2288=DIRECTION('',(0.,0.,-1.));
#2289=DIRECTION('',(-1.,0.,0.));
#2290=DIRECTION('',(0.,0.,-1.));
#2291=DIRECTION('',(0.,0.,-1.));
#2292=DIRECTION('',(-1.,0.,0.));
#2293=DIRECTION('',(0.,0.,-1.));
#2294=DIRECTION('',(0.,0.,-1.));
#2295=DIRECTION('',(-1.,0.,0.));
#2296=DIRECTION('',(0.,0.,-1.));
#2297=DIRECTION('',(0.,1.,0.));
#2298=DIRECTION('',(0.,0.,1.));
#2299=DIRECTION('',(0.,0.,-1.));
#2300=DIRECTION('',(-1.,0.,0.));
#2301=DIRECTION('',(0.,0.,-1.));
#2302=DIRECTION('',(0.,0.,-1.));
#2303=DIRECTION('',(0.,0.,-1.));
#2304=DIRECTION('',(-1.,0.,0.));
#2305=DIRECTION('',(0.,0.,-1.));
#2306=DIRECTION('',(1.,1.12393580659965E-15,0.));
#2307=DIRECTION('',(-1.12393580659965E-15,1.,0.));
#2308=DIRECTION('',(0.,0.,-1.));
#2309=DIRECTION('',(0.,0.,-1.));
#2310=DIRECTION('',(-1.,0.,0.));
#2311=DIRECTION('',(0.,0.,-1.));
#2312=DIRECTION('',(0.,0.,-1.));
#2313=DIRECTION('',(-1.,0.,0.));
#2314=DIRECTION('',(0.,0.,-1.));
#2315=DIRECTION('',(0.,0.,-1.));
#2316=DIRECTION('',(-1.,0.,0.));
#2317=DIRECTION('',(0.,0.,-1.));
#2318=DIRECTION('',(0.,-1.,0.));
#2319=DIRECTION('',(0.,0.,-1.));
#2320=DIRECTION('',(0.,0.,-1.));
#2321=DIRECTION('',(0.,0.,-1.));
#2322=DIRECTION('',(-1.,0.,0.));
#2323=DIRECTION('',(0.,0.,-1.));
#2324=DIRECTION('',(-1.,0.,0.));
#2325=DIRECTION('',(0.,0.,-1.));
#2326=DIRECTION('',(0.,0.,-1.));
#2327=DIRECTION('',(0.,0.,-1.));
#2328=DIRECTION('',(-1.,0.,0.));
#2329=DIRECTION('',(0.,0.,-1.));
#2330=DIRECTION('',(-1.,0.,0.));
#2331=DIRECTION('',(0.,0.,1.));
#2332=DIRECTION('',(0.,0.,-1.));
#2333=DIRECTION('',(0.,0.,-1.));
#2334=DIRECTION('',(-1.,0.,0.));
#2335=DIRECTION('',(0.,0.,-1.));
#2336=DIRECTION('',(0.,0.,-1.));
#2337=DIRECTION('',(-1.,0.,0.));
#2338=DIRECTION('',(0.,0.,-1.));
#2339=DIRECTION('',(0.,0.,-1.));
#2340=DIRECTION('',(-1.,0.,0.));
#2341=DIRECTION('',(0.,0.,-1.));
#2342=DIRECTION('',(0.,1.,0.));
#2343=DIRECTION('',(0.,0.,1.));
#2344=DIRECTION('',(0.,0.,-1.));
#2345=DIRECTION('',(0.,0.,-1.));
#2346=DIRECTION('',(-1.,0.,0.));
#2347=DIRECTION('',(0.,0.,-1.));
#2348=DIRECTION('',(-1.,0.,0.));
#2349=DIRECTION('',(0.,0.,-1.));
#2350=DIRECTION('',(0.,0.,-1.));
#2351=DIRECTION('',(0.,0.,-1.));
#2352=DIRECTION('',(-1.,0.,0.));
#2353=DIRECTION('',(0.,0.,-1.));
#2354=DIRECTION('',(0.,0.,-1.));
#2355=DIRECTION('',(-1.,0.,0.));
#2356=DIRECTION('',(0.,0.,-1.));
#2357=DIRECTION('',(-1.,1.4985810754662E-15,0.));
#2358=DIRECTION('',(-1.4985810754662E-15,-1.,0.));
#2359=DIRECTION('',(0.,0.,-1.));
#2360=DIRECTION('',(0.,0.,-1.));
#2361=DIRECTION('',(-1.,0.,0.));
#2362=DIRECTION('',(0.,0.,-1.));
#2363=DIRECTION('',(0.,0.,-1.));
#2364=DIRECTION('',(-1.,0.,0.));
#2365=DIRECTION('',(0.,0.,-1.));
#2366=DIRECTION('',(0.,0.,-1.));
#2367=DIRECTION('',(-1.,0.,0.));
#2368=DIRECTION('',(0.,0.,-1.));
#2369=DIRECTION('',(-3.74645268866551E-16,-1.,0.));
#2370=DIRECTION('',(1.,-3.74645268866551E-16,0.));
#2371=DIRECTION('',(0.,1.,0.));
#2372=DIRECTION('',(0.,0.,1.));
#2373=DIRECTION('',(0.,0.,-1.));
#2374=DIRECTION('',(0.,0.,-1.));
#2375=DIRECTION('',(0.,0.,-1.));
#2376=DIRECTION('',(-1.,0.,0.));
#2377=DIRECTION('',(0.,0.,-1.));
#2378=DIRECTION('',(0.,0.,-1.));
#2379=DIRECTION('',(-1.,0.,0.));
#2380=DIRECTION('',(0.,0.,-1.));
#2381=DIRECTION('',(0.,0.,-1.));
#2382=DIRECTION('',(-1.,0.,0.));
#2383=DIRECTION('',(0.,0.,-1.));
#2384=DIRECTION('',(-1.,-1.12393580659965E-15,0.));
#2385=DIRECTION('',(1.12393580659965E-15,-1.,0.));
#2386=DIRECTION('',(0.,0.,-1.));
#2387=DIRECTION('',(0.,0.,-1.));
#2388=DIRECTION('',(-1.,0.,0.));
#2389=DIRECTION('',(0.,0.,-1.));
#2390=DIRECTION('',(0.,0.,-1.));
#2391=DIRECTION('',(-1.,0.,0.));
#2392=DIRECTION('',(0.,0.,-1.));
#2393=DIRECTION('',(0.,0.,-1.));
#2394=DIRECTION('',(-1.,0.,0.));
#2395=DIRECTION('',(0.,-1.,0.));
#2396=DIRECTION('',(0.,0.,-1.));
#2397=DIRECTION('',(0.,0.,-1.));
#2398=DIRECTION('',(0.,0.,-1.));
#2399=DIRECTION('',(0.,0.,-1.));
#2400=DIRECTION('',(-1.,0.,0.));
#2401=DIRECTION('',(0.,0.,-1.));
#2402=DIRECTION('',(0.,0.,-1.));
#2403=DIRECTION('',(-1.,0.,0.));
#2404=DIRECTION('',(0.,0.,-1.));
#2405=DIRECTION('',(0.,0.,-1.));
#2406=DIRECTION('',(-1.,0.,0.));
#2407=DIRECTION('',(0.,0.,-1.));
#2408=DIRECTION('',(1.,0.,0.));
#2409=DIRECTION('',(0.,0.,-1.));
#2410=DIRECTION('',(0.,0.,-1.));
#2411=DIRECTION('',(0.,0.,-1.));
#2412=DIRECTION('',(-1.,0.,0.));
#2413=DIRECTION('',(0.,0.,-1.));
#2414=DIRECTION('',(0.,0.,-1.));
#2415=DIRECTION('',(-1.,0.,0.));
#2416=DIRECTION('',(0.,0.,-1.));
#2417=DIRECTION('',(0.,0.,-1.));
#2418=DIRECTION('',(-1.,0.,0.));
#2419=DIRECTION('',(-1.,0.,0.));
#2420=DIRECTION('',(0.,0.,1.));
#2421=DIRECTION('',(0.,0.,-1.));
#2422=DIRECTION('',(0.,0.,-1.));
#2423=DIRECTION('',(0.,0.,-1.));
#2424=DIRECTION('',(-1.,0.,0.));
#2425=DIRECTION('',(0.,0.,-1.));
#2426=DIRECTION('',(0.,0.,-1.));
#2427=DIRECTION('',(-1.,0.,0.));
#2428=DIRECTION('',(0.,0.,-1.));
#2429=DIRECTION('',(0.,0.,-1.));
#2430=DIRECTION('',(-1.,0.,0.));
#2431=DIRECTION('',(0.,0.,-1.));
#2432=DIRECTION('',(0.,-1.,0.));
#2433=DIRECTION('',(0.,0.,-1.));
#2434=DIRECTION('',(0.,0.,-1.));
#2435=DIRECTION('',(0.,0.,-1.));
#2436=DIRECTION('',(-1.,0.,0.));
#2437=DIRECTION('',(0.,0.,-1.));
#2438=DIRECTION('',(0.,0.,-1.));
#2439=DIRECTION('',(-1.,0.,0.));
#2440=DIRECTION('',(0.,0.,-1.));
#2441=DIRECTION('',(0.,0.,-1.));
#2442=DIRECTION('',(-1.,0.,0.));
#2443=DIRECTION('',(0.,1.,0.));
#2444=DIRECTION('',(0.,0.,1.));
#2445=DIRECTION('',(0.,0.,1.));
#2446=DIRECTION('',(0.,0.,1.));
#2447=DIRECTION('',(0.,-1.,0.));
#2448=DIRECTION('',(0.,0.,-1.));
#2449=DIRECTION('',(0.,0.,-1.));
#2450=DIRECTION('',(0.,0.,-1.));
#2451=DIRECTION('',(0.,0.,1.));
#2452=DIRECTION('',(1.,0.,0.));
#2453=DIRECTION('',(0.,0.,1.));
#2454=DIRECTION('',(1.,0.,0.));
#2455=DIRECTION('',(0.,0.,1.));
#2456=DIRECTION('',(1.,0.,0.));
#2457=DIRECTION('',(0.,0.,-1.));
#2458=DIRECTION('',(-1.,0.,0.));
#2459=DIRECTION('',(0.,0.,1.));
#2460=DIRECTION('',(1.,0.,0.));
#2461=DIRECTION('',(0.,0.,1.));
#2462=DIRECTION('',(0.,0.,1.));
#2463=DIRECTION('',(-1.,0.,0.));
#2464=DIRECTION('',(0.,0.,1.));
#2465=DIRECTION('',(-0.844444444444442,0.53564314636418,0.));
#2466=DIRECTION('',(-0.53564314636418,-0.844444444444442,0.));
#2467=DIRECTION('',(-0.53564314636418,-0.844444444444442,0.));
#2468=DIRECTION('',(0.633333333333332,0.773879117749595,0.));
#2469=DIRECTION('',(-0.773879117749595,0.633333333333332,0.));
#2470=DIRECTION('',(-0.773879117749595,0.633333333333332,0.));
#2471=DIRECTION('',(0.,0.,-1.));
#2472=DIRECTION('',(1.,0.,0.));
#2473=DIRECTION('',(-0.844444444444442,-0.53564314636418,0.));
#2474=DIRECTION('',(0.53564314636418,-0.844444444444442,0.));
#2475=DIRECTION('',(0.,0.,1.));
#2476=DIRECTION('',(0.53564314636418,-0.844444444444442,0.));
#2477=DIRECTION('',(0.,0.,1.));
#2478=DIRECTION('',(1.,0.,0.));
#2479=DIRECTION('',(0.,0.,1.));
#2480=DIRECTION('',(0.,0.,-1.));
#2481=DIRECTION('',(-1.,0.,0.));
#2482=DIRECTION('',(0.633333333333332,-0.773879117749595,0.));
#2483=DIRECTION('',(0.773879117749595,0.633333333333332,0.));
#2484=DIRECTION('',(0.773879117749595,0.633333333333332,0.));
#2485=DIRECTION('',(0.,0.,-1.));
#2486=DIRECTION('',(1.,0.,0.));
#2487=CARTESIAN_POINT('',(0.,0.,0.));
#2488=CARTESIAN_POINT('',(0.,0.03309197732497,-0.045766867429018));
#2489=CARTESIAN_POINT('',(-0.013,0.0664949188907825,-0.045766867429018));
#2490=CARTESIAN_POINT('',(-0.0122026523485228,0.063602819874033,-0.045766867429018));
#2491=CARTESIAN_POINT('',(-0.01,0.0664949188907825,-0.045766867429018));
#2492=CARTESIAN_POINT('',(-0.01,0.0685636095394132,-0.045766867429018));
#2493=CARTESIAN_POINT('',(-0.01,0.070632300188044,-0.045766867429018));
#2494=CARTESIAN_POINT('',(-0.013,0.070632300188044,-0.045766867429018));
#2495=CARTESIAN_POINT('',(-0.0137370705753512,0.0735403454020927,-0.045766867429018));
#2496=CARTESIAN_POINT('',(-8.67361737988404E-19,0.01934197732497,-0.045766867429018));
#2497=CARTESIAN_POINT('',(-0.0541983680771227,0.0330790479003212,-0.045766867429018));
#2498=CARTESIAN_POINT('',(-0.051290322863074,0.0323419773249699,-0.045766867429018));
#2499=CARTESIAN_POINT('',(-0.051290322863074,0.0293419773249699,-0.045766867429018));
#2500=CARTESIAN_POINT('',(-0.0492216322144433,0.0293419773249699,-0.045766867429018));
#2501=CARTESIAN_POINT('',(-0.0471529415658125,0.0293419773249699,-0.045766867429018));
#2502=CARTESIAN_POINT('',(-0.0471529415658125,0.0323419773249699,-0.045766867429018));
#2503=CARTESIAN_POINT('',(-0.044260842549063,0.0315446296734927,-0.045766867429018));
#2504=CARTESIAN_POINT('',(-5.20417042793042E-18,0.01934197732497,-0.045766867429018));
#2505=CARTESIAN_POINT('',(-0.0471529415658125,0.00634197732496999,-0.045766867429018));
#2506=CARTESIAN_POINT('',(-0.0471529415658125,0.00934197732496998,-0.045766867429018));
#2507=CARTESIAN_POINT('',(-0.044260842549063,0.00713932497644723,-0.045766867429018));
#2508=CARTESIAN_POINT('',(-0.0492216322144433,0.00934197732496998,-0.045766867429018));
#2509=CARTESIAN_POINT('',(-0.051290322863074,0.00934197732496998,-0.045766867429018));
#2510=CARTESIAN_POINT('',(-0.051290322863074,0.00634197732496999,-0.045766867429018));
#2511=CARTESIAN_POINT('',(-0.0541983680771227,0.00560490674961881,-0.045766867429018));
#2512=CARTESIAN_POINT('',(-2.86229373536173E-17,0.01934197732497,-0.045766867429018));
#2513=CARTESIAN_POINT('',(-0.0137370705753512,-0.0348563907521527,-0.045766867429018));
#2514=CARTESIAN_POINT('',(-0.013,-0.031948345538104,-0.045766867429018));
#2515=CARTESIAN_POINT('',(-0.01,-0.031948345538104,-0.045766867429018));
#2516=CARTESIAN_POINT('',(-0.01,-0.0298796548894733,-0.045766867429018));
#2517=CARTESIAN_POINT('',(-0.01,-0.0278109642408426,-0.045766867429018));
#2518=CARTESIAN_POINT('',(-0.013,-0.0278109642408426,-0.045766867429018));
#2519=CARTESIAN_POINT('',(-0.0122026523485228,-0.024918865224093,-0.045766867429018));
#2520=CARTESIAN_POINT('',(-5.20417042793042E-18,0.01934197732497,-0.045766867429018));
#2521=CARTESIAN_POINT('',(-4.31338449866218E-18,0.09434197732497,-0.045766867429018));
#2522=CARTESIAN_POINT('',(-0.0067,0.09434197732497,-0.045766867429018));
#2523=CARTESIAN_POINT('',(0.0175000000000003,0.08634197732497,-0.045766867429018));
#2524=CARTESIAN_POINT('',(0.0152,0.08634197732497,-0.045766867429018));
#2525=CARTESIAN_POINT('',(-0.0175,0.08634197732497,-0.045766867429018));
#2526=CARTESIAN_POINT('',(-0.0198,0.08634197732497,-0.045766867429018));
#2527=CARTESIAN_POINT('',(-3.90312782094781E-18,0.01934197732497,-0.045766867429018));
#2528=CARTESIAN_POINT('',(-0.0023,0.01934197732497,-0.045766867429018));
#2529=CARTESIAN_POINT('',(0.01,-0.0298796548894733,-0.045766867429018));
#2530=CARTESIAN_POINT('',(0.01,-0.0278109642408426,-0.045766867429018));
#2531=CARTESIAN_POINT('',(0.01,-0.031948345538104,-0.045766867429018));
#2532=CARTESIAN_POINT('',(0.013,-0.031948345538104,-0.045766867429018));
#2533=CARTESIAN_POINT('',(0.0137370705753511,-0.0348563907521527,-0.045766867429018));
#2534=CARTESIAN_POINT('',(0.,0.01934197732497,-0.045766867429018));
#2535=CARTESIAN_POINT('',(0.0541983680771227,0.00560490674961882,-0.045766867429018));
#2536=CARTESIAN_POINT('',(0.051290322863074,0.00634197732496998,-0.045766867429018));
#2537=CARTESIAN_POINT('',(0.051290322863074,0.00934197732496998,-0.045766867429018));
#2538=CARTESIAN_POINT('',(0.0492216322144433,0.00934197732496998,-0.045766867429018));
#2539=CARTESIAN_POINT('',(0.0471529415658125,0.00934197732496999,-0.045766867429018));
#2540=CARTESIAN_POINT('',(0.0471529415658125,0.00634197732496998,-0.045766867429018));
#2541=CARTESIAN_POINT('',(0.0442608425490629,0.00713932497644722,-0.045766867429018));
#2542=CARTESIAN_POINT('',(-4.33680868994202E-18,0.01934197732497,-0.045766867429018));
#2543=CARTESIAN_POINT('',(0.0122026523485227,-0.024918865224093,-0.045766867429018));
#2544=CARTESIAN_POINT('',(0.013,-0.0278109642408426,-0.045766867429018));
#2545=CARTESIAN_POINT('',(-3.46944695195361E-18,0.01934197732497,-0.045766867429018));
#2546=CARTESIAN_POINT('',(-0.0143972402287578,0.0466967105022812,-0.045766867429018));
#2547=CARTESIAN_POINT('',(-0.0273547331773113,0.0337392175537278,-0.045766867429018));
#2548=CARTESIAN_POINT('',(-0.024699978999776,0.03234197732497,-0.045766867429018));
#2549=CARTESIAN_POINT('',(-0.024699978999776,0.0293419773249699,-0.045766867429018));
#2550=CARTESIAN_POINT('',(-0.0223848243453145,0.0293419773249699,-0.045766867429018));
#2551=CARTESIAN_POINT('',(-0.0200696696908528,0.0293419773249699,-0.045766867429018));
#2552=CARTESIAN_POINT('',(-0.0200696696908528,0.03234197732497,-0.045766867429018));
#2553=CARTESIAN_POINT('',(-0.0175517459173397,0.0307110083274787,-0.045766867429018));
#2554=CARTESIAN_POINT('',(8.67361737988404E-18,0.01934197732497,-0.045766867429018));
#2555=CARTESIAN_POINT('',(-0.0113690310025088,0.0368937232423097,-0.045766867429018));
#2556=CARTESIAN_POINT('',(-0.013,0.0394116470158228,-0.045766867429018));
#2557=CARTESIAN_POINT('',(-0.01,0.0394116470158228,-0.045766867429018));
#2558=CARTESIAN_POINT('',(-0.01,0.0417268016702843,-0.045766867429018));
#2559=CARTESIAN_POINT('',(-0.01,0.0440419563247459,-0.045766867429018));
#2560=CARTESIAN_POINT('',(-0.013,0.0440419563247459,-0.045766867429018));
#2561=CARTESIAN_POINT('',(0.013,0.0394116470158228,-0.045766867429018));
#2562=CARTESIAN_POINT('',(0.0113690310025088,0.0368937232423097,-0.045766867429018));
#2563=CARTESIAN_POINT('',(0.01,0.0394116470158228,-0.045766867429018));
#2564=CARTESIAN_POINT('',(-2.94902990916057E-17,0.01934197732497,-0.045766867429018));
#2565=CARTESIAN_POINT('',(0.0175517459173397,0.0307110083274787,-0.045766867429018));
#2566=CARTESIAN_POINT('',(0.0200696696908528,0.03234197732497,-0.045766867429018));
#2567=CARTESIAN_POINT('',(0.0200696696908528,0.0293419773249699,-0.045766867429018));
#2568=CARTESIAN_POINT('',(0.0223848243453144,0.0293419773249699,-0.045766867429018));
#2569=CARTESIAN_POINT('',(0.024699978999776,0.0293419773249699,-0.045766867429018));
#2570=CARTESIAN_POINT('',(0.024699978999776,0.03234197732497,-0.045766867429018));
#2571=CARTESIAN_POINT('',(0.0273547331773113,0.0337392175537278,-0.045766867429018));
#2572=CARTESIAN_POINT('',(2.60208521396521E-18,0.01934197732497,-0.045766867429018));
#2573=CARTESIAN_POINT('',(0.0143972402287578,0.0466967105022812,-0.045766867429018));
#2574=CARTESIAN_POINT('',(0.013,0.0440419563247459,-0.045766867429018));
#2575=CARTESIAN_POINT('',(0.01,0.0440419563247459,-0.045766867429018));
#2576=CARTESIAN_POINT('',(0.01,0.0417268016702843,-0.045766867429018));
#2577=CARTESIAN_POINT('',(0.013,0.0664949188907825,-0.045766867429018));
#2578=CARTESIAN_POINT('',(0.0122026523485227,0.063602819874033,-0.045766867429018));
#2579=CARTESIAN_POINT('',(0.01,0.0664949188907825,-0.045766867429018));
#2580=CARTESIAN_POINT('',(-2.60208521396521E-18,0.01934197732497,-0.045766867429018));
#2581=CARTESIAN_POINT('',(0.0442608425490629,0.0315446296734927,-0.045766867429018));
#2582=CARTESIAN_POINT('',(0.0471529415658125,0.0323419773249699,-0.045766867429018));
#2583=CARTESIAN_POINT('',(0.0471529415658125,0.0293419773249699,-0.045766867429018));
#2584=CARTESIAN_POINT('',(0.0492216322144433,0.0293419773249699,-0.045766867429018));
#2585=CARTESIAN_POINT('',(0.051290322863074,0.0293419773249699,-0.045766867429018));
#2586=CARTESIAN_POINT('',(0.051290322863074,0.0323419773249699,-0.045766867429018));
#2587=CARTESIAN_POINT('',(0.0541983680771227,0.0330790479003212,-0.045766867429018));
#2588=CARTESIAN_POINT('',(-6.93889390390723E-18,0.01934197732497,-0.045766867429018));
#2589=CARTESIAN_POINT('',(0.0137370705753512,0.0735403454020926,-0.045766867429018));
#2590=CARTESIAN_POINT('',(0.013,0.070632300188044,-0.045766867429018));
#2591=CARTESIAN_POINT('',(0.01,0.070632300188044,-0.045766867429018));
#2592=CARTESIAN_POINT('',(0.01,0.0685636095394132,-0.045766867429018));
#2593=CARTESIAN_POINT('',(-1.56125112837912E-17,0.01934197732497,-0.045766867429018));
#2594=CARTESIAN_POINT('',(0.0143972402287578,-0.00801275585234128,-0.045766867429018));
#2595=CARTESIAN_POINT('',(0.0273547331773113,0.00494473709621222,-0.045766867429018));
#2596=CARTESIAN_POINT('',(0.024699978999776,0.00634197732496997,-0.045766867429018));
#2597=CARTESIAN_POINT('',(0.024699978999776,0.00934197732496998,-0.045766867429018));
#2598=CARTESIAN_POINT('',(0.0223848243453144,0.00934197732496998,-0.045766867429018));
#2599=CARTESIAN_POINT('',(0.0200696696908528,0.00934197732496998,-0.045766867429018));
#2600=CARTESIAN_POINT('',(0.0200696696908528,0.00634197732496996,-0.045766867429018));
#2601=CARTESIAN_POINT('',(0.0175517459173397,0.00797294632246121,-0.045766867429018));
#2602=CARTESIAN_POINT('',(-8.67361737988404E-19,0.01934197732497,-0.045766867429018));
#2603=CARTESIAN_POINT('',(0.0113690310025088,0.00179023140763028,-0.045766867429018));
#2604=CARTESIAN_POINT('',(0.013,-0.00072769236588284,-0.045766867429018));
#2605=CARTESIAN_POINT('',(0.01,-0.000727692365882835,-0.045766867429018));
#2606=CARTESIAN_POINT('',(0.01,-0.00304284702034441,-0.045766867429018));
#2607=CARTESIAN_POINT('',(0.01,-0.00535800167480599,-0.045766867429018));
#2608=CARTESIAN_POINT('',(0.013,-0.005358001674806,-0.045766867429018));
#2609=CARTESIAN_POINT('',(-0.0223848243453145,0.00934197732496998,-0.045766867429018));
#2610=CARTESIAN_POINT('',(-0.024699978999776,0.00934197732496999,-0.045766867429018));
#2611=CARTESIAN_POINT('',(-0.0200696696908528,0.00934197732496998,-0.045766867429018));
#2612=CARTESIAN_POINT('',(-0.024699978999776,0.00634197732496997,-0.045766867429018));
#2613=CARTESIAN_POINT('',(-0.0273547331773113,0.00494473709621221,-0.045766867429018));
#2614=CARTESIAN_POINT('',(7.80625564189563E-18,0.01934197732497,-0.045766867429018));
#2615=CARTESIAN_POINT('',(-0.0143972402287578,-0.00801275585234128,-0.045766867429018));
#2616=CARTESIAN_POINT('',(-0.013,-0.005358001674806,-0.045766867429018));
#2617=CARTESIAN_POINT('',(-0.01,-0.00535800167480599,-0.045766867429018));
#2618=CARTESIAN_POINT('',(-0.01,-0.00304284702034441,-0.045766867429018));
#2619=CARTESIAN_POINT('',(-0.01,-0.000727692365882834,-0.045766867429018));
#2620=CARTESIAN_POINT('',(-0.013,-0.000727692365882834,-0.045766867429018));
#2621=CARTESIAN_POINT('',(-0.0113690310025088,0.00179023140763028,-0.045766867429018));
#2622=CARTESIAN_POINT('',(-1.21430643318376E-17,0.01934197732497,-0.045766867429018));
#2623=CARTESIAN_POINT('',(-0.0175517459173397,0.00797294632246122,-0.045766867429018));
#2624=CARTESIAN_POINT('',(-0.0200696696908528,0.00634197732496997,-0.045766867429018));
#2625=CARTESIAN_POINT('',(-2.42861286636753E-17,0.01934197732497,-0.045766867429018));
#2626=CARTESIAN_POINT('',(0.0464327470649756,0.05734197732497,-0.045766867429018));
#2627=CARTESIAN_POINT('',(0.0321385887818504,-0.0313246893416967,-0.045766867429018));
#2628=CARTESIAN_POINT('',(0.033477696647761,-0.0334358004528078,-0.045766867429018));
#2629=CARTESIAN_POINT('',(0.0348168045136714,-0.035546911563919,-0.045766867429018));
#2630=CARTESIAN_POINT('',(0.0241039415863879,-0.01865802267503,-0.045766867429018));
#2631=CARTESIAN_POINT('',(0.0241039415863879,-0.0386580226750301,-0.045766867429018));
#2632=CARTESIAN_POINT('',(0.0146714007511212,-0.0386580226750301,-0.045766867429018));
#2633=CARTESIAN_POINT('',(-0.0241039415863879,-0.0386580226750301,-0.045766867429018));
#2634=CARTESIAN_POINT('',(-0.0241039415863879,-0.01865802267503,-0.045766867429018));
#2635=CARTESIAN_POINT('',(-0.0348168045136714,-0.035546911563919,-0.045766867429018));
#2636=CARTESIAN_POINT('',(-0.033477696647761,-0.0334358004528078,-0.045766867429018));
#2637=CARTESIAN_POINT('',(-0.0321385887818504,-0.0313246893416967,-0.045766867429018));
#2638=CARTESIAN_POINT('',(3.46944695195361E-17,0.01934197732497,-0.045766867429018));
#2639=CARTESIAN_POINT('',(-0.0464327470649755,0.05734197732497,-0.045766867429018));
#2640=CARTESIAN_POINT('',(-0.0483674448593496,0.0589253106583033,-0.045766867429018));
#2641=CARTESIAN_POINT('',(-0.0503021426537236,0.0605086439916366,-0.045766867429018));
#2642=CARTESIAN_POINT('',(-0.0319225136071708,0.08296697732497,-0.045766867429018));
#2643=CARTESIAN_POINT('',(-0.0200217890482711,0.0975086439916366,-0.045766867429018));
#2644=CARTESIAN_POINT('',(-0.00454420669327916,0.08484197732497,-0.045766867429018));
#2645=CARTESIAN_POINT('',(-0.00454420669327916,0.10484197732497,-0.045766867429018));
#2646=CARTESIAN_POINT('',(-0.00701013876143301,0.10484197732497,-0.045766867429018));
#2647=CARTESIAN_POINT('',(0.00454420669327916,0.10484197732497,-0.045766867429018));
#2648=CARTESIAN_POINT('',(0.00454420669327916,0.08484197732497,-0.045766867429018));
#2649=CARTESIAN_POINT('',(0.0200217890482711,0.0975086439916366,-0.045766867429018));
#2650=CARTESIAN_POINT('',(0.0319225136071708,0.08296697732497,-0.045766867429018));
#2651=CARTESIAN_POINT('',(0.0503021426537235,0.0605086439916367,-0.045766867429018));
#2652=CARTESIAN_POINT('',(0.0483674448593496,0.0589253106583033,-0.045766867429018));
#2653=CARTESIAN_POINT('',(-0.0319225136071708,0.08296697732497,-0.045766867429018));
#2654=CARTESIAN_POINT('',(-0.0319225136071708,0.08296697732497,-0.040766867429018));
#2655=CARTESIAN_POINT('',(-0.0200217890482711,0.0975086439916366,-0.040766867429018));
#2656=CARTESIAN_POINT('',(-0.0503021426537236,0.0605086439916366,-0.040766867429018));
#2657=CARTESIAN_POINT('',(-0.0200217890482711,0.0975086439916366,-0.045766867429018));
#2658=CARTESIAN_POINT('',(-0.0503021426537236,0.0605086439916366,-0.045766867429018));
#2659=CARTESIAN_POINT('',(0.0319225136071708,0.08296697732497,-0.045766867429018));
#2660=CARTESIAN_POINT('',(0.0200217890482711,0.0975086439916366,-0.045766867429018));
#2661=CARTESIAN_POINT('',(0.0200217890482711,0.0975086439916366,-0.040766867429018));
#2662=CARTESIAN_POINT('',(0.0319225136071708,0.08296697732497,-0.040766867429018));
#2663=CARTESIAN_POINT('',(0.0503021426537235,0.0605086439916367,-0.040766867429018));
#2664=CARTESIAN_POINT('',(0.0503021426537235,0.0605086439916367,-0.045766867429018));
#2665=CARTESIAN_POINT('',(-1.7347234759768E-17,0.01934197732497,-0.045766867429018));
#2666=CARTESIAN_POINT('',(-0.0503021426537236,0.0605086439916366,-0.064766867429018));
#2667=CARTESIAN_POINT('',(-0.0503021426537236,0.0605086439916366,-0.064766867429018));
#2668=CARTESIAN_POINT('',(-1.7347234759768E-17,0.01934197732497,-0.064766867429018));
#2669=CARTESIAN_POINT('',(-0.0348168045136714,-0.035546911563919,-0.064766867429018));
#2670=CARTESIAN_POINT('',(-0.0348168045136714,-0.035546911563919,-0.064766867429018));
#2671=CARTESIAN_POINT('',(-0.0348168045136714,-0.035546911563919,-0.045766867429018));
#2672=CARTESIAN_POINT('',(-0.0348168045136714,-0.035546911563919,-0.040766867429018));
#2673=CARTESIAN_POINT('',(-1.7347234759768E-17,0.01934197732497,-0.040766867429018));
#2674=CARTESIAN_POINT('',(0.,0.03309197732497,-0.040766867429018));
#2675=CARTESIAN_POINT('',(-0.01,0.03309197732497,-0.040766867429018));
#2676=CARTESIAN_POINT('',(-0.01,0.0664949188907825,-0.040766867429018));
#2677=CARTESIAN_POINT('',(-0.01,0.070632300188044,-0.040766867429018));
#2678=CARTESIAN_POINT('',(-0.013,0.0664949188907825,-0.040766867429018));
#2679=CARTESIAN_POINT('',(-0.0122026523485228,0.063602819874033,-0.040766867429018));
#2680=CARTESIAN_POINT('',(-5.20417042793042E-18,0.01934197732497,-0.040766867429018));
#2681=CARTESIAN_POINT('',(-0.044260842549063,0.0315446296734927,-0.040766867429018));
#2682=CARTESIAN_POINT('',(-0.0471529415658125,0.0323419773249699,-0.040766867429018));
#2683=CARTESIAN_POINT('',(-0.0471529415658125,0.0293419773249699,-0.040766867429018));
#2684=CARTESIAN_POINT('',(0.,0.0293419773249699,-0.040766867429018));
#2685=CARTESIAN_POINT('',(-0.051290322863074,0.0293419773249699,-0.040766867429018));
#2686=CARTESIAN_POINT('',(-0.051290322863074,0.0323419773249699,-0.040766867429018));
#2687=CARTESIAN_POINT('',(-0.0541983680771227,0.0330790479003212,-0.040766867429018));
#2688=CARTESIAN_POINT('',(-8.67361737988404E-19,0.01934197732497,-0.040766867429018));
#2689=CARTESIAN_POINT('',(-0.0137370705753512,0.0735403454020926,-0.040766867429018));
#2690=CARTESIAN_POINT('',(-0.013,0.070632300188044,-0.040766867429018));
#2691=CARTESIAN_POINT('',(0.,0.00934197732496998,-0.040766867429018));
#2692=CARTESIAN_POINT('',(-0.0471529415658125,0.00934197732496998,-0.040766867429018));
#2693=CARTESIAN_POINT('',(-0.051290322863074,0.00934197732496998,-0.040766867429018));
#2694=CARTESIAN_POINT('',(-0.0471529415658125,0.00634197732496999,-0.040766867429018));
#2695=CARTESIAN_POINT('',(-0.044260842549063,0.00713932497644723,-0.040766867429018));
#2696=CARTESIAN_POINT('',(-5.20417042793042E-18,0.01934197732497,-0.040766867429018));
#2697=CARTESIAN_POINT('',(-0.0122026523485228,-0.024918865224093,-0.040766867429018));
#2698=CARTESIAN_POINT('',(-0.013,-0.0278109642408426,-0.040766867429018));
#2699=CARTESIAN_POINT('',(-0.01,-0.0278109642408426,-0.040766867429018));
#2700=CARTESIAN_POINT('',(-0.01,0.03309197732497,-0.040766867429018));
#2701=CARTESIAN_POINT('',(-0.01,-0.031948345538104,-0.040766867429018));
#2702=CARTESIAN_POINT('',(-0.013,-0.031948345538104,-0.040766867429018));
#2703=CARTESIAN_POINT('',(-0.0137370705753512,-0.0348563907521527,-0.040766867429018));
#2704=CARTESIAN_POINT('',(-2.86229373536173E-17,0.01934197732497,-0.040766867429018));
#2705=CARTESIAN_POINT('',(-0.0541983680771227,0.00560490674961882,-0.040766867429018));
#2706=CARTESIAN_POINT('',(-0.051290322863074,0.00634197732496999,-0.040766867429018));
#2707=CARTESIAN_POINT('',(0.024699978999776,0.00634197732496997,-0.040766867429018));
#2708=CARTESIAN_POINT('',(0.0273547331773113,0.00494473709621222,-0.040766867429018));
#2709=CARTESIAN_POINT('',(0.024699978999776,0.00934197732496998,-0.040766867429018));
#2710=CARTESIAN_POINT('',(-1.56125112837912E-17,0.01934197732497,-0.040766867429018));
#2711=CARTESIAN_POINT('',(0.0143972402287578,-0.00801275585234128,-0.040766867429018));
#2712=CARTESIAN_POINT('',(0.013,-0.005358001674806,-0.040766867429018));
#2713=CARTESIAN_POINT('',(0.01,-0.00535800167480599,-0.040766867429018));
#2714=CARTESIAN_POINT('',(0.01,0.0330919773249699,-0.040766867429018));
#2715=CARTESIAN_POINT('',(0.01,-0.000727692365882835,-0.040766867429018));
#2716=CARTESIAN_POINT('',(0.013,-0.00072769236588284,-0.040766867429018));
#2717=CARTESIAN_POINT('',(0.0113690310025088,0.00179023140763028,-0.040766867429018));
#2718=CARTESIAN_POINT('',(-8.67361737988404E-19,0.01934197732497,-0.040766867429018));
#2719=CARTESIAN_POINT('',(0.0175517459173397,0.00797294632246121,-0.040766867429018));
#2720=CARTESIAN_POINT('',(0.0200696696908528,0.00634197732496996,-0.040766867429018));
#2721=CARTESIAN_POINT('',(0.0200696696908528,0.00934197732496999,-0.040766867429018));
#2722=CARTESIAN_POINT('',(-8.89782513558058E-18,0.00934197732496999,-0.040766867429018));
#2723=CARTESIAN_POINT('',(-2.60208521396521E-18,0.01934197732497,-0.040766867429018));
#2724=CARTESIAN_POINT('',(0.0122026523485227,0.063602819874033,-0.040766867429018));
#2725=CARTESIAN_POINT('',(0.0442608425490629,0.0315446296734927,-0.040766867429018));
#2726=CARTESIAN_POINT('',(0.013,0.0664949188907825,-0.040766867429018));
#2727=CARTESIAN_POINT('',(0.01,0.0664949188907825,-0.040766867429018));
#2728=CARTESIAN_POINT('',(0.01,0.03309197732497,-0.040766867429018));
#2729=CARTESIAN_POINT('',(0.01,0.070632300188044,-0.040766867429018));
#2730=CARTESIAN_POINT('',(0.013,0.070632300188044,-0.040766867429018));
#2731=CARTESIAN_POINT('',(0.0137370705753512,0.0735403454020926,-0.040766867429018));
#2732=CARTESIAN_POINT('',(-6.93889390390723E-18,0.01934197732497,-0.040766867429018));
#2733=CARTESIAN_POINT('',(0.0541983680771227,0.0330790479003212,-0.040766867429018));
#2734=CARTESIAN_POINT('',(0.051290322863074,0.0323419773249699,-0.040766867429018));
#2735=CARTESIAN_POINT('',(0.051290322863074,0.0293419773249699,-0.040766867429018));
#2736=CARTESIAN_POINT('',(0.,0.0293419773249699,-0.040766867429018));
#2737=CARTESIAN_POINT('',(0.0471529415658125,0.0293419773249699,-0.040766867429018));
#2738=CARTESIAN_POINT('',(0.0471529415658125,0.0323419773249699,-0.040766867429018));
#2739=CARTESIAN_POINT('',(-2.94902990916057E-17,0.01934197732497,-0.040766867429018));
#2740=CARTESIAN_POINT('',(0.0113690310025088,0.0368937232423097,-0.040766867429018));
#2741=CARTESIAN_POINT('',(0.0175517459173397,0.0307110083274787,-0.040766867429018));
#2742=CARTESIAN_POINT('',(0.013,0.0394116470158228,-0.040766867429018));
#2743=CARTESIAN_POINT('',(0.01,0.0394116470158228,-0.040766867429018));
#2744=CARTESIAN_POINT('',(0.01,0.03309197732497,-0.040766867429018));
#2745=CARTESIAN_POINT('',(0.01,0.0440419563247459,-0.040766867429018));
#2746=CARTESIAN_POINT('',(0.013,0.0440419563247459,-0.040766867429018));
#2747=CARTESIAN_POINT('',(0.0143972402287578,0.0466967105022812,-0.040766867429018));
#2748=CARTESIAN_POINT('',(2.60208521396521E-18,0.01934197732497,-0.040766867429018));
#2749=CARTESIAN_POINT('',(0.0273547331773113,0.0337392175537278,-0.040766867429018));
#2750=CARTESIAN_POINT('',(0.024699978999776,0.03234197732497,-0.040766867429018));
#2751=CARTESIAN_POINT('',(0.024699978999776,0.0293419773249699,-0.040766867429018));
#2752=CARTESIAN_POINT('',(0.,0.0293419773249699,-0.040766867429018));
#2753=CARTESIAN_POINT('',(0.0200696696908528,0.0293419773249699,-0.040766867429018));
#2754=CARTESIAN_POINT('',(0.0200696696908528,0.03234197732497,-0.040766867429018));
#2755=CARTESIAN_POINT('',(-0.024699978999776,0.03234197732497,-0.040766867429018));
#2756=CARTESIAN_POINT('',(-0.0273547331773113,0.0337392175537278,-0.040766867429018));
#2757=CARTESIAN_POINT('',(-0.024699978999776,0.0293419773249699,-0.040766867429018));
#2758=CARTESIAN_POINT('',(-3.46944695195361E-18,0.01934197732497,-0.040766867429018));
#2759=CARTESIAN_POINT('',(-0.0143972402287578,0.0466967105022812,-0.040766867429018));
#2760=CARTESIAN_POINT('',(-0.013,0.0440419563247459,-0.040766867429018));
#2761=CARTESIAN_POINT('',(-0.01,0.0440419563247459,-0.040766867429018));
#2762=CARTESIAN_POINT('',(-0.01,0.03309197732497,-0.040766867429018));
#2763=CARTESIAN_POINT('',(-0.01,0.0394116470158228,-0.040766867429018));
#2764=CARTESIAN_POINT('',(-0.013,0.0394116470158228,-0.040766867429018));
#2765=CARTESIAN_POINT('',(-0.0113690310025088,0.0368937232423097,-0.040766867429018));
#2766=CARTESIAN_POINT('',(8.67361737988404E-18,0.01934197732497,-0.040766867429018));
#2767=CARTESIAN_POINT('',(-0.0175517459173397,0.0307110083274787,-0.040766867429018));
#2768=CARTESIAN_POINT('',(-0.0200696696908528,0.03234197732497,-0.040766867429018));
#2769=CARTESIAN_POINT('',(-0.0200696696908528,0.0293419773249699,-0.040766867429018));
#2770=CARTESIAN_POINT('',(0.,0.0293419773249699,-0.040766867429018));
#2771=CARTESIAN_POINT('',(0.013,-0.031948345538104,-0.040766867429018));
#2772=CARTESIAN_POINT('',(0.01,-0.031948345538104,-0.040766867429018));
#2773=CARTESIAN_POINT('',(0.0137370705753511,-0.0348563907521527,-0.040766867429018));
#2774=CARTESIAN_POINT('',(0.01,0.03309197732497,-0.040766867429018));
#2775=CARTESIAN_POINT('',(0.01,-0.0278109642408426,-0.040766867429018));
#2776=CARTESIAN_POINT('',(0.013,-0.0278109642408426,-0.040766867429018));
#2777=CARTESIAN_POINT('',(0.0122026523485227,-0.024918865224093,-0.040766867429018));
#2778=CARTESIAN_POINT('',(-4.33680868994202E-18,0.01934197732497,-0.040766867429018));
#2779=CARTESIAN_POINT('',(0.0442608425490629,0.00713932497644722,-0.040766867429018));
#2780=CARTESIAN_POINT('',(0.0471529415658125,0.00634197732496998,-0.040766867429018));
#2781=CARTESIAN_POINT('',(0.0471529415658125,0.00934197732496999,-0.040766867429018));
#2782=CARTESIAN_POINT('',(0.,0.00934197732496998,-0.040766867429018));
#2783=CARTESIAN_POINT('',(0.051290322863074,0.00934197732496998,-0.040766867429018));
#2784=CARTESIAN_POINT('',(0.051290322863074,0.00634197732496998,-0.040766867429018));
#2785=CARTESIAN_POINT('',(0.0541983680771227,0.00560490674961882,-0.040766867429018));
#2786=CARTESIAN_POINT('',(0.,0.01934197732497,-0.040766867429018));
#2787=CARTESIAN_POINT('',(-3.90312782094781E-18,0.01934197732497,-0.040766867429018));
#2788=CARTESIAN_POINT('',(-0.0023,0.01934197732497,-0.040766867429018));
#2789=CARTESIAN_POINT('',(-0.0175,0.08634197732497,-0.040766867429018));
#2790=CARTESIAN_POINT('',(-0.0198,0.08634197732497,-0.040766867429018));
#2791=CARTESIAN_POINT('',(0.0175000000000003,0.08634197732497,-0.040766867429018));
#2792=CARTESIAN_POINT('',(0.0152,0.08634197732497,-0.040766867429018));
#2793=CARTESIAN_POINT('',(-0.0241039415863879,-0.01865802267503,-0.040766867429018));
#2794=CARTESIAN_POINT('',(-0.0241039415863879,-0.0386580226750301,-0.040766867429018));
#2795=CARTESIAN_POINT('',(0.,-0.0386580226750301,-0.040766867429018));
#2796=CARTESIAN_POINT('',(0.0241039415863879,-0.0386580226750301,-0.040766867429018));
#2797=CARTESIAN_POINT('',(0.0241039415863879,-0.01865802267503,-0.040766867429018));
#2798=CARTESIAN_POINT('',(0.0348168045136714,-0.035546911563919,-0.040766867429018));
#2799=CARTESIAN_POINT('',(-1.7347234759768E-17,0.01934197732497,-0.040766867429018));
#2800=CARTESIAN_POINT('',(0.00454420669327916,0.08484197732497,-0.040766867429018));
#2801=CARTESIAN_POINT('',(0.00454420669327916,0.10484197732497,-0.040766867429018));
#2802=CARTESIAN_POINT('',(0.,0.10484197732497,-0.040766867429018));
#2803=CARTESIAN_POINT('',(-0.00454420669327916,0.10484197732497,-0.040766867429018));
#2804=CARTESIAN_POINT('',(-0.00454420669327916,0.08484197732497,-0.040766867429018));
#2805=CARTESIAN_POINT('',(-4.31338449866218E-18,0.09434197732497,-0.040766867429018));
#2806=CARTESIAN_POINT('',(-0.0067,0.09434197732497,-0.040766867429018));
#2807=CARTESIAN_POINT('',(-0.024699978999776,0.00634197732496997,-0.040766867429018));
#2808=CARTESIAN_POINT('',(-0.0273547331773113,0.00494473709621221,-0.040766867429018));
#2809=CARTESIAN_POINT('',(-0.024699978999776,0.00934197732496999,-0.040766867429018));
#2810=CARTESIAN_POINT('',(0.,0.00934197732496998,-0.040766867429018));
#2811=CARTESIAN_POINT('',(-0.0200696696908528,0.00934197732496998,-0.040766867429018));
#2812=CARTESIAN_POINT('',(-0.0200696696908528,0.00634197732496997,-0.040766867429018));
#2813=CARTESIAN_POINT('',(-0.0175517459173397,0.00797294632246122,-0.040766867429018));
#2814=CARTESIAN_POINT('',(-1.21430643318376E-17,0.01934197732497,-0.040766867429018));
#2815=CARTESIAN_POINT('',(-0.0113690310025088,0.00179023140763028,-0.040766867429018));
#2816=CARTESIAN_POINT('',(-0.013,-0.000727692365882834,-0.040766867429018));
#2817=CARTESIAN_POINT('',(-0.01,-0.000727692365882834,-0.040766867429018));
#2818=CARTESIAN_POINT('',(-0.01,0.0330919773249699,-0.040766867429018));
#2819=CARTESIAN_POINT('',(-0.01,-0.00535800167480599,-0.040766867429018));
#2820=CARTESIAN_POINT('',(-0.013,-0.005358001674806,-0.040766867429018));
#2821=CARTESIAN_POINT('',(-0.0143972402287578,-0.00801275585234128,-0.040766867429018));
#2822=CARTESIAN_POINT('',(7.80625564189563E-18,0.01934197732497,-0.040766867429018));
#2823=CARTESIAN_POINT('',(-1.7347234759768E-17,0.01934197732497,-0.045766867429018));
#2824=CARTESIAN_POINT('',(0.0348168045136714,-0.035546911563919,-0.045766867429018));
#2825=CARTESIAN_POINT('',(0.0348168045136714,-0.035546911563919,-0.064766867429018));
#2826=CARTESIAN_POINT('',(0.0348168045136714,-0.035546911563919,-0.064766867429018));
#2827=CARTESIAN_POINT('',(-1.7347234759768E-17,0.01934197732497,-0.064766867429018));
#2828=CARTESIAN_POINT('',(0.0503021426537235,0.0605086439916367,-0.064766867429018));
#2829=CARTESIAN_POINT('',(0.0503021426537235,0.0605086439916367,-0.064766867429018));
#2830=CARTESIAN_POINT('',(0.0175000000000003,0.08634197732497,-0.045766867429018));
#2831=CARTESIAN_POINT('',(-0.0175,0.08634197732497,-0.045766867429018));
#2832=CARTESIAN_POINT('',(-3.90312782094781E-18,0.01934197732497,-0.045766867429018));
#2833=CARTESIAN_POINT('',(-4.31338449866218E-18,0.09434197732497,-0.045766867429018));
#2834=CARTESIAN_POINT('',(0.013,-0.031948345538104,-0.020766867429018));
#2835=CARTESIAN_POINT('',(0.0137370705753511,-0.0348563907521527,-0.020766867429018));
#2836=CARTESIAN_POINT('',(0.01,-0.031948345538104,-0.020766867429018));
#2837=CARTESIAN_POINT('',(0.01,-0.0298796548894733,-0.020766867429018));
#2838=CARTESIAN_POINT('',(0.01,-0.0278109642408426,-0.020766867429018));
#2839=CARTESIAN_POINT('',(0.013,-0.0278109642408426,-0.020766867429018));
#2840=CARTESIAN_POINT('',(0.0122026523485227,-0.024918865224093,-0.020766867429018));
#2841=CARTESIAN_POINT('',(-4.33680868994202E-18,0.01934197732497,-0.020766867429018));
#2842=CARTESIAN_POINT('',(0.0442608425490629,0.00713932497644722,-0.020766867429018));
#2843=CARTESIAN_POINT('',(0.0471529415658125,0.00634197732496998,-0.020766867429018));
#2844=CARTESIAN_POINT('',(0.0471529415658125,0.00934197732496999,-0.020766867429018));
#2845=CARTESIAN_POINT('',(0.0492216322144433,0.00934197732496998,-0.020766867429018));
#2846=CARTESIAN_POINT('',(0.051290322863074,0.00934197732496998,-0.020766867429018));
#2847=CARTESIAN_POINT('',(0.051290322863074,0.00634197732496998,-0.020766867429018));
#2848=CARTESIAN_POINT('',(0.0541983680771227,0.00560490674961882,-0.020766867429018));
#2849=CARTESIAN_POINT('',(0.,0.01934197732497,-0.020766867429018));
#2850=CARTESIAN_POINT('',(-0.024699978999776,0.03234197732497,-0.020766867429018));
#2851=CARTESIAN_POINT('',(-0.024699978999776,0.0293419773249699,-0.020766867429018));
#2852=CARTESIAN_POINT('',(-0.0273547331773113,0.0337392175537278,-0.020766867429018));
#2853=CARTESIAN_POINT('',(-3.46944695195361E-18,0.01934197732497,-0.020766867429018));
#2854=CARTESIAN_POINT('',(-0.0143972402287578,0.0466967105022812,-0.020766867429018));
#2855=CARTESIAN_POINT('',(-0.013,0.0440419563247459,-0.020766867429018));
#2856=CARTESIAN_POINT('',(-0.01,0.0440419563247459,-0.020766867429018));
#2857=CARTESIAN_POINT('',(-0.01,0.0417268016702843,-0.020766867429018));
#2858=CARTESIAN_POINT('',(-0.01,0.0394116470158228,-0.020766867429018));
#2859=CARTESIAN_POINT('',(-0.013,0.0394116470158228,-0.020766867429018));
#2860=CARTESIAN_POINT('',(-0.0113690310025088,0.0368937232423097,-0.020766867429018));
#2861=CARTESIAN_POINT('',(8.67361737988404E-18,0.01934197732497,-0.020766867429018));
#2862=CARTESIAN_POINT('',(-0.0175517459173397,0.0307110083274787,-0.020766867429018));
#2863=CARTESIAN_POINT('',(-0.0200696696908528,0.03234197732497,-0.020766867429018));
#2864=CARTESIAN_POINT('',(-0.0200696696908528,0.0293419773249699,-0.020766867429018));
#2865=CARTESIAN_POINT('',(-0.0223848243453145,0.0293419773249699,-0.020766867429018));
#2866=CARTESIAN_POINT('',(-2.94902990916057E-17,0.01934197732497,-0.020766867429018));
#2867=CARTESIAN_POINT('',(0.0175517459173397,0.0307110083274787,-0.020766867429018));
#2868=CARTESIAN_POINT('',(0.0113690310025088,0.0368937232423097,-0.020766867429018));
#2869=CARTESIAN_POINT('',(0.013,0.0394116470158228,-0.020766867429018));
#2870=CARTESIAN_POINT('',(0.01,0.0394116470158228,-0.020766867429018));
#2871=CARTESIAN_POINT('',(0.01,0.0417268016702843,-0.020766867429018));
#2872=CARTESIAN_POINT('',(0.01,0.0440419563247459,-0.020766867429018));
#2873=CARTESIAN_POINT('',(0.013,0.0440419563247459,-0.020766867429018));
#2874=CARTESIAN_POINT('',(0.0143972402287578,0.0466967105022812,-0.020766867429018));
#2875=CARTESIAN_POINT('',(2.60208521396521E-18,0.01934197732497,-0.020766867429018));
#2876=CARTESIAN_POINT('',(0.0273547331773113,0.0337392175537278,-0.020766867429018));
#2877=CARTESIAN_POINT('',(0.024699978999776,0.03234197732497,-0.020766867429018));
#2878=CARTESIAN_POINT('',(0.024699978999776,0.0293419773249699,-0.020766867429018));
#2879=CARTESIAN_POINT('',(0.0223848243453144,0.0293419773249699,-0.020766867429018));
#2880=CARTESIAN_POINT('',(0.0200696696908528,0.0293419773249699,-0.020766867429018));
#2881=CARTESIAN_POINT('',(0.0200696696908528,0.03234197732497,-0.020766867429018));
#2882=CARTESIAN_POINT('',(-2.60208521396521E-18,0.01934197732497,-0.020766867429018));
#2883=CARTESIAN_POINT('',(0.0442608425490629,0.0315446296734927,-0.020766867429018));
#2884=CARTESIAN_POINT('',(0.0122026523485227,0.063602819874033,-0.020766867429018));
#2885=CARTESIAN_POINT('',(0.013,0.0664949188907825,-0.020766867429018));
#2886=CARTESIAN_POINT('',(0.01,0.0664949188907825,-0.020766867429018));
#2887=CARTESIAN_POINT('',(0.01,0.0685636095394132,-0.020766867429018));
#2888=CARTESIAN_POINT('',(0.01,0.070632300188044,-0.020766867429018));
#2889=CARTESIAN_POINT('',(0.013,0.070632300188044,-0.020766867429018));
#2890=CARTESIAN_POINT('',(0.0137370705753512,0.0735403454020926,-0.020766867429018));
#2891=CARTESIAN_POINT('',(-6.93889390390723E-18,0.01934197732497,-0.020766867429018));
#2892=CARTESIAN_POINT('',(0.0541983680771227,0.0330790479003212,-0.020766867429018));
#2893=CARTESIAN_POINT('',(0.051290322863074,0.0323419773249699,-0.020766867429018));
#2894=CARTESIAN_POINT('',(0.051290322863074,0.0293419773249699,-0.020766867429018));
#2895=CARTESIAN_POINT('',(0.0492216322144433,0.0293419773249699,-0.020766867429018));
#2896=CARTESIAN_POINT('',(0.0471529415658125,0.0293419773249699,-0.020766867429018));
#2897=CARTESIAN_POINT('',(0.0471529415658125,0.0323419773249699,-0.020766867429018));
#2898=CARTESIAN_POINT('',(0.024699978999776,0.00634197732496997,-0.020766867429018));
#2899=CARTESIAN_POINT('',(0.024699978999776,0.00934197732496998,-0.020766867429018));
#2900=CARTESIAN_POINT('',(0.0273547331773113,0.00494473709621222,-0.020766867429018));
#2901=CARTESIAN_POINT('',(-1.56125112837912E-17,0.01934197732497,-0.020766867429018));
#2902=CARTESIAN_POINT('',(0.0143972402287578,-0.00801275585234128,-0.020766867429018));
#2903=CARTESIAN_POINT('',(0.013,-0.005358001674806,-0.020766867429018));
#2904=CARTESIAN_POINT('',(0.01,-0.00535800167480599,-0.020766867429018));
#2905=CARTESIAN_POINT('',(0.01,-0.00304284702034441,-0.020766867429018));
#2906=CARTESIAN_POINT('',(0.01,-0.000727692365882835,-0.020766867429018));
#2907=CARTESIAN_POINT('',(0.013,-0.00072769236588284,-0.020766867429018));
#2908=CARTESIAN_POINT('',(0.0113690310025088,0.00179023140763028,-0.020766867429018));
#2909=CARTESIAN_POINT('',(-8.67361737988404E-19,0.01934197732497,-0.020766867429018));
#2910=CARTESIAN_POINT('',(0.0175517459173397,0.00797294632246121,-0.020766867429018));
#2911=CARTESIAN_POINT('',(0.0200696696908528,0.00634197732496996,-0.020766867429018));
#2912=CARTESIAN_POINT('',(0.0200696696908528,0.00934197732496999,-0.020766867429018));
#2913=CARTESIAN_POINT('',(0.0223848243453144,0.00934197732496998,-0.020766867429018));
#2914=CARTESIAN_POINT('',(-0.0223848243453145,0.00934197732496998,-0.020766867429018));
#2915=CARTESIAN_POINT('',(-0.024699978999776,0.00934197732496999,-0.020766867429018));
#2916=CARTESIAN_POINT('',(-0.0200696696908528,0.00934197732496998,-0.020766867429018));
#2917=CARTESIAN_POINT('',(-0.0200696696908528,0.00634197732496997,-0.020766867429018));
#2918=CARTESIAN_POINT('',(-0.0175517459173397,0.00797294632246122,-0.020766867429018));
#2919=CARTESIAN_POINT('',(-1.21430643318376E-17,0.01934197732497,-0.020766867429018));
#2920=CARTESIAN_POINT('',(-0.0113690310025088,0.00179023140763028,-0.020766867429018));
#2921=CARTESIAN_POINT('',(-0.013,-0.000727692365882834,-0.020766867429018));
#2922=CARTESIAN_POINT('',(-0.01,-0.000727692365882834,-0.020766867429018));
#2923=CARTESIAN_POINT('',(-0.01,-0.00304284702034441,-0.020766867429018));
#2924=CARTESIAN_POINT('',(-0.01,-0.00535800167480599,-0.020766867429018));
#2925=CARTESIAN_POINT('',(-0.013,-0.005358001674806,-0.020766867429018));
#2926=CARTESIAN_POINT('',(-0.0143972402287578,-0.00801275585234128,-0.020766867429018));
#2927=CARTESIAN_POINT('',(7.80625564189563E-18,0.01934197732497,-0.020766867429018));
#2928=CARTESIAN_POINT('',(-0.0273547331773113,0.00494473709621221,-0.020766867429018));
#2929=CARTESIAN_POINT('',(-0.024699978999776,0.00634197732496997,-0.020766867429018));
#2930=CARTESIAN_POINT('',(-0.0492216322144433,0.00934197732496998,-0.020766867429018));
#2931=CARTESIAN_POINT('',(-0.051290322863074,0.00934197732496998,-0.020766867429018));
#2932=CARTESIAN_POINT('',(-0.0471529415658125,0.00934197732496998,-0.020766867429018));
#2933=CARTESIAN_POINT('',(-0.0471529415658125,0.00634197732496999,-0.020766867429018));
#2934=CARTESIAN_POINT('',(-0.044260842549063,0.00713932497644723,-0.020766867429018));
#2935=CARTESIAN_POINT('',(-5.20417042793042E-18,0.01934197732497,-0.020766867429018));
#2936=CARTESIAN_POINT('',(-0.0122026523485228,-0.024918865224093,-0.020766867429018));
#2937=CARTESIAN_POINT('',(-0.013,-0.0278109642408426,-0.020766867429018));
#2938=CARTESIAN_POINT('',(-0.01,-0.0278109642408426,-0.020766867429018));
#2939=CARTESIAN_POINT('',(-0.01,-0.0298796548894733,-0.020766867429018));
#2940=CARTESIAN_POINT('',(-0.01,-0.031948345538104,-0.020766867429018));
#2941=CARTESIAN_POINT('',(-0.013,-0.031948345538104,-0.020766867429018));
#2942=CARTESIAN_POINT('',(-0.0137370705753512,-0.0348563907521527,-0.020766867429018));
#2943=CARTESIAN_POINT('',(-2.86229373536173E-17,0.01934197732497,-0.020766867429018));
#2944=CARTESIAN_POINT('',(-0.0541983680771227,0.00560490674961882,-0.020766867429018));
#2945=CARTESIAN_POINT('',(-0.051290322863074,0.00634197732496999,-0.020766867429018));
#2946=CARTESIAN_POINT('',(-0.01,0.0685636095394132,-0.020766867429018));
#2947=CARTESIAN_POINT('',(-0.01,0.070632300188044,-0.020766867429018));
#2948=CARTESIAN_POINT('',(-0.01,0.0664949188907825,-0.020766867429018));
#2949=CARTESIAN_POINT('',(-0.013,0.0664949188907825,-0.020766867429018));
#2950=CARTESIAN_POINT('',(-0.0122026523485228,0.063602819874033,-0.020766867429018));
#2951=CARTESIAN_POINT('',(-5.20417042793042E-18,0.01934197732497,-0.020766867429018));
#2952=CARTESIAN_POINT('',(-0.044260842549063,0.0315446296734927,-0.020766867429018));
#2953=CARTESIAN_POINT('',(-0.0471529415658125,0.0323419773249699,-0.020766867429018));
#2954=CARTESIAN_POINT('',(-0.0471529415658125,0.0293419773249699,-0.020766867429018));
#2955=CARTESIAN_POINT('',(-0.0492216322144433,0.0293419773249699,-0.020766867429018));
#2956=CARTESIAN_POINT('',(-0.051290322863074,0.0293419773249699,-0.020766867429018));
#2957=CARTESIAN_POINT('',(-0.051290322863074,0.0323419773249699,-0.020766867429018));
#2958=CARTESIAN_POINT('',(-0.0541983680771227,0.0330790479003212,-0.020766867429018));
#2959=CARTESIAN_POINT('',(-8.67361737988404E-19,0.01934197732497,-0.020766867429018));
#2960=CARTESIAN_POINT('',(-0.0137370705753512,0.0735403454020926,-0.020766867429018));
#2961=CARTESIAN_POINT('',(-0.013,0.070632300188044,-0.020766867429018));
#2962=CARTESIAN_POINT('',(0.0146714007511212,-0.0386580226750301,-0.020766867429018));
#2963=CARTESIAN_POINT('',(-0.0241039415863879,-0.0386580226750301,-0.020766867429018));
#2964=CARTESIAN_POINT('',(0.0241039415863879,-0.0386580226750301,-0.020766867429018));
#2965=CARTESIAN_POINT('',(-0.00701013876143301,0.10484197732497,-0.020766867429018));
#2966=CARTESIAN_POINT('',(-0.00454420669327916,0.10484197732497,-0.040766867429018));
#2967=CARTESIAN_POINT('',(0.00454420669327916,0.10484197732497,-0.020766867429018));
#2968=CARTESIAN_POINT('',(-0.0241039415863879,-0.01865802267503,-0.045766867429018));
#2969=CARTESIAN_POINT('',(0.0241039415863879,-0.01865802267503,-0.045766867429018));
#2970=CARTESIAN_POINT('',(-0.00454420669327916,0.08484197732497,-0.045766867429018));
#2971=CARTESIAN_POINT('',(0.00454420669327916,0.08484197732497,-0.020766867429018));
#2972=CARTESIAN_POINT('',(3.46944695195361E-17,0.01934197732497,-0.064766867429018));
#2973=CARTESIAN_POINT('',(-0.0321385887818504,-0.0313246893416967,-0.064766867429018));
#2974=CARTESIAN_POINT('',(-0.0321385887818504,-0.0313246893416967,-0.064766867429018));
#2975=CARTESIAN_POINT('',(3.46944695195361E-17,0.01934197732497,-0.064766867429018));
#2976=CARTESIAN_POINT('',(-0.0464327470649756,0.05734197732497,-0.064766867429018));
#2977=CARTESIAN_POINT('',(-0.0464327470649756,0.05734197732497,-0.064766867429018));
#2978=CARTESIAN_POINT('',(-0.033477696647761,-0.0334358004528078,-0.064766867429018));
#2979=CARTESIAN_POINT('',(-0.033477696647761,-0.0334358004528078,-0.064766867429018));
#2980=CARTESIAN_POINT('',(-0.0483674448593496,0.0589253106583033,-0.064766867429018));
#2981=CARTESIAN_POINT('',(-0.0483674448593496,0.0589253106583033,-0.064766867429018));
#2982=CARTESIAN_POINT('',(-1.38777878078145E-17,0.0330919773249699,-0.064766867429018));
#2983=CARTESIAN_POINT('',(0.033477696647761,-0.0334358004528078,-0.064766867429018));
#2984=CARTESIAN_POINT('',(0.0321385887818504,-0.0313246893416967,-0.064766867429018));
#2985=CARTESIAN_POINT('',(0.0321385887818504,-0.0313246893416967,-0.064766867429018));
#2986=CARTESIAN_POINT('',(0.033477696647761,-0.0334358004528078,-0.064766867429018));
#2987=CARTESIAN_POINT('',(-2.42861286636753E-17,0.01934197732497,-0.064766867429018));
#2988=CARTESIAN_POINT('',(0.0464327470649756,0.05734197732497,-0.064766867429018));
#2989=CARTESIAN_POINT('',(0.0464327470649756,0.05734197732497,-0.064766867429018));
#2990=CARTESIAN_POINT('',(-2.42861286636753E-17,0.01934197732497,-0.064766867429018));
#2991=CARTESIAN_POINT('',(0.0483674448593496,0.0589253106583033,-0.064766867429018));
#2992=CARTESIAN_POINT('',(0.0483674448593496,0.0589253106583033,-0.064766867429018));
#2993=CARTESIAN_POINT('',(-1.38777878078145E-17,0.0330919773249699,-0.064766867429018));
#2994=MECHANICAL_DESIGN_GEOMETRIC_PRESENTATION_REPRESENTATION('',(#1719),
#2995);
#2995=(
GEOMETRIC_REPRESENTATION_CONTEXT(3)
GLOBAL_UNCERTAINTY_ASSIGNED_CONTEXT((#2996))
GLOBAL_UNIT_ASSIGNED_CONTEXT((#2999,#2998,#2997))
REPRESENTATION_CONTEXT('Part 37','TOP_LEVEL_ASSEMBLY_PART')
);
#2996=UNCERTAINTY_MEASURE_WITH_UNIT(LENGTH_MEASURE(1.E-8),#2999,
'DISTANCE_ACCURACY_VALUE','Maximum Tolerance applied to model');
#2997=(
NAMED_UNIT(*)
SI_UNIT($,.STERADIAN.)
SOLID_ANGLE_UNIT()
);
#2998=(
NAMED_UNIT(*)
PLANE_ANGLE_UNIT()
SI_UNIT($,.RADIAN.)
);
#2999=(
LENGTH_UNIT()
NAMED_UNIT(*)
SI_UNIT($,.METRE.)
);
#3000=PRODUCT_DEFINITION_SHAPE('','',#3001);
#3001=PRODUCT_DEFINITION('','',#3003,#3002);
#3002=PRODUCT_DEFINITION_CONTEXT('',#3009,'design');
#3003=PRODUCT_DEFINITION_FORMATION_WITH_SPECIFIED_SOURCE('','',#3005,
 .NOT_KNOWN.);
#3004=PRODUCT_RELATED_PRODUCT_CATEGORY('','',(#3005));
#3005=PRODUCT('Part 37','Part 37','Part 37',(#3007));
#3006=PRODUCT_CATEGORY('','');
#3007=PRODUCT_CONTEXT('',#3009,'mechanical');
#3008=APPLICATION_PROTOCOL_DEFINITION('international standard',
'ap242_managed_model_based_3d_engineering',2020,#3009);
#3009=APPLICATION_CONTEXT('managed model based 3d engineering');
ENDSEC;
END-ISO-10303-21;
