ISO-10303-21;
HEADER;
/* Generated by software containing ST-Developer
 * from STEP Tools, Inc. (www.steptools.com) 
 */
/* OPTION: using custom renumber hook */

FILE_DESCRIPTION(
/* description */ ('STEP AP242 Edition 2',
'CAx-IF Rec.Pracs.---Representation and Presentation of Product Manufa
cturing Information (PMI)---4.0---2014-10-13',
'CAx-IF Rec.Pracs.---3D Tessellated Geometry---0.4---2014-09-14','2;1',
'CAx-IF Rec.Pracs.---User Defined Attributes---1.5---2016-08-15'),
/* implementation_level */ '2;1');

FILE_NAME(
/* name */ 'LimeArm MKI - X Drive',
/* time_stamp */ '2026-05-27T02:35:00Z',
/* author */ (''),
/* organization */ (''),
/* preprocessor_version */ 'ST-DEVELOPER v20',
/* originating_system */ 'ONSHAPE BY PTC INC, 1.215',
/* authorisation */ '  ');

FILE_SCHEMA (('AP242_MANAGED_MODEL_BASED_3D_ENGINEERING_MIM_LF { 1 0 10303 442 3 1 4 }'));
ENDSEC;

DATA;
#10=SHAPE_REPRESENTATION_RELATIONSHIP('','',#3023,#11);
#11=ADVANCED_BREP_SHAPE_REPRESENTATION('',(#3021),#9483);
#12=B_SPLINE_SURFACE_WITH_KNOTS('',3,1,((#6018,#6019),(#6020,#6021),(#6022,
#6023),(#6024,#6025),(#6026,#6027),(#6028,#6029),(#6030,#6031),(#6032,#6033),
(#6034,#6035),(#6036,#6037),(#6038,#6039),(#6040,#6041),(#6042,#6043)),
 .SURF_OF_LINEAR_EXTRUSION.,.F.,.F.,.F.,(4,1,1,1,1,1,1,1,1,1,4),(2,2),(0.0536911672659654,
0.08227010962959,0.110849051993215,0.168006936720464,0.225164821447713,
0.282322706174962,0.39663847562946,0.510954245083959,0.625270014538457,
0.739585783992955,0.968217322901952),(0.,1.),.UNSPECIFIED.);
#13=B_SPLINE_SURFACE_WITH_KNOTS('',3,1,((#6078,#6079),(#6080,#6081),(#6082,
#6083),(#6084,#6085),(#6086,#6087),(#6088,#6089),(#6090,#6091),(#6092,#6093),
(#6094,#6095),(#6096,#6097),(#6098,#6099),(#6100,#6101),(#6102,#6103)),
 .SURF_OF_LINEAR_EXTRUSION.,.F.,.F.,.F.,(4,1,1,1,1,1,1,1,1,1,4),(2,2),(0.0536911672659654,
0.08227010962959,0.110849051993215,0.168006936720464,0.225164821447713,
0.282322706174962,0.39663847562946,0.510954245083959,0.625270014538457,
0.739585783992955,0.968217322901952),(0.,1.),.UNSPECIFIED.);
#14=B_SPLINE_SURFACE_WITH_KNOTS('',3,1,((#6148,#6149),(#6150,#6151),(#6152,
#6153),(#6154,#6155),(#6156,#6157),(#6158,#6159),(#6160,#6161),(#6162,#6163),
(#6164,#6165),(#6166,#6167),(#6168,#6169),(#6170,#6171),(#6172,#6173)),
 .SURF_OF_LINEAR_EXTRUSION.,.F.,.F.,.F.,(4,1,1,1,1,1,1,1,1,1,4),(2,2),(0.0536911672659652,
0.0822701096295898,0.110849051993214,0.168006936720464,0.225164821447713,
0.282322706174962,0.39663847562946,0.510954245083959,0.625270014538457,
0.739585783992955,0.968217322901952),(0.,1.),.UNSPECIFIED.);
#15=B_SPLINE_SURFACE_WITH_KNOTS('',3,1,((#6208,#6209),(#6210,#6211),(#6212,
#6213),(#6214,#6215),(#6216,#6217),(#6218,#6219),(#6220,#6221),(#6222,#6223),
(#6224,#6225),(#6226,#6227),(#6228,#6229),(#6230,#6231),(#6232,#6233)),
 .SURF_OF_LINEAR_EXTRUSION.,.F.,.F.,.F.,(4,1,1,1,1,1,1,1,1,1,4),(2,2),(0.0536911672659674,
0.0822701096295919,0.110849051993216,0.168006936720465,0.225164821447714,
0.282322706174964,0.396638475629462,0.51095424508396,0.625270014538458,
0.739585783992956,0.968217322901952),(0.,1.),.UNSPECIFIED.);
#16=B_SPLINE_SURFACE_WITH_KNOTS('',3,1,((#6278,#6279),(#6280,#6281),(#6282,
#6283),(#6284,#6285),(#6286,#6287),(#6288,#6289),(#6290,#6291),(#6292,#6293),
(#6294,#6295),(#6296,#6297),(#6298,#6299),(#6300,#6301),(#6302,#6303)),
 .SURF_OF_LINEAR_EXTRUSION.,.F.,.F.,.F.,(4,1,1,1,1,1,1,1,1,1,4),(2,2),(0.0536911672659654,
0.08227010962959,0.110849051993215,0.168006936720464,0.225164821447713,
0.282322706174962,0.39663847562946,0.510954245083959,0.625270014538457,
0.739585783992955,0.968217322901952),(0.,1.),.UNSPECIFIED.);
#17=B_SPLINE_SURFACE_WITH_KNOTS('',3,1,((#6338,#6339),(#6340,#6341),(#6342,
#6343),(#6344,#6345),(#6346,#6347),(#6348,#6349),(#6350,#6351),(#6352,#6353),
(#6354,#6355),(#6356,#6357),(#6358,#6359),(#6360,#6361),(#6362,#6363)),
 .SURF_OF_LINEAR_EXTRUSION.,.F.,.F.,.F.,(4,1,1,1,1,1,1,1,1,1,4),(2,2),(0.0536911672659659,
0.0822701096295905,0.110849051993215,0.168006936720464,0.225164821447713,
0.282322706174962,0.396638475629461,0.510954245083959,0.625270014538457,
0.739585783992955,0.968217322901952),(0.,1.),.UNSPECIFIED.);
#18=B_SPLINE_SURFACE_WITH_KNOTS('',3,1,((#6408,#6409),(#6410,#6411),(#6412,
#6413),(#6414,#6415),(#6416,#6417),(#6418,#6419),(#6420,#6421),(#6422,#6423),
(#6424,#6425),(#6426,#6427),(#6428,#6429),(#6430,#6431),(#6432,#6433)),
 .SURF_OF_LINEAR_EXTRUSION.,.F.,.F.,.F.,(4,1,1,1,1,1,1,1,1,1,4),(2,2),(0.0536911672659622,
0.0822701096295869,0.110849051993212,0.168006936720461,0.22516482144771,
0.28232270617496,0.396638475629458,0.510954245083957,0.625270014538456,
0.739585783992954,0.968217322901952),(0.,1.),.UNSPECIFIED.);
#19=B_SPLINE_SURFACE_WITH_KNOTS('',3,1,((#6468,#6469),(#6470,#6471),(#6472,
#6473),(#6474,#6475),(#6476,#6477),(#6478,#6479),(#6480,#6481),(#6482,#6483),
(#6484,#6485),(#6486,#6487),(#6488,#6489),(#6490,#6491),(#6492,#6493)),
 .SURF_OF_LINEAR_EXTRUSION.,.F.,.F.,.F.,(4,1,1,1,1,1,1,1,1,1,4),(2,2),(0.0536911672659643,
0.082270109629589,0.110849051993214,0.168006936720463,0.225164821447712,
0.282322706174961,0.39663847562946,0.510954245083958,0.625270014538457,
0.739585783992955,0.968217322901952),(0.,1.),.UNSPECIFIED.);
#20=B_SPLINE_SURFACE_WITH_KNOTS('',3,1,((#6538,#6539),(#6540,#6541),(#6542,
#6543),(#6544,#6545),(#6546,#6547),(#6548,#6549),(#6550,#6551),(#6552,#6553),
(#6554,#6555),(#6556,#6557),(#6558,#6559),(#6560,#6561),(#6562,#6563)),
 .SURF_OF_LINEAR_EXTRUSION.,.F.,.F.,.F.,(4,1,1,1,1,1,1,1,1,1,4),(2,2),(0.053691167265962,
0.0822701096295867,0.110849051993211,0.168006936720461,0.22516482144771,
0.282322706174959,0.396638475629458,0.510954245083957,0.625270014538456,
0.739585783992954,0.968217322901952),(0.,1.),.UNSPECIFIED.);
#21=B_SPLINE_SURFACE_WITH_KNOTS('',3,1,((#6598,#6599),(#6600,#6601),(#6602,
#6603),(#6604,#6605),(#6606,#6607),(#6608,#6609),(#6610,#6611),(#6612,#6613),
(#6614,#6615),(#6616,#6617),(#6618,#6619),(#6620,#6621),(#6622,#6623)),
 .SURF_OF_LINEAR_EXTRUSION.,.F.,.F.,.F.,(4,1,1,1,1,1,1,1,1,1,4),(2,2),(0.0536911672659652,
0.0822701096295898,0.110849051993214,0.168006936720464,0.225164821447713,
0.282322706174962,0.39663847562946,0.510954245083959,0.625270014538457,
0.739585783992955,0.968217322901952),(0.,1.),.UNSPECIFIED.);
#22=B_SPLINE_SURFACE_WITH_KNOTS('',3,1,((#6668,#6669),(#6670,#6671),(#6672,
#6673),(#6674,#6675),(#6676,#6677),(#6678,#6679),(#6680,#6681),(#6682,#6683),
(#6684,#6685),(#6686,#6687),(#6688,#6689),(#6690,#6691),(#6692,#6693)),
 .SURF_OF_LINEAR_EXTRUSION.,.F.,.F.,.F.,(4,1,1,1,1,1,1,1,1,1,4),(2,2),(0.0536911672659612,
0.0822701096295859,0.110849051993211,0.16800693672046,0.225164821447709,
0.282322706174959,0.396638475629458,0.510954245083957,0.625270014538455,
0.739585783992954,0.968217322901952),(0.,1.),.UNSPECIFIED.);
#23=B_SPLINE_SURFACE_WITH_KNOTS('',3,1,((#6761,#6762),(#6763,#6764),(#6765,
#6766),(#6767,#6768),(#6769,#6770),(#6771,#6772),(#6773,#6774),(#6775,#6776),
(#6777,#6778),(#6779,#6780),(#6781,#6782),(#6783,#6784),(#6785,#6786)),
 .SURF_OF_LINEAR_EXTRUSION.,.F.,.F.,.F.,(4,1,1,1,1,1,1,1,1,1,4),(2,2),(0.0536911672659677,
0.0822701096295922,0.110849051993217,0.168006936720466,0.225164821447715,
0.282322706174964,0.396638475629462,0.51095424508396,0.625270014538458,
0.739585783992956,0.968217322901952),(0.,1.),.UNSPECIFIED.);
#24=B_SPLINE_SURFACE_WITH_KNOTS('',3,1,((#6836,#6837),(#6838,#6839),(#6840,
#6841),(#6842,#6843),(#6844,#6845),(#6846,#6847),(#6848,#6849),(#6850,#6851),
(#6852,#6853),(#6854,#6855),(#6856,#6857),(#6858,#6859),(#6860,#6861)),
 .SURF_OF_LINEAR_EXTRUSION.,.F.,.F.,.F.,(4,1,1,1,1,1,1,1,1,1,4),(2,2),(0.0536911672659637,
0.0822701096295883,0.110849051993213,0.168006936720462,0.225164821447711,
0.282322706174961,0.396638475629459,0.510954245083958,0.625270014538456,
0.739585783992955,0.968217322901952),(0.,1.),.UNSPECIFIED.);
#25=B_SPLINE_SURFACE_WITH_KNOTS('',3,1,((#6929,#6930),(#6931,#6932),(#6933,
#6934),(#6935,#6936),(#6937,#6938),(#6939,#6940),(#6941,#6942),(#6943,#6944),
(#6945,#6946),(#6947,#6948),(#6949,#6950),(#6951,#6952),(#6953,#6954)),
 .SURF_OF_LINEAR_EXTRUSION.,.F.,.F.,.F.,(4,1,1,1,1,1,1,1,1,1,4),(2,2),(0.0536911672659702,
0.0822701096295947,0.110849051993219,0.168006936720468,0.225164821447717,
0.282322706174966,0.396638475629463,0.510954245083961,0.625270014538459,
0.739585783992956,0.968217322901952),(0.,1.),.UNSPECIFIED.);
#26=B_SPLINE_SURFACE_WITH_KNOTS('',3,1,((#7037,#7038),(#7039,#7040),(#7041,
#7042),(#7043,#7044),(#7045,#7046),(#7047,#7048),(#7049,#7050),(#7051,#7052),
(#7053,#7054),(#7055,#7056),(#7057,#7058),(#7059,#7060),(#7061,#7062)),
 .SURF_OF_LINEAR_EXTRUSION.,.F.,.F.,.F.,(4,1,1,1,1,1,1,1,1,1,4),(2,2),(0.0536911672659633,
0.082270109629588,0.110849051993213,0.168006936720462,0.225164821447711,
0.28232270617496,0.396638475629459,0.510954245083958,0.625270014538456,
0.739585783992955,0.968217322901952),(0.,1.),.UNSPECIFIED.);
#27=B_SPLINE_SURFACE_WITH_KNOTS('',3,1,((#7130,#7131),(#7132,#7133),(#7134,
#7135),(#7136,#7137),(#7138,#7139),(#7140,#7141),(#7142,#7143),(#7144,#7145),
(#7146,#7147),(#7148,#7149),(#7150,#7151),(#7152,#7153),(#7154,#7155)),
 .SURF_OF_LINEAR_EXTRUSION.,.F.,.F.,.F.,(4,1,1,1,1,1,1,1,1,1,4),(2,2),(0.053691167265969,
0.0822701096295934,0.110849051993218,0.168006936720467,0.225164821447716,
0.282322706174965,0.396638475629463,0.51095424508396,0.625270014538458,
0.739585783992956,0.968217322901952),(0.,1.),.UNSPECIFIED.);
#28=B_SPLINE_SURFACE_WITH_KNOTS('',3,1,((#7238,#7239),(#7240,#7241),(#7242,
#7243),(#7244,#7245),(#7246,#7247),(#7248,#7249),(#7250,#7251),(#7252,#7253),
(#7254,#7255),(#7256,#7257),(#7258,#7259),(#7260,#7261),(#7262,#7263)),
 .SURF_OF_LINEAR_EXTRUSION.,.F.,.F.,.F.,(4,1,1,1,1,1,1,1,1,1,4),(2,2),(0.0536911672659629,
0.0822701096295876,0.110849051993212,0.168006936720462,0.225164821447711,
0.28232270617496,0.396638475629459,0.510954245083957,0.625270014538456,
0.739585783992955,0.968217322901952),(0.,1.),.UNSPECIFIED.);
#29=B_SPLINE_SURFACE_WITH_KNOTS('',3,1,((#7298,#7299),(#7300,#7301),(#7302,
#7303),(#7304,#7305),(#7306,#7307),(#7308,#7309),(#7310,#7311),(#7312,#7313),
(#7314,#7315),(#7316,#7317),(#7318,#7319),(#7320,#7321),(#7322,#7323)),
 .SURF_OF_LINEAR_EXTRUSION.,.F.,.F.,.F.,(4,1,1,1,1,1,1,1,1,1,4),(2,2),(0.0536911672659676,
0.0822701096295921,0.110849051993217,0.168006936720466,0.225164821447715,
0.282322706174964,0.396638475629462,0.51095424508396,0.625270014538458,
0.739585783992956,0.968217322901952),(0.,1.),.UNSPECIFIED.);
#30=B_SPLINE_SURFACE_WITH_KNOTS('',3,1,((#7368,#7369),(#7370,#7371),(#7372,
#7373),(#7374,#7375),(#7376,#7377),(#7378,#7379),(#7380,#7381),(#7382,#7383),
(#7384,#7385),(#7386,#7387),(#7388,#7389),(#7390,#7391),(#7392,#7393)),
 .SURF_OF_LINEAR_EXTRUSION.,.F.,.F.,.F.,(4,1,1,1,1,1,1,1,1,1,4),(2,2),(0.0536911672659651,
0.0822701096295897,0.110849051993214,0.168006936720463,0.225164821447713,
0.282322706174962,0.39663847562946,0.510954245083958,0.625270014538457,
0.739585783992955,0.968217322901952),(0.,1.),.UNSPECIFIED.);
#31=B_SPLINE_SURFACE_WITH_KNOTS('',3,1,((#7428,#7429),(#7430,#7431),(#7432,
#7433),(#7434,#7435),(#7436,#7437),(#7438,#7439),(#7440,#7441),(#7442,#7443),
(#7444,#7445),(#7446,#7447),(#7448,#7449),(#7450,#7451),(#7452,#7453)),
 .SURF_OF_LINEAR_EXTRUSION.,.F.,.F.,.F.,(4,1,1,1,1,1,1,1,1,1,4),(2,2),(0.0536911672659664,
0.0822701096295909,0.110849051993215,0.168006936720465,0.225164821447714,
0.282322706174963,0.396638475629461,0.510954245083959,0.625270014538457,
0.739585783992956,0.968217322901952),(0.,1.),.UNSPECIFIED.);
#32=B_SPLINE_SURFACE_WITH_KNOTS('',3,1,((#7498,#7499),(#7500,#7501),(#7502,
#7503),(#7504,#7505),(#7506,#7507),(#7508,#7509),(#7510,#7511),(#7512,#7513),
(#7514,#7515),(#7516,#7517),(#7518,#7519),(#7520,#7521),(#7522,#7523)),
 .SURF_OF_LINEAR_EXTRUSION.,.F.,.F.,.F.,(4,1,1,1,1,1,1,1,1,1,4),(2,2),(0.0536911672659637,
0.0822701096295884,0.110849051993213,0.168006936720462,0.225164821447712,
0.282322706174961,0.396638475629459,0.510954245083958,0.625270014538456,
0.739585783992955,0.968217322901952),(0.,1.),.UNSPECIFIED.);
#33=B_SPLINE_SURFACE_WITH_KNOTS('',3,1,((#7558,#7559),(#7560,#7561),(#7562,
#7563),(#7564,#7565),(#7566,#7567),(#7568,#7569),(#7570,#7571),(#7572,#7573),
(#7574,#7575),(#7576,#7577),(#7578,#7579),(#7580,#7581),(#7582,#7583)),
 .SURF_OF_LINEAR_EXTRUSION.,.F.,.F.,.F.,(4,1,1,1,1,1,1,1,1,1,4),(2,2),(0.0536911672659666,
0.0822701096295911,0.110849051993216,0.168006936720465,0.225164821447714,
0.282322706174963,0.396638475629461,0.510954245083959,0.625270014538457,
0.739585783992956,0.968217322901952),(0.,1.),.UNSPECIFIED.);
#34=B_SPLINE_SURFACE_WITH_KNOTS('',3,1,((#7628,#7629),(#7630,#7631),(#7632,
#7633),(#7634,#7635),(#7636,#7637),(#7638,#7639),(#7640,#7641),(#7642,#7643),
(#7644,#7645),(#7646,#7647),(#7648,#7649),(#7650,#7651),(#7652,#7653)),
 .SURF_OF_LINEAR_EXTRUSION.,.F.,.F.,.F.,(4,1,1,1,1,1,1,1,1,1,4),(2,2),(0.0536911672659634,
0.0822701096295881,0.110849051993213,0.168006936720462,0.225164821447711,
0.282322706174961,0.396638475629459,0.510954245083958,0.625270014538456,
0.739585783992955,0.968217322901952),(0.,1.),.UNSPECIFIED.);
#35=B_SPLINE_SURFACE_WITH_KNOTS('',3,1,((#7688,#7689),(#7690,#7691),(#7692,
#7693),(#7694,#7695),(#7696,#7697),(#7698,#7699),(#7700,#7701),(#7702,#7703),
(#7704,#7705),(#7706,#7707),(#7708,#7709),(#7710,#7711),(#7712,#7713)),
 .SURF_OF_LINEAR_EXTRUSION.,.F.,.F.,.F.,(4,1,1,1,1,1,1,1,1,1,4),(2,2),(0.0536911672659651,
0.0822701096295897,0.110849051993214,0.168006936720463,0.225164821447713,
0.282322706174962,0.39663847562946,0.510954245083958,0.625270014538457,
0.739585783992955,0.968217322901952),(0.,1.),.UNSPECIFIED.);
#36=B_SPLINE_SURFACE_WITH_KNOTS('',3,1,((#7758,#7759),(#7760,#7761),(#7762,
#7763),(#7764,#7765),(#7766,#7767),(#7768,#7769),(#7770,#7771),(#7772,#7773),
(#7774,#7775),(#7776,#7777),(#7778,#7779),(#7780,#7781),(#7782,#7783)),
 .SURF_OF_LINEAR_EXTRUSION.,.F.,.F.,.F.,(4,1,1,1,1,1,1,1,1,1,4),(2,2),(0.0536911672659651,
0.0822701096295897,0.110849051993214,0.168006936720463,0.225164821447713,
0.282322706174962,0.39663847562946,0.510954245083958,0.625270014538457,
0.739585783992955,0.968217322901952),(0.,1.),.UNSPECIFIED.);
#37=B_SPLINE_SURFACE_WITH_KNOTS('',3,1,((#7818,#7819),(#7820,#7821),(#7822,
#7823),(#7824,#7825),(#7826,#7827),(#7828,#7829),(#7830,#7831),(#7832,#7833),
(#7834,#7835),(#7836,#7837),(#7838,#7839),(#7840,#7841),(#7842,#7843)),
 .SURF_OF_LINEAR_EXTRUSION.,.F.,.F.,.F.,(4,1,1,1,1,1,1,1,1,1,4),(2,2),(0.0536911672659622,
0.0822701096295868,0.110849051993212,0.168006936720461,0.22516482144771,
0.28232270617496,0.396638475629458,0.510954245083957,0.625270014538456,
0.739585783992954,0.968217322901952),(0.,1.),.UNSPECIFIED.);
#38=B_SPLINE_SURFACE_WITH_KNOTS('',3,1,((#7888,#7889),(#7890,#7891),(#7892,
#7893),(#7894,#7895),(#7896,#7897),(#7898,#7899),(#7900,#7901),(#7902,#7903),
(#7904,#7905),(#7906,#7907),(#7908,#7909),(#7910,#7911),(#7912,#7913)),
 .SURF_OF_LINEAR_EXTRUSION.,.F.,.F.,.F.,(4,1,1,1,1,1,1,1,1,1,4),(2,2),(0.0536911672659644,
0.082270109629589,0.110849051993214,0.168006936720463,0.225164821447712,
0.282322706174961,0.39663847562946,0.510954245083958,0.625270014538457,
0.739585783992955,0.968217322901952),(0.,1.),.UNSPECIFIED.);
#39=B_SPLINE_SURFACE_WITH_KNOTS('',3,1,((#7948,#7949),(#7950,#7951),(#7952,
#7953),(#7954,#7955),(#7956,#7957),(#7958,#7959),(#7960,#7961),(#7962,#7963),
(#7964,#7965),(#7966,#7967),(#7968,#7969),(#7970,#7971),(#7972,#7973)),
 .SURF_OF_LINEAR_EXTRUSION.,.F.,.F.,.F.,(4,1,1,1,1,1,1,1,1,1,4),(2,2),(0.05369116726597,
0.0822701096295945,0.110849051993219,0.168006936720468,0.225164821447717,
0.282322706174966,0.396638475629463,0.510954245083961,0.625270014538459,
0.739585783992956,0.968217322901952),(0.,1.),.UNSPECIFIED.);
#40=B_SPLINE_SURFACE_WITH_KNOTS('',3,1,((#8018,#8019),(#8020,#8021),(#8022,
#8023),(#8024,#8025),(#8026,#8027),(#8028,#8029),(#8030,#8031),(#8032,#8033),
(#8034,#8035),(#8036,#8037),(#8038,#8039),(#8040,#8041),(#8042,#8043)),
 .SURF_OF_LINEAR_EXTRUSION.,.F.,.F.,.F.,(4,1,1,1,1,1,1,1,1,1,4),(2,2),(0.0536911672659666,
0.0822701096295911,0.110849051993216,0.168006936720465,0.225164821447714,
0.282322706174963,0.396638475629461,0.510954245083959,0.625270014538457,
0.739585783992956,0.968217322901952),(0.,1.),.UNSPECIFIED.);
#41=B_SPLINE_SURFACE_WITH_KNOTS('',3,1,((#8078,#8079),(#8080,#8081),(#8082,
#8083),(#8084,#8085),(#8086,#8087),(#8088,#8089),(#8090,#8091),(#8092,#8093),
(#8094,#8095),(#8096,#8097),(#8098,#8099),(#8100,#8101),(#8102,#8103)),
 .SURF_OF_LINEAR_EXTRUSION.,.F.,.F.,.F.,(4,1,1,1,1,1,1,1,1,1,4),(2,2),(0.053691167265966,
0.0822701096295905,0.110849051993215,0.168006936720464,0.225164821447713,
0.282322706174962,0.396638475629461,0.510954245083959,0.625270014538457,
0.739585783992955,0.968217322901952),(0.,1.),.UNSPECIFIED.);
#42=B_SPLINE_SURFACE_WITH_KNOTS('',3,1,((#8148,#8149),(#8150,#8151),(#8152,
#8153),(#8154,#8155),(#8156,#8157),(#8158,#8159),(#8160,#8161),(#8162,#8163),
(#8164,#8165),(#8166,#8167),(#8168,#8169),(#8170,#8171),(#8172,#8173)),
 .SURF_OF_LINEAR_EXTRUSION.,.F.,.F.,.F.,(4,1,1,1,1,1,1,1,1,1,4),(2,2),(0.0536911672659649,
0.0822701096295895,0.110849051993214,0.168006936720463,0.225164821447712,
0.282322706174962,0.39663847562946,0.510954245083958,0.625270014538457,
0.739585783992955,0.968217322901952),(0.,1.),.UNSPECIFIED.);
#43=B_SPLINE_SURFACE_WITH_KNOTS('',3,1,((#8208,#8209),(#8210,#8211),(#8212,
#8213),(#8214,#8215),(#8216,#8217),(#8218,#8219),(#8220,#8221),(#8222,#8223),
(#8224,#8225),(#8226,#8227),(#8228,#8229),(#8230,#8231),(#8232,#8233)),
 .SURF_OF_LINEAR_EXTRUSION.,.F.,.F.,.F.,(4,1,1,1,1,1,1,1,1,1,4),(2,2),(0.0536911672659661,
0.0822701096295907,0.110849051993215,0.168006936720464,0.225164821447713,
0.282322706174963,0.396638475629461,0.510954245083959,0.625270014538457,
0.739585783992955,0.968217322901952),(0.,1.),.UNSPECIFIED.);
#44=B_SPLINE_SURFACE_WITH_KNOTS('',3,1,((#8278,#8279),(#8280,#8281),(#8282,
#8283),(#8284,#8285),(#8286,#8287),(#8288,#8289),(#8290,#8291),(#8292,#8293),
(#8294,#8295),(#8296,#8297),(#8298,#8299),(#8300,#8301),(#8302,#8303)),
 .SURF_OF_LINEAR_EXTRUSION.,.F.,.F.,.F.,(4,1,1,1,1,1,1,1,1,1,4),(2,2),(0.0536911672659616,
0.0822701096295863,0.110849051993211,0.16800693672046,0.22516482144771,
0.282322706174959,0.396638475629458,0.510954245083957,0.625270014538456,
0.739585783992954,0.968217322901952),(0.,1.),.UNSPECIFIED.);
#45=B_SPLINE_SURFACE_WITH_KNOTS('',3,1,((#8338,#8339),(#8340,#8341),(#8342,
#8343),(#8344,#8345),(#8346,#8347),(#8348,#8349),(#8350,#8351),(#8352,#8353),
(#8354,#8355),(#8356,#8357),(#8358,#8359),(#8360,#8361),(#8362,#8363)),
 .SURF_OF_LINEAR_EXTRUSION.,.F.,.F.,.F.,(4,1,1,1,1,1,1,1,1,1,4),(2,2),(0.0536911672659671,
0.0822701096295916,0.110849051993216,0.168006936720465,0.225164821447714,
0.282322706174963,0.396638475629461,0.510954245083959,0.625270014538458,
0.739585783992956,0.968217322901952),(0.,1.),.UNSPECIFIED.);
#46=B_SPLINE_SURFACE_WITH_KNOTS('',3,1,((#8408,#8409),(#8410,#8411),(#8412,
#8413),(#8414,#8415),(#8416,#8417),(#8418,#8419),(#8420,#8421),(#8422,#8423),
(#8424,#8425),(#8426,#8427),(#8428,#8429),(#8430,#8431),(#8432,#8433)),
 .SURF_OF_LINEAR_EXTRUSION.,.F.,.F.,.F.,(4,1,1,1,1,1,1,1,1,1,4),(2,2),(0.0536911672659656,
0.0822701096295902,0.110849051993215,0.168006936720464,0.225164821447713,
0.282322706174962,0.396638475629461,0.510954245083959,0.625270014538457,
0.739585783992955,0.968217322901952),(0.,1.),.UNSPECIFIED.);
#47=B_SPLINE_SURFACE_WITH_KNOTS('',3,1,((#8468,#8469),(#8470,#8471),(#8472,
#8473),(#8474,#8475),(#8476,#8477),(#8478,#8479),(#8480,#8481),(#8482,#8483),
(#8484,#8485),(#8486,#8487),(#8488,#8489),(#8490,#8491),(#8492,#8493)),
 .SURF_OF_LINEAR_EXTRUSION.,.F.,.F.,.F.,(4,1,1,1,1,1,1,1,1,1,4),(2,2),(0.0536911672659664,
0.0822701096295909,0.110849051993215,0.168006936720465,0.225164821447714,
0.282322706174963,0.396638475629461,0.510954245083959,0.625270014538457,
0.739585783992956,0.968217322901952),(0.,1.),.UNSPECIFIED.);
#48=B_SPLINE_SURFACE_WITH_KNOTS('',3,1,((#8538,#8539),(#8540,#8541),(#8542,
#8543),(#8544,#8545),(#8546,#8547),(#8548,#8549),(#8550,#8551),(#8552,#8553),
(#8554,#8555),(#8556,#8557),(#8558,#8559),(#8560,#8561),(#8562,#8563)),
 .SURF_OF_LINEAR_EXTRUSION.,.F.,.F.,.F.,(4,1,1,1,1,1,1,1,1,1,4),(2,2),(0.0536911672659652,
0.0822701096295898,0.110849051993214,0.168006936720464,0.225164821447713,
0.282322706174962,0.39663847562946,0.510954245083959,0.625270014538457,
0.739585783992955,0.968217322901952),(0.,1.),.UNSPECIFIED.);
#49=B_SPLINE_SURFACE_WITH_KNOTS('',3,1,((#8598,#8599),(#8600,#8601),(#8602,
#8603),(#8604,#8605),(#8606,#8607),(#8608,#8609),(#8610,#8611),(#8612,#8613),
(#8614,#8615),(#8616,#8617),(#8618,#8619),(#8620,#8621),(#8622,#8623)),
 .SURF_OF_LINEAR_EXTRUSION.,.F.,.F.,.F.,(4,1,1,1,1,1,1,1,1,1,4),(2,2),(0.053691167265966,
0.0822701096295906,0.110849051993215,0.168006936720464,0.225164821447713,
0.282322706174963,0.396638475629461,0.510954245083959,0.625270014538457,
0.739585783992955,0.968217322901952),(0.,1.),.UNSPECIFIED.);
#50=B_SPLINE_SURFACE_WITH_KNOTS('',3,1,((#8668,#8669),(#8670,#8671),(#8672,
#8673),(#8674,#8675),(#8676,#8677),(#8678,#8679),(#8680,#8681),(#8682,#8683),
(#8684,#8685),(#8686,#8687),(#8688,#8689),(#8690,#8691),(#8692,#8693)),
 .SURF_OF_LINEAR_EXTRUSION.,.F.,.F.,.F.,(4,1,1,1,1,1,1,1,1,1,4),(2,2),(0.0536911672659637,
0.0822701096295883,0.110849051993213,0.168006936720462,0.225164821447711,
0.282322706174961,0.396638475629459,0.510954245083958,0.625270014538456,
0.739585783992955,0.968217322901952),(0.,1.),.UNSPECIFIED.);
#51=B_SPLINE_SURFACE_WITH_KNOTS('',3,1,((#8728,#8729),(#8730,#8731),(#8732,
#8733),(#8734,#8735),(#8736,#8737),(#8738,#8739),(#8740,#8741),(#8742,#8743),
(#8744,#8745),(#8746,#8747),(#8748,#8749),(#8750,#8751),(#8752,#8753)),
 .SURF_OF_LINEAR_EXTRUSION.,.F.,.F.,.F.,(4,1,1,1,1,1,1,1,1,1,4),(2,2),(0.0536911672659685,
0.082270109629593,0.110849051993217,0.168006936720466,0.225164821447715,
0.282322706174964,0.396638475629462,0.51095424508396,0.625270014538458,
0.739585783992956,0.968217322901952),(0.,1.),.UNSPECIFIED.);
#52=B_SPLINE_SURFACE_WITH_KNOTS('',3,1,((#8798,#8799),(#8800,#8801),(#8802,
#8803),(#8804,#8805),(#8806,#8807),(#8808,#8809),(#8810,#8811),(#8812,#8813),
(#8814,#8815),(#8816,#8817),(#8818,#8819),(#8820,#8821),(#8822,#8823)),
 .SURF_OF_LINEAR_EXTRUSION.,.F.,.F.,.F.,(4,1,1,1,1,1,1,1,1,1,4),(2,2),(0.0536911672659653,
0.0822701096295899,0.110849051993215,0.168006936720464,0.225164821447713,
0.282322706174962,0.39663847562946,0.510954245083959,0.625270014538457,
0.739585783992955,0.968217322901952),(0.,1.),.UNSPECIFIED.);
#53=B_SPLINE_SURFACE_WITH_KNOTS('',3,1,((#8858,#8859),(#8860,#8861),(#8862,
#8863),(#8864,#8865),(#8866,#8867),(#8868,#8869),(#8870,#8871),(#8872,#8873),
(#8874,#8875),(#8876,#8877),(#8878,#8879),(#8880,#8881),(#8882,#8883)),
 .SURF_OF_LINEAR_EXTRUSION.,.F.,.F.,.F.,(4,1,1,1,1,1,1,1,1,1,4),(2,2),(0.053691167265964,
0.0822701096295886,0.110849051993213,0.168006936720462,0.225164821447712,
0.282322706174961,0.396638475629459,0.510954245083958,0.625270014538456,
0.739585783992955,0.968217322901952),(0.,1.),.UNSPECIFIED.);
#54=B_SPLINE_SURFACE_WITH_KNOTS('',3,1,((#8928,#8929),(#8930,#8931),(#8932,
#8933),(#8934,#8935),(#8936,#8937),(#8938,#8939),(#8940,#8941),(#8942,#8943),
(#8944,#8945),(#8946,#8947),(#8948,#8949),(#8950,#8951),(#8952,#8953)),
 .SURF_OF_LINEAR_EXTRUSION.,.F.,.F.,.F.,(4,1,1,1,1,1,1,1,1,1,4),(2,2),(0.0536911672659639,
0.0822701096295886,0.110849051993213,0.168006936720462,0.225164821447712,
0.282322706174961,0.396638475629459,0.510954245083958,0.625270014538456,
0.739585783992955,0.968217322901952),(0.,1.),.UNSPECIFIED.);
#55=B_SPLINE_SURFACE_WITH_KNOTS('',3,1,((#8988,#8989),(#8990,#8991),(#8992,
#8993),(#8994,#8995),(#8996,#8997),(#8998,#8999),(#9000,#9001),(#9002,#9003),
(#9004,#9005),(#9006,#9007),(#9008,#9009),(#9010,#9011),(#9012,#9013)),
 .SURF_OF_LINEAR_EXTRUSION.,.F.,.F.,.F.,(4,1,1,1,1,1,1,1,1,1,4),(2,2),(0.0536911672659653,
0.0822701096295899,0.110849051993214,0.168006936720464,0.225164821447713,
0.282322706174962,0.39663847562946,0.510954245083959,0.625270014538457,
0.739585783992955,0.968217322901952),(0.,1.),.UNSPECIFIED.);
#56=B_SPLINE_SURFACE_WITH_KNOTS('',3,1,((#9058,#9059),(#9060,#9061),(#9062,
#9063),(#9064,#9065),(#9066,#9067),(#9068,#9069),(#9070,#9071),(#9072,#9073),
(#9074,#9075),(#9076,#9077),(#9078,#9079),(#9080,#9081),(#9082,#9083)),
 .SURF_OF_LINEAR_EXTRUSION.,.F.,.F.,.F.,(4,1,1,1,1,1,1,1,1,1,4),(2,2),(0.0536911672659626,
0.0822701096295872,0.110849051993212,0.168006936720461,0.225164821447711,
0.28232270617496,0.396638475629459,0.510954245083957,0.625270014538456,
0.739585783992955,0.968217322901952),(0.,1.),.UNSPECIFIED.);
#57=B_SPLINE_SURFACE_WITH_KNOTS('',3,1,((#9118,#9119),(#9120,#9121),(#9122,
#9123),(#9124,#9125),(#9126,#9127),(#9128,#9129),(#9130,#9131),(#9132,#9133),
(#9134,#9135),(#9136,#9137),(#9138,#9139),(#9140,#9141),(#9142,#9143)),
 .SURF_OF_LINEAR_EXTRUSION.,.F.,.F.,.F.,(4,1,1,1,1,1,1,1,1,1,4),(2,2),(0.0536911672659641,
0.0822701096295887,0.110849051993213,0.168006936720463,0.225164821447712,
0.282322706174961,0.39663847562946,0.510954245083958,0.625270014538456,
0.739585783992955,0.968217322901952),(0.,1.),.UNSPECIFIED.);
#58=B_SPLINE_SURFACE_WITH_KNOTS('',3,1,((#9188,#9189),(#9190,#9191),(#9192,
#9193),(#9194,#9195),(#9196,#9197),(#9198,#9199),(#9200,#9201),(#9202,#9203),
(#9204,#9205),(#9206,#9207),(#9208,#9209),(#9210,#9211),(#9212,#9213)),
 .SURF_OF_LINEAR_EXTRUSION.,.F.,.F.,.F.,(4,1,1,1,1,1,1,1,1,1,4),(2,2),(0.0536911672659626,
0.0822701096295873,0.110849051993212,0.168006936720461,0.225164821447711,
0.28232270617496,0.396638475629459,0.510954245083957,0.625270014538456,
0.739585783992955,0.968217322901952),(0.,1.),.UNSPECIFIED.);
#59=B_SPLINE_SURFACE_WITH_KNOTS('',3,1,((#9248,#9249),(#9250,#9251),(#9252,
#9253),(#9254,#9255),(#9256,#9257),(#9258,#9259),(#9260,#9261),(#9262,#9263),
(#9264,#9265),(#9266,#9267),(#9268,#9269),(#9270,#9271),(#9272,#9273)),
 .SURF_OF_LINEAR_EXTRUSION.,.F.,.F.,.F.,(4,1,1,1,1,1,1,1,1,1,4),(2,2),(0.0536911672659688,
0.0822701096295932,0.110849051993218,0.168006936720467,0.225164821447716,
0.282322706174965,0.396638475629462,0.51095424508396,0.625270014538458,
0.739585783992956,0.968217322901952),(0.,1.),.UNSPECIFIED.);
#60=B_SPLINE_SURFACE_WITH_KNOTS('',3,1,((#9318,#9319),(#9320,#9321),(#9322,
#9323),(#9324,#9325),(#9326,#9327),(#9328,#9329),(#9330,#9331),(#9332,#9333),
(#9334,#9335),(#9336,#9337),(#9338,#9339),(#9340,#9341),(#9342,#9343)),
 .SURF_OF_LINEAR_EXTRUSION.,.F.,.F.,.F.,(4,1,1,1,1,1,1,1,1,1,4),(2,2),(0.0536911672659651,
0.0822701096295897,0.110849051993214,0.168006936720463,0.225164821447713,
0.282322706174962,0.39663847562946,0.510954245083959,0.625270014538457,
0.739585783992955,0.968217322901952),(0.,1.),.UNSPECIFIED.);
#61=B_SPLINE_SURFACE_WITH_KNOTS('',3,1,((#9378,#9379),(#9380,#9381),(#9382,
#9383),(#9384,#9385),(#9386,#9387),(#9388,#9389),(#9390,#9391),(#9392,#9393),
(#9394,#9395),(#9396,#9397),(#9398,#9399),(#9400,#9401),(#9402,#9403)),
 .SURF_OF_LINEAR_EXTRUSION.,.F.,.F.,.F.,(4,1,1,1,1,1,1,1,1,1,4),(2,2),(0.0536911672659657,
0.0822701096295903,0.110849051993215,0.168006936720464,0.225164821447713,
0.282322706174962,0.396638475629461,0.510954245083959,0.625270014538457,
0.739585783992955,0.968217322901952),(0.,1.),.UNSPECIFIED.);
#62=LINE('',#5863,#216);
#63=LINE('',#5865,#217);
#64=LINE('',#5869,#218);
#65=LINE('',#5873,#219);
#66=LINE('',#5875,#220);
#67=LINE('',#5877,#221);
#68=LINE('',#5881,#222);
#69=LINE('',#5883,#223);
#70=LINE('',#5887,#224);
#71=LINE('',#5889,#225);
#72=LINE('',#5893,#226);
#73=LINE('',#5895,#227);
#74=LINE('',#5899,#228);
#75=LINE('',#5901,#229);
#76=LINE('',#5905,#230);
#77=LINE('',#5909,#231);
#78=LINE('',#5911,#232);
#79=LINE('',#5913,#233);
#80=LINE('',#5917,#234);
#81=LINE('',#5919,#235);
#82=LINE('',#5923,#236);
#83=LINE('',#5925,#237);
#84=LINE('',#5929,#238);
#85=LINE('',#5931,#239);
#86=LINE('',#5935,#240);
#87=LINE('',#5937,#241);
#88=LINE('',#5941,#242);
#89=LINE('',#5945,#243);
#90=LINE('',#5947,#244);
#91=LINE('',#5949,#245);
#92=LINE('',#5953,#246);
#93=LINE('',#5957,#247);
#94=LINE('',#5959,#248);
#95=LINE('',#5963,#249);
#96=LINE('',#5965,#250);
#97=LINE('',#5969,#251);
#98=LINE('',#5974,#252);
#99=LINE('',#5978,#253);
#100=LINE('',#5983,#254);
#101=LINE('',#5987,#255);
#102=LINE('',#5989,#256);
#103=LINE('',#5991,#257);
#104=LINE('',#5995,#258);
#105=LINE('',#5997,#259);
#106=LINE('',#6001,#260);
#107=LINE('',#6005,#261);
#108=LINE('',#6007,#262);
#109=LINE('',#6011,#263);
#110=LINE('',#6013,#264);
#111=LINE('',#6017,#265);
#112=LINE('',#6077,#266);
#113=LINE('',#6104,#267);
#114=LINE('',#6139,#268);
#115=LINE('',#6143,#269);
#116=LINE('',#6207,#270);
#117=LINE('',#6234,#271);
#118=LINE('',#6269,#272);
#119=LINE('',#6273,#273);
#120=LINE('',#6337,#274);
#121=LINE('',#6364,#275);
#122=LINE('',#6399,#276);
#123=LINE('',#6403,#277);
#124=LINE('',#6467,#278);
#125=LINE('',#6494,#279);
#126=LINE('',#6529,#280);
#127=LINE('',#6533,#281);
#128=LINE('',#6597,#282);
#129=LINE('',#6624,#283);
#130=LINE('',#6659,#284);
#131=LINE('',#6663,#285);
#132=LINE('',#6760,#286);
#133=LINE('',#6787,#287);
#134=LINE('',#6822,#288);
#135=LINE('',#6827,#289);
#136=LINE('',#6928,#290);
#137=LINE('',#6955,#291);
#138=LINE('',#7023,#292);
#139=LINE('',#7028,#293);
#140=LINE('',#7129,#294);
#141=LINE('',#7156,#295);
#142=LINE('',#7224,#296);
#143=LINE('',#7229,#297);
#144=LINE('',#7297,#298);
#145=LINE('',#7324,#299);
#146=LINE('',#7359,#300);
#147=LINE('',#7363,#301);
#148=LINE('',#7427,#302);
#149=LINE('',#7454,#303);
#150=LINE('',#7489,#304);
#151=LINE('',#7493,#305);
#152=LINE('',#7557,#306);
#153=LINE('',#7584,#307);
#154=LINE('',#7619,#308);
#155=LINE('',#7623,#309);
#156=LINE('',#7687,#310);
#157=LINE('',#7714,#311);
#158=LINE('',#7749,#312);
#159=LINE('',#7753,#313);
#160=LINE('',#7817,#314);
#161=LINE('',#7844,#315);
#162=LINE('',#7879,#316);
#163=LINE('',#7883,#317);
#164=LINE('',#7947,#318);
#165=LINE('',#7974,#319);
#166=LINE('',#8009,#320);
#167=LINE('',#8013,#321);
#168=LINE('',#8077,#322);
#169=LINE('',#8104,#323);
#170=LINE('',#8139,#324);
#171=LINE('',#8143,#325);
#172=LINE('',#8207,#326);
#173=LINE('',#8234,#327);
#174=LINE('',#8269,#328);
#175=LINE('',#8273,#329);
#176=LINE('',#8337,#330);
#177=LINE('',#8364,#331);
#178=LINE('',#8399,#332);
#179=LINE('',#8403,#333);
#180=LINE('',#8467,#334);
#181=LINE('',#8494,#335);
#182=LINE('',#8529,#336);
#183=LINE('',#8533,#337);
#184=LINE('',#8597,#338);
#185=LINE('',#8624,#339);
#186=LINE('',#8659,#340);
#187=LINE('',#8663,#341);
#188=LINE('',#8727,#342);
#189=LINE('',#8754,#343);
#190=LINE('',#8789,#344);
#191=LINE('',#8793,#345);
#192=LINE('',#8857,#346);
#193=LINE('',#8884,#347);
#194=LINE('',#8919,#348);
#195=LINE('',#8923,#349);
#196=LINE('',#8987,#350);
#197=LINE('',#9014,#351);
#198=LINE('',#9049,#352);
#199=LINE('',#9053,#353);
#200=LINE('',#9117,#354);
#201=LINE('',#9144,#355);
#202=LINE('',#9179,#356);
#203=LINE('',#9183,#357);
#204=LINE('',#9247,#358);
#205=LINE('',#9274,#359);
#206=LINE('',#9309,#360);
#207=LINE('',#9313,#361);
#208=LINE('',#9377,#362);
#209=LINE('',#9404,#363);
#210=LINE('',#9439,#364);
#211=LINE('',#9443,#365);
#212=LINE('',#9460,#366);
#213=LINE('',#9461,#367);
#214=LINE('',#9465,#368);
#215=LINE('',#9469,#369);
#216=VECTOR('',#3542,1.);
#217=VECTOR('',#3543,1.);
#218=VECTOR('',#3548,1.);
#219=VECTOR('',#3551,1.);
#220=VECTOR('',#3554,1.);
#221=VECTOR('',#3555,1.);
#222=VECTOR('',#3560,1.);
#223=VECTOR('',#3561,1.);
#224=VECTOR('',#3566,1.);
#225=VECTOR('',#3567,1.);
#226=VECTOR('',#3572,1.);
#227=VECTOR('',#3573,1.);
#228=VECTOR('',#3578,1.);
#229=VECTOR('',#3579,1.);
#230=VECTOR('',#3584,1.);
#231=VECTOR('',#3587,1.);
#232=VECTOR('',#3590,1.);
#233=VECTOR('',#3591,1.);
#234=VECTOR('',#3596,1.);
#235=VECTOR('',#3597,1.);
#236=VECTOR('',#3602,1.);
#237=VECTOR('',#3603,1.);
#238=VECTOR('',#3608,1.);
#239=VECTOR('',#3609,1.);
#240=VECTOR('',#3614,1.);
#241=VECTOR('',#3615,1.);
#242=VECTOR('',#3620,1.);
#243=VECTOR('',#3623,1.);
#244=VECTOR('',#3626,1.);
#245=VECTOR('',#3627,1.);
#246=VECTOR('',#3632,1.);
#247=VECTOR('',#3635,1.);
#248=VECTOR('',#3638,1.);
#249=VECTOR('',#3641,1.);
#250=VECTOR('',#3644,1.);
#251=VECTOR('',#3647,1.);
#252=VECTOR('',#3652,1.);
#253=VECTOR('',#3655,1.);
#254=VECTOR('',#3660,1.);
#255=VECTOR('',#3663,1.);
#256=VECTOR('',#3666,1.);
#257=VECTOR('',#3667,1.);
#258=VECTOR('',#3672,1.);
#259=VECTOR('',#3673,1.);
#260=VECTOR('',#3678,1.);
#261=VECTOR('',#3681,1.);
#262=VECTOR('',#3684,1.);
#263=VECTOR('',#3687,1.);
#264=VECTOR('',#3690,1.);
#265=VECTOR('',#3693,1.);
#266=VECTOR('',#3694,1.);
#267=VECTOR('',#3695,1.);
#268=VECTOR('',#3698,1.);
#269=VECTOR('',#3701,1.);
#270=VECTOR('',#3710,1.);
#271=VECTOR('',#3711,1.);
#272=VECTOR('',#3714,1.);
#273=VECTOR('',#3717,1.);
#274=VECTOR('',#3726,1.);
#275=VECTOR('',#3727,1.);
#276=VECTOR('',#3730,1.);
#277=VECTOR('',#3733,1.);
#278=VECTOR('',#3742,1.);
#279=VECTOR('',#3743,1.);
#280=VECTOR('',#3746,1.);
#281=VECTOR('',#3749,1.);
#282=VECTOR('',#3758,1.);
#283=VECTOR('',#3759,1.);
#284=VECTOR('',#3762,1.);
#285=VECTOR('',#3765,1.);
#286=VECTOR('',#3774,1.);
#287=VECTOR('',#3775,1.);
#288=VECTOR('',#3778,1.);
#289=VECTOR('',#3781,1.);
#290=VECTOR('',#3796,1.);
#291=VECTOR('',#3797,1.);
#292=VECTOR('',#3800,1.);
#293=VECTOR('',#3803,1.);
#294=VECTOR('',#3818,1.);
#295=VECTOR('',#3819,1.);
#296=VECTOR('',#3822,1.);
#297=VECTOR('',#3825,1.);
#298=VECTOR('',#3840,1.);
#299=VECTOR('',#3841,1.);
#300=VECTOR('',#3844,1.);
#301=VECTOR('',#3847,1.);
#302=VECTOR('',#3856,1.);
#303=VECTOR('',#3857,1.);
#304=VECTOR('',#3860,1.);
#305=VECTOR('',#3863,1.);
#306=VECTOR('',#3872,1.);
#307=VECTOR('',#3873,1.);
#308=VECTOR('',#3876,1.);
#309=VECTOR('',#3879,1.);
#310=VECTOR('',#3888,1.);
#311=VECTOR('',#3889,1.);
#312=VECTOR('',#3892,1.);
#313=VECTOR('',#3895,1.);
#314=VECTOR('',#3904,1.);
#315=VECTOR('',#3905,1.);
#316=VECTOR('',#3908,1.);
#317=VECTOR('',#3911,1.);
#318=VECTOR('',#3920,1.);
#319=VECTOR('',#3921,1.);
#320=VECTOR('',#3924,1.);
#321=VECTOR('',#3927,1.);
#322=VECTOR('',#3936,1.);
#323=VECTOR('',#3937,1.);
#324=VECTOR('',#3940,1.);
#325=VECTOR('',#3943,1.);
#326=VECTOR('',#3952,1.);
#327=VECTOR('',#3953,1.);
#328=VECTOR('',#3956,1.);
#329=VECTOR('',#3959,1.);
#330=VECTOR('',#3968,1.);
#331=VECTOR('',#3969,1.);
#332=VECTOR('',#3972,1.);
#333=VECTOR('',#3975,1.);
#334=VECTOR('',#3984,1.);
#335=VECTOR('',#3985,1.);
#336=VECTOR('',#3988,1.);
#337=VECTOR('',#3991,1.);
#338=VECTOR('',#4000,1.);
#339=VECTOR('',#4001,1.);
#340=VECTOR('',#4004,1.);
#341=VECTOR('',#4007,1.);
#342=VECTOR('',#4016,1.);
#343=VECTOR('',#4017,1.);
#344=VECTOR('',#4020,1.);
#345=VECTOR('',#4023,1.);
#346=VECTOR('',#4032,1.);
#347=VECTOR('',#4033,1.);
#348=VECTOR('',#4036,1.);
#349=VECTOR('',#4039,1.);
#350=VECTOR('',#4048,1.);
#351=VECTOR('',#4049,1.);
#352=VECTOR('',#4052,1.);
#353=VECTOR('',#4055,1.);
#354=VECTOR('',#4064,1.);
#355=VECTOR('',#4065,1.);
#356=VECTOR('',#4068,1.);
#357=VECTOR('',#4071,1.);
#358=VECTOR('',#4080,1.);
#359=VECTOR('',#4081,1.);
#360=VECTOR('',#4084,1.);
#361=VECTOR('',#4087,1.);
#362=VECTOR('',#4096,1.);
#363=VECTOR('',#4097,1.);
#364=VECTOR('',#4100,1.);
#365=VECTOR('',#4103,1.);
#366=VECTOR('',#4126,1.);
#367=VECTOR('',#4127,1.);
#368=VECTOR('',#4132,1.);
#369=VECTOR('',#4137,1.);
#370=CYLINDRICAL_SURFACE('',#3119,0.02025);
#371=CYLINDRICAL_SURFACE('',#3121,0.02025);
#372=CYLINDRICAL_SURFACE('',#3123,0.02025);
#373=CYLINDRICAL_SURFACE('',#3125,0.02025);
#374=CYLINDRICAL_SURFACE('',#3127,0.02025);
#375=CYLINDRICAL_SURFACE('',#3129,0.02025);
#376=CYLINDRICAL_SURFACE('',#3131,0.02025);
#377=CYLINDRICAL_SURFACE('',#3133,0.02025);
#378=CYLINDRICAL_SURFACE('',#3135,0.02025);
#379=CYLINDRICAL_SURFACE('',#3137,0.02025);
#380=CYLINDRICAL_SURFACE('',#3139,0.02025);
#381=CYLINDRICAL_SURFACE('',#3141,0.02025);
#382=CYLINDRICAL_SURFACE('',#3143,0.02025);
#383=CYLINDRICAL_SURFACE('',#3145,0.02025);
#384=CYLINDRICAL_SURFACE('',#3147,0.02025);
#385=CYLINDRICAL_SURFACE('',#3149,0.02025);
#386=CYLINDRICAL_SURFACE('',#3151,0.02025);
#387=CYLINDRICAL_SURFACE('',#3153,0.02025);
#388=CYLINDRICAL_SURFACE('',#3155,0.02025);
#389=CYLINDRICAL_SURFACE('',#3158,0.02025);
#390=CYLINDRICAL_SURFACE('',#3161,0.02025);
#391=CYLINDRICAL_SURFACE('',#3163,0.02025);
#392=CYLINDRICAL_SURFACE('',#3165,0.02025);
#393=CYLINDRICAL_SURFACE('',#3167,0.02025);
#394=CYLINDRICAL_SURFACE('',#3169,0.02025);
#395=CYLINDRICAL_SURFACE('',#3171,0.0168749999999991);
#396=CYLINDRICAL_SURFACE('',#3173,0.000568271697810007);
#397=CYLINDRICAL_SURFACE('',#3175,0.000568271697810007);
#398=CYLINDRICAL_SURFACE('',#3177,0.0168749999999991);
#399=CYLINDRICAL_SURFACE('',#3179,0.000568271697810007);
#400=CYLINDRICAL_SURFACE('',#3181,0.000568271697810007);
#401=CYLINDRICAL_SURFACE('',#3183,0.0168749999999991);
#402=CYLINDRICAL_SURFACE('',#3185,0.000568271697810007);
#403=CYLINDRICAL_SURFACE('',#3187,0.000568271697810007);
#404=CYLINDRICAL_SURFACE('',#3189,0.0168749999999991);
#405=CYLINDRICAL_SURFACE('',#3191,0.000568271697810007);
#406=CYLINDRICAL_SURFACE('',#3193,0.000568271697810007);
#407=CYLINDRICAL_SURFACE('',#3195,0.0168749999999991);
#408=CYLINDRICAL_SURFACE('',#3197,0.000568271697810007);
#409=CYLINDRICAL_SURFACE('',#3199,0.000568271697810007);
#410=CYLINDRICAL_SURFACE('',#3201,0.0168749999999991);
#411=CYLINDRICAL_SURFACE('',#3204,0.000568271697810007);
#412=CYLINDRICAL_SURFACE('',#3207,0.000568271697810007);
#413=CYLINDRICAL_SURFACE('',#3210,0.0168749999999991);
#414=CYLINDRICAL_SURFACE('',#3213,0.000568271697810007);
#415=CYLINDRICAL_SURFACE('',#3216,0.000568271697810007);
#416=CYLINDRICAL_SURFACE('',#3219,0.0168749999999991);
#417=CYLINDRICAL_SURFACE('',#3222,0.000568271697810007);
#418=CYLINDRICAL_SURFACE('',#3225,0.000568271697810007);
#419=CYLINDRICAL_SURFACE('',#3228,0.0168749999999991);
#420=CYLINDRICAL_SURFACE('',#3230,0.000568271697810007);
#421=CYLINDRICAL_SURFACE('',#3232,0.000568271697810007);
#422=CYLINDRICAL_SURFACE('',#3234,0.0168749999999991);
#423=CYLINDRICAL_SURFACE('',#3236,0.000568271697810007);
#424=CYLINDRICAL_SURFACE('',#3238,0.000568271697810007);
#425=CYLINDRICAL_SURFACE('',#3240,0.0168749999999991);
#426=CYLINDRICAL_SURFACE('',#3242,0.000568271697810007);
#427=CYLINDRICAL_SURFACE('',#3244,0.000568271697810007);
#428=CYLINDRICAL_SURFACE('',#3246,0.0168749999999991);
#429=CYLINDRICAL_SURFACE('',#3248,0.000568271697810007);
#430=CYLINDRICAL_SURFACE('',#3250,0.000568271697810007);
#431=CYLINDRICAL_SURFACE('',#3252,0.0168749999999991);
#432=CYLINDRICAL_SURFACE('',#3254,0.000568271697810007);
#433=CYLINDRICAL_SURFACE('',#3256,0.000568271697810007);
#434=CYLINDRICAL_SURFACE('',#3258,0.0168749999999991);
#435=CYLINDRICAL_SURFACE('',#3260,0.000568271697810007);
#436=CYLINDRICAL_SURFACE('',#3262,0.000568271697810007);
#437=CYLINDRICAL_SURFACE('',#3264,0.0168749999999991);
#438=CYLINDRICAL_SURFACE('',#3266,0.000568271697810007);
#439=CYLINDRICAL_SURFACE('',#3268,0.000568271697810007);
#440=CYLINDRICAL_SURFACE('',#3270,0.0168749999999991);
#441=CYLINDRICAL_SURFACE('',#3272,0.000568271697810007);
#442=CYLINDRICAL_SURFACE('',#3274,0.000568271697810007);
#443=CYLINDRICAL_SURFACE('',#3276,0.0168749999999991);
#444=CYLINDRICAL_SURFACE('',#3278,0.000568271697810007);
#445=CYLINDRICAL_SURFACE('',#3280,0.000568271697810007);
#446=CYLINDRICAL_SURFACE('',#3282,0.0168749999999991);
#447=CYLINDRICAL_SURFACE('',#3284,0.000568271697810007);
#448=CYLINDRICAL_SURFACE('',#3286,0.000568271697810007);
#449=CYLINDRICAL_SURFACE('',#3288,0.0168749999999991);
#450=CYLINDRICAL_SURFACE('',#3290,0.000568271697810007);
#451=CYLINDRICAL_SURFACE('',#3292,0.000568271697810007);
#452=CYLINDRICAL_SURFACE('',#3294,0.0168749999999991);
#453=CYLINDRICAL_SURFACE('',#3296,0.000568271697810007);
#454=CYLINDRICAL_SURFACE('',#3298,0.000568271697810007);
#455=CYLINDRICAL_SURFACE('',#3300,0.0168749999999991);
#456=CYLINDRICAL_SURFACE('',#3302,0.000568271697810007);
#457=CYLINDRICAL_SURFACE('',#3304,0.000568271697810007);
#458=CYLINDRICAL_SURFACE('',#3306,0.0168749999999991);
#459=CYLINDRICAL_SURFACE('',#3308,0.000568271697810007);
#460=CYLINDRICAL_SURFACE('',#3310,0.000568271697810007);
#461=CYLINDRICAL_SURFACE('',#3312,0.0168749999999991);
#462=CYLINDRICAL_SURFACE('',#3314,0.000568271697810007);
#463=CYLINDRICAL_SURFACE('',#3316,0.000568271697810007);
#464=CYLINDRICAL_SURFACE('',#3318,0.0168749999999991);
#465=CYLINDRICAL_SURFACE('',#3320,0.000568271697810007);
#466=CYLINDRICAL_SURFACE('',#3322,0.000568271697810007);
#467=CYLINDRICAL_SURFACE('',#3324,0.0168749999999991);
#468=CYLINDRICAL_SURFACE('',#3326,0.000568271697810007);
#469=CYLINDRICAL_SURFACE('',#3328,0.000568271697810007);
#470=CYLINDRICAL_SURFACE('',#3335,0.0075);
#471=CYLINDRICAL_SURFACE('',#3337,0.3);
#472=CYLINDRICAL_SURFACE('',#3339,0.0075);
#473=CYLINDRICAL_SURFACE('',#3341,0.3);
#474=CYLINDRICAL_SURFACE('',#3343,0.0023);
#475=CYLINDRICAL_SURFACE('',#3346,0.0023);
#476=B_SPLINE_CURVE_WITH_KNOTS('',3,(#4163,#4164,#4165,#4166,#4167,#4168,
#4169,#4170,#4171,#4172,#4173,#4174,#4175,#4176,#4177,#4178,#4179,#4180,
#4181,#4182,#4183,#4184,#4185,#4186,#4187,#4188,#4189,#4190,#4191,#4192,
#4193,#4194),.UNSPECIFIED.,.F.,.F.,(4,1,1,1,1,1,1,1,1,1,1,1,1,1,1,1,1,1,
1,1,1,1,1,1,1,1,1,1,1,4),(0.,0.0905435754010973,0.101309272835279,0.115207725714169,
0.131652596037831,0.150299325856981,0.17091406108236,0.193324640843058,
0.217397464998304,0.243024943237999,0.270118012820405,0.298601362309559,
0.32841021966828,0.359488101772539,0.391785184229787,0.425257087589203,
0.45986395242589,0.495569720492199,0.532341566415863,0.570149441681501,
0.608965703886983,0.648764811805834,0.689523071958751,0.731218426019739,
0.77383027096769,0.817339305770613,0.861727399772385,0.90697747898504,0.953073427271242,
0.968217322901952),.UNSPECIFIED.);
#477=B_SPLINE_CURVE_WITH_KNOTS('',3,(#4198,#4199,#4200,#4201,#4202,#4203,
#4204,#4205,#4206,#4207,#4208,#4209,#4210,#4211,#4212,#4213,#4214,#4215,
#4216,#4217,#4218,#4219,#4220,#4221,#4222,#4223,#4224,#4225,#4226,#4227,
#4228,#4229),.UNSPECIFIED.,.F.,.F.,(4,1,1,1,1,1,1,1,1,1,1,1,1,1,1,1,1,1,
1,1,1,1,1,1,1,1,1,1,1,4),(0.,0.0905435754010973,0.101309272835279,0.115207725714169,
0.131652596037831,0.150299325856981,0.17091406108236,0.193324640843058,
0.217397464998304,0.243024943237999,0.270118012820405,0.298601362309559,
0.32841021966828,0.359488101772539,0.391785184229787,0.425257087589203,
0.45986395242589,0.495569720492199,0.532341566415863,0.570149441681501,
0.608965703886983,0.648764811805834,0.689523071958751,0.731218426019739,
0.77383027096769,0.817339305770613,0.861727399772385,0.90697747898504,0.953073427271242,
0.968217322901952),.UNSPECIFIED.);
#478=B_SPLINE_CURVE_WITH_KNOTS('',3,(#4237,#4238,#4239,#4240,#4241,#4242,
#4243,#4244,#4245,#4246,#4247,#4248,#4249,#4250,#4251,#4252,#4253,#4254,
#4255,#4256,#4257,#4258,#4259,#4260,#4261,#4262,#4263,#4264,#4265,#4266,
#4267,#4268),.UNSPECIFIED.,.F.,.F.,(4,1,1,1,1,1,1,1,1,1,1,1,1,1,1,1,1,1,
1,1,1,1,1,1,1,1,1,1,1,4),(0.,0.0905435754010973,0.101309272835279,0.115207725714169,
0.131652596037831,0.150299325856981,0.17091406108236,0.193324640843058,
0.217397464998304,0.243024943237999,0.270118012820405,0.298601362309559,
0.32841021966828,0.359488101772539,0.391785184229787,0.425257087589203,
0.45986395242589,0.495569720492199,0.532341566415863,0.570149441681501,
0.608965703886983,0.648764811805834,0.689523071958751,0.731218426019739,
0.77383027096769,0.817339305770613,0.861727399772385,0.90697747898504,0.953073427271242,
0.968217322901952),.UNSPECIFIED.);
#479=B_SPLINE_CURVE_WITH_KNOTS('',3,(#4272,#4273,#4274,#4275,#4276,#4277,
#4278,#4279,#4280,#4281,#4282,#4283,#4284,#4285,#4286,#4287,#4288,#4289,
#4290,#4291,#4292,#4293,#4294,#4295,#4296,#4297,#4298,#4299,#4300,#4301,
#4302,#4303),.UNSPECIFIED.,.F.,.F.,(4,1,1,1,1,1,1,1,1,1,1,1,1,1,1,1,1,1,
1,1,1,1,1,1,1,1,1,1,1,4),(0.,0.0905435754010973,0.101309272835279,0.115207725714169,
0.131652596037831,0.150299325856981,0.17091406108236,0.193324640843058,
0.217397464998304,0.243024943237999,0.270118012820405,0.298601362309559,
0.32841021966828,0.359488101772539,0.391785184229787,0.425257087589203,
0.45986395242589,0.495569720492199,0.532341566415863,0.570149441681501,
0.608965703886983,0.648764811805834,0.689523071958751,0.731218426019739,
0.77383027096769,0.817339305770613,0.861727399772385,0.90697747898504,0.953073427271242,
0.968217322901952),.UNSPECIFIED.);
#480=B_SPLINE_CURVE_WITH_KNOTS('',3,(#4311,#4312,#4313,#4314,#4315,#4316,
#4317,#4318,#4319,#4320,#4321,#4322,#4323,#4324,#4325,#4326,#4327,#4328,
#4329,#4330,#4331,#4332,#4333,#4334,#4335,#4336,#4337,#4338,#4339,#4340,
#4341,#4342),.UNSPECIFIED.,.F.,.F.,(4,1,1,1,1,1,1,1,1,1,1,1,1,1,1,1,1,1,
1,1,1,1,1,1,1,1,1,1,1,4),(0.,0.0905435754010973,0.101309272835279,0.115207725714169,
0.131652596037831,0.150299325856981,0.17091406108236,0.193324640843058,
0.217397464998304,0.243024943237999,0.270118012820405,0.298601362309559,
0.32841021966828,0.359488101772539,0.391785184229787,0.425257087589203,
0.45986395242589,0.495569720492199,0.532341566415863,0.570149441681501,
0.608965703886983,0.648764811805834,0.689523071958751,0.731218426019739,
0.77383027096769,0.817339305770613,0.861727399772385,0.90697747898504,0.953073427271242,
0.968217322901952),.UNSPECIFIED.);
#481=B_SPLINE_CURVE_WITH_KNOTS('',3,(#4346,#4347,#4348,#4349,#4350,#4351,
#4352,#4353,#4354,#4355,#4356,#4357,#4358,#4359,#4360,#4361,#4362,#4363,
#4364,#4365,#4366,#4367,#4368,#4369,#4370,#4371,#4372,#4373,#4374,#4375,
#4376,#4377),.UNSPECIFIED.,.F.,.F.,(4,1,1,1,1,1,1,1,1,1,1,1,1,1,1,1,1,1,
1,1,1,1,1,1,1,1,1,1,1,4),(0.,0.0905435754010973,0.101309272835279,0.115207725714169,
0.131652596037831,0.150299325856981,0.17091406108236,0.193324640843058,
0.217397464998304,0.243024943237999,0.270118012820405,0.298601362309559,
0.32841021966828,0.359488101772539,0.391785184229787,0.425257087589203,
0.45986395242589,0.495569720492199,0.532341566415863,0.570149441681501,
0.608965703886983,0.648764811805834,0.689523071958751,0.731218426019739,
0.77383027096769,0.817339305770613,0.861727399772385,0.90697747898504,0.953073427271242,
0.968217322901952),.UNSPECIFIED.);
#482=B_SPLINE_CURVE_WITH_KNOTS('',3,(#4385,#4386,#4387,#4388,#4389,#4390,
#4391,#4392,#4393,#4394,#4395,#4396,#4397,#4398,#4399,#4400,#4401,#4402,
#4403,#4404,#4405,#4406,#4407,#4408,#4409,#4410,#4411,#4412,#4413,#4414,
#4415,#4416),.UNSPECIFIED.,.F.,.F.,(4,1,1,1,1,1,1,1,1,1,1,1,1,1,1,1,1,1,
1,1,1,1,1,1,1,1,1,1,1,4),(0.,0.0905435754010973,0.101309272835279,0.115207725714169,
0.131652596037831,0.150299325856981,0.17091406108236,0.193324640843058,
0.217397464998304,0.243024943237999,0.270118012820405,0.298601362309559,
0.32841021966828,0.359488101772539,0.391785184229787,0.425257087589203,
0.45986395242589,0.495569720492199,0.532341566415863,0.570149441681501,
0.608965703886983,0.648764811805834,0.689523071958751,0.731218426019739,
0.77383027096769,0.817339305770613,0.861727399772385,0.90697747898504,0.953073427271242,
0.968217322901952),.UNSPECIFIED.);
#483=B_SPLINE_CURVE_WITH_KNOTS('',3,(#4420,#4421,#4422,#4423,#4424,#4425,
#4426,#4427,#4428,#4429,#4430,#4431,#4432,#4433,#4434,#4435,#4436,#4437,
#4438,#4439,#4440,#4441,#4442,#4443,#4444,#4445,#4446,#4447,#4448,#4449,
#4450,#4451),.UNSPECIFIED.,.F.,.F.,(4,1,1,1,1,1,1,1,1,1,1,1,1,1,1,1,1,1,
1,1,1,1,1,1,1,1,1,1,1,4),(0.,0.0905435754010973,0.101309272835279,0.115207725714169,
0.131652596037831,0.150299325856981,0.17091406108236,0.193324640843058,
0.217397464998304,0.243024943237999,0.270118012820405,0.298601362309559,
0.32841021966828,0.359488101772539,0.391785184229787,0.425257087589203,
0.45986395242589,0.495569720492199,0.532341566415863,0.570149441681501,
0.608965703886983,0.648764811805834,0.689523071958751,0.731218426019739,
0.77383027096769,0.817339305770613,0.861727399772385,0.90697747898504,0.953073427271242,
0.968217322901952),.UNSPECIFIED.);
#484=B_SPLINE_CURVE_WITH_KNOTS('',3,(#4459,#4460,#4461,#4462,#4463,#4464,
#4465,#4466,#4467,#4468,#4469,#4470,#4471,#4472,#4473,#4474,#4475,#4476,
#4477,#4478,#4479,#4480,#4481,#4482,#4483,#4484,#4485,#4486,#4487,#4488,
#4489,#4490),.UNSPECIFIED.,.F.,.F.,(4,1,1,1,1,1,1,1,1,1,1,1,1,1,1,1,1,1,
1,1,1,1,1,1,1,1,1,1,1,4),(0.,0.0905435754010973,0.101309272835279,0.115207725714169,
0.131652596037831,0.150299325856981,0.17091406108236,0.193324640843058,
0.217397464998304,0.243024943237999,0.270118012820405,0.298601362309559,
0.32841021966828,0.359488101772539,0.391785184229787,0.425257087589203,
0.45986395242589,0.495569720492199,0.532341566415863,0.570149441681501,
0.608965703886983,0.648764811805834,0.689523071958751,0.731218426019739,
0.77383027096769,0.817339305770613,0.861727399772385,0.90697747898504,0.953073427271242,
0.968217322901952),.UNSPECIFIED.);
#485=B_SPLINE_CURVE_WITH_KNOTS('',3,(#4494,#4495,#4496,#4497,#4498,#4499,
#4500,#4501,#4502,#4503,#4504,#4505,#4506,#4507,#4508,#4509,#4510,#4511,
#4512,#4513,#4514,#4515,#4516,#4517,#4518,#4519,#4520,#4521,#4522,#4523,
#4524,#4525),.UNSPECIFIED.,.F.,.F.,(4,1,1,1,1,1,1,1,1,1,1,1,1,1,1,1,1,1,
1,1,1,1,1,1,1,1,1,1,1,4),(0.,0.0905435754010973,0.101309272835279,0.115207725714169,
0.131652596037831,0.150299325856981,0.17091406108236,0.193324640843058,
0.217397464998304,0.243024943237999,0.270118012820405,0.298601362309559,
0.32841021966828,0.359488101772539,0.391785184229787,0.425257087589203,
0.45986395242589,0.495569720492199,0.532341566415863,0.570149441681501,
0.608965703886983,0.648764811805834,0.689523071958751,0.731218426019739,
0.77383027096769,0.817339305770613,0.861727399772385,0.90697747898504,0.953073427271242,
0.968217322901952),.UNSPECIFIED.);
#486=B_SPLINE_CURVE_WITH_KNOTS('',3,(#4533,#4534,#4535,#4536,#4537,#4538,
#4539,#4540,#4541,#4542,#4543,#4544,#4545,#4546,#4547,#4548,#4549,#4550,
#4551,#4552,#4553,#4554,#4555,#4556,#4557,#4558,#4559,#4560,#4561,#4562,
#4563,#4564),.UNSPECIFIED.,.F.,.F.,(4,1,1,1,1,1,1,1,1,1,1,1,1,1,1,1,1,1,
1,1,1,1,1,1,1,1,1,1,1,4),(0.,0.0905435754010973,0.101309272835279,0.115207725714169,
0.131652596037831,0.150299325856981,0.17091406108236,0.193324640843058,
0.217397464998304,0.243024943237999,0.270118012820405,0.298601362309559,
0.32841021966828,0.359488101772539,0.391785184229787,0.425257087589203,
0.45986395242589,0.495569720492199,0.532341566415863,0.570149441681501,
0.608965703886983,0.648764811805834,0.689523071958751,0.731218426019739,
0.77383027096769,0.817339305770613,0.861727399772385,0.90697747898504,0.953073427271242,
0.968217322901952),.UNSPECIFIED.);
#487=B_SPLINE_CURVE_WITH_KNOTS('',3,(#4568,#4569,#4570,#4571,#4572,#4573,
#4574,#4575,#4576,#4577,#4578,#4579,#4580,#4581,#4582,#4583,#4584,#4585,
#4586,#4587,#4588,#4589,#4590,#4591,#4592,#4593,#4594,#4595,#4596,#4597,
#4598,#4599),.UNSPECIFIED.,.F.,.F.,(4,1,1,1,1,1,1,1,1,1,1,1,1,1,1,1,1,1,
1,1,1,1,1,1,1,1,1,1,1,4),(0.,0.0905435754010973,0.101309272835279,0.115207725714169,
0.131652596037831,0.150299325856981,0.17091406108236,0.193324640843058,
0.217397464998304,0.243024943237999,0.270118012820405,0.298601362309559,
0.32841021966828,0.359488101772539,0.391785184229787,0.425257087589203,
0.45986395242589,0.495569720492199,0.532341566415863,0.570149441681501,
0.608965703886983,0.648764811805834,0.689523071958751,0.731218426019739,
0.77383027096769,0.817339305770613,0.861727399772385,0.90697747898504,0.953073427271242,
0.968217322901952),.UNSPECIFIED.);
#488=B_SPLINE_CURVE_WITH_KNOTS('',3,(#4607,#4608,#4609,#4610,#4611,#4612,
#4613,#4614,#4615,#4616,#4617,#4618,#4619,#4620,#4621,#4622,#4623,#4624,
#4625,#4626,#4627,#4628,#4629,#4630,#4631,#4632,#4633,#4634,#4635,#4636,
#4637,#4638),.UNSPECIFIED.,.F.,.F.,(4,1,1,1,1,1,1,1,1,1,1,1,1,1,1,1,1,1,
1,1,1,1,1,1,1,1,1,1,1,4),(0.,0.0905435754010973,0.101309272835279,0.115207725714169,
0.131652596037831,0.150299325856981,0.17091406108236,0.193324640843058,
0.217397464998304,0.243024943237999,0.270118012820405,0.298601362309559,
0.32841021966828,0.359488101772539,0.391785184229787,0.425257087589203,
0.45986395242589,0.495569720492199,0.532341566415863,0.570149441681501,
0.608965703886983,0.648764811805834,0.689523071958751,0.731218426019739,
0.77383027096769,0.817339305770613,0.861727399772385,0.90697747898504,0.953073427271242,
0.968217322901952),.UNSPECIFIED.);
#489=B_SPLINE_CURVE_WITH_KNOTS('',3,(#4642,#4643,#4644,#4645,#4646,#4647,
#4648,#4649,#4650,#4651,#4652,#4653,#4654,#4655,#4656,#4657,#4658,#4659,
#4660,#4661,#4662,#4663,#4664,#4665,#4666,#4667,#4668,#4669,#4670,#4671,
#4672,#4673),.UNSPECIFIED.,.F.,.F.,(4,1,1,1,1,1,1,1,1,1,1,1,1,1,1,1,1,1,
1,1,1,1,1,1,1,1,1,1,1,4),(0.,0.0905435754010973,0.101309272835279,0.115207725714169,
0.131652596037831,0.150299325856981,0.17091406108236,0.193324640843058,
0.217397464998304,0.243024943237999,0.270118012820405,0.298601362309559,
0.32841021966828,0.359488101772539,0.391785184229787,0.425257087589203,
0.45986395242589,0.495569720492199,0.532341566415863,0.570149441681501,
0.608965703886983,0.648764811805834,0.689523071958751,0.731218426019739,
0.77383027096769,0.817339305770613,0.861727399772385,0.90697747898504,0.953073427271242,
0.968217322901952),.UNSPECIFIED.);
#490=B_SPLINE_CURVE_WITH_KNOTS('',3,(#4681,#4682,#4683,#4684,#4685,#4686,
#4687,#4688,#4689,#4690,#4691,#4692,#4693,#4694,#4695,#4696,#4697,#4698,
#4699,#4700,#4701,#4702,#4703,#4704,#4705,#4706,#4707,#4708,#4709,#4710,
#4711,#4712),.UNSPECIFIED.,.F.,.F.,(4,1,1,1,1,1,1,1,1,1,1,1,1,1,1,1,1,1,
1,1,1,1,1,1,1,1,1,1,1,4),(0.,0.0905435754010973,0.101309272835279,0.115207725714169,
0.131652596037831,0.150299325856981,0.17091406108236,0.193324640843058,
0.217397464998304,0.243024943237999,0.270118012820405,0.298601362309559,
0.32841021966828,0.359488101772539,0.391785184229787,0.425257087589203,
0.45986395242589,0.495569720492199,0.532341566415863,0.570149441681501,
0.608965703886983,0.648764811805834,0.689523071958751,0.731218426019739,
0.77383027096769,0.817339305770613,0.861727399772385,0.90697747898504,0.953073427271242,
0.968217322901952),.UNSPECIFIED.);
#491=B_SPLINE_CURVE_WITH_KNOTS('',3,(#4716,#4717,#4718,#4719,#4720,#4721,
#4722,#4723,#4724,#4725,#4726,#4727,#4728,#4729,#4730,#4731,#4732,#4733,
#4734,#4735,#4736,#4737,#4738,#4739,#4740,#4741,#4742,#4743,#4744,#4745,
#4746,#4747),.UNSPECIFIED.,.F.,.F.,(4,1,1,1,1,1,1,1,1,1,1,1,1,1,1,1,1,1,
1,1,1,1,1,1,1,1,1,1,1,4),(0.,0.0905435754010973,0.101309272835279,0.115207725714169,
0.131652596037831,0.150299325856981,0.17091406108236,0.193324640843058,
0.217397464998304,0.243024943237999,0.270118012820405,0.298601362309559,
0.32841021966828,0.359488101772539,0.391785184229787,0.425257087589203,
0.45986395242589,0.495569720492199,0.532341566415863,0.570149441681501,
0.608965703886983,0.648764811805834,0.689523071958751,0.731218426019739,
0.77383027096769,0.817339305770613,0.861727399772385,0.90697747898504,0.953073427271242,
0.968217322901952),.UNSPECIFIED.);
#492=B_SPLINE_CURVE_WITH_KNOTS('',3,(#4755,#4756,#4757,#4758,#4759,#4760,
#4761,#4762,#4763,#4764,#4765,#4766,#4767,#4768,#4769,#4770,#4771,#4772,
#4773,#4774,#4775,#4776,#4777,#4778,#4779,#4780,#4781,#4782,#4783,#4784,
#4785,#4786),.UNSPECIFIED.,.F.,.F.,(4,1,1,1,1,1,1,1,1,1,1,1,1,1,1,1,1,1,
1,1,1,1,1,1,1,1,1,1,1,4),(0.,0.0905435754010973,0.101309272835279,0.115207725714169,
0.131652596037831,0.150299325856981,0.17091406108236,0.193324640843058,
0.217397464998304,0.243024943237999,0.270118012820405,0.298601362309559,
0.32841021966828,0.359488101772539,0.391785184229787,0.425257087589203,
0.45986395242589,0.495569720492199,0.532341566415863,0.570149441681501,
0.608965703886983,0.648764811805834,0.689523071958751,0.731218426019739,
0.77383027096769,0.817339305770613,0.861727399772385,0.90697747898504,0.953073427271242,
0.968217322901952),.UNSPECIFIED.);
#493=B_SPLINE_CURVE_WITH_KNOTS('',3,(#4790,#4791,#4792,#4793,#4794,#4795,
#4796,#4797,#4798,#4799,#4800,#4801,#4802,#4803,#4804,#4805,#4806,#4807,
#4808,#4809,#4810,#4811,#4812,#4813,#4814,#4815,#4816,#4817,#4818,#4819,
#4820,#4821),.UNSPECIFIED.,.F.,.F.,(4,1,1,1,1,1,1,1,1,1,1,1,1,1,1,1,1,1,
1,1,1,1,1,1,1,1,1,1,1,4),(0.,0.0905435754010973,0.101309272835279,0.115207725714169,
0.131652596037831,0.150299325856981,0.17091406108236,0.193324640843058,
0.217397464998304,0.243024943237999,0.270118012820405,0.298601362309559,
0.32841021966828,0.359488101772539,0.391785184229787,0.425257087589203,
0.45986395242589,0.495569720492199,0.532341566415863,0.570149441681501,
0.608965703886983,0.648764811805834,0.689523071958751,0.731218426019739,
0.77383027096769,0.817339305770613,0.861727399772385,0.90697747898504,0.953073427271242,
0.968217322901952),.UNSPECIFIED.);
#494=B_SPLINE_CURVE_WITH_KNOTS('',3,(#4829,#4830,#4831,#4832,#4833,#4834,
#4835,#4836,#4837,#4838,#4839,#4840,#4841,#4842,#4843,#4844,#4845,#4846,
#4847,#4848,#4849,#4850,#4851,#4852,#4853,#4854,#4855,#4856,#4857,#4858,
#4859,#4860),.UNSPECIFIED.,.F.,.F.,(4,1,1,1,1,1,1,1,1,1,1,1,1,1,1,1,1,1,
1,1,1,1,1,1,1,1,1,1,1,4),(0.,0.0905435754010973,0.101309272835279,0.115207725714169,
0.131652596037831,0.150299325856981,0.17091406108236,0.193324640843058,
0.217397464998304,0.243024943237999,0.270118012820405,0.298601362309559,
0.32841021966828,0.359488101772539,0.391785184229787,0.425257087589203,
0.45986395242589,0.495569720492199,0.532341566415863,0.570149441681501,
0.608965703886983,0.648764811805834,0.689523071958751,0.731218426019739,
0.77383027096769,0.817339305770613,0.861727399772385,0.90697747898504,0.953073427271242,
0.968217322901952),.UNSPECIFIED.);
#495=B_SPLINE_CURVE_WITH_KNOTS('',3,(#4864,#4865,#4866,#4867,#4868,#4869,
#4870,#4871,#4872,#4873,#4874,#4875,#4876,#4877,#4878,#4879,#4880,#4881,
#4882,#4883,#4884,#4885,#4886,#4887,#4888,#4889,#4890,#4891,#4892,#4893,
#4894,#4895),.UNSPECIFIED.,.F.,.F.,(4,1,1,1,1,1,1,1,1,1,1,1,1,1,1,1,1,1,
1,1,1,1,1,1,1,1,1,1,1,4),(0.,0.0905435754010973,0.101309272835279,0.115207725714169,
0.131652596037831,0.150299325856981,0.17091406108236,0.193324640843058,
0.217397464998304,0.243024943237999,0.270118012820405,0.298601362309559,
0.32841021966828,0.359488101772539,0.391785184229787,0.425257087589203,
0.45986395242589,0.495569720492199,0.532341566415863,0.570149441681501,
0.608965703886983,0.648764811805834,0.689523071958751,0.731218426019739,
0.77383027096769,0.817339305770613,0.861727399772385,0.90697747898504,0.953073427271242,
0.968217322901952),.UNSPECIFIED.);
#496=B_SPLINE_CURVE_WITH_KNOTS('',3,(#4903,#4904,#4905,#4906,#4907,#4908,
#4909,#4910,#4911,#4912,#4913,#4914,#4915,#4916,#4917,#4918,#4919,#4920,
#4921,#4922,#4923,#4924,#4925,#4926,#4927,#4928,#4929,#4930,#4931,#4932,
#4933,#4934),.UNSPECIFIED.,.F.,.F.,(4,1,1,1,1,1,1,1,1,1,1,1,1,1,1,1,1,1,
1,1,1,1,1,1,1,1,1,1,1,4),(0.,0.0905435754010973,0.101309272835279,0.115207725714169,
0.131652596037831,0.150299325856981,0.17091406108236,0.193324640843058,
0.217397464998304,0.243024943237999,0.270118012820405,0.298601362309559,
0.32841021966828,0.359488101772539,0.391785184229787,0.425257087589203,
0.45986395242589,0.495569720492199,0.532341566415863,0.570149441681501,
0.608965703886983,0.648764811805834,0.689523071958751,0.731218426019739,
0.77383027096769,0.817339305770613,0.861727399772385,0.90697747898504,0.953073427271242,
0.968217322901952),.UNSPECIFIED.);
#497=B_SPLINE_CURVE_WITH_KNOTS('',3,(#4938,#4939,#4940,#4941,#4942,#4943,
#4944,#4945,#4946,#4947,#4948,#4949,#4950,#4951,#4952,#4953,#4954,#4955,
#4956,#4957,#4958,#4959,#4960,#4961,#4962,#4963,#4964,#4965,#4966,#4967,
#4968,#4969),.UNSPECIFIED.,.F.,.F.,(4,1,1,1,1,1,1,1,1,1,1,1,1,1,1,1,1,1,
1,1,1,1,1,1,1,1,1,1,1,4),(0.,0.0905435754010973,0.101309272835279,0.115207725714169,
0.131652596037831,0.150299325856981,0.17091406108236,0.193324640843058,
0.217397464998304,0.243024943237999,0.270118012820405,0.298601362309559,
0.32841021966828,0.359488101772539,0.391785184229787,0.425257087589203,
0.45986395242589,0.495569720492199,0.532341566415863,0.570149441681501,
0.608965703886983,0.648764811805834,0.689523071958751,0.731218426019739,
0.77383027096769,0.817339305770613,0.861727399772385,0.90697747898504,0.953073427271242,
0.968217322901952),.UNSPECIFIED.);
#498=B_SPLINE_CURVE_WITH_KNOTS('',3,(#4977,#4978,#4979,#4980,#4981,#4982,
#4983,#4984,#4985,#4986,#4987,#4988,#4989,#4990,#4991,#4992,#4993,#4994,
#4995,#4996,#4997,#4998,#4999,#5000,#5001,#5002,#5003,#5004,#5005,#5006,
#5007,#5008),.UNSPECIFIED.,.F.,.F.,(4,1,1,1,1,1,1,1,1,1,1,1,1,1,1,1,1,1,
1,1,1,1,1,1,1,1,1,1,1,4),(0.,0.0905435754010973,0.101309272835279,0.115207725714169,
0.131652596037831,0.150299325856981,0.17091406108236,0.193324640843058,
0.217397464998304,0.243024943237999,0.270118012820405,0.298601362309559,
0.32841021966828,0.359488101772539,0.391785184229787,0.425257087589203,
0.45986395242589,0.495569720492199,0.532341566415863,0.570149441681501,
0.608965703886983,0.648764811805834,0.689523071958751,0.731218426019739,
0.77383027096769,0.817339305770613,0.861727399772385,0.90697747898504,0.953073427271242,
0.968217322901952),.UNSPECIFIED.);
#499=B_SPLINE_CURVE_WITH_KNOTS('',3,(#5012,#5013,#5014,#5015,#5016,#5017,
#5018,#5019,#5020,#5021,#5022,#5023,#5024,#5025,#5026,#5027,#5028,#5029,
#5030,#5031,#5032,#5033,#5034,#5035,#5036,#5037,#5038,#5039,#5040,#5041,
#5042,#5043),.UNSPECIFIED.,.F.,.F.,(4,1,1,1,1,1,1,1,1,1,1,1,1,1,1,1,1,1,
1,1,1,1,1,1,1,1,1,1,1,4),(0.,0.0905435754010973,0.101309272835279,0.115207725714169,
0.131652596037831,0.150299325856981,0.17091406108236,0.193324640843058,
0.217397464998304,0.243024943237999,0.270118012820405,0.298601362309559,
0.32841021966828,0.359488101772539,0.391785184229787,0.425257087589203,
0.45986395242589,0.495569720492199,0.532341566415863,0.570149441681501,
0.608965703886983,0.648764811805834,0.689523071958751,0.731218426019739,
0.77383027096769,0.817339305770613,0.861727399772385,0.90697747898504,0.953073427271242,
0.968217322901952),.UNSPECIFIED.);
#500=B_SPLINE_CURVE_WITH_KNOTS('',3,(#5051,#5052,#5053,#5054,#5055,#5056,
#5057,#5058,#5059,#5060,#5061,#5062,#5063,#5064,#5065,#5066,#5067,#5068,
#5069,#5070,#5071,#5072,#5073,#5074,#5075,#5076,#5077,#5078,#5079,#5080,
#5081,#5082),.UNSPECIFIED.,.F.,.F.,(4,1,1,1,1,1,1,1,1,1,1,1,1,1,1,1,1,1,
1,1,1,1,1,1,1,1,1,1,1,4),(0.,0.0905435754010973,0.101309272835279,0.115207725714169,
0.131652596037831,0.150299325856981,0.17091406108236,0.193324640843058,
0.217397464998304,0.243024943237999,0.270118012820405,0.298601362309559,
0.32841021966828,0.359488101772539,0.391785184229787,0.425257087589203,
0.45986395242589,0.495569720492199,0.532341566415863,0.570149441681501,
0.608965703886983,0.648764811805834,0.689523071958751,0.731218426019739,
0.77383027096769,0.817339305770613,0.861727399772385,0.90697747898504,0.953073427271242,
0.968217322901952),.UNSPECIFIED.);
#501=B_SPLINE_CURVE_WITH_KNOTS('',3,(#5086,#5087,#5088,#5089,#5090,#5091,
#5092,#5093,#5094,#5095,#5096,#5097,#5098,#5099,#5100,#5101,#5102,#5103,
#5104,#5105,#5106,#5107,#5108,#5109,#5110,#5111,#5112,#5113,#5114,#5115,
#5116,#5117),.UNSPECIFIED.,.F.,.F.,(4,1,1,1,1,1,1,1,1,1,1,1,1,1,1,1,1,1,
1,1,1,1,1,1,1,1,1,1,1,4),(0.,0.0905435754010973,0.101309272835279,0.115207725714169,
0.131652596037831,0.150299325856981,0.17091406108236,0.193324640843058,
0.217397464998304,0.243024943237999,0.270118012820405,0.298601362309559,
0.32841021966828,0.359488101772539,0.391785184229787,0.425257087589203,
0.45986395242589,0.495569720492199,0.532341566415863,0.570149441681501,
0.608965703886983,0.648764811805834,0.689523071958751,0.731218426019739,
0.77383027096769,0.817339305770613,0.861727399772385,0.90697747898504,0.953073427271242,
0.968217322901952),.UNSPECIFIED.);
#502=B_SPLINE_CURVE_WITH_KNOTS('',3,(#5125,#5126,#5127,#5128,#5129,#5130,
#5131,#5132,#5133,#5134,#5135,#5136,#5137,#5138,#5139,#5140,#5141,#5142,
#5143,#5144,#5145,#5146,#5147,#5148,#5149,#5150,#5151,#5152,#5153,#5154,
#5155,#5156),.UNSPECIFIED.,.F.,.F.,(4,1,1,1,1,1,1,1,1,1,1,1,1,1,1,1,1,1,
1,1,1,1,1,1,1,1,1,1,1,4),(0.,0.0905435754010973,0.101309272835279,0.115207725714169,
0.131652596037831,0.150299325856981,0.17091406108236,0.193324640843058,
0.217397464998304,0.243024943237999,0.270118012820405,0.298601362309559,
0.32841021966828,0.359488101772539,0.391785184229787,0.425257087589203,
0.45986395242589,0.495569720492199,0.532341566415863,0.570149441681501,
0.608965703886983,0.648764811805834,0.689523071958751,0.731218426019739,
0.77383027096769,0.817339305770613,0.861727399772385,0.90697747898504,0.953073427271242,
0.968217322901952),.UNSPECIFIED.);
#503=B_SPLINE_CURVE_WITH_KNOTS('',3,(#5160,#5161,#5162,#5163,#5164,#5165,
#5166,#5167,#5168,#5169,#5170,#5171,#5172,#5173,#5174,#5175,#5176,#5177,
#5178,#5179,#5180,#5181,#5182,#5183,#5184,#5185,#5186,#5187,#5188,#5189,
#5190,#5191),.UNSPECIFIED.,.F.,.F.,(4,1,1,1,1,1,1,1,1,1,1,1,1,1,1,1,1,1,
1,1,1,1,1,1,1,1,1,1,1,4),(0.,0.0905435754010973,0.101309272835279,0.115207725714169,
0.131652596037831,0.150299325856981,0.17091406108236,0.193324640843058,
0.217397464998304,0.243024943237999,0.270118012820405,0.298601362309559,
0.32841021966828,0.359488101772539,0.391785184229787,0.425257087589203,
0.45986395242589,0.495569720492199,0.532341566415863,0.570149441681501,
0.608965703886983,0.648764811805834,0.689523071958751,0.731218426019739,
0.77383027096769,0.817339305770613,0.861727399772385,0.90697747898504,0.953073427271242,
0.968217322901952),.UNSPECIFIED.);
#504=B_SPLINE_CURVE_WITH_KNOTS('',3,(#5199,#5200,#5201,#5202,#5203,#5204,
#5205,#5206,#5207,#5208,#5209,#5210,#5211,#5212,#5213,#5214,#5215,#5216,
#5217,#5218,#5219,#5220,#5221,#5222,#5223,#5224,#5225,#5226,#5227,#5228,
#5229,#5230),.UNSPECIFIED.,.F.,.F.,(4,1,1,1,1,1,1,1,1,1,1,1,1,1,1,1,1,1,
1,1,1,1,1,1,1,1,1,1,1,4),(0.,0.0905435754010973,0.101309272835279,0.115207725714169,
0.131652596037831,0.150299325856981,0.17091406108236,0.193324640843058,
0.217397464998304,0.243024943237999,0.270118012820405,0.298601362309559,
0.32841021966828,0.359488101772539,0.391785184229787,0.425257087589203,
0.45986395242589,0.495569720492199,0.532341566415863,0.570149441681501,
0.608965703886983,0.648764811805834,0.689523071958751,0.731218426019739,
0.77383027096769,0.817339305770613,0.861727399772385,0.90697747898504,0.953073427271242,
0.968217322901952),.UNSPECIFIED.);
#505=B_SPLINE_CURVE_WITH_KNOTS('',3,(#5234,#5235,#5236,#5237,#5238,#5239,
#5240,#5241,#5242,#5243,#5244,#5245,#5246,#5247,#5248,#5249,#5250,#5251,
#5252,#5253,#5254,#5255,#5256,#5257,#5258,#5259,#5260,#5261,#5262,#5263,
#5264,#5265),.UNSPECIFIED.,.F.,.F.,(4,1,1,1,1,1,1,1,1,1,1,1,1,1,1,1,1,1,
1,1,1,1,1,1,1,1,1,1,1,4),(0.,0.0905435754010973,0.101309272835279,0.115207725714169,
0.131652596037831,0.150299325856981,0.17091406108236,0.193324640843058,
0.217397464998304,0.243024943237999,0.270118012820405,0.298601362309559,
0.32841021966828,0.359488101772539,0.391785184229787,0.425257087589203,
0.45986395242589,0.495569720492199,0.532341566415863,0.570149441681501,
0.608965703886983,0.648764811805834,0.689523071958751,0.731218426019739,
0.77383027096769,0.817339305770613,0.861727399772385,0.90697747898504,0.953073427271242,
0.968217322901952),.UNSPECIFIED.);
#506=B_SPLINE_CURVE_WITH_KNOTS('',3,(#5273,#5274,#5275,#5276,#5277,#5278,
#5279,#5280,#5281,#5282,#5283,#5284,#5285,#5286,#5287,#5288,#5289,#5290,
#5291,#5292,#5293,#5294,#5295,#5296,#5297,#5298,#5299,#5300,#5301,#5302,
#5303,#5304),.UNSPECIFIED.,.F.,.F.,(4,1,1,1,1,1,1,1,1,1,1,1,1,1,1,1,1,1,
1,1,1,1,1,1,1,1,1,1,1,4),(0.,0.0905435754010973,0.101309272835279,0.115207725714169,
0.131652596037831,0.150299325856981,0.17091406108236,0.193324640843058,
0.217397464998304,0.243024943237999,0.270118012820405,0.298601362309559,
0.32841021966828,0.359488101772539,0.391785184229787,0.425257087589203,
0.45986395242589,0.495569720492199,0.532341566415863,0.570149441681501,
0.608965703886983,0.648764811805834,0.689523071958751,0.731218426019739,
0.77383027096769,0.817339305770613,0.861727399772385,0.90697747898504,0.953073427271242,
0.968217322901952),.UNSPECIFIED.);
#507=B_SPLINE_CURVE_WITH_KNOTS('',3,(#5308,#5309,#5310,#5311,#5312,#5313,
#5314,#5315,#5316,#5317,#5318,#5319,#5320,#5321,#5322,#5323,#5324,#5325,
#5326,#5327,#5328,#5329,#5330,#5331,#5332,#5333,#5334,#5335,#5336,#5337,
#5338,#5339),.UNSPECIFIED.,.F.,.F.,(4,1,1,1,1,1,1,1,1,1,1,1,1,1,1,1,1,1,
1,1,1,1,1,1,1,1,1,1,1,4),(0.,0.0905435754010973,0.101309272835279,0.115207725714169,
0.131652596037831,0.150299325856981,0.17091406108236,0.193324640843058,
0.217397464998304,0.243024943237999,0.270118012820405,0.298601362309559,
0.32841021966828,0.359488101772539,0.391785184229787,0.425257087589203,
0.45986395242589,0.495569720492199,0.532341566415863,0.570149441681501,
0.608965703886983,0.648764811805834,0.689523071958751,0.731218426019739,
0.77383027096769,0.817339305770613,0.861727399772385,0.90697747898504,0.953073427271242,
0.968217322901952),.UNSPECIFIED.);
#508=B_SPLINE_CURVE_WITH_KNOTS('',3,(#5347,#5348,#5349,#5350,#5351,#5352,
#5353,#5354,#5355,#5356,#5357,#5358,#5359,#5360,#5361,#5362,#5363,#5364,
#5365,#5366,#5367,#5368,#5369,#5370,#5371,#5372,#5373,#5374,#5375,#5376,
#5377,#5378),.UNSPECIFIED.,.F.,.F.,(4,1,1,1,1,1,1,1,1,1,1,1,1,1,1,1,1,1,
1,1,1,1,1,1,1,1,1,1,1,4),(0.,0.0905435754010973,0.101309272835279,0.115207725714169,
0.131652596037831,0.150299325856981,0.17091406108236,0.193324640843058,
0.217397464998304,0.243024943237999,0.270118012820405,0.298601362309559,
0.32841021966828,0.359488101772539,0.391785184229787,0.425257087589203,
0.45986395242589,0.495569720492199,0.532341566415863,0.570149441681501,
0.608965703886983,0.648764811805834,0.689523071958751,0.731218426019739,
0.77383027096769,0.817339305770613,0.861727399772385,0.90697747898504,0.953073427271242,
0.968217322901952),.UNSPECIFIED.);
#509=B_SPLINE_CURVE_WITH_KNOTS('',3,(#5382,#5383,#5384,#5385,#5386,#5387,
#5388,#5389,#5390,#5391,#5392,#5393,#5394,#5395,#5396,#5397,#5398,#5399,
#5400,#5401,#5402,#5403,#5404,#5405,#5406,#5407,#5408,#5409,#5410,#5411,
#5412,#5413),.UNSPECIFIED.,.F.,.F.,(4,1,1,1,1,1,1,1,1,1,1,1,1,1,1,1,1,1,
1,1,1,1,1,1,1,1,1,1,1,4),(0.,0.0905435754010973,0.101309272835279,0.115207725714169,
0.131652596037831,0.150299325856981,0.17091406108236,0.193324640843058,
0.217397464998304,0.243024943237999,0.270118012820405,0.298601362309559,
0.32841021966828,0.359488101772539,0.391785184229787,0.425257087589203,
0.45986395242589,0.495569720492199,0.532341566415863,0.570149441681501,
0.608965703886983,0.648764811805834,0.689523071958751,0.731218426019739,
0.77383027096769,0.817339305770613,0.861727399772385,0.90697747898504,0.953073427271242,
0.968217322901952),.UNSPECIFIED.);
#510=B_SPLINE_CURVE_WITH_KNOTS('',3,(#5421,#5422,#5423,#5424,#5425,#5426,
#5427,#5428,#5429,#5430,#5431,#5432,#5433,#5434,#5435,#5436,#5437,#5438,
#5439,#5440,#5441,#5442,#5443,#5444,#5445,#5446,#5447,#5448,#5449,#5450,
#5451,#5452),.UNSPECIFIED.,.F.,.F.,(4,1,1,1,1,1,1,1,1,1,1,1,1,1,1,1,1,1,
1,1,1,1,1,1,1,1,1,1,1,4),(0.,0.0905435754010973,0.101309272835279,0.115207725714169,
0.131652596037831,0.150299325856981,0.17091406108236,0.193324640843058,
0.217397464998304,0.243024943237999,0.270118012820405,0.298601362309559,
0.32841021966828,0.359488101772539,0.391785184229787,0.425257087589203,
0.45986395242589,0.495569720492199,0.532341566415863,0.570149441681501,
0.608965703886983,0.648764811805834,0.689523071958751,0.731218426019739,
0.77383027096769,0.817339305770613,0.861727399772385,0.90697747898504,0.953073427271242,
0.968217322901952),.UNSPECIFIED.);
#511=B_SPLINE_CURVE_WITH_KNOTS('',3,(#5456,#5457,#5458,#5459,#5460,#5461,
#5462,#5463,#5464,#5465,#5466,#5467,#5468,#5469,#5470,#5471,#5472,#5473,
#5474,#5475,#5476,#5477,#5478,#5479,#5480,#5481,#5482,#5483,#5484,#5485,
#5486,#5487),.UNSPECIFIED.,.F.,.F.,(4,1,1,1,1,1,1,1,1,1,1,1,1,1,1,1,1,1,
1,1,1,1,1,1,1,1,1,1,1,4),(0.,0.0905435754010973,0.101309272835279,0.115207725714169,
0.131652596037831,0.150299325856981,0.17091406108236,0.193324640843058,
0.217397464998304,0.243024943237999,0.270118012820405,0.298601362309559,
0.32841021966828,0.359488101772539,0.391785184229787,0.425257087589203,
0.45986395242589,0.495569720492199,0.532341566415863,0.570149441681501,
0.608965703886983,0.648764811805834,0.689523071958751,0.731218426019739,
0.77383027096769,0.817339305770613,0.861727399772385,0.90697747898504,0.953073427271242,
0.968217322901952),.UNSPECIFIED.);
#512=B_SPLINE_CURVE_WITH_KNOTS('',3,(#5495,#5496,#5497,#5498,#5499,#5500,
#5501,#5502,#5503,#5504,#5505,#5506,#5507,#5508,#5509,#5510,#5511,#5512,
#5513,#5514,#5515,#5516,#5517,#5518,#5519,#5520,#5521,#5522,#5523,#5524,
#5525,#5526),.UNSPECIFIED.,.F.,.F.,(4,1,1,1,1,1,1,1,1,1,1,1,1,1,1,1,1,1,
1,1,1,1,1,1,1,1,1,1,1,4),(0.,0.0905435754010973,0.101309272835279,0.115207725714169,
0.131652596037831,0.150299325856981,0.17091406108236,0.193324640843058,
0.217397464998304,0.243024943237999,0.270118012820405,0.298601362309559,
0.32841021966828,0.359488101772539,0.391785184229787,0.425257087589203,
0.45986395242589,0.495569720492199,0.532341566415863,0.570149441681501,
0.608965703886983,0.648764811805834,0.689523071958751,0.731218426019739,
0.77383027096769,0.817339305770613,0.861727399772385,0.90697747898504,0.953073427271242,
0.968217322901952),.UNSPECIFIED.);
#513=B_SPLINE_CURVE_WITH_KNOTS('',3,(#5530,#5531,#5532,#5533,#5534,#5535,
#5536,#5537,#5538,#5539,#5540,#5541,#5542,#5543,#5544,#5545,#5546,#5547,
#5548,#5549,#5550,#5551,#5552,#5553,#5554,#5555,#5556,#5557,#5558,#5559,
#5560,#5561),.UNSPECIFIED.,.F.,.F.,(4,1,1,1,1,1,1,1,1,1,1,1,1,1,1,1,1,1,
1,1,1,1,1,1,1,1,1,1,1,4),(0.,0.0905435754010973,0.101309272835279,0.115207725714169,
0.131652596037831,0.150299325856981,0.17091406108236,0.193324640843058,
0.217397464998304,0.243024943237999,0.270118012820405,0.298601362309559,
0.32841021966828,0.359488101772539,0.391785184229787,0.425257087589203,
0.45986395242589,0.495569720492199,0.532341566415863,0.570149441681501,
0.608965703886983,0.648764811805834,0.689523071958751,0.731218426019739,
0.77383027096769,0.817339305770613,0.861727399772385,0.90697747898504,0.953073427271242,
0.968217322901952),.UNSPECIFIED.);
#514=B_SPLINE_CURVE_WITH_KNOTS('',3,(#5569,#5570,#5571,#5572,#5573,#5574,
#5575,#5576,#5577,#5578,#5579,#5580,#5581,#5582,#5583,#5584,#5585,#5586,
#5587,#5588,#5589,#5590,#5591,#5592,#5593,#5594,#5595,#5596,#5597,#5598,
#5599,#5600),.UNSPECIFIED.,.F.,.F.,(4,1,1,1,1,1,1,1,1,1,1,1,1,1,1,1,1,1,
1,1,1,1,1,1,1,1,1,1,1,4),(0.,0.0905435754010973,0.101309272835279,0.115207725714169,
0.131652596037831,0.150299325856981,0.17091406108236,0.193324640843058,
0.217397464998304,0.243024943237999,0.270118012820405,0.298601362309559,
0.32841021966828,0.359488101772539,0.391785184229787,0.425257087589203,
0.45986395242589,0.495569720492199,0.532341566415863,0.570149441681501,
0.608965703886983,0.648764811805834,0.689523071958751,0.731218426019739,
0.77383027096769,0.817339305770613,0.861727399772385,0.90697747898504,0.953073427271242,
0.968217322901952),.UNSPECIFIED.);
#515=B_SPLINE_CURVE_WITH_KNOTS('',3,(#5604,#5605,#5606,#5607,#5608,#5609,
#5610,#5611,#5612,#5613,#5614,#5615,#5616,#5617,#5618,#5619,#5620,#5621,
#5622,#5623,#5624,#5625,#5626,#5627,#5628,#5629,#5630,#5631,#5632,#5633,
#5634,#5635),.UNSPECIFIED.,.F.,.F.,(4,1,1,1,1,1,1,1,1,1,1,1,1,1,1,1,1,1,
1,1,1,1,1,1,1,1,1,1,1,4),(0.,0.0905435754010973,0.101309272835279,0.115207725714169,
0.131652596037831,0.150299325856981,0.17091406108236,0.193324640843058,
0.217397464998304,0.243024943237999,0.270118012820405,0.298601362309559,
0.32841021966828,0.359488101772539,0.391785184229787,0.425257087589203,
0.45986395242589,0.495569720492199,0.532341566415863,0.570149441681501,
0.608965703886983,0.648764811805834,0.689523071958751,0.731218426019739,
0.77383027096769,0.817339305770613,0.861727399772385,0.90697747898504,0.953073427271242,
0.968217322901952),.UNSPECIFIED.);
#516=B_SPLINE_CURVE_WITH_KNOTS('',3,(#5643,#5644,#5645,#5646,#5647,#5648,
#5649,#5650,#5651,#5652,#5653,#5654,#5655,#5656,#5657,#5658,#5659,#5660,
#5661,#5662,#5663,#5664,#5665,#5666,#5667,#5668,#5669,#5670,#5671,#5672,
#5673,#5674),.UNSPECIFIED.,.F.,.F.,(4,1,1,1,1,1,1,1,1,1,1,1,1,1,1,1,1,1,
1,1,1,1,1,1,1,1,1,1,1,4),(0.,0.0905435754010973,0.101309272835279,0.115207725714169,
0.131652596037831,0.150299325856981,0.17091406108236,0.193324640843058,
0.217397464998304,0.243024943237999,0.270118012820405,0.298601362309559,
0.32841021966828,0.359488101772539,0.391785184229787,0.425257087589203,
0.45986395242589,0.495569720492199,0.532341566415863,0.570149441681501,
0.608965703886983,0.648764811805834,0.689523071958751,0.731218426019739,
0.77383027096769,0.817339305770613,0.861727399772385,0.90697747898504,0.953073427271242,
0.968217322901952),.UNSPECIFIED.);
#517=B_SPLINE_CURVE_WITH_KNOTS('',3,(#5678,#5679,#5680,#5681,#5682,#5683,
#5684,#5685,#5686,#5687,#5688,#5689,#5690,#5691,#5692,#5693,#5694,#5695,
#5696,#5697,#5698,#5699,#5700,#5701,#5702,#5703,#5704,#5705,#5706,#5707,
#5708,#5709),.UNSPECIFIED.,.F.,.F.,(4,1,1,1,1,1,1,1,1,1,1,1,1,1,1,1,1,1,
1,1,1,1,1,1,1,1,1,1,1,4),(0.,0.0905435754010973,0.101309272835279,0.115207725714169,
0.131652596037831,0.150299325856981,0.17091406108236,0.193324640843058,
0.217397464998304,0.243024943237999,0.270118012820405,0.298601362309559,
0.32841021966828,0.359488101772539,0.391785184229787,0.425257087589203,
0.45986395242589,0.495569720492199,0.532341566415863,0.570149441681501,
0.608965703886983,0.648764811805834,0.689523071958751,0.731218426019739,
0.77383027096769,0.817339305770613,0.861727399772385,0.90697747898504,0.953073427271242,
0.968217322901952),.UNSPECIFIED.);
#518=B_SPLINE_CURVE_WITH_KNOTS('',3,(#5717,#5718,#5719,#5720,#5721,#5722,
#5723,#5724,#5725,#5726,#5727,#5728,#5729,#5730,#5731,#5732,#5733,#5734,
#5735,#5736,#5737,#5738,#5739,#5740,#5741,#5742,#5743,#5744,#5745,#5746,
#5747,#5748),.UNSPECIFIED.,.F.,.F.,(4,1,1,1,1,1,1,1,1,1,1,1,1,1,1,1,1,1,
1,1,1,1,1,1,1,1,1,1,1,4),(0.,0.0905435754010973,0.101309272835279,0.115207725714169,
0.131652596037831,0.150299325856981,0.17091406108236,0.193324640843058,
0.217397464998304,0.243024943237999,0.270118012820405,0.298601362309559,
0.32841021966828,0.359488101772539,0.391785184229787,0.425257087589203,
0.45986395242589,0.495569720492199,0.532341566415863,0.570149441681501,
0.608965703886983,0.648764811805834,0.689523071958751,0.731218426019739,
0.77383027096769,0.817339305770613,0.861727399772385,0.90697747898504,0.953073427271242,
0.968217322901952),.UNSPECIFIED.);
#519=B_SPLINE_CURVE_WITH_KNOTS('',3,(#5752,#5753,#5754,#5755,#5756,#5757,
#5758,#5759,#5760,#5761,#5762,#5763,#5764,#5765,#5766,#5767,#5768,#5769,
#5770,#5771,#5772,#5773,#5774,#5775,#5776,#5777,#5778,#5779,#5780,#5781,
#5782,#5783),.UNSPECIFIED.,.F.,.F.,(4,1,1,1,1,1,1,1,1,1,1,1,1,1,1,1,1,1,
1,1,1,1,1,1,1,1,1,1,1,4),(0.,0.0905435754010973,0.101309272835279,0.115207725714169,
0.131652596037831,0.150299325856981,0.17091406108236,0.193324640843058,
0.217397464998304,0.243024943237999,0.270118012820405,0.298601362309559,
0.32841021966828,0.359488101772539,0.391785184229787,0.425257087589203,
0.45986395242589,0.495569720492199,0.532341566415863,0.570149441681501,
0.608965703886983,0.648764811805834,0.689523071958751,0.731218426019739,
0.77383027096769,0.817339305770613,0.861727399772385,0.90697747898504,0.953073427271242,
0.968217322901952),.UNSPECIFIED.);
#520=B_SPLINE_CURVE_WITH_KNOTS('',3,(#5791,#5792,#5793,#5794,#5795,#5796,
#5797,#5798,#5799,#5800,#5801,#5802,#5803,#5804,#5805,#5806,#5807,#5808,
#5809,#5810,#5811,#5812,#5813,#5814,#5815,#5816,#5817,#5818,#5819,#5820,
#5821,#5822),.UNSPECIFIED.,.F.,.F.,(4,1,1,1,1,1,1,1,1,1,1,1,1,1,1,1,1,1,
1,1,1,1,1,1,1,1,1,1,1,4),(0.,0.0905435754010973,0.101309272835279,0.115207725714169,
0.131652596037831,0.150299325856981,0.17091406108236,0.193324640843058,
0.217397464998304,0.243024943237999,0.270118012820405,0.298601362309559,
0.32841021966828,0.359488101772539,0.391785184229787,0.425257087589203,
0.45986395242589,0.495569720492199,0.532341566415863,0.570149441681501,
0.608965703886983,0.648764811805834,0.689523071958751,0.731218426019739,
0.77383027096769,0.817339305770613,0.861727399772385,0.90697747898504,0.953073427271242,
0.968217322901952),.UNSPECIFIED.);
#521=B_SPLINE_CURVE_WITH_KNOTS('',3,(#5826,#5827,#5828,#5829,#5830,#5831,
#5832,#5833,#5834,#5835,#5836,#5837,#5838,#5839,#5840,#5841,#5842,#5843,
#5844,#5845,#5846,#5847,#5848,#5849,#5850,#5851,#5852,#5853,#5854,#5855,
#5856,#5857),.UNSPECIFIED.,.F.,.F.,(4,1,1,1,1,1,1,1,1,1,1,1,1,1,1,1,1,1,
1,1,1,1,1,1,1,1,1,1,1,4),(0.,0.0905435754010973,0.101309272835279,0.115207725714169,
0.131652596037831,0.150299325856981,0.17091406108236,0.193324640843058,
0.217397464998304,0.243024943237999,0.270118012820405,0.298601362309559,
0.32841021966828,0.359488101772539,0.391785184229787,0.425257087589203,
0.45986395242589,0.495569720492199,0.532341566415863,0.570149441681501,
0.608965703886983,0.648764811805834,0.689523071958751,0.731218426019739,
0.77383027096769,0.817339305770613,0.861727399772385,0.90697747898504,0.953073427271242,
0.968217322901952),.UNSPECIFIED.);
#522=B_SPLINE_CURVE_WITH_KNOTS('',3,(#6044,#6045,#6046,#6047,#6048,#6049,
#6050,#6051,#6052,#6053,#6054,#6055,#6056,#6057,#6058,#6059,#6060,#6061,
#6062,#6063,#6064,#6065,#6066,#6067,#6068,#6069,#6070,#6071,#6072,#6073,
#6074,#6075),.UNSPECIFIED.,.F.,.F.,(4,1,1,1,1,1,1,1,1,1,1,1,1,1,1,1,1,1,
1,1,1,1,1,1,1,1,1,1,1,4),(0.,0.0905435754010973,0.101309272835279,0.115207725714169,
0.131652596037831,0.150299325856981,0.17091406108236,0.193324640843058,
0.217397464998304,0.243024943237999,0.270118012820405,0.298601362309559,
0.32841021966828,0.359488101772539,0.391785184229787,0.425257087589203,
0.45986395242589,0.495569720492199,0.532341566415863,0.570149441681501,
0.608965703886983,0.648764811805834,0.689523071958751,0.731218426019739,
0.77383027096769,0.817339305770613,0.861727399772385,0.90697747898504,0.953073427271242,
0.968217322901952),.UNSPECIFIED.);
#523=B_SPLINE_CURVE_WITH_KNOTS('',3,(#6106,#6107,#6108,#6109,#6110,#6111,
#6112,#6113,#6114,#6115,#6116,#6117,#6118,#6119,#6120,#6121,#6122,#6123,
#6124,#6125,#6126,#6127,#6128,#6129,#6130,#6131,#6132,#6133,#6134,#6135,
#6136,#6137),.UNSPECIFIED.,.F.,.F.,(4,1,1,1,1,1,1,1,1,1,1,1,1,1,1,1,1,1,
1,1,1,1,1,1,1,1,1,1,1,4),(0.,0.0905435754010973,0.101309272835279,0.115207725714169,
0.131652596037831,0.150299325856981,0.17091406108236,0.193324640843058,
0.217397464998304,0.243024943237999,0.270118012820405,0.298601362309559,
0.32841021966828,0.359488101772539,0.391785184229787,0.425257087589203,
0.45986395242589,0.495569720492199,0.532341566415863,0.570149441681501,
0.608965703886983,0.648764811805834,0.689523071958751,0.731218426019739,
0.77383027096769,0.817339305770613,0.861727399772385,0.90697747898504,0.953073427271242,
0.968217322901952),.UNSPECIFIED.);
#524=B_SPLINE_CURVE_WITH_KNOTS('',3,(#6174,#6175,#6176,#6177,#6178,#6179,
#6180,#6181,#6182,#6183,#6184,#6185,#6186,#6187,#6188,#6189,#6190,#6191,
#6192,#6193,#6194,#6195,#6196,#6197,#6198,#6199,#6200,#6201,#6202,#6203,
#6204,#6205),.UNSPECIFIED.,.F.,.F.,(4,1,1,1,1,1,1,1,1,1,1,1,1,1,1,1,1,1,
1,1,1,1,1,1,1,1,1,1,1,4),(0.,0.0905435754010973,0.101309272835279,0.115207725714169,
0.131652596037831,0.150299325856981,0.17091406108236,0.193324640843058,
0.217397464998304,0.243024943237999,0.270118012820405,0.298601362309559,
0.32841021966828,0.359488101772539,0.391785184229787,0.425257087589203,
0.45986395242589,0.495569720492199,0.532341566415863,0.570149441681501,
0.608965703886983,0.648764811805834,0.689523071958751,0.731218426019739,
0.77383027096769,0.817339305770613,0.861727399772385,0.90697747898504,0.953073427271242,
0.968217322901952),.UNSPECIFIED.);
#525=B_SPLINE_CURVE_WITH_KNOTS('',3,(#6236,#6237,#6238,#6239,#6240,#6241,
#6242,#6243,#6244,#6245,#6246,#6247,#6248,#6249,#6250,#6251,#6252,#6253,
#6254,#6255,#6256,#6257,#6258,#6259,#6260,#6261,#6262,#6263,#6264,#6265,
#6266,#6267),.UNSPECIFIED.,.F.,.F.,(4,1,1,1,1,1,1,1,1,1,1,1,1,1,1,1,1,1,
1,1,1,1,1,1,1,1,1,1,1,4),(0.,0.0905435754010973,0.101309272835279,0.115207725714169,
0.131652596037831,0.150299325856981,0.17091406108236,0.193324640843058,
0.217397464998304,0.243024943237999,0.270118012820405,0.298601362309559,
0.32841021966828,0.359488101772539,0.391785184229787,0.425257087589203,
0.45986395242589,0.495569720492199,0.532341566415863,0.570149441681501,
0.608965703886983,0.648764811805834,0.689523071958751,0.731218426019739,
0.77383027096769,0.817339305770613,0.861727399772385,0.90697747898504,0.953073427271242,
0.968217322901952),.UNSPECIFIED.);
#526=B_SPLINE_CURVE_WITH_KNOTS('',3,(#6304,#6305,#6306,#6307,#6308,#6309,
#6310,#6311,#6312,#6313,#6314,#6315,#6316,#6317,#6318,#6319,#6320,#6321,
#6322,#6323,#6324,#6325,#6326,#6327,#6328,#6329,#6330,#6331,#6332,#6333,
#6334,#6335),.UNSPECIFIED.,.F.,.F.,(4,1,1,1,1,1,1,1,1,1,1,1,1,1,1,1,1,1,
1,1,1,1,1,1,1,1,1,1,1,4),(0.,0.0905435754010973,0.101309272835279,0.115207725714169,
0.131652596037831,0.150299325856981,0.17091406108236,0.193324640843058,
0.217397464998304,0.243024943237999,0.270118012820405,0.298601362309559,
0.32841021966828,0.359488101772539,0.391785184229787,0.425257087589203,
0.45986395242589,0.495569720492199,0.532341566415863,0.570149441681501,
0.608965703886983,0.648764811805834,0.689523071958751,0.731218426019739,
0.77383027096769,0.817339305770613,0.861727399772385,0.90697747898504,0.953073427271242,
0.968217322901952),.UNSPECIFIED.);
#527=B_SPLINE_CURVE_WITH_KNOTS('',3,(#6366,#6367,#6368,#6369,#6370,#6371,
#6372,#6373,#6374,#6375,#6376,#6377,#6378,#6379,#6380,#6381,#6382,#6383,
#6384,#6385,#6386,#6387,#6388,#6389,#6390,#6391,#6392,#6393,#6394,#6395,
#6396,#6397),.UNSPECIFIED.,.F.,.F.,(4,1,1,1,1,1,1,1,1,1,1,1,1,1,1,1,1,1,
1,1,1,1,1,1,1,1,1,1,1,4),(0.,0.0905435754010973,0.101309272835279,0.115207725714169,
0.131652596037831,0.150299325856981,0.17091406108236,0.193324640843058,
0.217397464998304,0.243024943237999,0.270118012820405,0.298601362309559,
0.32841021966828,0.359488101772539,0.391785184229787,0.425257087589203,
0.45986395242589,0.495569720492199,0.532341566415863,0.570149441681501,
0.608965703886983,0.648764811805834,0.689523071958751,0.731218426019739,
0.77383027096769,0.817339305770613,0.861727399772385,0.90697747898504,0.953073427271242,
0.968217322901952),.UNSPECIFIED.);
#528=B_SPLINE_CURVE_WITH_KNOTS('',3,(#6434,#6435,#6436,#6437,#6438,#6439,
#6440,#6441,#6442,#6443,#6444,#6445,#6446,#6447,#6448,#6449,#6450,#6451,
#6452,#6453,#6454,#6455,#6456,#6457,#6458,#6459,#6460,#6461,#6462,#6463,
#6464,#6465),.UNSPECIFIED.,.F.,.F.,(4,1,1,1,1,1,1,1,1,1,1,1,1,1,1,1,1,1,
1,1,1,1,1,1,1,1,1,1,1,4),(0.,0.0905435754010973,0.101309272835279,0.115207725714169,
0.131652596037831,0.150299325856981,0.17091406108236,0.193324640843058,
0.217397464998304,0.243024943237999,0.270118012820405,0.298601362309559,
0.32841021966828,0.359488101772539,0.391785184229787,0.425257087589203,
0.45986395242589,0.495569720492199,0.532341566415863,0.570149441681501,
0.608965703886983,0.648764811805834,0.689523071958751,0.731218426019739,
0.77383027096769,0.817339305770613,0.861727399772385,0.90697747898504,0.953073427271242,
0.968217322901952),.UNSPECIFIED.);
#529=B_SPLINE_CURVE_WITH_KNOTS('',3,(#6496,#6497,#6498,#6499,#6500,#6501,
#6502,#6503,#6504,#6505,#6506,#6507,#6508,#6509,#6510,#6511,#6512,#6513,
#6514,#6515,#6516,#6517,#6518,#6519,#6520,#6521,#6522,#6523,#6524,#6525,
#6526,#6527),.UNSPECIFIED.,.F.,.F.,(4,1,1,1,1,1,1,1,1,1,1,1,1,1,1,1,1,1,
1,1,1,1,1,1,1,1,1,1,1,4),(0.,0.0905435754010973,0.101309272835279,0.115207725714169,
0.131652596037831,0.150299325856981,0.17091406108236,0.193324640843058,
0.217397464998304,0.243024943237999,0.270118012820405,0.298601362309559,
0.32841021966828,0.359488101772539,0.391785184229787,0.425257087589203,
0.45986395242589,0.495569720492199,0.532341566415863,0.570149441681501,
0.608965703886983,0.648764811805834,0.689523071958751,0.731218426019739,
0.77383027096769,0.817339305770613,0.861727399772385,0.90697747898504,0.953073427271242,
0.968217322901952),.UNSPECIFIED.);
#530=B_SPLINE_CURVE_WITH_KNOTS('',3,(#6564,#6565,#6566,#6567,#6568,#6569,
#6570,#6571,#6572,#6573,#6574,#6575,#6576,#6577,#6578,#6579,#6580,#6581,
#6582,#6583,#6584,#6585,#6586,#6587,#6588,#6589,#6590,#6591,#6592,#6593,
#6594,#6595),.UNSPECIFIED.,.F.,.F.,(4,1,1,1,1,1,1,1,1,1,1,1,1,1,1,1,1,1,
1,1,1,1,1,1,1,1,1,1,1,4),(0.,0.0905435754010973,0.101309272835279,0.115207725714169,
0.131652596037831,0.150299325856981,0.17091406108236,0.193324640843058,
0.217397464998304,0.243024943237999,0.270118012820405,0.298601362309559,
0.32841021966828,0.359488101772539,0.391785184229787,0.425257087589203,
0.45986395242589,0.495569720492199,0.532341566415863,0.570149441681501,
0.608965703886983,0.648764811805834,0.689523071958751,0.731218426019739,
0.77383027096769,0.817339305770613,0.861727399772385,0.90697747898504,0.953073427271242,
0.968217322901952),.UNSPECIFIED.);
#531=B_SPLINE_CURVE_WITH_KNOTS('',3,(#6626,#6627,#6628,#6629,#6630,#6631,
#6632,#6633,#6634,#6635,#6636,#6637,#6638,#6639,#6640,#6641,#6642,#6643,
#6644,#6645,#6646,#6647,#6648,#6649,#6650,#6651,#6652,#6653,#6654,#6655,
#6656,#6657),.UNSPECIFIED.,.F.,.F.,(4,1,1,1,1,1,1,1,1,1,1,1,1,1,1,1,1,1,
1,1,1,1,1,1,1,1,1,1,1,4),(0.,0.0905435754010973,0.101309272835279,0.115207725714169,
0.131652596037831,0.150299325856981,0.17091406108236,0.193324640843058,
0.217397464998304,0.243024943237999,0.270118012820405,0.298601362309559,
0.32841021966828,0.359488101772539,0.391785184229787,0.425257087589203,
0.45986395242589,0.495569720492199,0.532341566415863,0.570149441681501,
0.608965703886983,0.648764811805834,0.689523071958751,0.731218426019739,
0.77383027096769,0.817339305770613,0.861727399772385,0.90697747898504,0.953073427271242,
0.968217322901952),.UNSPECIFIED.);
#532=B_SPLINE_CURVE_WITH_KNOTS('',3,(#6694,#6695,#6696,#6697,#6698,#6699,
#6700,#6701,#6702,#6703,#6704,#6705,#6706,#6707,#6708,#6709,#6710,#6711,
#6712,#6713,#6714,#6715,#6716,#6717,#6718,#6719,#6720,#6721,#6722,#6723,
#6724,#6725),.UNSPECIFIED.,.F.,.F.,(4,1,1,1,1,1,1,1,1,1,1,1,1,1,1,1,1,1,
1,1,1,1,1,1,1,1,1,1,1,4),(0.,0.0905435754010973,0.101309272835279,0.115207725714169,
0.131652596037831,0.150299325856981,0.17091406108236,0.193324640843058,
0.217397464998304,0.243024943237999,0.270118012820405,0.298601362309559,
0.32841021966828,0.359488101772539,0.391785184229787,0.425257087589203,
0.45986395242589,0.495569720492199,0.532341566415863,0.570149441681501,
0.608965703886983,0.648764811805834,0.689523071958751,0.731218426019739,
0.77383027096769,0.817339305770613,0.861727399772385,0.90697747898504,0.953073427271242,
0.968217322901952),.UNSPECIFIED.);
#533=B_SPLINE_CURVE_WITH_KNOTS('',3,(#6727,#6728,#6729,#6730,#6731,#6732,
#6733,#6734,#6735,#6736,#6737,#6738,#6739,#6740,#6741,#6742,#6743,#6744,
#6745,#6746,#6747,#6748,#6749,#6750,#6751,#6752,#6753,#6754,#6755,#6756,
#6757,#6758),.UNSPECIFIED.,.F.,.F.,(4,1,1,1,1,1,1,1,1,1,1,1,1,1,1,1,1,1,
1,1,1,1,1,1,1,1,1,1,1,4),(0.,0.0905435754010973,0.101309272835279,0.115207725714169,
0.131652596037831,0.150299325856981,0.17091406108236,0.193324640843058,
0.217397464998304,0.243024943237999,0.270118012820405,0.298601362309559,
0.32841021966828,0.359488101772539,0.391785184229787,0.425257087589203,
0.45986395242589,0.495569720492199,0.532341566415863,0.570149441681501,
0.608965703886983,0.648764811805834,0.689523071958751,0.731218426019739,
0.77383027096769,0.817339305770613,0.861727399772385,0.90697747898504,0.953073427271242,
0.968217322901952),.UNSPECIFIED.);
#534=B_SPLINE_CURVE_WITH_KNOTS('',3,(#6789,#6790,#6791,#6792,#6793,#6794,
#6795,#6796,#6797,#6798,#6799,#6800,#6801,#6802,#6803,#6804,#6805,#6806,
#6807,#6808,#6809,#6810,#6811,#6812,#6813,#6814,#6815,#6816,#6817,#6818,
#6819,#6820),.UNSPECIFIED.,.F.,.F.,(4,1,1,1,1,1,1,1,1,1,1,1,1,1,1,1,1,1,
1,1,1,1,1,1,1,1,1,1,1,4),(0.,0.0905435754010973,0.101309272835279,0.115207725714169,
0.131652596037831,0.150299325856981,0.17091406108236,0.193324640843058,
0.217397464998304,0.243024943237999,0.270118012820405,0.298601362309559,
0.32841021966828,0.359488101772539,0.391785184229787,0.425257087589203,
0.45986395242589,0.495569720492199,0.532341566415863,0.570149441681501,
0.608965703886983,0.648764811805834,0.689523071958751,0.731218426019739,
0.77383027096769,0.817339305770613,0.861727399772385,0.90697747898504,0.953073427271242,
0.968217322901952),.UNSPECIFIED.);
#535=B_SPLINE_CURVE_WITH_KNOTS('',3,(#6862,#6863,#6864,#6865,#6866,#6867,
#6868,#6869,#6870,#6871,#6872,#6873,#6874,#6875,#6876,#6877,#6878,#6879,
#6880,#6881,#6882,#6883,#6884,#6885,#6886,#6887,#6888,#6889,#6890,#6891,
#6892,#6893),.UNSPECIFIED.,.F.,.F.,(4,1,1,1,1,1,1,1,1,1,1,1,1,1,1,1,1,1,
1,1,1,1,1,1,1,1,1,1,1,4),(0.,0.0905435754010973,0.101309272835279,0.115207725714169,
0.131652596037831,0.150299325856981,0.17091406108236,0.193324640843058,
0.217397464998304,0.243024943237999,0.270118012820405,0.298601362309559,
0.32841021966828,0.359488101772539,0.391785184229787,0.425257087589203,
0.45986395242589,0.495569720492199,0.532341566415863,0.570149441681501,
0.608965703886983,0.648764811805834,0.689523071958751,0.731218426019739,
0.77383027096769,0.817339305770613,0.861727399772385,0.90697747898504,0.953073427271242,
0.968217322901952),.UNSPECIFIED.);
#536=B_SPLINE_CURVE_WITH_KNOTS('',3,(#6895,#6896,#6897,#6898,#6899,#6900,
#6901,#6902,#6903,#6904,#6905,#6906,#6907,#6908,#6909,#6910,#6911,#6912,
#6913,#6914,#6915,#6916,#6917,#6918,#6919,#6920,#6921,#6922,#6923,#6924,
#6925,#6926),.UNSPECIFIED.,.F.,.F.,(4,1,1,1,1,1,1,1,1,1,1,1,1,1,1,1,1,1,
1,1,1,1,1,1,1,1,1,1,1,4),(0.,0.0905435754010973,0.101309272835279,0.115207725714169,
0.131652596037831,0.150299325856981,0.17091406108236,0.193324640843058,
0.217397464998304,0.243024943237999,0.270118012820405,0.298601362309559,
0.32841021966828,0.359488101772539,0.391785184229787,0.425257087589203,
0.45986395242589,0.495569720492199,0.532341566415863,0.570149441681501,
0.608965703886983,0.648764811805834,0.689523071958751,0.731218426019739,
0.77383027096769,0.817339305770613,0.861727399772385,0.90697747898504,0.953073427271242,
0.968217322901952),.UNSPECIFIED.);
#537=B_SPLINE_CURVE_WITH_KNOTS('',3,(#6958,#6959,#6960,#6961,#6962,#6963,
#6964,#6965,#6966,#6967,#6968,#6969,#6970,#6971,#6972,#6973,#6974,#6975,
#6976,#6977,#6978,#6979,#6980,#6981,#6982,#6983,#6984,#6985,#6986,#6987,
#6988,#6989),.UNSPECIFIED.,.F.,.F.,(4,1,1,1,1,1,1,1,1,1,1,1,1,1,1,1,1,1,
1,1,1,1,1,1,1,1,1,1,1,4),(0.,0.0905435754010973,0.101309272835279,0.115207725714169,
0.131652596037831,0.150299325856981,0.17091406108236,0.193324640843058,
0.217397464998304,0.243024943237999,0.270118012820405,0.298601362309559,
0.32841021966828,0.359488101772539,0.391785184229787,0.425257087589203,
0.45986395242589,0.495569720492199,0.532341566415863,0.570149441681501,
0.608965703886983,0.648764811805834,0.689523071958751,0.731218426019739,
0.77383027096769,0.817339305770613,0.861727399772385,0.90697747898504,0.953073427271242,
0.968217322901952),.UNSPECIFIED.);
#538=B_SPLINE_CURVE_WITH_KNOTS('',3,(#6990,#6991,#6992,#6993,#6994,#6995,
#6996,#6997,#6998,#6999,#7000,#7001,#7002,#7003,#7004,#7005,#7006,#7007,
#7008,#7009,#7010,#7011,#7012,#7013,#7014,#7015,#7016,#7017,#7018,#7019,
#7020,#7021),.UNSPECIFIED.,.F.,.F.,(4,1,1,1,1,1,1,1,1,1,1,1,1,1,1,1,1,1,
1,1,1,1,1,1,1,1,1,1,1,4),(0.,0.0905435754010973,0.101309272835279,0.115207725714169,
0.131652596037831,0.150299325856981,0.17091406108236,0.193324640843058,
0.217397464998304,0.243024943237999,0.270118012820405,0.298601362309559,
0.32841021966828,0.359488101772539,0.391785184229787,0.425257087589203,
0.45986395242589,0.495569720492199,0.532341566415863,0.570149441681501,
0.608965703886983,0.648764811805834,0.689523071958751,0.731218426019739,
0.77383027096769,0.817339305770613,0.861727399772385,0.90697747898504,0.953073427271242,
0.968217322901952),.UNSPECIFIED.);
#539=B_SPLINE_CURVE_WITH_KNOTS('',3,(#7063,#7064,#7065,#7066,#7067,#7068,
#7069,#7070,#7071,#7072,#7073,#7074,#7075,#7076,#7077,#7078,#7079,#7080,
#7081,#7082,#7083,#7084,#7085,#7086,#7087,#7088,#7089,#7090,#7091,#7092,
#7093,#7094),.UNSPECIFIED.,.F.,.F.,(4,1,1,1,1,1,1,1,1,1,1,1,1,1,1,1,1,1,
1,1,1,1,1,1,1,1,1,1,1,4),(0.,0.0905435754010973,0.101309272835279,0.115207725714169,
0.131652596037831,0.150299325856981,0.17091406108236,0.193324640843058,
0.217397464998304,0.243024943237999,0.270118012820405,0.298601362309559,
0.32841021966828,0.359488101772539,0.391785184229787,0.425257087589203,
0.45986395242589,0.495569720492199,0.532341566415863,0.570149441681501,
0.608965703886983,0.648764811805834,0.689523071958751,0.731218426019739,
0.77383027096769,0.817339305770613,0.861727399772385,0.90697747898504,0.953073427271242,
0.968217322901952),.UNSPECIFIED.);
#540=B_SPLINE_CURVE_WITH_KNOTS('',3,(#7096,#7097,#7098,#7099,#7100,#7101,
#7102,#7103,#7104,#7105,#7106,#7107,#7108,#7109,#7110,#7111,#7112,#7113,
#7114,#7115,#7116,#7117,#7118,#7119,#7120,#7121,#7122,#7123,#7124,#7125,
#7126,#7127),.UNSPECIFIED.,.F.,.F.,(4,1,1,1,1,1,1,1,1,1,1,1,1,1,1,1,1,1,
1,1,1,1,1,1,1,1,1,1,1,4),(0.,0.0905435754010973,0.101309272835279,0.115207725714169,
0.131652596037831,0.150299325856981,0.17091406108236,0.193324640843058,
0.217397464998304,0.243024943237999,0.270118012820405,0.298601362309559,
0.32841021966828,0.359488101772539,0.391785184229787,0.425257087589203,
0.45986395242589,0.495569720492199,0.532341566415863,0.570149441681501,
0.608965703886983,0.648764811805834,0.689523071958751,0.731218426019739,
0.77383027096769,0.817339305770613,0.861727399772385,0.90697747898504,0.953073427271242,
0.968217322901952),.UNSPECIFIED.);
#541=B_SPLINE_CURVE_WITH_KNOTS('',3,(#7159,#7160,#7161,#7162,#7163,#7164,
#7165,#7166,#7167,#7168,#7169,#7170,#7171,#7172,#7173,#7174,#7175,#7176,
#7177,#7178,#7179,#7180,#7181,#7182,#7183,#7184,#7185,#7186,#7187,#7188,
#7189,#7190),.UNSPECIFIED.,.F.,.F.,(4,1,1,1,1,1,1,1,1,1,1,1,1,1,1,1,1,1,
1,1,1,1,1,1,1,1,1,1,1,4),(0.,0.0905435754010973,0.101309272835279,0.115207725714169,
0.131652596037831,0.150299325856981,0.17091406108236,0.193324640843058,
0.217397464998304,0.243024943237999,0.270118012820405,0.298601362309559,
0.32841021966828,0.359488101772539,0.391785184229787,0.425257087589203,
0.45986395242589,0.495569720492199,0.532341566415863,0.570149441681501,
0.608965703886983,0.648764811805834,0.689523071958751,0.731218426019739,
0.77383027096769,0.817339305770613,0.861727399772385,0.90697747898504,0.953073427271242,
0.968217322901952),.UNSPECIFIED.);
#542=B_SPLINE_CURVE_WITH_KNOTS('',3,(#7191,#7192,#7193,#7194,#7195,#7196,
#7197,#7198,#7199,#7200,#7201,#7202,#7203,#7204,#7205,#7206,#7207,#7208,
#7209,#7210,#7211,#7212,#7213,#7214,#7215,#7216,#7217,#7218,#7219,#7220,
#7221,#7222),.UNSPECIFIED.,.F.,.F.,(4,1,1,1,1,1,1,1,1,1,1,1,1,1,1,1,1,1,
1,1,1,1,1,1,1,1,1,1,1,4),(0.,0.0905435754010973,0.101309272835279,0.115207725714169,
0.131652596037831,0.150299325856981,0.17091406108236,0.193324640843058,
0.217397464998304,0.243024943237999,0.270118012820405,0.298601362309559,
0.32841021966828,0.359488101772539,0.391785184229787,0.425257087589203,
0.45986395242589,0.495569720492199,0.532341566415863,0.570149441681501,
0.608965703886983,0.648764811805834,0.689523071958751,0.731218426019739,
0.77383027096769,0.817339305770613,0.861727399772385,0.90697747898504,0.953073427271242,
0.968217322901952),.UNSPECIFIED.);
#543=B_SPLINE_CURVE_WITH_KNOTS('',3,(#7264,#7265,#7266,#7267,#7268,#7269,
#7270,#7271,#7272,#7273,#7274,#7275,#7276,#7277,#7278,#7279,#7280,#7281,
#7282,#7283,#7284,#7285,#7286,#7287,#7288,#7289,#7290,#7291,#7292,#7293,
#7294,#7295),.UNSPECIFIED.,.F.,.F.,(4,1,1,1,1,1,1,1,1,1,1,1,1,1,1,1,1,1,
1,1,1,1,1,1,1,1,1,1,1,4),(0.,0.0905435754010973,0.101309272835279,0.115207725714169,
0.131652596037831,0.150299325856981,0.17091406108236,0.193324640843058,
0.217397464998304,0.243024943237999,0.270118012820405,0.298601362309559,
0.32841021966828,0.359488101772539,0.391785184229787,0.425257087589203,
0.45986395242589,0.495569720492199,0.532341566415863,0.570149441681501,
0.608965703886983,0.648764811805834,0.689523071958751,0.731218426019739,
0.77383027096769,0.817339305770613,0.861727399772385,0.90697747898504,0.953073427271242,
0.968217322901952),.UNSPECIFIED.);
#544=B_SPLINE_CURVE_WITH_KNOTS('',3,(#7326,#7327,#7328,#7329,#7330,#7331,
#7332,#7333,#7334,#7335,#7336,#7337,#7338,#7339,#7340,#7341,#7342,#7343,
#7344,#7345,#7346,#7347,#7348,#7349,#7350,#7351,#7352,#7353,#7354,#7355,
#7356,#7357),.UNSPECIFIED.,.F.,.F.,(4,1,1,1,1,1,1,1,1,1,1,1,1,1,1,1,1,1,
1,1,1,1,1,1,1,1,1,1,1,4),(0.,0.0905435754010973,0.101309272835279,0.115207725714169,
0.131652596037831,0.150299325856981,0.17091406108236,0.193324640843058,
0.217397464998304,0.243024943237999,0.270118012820405,0.298601362309559,
0.32841021966828,0.359488101772539,0.391785184229787,0.425257087589203,
0.45986395242589,0.495569720492199,0.532341566415863,0.570149441681501,
0.608965703886983,0.648764811805834,0.689523071958751,0.731218426019739,
0.77383027096769,0.817339305770613,0.861727399772385,0.90697747898504,0.953073427271242,
0.968217322901952),.UNSPECIFIED.);
#545=B_SPLINE_CURVE_WITH_KNOTS('',3,(#7394,#7395,#7396,#7397,#7398,#7399,
#7400,#7401,#7402,#7403,#7404,#7405,#7406,#7407,#7408,#7409,#7410,#7411,
#7412,#7413,#7414,#7415,#7416,#7417,#7418,#7419,#7420,#7421,#7422,#7423,
#7424,#7425),.UNSPECIFIED.,.F.,.F.,(4,1,1,1,1,1,1,1,1,1,1,1,1,1,1,1,1,1,
1,1,1,1,1,1,1,1,1,1,1,4),(0.,0.0905435754010973,0.101309272835279,0.115207725714169,
0.131652596037831,0.150299325856981,0.17091406108236,0.193324640843058,
0.217397464998304,0.243024943237999,0.270118012820405,0.298601362309559,
0.32841021966828,0.359488101772539,0.391785184229787,0.425257087589203,
0.45986395242589,0.495569720492199,0.532341566415863,0.570149441681501,
0.608965703886983,0.648764811805834,0.689523071958751,0.731218426019739,
0.77383027096769,0.817339305770613,0.861727399772385,0.90697747898504,0.953073427271242,
0.968217322901952),.UNSPECIFIED.);
#546=B_SPLINE_CURVE_WITH_KNOTS('',3,(#7456,#7457,#7458,#7459,#7460,#7461,
#7462,#7463,#7464,#7465,#7466,#7467,#7468,#7469,#7470,#7471,#7472,#7473,
#7474,#7475,#7476,#7477,#7478,#7479,#7480,#7481,#7482,#7483,#7484,#7485,
#7486,#7487),.UNSPECIFIED.,.F.,.F.,(4,1,1,1,1,1,1,1,1,1,1,1,1,1,1,1,1,1,
1,1,1,1,1,1,1,1,1,1,1,4),(0.,0.0905435754010973,0.101309272835279,0.115207725714169,
0.131652596037831,0.150299325856981,0.17091406108236,0.193324640843058,
0.217397464998304,0.243024943237999,0.270118012820405,0.298601362309559,
0.32841021966828,0.359488101772539,0.391785184229787,0.425257087589203,
0.45986395242589,0.495569720492199,0.532341566415863,0.570149441681501,
0.608965703886983,0.648764811805834,0.689523071958751,0.731218426019739,
0.77383027096769,0.817339305770613,0.861727399772385,0.90697747898504,0.953073427271242,
0.968217322901952),.UNSPECIFIED.);
#547=B_SPLINE_CURVE_WITH_KNOTS('',3,(#7524,#7525,#7526,#7527,#7528,#7529,
#7530,#7531,#7532,#7533,#7534,#7535,#7536,#7537,#7538,#7539,#7540,#7541,
#7542,#7543,#7544,#7545,#7546,#7547,#7548,#7549,#7550,#7551,#7552,#7553,
#7554,#7555),.UNSPECIFIED.,.F.,.F.,(4,1,1,1,1,1,1,1,1,1,1,1,1,1,1,1,1,1,
1,1,1,1,1,1,1,1,1,1,1,4),(0.,0.0905435754010973,0.101309272835279,0.115207725714169,
0.131652596037831,0.150299325856981,0.17091406108236,0.193324640843058,
0.217397464998304,0.243024943237999,0.270118012820405,0.298601362309559,
0.32841021966828,0.359488101772539,0.391785184229787,0.425257087589203,
0.45986395242589,0.495569720492199,0.532341566415863,0.570149441681501,
0.608965703886983,0.648764811805834,0.689523071958751,0.731218426019739,
0.77383027096769,0.817339305770613,0.861727399772385,0.90697747898504,0.953073427271242,
0.968217322901952),.UNSPECIFIED.);
#548=B_SPLINE_CURVE_WITH_KNOTS('',3,(#7586,#7587,#7588,#7589,#7590,#7591,
#7592,#7593,#7594,#7595,#7596,#7597,#7598,#7599,#7600,#7601,#7602,#7603,
#7604,#7605,#7606,#7607,#7608,#7609,#7610,#7611,#7612,#7613,#7614,#7615,
#7616,#7617),.UNSPECIFIED.,.F.,.F.,(4,1,1,1,1,1,1,1,1,1,1,1,1,1,1,1,1,1,
1,1,1,1,1,1,1,1,1,1,1,4),(0.,0.0905435754010973,0.101309272835279,0.115207725714169,
0.131652596037831,0.150299325856981,0.17091406108236,0.193324640843058,
0.217397464998304,0.243024943237999,0.270118012820405,0.298601362309559,
0.32841021966828,0.359488101772539,0.391785184229787,0.425257087589203,
0.45986395242589,0.495569720492199,0.532341566415863,0.570149441681501,
0.608965703886983,0.648764811805834,0.689523071958751,0.731218426019739,
0.77383027096769,0.817339305770613,0.861727399772385,0.90697747898504,0.953073427271242,
0.968217322901952),.UNSPECIFIED.);
#549=B_SPLINE_CURVE_WITH_KNOTS('',3,(#7654,#7655,#7656,#7657,#7658,#7659,
#7660,#7661,#7662,#7663,#7664,#7665,#7666,#7667,#7668,#7669,#7670,#7671,
#7672,#7673,#7674,#7675,#7676,#7677,#7678,#7679,#7680,#7681,#7682,#7683,
#7684,#7685),.UNSPECIFIED.,.F.,.F.,(4,1,1,1,1,1,1,1,1,1,1,1,1,1,1,1,1,1,
1,1,1,1,1,1,1,1,1,1,1,4),(0.,0.0905435754010973,0.101309272835279,0.115207725714169,
0.131652596037831,0.150299325856981,0.17091406108236,0.193324640843058,
0.217397464998304,0.243024943237999,0.270118012820405,0.298601362309559,
0.32841021966828,0.359488101772539,0.391785184229787,0.425257087589203,
0.45986395242589,0.495569720492199,0.532341566415863,0.570149441681501,
0.608965703886983,0.648764811805834,0.689523071958751,0.731218426019739,
0.77383027096769,0.817339305770613,0.861727399772385,0.90697747898504,0.953073427271242,
0.968217322901952),.UNSPECIFIED.);
#550=B_SPLINE_CURVE_WITH_KNOTS('',3,(#7716,#7717,#7718,#7719,#7720,#7721,
#7722,#7723,#7724,#7725,#7726,#7727,#7728,#7729,#7730,#7731,#7732,#7733,
#7734,#7735,#7736,#7737,#7738,#7739,#7740,#7741,#7742,#7743,#7744,#7745,
#7746,#7747),.UNSPECIFIED.,.F.,.F.,(4,1,1,1,1,1,1,1,1,1,1,1,1,1,1,1,1,1,
1,1,1,1,1,1,1,1,1,1,1,4),(0.,0.0905435754010973,0.101309272835279,0.115207725714169,
0.131652596037831,0.150299325856981,0.17091406108236,0.193324640843058,
0.217397464998304,0.243024943237999,0.270118012820405,0.298601362309559,
0.32841021966828,0.359488101772539,0.391785184229787,0.425257087589203,
0.45986395242589,0.495569720492199,0.532341566415863,0.570149441681501,
0.608965703886983,0.648764811805834,0.689523071958751,0.731218426019739,
0.77383027096769,0.817339305770613,0.861727399772385,0.90697747898504,0.953073427271242,
0.968217322901952),.UNSPECIFIED.);
#551=B_SPLINE_CURVE_WITH_KNOTS('',3,(#7784,#7785,#7786,#7787,#7788,#7789,
#7790,#7791,#7792,#7793,#7794,#7795,#7796,#7797,#7798,#7799,#7800,#7801,
#7802,#7803,#7804,#7805,#7806,#7807,#7808,#7809,#7810,#7811,#7812,#7813,
#7814,#7815),.UNSPECIFIED.,.F.,.F.,(4,1,1,1,1,1,1,1,1,1,1,1,1,1,1,1,1,1,
1,1,1,1,1,1,1,1,1,1,1,4),(0.,0.0905435754010973,0.101309272835279,0.115207725714169,
0.131652596037831,0.150299325856981,0.17091406108236,0.193324640843058,
0.217397464998304,0.243024943237999,0.270118012820405,0.298601362309559,
0.32841021966828,0.359488101772539,0.391785184229787,0.425257087589203,
0.45986395242589,0.495569720492199,0.532341566415863,0.570149441681501,
0.608965703886983,0.648764811805834,0.689523071958751,0.731218426019739,
0.77383027096769,0.817339305770613,0.861727399772385,0.90697747898504,0.953073427271242,
0.968217322901952),.UNSPECIFIED.);
#552=B_SPLINE_CURVE_WITH_KNOTS('',3,(#7846,#7847,#7848,#7849,#7850,#7851,
#7852,#7853,#7854,#7855,#7856,#7857,#7858,#7859,#7860,#7861,#7862,#7863,
#7864,#7865,#7866,#7867,#7868,#7869,#7870,#7871,#7872,#7873,#7874,#7875,
#7876,#7877),.UNSPECIFIED.,.F.,.F.,(4,1,1,1,1,1,1,1,1,1,1,1,1,1,1,1,1,1,
1,1,1,1,1,1,1,1,1,1,1,4),(0.,0.0905435754010973,0.101309272835279,0.115207725714169,
0.131652596037831,0.150299325856981,0.17091406108236,0.193324640843058,
0.217397464998304,0.243024943237999,0.270118012820405,0.298601362309559,
0.32841021966828,0.359488101772539,0.391785184229787,0.425257087589203,
0.45986395242589,0.495569720492199,0.532341566415863,0.570149441681501,
0.608965703886983,0.648764811805834,0.689523071958751,0.731218426019739,
0.77383027096769,0.817339305770613,0.861727399772385,0.90697747898504,0.953073427271242,
0.968217322901952),.UNSPECIFIED.);
#553=B_SPLINE_CURVE_WITH_KNOTS('',3,(#7914,#7915,#7916,#7917,#7918,#7919,
#7920,#7921,#7922,#7923,#7924,#7925,#7926,#7927,#7928,#7929,#7930,#7931,
#7932,#7933,#7934,#7935,#7936,#7937,#7938,#7939,#7940,#7941,#7942,#7943,
#7944,#7945),.UNSPECIFIED.,.F.,.F.,(4,1,1,1,1,1,1,1,1,1,1,1,1,1,1,1,1,1,
1,1,1,1,1,1,1,1,1,1,1,4),(0.,0.0905435754010973,0.101309272835279,0.115207725714169,
0.131652596037831,0.150299325856981,0.17091406108236,0.193324640843058,
0.217397464998304,0.243024943237999,0.270118012820405,0.298601362309559,
0.32841021966828,0.359488101772539,0.391785184229787,0.425257087589203,
0.45986395242589,0.495569720492199,0.532341566415863,0.570149441681501,
0.608965703886983,0.648764811805834,0.689523071958751,0.731218426019739,
0.77383027096769,0.817339305770613,0.861727399772385,0.90697747898504,0.953073427271242,
0.968217322901952),.UNSPECIFIED.);
#554=B_SPLINE_CURVE_WITH_KNOTS('',3,(#7976,#7977,#7978,#7979,#7980,#7981,
#7982,#7983,#7984,#7985,#7986,#7987,#7988,#7989,#7990,#7991,#7992,#7993,
#7994,#7995,#7996,#7997,#7998,#7999,#8000,#8001,#8002,#8003,#8004,#8005,
#8006,#8007),.UNSPECIFIED.,.F.,.F.,(4,1,1,1,1,1,1,1,1,1,1,1,1,1,1,1,1,1,
1,1,1,1,1,1,1,1,1,1,1,4),(0.,0.0905435754010973,0.101309272835279,0.115207725714169,
0.131652596037831,0.150299325856981,0.17091406108236,0.193324640843058,
0.217397464998304,0.243024943237999,0.270118012820405,0.298601362309559,
0.32841021966828,0.359488101772539,0.391785184229787,0.425257087589203,
0.45986395242589,0.495569720492199,0.532341566415863,0.570149441681501,
0.608965703886983,0.648764811805834,0.689523071958751,0.731218426019739,
0.77383027096769,0.817339305770613,0.861727399772385,0.90697747898504,0.953073427271242,
0.968217322901952),.UNSPECIFIED.);
#555=B_SPLINE_CURVE_WITH_KNOTS('',3,(#8044,#8045,#8046,#8047,#8048,#8049,
#8050,#8051,#8052,#8053,#8054,#8055,#8056,#8057,#8058,#8059,#8060,#8061,
#8062,#8063,#8064,#8065,#8066,#8067,#8068,#8069,#8070,#8071,#8072,#8073,
#8074,#8075),.UNSPECIFIED.,.F.,.F.,(4,1,1,1,1,1,1,1,1,1,1,1,1,1,1,1,1,1,
1,1,1,1,1,1,1,1,1,1,1,4),(0.,0.0905435754010973,0.101309272835279,0.115207725714169,
0.131652596037831,0.150299325856981,0.17091406108236,0.193324640843058,
0.217397464998304,0.243024943237999,0.270118012820405,0.298601362309559,
0.32841021966828,0.359488101772539,0.391785184229787,0.425257087589203,
0.45986395242589,0.495569720492199,0.532341566415863,0.570149441681501,
0.608965703886983,0.648764811805834,0.689523071958751,0.731218426019739,
0.77383027096769,0.817339305770613,0.861727399772385,0.90697747898504,0.953073427271242,
0.968217322901952),.UNSPECIFIED.);
#556=B_SPLINE_CURVE_WITH_KNOTS('',3,(#8106,#8107,#8108,#8109,#8110,#8111,
#8112,#8113,#8114,#8115,#8116,#8117,#8118,#8119,#8120,#8121,#8122,#8123,
#8124,#8125,#8126,#8127,#8128,#8129,#8130,#8131,#8132,#8133,#8134,#8135,
#8136,#8137),.UNSPECIFIED.,.F.,.F.,(4,1,1,1,1,1,1,1,1,1,1,1,1,1,1,1,1,1,
1,1,1,1,1,1,1,1,1,1,1,4),(0.,0.0905435754010973,0.101309272835279,0.115207725714169,
0.131652596037831,0.150299325856981,0.17091406108236,0.193324640843058,
0.217397464998304,0.243024943237999,0.270118012820405,0.298601362309559,
0.32841021966828,0.359488101772539,0.391785184229787,0.425257087589203,
0.45986395242589,0.495569720492199,0.532341566415863,0.570149441681501,
0.608965703886983,0.648764811805834,0.689523071958751,0.731218426019739,
0.77383027096769,0.817339305770613,0.861727399772385,0.90697747898504,0.953073427271242,
0.968217322901952),.UNSPECIFIED.);
#557=B_SPLINE_CURVE_WITH_KNOTS('',3,(#8174,#8175,#8176,#8177,#8178,#8179,
#8180,#8181,#8182,#8183,#8184,#8185,#8186,#8187,#8188,#8189,#8190,#8191,
#8192,#8193,#8194,#8195,#8196,#8197,#8198,#8199,#8200,#8201,#8202,#8203,
#8204,#8205),.UNSPECIFIED.,.F.,.F.,(4,1,1,1,1,1,1,1,1,1,1,1,1,1,1,1,1,1,
1,1,1,1,1,1,1,1,1,1,1,4),(0.,0.0905435754010973,0.101309272835279,0.115207725714169,
0.131652596037831,0.150299325856981,0.17091406108236,0.193324640843058,
0.217397464998304,0.243024943237999,0.270118012820405,0.298601362309559,
0.32841021966828,0.359488101772539,0.391785184229787,0.425257087589203,
0.45986395242589,0.495569720492199,0.532341566415863,0.570149441681501,
0.608965703886983,0.648764811805834,0.689523071958751,0.731218426019739,
0.77383027096769,0.817339305770613,0.861727399772385,0.90697747898504,0.953073427271242,
0.968217322901952),.UNSPECIFIED.);
#558=B_SPLINE_CURVE_WITH_KNOTS('',3,(#8236,#8237,#8238,#8239,#8240,#8241,
#8242,#8243,#8244,#8245,#8246,#8247,#8248,#8249,#8250,#8251,#8252,#8253,
#8254,#8255,#8256,#8257,#8258,#8259,#8260,#8261,#8262,#8263,#8264,#8265,
#8266,#8267),.UNSPECIFIED.,.F.,.F.,(4,1,1,1,1,1,1,1,1,1,1,1,1,1,1,1,1,1,
1,1,1,1,1,1,1,1,1,1,1,4),(0.,0.0905435754010973,0.101309272835279,0.115207725714169,
0.131652596037831,0.150299325856981,0.17091406108236,0.193324640843058,
0.217397464998304,0.243024943237999,0.270118012820405,0.298601362309559,
0.32841021966828,0.359488101772539,0.391785184229787,0.425257087589203,
0.45986395242589,0.495569720492199,0.532341566415863,0.570149441681501,
0.608965703886983,0.648764811805834,0.689523071958751,0.731218426019739,
0.77383027096769,0.817339305770613,0.861727399772385,0.90697747898504,0.953073427271242,
0.968217322901952),.UNSPECIFIED.);
#559=B_SPLINE_CURVE_WITH_KNOTS('',3,(#8304,#8305,#8306,#8307,#8308,#8309,
#8310,#8311,#8312,#8313,#8314,#8315,#8316,#8317,#8318,#8319,#8320,#8321,
#8322,#8323,#8324,#8325,#8326,#8327,#8328,#8329,#8330,#8331,#8332,#8333,
#8334,#8335),.UNSPECIFIED.,.F.,.F.,(4,1,1,1,1,1,1,1,1,1,1,1,1,1,1,1,1,1,
1,1,1,1,1,1,1,1,1,1,1,4),(0.,0.0905435754010973,0.101309272835279,0.115207725714169,
0.131652596037831,0.150299325856981,0.17091406108236,0.193324640843058,
0.217397464998304,0.243024943237999,0.270118012820405,0.298601362309559,
0.32841021966828,0.359488101772539,0.391785184229787,0.425257087589203,
0.45986395242589,0.495569720492199,0.532341566415863,0.570149441681501,
0.608965703886983,0.648764811805834,0.689523071958751,0.731218426019739,
0.77383027096769,0.817339305770613,0.861727399772385,0.90697747898504,0.953073427271242,
0.968217322901952),.UNSPECIFIED.);
#560=B_SPLINE_CURVE_WITH_KNOTS('',3,(#8366,#8367,#8368,#8369,#8370,#8371,
#8372,#8373,#8374,#8375,#8376,#8377,#8378,#8379,#8380,#8381,#8382,#8383,
#8384,#8385,#8386,#8387,#8388,#8389,#8390,#8391,#8392,#8393,#8394,#8395,
#8396,#8397),.UNSPECIFIED.,.F.,.F.,(4,1,1,1,1,1,1,1,1,1,1,1,1,1,1,1,1,1,
1,1,1,1,1,1,1,1,1,1,1,4),(0.,0.0905435754010973,0.101309272835279,0.115207725714169,
0.131652596037831,0.150299325856981,0.17091406108236,0.193324640843058,
0.217397464998304,0.243024943237999,0.270118012820405,0.298601362309559,
0.32841021966828,0.359488101772539,0.391785184229787,0.425257087589203,
0.45986395242589,0.495569720492199,0.532341566415863,0.570149441681501,
0.608965703886983,0.648764811805834,0.689523071958751,0.731218426019739,
0.77383027096769,0.817339305770613,0.861727399772385,0.90697747898504,0.953073427271242,
0.968217322901952),.UNSPECIFIED.);
#561=B_SPLINE_CURVE_WITH_KNOTS('',3,(#8434,#8435,#8436,#8437,#8438,#8439,
#8440,#8441,#8442,#8443,#8444,#8445,#8446,#8447,#8448,#8449,#8450,#8451,
#8452,#8453,#8454,#8455,#8456,#8457,#8458,#8459,#8460,#8461,#8462,#8463,
#8464,#8465),.UNSPECIFIED.,.F.,.F.,(4,1,1,1,1,1,1,1,1,1,1,1,1,1,1,1,1,1,
1,1,1,1,1,1,1,1,1,1,1,4),(0.,0.0905435754010973,0.101309272835279,0.115207725714169,
0.131652596037831,0.150299325856981,0.17091406108236,0.193324640843058,
0.217397464998304,0.243024943237999,0.270118012820405,0.298601362309559,
0.32841021966828,0.359488101772539,0.391785184229787,0.425257087589203,
0.45986395242589,0.495569720492199,0.532341566415863,0.570149441681501,
0.608965703886983,0.648764811805834,0.689523071958751,0.731218426019739,
0.77383027096769,0.817339305770613,0.861727399772385,0.90697747898504,0.953073427271242,
0.968217322901952),.UNSPECIFIED.);
#562=B_SPLINE_CURVE_WITH_KNOTS('',3,(#8496,#8497,#8498,#8499,#8500,#8501,
#8502,#8503,#8504,#8505,#8506,#8507,#8508,#8509,#8510,#8511,#8512,#8513,
#8514,#8515,#8516,#8517,#8518,#8519,#8520,#8521,#8522,#8523,#8524,#8525,
#8526,#8527),.UNSPECIFIED.,.F.,.F.,(4,1,1,1,1,1,1,1,1,1,1,1,1,1,1,1,1,1,
1,1,1,1,1,1,1,1,1,1,1,4),(0.,0.0905435754010973,0.101309272835279,0.115207725714169,
0.131652596037831,0.150299325856981,0.17091406108236,0.193324640843058,
0.217397464998304,0.243024943237999,0.270118012820405,0.298601362309559,
0.32841021966828,0.359488101772539,0.391785184229787,0.425257087589203,
0.45986395242589,0.495569720492199,0.532341566415863,0.570149441681501,
0.608965703886983,0.648764811805834,0.689523071958751,0.731218426019739,
0.77383027096769,0.817339305770613,0.861727399772385,0.90697747898504,0.953073427271242,
0.968217322901952),.UNSPECIFIED.);
#563=B_SPLINE_CURVE_WITH_KNOTS('',3,(#8564,#8565,#8566,#8567,#8568,#8569,
#8570,#8571,#8572,#8573,#8574,#8575,#8576,#8577,#8578,#8579,#8580,#8581,
#8582,#8583,#8584,#8585,#8586,#8587,#8588,#8589,#8590,#8591,#8592,#8593,
#8594,#8595),.UNSPECIFIED.,.F.,.F.,(4,1,1,1,1,1,1,1,1,1,1,1,1,1,1,1,1,1,
1,1,1,1,1,1,1,1,1,1,1,4),(0.,0.0905435754010973,0.101309272835279,0.115207725714169,
0.131652596037831,0.150299325856981,0.17091406108236,0.193324640843058,
0.217397464998304,0.243024943237999,0.270118012820405,0.298601362309559,
0.32841021966828,0.359488101772539,0.391785184229787,0.425257087589203,
0.45986395242589,0.495569720492199,0.532341566415863,0.570149441681501,
0.608965703886983,0.648764811805834,0.689523071958751,0.731218426019739,
0.77383027096769,0.817339305770613,0.861727399772385,0.90697747898504,0.953073427271242,
0.968217322901952),.UNSPECIFIED.);
#564=B_SPLINE_CURVE_WITH_KNOTS('',3,(#8626,#8627,#8628,#8629,#8630,#8631,
#8632,#8633,#8634,#8635,#8636,#8637,#8638,#8639,#8640,#8641,#8642,#8643,
#8644,#8645,#8646,#8647,#8648,#8649,#8650,#8651,#8652,#8653,#8654,#8655,
#8656,#8657),.UNSPECIFIED.,.F.,.F.,(4,1,1,1,1,1,1,1,1,1,1,1,1,1,1,1,1,1,
1,1,1,1,1,1,1,1,1,1,1,4),(0.,0.0905435754010973,0.101309272835279,0.115207725714169,
0.131652596037831,0.150299325856981,0.17091406108236,0.193324640843058,
0.217397464998304,0.243024943237999,0.270118012820405,0.298601362309559,
0.32841021966828,0.359488101772539,0.391785184229787,0.425257087589203,
0.45986395242589,0.495569720492199,0.532341566415863,0.570149441681501,
0.608965703886983,0.648764811805834,0.689523071958751,0.731218426019739,
0.77383027096769,0.817339305770613,0.861727399772385,0.90697747898504,0.953073427271242,
0.968217322901952),.UNSPECIFIED.);
#565=B_SPLINE_CURVE_WITH_KNOTS('',3,(#8694,#8695,#8696,#8697,#8698,#8699,
#8700,#8701,#8702,#8703,#8704,#8705,#8706,#8707,#8708,#8709,#8710,#8711,
#8712,#8713,#8714,#8715,#8716,#8717,#8718,#8719,#8720,#8721,#8722,#8723,
#8724,#8725),.UNSPECIFIED.,.F.,.F.,(4,1,1,1,1,1,1,1,1,1,1,1,1,1,1,1,1,1,
1,1,1,1,1,1,1,1,1,1,1,4),(0.,0.0905435754010973,0.101309272835279,0.115207725714169,
0.131652596037831,0.150299325856981,0.17091406108236,0.193324640843058,
0.217397464998304,0.243024943237999,0.270118012820405,0.298601362309559,
0.32841021966828,0.359488101772539,0.391785184229787,0.425257087589203,
0.45986395242589,0.495569720492199,0.532341566415863,0.570149441681501,
0.608965703886983,0.648764811805834,0.689523071958751,0.731218426019739,
0.77383027096769,0.817339305770613,0.861727399772385,0.90697747898504,0.953073427271242,
0.968217322901952),.UNSPECIFIED.);
#566=B_SPLINE_CURVE_WITH_KNOTS('',3,(#8756,#8757,#8758,#8759,#8760,#8761,
#8762,#8763,#8764,#8765,#8766,#8767,#8768,#8769,#8770,#8771,#8772,#8773,
#8774,#8775,#8776,#8777,#8778,#8779,#8780,#8781,#8782,#8783,#8784,#8785,
#8786,#8787),.UNSPECIFIED.,.F.,.F.,(4,1,1,1,1,1,1,1,1,1,1,1,1,1,1,1,1,1,
1,1,1,1,1,1,1,1,1,1,1,4),(0.,0.0905435754010973,0.101309272835279,0.115207725714169,
0.131652596037831,0.150299325856981,0.17091406108236,0.193324640843058,
0.217397464998304,0.243024943237999,0.270118012820405,0.298601362309559,
0.32841021966828,0.359488101772539,0.391785184229787,0.425257087589203,
0.45986395242589,0.495569720492199,0.532341566415863,0.570149441681501,
0.608965703886983,0.648764811805834,0.689523071958751,0.731218426019739,
0.77383027096769,0.817339305770613,0.861727399772385,0.90697747898504,0.953073427271242,
0.968217322901952),.UNSPECIFIED.);
#567=B_SPLINE_CURVE_WITH_KNOTS('',3,(#8824,#8825,#8826,#8827,#8828,#8829,
#8830,#8831,#8832,#8833,#8834,#8835,#8836,#8837,#8838,#8839,#8840,#8841,
#8842,#8843,#8844,#8845,#8846,#8847,#8848,#8849,#8850,#8851,#8852,#8853,
#8854,#8855),.UNSPECIFIED.,.F.,.F.,(4,1,1,1,1,1,1,1,1,1,1,1,1,1,1,1,1,1,
1,1,1,1,1,1,1,1,1,1,1,4),(0.,0.0905435754010973,0.101309272835279,0.115207725714169,
0.131652596037831,0.150299325856981,0.17091406108236,0.193324640843058,
0.217397464998304,0.243024943237999,0.270118012820405,0.298601362309559,
0.32841021966828,0.359488101772539,0.391785184229787,0.425257087589203,
0.45986395242589,0.495569720492199,0.532341566415863,0.570149441681501,
0.608965703886983,0.648764811805834,0.689523071958751,0.731218426019739,
0.77383027096769,0.817339305770613,0.861727399772385,0.90697747898504,0.953073427271242,
0.968217322901952),.UNSPECIFIED.);
#568=B_SPLINE_CURVE_WITH_KNOTS('',3,(#8886,#8887,#8888,#8889,#8890,#8891,
#8892,#8893,#8894,#8895,#8896,#8897,#8898,#8899,#8900,#8901,#8902,#8903,
#8904,#8905,#8906,#8907,#8908,#8909,#8910,#8911,#8912,#8913,#8914,#8915,
#8916,#8917),.UNSPECIFIED.,.F.,.F.,(4,1,1,1,1,1,1,1,1,1,1,1,1,1,1,1,1,1,
1,1,1,1,1,1,1,1,1,1,1,4),(0.,0.0905435754010973,0.101309272835279,0.115207725714169,
0.131652596037831,0.150299325856981,0.17091406108236,0.193324640843058,
0.217397464998304,0.243024943237999,0.270118012820405,0.298601362309559,
0.32841021966828,0.359488101772539,0.391785184229787,0.425257087589203,
0.45986395242589,0.495569720492199,0.532341566415863,0.570149441681501,
0.608965703886983,0.648764811805834,0.689523071958751,0.731218426019739,
0.77383027096769,0.817339305770613,0.861727399772385,0.90697747898504,0.953073427271242,
0.968217322901952),.UNSPECIFIED.);
#569=B_SPLINE_CURVE_WITH_KNOTS('',3,(#8954,#8955,#8956,#8957,#8958,#8959,
#8960,#8961,#8962,#8963,#8964,#8965,#8966,#8967,#8968,#8969,#8970,#8971,
#8972,#8973,#8974,#8975,#8976,#8977,#8978,#8979,#8980,#8981,#8982,#8983,
#8984,#8985),.UNSPECIFIED.,.F.,.F.,(4,1,1,1,1,1,1,1,1,1,1,1,1,1,1,1,1,1,
1,1,1,1,1,1,1,1,1,1,1,4),(0.,0.0905435754010973,0.101309272835279,0.115207725714169,
0.131652596037831,0.150299325856981,0.17091406108236,0.193324640843058,
0.217397464998304,0.243024943237999,0.270118012820405,0.298601362309559,
0.32841021966828,0.359488101772539,0.391785184229787,0.425257087589203,
0.45986395242589,0.495569720492199,0.532341566415863,0.570149441681501,
0.608965703886983,0.648764811805834,0.689523071958751,0.731218426019739,
0.77383027096769,0.817339305770613,0.861727399772385,0.90697747898504,0.953073427271242,
0.968217322901952),.UNSPECIFIED.);
#570=B_SPLINE_CURVE_WITH_KNOTS('',3,(#9016,#9017,#9018,#9019,#9020,#9021,
#9022,#9023,#9024,#9025,#9026,#9027,#9028,#9029,#9030,#9031,#9032,#9033,
#9034,#9035,#9036,#9037,#9038,#9039,#9040,#9041,#9042,#9043,#9044,#9045,
#9046,#9047),.UNSPECIFIED.,.F.,.F.,(4,1,1,1,1,1,1,1,1,1,1,1,1,1,1,1,1,1,
1,1,1,1,1,1,1,1,1,1,1,4),(0.,0.0905435754010973,0.101309272835279,0.115207725714169,
0.131652596037831,0.150299325856981,0.17091406108236,0.193324640843058,
0.217397464998304,0.243024943237999,0.270118012820405,0.298601362309559,
0.32841021966828,0.359488101772539,0.391785184229787,0.425257087589203,
0.45986395242589,0.495569720492199,0.532341566415863,0.570149441681501,
0.608965703886983,0.648764811805834,0.689523071958751,0.731218426019739,
0.77383027096769,0.817339305770613,0.861727399772385,0.90697747898504,0.953073427271242,
0.968217322901952),.UNSPECIFIED.);
#571=B_SPLINE_CURVE_WITH_KNOTS('',3,(#9084,#9085,#9086,#9087,#9088,#9089,
#9090,#9091,#9092,#9093,#9094,#9095,#9096,#9097,#9098,#9099,#9100,#9101,
#9102,#9103,#9104,#9105,#9106,#9107,#9108,#9109,#9110,#9111,#9112,#9113,
#9114,#9115),.UNSPECIFIED.,.F.,.F.,(4,1,1,1,1,1,1,1,1,1,1,1,1,1,1,1,1,1,
1,1,1,1,1,1,1,1,1,1,1,4),(0.,0.0905435754010973,0.101309272835279,0.115207725714169,
0.131652596037831,0.150299325856981,0.17091406108236,0.193324640843058,
0.217397464998304,0.243024943237999,0.270118012820405,0.298601362309559,
0.32841021966828,0.359488101772539,0.391785184229787,0.425257087589203,
0.45986395242589,0.495569720492199,0.532341566415863,0.570149441681501,
0.608965703886983,0.648764811805834,0.689523071958751,0.731218426019739,
0.77383027096769,0.817339305770613,0.861727399772385,0.90697747898504,0.953073427271242,
0.968217322901952),.UNSPECIFIED.);
#572=B_SPLINE_CURVE_WITH_KNOTS('',3,(#9146,#9147,#9148,#9149,#9150,#9151,
#9152,#9153,#9154,#9155,#9156,#9157,#9158,#9159,#9160,#9161,#9162,#9163,
#9164,#9165,#9166,#9167,#9168,#9169,#9170,#9171,#9172,#9173,#9174,#9175,
#9176,#9177),.UNSPECIFIED.,.F.,.F.,(4,1,1,1,1,1,1,1,1,1,1,1,1,1,1,1,1,1,
1,1,1,1,1,1,1,1,1,1,1,4),(0.,0.0905435754010973,0.101309272835279,0.115207725714169,
0.131652596037831,0.150299325856981,0.17091406108236,0.193324640843058,
0.217397464998304,0.243024943237999,0.270118012820405,0.298601362309559,
0.32841021966828,0.359488101772539,0.391785184229787,0.425257087589203,
0.45986395242589,0.495569720492199,0.532341566415863,0.570149441681501,
0.608965703886983,0.648764811805834,0.689523071958751,0.731218426019739,
0.77383027096769,0.817339305770613,0.861727399772385,0.90697747898504,0.953073427271242,
0.968217322901952),.UNSPECIFIED.);
#573=B_SPLINE_CURVE_WITH_KNOTS('',3,(#9214,#9215,#9216,#9217,#9218,#9219,
#9220,#9221,#9222,#9223,#9224,#9225,#9226,#9227,#9228,#9229,#9230,#9231,
#9232,#9233,#9234,#9235,#9236,#9237,#9238,#9239,#9240,#9241,#9242,#9243,
#9244,#9245),.UNSPECIFIED.,.F.,.F.,(4,1,1,1,1,1,1,1,1,1,1,1,1,1,1,1,1,1,
1,1,1,1,1,1,1,1,1,1,1,4),(0.,0.0905435754010973,0.101309272835279,0.115207725714169,
0.131652596037831,0.150299325856981,0.17091406108236,0.193324640843058,
0.217397464998304,0.243024943237999,0.270118012820405,0.298601362309559,
0.32841021966828,0.359488101772539,0.391785184229787,0.425257087589203,
0.45986395242589,0.495569720492199,0.532341566415863,0.570149441681501,
0.608965703886983,0.648764811805834,0.689523071958751,0.731218426019739,
0.77383027096769,0.817339305770613,0.861727399772385,0.90697747898504,0.953073427271242,
0.968217322901952),.UNSPECIFIED.);
#574=B_SPLINE_CURVE_WITH_KNOTS('',3,(#9276,#9277,#9278,#9279,#9280,#9281,
#9282,#9283,#9284,#9285,#9286,#9287,#9288,#9289,#9290,#9291,#9292,#9293,
#9294,#9295,#9296,#9297,#9298,#9299,#9300,#9301,#9302,#9303,#9304,#9305,
#9306,#9307),.UNSPECIFIED.,.F.,.F.,(4,1,1,1,1,1,1,1,1,1,1,1,1,1,1,1,1,1,
1,1,1,1,1,1,1,1,1,1,1,4),(0.,0.0905435754010973,0.101309272835279,0.115207725714169,
0.131652596037831,0.150299325856981,0.17091406108236,0.193324640843058,
0.217397464998304,0.243024943237999,0.270118012820405,0.298601362309559,
0.32841021966828,0.359488101772539,0.391785184229787,0.425257087589203,
0.45986395242589,0.495569720492199,0.532341566415863,0.570149441681501,
0.608965703886983,0.648764811805834,0.689523071958751,0.731218426019739,
0.77383027096769,0.817339305770613,0.861727399772385,0.90697747898504,0.953073427271242,
0.968217322901952),.UNSPECIFIED.);
#575=B_SPLINE_CURVE_WITH_KNOTS('',3,(#9344,#9345,#9346,#9347,#9348,#9349,
#9350,#9351,#9352,#9353,#9354,#9355,#9356,#9357,#9358,#9359,#9360,#9361,
#9362,#9363,#9364,#9365,#9366,#9367,#9368,#9369,#9370,#9371,#9372,#9373,
#9374,#9375),.UNSPECIFIED.,.F.,.F.,(4,1,1,1,1,1,1,1,1,1,1,1,1,1,1,1,1,1,
1,1,1,1,1,1,1,1,1,1,1,4),(0.,0.0905435754010973,0.101309272835279,0.115207725714169,
0.131652596037831,0.150299325856981,0.17091406108236,0.193324640843058,
0.217397464998304,0.243024943237999,0.270118012820405,0.298601362309559,
0.32841021966828,0.359488101772539,0.391785184229787,0.425257087589203,
0.45986395242589,0.495569720492199,0.532341566415863,0.570149441681501,
0.608965703886983,0.648764811805834,0.689523071958751,0.731218426019739,
0.77383027096769,0.817339305770613,0.861727399772385,0.90697747898504,0.953073427271242,
0.968217322901952),.UNSPECIFIED.);
#576=B_SPLINE_CURVE_WITH_KNOTS('',3,(#9406,#9407,#9408,#9409,#9410,#9411,
#9412,#9413,#9414,#9415,#9416,#9417,#9418,#9419,#9420,#9421,#9422,#9423,
#9424,#9425,#9426,#9427,#9428,#9429,#9430,#9431,#9432,#9433,#9434,#9435,
#9436,#9437),.UNSPECIFIED.,.F.,.F.,(4,1,1,1,1,1,1,1,1,1,1,1,1,1,1,1,1,1,
1,1,1,1,1,1,1,1,1,1,1,4),(0.,0.0905435754010973,0.101309272835279,0.115207725714169,
0.131652596037831,0.150299325856981,0.17091406108236,0.193324640843058,
0.217397464998304,0.243024943237999,0.270118012820405,0.298601362309559,
0.32841021966828,0.359488101772539,0.391785184229787,0.425257087589203,
0.45986395242589,0.495569720492199,0.532341566415863,0.570149441681501,
0.608965703886983,0.648764811805834,0.689523071958751,0.731218426019739,
0.77383027096769,0.817339305770613,0.861727399772385,0.90697747898504,0.953073427271242,
0.968217322901952),.UNSPECIFIED.);
#577=ORIENTED_EDGE('',*,*,#1517,.F.);
#578=ORIENTED_EDGE('',*,*,#1518,.F.);
#579=ORIENTED_EDGE('',*,*,#1519,.T.);
#580=ORIENTED_EDGE('',*,*,#1520,.T.);
#581=ORIENTED_EDGE('',*,*,#1521,.F.);
#582=ORIENTED_EDGE('',*,*,#1522,.F.);
#583=ORIENTED_EDGE('',*,*,#1523,.T.);
#584=ORIENTED_EDGE('',*,*,#1524,.F.);
#585=ORIENTED_EDGE('',*,*,#1525,.T.);
#586=ORIENTED_EDGE('',*,*,#1526,.T.);
#587=ORIENTED_EDGE('',*,*,#1527,.F.);
#588=ORIENTED_EDGE('',*,*,#1528,.F.);
#589=ORIENTED_EDGE('',*,*,#1529,.T.);
#590=ORIENTED_EDGE('',*,*,#1530,.F.);
#591=ORIENTED_EDGE('',*,*,#1531,.T.);
#592=ORIENTED_EDGE('',*,*,#1532,.T.);
#593=ORIENTED_EDGE('',*,*,#1533,.F.);
#594=ORIENTED_EDGE('',*,*,#1534,.F.);
#595=ORIENTED_EDGE('',*,*,#1535,.T.);
#596=ORIENTED_EDGE('',*,*,#1536,.F.);
#597=ORIENTED_EDGE('',*,*,#1537,.T.);
#598=ORIENTED_EDGE('',*,*,#1538,.T.);
#599=ORIENTED_EDGE('',*,*,#1539,.F.);
#600=ORIENTED_EDGE('',*,*,#1540,.F.);
#601=ORIENTED_EDGE('',*,*,#1541,.T.);
#602=ORIENTED_EDGE('',*,*,#1542,.F.);
#603=ORIENTED_EDGE('',*,*,#1543,.T.);
#604=ORIENTED_EDGE('',*,*,#1544,.T.);
#605=ORIENTED_EDGE('',*,*,#1545,.F.);
#606=ORIENTED_EDGE('',*,*,#1546,.F.);
#607=ORIENTED_EDGE('',*,*,#1547,.T.);
#608=ORIENTED_EDGE('',*,*,#1548,.F.);
#609=ORIENTED_EDGE('',*,*,#1549,.T.);
#610=ORIENTED_EDGE('',*,*,#1550,.T.);
#611=ORIENTED_EDGE('',*,*,#1551,.F.);
#612=ORIENTED_EDGE('',*,*,#1552,.F.);
#613=ORIENTED_EDGE('',*,*,#1553,.T.);
#614=ORIENTED_EDGE('',*,*,#1554,.F.);
#615=ORIENTED_EDGE('',*,*,#1555,.T.);
#616=ORIENTED_EDGE('',*,*,#1556,.T.);
#617=ORIENTED_EDGE('',*,*,#1557,.F.);
#618=ORIENTED_EDGE('',*,*,#1558,.F.);
#619=ORIENTED_EDGE('',*,*,#1559,.T.);
#620=ORIENTED_EDGE('',*,*,#1560,.F.);
#621=ORIENTED_EDGE('',*,*,#1561,.T.);
#622=ORIENTED_EDGE('',*,*,#1562,.T.);
#623=ORIENTED_EDGE('',*,*,#1563,.F.);
#624=ORIENTED_EDGE('',*,*,#1564,.F.);
#625=ORIENTED_EDGE('',*,*,#1565,.T.);
#626=ORIENTED_EDGE('',*,*,#1566,.F.);
#627=ORIENTED_EDGE('',*,*,#1567,.T.);
#628=ORIENTED_EDGE('',*,*,#1568,.T.);
#629=ORIENTED_EDGE('',*,*,#1569,.F.);
#630=ORIENTED_EDGE('',*,*,#1570,.F.);
#631=ORIENTED_EDGE('',*,*,#1571,.T.);
#632=ORIENTED_EDGE('',*,*,#1572,.F.);
#633=ORIENTED_EDGE('',*,*,#1573,.T.);
#634=ORIENTED_EDGE('',*,*,#1574,.T.);
#635=ORIENTED_EDGE('',*,*,#1575,.F.);
#636=ORIENTED_EDGE('',*,*,#1576,.F.);
#637=ORIENTED_EDGE('',*,*,#1577,.T.);
#638=ORIENTED_EDGE('',*,*,#1578,.F.);
#639=ORIENTED_EDGE('',*,*,#1579,.T.);
#640=ORIENTED_EDGE('',*,*,#1580,.T.);
#641=ORIENTED_EDGE('',*,*,#1581,.F.);
#642=ORIENTED_EDGE('',*,*,#1582,.F.);
#643=ORIENTED_EDGE('',*,*,#1583,.T.);
#644=ORIENTED_EDGE('',*,*,#1584,.F.);
#645=ORIENTED_EDGE('',*,*,#1585,.T.);
#646=ORIENTED_EDGE('',*,*,#1586,.T.);
#647=ORIENTED_EDGE('',*,*,#1587,.F.);
#648=ORIENTED_EDGE('',*,*,#1588,.F.);
#649=ORIENTED_EDGE('',*,*,#1589,.T.);
#650=ORIENTED_EDGE('',*,*,#1590,.F.);
#651=ORIENTED_EDGE('',*,*,#1591,.T.);
#652=ORIENTED_EDGE('',*,*,#1592,.T.);
#653=ORIENTED_EDGE('',*,*,#1593,.F.);
#654=ORIENTED_EDGE('',*,*,#1594,.F.);
#655=ORIENTED_EDGE('',*,*,#1595,.T.);
#656=ORIENTED_EDGE('',*,*,#1596,.F.);
#657=ORIENTED_EDGE('',*,*,#1597,.T.);
#658=ORIENTED_EDGE('',*,*,#1598,.T.);
#659=ORIENTED_EDGE('',*,*,#1599,.F.);
#660=ORIENTED_EDGE('',*,*,#1600,.F.);
#661=ORIENTED_EDGE('',*,*,#1601,.T.);
#662=ORIENTED_EDGE('',*,*,#1602,.F.);
#663=ORIENTED_EDGE('',*,*,#1603,.T.);
#664=ORIENTED_EDGE('',*,*,#1604,.T.);
#665=ORIENTED_EDGE('',*,*,#1605,.F.);
#666=ORIENTED_EDGE('',*,*,#1606,.F.);
#667=ORIENTED_EDGE('',*,*,#1607,.T.);
#668=ORIENTED_EDGE('',*,*,#1608,.F.);
#669=ORIENTED_EDGE('',*,*,#1609,.T.);
#670=ORIENTED_EDGE('',*,*,#1610,.T.);
#671=ORIENTED_EDGE('',*,*,#1611,.F.);
#672=ORIENTED_EDGE('',*,*,#1612,.F.);
#673=ORIENTED_EDGE('',*,*,#1613,.T.);
#674=ORIENTED_EDGE('',*,*,#1614,.F.);
#675=ORIENTED_EDGE('',*,*,#1615,.T.);
#676=ORIENTED_EDGE('',*,*,#1616,.T.);
#677=ORIENTED_EDGE('',*,*,#1617,.F.);
#678=ORIENTED_EDGE('',*,*,#1618,.F.);
#679=ORIENTED_EDGE('',*,*,#1619,.T.);
#680=ORIENTED_EDGE('',*,*,#1620,.F.);
#681=ORIENTED_EDGE('',*,*,#1621,.T.);
#682=ORIENTED_EDGE('',*,*,#1622,.T.);
#683=ORIENTED_EDGE('',*,*,#1623,.F.);
#684=ORIENTED_EDGE('',*,*,#1624,.F.);
#685=ORIENTED_EDGE('',*,*,#1625,.T.);
#686=ORIENTED_EDGE('',*,*,#1626,.F.);
#687=ORIENTED_EDGE('',*,*,#1627,.T.);
#688=ORIENTED_EDGE('',*,*,#1628,.T.);
#689=ORIENTED_EDGE('',*,*,#1629,.F.);
#690=ORIENTED_EDGE('',*,*,#1630,.F.);
#691=ORIENTED_EDGE('',*,*,#1631,.T.);
#692=ORIENTED_EDGE('',*,*,#1632,.F.);
#693=ORIENTED_EDGE('',*,*,#1633,.T.);
#694=ORIENTED_EDGE('',*,*,#1634,.T.);
#695=ORIENTED_EDGE('',*,*,#1635,.F.);
#696=ORIENTED_EDGE('',*,*,#1636,.F.);
#697=ORIENTED_EDGE('',*,*,#1637,.T.);
#698=ORIENTED_EDGE('',*,*,#1638,.F.);
#699=ORIENTED_EDGE('',*,*,#1639,.T.);
#700=ORIENTED_EDGE('',*,*,#1640,.T.);
#701=ORIENTED_EDGE('',*,*,#1641,.F.);
#702=ORIENTED_EDGE('',*,*,#1642,.F.);
#703=ORIENTED_EDGE('',*,*,#1643,.T.);
#704=ORIENTED_EDGE('',*,*,#1644,.F.);
#705=ORIENTED_EDGE('',*,*,#1645,.T.);
#706=ORIENTED_EDGE('',*,*,#1646,.T.);
#707=ORIENTED_EDGE('',*,*,#1647,.F.);
#708=ORIENTED_EDGE('',*,*,#1648,.F.);
#709=ORIENTED_EDGE('',*,*,#1649,.T.);
#710=ORIENTED_EDGE('',*,*,#1650,.F.);
#711=ORIENTED_EDGE('',*,*,#1651,.T.);
#712=ORIENTED_EDGE('',*,*,#1652,.T.);
#713=ORIENTED_EDGE('',*,*,#1653,.F.);
#714=ORIENTED_EDGE('',*,*,#1654,.F.);
#715=ORIENTED_EDGE('',*,*,#1655,.T.);
#716=ORIENTED_EDGE('',*,*,#1656,.F.);
#717=ORIENTED_EDGE('',*,*,#1634,.F.);
#718=ORIENTED_EDGE('',*,*,#1657,.T.);
#719=ORIENTED_EDGE('',*,*,#1658,.T.);
#720=ORIENTED_EDGE('',*,*,#1640,.F.);
#721=ORIENTED_EDGE('',*,*,#1659,.T.);
#722=ORIENTED_EDGE('',*,*,#1660,.T.);
#723=ORIENTED_EDGE('',*,*,#1661,.F.);
#724=ORIENTED_EDGE('',*,*,#1662,.F.);
#725=ORIENTED_EDGE('',*,*,#1628,.F.);
#726=ORIENTED_EDGE('',*,*,#1663,.T.);
#727=ORIENTED_EDGE('',*,*,#1664,.T.);
#728=ORIENTED_EDGE('',*,*,#1665,.F.);
#729=ORIENTED_EDGE('',*,*,#1622,.F.);
#730=ORIENTED_EDGE('',*,*,#1666,.T.);
#731=ORIENTED_EDGE('',*,*,#1667,.T.);
#732=ORIENTED_EDGE('',*,*,#1668,.F.);
#733=ORIENTED_EDGE('',*,*,#1616,.F.);
#734=ORIENTED_EDGE('',*,*,#1669,.T.);
#735=ORIENTED_EDGE('',*,*,#1670,.T.);
#736=ORIENTED_EDGE('',*,*,#1671,.F.);
#737=ORIENTED_EDGE('',*,*,#1610,.F.);
#738=ORIENTED_EDGE('',*,*,#1672,.T.);
#739=ORIENTED_EDGE('',*,*,#1673,.T.);
#740=ORIENTED_EDGE('',*,*,#1674,.F.);
#741=ORIENTED_EDGE('',*,*,#1598,.F.);
#742=ORIENTED_EDGE('',*,*,#1675,.T.);
#743=ORIENTED_EDGE('',*,*,#1676,.T.);
#744=ORIENTED_EDGE('',*,*,#1604,.F.);
#745=ORIENTED_EDGE('',*,*,#1677,.T.);
#746=ORIENTED_EDGE('',*,*,#1678,.T.);
#747=ORIENTED_EDGE('',*,*,#1679,.F.);
#748=ORIENTED_EDGE('',*,*,#1680,.F.);
#749=ORIENTED_EDGE('',*,*,#1592,.F.);
#750=ORIENTED_EDGE('',*,*,#1681,.T.);
#751=ORIENTED_EDGE('',*,*,#1682,.T.);
#752=ORIENTED_EDGE('',*,*,#1683,.F.);
#753=ORIENTED_EDGE('',*,*,#1586,.F.);
#754=ORIENTED_EDGE('',*,*,#1684,.T.);
#755=ORIENTED_EDGE('',*,*,#1685,.T.);
#756=ORIENTED_EDGE('',*,*,#1686,.F.);
#757=ORIENTED_EDGE('',*,*,#1580,.F.);
#758=ORIENTED_EDGE('',*,*,#1687,.T.);
#759=ORIENTED_EDGE('',*,*,#1688,.T.);
#760=ORIENTED_EDGE('',*,*,#1689,.F.);
#761=ORIENTED_EDGE('',*,*,#1574,.F.);
#762=ORIENTED_EDGE('',*,*,#1690,.T.);
#763=ORIENTED_EDGE('',*,*,#1691,.T.);
#764=ORIENTED_EDGE('',*,*,#1692,.F.);
#765=ORIENTED_EDGE('',*,*,#1550,.F.);
#766=ORIENTED_EDGE('',*,*,#1693,.T.);
#767=ORIENTED_EDGE('',*,*,#1694,.T.);
#768=ORIENTED_EDGE('',*,*,#1556,.F.);
#769=ORIENTED_EDGE('',*,*,#1695,.T.);
#770=ORIENTED_EDGE('',*,*,#1696,.T.);
#771=ORIENTED_EDGE('',*,*,#1697,.F.);
#772=ORIENTED_EDGE('',*,*,#1698,.F.);
#773=ORIENTED_EDGE('',*,*,#1568,.F.);
#774=ORIENTED_EDGE('',*,*,#1699,.T.);
#775=ORIENTED_EDGE('',*,*,#1700,.T.);
#776=ORIENTED_EDGE('',*,*,#1562,.F.);
#777=ORIENTED_EDGE('',*,*,#1701,.T.);
#778=ORIENTED_EDGE('',*,*,#1702,.T.);
#779=ORIENTED_EDGE('',*,*,#1703,.F.);
#780=ORIENTED_EDGE('',*,*,#1646,.F.);
#781=ORIENTED_EDGE('',*,*,#1704,.T.);
#782=ORIENTED_EDGE('',*,*,#1705,.T.);
#783=ORIENTED_EDGE('',*,*,#1706,.F.);
#784=ORIENTED_EDGE('',*,*,#1652,.F.);
#785=ORIENTED_EDGE('',*,*,#1707,.T.);
#786=ORIENTED_EDGE('',*,*,#1708,.T.);
#787=ORIENTED_EDGE('',*,*,#1709,.F.);
#788=ORIENTED_EDGE('',*,*,#1710,.F.);
#789=ORIENTED_EDGE('',*,*,#1711,.T.);
#790=ORIENTED_EDGE('',*,*,#1712,.T.);
#791=ORIENTED_EDGE('',*,*,#1713,.F.);
#792=ORIENTED_EDGE('',*,*,#1714,.F.);
#793=ORIENTED_EDGE('',*,*,#1715,.T.);
#794=ORIENTED_EDGE('',*,*,#1716,.T.);
#795=ORIENTED_EDGE('',*,*,#1717,.F.);
#796=ORIENTED_EDGE('',*,*,#1718,.F.);
#797=ORIENTED_EDGE('',*,*,#1538,.F.);
#798=ORIENTED_EDGE('',*,*,#1719,.T.);
#799=ORIENTED_EDGE('',*,*,#1720,.T.);
#800=ORIENTED_EDGE('',*,*,#1721,.F.);
#801=ORIENTED_EDGE('',*,*,#1532,.F.);
#802=ORIENTED_EDGE('',*,*,#1722,.T.);
#803=ORIENTED_EDGE('',*,*,#1723,.T.);
#804=ORIENTED_EDGE('',*,*,#1520,.F.);
#805=ORIENTED_EDGE('',*,*,#1724,.T.);
#806=ORIENTED_EDGE('',*,*,#1725,.T.);
#807=ORIENTED_EDGE('',*,*,#1726,.F.);
#808=ORIENTED_EDGE('',*,*,#1526,.F.);
#809=ORIENTED_EDGE('',*,*,#1727,.T.);
#810=ORIENTED_EDGE('',*,*,#1728,.T.);
#811=ORIENTED_EDGE('',*,*,#1729,.F.);
#812=ORIENTED_EDGE('',*,*,#1544,.F.);
#813=ORIENTED_EDGE('',*,*,#1730,.T.);
#814=ORIENTED_EDGE('',*,*,#1731,.T.);
#815=ORIENTED_EDGE('',*,*,#1732,.F.);
#816=ORIENTED_EDGE('',*,*,#1545,.T.);
#817=ORIENTED_EDGE('',*,*,#1732,.T.);
#818=ORIENTED_EDGE('',*,*,#1733,.F.);
#819=ORIENTED_EDGE('',*,*,#1734,.F.);
#820=ORIENTED_EDGE('',*,*,#1735,.F.);
#821=ORIENTED_EDGE('',*,*,#1736,.T.);
#822=ORIENTED_EDGE('',*,*,#1693,.F.);
#823=ORIENTED_EDGE('',*,*,#1549,.F.);
#824=ORIENTED_EDGE('',*,*,#1737,.F.);
#825=ORIENTED_EDGE('',*,*,#1738,.T.);
#826=ORIENTED_EDGE('',*,*,#1739,.F.);
#827=ORIENTED_EDGE('',*,*,#1547,.F.);
#828=ORIENTED_EDGE('',*,*,#1546,.T.);
#829=ORIENTED_EDGE('',*,*,#1734,.T.);
#830=ORIENTED_EDGE('',*,*,#1740,.T.);
#831=ORIENTED_EDGE('',*,*,#1737,.T.);
#832=ORIENTED_EDGE('',*,*,#1548,.T.);
#833=ORIENTED_EDGE('',*,*,#1739,.T.);
#834=ORIENTED_EDGE('',*,*,#1741,.T.);
#835=ORIENTED_EDGE('',*,*,#1735,.T.);
#836=ORIENTED_EDGE('',*,*,#1527,.T.);
#837=ORIENTED_EDGE('',*,*,#1729,.T.);
#838=ORIENTED_EDGE('',*,*,#1742,.F.);
#839=ORIENTED_EDGE('',*,*,#1743,.F.);
#840=ORIENTED_EDGE('',*,*,#1744,.F.);
#841=ORIENTED_EDGE('',*,*,#1745,.T.);
#842=ORIENTED_EDGE('',*,*,#1722,.F.);
#843=ORIENTED_EDGE('',*,*,#1531,.F.);
#844=ORIENTED_EDGE('',*,*,#1746,.F.);
#845=ORIENTED_EDGE('',*,*,#1747,.T.);
#846=ORIENTED_EDGE('',*,*,#1748,.F.);
#847=ORIENTED_EDGE('',*,*,#1529,.F.);
#848=ORIENTED_EDGE('',*,*,#1528,.T.);
#849=ORIENTED_EDGE('',*,*,#1743,.T.);
#850=ORIENTED_EDGE('',*,*,#1749,.T.);
#851=ORIENTED_EDGE('',*,*,#1746,.T.);
#852=ORIENTED_EDGE('',*,*,#1530,.T.);
#853=ORIENTED_EDGE('',*,*,#1748,.T.);
#854=ORIENTED_EDGE('',*,*,#1750,.T.);
#855=ORIENTED_EDGE('',*,*,#1744,.T.);
#856=ORIENTED_EDGE('',*,*,#1521,.T.);
#857=ORIENTED_EDGE('',*,*,#1726,.T.);
#858=ORIENTED_EDGE('',*,*,#1751,.F.);
#859=ORIENTED_EDGE('',*,*,#1752,.F.);
#860=ORIENTED_EDGE('',*,*,#1753,.F.);
#861=ORIENTED_EDGE('',*,*,#1754,.T.);
#862=ORIENTED_EDGE('',*,*,#1727,.F.);
#863=ORIENTED_EDGE('',*,*,#1525,.F.);
#864=ORIENTED_EDGE('',*,*,#1755,.F.);
#865=ORIENTED_EDGE('',*,*,#1756,.T.);
#866=ORIENTED_EDGE('',*,*,#1757,.F.);
#867=ORIENTED_EDGE('',*,*,#1523,.F.);
#868=ORIENTED_EDGE('',*,*,#1522,.T.);
#869=ORIENTED_EDGE('',*,*,#1752,.T.);
#870=ORIENTED_EDGE('',*,*,#1758,.T.);
#871=ORIENTED_EDGE('',*,*,#1755,.T.);
#872=ORIENTED_EDGE('',*,*,#1524,.T.);
#873=ORIENTED_EDGE('',*,*,#1757,.T.);
#874=ORIENTED_EDGE('',*,*,#1759,.T.);
#875=ORIENTED_EDGE('',*,*,#1753,.T.);
#876=ORIENTED_EDGE('',*,*,#1533,.T.);
#877=ORIENTED_EDGE('',*,*,#1721,.T.);
#878=ORIENTED_EDGE('',*,*,#1760,.F.);
#879=ORIENTED_EDGE('',*,*,#1761,.F.);
#880=ORIENTED_EDGE('',*,*,#1762,.F.);
#881=ORIENTED_EDGE('',*,*,#1763,.T.);
#882=ORIENTED_EDGE('',*,*,#1719,.F.);
#883=ORIENTED_EDGE('',*,*,#1537,.F.);
#884=ORIENTED_EDGE('',*,*,#1764,.F.);
#885=ORIENTED_EDGE('',*,*,#1765,.T.);
#886=ORIENTED_EDGE('',*,*,#1766,.F.);
#887=ORIENTED_EDGE('',*,*,#1535,.F.);
#888=ORIENTED_EDGE('',*,*,#1534,.T.);
#889=ORIENTED_EDGE('',*,*,#1761,.T.);
#890=ORIENTED_EDGE('',*,*,#1767,.T.);
#891=ORIENTED_EDGE('',*,*,#1764,.T.);
#892=ORIENTED_EDGE('',*,*,#1536,.T.);
#893=ORIENTED_EDGE('',*,*,#1766,.T.);
#894=ORIENTED_EDGE('',*,*,#1768,.T.);
#895=ORIENTED_EDGE('',*,*,#1762,.T.);
#896=ORIENTED_EDGE('',*,*,#1539,.T.);
#897=ORIENTED_EDGE('',*,*,#1718,.T.);
#898=ORIENTED_EDGE('',*,*,#1769,.F.);
#899=ORIENTED_EDGE('',*,*,#1770,.F.);
#900=ORIENTED_EDGE('',*,*,#1771,.F.);
#901=ORIENTED_EDGE('',*,*,#1772,.T.);
#902=ORIENTED_EDGE('',*,*,#1730,.F.);
#903=ORIENTED_EDGE('',*,*,#1543,.F.);
#904=ORIENTED_EDGE('',*,*,#1773,.F.);
#905=ORIENTED_EDGE('',*,*,#1774,.T.);
#906=ORIENTED_EDGE('',*,*,#1775,.F.);
#907=ORIENTED_EDGE('',*,*,#1541,.F.);
#908=ORIENTED_EDGE('',*,*,#1540,.T.);
#909=ORIENTED_EDGE('',*,*,#1770,.T.);
#910=ORIENTED_EDGE('',*,*,#1776,.T.);
#911=ORIENTED_EDGE('',*,*,#1773,.T.);
#912=ORIENTED_EDGE('',*,*,#1542,.T.);
#913=ORIENTED_EDGE('',*,*,#1775,.T.);
#914=ORIENTED_EDGE('',*,*,#1777,.T.);
#915=ORIENTED_EDGE('',*,*,#1771,.T.);
#916=ORIENTED_EDGE('',*,*,#1778,.T.);
#917=ORIENTED_EDGE('',*,*,#1717,.T.);
#918=ORIENTED_EDGE('',*,*,#1779,.F.);
#919=ORIENTED_EDGE('',*,*,#1780,.F.);
#920=ORIENTED_EDGE('',*,*,#1781,.F.);
#921=ORIENTED_EDGE('',*,*,#1782,.T.);
#922=ORIENTED_EDGE('',*,*,#1724,.F.);
#923=ORIENTED_EDGE('',*,*,#1519,.F.);
#924=ORIENTED_EDGE('',*,*,#1783,.F.);
#925=ORIENTED_EDGE('',*,*,#1784,.T.);
#926=ORIENTED_EDGE('',*,*,#1785,.F.);
#927=ORIENTED_EDGE('',*,*,#1786,.F.);
#928=ORIENTED_EDGE('',*,*,#1787,.T.);
#929=ORIENTED_EDGE('',*,*,#1780,.T.);
#930=ORIENTED_EDGE('',*,*,#1788,.T.);
#931=ORIENTED_EDGE('',*,*,#1783,.T.);
#932=ORIENTED_EDGE('',*,*,#1518,.T.);
#933=ORIENTED_EDGE('',*,*,#1789,.T.);
#934=ORIENTED_EDGE('',*,*,#1785,.T.);
#935=ORIENTED_EDGE('',*,*,#1790,.T.);
#936=ORIENTED_EDGE('',*,*,#1781,.T.);
#937=ORIENTED_EDGE('',*,*,#1791,.T.);
#938=ORIENTED_EDGE('',*,*,#1713,.T.);
#939=ORIENTED_EDGE('',*,*,#1792,.F.);
#940=ORIENTED_EDGE('',*,*,#1793,.F.);
#941=ORIENTED_EDGE('',*,*,#1794,.F.);
#942=ORIENTED_EDGE('',*,*,#1795,.T.);
#943=ORIENTED_EDGE('',*,*,#1715,.F.);
#944=ORIENTED_EDGE('',*,*,#1796,.F.);
#945=ORIENTED_EDGE('',*,*,#1797,.F.);
#946=ORIENTED_EDGE('',*,*,#1798,.T.);
#947=ORIENTED_EDGE('',*,*,#1799,.F.);
#948=ORIENTED_EDGE('',*,*,#1800,.F.);
#949=ORIENTED_EDGE('',*,*,#1801,.T.);
#950=ORIENTED_EDGE('',*,*,#1793,.T.);
#951=ORIENTED_EDGE('',*,*,#1802,.T.);
#952=ORIENTED_EDGE('',*,*,#1797,.T.);
#953=ORIENTED_EDGE('',*,*,#1803,.T.);
#954=ORIENTED_EDGE('',*,*,#1799,.T.);
#955=ORIENTED_EDGE('',*,*,#1804,.T.);
#956=ORIENTED_EDGE('',*,*,#1794,.T.);
#957=ORIENTED_EDGE('',*,*,#1805,.T.);
#958=ORIENTED_EDGE('',*,*,#1653,.T.);
#959=ORIENTED_EDGE('',*,*,#1709,.T.);
#960=ORIENTED_EDGE('',*,*,#1806,.F.);
#961=ORIENTED_EDGE('',*,*,#1807,.F.);
#962=ORIENTED_EDGE('',*,*,#1808,.F.);
#963=ORIENTED_EDGE('',*,*,#1809,.T.);
#964=ORIENTED_EDGE('',*,*,#1711,.F.);
#965=ORIENTED_EDGE('',*,*,#1810,.F.);
#966=ORIENTED_EDGE('',*,*,#1811,.F.);
#967=ORIENTED_EDGE('',*,*,#1812,.T.);
#968=ORIENTED_EDGE('',*,*,#1813,.F.);
#969=ORIENTED_EDGE('',*,*,#1814,.F.);
#970=ORIENTED_EDGE('',*,*,#1815,.T.);
#971=ORIENTED_EDGE('',*,*,#1807,.T.);
#972=ORIENTED_EDGE('',*,*,#1816,.T.);
#973=ORIENTED_EDGE('',*,*,#1811,.T.);
#974=ORIENTED_EDGE('',*,*,#1817,.T.);
#975=ORIENTED_EDGE('',*,*,#1813,.T.);
#976=ORIENTED_EDGE('',*,*,#1818,.T.);
#977=ORIENTED_EDGE('',*,*,#1808,.T.);
#978=ORIENTED_EDGE('',*,*,#1647,.T.);
#979=ORIENTED_EDGE('',*,*,#1706,.T.);
#980=ORIENTED_EDGE('',*,*,#1819,.F.);
#981=ORIENTED_EDGE('',*,*,#1820,.F.);
#982=ORIENTED_EDGE('',*,*,#1821,.F.);
#983=ORIENTED_EDGE('',*,*,#1822,.T.);
#984=ORIENTED_EDGE('',*,*,#1707,.F.);
#985=ORIENTED_EDGE('',*,*,#1651,.F.);
#986=ORIENTED_EDGE('',*,*,#1823,.F.);
#987=ORIENTED_EDGE('',*,*,#1824,.T.);
#988=ORIENTED_EDGE('',*,*,#1825,.F.);
#989=ORIENTED_EDGE('',*,*,#1649,.F.);
#990=ORIENTED_EDGE('',*,*,#1648,.T.);
#991=ORIENTED_EDGE('',*,*,#1820,.T.);
#992=ORIENTED_EDGE('',*,*,#1826,.T.);
#993=ORIENTED_EDGE('',*,*,#1823,.T.);
#994=ORIENTED_EDGE('',*,*,#1650,.T.);
#995=ORIENTED_EDGE('',*,*,#1825,.T.);
#996=ORIENTED_EDGE('',*,*,#1827,.T.);
#997=ORIENTED_EDGE('',*,*,#1821,.T.);
#998=ORIENTED_EDGE('',*,*,#1563,.T.);
#999=ORIENTED_EDGE('',*,*,#1703,.T.);
#1000=ORIENTED_EDGE('',*,*,#1828,.F.);
#1001=ORIENTED_EDGE('',*,*,#1829,.F.);
#1002=ORIENTED_EDGE('',*,*,#1830,.F.);
#1003=ORIENTED_EDGE('',*,*,#1831,.T.);
#1004=ORIENTED_EDGE('',*,*,#1699,.F.);
#1005=ORIENTED_EDGE('',*,*,#1567,.F.);
#1006=ORIENTED_EDGE('',*,*,#1832,.F.);
#1007=ORIENTED_EDGE('',*,*,#1833,.T.);
#1008=ORIENTED_EDGE('',*,*,#1834,.F.);
#1009=ORIENTED_EDGE('',*,*,#1565,.F.);
#1010=ORIENTED_EDGE('',*,*,#1564,.T.);
#1011=ORIENTED_EDGE('',*,*,#1829,.T.);
#1012=ORIENTED_EDGE('',*,*,#1835,.T.);
#1013=ORIENTED_EDGE('',*,*,#1832,.T.);
#1014=ORIENTED_EDGE('',*,*,#1566,.T.);
#1015=ORIENTED_EDGE('',*,*,#1834,.T.);
#1016=ORIENTED_EDGE('',*,*,#1836,.T.);
#1017=ORIENTED_EDGE('',*,*,#1830,.T.);
#1018=ORIENTED_EDGE('',*,*,#1569,.T.);
#1019=ORIENTED_EDGE('',*,*,#1698,.T.);
#1020=ORIENTED_EDGE('',*,*,#1837,.F.);
#1021=ORIENTED_EDGE('',*,*,#1838,.F.);
#1022=ORIENTED_EDGE('',*,*,#1839,.F.);
#1023=ORIENTED_EDGE('',*,*,#1840,.T.);
#1024=ORIENTED_EDGE('',*,*,#1690,.F.);
#1025=ORIENTED_EDGE('',*,*,#1573,.F.);
#1026=ORIENTED_EDGE('',*,*,#1841,.F.);
#1027=ORIENTED_EDGE('',*,*,#1842,.T.);
#1028=ORIENTED_EDGE('',*,*,#1843,.F.);
#1029=ORIENTED_EDGE('',*,*,#1571,.F.);
#1030=ORIENTED_EDGE('',*,*,#1570,.T.);
#1031=ORIENTED_EDGE('',*,*,#1838,.T.);
#1032=ORIENTED_EDGE('',*,*,#1844,.T.);
#1033=ORIENTED_EDGE('',*,*,#1841,.T.);
#1034=ORIENTED_EDGE('',*,*,#1572,.T.);
#1035=ORIENTED_EDGE('',*,*,#1843,.T.);
#1036=ORIENTED_EDGE('',*,*,#1845,.T.);
#1037=ORIENTED_EDGE('',*,*,#1839,.T.);
#1038=ORIENTED_EDGE('',*,*,#1557,.T.);
#1039=ORIENTED_EDGE('',*,*,#1697,.T.);
#1040=ORIENTED_EDGE('',*,*,#1846,.F.);
#1041=ORIENTED_EDGE('',*,*,#1847,.F.);
#1042=ORIENTED_EDGE('',*,*,#1848,.F.);
#1043=ORIENTED_EDGE('',*,*,#1849,.T.);
#1044=ORIENTED_EDGE('',*,*,#1701,.F.);
#1045=ORIENTED_EDGE('',*,*,#1561,.F.);
#1046=ORIENTED_EDGE('',*,*,#1850,.F.);
#1047=ORIENTED_EDGE('',*,*,#1851,.T.);
#1048=ORIENTED_EDGE('',*,*,#1852,.F.);
#1049=ORIENTED_EDGE('',*,*,#1559,.F.);
#1050=ORIENTED_EDGE('',*,*,#1558,.T.);
#1051=ORIENTED_EDGE('',*,*,#1847,.T.);
#1052=ORIENTED_EDGE('',*,*,#1853,.T.);
#1053=ORIENTED_EDGE('',*,*,#1850,.T.);
#1054=ORIENTED_EDGE('',*,*,#1560,.T.);
#1055=ORIENTED_EDGE('',*,*,#1852,.T.);
#1056=ORIENTED_EDGE('',*,*,#1854,.T.);
#1057=ORIENTED_EDGE('',*,*,#1848,.T.);
#1058=ORIENTED_EDGE('',*,*,#1551,.T.);
#1059=ORIENTED_EDGE('',*,*,#1692,.T.);
#1060=ORIENTED_EDGE('',*,*,#1855,.F.);
#1061=ORIENTED_EDGE('',*,*,#1856,.F.);
#1062=ORIENTED_EDGE('',*,*,#1857,.F.);
#1063=ORIENTED_EDGE('',*,*,#1858,.T.);
#1064=ORIENTED_EDGE('',*,*,#1695,.F.);
#1065=ORIENTED_EDGE('',*,*,#1555,.F.);
#1066=ORIENTED_EDGE('',*,*,#1859,.F.);
#1067=ORIENTED_EDGE('',*,*,#1860,.T.);
#1068=ORIENTED_EDGE('',*,*,#1861,.F.);
#1069=ORIENTED_EDGE('',*,*,#1553,.F.);
#1070=ORIENTED_EDGE('',*,*,#1552,.T.);
#1071=ORIENTED_EDGE('',*,*,#1856,.T.);
#1072=ORIENTED_EDGE('',*,*,#1862,.T.);
#1073=ORIENTED_EDGE('',*,*,#1859,.T.);
#1074=ORIENTED_EDGE('',*,*,#1554,.T.);
#1075=ORIENTED_EDGE('',*,*,#1861,.T.);
#1076=ORIENTED_EDGE('',*,*,#1863,.T.);
#1077=ORIENTED_EDGE('',*,*,#1857,.T.);
#1078=ORIENTED_EDGE('',*,*,#1575,.T.);
#1079=ORIENTED_EDGE('',*,*,#1689,.T.);
#1080=ORIENTED_EDGE('',*,*,#1864,.F.);
#1081=ORIENTED_EDGE('',*,*,#1865,.F.);
#1082=ORIENTED_EDGE('',*,*,#1866,.F.);
#1083=ORIENTED_EDGE('',*,*,#1867,.T.);
#1084=ORIENTED_EDGE('',*,*,#1687,.F.);
#1085=ORIENTED_EDGE('',*,*,#1579,.F.);
#1086=ORIENTED_EDGE('',*,*,#1868,.F.);
#1087=ORIENTED_EDGE('',*,*,#1869,.T.);
#1088=ORIENTED_EDGE('',*,*,#1870,.F.);
#1089=ORIENTED_EDGE('',*,*,#1577,.F.);
#1090=ORIENTED_EDGE('',*,*,#1576,.T.);
#1091=ORIENTED_EDGE('',*,*,#1865,.T.);
#1092=ORIENTED_EDGE('',*,*,#1871,.T.);
#1093=ORIENTED_EDGE('',*,*,#1868,.T.);
#1094=ORIENTED_EDGE('',*,*,#1578,.T.);
#1095=ORIENTED_EDGE('',*,*,#1870,.T.);
#1096=ORIENTED_EDGE('',*,*,#1872,.T.);
#1097=ORIENTED_EDGE('',*,*,#1866,.T.);
#1098=ORIENTED_EDGE('',*,*,#1581,.T.);
#1099=ORIENTED_EDGE('',*,*,#1686,.T.);
#1100=ORIENTED_EDGE('',*,*,#1873,.F.);
#1101=ORIENTED_EDGE('',*,*,#1874,.F.);
#1102=ORIENTED_EDGE('',*,*,#1875,.F.);
#1103=ORIENTED_EDGE('',*,*,#1876,.T.);
#1104=ORIENTED_EDGE('',*,*,#1684,.F.);
#1105=ORIENTED_EDGE('',*,*,#1585,.F.);
#1106=ORIENTED_EDGE('',*,*,#1877,.F.);
#1107=ORIENTED_EDGE('',*,*,#1878,.T.);
#1108=ORIENTED_EDGE('',*,*,#1879,.F.);
#1109=ORIENTED_EDGE('',*,*,#1583,.F.);
#1110=ORIENTED_EDGE('',*,*,#1582,.T.);
#1111=ORIENTED_EDGE('',*,*,#1874,.T.);
#1112=ORIENTED_EDGE('',*,*,#1880,.T.);
#1113=ORIENTED_EDGE('',*,*,#1877,.T.);
#1114=ORIENTED_EDGE('',*,*,#1584,.T.);
#1115=ORIENTED_EDGE('',*,*,#1879,.T.);
#1116=ORIENTED_EDGE('',*,*,#1881,.T.);
#1117=ORIENTED_EDGE('',*,*,#1875,.T.);
#1118=ORIENTED_EDGE('',*,*,#1587,.T.);
#1119=ORIENTED_EDGE('',*,*,#1683,.T.);
#1120=ORIENTED_EDGE('',*,*,#1882,.F.);
#1121=ORIENTED_EDGE('',*,*,#1883,.F.);
#1122=ORIENTED_EDGE('',*,*,#1884,.F.);
#1123=ORIENTED_EDGE('',*,*,#1885,.T.);
#1124=ORIENTED_EDGE('',*,*,#1681,.F.);
#1125=ORIENTED_EDGE('',*,*,#1591,.F.);
#1126=ORIENTED_EDGE('',*,*,#1886,.F.);
#1127=ORIENTED_EDGE('',*,*,#1887,.T.);
#1128=ORIENTED_EDGE('',*,*,#1888,.F.);
#1129=ORIENTED_EDGE('',*,*,#1589,.F.);
#1130=ORIENTED_EDGE('',*,*,#1588,.T.);
#1131=ORIENTED_EDGE('',*,*,#1883,.T.);
#1132=ORIENTED_EDGE('',*,*,#1889,.T.);
#1133=ORIENTED_EDGE('',*,*,#1886,.T.);
#1134=ORIENTED_EDGE('',*,*,#1590,.T.);
#1135=ORIENTED_EDGE('',*,*,#1888,.T.);
#1136=ORIENTED_EDGE('',*,*,#1890,.T.);
#1137=ORIENTED_EDGE('',*,*,#1884,.T.);
#1138=ORIENTED_EDGE('',*,*,#1593,.T.);
#1139=ORIENTED_EDGE('',*,*,#1680,.T.);
#1140=ORIENTED_EDGE('',*,*,#1891,.F.);
#1141=ORIENTED_EDGE('',*,*,#1892,.F.);
#1142=ORIENTED_EDGE('',*,*,#1893,.F.);
#1143=ORIENTED_EDGE('',*,*,#1894,.T.);
#1144=ORIENTED_EDGE('',*,*,#1675,.F.);
#1145=ORIENTED_EDGE('',*,*,#1597,.F.);
#1146=ORIENTED_EDGE('',*,*,#1895,.F.);
#1147=ORIENTED_EDGE('',*,*,#1896,.T.);
#1148=ORIENTED_EDGE('',*,*,#1897,.F.);
#1149=ORIENTED_EDGE('',*,*,#1595,.F.);
#1150=ORIENTED_EDGE('',*,*,#1594,.T.);
#1151=ORIENTED_EDGE('',*,*,#1892,.T.);
#1152=ORIENTED_EDGE('',*,*,#1898,.T.);
#1153=ORIENTED_EDGE('',*,*,#1895,.T.);
#1154=ORIENTED_EDGE('',*,*,#1596,.T.);
#1155=ORIENTED_EDGE('',*,*,#1897,.T.);
#1156=ORIENTED_EDGE('',*,*,#1899,.T.);
#1157=ORIENTED_EDGE('',*,*,#1893,.T.);
#1158=ORIENTED_EDGE('',*,*,#1605,.T.);
#1159=ORIENTED_EDGE('',*,*,#1679,.T.);
#1160=ORIENTED_EDGE('',*,*,#1900,.F.);
#1161=ORIENTED_EDGE('',*,*,#1901,.F.);
#1162=ORIENTED_EDGE('',*,*,#1902,.F.);
#1163=ORIENTED_EDGE('',*,*,#1903,.T.);
#1164=ORIENTED_EDGE('',*,*,#1672,.F.);
#1165=ORIENTED_EDGE('',*,*,#1609,.F.);
#1166=ORIENTED_EDGE('',*,*,#1904,.F.);
#1167=ORIENTED_EDGE('',*,*,#1905,.T.);
#1168=ORIENTED_EDGE('',*,*,#1906,.F.);
#1169=ORIENTED_EDGE('',*,*,#1607,.F.);
#1170=ORIENTED_EDGE('',*,*,#1606,.T.);
#1171=ORIENTED_EDGE('',*,*,#1901,.T.);
#1172=ORIENTED_EDGE('',*,*,#1907,.T.);
#1173=ORIENTED_EDGE('',*,*,#1904,.T.);
#1174=ORIENTED_EDGE('',*,*,#1608,.T.);
#1175=ORIENTED_EDGE('',*,*,#1906,.T.);
#1176=ORIENTED_EDGE('',*,*,#1908,.T.);
#1177=ORIENTED_EDGE('',*,*,#1902,.T.);
#1178=ORIENTED_EDGE('',*,*,#1599,.T.);
#1179=ORIENTED_EDGE('',*,*,#1674,.T.);
#1180=ORIENTED_EDGE('',*,*,#1909,.F.);
#1181=ORIENTED_EDGE('',*,*,#1910,.F.);
#1182=ORIENTED_EDGE('',*,*,#1911,.F.);
#1183=ORIENTED_EDGE('',*,*,#1912,.T.);
#1184=ORIENTED_EDGE('',*,*,#1677,.F.);
#1185=ORIENTED_EDGE('',*,*,#1603,.F.);
#1186=ORIENTED_EDGE('',*,*,#1913,.F.);
#1187=ORIENTED_EDGE('',*,*,#1914,.T.);
#1188=ORIENTED_EDGE('',*,*,#1915,.F.);
#1189=ORIENTED_EDGE('',*,*,#1601,.F.);
#1190=ORIENTED_EDGE('',*,*,#1600,.T.);
#1191=ORIENTED_EDGE('',*,*,#1910,.T.);
#1192=ORIENTED_EDGE('',*,*,#1916,.T.);
#1193=ORIENTED_EDGE('',*,*,#1913,.T.);
#1194=ORIENTED_EDGE('',*,*,#1602,.T.);
#1195=ORIENTED_EDGE('',*,*,#1915,.T.);
#1196=ORIENTED_EDGE('',*,*,#1917,.T.);
#1197=ORIENTED_EDGE('',*,*,#1911,.T.);
#1198=ORIENTED_EDGE('',*,*,#1611,.T.);
#1199=ORIENTED_EDGE('',*,*,#1671,.T.);
#1200=ORIENTED_EDGE('',*,*,#1918,.F.);
#1201=ORIENTED_EDGE('',*,*,#1919,.F.);
#1202=ORIENTED_EDGE('',*,*,#1920,.F.);
#1203=ORIENTED_EDGE('',*,*,#1921,.T.);
#1204=ORIENTED_EDGE('',*,*,#1669,.F.);
#1205=ORIENTED_EDGE('',*,*,#1615,.F.);
#1206=ORIENTED_EDGE('',*,*,#1922,.F.);
#1207=ORIENTED_EDGE('',*,*,#1923,.T.);
#1208=ORIENTED_EDGE('',*,*,#1924,.F.);
#1209=ORIENTED_EDGE('',*,*,#1613,.F.);
#1210=ORIENTED_EDGE('',*,*,#1612,.T.);
#1211=ORIENTED_EDGE('',*,*,#1919,.T.);
#1212=ORIENTED_EDGE('',*,*,#1925,.T.);
#1213=ORIENTED_EDGE('',*,*,#1922,.T.);
#1214=ORIENTED_EDGE('',*,*,#1614,.T.);
#1215=ORIENTED_EDGE('',*,*,#1924,.T.);
#1216=ORIENTED_EDGE('',*,*,#1926,.T.);
#1217=ORIENTED_EDGE('',*,*,#1920,.T.);
#1218=ORIENTED_EDGE('',*,*,#1617,.T.);
#1219=ORIENTED_EDGE('',*,*,#1668,.T.);
#1220=ORIENTED_EDGE('',*,*,#1927,.F.);
#1221=ORIENTED_EDGE('',*,*,#1928,.F.);
#1222=ORIENTED_EDGE('',*,*,#1929,.F.);
#1223=ORIENTED_EDGE('',*,*,#1930,.T.);
#1224=ORIENTED_EDGE('',*,*,#1666,.F.);
#1225=ORIENTED_EDGE('',*,*,#1621,.F.);
#1226=ORIENTED_EDGE('',*,*,#1931,.F.);
#1227=ORIENTED_EDGE('',*,*,#1932,.T.);
#1228=ORIENTED_EDGE('',*,*,#1933,.F.);
#1229=ORIENTED_EDGE('',*,*,#1619,.F.);
#1230=ORIENTED_EDGE('',*,*,#1618,.T.);
#1231=ORIENTED_EDGE('',*,*,#1928,.T.);
#1232=ORIENTED_EDGE('',*,*,#1934,.T.);
#1233=ORIENTED_EDGE('',*,*,#1931,.T.);
#1234=ORIENTED_EDGE('',*,*,#1620,.T.);
#1235=ORIENTED_EDGE('',*,*,#1933,.T.);
#1236=ORIENTED_EDGE('',*,*,#1935,.T.);
#1237=ORIENTED_EDGE('',*,*,#1929,.T.);
#1238=ORIENTED_EDGE('',*,*,#1623,.T.);
#1239=ORIENTED_EDGE('',*,*,#1665,.T.);
#1240=ORIENTED_EDGE('',*,*,#1936,.F.);
#1241=ORIENTED_EDGE('',*,*,#1937,.F.);
#1242=ORIENTED_EDGE('',*,*,#1938,.F.);
#1243=ORIENTED_EDGE('',*,*,#1939,.T.);
#1244=ORIENTED_EDGE('',*,*,#1663,.F.);
#1245=ORIENTED_EDGE('',*,*,#1627,.F.);
#1246=ORIENTED_EDGE('',*,*,#1940,.F.);
#1247=ORIENTED_EDGE('',*,*,#1941,.T.);
#1248=ORIENTED_EDGE('',*,*,#1942,.F.);
#1249=ORIENTED_EDGE('',*,*,#1625,.F.);
#1250=ORIENTED_EDGE('',*,*,#1624,.T.);
#1251=ORIENTED_EDGE('',*,*,#1937,.T.);
#1252=ORIENTED_EDGE('',*,*,#1943,.T.);
#1253=ORIENTED_EDGE('',*,*,#1940,.T.);
#1254=ORIENTED_EDGE('',*,*,#1626,.T.);
#1255=ORIENTED_EDGE('',*,*,#1942,.T.);
#1256=ORIENTED_EDGE('',*,*,#1944,.T.);
#1257=ORIENTED_EDGE('',*,*,#1938,.T.);
#1258=ORIENTED_EDGE('',*,*,#1629,.T.);
#1259=ORIENTED_EDGE('',*,*,#1662,.T.);
#1260=ORIENTED_EDGE('',*,*,#1945,.F.);
#1261=ORIENTED_EDGE('',*,*,#1946,.F.);
#1262=ORIENTED_EDGE('',*,*,#1947,.F.);
#1263=ORIENTED_EDGE('',*,*,#1948,.T.);
#1264=ORIENTED_EDGE('',*,*,#1657,.F.);
#1265=ORIENTED_EDGE('',*,*,#1633,.F.);
#1266=ORIENTED_EDGE('',*,*,#1949,.F.);
#1267=ORIENTED_EDGE('',*,*,#1950,.T.);
#1268=ORIENTED_EDGE('',*,*,#1951,.F.);
#1269=ORIENTED_EDGE('',*,*,#1631,.F.);
#1270=ORIENTED_EDGE('',*,*,#1630,.T.);
#1271=ORIENTED_EDGE('',*,*,#1946,.T.);
#1272=ORIENTED_EDGE('',*,*,#1952,.T.);
#1273=ORIENTED_EDGE('',*,*,#1949,.T.);
#1274=ORIENTED_EDGE('',*,*,#1632,.T.);
#1275=ORIENTED_EDGE('',*,*,#1951,.T.);
#1276=ORIENTED_EDGE('',*,*,#1953,.T.);
#1277=ORIENTED_EDGE('',*,*,#1947,.T.);
#1278=ORIENTED_EDGE('',*,*,#1641,.T.);
#1279=ORIENTED_EDGE('',*,*,#1661,.T.);
#1280=ORIENTED_EDGE('',*,*,#1954,.F.);
#1281=ORIENTED_EDGE('',*,*,#1955,.F.);
#1282=ORIENTED_EDGE('',*,*,#1956,.F.);
#1283=ORIENTED_EDGE('',*,*,#1957,.T.);
#1284=ORIENTED_EDGE('',*,*,#1704,.F.);
#1285=ORIENTED_EDGE('',*,*,#1645,.F.);
#1286=ORIENTED_EDGE('',*,*,#1958,.F.);
#1287=ORIENTED_EDGE('',*,*,#1959,.T.);
#1288=ORIENTED_EDGE('',*,*,#1960,.F.);
#1289=ORIENTED_EDGE('',*,*,#1643,.F.);
#1290=ORIENTED_EDGE('',*,*,#1642,.T.);
#1291=ORIENTED_EDGE('',*,*,#1955,.T.);
#1292=ORIENTED_EDGE('',*,*,#1961,.T.);
#1293=ORIENTED_EDGE('',*,*,#1958,.T.);
#1294=ORIENTED_EDGE('',*,*,#1644,.T.);
#1295=ORIENTED_EDGE('',*,*,#1960,.T.);
#1296=ORIENTED_EDGE('',*,*,#1962,.T.);
#1297=ORIENTED_EDGE('',*,*,#1956,.T.);
#1298=ORIENTED_EDGE('',*,*,#1635,.T.);
#1299=ORIENTED_EDGE('',*,*,#1656,.T.);
#1300=ORIENTED_EDGE('',*,*,#1963,.F.);
#1301=ORIENTED_EDGE('',*,*,#1964,.F.);
#1302=ORIENTED_EDGE('',*,*,#1965,.F.);
#1303=ORIENTED_EDGE('',*,*,#1966,.T.);
#1304=ORIENTED_EDGE('',*,*,#1659,.F.);
#1305=ORIENTED_EDGE('',*,*,#1639,.F.);
#1306=ORIENTED_EDGE('',*,*,#1967,.F.);
#1307=ORIENTED_EDGE('',*,*,#1968,.T.);
#1308=ORIENTED_EDGE('',*,*,#1969,.F.);
#1309=ORIENTED_EDGE('',*,*,#1637,.F.);
#1310=ORIENTED_EDGE('',*,*,#1636,.T.);
#1311=ORIENTED_EDGE('',*,*,#1964,.T.);
#1312=ORIENTED_EDGE('',*,*,#1970,.T.);
#1313=ORIENTED_EDGE('',*,*,#1967,.T.);
#1314=ORIENTED_EDGE('',*,*,#1638,.T.);
#1315=ORIENTED_EDGE('',*,*,#1969,.T.);
#1316=ORIENTED_EDGE('',*,*,#1971,.T.);
#1317=ORIENTED_EDGE('',*,*,#1965,.T.);
#1318=ORIENTED_EDGE('',*,*,#1972,.F.);
#1319=ORIENTED_EDGE('',*,*,#1789,.F.);
#1320=ORIENTED_EDGE('',*,*,#1973,.F.);
#1321=ORIENTED_EDGE('',*,*,#1974,.T.);
#1322=ORIENTED_EDGE('',*,*,#1975,.F.);
#1323=ORIENTED_EDGE('',*,*,#1805,.F.);
#1324=ORIENTED_EDGE('',*,*,#1815,.F.);
#1325=ORIENTED_EDGE('',*,*,#1814,.T.);
#1326=ORIENTED_EDGE('',*,*,#1817,.F.);
#1327=ORIENTED_EDGE('',*,*,#1810,.T.);
#1328=ORIENTED_EDGE('',*,*,#1710,.T.);
#1329=ORIENTED_EDGE('',*,*,#1791,.F.);
#1330=ORIENTED_EDGE('',*,*,#1801,.F.);
#1331=ORIENTED_EDGE('',*,*,#1800,.T.);
#1332=ORIENTED_EDGE('',*,*,#1803,.F.);
#1333=ORIENTED_EDGE('',*,*,#1796,.T.);
#1334=ORIENTED_EDGE('',*,*,#1714,.T.);
#1335=ORIENTED_EDGE('',*,*,#1778,.F.);
#1336=ORIENTED_EDGE('',*,*,#1787,.F.);
#1337=ORIENTED_EDGE('',*,*,#1786,.T.);
#1338=ORIENTED_EDGE('',*,*,#1976,.T.);
#1339=ORIENTED_EDGE('',*,*,#1977,.F.);
#1340=ORIENTED_EDGE('',*,*,#1655,.F.);
#1341=ORIENTED_EDGE('',*,*,#1978,.T.);
#1342=ORIENTED_EDGE('',*,*,#1979,.F.);
#1343=ORIENTED_EDGE('',*,*,#1980,.F.);
#1344=ORIENTED_EDGE('',*,*,#1973,.T.);
#1345=ORIENTED_EDGE('',*,*,#1517,.T.);
#1346=ORIENTED_EDGE('',*,*,#1977,.T.);
#1347=ORIENTED_EDGE('',*,*,#1981,.T.);
#1348=ORIENTED_EDGE('',*,*,#1982,.F.);
#1349=ORIENTED_EDGE('',*,*,#1974,.F.);
#1350=ORIENTED_EDGE('',*,*,#1980,.T.);
#1351=ORIENTED_EDGE('',*,*,#1983,.F.);
#1352=ORIENTED_EDGE('',*,*,#1978,.F.);
#1353=ORIENTED_EDGE('',*,*,#1654,.T.);
#1354=ORIENTED_EDGE('',*,*,#1975,.T.);
#1355=ORIENTED_EDGE('',*,*,#1982,.T.);
#1356=ORIENTED_EDGE('',*,*,#1984,.F.);
#1357=ORIENTED_EDGE('',*,*,#1985,.T.);
#1358=ORIENTED_EDGE('',*,*,#1972,.T.);
#1359=ORIENTED_EDGE('',*,*,#1986,.F.);
#1360=ORIENTED_EDGE('',*,*,#1984,.T.);
#1361=ORIENTED_EDGE('',*,*,#1976,.F.);
#1362=ORIENTED_EDGE('',*,*,#1983,.T.);
#1363=ORIENTED_EDGE('',*,*,#1981,.F.);
#1364=ORIENTED_EDGE('',*,*,#1979,.T.);
#1365=ORIENTED_EDGE('',*,*,#1986,.T.);
#1366=ORIENTED_EDGE('',*,*,#1985,.F.);
#1367=ORIENTED_EDGE('',*,*,#1970,.F.);
#1368=ORIENTED_EDGE('',*,*,#1963,.T.);
#1369=ORIENTED_EDGE('',*,*,#1658,.F.);
#1370=ORIENTED_EDGE('',*,*,#1948,.F.);
#1371=ORIENTED_EDGE('',*,*,#1953,.F.);
#1372=ORIENTED_EDGE('',*,*,#1950,.F.);
#1373=ORIENTED_EDGE('',*,*,#1952,.F.);
#1374=ORIENTED_EDGE('',*,*,#1945,.T.);
#1375=ORIENTED_EDGE('',*,*,#1664,.F.);
#1376=ORIENTED_EDGE('',*,*,#1939,.F.);
#1377=ORIENTED_EDGE('',*,*,#1944,.F.);
#1378=ORIENTED_EDGE('',*,*,#1941,.F.);
#1379=ORIENTED_EDGE('',*,*,#1943,.F.);
#1380=ORIENTED_EDGE('',*,*,#1936,.T.);
#1381=ORIENTED_EDGE('',*,*,#1667,.F.);
#1382=ORIENTED_EDGE('',*,*,#1930,.F.);
#1383=ORIENTED_EDGE('',*,*,#1935,.F.);
#1384=ORIENTED_EDGE('',*,*,#1932,.F.);
#1385=ORIENTED_EDGE('',*,*,#1934,.F.);
#1386=ORIENTED_EDGE('',*,*,#1927,.T.);
#1387=ORIENTED_EDGE('',*,*,#1670,.F.);
#1388=ORIENTED_EDGE('',*,*,#1921,.F.);
#1389=ORIENTED_EDGE('',*,*,#1926,.F.);
#1390=ORIENTED_EDGE('',*,*,#1923,.F.);
#1391=ORIENTED_EDGE('',*,*,#1925,.F.);
#1392=ORIENTED_EDGE('',*,*,#1918,.T.);
#1393=ORIENTED_EDGE('',*,*,#1673,.F.);
#1394=ORIENTED_EDGE('',*,*,#1903,.F.);
#1395=ORIENTED_EDGE('',*,*,#1908,.F.);
#1396=ORIENTED_EDGE('',*,*,#1905,.F.);
#1397=ORIENTED_EDGE('',*,*,#1907,.F.);
#1398=ORIENTED_EDGE('',*,*,#1900,.T.);
#1399=ORIENTED_EDGE('',*,*,#1678,.F.);
#1400=ORIENTED_EDGE('',*,*,#1912,.F.);
#1401=ORIENTED_EDGE('',*,*,#1917,.F.);
#1402=ORIENTED_EDGE('',*,*,#1914,.F.);
#1403=ORIENTED_EDGE('',*,*,#1916,.F.);
#1404=ORIENTED_EDGE('',*,*,#1909,.T.);
#1405=ORIENTED_EDGE('',*,*,#1676,.F.);
#1406=ORIENTED_EDGE('',*,*,#1894,.F.);
#1407=ORIENTED_EDGE('',*,*,#1899,.F.);
#1408=ORIENTED_EDGE('',*,*,#1896,.F.);
#1409=ORIENTED_EDGE('',*,*,#1898,.F.);
#1410=ORIENTED_EDGE('',*,*,#1891,.T.);
#1411=ORIENTED_EDGE('',*,*,#1682,.F.);
#1412=ORIENTED_EDGE('',*,*,#1885,.F.);
#1413=ORIENTED_EDGE('',*,*,#1890,.F.);
#1414=ORIENTED_EDGE('',*,*,#1887,.F.);
#1415=ORIENTED_EDGE('',*,*,#1889,.F.);
#1416=ORIENTED_EDGE('',*,*,#1882,.T.);
#1417=ORIENTED_EDGE('',*,*,#1685,.F.);
#1418=ORIENTED_EDGE('',*,*,#1876,.F.);
#1419=ORIENTED_EDGE('',*,*,#1881,.F.);
#1420=ORIENTED_EDGE('',*,*,#1878,.F.);
#1421=ORIENTED_EDGE('',*,*,#1880,.F.);
#1422=ORIENTED_EDGE('',*,*,#1873,.T.);
#1423=ORIENTED_EDGE('',*,*,#1688,.F.);
#1424=ORIENTED_EDGE('',*,*,#1867,.F.);
#1425=ORIENTED_EDGE('',*,*,#1872,.F.);
#1426=ORIENTED_EDGE('',*,*,#1869,.F.);
#1427=ORIENTED_EDGE('',*,*,#1871,.F.);
#1428=ORIENTED_EDGE('',*,*,#1864,.T.);
#1429=ORIENTED_EDGE('',*,*,#1691,.F.);
#1430=ORIENTED_EDGE('',*,*,#1840,.F.);
#1431=ORIENTED_EDGE('',*,*,#1845,.F.);
#1432=ORIENTED_EDGE('',*,*,#1842,.F.);
#1433=ORIENTED_EDGE('',*,*,#1844,.F.);
#1434=ORIENTED_EDGE('',*,*,#1837,.T.);
#1435=ORIENTED_EDGE('',*,*,#1700,.F.);
#1436=ORIENTED_EDGE('',*,*,#1831,.F.);
#1437=ORIENTED_EDGE('',*,*,#1836,.F.);
#1438=ORIENTED_EDGE('',*,*,#1833,.F.);
#1439=ORIENTED_EDGE('',*,*,#1835,.F.);
#1440=ORIENTED_EDGE('',*,*,#1828,.T.);
#1441=ORIENTED_EDGE('',*,*,#1702,.F.);
#1442=ORIENTED_EDGE('',*,*,#1849,.F.);
#1443=ORIENTED_EDGE('',*,*,#1854,.F.);
#1444=ORIENTED_EDGE('',*,*,#1851,.F.);
#1445=ORIENTED_EDGE('',*,*,#1853,.F.);
#1446=ORIENTED_EDGE('',*,*,#1846,.T.);
#1447=ORIENTED_EDGE('',*,*,#1696,.F.);
#1448=ORIENTED_EDGE('',*,*,#1858,.F.);
#1449=ORIENTED_EDGE('',*,*,#1863,.F.);
#1450=ORIENTED_EDGE('',*,*,#1860,.F.);
#1451=ORIENTED_EDGE('',*,*,#1862,.F.);
#1452=ORIENTED_EDGE('',*,*,#1855,.T.);
#1453=ORIENTED_EDGE('',*,*,#1694,.F.);
#1454=ORIENTED_EDGE('',*,*,#1736,.F.);
#1455=ORIENTED_EDGE('',*,*,#1741,.F.);
#1456=ORIENTED_EDGE('',*,*,#1738,.F.);
#1457=ORIENTED_EDGE('',*,*,#1740,.F.);
#1458=ORIENTED_EDGE('',*,*,#1733,.T.);
#1459=ORIENTED_EDGE('',*,*,#1731,.F.);
#1460=ORIENTED_EDGE('',*,*,#1772,.F.);
#1461=ORIENTED_EDGE('',*,*,#1777,.F.);
#1462=ORIENTED_EDGE('',*,*,#1774,.F.);
#1463=ORIENTED_EDGE('',*,*,#1776,.F.);
#1464=ORIENTED_EDGE('',*,*,#1769,.T.);
#1465=ORIENTED_EDGE('',*,*,#1720,.F.);
#1466=ORIENTED_EDGE('',*,*,#1763,.F.);
#1467=ORIENTED_EDGE('',*,*,#1768,.F.);
#1468=ORIENTED_EDGE('',*,*,#1765,.F.);
#1469=ORIENTED_EDGE('',*,*,#1767,.F.);
#1470=ORIENTED_EDGE('',*,*,#1760,.T.);
#1471=ORIENTED_EDGE('',*,*,#1723,.F.);
#1472=ORIENTED_EDGE('',*,*,#1745,.F.);
#1473=ORIENTED_EDGE('',*,*,#1750,.F.);
#1474=ORIENTED_EDGE('',*,*,#1747,.F.);
#1475=ORIENTED_EDGE('',*,*,#1749,.F.);
#1476=ORIENTED_EDGE('',*,*,#1742,.T.);
#1477=ORIENTED_EDGE('',*,*,#1728,.F.);
#1478=ORIENTED_EDGE('',*,*,#1754,.F.);
#1479=ORIENTED_EDGE('',*,*,#1759,.F.);
#1480=ORIENTED_EDGE('',*,*,#1756,.F.);
#1481=ORIENTED_EDGE('',*,*,#1758,.F.);
#1482=ORIENTED_EDGE('',*,*,#1751,.T.);
#1483=ORIENTED_EDGE('',*,*,#1725,.F.);
#1484=ORIENTED_EDGE('',*,*,#1782,.F.);
#1485=ORIENTED_EDGE('',*,*,#1790,.F.);
#1486=ORIENTED_EDGE('',*,*,#1784,.F.);
#1487=ORIENTED_EDGE('',*,*,#1788,.F.);
#1488=ORIENTED_EDGE('',*,*,#1779,.T.);
#1489=ORIENTED_EDGE('',*,*,#1716,.F.);
#1490=ORIENTED_EDGE('',*,*,#1795,.F.);
#1491=ORIENTED_EDGE('',*,*,#1804,.F.);
#1492=ORIENTED_EDGE('',*,*,#1798,.F.);
#1493=ORIENTED_EDGE('',*,*,#1802,.F.);
#1494=ORIENTED_EDGE('',*,*,#1792,.T.);
#1495=ORIENTED_EDGE('',*,*,#1712,.F.);
#1496=ORIENTED_EDGE('',*,*,#1809,.F.);
#1497=ORIENTED_EDGE('',*,*,#1818,.F.);
#1498=ORIENTED_EDGE('',*,*,#1812,.F.);
#1499=ORIENTED_EDGE('',*,*,#1816,.F.);
#1500=ORIENTED_EDGE('',*,*,#1806,.T.);
#1501=ORIENTED_EDGE('',*,*,#1708,.F.);
#1502=ORIENTED_EDGE('',*,*,#1822,.F.);
#1503=ORIENTED_EDGE('',*,*,#1827,.F.);
#1504=ORIENTED_EDGE('',*,*,#1824,.F.);
#1505=ORIENTED_EDGE('',*,*,#1826,.F.);
#1506=ORIENTED_EDGE('',*,*,#1819,.T.);
#1507=ORIENTED_EDGE('',*,*,#1705,.F.);
#1508=ORIENTED_EDGE('',*,*,#1957,.F.);
#1509=ORIENTED_EDGE('',*,*,#1962,.F.);
#1510=ORIENTED_EDGE('',*,*,#1959,.F.);
#1511=ORIENTED_EDGE('',*,*,#1961,.F.);
#1512=ORIENTED_EDGE('',*,*,#1954,.T.);
#1513=ORIENTED_EDGE('',*,*,#1660,.F.);
#1514=ORIENTED_EDGE('',*,*,#1966,.F.);
#1515=ORIENTED_EDGE('',*,*,#1971,.F.);
#1516=ORIENTED_EDGE('',*,*,#1968,.F.);
#1517=EDGE_CURVE('',#1987,#1988,#2301,.T.);
#1518=EDGE_CURVE('',#1989,#1987,#2302,.T.);
#1519=EDGE_CURVE('',#1989,#1990,#476,.T.);
#1520=EDGE_CURVE('',#1990,#1991,#2303,.T.);
#1521=EDGE_CURVE('',#1992,#1991,#477,.T.);
#1522=EDGE_CURVE('',#1993,#1992,#2304,.T.);
#1523=EDGE_CURVE('',#1993,#1994,#2305,.T.);
#1524=EDGE_CURVE('',#1995,#1994,#2306,.T.);
#1525=EDGE_CURVE('',#1995,#1996,#478,.T.);
#1526=EDGE_CURVE('',#1996,#1997,#2307,.T.);
#1527=EDGE_CURVE('',#1998,#1997,#479,.T.);
#1528=EDGE_CURVE('',#1999,#1998,#2308,.T.);
#1529=EDGE_CURVE('',#1999,#2000,#2309,.T.);
#1530=EDGE_CURVE('',#2001,#2000,#2310,.T.);
#1531=EDGE_CURVE('',#2001,#2002,#480,.T.);
#1532=EDGE_CURVE('',#2002,#2003,#2311,.T.);
#1533=EDGE_CURVE('',#2004,#2003,#481,.T.);
#1534=EDGE_CURVE('',#2005,#2004,#2312,.T.);
#1535=EDGE_CURVE('',#2005,#2006,#2313,.T.);
#1536=EDGE_CURVE('',#2007,#2006,#2314,.T.);
#1537=EDGE_CURVE('',#2007,#2008,#482,.T.);
#1538=EDGE_CURVE('',#2008,#2009,#2315,.T.);
#1539=EDGE_CURVE('',#2010,#2009,#483,.T.);
#1540=EDGE_CURVE('',#2011,#2010,#2316,.T.);
#1541=EDGE_CURVE('',#2011,#2012,#2317,.T.);
#1542=EDGE_CURVE('',#2013,#2012,#2318,.T.);
#1543=EDGE_CURVE('',#2013,#2014,#484,.T.);
#1544=EDGE_CURVE('',#2014,#2015,#2319,.T.);
#1545=EDGE_CURVE('',#2016,#2015,#485,.T.);
#1546=EDGE_CURVE('',#2017,#2016,#2320,.T.);
#1547=EDGE_CURVE('',#2017,#2018,#2321,.T.);
#1548=EDGE_CURVE('',#2019,#2018,#2322,.T.);
#1549=EDGE_CURVE('',#2019,#2020,#486,.T.);
#1550=EDGE_CURVE('',#2020,#2021,#2323,.T.);
#1551=EDGE_CURVE('',#2022,#2021,#487,.T.);
#1552=EDGE_CURVE('',#2023,#2022,#2324,.T.);
#1553=EDGE_CURVE('',#2023,#2024,#2325,.T.);
#1554=EDGE_CURVE('',#2025,#2024,#2326,.T.);
#1555=EDGE_CURVE('',#2025,#2026,#488,.T.);
#1556=EDGE_CURVE('',#2026,#2027,#2327,.T.);
#1557=EDGE_CURVE('',#2028,#2027,#489,.T.);
#1558=EDGE_CURVE('',#2029,#2028,#2328,.T.);
#1559=EDGE_CURVE('',#2029,#2030,#2329,.T.);
#1560=EDGE_CURVE('',#2031,#2030,#2330,.T.);
#1561=EDGE_CURVE('',#2031,#2032,#490,.T.);
#1562=EDGE_CURVE('',#2032,#2033,#2331,.T.);
#1563=EDGE_CURVE('',#2034,#2033,#491,.T.);
#1564=EDGE_CURVE('',#2035,#2034,#2332,.T.);
#1565=EDGE_CURVE('',#2035,#2036,#2333,.T.);
#1566=EDGE_CURVE('',#2037,#2036,#2334,.T.);
#1567=EDGE_CURVE('',#2037,#2038,#492,.T.);
#1568=EDGE_CURVE('',#2038,#2039,#2335,.T.);
#1569=EDGE_CURVE('',#2040,#2039,#493,.T.);
#1570=EDGE_CURVE('',#2041,#2040,#2336,.T.);
#1571=EDGE_CURVE('',#2041,#2042,#2337,.T.);
#1572=EDGE_CURVE('',#2043,#2042,#2338,.T.);
#1573=EDGE_CURVE('',#2043,#2044,#494,.T.);
#1574=EDGE_CURVE('',#2044,#2045,#2339,.T.);
#1575=EDGE_CURVE('',#2046,#2045,#495,.T.);
#1576=EDGE_CURVE('',#2047,#2046,#2340,.T.);
#1577=EDGE_CURVE('',#2047,#2048,#2341,.T.);
#1578=EDGE_CURVE('',#2049,#2048,#2342,.T.);
#1579=EDGE_CURVE('',#2049,#2050,#496,.T.);
#1580=EDGE_CURVE('',#2050,#2051,#2343,.T.);
#1581=EDGE_CURVE('',#2052,#2051,#497,.T.);
#1582=EDGE_CURVE('',#2053,#2052,#2344,.T.);
#1583=EDGE_CURVE('',#2053,#2054,#2345,.T.);
#1584=EDGE_CURVE('',#2055,#2054,#2346,.T.);
#1585=EDGE_CURVE('',#2055,#2056,#498,.T.);
#1586=EDGE_CURVE('',#2056,#2057,#2347,.T.);
#1587=EDGE_CURVE('',#2058,#2057,#499,.T.);
#1588=EDGE_CURVE('',#2059,#2058,#2348,.T.);
#1589=EDGE_CURVE('',#2059,#2060,#2349,.T.);
#1590=EDGE_CURVE('',#2061,#2060,#2350,.T.);
#1591=EDGE_CURVE('',#2061,#2062,#500,.T.);
#1592=EDGE_CURVE('',#2062,#2063,#2351,.T.);
#1593=EDGE_CURVE('',#2064,#2063,#501,.T.);
#1594=EDGE_CURVE('',#2065,#2064,#2352,.T.);
#1595=EDGE_CURVE('',#2065,#2066,#2353,.T.);
#1596=EDGE_CURVE('',#2067,#2066,#2354,.T.);
#1597=EDGE_CURVE('',#2067,#2068,#502,.T.);
#1598=EDGE_CURVE('',#2068,#2069,#2355,.T.);
#1599=EDGE_CURVE('',#2070,#2069,#503,.T.);
#1600=EDGE_CURVE('',#2071,#2070,#2356,.T.);
#1601=EDGE_CURVE('',#2071,#2072,#2357,.T.);
#1602=EDGE_CURVE('',#2073,#2072,#2358,.T.);
#1603=EDGE_CURVE('',#2073,#2074,#504,.T.);
#1604=EDGE_CURVE('',#2074,#2075,#2359,.T.);
#1605=EDGE_CURVE('',#2076,#2075,#505,.T.);
#1606=EDGE_CURVE('',#2077,#2076,#2360,.T.);
#1607=EDGE_CURVE('',#2077,#2078,#2361,.T.);
#1608=EDGE_CURVE('',#2079,#2078,#2362,.T.);
#1609=EDGE_CURVE('',#2079,#2080,#506,.T.);
#1610=EDGE_CURVE('',#2080,#2081,#2363,.T.);
#1611=EDGE_CURVE('',#2082,#2081,#507,.T.);
#1612=EDGE_CURVE('',#2083,#2082,#2364,.T.);
#1613=EDGE_CURVE('',#2083,#2084,#2365,.T.);
#1614=EDGE_CURVE('',#2085,#2084,#2366,.T.);
#1615=EDGE_CURVE('',#2085,#2086,#508,.T.);
#1616=EDGE_CURVE('',#2086,#2087,#2367,.T.);
#1617=EDGE_CURVE('',#2088,#2087,#509,.T.);
#1618=EDGE_CURVE('',#2089,#2088,#2368,.T.);
#1619=EDGE_CURVE('',#2089,#2090,#2369,.T.);
#1620=EDGE_CURVE('',#2091,#2090,#2370,.T.);
#1621=EDGE_CURVE('',#2091,#2092,#510,.T.);
#1622=EDGE_CURVE('',#2092,#2093,#2371,.T.);
#1623=EDGE_CURVE('',#2094,#2093,#511,.T.);
#1624=EDGE_CURVE('',#2095,#2094,#2372,.T.);
#1625=EDGE_CURVE('',#2095,#2096,#2373,.T.);
#1626=EDGE_CURVE('',#2097,#2096,#2374,.T.);
#1627=EDGE_CURVE('',#2097,#2098,#512,.T.);
#1628=EDGE_CURVE('',#2098,#2099,#2375,.T.);
#1629=EDGE_CURVE('',#2100,#2099,#513,.T.);
#1630=EDGE_CURVE('',#2101,#2100,#2376,.T.);
#1631=EDGE_CURVE('',#2101,#2102,#2377,.T.);
#1632=EDGE_CURVE('',#2103,#2102,#2378,.T.);
#1633=EDGE_CURVE('',#2103,#2104,#514,.T.);
#1634=EDGE_CURVE('',#2104,#2105,#2379,.T.);
#1635=EDGE_CURVE('',#2106,#2105,#515,.T.);
#1636=EDGE_CURVE('',#2107,#2106,#2380,.T.);
#1637=EDGE_CURVE('',#2107,#2108,#2381,.T.);
#1638=EDGE_CURVE('',#2109,#2108,#2382,.T.);
#1639=EDGE_CURVE('',#2109,#2110,#516,.T.);
#1640=EDGE_CURVE('',#2110,#2111,#2383,.T.);
#1641=EDGE_CURVE('',#2112,#2111,#517,.T.);
#1642=EDGE_CURVE('',#2113,#2112,#2384,.T.);
#1643=EDGE_CURVE('',#2113,#2114,#2385,.T.);
#1644=EDGE_CURVE('',#2115,#2114,#2386,.T.);
#1645=EDGE_CURVE('',#2115,#2116,#518,.T.);
#1646=EDGE_CURVE('',#2116,#2117,#2387,.T.);
#1647=EDGE_CURVE('',#2118,#2117,#519,.T.);
#1648=EDGE_CURVE('',#2119,#2118,#2388,.T.);
#1649=EDGE_CURVE('',#2119,#2120,#2389,.T.);
#1650=EDGE_CURVE('',#2121,#2120,#2390,.T.);
#1651=EDGE_CURVE('',#2121,#2122,#520,.T.);
#1652=EDGE_CURVE('',#2122,#2123,#2391,.T.);
#1653=EDGE_CURVE('',#2124,#2123,#521,.T.);
#1654=EDGE_CURVE('',#2125,#2124,#2392,.T.);
#1655=EDGE_CURVE('',#2125,#1988,#2393,.T.);
#1656=EDGE_CURVE('',#2105,#2126,#62,.T.);
#1657=EDGE_CURVE('',#2104,#2127,#63,.T.);
#1658=EDGE_CURVE('',#2127,#2126,#2394,.T.);
#1659=EDGE_CURVE('',#2110,#2128,#64,.T.);
#1660=EDGE_CURVE('',#2128,#2129,#2395,.T.);
#1661=EDGE_CURVE('',#2111,#2129,#65,.T.);
#1662=EDGE_CURVE('',#2099,#2130,#66,.T.);
#1663=EDGE_CURVE('',#2098,#2131,#67,.T.);
#1664=EDGE_CURVE('',#2131,#2130,#2396,.T.);
#1665=EDGE_CURVE('',#2093,#2132,#68,.T.);
#1666=EDGE_CURVE('',#2092,#2133,#69,.T.);
#1667=EDGE_CURVE('',#2133,#2132,#2397,.T.);
#1668=EDGE_CURVE('',#2087,#2134,#70,.T.);
#1669=EDGE_CURVE('',#2086,#2135,#71,.T.);
#1670=EDGE_CURVE('',#2135,#2134,#2398,.T.);
#1671=EDGE_CURVE('',#2081,#2136,#72,.T.);
#1672=EDGE_CURVE('',#2080,#2137,#73,.T.);
#1673=EDGE_CURVE('',#2137,#2136,#2399,.T.);
#1674=EDGE_CURVE('',#2069,#2138,#74,.T.);
#1675=EDGE_CURVE('',#2068,#2139,#75,.T.);
#1676=EDGE_CURVE('',#2139,#2138,#2400,.T.);
#1677=EDGE_CURVE('',#2074,#2140,#76,.T.);
#1678=EDGE_CURVE('',#2140,#2141,#2401,.T.);
#1679=EDGE_CURVE('',#2075,#2141,#77,.T.);
#1680=EDGE_CURVE('',#2063,#2142,#78,.T.);
#1681=EDGE_CURVE('',#2062,#2143,#79,.T.);
#1682=EDGE_CURVE('',#2143,#2142,#2402,.T.);
#1683=EDGE_CURVE('',#2057,#2144,#80,.T.);
#1684=EDGE_CURVE('',#2056,#2145,#81,.T.);
#1685=EDGE_CURVE('',#2145,#2144,#2403,.T.);
#1686=EDGE_CURVE('',#2051,#2146,#82,.T.);
#1687=EDGE_CURVE('',#2050,#2147,#83,.T.);
#1688=EDGE_CURVE('',#2147,#2146,#2404,.T.);
#1689=EDGE_CURVE('',#2045,#2148,#84,.T.);
#1690=EDGE_CURVE('',#2044,#2149,#85,.T.);
#1691=EDGE_CURVE('',#2149,#2148,#2405,.T.);
#1692=EDGE_CURVE('',#2021,#2150,#86,.T.);
#1693=EDGE_CURVE('',#2020,#2151,#87,.T.);
#1694=EDGE_CURVE('',#2151,#2150,#2406,.T.);
#1695=EDGE_CURVE('',#2026,#2152,#88,.T.);
#1696=EDGE_CURVE('',#2152,#2153,#2407,.T.);
#1697=EDGE_CURVE('',#2027,#2153,#89,.T.);
#1698=EDGE_CURVE('',#2039,#2154,#90,.T.);
#1699=EDGE_CURVE('',#2038,#2155,#91,.T.);
#1700=EDGE_CURVE('',#2155,#2154,#2408,.T.);
#1701=EDGE_CURVE('',#2032,#2156,#92,.T.);
#1702=EDGE_CURVE('',#2156,#2157,#2409,.T.);
#1703=EDGE_CURVE('',#2033,#2157,#93,.T.);
#1704=EDGE_CURVE('',#2116,#2158,#94,.T.);
#1705=EDGE_CURVE('',#2158,#2159,#2410,.T.);
#1706=EDGE_CURVE('',#2117,#2159,#95,.T.);
#1707=EDGE_CURVE('',#2122,#2160,#96,.T.);
#1708=EDGE_CURVE('',#2160,#2161,#2411,.T.);
#1709=EDGE_CURVE('',#2123,#2161,#97,.T.);
#1710=EDGE_CURVE('',#2162,#2163,#2412,.T.);
#1711=EDGE_CURVE('',#2162,#2164,#98,.T.);
#1712=EDGE_CURVE('',#2164,#2165,#2413,.T.);
#1713=EDGE_CURVE('',#2163,#2165,#99,.T.);
#1714=EDGE_CURVE('',#2166,#2167,#2414,.T.);
#1715=EDGE_CURVE('',#2166,#2168,#100,.T.);
#1716=EDGE_CURVE('',#2168,#2169,#2415,.T.);
#1717=EDGE_CURVE('',#2167,#2169,#101,.T.);
#1718=EDGE_CURVE('',#2009,#2170,#102,.T.);
#1719=EDGE_CURVE('',#2008,#2171,#103,.T.);
#1720=EDGE_CURVE('',#2171,#2170,#2416,.T.);
#1721=EDGE_CURVE('',#2003,#2172,#104,.T.);
#1722=EDGE_CURVE('',#2002,#2173,#105,.T.);
#1723=EDGE_CURVE('',#2173,#2172,#2417,.T.);
#1724=EDGE_CURVE('',#1990,#2174,#106,.T.);
#1725=EDGE_CURVE('',#2174,#2175,#2418,.T.);
#1726=EDGE_CURVE('',#1991,#2175,#107,.T.);
#1727=EDGE_CURVE('',#1996,#2176,#108,.T.);
#1728=EDGE_CURVE('',#2176,#2177,#2419,.T.);
#1729=EDGE_CURVE('',#1997,#2177,#109,.T.);
#1730=EDGE_CURVE('',#2014,#2178,#110,.T.);
#1731=EDGE_CURVE('',#2178,#2179,#2420,.T.);
#1732=EDGE_CURVE('',#2015,#2179,#111,.T.);
#1733=EDGE_CURVE('',#2180,#2179,#522,.T.);
#1734=EDGE_CURVE('',#2016,#2180,#112,.T.);
#1735=EDGE_CURVE('',#2181,#2019,#113,.F.);
#1736=EDGE_CURVE('',#2181,#2151,#523,.T.);
#1737=EDGE_CURVE('',#2182,#2017,#114,.F.);
#1738=EDGE_CURVE('',#2182,#2183,#2421,.T.);
#1739=EDGE_CURVE('',#2018,#2183,#115,.T.);
#1740=EDGE_CURVE('',#2180,#2182,#2422,.F.);
#1741=EDGE_CURVE('',#2183,#2181,#2423,.F.);
#1742=EDGE_CURVE('',#2184,#2177,#524,.T.);
#1743=EDGE_CURVE('',#1998,#2184,#116,.T.);
#1744=EDGE_CURVE('',#2185,#2001,#117,.F.);
#1745=EDGE_CURVE('',#2185,#2173,#525,.T.);
#1746=EDGE_CURVE('',#2186,#1999,#118,.F.);
#1747=EDGE_CURVE('',#2186,#2187,#2424,.T.);
#1748=EDGE_CURVE('',#2000,#2187,#119,.T.);
#1749=EDGE_CURVE('',#2184,#2186,#2425,.F.);
#1750=EDGE_CURVE('',#2187,#2185,#2426,.F.);
#1751=EDGE_CURVE('',#2188,#2175,#526,.T.);
#1752=EDGE_CURVE('',#1992,#2188,#120,.T.);
#1753=EDGE_CURVE('',#2189,#1995,#121,.F.);
#1754=EDGE_CURVE('',#2189,#2176,#527,.T.);
#1755=EDGE_CURVE('',#2190,#1993,#122,.F.);
#1756=EDGE_CURVE('',#2190,#2191,#2427,.T.);
#1757=EDGE_CURVE('',#1994,#2191,#123,.T.);
#1758=EDGE_CURVE('',#2188,#2190,#2428,.F.);
#1759=EDGE_CURVE('',#2191,#2189,#2429,.F.);
#1760=EDGE_CURVE('',#2192,#2172,#528,.T.);
#1761=EDGE_CURVE('',#2004,#2192,#124,.T.);
#1762=EDGE_CURVE('',#2193,#2007,#125,.F.);
#1763=EDGE_CURVE('',#2193,#2171,#529,.T.);
#1764=EDGE_CURVE('',#2194,#2005,#126,.F.);
#1765=EDGE_CURVE('',#2194,#2195,#2430,.T.);
#1766=EDGE_CURVE('',#2006,#2195,#127,.T.);
#1767=EDGE_CURVE('',#2192,#2194,#2431,.F.);
#1768=EDGE_CURVE('',#2195,#2193,#2432,.F.);
#1769=EDGE_CURVE('',#2196,#2170,#530,.T.);
#1770=EDGE_CURVE('',#2010,#2196,#128,.T.);
#1771=EDGE_CURVE('',#2197,#2013,#129,.F.);
#1772=EDGE_CURVE('',#2197,#2178,#531,.T.);
#1773=EDGE_CURVE('',#2198,#2011,#130,.F.);
#1774=EDGE_CURVE('',#2198,#2199,#2433,.T.);
#1775=EDGE_CURVE('',#2012,#2199,#131,.T.);
#1776=EDGE_CURVE('',#2196,#2198,#2434,.F.);
#1777=EDGE_CURVE('',#2199,#2197,#2435,.F.);
#1778=EDGE_CURVE('',#2200,#2167,#532,.T.);
#1779=EDGE_CURVE('',#2201,#2169,#533,.T.);
#1780=EDGE_CURVE('',#2200,#2201,#132,.T.);
#1781=EDGE_CURVE('',#2202,#1989,#133,.F.);
#1782=EDGE_CURVE('',#2202,#2174,#534,.T.);
#1783=EDGE_CURVE('',#2203,#2204,#134,.F.);
#1784=EDGE_CURVE('',#2203,#2205,#2436,.T.);
#1785=EDGE_CURVE('',#2206,#2205,#135,.T.);
#1786=EDGE_CURVE('',#2204,#2206,#2437,.T.);
#1787=EDGE_CURVE('',#2204,#2200,#2438,.T.);
#1788=EDGE_CURVE('',#2201,#2203,#2439,.F.);
#1789=EDGE_CURVE('',#1987,#2206,#2440,.T.);
#1790=EDGE_CURVE('',#2205,#2202,#2441,.F.);
#1791=EDGE_CURVE('',#2207,#2163,#535,.T.);
#1792=EDGE_CURVE('',#2208,#2165,#536,.T.);
#1793=EDGE_CURVE('',#2207,#2208,#136,.T.);
#1794=EDGE_CURVE('',#2209,#2210,#137,.F.);
#1795=EDGE_CURVE('',#2209,#2168,#537,.T.);
#1796=EDGE_CURVE('',#2210,#2166,#538,.T.);
#1797=EDGE_CURVE('',#2211,#2212,#138,.F.);
#1798=EDGE_CURVE('',#2211,#2213,#2442,.T.);
#1799=EDGE_CURVE('',#2214,#2213,#139,.T.);
#1800=EDGE_CURVE('',#2212,#2214,#2443,.T.);
#1801=EDGE_CURVE('',#2212,#2207,#2444,.T.);
#1802=EDGE_CURVE('',#2208,#2211,#2445,.F.);
#1803=EDGE_CURVE('',#2210,#2214,#2446,.T.);
#1804=EDGE_CURVE('',#2213,#2209,#2447,.F.);
#1805=EDGE_CURVE('',#2215,#2124,#539,.T.);
#1806=EDGE_CURVE('',#2216,#2161,#540,.T.);
#1807=EDGE_CURVE('',#2215,#2216,#140,.T.);
#1808=EDGE_CURVE('',#2217,#2218,#141,.F.);
#1809=EDGE_CURVE('',#2217,#2164,#541,.T.);
#1810=EDGE_CURVE('',#2218,#2162,#542,.T.);
#1811=EDGE_CURVE('',#2219,#2220,#142,.F.);
#1812=EDGE_CURVE('',#2219,#2221,#2448,.T.);
#1813=EDGE_CURVE('',#2222,#2221,#143,.T.);
#1814=EDGE_CURVE('',#2220,#2222,#2449,.T.);
#1815=EDGE_CURVE('',#2220,#2215,#2450,.T.);
#1816=EDGE_CURVE('',#2216,#2219,#2451,.F.);
#1817=EDGE_CURVE('',#2218,#2222,#2452,.T.);
#1818=EDGE_CURVE('',#2221,#2217,#2453,.F.);
#1819=EDGE_CURVE('',#2223,#2159,#543,.T.);
#1820=EDGE_CURVE('',#2118,#2223,#144,.T.);
#1821=EDGE_CURVE('',#2224,#2121,#145,.F.);
#1822=EDGE_CURVE('',#2224,#2160,#544,.T.);
#1823=EDGE_CURVE('',#2225,#2119,#146,.F.);
#1824=EDGE_CURVE('',#2225,#2226,#2454,.T.);
#1825=EDGE_CURVE('',#2120,#2226,#147,.T.);
#1826=EDGE_CURVE('',#2223,#2225,#2455,.F.);
#1827=EDGE_CURVE('',#2226,#2224,#2456,.F.);
#1828=EDGE_CURVE('',#2227,#2157,#545,.T.);
#1829=EDGE_CURVE('',#2034,#2227,#148,.T.);
#1830=EDGE_CURVE('',#2228,#2037,#149,.F.);
#1831=EDGE_CURVE('',#2228,#2155,#546,.T.);
#1832=EDGE_CURVE('',#2229,#2035,#150,.F.);
#1833=EDGE_CURVE('',#2229,#2230,#2457,.T.);
#1834=EDGE_CURVE('',#2036,#2230,#151,.T.);
#1835=EDGE_CURVE('',#2227,#2229,#2458,.F.);
#1836=EDGE_CURVE('',#2230,#2228,#2459,.F.);
#1837=EDGE_CURVE('',#2231,#2154,#547,.T.);
#1838=EDGE_CURVE('',#2040,#2231,#152,.T.);
#1839=EDGE_CURVE('',#2232,#2043,#153,.F.);
#1840=EDGE_CURVE('',#2232,#2149,#548,.T.);
#1841=EDGE_CURVE('',#2233,#2041,#154,.F.);
#1842=EDGE_CURVE('',#2233,#2234,#2460,.T.);
#1843=EDGE_CURVE('',#2042,#2234,#155,.T.);
#1844=EDGE_CURVE('',#2231,#2233,#2461,.F.);
#1845=EDGE_CURVE('',#2234,#2232,#2462,.F.);
#1846=EDGE_CURVE('',#2235,#2153,#549,.T.);
#1847=EDGE_CURVE('',#2028,#2235,#156,.T.);
#1848=EDGE_CURVE('',#2236,#2031,#157,.F.);
#1849=EDGE_CURVE('',#2236,#2156,#550,.T.);
#1850=EDGE_CURVE('',#2237,#2029,#158,.F.);
#1851=EDGE_CURVE('',#2237,#2238,#2463,.T.);
#1852=EDGE_CURVE('',#2030,#2238,#159,.T.);
#1853=EDGE_CURVE('',#2235,#2237,#2464,.F.);
#1854=EDGE_CURVE('',#2238,#2236,#2465,.F.);
#1855=EDGE_CURVE('',#2239,#2150,#551,.T.);
#1856=EDGE_CURVE('',#2022,#2239,#160,.T.);
#1857=EDGE_CURVE('',#2240,#2025,#161,.F.);
#1858=EDGE_CURVE('',#2240,#2152,#552,.T.);
#1859=EDGE_CURVE('',#2241,#2023,#162,.F.);
#1860=EDGE_CURVE('',#2241,#2242,#2466,.T.);
#1861=EDGE_CURVE('',#2024,#2242,#163,.T.);
#1862=EDGE_CURVE('',#2239,#2241,#2467,.F.);
#1863=EDGE_CURVE('',#2242,#2240,#2468,.F.);
#1864=EDGE_CURVE('',#2243,#2148,#553,.T.);
#1865=EDGE_CURVE('',#2046,#2243,#164,.T.);
#1866=EDGE_CURVE('',#2244,#2049,#165,.F.);
#1867=EDGE_CURVE('',#2244,#2147,#554,.T.);
#1868=EDGE_CURVE('',#2245,#2047,#166,.F.);
#1869=EDGE_CURVE('',#2245,#2246,#2469,.T.);
#1870=EDGE_CURVE('',#2048,#2246,#167,.T.);
#1871=EDGE_CURVE('',#2243,#2245,#2470,.F.);
#1872=EDGE_CURVE('',#2246,#2244,#2471,.F.);
#1873=EDGE_CURVE('',#2247,#2146,#555,.T.);
#1874=EDGE_CURVE('',#2052,#2247,#168,.T.);
#1875=EDGE_CURVE('',#2248,#2055,#169,.F.);
#1876=EDGE_CURVE('',#2248,#2145,#556,.T.);
#1877=EDGE_CURVE('',#2249,#2053,#170,.F.);
#1878=EDGE_CURVE('',#2249,#2250,#2472,.T.);
#1879=EDGE_CURVE('',#2054,#2250,#171,.T.);
#1880=EDGE_CURVE('',#2247,#2249,#2473,.F.);
#1881=EDGE_CURVE('',#2250,#2248,#2474,.F.);
#1882=EDGE_CURVE('',#2251,#2144,#557,.T.);
#1883=EDGE_CURVE('',#2058,#2251,#172,.T.);
#1884=EDGE_CURVE('',#2252,#2061,#173,.F.);
#1885=EDGE_CURVE('',#2252,#2143,#558,.T.);
#1886=EDGE_CURVE('',#2253,#2059,#174,.F.);
#1887=EDGE_CURVE('',#2253,#2254,#2475,.T.);
#1888=EDGE_CURVE('',#2060,#2254,#175,.T.);
#1889=EDGE_CURVE('',#2251,#2253,#2476,.F.);
#1890=EDGE_CURVE('',#2254,#2252,#2477,.F.);
#1891=EDGE_CURVE('',#2255,#2142,#559,.T.);
#1892=EDGE_CURVE('',#2064,#2255,#176,.T.);
#1893=EDGE_CURVE('',#2256,#2067,#177,.F.);
#1894=EDGE_CURVE('',#2256,#2139,#560,.T.);
#1895=EDGE_CURVE('',#2257,#2065,#178,.F.);
#1896=EDGE_CURVE('',#2257,#2258,#2478,.T.);
#1897=EDGE_CURVE('',#2066,#2258,#179,.T.);
#1898=EDGE_CURVE('',#2255,#2257,#2479,.F.);
#1899=EDGE_CURVE('',#2258,#2256,#2480,.F.);
#1900=EDGE_CURVE('',#2259,#2141,#561,.T.);
#1901=EDGE_CURVE('',#2076,#2259,#180,.T.);
#1902=EDGE_CURVE('',#2260,#2079,#181,.F.);
#1903=EDGE_CURVE('',#2260,#2137,#562,.T.);
#1904=EDGE_CURVE('',#2261,#2077,#182,.F.);
#1905=EDGE_CURVE('',#2261,#2262,#2481,.T.);
#1906=EDGE_CURVE('',#2078,#2262,#183,.T.);
#1907=EDGE_CURVE('',#2259,#2261,#2482,.F.);
#1908=EDGE_CURVE('',#2262,#2260,#2483,.F.);
#1909=EDGE_CURVE('',#2263,#2138,#563,.T.);
#1910=EDGE_CURVE('',#2070,#2263,#184,.T.);
#1911=EDGE_CURVE('',#2264,#2073,#185,.F.);
#1912=EDGE_CURVE('',#2264,#2140,#564,.T.);
#1913=EDGE_CURVE('',#2265,#2071,#186,.F.);
#1914=EDGE_CURVE('',#2265,#2266,#2484,.T.);
#1915=EDGE_CURVE('',#2072,#2266,#187,.T.);
#1916=EDGE_CURVE('',#2263,#2265,#2485,.F.);
#1917=EDGE_CURVE('',#2266,#2264,#2486,.F.);
#1918=EDGE_CURVE('',#2267,#2136,#565,.T.);
#1919=EDGE_CURVE('',#2082,#2267,#188,.T.);
#1920=EDGE_CURVE('',#2268,#2085,#189,.F.);
#1921=EDGE_CURVE('',#2268,#2135,#566,.T.);
#1922=EDGE_CURVE('',#2269,#2083,#190,.F.);
#1923=EDGE_CURVE('',#2269,#2270,#2487,.T.);
#1924=EDGE_CURVE('',#2084,#2270,#191,.T.);
#1925=EDGE_CURVE('',#2267,#2269,#2488,.F.);
#1926=EDGE_CURVE('',#2270,#2268,#2489,.F.);
#1927=EDGE_CURVE('',#2271,#2134,#567,.T.);
#1928=EDGE_CURVE('',#2088,#2271,#192,.T.);
#1929=EDGE_CURVE('',#2272,#2091,#193,.F.);
#1930=EDGE_CURVE('',#2272,#2133,#568,.T.);
#1931=EDGE_CURVE('',#2273,#2089,#194,.F.);
#1932=EDGE_CURVE('',#2273,#2274,#2490,.T.);
#1933=EDGE_CURVE('',#2090,#2274,#195,.T.);
#1934=EDGE_CURVE('',#2271,#2273,#2491,.F.);
#1935=EDGE_CURVE('',#2274,#2272,#2492,.F.);
#1936=EDGE_CURVE('',#2275,#2132,#569,.T.);
#1937=EDGE_CURVE('',#2094,#2275,#196,.T.);
#1938=EDGE_CURVE('',#2276,#2097,#197,.F.);
#1939=EDGE_CURVE('',#2276,#2131,#570,.T.);
#1940=EDGE_CURVE('',#2277,#2095,#198,.F.);
#1941=EDGE_CURVE('',#2277,#2278,#2493,.T.);
#1942=EDGE_CURVE('',#2096,#2278,#199,.T.);
#1943=EDGE_CURVE('',#2275,#2277,#2494,.F.);
#1944=EDGE_CURVE('',#2278,#2276,#2495,.F.);
#1945=EDGE_CURVE('',#2279,#2130,#571,.T.);
#1946=EDGE_CURVE('',#2100,#2279,#200,.T.);
#1947=EDGE_CURVE('',#2280,#2103,#201,.F.);
#1948=EDGE_CURVE('',#2280,#2127,#572,.T.);
#1949=EDGE_CURVE('',#2281,#2101,#202,.F.);
#1950=EDGE_CURVE('',#2281,#2282,#2496,.T.);
#1951=EDGE_CURVE('',#2102,#2282,#203,.T.);
#1952=EDGE_CURVE('',#2279,#2281,#2497,.F.);
#1953=EDGE_CURVE('',#2282,#2280,#2498,.F.);
#1954=EDGE_CURVE('',#2283,#2129,#573,.T.);
#1955=EDGE_CURVE('',#2112,#2283,#204,.T.);
#1956=EDGE_CURVE('',#2284,#2115,#205,.F.);
#1957=EDGE_CURVE('',#2284,#2158,#574,.T.);
#1958=EDGE_CURVE('',#2285,#2113,#206,.F.);
#1959=EDGE_CURVE('',#2285,#2286,#2499,.T.);
#1960=EDGE_CURVE('',#2114,#2286,#207,.T.);
#1961=EDGE_CURVE('',#2283,#2285,#2500,.F.);
#1962=EDGE_CURVE('',#2286,#2284,#2501,.F.);
#1963=EDGE_CURVE('',#2287,#2126,#575,.T.);
#1964=EDGE_CURVE('',#2106,#2287,#208,.T.);
#1965=EDGE_CURVE('',#2288,#2109,#209,.F.);
#1966=EDGE_CURVE('',#2288,#2128,#576,.T.);
#1967=EDGE_CURVE('',#2289,#2107,#210,.F.);
#1968=EDGE_CURVE('',#2289,#2290,#2502,.T.);
#1969=EDGE_CURVE('',#2108,#2290,#211,.T.);
#1970=EDGE_CURVE('',#2287,#2289,#2503,.F.);
#1971=EDGE_CURVE('',#2290,#2288,#2504,.F.);
#1972=EDGE_CURVE('',#2291,#2291,#2505,.T.);
#1973=EDGE_CURVE('',#2292,#1987,#2506,.T.);
#1974=EDGE_CURVE('',#2292,#2293,#2507,.T.);
#1975=EDGE_CURVE('',#2124,#2293,#2508,.T.);
#1976=EDGE_CURVE('',#2294,#2295,#2509,.T.);
#1977=EDGE_CURVE('',#1988,#2295,#212,.T.);
#1978=EDGE_CURVE('',#2125,#2294,#213,.T.);
#1979=EDGE_CURVE('',#2296,#2295,#2510,.T.);
#1980=EDGE_CURVE('',#2292,#2296,#214,.T.);
#1981=EDGE_CURVE('',#2296,#2297,#2511,.T.);
#1982=EDGE_CURVE('',#2293,#2297,#215,.T.);
#1983=EDGE_CURVE('',#2294,#2297,#2512,.T.);
#1984=EDGE_CURVE('',#2298,#2298,#2513,.T.);
#1985=EDGE_CURVE('',#2299,#2299,#2514,.T.);
#1986=EDGE_CURVE('',#2300,#2300,#2515,.T.);
#1987=VERTEX_POINT('',#4159);
#1988=VERTEX_POINT('',#4160);
#1989=VERTEX_POINT('',#4162);
#1990=VERTEX_POINT('',#4195);
#1991=VERTEX_POINT('',#4197);
#1992=VERTEX_POINT('',#4230);
#1993=VERTEX_POINT('',#4232);
#1994=VERTEX_POINT('',#4234);
#1995=VERTEX_POINT('',#4236);
#1996=VERTEX_POINT('',#4269);
#1997=VERTEX_POINT('',#4271);
#1998=VERTEX_POINT('',#4304);
#1999=VERTEX_POINT('',#4306);
#2000=VERTEX_POINT('',#4308);
#2001=VERTEX_POINT('',#4310);
#2002=VERTEX_POINT('',#4343);
#2003=VERTEX_POINT('',#4345);
#2004=VERTEX_POINT('',#4378);
#2005=VERTEX_POINT('',#4380);
#2006=VERTEX_POINT('',#4382);
#2007=VERTEX_POINT('',#4384);
#2008=VERTEX_POINT('',#4417);
#2009=VERTEX_POINT('',#4419);
#2010=VERTEX_POINT('',#4452);
#2011=VERTEX_POINT('',#4454);
#2012=VERTEX_POINT('',#4456);
#2013=VERTEX_POINT('',#4458);
#2014=VERTEX_POINT('',#4491);
#2015=VERTEX_POINT('',#4493);
#2016=VERTEX_POINT('',#4526);
#2017=VERTEX_POINT('',#4528);
#2018=VERTEX_POINT('',#4530);
#2019=VERTEX_POINT('',#4532);
#2020=VERTEX_POINT('',#4565);
#2021=VERTEX_POINT('',#4567);
#2022=VERTEX_POINT('',#4600);
#2023=VERTEX_POINT('',#4602);
#2024=VERTEX_POINT('',#4604);
#2025=VERTEX_POINT('',#4606);
#2026=VERTEX_POINT('',#4639);
#2027=VERTEX_POINT('',#4641);
#2028=VERTEX_POINT('',#4674);
#2029=VERTEX_POINT('',#4676);
#2030=VERTEX_POINT('',#4678);
#2031=VERTEX_POINT('',#4680);
#2032=VERTEX_POINT('',#4713);
#2033=VERTEX_POINT('',#4715);
#2034=VERTEX_POINT('',#4748);
#2035=VERTEX_POINT('',#4750);
#2036=VERTEX_POINT('',#4752);
#2037=VERTEX_POINT('',#4754);
#2038=VERTEX_POINT('',#4787);
#2039=VERTEX_POINT('',#4789);
#2040=VERTEX_POINT('',#4822);
#2041=VERTEX_POINT('',#4824);
#2042=VERTEX_POINT('',#4826);
#2043=VERTEX_POINT('',#4828);
#2044=VERTEX_POINT('',#4861);
#2045=VERTEX_POINT('',#4863);
#2046=VERTEX_POINT('',#4896);
#2047=VERTEX_POINT('',#4898);
#2048=VERTEX_POINT('',#4900);
#2049=VERTEX_POINT('',#4902);
#2050=VERTEX_POINT('',#4935);
#2051=VERTEX_POINT('',#4937);
#2052=VERTEX_POINT('',#4970);
#2053=VERTEX_POINT('',#4972);
#2054=VERTEX_POINT('',#4974);
#2055=VERTEX_POINT('',#4976);
#2056=VERTEX_POINT('',#5009);
#2057=VERTEX_POINT('',#5011);
#2058=VERTEX_POINT('',#5044);
#2059=VERTEX_POINT('',#5046);
#2060=VERTEX_POINT('',#5048);
#2061=VERTEX_POINT('',#5050);
#2062=VERTEX_POINT('',#5083);
#2063=VERTEX_POINT('',#5085);
#2064=VERTEX_POINT('',#5118);
#2065=VERTEX_POINT('',#5120);
#2066=VERTEX_POINT('',#5122);
#2067=VERTEX_POINT('',#5124);
#2068=VERTEX_POINT('',#5157);
#2069=VERTEX_POINT('',#5159);
#2070=VERTEX_POINT('',#5192);
#2071=VERTEX_POINT('',#5194);
#2072=VERTEX_POINT('',#5196);
#2073=VERTEX_POINT('',#5198);
#2074=VERTEX_POINT('',#5231);
#2075=VERTEX_POINT('',#5233);
#2076=VERTEX_POINT('',#5266);
#2077=VERTEX_POINT('',#5268);
#2078=VERTEX_POINT('',#5270);
#2079=VERTEX_POINT('',#5272);
#2080=VERTEX_POINT('',#5305);
#2081=VERTEX_POINT('',#5307);
#2082=VERTEX_POINT('',#5340);
#2083=VERTEX_POINT('',#5342);
#2084=VERTEX_POINT('',#5344);
#2085=VERTEX_POINT('',#5346);
#2086=VERTEX_POINT('',#5379);
#2087=VERTEX_POINT('',#5381);
#2088=VERTEX_POINT('',#5414);
#2089=VERTEX_POINT('',#5416);
#2090=VERTEX_POINT('',#5418);
#2091=VERTEX_POINT('',#5420);
#2092=VERTEX_POINT('',#5453);
#2093=VERTEX_POINT('',#5455);
#2094=VERTEX_POINT('',#5488);
#2095=VERTEX_POINT('',#5490);
#2096=VERTEX_POINT('',#5492);
#2097=VERTEX_POINT('',#5494);
#2098=VERTEX_POINT('',#5527);
#2099=VERTEX_POINT('',#5529);
#2100=VERTEX_POINT('',#5562);
#2101=VERTEX_POINT('',#5564);
#2102=VERTEX_POINT('',#5566);
#2103=VERTEX_POINT('',#5568);
#2104=VERTEX_POINT('',#5601);
#2105=VERTEX_POINT('',#5603);
#2106=VERTEX_POINT('',#5636);
#2107=VERTEX_POINT('',#5638);
#2108=VERTEX_POINT('',#5640);
#2109=VERTEX_POINT('',#5642);
#2110=VERTEX_POINT('',#5675);
#2111=VERTEX_POINT('',#5677);
#2112=VERTEX_POINT('',#5710);
#2113=VERTEX_POINT('',#5712);
#2114=VERTEX_POINT('',#5714);
#2115=VERTEX_POINT('',#5716);
#2116=VERTEX_POINT('',#5749);
#2117=VERTEX_POINT('',#5751);
#2118=VERTEX_POINT('',#5784);
#2119=VERTEX_POINT('',#5786);
#2120=VERTEX_POINT('',#5788);
#2121=VERTEX_POINT('',#5790);
#2122=VERTEX_POINT('',#5823);
#2123=VERTEX_POINT('',#5825);
#2124=VERTEX_POINT('',#5858);
#2125=VERTEX_POINT('',#5860);
#2126=VERTEX_POINT('',#5864);
#2127=VERTEX_POINT('',#5866);
#2128=VERTEX_POINT('',#5870);
#2129=VERTEX_POINT('',#5872);
#2130=VERTEX_POINT('',#5876);
#2131=VERTEX_POINT('',#5878);
#2132=VERTEX_POINT('',#5882);
#2133=VERTEX_POINT('',#5884);
#2134=VERTEX_POINT('',#5888);
#2135=VERTEX_POINT('',#5890);
#2136=VERTEX_POINT('',#5894);
#2137=VERTEX_POINT('',#5896);
#2138=VERTEX_POINT('',#5900);
#2139=VERTEX_POINT('',#5902);
#2140=VERTEX_POINT('',#5906);
#2141=VERTEX_POINT('',#5908);
#2142=VERTEX_POINT('',#5912);
#2143=VERTEX_POINT('',#5914);
#2144=VERTEX_POINT('',#5918);
#2145=VERTEX_POINT('',#5920);
#2146=VERTEX_POINT('',#5924);
#2147=VERTEX_POINT('',#5926);
#2148=VERTEX_POINT('',#5930);
#2149=VERTEX_POINT('',#5932);
#2150=VERTEX_POINT('',#5936);
#2151=VERTEX_POINT('',#5938);
#2152=VERTEX_POINT('',#5942);
#2153=VERTEX_POINT('',#5944);
#2154=VERTEX_POINT('',#5948);
#2155=VERTEX_POINT('',#5950);
#2156=VERTEX_POINT('',#5954);
#2157=VERTEX_POINT('',#5956);
#2158=VERTEX_POINT('',#5960);
#2159=VERTEX_POINT('',#5962);
#2160=VERTEX_POINT('',#5966);
#2161=VERTEX_POINT('',#5968);
#2162=VERTEX_POINT('',#5972);
#2163=VERTEX_POINT('',#5973);
#2164=VERTEX_POINT('',#5975);
#2165=VERTEX_POINT('',#5977);
#2166=VERTEX_POINT('',#5981);
#2167=VERTEX_POINT('',#5982);
#2168=VERTEX_POINT('',#5984);
#2169=VERTEX_POINT('',#5986);
#2170=VERTEX_POINT('',#5990);
#2171=VERTEX_POINT('',#5992);
#2172=VERTEX_POINT('',#5996);
#2173=VERTEX_POINT('',#5998);
#2174=VERTEX_POINT('',#6002);
#2175=VERTEX_POINT('',#6004);
#2176=VERTEX_POINT('',#6008);
#2177=VERTEX_POINT('',#6010);
#2178=VERTEX_POINT('',#6014);
#2179=VERTEX_POINT('',#6016);
#2180=VERTEX_POINT('',#6076);
#2181=VERTEX_POINT('',#6105);
#2182=VERTEX_POINT('',#6140);
#2183=VERTEX_POINT('',#6142);
#2184=VERTEX_POINT('',#6206);
#2185=VERTEX_POINT('',#6235);
#2186=VERTEX_POINT('',#6270);
#2187=VERTEX_POINT('',#6272);
#2188=VERTEX_POINT('',#6336);
#2189=VERTEX_POINT('',#6365);
#2190=VERTEX_POINT('',#6400);
#2191=VERTEX_POINT('',#6402);
#2192=VERTEX_POINT('',#6466);
#2193=VERTEX_POINT('',#6495);
#2194=VERTEX_POINT('',#6530);
#2195=VERTEX_POINT('',#6532);
#2196=VERTEX_POINT('',#6596);
#2197=VERTEX_POINT('',#6625);
#2198=VERTEX_POINT('',#6660);
#2199=VERTEX_POINT('',#6662);
#2200=VERTEX_POINT('',#6726);
#2201=VERTEX_POINT('',#6759);
#2202=VERTEX_POINT('',#6788);
#2203=VERTEX_POINT('',#6823);
#2204=VERTEX_POINT('',#6824);
#2205=VERTEX_POINT('',#6826);
#2206=VERTEX_POINT('',#6828);
#2207=VERTEX_POINT('',#6894);
#2208=VERTEX_POINT('',#6927);
#2209=VERTEX_POINT('',#6956);
#2210=VERTEX_POINT('',#6957);
#2211=VERTEX_POINT('',#7024);
#2212=VERTEX_POINT('',#7025);
#2213=VERTEX_POINT('',#7027);
#2214=VERTEX_POINT('',#7029);
#2215=VERTEX_POINT('',#7095);
#2216=VERTEX_POINT('',#7128);
#2217=VERTEX_POINT('',#7157);
#2218=VERTEX_POINT('',#7158);
#2219=VERTEX_POINT('',#7225);
#2220=VERTEX_POINT('',#7226);
#2221=VERTEX_POINT('',#7228);
#2222=VERTEX_POINT('',#7230);
#2223=VERTEX_POINT('',#7296);
#2224=VERTEX_POINT('',#7325);
#2225=VERTEX_POINT('',#7360);
#2226=VERTEX_POINT('',#7362);
#2227=VERTEX_POINT('',#7426);
#2228=VERTEX_POINT('',#7455);
#2229=VERTEX_POINT('',#7490);
#2230=VERTEX_POINT('',#7492);
#2231=VERTEX_POINT('',#7556);
#2232=VERTEX_POINT('',#7585);
#2233=VERTEX_POINT('',#7620);
#2234=VERTEX_POINT('',#7622);
#2235=VERTEX_POINT('',#7686);
#2236=VERTEX_POINT('',#7715);
#2237=VERTEX_POINT('',#7750);
#2238=VERTEX_POINT('',#7752);
#2239=VERTEX_POINT('',#7816);
#2240=VERTEX_POINT('',#7845);
#2241=VERTEX_POINT('',#7880);
#2242=VERTEX_POINT('',#7882);
#2243=VERTEX_POINT('',#7946);
#2244=VERTEX_POINT('',#7975);
#2245=VERTEX_POINT('',#8010);
#2246=VERTEX_POINT('',#8012);
#2247=VERTEX_POINT('',#8076);
#2248=VERTEX_POINT('',#8105);
#2249=VERTEX_POINT('',#8140);
#2250=VERTEX_POINT('',#8142);
#2251=VERTEX_POINT('',#8206);
#2252=VERTEX_POINT('',#8235);
#2253=VERTEX_POINT('',#8270);
#2254=VERTEX_POINT('',#8272);
#2255=VERTEX_POINT('',#8336);
#2256=VERTEX_POINT('',#8365);
#2257=VERTEX_POINT('',#8400);
#2258=VERTEX_POINT('',#8402);
#2259=VERTEX_POINT('',#8466);
#2260=VERTEX_POINT('',#8495);
#2261=VERTEX_POINT('',#8530);
#2262=VERTEX_POINT('',#8532);
#2263=VERTEX_POINT('',#8596);
#2264=VERTEX_POINT('',#8625);
#2265=VERTEX_POINT('',#8660);
#2266=VERTEX_POINT('',#8662);
#2267=VERTEX_POINT('',#8726);
#2268=VERTEX_POINT('',#8755);
#2269=VERTEX_POINT('',#8790);
#2270=VERTEX_POINT('',#8792);
#2271=VERTEX_POINT('',#8856);
#2272=VERTEX_POINT('',#8885);
#2273=VERTEX_POINT('',#8920);
#2274=VERTEX_POINT('',#8922);
#2275=VERTEX_POINT('',#8986);
#2276=VERTEX_POINT('',#9015);
#2277=VERTEX_POINT('',#9050);
#2278=VERTEX_POINT('',#9052);
#2279=VERTEX_POINT('',#9116);
#2280=VERTEX_POINT('',#9145);
#2281=VERTEX_POINT('',#9180);
#2282=VERTEX_POINT('',#9182);
#2283=VERTEX_POINT('',#9246);
#2284=VERTEX_POINT('',#9275);
#2285=VERTEX_POINT('',#9310);
#2286=VERTEX_POINT('',#9312);
#2287=VERTEX_POINT('',#9376);
#2288=VERTEX_POINT('',#9405);
#2289=VERTEX_POINT('',#9440);
#2290=VERTEX_POINT('',#9442);
#2291=VERTEX_POINT('',#9450);
#2292=VERTEX_POINT('',#9452);
#2293=VERTEX_POINT('',#9454);
#2294=VERTEX_POINT('',#9458);
#2295=VERTEX_POINT('',#9459);
#2296=VERTEX_POINT('',#9464);
#2297=VERTEX_POINT('',#9468);
#2298=VERTEX_POINT('',#9474);
#2299=VERTEX_POINT('',#9476);
#2300=VERTEX_POINT('',#9479);
#2301=CIRCLE('',#3026,0.3);
#2302=CIRCLE('',#3027,0.000568271697810007);
#2303=CIRCLE('',#3028,0.02025);
#2304=CIRCLE('',#3029,0.000568271697810007);
#2305=CIRCLE('',#3030,0.0168749999999991);
#2306=CIRCLE('',#3031,0.000568271697810007);
#2307=CIRCLE('',#3032,0.02025);
#2308=CIRCLE('',#3033,0.000568271697810007);
#2309=CIRCLE('',#3034,0.0168749999999991);
#2310=CIRCLE('',#3035,0.000568271697810007);
#2311=CIRCLE('',#3036,0.02025);
#2312=CIRCLE('',#3037,0.000568271697810007);
#2313=CIRCLE('',#3038,0.0168749999999991);
#2314=CIRCLE('',#3039,0.000568271697810007);
#2315=CIRCLE('',#3040,0.02025);
#2316=CIRCLE('',#3041,0.000568271697810007);
#2317=CIRCLE('',#3042,0.0168749999999991);
#2318=CIRCLE('',#3043,0.000568271697810007);
#2319=CIRCLE('',#3044,0.02025);
#2320=CIRCLE('',#3045,0.000568271697810007);
#2321=CIRCLE('',#3046,0.0168749999999991);
#2322=CIRCLE('',#3047,0.000568271697810007);
#2323=CIRCLE('',#3048,0.02025);
#2324=CIRCLE('',#3049,0.000568271697810007);
#2325=CIRCLE('',#3050,0.0168749999999991);
#2326=CIRCLE('',#3051,0.000568271697810007);
#2327=CIRCLE('',#3052,0.02025);
#2328=CIRCLE('',#3053,0.000568271697810007);
#2329=CIRCLE('',#3054,0.0168749999999991);
#2330=CIRCLE('',#3055,0.000568271697810007);
#2331=CIRCLE('',#3056,0.02025);
#2332=CIRCLE('',#3057,0.000568271697810007);
#2333=CIRCLE('',#3058,0.0168749999999991);
#2334=CIRCLE('',#3059,0.000568271697810007);
#2335=CIRCLE('',#3060,0.02025);
#2336=CIRCLE('',#3061,0.000568271697810007);
#2337=CIRCLE('',#3062,0.0168749999999991);
#2338=CIRCLE('',#3063,0.000568271697810007);
#2339=CIRCLE('',#3064,0.02025);
#2340=CIRCLE('',#3065,0.000568271697810007);
#2341=CIRCLE('',#3066,0.0168749999999991);
#2342=CIRCLE('',#3067,0.000568271697810007);
#2343=CIRCLE('',#3068,0.02025);
#2344=CIRCLE('',#3069,0.000568271697810007);
#2345=CIRCLE('',#3070,0.0168749999999991);
#2346=CIRCLE('',#3071,0.000568271697810007);
#2347=CIRCLE('',#3072,0.02025);
#2348=CIRCLE('',#3073,0.000568271697810007);
#2349=CIRCLE('',#3074,0.0168749999999991);
#2350=CIRCLE('',#3075,0.000568271697810007);
#2351=CIRCLE('',#3076,0.02025);
#2352=CIRCLE('',#3077,0.000568271697810007);
#2353=CIRCLE('',#3078,0.0168749999999991);
#2354=CIRCLE('',#3079,0.000568271697810007);
#2355=CIRCLE('',#3080,0.02025);
#2356=CIRCLE('',#3081,0.000568271697810007);
#2357=CIRCLE('',#3082,0.0168749999999991);
#2358=CIRCLE('',#3083,0.000568271697810007);
#2359=CIRCLE('',#3084,0.02025);
#2360=CIRCLE('',#3085,0.000568271697810007);
#2361=CIRCLE('',#3086,0.0168749999999991);
#2362=CIRCLE('',#3087,0.000568271697810007);
#2363=CIRCLE('',#3088,0.02025);
#2364=CIRCLE('',#3089,0.000568271697810007);
#2365=CIRCLE('',#3090,0.0168749999999991);
#2366=CIRCLE('',#3091,0.000568271697810007);
#2367=CIRCLE('',#3092,0.02025);
#2368=CIRCLE('',#3093,0.000568271697810007);
#2369=CIRCLE('',#3094,0.0168749999999991);
#2370=CIRCLE('',#3095,0.000568271697810007);
#2371=CIRCLE('',#3096,0.02025);
#2372=CIRCLE('',#3097,0.000568271697810007);
#2373=CIRCLE('',#3098,0.0168749999999991);
#2374=CIRCLE('',#3099,0.000568271697810007);
#2375=CIRCLE('',#3100,0.02025);
#2376=CIRCLE('',#3101,0.000568271697810007);
#2377=CIRCLE('',#3102,0.0168749999999991);
#2378=CIRCLE('',#3103,0.000568271697810007);
#2379=CIRCLE('',#3104,0.02025);
#2380=CIRCLE('',#3105,0.000568271697810007);
#2381=CIRCLE('',#3106,0.0168749999999991);
#2382=CIRCLE('',#3107,0.000568271697810007);
#2383=CIRCLE('',#3108,0.02025);
#2384=CIRCLE('',#3109,0.000568271697810007);
#2385=CIRCLE('',#3110,0.0168749999999991);
#2386=CIRCLE('',#3111,0.000568271697810007);
#2387=CIRCLE('',#3112,0.02025);
#2388=CIRCLE('',#3113,0.000568271697810007);
#2389=CIRCLE('',#3114,0.0168749999999991);
#2390=CIRCLE('',#3115,0.000568271697810007);
#2391=CIRCLE('',#3116,0.02025);
#2392=CIRCLE('',#3117,0.3);
#2393=CIRCLE('',#3118,0.0075);
#2394=CIRCLE('',#3120,0.02025);
#2395=CIRCLE('',#3122,0.02025);
#2396=CIRCLE('',#3124,0.02025);
#2397=CIRCLE('',#3126,0.02025);
#2398=CIRCLE('',#3128,0.02025);
#2399=CIRCLE('',#3130,0.02025);
#2400=CIRCLE('',#3132,0.02025);
#2401=CIRCLE('',#3134,0.02025);
#2402=CIRCLE('',#3136,0.02025);
#2403=CIRCLE('',#3138,0.02025);
#2404=CIRCLE('',#3140,0.02025);
#2405=CIRCLE('',#3142,0.02025);
#2406=CIRCLE('',#3144,0.02025);
#2407=CIRCLE('',#3146,0.02025);
#2408=CIRCLE('',#3148,0.02025);
#2409=CIRCLE('',#3150,0.02025);
#2410=CIRCLE('',#3152,0.02025);
#2411=CIRCLE('',#3154,0.02025);
#2412=CIRCLE('',#3156,0.02025);
#2413=CIRCLE('',#3157,0.02025);
#2414=CIRCLE('',#3159,0.02025);
#2415=CIRCLE('',#3160,0.02025);
#2416=CIRCLE('',#3162,0.02025);
#2417=CIRCLE('',#3164,0.02025);
#2418=CIRCLE('',#3166,0.02025);
#2419=CIRCLE('',#3168,0.02025);
#2420=CIRCLE('',#3170,0.02025);
#2421=CIRCLE('',#3172,0.0168749999999991);
#2422=CIRCLE('',#3174,0.000568271697810007);
#2423=CIRCLE('',#3176,0.000568271697810007);
#2424=CIRCLE('',#3178,0.0168749999999991);
#2425=CIRCLE('',#3180,0.000568271697810007);
#2426=CIRCLE('',#3182,0.000568271697810007);
#2427=CIRCLE('',#3184,0.0168749999999991);
#2428=CIRCLE('',#3186,0.000568271697810007);
#2429=CIRCLE('',#3188,0.000568271697810007);
#2430=CIRCLE('',#3190,0.0168749999999991);
#2431=CIRCLE('',#3192,0.000568271697810007);
#2432=CIRCLE('',#3194,0.000568271697810007);
#2433=CIRCLE('',#3196,0.0168749999999991);
#2434=CIRCLE('',#3198,0.000568271697810007);
#2435=CIRCLE('',#3200,0.000568271697810007);
#2436=CIRCLE('',#3202,0.0168749999999991);
#2437=CIRCLE('',#3203,0.0168749999999991);
#2438=CIRCLE('',#3205,0.000568271697810007);
#2439=CIRCLE('',#3206,0.000568271697810007);
#2440=CIRCLE('',#3208,0.000568271697810007);
#2441=CIRCLE('',#3209,0.000568271697810007);
#2442=CIRCLE('',#3211,0.0168749999999991);
#2443=CIRCLE('',#3212,0.0168749999999991);
#2444=CIRCLE('',#3214,0.000568271697810007);
#2445=CIRCLE('',#3215,0.000568271697810007);
#2446=CIRCLE('',#3217,0.000568271697810007);
#2447=CIRCLE('',#3218,0.000568271697810007);
#2448=CIRCLE('',#3220,0.0168749999999991);
#2449=CIRCLE('',#3221,0.0168749999999991);
#2450=CIRCLE('',#3223,0.000568271697810007);
#2451=CIRCLE('',#3224,0.000568271697810007);
#2452=CIRCLE('',#3226,0.000568271697810007);
#2453=CIRCLE('',#3227,0.000568271697810007);
#2454=CIRCLE('',#3229,0.0168749999999991);
#2455=CIRCLE('',#3231,0.000568271697810007);
#2456=CIRCLE('',#3233,0.000568271697810007);
#2457=CIRCLE('',#3235,0.0168749999999991);
#2458=CIRCLE('',#3237,0.000568271697810007);
#2459=CIRCLE('',#3239,0.000568271697810007);
#2460=CIRCLE('',#3241,0.0168749999999991);
#2461=CIRCLE('',#3243,0.000568271697810007);
#2462=CIRCLE('',#3245,0.000568271697810007);
#2463=CIRCLE('',#3247,0.0168749999999991);
#2464=CIRCLE('',#3249,0.000568271697810007);
#2465=CIRCLE('',#3251,0.000568271697810007);
#2466=CIRCLE('',#3253,0.0168749999999991);
#2467=CIRCLE('',#3255,0.000568271697810007);
#2468=CIRCLE('',#3257,0.000568271697810007);
#2469=CIRCLE('',#3259,0.0168749999999991);
#2470=CIRCLE('',#3261,0.000568271697810007);
#2471=CIRCLE('',#3263,0.000568271697810007);
#2472=CIRCLE('',#3265,0.0168749999999991);
#2473=CIRCLE('',#3267,0.000568271697810007);
#2474=CIRCLE('',#3269,0.000568271697810007);
#2475=CIRCLE('',#3271,0.0168749999999991);
#2476=CIRCLE('',#3273,0.000568271697810007);
#2477=CIRCLE('',#3275,0.000568271697810007);
#2478=CIRCLE('',#3277,0.0168749999999991);
#2479=CIRCLE('',#3279,0.000568271697810007);
#2480=CIRCLE('',#3281,0.000568271697810007);
#2481=CIRCLE('',#3283,0.0168749999999991);
#2482=CIRCLE('',#3285,0.000568271697810007);
#2483=CIRCLE('',#3287,0.000568271697810007);
#2484=CIRCLE('',#3289,0.0168749999999991);
#2485=CIRCLE('',#3291,0.000568271697810007);
#2486=CIRCLE('',#3293,0.000568271697810007);
#2487=CIRCLE('',#3295,0.0168749999999991);
#2488=CIRCLE('',#3297,0.000568271697810007);
#2489=CIRCLE('',#3299,0.000568271697810007);
#2490=CIRCLE('',#3301,0.0168749999999991);
#2491=CIRCLE('',#3303,0.000568271697810007);
#2492=CIRCLE('',#3305,0.000568271697810007);
#2493=CIRCLE('',#3307,0.0168749999999991);
#2494=CIRCLE('',#3309,0.000568271697810007);
#2495=CIRCLE('',#3311,0.000568271697810007);
#2496=CIRCLE('',#3313,0.0168749999999991);
#2497=CIRCLE('',#3315,0.000568271697810007);
#2498=CIRCLE('',#3317,0.000568271697810007);
#2499=CIRCLE('',#3319,0.0168749999999991);
#2500=CIRCLE('',#3321,0.000568271697810007);
#2501=CIRCLE('',#3323,0.000568271697810007);
#2502=CIRCLE('',#3325,0.0168749999999991);
#2503=CIRCLE('',#3327,0.000568271697810007);
#2504=CIRCLE('',#3329,0.000568271697810007);
#2505=CIRCLE('',#3331,0.0023);
#2506=CIRCLE('',#3332,0.3);
#2507=CIRCLE('',#3333,0.0075);
#2508=CIRCLE('',#3334,0.3);
#2509=CIRCLE('',#3336,0.0075);
#2510=CIRCLE('',#3338,0.3);
#2511=CIRCLE('',#3340,0.0075);
#2512=CIRCLE('',#3342,0.3);
#2513=CIRCLE('',#3344,0.0023);
#2514=CIRCLE('',#3345,0.0023);
#2515=CIRCLE('',#3347,0.0023);
#2516=EDGE_LOOP('',(#577,#578,#579,#580,#581,#582,#583,#584,#585,#586,#587,
#588,#589,#590,#591,#592,#593,#594,#595,#596,#597,#598,#599,#600,#601,#602,
#603,#604,#605,#606,#607,#608,#609,#610,#611,#612,#613,#614,#615,#616,#617,
#618,#619,#620,#621,#622,#623,#624,#625,#626,#627,#628,#629,#630,#631,#632,
#633,#634,#635,#636,#637,#638,#639,#640,#641,#642,#643,#644,#645,#646,#647,
#648,#649,#650,#651,#652,#653,#654,#655,#656,#657,#658,#659,#660,#661,#662,
#663,#664,#665,#666,#667,#668,#669,#670,#671,#672,#673,#674,#675,#676,#677,
#678,#679,#680,#681,#682,#683,#684,#685,#686,#687,#688,#689,#690,#691,#692,
#693,#694,#695,#696,#697,#698,#699,#700,#701,#702,#703,#704,#705,#706,#707,
#708,#709,#710,#711,#712,#713,#714,#715));
#2517=EDGE_LOOP('',(#716,#717,#718,#719));
#2518=EDGE_LOOP('',(#720,#721,#722,#723));
#2519=EDGE_LOOP('',(#724,#725,#726,#727));
#2520=EDGE_LOOP('',(#728,#729,#730,#731));
#2521=EDGE_LOOP('',(#732,#733,#734,#735));
#2522=EDGE_LOOP('',(#736,#737,#738,#739));
#2523=EDGE_LOOP('',(#740,#741,#742,#743));
#2524=EDGE_LOOP('',(#744,#745,#746,#747));
#2525=EDGE_LOOP('',(#748,#749,#750,#751));
#2526=EDGE_LOOP('',(#752,#753,#754,#755));
#2527=EDGE_LOOP('',(#756,#757,#758,#759));
#2528=EDGE_LOOP('',(#760,#761,#762,#763));
#2529=EDGE_LOOP('',(#764,#765,#766,#767));
#2530=EDGE_LOOP('',(#768,#769,#770,#771));
#2531=EDGE_LOOP('',(#772,#773,#774,#775));
#2532=EDGE_LOOP('',(#776,#777,#778,#779));
#2533=EDGE_LOOP('',(#780,#781,#782,#783));
#2534=EDGE_LOOP('',(#784,#785,#786,#787));
#2535=EDGE_LOOP('',(#788,#789,#790,#791));
#2536=EDGE_LOOP('',(#792,#793,#794,#795));
#2537=EDGE_LOOP('',(#796,#797,#798,#799));
#2538=EDGE_LOOP('',(#800,#801,#802,#803));
#2539=EDGE_LOOP('',(#804,#805,#806,#807));
#2540=EDGE_LOOP('',(#808,#809,#810,#811));
#2541=EDGE_LOOP('',(#812,#813,#814,#815));
#2542=EDGE_LOOP('',(#816,#817,#818,#819));
#2543=EDGE_LOOP('',(#820,#821,#822,#823));
#2544=EDGE_LOOP('',(#824,#825,#826,#827));
#2545=EDGE_LOOP('',(#828,#829,#830,#831));
#2546=EDGE_LOOP('',(#832,#833,#834,#835));
#2547=EDGE_LOOP('',(#836,#837,#838,#839));
#2548=EDGE_LOOP('',(#840,#841,#842,#843));
#2549=EDGE_LOOP('',(#844,#845,#846,#847));
#2550=EDGE_LOOP('',(#848,#849,#850,#851));
#2551=EDGE_LOOP('',(#852,#853,#854,#855));
#2552=EDGE_LOOP('',(#856,#857,#858,#859));
#2553=EDGE_LOOP('',(#860,#861,#862,#863));
#2554=EDGE_LOOP('',(#864,#865,#866,#867));
#2555=EDGE_LOOP('',(#868,#869,#870,#871));
#2556=EDGE_LOOP('',(#872,#873,#874,#875));
#2557=EDGE_LOOP('',(#876,#877,#878,#879));
#2558=EDGE_LOOP('',(#880,#881,#882,#883));
#2559=EDGE_LOOP('',(#884,#885,#886,#887));
#2560=EDGE_LOOP('',(#888,#889,#890,#891));
#2561=EDGE_LOOP('',(#892,#893,#894,#895));
#2562=EDGE_LOOP('',(#896,#897,#898,#899));
#2563=EDGE_LOOP('',(#900,#901,#902,#903));
#2564=EDGE_LOOP('',(#904,#905,#906,#907));
#2565=EDGE_LOOP('',(#908,#909,#910,#911));
#2566=EDGE_LOOP('',(#912,#913,#914,#915));
#2567=EDGE_LOOP('',(#916,#917,#918,#919));
#2568=EDGE_LOOP('',(#920,#921,#922,#923));
#2569=EDGE_LOOP('',(#924,#925,#926,#927));
#2570=EDGE_LOOP('',(#928,#929,#930,#931));
#2571=EDGE_LOOP('',(#932,#933,#934,#935,#936));
#2572=EDGE_LOOP('',(#937,#938,#939,#940));
#2573=EDGE_LOOP('',(#941,#942,#943,#944));
#2574=EDGE_LOOP('',(#945,#946,#947,#948));
#2575=EDGE_LOOP('',(#949,#950,#951,#952));
#2576=EDGE_LOOP('',(#953,#954,#955,#956));
#2577=EDGE_LOOP('',(#957,#958,#959,#960,#961));
#2578=EDGE_LOOP('',(#962,#963,#964,#965));
#2579=EDGE_LOOP('',(#966,#967,#968,#969));
#2580=EDGE_LOOP('',(#970,#971,#972,#973));
#2581=EDGE_LOOP('',(#974,#975,#976,#977));
#2582=EDGE_LOOP('',(#978,#979,#980,#981));
#2583=EDGE_LOOP('',(#982,#983,#984,#985));
#2584=EDGE_LOOP('',(#986,#987,#988,#989));
#2585=EDGE_LOOP('',(#990,#991,#992,#993));
#2586=EDGE_LOOP('',(#994,#995,#996,#997));
#2587=EDGE_LOOP('',(#998,#999,#1000,#1001));
#2588=EDGE_LOOP('',(#1002,#1003,#1004,#1005));
#2589=EDGE_LOOP('',(#1006,#1007,#1008,#1009));
#2590=EDGE_LOOP('',(#1010,#1011,#1012,#1013));
#2591=EDGE_LOOP('',(#1014,#1015,#1016,#1017));
#2592=EDGE_LOOP('',(#1018,#1019,#1020,#1021));
#2593=EDGE_LOOP('',(#1022,#1023,#1024,#1025));
#2594=EDGE_LOOP('',(#1026,#1027,#1028,#1029));
#2595=EDGE_LOOP('',(#1030,#1031,#1032,#1033));
#2596=EDGE_LOOP('',(#1034,#1035,#1036,#1037));
#2597=EDGE_LOOP('',(#1038,#1039,#1040,#1041));
#2598=EDGE_LOOP('',(#1042,#1043,#1044,#1045));
#2599=EDGE_LOOP('',(#1046,#1047,#1048,#1049));
#2600=EDGE_LOOP('',(#1050,#1051,#1052,#1053));
#2601=EDGE_LOOP('',(#1054,#1055,#1056,#1057));
#2602=EDGE_LOOP('',(#1058,#1059,#1060,#1061));
#2603=EDGE_LOOP('',(#1062,#1063,#1064,#1065));
#2604=EDGE_LOOP('',(#1066,#1067,#1068,#1069));
#2605=EDGE_LOOP('',(#1070,#1071,#1072,#1073));
#2606=EDGE_LOOP('',(#1074,#1075,#1076,#1077));
#2607=EDGE_LOOP('',(#1078,#1079,#1080,#1081));
#2608=EDGE_LOOP('',(#1082,#1083,#1084,#1085));
#2609=EDGE_LOOP('',(#1086,#1087,#1088,#1089));
#2610=EDGE_LOOP('',(#1090,#1091,#1092,#1093));
#2611=EDGE_LOOP('',(#1094,#1095,#1096,#1097));
#2612=EDGE_LOOP('',(#1098,#1099,#1100,#1101));
#2613=EDGE_LOOP('',(#1102,#1103,#1104,#1105));
#2614=EDGE_LOOP('',(#1106,#1107,#1108,#1109));
#2615=EDGE_LOOP('',(#1110,#1111,#1112,#1113));
#2616=EDGE_LOOP('',(#1114,#1115,#1116,#1117));
#2617=EDGE_LOOP('',(#1118,#1119,#1120,#1121));
#2618=EDGE_LOOP('',(#1122,#1123,#1124,#1125));
#2619=EDGE_LOOP('',(#1126,#1127,#1128,#1129));
#2620=EDGE_LOOP('',(#1130,#1131,#1132,#1133));
#2621=EDGE_LOOP('',(#1134,#1135,#1136,#1137));
#2622=EDGE_LOOP('',(#1138,#1139,#1140,#1141));
#2623=EDGE_LOOP('',(#1142,#1143,#1144,#1145));
#2624=EDGE_LOOP('',(#1146,#1147,#1148,#1149));
#2625=EDGE_LOOP('',(#1150,#1151,#1152,#1153));
#2626=EDGE_LOOP('',(#1154,#1155,#1156,#1157));
#2627=EDGE_LOOP('',(#1158,#1159,#1160,#1161));
#2628=EDGE_LOOP('',(#1162,#1163,#1164,#1165));
#2629=EDGE_LOOP('',(#1166,#1167,#1168,#1169));
#2630=EDGE_LOOP('',(#1170,#1171,#1172,#1173));
#2631=EDGE_LOOP('',(#1174,#1175,#1176,#1177));
#2632=EDGE_LOOP('',(#1178,#1179,#1180,#1181));
#2633=EDGE_LOOP('',(#1182,#1183,#1184,#1185));
#2634=EDGE_LOOP('',(#1186,#1187,#1188,#1189));
#2635=EDGE_LOOP('',(#1190,#1191,#1192,#1193));
#2636=EDGE_LOOP('',(#1194,#1195,#1196,#1197));
#2637=EDGE_LOOP('',(#1198,#1199,#1200,#1201));
#2638=EDGE_LOOP('',(#1202,#1203,#1204,#1205));
#2639=EDGE_LOOP('',(#1206,#1207,#1208,#1209));
#2640=EDGE_LOOP('',(#1210,#1211,#1212,#1213));
#2641=EDGE_LOOP('',(#1214,#1215,#1216,#1217));
#2642=EDGE_LOOP('',(#1218,#1219,#1220,#1221));
#2643=EDGE_LOOP('',(#1222,#1223,#1224,#1225));
#2644=EDGE_LOOP('',(#1226,#1227,#1228,#1229));
#2645=EDGE_LOOP('',(#1230,#1231,#1232,#1233));
#2646=EDGE_LOOP('',(#1234,#1235,#1236,#1237));
#2647=EDGE_LOOP('',(#1238,#1239,#1240,#1241));
#2648=EDGE_LOOP('',(#1242,#1243,#1244,#1245));
#2649=EDGE_LOOP('',(#1246,#1247,#1248,#1249));
#2650=EDGE_LOOP('',(#1250,#1251,#1252,#1253));
#2651=EDGE_LOOP('',(#1254,#1255,#1256,#1257));
#2652=EDGE_LOOP('',(#1258,#1259,#1260,#1261));
#2653=EDGE_LOOP('',(#1262,#1263,#1264,#1265));
#2654=EDGE_LOOP('',(#1266,#1267,#1268,#1269));
#2655=EDGE_LOOP('',(#1270,#1271,#1272,#1273));
#2656=EDGE_LOOP('',(#1274,#1275,#1276,#1277));
#2657=EDGE_LOOP('',(#1278,#1279,#1280,#1281));
#2658=EDGE_LOOP('',(#1282,#1283,#1284,#1285));
#2659=EDGE_LOOP('',(#1286,#1287,#1288,#1289));
#2660=EDGE_LOOP('',(#1290,#1291,#1292,#1293));
#2661=EDGE_LOOP('',(#1294,#1295,#1296,#1297));
#2662=EDGE_LOOP('',(#1298,#1299,#1300,#1301));
#2663=EDGE_LOOP('',(#1302,#1303,#1304,#1305));
#2664=EDGE_LOOP('',(#1306,#1307,#1308,#1309));
#2665=EDGE_LOOP('',(#1310,#1311,#1312,#1313));
#2666=EDGE_LOOP('',(#1314,#1315,#1316,#1317));
#2667=EDGE_LOOP('',(#1318));
#2668=EDGE_LOOP('',(#1319,#1320,#1321,#1322,#1323,#1324,#1325,#1326,#1327,
#1328,#1329,#1330,#1331,#1332,#1333,#1334,#1335,#1336,#1337));
#2669=EDGE_LOOP('',(#1338,#1339,#1340,#1341));
#2670=EDGE_LOOP('',(#1342,#1343,#1344,#1345,#1346));
#2671=EDGE_LOOP('',(#1347,#1348,#1349,#1350));
#2672=EDGE_LOOP('',(#1351,#1352,#1353,#1354,#1355));
#2673=EDGE_LOOP('',(#1356));
#2674=EDGE_LOOP('',(#1357));
#2675=EDGE_LOOP('',(#1358));
#2676=EDGE_LOOP('',(#1359));
#2677=EDGE_LOOP('',(#1360));
#2678=EDGE_LOOP('',(#1361,#1362,#1363,#1364));
#2679=EDGE_LOOP('',(#1365));
#2680=EDGE_LOOP('',(#1366));
#2681=EDGE_LOOP('',(#1367,#1368,#1369,#1370,#1371,#1372,#1373,#1374,#1375,
#1376,#1377,#1378,#1379,#1380,#1381,#1382,#1383,#1384,#1385,#1386,#1387,
#1388,#1389,#1390,#1391,#1392,#1393,#1394,#1395,#1396,#1397,#1398,#1399,
#1400,#1401,#1402,#1403,#1404,#1405,#1406,#1407,#1408,#1409,#1410,#1411,
#1412,#1413,#1414,#1415,#1416,#1417,#1418,#1419,#1420,#1421,#1422,#1423,
#1424,#1425,#1426,#1427,#1428,#1429,#1430,#1431,#1432,#1433,#1434,#1435,
#1436,#1437,#1438,#1439,#1440,#1441,#1442,#1443,#1444,#1445,#1446,#1447,
#1448,#1449,#1450,#1451,#1452,#1453,#1454,#1455,#1456,#1457,#1458,#1459,
#1460,#1461,#1462,#1463,#1464,#1465,#1466,#1467,#1468,#1469,#1470,#1471,
#1472,#1473,#1474,#1475,#1476,#1477,#1478,#1479,#1480,#1481,#1482,#1483,
#1484,#1485,#1486,#1487,#1488,#1489,#1490,#1491,#1492,#1493,#1494,#1495,
#1496,#1497,#1498,#1499,#1500,#1501,#1502,#1503,#1504,#1505,#1506,#1507,
#1508,#1509,#1510,#1511,#1512,#1513,#1514,#1515,#1516));
#2682=FACE_BOUND('',#2516,.T.);
#2683=FACE_BOUND('',#2517,.T.);
#2684=FACE_BOUND('',#2518,.T.);
#2685=FACE_BOUND('',#2519,.T.);
#2686=FACE_BOUND('',#2520,.T.);
#2687=FACE_BOUND('',#2521,.T.);
#2688=FACE_BOUND('',#2522,.T.);
#2689=FACE_BOUND('',#2523,.T.);
#2690=FACE_BOUND('',#2524,.T.);
#2691=FACE_BOUND('',#2525,.T.);
#2692=FACE_BOUND('',#2526,.T.);
#2693=FACE_BOUND('',#2527,.T.);
#2694=FACE_BOUND('',#2528,.T.);
#2695=FACE_BOUND('',#2529,.T.);
#2696=FACE_BOUND('',#2530,.T.);
#2697=FACE_BOUND('',#2531,.T.);
#2698=FACE_BOUND('',#2532,.T.);
#2699=FACE_BOUND('',#2533,.T.);
#2700=FACE_BOUND('',#2534,.T.);
#2701=FACE_BOUND('',#2535,.T.);
#2702=FACE_BOUND('',#2536,.T.);
#2703=FACE_BOUND('',#2537,.T.);
#2704=FACE_BOUND('',#2538,.T.);
#2705=FACE_BOUND('',#2539,.T.);
#2706=FACE_BOUND('',#2540,.T.);
#2707=FACE_BOUND('',#2541,.T.);
#2708=FACE_BOUND('',#2542,.T.);
#2709=FACE_BOUND('',#2543,.T.);
#2710=FACE_BOUND('',#2544,.T.);
#2711=FACE_BOUND('',#2545,.T.);
#2712=FACE_BOUND('',#2546,.T.);
#2713=FACE_BOUND('',#2547,.T.);
#2714=FACE_BOUND('',#2548,.T.);
#2715=FACE_BOUND('',#2549,.T.);
#2716=FACE_BOUND('',#2550,.T.);
#2717=FACE_BOUND('',#2551,.T.);
#2718=FACE_BOUND('',#2552,.T.);
#2719=FACE_BOUND('',#2553,.T.);
#2720=FACE_BOUND('',#2554,.T.);
#2721=FACE_BOUND('',#2555,.T.);
#2722=FACE_BOUND('',#2556,.T.);
#2723=FACE_BOUND('',#2557,.T.);
#2724=FACE_BOUND('',#2558,.T.);
#2725=FACE_BOUND('',#2559,.T.);
#2726=FACE_BOUND('',#2560,.T.);
#2727=FACE_BOUND('',#2561,.T.);
#2728=FACE_BOUND('',#2562,.T.);
#2729=FACE_BOUND('',#2563,.T.);
#2730=FACE_BOUND('',#2564,.T.);
#2731=FACE_BOUND('',#2565,.T.);
#2732=FACE_BOUND('',#2566,.T.);
#2733=FACE_BOUND('',#2567,.T.);
#2734=FACE_BOUND('',#2568,.T.);
#2735=FACE_BOUND('',#2569,.T.);
#2736=FACE_BOUND('',#2570,.T.);
#2737=FACE_BOUND('',#2571,.T.);
#2738=FACE_BOUND('',#2572,.T.);
#2739=FACE_BOUND('',#2573,.T.);
#2740=FACE_BOUND('',#2574,.T.);
#2741=FACE_BOUND('',#2575,.T.);
#2742=FACE_BOUND('',#2576,.T.);
#2743=FACE_BOUND('',#2577,.T.);
#2744=FACE_BOUND('',#2578,.T.);
#2745=FACE_BOUND('',#2579,.T.);
#2746=FACE_BOUND('',#2580,.T.);
#2747=FACE_BOUND('',#2581,.T.);
#2748=FACE_BOUND('',#2582,.T.);
#2749=FACE_BOUND('',#2583,.T.);
#2750=FACE_BOUND('',#2584,.T.);
#2751=FACE_BOUND('',#2585,.T.);
#2752=FACE_BOUND('',#2586,.T.);
#2753=FACE_BOUND('',#2587,.T.);
#2754=FACE_BOUND('',#2588,.T.);
#2755=FACE_BOUND('',#2589,.T.);
#2756=FACE_BOUND('',#2590,.T.);
#2757=FACE_BOUND('',#2591,.T.);
#2758=FACE_BOUND('',#2592,.T.);
#2759=FACE_BOUND('',#2593,.T.);
#2760=FACE_BOUND('',#2594,.T.);
#2761=FACE_BOUND('',#2595,.T.);
#2762=FACE_BOUND('',#2596,.T.);
#2763=FACE_BOUND('',#2597,.T.);
#2764=FACE_BOUND('',#2598,.T.);
#2765=FACE_BOUND('',#2599,.T.);
#2766=FACE_BOUND('',#2600,.T.);
#2767=FACE_BOUND('',#2601,.T.);
#2768=FACE_BOUND('',#2602,.T.);
#2769=FACE_BOUND('',#2603,.T.);
#2770=FACE_BOUND('',#2604,.T.);
#2771=FACE_BOUND('',#2605,.T.);
#2772=FACE_BOUND('',#2606,.T.);
#2773=FACE_BOUND('',#2607,.T.);
#2774=FACE_BOUND('',#2608,.T.);
#2775=FACE_BOUND('',#2609,.T.);
#2776=FACE_BOUND('',#2610,.T.);
#2777=FACE_BOUND('',#2611,.T.);
#2778=FACE_BOUND('',#2612,.T.);
#2779=FACE_BOUND('',#2613,.T.);
#2780=FACE_BOUND('',#2614,.T.);
#2781=FACE_BOUND('',#2615,.T.);
#2782=FACE_BOUND('',#2616,.T.);
#2783=FACE_BOUND('',#2617,.T.);
#2784=FACE_BOUND('',#2618,.T.);
#2785=FACE_BOUND('',#2619,.T.);
#2786=FACE_BOUND('',#2620,.T.);
#2787=FACE_BOUND('',#2621,.T.);
#2788=FACE_BOUND('',#2622,.T.);
#2789=FACE_BOUND('',#2623,.T.);
#2790=FACE_BOUND('',#2624,.T.);
#2791=FACE_BOUND('',#2625,.T.);
#2792=FACE_BOUND('',#2626,.T.);
#2793=FACE_BOUND('',#2627,.T.);
#2794=FACE_BOUND('',#2628,.T.);
#2795=FACE_BOUND('',#2629,.T.);
#2796=FACE_BOUND('',#2630,.T.);
#2797=FACE_BOUND('',#2631,.T.);
#2798=FACE_BOUND('',#2632,.T.);
#2799=FACE_BOUND('',#2633,.T.);
#2800=FACE_BOUND('',#2634,.T.);
#2801=FACE_BOUND('',#2635,.T.);
#2802=FACE_BOUND('',#2636,.T.);
#2803=FACE_BOUND('',#2637,.T.);
#2804=FACE_BOUND('',#2638,.T.);
#2805=FACE_BOUND('',#2639,.T.);
#2806=FACE_BOUND('',#2640,.T.);
#2807=FACE_BOUND('',#2641,.T.);
#2808=FACE_BOUND('',#2642,.T.);
#2809=FACE_BOUND('',#2643,.T.);
#2810=FACE_BOUND('',#2644,.T.);
#2811=FACE_BOUND('',#2645,.T.);
#2812=FACE_BOUND('',#2646,.T.);
#2813=FACE_BOUND('',#2647,.T.);
#2814=FACE_BOUND('',#2648,.T.);
#2815=FACE_BOUND('',#2649,.T.);
#2816=FACE_BOUND('',#2650,.T.);
#2817=FACE_BOUND('',#2651,.T.);
#2818=FACE_BOUND('',#2652,.T.);
#2819=FACE_BOUND('',#2653,.T.);
#2820=FACE_BOUND('',#2654,.T.);
#2821=FACE_BOUND('',#2655,.T.);
#2822=FACE_BOUND('',#2656,.T.);
#2823=FACE_BOUND('',#2657,.T.);
#2824=FACE_BOUND('',#2658,.T.);
#2825=FACE_BOUND('',#2659,.T.);
#2826=FACE_BOUND('',#2660,.T.);
#2827=FACE_BOUND('',#2661,.T.);
#2828=FACE_BOUND('',#2662,.T.);
#2829=FACE_BOUND('',#2663,.T.);
#2830=FACE_BOUND('',#2664,.T.);
#2831=FACE_BOUND('',#2665,.T.);
#2832=FACE_BOUND('',#2666,.T.);
#2833=FACE_BOUND('',#2667,.T.);
#2834=FACE_BOUND('',#2668,.T.);
#2835=FACE_BOUND('',#2669,.T.);
#2836=FACE_BOUND('',#2670,.T.);
#2837=FACE_BOUND('',#2671,.T.);
#2838=FACE_BOUND('',#2672,.T.);
#2839=FACE_BOUND('',#2673,.T.);
#2840=FACE_BOUND('',#2674,.T.);
#2841=FACE_BOUND('',#2675,.T.);
#2842=FACE_BOUND('',#2676,.T.);
#2843=FACE_BOUND('',#2677,.T.);
#2844=FACE_BOUND('',#2678,.T.);
#2845=FACE_BOUND('',#2679,.T.);
#2846=FACE_BOUND('',#2680,.T.);
#2847=FACE_BOUND('',#2681,.T.);
#2848=PLANE('',#3025);
#2849=PLANE('',#3330);
#2850=PLANE('',#3348);
#2851=PLANE('',#3349);
#2852=ADVANCED_FACE('',(#2682),#2848,.T.);
#2853=ADVANCED_FACE('',(#2683),#370,.T.);
#2854=ADVANCED_FACE('',(#2684),#371,.T.);
#2855=ADVANCED_FACE('',(#2685),#372,.T.);
#2856=ADVANCED_FACE('',(#2686),#373,.T.);
#2857=ADVANCED_FACE('',(#2687),#374,.T.);
#2858=ADVANCED_FACE('',(#2688),#375,.T.);
#2859=ADVANCED_FACE('',(#2689),#376,.T.);
#2860=ADVANCED_FACE('',(#2690),#377,.T.);
#2861=ADVANCED_FACE('',(#2691),#378,.T.);
#2862=ADVANCED_FACE('',(#2692),#379,.T.);
#2863=ADVANCED_FACE('',(#2693),#380,.T.);
#2864=ADVANCED_FACE('',(#2694),#381,.T.);
#2865=ADVANCED_FACE('',(#2695),#382,.T.);
#2866=ADVANCED_FACE('',(#2696),#383,.T.);
#2867=ADVANCED_FACE('',(#2697),#384,.T.);
#2868=ADVANCED_FACE('',(#2698),#385,.T.);
#2869=ADVANCED_FACE('',(#2699),#386,.T.);
#2870=ADVANCED_FACE('',(#2700),#387,.T.);
#2871=ADVANCED_FACE('',(#2701),#388,.T.);
#2872=ADVANCED_FACE('',(#2702),#389,.T.);
#2873=ADVANCED_FACE('',(#2703),#390,.T.);
#2874=ADVANCED_FACE('',(#2704),#391,.T.);
#2875=ADVANCED_FACE('',(#2705),#392,.T.);
#2876=ADVANCED_FACE('',(#2706),#393,.T.);
#2877=ADVANCED_FACE('',(#2707),#394,.T.);
#2878=ADVANCED_FACE('',(#2708),#12,.T.);
#2879=ADVANCED_FACE('',(#2709),#13,.F.);
#2880=ADVANCED_FACE('',(#2710),#395,.T.);
#2881=ADVANCED_FACE('',(#2711),#396,.F.);
#2882=ADVANCED_FACE('',(#2712),#397,.F.);
#2883=ADVANCED_FACE('',(#2713),#14,.T.);
#2884=ADVANCED_FACE('',(#2714),#15,.F.);
#2885=ADVANCED_FACE('',(#2715),#398,.T.);
#2886=ADVANCED_FACE('',(#2716),#399,.F.);
#2887=ADVANCED_FACE('',(#2717),#400,.F.);
#2888=ADVANCED_FACE('',(#2718),#16,.T.);
#2889=ADVANCED_FACE('',(#2719),#17,.F.);
#2890=ADVANCED_FACE('',(#2720),#401,.T.);
#2891=ADVANCED_FACE('',(#2721),#402,.F.);
#2892=ADVANCED_FACE('',(#2722),#403,.F.);
#2893=ADVANCED_FACE('',(#2723),#18,.T.);
#2894=ADVANCED_FACE('',(#2724),#19,.F.);
#2895=ADVANCED_FACE('',(#2725),#404,.T.);
#2896=ADVANCED_FACE('',(#2726),#405,.F.);
#2897=ADVANCED_FACE('',(#2727),#406,.F.);
#2898=ADVANCED_FACE('',(#2728),#20,.T.);
#2899=ADVANCED_FACE('',(#2729),#21,.F.);
#2900=ADVANCED_FACE('',(#2730),#407,.T.);
#2901=ADVANCED_FACE('',(#2731),#408,.F.);
#2902=ADVANCED_FACE('',(#2732),#409,.F.);
#2903=ADVANCED_FACE('',(#2733),#22,.T.);
#2904=ADVANCED_FACE('',(#2734),#23,.F.);
#2905=ADVANCED_FACE('',(#2735),#410,.T.);
#2906=ADVANCED_FACE('',(#2736),#411,.F.);
#2907=ADVANCED_FACE('',(#2737),#412,.F.);
#2908=ADVANCED_FACE('',(#2738),#24,.T.);
#2909=ADVANCED_FACE('',(#2739),#25,.F.);
#2910=ADVANCED_FACE('',(#2740),#413,.T.);
#2911=ADVANCED_FACE('',(#2741),#414,.F.);
#2912=ADVANCED_FACE('',(#2742),#415,.F.);
#2913=ADVANCED_FACE('',(#2743),#26,.T.);
#2914=ADVANCED_FACE('',(#2744),#27,.F.);
#2915=ADVANCED_FACE('',(#2745),#416,.T.);
#2916=ADVANCED_FACE('',(#2746),#417,.F.);
#2917=ADVANCED_FACE('',(#2747),#418,.F.);
#2918=ADVANCED_FACE('',(#2748),#28,.T.);
#2919=ADVANCED_FACE('',(#2749),#29,.F.);
#2920=ADVANCED_FACE('',(#2750),#419,.T.);
#2921=ADVANCED_FACE('',(#2751),#420,.F.);
#2922=ADVANCED_FACE('',(#2752),#421,.F.);
#2923=ADVANCED_FACE('',(#2753),#30,.T.);
#2924=ADVANCED_FACE('',(#2754),#31,.F.);
#2925=ADVANCED_FACE('',(#2755),#422,.T.);
#2926=ADVANCED_FACE('',(#2756),#423,.F.);
#2927=ADVANCED_FACE('',(#2757),#424,.F.);
#2928=ADVANCED_FACE('',(#2758),#32,.T.);
#2929=ADVANCED_FACE('',(#2759),#33,.F.);
#2930=ADVANCED_FACE('',(#2760),#425,.T.);
#2931=ADVANCED_FACE('',(#2761),#426,.F.);
#2932=ADVANCED_FACE('',(#2762),#427,.F.);
#2933=ADVANCED_FACE('',(#2763),#34,.T.);
#2934=ADVANCED_FACE('',(#2764),#35,.F.);
#2935=ADVANCED_FACE('',(#2765),#428,.T.);
#2936=ADVANCED_FACE('',(#2766),#429,.F.);
#2937=ADVANCED_FACE('',(#2767),#430,.F.);
#2938=ADVANCED_FACE('',(#2768),#36,.T.);
#2939=ADVANCED_FACE('',(#2769),#37,.F.);
#2940=ADVANCED_FACE('',(#2770),#431,.T.);
#2941=ADVANCED_FACE('',(#2771),#432,.F.);
#2942=ADVANCED_FACE('',(#2772),#433,.F.);
#2943=ADVANCED_FACE('',(#2773),#38,.T.);
#2944=ADVANCED_FACE('',(#2774),#39,.F.);
#2945=ADVANCED_FACE('',(#2775),#434,.T.);
#2946=ADVANCED_FACE('',(#2776),#435,.F.);
#2947=ADVANCED_FACE('',(#2777),#436,.F.);
#2948=ADVANCED_FACE('',(#2778),#40,.T.);
#2949=ADVANCED_FACE('',(#2779),#41,.F.);
#2950=ADVANCED_FACE('',(#2780),#437,.T.);
#2951=ADVANCED_FACE('',(#2781),#438,.F.);
#2952=ADVANCED_FACE('',(#2782),#439,.F.);
#2953=ADVANCED_FACE('',(#2783),#42,.T.);
#2954=ADVANCED_FACE('',(#2784),#43,.F.);
#2955=ADVANCED_FACE('',(#2785),#440,.T.);
#2956=ADVANCED_FACE('',(#2786),#441,.F.);
#2957=ADVANCED_FACE('',(#2787),#442,.F.);
#2958=ADVANCED_FACE('',(#2788),#44,.T.);
#2959=ADVANCED_FACE('',(#2789),#45,.F.);
#2960=ADVANCED_FACE('',(#2790),#443,.T.);
#2961=ADVANCED_FACE('',(#2791),#444,.F.);
#2962=ADVANCED_FACE('',(#2792),#445,.F.);
#2963=ADVANCED_FACE('',(#2793),#46,.T.);
#2964=ADVANCED_FACE('',(#2794),#47,.F.);
#2965=ADVANCED_FACE('',(#2795),#446,.T.);
#2966=ADVANCED_FACE('',(#2796),#447,.F.);
#2967=ADVANCED_FACE('',(#2797),#448,.F.);
#2968=ADVANCED_FACE('',(#2798),#48,.T.);
#2969=ADVANCED_FACE('',(#2799),#49,.F.);
#2970=ADVANCED_FACE('',(#2800),#449,.T.);
#2971=ADVANCED_FACE('',(#2801),#450,.F.);
#2972=ADVANCED_FACE('',(#2802),#451,.F.);
#2973=ADVANCED_FACE('',(#2803),#50,.T.);
#2974=ADVANCED_FACE('',(#2804),#51,.F.);
#2975=ADVANCED_FACE('',(#2805),#452,.T.);
#2976=ADVANCED_FACE('',(#2806),#453,.F.);
#2977=ADVANCED_FACE('',(#2807),#454,.F.);
#2978=ADVANCED_FACE('',(#2808),#52,.T.);
#2979=ADVANCED_FACE('',(#2809),#53,.F.);
#2980=ADVANCED_FACE('',(#2810),#455,.T.);
#2981=ADVANCED_FACE('',(#2811),#456,.F.);
#2982=ADVANCED_FACE('',(#2812),#457,.F.);
#2983=ADVANCED_FACE('',(#2813),#54,.T.);
#2984=ADVANCED_FACE('',(#2814),#55,.F.);
#2985=ADVANCED_FACE('',(#2815),#458,.T.);
#2986=ADVANCED_FACE('',(#2816),#459,.F.);
#2987=ADVANCED_FACE('',(#2817),#460,.F.);
#2988=ADVANCED_FACE('',(#2818),#56,.T.);
#2989=ADVANCED_FACE('',(#2819),#57,.F.);
#2990=ADVANCED_FACE('',(#2820),#461,.T.);
#2991=ADVANCED_FACE('',(#2821),#462,.F.);
#2992=ADVANCED_FACE('',(#2822),#463,.F.);
#2993=ADVANCED_FACE('',(#2823),#58,.T.);
#2994=ADVANCED_FACE('',(#2824),#59,.F.);
#2995=ADVANCED_FACE('',(#2825),#464,.T.);
#2996=ADVANCED_FACE('',(#2826),#465,.F.);
#2997=ADVANCED_FACE('',(#2827),#466,.F.);
#2998=ADVANCED_FACE('',(#2828),#60,.T.);
#2999=ADVANCED_FACE('',(#2829),#61,.F.);
#3000=ADVANCED_FACE('',(#2830),#467,.T.);
#3001=ADVANCED_FACE('',(#2831),#468,.F.);
#3002=ADVANCED_FACE('',(#2832),#469,.F.);
#3003=ADVANCED_FACE('',(#2833,#2834),#2849,.T.);
#3004=ADVANCED_FACE('',(#2835),#470,.T.);
#3005=ADVANCED_FACE('',(#2836),#471,.F.);
#3006=ADVANCED_FACE('',(#2837),#472,.T.);
#3007=ADVANCED_FACE('',(#2838),#473,.F.);
#3008=ADVANCED_FACE('',(#2839,#2840),#474,.F.);
#3009=ADVANCED_FACE('',(#2841,#2842),#475,.F.);
#3010=ADVANCED_FACE('',(#2843,#2844,#2845),#2850,.F.);
#3011=ADVANCED_FACE('',(#2846,#2847),#2851,.F.);
#3012=CLOSED_SHELL('',(#2852,#2853,#2854,#2855,#2856,#2857,#2858,#2859,
#2860,#2861,#2862,#2863,#2864,#2865,#2866,#2867,#2868,#2869,#2870,#2871,
#2872,#2873,#2874,#2875,#2876,#2877,#2878,#2879,#2880,#2881,#2882,#2883,
#2884,#2885,#2886,#2887,#2888,#2889,#2890,#2891,#2892,#2893,#2894,#2895,
#2896,#2897,#2898,#2899,#2900,#2901,#2902,#2903,#2904,#2905,#2906,#2907,
#2908,#2909,#2910,#2911,#2912,#2913,#2914,#2915,#2916,#2917,#2918,#2919,
#2920,#2921,#2922,#2923,#2924,#2925,#2926,#2927,#2928,#2929,#2930,#2931,
#2932,#2933,#2934,#2935,#2936,#2937,#2938,#2939,#2940,#2941,#2942,#2943,
#2944,#2945,#2946,#2947,#2948,#2949,#2950,#2951,#2952,#2953,#2954,#2955,
#2956,#2957,#2958,#2959,#2960,#2961,#2962,#2963,#2964,#2965,#2966,#2967,
#2968,#2969,#2970,#2971,#2972,#2973,#2974,#2975,#2976,#2977,#2978,#2979,
#2980,#2981,#2982,#2983,#2984,#2985,#2986,#2987,#2988,#2989,#2990,#2991,
#2992,#2993,#2994,#2995,#2996,#2997,#2998,#2999,#3000,#3001,#3002,#3003,
#3004,#3005,#3006,#3007,#3008,#3009,#3010,#3011));
#3013=STYLED_ITEM('',(#3014),#3021);
#3014=PRESENTATION_STYLE_ASSIGNMENT((#3015));
#3015=SURFACE_STYLE_USAGE(.BOTH.,#3016);
#3016=SURFACE_SIDE_STYLE('',(#3017));
#3017=SURFACE_STYLE_FILL_AREA(#3018);
#3018=FILL_AREA_STYLE('',(#3019));
#3019=FILL_AREA_STYLE_COLOUR('',#3020);
#3020=COLOUR_RGB('',0.972549019607843,0.529411764705882,0.00392156862745098);
#3021=MANIFOLD_SOLID_BREP('X Drive',#3012);
#3022=SHAPE_DEFINITION_REPRESENTATION(#9488,#3023);
#3023=SHAPE_REPRESENTATION('X Drive',(#3024),#9483);
#3024=AXIS2_PLACEMENT_3D('',#4156,#3350,#3351);
#3025=AXIS2_PLACEMENT_3D('',#4157,#3352,#3353);
#3026=AXIS2_PLACEMENT_3D('',#4158,#3354,#3355);
#3027=AXIS2_PLACEMENT_3D('',#4161,#3356,#3357);
#3028=AXIS2_PLACEMENT_3D('',#4196,#3358,#3359);
#3029=AXIS2_PLACEMENT_3D('',#4231,#3360,#3361);
#3030=AXIS2_PLACEMENT_3D('',#4233,#3362,#3363);
#3031=AXIS2_PLACEMENT_3D('',#4235,#3364,#3365);
#3032=AXIS2_PLACEMENT_3D('',#4270,#3366,#3367);
#3033=AXIS2_PLACEMENT_3D('',#4305,#3368,#3369);
#3034=AXIS2_PLACEMENT_3D('',#4307,#3370,#3371);
#3035=AXIS2_PLACEMENT_3D('',#4309,#3372,#3373);
#3036=AXIS2_PLACEMENT_3D('',#4344,#3374,#3375);
#3037=AXIS2_PLACEMENT_3D('',#4379,#3376,#3377);
#3038=AXIS2_PLACEMENT_3D('',#4381,#3378,#3379);
#3039=AXIS2_PLACEMENT_3D('',#4383,#3380,#3381);
#3040=AXIS2_PLACEMENT_3D('',#4418,#3382,#3383);
#3041=AXIS2_PLACEMENT_3D('',#4453,#3384,#3385);
#3042=AXIS2_PLACEMENT_3D('',#4455,#3386,#3387);
#3043=AXIS2_PLACEMENT_3D('',#4457,#3388,#3389);
#3044=AXIS2_PLACEMENT_3D('',#4492,#3390,#3391);
#3045=AXIS2_PLACEMENT_3D('',#4527,#3392,#3393);
#3046=AXIS2_PLACEMENT_3D('',#4529,#3394,#3395);
#3047=AXIS2_PLACEMENT_3D('',#4531,#3396,#3397);
#3048=AXIS2_PLACEMENT_3D('',#4566,#3398,#3399);
#3049=AXIS2_PLACEMENT_3D('',#4601,#3400,#3401);
#3050=AXIS2_PLACEMENT_3D('',#4603,#3402,#3403);
#3051=AXIS2_PLACEMENT_3D('',#4605,#3404,#3405);
#3052=AXIS2_PLACEMENT_3D('',#4640,#3406,#3407);
#3053=AXIS2_PLACEMENT_3D('',#4675,#3408,#3409);
#3054=AXIS2_PLACEMENT_3D('',#4677,#3410,#3411);
#3055=AXIS2_PLACEMENT_3D('',#4679,#3412,#3413);
#3056=AXIS2_PLACEMENT_3D('',#4714,#3414,#3415);
#3057=AXIS2_PLACEMENT_3D('',#4749,#3416,#3417);
#3058=AXIS2_PLACEMENT_3D('',#4751,#3418,#3419);
#3059=AXIS2_PLACEMENT_3D('',#4753,#3420,#3421);
#3060=AXIS2_PLACEMENT_3D('',#4788,#3422,#3423);
#3061=AXIS2_PLACEMENT_3D('',#4823,#3424,#3425);
#3062=AXIS2_PLACEMENT_3D('',#4825,#3426,#3427);
#3063=AXIS2_PLACEMENT_3D('',#4827,#3428,#3429);
#3064=AXIS2_PLACEMENT_3D('',#4862,#3430,#3431);
#3065=AXIS2_PLACEMENT_3D('',#4897,#3432,#3433);
#3066=AXIS2_PLACEMENT_3D('',#4899,#3434,#3435);
#3067=AXIS2_PLACEMENT_3D('',#4901,#3436,#3437);
#3068=AXIS2_PLACEMENT_3D('',#4936,#3438,#3439);
#3069=AXIS2_PLACEMENT_3D('',#4971,#3440,#3441);
#3070=AXIS2_PLACEMENT_3D('',#4973,#3442,#3443);
#3071=AXIS2_PLACEMENT_3D('',#4975,#3444,#3445);
#3072=AXIS2_PLACEMENT_3D('',#5010,#3446,#3447);
#3073=AXIS2_PLACEMENT_3D('',#5045,#3448,#3449);
#3074=AXIS2_PLACEMENT_3D('',#5047,#3450,#3451);
#3075=AXIS2_PLACEMENT_3D('',#5049,#3452,#3453);
#3076=AXIS2_PLACEMENT_3D('',#5084,#3454,#3455);
#3077=AXIS2_PLACEMENT_3D('',#5119,#3456,#3457);
#3078=AXIS2_PLACEMENT_3D('',#5121,#3458,#3459);
#3079=AXIS2_PLACEMENT_3D('',#5123,#3460,#3461);
#3080=AXIS2_PLACEMENT_3D('',#5158,#3462,#3463);
#3081=AXIS2_PLACEMENT_3D('',#5193,#3464,#3465);
#3082=AXIS2_PLACEMENT_3D('',#5195,#3466,#3467);
#3083=AXIS2_PLACEMENT_3D('',#5197,#3468,#3469);
#3084=AXIS2_PLACEMENT_3D('',#5232,#3470,#3471);
#3085=AXIS2_PLACEMENT_3D('',#5267,#3472,#3473);
#3086=AXIS2_PLACEMENT_3D('',#5269,#3474,#3475);
#3087=AXIS2_PLACEMENT_3D('',#5271,#3476,#3477);
#3088=AXIS2_PLACEMENT_3D('',#5306,#3478,#3479);
#3089=AXIS2_PLACEMENT_3D('',#5341,#3480,#3481);
#3090=AXIS2_PLACEMENT_3D('',#5343,#3482,#3483);
#3091=AXIS2_PLACEMENT_3D('',#5345,#3484,#3485);
#3092=AXIS2_PLACEMENT_3D('',#5380,#3486,#3487);
#3093=AXIS2_PLACEMENT_3D('',#5415,#3488,#3489);
#3094=AXIS2_PLACEMENT_3D('',#5417,#3490,#3491);
#3095=AXIS2_PLACEMENT_3D('',#5419,#3492,#3493);
#3096=AXIS2_PLACEMENT_3D('',#5454,#3494,#3495);
#3097=AXIS2_PLACEMENT_3D('',#5489,#3496,#3497);
#3098=AXIS2_PLACEMENT_3D('',#5491,#3498,#3499);
#3099=AXIS2_PLACEMENT_3D('',#5493,#3500,#3501);
#3100=AXIS2_PLACEMENT_3D('',#5528,#3502,#3503);
#3101=AXIS2_PLACEMENT_3D('',#5563,#3504,#3505);
#3102=AXIS2_PLACEMENT_3D('',#5565,#3506,#3507);
#3103=AXIS2_PLACEMENT_3D('',#5567,#3508,#3509);
#3104=AXIS2_PLACEMENT_3D('',#5602,#3510,#3511);
#3105=AXIS2_PLACEMENT_3D('',#5637,#3512,#3513);
#3106=AXIS2_PLACEMENT_3D('',#5639,#3514,#3515);
#3107=AXIS2_PLACEMENT_3D('',#5641,#3516,#3517);
#3108=AXIS2_PLACEMENT_3D('',#5676,#3518,#3519);
#3109=AXIS2_PLACEMENT_3D('',#5711,#3520,#3521);
#3110=AXIS2_PLACEMENT_3D('',#5713,#3522,#3523);
#3111=AXIS2_PLACEMENT_3D('',#5715,#3524,#3525);
#3112=AXIS2_PLACEMENT_3D('',#5750,#3526,#3527);
#3113=AXIS2_PLACEMENT_3D('',#5785,#3528,#3529);
#3114=AXIS2_PLACEMENT_3D('',#5787,#3530,#3531);
#3115=AXIS2_PLACEMENT_3D('',#5789,#3532,#3533);
#3116=AXIS2_PLACEMENT_3D('',#5824,#3534,#3535);
#3117=AXIS2_PLACEMENT_3D('',#5859,#3536,#3537);
#3118=AXIS2_PLACEMENT_3D('',#5861,#3538,#3539);
#3119=AXIS2_PLACEMENT_3D('',#5862,#3540,#3541);
#3120=AXIS2_PLACEMENT_3D('',#5867,#3544,#3545);
#3121=AXIS2_PLACEMENT_3D('',#5868,#3546,#3547);
#3122=AXIS2_PLACEMENT_3D('',#5871,#3549,#3550);
#3123=AXIS2_PLACEMENT_3D('',#5874,#3552,#3553);
#3124=AXIS2_PLACEMENT_3D('',#5879,#3556,#3557);
#3125=AXIS2_PLACEMENT_3D('',#5880,#3558,#3559);
#3126=AXIS2_PLACEMENT_3D('',#5885,#3562,#3563);
#3127=AXIS2_PLACEMENT_3D('',#5886,#3564,#3565);
#3128=AXIS2_PLACEMENT_3D('',#5891,#3568,#3569);
#3129=AXIS2_PLACEMENT_3D('',#5892,#3570,#3571);
#3130=AXIS2_PLACEMENT_3D('',#5897,#3574,#3575);
#3131=AXIS2_PLACEMENT_3D('',#5898,#3576,#3577);
#3132=AXIS2_PLACEMENT_3D('',#5903,#3580,#3581);
#3133=AXIS2_PLACEMENT_3D('',#5904,#3582,#3583);
#3134=AXIS2_PLACEMENT_3D('',#5907,#3585,#3586);
#3135=AXIS2_PLACEMENT_3D('',#5910,#3588,#3589);
#3136=AXIS2_PLACEMENT_3D('',#5915,#3592,#3593);
#3137=AXIS2_PLACEMENT_3D('',#5916,#3594,#3595);
#3138=AXIS2_PLACEMENT_3D('',#5921,#3598,#3599);
#3139=AXIS2_PLACEMENT_3D('',#5922,#3600,#3601);
#3140=AXIS2_PLACEMENT_3D('',#5927,#3604,#3605);
#3141=AXIS2_PLACEMENT_3D('',#5928,#3606,#3607);
#3142=AXIS2_PLACEMENT_3D('',#5933,#3610,#3611);
#3143=AXIS2_PLACEMENT_3D('',#5934,#3612,#3613);
#3144=AXIS2_PLACEMENT_3D('',#5939,#3616,#3617);
#3145=AXIS2_PLACEMENT_3D('',#5940,#3618,#3619);
#3146=AXIS2_PLACEMENT_3D('',#5943,#3621,#3622);
#3147=AXIS2_PLACEMENT_3D('',#5946,#3624,#3625);
#3148=AXIS2_PLACEMENT_3D('',#5951,#3628,#3629);
#3149=AXIS2_PLACEMENT_3D('',#5952,#3630,#3631);
#3150=AXIS2_PLACEMENT_3D('',#5955,#3633,#3634);
#3151=AXIS2_PLACEMENT_3D('',#5958,#3636,#3637);
#3152=AXIS2_PLACEMENT_3D('',#5961,#3639,#3640);
#3153=AXIS2_PLACEMENT_3D('',#5964,#3642,#3643);
#3154=AXIS2_PLACEMENT_3D('',#5967,#3645,#3646);
#3155=AXIS2_PLACEMENT_3D('',#5970,#3648,#3649);
#3156=AXIS2_PLACEMENT_3D('',#5971,#3650,#3651);
#3157=AXIS2_PLACEMENT_3D('',#5976,#3653,#3654);
#3158=AXIS2_PLACEMENT_3D('',#5979,#3656,#3657);
#3159=AXIS2_PLACEMENT_3D('',#5980,#3658,#3659);
#3160=AXIS2_PLACEMENT_3D('',#5985,#3661,#3662);
#3161=AXIS2_PLACEMENT_3D('',#5988,#3664,#3665);
#3162=AXIS2_PLACEMENT_3D('',#5993,#3668,#3669);
#3163=AXIS2_PLACEMENT_3D('',#5994,#3670,#3671);
#3164=AXIS2_PLACEMENT_3D('',#5999,#3674,#3675);
#3165=AXIS2_PLACEMENT_3D('',#6000,#3676,#3677);
#3166=AXIS2_PLACEMENT_3D('',#6003,#3679,#3680);
#3167=AXIS2_PLACEMENT_3D('',#6006,#3682,#3683);
#3168=AXIS2_PLACEMENT_3D('',#6009,#3685,#3686);
#3169=AXIS2_PLACEMENT_3D('',#6012,#3688,#3689);
#3170=AXIS2_PLACEMENT_3D('',#6015,#3691,#3692);
#3171=AXIS2_PLACEMENT_3D('',#6138,#3696,#3697);
#3172=AXIS2_PLACEMENT_3D('',#6141,#3699,#3700);
#3173=AXIS2_PLACEMENT_3D('',#6144,#3702,#3703);
#3174=AXIS2_PLACEMENT_3D('',#6145,#3704,#3705);
#3175=AXIS2_PLACEMENT_3D('',#6146,#3706,#3707);
#3176=AXIS2_PLACEMENT_3D('',#6147,#3708,#3709);
#3177=AXIS2_PLACEMENT_3D('',#6268,#3712,#3713);
#3178=AXIS2_PLACEMENT_3D('',#6271,#3715,#3716);
#3179=AXIS2_PLACEMENT_3D('',#6274,#3718,#3719);
#3180=AXIS2_PLACEMENT_3D('',#6275,#3720,#3721);
#3181=AXIS2_PLACEMENT_3D('',#6276,#3722,#3723);
#3182=AXIS2_PLACEMENT_3D('',#6277,#3724,#3725);
#3183=AXIS2_PLACEMENT_3D('',#6398,#3728,#3729);
#3184=AXIS2_PLACEMENT_3D('',#6401,#3731,#3732);
#3185=AXIS2_PLACEMENT_3D('',#6404,#3734,#3735);
#3186=AXIS2_PLACEMENT_3D('',#6405,#3736,#3737);
#3187=AXIS2_PLACEMENT_3D('',#6406,#3738,#3739);
#3188=AXIS2_PLACEMENT_3D('',#6407,#3740,#3741);
#3189=AXIS2_PLACEMENT_3D('',#6528,#3744,#3745);
#3190=AXIS2_PLACEMENT_3D('',#6531,#3747,#3748);
#3191=AXIS2_PLACEMENT_3D('',#6534,#3750,#3751);
#3192=AXIS2_PLACEMENT_3D('',#6535,#3752,#3753);
#3193=AXIS2_PLACEMENT_3D('',#6536,#3754,#3755);
#3194=AXIS2_PLACEMENT_3D('',#6537,#3756,#3757);
#3195=AXIS2_PLACEMENT_3D('',#6658,#3760,#3761);
#3196=AXIS2_PLACEMENT_3D('',#6661,#3763,#3764);
#3197=AXIS2_PLACEMENT_3D('',#6664,#3766,#3767);
#3198=AXIS2_PLACEMENT_3D('',#6665,#3768,#3769);
#3199=AXIS2_PLACEMENT_3D('',#6666,#3770,#3771);
#3200=AXIS2_PLACEMENT_3D('',#6667,#3772,#3773);
#3201=AXIS2_PLACEMENT_3D('',#6821,#3776,#3777);
#3202=AXIS2_PLACEMENT_3D('',#6825,#3779,#3780);
#3203=AXIS2_PLACEMENT_3D('',#6829,#3782,#3783);
#3204=AXIS2_PLACEMENT_3D('',#6830,#3784,#3785);
#3205=AXIS2_PLACEMENT_3D('',#6831,#3786,#3787);
#3206=AXIS2_PLACEMENT_3D('',#6832,#3788,#3789);
#3207=AXIS2_PLACEMENT_3D('',#6833,#3790,#3791);
#3208=AXIS2_PLACEMENT_3D('',#6834,#3792,#3793);
#3209=AXIS2_PLACEMENT_3D('',#6835,#3794,#3795);
#3210=AXIS2_PLACEMENT_3D('',#7022,#3798,#3799);
#3211=AXIS2_PLACEMENT_3D('',#7026,#3801,#3802);
#3212=AXIS2_PLACEMENT_3D('',#7030,#3804,#3805);
#3213=AXIS2_PLACEMENT_3D('',#7031,#3806,#3807);
#3214=AXIS2_PLACEMENT_3D('',#7032,#3808,#3809);
#3215=AXIS2_PLACEMENT_3D('',#7033,#3810,#3811);
#3216=AXIS2_PLACEMENT_3D('',#7034,#3812,#3813);
#3217=AXIS2_PLACEMENT_3D('',#7035,#3814,#3815);
#3218=AXIS2_PLACEMENT_3D('',#7036,#3816,#3817);
#3219=AXIS2_PLACEMENT_3D('',#7223,#3820,#3821);
#3220=AXIS2_PLACEMENT_3D('',#7227,#3823,#3824);
#3221=AXIS2_PLACEMENT_3D('',#7231,#3826,#3827);
#3222=AXIS2_PLACEMENT_3D('',#7232,#3828,#3829);
#3223=AXIS2_PLACEMENT_3D('',#7233,#3830,#3831);
#3224=AXIS2_PLACEMENT_3D('',#7234,#3832,#3833);
#3225=AXIS2_PLACEMENT_3D('',#7235,#3834,#3835);
#3226=AXIS2_PLACEMENT_3D('',#7236,#3836,#3837);
#3227=AXIS2_PLACEMENT_3D('',#7237,#3838,#3839);
#3228=AXIS2_PLACEMENT_3D('',#7358,#3842,#3843);
#3229=AXIS2_PLACEMENT_3D('',#7361,#3845,#3846);
#3230=AXIS2_PLACEMENT_3D('',#7364,#3848,#3849);
#3231=AXIS2_PLACEMENT_3D('',#7365,#3850,#3851);
#3232=AXIS2_PLACEMENT_3D('',#7366,#3852,#3853);
#3233=AXIS2_PLACEMENT_3D('',#7367,#3854,#3855);
#3234=AXIS2_PLACEMENT_3D('',#7488,#3858,#3859);
#3235=AXIS2_PLACEMENT_3D('',#7491,#3861,#3862);
#3236=AXIS2_PLACEMENT_3D('',#7494,#3864,#3865);
#3237=AXIS2_PLACEMENT_3D('',#7495,#3866,#3867);
#3238=AXIS2_PLACEMENT_3D('',#7496,#3868,#3869);
#3239=AXIS2_PLACEMENT_3D('',#7497,#3870,#3871);
#3240=AXIS2_PLACEMENT_3D('',#7618,#3874,#3875);
#3241=AXIS2_PLACEMENT_3D('',#7621,#3877,#3878);
#3242=AXIS2_PLACEMENT_3D('',#7624,#3880,#3881);
#3243=AXIS2_PLACEMENT_3D('',#7625,#3882,#3883);
#3244=AXIS2_PLACEMENT_3D('',#7626,#3884,#3885);
#3245=AXIS2_PLACEMENT_3D('',#7627,#3886,#3887);
#3246=AXIS2_PLACEMENT_3D('',#7748,#3890,#3891);
#3247=AXIS2_PLACEMENT_3D('',#7751,#3893,#3894);
#3248=AXIS2_PLACEMENT_3D('',#7754,#3896,#3897);
#3249=AXIS2_PLACEMENT_3D('',#7755,#3898,#3899);
#3250=AXIS2_PLACEMENT_3D('',#7756,#3900,#3901);
#3251=AXIS2_PLACEMENT_3D('',#7757,#3902,#3903);
#3252=AXIS2_PLACEMENT_3D('',#7878,#3906,#3907);
#3253=AXIS2_PLACEMENT_3D('',#7881,#3909,#3910);
#3254=AXIS2_PLACEMENT_3D('',#7884,#3912,#3913);
#3255=AXIS2_PLACEMENT_3D('',#7885,#3914,#3915);
#3256=AXIS2_PLACEMENT_3D('',#7886,#3916,#3917);
#3257=AXIS2_PLACEMENT_3D('',#7887,#3918,#3919);
#3258=AXIS2_PLACEMENT_3D('',#8008,#3922,#3923);
#3259=AXIS2_PLACEMENT_3D('',#8011,#3925,#3926);
#3260=AXIS2_PLACEMENT_3D('',#8014,#3928,#3929);
#3261=AXIS2_PLACEMENT_3D('',#8015,#3930,#3931);
#3262=AXIS2_PLACEMENT_3D('',#8016,#3932,#3933);
#3263=AXIS2_PLACEMENT_3D('',#8017,#3934,#3935);
#3264=AXIS2_PLACEMENT_3D('',#8138,#3938,#3939);
#3265=AXIS2_PLACEMENT_3D('',#8141,#3941,#3942);
#3266=AXIS2_PLACEMENT_3D('',#8144,#3944,#3945);
#3267=AXIS2_PLACEMENT_3D('',#8145,#3946,#3947);
#3268=AXIS2_PLACEMENT_3D('',#8146,#3948,#3949);
#3269=AXIS2_PLACEMENT_3D('',#8147,#3950,#3951);
#3270=AXIS2_PLACEMENT_3D('',#8268,#3954,#3955);
#3271=AXIS2_PLACEMENT_3D('',#8271,#3957,#3958);
#3272=AXIS2_PLACEMENT_3D('',#8274,#3960,#3961);
#3273=AXIS2_PLACEMENT_3D('',#8275,#3962,#3963);
#3274=AXIS2_PLACEMENT_3D('',#8276,#3964,#3965);
#3275=AXIS2_PLACEMENT_3D('',#8277,#3966,#3967);
#3276=AXIS2_PLACEMENT_3D('',#8398,#3970,#3971);
#3277=AXIS2_PLACEMENT_3D('',#8401,#3973,#3974);
#3278=AXIS2_PLACEMENT_3D('',#8404,#3976,#3977);
#3279=AXIS2_PLACEMENT_3D('',#8405,#3978,#3979);
#3280=AXIS2_PLACEMENT_3D('',#8406,#3980,#3981);
#3281=AXIS2_PLACEMENT_3D('',#8407,#3982,#3983);
#3282=AXIS2_PLACEMENT_3D('',#8528,#3986,#3987);
#3283=AXIS2_PLACEMENT_3D('',#8531,#3989,#3990);
#3284=AXIS2_PLACEMENT_3D('',#8534,#3992,#3993);
#3285=AXIS2_PLACEMENT_3D('',#8535,#3994,#3995);
#3286=AXIS2_PLACEMENT_3D('',#8536,#3996,#3997);
#3287=AXIS2_PLACEMENT_3D('',#8537,#3998,#3999);
#3288=AXIS2_PLACEMENT_3D('',#8658,#4002,#4003);
#3289=AXIS2_PLACEMENT_3D('',#8661,#4005,#4006);
#3290=AXIS2_PLACEMENT_3D('',#8664,#4008,#4009);
#3291=AXIS2_PLACEMENT_3D('',#8665,#4010,#4011);
#3292=AXIS2_PLACEMENT_3D('',#8666,#4012,#4013);
#3293=AXIS2_PLACEMENT_3D('',#8667,#4014,#4015);
#3294=AXIS2_PLACEMENT_3D('',#8788,#4018,#4019);
#3295=AXIS2_PLACEMENT_3D('',#8791,#4021,#4022);
#3296=AXIS2_PLACEMENT_3D('',#8794,#4024,#4025);
#3297=AXIS2_PLACEMENT_3D('',#8795,#4026,#4027);
#3298=AXIS2_PLACEMENT_3D('',#8796,#4028,#4029);
#3299=AXIS2_PLACEMENT_3D('',#8797,#4030,#4031);
#3300=AXIS2_PLACEMENT_3D('',#8918,#4034,#4035);
#3301=AXIS2_PLACEMENT_3D('',#8921,#4037,#4038);
#3302=AXIS2_PLACEMENT_3D('',#8924,#4040,#4041);
#3303=AXIS2_PLACEMENT_3D('',#8925,#4042,#4043);
#3304=AXIS2_PLACEMENT_3D('',#8926,#4044,#4045);
#3305=AXIS2_PLACEMENT_3D('',#8927,#4046,#4047);
#3306=AXIS2_PLACEMENT_3D('',#9048,#4050,#4051);
#3307=AXIS2_PLACEMENT_3D('',#9051,#4053,#4054);
#3308=AXIS2_PLACEMENT_3D('',#9054,#4056,#4057);
#3309=AXIS2_PLACEMENT_3D('',#9055,#4058,#4059);
#3310=AXIS2_PLACEMENT_3D('',#9056,#4060,#4061);
#3311=AXIS2_PLACEMENT_3D('',#9057,#4062,#4063);
#3312=AXIS2_PLACEMENT_3D('',#9178,#4066,#4067);
#3313=AXIS2_PLACEMENT_3D('',#9181,#4069,#4070);
#3314=AXIS2_PLACEMENT_3D('',#9184,#4072,#4073);
#3315=AXIS2_PLACEMENT_3D('',#9185,#4074,#4075);
#3316=AXIS2_PLACEMENT_3D('',#9186,#4076,#4077);
#3317=AXIS2_PLACEMENT_3D('',#9187,#4078,#4079);
#3318=AXIS2_PLACEMENT_3D('',#9308,#4082,#4083);
#3319=AXIS2_PLACEMENT_3D('',#9311,#4085,#4086);
#3320=AXIS2_PLACEMENT_3D('',#9314,#4088,#4089);
#3321=AXIS2_PLACEMENT_3D('',#9315,#4090,#4091);
#3322=AXIS2_PLACEMENT_3D('',#9316,#4092,#4093);
#3323=AXIS2_PLACEMENT_3D('',#9317,#4094,#4095);
#3324=AXIS2_PLACEMENT_3D('',#9438,#4098,#4099);
#3325=AXIS2_PLACEMENT_3D('',#9441,#4101,#4102);
#3326=AXIS2_PLACEMENT_3D('',#9444,#4104,#4105);
#3327=AXIS2_PLACEMENT_3D('',#9445,#4106,#4107);
#3328=AXIS2_PLACEMENT_3D('',#9446,#4108,#4109);
#3329=AXIS2_PLACEMENT_3D('',#9447,#4110,#4111);
#3330=AXIS2_PLACEMENT_3D('',#9448,#4112,#4113);
#3331=AXIS2_PLACEMENT_3D('',#9449,#4114,#4115);
#3332=AXIS2_PLACEMENT_3D('',#9451,#4116,#4117);
#3333=AXIS2_PLACEMENT_3D('',#9453,#4118,#4119);
#3334=AXIS2_PLACEMENT_3D('',#9455,#4120,#4121);
#3335=AXIS2_PLACEMENT_3D('',#9456,#4122,#4123);
#3336=AXIS2_PLACEMENT_3D('',#9457,#4124,#4125);
#3337=AXIS2_PLACEMENT_3D('',#9462,#4128,#4129);
#3338=AXIS2_PLACEMENT_3D('',#9463,#4130,#4131);
#3339=AXIS2_PLACEMENT_3D('',#9466,#4133,#4134);
#3340=AXIS2_PLACEMENT_3D('',#9467,#4135,#4136);
#3341=AXIS2_PLACEMENT_3D('',#9470,#4138,#4139);
#3342=AXIS2_PLACEMENT_3D('',#9471,#4140,#4141);
#3343=AXIS2_PLACEMENT_3D('',#9472,#4142,#4143);
#3344=AXIS2_PLACEMENT_3D('',#9473,#4144,#4145);
#3345=AXIS2_PLACEMENT_3D('',#9475,#4146,#4147);
#3346=AXIS2_PLACEMENT_3D('',#9477,#4148,#4149);
#3347=AXIS2_PLACEMENT_3D('',#9478,#4150,#4151);
#3348=AXIS2_PLACEMENT_3D('',#9480,#4152,#4153);
#3349=AXIS2_PLACEMENT_3D('',#9481,#4154,#4155);
#3350=DIRECTION('',(0.,0.,1.));
#3351=DIRECTION('',(1.,0.,0.));
#3352=DIRECTION('',(-1.,0.,0.));
#3353=DIRECTION('',(0.,1.,0.));
#3354=DIRECTION('',(1.,0.,0.));
#3355=DIRECTION('',(0.,0.,-1.));
#3356=DIRECTION('',(-1.,0.,0.));
#3357=DIRECTION('',(0.,-0.951056516295154,0.309016994374948));
#3358=DIRECTION('',(-1.,0.,0.));
#3359=DIRECTION('',(0.,0.,1.));
#3360=DIRECTION('',(-1.,0.,0.));
#3361=DIRECTION('',(0.,-0.844327925502015,0.535826794978997));
#3362=DIRECTION('',(-1.,0.,0.));
#3363=DIRECTION('',(0.,-0.844327925502015,0.535826794978997));
#3364=DIRECTION('',(-1.,0.,0.));
#3365=DIRECTION('',(0.,-0.844327925502015,0.535826794978997));
#3366=DIRECTION('',(-1.,0.,0.));
#3367=DIRECTION('',(0.,0.,1.));
#3368=DIRECTION('',(-1.,0.,0.));
#3369=DIRECTION('',(0.,-0.684547105928688,0.728968627421412));
#3370=DIRECTION('',(-1.,0.,0.));
#3371=DIRECTION('',(0.,-0.684547105928688,0.728968627421412));
#3372=DIRECTION('',(-1.,0.,0.));
#3373=DIRECTION('',(0.,-0.684547105928688,0.728968627421412));
#3374=DIRECTION('',(-1.,0.,0.));
#3375=DIRECTION('',(0.,0.,1.));
#3376=DIRECTION('',(-1.,0.,0.));
#3377=DIRECTION('',(0.,-0.481753674101715,0.876306680043864));
#3378=DIRECTION('',(-1.,0.,0.));
#3379=DIRECTION('',(0.,-0.481753674101715,0.876306680043864));
#3380=DIRECTION('',(-1.,0.,0.));
#3381=DIRECTION('',(0.,-0.481753674101715,0.876306680043864));
#3382=DIRECTION('',(-1.,0.,0.));
#3383=DIRECTION('',(0.,0.,1.));
#3384=DIRECTION('',(-1.,0.,0.));
#3385=DIRECTION('',(0.,-0.248689887164854,0.968583161128631));
#3386=DIRECTION('',(-1.,0.,0.));
#3387=DIRECTION('',(0.,-0.248689887164854,0.968583161128631));
#3388=DIRECTION('',(-1.,0.,0.));
#3389=DIRECTION('',(0.,-0.248689887164854,0.968583161128631));
#3390=DIRECTION('',(-1.,0.,0.));
#3391=DIRECTION('',(0.,0.,1.));
#3392=DIRECTION('',(-1.,0.,0.));
#3393=DIRECTION('',(0.,0.,1.));
#3394=DIRECTION('',(-1.,0.,0.));
#3395=DIRECTION('',(0.,0.,1.));
#3396=DIRECTION('',(-1.,0.,0.));
#3397=DIRECTION('',(0.,0.,1.));
#3398=DIRECTION('',(-1.,0.,0.));
#3399=DIRECTION('',(0.,0.,1.));
#3400=DIRECTION('',(-1.,0.,0.));
#3401=DIRECTION('',(0.,0.248689887164855,0.968583161128631));
#3402=DIRECTION('',(-1.,0.,0.));
#3403=DIRECTION('',(0.,0.248689887164855,0.968583161128631));
#3404=DIRECTION('',(-1.,0.,0.));
#3405=DIRECTION('',(0.,0.248689887164855,0.968583161128631));
#3406=DIRECTION('',(-1.,0.,0.));
#3407=DIRECTION('',(0.,0.,1.));
#3408=DIRECTION('',(-1.,0.,0.));
#3409=DIRECTION('',(0.,0.481753674101715,0.876306680043864));
#3410=DIRECTION('',(-1.,0.,0.));
#3411=DIRECTION('',(0.,0.481753674101715,0.876306680043864));
#3412=DIRECTION('',(-1.,0.,0.));
#3413=DIRECTION('',(0.,0.481753674101715,0.876306680043864));
#3414=DIRECTION('',(-1.,0.,0.));
#3415=DIRECTION('',(0.,0.,1.));
#3416=DIRECTION('',(-1.,0.,0.));
#3417=DIRECTION('',(0.,0.684547105928689,0.728968627421412));
#3418=DIRECTION('',(-1.,0.,0.));
#3419=DIRECTION('',(0.,0.684547105928689,0.728968627421412));
#3420=DIRECTION('',(-1.,0.,0.));
#3421=DIRECTION('',(0.,0.684547105928689,0.728968627421412));
#3422=DIRECTION('',(-1.,0.,0.));
#3423=DIRECTION('',(0.,0.,1.));
#3424=DIRECTION('',(-1.,0.,0.));
#3425=DIRECTION('',(0.,0.844327925502015,0.535826794978997));
#3426=DIRECTION('',(-1.,0.,0.));
#3427=DIRECTION('',(0.,0.844327925502015,0.535826794978997));
#3428=DIRECTION('',(-1.,0.,0.));
#3429=DIRECTION('',(0.,0.844327925502015,0.535826794978997));
#3430=DIRECTION('',(-1.,0.,0.));
#3431=DIRECTION('',(0.,0.,1.));
#3432=DIRECTION('',(-1.,0.,0.));
#3433=DIRECTION('',(0.,0.951056516295154,0.309016994374948));
#3434=DIRECTION('',(-1.,0.,0.));
#3435=DIRECTION('',(0.,0.951056516295154,0.309016994374948));
#3436=DIRECTION('',(-1.,0.,0.));
#3437=DIRECTION('',(0.,0.951056516295154,0.309016994374948));
#3438=DIRECTION('',(-1.,0.,0.));
#3439=DIRECTION('',(0.,0.,1.));
#3440=DIRECTION('',(-1.,0.,0.));
#3441=DIRECTION('',(0.,0.998026728428272,0.0627905195293133));
#3442=DIRECTION('',(-1.,0.,0.));
#3443=DIRECTION('',(0.,0.998026728428272,0.0627905195293133));
#3444=DIRECTION('',(-1.,0.,0.));
#3445=DIRECTION('',(0.,0.998026728428272,0.0627905195293133));
#3446=DIRECTION('',(-1.,0.,0.));
#3447=DIRECTION('',(0.,0.,1.));
#3448=DIRECTION('',(-1.,0.,0.));
#3449=DIRECTION('',(0.,0.982287250728689,-0.187381314585725));
#3450=DIRECTION('',(-1.,0.,0.));
#3451=DIRECTION('',(0.,0.982287250728689,-0.187381314585725));
#3452=DIRECTION('',(-1.,0.,0.));
#3453=DIRECTION('',(0.,0.982287250728689,-0.187381314585725));
#3454=DIRECTION('',(-1.,0.,0.));
#3455=DIRECTION('',(0.,0.,1.));
#3456=DIRECTION('',(-1.,0.,0.));
#3457=DIRECTION('',(0.,0.904827052466019,-0.425779291565072));
#3458=DIRECTION('',(-1.,0.,0.));
#3459=DIRECTION('',(0.,0.904827052466019,-0.425779291565072));
#3460=DIRECTION('',(-1.,0.,0.));
#3461=DIRECTION('',(0.,0.904827052466019,-0.425779291565072));
#3462=DIRECTION('',(-1.,0.,0.));
#3463=DIRECTION('',(0.,0.,1.));
#3464=DIRECTION('',(-1.,0.,0.));
#3465=DIRECTION('',(0.,0.770513242775789,-0.63742398974869));
#3466=DIRECTION('',(-1.,0.,0.));
#3467=DIRECTION('',(0.,0.770513242775789,-0.63742398974869));
#3468=DIRECTION('',(-1.,0.,0.));
#3469=DIRECTION('',(0.,0.770513242775789,-0.63742398974869));
#3470=DIRECTION('',(-1.,0.,0.));
#3471=DIRECTION('',(0.,0.,1.));
#3472=DIRECTION('',(-1.,0.,0.));
#3473=DIRECTION('',(0.,0.587785252292473,-0.809016994374947));
#3474=DIRECTION('',(-1.,0.,0.));
#3475=DIRECTION('',(0.,0.587785252292473,-0.809016994374947));
#3476=DIRECTION('',(-1.,0.,0.));
#3477=DIRECTION('',(0.,0.587785252292473,-0.809016994374947));
#3478=DIRECTION('',(-1.,0.,0.));
#3479=DIRECTION('',(0.,0.,1.));
#3480=DIRECTION('',(-1.,0.,0.));
#3481=DIRECTION('',(0.,0.368124552684678,-0.929776485888252));
#3482=DIRECTION('',(-1.,0.,0.));
#3483=DIRECTION('',(0.,0.368124552684678,-0.929776485888252));
#3484=DIRECTION('',(-1.,0.,0.));
#3485=DIRECTION('',(0.,0.368124552684678,-0.929776485888252));
#3486=DIRECTION('',(-1.,0.,0.));
#3487=DIRECTION('',(0.,0.,1.));
#3488=DIRECTION('',(-1.,0.,0.));
#3489=DIRECTION('',(0.,0.125333233564304,-0.992114701314478));
#3490=DIRECTION('',(-1.,0.,0.));
#3491=DIRECTION('',(0.,0.125333233564304,-0.992114701314478));
#3492=DIRECTION('',(-1.,0.,0.));
#3493=DIRECTION('',(0.,0.125333233564304,-0.992114701314478));
#3494=DIRECTION('',(-1.,0.,0.));
#3495=DIRECTION('',(0.,0.,1.));
#3496=DIRECTION('',(-1.,0.,0.));
#3497=DIRECTION('',(0.,-0.125333233564304,-0.992114701314478));
#3498=DIRECTION('',(-1.,0.,0.));
#3499=DIRECTION('',(0.,-0.125333233564304,-0.992114701314478));
#3500=DIRECTION('',(-1.,0.,0.));
#3501=DIRECTION('',(0.,-0.125333233564304,-0.992114701314478));
#3502=DIRECTION('',(-1.,0.,0.));
#3503=DIRECTION('',(0.,0.,1.));
#3504=DIRECTION('',(-1.,0.,0.));
#3505=DIRECTION('',(0.,-0.368124552684678,-0.929776485888251));
#3506=DIRECTION('',(-1.,0.,0.));
#3507=DIRECTION('',(0.,-0.368124552684678,-0.929776485888251));
#3508=DIRECTION('',(-1.,0.,0.));
#3509=DIRECTION('',(0.,-0.368124552684678,-0.929776485888251));
#3510=DIRECTION('',(-1.,0.,0.));
#3511=DIRECTION('',(0.,0.,1.));
#3512=DIRECTION('',(-1.,0.,0.));
#3513=DIRECTION('',(0.,-0.587785252292473,-0.809016994374948));
#3514=DIRECTION('',(-1.,0.,0.));
#3515=DIRECTION('',(0.,-0.587785252292473,-0.809016994374948));
#3516=DIRECTION('',(-1.,0.,0.));
#3517=DIRECTION('',(0.,-0.587785252292473,-0.809016994374948));
#3518=DIRECTION('',(-1.,0.,0.));
#3519=DIRECTION('',(0.,0.,1.));
#3520=DIRECTION('',(-1.,0.,0.));
#3521=DIRECTION('',(0.,-0.770513242775789,-0.63742398974869));
#3522=DIRECTION('',(-1.,0.,0.));
#3523=DIRECTION('',(0.,-0.770513242775789,-0.63742398974869));
#3524=DIRECTION('',(-1.,0.,0.));
#3525=DIRECTION('',(0.,-0.770513242775789,-0.63742398974869));
#3526=DIRECTION('',(-1.,0.,0.));
#3527=DIRECTION('',(0.,0.,1.));
#3528=DIRECTION('',(-1.,0.,0.));
#3529=DIRECTION('',(0.,-0.90482705246602,-0.425779291565072));
#3530=DIRECTION('',(-1.,0.,0.));
#3531=DIRECTION('',(0.,-0.90482705246602,-0.425779291565072));
#3532=DIRECTION('',(-1.,0.,0.));
#3533=DIRECTION('',(0.,-0.90482705246602,-0.425779291565072));
#3534=DIRECTION('',(-1.,0.,0.));
#3535=DIRECTION('',(0.,0.,1.));
#3536=DIRECTION('',(1.,0.,0.));
#3537=DIRECTION('',(0.,0.,-1.));
#3538=DIRECTION('',(1.,0.,0.));
#3539=DIRECTION('',(0.,0.,-1.));
#3540=DIRECTION('',(1.,0.,0.));
#3541=DIRECTION('',(0.,0.,-1.));
#3542=DIRECTION('',(1.,0.,0.));
#3543=DIRECTION('',(1.,0.,0.));
#3544=DIRECTION('',(-1.,0.,0.));
#3545=DIRECTION('',(0.,0.,1.));
#3546=DIRECTION('',(1.,0.,0.));
#3547=DIRECTION('',(0.,0.,-1.));
#3548=DIRECTION('',(1.,0.,0.));
#3549=DIRECTION('',(-1.,0.,0.));
#3550=DIRECTION('',(0.,0.,1.));
#3551=DIRECTION('',(1.,0.,0.));
#3552=DIRECTION('',(1.,0.,0.));
#3553=DIRECTION('',(0.,0.,-1.));
#3554=DIRECTION('',(1.,0.,0.));
#3555=DIRECTION('',(1.,0.,0.));
#3556=DIRECTION('',(-1.,0.,0.));
#3557=DIRECTION('',(0.,0.,1.));
#3558=DIRECTION('',(1.,0.,0.));
#3559=DIRECTION('',(0.,0.,-1.));
#3560=DIRECTION('',(1.,0.,0.));
#3561=DIRECTION('',(1.,0.,0.));
#3562=DIRECTION('',(-1.,0.,0.));
#3563=DIRECTION('',(0.,0.,1.));
#3564=DIRECTION('',(1.,0.,0.));
#3565=DIRECTION('',(0.,0.,-1.));
#3566=DIRECTION('',(1.,0.,0.));
#3567=DIRECTION('',(1.,0.,0.));
#3568=DIRECTION('',(-1.,0.,0.));
#3569=DIRECTION('',(0.,0.,1.));
#3570=DIRECTION('',(1.,0.,0.));
#3571=DIRECTION('',(0.,0.,-1.));
#3572=DIRECTION('',(1.,0.,0.));
#3573=DIRECTION('',(1.,0.,0.));
#3574=DIRECTION('',(-1.,0.,0.));
#3575=DIRECTION('',(0.,0.,1.));
#3576=DIRECTION('',(1.,0.,0.));
#3577=DIRECTION('',(0.,0.,-1.));
#3578=DIRECTION('',(1.,0.,0.));
#3579=DIRECTION('',(1.,0.,0.));
#3580=DIRECTION('',(-1.,0.,0.));
#3581=DIRECTION('',(0.,0.,1.));
#3582=DIRECTION('',(1.,0.,0.));
#3583=DIRECTION('',(0.,0.,-1.));
#3584=DIRECTION('',(1.,0.,0.));
#3585=DIRECTION('',(-1.,0.,0.));
#3586=DIRECTION('',(0.,0.,1.));
#3587=DIRECTION('',(1.,0.,0.));
#3588=DIRECTION('',(1.,0.,0.));
#3589=DIRECTION('',(0.,0.,-1.));
#3590=DIRECTION('',(1.,0.,0.));
#3591=DIRECTION('',(1.,0.,0.));
#3592=DIRECTION('',(-1.,0.,0.));
#3593=DIRECTION('',(0.,0.,1.));
#3594=DIRECTION('',(1.,0.,0.));
#3595=DIRECTION('',(0.,0.,-1.));
#3596=DIRECTION('',(1.,0.,0.));
#3597=DIRECTION('',(1.,0.,0.));
#3598=DIRECTION('',(-1.,0.,0.));
#3599=DIRECTION('',(0.,0.,1.));
#3600=DIRECTION('',(1.,0.,0.));
#3601=DIRECTION('',(0.,0.,-1.));
#3602=DIRECTION('',(1.,0.,0.));
#3603=DIRECTION('',(1.,0.,0.));
#3604=DIRECTION('',(-1.,0.,0.));
#3605=DIRECTION('',(0.,0.,1.));
#3606=DIRECTION('',(1.,0.,0.));
#3607=DIRECTION('',(0.,0.,-1.));
#3608=DIRECTION('',(1.,0.,0.));
#3609=DIRECTION('',(1.,0.,0.));
#3610=DIRECTION('',(-1.,0.,0.));
#3611=DIRECTION('',(0.,0.,1.));
#3612=DIRECTION('',(1.,0.,0.));
#3613=DIRECTION('',(0.,0.,-1.));
#3614=DIRECTION('',(1.,0.,0.));
#3615=DIRECTION('',(1.,0.,0.));
#3616=DIRECTION('',(-1.,0.,0.));
#3617=DIRECTION('',(0.,0.,1.));
#3618=DIRECTION('',(1.,0.,0.));
#3619=DIRECTION('',(0.,0.,-1.));
#3620=DIRECTION('',(1.,0.,0.));
#3621=DIRECTION('',(-1.,0.,0.));
#3622=DIRECTION('',(0.,0.,1.));
#3623=DIRECTION('',(1.,0.,0.));
#3624=DIRECTION('',(1.,0.,0.));
#3625=DIRECTION('',(0.,0.,-1.));
#3626=DIRECTION('',(1.,0.,0.));
#3627=DIRECTION('',(1.,0.,0.));
#3628=DIRECTION('',(-1.,0.,0.));
#3629=DIRECTION('',(0.,0.,1.));
#3630=DIRECTION('',(1.,0.,0.));
#3631=DIRECTION('',(0.,0.,-1.));
#3632=DIRECTION('',(1.,0.,0.));
#3633=DIRECTION('',(-1.,0.,0.));
#3634=DIRECTION('',(0.,0.,1.));
#3635=DIRECTION('',(1.,0.,0.));
#3636=DIRECTION('',(1.,0.,0.));
#3637=DIRECTION('',(0.,0.,-1.));
#3638=DIRECTION('',(1.,0.,0.));
#3639=DIRECTION('',(-1.,0.,0.));
#3640=DIRECTION('',(0.,0.,1.));
#3641=DIRECTION('',(1.,0.,0.));
#3642=DIRECTION('',(1.,0.,0.));
#3643=DIRECTION('',(0.,0.,-1.));
#3644=DIRECTION('',(1.,0.,0.));
#3645=DIRECTION('',(-1.,0.,0.));
#3646=DIRECTION('',(0.,0.,1.));
#3647=DIRECTION('',(1.,0.,0.));
#3648=DIRECTION('',(1.,0.,0.));
#3649=DIRECTION('',(0.,0.,-1.));
#3650=DIRECTION('',(-1.,0.,0.));
#3651=DIRECTION('',(0.,0.,1.));
#3652=DIRECTION('',(1.,0.,0.));
#3653=DIRECTION('',(-1.,0.,0.));
#3654=DIRECTION('',(0.,0.,1.));
#3655=DIRECTION('',(1.,0.,0.));
#3656=DIRECTION('',(1.,0.,0.));
#3657=DIRECTION('',(0.,0.,-1.));
#3658=DIRECTION('',(-1.,0.,0.));
#3659=DIRECTION('',(0.,0.,1.));
#3660=DIRECTION('',(1.,0.,0.));
#3661=DIRECTION('',(-1.,0.,0.));
#3662=DIRECTION('',(0.,0.,1.));
#3663=DIRECTION('',(1.,0.,0.));
#3664=DIRECTION('',(1.,0.,0.));
#3665=DIRECTION('',(0.,0.,-1.));
#3666=DIRECTION('',(1.,0.,0.));
#3667=DIRECTION('',(1.,0.,0.));
#3668=DIRECTION('',(-1.,0.,0.));
#3669=DIRECTION('',(0.,0.,1.));
#3670=DIRECTION('',(1.,0.,0.));
#3671=DIRECTION('',(0.,0.,-1.));
#3672=DIRECTION('',(1.,0.,0.));
#3673=DIRECTION('',(1.,0.,0.));
#3674=DIRECTION('',(-1.,0.,0.));
#3675=DIRECTION('',(0.,0.,1.));
#3676=DIRECTION('',(1.,0.,0.));
#3677=DIRECTION('',(0.,0.,-1.));
#3678=DIRECTION('',(1.,0.,0.));
#3679=DIRECTION('',(-1.,0.,0.));
#3680=DIRECTION('',(0.,0.,1.));
#3681=DIRECTION('',(1.,0.,0.));
#3682=DIRECTION('',(1.,0.,0.));
#3683=DIRECTION('',(0.,0.,-1.));
#3684=DIRECTION('',(1.,0.,0.));
#3685=DIRECTION('',(-1.,0.,0.));
#3686=DIRECTION('',(0.,0.,1.));
#3687=DIRECTION('',(1.,0.,0.));
#3688=DIRECTION('',(1.,0.,0.));
#3689=DIRECTION('',(0.,0.,-1.));
#3690=DIRECTION('',(1.,0.,0.));
#3691=DIRECTION('',(-1.,0.,0.));
#3692=DIRECTION('',(0.,0.,1.));
#3693=DIRECTION('',(1.,0.,0.));
#3694=DIRECTION('',(1.,0.,0.));
#3695=DIRECTION('',(1.,0.,0.));
#3696=DIRECTION('',(1.,0.,0.));
#3697=DIRECTION('',(0.,0.,-1.));
#3698=DIRECTION('',(1.,0.,0.));
#3699=DIRECTION('',(-1.,0.,0.));
#3700=DIRECTION('',(0.,0.,1.));
#3701=DIRECTION('',(1.,0.,0.));
#3702=DIRECTION('',(1.,0.,0.));
#3703=DIRECTION('',(0.,0.,-1.));
#3704=DIRECTION('',(-1.,0.,0.));
#3705=DIRECTION('',(0.,0.,1.));
#3706=DIRECTION('',(1.,0.,0.));
#3707=DIRECTION('',(0.,0.,-1.));
#3708=DIRECTION('',(-1.,0.,0.));
#3709=DIRECTION('',(0.,0.,1.));
#3710=DIRECTION('',(1.,0.,0.));
#3711=DIRECTION('',(1.,0.,0.));
#3712=DIRECTION('',(1.,0.,0.));
#3713=DIRECTION('',(0.,0.684547105928688,-0.728968627421412));
#3714=DIRECTION('',(1.,0.,0.));
#3715=DIRECTION('',(-1.,0.,0.));
#3716=DIRECTION('',(0.,-0.684547105928688,0.728968627421412));
#3717=DIRECTION('',(1.,0.,0.));
#3718=DIRECTION('',(1.,0.,0.));
#3719=DIRECTION('',(0.,0.684547105928688,-0.728968627421412));
#3720=DIRECTION('',(-1.,0.,0.));
#3721=DIRECTION('',(0.,-0.684547105928688,0.728968627421412));
#3722=DIRECTION('',(1.,0.,0.));
#3723=DIRECTION('',(0.,0.684547105928688,-0.728968627421412));
#3724=DIRECTION('',(-1.,0.,0.));
#3725=DIRECTION('',(0.,-0.684547105928688,0.728968627421412));
#3726=DIRECTION('',(1.,0.,0.));
#3727=DIRECTION('',(1.,0.,0.));
#3728=DIRECTION('',(1.,0.,0.));
#3729=DIRECTION('',(0.,0.844327925502015,-0.535826794978997));
#3730=DIRECTION('',(1.,0.,0.));
#3731=DIRECTION('',(-1.,0.,0.));
#3732=DIRECTION('',(0.,-0.844327925502015,0.535826794978997));
#3733=DIRECTION('',(1.,0.,0.));
#3734=DIRECTION('',(1.,0.,0.));
#3735=DIRECTION('',(0.,0.844327925502015,-0.535826794978997));
#3736=DIRECTION('',(-1.,0.,0.));
#3737=DIRECTION('',(0.,-0.844327925502015,0.535826794978997));
#3738=DIRECTION('',(1.,0.,0.));
#3739=DIRECTION('',(0.,0.844327925502015,-0.535826794978997));
#3740=DIRECTION('',(-1.,0.,0.));
#3741=DIRECTION('',(0.,-0.844327925502015,0.535826794978997));
#3742=DIRECTION('',(1.,0.,0.));
#3743=DIRECTION('',(1.,0.,0.));
#3744=DIRECTION('',(1.,0.,0.));
#3745=DIRECTION('',(0.,0.481753674101715,-0.876306680043864));
#3746=DIRECTION('',(1.,0.,0.));
#3747=DIRECTION('',(-1.,0.,0.));
#3748=DIRECTION('',(0.,-0.481753674101715,0.876306680043864));
#3749=DIRECTION('',(1.,0.,0.));
#3750=DIRECTION('',(1.,0.,0.));
#3751=DIRECTION('',(0.,0.481753674101715,-0.876306680043864));
#3752=DIRECTION('',(-1.,0.,0.));
#3753=DIRECTION('',(0.,-0.481753674101715,0.876306680043864));
#3754=DIRECTION('',(1.,0.,0.));
#3755=DIRECTION('',(0.,0.481753674101715,-0.876306680043864));
#3756=DIRECTION('',(-1.,0.,0.));
#3757=DIRECTION('',(0.,-0.481753674101715,0.876306680043864));
#3758=DIRECTION('',(1.,0.,0.));
#3759=DIRECTION('',(1.,0.,0.));
#3760=DIRECTION('',(1.,0.,0.));
#3761=DIRECTION('',(0.,0.248689887164854,-0.968583161128631));
#3762=DIRECTION('',(1.,0.,0.));
#3763=DIRECTION('',(-1.,0.,0.));
#3764=DIRECTION('',(0.,-0.248689887164854,0.968583161128631));
#3765=DIRECTION('',(1.,0.,0.));
#3766=DIRECTION('',(1.,0.,0.));
#3767=DIRECTION('',(0.,0.248689887164854,-0.968583161128631));
#3768=DIRECTION('',(-1.,0.,0.));
#3769=DIRECTION('',(0.,-0.248689887164854,0.968583161128631));
#3770=DIRECTION('',(1.,0.,0.));
#3771=DIRECTION('',(0.,0.248689887164854,-0.968583161128631));
#3772=DIRECTION('',(-1.,0.,0.));
#3773=DIRECTION('',(0.,-0.248689887164854,0.968583161128631));
#3774=DIRECTION('',(1.,0.,0.));
#3775=DIRECTION('',(1.,0.,0.));
#3776=DIRECTION('',(1.,0.,0.));
#3777=DIRECTION('',(0.,0.951056516295154,-0.309016994374948));
#3778=DIRECTION('',(1.,0.,0.));
#3779=DIRECTION('',(-1.,0.,0.));
#3780=DIRECTION('',(0.,-0.951056516295154,0.309016994374948));
#3781=DIRECTION('',(1.,0.,0.));
#3782=DIRECTION('',(-1.,0.,0.));
#3783=DIRECTION('',(0.,-0.951056516295154,0.309016994374948));
#3784=DIRECTION('',(1.,0.,0.));
#3785=DIRECTION('',(0.,0.951056516295154,-0.309016994374948));
#3786=DIRECTION('',(-1.,0.,0.));
#3787=DIRECTION('',(0.,-0.951056516295154,0.309016994374948));
#3788=DIRECTION('',(-1.,0.,0.));
#3789=DIRECTION('',(0.,-0.951056516295154,0.309016994374948));
#3790=DIRECTION('',(1.,0.,0.));
#3791=DIRECTION('',(0.,0.951056516295154,-0.309016994374948));
#3792=DIRECTION('',(-1.,0.,0.));
#3793=DIRECTION('',(0.,-0.951056516295154,0.309016994374948));
#3794=DIRECTION('',(-1.,0.,0.));
#3795=DIRECTION('',(0.,-0.951056516295154,0.309016994374948));
#3796=DIRECTION('',(1.,0.,0.));
#3797=DIRECTION('',(1.,0.,0.));
#3798=DIRECTION('',(1.,0.,0.));
#3799=DIRECTION('',(0.,0.998026728428272,-0.0627905195293137));
#3800=DIRECTION('',(1.,0.,0.));
#3801=DIRECTION('',(-1.,0.,0.));
#3802=DIRECTION('',(0.,-0.998026728428272,0.0627905195293137));
#3803=DIRECTION('',(1.,0.,0.));
#3804=DIRECTION('',(-1.,0.,0.));
#3805=DIRECTION('',(0.,-0.998026728428272,0.0627905195293137));
#3806=DIRECTION('',(1.,0.,0.));
#3807=DIRECTION('',(0.,0.998026728428272,-0.0627905195293137));
#3808=DIRECTION('',(-1.,0.,0.));
#3809=DIRECTION('',(0.,-0.998026728428272,0.0627905195293137));
#3810=DIRECTION('',(-1.,0.,0.));
#3811=DIRECTION('',(0.,-0.998026728428272,0.0627905195293137));
#3812=DIRECTION('',(1.,0.,0.));
#3813=DIRECTION('',(0.,0.998026728428272,-0.0627905195293137));
#3814=DIRECTION('',(-1.,0.,0.));
#3815=DIRECTION('',(0.,-0.998026728428272,0.0627905195293137));
#3816=DIRECTION('',(-1.,0.,0.));
#3817=DIRECTION('',(0.,-0.998026728428272,0.0627905195293137));
#3818=DIRECTION('',(1.,0.,0.));
#3819=DIRECTION('',(1.,0.,0.));
#3820=DIRECTION('',(1.,0.,0.));
#3821=DIRECTION('',(0.,0.982287250728689,0.187381314585725));
#3822=DIRECTION('',(1.,0.,0.));
#3823=DIRECTION('',(-1.,0.,0.));
#3824=DIRECTION('',(0.,-0.982287250728689,-0.187381314585725));
#3825=DIRECTION('',(1.,0.,0.));
#3826=DIRECTION('',(-1.,0.,0.));
#3827=DIRECTION('',(0.,-0.982287250728689,-0.187381314585725));
#3828=DIRECTION('',(1.,0.,0.));
#3829=DIRECTION('',(0.,0.982287250728689,0.187381314585725));
#3830=DIRECTION('',(-1.,0.,0.));
#3831=DIRECTION('',(0.,-0.982287250728689,-0.187381314585725));
#3832=DIRECTION('',(-1.,0.,0.));
#3833=DIRECTION('',(0.,-0.982287250728689,-0.187381314585725));
#3834=DIRECTION('',(1.,0.,0.));
#3835=DIRECTION('',(0.,0.982287250728689,0.187381314585725));
#3836=DIRECTION('',(-1.,0.,0.));
#3837=DIRECTION('',(0.,-0.982287250728689,-0.187381314585725));
#3838=DIRECTION('',(-1.,0.,0.));
#3839=DIRECTION('',(0.,-0.982287250728689,-0.187381314585725));
#3840=DIRECTION('',(1.,0.,0.));
#3841=DIRECTION('',(1.,0.,0.));
#3842=DIRECTION('',(1.,0.,0.));
#3843=DIRECTION('',(0.,0.90482705246602,0.425779291565072));
#3844=DIRECTION('',(1.,0.,0.));
#3845=DIRECTION('',(-1.,0.,0.));
#3846=DIRECTION('',(0.,-0.90482705246602,-0.425779291565072));
#3847=DIRECTION('',(1.,0.,0.));
#3848=DIRECTION('',(1.,0.,0.));
#3849=DIRECTION('',(0.,0.90482705246602,0.425779291565072));
#3850=DIRECTION('',(-1.,0.,0.));
#3851=DIRECTION('',(0.,-0.90482705246602,-0.425779291565072));
#3852=DIRECTION('',(1.,0.,0.));
#3853=DIRECTION('',(0.,0.90482705246602,0.425779291565072));
#3854=DIRECTION('',(-1.,0.,0.));
#3855=DIRECTION('',(0.,-0.90482705246602,-0.425779291565072));
#3856=DIRECTION('',(1.,0.,0.));
#3857=DIRECTION('',(1.,0.,0.));
#3858=DIRECTION('',(1.,0.,0.));
#3859=DIRECTION('',(0.,-0.684547105928689,-0.728968627421412));
#3860=DIRECTION('',(1.,0.,0.));
#3861=DIRECTION('',(-1.,0.,0.));
#3862=DIRECTION('',(0.,0.684547105928689,0.728968627421412));
#3863=DIRECTION('',(1.,0.,0.));
#3864=DIRECTION('',(1.,0.,0.));
#3865=DIRECTION('',(0.,-0.684547105928689,-0.728968627421412));
#3866=DIRECTION('',(-1.,0.,0.));
#3867=DIRECTION('',(0.,0.684547105928689,0.728968627421412));
#3868=DIRECTION('',(1.,0.,0.));
#3869=DIRECTION('',(0.,-0.684547105928689,-0.728968627421412));
#3870=DIRECTION('',(-1.,0.,0.));
#3871=DIRECTION('',(0.,0.684547105928689,0.728968627421412));
#3872=DIRECTION('',(1.,0.,0.));
#3873=DIRECTION('',(1.,0.,0.));
#3874=DIRECTION('',(1.,0.,0.));
#3875=DIRECTION('',(0.,-0.844327925502015,-0.535826794978997));
#3876=DIRECTION('',(1.,0.,0.));
#3877=DIRECTION('',(-1.,0.,0.));
#3878=DIRECTION('',(0.,0.844327925502015,0.535826794978997));
#3879=DIRECTION('',(1.,0.,0.));
#3880=DIRECTION('',(1.,0.,0.));
#3881=DIRECTION('',(0.,-0.844327925502015,-0.535826794978997));
#3882=DIRECTION('',(-1.,0.,0.));
#3883=DIRECTION('',(0.,0.844327925502015,0.535826794978997));
#3884=DIRECTION('',(1.,0.,0.));
#3885=DIRECTION('',(0.,-0.844327925502015,-0.535826794978997));
#3886=DIRECTION('',(-1.,0.,0.));
#3887=DIRECTION('',(0.,0.844327925502015,0.535826794978997));
#3888=DIRECTION('',(1.,0.,0.));
#3889=DIRECTION('',(1.,0.,0.));
#3890=DIRECTION('',(1.,0.,0.));
#3891=DIRECTION('',(0.,-0.481753674101715,-0.876306680043864));
#3892=DIRECTION('',(1.,0.,0.));
#3893=DIRECTION('',(-1.,0.,0.));
#3894=DIRECTION('',(0.,0.481753674101715,0.876306680043864));
#3895=DIRECTION('',(1.,0.,0.));
#3896=DIRECTION('',(1.,0.,0.));
#3897=DIRECTION('',(0.,-0.481753674101715,-0.876306680043864));
#3898=DIRECTION('',(-1.,0.,0.));
#3899=DIRECTION('',(0.,0.481753674101715,0.876306680043864));
#3900=DIRECTION('',(1.,0.,0.));
#3901=DIRECTION('',(0.,-0.481753674101715,-0.876306680043864));
#3902=DIRECTION('',(-1.,0.,0.));
#3903=DIRECTION('',(0.,0.481753674101715,0.876306680043864));
#3904=DIRECTION('',(1.,0.,0.));
#3905=DIRECTION('',(1.,0.,0.));
#3906=DIRECTION('',(1.,0.,0.));
#3907=DIRECTION('',(0.,-0.248689887164855,-0.968583161128631));
#3908=DIRECTION('',(1.,0.,0.));
#3909=DIRECTION('',(-1.,0.,0.));
#3910=DIRECTION('',(0.,0.248689887164855,0.968583161128631));
#3911=DIRECTION('',(1.,0.,0.));
#3912=DIRECTION('',(1.,0.,0.));
#3913=DIRECTION('',(0.,-0.248689887164855,-0.968583161128631));
#3914=DIRECTION('',(-1.,0.,0.));
#3915=DIRECTION('',(0.,0.248689887164855,0.968583161128631));
#3916=DIRECTION('',(1.,0.,0.));
#3917=DIRECTION('',(0.,-0.248689887164855,-0.968583161128631));
#3918=DIRECTION('',(-1.,0.,0.));
#3919=DIRECTION('',(0.,0.248689887164855,0.968583161128631));
#3920=DIRECTION('',(1.,0.,0.));
#3921=DIRECTION('',(1.,0.,0.));
#3922=DIRECTION('',(1.,0.,0.));
#3923=DIRECTION('',(0.,-0.951056516295154,-0.309016994374948));
#3924=DIRECTION('',(1.,0.,0.));
#3925=DIRECTION('',(-1.,0.,0.));
#3926=DIRECTION('',(0.,0.951056516295154,0.309016994374948));
#3927=DIRECTION('',(1.,0.,0.));
#3928=DIRECTION('',(1.,0.,0.));
#3929=DIRECTION('',(0.,-0.951056516295154,-0.309016994374948));
#3930=DIRECTION('',(-1.,0.,0.));
#3931=DIRECTION('',(0.,0.951056516295154,0.309016994374948));
#3932=DIRECTION('',(1.,0.,0.));
#3933=DIRECTION('',(0.,-0.951056516295154,-0.309016994374948));
#3934=DIRECTION('',(-1.,0.,0.));
#3935=DIRECTION('',(0.,0.951056516295154,0.309016994374948));
#3936=DIRECTION('',(1.,0.,0.));
#3937=DIRECTION('',(1.,0.,0.));
#3938=DIRECTION('',(1.,0.,0.));
#3939=DIRECTION('',(0.,-0.998026728428272,-0.0627905195293133));
#3940=DIRECTION('',(1.,0.,0.));
#3941=DIRECTION('',(-1.,0.,0.));
#3942=DIRECTION('',(0.,0.998026728428272,0.0627905195293133));
#3943=DIRECTION('',(1.,0.,0.));
#3944=DIRECTION('',(1.,0.,0.));
#3945=DIRECTION('',(0.,-0.998026728428272,-0.0627905195293133));
#3946=DIRECTION('',(-1.,0.,0.));
#3947=DIRECTION('',(0.,0.998026728428272,0.0627905195293133));
#3948=DIRECTION('',(1.,0.,0.));
#3949=DIRECTION('',(0.,-0.998026728428272,-0.0627905195293133));
#3950=DIRECTION('',(-1.,0.,0.));
#3951=DIRECTION('',(0.,0.998026728428272,0.0627905195293133));
#3952=DIRECTION('',(1.,0.,0.));
#3953=DIRECTION('',(1.,0.,0.));
#3954=DIRECTION('',(1.,0.,0.));
#3955=DIRECTION('',(0.,-0.982287250728689,0.187381314585725));
#3956=DIRECTION('',(1.,0.,0.));
#3957=DIRECTION('',(-1.,0.,0.));
#3958=DIRECTION('',(0.,0.982287250728689,-0.187381314585725));
#3959=DIRECTION('',(1.,0.,0.));
#3960=DIRECTION('',(1.,0.,0.));
#3961=DIRECTION('',(0.,-0.982287250728689,0.187381314585725));
#3962=DIRECTION('',(-1.,0.,0.));
#3963=DIRECTION('',(0.,0.982287250728689,-0.187381314585725));
#3964=DIRECTION('',(1.,0.,0.));
#3965=DIRECTION('',(0.,-0.982287250728689,0.187381314585725));
#3966=DIRECTION('',(-1.,0.,0.));
#3967=DIRECTION('',(0.,0.982287250728689,-0.187381314585725));
#3968=DIRECTION('',(1.,0.,0.));
#3969=DIRECTION('',(1.,0.,0.));
#3970=DIRECTION('',(1.,0.,0.));
#3971=DIRECTION('',(0.,-0.904827052466019,0.425779291565072));
#3972=DIRECTION('',(1.,0.,0.));
#3973=DIRECTION('',(-1.,0.,0.));
#3974=DIRECTION('',(0.,0.904827052466019,-0.425779291565072));
#3975=DIRECTION('',(1.,0.,0.));
#3976=DIRECTION('',(1.,0.,0.));
#3977=DIRECTION('',(0.,-0.904827052466019,0.425779291565072));
#3978=DIRECTION('',(-1.,0.,0.));
#3979=DIRECTION('',(0.,0.904827052466019,-0.425779291565072));
#3980=DIRECTION('',(1.,0.,0.));
#3981=DIRECTION('',(0.,-0.904827052466019,0.425779291565072));
#3982=DIRECTION('',(-1.,0.,0.));
#3983=DIRECTION('',(0.,0.904827052466019,-0.425779291565072));
#3984=DIRECTION('',(1.,0.,0.));
#3985=DIRECTION('',(1.,0.,0.));
#3986=DIRECTION('',(1.,0.,0.));
#3987=DIRECTION('',(0.,-0.587785252292473,0.809016994374947));
#3988=DIRECTION('',(1.,0.,0.));
#3989=DIRECTION('',(-1.,0.,0.));
#3990=DIRECTION('',(0.,0.587785252292473,-0.809016994374947));
#3991=DIRECTION('',(1.,0.,0.));
#3992=DIRECTION('',(1.,0.,0.));
#3993=DIRECTION('',(0.,-0.587785252292473,0.809016994374947));
#3994=DIRECTION('',(-1.,0.,0.));
#3995=DIRECTION('',(0.,0.587785252292473,-0.809016994374947));
#3996=DIRECTION('',(1.,0.,0.));
#3997=DIRECTION('',(0.,-0.587785252292473,0.809016994374947));
#3998=DIRECTION('',(-1.,0.,0.));
#3999=DIRECTION('',(0.,0.587785252292473,-0.809016994374947));
#4000=DIRECTION('',(1.,0.,0.));
#4001=DIRECTION('',(1.,0.,0.));
#4002=DIRECTION('',(1.,0.,0.));
#4003=DIRECTION('',(0.,-0.770513242775789,0.63742398974869));
#4004=DIRECTION('',(1.,0.,0.));
#4005=DIRECTION('',(-1.,0.,0.));
#4006=DIRECTION('',(0.,0.770513242775789,-0.63742398974869));
#4007=DIRECTION('',(1.,0.,0.));
#4008=DIRECTION('',(1.,0.,0.));
#4009=DIRECTION('',(0.,-0.770513242775789,0.63742398974869));
#4010=DIRECTION('',(-1.,0.,0.));
#4011=DIRECTION('',(0.,0.770513242775789,-0.63742398974869));
#4012=DIRECTION('',(1.,0.,0.));
#4013=DIRECTION('',(0.,-0.770513242775789,0.63742398974869));
#4014=DIRECTION('',(-1.,0.,0.));
#4015=DIRECTION('',(0.,0.770513242775789,-0.63742398974869));
#4016=DIRECTION('',(1.,0.,0.));
#4017=DIRECTION('',(1.,0.,0.));
#4018=DIRECTION('',(1.,0.,0.));
#4019=DIRECTION('',(0.,-0.368124552684678,0.929776485888252));
#4020=DIRECTION('',(1.,0.,0.));
#4021=DIRECTION('',(-1.,0.,0.));
#4022=DIRECTION('',(0.,0.368124552684678,-0.929776485888252));
#4023=DIRECTION('',(1.,0.,0.));
#4024=DIRECTION('',(1.,0.,0.));
#4025=DIRECTION('',(0.,-0.368124552684678,0.929776485888252));
#4026=DIRECTION('',(-1.,0.,0.));
#4027=DIRECTION('',(0.,0.368124552684678,-0.929776485888252));
#4028=DIRECTION('',(1.,0.,0.));
#4029=DIRECTION('',(0.,-0.368124552684678,0.929776485888252));
#4030=DIRECTION('',(-1.,0.,0.));
#4031=DIRECTION('',(0.,0.368124552684678,-0.929776485888252));
#4032=DIRECTION('',(1.,0.,0.));
#4033=DIRECTION('',(1.,0.,0.));
#4034=DIRECTION('',(1.,0.,0.));
#4035=DIRECTION('',(0.,-0.125333233564304,0.992114701314478));
#4036=DIRECTION('',(1.,0.,0.));
#4037=DIRECTION('',(-1.,0.,0.));
#4038=DIRECTION('',(0.,0.125333233564304,-0.992114701314478));
#4039=DIRECTION('',(1.,0.,0.));
#4040=DIRECTION('',(1.,0.,0.));
#4041=DIRECTION('',(0.,-0.125333233564304,0.992114701314478));
#4042=DIRECTION('',(-1.,0.,0.));
#4043=DIRECTION('',(0.,0.125333233564304,-0.992114701314478));
#4044=DIRECTION('',(1.,0.,0.));
#4045=DIRECTION('',(0.,-0.125333233564304,0.992114701314478));
#4046=DIRECTION('',(-1.,0.,0.));
#4047=DIRECTION('',(0.,0.125333233564304,-0.992114701314478));
#4048=DIRECTION('',(1.,0.,0.));
#4049=DIRECTION('',(1.,0.,0.));
#4050=DIRECTION('',(1.,0.,0.));
#4051=DIRECTION('',(0.,0.125333233564304,0.992114701314478));
#4052=DIRECTION('',(1.,0.,0.));
#4053=DIRECTION('',(-1.,0.,0.));
#4054=DIRECTION('',(0.,-0.125333233564304,-0.992114701314478));
#4055=DIRECTION('',(1.,0.,0.));
#4056=DIRECTION('',(1.,0.,0.));
#4057=DIRECTION('',(0.,0.125333233564304,0.992114701314478));
#4058=DIRECTION('',(-1.,0.,0.));
#4059=DIRECTION('',(0.,-0.125333233564304,-0.992114701314478));
#4060=DIRECTION('',(1.,0.,0.));
#4061=DIRECTION('',(0.,0.125333233564304,0.992114701314478));
#4062=DIRECTION('',(-1.,0.,0.));
#4063=DIRECTION('',(0.,-0.125333233564304,-0.992114701314478));
#4064=DIRECTION('',(1.,0.,0.));
#4065=DIRECTION('',(1.,0.,0.));
#4066=DIRECTION('',(1.,0.,0.));
#4067=DIRECTION('',(0.,0.368124552684678,0.929776485888251));
#4068=DIRECTION('',(1.,0.,0.));
#4069=DIRECTION('',(-1.,0.,0.));
#4070=DIRECTION('',(0.,-0.368124552684678,-0.929776485888251));
#4071=DIRECTION('',(1.,0.,0.));
#4072=DIRECTION('',(1.,0.,0.));
#4073=DIRECTION('',(0.,0.368124552684678,0.929776485888251));
#4074=DIRECTION('',(-1.,0.,0.));
#4075=DIRECTION('',(0.,-0.368124552684678,-0.929776485888251));
#4076=DIRECTION('',(1.,0.,0.));
#4077=DIRECTION('',(0.,0.368124552684678,0.929776485888251));
#4078=DIRECTION('',(-1.,0.,0.));
#4079=DIRECTION('',(0.,-0.368124552684678,-0.929776485888251));
#4080=DIRECTION('',(1.,0.,0.));
#4081=DIRECTION('',(1.,0.,0.));
#4082=DIRECTION('',(1.,0.,0.));
#4083=DIRECTION('',(0.,0.770513242775789,0.63742398974869));
#4084=DIRECTION('',(1.,0.,0.));
#4085=DIRECTION('',(-1.,0.,0.));
#4086=DIRECTION('',(0.,-0.770513242775789,-0.63742398974869));
#4087=DIRECTION('',(1.,0.,0.));
#4088=DIRECTION('',(1.,0.,0.));
#4089=DIRECTION('',(0.,0.770513242775789,0.63742398974869));
#4090=DIRECTION('',(-1.,0.,0.));
#4091=DIRECTION('',(0.,-0.770513242775789,-0.63742398974869));
#4092=DIRECTION('',(1.,0.,0.));
#4093=DIRECTION('',(0.,0.770513242775789,0.63742398974869));
#4094=DIRECTION('',(-1.,0.,0.));
#4095=DIRECTION('',(0.,-0.770513242775789,-0.63742398974869));
#4096=DIRECTION('',(1.,0.,0.));
#4097=DIRECTION('',(1.,0.,0.));
#4098=DIRECTION('',(1.,0.,0.));
#4099=DIRECTION('',(0.,0.587785252292473,0.809016994374948));
#4100=DIRECTION('',(1.,0.,0.));
#4101=DIRECTION('',(-1.,0.,0.));
#4102=DIRECTION('',(0.,-0.587785252292473,-0.809016994374948));
#4103=DIRECTION('',(1.,0.,0.));
#4104=DIRECTION('',(1.,0.,0.));
#4105=DIRECTION('',(0.,0.587785252292473,0.809016994374948));
#4106=DIRECTION('',(-1.,0.,0.));
#4107=DIRECTION('',(0.,-0.587785252292473,-0.809016994374948));
#4108=DIRECTION('',(1.,0.,0.));
#4109=DIRECTION('',(0.,0.587785252292473,0.809016994374948));
#4110=DIRECTION('',(-1.,0.,0.));
#4111=DIRECTION('',(0.,-0.587785252292473,-0.809016994374948));
#4112=DIRECTION('',(1.,0.,0.));
#4113=DIRECTION('',(0.,1.,0.));
#4114=DIRECTION('',(1.,0.,0.));
#4115=DIRECTION('',(0.,0.,-1.));
#4116=DIRECTION('',(1.,0.,0.));
#4117=DIRECTION('',(0.,0.,-1.));
#4118=DIRECTION('',(1.,0.,0.));
#4119=DIRECTION('',(0.,0.,-1.));
#4120=DIRECTION('',(1.,0.,0.));
#4121=DIRECTION('',(0.,0.,-1.));
#4122=DIRECTION('',(-1.,0.,0.));
#4123=DIRECTION('',(0.,0.,1.));
#4124=DIRECTION('',(1.,0.,0.));
#4125=DIRECTION('',(0.,0.,-1.));
#4126=DIRECTION('',(-1.,0.,0.));
#4127=DIRECTION('',(-1.,0.,0.));
#4128=DIRECTION('',(-1.,0.,0.));
#4129=DIRECTION('',(0.,0.,1.));
#4130=DIRECTION('',(1.,0.,0.));
#4131=DIRECTION('',(0.,0.,-1.));
#4132=DIRECTION('',(-1.,0.,0.));
#4133=DIRECTION('',(-1.,0.,0.));
#4134=DIRECTION('',(0.,0.,1.));
#4135=DIRECTION('',(1.,0.,0.));
#4136=DIRECTION('',(0.,0.,-1.));
#4137=DIRECTION('',(-1.,0.,0.));
#4138=DIRECTION('',(-1.,0.,0.));
#4139=DIRECTION('',(0.,0.,1.));
#4140=DIRECTION('',(1.,0.,0.));
#4141=DIRECTION('',(0.,0.,-1.));
#4142=DIRECTION('',(-1.,0.,0.));
#4143=DIRECTION('',(0.,0.,1.));
#4144=DIRECTION('',(1.,0.,0.));
#4145=DIRECTION('',(0.,0.,-1.));
#4146=DIRECTION('',(1.,0.,0.));
#4147=DIRECTION('',(0.,0.,-1.));
#4148=DIRECTION('',(-1.,0.,0.));
#4149=DIRECTION('',(0.,0.,1.));
#4150=DIRECTION('',(1.,0.,0.));
#4151=DIRECTION('',(0.,0.,-1.));
#4152=DIRECTION('',(1.,0.,0.));
#4153=DIRECTION('',(0.,1.,0.));
#4154=DIRECTION('',(-1.,0.,0.));
#4155=DIRECTION('',(0.,1.,0.));
#4156=CARTESIAN_POINT('',(0.,0.,0.));
#4157=CARTESIAN_POINT('',(0.01,1.87042167344994E-17,-1.50745882513151E-17));
#4158=CARTESIAN_POINT('',(0.01,0.305147022494766,0.0375));
#4159=CARTESIAN_POINT('',(0.01,0.00591791448699525,0.0160071890885913));
#4160=CARTESIAN_POINT('',(0.01,0.00727683520099121,0.00181594863848499));
#4161=CARTESIAN_POINT('',(0.01,0.00564383206184614,0.0165049958249403));
#4162=CARTESIAN_POINT('',(0.01,0.00617522905608455,0.016303625625938));
#4163=CARTESIAN_POINT('',(0.01,0.00597757105899395,0.0157808196629541));
#4164=CARTESIAN_POINT('',(0.01,0.00610104604974362,0.0161076746808507));
#4165=CARTESIAN_POINT('',(0.01,0.00623920230733316,0.0164733929997816));
#4166=CARTESIAN_POINT('',(0.01,0.00624610607763985,0.0164887901907111));
#4167=CARTESIAN_POINT('',(0.01,0.00625402325184567,0.0165071555332888));
#4168=CARTESIAN_POINT('',(0.01,0.00626404666143838,0.0165287660767463));
#4169=CARTESIAN_POINT('',(0.01,0.00627799823661513,0.0165575456971645));
#4170=CARTESIAN_POINT('',(0.01,0.00629559434093667,0.0165919884152121));
#4171=CARTESIAN_POINT('',(0.01,0.00631724779377449,0.0166323877741093));
#4172=CARTESIAN_POINT('',(0.01,0.00634314599996331,0.0166784593157044));
#4173=CARTESIAN_POINT('',(0.01,0.00637354000405226,0.016730086907754));
#4174=CARTESIAN_POINT('',(0.01,0.00640865585693835,0.0167870947143355));
#4175=CARTESIAN_POINT('',(0.01,0.00644872087716041,0.0168493155591353));
#4176=CARTESIAN_POINT('',(0.01,0.00649395564114059,0.0169165708725425));
#4177=CARTESIAN_POINT('',(0.01,0.00654457607643826,0.0169886766975278));
#4178=CARTESIAN_POINT('',(0.01,0.00660079261939977,0.0170654421179527));
#4179=CARTESIAN_POINT('',(0.01,0.006662810226973,0.0171466698857803));
#4180=CARTESIAN_POINT('',(0.01,0.00673082814875411,0.0172321564251376));
#4181=CARTESIAN_POINT('',(0.01,0.00680503977282328,0.0173216920207388));
#4182=CARTESIAN_POINT('',(0.01,0.00688563245453544,0.0174150609603031));
#4183=CARTESIAN_POINT('',(0.01,0.0069727873595635,0.0175120416946479));
#4184=CARTESIAN_POINT('',(0.01,0.00706667929095892,0.017612407002252));
#4185=CARTESIAN_POINT('',(0.01,0.00716747659220045,0.0177159241422181));
#4186=CARTESIAN_POINT('',(0.01,0.00727534077731851,0.0178223550759197));
#4187=CARTESIAN_POINT('',(0.01,0.00739042723652832,0.0179314564408139));
#4188=CARTESIAN_POINT('',(0.01,0.00751288180944442,0.0180429805000146));
#4189=CARTESIAN_POINT('',(0.01,0.00764285331351936,0.0181566723471575));
#4190=CARTESIAN_POINT('',(0.01,0.00778044465599162,0.0182722815481004));
#4191=CARTESIAN_POINT('',(0.01,0.00792590016471213,0.0183895182777873));
#4192=CARTESIAN_POINT('',(0.01,0.00804372105121026,0.0184809378615167));
#4193=CARTESIAN_POINT('',(0.01,0.0081133733320493,0.0185331241890077));
#4194=CARTESIAN_POINT('',(0.01,0.00813067606243641,0.0185460132310889));
#4195=CARTESIAN_POINT('',(0.01,0.00813067606243641,0.0185460132310889));
#4196=CARTESIAN_POINT('',(0.01,1.87042167344994E-17,-1.63145431354517E-17));
#4197=CARTESIAN_POINT('',(0.01,0.00910726082017665,0.01808646732652));
#4198=CARTESIAN_POINT('',(0.01,0.0083490833387325,0.0146648706916529));
#4199=CARTESIAN_POINT('',(0.01,0.00852222353725178,0.0149683550367542));
#4200=CARTESIAN_POINT('',(0.01,0.0087159502321922,0.0153079238927764));
#4201=CARTESIAN_POINT('',(0.01,0.00872341334289175,0.0153230578780959));
#4202=CARTESIAN_POINT('',(0.01,0.00873251748578618,0.0153408646756059));
#4203=CARTESIAN_POINT('',(0.01,0.00874277953397026,0.0153623629242662));
#4204=CARTESIAN_POINT('',(0.01,0.0087560615439121,0.0153914576181678));
#4205=CARTESIAN_POINT('',(0.01,0.00877138393526429,0.0154269702643245));
#4206=CARTESIAN_POINT('',(0.01,0.00878870974599457,0.0154694060570194));
#4207=CARTESIAN_POINT('',(0.01,0.00880770034099242,0.0155187280737094));
#4208=CARTESIAN_POINT('',(0.01,0.00882810621700848,0.0155750557220664));
#4209=CARTESIAN_POINT('',(0.01,0.00884964779987109,0.0156384510952645));
#4210=CARTESIAN_POINT('',(0.01,0.00887205137972663,0.0157089827830555));
#4211=CARTESIAN_POINT('',(0.01,0.00889503876562234,0.0157867069179398));
#4212=CARTESIAN_POINT('',(0.01,0.0089183305788246,0.015871672616338));
#4213=CARTESIAN_POINT('',(0.01,0.00894164557874485,0.015963920327715));
#4214=CARTESIAN_POINT('',(0.01,0.00896470113868307,0.0160634822434824));
#4215=CARTESIAN_POINT('',(0.01,0.00898721339426085,0.0161703821239478));
#4216=CARTESIAN_POINT('',(0.01,0.00900889748687147,0.0162846352996336));
#4217=CARTESIAN_POINT('',(0.01,0.00902946778254821,0.0164062486301393));
#4218=CARTESIAN_POINT('',(0.01,0.00904863809536578,0.0165352204852511));
#4219=CARTESIAN_POINT('',(0.01,0.00906612192447482,0.0166715407165865));
#4220=CARTESIAN_POINT('',(0.01,0.00908163263375966,0.0168151906803937));
#4221=CARTESIAN_POINT('',(0.01,0.00909488385838874,0.0169661430938411));
#4222=CARTESIAN_POINT('',(0.01,0.00910558903484909,0.0171243625620243));
#4223=CARTESIAN_POINT('',(0.01,0.00911346431692021,0.0172898035428633));
#4224=CARTESIAN_POINT('',(0.01,0.00911821843605836,0.0174624182187443));
#4225=CARTESIAN_POINT('',(0.01,0.00911959283389803,0.0176421262483272));
#4226=CARTESIAN_POINT('',(0.01,0.00911720845596199,0.0178289311480131));
#4227=CARTESIAN_POINT('',(0.01,0.00911254659632722,0.0179779867371375));
#4228=CARTESIAN_POINT('',(0.01,0.00910835881800333,0.0180649195589931));
#4229=CARTESIAN_POINT('',(0.01,0.00910726082017665,0.01808646732652));
#4230=CARTESIAN_POINT('',(0.01,0.00862592030750248,0.0151504178587413));
#4231=CARTESIAN_POINT('',(0.01,0.00911980390474212,0.0148693276331739));
#4232=CARTESIAN_POINT('',(0.01,0.00882269642751967,0.014384910592278));
#4233=CARTESIAN_POINT('',(0.01,5.14200618038113E-16,7.55282197348168E-16));
#4234=CARTESIAN_POINT('',(0.01,0.00925933481659515,0.0141078114445221));
#4235=CARTESIAN_POINT('',(0.01,0.00957114624870287,0.0145828970718976));
#4236=CARTESIAN_POINT('',(0.01,0.0100357696971283,0.0142557002294539));
#4237=CARTESIAN_POINT('',(0.01,0.00971430493354036,0.0137984747221638));
#4238=CARTESIAN_POINT('',(0.01,0.009915186267921,0.0140843540071117));
#4239=CARTESIAN_POINT('',(0.01,0.0101399525400958,0.0144042245484333));
#4240=CARTESIAN_POINT('',(0.01,0.0101504685414381,0.0144174211104378));
#4241=CARTESIAN_POINT('',(0.01,0.0101627042580309,0.014433240550847));
#4242=CARTESIAN_POINT('',(0.01,0.0101777870873935,0.0144516794387421));
#4243=CARTESIAN_POINT('',(0.01,0.0101984575487354,0.0144760852788064));
#4244=CARTESIAN_POINT('',(0.01,0.0102240663947476,0.0145050699423325));
#4245=CARTESIAN_POINT('',(0.01,0.0102550864765523,0.0145388150863378));
#4246=CARTESIAN_POINT('',(0.01,0.010291628569451,0.0145769985837591));
#4247=CARTESIAN_POINT('',(0.01,0.0103339069500523,0.0146194455186206));
#4248=CARTESIAN_POINT('',(0.01,0.0103820968388327,0.0146659293626365));
#4249=CARTESIAN_POINT('',(0.01,0.0104363768376426,0.0147162316598224));
#4250=CARTESIAN_POINT('',(0.01,0.0104969161846339,0.0147701245955349));
#4251=CARTESIAN_POINT('',(0.01,0.0105638782753518,0.0148273762930926));
#4252=CARTESIAN_POINT('',(0.01,0.0106374194559848,0.0148877495009472));
#4253=CARTESIAN_POINT('',(0.01,0.0107176891907894,0.0149510021972514));
#4254=CARTESIAN_POINT('',(0.01,0.0108048298423084,0.0150168876504831));
#4255=CARTESIAN_POINT('',(0.01,0.0108989765689091,0.015085154640288));
#4256=CARTESIAN_POINT('',(0.01,0.0110002571943707,0.0151555476380012));
#4257=CARTESIAN_POINT('',(0.01,0.011108792095672,0.015227807000744));
#4258=CARTESIAN_POINT('',(0.01,0.0112246940764108,0.0153016691738266));
#4259=CARTESIAN_POINT('',(0.01,0.0113480683109383,0.0153768668630136));
#4260=CARTESIAN_POINT('',(0.01,0.0114790120412256,0.0154531293411939));
#4261=CARTESIAN_POINT('',(0.01,0.0116176152538153,0.0155301822475316));
#4262=CARTESIAN_POINT('',(0.01,0.0117639575968438,0.0156077493594128));
#4263=CARTESIAN_POINT('',(0.01,0.0119181198197549,0.0156855467694299));
#4264=CARTESIAN_POINT('',(0.01,0.0120801393163283,0.0157633063193004));
#4265=CARTESIAN_POINT('',(0.01,0.0122501806618458,0.0158406865274898));
#4266=CARTESIAN_POINT('',(0.01,0.0123870351144994,0.0158999331339186));
#4267=CARTESIAN_POINT('',(0.01,0.0124674773527496,0.015933158114105));
#4268=CARTESIAN_POINT('',(0.01,0.012487441860465,0.0159413392091602));
#4269=CARTESIAN_POINT('',(0.01,0.012487441860465,0.0159413392091602));
#4270=CARTESIAN_POINT('',(0.01,1.87042167344994E-17,-1.63145431354517E-17));
#4271=CARTESIAN_POINT('',(0.01,0.0133190609930727,0.0152533640310198));
#4272=CARTESIAN_POINT('',(0.01,0.0117337865703503,0.0121278142186244));
#4273=CARTESIAN_POINT('',(0.01,0.01197696073869,0.0123787058285222));
#4274=CARTESIAN_POINT('',(0.01,0.0122490484937593,0.0126594286346034));
#4275=CARTESIAN_POINT('',(0.01,0.012260040806214,0.012672231157787));
#4276=CARTESIAN_POINT('',(0.01,0.0122732872961816,0.0126872144137396));
#4277=CARTESIAN_POINT('',(0.01,0.0122885733402849,0.0127054851877807));
#4278=CARTESIAN_POINT('',(0.01,0.012308673627604,0.0127303627168183));
#4279=CARTESIAN_POINT('',(0.01,0.0123323462738216,0.0127609491441163));
#4280=CARTESIAN_POINT('',(0.01,0.0123596811148449,0.0127977429844342));
#4281=CARTESIAN_POINT('',(0.01,0.012390340972145,0.0128407926903459));
#4282=CARTESIAN_POINT('',(0.01,0.0124241138765564,0.0128902759670464));
#4283=CARTESIAN_POINT('',(0.01,0.0124607444791886,0.0129463224842081));
#4284=CARTESIAN_POINT('',(0.01,0.012499984726864,0.0130090667455821));
#4285=CARTESIAN_POINT('',(0.01,0.0125415791280953,0.0130786323034397));
#4286=CARTESIAN_POINT('',(0.01,0.0125852692961027,0.0131551362097847));
#4287=CARTESIAN_POINT('',(0.01,0.0126307928853607,0.0132386875849776));
#4288=CARTESIAN_POINT('',(0.01,0.0126778841540854,0.0133293878954801));
#4289=CARTESIAN_POINT('',(0.01,0.0127262740649679,0.0134273307493261));
#4290=CARTESIAN_POINT('',(0.01,0.0127756905213044,0.0135326018368562));
#4291=CARTESIAN_POINT('',(0.01,0.0128258585687576,0.0136452788364421));
#4292=CARTESIAN_POINT('',(0.01,0.0128765006070414,0.0137654313406313));
#4293=CARTESIAN_POINT('',(0.01,0.0129273366124576,0.0138931207697356));
#4294=CARTESIAN_POINT('',(0.01,0.0129780843175785,0.0140284003492341));
#4295=CARTESIAN_POINT('',(0.01,0.0130284595692861,0.0141713148694732));
#4296=CARTESIAN_POINT('',(0.01,0.0130781760046322,0.0143219013129922));
#4297=CARTESIAN_POINT('',(0.01,0.0131269473690928,0.0144801861581838));
#4298=CARTESIAN_POINT('',(0.01,0.0131744796531038,0.0146461955252537));
#4299=CARTESIAN_POINT('',(0.01,0.0132205024413076,0.0148199158977836));
#4300=CARTESIAN_POINT('',(0.01,0.0132646494624137,0.0150014449487157));
#4301=CARTESIAN_POINT('',(0.01,0.0132972026813126,0.0151469770397601));
#4302=CARTESIAN_POINT('',(0.01,0.0133147657834037,0.0152322201652778));
#4303=CARTESIAN_POINT('',(0.01,0.0133190609930727,0.0152533640310198));
#4304=CARTESIAN_POINT('',(0.01,0.0121226768668752,0.0125292604740735));
#4305=CARTESIAN_POINT('',(0.01,0.0125311399062396,0.012134177358761));
#4306=CARTESIAN_POINT('',(0.01,0.0121228969875154,0.0117388667949717));
#4307=CARTESIAN_POINT('',(0.01,6.9021362952443E-16,6.07855078210736E-16));
#4308=CARTESIAN_POINT('',(0.01,0.0124769058228874,0.0113618856747812));
#4309=CARTESIAN_POINT('',(0.01,0.01289707011654,0.0117445012636838));
#4310=CARTESIAN_POINT('',(0.01,0.0132657260191224,0.0113120367587553));
#4311=CARTESIAN_POINT('',(0.01,0.012840653302398,0.0109491208673398));
#4312=CARTESIAN_POINT('',(0.01,0.0131063188673806,0.0111760615724752));
#4313=CARTESIAN_POINT('',(0.01,0.0134035722626274,0.0114299856936748));
#4314=CARTESIAN_POINT('',(0.01,0.0134170397359658,0.0114401524382298));
#4315=CARTESIAN_POINT('',(0.01,0.0134328251798724,0.0114524319828498));
#4316=CARTESIAN_POINT('',(0.01,0.0134520197193652,0.0114665406320426));
#4317=CARTESIAN_POINT('',(0.01,0.0134781102657655,0.0114850391830633));
#4318=CARTESIAN_POINT('',(0.01,0.0135101227554907,0.0115067445790605));
#4319=CARTESIAN_POINT('',(0.01,0.0135485603604386,0.0115317151766701));
#4320=CARTESIAN_POINT('',(0.01,0.0135934502659579,0.0115596114203456));
#4321=CARTESIAN_POINT('',(0.01,0.0136449565169293,0.0115902106009928));
#4322=CARTESIAN_POINT('',(0.01,0.013703192493662,0.0116232497315677));
#4323=CARTESIAN_POINT('',(0.01,0.0137682768591066,0.0116584728028087));
#4324=CARTESIAN_POINT('',(0.01,0.0138403168792894,0.0116956170694713));
#4325=CARTESIAN_POINT('',(0.01,0.0139194131509984,0.0117344173048868));
#4326=CARTESIAN_POINT('',(0.01,0.0140056581064582,0.0117746048294846));
#4327=CARTESIAN_POINT('',(0.01,0.0140991363258449,0.0118159080547295));
#4328=CARTESIAN_POINT('',(0.01,0.014199924339486,0.0118580525964993));
#4329=CARTESIAN_POINT('',(0.01,0.0143080905835385,0.01190076151447));
#4330=CARTESIAN_POINT('',(0.01,0.0144236953185676,0.0119437555193983));
#4331=CARTESIAN_POINT('',(0.01,0.0145467905691299,0.0119867531890268));
#4332=CARTESIAN_POINT('',(0.01,0.0146774200515047,0.0120294711956068));
#4333=CARTESIAN_POINT('',(0.01,0.0148156191624241,0.0120716244866455));
#4334=CARTESIAN_POINT('',(0.01,0.0149614147617294,0.0121129266573268));
#4335=CARTESIAN_POINT('',(0.01,0.0151148257781048,0.0121530895876219));
#4336=CARTESIAN_POINT('',(0.01,0.0152758606636238,0.0121918259252722));
#4337=CARTESIAN_POINT('',(0.01,0.0154445270259365,0.0122288406007734));
#4338=CARTESIAN_POINT('',(0.01,0.0156207943957754,0.0122638645810736));
#4339=CARTESIAN_POINT('',(0.01,0.0158047372549827,0.0122965261847003));
#4340=CARTESIAN_POINT('',(0.01,0.0159520262052162,0.0123198771316528));
#4341=CARTESIAN_POINT('',(0.01,0.0160382039192024,0.0123320531168364));
#4342=CARTESIAN_POINT('',(0.01,0.0160595757608019,0.0123350122165754));
#4343=CARTESIAN_POINT('',(0.01,0.0160595757608019,0.0123350122165754));
#4344=CARTESIAN_POINT('',(0.01,1.87042167344994E-17,-1.63145431354517E-17));
#4345=CARTESIAN_POINT('',(0.01,0.0166939755796942,0.0114618357755019));
#4346=CARTESIAN_POINT('',(0.01,0.0143812128379045,0.0088287225752591));
#4347=CARTESIAN_POINT('',(0.01,0.014679141448736,0.00901125700738877));
#4348=CARTESIAN_POINT('',(0.01,0.0150124939896143,0.0092154949171967));
#4349=CARTESIAN_POINT('',(0.01,0.0150263248164058,0.00922516154862822));
#4350=CARTESIAN_POINT('',(0.01,0.0150428813277646,0.00923637980994742));
#4351=CARTESIAN_POINT('',(0.01,0.0150622308894181,0.00925027508944114));
#4352=CARTESIAN_POINT('',(0.01,0.0150878864791386,0.00926937230697209));
#4353=CARTESIAN_POINT('',(0.01,0.0151184219407978,0.0092931106576953));
#4354=CARTESIAN_POINT('',(0.01,0.0151540482635221,0.00932195065333073));
#4355=CARTESIAN_POINT('',(0.01,0.0151944509115313,0.00935602307711582));
#4356=CARTESIAN_POINT('',(0.01,0.0152394687685457,0.00939555276589814));
#4357=CARTESIAN_POINT('',(0.01,0.0152888867554662,0.00944072881822551));
#4358=CARTESIAN_POINT('',(0.01,0.0153424980618844,0.00949174320048304));
#4359=CARTESIAN_POINT('',(0.01,0.0154000859492484,0.0095487791214696));
#4360=CARTESIAN_POINT('',(0.01,0.0154614292581239,0.00961201421396389));
#4361=CARTESIAN_POINT('',(0.01,0.0155263010221825,0.00968161941278897));
#4362=CARTESIAN_POINT('',(0.01,0.0155944690820901,0.00975775908394524));
#4363=CARTESIAN_POINT('',(0.01,0.0156656961322111,0.00984059080145604));
#4364=CARTESIAN_POINT('',(0.01,0.0157397399345808,0.00993026523124102));
#4365=CARTESIAN_POINT('',(0.01,0.0158163534908838,0.010026925989626));
#4366=CARTESIAN_POINT('',(0.01,0.0158952852291201,0.0101307095191645));
#4367=CARTESIAN_POINT('',(0.01,0.0159762791976614,0.0102417449495982));
#4368=CARTESIAN_POINT('',(0.01,0.0160590752336686,0.0103601540312846));
#4369=CARTESIAN_POINT('',(0.01,0.0161434092501226,0.0104860508134059));
#4370=CARTESIAN_POINT('',(0.01,0.0162290130778775,0.0106195423321962));
#4371=CARTESIAN_POINT('',(0.01,0.0163156160405299,0.010760725422786));
#4372=CARTESIAN_POINT('',(0.01,0.0164029398611979,0.0109096985019722));
#4373=CARTESIAN_POINT('',(0.01,0.0164907192587229,0.0110665157275442));
#4374=CARTESIAN_POINT('',(0.01,0.0165786237591737,0.0112313627918351));
#4375=CARTESIAN_POINT('',(0.01,0.0166463466181404,0.0113642270682899));
#4376=CARTESIAN_POINT('',(0.01,0.0166845570463496,0.0114424243583909));
#4377=CARTESIAN_POINT('',(0.01,0.0166939755796942,0.0114618357755019));
#4378=CARTESIAN_POINT('',(0.01,0.0148577210546153,0.00912084357442293));
#4379=CARTESIAN_POINT('',(0.01,0.0151550983011193,0.00863659209451445));
#4380=CARTESIAN_POINT('',(0.01,0.0146613713448892,0.00835522682440527));
#4381=CARTESIAN_POINT('',(0.01,8.24033234966289E-16,4.21286997154437E-16));
#4382=CARTESIAN_POINT('',(0.01,0.0149105069494778,0.00790205084200136));
#4383=CARTESIAN_POINT('',(0.01,0.015412623636849,0.00816815524781855));
#4384=CARTESIAN_POINT('',(0.01,0.0156621479874074,0.00765759641574312));
#4385=CARTESIAN_POINT('',(0.01,0.0151601761996465,0.00741179348037106));
#4386=CARTESIAN_POINT('',(0.01,0.0154739332507336,0.00756553608656076));
#4387=CARTESIAN_POINT('',(0.01,0.0158249962450076,0.00773755880123577));
#4388=CARTESIAN_POINT('',(0.01,0.0158405689794623,0.00774405691439037));
#4389=CARTESIAN_POINT('',(0.01,0.0158589122931871,0.00775202499427163));
#4390=CARTESIAN_POINT('',(0.01,0.0158810124793014,0.00776091690644542));
#4391=CARTESIAN_POINT('',(0.01,0.0159108837457753,0.00777234583642899));
#4392=CARTESIAN_POINT('',(0.01,0.0159472884167503,0.00778540813503988));
#4393=CARTESIAN_POINT('',(0.01,0.015990728368759,0.00780003519177043));
#4394=CARTESIAN_POINT('',(0.01,0.0160411454890417,0.00781589135811484));
#4395=CARTESIAN_POINT('',(0.01,0.0160986432832079,0.00783272012549167));
#4396=CARTESIAN_POINT('',(0.01,0.0161632661672977,0.00785023857254233));
#4397=CARTESIAN_POINT('',(0.01,0.0162350654093327,0.00786816922273098));
#4398=CARTESIAN_POINT('',(0.01,0.0163140795632943,0.00788623090946223));
#4399=CARTESIAN_POINT('',(0.01,0.0164003401063471,0.00790414172124705));
#4400=CARTESIAN_POINT('',(0.01,0.0164938697488953,0.00792161843261802));
#4401=CARTESIAN_POINT('',(0.01,0.0165946828725514,0.00793837695325887));
#4402=CARTESIAN_POINT('',(0.01,0.0167027853667451,0.00795413248701066));
#4403=CARTESIAN_POINT('',(0.01,0.0168181746453279,0.00796859977475858));
#4404=CARTESIAN_POINT('',(0.01,0.0169408396192583,0.0079814933154515));
#4405=CARTESIAN_POINT('',(0.01,0.0170707606917761,0.00799252759024863));
#4406=CARTESIAN_POINT('',(0.01,0.0172079097449875,0.00800141730086683));
#4407=CARTESIAN_POINT('',(0.01,0.0173522501738991,0.00800787754745215));
#4408=CARTESIAN_POINT('',(0.01,0.0175037367685192,0.00801162424335182));
#4409=CARTESIAN_POINT('',(0.01,0.0176623162103153,0.00801237361298491));
#4410=CARTESIAN_POINT('',(0.01,0.0178279252242227,0.00800984522984747));
#4411=CARTESIAN_POINT('',(0.01,0.0180004977980815,0.00800375140264053));
#4412=CARTESIAN_POINT('',(0.01,0.0181799375140727,0.00799383912787893));
#4413=CARTESIAN_POINT('',(0.01,0.0183662240806314,0.00797972987826618));
#4414=CARTESIAN_POINT('',(0.01,0.0185146928220107,0.00796571793986663));
#4415=CARTESIAN_POINT('',(0.01,0.0186011911490237,0.00795607986811819));
#4416=CARTESIAN_POINT('',(0.01,0.0186226274530995,0.0079536310414217));
#4417=CARTESIAN_POINT('',(0.01,0.0186226274530995,0.0079536310414217));
#4418=CARTESIAN_POINT('',(0.01,1.87042167344994E-17,-1.63145431354517E-17));
#4419=CARTESIAN_POINT('',(0.01,0.0190199462844961,0.00695011822452585));
#4420=CARTESIAN_POINT('',(0.01,0.0161250146124522,0.00497488982271992));
#4421=CARTESIAN_POINT('',(0.01,0.0164589777154521,0.00507759776739604));
#4422=CARTESIAN_POINT('',(0.01,0.0168326492760112,0.00519251776192296));
#4423=CARTESIAN_POINT('',(0.01,0.0168484495754259,0.00519844111159821));
#4424=CARTESIAN_POINT('',(0.01,0.0168672758016767,0.00520518949366745));
#4425=CARTESIAN_POINT('',(0.01,0.0168894730767589,0.00521383618709995));
#4426=CARTESIAN_POINT('',(0.01,0.0169190719338239,0.00522595314471212));
#4427=CARTESIAN_POINT('',(0.01,0.0169545515555671,0.00524135185098102));
#4428=CARTESIAN_POINT('',(0.01,0.0169962308271112,0.00526042587894211));
#4429=CARTESIAN_POINT('',(0.01,0.0170438376188645,0.00528338012490463));
#4430=CARTESIAN_POINT('',(0.01,0.0170972717909617,0.00531047243004251));
#4431=CARTESIAN_POINT('',(0.01,0.0171563720483056,0.0053419394400219));
#4432=CARTESIAN_POINT('',(0.01,0.0172209858179158,0.00537801852190802));
#4433=CARTESIAN_POINT('',(0.01,0.0172909487326561,0.00541894102934443));
#4434=CARTESIAN_POINT('',(0.01,0.017366090756698,0.00546493401456426));
#4435=CARTESIAN_POINT('',(0.01,0.0174462345640398,0.00551621948638932));
#4436=CARTESIAN_POINT('',(0.01,0.0175311961652218,0.00557301438263848));
#4437=CARTESIAN_POINT('',(0.01,0.0176207848970672,0.00563553034236916));
#4438=CARTESIAN_POINT('',(0.01,0.0177148036010533,0.0057039735401861));
#4439=CARTESIAN_POINT('',(0.01,0.0178130487546985,0.0057785445064274));
#4440=CARTESIAN_POINT('',(0.01,0.0179153106214833,0.00585943796046519));
#4441=CARTESIAN_POINT('',(0.01,0.0180213734042312,0.00594684262777439));
#4442=CARTESIAN_POINT('',(0.01,0.0181310153916799,0.00604094113356822));
#4443=CARTESIAN_POINT('',(0.01,0.0182440091564678,0.00614190961973507));
#4444=CARTESIAN_POINT('',(0.01,0.0183601215733047,0.00624991845072356));
#4445=CARTESIAN_POINT('',(0.01,0.018479114551502,0.00636512873389487));
#4446=CARTESIAN_POINT('',(0.01,0.0186007430320199,0.00648770499874733));
#4447=CARTESIAN_POINT('',(0.01,0.0187247635364897,0.0066177656743454));
#4448=CARTESIAN_POINT('',(0.01,0.0188509021532318,0.00675557280468064));
#4449=CARTESIAN_POINT('',(0.01,0.0189495393759702,0.00686742091541536));
#4450=CARTESIAN_POINT('',(0.01,0.019005996228565,0.00693365894677323));
#4451=CARTESIAN_POINT('',(0.01,0.0190199462844961,0.00695011822452585));
#4452=CARTESIAN_POINT('',(0.01,0.0166591999856182,0.00513933052887516));
#4453=CARTESIAN_POINT('',(0.01,0.016826806133187,0.0045963379858057));
#4454=CARTESIAN_POINT('',(0.01,0.0162786178199117,0.00444659722408665));
#4455=CARTESIAN_POINT('',(0.01,9.07251056399697E-16,2.07300712861442E-16));
#4456=CARTESIAN_POINT('',(0.01,0.0164072260874239,0.00394570109310841));
#4457=CARTESIAN_POINT('',(0.01,0.01695974533039,0.00407857399735917));
#4458=CARTESIAN_POINT('',(0.01,0.0170744595962927,0.00352200112726013));
#4459=CARTESIAN_POINT('',(0.01,0.0165271294710433,0.00340875585036097));
#4460=CARTESIAN_POINT('',(0.01,0.0168692634987975,0.0034796401442323));
#4461=CARTESIAN_POINT('',(0.01,0.0172520775130489,0.00355895263256441));
#4462=CARTESIAN_POINT('',(0.01,0.0172687770164417,0.00356137381397067));
#4463=CARTESIAN_POINT('',(0.01,0.0172885256221214,0.00356452976534973));
#4464=CARTESIAN_POINT('',(0.01,0.0173121428188847,0.00356764622896043));
#4465=CARTESIAN_POINT('',(0.01,0.017343917883901,0.00357128741620336));
#4466=CARTESIAN_POINT('',(0.01,0.0173824272967615,0.00357488586516643));
#4467=CARTESIAN_POINT('',(0.01,0.0174281401038851,0.00357825030924906));
#4468=CARTESIAN_POINT('',(0.01,0.0174809165458426,0.00358107009701602));
#4469=CARTESIAN_POINT('',(0.01,0.0175407930853341,0.00358307103777635));
#4470=CARTESIAN_POINT('',(0.01,0.0176077423833075,0.00358396805284618));
#4471=CARTESIAN_POINT('',(0.01,0.0176817450914965,0.00358347963328679));
#4472=CARTESIAN_POINT('',(0.01,0.0177627686293498,0.00358132385788313));
#4473=CARTESIAN_POINT('',(0.01,0.0178507733765822,0.00357721984386148));
#4474=CARTESIAN_POINT('',(0.01,0.0179457108947998,0.00357088761595539));
#4475=CARTESIAN_POINT('',(0.01,0.018047524463401,0.0035620484325068));
#4476=CARTESIAN_POINT('',(0.01,0.018156148960864,0.0035504249801101));
#4477=CARTESIAN_POINT('',(0.01,0.0182715109412317,0.00353574160473914));
#4478=CARTESIAN_POINT('',(0.01,0.018393528662621,0.00351772453261582));
#4479=CARTESIAN_POINT('',(0.01,0.0185221121382918,0.00349610208851478));
#4480=CARTESIAN_POINT('',(0.01,0.0186571631829276,0.00347060492995897));
#4481=CARTESIAN_POINT('',(0.01,0.0187985754898359,0.0034409662110389));
#4482=CARTESIAN_POINT('',(0.01,0.0189462346199021,0.00340692201347412));
#4483=CARTESIAN_POINT('',(0.01,0.0191000183575766,0.00336821073679524));
#4484=CARTESIAN_POINT('',(0.01,0.0192597956764613,0.00332457650048132));
#4485=CARTESIAN_POINT('',(0.01,0.019425431092373,0.00327575706814117));
#4486=CARTESIAN_POINT('',(0.01,0.0195967682972278,0.00322153136299584));
#4487=CARTESIAN_POINT('',(0.01,0.0197736935010468,0.00316153779618698));
#4488=CARTESIAN_POINT('',(0.01,0.0199140131965212,0.00311104339405728));
#4489=CARTESIAN_POINT('',(0.01,0.0199953971285562,0.00308019686087117));
#4490=CARTESIAN_POINT('',(0.01,0.020015550973286,0.00307249397652659));
#4491=CARTESIAN_POINT('',(0.01,0.020015550973286,0.00307249397652659));
#4492=CARTESIAN_POINT('',(0.01,1.87042167344994E-17,-1.63145431354517E-17));
#4493=CARTESIAN_POINT('',(0.01,0.0201508238137737,0.00200169918475604));
#4494=CARTESIAN_POINT('',(0.01,0.0168556224152441,0.000808466446254344));
#4495=CARTESIAN_POINT('',(0.01,0.0172046358804205,0.0008248943855795));
#4496=CARTESIAN_POINT('',(0.01,0.0175951473022426,0.000843275618923123));
#4497=CARTESIAN_POINT('',(0.01,0.0176119242833588,0.000845083500997443));
#4498=CARTESIAN_POINT('',(0.01,0.0176318373034684,0.000846937978152504));
#4499=CARTESIAN_POINT('',(0.01,0.01765548755555,0.000849792781975111));
#4500=CARTESIAN_POINT('',(0.01,0.0176871698749131,0.000854168126658662));
#4501=CARTESIAN_POINT('',(0.01,0.0177253643416213,0.000860259631125902));
#4502=CARTESIAN_POINT('',(0.01,0.0177704777000685,0.000868369200086487));
#4503=CARTESIAN_POINT('',(0.01,0.0178222973257544,0.000878762968532811));
#4504=CARTESIAN_POINT('',(0.01,0.0178807903473844,0.000891715580855908));
#4505=CARTESIAN_POINT('',(0.01,0.0179458593886273,0.000907496360522745));
#4506=CARTESIAN_POINT('',(0.01,0.018017415700652,0.000926373160632966));
#4507=CARTESIAN_POINT('',(0.01,0.0180953576155298,0.000948610942874547));
#4508=CARTESIAN_POINT('',(0.01,0.0181795769050146,0.000974471912408181));
#4509=CARTESIAN_POINT('',(0.01,0.018269957025476,0.00100421520242367));
#4510=CARTESIAN_POINT('',(0.01,0.0183663737180631,0.00103809669155738));
#4511=CARTESIAN_POINT('',(0.01,0.0184686949421268,0.00107636878584044));
#4512=CARTESIAN_POINT('',(0.01,0.0185767810067812,0.00111928021385402));
#4513=CARTESIAN_POINT('',(0.01,0.0186904846534448,0.00116707581988993));
#4514=CARTESIAN_POINT('',(0.01,0.0188096511595952,0.00121999636520447));
#4515=CARTESIAN_POINT('',(0.01,0.0189341184418381,0.00127827831269025));
#4516=CARTESIAN_POINT('',(0.01,0.0190637171714218,0.00134215368740238));
#4517=CARTESIAN_POINT('',(0.01,0.0191982708707398,0.00141184965629281));
#4518=CARTESIAN_POINT('',(0.01,0.0193375961064775,0.00148758920739981));
#4519=CARTESIAN_POINT('',(0.01,0.0194815023337741,0.00156958759734711));
#4520=CARTESIAN_POINT('',(0.01,0.0196297931093926,0.00165806513034123));
#4521=CARTESIAN_POINT('',(0.01,0.0197822620563957,0.00175319706538781));
#4522=CARTESIAN_POINT('',(0.01,0.0199387090362338,0.00185530533294927));
#4523=CARTESIAN_POINT('',(0.01,0.0200620628832768,0.0019391094498179));
#4524=CARTESIAN_POINT('',(0.01,0.0201332187685749,0.00198922624331597));
#4525=CARTESIAN_POINT('',(0.01,0.0201508238137737,0.00200169918475604));
#4526=CARTESIAN_POINT('',(0.01,0.0174139201132731,0.000834894445062633));
#4527=CARTESIAN_POINT('',(0.01,0.0174412238512425,0.000267279057300141));
#4528=CARTESIAN_POINT('',(0.01,0.0168730188687405,0.000258571566738029));
#4529=CARTESIAN_POINT('',(0.01,9.34638212050253E-16,-2.06582294396154E-17));
#4530=CARTESIAN_POINT('',(0.01,0.0168730188687405,-0.00025857156673806));
#4531=CARTESIAN_POINT('',(0.01,0.0174412238512425,-0.000267279057300171));
#4532=CARTESIAN_POINT('',(0.01,0.0174139201132731,-0.000834894445062664));
#4533=CARTESIAN_POINT('',(0.01,0.0168556224152441,-0.000808466446254375));
#4534=CARTESIAN_POINT('',(0.01,0.0172046358804205,-0.00082489438557953));
#4535=CARTESIAN_POINT('',(0.01,0.0175951473022426,-0.000843275618923153));
#4536=CARTESIAN_POINT('',(0.01,0.0176119242833588,-0.000845083500997473));
#4537=CARTESIAN_POINT('',(0.01,0.0176318373034684,-0.000846937978152534));
#4538=CARTESIAN_POINT('',(0.01,0.01765548755555,-0.000849792781975141));
#4539=CARTESIAN_POINT('',(0.01,0.0176871698749131,-0.000854168126658692));
#4540=CARTESIAN_POINT('',(0.01,0.0177253643416213,-0.000860259631125932));
#4541=CARTESIAN_POINT('',(0.01,0.0177704777000685,-0.000868369200086517));
#4542=CARTESIAN_POINT('',(0.01,0.0178222973257544,-0.000878762968532841));
#4543=CARTESIAN_POINT('',(0.01,0.0178807903473844,-0.000891715580855938));
#4544=CARTESIAN_POINT('',(0.01,0.0179458593886273,-0.000907496360522775));
#4545=CARTESIAN_POINT('',(0.01,0.018017415700652,-0.000926373160632996));
#4546=CARTESIAN_POINT('',(0.01,0.0180953576155298,-0.000948610942874577));
#4547=CARTESIAN_POINT('',(0.01,0.0181795769050146,-0.000974471912408211));
#4548=CARTESIAN_POINT('',(0.01,0.018269957025476,-0.0010042152024237));
#4549=CARTESIAN_POINT('',(0.01,0.0183663737180631,-0.00103809669155741));
#4550=CARTESIAN_POINT('',(0.01,0.0184686949421268,-0.00107636878584047));
#4551=CARTESIAN_POINT('',(0.01,0.0185767810067812,-0.00111928021385405));
#4552=CARTESIAN_POINT('',(0.01,0.0186904846534448,-0.00116707581988996));
#4553=CARTESIAN_POINT('',(0.01,0.0188096511595952,-0.0012199963652045));
#4554=CARTESIAN_POINT('',(0.01,0.0189341184418381,-0.00127827831269028));
#4555=CARTESIAN_POINT('',(0.01,0.0190637171714218,-0.00134215368740241));
#4556=CARTESIAN_POINT('',(0.01,0.0191982708707398,-0.00141184965629284));
#4557=CARTESIAN_POINT('',(0.01,0.0193375961064775,-0.00148758920739984));
#4558=CARTESIAN_POINT('',(0.01,0.0194815023337741,-0.00156958759734714));
#4559=CARTESIAN_POINT('',(0.01,0.0196297931093926,-0.00165806513034126));
#4560=CARTESIAN_POINT('',(0.01,0.0197822620563957,-0.00175319706538784));
#4561=CARTESIAN_POINT('',(0.01,0.0199387090362338,-0.00185530533294931));
#4562=CARTESIAN_POINT('',(0.01,0.0200620628832768,-0.00193910944981793));
#4563=CARTESIAN_POINT('',(0.01,0.0201332187685749,-0.00198922624331601));
#4564=CARTESIAN_POINT('',(0.01,0.0201508238137737,-0.00200169918475607));
#4565=CARTESIAN_POINT('',(0.01,0.0201508238137737,-0.00200169918475607));
#4566=CARTESIAN_POINT('',(0.01,1.87042167344994E-17,-1.63145431354517E-17));
#4567=CARTESIAN_POINT('',(0.01,0.020015550973286,-0.00307249397652663));
#4568=CARTESIAN_POINT('',(0.01,0.0165271294710433,-0.003408755850361));
#4569=CARTESIAN_POINT('',(0.01,0.0168692634987975,-0.00347964014423234));
#4570=CARTESIAN_POINT('',(0.01,0.0172520775130489,-0.00355895263256445));
#4571=CARTESIAN_POINT('',(0.01,0.0172687770164417,-0.00356137381397071));
#4572=CARTESIAN_POINT('',(0.01,0.0172885256221214,-0.00356452976534977));
#4573=CARTESIAN_POINT('',(0.01,0.0173121428188847,-0.00356764622896047));
#4574=CARTESIAN_POINT('',(0.01,0.017343917883901,-0.00357128741620339));
#4575=CARTESIAN_POINT('',(0.01,0.0173824272967615,-0.00357488586516647));
#4576=CARTESIAN_POINT('',(0.01,0.0174281401038851,-0.00357825030924909));
#4577=CARTESIAN_POINT('',(0.01,0.0174809165458426,-0.00358107009701606));
#4578=CARTESIAN_POINT('',(0.01,0.0175407930853341,-0.00358307103777638));
#4579=CARTESIAN_POINT('',(0.01,0.0176077423833075,-0.00358396805284622));
#4580=CARTESIAN_POINT('',(0.01,0.0176817450914965,-0.00358347963328682));
#4581=CARTESIAN_POINT('',(0.01,0.0177627686293498,-0.00358132385788316));
#4582=CARTESIAN_POINT('',(0.01,0.0178507733765822,-0.00357721984386151));
#4583=CARTESIAN_POINT('',(0.01,0.0179457108947998,-0.00357088761595543));
#4584=CARTESIAN_POINT('',(0.01,0.018047524463401,-0.00356204843250683));
#4585=CARTESIAN_POINT('',(0.01,0.018156148960864,-0.00355042498011013));
#4586=CARTESIAN_POINT('',(0.01,0.0182715109412317,-0.00353574160473918));
#4587=CARTESIAN_POINT('',(0.01,0.018393528662621,-0.00351772453261585));
#4588=CARTESIAN_POINT('',(0.01,0.0185221121382918,-0.00349610208851482));
#4589=CARTESIAN_POINT('',(0.01,0.0186571631829276,-0.00347060492995901));
#4590=CARTESIAN_POINT('',(0.01,0.0187985754898359,-0.00344096621103894));
#4591=CARTESIAN_POINT('',(0.01,0.0189462346199021,-0.00340692201347416));
#4592=CARTESIAN_POINT('',(0.01,0.0191000183575766,-0.00336821073679528));
#4593=CARTESIAN_POINT('',(0.01,0.0192597956764613,-0.00332457650048136));
#4594=CARTESIAN_POINT('',(0.01,0.019425431092373,-0.00327575706814121));
#4595=CARTESIAN_POINT('',(0.01,0.0195967682972278,-0.00322153136299588));
#4596=CARTESIAN_POINT('',(0.01,0.0197736935010468,-0.00316153779618702));
#4597=CARTESIAN_POINT('',(0.01,0.0199140131965212,-0.00311104339405731));
#4598=CARTESIAN_POINT('',(0.01,0.0199953971285562,-0.00308019686087121));
#4599=CARTESIAN_POINT('',(0.01,0.020015550973286,-0.00307249397652663));
#4600=CARTESIAN_POINT('',(0.01,0.0170744595962927,-0.00352200112726016));
#4601=CARTESIAN_POINT('',(0.01,0.01695974533039,-0.00407857399735921));
#4602=CARTESIAN_POINT('',(0.01,0.0164072260874239,-0.00394570109310845));
#4603=CARTESIAN_POINT('',(0.01,9.04473866205522E-16,-2.48266331029617E-16));
#4604=CARTESIAN_POINT('',(0.01,0.0162786178199117,-0.00444659722408669));
#4605=CARTESIAN_POINT('',(0.01,0.016826806133187,-0.00459633798580574));
#4606=CARTESIAN_POINT('',(0.01,0.0166591999856182,-0.0051393305288752));
#4607=CARTESIAN_POINT('',(0.01,0.0161250146124522,-0.00497488982271996));
#4608=CARTESIAN_POINT('',(0.01,0.0164589777154521,-0.00507759776739607));
#4609=CARTESIAN_POINT('',(0.01,0.0168326492760112,-0.005192517761923));
#4610=CARTESIAN_POINT('',(0.01,0.0168484495754259,-0.00519844111159824));
#4611=CARTESIAN_POINT('',(0.01,0.0168672758016767,-0.00520518949366749));
#4612=CARTESIAN_POINT('',(0.01,0.0168894730767589,-0.00521383618709999));
#4613=CARTESIAN_POINT('',(0.01,0.0169190719338239,-0.00522595314471215));
#4614=CARTESIAN_POINT('',(0.01,0.0169545515555671,-0.00524135185098105));
#4615=CARTESIAN_POINT('',(0.01,0.0169962308271112,-0.00526042587894214));
#4616=CARTESIAN_POINT('',(0.01,0.0170438376188645,-0.00528338012490467));
#4617=CARTESIAN_POINT('',(0.01,0.0170972717909617,-0.00531047243004255));
#4618=CARTESIAN_POINT('',(0.01,0.0171563720483056,-0.00534193944002194));
#4619=CARTESIAN_POINT('',(0.01,0.0172209858179158,-0.00537801852190805));
#4620=CARTESIAN_POINT('',(0.01,0.0172909487326561,-0.00541894102934447));
#4621=CARTESIAN_POINT('',(0.01,0.017366090756698,-0.0054649340145643));
#4622=CARTESIAN_POINT('',(0.01,0.0174462345640398,-0.00551621948638935));
#4623=CARTESIAN_POINT('',(0.01,0.0175311961652218,-0.00557301438263852));
#4624=CARTESIAN_POINT('',(0.01,0.0176207848970672,-0.00563553034236919));
#4625=CARTESIAN_POINT('',(0.01,0.0177148036010533,-0.00570397354018613));
#4626=CARTESIAN_POINT('',(0.01,0.0178130487546985,-0.00577854450642744));
#4627=CARTESIAN_POINT('',(0.01,0.0179153106214833,-0.00585943796046523));
#4628=CARTESIAN_POINT('',(0.01,0.0180213734042312,-0.00594684262777442));
#4629=CARTESIAN_POINT('',(0.01,0.0181310153916799,-0.00604094113356825));
#4630=CARTESIAN_POINT('',(0.01,0.0182440091564678,-0.0061419096197351));
#4631=CARTESIAN_POINT('',(0.01,0.0183601215733047,-0.00624991845072359));
#4632=CARTESIAN_POINT('',(0.01,0.018479114551502,-0.0063651287338949));
#4633=CARTESIAN_POINT('',(0.01,0.0186007430320199,-0.00648770499874736));
#4634=CARTESIAN_POINT('',(0.01,0.0187247635364897,-0.00661776567434543));
#4635=CARTESIAN_POINT('',(0.01,0.0188509021532318,-0.00675557280468068));
#4636=CARTESIAN_POINT('',(0.01,0.0189495393759702,-0.00686742091541539));
#4637=CARTESIAN_POINT('',(0.01,0.019005996228565,-0.00693365894677327));
#4638=CARTESIAN_POINT('',(0.01,0.0190199462844961,-0.00695011822452588));
#4639=CARTESIAN_POINT('',(0.01,0.0190199462844961,-0.00695011822452588));
#4640=CARTESIAN_POINT('',(0.01,1.87042167344994E-17,-1.63145431354517E-17));
#4641=CARTESIAN_POINT('',(0.01,0.0186226274530995,-0.00795363104142173));
#4642=CARTESIAN_POINT('',(0.01,0.0151601761996465,-0.00741179348037109));
#4643=CARTESIAN_POINT('',(0.01,0.0154739332507336,-0.00756553608656079));
#4644=CARTESIAN_POINT('',(0.01,0.0158249962450076,-0.00773755880123579));
#4645=CARTESIAN_POINT('',(0.01,0.0158405689794623,-0.0077440569143904));
#4646=CARTESIAN_POINT('',(0.01,0.0158589122931871,-0.00775202499427166));
#4647=CARTESIAN_POINT('',(0.01,0.0158810124793014,-0.00776091690644545));
#4648=CARTESIAN_POINT('',(0.01,0.0159108837457753,-0.00777234583642902));
#4649=CARTESIAN_POINT('',(0.01,0.0159472884167503,-0.0077854081350399));
#4650=CARTESIAN_POINT('',(0.01,0.015990728368759,-0.00780003519177046));
#4651=CARTESIAN_POINT('',(0.01,0.0160411454890417,-0.00781589135811487));
#4652=CARTESIAN_POINT('',(0.01,0.0160986432832079,-0.0078327201254917));
#4653=CARTESIAN_POINT('',(0.01,0.0161632661672977,-0.00785023857254237));
#4654=CARTESIAN_POINT('',(0.01,0.0162350654093327,-0.00786816922273101));
#4655=CARTESIAN_POINT('',(0.01,0.0163140795632943,-0.00788623090946226));
#4656=CARTESIAN_POINT('',(0.01,0.0164003401063471,-0.00790414172124708));
#4657=CARTESIAN_POINT('',(0.01,0.0164938697488953,-0.00792161843261805));
#4658=CARTESIAN_POINT('',(0.01,0.0165946828725514,-0.0079383769532589));
#4659=CARTESIAN_POINT('',(0.01,0.0167027853667451,-0.00795413248701069));
#4660=CARTESIAN_POINT('',(0.01,0.0168181746453279,-0.00796859977475861));
#4661=CARTESIAN_POINT('',(0.01,0.0169408396192583,-0.00798149331545153));
#4662=CARTESIAN_POINT('',(0.01,0.0170707606917761,-0.00799252759024866));
#4663=CARTESIAN_POINT('',(0.01,0.0172079097449875,-0.00800141730086686));
#4664=CARTESIAN_POINT('',(0.01,0.0173522501738991,-0.00800787754745218));
#4665=CARTESIAN_POINT('',(0.01,0.0175037367685192,-0.00801162424335185));
#4666=CARTESIAN_POINT('',(0.01,0.0176623162103153,-0.00801237361298494));
#4667=CARTESIAN_POINT('',(0.01,0.0178279252242227,-0.00800984522984751));
#4668=CARTESIAN_POINT('',(0.01,0.0180004977980815,-0.00800375140264056));
#4669=CARTESIAN_POINT('',(0.01,0.0181799375140727,-0.00799383912787896));
#4670=CARTESIAN_POINT('',(0.01,0.0183662240806314,-0.00797972987826621));
#4671=CARTESIAN_POINT('',(0.01,0.0185146928220107,-0.00796571793986666));
#4672=CARTESIAN_POINT('',(0.01,0.0186011911490237,-0.00795607986811822));
#4673=CARTESIAN_POINT('',(0.01,0.0186226274530995,-0.00795363104142173));
#4674=CARTESIAN_POINT('',(0.01,0.0156621479874074,-0.00765759641574313));
#4675=CARTESIAN_POINT('',(0.01,0.015412623636849,-0.00816815524781858));
#4676=CARTESIAN_POINT('',(0.01,0.0149105069494778,-0.00790205084200139));
#4677=CARTESIAN_POINT('',(0.01,8.1865335565163E-16,-4.61222137801619E-16));
#4678=CARTESIAN_POINT('',(0.01,0.0146613713448892,-0.0083552268244053));
#4679=CARTESIAN_POINT('',(0.01,0.0151550983011193,-0.00863659209451449));
#4680=CARTESIAN_POINT('',(0.01,0.0148577210546153,-0.00912084357442297));
#4681=CARTESIAN_POINT('',(0.01,0.0143812128379045,-0.00882872257525913));
#4682=CARTESIAN_POINT('',(0.01,0.014679141448736,-0.0090112570073888));
#4683=CARTESIAN_POINT('',(0.01,0.0150124939896143,-0.00921549491719673));
#4684=CARTESIAN_POINT('',(0.01,0.0150263248164058,-0.00922516154862825));
#4685=CARTESIAN_POINT('',(0.01,0.0150428813277646,-0.00923637980994745));
#4686=CARTESIAN_POINT('',(0.01,0.0150622308894181,-0.00925027508944118));
#4687=CARTESIAN_POINT('',(0.01,0.0150878864791386,-0.00926937230697213));
#4688=CARTESIAN_POINT('',(0.01,0.0151184219407978,-0.00929311065769533));
#4689=CARTESIAN_POINT('',(0.01,0.0151540482635221,-0.00932195065333076));
#4690=CARTESIAN_POINT('',(0.01,0.0151944509115313,-0.00935602307711585));
#4691=CARTESIAN_POINT('',(0.01,0.0152394687685457,-0.00939555276589817));
#4692=CARTESIAN_POINT('',(0.01,0.0152888867554662,-0.00944072881822554));
#4693=CARTESIAN_POINT('',(0.01,0.0153424980618844,-0.00949174320048307));
#4694=CARTESIAN_POINT('',(0.01,0.0154000859492484,-0.00954877912146963));
#4695=CARTESIAN_POINT('',(0.01,0.0154614292581239,-0.00961201421396393));
#4696=CARTESIAN_POINT('',(0.01,0.0155263010221825,-0.009681619412789));
#4697=CARTESIAN_POINT('',(0.01,0.0155944690820901,-0.00975775908394527));
#4698=CARTESIAN_POINT('',(0.01,0.0156656961322111,-0.00984059080145607));
#4699=CARTESIAN_POINT('',(0.01,0.0157397399345808,-0.00993026523124105));
#4700=CARTESIAN_POINT('',(0.01,0.0158163534908838,-0.010026925989626));
#4701=CARTESIAN_POINT('',(0.01,0.0158952852291201,-0.0101307095191645));
#4702=CARTESIAN_POINT('',(0.01,0.0159762791976614,-0.0102417449495982));
#4703=CARTESIAN_POINT('',(0.01,0.0160590752336686,-0.0103601540312846));
#4704=CARTESIAN_POINT('',(0.01,0.0161434092501226,-0.0104860508134059));
#4705=CARTESIAN_POINT('',(0.01,0.0162290130778775,-0.0106195423321962));
#4706=CARTESIAN_POINT('',(0.01,0.0163156160405299,-0.0107607254227861));
#4707=CARTESIAN_POINT('',(0.01,0.0164029398611979,-0.0109096985019722));
#4708=CARTESIAN_POINT('',(0.01,0.0164907192587229,-0.0110665157275443));
#4709=CARTESIAN_POINT('',(0.01,0.0165786237591737,-0.0112313627918351));
#4710=CARTESIAN_POINT('',(0.01,0.0166463466181404,-0.0113642270682899));
#4711=CARTESIAN_POINT('',(0.01,0.0166845570463496,-0.0114424243583909));
#4712=CARTESIAN_POINT('',(0.01,0.0166939755796942,-0.0114618357755019));
#4713=CARTESIAN_POINT('',(0.01,0.0166939755796942,-0.0114618357755019));
#4714=CARTESIAN_POINT('',(0.01,1.87042167344994E-17,-1.63145431354517E-17));
#4715=CARTESIAN_POINT('',(0.01,0.0160595757608019,-0.0123350122165755));
#4716=CARTESIAN_POINT('',(0.01,0.012840653302398,-0.0109491208673398));
#4717=CARTESIAN_POINT('',(0.01,0.0131063188673806,-0.0111760615724752));
#4718=CARTESIAN_POINT('',(0.01,0.0134035722626274,-0.0114299856936748));
#4719=CARTESIAN_POINT('',(0.01,0.0134170397359658,-0.0114401524382299));
#4720=CARTESIAN_POINT('',(0.01,0.0134328251798724,-0.0114524319828498));
#4721=CARTESIAN_POINT('',(0.01,0.0134520197193652,-0.0114665406320427));
#4722=CARTESIAN_POINT('',(0.01,0.0134781102657655,-0.0114850391830634));
#4723=CARTESIAN_POINT('',(0.01,0.0135101227554907,-0.0115067445790606));
#4724=CARTESIAN_POINT('',(0.01,0.0135485603604386,-0.0115317151766701));
#4725=CARTESIAN_POINT('',(0.01,0.0135934502659579,-0.0115596114203456));
#4726=CARTESIAN_POINT('',(0.01,0.0136449565169293,-0.0115902106009928));
#4727=CARTESIAN_POINT('',(0.01,0.0137031924936619,-0.0116232497315678));
#4728=CARTESIAN_POINT('',(0.01,0.0137682768591066,-0.0116584728028088));
#4729=CARTESIAN_POINT('',(0.01,0.0138403168792894,-0.0116956170694714));
#4730=CARTESIAN_POINT('',(0.01,0.0139194131509983,-0.0117344173048869));
#4731=CARTESIAN_POINT('',(0.01,0.0140056581064582,-0.0117746048294846));
#4732=CARTESIAN_POINT('',(0.01,0.0140991363258449,-0.0118159080547295));
#4733=CARTESIAN_POINT('',(0.01,0.014199924339486,-0.0118580525964994));
#4734=CARTESIAN_POINT('',(0.01,0.0143080905835385,-0.01190076151447));
#4735=CARTESIAN_POINT('',(0.01,0.0144236953185676,-0.0119437555193983));
#4736=CARTESIAN_POINT('',(0.01,0.0145467905691299,-0.0119867531890269));
#4737=CARTESIAN_POINT('',(0.01,0.0146774200515047,-0.0120294711956069));
#4738=CARTESIAN_POINT('',(0.01,0.0148156191624241,-0.0120716244866455));
#4739=CARTESIAN_POINT('',(0.01,0.0149614147617294,-0.0121129266573269));
#4740=CARTESIAN_POINT('',(0.01,0.0151148257781048,-0.0121530895876219));
#4741=CARTESIAN_POINT('',(0.01,0.0152758606636238,-0.0121918259252722));
#4742=CARTESIAN_POINT('',(0.01,0.0154445270259365,-0.0122288406007734));
#4743=CARTESIAN_POINT('',(0.01,0.0156207943957754,-0.0122638645810736));
#4744=CARTESIAN_POINT('',(0.01,0.0158047372549827,-0.0122965261847003));
#4745=CARTESIAN_POINT('',(0.01,0.0159520262052162,-0.0123198771316529));
#4746=CARTESIAN_POINT('',(0.01,0.0160382039192024,-0.0123320531168364));
#4747=CARTESIAN_POINT('',(0.01,0.0160595757608019,-0.0123350122165755));
#4748=CARTESIAN_POINT('',(0.01,0.0132657260191223,-0.0113120367587554));
#4749=CARTESIAN_POINT('',(0.01,0.01289707011654,-0.0117445012636839));
#4750=CARTESIAN_POINT('',(0.01,0.0124769058228874,-0.0113618856747813));
#4751=CARTESIAN_POINT('',(0.01,6.82569098692439E-16,-6.46144853219465E-16));
#4752=CARTESIAN_POINT('',(0.01,0.0121228969875154,-0.0117388667949718));
#4753=CARTESIAN_POINT('',(0.01,0.0125311399062396,-0.012134177358761));
#4754=CARTESIAN_POINT('',(0.01,0.0121226768668752,-0.0125292604740735));
#4755=CARTESIAN_POINT('',(0.01,0.0117337865703502,-0.0121278142186244));
#4756=CARTESIAN_POINT('',(0.01,0.01197696073869,-0.0123787058285223));
#4757=CARTESIAN_POINT('',(0.01,0.0122490484937593,-0.0126594286346035));
#4758=CARTESIAN_POINT('',(0.01,0.012260040806214,-0.0126722311577871));
#4759=CARTESIAN_POINT('',(0.01,0.0122732872961816,-0.0126872144137396));
#4760=CARTESIAN_POINT('',(0.01,0.0122885733402849,-0.0127054851877807));
#4761=CARTESIAN_POINT('',(0.01,0.012308673627604,-0.0127303627168184));
#4762=CARTESIAN_POINT('',(0.01,0.0123323462738216,-0.0127609491441164));
#4763=CARTESIAN_POINT('',(0.01,0.0123596811148449,-0.0127977429844343));
#4764=CARTESIAN_POINT('',(0.01,0.012390340972145,-0.0128407926903459));
#4765=CARTESIAN_POINT('',(0.01,0.0124241138765564,-0.0128902759670465));
#4766=CARTESIAN_POINT('',(0.01,0.0124607444791886,-0.0129463224842082));
#4767=CARTESIAN_POINT('',(0.01,0.012499984726864,-0.0130090667455821));
#4768=CARTESIAN_POINT('',(0.01,0.0125415791280953,-0.0130786323034398));
#4769=CARTESIAN_POINT('',(0.01,0.0125852692961027,-0.0131551362097847));
#4770=CARTESIAN_POINT('',(0.01,0.0126307928853607,-0.0132386875849776));
#4771=CARTESIAN_POINT('',(0.01,0.0126778841540854,-0.0133293878954801));
#4772=CARTESIAN_POINT('',(0.01,0.0127262740649679,-0.0134273307493261));
#4773=CARTESIAN_POINT('',(0.01,0.0127756905213044,-0.0135326018368563));
#4774=CARTESIAN_POINT('',(0.01,0.0128258585687576,-0.0136452788364421));
#4775=CARTESIAN_POINT('',(0.01,0.0128765006070414,-0.0137654313406313));
#4776=CARTESIAN_POINT('',(0.01,0.0129273366124576,-0.0138931207697356));
#4777=CARTESIAN_POINT('',(0.01,0.0129780843175785,-0.0140284003492341));
#4778=CARTESIAN_POINT('',(0.01,0.0130284595692861,-0.0141713148694732));
#4779=CARTESIAN_POINT('',(0.01,0.0130781760046322,-0.0143219013129922));
#4780=CARTESIAN_POINT('',(0.01,0.0131269473690927,-0.0144801861581838));
#4781=CARTESIAN_POINT('',(0.01,0.0131744796531038,-0.0146461955252537));
#4782=CARTESIAN_POINT('',(0.01,0.0132205024413076,-0.0148199158977836));
#4783=CARTESIAN_POINT('',(0.01,0.0132646494624137,-0.0150014449487157));
#4784=CARTESIAN_POINT('',(0.01,0.0132972026813125,-0.0151469770397602));
#4785=CARTESIAN_POINT('',(0.01,0.0133147657834037,-0.0152322201652778));
#4786=CARTESIAN_POINT('',(0.01,0.0133190609930727,-0.0152533640310198));
#4787=CARTESIAN_POINT('',(0.01,0.0133190609930727,-0.0152533640310198));
#4788=CARTESIAN_POINT('',(0.01,1.87042167344994E-17,-1.63145431354517E-17));
#4789=CARTESIAN_POINT('',(0.01,0.012487441860465,-0.0159413392091602));
#4790=CARTESIAN_POINT('',(0.01,0.00971430493354035,-0.0137984747221638));
#4791=CARTESIAN_POINT('',(0.01,0.009915186267921,-0.0140843540071118));
#4792=CARTESIAN_POINT('',(0.01,0.0101399525400958,-0.0144042245484334));
#4793=CARTESIAN_POINT('',(0.01,0.0101504685414381,-0.0144174211104378));
#4794=CARTESIAN_POINT('',(0.01,0.0101627042580309,-0.014433240550847));
#4795=CARTESIAN_POINT('',(0.01,0.0101777870873935,-0.0144516794387421));
#4796=CARTESIAN_POINT('',(0.01,0.0101984575487354,-0.0144760852788064));
#4797=CARTESIAN_POINT('',(0.01,0.0102240663947476,-0.0145050699423325));
#4798=CARTESIAN_POINT('',(0.01,0.0102550864765523,-0.0145388150863378));
#4799=CARTESIAN_POINT('',(0.01,0.010291628569451,-0.0145769985837591));
#4800=CARTESIAN_POINT('',(0.01,0.0103339069500523,-0.0146194455186207));
#4801=CARTESIAN_POINT('',(0.01,0.0103820968388327,-0.0146659293626365));
#4802=CARTESIAN_POINT('',(0.01,0.0104363768376426,-0.0147162316598224));
#4803=CARTESIAN_POINT('',(0.01,0.0104969161846339,-0.0147701245955349));
#4804=CARTESIAN_POINT('',(0.01,0.0105638782753518,-0.0148273762930926));
#4805=CARTESIAN_POINT('',(0.01,0.0106374194559848,-0.0148877495009473));
#4806=CARTESIAN_POINT('',(0.01,0.0107176891907894,-0.0149510021972514));
#4807=CARTESIAN_POINT('',(0.01,0.0108048298423084,-0.0150168876504832));
#4808=CARTESIAN_POINT('',(0.01,0.0108989765689091,-0.015085154640288));
#4809=CARTESIAN_POINT('',(0.01,0.0110002571943707,-0.0151555476380012));
#4810=CARTESIAN_POINT('',(0.01,0.011108792095672,-0.0152278070007441));
#4811=CARTESIAN_POINT('',(0.01,0.0112246940764108,-0.0153016691738266));
#4812=CARTESIAN_POINT('',(0.01,0.0113480683109383,-0.0153768668630136));
#4813=CARTESIAN_POINT('',(0.01,0.0114790120412256,-0.015453129341194));
#4814=CARTESIAN_POINT('',(0.01,0.0116176152538152,-0.0155301822475316));
#4815=CARTESIAN_POINT('',(0.01,0.0117639575968438,-0.0156077493594128));
#4816=CARTESIAN_POINT('',(0.01,0.0119181198197549,-0.0156855467694299));
#4817=CARTESIAN_POINT('',(0.01,0.0120801393163283,-0.0157633063193005));
#4818=CARTESIAN_POINT('',(0.01,0.0122501806618458,-0.0158406865274899));
#4819=CARTESIAN_POINT('',(0.01,0.0123870351144994,-0.0158999331339187));
#4820=CARTESIAN_POINT('',(0.01,0.0124674773527496,-0.015933158114105));
#4821=CARTESIAN_POINT('',(0.01,0.012487441860465,-0.0159413392091602));
#4822=CARTESIAN_POINT('',(0.01,0.0100357696971283,-0.0142557002294539));
#4823=CARTESIAN_POINT('',(0.01,0.00957114624870286,-0.0145828970718977));
#4824=CARTESIAN_POINT('',(0.01,0.00925933481659514,-0.0141078114445221));
#4825=CARTESIAN_POINT('',(0.01,5.04771769675582E-16,-7.91415102975278E-16));
#4826=CARTESIAN_POINT('',(0.01,0.00882269642751966,-0.014384910592278));
#4827=CARTESIAN_POINT('',(0.01,0.00911980390474212,-0.014869327633174));
#4828=CARTESIAN_POINT('',(0.01,0.00862592030750249,-0.0151504178587413));
#4829=CARTESIAN_POINT('',(0.01,0.00834908333873249,-0.0146648706916529));
#4830=CARTESIAN_POINT('',(0.01,0.00852222353725178,-0.0149683550367542));
#4831=CARTESIAN_POINT('',(0.01,0.0087159502321922,-0.0153079238927764));
#4832=CARTESIAN_POINT('',(0.01,0.00872341334289175,-0.015323057878096));
#4833=CARTESIAN_POINT('',(0.01,0.00873251748578617,-0.0153408646756059));
#4834=CARTESIAN_POINT('',(0.01,0.00874277953397026,-0.0153623629242662));
#4835=CARTESIAN_POINT('',(0.01,0.0087560615439121,-0.0153914576181678));
#4836=CARTESIAN_POINT('',(0.01,0.00877138393526429,-0.0154269702643246));
#4837=CARTESIAN_POINT('',(0.01,0.00878870974599457,-0.0154694060570195));
#4838=CARTESIAN_POINT('',(0.01,0.00880770034099241,-0.0155187280737095));
#4839=CARTESIAN_POINT('',(0.01,0.00882810621700847,-0.0155750557220664));
#4840=CARTESIAN_POINT('',(0.01,0.00884964779987108,-0.0156384510952646));
#4841=CARTESIAN_POINT('',(0.01,0.00887205137972663,-0.0157089827830555));
#4842=CARTESIAN_POINT('',(0.01,0.00889503876562233,-0.0157867069179399));
#4843=CARTESIAN_POINT('',(0.01,0.0089183305788246,-0.0158716726163381));
#4844=CARTESIAN_POINT('',(0.01,0.00894164557874485,-0.015963920327715));
#4845=CARTESIAN_POINT('',(0.01,0.00896470113868307,-0.0160634822434824));
#4846=CARTESIAN_POINT('',(0.01,0.00898721339426085,-0.0161703821239478));
#4847=CARTESIAN_POINT('',(0.01,0.00900889748687146,-0.0162846352996336));
#4848=CARTESIAN_POINT('',(0.01,0.00902946778254821,-0.0164062486301394));
#4849=CARTESIAN_POINT('',(0.01,0.00904863809536577,-0.0165352204852512));
#4850=CARTESIAN_POINT('',(0.01,0.00906612192447482,-0.0166715407165865));
#4851=CARTESIAN_POINT('',(0.01,0.00908163263375965,-0.0168151906803938));
#4852=CARTESIAN_POINT('',(0.01,0.00909488385838873,-0.0169661430938411));
#4853=CARTESIAN_POINT('',(0.01,0.00910558903484909,-0.0171243625620244));
#4854=CARTESIAN_POINT('',(0.01,0.0091134643169202,-0.0172898035428634));
#4855=CARTESIAN_POINT('',(0.01,0.00911821843605835,-0.0174624182187443));
#4856=CARTESIAN_POINT('',(0.01,0.00911959283389803,-0.0176421262483272));
#4857=CARTESIAN_POINT('',(0.01,0.00911720845596199,-0.0178289311480131));
#4858=CARTESIAN_POINT('',(0.01,0.00911254659632721,-0.0179779867371376));
#4859=CARTESIAN_POINT('',(0.01,0.00910835881800332,-0.0180649195589932));
#4860=CARTESIAN_POINT('',(0.01,0.00910726082017664,-0.01808646732652));
#4861=CARTESIAN_POINT('',(0.01,0.00910726082017664,-0.01808646732652));
#4862=CARTESIAN_POINT('',(0.01,1.87042167344994E-17,-1.63145431354517E-17));
#4863=CARTESIAN_POINT('',(0.01,0.00813067606243642,-0.0185460132310889));
#4864=CARTESIAN_POINT('',(0.01,0.00597757105899395,-0.0157808196629541));
#4865=CARTESIAN_POINT('',(0.01,0.00610104604974363,-0.0161076746808508));
#4866=CARTESIAN_POINT('',(0.01,0.00623920230733316,-0.0164733929997816));
#4867=CARTESIAN_POINT('',(0.01,0.00624610607763985,-0.0164887901907112));
#4868=CARTESIAN_POINT('',(0.01,0.00625402325184567,-0.0165071555332888));
#4869=CARTESIAN_POINT('',(0.01,0.00626404666143838,-0.0165287660767463));
#4870=CARTESIAN_POINT('',(0.01,0.00627799823661514,-0.0165575456971645));
#4871=CARTESIAN_POINT('',(0.01,0.00629559434093668,-0.0165919884152121));
#4872=CARTESIAN_POINT('',(0.01,0.00631724779377449,-0.0166323877741093));
#4873=CARTESIAN_POINT('',(0.01,0.00634314599996332,-0.0166784593157044));
#4874=CARTESIAN_POINT('',(0.01,0.00637354000405226,-0.016730086907754));
#4875=CARTESIAN_POINT('',(0.01,0.00640865585693835,-0.0167870947143355));
#4876=CARTESIAN_POINT('',(0.01,0.00644872087716042,-0.0168493155591353));
#4877=CARTESIAN_POINT('',(0.01,0.00649395564114059,-0.0169165708725425));
#4878=CARTESIAN_POINT('',(0.01,0.00654457607643826,-0.0169886766975278));
#4879=CARTESIAN_POINT('',(0.01,0.00660079261939977,-0.0170654421179528));
#4880=CARTESIAN_POINT('',(0.01,0.00666281022697301,-0.0171466698857803));
#4881=CARTESIAN_POINT('',(0.01,0.00673082814875411,-0.0172321564251376));
#4882=CARTESIAN_POINT('',(0.01,0.00680503977282328,-0.0173216920207388));
#4883=CARTESIAN_POINT('',(0.01,0.00688563245453545,-0.0174150609603031));
#4884=CARTESIAN_POINT('',(0.01,0.0069727873595635,-0.0175120416946479));
#4885=CARTESIAN_POINT('',(0.01,0.00706667929095892,-0.0176124070022521));
#4886=CARTESIAN_POINT('',(0.01,0.00716747659220046,-0.0177159241422181));
#4887=CARTESIAN_POINT('',(0.01,0.00727534077731852,-0.0178223550759197));
#4888=CARTESIAN_POINT('',(0.01,0.00739042723652832,-0.0179314564408139));
#4889=CARTESIAN_POINT('',(0.01,0.00751288180944443,-0.0180429805000147));
#4890=CARTESIAN_POINT('',(0.01,0.00764285331351936,-0.0181566723471575));
#4891=CARTESIAN_POINT('',(0.01,0.00778044465599162,-0.0182722815481004));
#4892=CARTESIAN_POINT('',(0.01,0.00792590016471214,-0.0183895182777873));
#4893=CARTESIAN_POINT('',(0.01,0.00804372105121026,-0.0184809378615168));
#4894=CARTESIAN_POINT('',(0.01,0.00811337333204931,-0.0185331241890077));
#4895=CARTESIAN_POINT('',(0.01,0.00813067606243642,-0.0185460132310889));
#4896=CARTESIAN_POINT('',(0.01,0.00617522905608455,-0.016303625625938));
#4897=CARTESIAN_POINT('',(0.01,0.00564383206184614,-0.0165049958249404));
#4898=CARTESIAN_POINT('',(0.01,0.00545996575032487,-0.0159672915363026));
#4899=CARTESIAN_POINT('',(0.01,2.96433028676024E-16,-8.87905023010294E-16));
#4900=CARTESIAN_POINT('',(0.01,0.00496813340337514,-0.016127097553071));
#4901=CARTESIAN_POINT('',(0.01,0.00513543708361707,-0.0166701833668329));
#4902=CARTESIAN_POINT('',(0.01,0.00458716545129364,-0.0168196187700052));
#4903=CARTESIAN_POINT('',(0.01,0.00443977649516156,-0.0162804794055031));
#4904=CARTESIAN_POINT('',(0.01,0.00453200368842226,-0.0166174874482679));
#4905=CARTESIAN_POINT('',(0.01,0.00463519676251381,-0.0169945659941602));
#4906=CARTESIAN_POINT('',(0.01,0.00463866173676555,-0.0170110805176593));
#4907=CARTESIAN_POINT('',(0.01,0.00464305148580608,-0.0170305919901502));
#4908=CARTESIAN_POINT('',(0.01,0.00464764473584232,-0.0170539668994013));
#4909=CARTESIAN_POINT('',(0.01,0.00465327391087442,-0.0170854506315464));
#4910=CARTESIAN_POINT('',(0.01,0.00465928328516074,-0.0171236581063974));
#4911=CARTESIAN_POINT('',(0.01,0.00466551142118993,-0.0171690694545464));
#4912=CARTESIAN_POINT('',(0.01,0.00467163950495928,-0.0172215646983124));
#4913=CARTESIAN_POINT('',(0.01,0.00467739617634237,-0.0172811974450208));
#4914=CARTESIAN_POINT('',(0.01,0.00468249520255974,-0.0173479583098055));
#4915=CARTESIAN_POINT('',(0.01,0.00468665441527855,-0.0174218456586721));
#4916=CARTESIAN_POINT('',(0.01,0.00468959040384111,-0.017502844677339));
#4917=CARTESIAN_POINT('',(0.01,0.00469102035195343,-0.0175909334604782));
#4918=CARTESIAN_POINT('',(0.01,0.00469066179534437,-0.01768608124507));
#4919=CARTESIAN_POINT('',(0.01,0.0046882329808728,-0.0177882489247716));
#4920=CARTESIAN_POINT('',(0.01,0.00468345305333358,-0.0178973889192165));
#4921=CARTESIAN_POINT('',(0.01,0.00467604229093104,-0.0180134452358359));
#4922=CARTESIAN_POINT('',(0.01,0.00466572232750176,-0.0181363534844433));
#4923=CARTESIAN_POINT('',(0.01,0.00465221637359524,-0.0182660409144955));
#4924=CARTESIAN_POINT('',(0.01,0.00463524945311322,-0.0184024264465765));
#4925=CARTESIAN_POINT('',(0.01,0.00461454857165323,-0.0185454207391588));
#4926=CARTESIAN_POINT('',(0.01,0.00458984314602579,-0.0186949261505135));
#4927=CARTESIAN_POINT('',(0.01,0.00456086441799243,-0.0188508371322845));
#4928=CARTESIAN_POINT('',(0.01,0.00452734878473835,-0.0190130389834955));
#4929=CARTESIAN_POINT('',(0.01,0.00448902602021374,-0.0191814129532695));
#4930=CARTESIAN_POINT('',(0.01,0.00444566566921836,-0.0193558169234866));
#4931=CARTESIAN_POINT('',(0.01,0.00439689971147499,-0.0195361600330589));
#4932=CARTESIAN_POINT('',(0.01,0.00435531569509257,-0.0196793734094103));
#4933=CARTESIAN_POINT('',(0.01,0.00432964016986731,-0.0197625336186903));
#4934=CARTESIAN_POINT('',(0.01,0.00432321795578653,-0.0197831313625211));
#4935=CARTESIAN_POINT('',(0.01,0.00432321795578653,-0.0197831313625211));
#4936=CARTESIAN_POINT('',(0.01,1.87042167344994E-17,-1.63145431354517E-17));
#4937=CARTESIAN_POINT('',(0.01,0.00326302998487015,-0.0199853730342428));
#4938=CARTESIAN_POINT('',(0.01,0.0018652444108424,-0.016771597666526));
#4939=CARTESIAN_POINT('',(0.01,0.00190355467018306,-0.0171188909145084));
#4940=CARTESIAN_POINT('',(0.01,0.00194642004741981,-0.0175074775840521));
#4941=CARTESIAN_POINT('',(0.01,0.00194927779741225,-0.0175241079417737));
#4942=CARTESIAN_POINT('',(0.01,0.00195237896405834,-0.0175438652245027));
#4943=CARTESIAN_POINT('',(0.01,0.00195671314619292,-0.0175672895535991));
#4944=CARTESIAN_POINT('',(0.01,0.0019630692064259,-0.0175986346249764));
#4945=CARTESIAN_POINT('',(0.01,0.00197154694110829,-0.017636371234899));
#4946=CARTESIAN_POINT('',(0.01,0.00198247319890161,-0.0176808863683902));
#4947=CARTESIAN_POINT('',(0.01,0.00199610023883876,-0.0177319511097613));
#4948=CARTESIAN_POINT('',(0.01,0.00201270009935717,-0.0177895154075175));
#4949=CARTESIAN_POINT('',(0.01,0.00203253545816502,-0.0178534651665172));
#4950=CARTESIAN_POINT('',(0.01,0.00205586806722986,-0.0179236949944197));
#4951=CARTESIAN_POINT('',(0.01,0.00208295598161621,-0.0180000867868325));
#4952=CARTESIAN_POINT('',(0.01,0.00211405409337499,-0.0180825160650751));
#4953=CARTESIAN_POINT('',(0.01,0.00214941370652073,-0.0181708502443816));
#4954=CARTESIAN_POINT('',(0.01,0.00218928239249397,-0.018264949244345));
#4955=CARTESIAN_POINT('',(0.01,0.00223390376835922,-0.0183646654361625));
#4956=CARTESIAN_POINT('',(0.01,0.00228351730062534,-0.0184698437867995));
#4957=CARTESIAN_POINT('',(0.01,0.00233835810399698,-0.0185803219543553));
#4958=CARTESIAN_POINT('',(0.01,0.00239865674953557,-0.0186959304040928));
#4959=CARTESIAN_POINT('',(0.01,0.00246463905622766,-0.0188164925248242));
#4960=CARTESIAN_POINT('',(0.01,0.00253652595903964,-0.0189418247529557));
#4961=CARTESIAN_POINT('',(0.01,0.00261453309554076,-0.0190717366951884));
#4962=CARTESIAN_POINT('',(0.01,0.00269887149588022,-0.0192060312786362));
#4963=CARTESIAN_POINT('',(0.01,0.00278974402751116,-0.01934450481836));
#4964=CARTESIAN_POINT('',(0.01,0.00288735822514718,-0.0194869474257433));
#4965=CARTESIAN_POINT('',(0.01,0.00299187604344519,-0.0196331421264824));
#4966=CARTESIAN_POINT('',(0.01,0.00310360621080786,-0.0197828689627742));
#4967=CARTESIAN_POINT('',(0.01,0.00319499041153685,-0.0199007172951408));
#4968=CARTESIAN_POINT('',(0.01,0.00324947622599647,-0.0199685859110523));
#4969=CARTESIAN_POINT('',(0.01,0.00326302998487015,-0.0199853730342428));
#4970=CARTESIAN_POINT('',(0.01,0.0019266760625432,-0.0173271342638036));
#4971=CARTESIAN_POINT('',(0.01,0.00136189514998125,-0.0173900249891734));
#4972=CARTESIAN_POINT('',(0.01,0.00131752695561229,-0.0168234879772666));
#4973=CARTESIAN_POINT('',(0.01,7.06435650070585E-17,-9.29551796783612E-16));
#4974=CARTESIAN_POINT('',(0.01,0.000801404285980001,-0.0168559596632886));
#4975=CARTESIAN_POINT('',(0.01,0.000828391863711916,-0.0174235901709078));
#4976=CARTESIAN_POINT('',(0.01,0.000260182119365578,-0.0174319811757188));
#4977=CARTESIAN_POINT('',(0.01,0.000251502166043868,-0.0168731257228907));
#4978=CARTESIAN_POINT('',(0.01,0.000257021380305515,-0.0172224820085631));
#4979=CARTESIAN_POINT('',(0.01,0.000263196833185441,-0.0176133770124893));
#4980=CARTESIAN_POINT('',(0.01,0.000262445953913843,-0.0176302344059203));
#4981=CARTESIAN_POINT('',(0.01,0.000261845485023908,-0.0176502245758174));
#4982=CARTESIAN_POINT('',(0.01,0.000260481326119731,-0.0176740074141441));
#4983=CARTESIAN_POINT('',(0.01,0.000258103964472166,-0.0177059019458529));
#4984=CARTESIAN_POINT('',(0.01,0.000254422730605274,-0.017744403533236));
#4985=CARTESIAN_POINT('',(0.01,0.000249161855241189,-0.0177899370748236));
#4986=CARTESIAN_POINT('',(0.01,0.000242042377741294,-0.0178423070764359));
#4987=CARTESIAN_POINT('',(0.01,0.000232788131656863,-0.0179014979767062));
#4988=CARTESIAN_POINT('',(0.01,0.000221124210658835,-0.0179674295024136));
#4989=CARTESIAN_POINT('',(0.01,0.000206777717609271,-0.0180400298984881));
#4990=CARTESIAN_POINT('',(0.01,0.000189477829879493,-0.0181192143347011));
#4991=CARTESIAN_POINT('',(0.01,0.000168956064002999,-0.0182048912603688));
#4992=CARTESIAN_POINT('',(0.01,0.000144946480295039,-0.0182969606329404));
#4993=CARTESIAN_POINT('',(0.01,0.00011718590275948,-0.0183953145055141));
#4994=CARTESIAN_POINT('',(0.01,8.54141325299044E-5,-0.0184998369466987));
#4995=CARTESIAN_POINT('',(0.01,4.93741605708475E-5,-0.0186104041590531));
#4996=CARTESIAN_POINT('',(0.01,8.81237929196808E-6,-0.0187268845484773));
#4997=CARTESIAN_POINT('',(0.01,-3.65212125832666E-5,-0.0188491388152829));
#4998=CARTESIAN_POINT('',(0.01,-8.68727886424957E-5,-0.0189770200435379));
#4999=CARTESIAN_POINT('',(0.01,-0.00014248454833267,-0.0191103738075961));
#5000=CARTESIAN_POINT('',(0.01,-0.000203594291464248,-0.0192490382420202));
#5001=CARTESIAN_POINT('',(0.01,-0.000270436083932687,-0.0193928442769939));
#5002=CARTESIAN_POINT('',(0.01,-0.000343236722012723,-0.0195416152597284));
#5003=CARTESIAN_POINT('',(0.01,-0.00042222840996376,-0.0196951689676384));
#5004=CARTESIAN_POINT('',(0.01,-0.000507599019472928,-0.0198533104356283));
#5005=CARTESIAN_POINT('',(0.01,-0.000599682412549958,-0.0200158601342569));
#5006=CARTESIAN_POINT('',(0.01,-0.000675575708995401,-0.0201442326746973));
#5007=CARTESIAN_POINT('',(0.01,-0.000721125693444159,-0.0202183950096106));
#5008=CARTESIAN_POINT('',(0.01,-0.000732468592449101,-0.0202367484977473));
#5009=CARTESIAN_POINT('',(0.01,-0.000732468592449101,-0.0202367484977473));
#5010=CARTESIAN_POINT('',(0.01,1.87042167344994E-17,-1.63145431354517E-17));
#5011=CARTESIAN_POINT('',(0.01,-0.00180964426723033,-0.0201689783485947));
#5012=CARTESIAN_POINT('',(0.01,-0.00236428240353145,-0.0167085545070886));
#5013=CARTESIAN_POINT('',(0.01,-0.00241354405008947,-0.0170544642731307));
#5014=CARTESIAN_POINT('',(0.01,-0.00246866294250512,-0.0174415029637181));
#5015=CARTESIAN_POINT('',(0.01,-0.00247003077576903,-0.0174583215416939));
#5016=CARTESIAN_POINT('',(0.01,-0.00247194047438834,-0.0174782293418382));
#5017=CARTESIAN_POINT('',(0.01,-0.0024735678523154,-0.0175019956198277));
#5018=CARTESIAN_POINT('',(0.01,-0.00247520668166659,-0.0175339366160502));
#5019=CARTESIAN_POINT('',(0.01,-0.00247638000387235,-0.017572595987861));
#5020=CARTESIAN_POINT('',(0.01,-0.00247686747808467,-0.0176184298463938));
#5021=CARTESIAN_POINT('',(0.01,-0.00247636784143519,-0.0176712792020375));
#5022=CARTESIAN_POINT('',(0.01,-0.00247460515477371,-0.0177311632289656));
#5023=CARTESIAN_POINT('',(0.01,-0.00247129661858733,-0.0177980367418348));
#5024=CARTESIAN_POINT('',(0.01,-0.0024661624943186,-0.0178718627544657));
#5025=CARTESIAN_POINT('',(0.01,-0.00245892346280936,-0.0179525910486175));
#5026=CARTESIAN_POINT('',(0.01,-0.00244930168332213,-0.0180401644454115));
#5027=CARTESIAN_POINT('',(0.01,-0.00243702077452966,-0.0181345170222433));
#5028=CARTESIAN_POINT('',(0.01,-0.00242180610632288,-0.0182355746681029));
#5029=CARTESIAN_POINT('',(0.01,-0.00240338500152503,-0.0183432549773185));
#5030=CARTESIAN_POINT('',(0.01,-0.00238148696176007,-0.0184574673404018));
#5031=CARTESIAN_POINT('',(0.01,-0.00235584388609515,-0.0185781129863712));
#5032=CARTESIAN_POINT('',(0.01,-0.00232619028570812,-0.0187050850474263));
#5033=CARTESIAN_POINT('',(0.01,-0.00229226351471477,-0.0188382686198428));
#5034=CARTESIAN_POINT('',(0.01,-0.00225380392881757,-0.0189775408513067));
#5035=CARTESIAN_POINT('',(0.01,-0.00221055531620992,-0.0191227709569573));
#5036=CARTESIAN_POINT('',(0.01,-0.00216226426660908,-0.0192738205363797));
#5037=CARTESIAN_POINT('',(0.01,-0.00210868363163147,-0.0194305427548558));
#5038=CARTESIAN_POINT('',(0.01,-0.00204956019947174,-0.0195927859295902));
#5039=CARTESIAN_POINT('',(0.01,-0.0019846831442613,-0.0197603801794116));
#5040=CARTESIAN_POINT('',(0.01,-0.00191369873558669,-0.0199331892345272));
#5041=CARTESIAN_POINT('',(0.01,-0.0018544932260462,-0.0200700614713926));
#5042=CARTESIAN_POINT('',(0.01,-0.00181859742207331,-0.0201493479409837));
#5043=CARTESIAN_POINT('',(0.01,-0.00180964426723033,-0.0201689783485947));
#5044=CARTESIAN_POINT('',(0.01,-0.00244293707382663,-0.0172619153311321));
#5045=CARTESIAN_POINT('',(0.01,-0.00300561464285696,-0.0171823749272987));
#5046=CARTESIAN_POINT('',(0.01,-0.0029076969032466,-0.0166226027961583));
#5047=CARTESIAN_POINT('',(0.01,-1.58409438933432E-16,-9.13738604332932E-16));
#5048=CARTESIAN_POINT('',(0.01,-0.00341568001006204,-0.0165256998359786));
#5049=CARTESIAN_POINT('',(0.01,-0.00353070426360241,-0.0170822087250624));
#5050=CARTESIAN_POINT('',(0.01,-0.00408314941200512,-0.0169490280938198));
#5051=CARTESIAN_POINT('',(0.01,-0.00395257496912662,-0.0164055714960934));
#5052=CARTESIAN_POINT('',(0.01,-0.00403411052639433,-0.0167453246844021));
#5053=CARTESIAN_POINT('',(0.01,-0.0041253407211422,-0.0171254747756543));
#5054=CARTESIAN_POINT('',(0.01,-0.00413026027343096,-0.0171416158269908));
#5055=CARTESIAN_POINT('',(0.01,-0.00413581323058265,-0.0171608286384007));
#5056=CARTESIAN_POINT('',(0.01,-0.00414304908330626,-0.0171835250426038));
#5057=CARTESIAN_POINT('',(0.01,-0.00415328360325785,-0.0172138263231492));
#5058=CARTESIAN_POINT('',(0.01,-0.00416642413981546,-0.0172502028267302));
#5059=CARTESIAN_POINT('',(0.01,-0.00418284346642556,-0.0172929975218778));
#5060=CARTESIAN_POINT('',(0.01,-0.00420276316223977,-0.0173419516815316));
#5061=CARTESIAN_POINT('',(0.01,-0.0042264468474755,-0.0173969815534109));
#5062=CARTESIAN_POINT('',(0.01,-0.00425414082863572,-0.0174579410198018));
#5063=CARTESIAN_POINT('',(0.01,-0.00428609158453264,-0.017524692713193));
#5064=CARTESIAN_POINT('',(0.01,-0.00432254033298416,-0.017597087117605));
#5065=CARTESIAN_POINT('',(0.01,-0.00436372435482567,-0.0176749687894637));
#5066=CARTESIAN_POINT('',(0.01,-0.00440987635518709,-0.017758174692729));
#5067=CARTESIAN_POINT('',(0.01,-0.00446122439660381,-0.0178465348226407));
#5068=CARTESIAN_POINT('',(0.01,-0.00451799167235183,-0.0179398721811788));
#5069=CARTESIAN_POINT('',(0.01,-0.00458039632988347,-0.0180380029446783));
#5070=CARTESIAN_POINT('',(0.01,-0.0046486512831184,-0.0181407365836669));
#5071=CARTESIAN_POINT('',(0.01,-0.00472296403665954,-0.0182478760020226));
#5072=CARTESIAN_POINT('',(0.01,-0.00480353649359203,-0.0183592176785662));
#5073=CARTESIAN_POINT('',(0.01,-0.00489056484012531,-0.0184745518066636));
#5074=CARTESIAN_POINT('',(0.01,-0.00498423915085416,-0.0185936624677702));
#5075=CARTESIAN_POINT('',(0.01,-0.00508474409210996,-0.0187163276938874));
#5076=CARTESIAN_POINT('',(0.01,-0.00519225540318337,-0.0188423199801591));
#5077=CARTESIAN_POINT('',(0.01,-0.00530695267629576,-0.0189714050820061));
#5078=CARTESIAN_POINT('',(0.01,-0.00542896939495212,-0.0191033474377312));
#5079=CARTESIAN_POINT('',(0.01,-0.00555858428511675,-0.0192378901300354));
#5080=CARTESIAN_POINT('',(0.01,-0.00566401820669353,-0.0193433557157276));
#5081=CARTESIAN_POINT('',(0.01,-0.00572658057732174,-0.0194038602840217));
#5082=CARTESIAN_POINT('',(0.01,-0.0057421314451901,-0.0194188162993052));
#5083=CARTESIAN_POINT('',(0.01,-0.0057421314451901,-0.0194188162993052));
#5084=CARTESIAN_POINT('',(0.01,1.87042167344994E-17,-1.63145431354517E-17));
#5085=CARTESIAN_POINT('',(0.01,-0.00676861191461467,-0.0190852925769907));
#5086=CARTESIAN_POINT('',(0.01,-0.00644525265926898,-0.0155956514182058));
#5087=CARTESIAN_POINT('',(0.01,-0.00657899092130078,-0.0159184429195401));
#5088=CARTESIAN_POINT('',(0.01,-0.00672863076064525,-0.0162796145668128));
#5089=CARTESIAN_POINT('',(0.01,-0.00673413823117099,-0.0162955645919343));
#5090=CARTESIAN_POINT('',(0.01,-0.00674093880166807,-0.016314372029195));
#5091=CARTESIAN_POINT('',(0.01,-0.00674842548551654,-0.0163369869334252));
#5092=CARTESIAN_POINT('',(0.01,-0.00675795623077658,-0.0163675168842296));
#5093=CARTESIAN_POINT('',(0.01,-0.00676870688572114,-0.0164046699074183));
#5094=CARTESIAN_POINT('',(0.01,-0.00678057746214152,-0.0164489425810958));
#5095=CARTESIAN_POINT('',(0.01,-0.00679323662278792,-0.0165002558316309));
#5096=CARTESIAN_POINT('',(0.01,-0.00680642186606901,-0.0165586968540811));
#5097=CARTESIAN_POINT('',(0.01,-0.00681984804000065,-0.0166242922120625));
#5098=CARTESIAN_POINT('',(0.01,-0.00683323499643783,-0.0166970756495352));
#5099=CARTESIAN_POINT('',(0.01,-0.0068462997027787,-0.0167770679898064));
#5100=CARTESIAN_POINT('',(0.01,-0.00685875882735463,-0.016864282946559));
#5101=CARTESIAN_POINT('',(0.01,-0.00687032827758089,-0.0169587254015091));
#5102=CARTESIAN_POINT('',(0.01,-0.00688072362069964,-0.0170603918697117));
#5103=CARTESIAN_POINT('',(0.01,-0.00688966025273174,-0.0171692703464766));
#5104=CARTESIAN_POINT('',(0.01,-0.0068968536398417,-0.0172853403391901));
#5105=CARTESIAN_POINT('',(0.01,-0.00690201954063618,-0.0174085728539333));
#5106=CARTESIAN_POINT('',(0.01,-0.00690487423017134,-0.0175389304047393));
#5107=CARTESIAN_POINT('',(0.01,-0.00690513473867219,-0.0176763670151711));
#5108=CARTESIAN_POINT('',(0.01,-0.00690251902691614,-0.0178208282634571));
#5109=CARTESIAN_POINT('',(0.01,-0.00689674640758937,-0.0179722511908685));
#5110=CARTESIAN_POINT('',(0.01,-0.00688753701297563,-0.018130564765669));
#5111=CARTESIAN_POINT('',(0.01,-0.00687461494300277,-0.0182956882295264));
#5112=CARTESIAN_POINT('',(0.01,-0.00685769721900272,-0.0184675376362549));
#5113=CARTESIAN_POINT('',(0.01,-0.00683653739085983,-0.0186460008720737));
#5114=CARTESIAN_POINT('',(0.01,-0.00681075895233269,-0.018831033917533));
#5115=CARTESIAN_POINT('',(0.01,-0.00678745223388778,-0.018978329872874));
#5116=CARTESIAN_POINT('',(0.01,-0.00677240190578076,-0.0190640523356649));
#5117=CARTESIAN_POINT('',(0.01,-0.00676861191461467,-0.0190852925769907));
#5118=CARTESIAN_POINT('',(0.01,-0.00665905148935385,-0.0161120667733219));
#5119=CARTESIAN_POINT('',(0.01,-0.00718427061380704,-0.0158950930563872));
#5120=CARTESIAN_POINT('',(0.01,-0.00695021947191333,-0.0153772583477106));
#5121=CARTESIAN_POINT('',(0.01,-3.76333740509847E-16,-8.41459046696786E-16));
#5122=CARTESIAN_POINT('',(0.01,-0.00741814456907954,-0.0151570695107014));
#5123=CARTESIAN_POINT('',(0.01,-0.00766795325701264,-0.0156674892810523));
#5124=CARTESIAN_POINT('',(0.01,-0.00816992164904644,-0.0154011052426212));
#5125=CARTESIAN_POINT('',(0.01,-0.007908297282433,-0.0149071948767252));
#5126=CARTESIAN_POINT('',(0.01,-0.00807176443230014,-0.015215997025324));
#5127=CARTESIAN_POINT('',(0.01,-0.00825466794601861,-0.0155615159755744));
#5128=CARTESIAN_POINT('',(0.01,-0.00826344705776138,-0.0155759264831982));
#5129=CARTESIAN_POINT('',(0.01,-0.00827360359045462,-0.0155931547245203));
#5130=CARTESIAN_POINT('',(0.01,-0.00828625648175945,-0.0156133385960523));
#5131=CARTESIAN_POINT('',(0.01,-0.00830370508748657,-0.0156401426845372));
#5132=CARTESIAN_POINT('',(0.01,-0.00832547925849548,-0.0156721084348127));
#5133=CARTESIAN_POINT('',(0.01,-0.00835202534967461,-0.0157094753354363));
#5134=CARTESIAN_POINT('',(0.01,-0.00838349363605561,-0.0157519376832399));
#5135=CARTESIAN_POINT('',(0.01,-0.00842011862739679,-0.0157993487974923));
#5136=CARTESIAN_POINT('',(0.01,-0.00846210255403155,-0.0158515058971));
#5137=CARTESIAN_POINT('',(0.01,-0.00850964998927617,-0.0159082146334167));
#5138=CARTESIAN_POINT('',(0.01,-0.0085629573895351,-0.0159692701993503));
#5139=CARTESIAN_POINT('',(0.01,-0.0086222159237851,-0.0160344630255285));
#5140=CARTESIAN_POINT('',(0.01,-0.00868761044088207,-0.0161035773265755));
#5141=CARTESIAN_POINT('',(0.01,-0.00875931955989286,-0.016176391721897));
#5142=CARTESIAN_POINT('',(0.01,-0.00883751544444863,-0.0162526792682808));
#5143=CARTESIAN_POINT('',(0.01,-0.00892236367341187,-0.016332207666155));
#5144=CARTESIAN_POINT('',(0.01,-0.00901402308886694,-0.0164147394223423));
#5145=CARTESIAN_POINT('',(0.01,-0.0091126456604658,-0.0165000320285618));
#5146=CARTESIAN_POINT('',(0.01,-0.00921837633447773,-0.0165878381463705));
#5147=CARTESIAN_POINT('',(0.01,-0.00933135295677355,-0.0166779057710697));
#5148=CARTESIAN_POINT('',(0.01,-0.00945170593364656,-0.0167699784979631));
#5149=CARTESIAN_POINT('',(0.01,-0.00957955892859932,-0.0168637954079358));
#5150=CARTESIAN_POINT('',(0.01,-0.00971502558159241,-0.0169590924390308));
#5151=CARTESIAN_POINT('',(0.01,-0.00985822158836943,-0.017055598043124));
#5152=CARTESIAN_POINT('',(0.01,-0.0100092176569937,-0.0171530508631242));
#5153=CARTESIAN_POINT('',(0.01,-0.0101682198640067,-0.0172511327369329));
#5154=CARTESIAN_POINT('',(0.01,-0.0102965696096633,-0.0173270645772527));
#5155=CARTESIAN_POINT('',(0.01,-0.0103722133426361,-0.0173701096543814));
#5156=CARTESIAN_POINT('',(0.01,-0.0103909950611476,-0.0173807284553671));
#5157=CARTESIAN_POINT('',(0.01,-0.0103909950611476,-0.0173807284553671));
#5158=CARTESIAN_POINT('',(0.01,1.87042167344994E-17,-1.63145431354517E-17));
#5159=CARTESIAN_POINT('',(0.01,-0.0113022827821904,-0.0168024076819783));
#5160=CARTESIAN_POINT('',(0.01,-0.0101212439864435,-0.0135028161939235));
#5161=CARTESIAN_POINT('',(0.01,-0.0103310555970907,-0.0137822072533769));
#5162=CARTESIAN_POINT('',(0.01,-0.0105658139619211,-0.0140948181144404));
#5163=CARTESIAN_POINT('',(0.01,-0.0105751150150805,-0.014108897387969));
#5164=CARTESIAN_POINT('',(0.01,-0.0105863791526003,-0.0141254227218942));
#5165=CARTESIAN_POINT('',(0.01,-0.0105992547264898,-0.0141454652747606));
#5166=CARTESIAN_POINT('',(0.01,-0.0106160785358824,-0.0141726658710565));
#5167=CARTESIAN_POINT('',(0.01,-0.0106357310203775,-0.014205978084537));
#5168=CARTESIAN_POINT('',(0.01,-0.0106582388270325,-0.0142459077584486));
#5169=CARTESIAN_POINT('',(0.01,-0.0106832613633542,-0.0142924607036269));
#5170=CARTESIAN_POINT('',(0.01,-0.0107105660592506,-0.0143457866572274));
#5171=CARTESIAN_POINT('',(0.01,-0.0107398833274141,-0.0144059822627364));
#5172=CARTESIAN_POINT('',(0.01,-0.0107709502128505,-0.0144731498739956));
#5173=CARTESIAN_POINT('',(0.01,-0.0108034977534934,-0.0145473800474558));
#5174=CARTESIAN_POINT('',(0.01,-0.010837254929514,-0.0146287565276799));
#5175=CARTESIAN_POINT('',(0.01,-0.0108719477876518,-0.014717354693969));
#5176=CARTESIAN_POINT('',(0.01,-0.0109072999644565,-0.0148132419064143));
#5177=CARTESIAN_POINT('',(0.01,-0.0109430328118613,-0.0149164773156063));
#5178=CARTESIAN_POINT('',(0.01,-0.0109788656388787,-0.0150271118334323));
#5179=CARTESIAN_POINT('',(0.01,-0.0110145159235868,-0.0151451880648303));
#5180=CARTESIAN_POINT('',(0.01,-0.0110496995324018,-0.0152707402610487));
#5181=CARTESIAN_POINT('',(0.01,-0.0110841309516897,-0.0154037942618058));
#5182=CARTESIAN_POINT('',(0.01,-0.0111175234688643,-0.0155443674953927));
#5183=CARTESIAN_POINT('',(0.01,-0.011149589557721,-0.0156924687851412));
#5184=CARTESIAN_POINT('',(0.01,-0.0111800404782277,-0.0158480989311783));
#5185=CARTESIAN_POINT('',(0.01,-0.01120858891444,-0.0160112483259014));
#5186=CARTESIAN_POINT('',(0.01,-0.0112349399014176,-0.0161819060343812));
#5187=CARTESIAN_POINT('',(0.01,-0.0112588268501649,-0.0163600247547491));
#5188=CARTESIAN_POINT('',(0.01,-0.0112798741358843,-0.0165456554838019));
#5189=CARTESIAN_POINT('',(0.01,-0.011293930655371,-0.0166941200110278));
#5190=CARTESIAN_POINT('',(0.01,-0.0113006714705961,-0.0167808922094163));
#5191=CARTESIAN_POINT('',(0.01,-0.0113022827821904,-0.0168024076819783));
#5192=CARTESIAN_POINT('',(0.01,-0.0104567532095267,-0.0139498378041074));
#5193=CARTESIAN_POINT('',(0.01,-0.0109115124401925,-0.0136090640306798));
#5194=CARTESIAN_POINT('',(0.01,-0.0105560341900406,-0.0131657042036761));
#5195=CARTESIAN_POINT('',(0.01,-5.6943635438462E-16,-7.1725471430707E-16));
#5196=CARTESIAN_POINT('',(0.01,-0.0109544998227945,-0.0128360647642646));
#5197=CARTESIAN_POINT('',(0.01,-0.0113233965465253,-0.0132683238645187));
#5198=CARTESIAN_POINT('',(0.01,-0.0117433476620081,-0.0128854743077257));
#5199=CARTESIAN_POINT('',(0.01,-0.0113671121928012,-0.0124721443784247));
#5200=CARTESIAN_POINT('',(0.01,-0.0116022396930515,-0.0127305923126221));
#5201=CARTESIAN_POINT('',(0.01,-0.0118653240253016,-0.0130197698954968));
#5202=CARTESIAN_POINT('',(0.01,-0.0118774110726202,-0.0130315443942159));
#5203=CARTESIAN_POINT('',(0.01,-0.0118915330085528,-0.0130457055516868));
#5204=CARTESIAN_POINT('',(0.01,-0.0119088079107441,-0.0130621086636682));
#5205=CARTESIAN_POINT('',(0.01,-0.0119323742421774,-0.0130837313606346));
#5206=CARTESIAN_POINT('',(0.01,-0.0119614138963933,-0.013109277831953));
#5207=CARTESIAN_POINT('',(0.01,-0.011996418763603,-0.0131388690382606));
#5208=CARTESIAN_POINT('',(0.01,-0.0120374583723852,-0.0131721715087357));
#5209=CARTESIAN_POINT('',(0.01,-0.0120847233869286,-0.0132089848506869));
#5210=CARTESIAN_POINT('',(0.01,-0.0121383592545214,-0.0132490623611227));
#5211=CARTESIAN_POINT('',(0.01,-0.01219851578889,-0.013292164921902));
#5212=CARTESIAN_POINT('',(0.01,-0.0122653323409472,-0.0133380453036031));
#5213=CARTESIAN_POINT('',(0.01,-0.0123389419559611,-0.0133864529790694));
#5214=CARTESIAN_POINT('',(0.01,-0.0124194700117802,-0.0134371329721786));
#5215=CARTESIAN_POINT('',(0.01,-0.0125070344607099,-0.0134898264366594));
#5216=CARTESIAN_POINT('',(0.01,-0.0126017456190625,-0.0135442707437836));
#5217=CARTESIAN_POINT('',(0.01,-0.0127037060931816,-0.0136001997143091));
#5218=CARTESIAN_POINT('',(0.01,-0.012813010672684,-0.0136573438139234));
#5219=CARTESIAN_POINT('',(0.01,-0.0129297462434586,-0.0137154303598735));
#5220=CARTESIAN_POINT('',(0.01,-0.0130539916874516,-0.0137741837376373));
#5221=CARTESIAN_POINT('',(0.01,-0.0131858178488321,-0.0138333255788327));
#5222=CARTESIAN_POINT('',(0.01,-0.0133252872716851,-0.0138925751034623));
#5223=CARTESIAN_POINT('',(0.01,-0.0134724548464515,-0.0139516488358026));
#5224=CARTESIAN_POINT('',(0.01,-0.0136273649733452,-0.0140102627487793));
#5225=CARTESIAN_POINT('',(0.01,-0.013790062182043,-0.0140681250530906));
#5226=CARTESIAN_POINT('',(0.01,-0.0139605499623188,-0.0141249650182787));
#5227=CARTESIAN_POINT('',(0.01,-0.0141389487927443,-0.0141804232287408));
#5228=CARTESIAN_POINT('',(0.01,-0.0142821496759238,-0.0142220502469031));
#5229=CARTESIAN_POINT('',(0.01,-0.0143661217973003,-0.0142449311523618));
#5230=CARTESIAN_POINT('',(0.01,-0.0143869542420065,-0.0142505455207304));
#5231=CARTESIAN_POINT('',(0.01,-0.0143869542420065,-0.0142505455207304));
#5232=CARTESIAN_POINT('',(0.01,1.87042167344994E-17,-1.63145431354517E-17));
#5233=CARTESIAN_POINT('',(0.01,-0.0151257896556728,-0.0134637657173743));
#5234=CARTESIAN_POINT('',(0.01,-0.0131612803306182,-0.0105615493682927));
#5235=CARTESIAN_POINT('',(0.01,-0.0134339820547507,-0.0107799848180714));
#5236=CARTESIAN_POINT('',(0.01,-0.0137391082136239,-0.0110243924028228));
#5237=CARTESIAN_POINT('',(0.01,-0.01375161843004,-0.0110357162722228));
#5238=CARTESIAN_POINT('',(0.01,-0.0137666383673955,-0.0110489211553059));
#5239=CARTESIAN_POINT('',(0.01,-0.0137840938116657,-0.0110651320095006));
#5240=CARTESIAN_POINT('',(0.01,-0.013807153583373,-0.0110872941377859));
#5241=CARTESIAN_POINT('',(0.01,-0.0138344730595409,-0.0111146724126715));
#5242=CARTESIAN_POINT('',(0.01,-0.0138662038481606,-0.0111477501585543));
#5243=CARTESIAN_POINT('',(0.01,-0.0139020175021741,-0.0111866177056204));
#5244=CARTESIAN_POINT('',(0.01,-0.0139417259962229,-0.0112314779245875));
#5245=CARTESIAN_POINT('',(0.01,-0.0139850922468383,-0.0112824914663459));
#5246=CARTESIAN_POINT('',(0.01,-0.0140318870146058,-0.011339822863351));
#5247=CARTESIAN_POINT('',(0.01,-0.0140818723078708,-0.0114036267152023));
#5248=CARTESIAN_POINT('',(0.01,-0.0141348064478163,-0.0114740515353637));
#5249=CARTESIAN_POINT('',(0.01,-0.0141904428339975,-0.0115512384643625));
#5250=CARTESIAN_POINT('',(0.01,-0.0142485305372033,-0.0116353214748439));
#5251=CARTESIAN_POINT('',(0.01,-0.0143088143737622,-0.0117264271560304));
#5252=CARTESIAN_POINT('',(0.01,-0.0143710351323816,-0.0118246746253285));
#5253=CARTESIAN_POINT('',(0.01,-0.0144349297625025,-0.0119301754095087));
#5254=CARTESIAN_POINT('',(0.01,-0.0145002315750593,-0.0120430333449022));
#5255=CARTESIAN_POINT('',(0.01,-0.0145666704524304,-0.0121633444637787));
#5256=CARTESIAN_POINT('',(0.01,-0.0146339730238726,-0.012291196949408));
#5257=CARTESIAN_POINT('',(0.01,-0.0147018629906189,-0.0124266708527804));
#5258=CARTESIAN_POINT('',(0.01,-0.01477006088292,-0.012569838755611));
#5259=CARTESIAN_POINT('',(0.01,-0.0148382860220765,-0.0127207628047077));
#5260=CARTESIAN_POINT('',(0.01,-0.0149062499906078,-0.0128795057634799));
#5261=CARTESIAN_POINT('',(0.01,-0.0149736828114054,-0.0130460881141214));
#5262=CARTESIAN_POINT('',(0.01,-0.0150402333430032,-0.0132206526653593));
#5263=CARTESIAN_POINT('',(0.01,-0.0150907698776058,-0.0133609571922101));
#5264=CARTESIAN_POINT('',(0.01,-0.0151188782859514,-0.0134433269098456));
#5265=CARTESIAN_POINT('',(0.01,-0.0151257896556728,-0.0134637657173743));
#5266=CARTESIAN_POINT('',(0.01,-0.0135974186682968,-0.0109110892217461));
#5267=CARTESIAN_POINT('',(0.01,-0.0139531438102251,-0.0104679274612884));
#5268=CARTESIAN_POINT('',(0.01,-0.0134985744576295,-0.0101269004444516));
#5269=CARTESIAN_POINT('',(0.01,-7.25583933146265E-16,-5.48929822159412E-16));
#5270=CARTESIAN_POINT('',(0.01,-0.013802543564811,-0.00970852286094511));
#5271=CARTESIAN_POINT('',(0.01,-0.0142673491864805,-0.0100354608620957));
#5272=CARTESIAN_POINT('',(0.01,-0.0145788959523543,-0.00956020163261626));
#5273=CARTESIAN_POINT('',(0.01,-0.0141116896387814,-0.00925342317948927));
#5274=CARTESIAN_POINT('',(0.01,-0.0144037035638357,-0.00944527766507481));
#5275=CARTESIAN_POINT('',(0.01,-0.0147304381584656,-0.00965994378952103));
#5276=CARTESIAN_POINT('',(0.01,-0.014745073667724,-0.00966834244427717));
#5277=CARTESIAN_POINT('',(0.01,-0.0147622736737244,-0.00967854672029203));
#5278=CARTESIAN_POINT('',(0.01,-0.0147830851411649,-0.00969013840487052));
#5279=CARTESIAN_POINT('',(0.01,-0.0148112884390295,-0.00970522107674536));
#5280=CARTESIAN_POINT('',(0.01,-0.0148457689081777,-0.00972274309036032));
#5281=CARTESIAN_POINT('',(0.01,-0.0148870330668723,-0.00974269927803078));
#5282=CARTESIAN_POINT('',(0.01,-0.0149350653285028,-0.00976474935447959));
#5283=CARTESIAN_POINT('',(0.01,-0.014990000531556,-0.0097886518064648));
#5284=CARTESIAN_POINT('',(0.01,-0.015051918201287,-0.00981413151035321));
#5285=CARTESIAN_POINT('',(0.01,-0.015120903978485,-0.00984091960318119));
#5286=CARTESIAN_POINT('',(0.01,-0.0151970313526406,-0.00986874196753115));
#5287=CARTESIAN_POINT('',(0.01,-0.0152803668855899,-0.00989732286000517));
#5288=CARTESIAN_POINT('',(0.01,-0.0153709686062226,-0.00992638413482163));
#5289=CARTESIAN_POINT('',(0.01,-0.0154688863887054,-0.00995564574429523));
#5290=CARTESIAN_POINT('',(0.01,-0.0155741617704522,-0.0099848258761111));
#5291=CARTESIAN_POINT('',(0.01,-0.0156868279381539,-0.0100136411963774));
#5292=CARTESIAN_POINT('',(0.01,-0.0158069096729794,-0.0100418070654786));
#5293=CARTESIAN_POINT('',(0.01,-0.0159344233176946,-0.01006903775985));
#5294=CARTESIAN_POINT('',(0.01,-0.0160693767334797,-0.010095046706764));
#5295=CARTESIAN_POINT('',(0.01,-0.0162117693114027,-0.010119546665065));
#5296=CARTESIAN_POINT('',(0.01,-0.0163615918034651,-0.0101422501218938));
#5297=CARTESIAN_POINT('',(0.01,-0.0165188268780781,-0.0101628688567406));
#5298=CARTESIAN_POINT('',(0.01,-0.0166834469058802,-0.0101811167238798));
#5299=CARTESIAN_POINT('',(0.01,-0.0168554224525178,-0.0101967000270268));
#5300=CARTESIAN_POINT('',(0.01,-0.0170346895702002,-0.0102093556733474));
#5301=CARTESIAN_POINT('',(0.01,-0.0172212755694175,-0.0102187055771384));
#5302=CARTESIAN_POINT('',(0.01,-0.0173703297519738,-0.0102234121944986));
#5303=CARTESIAN_POINT('',(0.01,-0.01745735398454,-0.0102246912368471));
#5304=CARTESIAN_POINT('',(0.01,-0.0174789281763238,-0.010224948401186));
#5305=CARTESIAN_POINT('',(0.01,-0.0174789281763238,-0.010224948401186));
#5306=CARTESIAN_POINT('',(0.01,1.87042167344994E-17,-1.63145431354517E-17));
#5307=CARTESIAN_POINT('',(0.01,-0.0179988875363262,-0.00927914583648106));
#5308=CARTESIAN_POINT('',(0.01,-0.0153743450278169,-0.00695666155319054));
#5309=CARTESIAN_POINT('',(0.01,-0.0156928020131808,-0.00710041629063564));
#5310=CARTESIAN_POINT('',(0.01,-0.0160491237673592,-0.00726126357165668));
#5311=CARTESIAN_POINT('',(0.01,-0.0160640570841254,-0.00726912051656744));
#5312=CARTESIAN_POINT('',(0.01,-0.0160818890634131,-0.00727817523744025));
#5313=CARTESIAN_POINT('',(0.01,-0.0161028275883037,-0.00728953580537477));
#5314=CARTESIAN_POINT('',(0.01,-0.0161306743920615,-0.00730526693762276));
#5315=CARTESIAN_POINT('',(0.01,-0.0161639442767407,-0.00732499099621208));
#5316=CARTESIAN_POINT('',(0.01,-0.0162029042851782,-0.00734913841764079));
#5317=CARTESIAN_POINT('',(0.01,-0.0162472587532884,-0.00737787837566785));
#5318=CARTESIAN_POINT('',(0.01,-0.0162968760147711,-0.00741145412745942));
#5319=CARTESIAN_POINT('',(0.01,-0.0163515663868221,-0.00745008023702377));
#5320=CARTESIAN_POINT('',(0.01,-0.0164111487495629,-0.00749397307725094));
#5321=CARTESIAN_POINT('',(0.01,-0.016475431035641,-0.00754334157682725));
#5322=CARTESIAN_POINT('',(0.01,-0.0165442160928207,-0.00759838968647092));
#5323=CARTESIAN_POINT('',(0.01,-0.0166173001682851,-0.00765931543955671));
#5324=CARTESIAN_POINT('',(0.01,-0.016694473533868,-0.00772631100329007));
#5325=CARTESIAN_POINT('',(0.01,-0.0167755205044215,-0.00779956245145877));
#5326=CARTESIAN_POINT('',(0.01,-0.0168602196355468,-0.00787924962240403));
#5327=CARTESIAN_POINT('',(0.01,-0.0169483438764821,-0.00796554595709163));
#5328=CARTESIAN_POINT('',(0.01,-0.0170396607397344,-0.0080586183525171));
#5329=CARTESIAN_POINT('',(0.01,-0.0171339324761784,-0.00815862699944067));
#5330=CARTESIAN_POINT('',(0.01,-0.0172309162338029,-0.00826572529523181));
#5331=CARTESIAN_POINT('',(0.01,-0.0173303643021465,-0.00838005948864088));
#5332=CARTESIAN_POINT('',(0.01,-0.0174320240418544,-0.0085017693823955));
#5333=CARTESIAN_POINT('',(0.01,-0.0175356390475474,-0.00863098497280128));
#5334=CARTESIAN_POINT('',(0.01,-0.0176409455715354,-0.00876783877795044));
#5335=CARTESIAN_POINT('',(0.01,-0.0177476872122521,-0.00891241777712765));
#5336=CARTESIAN_POINT('',(0.01,-0.0178555593750723,-0.00906494761779282));
#5337=CARTESIAN_POINT('',(0.01,-0.0179394005284614,-0.00918827629484258));
#5338=CARTESIAN_POINT('',(0.01,-0.0179871103752556,-0.00926106793943143));
#5339=CARTESIAN_POINT('',(0.01,-0.0179988875363262,-0.00927914583648106));
#5340=CARTESIAN_POINT('',(0.01,-0.0158837083043301,-0.00718675677540333));
#5341=CARTESIAN_POINT('',(0.01,-0.0161180478385879,-0.00666905251116004));
#5342=CARTESIAN_POINT('',(0.01,-0.0155929496477613,-0.00645178628616758));
#5343=CARTESIAN_POINT('',(0.01,-8.34965150150564E-16,-3.47060842283098E-16));
#5344=CARTESIAN_POINT('',(0.01,-0.0157833227324462,-0.00597095876082294));
#5345=CARTESIAN_POINT('',(0.01,-0.0163148318054091,-0.00617203294586391));
#5346=CARTESIAN_POINT('',(0.01,-0.0164983985925853,-0.00563422632896739));
#5347=CARTESIAN_POINT('',(0.01,-0.0159695777255929,-0.00545327537047665));
#5348=CARTESIAN_POINT('',(0.01,-0.0163001297665878,-0.0055664814845295));
#5349=CARTESIAN_POINT('',(0.01,-0.0166699846873712,-0.00569314788846149));
#5350=CARTESIAN_POINT('',(0.01,-0.0166862490556972,-0.00569764298088832));
#5351=CARTESIAN_POINT('',(0.01,-0.0167054463921312,-0.00570324920325635));
#5352=CARTESIAN_POINT('',(0.01,-0.0167284867637822,-0.0057093011122587));
#5353=CARTESIAN_POINT('',(0.01,-0.0167595549111489,-0.00571689605929785));
#5354=CARTESIAN_POINT('',(0.01,-0.0167973096605425,-0.00572529264265252));
#5355=CARTESIAN_POINT('',(0.01,-0.0168422403318722,-0.00573435989102075));
#5356=CARTESIAN_POINT('',(0.01,-0.0168942472027024,-0.00574377208604549));
#5357=CARTESIAN_POINT('',(0.01,-0.0169534008134202,-0.00575326176909938));
#5358=CARTESIAN_POINT('',(0.01,-0.0170197097703829,-0.00576254268293732));
#5359=CARTESIAN_POINT('',(0.01,-0.0170931901603171,-0.00577133311342189));
#5360=CARTESIAN_POINT('',(0.01,-0.0171738449936759,-0.00577934927894514));
#5361=CARTESIAN_POINT('',(0.01,-0.0172616701665387,-0.00578630754583953));
#5362=CARTESIAN_POINT('',(0.01,-0.0173566527126678,-0.0057919240755866));
#5363=CARTESIAN_POINT('',(0.01,-0.0174587712943141,-0.00579591521551315));
#5364=CARTESIAN_POINT('',(0.01,-0.0175679960600441,-0.00579799767702169));
#5365=CARTESIAN_POINT('',(0.01,-0.0176842886916545,-0.00579788877448111));
#5366=CARTESIAN_POINT('',(0.01,-0.0178076024047743,-0.00579530664792678));
#5367=CARTESIAN_POINT('',(0.01,-0.0179378819721701,-0.00578997048604456));
#5368=CARTESIAN_POINT('',(0.01,-0.0180750637403097,-0.00578160076432003));
#5369=CARTESIAN_POINT('',(0.01,-0.0182190756854211,-0.0057699194172419));
#5370=CARTESIAN_POINT('',(0.01,-0.0183698373485081,-0.00575465026457993));
#5371=CARTESIAN_POINT('',(0.01,-0.0185272602649596,-0.00573551845099251));
#5372=CARTESIAN_POINT('',(0.01,-0.018691246511893,-0.00571225369169089));
#5373=CARTESIAN_POINT('',(0.01,-0.0188616945403933,-0.00568457883742538));
#5374=CARTESIAN_POINT('',(0.01,-0.0190384769831801,-0.00565225496407588));
#5375=CARTESIAN_POINT('',(0.01,-0.0192215262666432,-0.00561490907235417));
#5376=CARTESIAN_POINT('',(0.01,-0.0193670681261031,-0.00558239955483377));
#5377=CARTESIAN_POINT('',(0.01,-0.0194516764172743,-0.00556199636713738));
#5378=CARTESIAN_POINT('',(0.01,-0.0194726367703213,-0.00555688016886533));
#5379=CARTESIAN_POINT('',(0.01,-0.0194726367703213,-0.00555688016886533));
#5380=CARTESIAN_POINT('',(0.01,1.87042167344994E-17,-1.63145431354517E-17));
#5381=CARTESIAN_POINT('',(0.01,-0.0197410491177942,-0.00451148309637054));
#5382=CARTESIAN_POINT('',(0.01,-0.0166213830840322,-0.00291466110788995));
#5383=CARTESIAN_POINT('',(0.01,-0.016965585507034,-0.00297470249415477));
#5384=CARTESIAN_POINT('',(0.01,-0.017350713850243,-0.00304188284522403));
#5385=CARTESIAN_POINT('',(0.01,-0.0173671319521458,-0.00304577918490095));
#5386=CARTESIAN_POINT('',(0.01,-0.0173866555245256,-0.0030501148021501));
#5387=CARTESIAN_POINT('',(0.01,-0.0174097614855113,-0.00305591125755987));
#5388=CARTESIAN_POINT('',(0.01,-0.0174406456042261,-0.00306422294887634));
#5389=CARTESIAN_POINT('',(0.01,-0.017477775428204,-0.00307505345602822));
#5390=CARTESIAN_POINT('',(0.01,-0.0175215166558445,-0.00308875328170647));
#5391=CARTESIAN_POINT('',(0.01,-0.0175716249836958,-0.00310555981343343));
#5392=CARTESIAN_POINT('',(0.01,-0.0176280333775937,-0.00312574141008144));
#5393=CARTESIAN_POINT('',(0.01,-0.0176906114738674,-0.003149553066931));
#5394=CARTESIAN_POINT('',(0.01,-0.0177592376526018,-0.00317724940180213));
#5395=CARTESIAN_POINT('',(0.01,-0.0178337778390451,-0.00320908054471046));
#5396=CARTESIAN_POINT('',(0.01,-0.0179140917953424,-0.00324529306865465));
#5397=CARTESIAN_POINT('',(0.01,-0.0180000314188443,-0.00328612945669183));
#5398=CARTESIAN_POINT('',(0.01,-0.0180914413604209,-0.00333182799601533));
#5399=CARTESIAN_POINT('',(0.01,-0.0181881589857393,-0.00338262255327781));
#5400=CARTESIAN_POINT('',(0.01,-0.0182900145314603,-0.00343874238785086));
#5401=CARTESIAN_POINT('',(0.01,-0.0183968312130537,-0.00350041195696171));
#5402=CARTESIAN_POINT('',(0.01,-0.0185084253526435,-0.00356785073151824));
#5403=CARTESIAN_POINT('',(0.01,-0.0186246065082525,-0.00364127299539658));
#5404=CARTESIAN_POINT('',(0.01,-0.0187451776058863,-0.003720887721545));
#5405=CARTESIAN_POINT('',(0.01,-0.0188699350879486,-0.00380689816712713));
#5406=CARTESIAN_POINT('',(0.01,-0.0189986690197391,-0.00389950257156345));
#5407=CARTESIAN_POINT('',(0.01,-0.0191311633800915,-0.0039988906125114));
#5408=CARTESIAN_POINT('',(0.01,-0.0192671956633441,-0.00410525623614693));
#5409=CARTESIAN_POINT('',(0.01,-0.0194065391541252,-0.00421874745361719));
#5410=CARTESIAN_POINT('',(0.01,-0.0195489549434516,-0.00433965857285514));
#5411=CARTESIAN_POINT('',(0.01,-0.0196608326676136,-0.0044382622057537));
#5412=CARTESIAN_POINT('',(0.01,-0.0197251461677179,-0.0044969020105574));
#5413=CARTESIAN_POINT('',(0.01,-0.0197410491177942,-0.00451148309637054));
#5414=CARTESIAN_POINT('',(0.01,-0.0171719661314094,-0.00301085396981944));
#5415=CARTESIAN_POINT('',(0.01,-0.0172701956432189,-0.00245113646469606));
#5416=CARTESIAN_POINT('',(0.01,-0.016707562464667,-0.00237128266751352));
#5417=CARTESIAN_POINT('',(0.01,-8.90707181257159E-16,-1.24331945105933E-16));
#5418=CARTESIAN_POINT('',(0.01,-0.0167723776858012,-0.00185821736210806));
#5419=CARTESIAN_POINT('',(0.01,-0.0173371935402498,-0.00192079350049413));
#5420=CARTESIAN_POINT('',(0.01,-0.0173812461723786,-0.00135423186383455));
#5421=CARTESIAN_POINT('',(0.01,-0.0168240385119068,-0.00131047821419311));
#5422=CARTESIAN_POINT('',(0.01,-0.0171723588684215,-0.00133792280022435));
#5423=CARTESIAN_POINT('',(0.01,-0.0175620947704542,-0.00136863056763661));
#5424=CARTESIAN_POINT('',(0.01,-0.0175789660477696,-0.00136893965454517));
#5425=CARTESIAN_POINT('',(0.01,-0.0175989544753862,-0.00136959556369674));
#5426=CARTESIAN_POINT('',(0.01,-0.0176227760399604,-0.00136972743342297));
#5427=CARTESIAN_POINT('',(0.01,-0.0176547569108695,-0.0013693574371717));
#5428=CARTESIAN_POINT('',(0.01,-0.0176934136707518,-0.00136810100205343));
#5429=CARTESIAN_POINT('',(0.01,-0.0177391876953935,-0.00136570958255744));
#5430=CARTESIAN_POINT('',(0.01,-0.0177919013924614,-0.00136189249332909));
#5431=CARTESIAN_POINT('',(0.01,-0.0178515565719304,-0.00135637313576476));
#5432=CARTESIAN_POINT('',(0.01,-0.0179180903804917,-0.00134887210560298));
#5433=CARTESIAN_POINT('',(0.01,-0.0179914483400204,-0.00133911253866785));
#5434=CARTESIAN_POINT('',(0.01,-0.0180715627927749,-0.00132681882020318));
#5435=CARTESIAN_POINT('',(0.01,-0.0181583592269418,-0.00131171724801824));
#5436=CARTESIAN_POINT('',(0.01,-0.0182517544958727,-0.00129353612547576));
#5437=CARTESIAN_POINT('',(0.01,-0.0183516573906315,-0.00127200601785529));
#5438=CARTESIAN_POINT('',(0.01,-0.0184579685466134,-0.00124685996034115));
#5439=CARTESIAN_POINT('',(0.01,-0.018570580548394,-0.00121783367774085));
#5440=CARTESIAN_POINT('',(0.01,-0.0186893779856967,-0.00118466580003879));
#5441=CARTESIAN_POINT('',(0.01,-0.018814237531419,-0.00114709807257904));
#5442=CARTESIAN_POINT('',(0.01,-0.0189450280169016,-0.00110487558261362));
#5443=CARTESIAN_POINT('',(0.01,-0.0190816105290511,-0.0010577469121543));
#5444=CARTESIAN_POINT('',(0.01,-0.0192238384534083,-0.00100546456701933));
#5445=CARTESIAN_POINT('',(0.01,-0.0193715577508967,-0.000947784327207217));
#5446=CARTESIAN_POINT('',(0.01,-0.0195246063579675,-0.000884468751853497));
#5447=CARTESIAN_POINT('',(0.01,-0.0196828169918358,-0.000815274653050019));
#5448=CARTESIAN_POINT('',(0.01,-0.0198460068686863,-0.000740002287871871));
#5449=CARTESIAN_POINT('',(0.01,-0.0200140177767069,-0.000658307180362853));
#5450=CARTESIAN_POINT('',(0.01,-0.0201469023827753,-0.000590624220509318));
#5451=CARTESIAN_POINT('',(0.01,-0.0202237784824494,-0.00054982081008868));
#5452=CARTESIAN_POINT('',(0.01,-0.0202428079806912,-0.00053965271875916));
#5453=CARTESIAN_POINT('',(0.01,-0.0202428079806912,-0.00053965271875916));
#5454=CARTESIAN_POINT('',(0.01,1.87042167344994E-17,-1.63145431354517E-17));
#5455=CARTESIAN_POINT('',(0.01,-0.0202428079806912,0.000539652718759134));
#5456=CARTESIAN_POINT('',(0.01,-0.0168240385119068,0.00131047821419308));
#5457=CARTESIAN_POINT('',(0.01,-0.0171723588684215,0.00133792280022433));
#5458=CARTESIAN_POINT('',(0.01,-0.0175620947704542,0.00136863056763658));
#5459=CARTESIAN_POINT('',(0.01,-0.0175789660477696,0.00136893965454515));
#5460=CARTESIAN_POINT('',(0.01,-0.0175989544753862,0.00136959556369672));
#5461=CARTESIAN_POINT('',(0.01,-0.0176227760399604,0.00136972743342294));
#5462=CARTESIAN_POINT('',(0.01,-0.0176547569108695,0.00136935743717167));
#5463=CARTESIAN_POINT('',(0.01,-0.0176934136707518,0.00136810100205341));
#5464=CARTESIAN_POINT('',(0.01,-0.0177391876953935,0.00136570958255742));
#5465=CARTESIAN_POINT('',(0.01,-0.0177919013924614,0.00136189249332906));
#5466=CARTESIAN_POINT('',(0.01,-0.0178515565719304,0.00135637313576473));
#5467=CARTESIAN_POINT('',(0.01,-0.0179180903804917,0.00134887210560295));
#5468=CARTESIAN_POINT('',(0.01,-0.0179914483400204,0.00133911253866782));
#5469=CARTESIAN_POINT('',(0.01,-0.0180715627927749,0.00132681882020315));
#5470=CARTESIAN_POINT('',(0.01,-0.0181583592269418,0.00131171724801821));
#5471=CARTESIAN_POINT('',(0.01,-0.0182517544958727,0.00129353612547574));
#5472=CARTESIAN_POINT('',(0.01,-0.0183516573906315,0.00127200601785527));
#5473=CARTESIAN_POINT('',(0.01,-0.0184579685466134,0.00124685996034112));
#5474=CARTESIAN_POINT('',(0.01,-0.018570580548394,0.00121783367774082));
#5475=CARTESIAN_POINT('',(0.01,-0.0186893779856967,0.00118466580003876));
#5476=CARTESIAN_POINT('',(0.01,-0.018814237531419,0.00114709807257902));
#5477=CARTESIAN_POINT('',(0.01,-0.0189450280169016,0.00110487558261359));
#5478=CARTESIAN_POINT('',(0.01,-0.0190816105290511,0.00105774691215427));
#5479=CARTESIAN_POINT('',(0.01,-0.0192238384534083,0.0010054645670193));
#5480=CARTESIAN_POINT('',(0.01,-0.0193715577508967,0.00094778432720719));
#5481=CARTESIAN_POINT('',(0.01,-0.0195246063579675,0.000884468751853471));
#5482=CARTESIAN_POINT('',(0.01,-0.0196828169918358,0.000815274653049993));
#5483=CARTESIAN_POINT('',(0.01,-0.0198460068686863,0.000740002287871845));
#5484=CARTESIAN_POINT('',(0.01,-0.0200140177767069,0.000658307180362826));
#5485=CARTESIAN_POINT('',(0.01,-0.0201469023827753,0.000590624220509292));
#5486=CARTESIAN_POINT('',(0.01,-0.0202237784824494,0.000549820810088654));
#5487=CARTESIAN_POINT('',(0.01,-0.0202428079806912,0.000539652718759134));
#5488=CARTESIAN_POINT('',(0.01,-0.0173812461723786,0.00135423186383452));
#5489=CARTESIAN_POINT('',(0.01,-0.0173371935402498,0.00192079350049411));
#5490=CARTESIAN_POINT('',(0.01,-0.0167723776858012,0.00185821736210802));
#5491=CARTESIAN_POINT('',(0.01,-8.89307549646774E-16,1.05261993622858E-16));
#5492=CARTESIAN_POINT('',(0.01,-0.016707562464667,0.00237128266751349));
#5493=CARTESIAN_POINT('',(0.01,-0.0172701956432189,0.00245113646469603));
#5494=CARTESIAN_POINT('',(0.01,-0.0171719661314094,0.00301085396981941));
#5495=CARTESIAN_POINT('',(0.01,-0.0166213830840322,0.00291466110788992));
#5496=CARTESIAN_POINT('',(0.01,-0.016965585507034,0.00297470249415475));
#5497=CARTESIAN_POINT('',(0.01,-0.017350713850243,0.00304188284522401));
#5498=CARTESIAN_POINT('',(0.01,-0.0173671319521458,0.00304577918490092));
#5499=CARTESIAN_POINT('',(0.01,-0.0173866555245256,0.00305011480215006));
#5500=CARTESIAN_POINT('',(0.01,-0.0174097614855113,0.00305591125755985));
#5501=CARTESIAN_POINT('',(0.01,-0.0174406456042261,0.00306422294887631));
#5502=CARTESIAN_POINT('',(0.01,-0.017477775428204,0.00307505345602819));
#5503=CARTESIAN_POINT('',(0.01,-0.0175215166558445,0.00308875328170644));
#5504=CARTESIAN_POINT('',(0.01,-0.0175716249836958,0.0031055598134334));
#5505=CARTESIAN_POINT('',(0.01,-0.0176280333775937,0.00312574141008141));
#5506=CARTESIAN_POINT('',(0.01,-0.0176906114738674,0.00314955306693098));
#5507=CARTESIAN_POINT('',(0.01,-0.0177592376526018,0.0031772494018021));
#5508=CARTESIAN_POINT('',(0.01,-0.0178337778390451,0.00320908054471044));
#5509=CARTESIAN_POINT('',(0.01,-0.0179140917953424,0.00324529306865462));
#5510=CARTESIAN_POINT('',(0.01,-0.0180000314188443,0.00328612945669181));
#5511=CARTESIAN_POINT('',(0.01,-0.0180914413604209,0.0033318279960153));
#5512=CARTESIAN_POINT('',(0.01,-0.0181881589857393,0.00338262255327778));
#5513=CARTESIAN_POINT('',(0.01,-0.0182900145314603,0.00343874238785084));
#5514=CARTESIAN_POINT('',(0.01,-0.0183968312130537,0.00350041195696168));
#5515=CARTESIAN_POINT('',(0.01,-0.0185084253526435,0.00356785073151821));
#5516=CARTESIAN_POINT('',(0.01,-0.0186246065082525,0.00364127299539655));
#5517=CARTESIAN_POINT('',(0.01,-0.0187451776058863,0.00372088772154498));
#5518=CARTESIAN_POINT('',(0.01,-0.0188699350879486,0.00380689816712711));
#5519=CARTESIAN_POINT('',(0.01,-0.0189986690197391,0.00389950257156343));
#5520=CARTESIAN_POINT('',(0.01,-0.0191311633800915,0.00399889061251137));
#5521=CARTESIAN_POINT('',(0.01,-0.0192671956633441,0.0041052562361469));
#5522=CARTESIAN_POINT('',(0.01,-0.0194065391541252,0.00421874745361716));
#5523=CARTESIAN_POINT('',(0.01,-0.0195489549434516,0.00433965857285511));
#5524=CARTESIAN_POINT('',(0.01,-0.0196608326676136,0.00443826220575367));
#5525=CARTESIAN_POINT('',(0.01,-0.0197251461677179,0.00449690201055738));
#5526=CARTESIAN_POINT('',(0.01,-0.0197410491177942,0.00451148309637051));
#5527=CARTESIAN_POINT('',(0.01,-0.0197410491177942,0.00451148309637051));
#5528=CARTESIAN_POINT('',(0.01,1.87042167344994E-17,-1.63145431354517E-17));
#5529=CARTESIAN_POINT('',(0.01,-0.0194726367703213,0.0055568801688653));
#5530=CARTESIAN_POINT('',(0.01,-0.0159695777255929,0.00545327537047663));
#5531=CARTESIAN_POINT('',(0.01,-0.0163001297665878,0.00556648148452948));
#5532=CARTESIAN_POINT('',(0.01,-0.0166699846873712,0.00569314788846146));
#5533=CARTESIAN_POINT('',(0.01,-0.0166862490556972,0.0056976429808883));
#5534=CARTESIAN_POINT('',(0.01,-0.0167054463921312,0.00570324920325633));
#5535=CARTESIAN_POINT('',(0.01,-0.0167284867637822,0.00570930111225867));
#5536=CARTESIAN_POINT('',(0.01,-0.0167595549111489,0.00571689605929782));
#5537=CARTESIAN_POINT('',(0.01,-0.0167973096605425,0.00572529264265249));
#5538=CARTESIAN_POINT('',(0.01,-0.0168422403318722,0.00573435989102072));
#5539=CARTESIAN_POINT('',(0.01,-0.0168942472027024,0.00574377208604547));
#5540=CARTESIAN_POINT('',(0.01,-0.0169534008134202,0.00575326176909935));
#5541=CARTESIAN_POINT('',(0.01,-0.0170197097703829,0.00576254268293729));
#5542=CARTESIAN_POINT('',(0.01,-0.0170931901603171,0.00577133311342186));
#5543=CARTESIAN_POINT('',(0.01,-0.0171738449936759,0.00577934927894512));
#5544=CARTESIAN_POINT('',(0.01,-0.0172616701665387,0.0057863075458395));
#5545=CARTESIAN_POINT('',(0.01,-0.0173566527126678,0.00579192407558657));
#5546=CARTESIAN_POINT('',(0.01,-0.017458771294314,0.00579591521551312));
#5547=CARTESIAN_POINT('',(0.01,-0.0175679960600441,0.00579799767702166));
#5548=CARTESIAN_POINT('',(0.01,-0.0176842886916545,0.00579788877448108));
#5549=CARTESIAN_POINT('',(0.01,-0.0178076024047743,0.00579530664792676));
#5550=CARTESIAN_POINT('',(0.01,-0.0179378819721701,0.00578997048604453));
#5551=CARTESIAN_POINT('',(0.01,-0.0180750637403097,0.00578160076432001));
#5552=CARTESIAN_POINT('',(0.01,-0.0182190756854211,0.00576991941724187));
#5553=CARTESIAN_POINT('',(0.01,-0.0183698373485081,0.0057546502645799));
#5554=CARTESIAN_POINT('',(0.01,-0.0185272602649596,0.00573551845099248));
#5555=CARTESIAN_POINT('',(0.01,-0.018691246511893,0.00571225369169086));
#5556=CARTESIAN_POINT('',(0.01,-0.0188616945403933,0.00568457883742535));
#5557=CARTESIAN_POINT('',(0.01,-0.01903847698318,0.00565225496407585));
#5558=CARTESIAN_POINT('',(0.01,-0.0192215262666432,0.00561490907235414));
#5559=CARTESIAN_POINT('',(0.01,-0.0193670681261031,0.00558239955483374));
#5560=CARTESIAN_POINT('',(0.01,-0.0194516764172743,0.00556199636713735));
#5561=CARTESIAN_POINT('',(0.01,-0.0194726367703213,0.0055568801688653));
#5562=CARTESIAN_POINT('',(0.01,-0.0164983985925853,0.00563422632896736));
#5563=CARTESIAN_POINT('',(0.01,-0.0163148318054091,0.00617203294586388));
#5564=CARTESIAN_POINT('',(0.01,-0.0157833227324462,0.00597095876082291));
#5565=CARTESIAN_POINT('',(0.01,-8.30854199320974E-16,3.27294742345506E-16));
#5566=CARTESIAN_POINT('',(0.01,-0.0155929496477613,0.00645178628616755));
#5567=CARTESIAN_POINT('',(0.01,-0.0161180478385879,0.00666905251116001));
#5568=CARTESIAN_POINT('',(0.01,-0.0158837083043301,0.00718675677540331));
#5569=CARTESIAN_POINT('',(0.01,-0.0153743450278169,0.00695666155319051));
#5570=CARTESIAN_POINT('',(0.01,-0.0156928020131808,0.00710041629063562));
#5571=CARTESIAN_POINT('',(0.01,-0.0160491237673592,0.00726126357165665));
#5572=CARTESIAN_POINT('',(0.01,-0.0160640570841254,0.00726912051656741));
#5573=CARTESIAN_POINT('',(0.01,-0.0160818890634131,0.00727817523744023));
#5574=CARTESIAN_POINT('',(0.01,-0.0161028275883037,0.00728953580537474));
#5575=CARTESIAN_POINT('',(0.01,-0.0161306743920615,0.00730526693762273));
#5576=CARTESIAN_POINT('',(0.01,-0.0161639442767407,0.00732499099621205));
#5577=CARTESIAN_POINT('',(0.01,-0.0162029042851782,0.00734913841764076));
#5578=CARTESIAN_POINT('',(0.01,-0.0162472587532884,0.00737787837566782));
#5579=CARTESIAN_POINT('',(0.01,-0.0162968760147711,0.00741145412745939));
#5580=CARTESIAN_POINT('',(0.01,-0.0163515663868221,0.00745008023702375));
#5581=CARTESIAN_POINT('',(0.01,-0.0164111487495629,0.00749397307725091));
#5582=CARTESIAN_POINT('',(0.01,-0.016475431035641,0.00754334157682722));
#5583=CARTESIAN_POINT('',(0.01,-0.0165442160928207,0.00759838968647089));
#5584=CARTESIAN_POINT('',(0.01,-0.0166173001682851,0.00765931543955668));
#5585=CARTESIAN_POINT('',(0.01,-0.016694473533868,0.00772631100329004));
#5586=CARTESIAN_POINT('',(0.01,-0.0167755205044215,0.00779956245145874));
#5587=CARTESIAN_POINT('',(0.01,-0.0168602196355468,0.007879249622404));
#5588=CARTESIAN_POINT('',(0.01,-0.0169483438764821,0.0079655459570916));
#5589=CARTESIAN_POINT('',(0.01,-0.0170396607397344,0.00805861835251707));
#5590=CARTESIAN_POINT('',(0.01,-0.0171339324761784,0.00815862699944064));
#5591=CARTESIAN_POINT('',(0.01,-0.0172309162338029,0.00826572529523178));
#5592=CARTESIAN_POINT('',(0.01,-0.0173303643021465,0.00838005948864085));
#5593=CARTESIAN_POINT('',(0.01,-0.0174320240418544,0.00850176938239548));
#5594=CARTESIAN_POINT('',(0.01,-0.0175356390475474,0.00863098497280125));
#5595=CARTESIAN_POINT('',(0.01,-0.0176409455715354,0.00876783877795041));
#5596=CARTESIAN_POINT('',(0.01,-0.0177476872122521,0.00891241777712762));
#5597=CARTESIAN_POINT('',(0.01,-0.0178555593750723,0.00906494761779279));
#5598=CARTESIAN_POINT('',(0.01,-0.0179394005284614,0.00918827629484256));
#5599=CARTESIAN_POINT('',(0.01,-0.0179871103752556,0.0092610679394314));
#5600=CARTESIAN_POINT('',(0.01,-0.0179988875363262,0.00927914583648103));
#5601=CARTESIAN_POINT('',(0.01,-0.0179988875363262,0.00927914583648103));
#5602=CARTESIAN_POINT('',(0.01,1.87042167344994E-17,-1.63145431354517E-17));
#5603=CARTESIAN_POINT('',(0.01,-0.0174789281763238,0.010224948401186));
#5604=CARTESIAN_POINT('',(0.01,-0.0141116896387814,0.00925342317948923));
#5605=CARTESIAN_POINT('',(0.01,-0.0144037035638357,0.00944527766507478));
#5606=CARTESIAN_POINT('',(0.01,-0.0147304381584656,0.009659943789521));
#5607=CARTESIAN_POINT('',(0.01,-0.014745073667724,0.00966834244427713));
#5608=CARTESIAN_POINT('',(0.01,-0.0147622736737244,0.009678546720292));
#5609=CARTESIAN_POINT('',(0.01,-0.0147830851411649,0.00969013840487048));
#5610=CARTESIAN_POINT('',(0.01,-0.0148112884390295,0.00970522107674532));
#5611=CARTESIAN_POINT('',(0.01,-0.0148457689081777,0.00972274309036028));
#5612=CARTESIAN_POINT('',(0.01,-0.0148870330668723,0.00974269927803074));
#5613=CARTESIAN_POINT('',(0.01,-0.0149350653285028,0.00976474935447955));
#5614=CARTESIAN_POINT('',(0.01,-0.014990000531556,0.00978865180646477));
#5615=CARTESIAN_POINT('',(0.01,-0.015051918201287,0.00981413151035317));
#5616=CARTESIAN_POINT('',(0.01,-0.015120903978485,0.00984091960318116));
#5617=CARTESIAN_POINT('',(0.01,-0.0151970313526406,0.00986874196753112));
#5618=CARTESIAN_POINT('',(0.01,-0.0152803668855899,0.00989732286000514));
#5619=CARTESIAN_POINT('',(0.01,-0.0153709686062226,0.0099263841348216));
#5620=CARTESIAN_POINT('',(0.01,-0.0154688863887054,0.00995564574429519));
#5621=CARTESIAN_POINT('',(0.01,-0.0155741617704522,0.00998482587611107));
#5622=CARTESIAN_POINT('',(0.01,-0.0156868279381539,0.0100136411963774));
#5623=CARTESIAN_POINT('',(0.01,-0.0158069096729794,0.0100418070654786));
#5624=CARTESIAN_POINT('',(0.01,-0.0159344233176946,0.01006903775985));
#5625=CARTESIAN_POINT('',(0.01,-0.0160693767334797,0.010095046706764));
#5626=CARTESIAN_POINT('',(0.01,-0.0162117693114027,0.0101195466650649));
#5627=CARTESIAN_POINT('',(0.01,-0.0163615918034651,0.0101422501218937));
#5628=CARTESIAN_POINT('',(0.01,-0.0165188268780781,0.0101628688567406));
#5629=CARTESIAN_POINT('',(0.01,-0.0166834469058802,0.0101811167238798));
#5630=CARTESIAN_POINT('',(0.01,-0.0168554224525178,0.0101967000270267));
#5631=CARTESIAN_POINT('',(0.01,-0.0170346895702002,0.0102093556733473));
#5632=CARTESIAN_POINT('',(0.01,-0.0172212755694175,0.0102187055771384));
#5633=CARTESIAN_POINT('',(0.01,-0.0173703297519738,0.0102234121944986));
#5634=CARTESIAN_POINT('',(0.01,-0.01745735398454,0.0102246912368471));
#5635=CARTESIAN_POINT('',(0.01,-0.0174789281763238,0.010224948401186));
#5636=CARTESIAN_POINT('',(0.01,-0.0145788959523543,0.00956020163261621));
#5637=CARTESIAN_POINT('',(0.01,-0.0142673491864805,0.0100354608620957));
#5638=CARTESIAN_POINT('',(0.01,-0.013802543564811,0.00970852286094507));
#5639=CARTESIAN_POINT('',(0.01,-7.19019969257114E-16,5.27815166880435E-16));
#5640=CARTESIAN_POINT('',(0.01,-0.0134985744576295,0.0101269004444515));
#5641=CARTESIAN_POINT('',(0.01,-0.0139531438102251,0.0104679274612884));
#5642=CARTESIAN_POINT('',(0.01,-0.0135974186682968,0.0109110892217461));
#5643=CARTESIAN_POINT('',(0.01,-0.0131612803306182,0.0105615493682926));
#5644=CARTESIAN_POINT('',(0.01,-0.0134339820547507,0.0107799848180714));
#5645=CARTESIAN_POINT('',(0.01,-0.0137391082136239,0.0110243924028227));
#5646=CARTESIAN_POINT('',(0.01,-0.0137516184300401,0.0110357162722228));
#5647=CARTESIAN_POINT('',(0.01,-0.0137666383673955,0.0110489211553059));
#5648=CARTESIAN_POINT('',(0.01,-0.0137840938116657,0.0110651320095006));
#5649=CARTESIAN_POINT('',(0.01,-0.013807153583373,0.0110872941377859));
#5650=CARTESIAN_POINT('',(0.01,-0.0138344730595409,0.0111146724126715));
#5651=CARTESIAN_POINT('',(0.01,-0.0138662038481606,0.0111477501585543));
#5652=CARTESIAN_POINT('',(0.01,-0.0139020175021741,0.0111866177056204));
#5653=CARTESIAN_POINT('',(0.01,-0.0139417259962229,0.0112314779245875));
#5654=CARTESIAN_POINT('',(0.01,-0.0139850922468383,0.0112824914663458));
#5655=CARTESIAN_POINT('',(0.01,-0.0140318870146058,0.011339822863351));
#5656=CARTESIAN_POINT('',(0.01,-0.0140818723078708,0.0114036267152022));
#5657=CARTESIAN_POINT('',(0.01,-0.0141348064478163,0.0114740515353637));
#5658=CARTESIAN_POINT('',(0.01,-0.0141904428339975,0.0115512384643625));
#5659=CARTESIAN_POINT('',(0.01,-0.0142485305372034,0.0116353214748439));
#5660=CARTESIAN_POINT('',(0.01,-0.0143088143737622,0.0117264271560304));
#5661=CARTESIAN_POINT('',(0.01,-0.0143710351323816,0.0118246746253284));
#5662=CARTESIAN_POINT('',(0.01,-0.0144349297625025,0.0119301754095087));
#5663=CARTESIAN_POINT('',(0.01,-0.0145002315750593,0.0120430333449021));
#5664=CARTESIAN_POINT('',(0.01,-0.0145666704524304,0.0121633444637787));
#5665=CARTESIAN_POINT('',(0.01,-0.0146339730238726,0.012291196949408));
#5666=CARTESIAN_POINT('',(0.01,-0.0147018629906189,0.0124266708527804));
#5667=CARTESIAN_POINT('',(0.01,-0.01477006088292,0.012569838755611));
#5668=CARTESIAN_POINT('',(0.01,-0.0148382860220765,0.0127207628047077));
#5669=CARTESIAN_POINT('',(0.01,-0.0149062499906078,0.0128795057634799));
#5670=CARTESIAN_POINT('',(0.01,-0.0149736828114054,0.0130460881141214));
#5671=CARTESIAN_POINT('',(0.01,-0.0150402333430032,0.0132206526653593));
#5672=CARTESIAN_POINT('',(0.01,-0.0150907698776058,0.0133609571922101));
#5673=CARTESIAN_POINT('',(0.01,-0.0151188782859514,0.0134433269098456));
#5674=CARTESIAN_POINT('',(0.01,-0.0151257896556728,0.0134637657173742));
#5675=CARTESIAN_POINT('',(0.01,-0.0151257896556728,0.0134637657173742));
#5676=CARTESIAN_POINT('',(0.01,1.87042167344994E-17,-1.63145431354517E-17));
#5677=CARTESIAN_POINT('',(0.01,-0.0143869542420065,0.0142505455207304));
#5678=CARTESIAN_POINT('',(0.01,-0.0113671121928012,0.0124721443784246));
#5679=CARTESIAN_POINT('',(0.01,-0.0116022396930515,0.0127305923126221));
#5680=CARTESIAN_POINT('',(0.01,-0.0118653240253016,0.0130197698954968));
#5681=CARTESIAN_POINT('',(0.01,-0.0118774110726202,0.0130315443942158));
#5682=CARTESIAN_POINT('',(0.01,-0.0118915330085528,0.0130457055516868));
#5683=CARTESIAN_POINT('',(0.01,-0.0119088079107441,0.0130621086636681));
#5684=CARTESIAN_POINT('',(0.01,-0.0119323742421774,0.0130837313606346));
#5685=CARTESIAN_POINT('',(0.01,-0.0119614138963933,0.0131092778319529));
#5686=CARTESIAN_POINT('',(0.01,-0.011996418763603,0.0131388690382606));
#5687=CARTESIAN_POINT('',(0.01,-0.0120374583723852,0.0131721715087357));
#5688=CARTESIAN_POINT('',(0.01,-0.0120847233869286,0.0132089848506869));
#5689=CARTESIAN_POINT('',(0.01,-0.0121383592545214,0.0132490623611227));
#5690=CARTESIAN_POINT('',(0.01,-0.01219851578889,0.013292164921902));
#5691=CARTESIAN_POINT('',(0.01,-0.0122653323409472,0.013338045303603));
#5692=CARTESIAN_POINT('',(0.01,-0.0123389419559611,0.0133864529790694));
#5693=CARTESIAN_POINT('',(0.01,-0.0124194700117802,0.0134371329721786));
#5694=CARTESIAN_POINT('',(0.01,-0.0125070344607099,0.0134898264366594));
#5695=CARTESIAN_POINT('',(0.01,-0.0126017456190625,0.0135442707437836));
#5696=CARTESIAN_POINT('',(0.01,-0.0127037060931816,0.0136001997143091));
#5697=CARTESIAN_POINT('',(0.01,-0.012813010672684,0.0136573438139234));
#5698=CARTESIAN_POINT('',(0.01,-0.0129297462434586,0.0137154303598735));
#5699=CARTESIAN_POINT('',(0.01,-0.0130539916874516,0.0137741837376372));
#5700=CARTESIAN_POINT('',(0.01,-0.0131858178488321,0.0138333255788327));
#5701=CARTESIAN_POINT('',(0.01,-0.0133252872716851,0.0138925751034622));
#5702=CARTESIAN_POINT('',(0.01,-0.0134724548464515,0.0139516488358025));
#5703=CARTESIAN_POINT('',(0.01,-0.0136273649733452,0.0140102627487792));
#5704=CARTESIAN_POINT('',(0.01,-0.013790062182043,0.0140681250530906));
#5705=CARTESIAN_POINT('',(0.01,-0.0139605499623188,0.0141249650182787));
#5706=CARTESIAN_POINT('',(0.01,-0.0141389487927443,0.0141804232287408));
#5707=CARTESIAN_POINT('',(0.01,-0.0142821496759238,0.0142220502469031));
#5708=CARTESIAN_POINT('',(0.01,-0.0143661217973003,0.0142449311523617));
#5709=CARTESIAN_POINT('',(0.01,-0.0143869542420065,0.0142505455207304));
#5710=CARTESIAN_POINT('',(0.01,-0.0117433476620081,0.0128854743077257));
#5711=CARTESIAN_POINT('',(0.01,-0.0113233965465253,0.0132683238645187));
#5712=CARTESIAN_POINT('',(0.01,-0.0109544998227944,0.0128360647642646));
#5713=CARTESIAN_POINT('',(0.01,-5.60831815427632E-16,6.94223831491583E-16));
#5714=CARTESIAN_POINT('',(0.01,-0.0105560341900406,0.0131657042036761));
#5715=CARTESIAN_POINT('',(0.01,-0.0109115124401925,0.0136090640306798));
#5716=CARTESIAN_POINT('',(0.01,-0.0104567532095267,0.0139498378041074));
#5717=CARTESIAN_POINT('',(0.01,-0.0101212439864435,0.0135028161939234));
#5718=CARTESIAN_POINT('',(0.01,-0.0103310555970907,0.0137822072533769));
#5719=CARTESIAN_POINT('',(0.01,-0.0105658139619211,0.0140948181144404));
#5720=CARTESIAN_POINT('',(0.01,-0.0105751150150805,0.014108897387969));
#5721=CARTESIAN_POINT('',(0.01,-0.0105863791526003,0.0141254227218941));
#5722=CARTESIAN_POINT('',(0.01,-0.0105992547264898,0.0141454652747606));
#5723=CARTESIAN_POINT('',(0.01,-0.0106160785358824,0.0141726658710565));
#5724=CARTESIAN_POINT('',(0.01,-0.0106357310203775,0.014205978084537));
#5725=CARTESIAN_POINT('',(0.01,-0.0106582388270325,0.0142459077584486));
#5726=CARTESIAN_POINT('',(0.01,-0.0106832613633542,0.0142924607036269));
#5727=CARTESIAN_POINT('',(0.01,-0.0107105660592506,0.0143457866572274));
#5728=CARTESIAN_POINT('',(0.01,-0.0107398833274141,0.0144059822627363));
#5729=CARTESIAN_POINT('',(0.01,-0.0107709502128505,0.0144731498739955));
#5730=CARTESIAN_POINT('',(0.01,-0.0108034977534934,0.0145473800474558));
#5731=CARTESIAN_POINT('',(0.01,-0.010837254929514,0.0146287565276799));
#5732=CARTESIAN_POINT('',(0.01,-0.0108719477876518,0.014717354693969));
#5733=CARTESIAN_POINT('',(0.01,-0.0109072999644565,0.0148132419064142));
#5734=CARTESIAN_POINT('',(0.01,-0.0109430328118613,0.0149164773156063));
#5735=CARTESIAN_POINT('',(0.01,-0.0109788656388787,0.0150271118334323));
#5736=CARTESIAN_POINT('',(0.01,-0.0110145159235868,0.0151451880648303));
#5737=CARTESIAN_POINT('',(0.01,-0.0110496995324018,0.0152707402610486));
#5738=CARTESIAN_POINT('',(0.01,-0.0110841309516897,0.0154037942618058));
#5739=CARTESIAN_POINT('',(0.01,-0.0111175234688643,0.0155443674953926));
#5740=CARTESIAN_POINT('',(0.01,-0.011149589557721,0.0156924687851412));
#5741=CARTESIAN_POINT('',(0.01,-0.0111800404782277,0.0158480989311783));
#5742=CARTESIAN_POINT('',(0.01,-0.01120858891444,0.0160112483259014));
#5743=CARTESIAN_POINT('',(0.01,-0.0112349399014176,0.0161819060343812));
#5744=CARTESIAN_POINT('',(0.01,-0.0112588268501649,0.0163600247547491));
#5745=CARTESIAN_POINT('',(0.01,-0.0112798741358843,0.0165456554838019));
#5746=CARTESIAN_POINT('',(0.01,-0.011293930655371,0.0166941200110278));
#5747=CARTESIAN_POINT('',(0.01,-0.0113006714705961,0.0167808922094163));
#5748=CARTESIAN_POINT('',(0.01,-0.0113022827821904,0.0168024076819783));
#5749=CARTESIAN_POINT('',(0.01,-0.0113022827821904,0.0168024076819783));
#5750=CARTESIAN_POINT('',(0.01,1.87042167344994E-17,-1.63145431354517E-17));
#5751=CARTESIAN_POINT('',(0.01,-0.0103909950611476,0.0173807284553671));
#5752=CARTESIAN_POINT('',(0.01,-0.00790829728243299,0.0149071948767252));
#5753=CARTESIAN_POINT('',(0.01,-0.00807176443230013,0.0152159970253239));
#5754=CARTESIAN_POINT('',(0.01,-0.0082546679460186,0.0155615159755744));
#5755=CARTESIAN_POINT('',(0.01,-0.00826344705776137,0.0155759264831982));
#5756=CARTESIAN_POINT('',(0.01,-0.00827360359045461,0.0155931547245203));
#5757=CARTESIAN_POINT('',(0.01,-0.00828625648175944,0.0156133385960523));
#5758=CARTESIAN_POINT('',(0.01,-0.00830370508748656,0.0156401426845372));
#5759=CARTESIAN_POINT('',(0.01,-0.00832547925849547,0.0156721084348127));
#5760=CARTESIAN_POINT('',(0.01,-0.0083520253496746,0.0157094753354363));
#5761=CARTESIAN_POINT('',(0.01,-0.0083834936360556,0.0157519376832398));
#5762=CARTESIAN_POINT('',(0.01,-0.00842011862739678,0.0157993487974923));
#5763=CARTESIAN_POINT('',(0.01,-0.00846210255403154,0.0158515058970999));
#5764=CARTESIAN_POINT('',(0.01,-0.00850964998927616,0.0159082146334167));
#5765=CARTESIAN_POINT('',(0.01,-0.00856295738953509,0.0159692701993503));
#5766=CARTESIAN_POINT('',(0.01,-0.00862221592378509,0.0160344630255285));
#5767=CARTESIAN_POINT('',(0.01,-0.00868761044088206,0.0161035773265754));
#5768=CARTESIAN_POINT('',(0.01,-0.00875931955989285,0.016176391721897));
#5769=CARTESIAN_POINT('',(0.01,-0.00883751544444862,0.0162526792682808));
#5770=CARTESIAN_POINT('',(0.01,-0.00892236367341186,0.016332207666155));
#5771=CARTESIAN_POINT('',(0.01,-0.00901402308886693,0.0164147394223423));
#5772=CARTESIAN_POINT('',(0.01,-0.00911264566046579,0.0165000320285618));
#5773=CARTESIAN_POINT('',(0.01,-0.00921837633447772,0.0165878381463705));
#5774=CARTESIAN_POINT('',(0.01,-0.00933135295677354,0.0166779057710697));
#5775=CARTESIAN_POINT('',(0.01,-0.00945170593364655,0.0167699784979631));
#5776=CARTESIAN_POINT('',(0.01,-0.00957955892859931,0.0168637954079358));
#5777=CARTESIAN_POINT('',(0.01,-0.0097150255815924,0.0169590924390308));
#5778=CARTESIAN_POINT('',(0.01,-0.00985822158836942,0.017055598043124));
#5779=CARTESIAN_POINT('',(0.01,-0.0100092176569937,0.0171530508631241));
#5780=CARTESIAN_POINT('',(0.01,-0.0101682198640067,0.0172511327369329));
#5781=CARTESIAN_POINT('',(0.01,-0.0102965696096633,0.0173270645772527));
#5782=CARTESIAN_POINT('',(0.01,-0.0103722133426361,0.0173701096543814));
#5783=CARTESIAN_POINT('',(0.01,-0.0103909950611476,0.0173807284553671));
#5784=CARTESIAN_POINT('',(0.01,-0.00816992164904642,0.0154011052426212));
#5785=CARTESIAN_POINT('',(0.01,-0.00766795325701263,0.0156674892810523));
#5786=CARTESIAN_POINT('',(0.01,-0.00741814456907953,0.0151570695107014));
#5787=CARTESIAN_POINT('',(0.01,-3.66229281312971E-16,8.16064667773172E-16));
#5788=CARTESIAN_POINT('',(0.01,-0.00695021947191332,0.0153772583477106));
#5789=CARTESIAN_POINT('',(0.01,-0.00718427061380703,0.0158950930563872));
#5790=CARTESIAN_POINT('',(0.01,-0.00665905148935385,0.0161120667733219));
#5791=CARTESIAN_POINT('',(0.01,-0.00644525265926897,0.0155956514182058));
#5792=CARTESIAN_POINT('',(0.01,-0.00657899092130077,0.01591844291954));
#5793=CARTESIAN_POINT('',(0.01,-0.00672863076064524,0.0162796145668127));
#5794=CARTESIAN_POINT('',(0.01,-0.00673413823117098,0.0162955645919343));
#5795=CARTESIAN_POINT('',(0.01,-0.00674093880166806,0.0163143720291949));
#5796=CARTESIAN_POINT('',(0.01,-0.00674842548551653,0.0163369869334252));
#5797=CARTESIAN_POINT('',(0.01,-0.00675795623077657,0.0163675168842295));
#5798=CARTESIAN_POINT('',(0.01,-0.00676870688572113,0.0164046699074183));
#5799=CARTESIAN_POINT('',(0.01,-0.00678057746214151,0.0164489425810958));
#5800=CARTESIAN_POINT('',(0.01,-0.00679323662278791,0.0165002558316309));
#5801=CARTESIAN_POINT('',(0.01,-0.006806421866069,0.0165586968540811));
#5802=CARTESIAN_POINT('',(0.01,-0.00681984804000064,0.0166242922120625));
#5803=CARTESIAN_POINT('',(0.01,-0.00683323499643782,0.0166970756495351));
#5804=CARTESIAN_POINT('',(0.01,-0.00684629970277868,0.0167770679898064));
#5805=CARTESIAN_POINT('',(0.01,-0.00685875882735462,0.0168642829465589));
#5806=CARTESIAN_POINT('',(0.01,-0.00687032827758088,0.0169587254015091));
#5807=CARTESIAN_POINT('',(0.01,-0.00688072362069963,0.0170603918697117));
#5808=CARTESIAN_POINT('',(0.01,-0.00688966025273173,0.0171692703464766));
#5809=CARTESIAN_POINT('',(0.01,-0.00689685363984169,0.0172853403391901));
#5810=CARTESIAN_POINT('',(0.01,-0.00690201954063617,0.0174085728539333));
#5811=CARTESIAN_POINT('',(0.01,-0.00690487423017133,0.0175389304047393));
#5812=CARTESIAN_POINT('',(0.01,-0.00690513473867218,0.0176763670151711));
#5813=CARTESIAN_POINT('',(0.01,-0.00690251902691613,0.017820828263457));
#5814=CARTESIAN_POINT('',(0.01,-0.00689674640758936,0.0179722511908685));
#5815=CARTESIAN_POINT('',(0.01,-0.00688753701297562,0.018130564765669));
#5816=CARTESIAN_POINT('',(0.01,-0.00687461494300276,0.0182956882295264));
#5817=CARTESIAN_POINT('',(0.01,-0.00685769721900271,0.0184675376362549));
#5818=CARTESIAN_POINT('',(0.01,-0.00683653739085982,0.0186460008720737));
#5819=CARTESIAN_POINT('',(0.01,-0.00681075895233268,0.018831033917533));
#5820=CARTESIAN_POINT('',(0.01,-0.00678745223388777,0.0189783298728739));
#5821=CARTESIAN_POINT('',(0.01,-0.00677240190578075,0.0190640523356649));
#5822=CARTESIAN_POINT('',(0.01,-0.00676861191461466,0.0190852925769907));
#5823=CARTESIAN_POINT('',(0.01,-0.00676861191461466,0.0190852925769907));
#5824=CARTESIAN_POINT('',(0.01,1.87042167344994E-17,-1.63145431354517E-17));
#5825=CARTESIAN_POINT('',(0.01,-0.0057421314451901,0.0194188162993052));
#5826=CARTESIAN_POINT('',(0.01,-0.00395257496912662,0.0164055714960934));
#5827=CARTESIAN_POINT('',(0.01,-0.00403411052639433,0.0167453246844021));
#5828=CARTESIAN_POINT('',(0.01,-0.0041253407211422,0.0171254747756543));
#5829=CARTESIAN_POINT('',(0.01,-0.00413026027343096,0.0171416158269907));
#5830=CARTESIAN_POINT('',(0.01,-0.00413581323058265,0.0171608286384006));
#5831=CARTESIAN_POINT('',(0.01,-0.00414304908330626,0.0171835250426038));
#5832=CARTESIAN_POINT('',(0.01,-0.00415328360325785,0.0172138263231491));
#5833=CARTESIAN_POINT('',(0.01,-0.00416642413981546,0.0172502028267301));
#5834=CARTESIAN_POINT('',(0.01,-0.00418284346642556,0.0172929975218778));
#5835=CARTESIAN_POINT('',(0.01,-0.00420276316223977,0.0173419516815315));
#5836=CARTESIAN_POINT('',(0.01,-0.0042264468474755,0.0173969815534109));
#5837=CARTESIAN_POINT('',(0.01,-0.00425414082863572,0.0174579410198017));
#5838=CARTESIAN_POINT('',(0.01,-0.00428609158453264,0.017524692713193));
#5839=CARTESIAN_POINT('',(0.01,-0.00432254033298416,0.017597087117605));
#5840=CARTESIAN_POINT('',(0.01,-0.00436372435482567,0.0176749687894636));
#5841=CARTESIAN_POINT('',(0.01,-0.00440987635518709,0.017758174692729));
#5842=CARTESIAN_POINT('',(0.01,-0.00446122439660381,0.0178465348226407));
#5843=CARTESIAN_POINT('',(0.01,-0.00451799167235183,0.0179398721811788));
#5844=CARTESIAN_POINT('',(0.01,-0.00458039632988347,0.0180380029446782));
#5845=CARTESIAN_POINT('',(0.01,-0.0046486512831184,0.0181407365836668));
#5846=CARTESIAN_POINT('',(0.01,-0.00472296403665954,0.0182478760020226));
#5847=CARTESIAN_POINT('',(0.01,-0.00480353649359203,0.0183592176785661));
#5848=CARTESIAN_POINT('',(0.01,-0.00489056484012531,0.0184745518066636));
#5849=CARTESIAN_POINT('',(0.01,-0.00498423915085416,0.0185936624677701));
#5850=CARTESIAN_POINT('',(0.01,-0.00508474409210997,0.0187163276938874));
#5851=CARTESIAN_POINT('',(0.01,-0.00519225540318337,0.0188423199801591));
#5852=CARTESIAN_POINT('',(0.01,-0.00530695267629576,0.018971405082006));
#5853=CARTESIAN_POINT('',(0.01,-0.00542896939495212,0.0191033474377312));
#5854=CARTESIAN_POINT('',(0.01,-0.00555858428511675,0.0192378901300353));
#5855=CARTESIAN_POINT('',(0.01,-0.00566401820669353,0.0193433557157275));
#5856=CARTESIAN_POINT('',(0.01,-0.00572658057732175,0.0194038602840217));
#5857=CARTESIAN_POINT('',(0.01,-0.0057421314451901,0.0194188162993052));
#5858=CARTESIAN_POINT('',(0.01,-0.00569514985123182,0.019373335379053));
#5859=CARTESIAN_POINT('',(0.01,-0.305147022494766,0.0375));
#5860=CARTESIAN_POINT('',(0.01,-0.0075,-1.24041911961414E-17));
#5861=CARTESIAN_POINT('',(0.01,5.14757278104916E-20,8.94641241901418E-19));
#5862=CARTESIAN_POINT('',(0.01,1.87042167344994E-17,-1.63145431354517E-17));
#5863=CARTESIAN_POINT('',(0.01,-0.0174789281763238,0.010224948401186));
#5864=CARTESIAN_POINT('',(0.022,-0.0174789281763238,0.010224948401186));
#5865=CARTESIAN_POINT('',(0.01,-0.0179988875363262,0.00927914583648103));
#5866=CARTESIAN_POINT('',(0.022,-0.0179988875363262,0.00927914583648103));
#5867=CARTESIAN_POINT('',(0.022,1.87042167344994E-17,-1.63145431354517E-17));
#5868=CARTESIAN_POINT('',(0.01,1.87042167344994E-17,-1.63145431354517E-17));
#5869=CARTESIAN_POINT('',(0.01,-0.0151257896556728,0.0134637657173742));
#5870=CARTESIAN_POINT('',(0.022,-0.0151257896556728,0.0134637657173742));
#5871=CARTESIAN_POINT('',(0.022,1.87042167344994E-17,-1.63145431354517E-17));
#5872=CARTESIAN_POINT('',(0.022,-0.0143869542420065,0.0142505455207304));
#5873=CARTESIAN_POINT('',(0.01,-0.0143869542420065,0.0142505455207304));
#5874=CARTESIAN_POINT('',(0.01,1.87042167344994E-17,-1.63145431354517E-17));
#5875=CARTESIAN_POINT('',(0.01,-0.0194726367703213,0.0055568801688653));
#5876=CARTESIAN_POINT('',(0.022,-0.0194726367703213,0.0055568801688653));
#5877=CARTESIAN_POINT('',(0.01,-0.0197410491177942,0.00451148309637051));
#5878=CARTESIAN_POINT('',(0.022,-0.0197410491177942,0.00451148309637051));
#5879=CARTESIAN_POINT('',(0.022,1.87042167344994E-17,-1.63145431354517E-17));
#5880=CARTESIAN_POINT('',(0.01,1.87042167344994E-17,-1.63145431354517E-17));
#5881=CARTESIAN_POINT('',(0.01,-0.0202428079806912,0.000539652718759134));
#5882=CARTESIAN_POINT('',(0.022,-0.0202428079806912,0.000539652718759134));
#5883=CARTESIAN_POINT('',(0.01,-0.0202428079806912,-0.00053965271875916));
#5884=CARTESIAN_POINT('',(0.022,-0.0202428079806912,-0.00053965271875916));
#5885=CARTESIAN_POINT('',(0.022,1.87042167344994E-17,-1.63145431354517E-17));
#5886=CARTESIAN_POINT('',(0.01,1.87042167344994E-17,-1.63145431354517E-17));
#5887=CARTESIAN_POINT('',(0.01,-0.0197410491177942,-0.00451148309637054));
#5888=CARTESIAN_POINT('',(0.022,-0.0197410491177942,-0.00451148309637054));
#5889=CARTESIAN_POINT('',(0.01,-0.0194726367703213,-0.00555688016886533));
#5890=CARTESIAN_POINT('',(0.022,-0.0194726367703213,-0.00555688016886533));
#5891=CARTESIAN_POINT('',(0.022,1.87042167344994E-17,-1.63145431354517E-17));
#5892=CARTESIAN_POINT('',(0.01,1.87042167344994E-17,-1.63145431354517E-17));
#5893=CARTESIAN_POINT('',(0.01,-0.0179988875363262,-0.00927914583648106));
#5894=CARTESIAN_POINT('',(0.022,-0.0179988875363262,-0.00927914583648106));
#5895=CARTESIAN_POINT('',(0.01,-0.0174789281763238,-0.010224948401186));
#5896=CARTESIAN_POINT('',(0.022,-0.0174789281763238,-0.010224948401186));
#5897=CARTESIAN_POINT('',(0.022,1.87042167344994E-17,-1.63145431354517E-17));
#5898=CARTESIAN_POINT('',(0.01,1.87042167344994E-17,-1.63145431354517E-17));
#5899=CARTESIAN_POINT('',(0.01,-0.0113022827821904,-0.0168024076819783));
#5900=CARTESIAN_POINT('',(0.022,-0.0113022827821904,-0.0168024076819783));
#5901=CARTESIAN_POINT('',(0.01,-0.0103909950611476,-0.0173807284553671));
#5902=CARTESIAN_POINT('',(0.022,-0.0103909950611476,-0.0173807284553671));
#5903=CARTESIAN_POINT('',(0.022,1.87042167344994E-17,-1.63145431354517E-17));
#5904=CARTESIAN_POINT('',(0.01,1.87042167344994E-17,-1.63145431354517E-17));
#5905=CARTESIAN_POINT('',(0.01,-0.0143869542420065,-0.0142505455207304));
#5906=CARTESIAN_POINT('',(0.022,-0.0143869542420065,-0.0142505455207304));
#5907=CARTESIAN_POINT('',(0.022,1.87042167344994E-17,-1.63145431354517E-17));
#5908=CARTESIAN_POINT('',(0.022,-0.0151257896556728,-0.0134637657173743));
#5909=CARTESIAN_POINT('',(0.01,-0.0151257896556728,-0.0134637657173743));
#5910=CARTESIAN_POINT('',(0.01,1.87042167344994E-17,-1.63145431354517E-17));
#5911=CARTESIAN_POINT('',(0.01,-0.00676861191461467,-0.0190852925769907));
#5912=CARTESIAN_POINT('',(0.022,-0.00676861191461467,-0.0190852925769907));
#5913=CARTESIAN_POINT('',(0.01,-0.0057421314451901,-0.0194188162993052));
#5914=CARTESIAN_POINT('',(0.022,-0.0057421314451901,-0.0194188162993052));
#5915=CARTESIAN_POINT('',(0.022,1.87042167344994E-17,-1.63145431354517E-17));
#5916=CARTESIAN_POINT('',(0.01,1.87042167344994E-17,-1.63145431354517E-17));
#5917=CARTESIAN_POINT('',(0.01,-0.00180964426723033,-0.0201689783485947));
#5918=CARTESIAN_POINT('',(0.022,-0.00180964426723033,-0.0201689783485947));
#5919=CARTESIAN_POINT('',(0.01,-0.000732468592449101,-0.0202367484977473));
#5920=CARTESIAN_POINT('',(0.022,-0.000732468592449101,-0.0202367484977473));
#5921=CARTESIAN_POINT('',(0.022,1.87042167344994E-17,-1.63145431354517E-17));
#5922=CARTESIAN_POINT('',(0.01,1.87042167344994E-17,-1.63145431354517E-17));
#5923=CARTESIAN_POINT('',(0.01,0.00326302998487015,-0.0199853730342428));
#5924=CARTESIAN_POINT('',(0.022,0.00326302998487015,-0.0199853730342428));
#5925=CARTESIAN_POINT('',(0.01,0.00432321795578653,-0.0197831313625211));
#5926=CARTESIAN_POINT('',(0.022,0.00432321795578653,-0.0197831313625211));
#5927=CARTESIAN_POINT('',(0.022,1.87042167344994E-17,-1.63145431354517E-17));
#5928=CARTESIAN_POINT('',(0.01,1.87042167344994E-17,-1.63145431354517E-17));
#5929=CARTESIAN_POINT('',(0.01,0.00813067606243642,-0.0185460132310889));
#5930=CARTESIAN_POINT('',(0.022,0.00813067606243642,-0.0185460132310889));
#5931=CARTESIAN_POINT('',(0.01,0.00910726082017664,-0.01808646732652));
#5932=CARTESIAN_POINT('',(0.022,0.00910726082017664,-0.01808646732652));
#5933=CARTESIAN_POINT('',(0.022,1.87042167344994E-17,-1.63145431354517E-17));
#5934=CARTESIAN_POINT('',(0.01,1.87042167344994E-17,-1.63145431354517E-17));
#5935=CARTESIAN_POINT('',(0.01,0.020015550973286,-0.00307249397652663));
#5936=CARTESIAN_POINT('',(0.022,0.020015550973286,-0.00307249397652663));
#5937=CARTESIAN_POINT('',(0.01,0.0201508238137737,-0.00200169918475607));
#5938=CARTESIAN_POINT('',(0.022,0.0201508238137737,-0.00200169918475607));
#5939=CARTESIAN_POINT('',(0.022,1.87042167344994E-17,-1.63145431354517E-17));
#5940=CARTESIAN_POINT('',(0.01,1.87042167344994E-17,-1.63145431354517E-17));
#5941=CARTESIAN_POINT('',(0.01,0.0190199462844961,-0.00695011822452588));
#5942=CARTESIAN_POINT('',(0.022,0.0190199462844961,-0.00695011822452588));
#5943=CARTESIAN_POINT('',(0.022,1.87042167344994E-17,-1.63145431354517E-17));
#5944=CARTESIAN_POINT('',(0.022,0.0186226274530995,-0.00795363104142173));
#5945=CARTESIAN_POINT('',(0.01,0.0186226274530995,-0.00795363104142173));
#5946=CARTESIAN_POINT('',(0.01,1.87042167344994E-17,-1.63145431354517E-17));
#5947=CARTESIAN_POINT('',(0.01,0.012487441860465,-0.0159413392091602));
#5948=CARTESIAN_POINT('',(0.022,0.012487441860465,-0.0159413392091602));
#5949=CARTESIAN_POINT('',(0.01,0.0133190609930727,-0.0152533640310198));
#5950=CARTESIAN_POINT('',(0.022,0.0133190609930727,-0.0152533640310198));
#5951=CARTESIAN_POINT('',(0.022,1.87042167344994E-17,-1.63145431354517E-17));
#5952=CARTESIAN_POINT('',(0.01,1.87042167344994E-17,-1.63145431354517E-17));
#5953=CARTESIAN_POINT('',(0.01,0.0166939755796942,-0.0114618357755019));
#5954=CARTESIAN_POINT('',(0.022,0.0166939755796942,-0.0114618357755019));
#5955=CARTESIAN_POINT('',(0.022,1.87042167344994E-17,-1.63145431354517E-17));
#5956=CARTESIAN_POINT('',(0.022,0.0160595757608019,-0.0123350122165755));
#5957=CARTESIAN_POINT('',(0.01,0.0160595757608019,-0.0123350122165755));
#5958=CARTESIAN_POINT('',(0.01,1.87042167344994E-17,-1.63145431354517E-17));
#5959=CARTESIAN_POINT('',(0.01,-0.0113022827821904,0.0168024076819783));
#5960=CARTESIAN_POINT('',(0.022,-0.0113022827821904,0.0168024076819783));
#5961=CARTESIAN_POINT('',(0.022,1.87042167344994E-17,-1.63145431354517E-17));
#5962=CARTESIAN_POINT('',(0.022,-0.0103909950611476,0.0173807284553671));
#5963=CARTESIAN_POINT('',(0.01,-0.0103909950611476,0.0173807284553671));
#5964=CARTESIAN_POINT('',(0.01,1.87042167344994E-17,-1.63145431354517E-17));
#5965=CARTESIAN_POINT('',(0.01,-0.00676861191461466,0.0190852925769907));
#5966=CARTESIAN_POINT('',(0.022,-0.00676861191461466,0.0190852925769907));
#5967=CARTESIAN_POINT('',(0.022,1.87042167344994E-17,-1.63145431354517E-17));
#5968=CARTESIAN_POINT('',(0.022,-0.0057421314451901,0.0194188162993052));
#5969=CARTESIAN_POINT('',(0.01,-0.0057421314451901,0.0194188162993052));
#5970=CARTESIAN_POINT('',(0.01,1.87042167344994E-17,-1.63145431354517E-17));
#5971=CARTESIAN_POINT('',(0.01,1.87042167344994E-17,-1.63145431354517E-17));
#5972=CARTESIAN_POINT('',(0.01,-0.00180964426723033,0.0201689783485947));
#5973=CARTESIAN_POINT('',(0.01,-0.000732468592449091,0.0202367484977473));
#5974=CARTESIAN_POINT('',(0.01,-0.00180964426723033,0.0201689783485947));
#5975=CARTESIAN_POINT('',(0.022,-0.00180964426723033,0.0201689783485947));
#5976=CARTESIAN_POINT('',(0.022,1.87042167344994E-17,-1.63145431354517E-17));
#5977=CARTESIAN_POINT('',(0.022,-0.000732468592449092,0.0202367484977473));
#5978=CARTESIAN_POINT('',(0.01,-0.000732468592449092,0.0202367484977473));
#5979=CARTESIAN_POINT('',(0.01,1.87042167344994E-17,-1.63145431354517E-17));
#5980=CARTESIAN_POINT('',(0.01,1.87042167344994E-17,-1.63145431354517E-17));
#5981=CARTESIAN_POINT('',(0.01,0.00326302998487016,0.0199853730342428));
#5982=CARTESIAN_POINT('',(0.01,0.00432321795578652,0.0197831313625211));
#5983=CARTESIAN_POINT('',(0.01,0.00326302998487016,0.0199853730342428));
#5984=CARTESIAN_POINT('',(0.022,0.00326302998487016,0.0199853730342428));
#5985=CARTESIAN_POINT('',(0.022,1.87042167344994E-17,-1.63145431354517E-17));
#5986=CARTESIAN_POINT('',(0.022,0.00432321795578652,0.0197831313625211));
#5987=CARTESIAN_POINT('',(0.01,0.00432321795578652,0.0197831313625211));
#5988=CARTESIAN_POINT('',(0.01,1.87042167344994E-17,-1.63145431354517E-17));
#5989=CARTESIAN_POINT('',(0.01,0.0190199462844961,0.00695011822452585));
#5990=CARTESIAN_POINT('',(0.022,0.0190199462844961,0.00695011822452585));
#5991=CARTESIAN_POINT('',(0.01,0.0186226274530995,0.0079536310414217));
#5992=CARTESIAN_POINT('',(0.022,0.0186226274530995,0.0079536310414217));
#5993=CARTESIAN_POINT('',(0.022,1.87042167344994E-17,-1.63145431354517E-17));
#5994=CARTESIAN_POINT('',(0.01,1.87042167344994E-17,-1.63145431354517E-17));
#5995=CARTESIAN_POINT('',(0.01,0.0166939755796942,0.0114618357755019));
#5996=CARTESIAN_POINT('',(0.022,0.0166939755796942,0.0114618357755019));
#5997=CARTESIAN_POINT('',(0.01,0.0160595757608019,0.0123350122165754));
#5998=CARTESIAN_POINT('',(0.022,0.0160595757608019,0.0123350122165754));
#5999=CARTESIAN_POINT('',(0.022,1.87042167344994E-17,-1.63145431354517E-17));
#6000=CARTESIAN_POINT('',(0.01,1.87042167344994E-17,-1.63145431354517E-17));
#6001=CARTESIAN_POINT('',(0.01,0.00813067606243641,0.0185460132310889));
#6002=CARTESIAN_POINT('',(0.022,0.00813067606243641,0.0185460132310889));
#6003=CARTESIAN_POINT('',(0.022,1.87042167344994E-17,-1.63145431354517E-17));
#6004=CARTESIAN_POINT('',(0.022,0.00910726082017665,0.01808646732652));
#6005=CARTESIAN_POINT('',(0.01,0.00910726082017665,0.01808646732652));
#6006=CARTESIAN_POINT('',(0.01,1.87042167344994E-17,-1.63145431354517E-17));
#6007=CARTESIAN_POINT('',(0.01,0.012487441860465,0.0159413392091602));
#6008=CARTESIAN_POINT('',(0.022,0.012487441860465,0.0159413392091602));
#6009=CARTESIAN_POINT('',(0.022,1.87042167344994E-17,-1.63145431354517E-17));
#6010=CARTESIAN_POINT('',(0.022,0.0133190609930727,0.0152533640310198));
#6011=CARTESIAN_POINT('',(0.01,0.0133190609930727,0.0152533640310198));
#6012=CARTESIAN_POINT('',(0.01,1.87042167344994E-17,-1.63145431354517E-17));
#6013=CARTESIAN_POINT('',(0.01,0.020015550973286,0.00307249397652659));
#6014=CARTESIAN_POINT('',(0.022,0.020015550973286,0.00307249397652659));
#6015=CARTESIAN_POINT('',(0.022,1.87042167344994E-17,-1.63145431354517E-17));
#6016=CARTESIAN_POINT('',(0.022,0.0201508238137737,0.00200169918475604));
#6017=CARTESIAN_POINT('',(0.01,0.0201508238137737,0.00200169918475604));
#6018=CARTESIAN_POINT('',(0.01,0.0174139201135603,0.000834894445076453));
#6019=CARTESIAN_POINT('',(0.022,0.0174139201135603,0.000834894445076453));
#6020=CARTESIAN_POINT('',(0.01,0.0174907695402557,0.000838591097166776));
#6021=CARTESIAN_POINT('',(0.022,0.0174907695402557,0.000838591097166776));
#6022=CARTESIAN_POINT('',(0.01,0.0176103129022838,0.000844465731878092));
#6023=CARTESIAN_POINT('',(0.022,0.0176103129022838,0.000844465731878092));
#6024=CARTESIAN_POINT('',(0.01,0.0176215793494399,0.000845973386227208));
#6025=CARTESIAN_POINT('',(0.022,0.0176215793494399,0.000845973386227208));
#6026=CARTESIAN_POINT('',(0.01,0.0177194462394381,0.000857922370539274));
#6027=CARTESIAN_POINT('',(0.022,0.0177194462394381,0.000857922370539274));
#6028=CARTESIAN_POINT('',(0.01,0.0178353154061259,0.000880885187412944));
#6029=CARTESIAN_POINT('',(0.022,0.0178353154061259,0.000880885187412944));
#6030=CARTESIAN_POINT('',(0.01,0.0180198334900482,0.000924818399701186));
#6031=CARTESIAN_POINT('',(0.022,0.0180198334900482,0.000924818399701186));
#6032=CARTESIAN_POINT('',(0.01,0.0182776583158317,0.00100301082990349));
#6033=CARTESIAN_POINT('',(0.022,0.0182776583158317,0.00100301082990349));
#6034=CARTESIAN_POINT('',(0.01,0.0186197365424155,0.00113312979774235));
#6035=CARTESIAN_POINT('',(0.022,0.0186197365424155,0.00113312979774235));
#6036=CARTESIAN_POINT('',(0.01,0.0189836262108016,0.00129837613426384));
#6037=CARTESIAN_POINT('',(0.022,0.0189836262108016,0.00129837613426384));
#6038=CARTESIAN_POINT('',(0.01,0.019489746141283,0.001564618580649));
#6039=CARTESIAN_POINT('',(0.022,0.019489746141283,0.001564618580649));
#6040=CARTESIAN_POINT('',(0.01,0.0198850356259443,0.00181339177260099));
#6041=CARTESIAN_POINT('',(0.022,0.0198850356259443,0.00181339177260099));
#6042=CARTESIAN_POINT('',(0.01,0.0201508238137737,0.00200169918475604));
#6043=CARTESIAN_POINT('',(0.022,0.0201508238137737,0.00200169918475604));
#6044=CARTESIAN_POINT('',(0.022,0.0168556224152441,0.000808466446254344));
#6045=CARTESIAN_POINT('',(0.022,0.0172046358804205,0.0008248943855795));
#6046=CARTESIAN_POINT('',(0.022,0.0175951473022426,0.000843275618923123));
#6047=CARTESIAN_POINT('',(0.022,0.0176119242833588,0.000845083500997443));
#6048=CARTESIAN_POINT('',(0.022,0.0176318373034684,0.000846937978152504));
#6049=CARTESIAN_POINT('',(0.022,0.01765548755555,0.000849792781975111));
#6050=CARTESIAN_POINT('',(0.022,0.0176871698749131,0.000854168126658662));
#6051=CARTESIAN_POINT('',(0.022,0.0177253643416213,0.000860259631125902));
#6052=CARTESIAN_POINT('',(0.022,0.0177704777000685,0.000868369200086487));
#6053=CARTESIAN_POINT('',(0.022,0.0178222973257544,0.000878762968532811));
#6054=CARTESIAN_POINT('',(0.022,0.0178807903473844,0.000891715580855908));
#6055=CARTESIAN_POINT('',(0.022,0.0179458593886273,0.000907496360522745));
#6056=CARTESIAN_POINT('',(0.022,0.018017415700652,0.000926373160632966));
#6057=CARTESIAN_POINT('',(0.022,0.0180953576155298,0.000948610942874547));
#6058=CARTESIAN_POINT('',(0.022,0.0181795769050146,0.000974471912408181));
#6059=CARTESIAN_POINT('',(0.022,0.018269957025476,0.00100421520242367));
#6060=CARTESIAN_POINT('',(0.022,0.0183663737180631,0.00103809669155738));
#6061=CARTESIAN_POINT('',(0.022,0.0184686949421268,0.00107636878584044));
#6062=CARTESIAN_POINT('',(0.022,0.0185767810067812,0.00111928021385402));
#6063=CARTESIAN_POINT('',(0.022,0.0186904846534448,0.00116707581988993));
#6064=CARTESIAN_POINT('',(0.022,0.0188096511595952,0.00121999636520447));
#6065=CARTESIAN_POINT('',(0.022,0.0189341184418381,0.00127827831269025));
#6066=CARTESIAN_POINT('',(0.022,0.0190637171714218,0.00134215368740238));
#6067=CARTESIAN_POINT('',(0.022,0.0191982708707398,0.00141184965629281));
#6068=CARTESIAN_POINT('',(0.022,0.0193375961064775,0.00148758920739981));
#6069=CARTESIAN_POINT('',(0.022,0.0194815023337741,0.00156958759734711));
#6070=CARTESIAN_POINT('',(0.022,0.0196297931093926,0.00165806513034123));
#6071=CARTESIAN_POINT('',(0.022,0.0197822620563957,0.00175319706538781));
#6072=CARTESIAN_POINT('',(0.022,0.0199387090362338,0.00185530533294927));
#6073=CARTESIAN_POINT('',(0.022,0.0200620628832768,0.0019391094498179));
#6074=CARTESIAN_POINT('',(0.022,0.0201332187685749,0.00198922624331597));
#6075=CARTESIAN_POINT('',(0.022,0.0201508238137737,0.00200169918475604));
#6076=CARTESIAN_POINT('',(0.022,0.0174139201132731,0.000834894445062633));
#6077=CARTESIAN_POINT('',(0.01,0.0174139201132731,0.000834894445062637));
#6078=CARTESIAN_POINT('',(0.01,0.0174139201135603,-0.000834894445076483));
#6079=CARTESIAN_POINT('',(0.022,0.0174139201135603,-0.000834894445076483));
#6080=CARTESIAN_POINT('',(0.01,0.0174907695402557,-0.000838591097166806));
#6081=CARTESIAN_POINT('',(0.022,0.0174907695402557,-0.000838591097166806));
#6082=CARTESIAN_POINT('',(0.01,0.0176103129022838,-0.000844465731878122));
#6083=CARTESIAN_POINT('',(0.022,0.0176103129022838,-0.000844465731878122));
#6084=CARTESIAN_POINT('',(0.01,0.0176215793494399,-0.000845973386227238));
#6085=CARTESIAN_POINT('',(0.022,0.0176215793494399,-0.000845973386227238));
#6086=CARTESIAN_POINT('',(0.01,0.0177194462394381,-0.000857922370539304));
#6087=CARTESIAN_POINT('',(0.022,0.0177194462394381,-0.000857922370539304));
#6088=CARTESIAN_POINT('',(0.01,0.0178353154061259,-0.000880885187412974));
#6089=CARTESIAN_POINT('',(0.022,0.0178353154061259,-0.000880885187412974));
#6090=CARTESIAN_POINT('',(0.01,0.0180198334900482,-0.000924818399701216));
#6091=CARTESIAN_POINT('',(0.022,0.0180198334900482,-0.000924818399701216));
#6092=CARTESIAN_POINT('',(0.01,0.0182776583158317,-0.00100301082990352));
#6093=CARTESIAN_POINT('',(0.022,0.0182776583158317,-0.00100301082990352));
#6094=CARTESIAN_POINT('',(0.01,0.0186197365424155,-0.00113312979774238));
#6095=CARTESIAN_POINT('',(0.022,0.0186197365424155,-0.00113312979774238));
#6096=CARTESIAN_POINT('',(0.01,0.0189836262108016,-0.00129837613426388));
#6097=CARTESIAN_POINT('',(0.022,0.0189836262108016,-0.00129837613426388));
#6098=CARTESIAN_POINT('',(0.01,0.019489746141283,-0.00156461858064902));
#6099=CARTESIAN_POINT('',(0.022,0.019489746141283,-0.00156461858064902));
#6100=CARTESIAN_POINT('',(0.01,0.0198850356259443,-0.0018133917726011));
#6101=CARTESIAN_POINT('',(0.022,0.0198850356259443,-0.0018133917726011));
#6102=CARTESIAN_POINT('',(0.01,0.0201508238137737,-0.00200169918475607));
#6103=CARTESIAN_POINT('',(0.022,0.0201508238137737,-0.00200169918475607));
#6104=CARTESIAN_POINT('',(0.015,0.0174139201132732,-0.000834894445062668));
#6105=CARTESIAN_POINT('',(0.022,0.0174139201132731,-0.000834894445062664));
#6106=CARTESIAN_POINT('',(0.022,0.0168556224152441,-0.000808466446254375));
#6107=CARTESIAN_POINT('',(0.022,0.0172046358804205,-0.00082489438557953));
#6108=CARTESIAN_POINT('',(0.022,0.0175951473022426,-0.000843275618923153));
#6109=CARTESIAN_POINT('',(0.022,0.0176119242833588,-0.000845083500997473));
#6110=CARTESIAN_POINT('',(0.022,0.0176318373034684,-0.000846937978152534));
#6111=CARTESIAN_POINT('',(0.022,0.01765548755555,-0.000849792781975141));
#6112=CARTESIAN_POINT('',(0.022,0.0176871698749131,-0.000854168126658692));
#6113=CARTESIAN_POINT('',(0.022,0.0177253643416213,-0.000860259631125932));
#6114=CARTESIAN_POINT('',(0.022,0.0177704777000685,-0.000868369200086517));
#6115=CARTESIAN_POINT('',(0.022,0.0178222973257544,-0.000878762968532841));
#6116=CARTESIAN_POINT('',(0.022,0.0178807903473844,-0.000891715580855938));
#6117=CARTESIAN_POINT('',(0.022,0.0179458593886273,-0.000907496360522775));
#6118=CARTESIAN_POINT('',(0.022,0.018017415700652,-0.000926373160632996));
#6119=CARTESIAN_POINT('',(0.022,0.0180953576155298,-0.000948610942874577));
#6120=CARTESIAN_POINT('',(0.022,0.0181795769050146,-0.000974471912408211));
#6121=CARTESIAN_POINT('',(0.022,0.018269957025476,-0.0010042152024237));
#6122=CARTESIAN_POINT('',(0.022,0.0183663737180631,-0.00103809669155741));
#6123=CARTESIAN_POINT('',(0.022,0.0184686949421268,-0.00107636878584047));
#6124=CARTESIAN_POINT('',(0.022,0.0185767810067812,-0.00111928021385405));
#6125=CARTESIAN_POINT('',(0.022,0.0186904846534448,-0.00116707581988996));
#6126=CARTESIAN_POINT('',(0.022,0.0188096511595952,-0.0012199963652045));
#6127=CARTESIAN_POINT('',(0.022,0.0189341184418381,-0.00127827831269028));
#6128=CARTESIAN_POINT('',(0.022,0.0190637171714218,-0.00134215368740241));
#6129=CARTESIAN_POINT('',(0.022,0.0191982708707398,-0.00141184965629284));
#6130=CARTESIAN_POINT('',(0.022,0.0193375961064775,-0.00148758920739984));
#6131=CARTESIAN_POINT('',(0.022,0.0194815023337741,-0.00156958759734714));
#6132=CARTESIAN_POINT('',(0.022,0.0196297931093926,-0.00165806513034126));
#6133=CARTESIAN_POINT('',(0.022,0.0197822620563957,-0.00175319706538784));
#6134=CARTESIAN_POINT('',(0.022,0.0199387090362338,-0.00185530533294931));
#6135=CARTESIAN_POINT('',(0.022,0.0200620628832768,-0.00193910944981793));
#6136=CARTESIAN_POINT('',(0.022,0.0201332187685749,-0.00198922624331601));
#6137=CARTESIAN_POINT('',(0.022,0.0201508238137737,-0.00200169918475607));
#6138=CARTESIAN_POINT('',(0.01,9.34638212050253E-16,-2.06582294396154E-17));
#6139=CARTESIAN_POINT('',(0.01,0.0168730188687405,0.000258571566738029));
#6140=CARTESIAN_POINT('',(0.022,0.0168730188687405,0.000258571566738029));
#6141=CARTESIAN_POINT('',(0.022,9.34638212050253E-16,-2.06582294396154E-17));
#6142=CARTESIAN_POINT('',(0.022,0.0168730188687405,-0.00025857156673806));
#6143=CARTESIAN_POINT('',(0.01,0.0168730188687405,-0.00025857156673806));
#6144=CARTESIAN_POINT('',(0.0125,0.0174412238512425,0.000267279057300141));
#6145=CARTESIAN_POINT('',(0.022,0.0174412238512425,0.000267279057300141));
#6146=CARTESIAN_POINT('',(0.0125,0.0174412238512425,-0.000267279057300171));
#6147=CARTESIAN_POINT('',(0.022,0.0174412238512425,-0.000267279057300171));
#6148=CARTESIAN_POINT('',(0.01,0.0121226768670752,0.0125292604742802));
#6149=CARTESIAN_POINT('',(0.022,0.0121226768670752,0.0125292604742802));
#6150=CARTESIAN_POINT('',(0.01,0.0121761671556814,0.0125845622703172));
#6151=CARTESIAN_POINT('',(0.022,0.0121761671556814,0.0125845622703172));
#6152=CARTESIAN_POINT('',(0.01,0.0122592890520263,0.0126706777572286));
#6153=CARTESIAN_POINT('',(0.022,0.0122592890520263,0.0126706777572286));
#6154=CARTESIAN_POINT('',(0.01,0.0122664698781241,0.0126794892037449));
#6155=CARTESIAN_POINT('',(0.022,0.0122664698781241,0.0126794892037449));
#6156=CARTESIAN_POINT('',(0.01,0.0123296321279665,0.0127551941347524));
#6157=CARTESIAN_POINT('',(0.022,0.0123296321279665,0.0127551941347524));
#6158=CARTESIAN_POINT('',(0.01,0.0123983779855326,0.0128512512105731));
#6159=CARTESIAN_POINT('',(0.022,0.0123983779855326,0.0128512512105731));
#6160=CARTESIAN_POINT('',(0.01,0.0125028115265778,0.0130095884643736));
#6161=CARTESIAN_POINT('',(0.022,0.0125028115265778,0.0130095884643736));
#6162=CARTESIAN_POINT('',(0.01,0.0126372313341438,0.0132430815312196));
#6163=CARTESIAN_POINT('',(0.022,0.0126372313341438,0.0132430815312196));
#6164=CARTESIAN_POINT('',(0.01,0.0127975230665868,0.0135721028366157));
#6165=CARTESIAN_POINT('',(0.022,0.0127975230665868,0.0135721028366157));
#6166=CARTESIAN_POINT('',(0.01,0.012949668317252,0.0139416618511073));
#6167=CARTESIAN_POINT('',(0.022,0.012949668317252,0.0139416618511073));
#6168=CARTESIAN_POINT('',(0.00999999999999999,0.0131363583721372,0.0144822071754736));
#6169=CARTESIAN_POINT('',(0.022,0.0131363583721372,0.0144822071754736));
#6170=CARTESIAN_POINT('',(0.01,0.0132542150366219,0.0149341493004801));
#6171=CARTESIAN_POINT('',(0.022,0.0132542150366219,0.0149341493004801));
#6172=CARTESIAN_POINT('',(0.01,0.0133190609930727,0.0152533640310198));
#6173=CARTESIAN_POINT('',(0.022,0.0133190609930727,0.0152533640310198));
#6174=CARTESIAN_POINT('',(0.022,0.0117337865703503,0.0121278142186244));
#6175=CARTESIAN_POINT('',(0.022,0.01197696073869,0.0123787058285222));
#6176=CARTESIAN_POINT('',(0.022,0.0122490484937593,0.0126594286346034));
#6177=CARTESIAN_POINT('',(0.022,0.012260040806214,0.012672231157787));
#6178=CARTESIAN_POINT('',(0.022,0.0122732872961816,0.0126872144137396));
#6179=CARTESIAN_POINT('',(0.022,0.0122885733402849,0.0127054851877807));
#6180=CARTESIAN_POINT('',(0.022,0.012308673627604,0.0127303627168183));
#6181=CARTESIAN_POINT('',(0.022,0.0123323462738216,0.0127609491441163));
#6182=CARTESIAN_POINT('',(0.022,0.0123596811148449,0.0127977429844342));
#6183=CARTESIAN_POINT('',(0.022,0.012390340972145,0.0128407926903459));
#6184=CARTESIAN_POINT('',(0.022,0.0124241138765564,0.0128902759670464));
#6185=CARTESIAN_POINT('',(0.022,0.0124607444791886,0.0129463224842081));
#6186=CARTESIAN_POINT('',(0.022,0.012499984726864,0.0130090667455821));
#6187=CARTESIAN_POINT('',(0.022,0.0125415791280953,0.0130786323034397));
#6188=CARTESIAN_POINT('',(0.022,0.0125852692961027,0.0131551362097847));
#6189=CARTESIAN_POINT('',(0.022,0.0126307928853607,0.0132386875849776));
#6190=CARTESIAN_POINT('',(0.022,0.0126778841540854,0.0133293878954801));
#6191=CARTESIAN_POINT('',(0.022,0.0127262740649679,0.0134273307493261));
#6192=CARTESIAN_POINT('',(0.022,0.0127756905213044,0.0135326018368562));
#6193=CARTESIAN_POINT('',(0.022,0.0128258585687576,0.0136452788364421));
#6194=CARTESIAN_POINT('',(0.022,0.0128765006070414,0.0137654313406313));
#6195=CARTESIAN_POINT('',(0.022,0.0129273366124576,0.0138931207697356));
#6196=CARTESIAN_POINT('',(0.022,0.0129780843175785,0.0140284003492341));
#6197=CARTESIAN_POINT('',(0.022,0.0130284595692861,0.0141713148694732));
#6198=CARTESIAN_POINT('',(0.022,0.0130781760046322,0.0143219013129922));
#6199=CARTESIAN_POINT('',(0.022,0.0131269473690928,0.0144801861581838));
#6200=CARTESIAN_POINT('',(0.022,0.0131744796531038,0.0146461955252537));
#6201=CARTESIAN_POINT('',(0.022,0.0132205024413076,0.0148199158977836));
#6202=CARTESIAN_POINT('',(0.022,0.0132646494624137,0.0150014449487157));
#6203=CARTESIAN_POINT('',(0.022,0.0132972026813126,0.0151469770397601));
#6204=CARTESIAN_POINT('',(0.022,0.0133147657834037,0.0152322201652778));
#6205=CARTESIAN_POINT('',(0.022,0.0133190609930727,0.0152533640310198));
#6206=CARTESIAN_POINT('',(0.022,0.0121226768668752,0.0125292604740735));
#6207=CARTESIAN_POINT('',(0.01,0.0121226768668752,0.0125292604740735));
#6208=CARTESIAN_POINT('',(0.01,0.0132657260193412,0.0113120367589419));
#6209=CARTESIAN_POINT('',(0.022,0.0132657260193412,0.0113120367589419));
#6210=CARTESIAN_POINT('',(0.01,0.0133242773729276,0.0113619490681782));
#6211=CARTESIAN_POINT('',(0.022,0.0133242773729276,0.0113619490681782));
#6212=CARTESIAN_POINT('',(0.01,0.0134154421976525,0.0114394997062854));
#6213=CARTESIAN_POINT('',(0.022,0.0134154421976525,0.0114394997062854));
#6214=CARTESIAN_POINT('',(0.01,0.0134246871445932,0.0114461130873587));
#6215=CARTESIAN_POINT('',(0.022,0.0134246871445932,0.0114461130873587));
#6216=CARTESIAN_POINT('',(0.01,0.0135042086796949,0.0115043971489801));
#6217=CARTESIAN_POINT('',(0.022,0.0135042086796949,0.0115043971489801));
#6218=CARTESIAN_POINT('',(0.01,0.0136043927969306,0.0115669758786045));
#6219=CARTESIAN_POINT('',(0.022,0.0136043927969306,0.0115669758786045));
#6220=CARTESIAN_POINT('',(0.01,0.0137689750446279,0.0116612612654851));
#6221=CARTESIAN_POINT('',(0.022,0.0137689750446279,0.0116612612654851));
#6222=CARTESIAN_POINT('',(0.01,0.014010447655795,0.0117807546752924));
#6223=CARTESIAN_POINT('',(0.022,0.014010447655795,0.0117807546752924));
#6224=CARTESIAN_POINT('',(0.01,0.014348884513959,0.0119200706899145));
#6225=CARTESIAN_POINT('',(0.022,0.014348884513959,0.0119200706899145));
#6226=CARTESIAN_POINT('',(0.01,0.0147272675674864,0.0120487109141651));
#6227=CARTESIAN_POINT('',(0.022,0.0147272675674864,0.0120487109141651));
#6228=CARTESIAN_POINT('',(0.01,0.0152784686146683,0.0122010914571262));
#6229=CARTESIAN_POINT('',(0.022,0.0152784686146683,0.0122010914571262));
#6230=CARTESIAN_POINT('',(0.01,0.0157369192163198,0.0122903378775791));
#6231=CARTESIAN_POINT('',(0.022,0.0157369192163198,0.0122903378775791));
#6232=CARTESIAN_POINT('',(0.01,0.0160595757608019,0.0123350122165754));
#6233=CARTESIAN_POINT('',(0.022,0.0160595757608019,0.0123350122165754));
#6234=CARTESIAN_POINT('',(0.015,0.0132657260191224,0.0113120367587554));
#6235=CARTESIAN_POINT('',(0.022,0.0132657260191224,0.0113120367587553));
#6236=CARTESIAN_POINT('',(0.022,0.012840653302398,0.0109491208673398));
#6237=CARTESIAN_POINT('',(0.022,0.0131063188673806,0.0111760615724752));
#6238=CARTESIAN_POINT('',(0.022,0.0134035722626274,0.0114299856936748));
#6239=CARTESIAN_POINT('',(0.022,0.0134170397359658,0.0114401524382298));
#6240=CARTESIAN_POINT('',(0.022,0.0134328251798724,0.0114524319828498));
#6241=CARTESIAN_POINT('',(0.022,0.0134520197193652,0.0114665406320426));
#6242=CARTESIAN_POINT('',(0.022,0.0134781102657655,0.0114850391830633));
#6243=CARTESIAN_POINT('',(0.022,0.0135101227554907,0.0115067445790605));
#6244=CARTESIAN_POINT('',(0.022,0.0135485603604386,0.0115317151766701));
#6245=CARTESIAN_POINT('',(0.022,0.0135934502659579,0.0115596114203456));
#6246=CARTESIAN_POINT('',(0.022,0.0136449565169293,0.0115902106009928));
#6247=CARTESIAN_POINT('',(0.022,0.013703192493662,0.0116232497315677));
#6248=CARTESIAN_POINT('',(0.022,0.0137682768591066,0.0116584728028087));
#6249=CARTESIAN_POINT('',(0.022,0.0138403168792894,0.0116956170694713));
#6250=CARTESIAN_POINT('',(0.022,0.0139194131509984,0.0117344173048868));
#6251=CARTESIAN_POINT('',(0.022,0.0140056581064582,0.0117746048294846));
#6252=CARTESIAN_POINT('',(0.022,0.0140991363258449,0.0118159080547295));
#6253=CARTESIAN_POINT('',(0.022,0.014199924339486,0.0118580525964993));
#6254=CARTESIAN_POINT('',(0.022,0.0143080905835385,0.01190076151447));
#6255=CARTESIAN_POINT('',(0.022,0.0144236953185676,0.0119437555193983));
#6256=CARTESIAN_POINT('',(0.022,0.0145467905691299,0.0119867531890268));
#6257=CARTESIAN_POINT('',(0.022,0.0146774200515047,0.0120294711956068));
#6258=CARTESIAN_POINT('',(0.022,0.0148156191624241,0.0120716244866455));
#6259=CARTESIAN_POINT('',(0.022,0.0149614147617294,0.0121129266573268));
#6260=CARTESIAN_POINT('',(0.022,0.0151148257781048,0.0121530895876219));
#6261=CARTESIAN_POINT('',(0.022,0.0152758606636238,0.0121918259252722));
#6262=CARTESIAN_POINT('',(0.022,0.0154445270259365,0.0122288406007734));
#6263=CARTESIAN_POINT('',(0.022,0.0156207943957754,0.0122638645810736));
#6264=CARTESIAN_POINT('',(0.022,0.0158047372549827,0.0122965261847003));
#6265=CARTESIAN_POINT('',(0.022,0.0159520262052162,0.0123198771316528));
#6266=CARTESIAN_POINT('',(0.022,0.0160382039192024,0.0123320531168364));
#6267=CARTESIAN_POINT('',(0.022,0.0160595757608019,0.0123350122165754));
#6268=CARTESIAN_POINT('',(0.01,6.9021362952443E-16,6.07855078210736E-16));
#6269=CARTESIAN_POINT('',(0.01,0.0121228969875154,0.0117388667949717));
#6270=CARTESIAN_POINT('',(0.022,0.0121228969875154,0.0117388667949717));
#6271=CARTESIAN_POINT('',(0.022,6.9021362952443E-16,6.07855078210736E-16));
#6272=CARTESIAN_POINT('',(0.022,0.0124769058228874,0.0113618856747812));
#6273=CARTESIAN_POINT('',(0.01,0.0124769058228874,0.0113618856747812));
#6274=CARTESIAN_POINT('',(0.0125,0.0125311399062396,0.012134177358761));
#6275=CARTESIAN_POINT('',(0.022,0.0125311399062396,0.012134177358761));
#6276=CARTESIAN_POINT('',(0.0125,0.01289707011654,0.0117445012636838));
#6277=CARTESIAN_POINT('',(0.022,0.01289707011654,0.0117445012636838));
#6278=CARTESIAN_POINT('',(0.01,0.00862592030764475,0.0151504178589912));
#6279=CARTESIAN_POINT('',(0.022,0.00862592030764475,0.0151504178589912));
#6280=CARTESIAN_POINT('',(0.01,0.0086639771030562,0.0152172847412507));
#6281=CARTESIAN_POINT('',(0.022,0.0086639771030562,0.0152172847412507));
#6282=CARTESIAN_POINT('',(0.01,0.00872307152145384,0.0153213663268085));
#6283=CARTESIAN_POINT('',(0.022,0.00872307152145384,0.0153213663268085));
#6284=CARTESIAN_POINT('',(0.01,0.00872783543105531,0.0153316867443614));
#6285=CARTESIAN_POINT('',(0.022,0.00872783543105531,0.0153316867443614));
#6286=CARTESIAN_POINT('',(0.01,0.00877018627192155,0.015420721078536));
#6287=CARTESIAN_POINT('',(0.022,0.00877018627192155,0.015420721078536));
#6288=CARTESIAN_POINT('',(0.01,0.00881288392861016,0.0155308567442444));
#6289=CARTESIAN_POINT('',(0.022,0.00881288392861016,0.0155308567442444));
#6290=CARTESIAN_POINT('',(0.01,0.00887465962414193,0.0157101911075936));
#6291=CARTESIAN_POINT('',(0.022,0.00887465962414193,0.0157101911075936));
#6292=CARTESIAN_POINT('',(0.01,0.00894678902182483,0.0159697774071572));
#6293=CARTESIAN_POINT('',(0.022,0.00894678902182483,0.0159697774071572));
#6294=CARTESIAN_POINT('',(0.01,0.00902022062342345,0.0163283248360711));
#6295=CARTESIAN_POINT('',(0.022,0.00902022062342345,0.0163283248360711));
#6296=CARTESIAN_POINT('',(0.01,0.00907568036164877,0.0167241104597716));
#6297=CARTESIAN_POINT('',(0.022,0.00907568036164877,0.0167241104597716));
#6298=CARTESIAN_POINT('',(0.01,0.00912207704943663,0.017294101487464));
#6299=CARTESIAN_POINT('',(0.022,0.00912207704943663,0.017294101487464));
#6300=CARTESIAN_POINT('',(0.01,0.00912383759401044,0.0177611547801414));
#6301=CARTESIAN_POINT('',(0.022,0.00912383759401044,0.0177611547801414));
#6302=CARTESIAN_POINT('',(0.01,0.00910726082017665,0.01808646732652));
#6303=CARTESIAN_POINT('',(0.022,0.00910726082017665,0.01808646732652));
#6304=CARTESIAN_POINT('',(0.022,0.0083490833387325,0.0146648706916529));
#6305=CARTESIAN_POINT('',(0.022,0.00852222353725178,0.0149683550367542));
#6306=CARTESIAN_POINT('',(0.022,0.0087159502321922,0.0153079238927764));
#6307=CARTESIAN_POINT('',(0.022,0.00872341334289175,0.0153230578780959));
#6308=CARTESIAN_POINT('',(0.022,0.00873251748578618,0.0153408646756059));
#6309=CARTESIAN_POINT('',(0.022,0.00874277953397026,0.0153623629242662));
#6310=CARTESIAN_POINT('',(0.022,0.0087560615439121,0.0153914576181678));
#6311=CARTESIAN_POINT('',(0.022,0.00877138393526429,0.0154269702643245));
#6312=CARTESIAN_POINT('',(0.022,0.00878870974599457,0.0154694060570194));
#6313=CARTESIAN_POINT('',(0.022,0.00880770034099242,0.0155187280737094));
#6314=CARTESIAN_POINT('',(0.022,0.00882810621700848,0.0155750557220664));
#6315=CARTESIAN_POINT('',(0.022,0.00884964779987109,0.0156384510952645));
#6316=CARTESIAN_POINT('',(0.022,0.00887205137972663,0.0157089827830555));
#6317=CARTESIAN_POINT('',(0.022,0.00889503876562234,0.0157867069179398));
#6318=CARTESIAN_POINT('',(0.022,0.0089183305788246,0.015871672616338));
#6319=CARTESIAN_POINT('',(0.022,0.00894164557874485,0.015963920327715));
#6320=CARTESIAN_POINT('',(0.022,0.00896470113868307,0.0160634822434824));
#6321=CARTESIAN_POINT('',(0.022,0.00898721339426085,0.0161703821239478));
#6322=CARTESIAN_POINT('',(0.022,0.00900889748687147,0.0162846352996336));
#6323=CARTESIAN_POINT('',(0.022,0.00902946778254821,0.0164062486301393));
#6324=CARTESIAN_POINT('',(0.022,0.00904863809536578,0.0165352204852511));
#6325=CARTESIAN_POINT('',(0.022,0.00906612192447482,0.0166715407165865));
#6326=CARTESIAN_POINT('',(0.022,0.00908163263375966,0.0168151906803937));
#6327=CARTESIAN_POINT('',(0.022,0.00909488385838874,0.0169661430938411));
#6328=CARTESIAN_POINT('',(0.022,0.00910558903484909,0.0171243625620243));
#6329=CARTESIAN_POINT('',(0.022,0.00911346431692021,0.0172898035428633));
#6330=CARTESIAN_POINT('',(0.022,0.00911821843605836,0.0174624182187443));
#6331=CARTESIAN_POINT('',(0.022,0.00911959283389803,0.0176421262483272));
#6332=CARTESIAN_POINT('',(0.022,0.00911720845596199,0.0178289311480131));
#6333=CARTESIAN_POINT('',(0.022,0.00911254659632722,0.0179779867371375));
#6334=CARTESIAN_POINT('',(0.022,0.00910835881800333,0.0180649195589931));
#6335=CARTESIAN_POINT('',(0.022,0.00910726082017665,0.01808646732652));
#6336=CARTESIAN_POINT('',(0.022,0.00862592030750248,0.0151504178587413));
#6337=CARTESIAN_POINT('',(0.01,0.00862592030750253,0.0151504178587413));
#6338=CARTESIAN_POINT('',(0.01,0.0100357696972939,0.0142557002296891));
#6339=CARTESIAN_POINT('',(0.022,0.0100357696972939,0.0142557002296891));
#6340=CARTESIAN_POINT('',(0.01,0.0100800688658868,0.0143186055814651));
#6341=CARTESIAN_POINT('',(0.022,0.0100800688658868,0.0143186055814651));
#6342=CARTESIAN_POINT('',(0.01,0.0101490835205622,0.0144163915936448));
#6343=CARTESIAN_POINT('',(0.022,0.0101490835205622,0.0144163915936448));
#6344=CARTESIAN_POINT('',(0.01,0.0101563933395016,0.014425096328002));
#6345=CARTESIAN_POINT('',(0.022,0.0101563933395016,0.014425096328002));
#6346=CARTESIAN_POINT('',(0.01,0.01021892190264,0.0145013254902424));
#6347=CARTESIAN_POINT('',(0.022,0.01021892190264,0.0145013254902424));
#6348=CARTESIAN_POINT('',(0.01,0.0103003958543978,0.0145868529708124));
#6349=CARTESIAN_POINT('',(0.022,0.0103003958543978,0.0145868529708124));
#6350=CARTESIAN_POINT('',(0.01,0.0104363596259135,0.0147191061494946));
#6351=CARTESIAN_POINT('',(0.022,0.0104363596259135,0.0147191061494946));
#6352=CARTESIAN_POINT('',(0.01,0.0106405291283618,0.0148948972505244));
#6353=CARTESIAN_POINT('',(0.022,0.0106405291283618,0.0148948972505244));
#6354=CARTESIAN_POINT('',(0.01,0.0109336868863281,0.0151140022204322));
#6355=CARTESIAN_POINT('',(0.022,0.0109336868863281,0.0151140022204322));
#6356=CARTESIAN_POINT('',(0.01,0.0112681908175774,0.0153327010143719));
#6357=CARTESIAN_POINT('',(0.022,0.0112681908175774,0.0153327010143719));
#6358=CARTESIAN_POINT('',(0.01,0.0117641793702392,0.0156173723685965));
#6359=CARTESIAN_POINT('',(0.022,0.0117641793702392,0.0156173723685965));
#6360=CARTESIAN_POINT('',(0.01,0.0121860322209758,0.0158178269770335));
#6361=CARTESIAN_POINT('',(0.022,0.0121860322209758,0.0158178269770335));
#6362=CARTESIAN_POINT('',(0.01,0.012487441860465,0.0159413392091602));
#6363=CARTESIAN_POINT('',(0.022,0.012487441860465,0.0159413392091602));
#6364=CARTESIAN_POINT('',(0.015,0.0100357696971283,0.014255700229454));
#6365=CARTESIAN_POINT('',(0.022,0.0100357696971283,0.0142557002294539));
#6366=CARTESIAN_POINT('',(0.022,0.00971430493354036,0.0137984747221638));
#6367=CARTESIAN_POINT('',(0.022,0.009915186267921,0.0140843540071117));
#6368=CARTESIAN_POINT('',(0.022,0.0101399525400958,0.0144042245484333));
#6369=CARTESIAN_POINT('',(0.022,0.0101504685414381,0.0144174211104378));
#6370=CARTESIAN_POINT('',(0.022,0.0101627042580309,0.014433240550847));
#6371=CARTESIAN_POINT('',(0.022,0.0101777870873935,0.0144516794387421));
#6372=CARTESIAN_POINT('',(0.022,0.0101984575487354,0.0144760852788064));
#6373=CARTESIAN_POINT('',(0.022,0.0102240663947476,0.0145050699423325));
#6374=CARTESIAN_POINT('',(0.022,0.0102550864765523,0.0145388150863378));
#6375=CARTESIAN_POINT('',(0.022,0.010291628569451,0.0145769985837591));
#6376=CARTESIAN_POINT('',(0.022,0.0103339069500523,0.0146194455186206));
#6377=CARTESIAN_POINT('',(0.022,0.0103820968388327,0.0146659293626365));
#6378=CARTESIAN_POINT('',(0.022,0.0104363768376426,0.0147162316598224));
#6379=CARTESIAN_POINT('',(0.022,0.0104969161846339,0.0147701245955349));
#6380=CARTESIAN_POINT('',(0.022,0.0105638782753518,0.0148273762930926));
#6381=CARTESIAN_POINT('',(0.022,0.0106374194559848,0.0148877495009472));
#6382=CARTESIAN_POINT('',(0.022,0.0107176891907894,0.0149510021972514));
#6383=CARTESIAN_POINT('',(0.022,0.0108048298423084,0.0150168876504831));
#6384=CARTESIAN_POINT('',(0.022,0.0108989765689091,0.015085154640288));
#6385=CARTESIAN_POINT('',(0.022,0.0110002571943707,0.0151555476380012));
#6386=CARTESIAN_POINT('',(0.022,0.011108792095672,0.015227807000744));
#6387=CARTESIAN_POINT('',(0.022,0.0112246940764108,0.0153016691738266));
#6388=CARTESIAN_POINT('',(0.022,0.0113480683109383,0.0153768668630136));
#6389=CARTESIAN_POINT('',(0.022,0.0114790120412256,0.0154531293411939));
#6390=CARTESIAN_POINT('',(0.022,0.0116176152538153,0.0155301822475316));
#6391=CARTESIAN_POINT('',(0.022,0.0117639575968438,0.0156077493594128));
#6392=CARTESIAN_POINT('',(0.022,0.0119181198197549,0.0156855467694299));
#6393=CARTESIAN_POINT('',(0.022,0.0120801393163283,0.0157633063193004));
#6394=CARTESIAN_POINT('',(0.022,0.0122501806618458,0.0158406865274898));
#6395=CARTESIAN_POINT('',(0.022,0.0123870351144994,0.0158999331339186));
#6396=CARTESIAN_POINT('',(0.022,0.0124674773527496,0.015933158114105));
#6397=CARTESIAN_POINT('',(0.022,0.012487441860465,0.0159413392091602));
#6398=CARTESIAN_POINT('',(0.01,5.14200618038113E-16,7.55282197348168E-16));
#6399=CARTESIAN_POINT('',(0.01,0.00882269642751967,0.014384910592278));
#6400=CARTESIAN_POINT('',(0.022,0.00882269642751967,0.014384910592278));
#6401=CARTESIAN_POINT('',(0.022,5.14200618038113E-16,7.55282197348168E-16));
#6402=CARTESIAN_POINT('',(0.022,0.00925933481659515,0.0141078114445221));
#6403=CARTESIAN_POINT('',(0.01,0.00925933481659515,0.0141078114445221));
#6404=CARTESIAN_POINT('',(0.0125,0.00911980390474212,0.0148693276331739));
#6405=CARTESIAN_POINT('',(0.022,0.00911980390474212,0.0148693276331739));
#6406=CARTESIAN_POINT('',(0.0125,0.00957114624870287,0.0145828970718976));
#6407=CARTESIAN_POINT('',(0.022,0.00957114624870287,0.0145828970718976));
#6408=CARTESIAN_POINT('',(0.01,0.0148577210548604,0.00912084357457342));
#6409=CARTESIAN_POINT('',(0.022,0.0148577210548604,0.00912084357457342));
#6410=CARTESIAN_POINT('',(0.01,0.0149232838451047,0.0091611054691571));
#6411=CARTESIAN_POINT('',(0.022,0.0149232838451047,0.0091611054691571));
#6412=CARTESIAN_POINT('',(0.01,0.0150252103649487,0.00922384390466896));
#6413=CARTESIAN_POINT('',(0.022,0.0150252103649487,0.00922384390466896));
#6414=CARTESIAN_POINT('',(0.01,0.0150343569098299,0.00923059272455778));
#6415=CARTESIAN_POINT('',(0.022,0.0150343569098299,0.00923059272455778));
#6416=CARTESIAN_POINT('',(0.01,0.0151143618521964,0.00928821143315974));
#6417=CARTESIAN_POINT('',(0.022,0.0151143618521964,0.00928821143315974));
#6418=CARTESIAN_POINT('',(0.01,0.0152048363555794,0.00936415429974573));
#6419=CARTESIAN_POINT('',(0.022,0.0152048363555794,0.00936415429974573));
#6420=CARTESIAN_POINT('',(0.01,0.0153453657986745,0.00949154553201748));
#6421=CARTESIAN_POINT('',(0.022,0.0153453657986745,0.00949154553201748));
#6422=CARTESIAN_POINT('',(0.01,0.0155336299252528,0.00968427413802844));
#6423=CARTESIAN_POINT('',(0.022,0.0155336299252528,0.00968427413802844));
#6424=CARTESIAN_POINT('',(0.01,0.015770710069479,0.00996309570123298));
#6425=CARTESIAN_POINT('',(0.022,0.015770710069479,0.00996309570123298));
#6426=CARTESIAN_POINT('',(0.01,0.0160099809869336,0.0102832073544922));
#6427=CARTESIAN_POINT('',(0.022,0.0160099809869336,0.0102832073544922));
#6428=CARTESIAN_POINT('',(0.01,0.0163252339861698,0.0107603425248162));
#6429=CARTESIAN_POINT('',(0.022,0.0163252339861698,0.0107603425248162));
#6430=CARTESIAN_POINT('',(0.01,0.0165517814028892,0.0111687762963093));
#6431=CARTESIAN_POINT('',(0.022,0.0165517814028892,0.0111687762963093));
#6432=CARTESIAN_POINT('',(0.01,0.0166939755796942,0.0114618357755019));
#6433=CARTESIAN_POINT('',(0.022,0.0166939755796942,0.0114618357755019));
#6434=CARTESIAN_POINT('',(0.022,0.0143812128379045,0.0088287225752591));
#6435=CARTESIAN_POINT('',(0.022,0.014679141448736,0.00901125700738877));
#6436=CARTESIAN_POINT('',(0.022,0.0150124939896143,0.0092154949171967));
#6437=CARTESIAN_POINT('',(0.022,0.0150263248164058,0.00922516154862822));
#6438=CARTESIAN_POINT('',(0.022,0.0150428813277646,0.00923637980994742));
#6439=CARTESIAN_POINT('',(0.022,0.0150622308894181,0.00925027508944114));
#6440=CARTESIAN_POINT('',(0.022,0.0150878864791386,0.00926937230697209));
#6441=CARTESIAN_POINT('',(0.022,0.0151184219407978,0.0092931106576953));
#6442=CARTESIAN_POINT('',(0.022,0.0151540482635221,0.00932195065333073));
#6443=CARTESIAN_POINT('',(0.022,0.0151944509115313,0.00935602307711582));
#6444=CARTESIAN_POINT('',(0.022,0.0152394687685457,0.00939555276589814));
#6445=CARTESIAN_POINT('',(0.022,0.0152888867554662,0.00944072881822551));
#6446=CARTESIAN_POINT('',(0.022,0.0153424980618844,0.00949174320048304));
#6447=CARTESIAN_POINT('',(0.022,0.0154000859492484,0.0095487791214696));
#6448=CARTESIAN_POINT('',(0.022,0.0154614292581239,0.00961201421396389));
#6449=CARTESIAN_POINT('',(0.022,0.0155263010221825,0.00968161941278897));
#6450=CARTESIAN_POINT('',(0.022,0.0155944690820901,0.00975775908394524));
#6451=CARTESIAN_POINT('',(0.022,0.0156656961322111,0.00984059080145604));
#6452=CARTESIAN_POINT('',(0.022,0.0157397399345808,0.00993026523124102));
#6453=CARTESIAN_POINT('',(0.022,0.0158163534908838,0.010026925989626));
#6454=CARTESIAN_POINT('',(0.022,0.0158952852291201,0.0101307095191645));
#6455=CARTESIAN_POINT('',(0.022,0.0159762791976614,0.0102417449495982));
#6456=CARTESIAN_POINT('',(0.022,0.0160590752336686,0.0103601540312846));
#6457=CARTESIAN_POINT('',(0.022,0.0161434092501226,0.0104860508134059));
#6458=CARTESIAN_POINT('',(0.022,0.0162290130778775,0.0106195423321962));
#6459=CARTESIAN_POINT('',(0.022,0.0163156160405299,0.010760725422786));
#6460=CARTESIAN_POINT('',(0.022,0.0164029398611979,0.0109096985019722));
#6461=CARTESIAN_POINT('',(0.022,0.0164907192587229,0.0110665157275442));
#6462=CARTESIAN_POINT('',(0.022,0.0165786237591737,0.0112313627918351));
#6463=CARTESIAN_POINT('',(0.022,0.0166463466181404,0.0113642270682899));
#6464=CARTESIAN_POINT('',(0.022,0.0166845570463496,0.0114424243583909));
#6465=CARTESIAN_POINT('',(0.022,0.0166939755796942,0.0114618357755019));
#6466=CARTESIAN_POINT('',(0.022,0.0148577210546153,0.00912084357442293));
#6467=CARTESIAN_POINT('',(0.01,0.0148577210546154,0.00912084357442298));
#6468=CARTESIAN_POINT('',(0.01,0.0156621479876658,0.0076575964158694));
#6469=CARTESIAN_POINT('',(0.022,0.0156621479876658,0.0076575964158694));
#6470=CARTESIAN_POINT('',(0.01,0.0157312725293629,0.00769137950861198));
#6471=CARTESIAN_POINT('',(0.022,0.0157312725293629,0.00769137950861198));
#6472=CARTESIAN_POINT('',(0.01,0.0158388593029192,0.00774382198084314));
#6473=CARTESIAN_POINT('',(0.022,0.0158388593029192,0.00774382198084314));
#6474=CARTESIAN_POINT('',(0.01,0.0158494584838444,0.00774792846557731));
#6475=CARTESIAN_POINT('',(0.022,0.0158494584838444,0.00774792846557731));
#6476=CARTESIAN_POINT('',(0.01,0.015940976360399,0.00778460522463446));
#6477=CARTESIAN_POINT('',(0.022,0.015940976360399,0.00778460522463446));
#6478=CARTESIAN_POINT('',(0.01,0.0160535757065754,0.0078203031515824));
#6479=CARTESIAN_POINT('',(0.022,0.0160535757065754,0.0078203031515824));
#6480=CARTESIAN_POINT('',(0.01,0.0162364351225403,0.0078706964490462));
#6481=CARTESIAN_POINT('',(0.022,0.0162364351225403,0.0078706964490462));
#6482=CARTESIAN_POINT('',(0.01,0.0165000382301924,0.00792638395722689));
#6483=CARTESIAN_POINT('',(0.022,0.0165000382301924,0.00792638395722689));
#6484=CARTESIAN_POINT('',(0.01,0.016862488956072,0.0079771572789962));
#6485=CARTESIAN_POINT('',(0.022,0.016862488956072,0.0079771572789962));
#6486=CARTESIAN_POINT('',(0.01,0.0172609759330288,0.00800765599516232));
#6487=CARTESIAN_POINT('',(0.022,0.0172609759330288,0.00800765599516232));
#6488=CARTESIAN_POINT('',(0.01,0.0178327554857609,0.00801817109692928));
#6489=CARTESIAN_POINT('',(0.022,0.0178327554857609,0.00801817109692928));
#6490=CARTESIAN_POINT('',(0.01,0.0182989977009615,0.00799060164857541));
#6491=CARTESIAN_POINT('',(0.022,0.0182989977009615,0.00799060164857541));
#6492=CARTESIAN_POINT('',(0.01,0.0186226274530995,0.0079536310414217));
#6493=CARTESIAN_POINT('',(0.022,0.0186226274530995,0.0079536310414217));
#6494=CARTESIAN_POINT('',(0.015,0.0156621479874075,0.00765759641574315));
#6495=CARTESIAN_POINT('',(0.022,0.0156621479874074,0.00765759641574312));
#6496=CARTESIAN_POINT('',(0.022,0.0151601761996465,0.00741179348037106));
#6497=CARTESIAN_POINT('',(0.022,0.0154739332507336,0.00756553608656076));
#6498=CARTESIAN_POINT('',(0.022,0.0158249962450076,0.00773755880123577));
#6499=CARTESIAN_POINT('',(0.022,0.0158405689794623,0.00774405691439037));
#6500=CARTESIAN_POINT('',(0.022,0.0158589122931871,0.00775202499427163));
#6501=CARTESIAN_POINT('',(0.022,0.0158810124793014,0.00776091690644542));
#6502=CARTESIAN_POINT('',(0.022,0.0159108837457753,0.00777234583642899));
#6503=CARTESIAN_POINT('',(0.022,0.0159472884167503,0.00778540813503988));
#6504=CARTESIAN_POINT('',(0.022,0.015990728368759,0.00780003519177043));
#6505=CARTESIAN_POINT('',(0.022,0.0160411454890417,0.00781589135811484));
#6506=CARTESIAN_POINT('',(0.022,0.0160986432832079,0.00783272012549167));
#6507=CARTESIAN_POINT('',(0.022,0.0161632661672977,0.00785023857254233));
#6508=CARTESIAN_POINT('',(0.022,0.0162350654093327,0.00786816922273098));
#6509=CARTESIAN_POINT('',(0.022,0.0163140795632943,0.00788623090946223));
#6510=CARTESIAN_POINT('',(0.022,0.0164003401063471,0.00790414172124705));
#6511=CARTESIAN_POINT('',(0.022,0.0164938697488953,0.00792161843261802));
#6512=CARTESIAN_POINT('',(0.022,0.0165946828725514,0.00793837695325887));
#6513=CARTESIAN_POINT('',(0.022,0.0167027853667451,0.00795413248701066));
#6514=CARTESIAN_POINT('',(0.022,0.0168181746453279,0.00796859977475858));
#6515=CARTESIAN_POINT('',(0.022,0.0169408396192583,0.0079814933154515));
#6516=CARTESIAN_POINT('',(0.022,0.0170707606917761,0.00799252759024863));
#6517=CARTESIAN_POINT('',(0.022,0.0172079097449875,0.00800141730086683));
#6518=CARTESIAN_POINT('',(0.022,0.0173522501738991,0.00800787754745215));
#6519=CARTESIAN_POINT('',(0.022,0.0175037367685192,0.00801162424335182));
#6520=CARTESIAN_POINT('',(0.022,0.0176623162103153,0.00801237361298491));
#6521=CARTESIAN_POINT('',(0.022,0.0178279252242227,0.00800984522984747));
#6522=CARTESIAN_POINT('',(0.022,0.0180004977980815,0.00800375140264053));
#6523=CARTESIAN_POINT('',(0.022,0.0181799375140727,0.00799383912787893));
#6524=CARTESIAN_POINT('',(0.022,0.0183662240806314,0.00797972987826618));
#6525=CARTESIAN_POINT('',(0.022,0.0185146928220107,0.00796571793986663));
#6526=CARTESIAN_POINT('',(0.022,0.0186011911490237,0.00795607986811819));
#6527=CARTESIAN_POINT('',(0.022,0.0186226274530995,0.0079536310414217));
#6528=CARTESIAN_POINT('',(0.01,8.24033234966289E-16,4.21286997154437E-16));
#6529=CARTESIAN_POINT('',(0.01,0.0146613713448892,0.00835522682440527));
#6530=CARTESIAN_POINT('',(0.022,0.0146613713448892,0.00835522682440527));
#6531=CARTESIAN_POINT('',(0.022,8.24033234966289E-16,4.21286997154437E-16));
#6532=CARTESIAN_POINT('',(0.022,0.0149105069494778,0.00790205084200136));
#6533=CARTESIAN_POINT('',(0.01,0.0149105069494778,0.00790205084200136));
#6534=CARTESIAN_POINT('',(0.0125,0.0151550983011193,0.00863659209451445));
#6535=CARTESIAN_POINT('',(0.022,0.0151550983011193,0.00863659209451445));
#6536=CARTESIAN_POINT('',(0.0125,0.015412623636849,0.00816815524781855));
#6537=CARTESIAN_POINT('',(0.022,0.015412623636849,0.00816815524781855));
#6538=CARTESIAN_POINT('',(0.01,0.0166591999858931,0.00513933052895998));
#6539=CARTESIAN_POINT('',(0.022,0.0166591999858931,0.00513933052895998));
#6540=CARTESIAN_POINT('',(0.01,0.0167327157265414,0.00516202271918079));
#6541=CARTESIAN_POINT('',(0.022,0.0167327157265414,0.00516202271918079));
#6542=CARTESIAN_POINT('',(0.01,0.0168470424517831,0.00519744201665402));
#6543=CARTESIAN_POINT('',(0.022,0.0168470424517831,0.00519744201665402));
#6544=CARTESIAN_POINT('',(0.01,0.0168575800043942,0.00520170415674137));
#6545=CARTESIAN_POINT('',(0.022,0.0168575800043942,0.00520170415674137));
#6546=CARTESIAN_POINT('',(0.01,0.0169494006345182,0.00523761624756946));
#6547=CARTESIAN_POINT('',(0.022,0.0169494006345182,0.00523761624756946));
#6548=CARTESIAN_POINT('',(0.01,0.0170559189379287,0.00528867313531485));
#6549=CARTESIAN_POINT('',(0.022,0.0170559189379287,0.00528867313531485));
#6550=CARTESIAN_POINT('',(0.01,0.0172237143013328,0.00537711388642205));
#6551=CARTESIAN_POINT('',(0.022,0.0172237143013328,0.00537711388642205));
#6552=CARTESIAN_POINT('',(0.01,0.0174539934194635,0.00551696818447612));
#6553=CARTESIAN_POINT('',(0.022,0.0174539934194635,0.00551696818447612));
#6554=CARTESIAN_POINT('',(0.01,0.0177529653580913,0.00572807062123894));
#6555=CARTESIAN_POINT('',(0.022,0.0177529653580913,0.00572807062123894));
#6556=CARTESIAN_POINT('',(0.01,0.0180643276706149,0.00597862112080326));
#6557=CARTESIAN_POINT('',(0.022,0.0180643276706149,0.00597862112080326));
#6558=CARTESIAN_POINT('',(0.01,0.0184883351088407,0.00636236597955294));
#6559=CARTESIAN_POINT('',(0.022,0.0184883351088407,0.00636236597955294));
#6560=CARTESIAN_POINT('',(0.01,0.0188093384704191,0.00670162800155568));
#6561=CARTESIAN_POINT('',(0.022,0.0188093384704191,0.00670162800155568));
#6562=CARTESIAN_POINT('',(0.01,0.0190199462844961,0.00695011822452585));
#6563=CARTESIAN_POINT('',(0.022,0.0190199462844961,0.00695011822452585));
#6564=CARTESIAN_POINT('',(0.022,0.0161250146124522,0.00497488982271992));
#6565=CARTESIAN_POINT('',(0.022,0.0164589777154521,0.00507759776739604));
#6566=CARTESIAN_POINT('',(0.022,0.0168326492760112,0.00519251776192296));
#6567=CARTESIAN_POINT('',(0.022,0.0168484495754259,0.00519844111159821));
#6568=CARTESIAN_POINT('',(0.022,0.0168672758016767,0.00520518949366745));
#6569=CARTESIAN_POINT('',(0.022,0.0168894730767589,0.00521383618709995));
#6570=CARTESIAN_POINT('',(0.022,0.0169190719338239,0.00522595314471212));
#6571=CARTESIAN_POINT('',(0.022,0.0169545515555671,0.00524135185098102));
#6572=CARTESIAN_POINT('',(0.022,0.0169962308271112,0.00526042587894211));
#6573=CARTESIAN_POINT('',(0.022,0.0170438376188645,0.00528338012490463));
#6574=CARTESIAN_POINT('',(0.022,0.0170972717909617,0.00531047243004251));
#6575=CARTESIAN_POINT('',(0.022,0.0171563720483056,0.0053419394400219));
#6576=CARTESIAN_POINT('',(0.022,0.0172209858179158,0.00537801852190802));
#6577=CARTESIAN_POINT('',(0.022,0.0172909487326561,0.00541894102934443));
#6578=CARTESIAN_POINT('',(0.022,0.017366090756698,0.00546493401456426));
#6579=CARTESIAN_POINT('',(0.022,0.0174462345640398,0.00551621948638932));
#6580=CARTESIAN_POINT('',(0.022,0.0175311961652218,0.00557301438263848));
#6581=CARTESIAN_POINT('',(0.022,0.0176207848970672,0.00563553034236916));
#6582=CARTESIAN_POINT('',(0.022,0.0177148036010533,0.0057039735401861));
#6583=CARTESIAN_POINT('',(0.022,0.0178130487546985,0.0057785445064274));
#6584=CARTESIAN_POINT('',(0.022,0.0179153106214833,0.00585943796046519));
#6585=CARTESIAN_POINT('',(0.022,0.0180213734042312,0.00594684262777439));
#6586=CARTESIAN_POINT('',(0.022,0.0181310153916799,0.00604094113356822));
#6587=CARTESIAN_POINT('',(0.022,0.0182440091564678,0.00614190961973507));
#6588=CARTESIAN_POINT('',(0.022,0.0183601215733047,0.00624991845072356));
#6589=CARTESIAN_POINT('',(0.022,0.018479114551502,0.00636512873389487));
#6590=CARTESIAN_POINT('',(0.022,0.0186007430320199,0.00648770499874733));
#6591=CARTESIAN_POINT('',(0.022,0.0187247635364897,0.0066177656743454));
#6592=CARTESIAN_POINT('',(0.022,0.0188509021532318,0.00675557280468064));
#6593=CARTESIAN_POINT('',(0.022,0.0189495393759702,0.00686742091541536));
#6594=CARTESIAN_POINT('',(0.022,0.019005996228565,0.00693365894677323));
#6595=CARTESIAN_POINT('',(0.022,0.0190199462844961,0.00695011822452585));
#6596=CARTESIAN_POINT('',(0.022,0.0166591999856182,0.00513933052887516));
#6597=CARTESIAN_POINT('',(0.01,0.0166591999856184,0.00513933052887518));
#6598=CARTESIAN_POINT('',(0.01,0.0170744595965743,0.00352200112731818));
#6599=CARTESIAN_POINT('',(0.022,0.0170744595965743,0.00352200112731818));
#6600=CARTESIAN_POINT('',(0.01,0.0171498139772051,0.00353753228760452));
#6601=CARTESIAN_POINT('',(0.022,0.0171498139772051,0.00353753228760452));
#6602=CARTESIAN_POINT('',(0.01,0.0172670626269337,0.00356157144055943));
#6603=CARTESIAN_POINT('',(0.022,0.0172670626269337,0.00356157144055943));
#6604=CARTESIAN_POINT('',(0.00999999999999999,0.0172783500563248,0.00356291300341606));
#6605=CARTESIAN_POINT('',(0.022,0.0172783500563248,0.00356291300341606));
#6606=CARTESIAN_POINT('',(0.01,0.0173761138695694,0.00357567792424963));
#6607=CARTESIAN_POINT('',(0.022,0.0173761138695694,0.00357567792424963));
#6608=CARTESIAN_POINT('',(0.01,0.0174940534136545,0.0035822520164832));
#6609=CARTESIAN_POINT('',(0.022,0.0174940534136545,0.0035822520164832));
#6610=CARTESIAN_POINT('',(0.01,0.0176837002682722,0.00358558682831703));
#6611=CARTESIAN_POINT('',(0.022,0.0176837002682722,0.00358558682831703));
#6612=CARTESIAN_POINT('',(0.01,0.0179528707196911,0.00357396938392774));
#6613=CARTESIAN_POINT('',(0.022,0.0179528707196911,0.00357396938392774));
#6614=CARTESIAN_POINT('',(0.01,0.0183165612011787,0.00353300973830624));
#6615=CARTESIAN_POINT('',(0.022,0.0183165612011787,0.00353300973830624));
#6616=CARTESIAN_POINT('',(0.01,0.0187101136992702,0.00346345059988474));
#6617=CARTESIAN_POINT('',(0.022,0.0187101136992702,0.00346345059988474));
#6618=CARTESIAN_POINT('',(0.00999999999999999,0.0192665447453959,0.00333143955794169));
#6619=CARTESIAN_POINT('',(0.022,0.0192665447453959,0.00333143955794169));
#6620=CARTESIAN_POINT('',(0.01,0.0197112828610473,0.00318878653061465));
#6621=CARTESIAN_POINT('',(0.022,0.0197112828610473,0.00318878653061465));
#6622=CARTESIAN_POINT('',(0.01,0.020015550973286,0.00307249397652659));
#6623=CARTESIAN_POINT('',(0.022,0.020015550973286,0.00307249397652659));
#6624=CARTESIAN_POINT('',(0.015,0.0170744595962928,0.00352200112726014));
#6625=CARTESIAN_POINT('',(0.022,0.0170744595962927,0.00352200112726013));
#6626=CARTESIAN_POINT('',(0.022,0.0165271294710433,0.00340875585036097));
#6627=CARTESIAN_POINT('',(0.022,0.0168692634987975,0.0034796401442323));
#6628=CARTESIAN_POINT('',(0.022,0.0172520775130489,0.00355895263256441));
#6629=CARTESIAN_POINT('',(0.022,0.0172687770164417,0.00356137381397067));
#6630=CARTESIAN_POINT('',(0.022,0.0172885256221214,0.00356452976534973));
#6631=CARTESIAN_POINT('',(0.022,0.0173121428188847,0.00356764622896043));
#6632=CARTESIAN_POINT('',(0.022,0.017343917883901,0.00357128741620336));
#6633=CARTESIAN_POINT('',(0.022,0.0173824272967615,0.00357488586516643));
#6634=CARTESIAN_POINT('',(0.022,0.0174281401038851,0.00357825030924906));
#6635=CARTESIAN_POINT('',(0.022,0.0174809165458426,0.00358107009701602));
#6636=CARTESIAN_POINT('',(0.022,0.0175407930853341,0.00358307103777635));
#6637=CARTESIAN_POINT('',(0.022,0.0176077423833075,0.00358396805284618));
#6638=CARTESIAN_POINT('',(0.022,0.0176817450914965,0.00358347963328679));
#6639=CARTESIAN_POINT('',(0.022,0.0177627686293498,0.00358132385788313));
#6640=CARTESIAN_POINT('',(0.022,0.0178507733765822,0.00357721984386148));
#6641=CARTESIAN_POINT('',(0.022,0.0179457108947998,0.00357088761595539));
#6642=CARTESIAN_POINT('',(0.022,0.018047524463401,0.0035620484325068));
#6643=CARTESIAN_POINT('',(0.022,0.018156148960864,0.0035504249801101));
#6644=CARTESIAN_POINT('',(0.022,0.0182715109412317,0.00353574160473914));
#6645=CARTESIAN_POINT('',(0.022,0.018393528662621,0.00351772453261582));
#6646=CARTESIAN_POINT('',(0.022,0.0185221121382918,0.00349610208851478));
#6647=CARTESIAN_POINT('',(0.022,0.0186571631829276,0.00347060492995897));
#6648=CARTESIAN_POINT('',(0.022,0.0187985754898359,0.0034409662110389));
#6649=CARTESIAN_POINT('',(0.022,0.0189462346199021,0.00340692201347412));
#6650=CARTESIAN_POINT('',(0.022,0.0191000183575766,0.00336821073679524));
#6651=CARTESIAN_POINT('',(0.022,0.0192597956764613,0.00332457650048132));
#6652=CARTESIAN_POINT('',(0.022,0.019425431092373,0.00327575706814117));
#6653=CARTESIAN_POINT('',(0.022,0.0195967682972278,0.00322153136299584));
#6654=CARTESIAN_POINT('',(0.022,0.0197736935010468,0.00316153779618698));
#6655=CARTESIAN_POINT('',(0.022,0.0199140131965212,0.00311104339405728));
#6656=CARTESIAN_POINT('',(0.022,0.0199953971285562,0.00308019686087117));
#6657=CARTESIAN_POINT('',(0.022,0.020015550973286,0.00307249397652659));
#6658=CARTESIAN_POINT('',(0.01,9.07251056399697E-16,2.07300712861442E-16));
#6659=CARTESIAN_POINT('',(0.01,0.0162786178199117,0.00444659722408665));
#6660=CARTESIAN_POINT('',(0.022,0.0162786178199117,0.00444659722408665));
#6661=CARTESIAN_POINT('',(0.022,9.07251056399697E-16,2.07300712861442E-16));
#6662=CARTESIAN_POINT('',(0.022,0.0164072260874239,0.00394570109310841));
#6663=CARTESIAN_POINT('',(0.01,0.0164072260874239,0.00394570109310841));
#6664=CARTESIAN_POINT('',(0.0125,0.016826806133187,0.0045963379858057));
#6665=CARTESIAN_POINT('',(0.022,0.016826806133187,0.0045963379858057));
#6666=CARTESIAN_POINT('',(0.0125,0.01695974533039,0.00407857399735917));
#6667=CARTESIAN_POINT('',(0.022,0.01695974533039,0.00407857399735917));
#6668=CARTESIAN_POINT('',(0.01,0.00458716545136925,0.0168196187702826));
#6669=CARTESIAN_POINT('',(0.022,0.00458716545136925,0.0168196187702826));
#6670=CARTESIAN_POINT('',(0.01,0.00460739750516713,0.016893849246633));
#6671=CARTESIAN_POINT('',(0.022,0.00460739750516713,0.016893849246633));
#6672=CARTESIAN_POINT('',(0.01,0.00463875132597548,0.0170093571020312));
#6673=CARTESIAN_POINT('',(0.022,0.00463875132597548,0.0170093571020312));
#6674=CARTESIAN_POINT('',(0.01,0.00464079898511989,0.01702053802083));
#6675=CARTESIAN_POINT('',(0.022,0.00464079898511989,0.01702053802083));
#6676=CARTESIAN_POINT('',(0.01,0.00465967735792286,0.0171173074035103));
#6677=CARTESIAN_POINT('',(0.022,0.00465967735792286,0.0171173074035103));
#6678=CARTESIAN_POINT('',(0.01,0.00467364396293327,0.0172346014301791));
#6679=CARTESIAN_POINT('',(0.022,0.00467364396293327,0.0172346014301791));
#6680=CARTESIAN_POINT('',(0.01,0.00468888021880624,0.0174236646654823));
#6681=CARTESIAN_POINT('',(0.022,0.00468888021880624,0.0174236646654823));
#6682=CARTESIAN_POINT('',(0.01,0.00469418705127624,0.0176930334358703));
#6683=CARTESIAN_POINT('',(0.022,0.00469418705127624,0.0176930334358703));
#6684=CARTESIAN_POINT('',(0.01,0.00467614454443952,0.0180585781346982));
#6685=CARTESIAN_POINT('',(0.022,0.00467614454443952,0.0180585781346982));
#6686=CARTESIAN_POINT('',(0.01,0.00463143403090563,0.0184557217012727));
#6687=CARTESIAN_POINT('',(0.022,0.00463143403090563,0.0184557217012727));
#6688=CARTESIAN_POINT('',(0.01,0.00453462207706728,0.0190193437997408));
#6689=CARTESIAN_POINT('',(0.022,0.00453462207706728,0.0190193437997408));
#6690=CARTESIAN_POINT('',(0.01,0.00442017588023994,0.0194721615840092));
#6691=CARTESIAN_POINT('',(0.022,0.00442017588023994,0.0194721615840092));
#6692=CARTESIAN_POINT('',(0.01,0.00432321795578652,0.0197831313625211));
#6693=CARTESIAN_POINT('',(0.022,0.00432321795578652,0.0197831313625211));
#6694=CARTESIAN_POINT('',(0.01,0.00443977649516156,0.0162804794055031));
#6695=CARTESIAN_POINT('',(0.01,0.00453200368842225,0.0166174874482679));
#6696=CARTESIAN_POINT('',(0.01,0.0046351967625138,0.0169945659941602));
#6697=CARTESIAN_POINT('',(0.01,0.00463866173676554,0.0170110805176593));
#6698=CARTESIAN_POINT('',(0.01,0.00464305148580608,0.0170305919901502));
#6699=CARTESIAN_POINT('',(0.01,0.00464764473584232,0.0170539668994013));
#6700=CARTESIAN_POINT('',(0.01,0.00465327391087442,0.0170854506315463));
#6701=CARTESIAN_POINT('',(0.01,0.00465928328516074,0.0171236581063974));
#6702=CARTESIAN_POINT('',(0.01,0.00466551142118993,0.0171690694545464));
#6703=CARTESIAN_POINT('',(0.01,0.00467163950495928,0.0172215646983124));
#6704=CARTESIAN_POINT('',(0.01,0.00467739617634237,0.0172811974450208));
#6705=CARTESIAN_POINT('',(0.01,0.00468249520255973,0.0173479583098055));
#6706=CARTESIAN_POINT('',(0.01,0.00468665441527854,0.0174218456586721));
#6707=CARTESIAN_POINT('',(0.01,0.0046895904038411,0.017502844677339));
#6708=CARTESIAN_POINT('',(0.01,0.00469102035195343,0.0175909334604782));
#6709=CARTESIAN_POINT('',(0.01,0.00469066179534436,0.0176860812450699));
#6710=CARTESIAN_POINT('',(0.01,0.00468823298087279,0.0177882489247716));
#6711=CARTESIAN_POINT('',(0.01,0.00468345305333358,0.0178973889192165));
#6712=CARTESIAN_POINT('',(0.01,0.00467604229093104,0.0180134452358359));
#6713=CARTESIAN_POINT('',(0.01,0.00466572232750176,0.0181363534844433));
#6714=CARTESIAN_POINT('',(0.01,0.00465221637359524,0.0182660409144955));
#6715=CARTESIAN_POINT('',(0.01,0.00463524945311322,0.0184024264465765));
#6716=CARTESIAN_POINT('',(0.01,0.00461454857165322,0.0185454207391588));
#6717=CARTESIAN_POINT('',(0.01,0.00458984314602579,0.0186949261505134));
#6718=CARTESIAN_POINT('',(0.01,0.00456086441799243,0.0188508371322845));
#6719=CARTESIAN_POINT('',(0.01,0.00452734878473835,0.0190130389834954));
#6720=CARTESIAN_POINT('',(0.01,0.00448902602021373,0.0191814129532694));
#6721=CARTESIAN_POINT('',(0.01,0.00444566566921835,0.0193558169234866));
#6722=CARTESIAN_POINT('',(0.01,0.00439689971147499,0.0195361600330589));
#6723=CARTESIAN_POINT('',(0.01,0.00435531569509257,0.0196793734094103));
#6724=CARTESIAN_POINT('',(0.01,0.00432964016986731,0.0197625336186903));
#6725=CARTESIAN_POINT('',(0.01,0.00432321795578652,0.0197831313625211));
#6726=CARTESIAN_POINT('',(0.01,0.00458716545129363,0.0168196187700051));
#6727=CARTESIAN_POINT('',(0.022,0.00443977649516156,0.0162804794055031));
#6728=CARTESIAN_POINT('',(0.022,0.00453200368842225,0.0166174874482679));
#6729=CARTESIAN_POINT('',(0.022,0.0046351967625138,0.0169945659941602));
#6730=CARTESIAN_POINT('',(0.022,0.00463866173676554,0.0170110805176593));
#6731=CARTESIAN_POINT('',(0.022,0.00464305148580608,0.0170305919901502));
#6732=CARTESIAN_POINT('',(0.022,0.00464764473584232,0.0170539668994013));
#6733=CARTESIAN_POINT('',(0.022,0.00465327391087442,0.0170854506315463));
#6734=CARTESIAN_POINT('',(0.022,0.00465928328516074,0.0171236581063974));
#6735=CARTESIAN_POINT('',(0.022,0.00466551142118993,0.0171690694545464));
#6736=CARTESIAN_POINT('',(0.022,0.00467163950495928,0.0172215646983124));
#6737=CARTESIAN_POINT('',(0.022,0.00467739617634237,0.0172811974450208));
#6738=CARTESIAN_POINT('',(0.022,0.00468249520255973,0.0173479583098055));
#6739=CARTESIAN_POINT('',(0.022,0.00468665441527854,0.0174218456586721));
#6740=CARTESIAN_POINT('',(0.022,0.0046895904038411,0.017502844677339));
#6741=CARTESIAN_POINT('',(0.022,0.00469102035195343,0.0175909334604782));
#6742=CARTESIAN_POINT('',(0.022,0.00469066179534436,0.0176860812450699));
#6743=CARTESIAN_POINT('',(0.022,0.00468823298087279,0.0177882489247716));
#6744=CARTESIAN_POINT('',(0.022,0.00468345305333358,0.0178973889192165));
#6745=CARTESIAN_POINT('',(0.022,0.00467604229093104,0.0180134452358359));
#6746=CARTESIAN_POINT('',(0.022,0.00466572232750176,0.0181363534844433));
#6747=CARTESIAN_POINT('',(0.022,0.00465221637359524,0.0182660409144955));
#6748=CARTESIAN_POINT('',(0.022,0.00463524945311322,0.0184024264465765));
#6749=CARTESIAN_POINT('',(0.022,0.00461454857165322,0.0185454207391588));
#6750=CARTESIAN_POINT('',(0.022,0.00458984314602579,0.0186949261505134));
#6751=CARTESIAN_POINT('',(0.022,0.00456086441799243,0.0188508371322845));
#6752=CARTESIAN_POINT('',(0.022,0.00452734878473835,0.0190130389834954));
#6753=CARTESIAN_POINT('',(0.022,0.00448902602021373,0.0191814129532694));
#6754=CARTESIAN_POINT('',(0.022,0.00444566566921835,0.0193558169234866));
#6755=CARTESIAN_POINT('',(0.022,0.00439689971147499,0.0195361600330589));
#6756=CARTESIAN_POINT('',(0.022,0.00435531569509257,0.0196793734094103));
#6757=CARTESIAN_POINT('',(0.022,0.00432964016986731,0.0197625336186903));
#6758=CARTESIAN_POINT('',(0.022,0.00432321795578652,0.0197831313625211));
#6759=CARTESIAN_POINT('',(0.022,0.00458716545129363,0.0168196187700051));
#6760=CARTESIAN_POINT('',(0.01,0.00458716545129365,0.0168196187700052));
#6761=CARTESIAN_POINT('',(0.01,0.00617522905618647,0.0163036256262069));
#6762=CARTESIAN_POINT('',(0.022,0.00617522905618647,0.0163036256262069));
#6763=CARTESIAN_POINT('',(0.01,0.0062024925601023,0.0163755714459209));
#6764=CARTESIAN_POINT('',(0.022,0.0062024925601023,0.0163755714459209));
#6765=CARTESIAN_POINT('',(0.01,0.00624502060015675,0.016487448577396));
#6766=CARTESIAN_POINT('',(0.022,0.00624502060015675,0.016487448577396));
#6767=CARTESIAN_POINT('',(0.01,0.00624993598828724,0.0164976977145637));
#6768=CARTESIAN_POINT('',(0.022,0.00624993598828724,0.0164976977145637));
#6769=CARTESIAN_POINT('',(0.01,0.00629154267987641,0.0165870822188082));
#6770=CARTESIAN_POINT('',(0.022,0.00629154267987641,0.0165870822188082));
#6771=CARTESIAN_POINT('',(0.01,0.00634918715812721,0.0166901844441716));
#6772=CARTESIAN_POINT('',(0.022,0.00634918715812721,0.0166901844441716));
#6773=CARTESIAN_POINT('',(0.01,0.00644798934965723,0.0168520954610457));
#6774=CARTESIAN_POINT('',(0.022,0.00644798934965723,0.0168520954610457));
#6775=CARTESIAN_POINT('',(0.01,0.00660202702266492,0.0170731386519057));
#6776=CARTESIAN_POINT('',(0.022,0.00660202702266492,0.0170731386519057));
#6777=CARTESIAN_POINT('',(0.01,0.00683148550034171,0.0173582654060282));
#6778=CARTESIAN_POINT('',(0.022,0.00683148550034171,0.0173582654060282));
#6779=CARTESIAN_POINT('',(0.01,0.00710109219709314,0.0176532811201159));
#6780=CARTESIAN_POINT('',(0.022,0.00710109219709314,0.0176532811201159));
#6781=CARTESIAN_POINT('',(0.01,0.00751070347035273,0.0180523563374701));
#6782=CARTESIAN_POINT('',(0.022,0.00751070347035273,0.0180523563374701));
#6783=CARTESIAN_POINT('',(0.01,0.00786945200409634,0.0183514238336224));
#6784=CARTESIAN_POINT('',(0.022,0.00786945200409634,0.0183514238336224));
#6785=CARTESIAN_POINT('',(0.01,0.00813067606243641,0.0185460132310889));
#6786=CARTESIAN_POINT('',(0.022,0.00813067606243641,0.0185460132310889));
#6787=CARTESIAN_POINT('',(0.015,0.00617522905608458,0.016303625625938));
#6788=CARTESIAN_POINT('',(0.022,0.00617522905608455,0.016303625625938));
#6789=CARTESIAN_POINT('',(0.022,0.00597757105899395,0.0157808196629541));
#6790=CARTESIAN_POINT('',(0.022,0.00610104604974362,0.0161076746808507));
#6791=CARTESIAN_POINT('',(0.022,0.00623920230733316,0.0164733929997816));
#6792=CARTESIAN_POINT('',(0.022,0.00624610607763985,0.0164887901907111));
#6793=CARTESIAN_POINT('',(0.022,0.00625402325184567,0.0165071555332888));
#6794=CARTESIAN_POINT('',(0.022,0.00626404666143838,0.0165287660767463));
#6795=CARTESIAN_POINT('',(0.022,0.00627799823661513,0.0165575456971645));
#6796=CARTESIAN_POINT('',(0.022,0.00629559434093667,0.0165919884152121));
#6797=CARTESIAN_POINT('',(0.022,0.00631724779377449,0.0166323877741093));
#6798=CARTESIAN_POINT('',(0.022,0.00634314599996331,0.0166784593157044));
#6799=CARTESIAN_POINT('',(0.022,0.00637354000405226,0.016730086907754));
#6800=CARTESIAN_POINT('',(0.022,0.00640865585693835,0.0167870947143355));
#6801=CARTESIAN_POINT('',(0.022,0.00644872087716041,0.0168493155591353));
#6802=CARTESIAN_POINT('',(0.022,0.00649395564114059,0.0169165708725425));
#6803=CARTESIAN_POINT('',(0.022,0.00654457607643826,0.0169886766975278));
#6804=CARTESIAN_POINT('',(0.022,0.00660079261939977,0.0170654421179527));
#6805=CARTESIAN_POINT('',(0.022,0.006662810226973,0.0171466698857803));
#6806=CARTESIAN_POINT('',(0.022,0.00673082814875411,0.0172321564251376));
#6807=CARTESIAN_POINT('',(0.022,0.00680503977282328,0.0173216920207388));
#6808=CARTESIAN_POINT('',(0.022,0.00688563245453544,0.0174150609603031));
#6809=CARTESIAN_POINT('',(0.022,0.0069727873595635,0.0175120416946479));
#6810=CARTESIAN_POINT('',(0.022,0.00706667929095892,0.017612407002252));
#6811=CARTESIAN_POINT('',(0.022,0.00716747659220045,0.0177159241422181));
#6812=CARTESIAN_POINT('',(0.022,0.00727534077731851,0.0178223550759197));
#6813=CARTESIAN_POINT('',(0.022,0.00739042723652832,0.0179314564408139));
#6814=CARTESIAN_POINT('',(0.022,0.00751288180944442,0.0180429805000146));
#6815=CARTESIAN_POINT('',(0.022,0.00764285331351936,0.0181566723471575));
#6816=CARTESIAN_POINT('',(0.022,0.00778044465599162,0.0182722815481004));
#6817=CARTESIAN_POINT('',(0.022,0.00792590016471213,0.0183895182777873));
#6818=CARTESIAN_POINT('',(0.022,0.00804372105121026,0.0184809378615167));
#6819=CARTESIAN_POINT('',(0.022,0.0081133733320493,0.0185331241890077));
#6820=CARTESIAN_POINT('',(0.022,0.00813067606243641,0.0185460132310889));
#6821=CARTESIAN_POINT('',(0.01,3.07053745349598E-16,8.54304966472311E-16));
#6822=CARTESIAN_POINT('',(0.01,0.00496813340337513,0.016127097553071));
#6823=CARTESIAN_POINT('',(0.022,0.00496813340337513,0.016127097553071));
#6824=CARTESIAN_POINT('',(0.01,0.00496813340337513,0.016127097553071));
#6825=CARTESIAN_POINT('',(0.022,3.07053745349598E-16,8.54304966472311E-16));
#6826=CARTESIAN_POINT('',(0.022,0.00545996575032486,0.0159672915363025));
#6827=CARTESIAN_POINT('',(0.01,0.00545996575032486,0.0159672915363025));
#6828=CARTESIAN_POINT('',(0.01,0.00545996575032486,0.0159672915363025));
#6829=CARTESIAN_POINT('',(0.01,3.07053745349598E-16,8.54304966472311E-16));
#6830=CARTESIAN_POINT('',(0.0125,0.00513543708361706,0.0166701833668329));
#6831=CARTESIAN_POINT('',(0.01,0.00513543708361706,0.0166701833668329));
#6832=CARTESIAN_POINT('',(0.022,0.00513543708361706,0.0166701833668329));
#6833=CARTESIAN_POINT('',(0.0125,0.00564383206184614,0.0165049958249403));
#6834=CARTESIAN_POINT('',(0.01,0.00564383206184614,0.0165049958249403));
#6835=CARTESIAN_POINT('',(0.022,0.00564383206184614,0.0165049958249403));
#6836=CARTESIAN_POINT('',(0.01,0.000260182119369832,0.0174319811760063));
#6837=CARTESIAN_POINT('',(0.022,0.000260182119369832,0.0174319811760063));
#6838=CARTESIAN_POINT('',(0.01,0.000261318177205724,0.017508911072618));
#6839=CARTESIAN_POINT('',(0.022,0.000261318177205724,0.017508911072618));
#6840=CARTESIAN_POINT('',(0.01,0.000262961324552103,0.0176285874144938));
#6841=CARTESIAN_POINT('',(0.022,0.000262961324552103,0.0176285874144938));
#6842=CARTESIAN_POINT('',(0.01,0.000262164071284631,0.0176399262962898));
#6843=CARTESIAN_POINT('',(0.022,0.000262164071284631,0.0176399262962898));
#6844=CARTESIAN_POINT('',(0.01,0.000256383778431326,0.017738350351269));
#6845=CARTESIAN_POINT('',(0.022,0.000256383778431326,0.017738350351269));
#6846=CARTESIAN_POINT('',(0.01,0.000240741758605158,0.0178554327238255));
#6847=CARTESIAN_POINT('',(0.022,0.000240741758605158,0.0178554327238255));
#6848=CARTESIAN_POINT('',(0.01,0.000208481224827815,0.0180423452926825));
#6849=CARTESIAN_POINT('',(0.022,0.000208481224827815,0.0180423452926825));
#6850=CARTESIAN_POINT('',(0.01,0.000146632044283648,0.0183045711033824));
#6851=CARTESIAN_POINT('',(0.022,0.000146632044283648,0.0183045711033824));
#6852=CARTESIAN_POINT('',(0.01,3.82491060718276E-5,0.0186541445543176));
#6853=CARTESIAN_POINT('',(0.022,3.82491060718276E-5,0.0186541445543176));
#6854=CARTESIAN_POINT('',(0.01,-0.000103822333222159,0.0190276920728863));
#6855=CARTESIAN_POINT('',(0.022,-0.000103822333222159,0.0190276920728863));
#6856=CARTESIAN_POINT('',(0.01,-0.000337759877577614,0.0195495307928263));
#6857=CARTESIAN_POINT('',(0.022,-0.000337759877577614,0.0195495307928263));
#6858=CARTESIAN_POINT('',(0.01,-0.000561221740355747,0.0199596608619528));
#6859=CARTESIAN_POINT('',(0.022,-0.000561221740355747,0.0199596608619528));
#6860=CARTESIAN_POINT('',(0.01,-0.000732468592449092,0.0202367484977473));
#6861=CARTESIAN_POINT('',(0.022,-0.000732468592449092,0.0202367484977473));
#6862=CARTESIAN_POINT('',(0.01,0.000251502166043875,0.0168731257228906));
#6863=CARTESIAN_POINT('',(0.01,0.000257021380305522,0.0172224820085631));
#6864=CARTESIAN_POINT('',(0.01,0.000263196833185449,0.0176133770124892));
#6865=CARTESIAN_POINT('',(0.01,0.00026244595391385,0.0176302344059203));
#6866=CARTESIAN_POINT('',(0.01,0.000261845485023915,0.0176502245758174));
#6867=CARTESIAN_POINT('',(0.01,0.000260481326119739,0.0176740074141441));
#6868=CARTESIAN_POINT('',(0.01,0.000258103964472174,0.0177059019458529));
#6869=CARTESIAN_POINT('',(0.01,0.000254422730605282,0.017744403533236));
#6870=CARTESIAN_POINT('',(0.01,0.000249161855241196,0.0177899370748236));
#6871=CARTESIAN_POINT('',(0.01,0.000242042377741302,0.0178423070764358));
#6872=CARTESIAN_POINT('',(0.01,0.00023278813165687,0.0179014979767062));
#6873=CARTESIAN_POINT('',(0.01,0.000221124210658843,0.0179674295024136));
#6874=CARTESIAN_POINT('',(0.01,0.000206777717609278,0.018040029898488));
#6875=CARTESIAN_POINT('',(0.01,0.0001894778298795,0.0181192143347011));
#6876=CARTESIAN_POINT('',(0.01,0.000168956064003007,0.0182048912603688));
#6877=CARTESIAN_POINT('',(0.01,0.000144946480295046,0.0182969606329404));
#6878=CARTESIAN_POINT('',(0.01,0.000117185902759488,0.018395314505514));
#6879=CARTESIAN_POINT('',(0.01,8.5414132529912E-5,0.0184998369466986));
#6880=CARTESIAN_POINT('',(0.01,4.93741605708553E-5,0.018610404159053));
#6881=CARTESIAN_POINT('',(0.01,8.81237929197589E-6,0.0187268845484773));
#6882=CARTESIAN_POINT('',(0.01,-3.65212125832588E-5,0.0188491388152829));
#6883=CARTESIAN_POINT('',(0.01,-8.68727886424876E-5,0.0189770200435379));
#6884=CARTESIAN_POINT('',(0.01,-0.000142484548332662,0.019110373807596));
#6885=CARTESIAN_POINT('',(0.01,-0.00020359429146424,0.0192490382420202));
#6886=CARTESIAN_POINT('',(0.01,-0.000270436083932679,0.0193928442769938));
#6887=CARTESIAN_POINT('',(0.01,-0.000343236722012715,0.0195416152597284));
#6888=CARTESIAN_POINT('',(0.01,-0.000422228409963752,0.0196951689676384));
#6889=CARTESIAN_POINT('',(0.01,-0.00050759901947292,0.0198533104356283));
#6890=CARTESIAN_POINT('',(0.01,-0.00059968241254995,0.0200158601342569));
#6891=CARTESIAN_POINT('',(0.01,-0.000675575708995392,0.0201442326746973));
#6892=CARTESIAN_POINT('',(0.01,-0.00072112569344415,0.0202183950096106));
#6893=CARTESIAN_POINT('',(0.01,-0.000732468592449092,0.0202367484977473));
#6894=CARTESIAN_POINT('',(0.01,0.000260182119365585,0.0174319811757187));
#6895=CARTESIAN_POINT('',(0.022,0.000251502166043875,0.0168731257228906));
#6896=CARTESIAN_POINT('',(0.022,0.000257021380305522,0.0172224820085631));
#6897=CARTESIAN_POINT('',(0.022,0.000263196833185449,0.0176133770124892));
#6898=CARTESIAN_POINT('',(0.022,0.00026244595391385,0.0176302344059203));
#6899=CARTESIAN_POINT('',(0.022,0.000261845485023915,0.0176502245758174));
#6900=CARTESIAN_POINT('',(0.022,0.000260481326119739,0.0176740074141441));
#6901=CARTESIAN_POINT('',(0.022,0.000258103964472174,0.0177059019458529));
#6902=CARTESIAN_POINT('',(0.022,0.000254422730605282,0.017744403533236));
#6903=CARTESIAN_POINT('',(0.022,0.000249161855241196,0.0177899370748236));
#6904=CARTESIAN_POINT('',(0.022,0.000242042377741302,0.0178423070764358));
#6905=CARTESIAN_POINT('',(0.022,0.00023278813165687,0.0179014979767062));
#6906=CARTESIAN_POINT('',(0.022,0.000221124210658843,0.0179674295024136));
#6907=CARTESIAN_POINT('',(0.022,0.000206777717609278,0.018040029898488));
#6908=CARTESIAN_POINT('',(0.022,0.0001894778298795,0.0181192143347011));
#6909=CARTESIAN_POINT('',(0.022,0.000168956064003007,0.0182048912603688));
#6910=CARTESIAN_POINT('',(0.022,0.000144946480295046,0.0182969606329404));
#6911=CARTESIAN_POINT('',(0.022,0.000117185902759488,0.018395314505514));
#6912=CARTESIAN_POINT('',(0.022,8.5414132529912E-5,0.0184998369466986));
#6913=CARTESIAN_POINT('',(0.022,4.93741605708553E-5,0.018610404159053));
#6914=CARTESIAN_POINT('',(0.022,8.81237929197589E-6,0.0187268845484773));
#6915=CARTESIAN_POINT('',(0.022,-3.65212125832588E-5,0.0188491388152829));
#6916=CARTESIAN_POINT('',(0.022,-8.68727886424876E-5,0.0189770200435379));
#6917=CARTESIAN_POINT('',(0.022,-0.000142484548332662,0.019110373807596));
#6918=CARTESIAN_POINT('',(0.022,-0.00020359429146424,0.0192490382420202));
#6919=CARTESIAN_POINT('',(0.022,-0.000270436083932679,0.0193928442769938));
#6920=CARTESIAN_POINT('',(0.022,-0.000343236722012715,0.0195416152597284));
#6921=CARTESIAN_POINT('',(0.022,-0.000422228409963752,0.0196951689676384));
#6922=CARTESIAN_POINT('',(0.022,-0.00050759901947292,0.0198533104356283));
#6923=CARTESIAN_POINT('',(0.022,-0.00059968241254995,0.0200158601342569));
#6924=CARTESIAN_POINT('',(0.022,-0.000675575708995392,0.0201442326746973));
#6925=CARTESIAN_POINT('',(0.022,-0.00072112569344415,0.0202183950096106));
#6926=CARTESIAN_POINT('',(0.022,-0.000732468592449092,0.0202367484977473));
#6927=CARTESIAN_POINT('',(0.022,0.000260182119365585,0.0174319811757187));
#6928=CARTESIAN_POINT('',(0.01,0.000260182119365586,0.0174319811757188));
#6929=CARTESIAN_POINT('',(0.01,0.00192667606257504,0.0173271342640894));
#6930=CARTESIAN_POINT('',(0.022,0.00192667606257504,0.0173271342640894));
#6931=CARTESIAN_POINT('',(0.01,0.00193519083559462,0.0174035999312905));
#6932=CARTESIAN_POINT('',(0.022,0.00193519083559462,0.0174035999312905));
#6933=CARTESIAN_POINT('',(0.01,0.00194856006786429,0.0175225385304352));
#6934=CARTESIAN_POINT('',(0.022,0.00194856006786429,0.0175225385304352));
#6935=CARTESIAN_POINT('',(0.01,0.00195077217327211,0.0175336880794314));
#6936=CARTESIAN_POINT('',(0.022,0.00195077217327211,0.0175336880794314));
#6937=CARTESIAN_POINT('',(0.01,0.00196884269186084,0.017630611568545));
#6938=CARTESIAN_POINT('',(0.022,0.00196884269186084,0.017630611568545));
#6939=CARTESIAN_POINT('',(0.01,0.00199903568203452,0.0177448102466989));
#6940=CARTESIAN_POINT('',(0.022,0.00199903568203452,0.0177448102466989));
#6941=CARTESIAN_POINT('',(0.01,0.00205446818851594,0.0179262056371075));
#6942=CARTESIAN_POINT('',(0.022,0.00205446818851594,0.0179262056371075));
#6943=CARTESIAN_POINT('',(0.00999999999999999,0.0021486952785771,0.0181786119611761));
#6944=CARTESIAN_POINT('',(0.022,0.0021486952785771,0.0181786119611761));
#6945=CARTESIAN_POINT('',(0.01,0.00230003675592264,0.0185118449369288));
#6946=CARTESIAN_POINT('',(0.022,0.00230003675592264,0.0185118449369288));
#6947=CARTESIAN_POINT('',(0.01,0.00248780583787525,0.0188646406488566));
#6948=CARTESIAN_POINT('',(0.022,0.00248780583787525,0.0188646406488566));
#6949=CARTESIAN_POINT('',(0.00999999999999999,0.00278530244898884,0.019353044365738));
#6950=CARTESIAN_POINT('',(0.022,0.00278530244898884,0.019353044365738));
#6951=CARTESIAN_POINT('',(0.01,0.00305840517597971,0.0197319332389291));
#6952=CARTESIAN_POINT('',(0.022,0.00305840517597971,0.0197319332389291));
#6953=CARTESIAN_POINT('',(0.01,0.00326302998487016,0.0199853730342428));
#6954=CARTESIAN_POINT('',(0.022,0.00326302998487016,0.0199853730342428));
#6955=CARTESIAN_POINT('',(0.015,0.00192667606254322,0.0173271342638036));
#6956=CARTESIAN_POINT('',(0.022,0.00192667606254321,0.0173271342638036));
#6957=CARTESIAN_POINT('',(0.01,0.00192667606254321,0.0173271342638036));
#6958=CARTESIAN_POINT('',(0.022,0.00186524441084241,0.016771597666526));
#6959=CARTESIAN_POINT('',(0.022,0.00190355467018306,0.0171188909145083));
#6960=CARTESIAN_POINT('',(0.022,0.00194642004741982,0.0175074775840521));
#6961=CARTESIAN_POINT('',(0.022,0.00194927779741226,0.0175241079417737));
#6962=CARTESIAN_POINT('',(0.022,0.00195237896405834,0.0175438652245027));
#6963=CARTESIAN_POINT('',(0.022,0.00195671314619293,0.0175672895535991));
#6964=CARTESIAN_POINT('',(0.022,0.00196306920642591,0.0175986346249763));
#6965=CARTESIAN_POINT('',(0.022,0.0019715469411083,0.0176363712348989));
#6966=CARTESIAN_POINT('',(0.022,0.00198247319890161,0.0176808863683902));
#6967=CARTESIAN_POINT('',(0.022,0.00199610023883876,0.0177319511097613));
#6968=CARTESIAN_POINT('',(0.022,0.00201270009935717,0.0177895154075175));
#6969=CARTESIAN_POINT('',(0.022,0.00203253545816503,0.0178534651665172));
#6970=CARTESIAN_POINT('',(0.022,0.00205586806722987,0.0179236949944197));
#6971=CARTESIAN_POINT('',(0.022,0.00208295598161622,0.0180000867868325));
#6972=CARTESIAN_POINT('',(0.022,0.00211405409337499,0.0180825160650751));
#6973=CARTESIAN_POINT('',(0.022,0.00214941370652074,0.0181708502443815));
#6974=CARTESIAN_POINT('',(0.022,0.00218928239249398,0.0182649492443449));
#6975=CARTESIAN_POINT('',(0.022,0.00223390376835923,0.0183646654361625));
#6976=CARTESIAN_POINT('',(0.022,0.00228351730062535,0.0184698437867995));
#6977=CARTESIAN_POINT('',(0.022,0.00233835810399699,0.0185803219543553));
#6978=CARTESIAN_POINT('',(0.022,0.00239865674953557,0.0186959304040928));
#6979=CARTESIAN_POINT('',(0.022,0.00246463905622767,0.0188164925248242));
#6980=CARTESIAN_POINT('',(0.022,0.00253652595903964,0.0189418247529557));
#6981=CARTESIAN_POINT('',(0.022,0.00261453309554077,0.0190717366951884));
#6982=CARTESIAN_POINT('',(0.022,0.00269887149588023,0.0192060312786362));
#6983=CARTESIAN_POINT('',(0.022,0.00278974402751117,0.01934450481836));
#6984=CARTESIAN_POINT('',(0.022,0.00288735822514719,0.0194869474257433));
#6985=CARTESIAN_POINT('',(0.022,0.00299187604344519,0.0196331421264823));
#6986=CARTESIAN_POINT('',(0.022,0.00310360621080786,0.0197828689627742));
#6987=CARTESIAN_POINT('',(0.022,0.00319499041153685,0.0199007172951408));
#6988=CARTESIAN_POINT('',(0.022,0.00324947622599648,0.0199685859110523));
#6989=CARTESIAN_POINT('',(0.022,0.00326302998487016,0.0199853730342428));
#6990=CARTESIAN_POINT('',(0.01,0.00186524441084241,0.016771597666526));
#6991=CARTESIAN_POINT('',(0.01,0.00190355467018306,0.0171188909145083));
#6992=CARTESIAN_POINT('',(0.01,0.00194642004741982,0.0175074775840521));
#6993=CARTESIAN_POINT('',(0.01,0.00194927779741226,0.0175241079417737));
#6994=CARTESIAN_POINT('',(0.01,0.00195237896405834,0.0175438652245027));
#6995=CARTESIAN_POINT('',(0.01,0.00195671314619293,0.0175672895535991));
#6996=CARTESIAN_POINT('',(0.01,0.00196306920642591,0.0175986346249763));
#6997=CARTESIAN_POINT('',(0.01,0.0019715469411083,0.0176363712348989));
#6998=CARTESIAN_POINT('',(0.01,0.00198247319890161,0.0176808863683902));
#6999=CARTESIAN_POINT('',(0.01,0.00199610023883876,0.0177319511097613));
#7000=CARTESIAN_POINT('',(0.01,0.00201270009935717,0.0177895154075175));
#7001=CARTESIAN_POINT('',(0.01,0.00203253545816503,0.0178534651665172));
#7002=CARTESIAN_POINT('',(0.01,0.00205586806722987,0.0179236949944197));
#7003=CARTESIAN_POINT('',(0.01,0.00208295598161622,0.0180000867868325));
#7004=CARTESIAN_POINT('',(0.01,0.00211405409337499,0.0180825160650751));
#7005=CARTESIAN_POINT('',(0.01,0.00214941370652074,0.0181708502443815));
#7006=CARTESIAN_POINT('',(0.01,0.00218928239249398,0.0182649492443449));
#7007=CARTESIAN_POINT('',(0.01,0.00223390376835923,0.0183646654361625));
#7008=CARTESIAN_POINT('',(0.01,0.00228351730062535,0.0184698437867995));
#7009=CARTESIAN_POINT('',(0.01,0.00233835810399699,0.0185803219543553));
#7010=CARTESIAN_POINT('',(0.01,0.00239865674953557,0.0186959304040928));
#7011=CARTESIAN_POINT('',(0.01,0.00246463905622767,0.0188164925248242));
#7012=CARTESIAN_POINT('',(0.01,0.00253652595903964,0.0189418247529557));
#7013=CARTESIAN_POINT('',(0.01,0.00261453309554077,0.0190717366951884));
#7014=CARTESIAN_POINT('',(0.01,0.00269887149588023,0.0192060312786362));
#7015=CARTESIAN_POINT('',(0.01,0.00278974402751117,0.01934450481836));
#7016=CARTESIAN_POINT('',(0.01,0.00288735822514719,0.0194869474257433));
#7017=CARTESIAN_POINT('',(0.01,0.00299187604344519,0.0196331421264823));
#7018=CARTESIAN_POINT('',(0.01,0.00310360621080786,0.0197828689627742));
#7019=CARTESIAN_POINT('',(0.01,0.00319499041153685,0.0199007172951408));
#7020=CARTESIAN_POINT('',(0.01,0.00324947622599648,0.0199685859110523));
#7021=CARTESIAN_POINT('',(0.01,0.00326302998487016,0.0199853730342428));
#7022=CARTESIAN_POINT('',(0.01,8.17888113028123E-17,8.98701420818824E-16));
#7023=CARTESIAN_POINT('',(0.01,0.000801404285980008,0.0168559596632886));
#7024=CARTESIAN_POINT('',(0.022,0.000801404285980008,0.0168559596632886));
#7025=CARTESIAN_POINT('',(0.01,0.000801404285980008,0.0168559596632886));
#7026=CARTESIAN_POINT('',(0.022,8.17888113028123E-17,8.98701420818824E-16));
#7027=CARTESIAN_POINT('',(0.022,0.00131752695561229,0.0168234879772666));
#7028=CARTESIAN_POINT('',(0.01,0.00131752695561229,0.0168234879772666));
#7029=CARTESIAN_POINT('',(0.01,0.00131752695561229,0.0168234879772666));
#7030=CARTESIAN_POINT('',(0.01,8.17888113028123E-17,8.98701420818824E-16));
#7031=CARTESIAN_POINT('',(0.0125,0.000828391863711922,0.0174235901709078));
#7032=CARTESIAN_POINT('',(0.01,0.000828391863711922,0.0174235901709078));
#7033=CARTESIAN_POINT('',(0.022,0.000828391863711922,0.0174235901709078));
#7034=CARTESIAN_POINT('',(0.0125,0.00136189514998126,0.0173900249891734));
#7035=CARTESIAN_POINT('',(0.01,0.00136189514998126,0.0173900249891734));
#7036=CARTESIAN_POINT('',(0.022,0.00136189514998126,0.0173900249891734));
#7037=CARTESIAN_POINT('',(0.01,-0.00408314941207252,0.0169490280940994));
#7038=CARTESIAN_POINT('',(0.022,-0.00408314941207252,0.0169490280940994));
#7039=CARTESIAN_POINT('',(0.01,-0.00410118073289057,0.0170238236226399));
#7040=CARTESIAN_POINT('',(0.022,-0.00410118073289057,0.0170238236226399));
#7041=CARTESIAN_POINT('',(0.01,-0.00412935150399701,0.0171401487462944));
#7042=CARTESIAN_POINT('',(0.022,-0.00412935150399701,0.0171401487462944));
#7043=CARTESIAN_POINT('',(0.01,-0.00413294357532146,0.0171509331274429));
#7044=CARTESIAN_POINT('',(0.022,-0.00413294357532146,0.0171509331274429));
#7045=CARTESIAN_POINT('',(0.01,-0.00416301933677264,0.0172448275093682));
#7046=CARTESIAN_POINT('',(0.022,-0.00416301933677264,0.0172448275093682));
#7047=CARTESIAN_POINT('',(0.01,-0.00420728713580238,0.0173543415117459));
#7048=CARTESIAN_POINT('',(0.022,-0.00420728713580238,0.0173543415117459));
#7049=CARTESIAN_POINT('',(0.01,-0.00428501741124687,0.0175273590100391));
#7050=CARTESIAN_POINT('',(0.022,-0.00428501741124687,0.0175273590100391));
#7051=CARTESIAN_POINT('',(0.00999999999999999,-0.00441013639332624,0.0177659652489656));
#7052=CARTESIAN_POINT('',(0.022,-0.00441013639332624,0.0177659652489656));
#7053=CARTESIAN_POINT('',(0.01,-0.00460204966430074,0.0180776024664445));
#7054=CARTESIAN_POINT('',(0.022,-0.00460204966430074,0.0180776024664445));
#7055=CARTESIAN_POINT('',(0.01,-0.00483255515832178,0.0184040825726042));
#7056=CARTESIAN_POINT('',(0.022,-0.00483255515832178,0.0184040825726042));
#7057=CARTESIAN_POINT('',(0.01,-0.00518891913692037,0.0188513488680537));
#7058=CARTESIAN_POINT('',(0.022,-0.00518891913692037,0.0188513488680537));
#7059=CARTESIAN_POINT('',(0.01,-0.00550735573497578,0.0191930212414418));
#7060=CARTESIAN_POINT('',(0.022,-0.00550735573497578,0.0191930212414418));
#7061=CARTESIAN_POINT('',(0.01,-0.0057421314451901,0.0194188162993052));
#7062=CARTESIAN_POINT('',(0.022,-0.0057421314451901,0.0194188162993052));
#7063=CARTESIAN_POINT('',(0.01,-0.00395257496912662,0.0164055714960934));
#7064=CARTESIAN_POINT('',(0.01,-0.00403411052639433,0.0167453246844021));
#7065=CARTESIAN_POINT('',(0.01,-0.0041253407211422,0.0171254747756543));
#7066=CARTESIAN_POINT('',(0.01,-0.00413026027343096,0.0171416158269907));
#7067=CARTESIAN_POINT('',(0.01,-0.00413581323058265,0.0171608286384006));
#7068=CARTESIAN_POINT('',(0.01,-0.00414304908330626,0.0171835250426038));
#7069=CARTESIAN_POINT('',(0.01,-0.00415328360325785,0.0172138263231491));
#7070=CARTESIAN_POINT('',(0.01,-0.00416642413981546,0.0172502028267301));
#7071=CARTESIAN_POINT('',(0.01,-0.00418284346642556,0.0172929975218778));
#7072=CARTESIAN_POINT('',(0.01,-0.00420276316223977,0.0173419516815315));
#7073=CARTESIAN_POINT('',(0.01,-0.0042264468474755,0.0173969815534109));
#7074=CARTESIAN_POINT('',(0.01,-0.00425414082863572,0.0174579410198017));
#7075=CARTESIAN_POINT('',(0.01,-0.00428609158453264,0.017524692713193));
#7076=CARTESIAN_POINT('',(0.01,-0.00432254033298416,0.017597087117605));
#7077=CARTESIAN_POINT('',(0.01,-0.00436372435482567,0.0176749687894636));
#7078=CARTESIAN_POINT('',(0.01,-0.00440987635518709,0.017758174692729));
#7079=CARTESIAN_POINT('',(0.01,-0.00446122439660381,0.0178465348226407));
#7080=CARTESIAN_POINT('',(0.01,-0.00451799167235183,0.0179398721811788));
#7081=CARTESIAN_POINT('',(0.01,-0.00458039632988347,0.0180380029446782));
#7082=CARTESIAN_POINT('',(0.01,-0.0046486512831184,0.0181407365836668));
#7083=CARTESIAN_POINT('',(0.01,-0.00472296403665954,0.0182478760020226));
#7084=CARTESIAN_POINT('',(0.01,-0.00480353649359203,0.0183592176785661));
#7085=CARTESIAN_POINT('',(0.01,-0.00489056484012531,0.0184745518066636));
#7086=CARTESIAN_POINT('',(0.01,-0.00498423915085416,0.0185936624677701));
#7087=CARTESIAN_POINT('',(0.01,-0.00508474409210997,0.0187163276938874));
#7088=CARTESIAN_POINT('',(0.01,-0.00519225540318337,0.0188423199801591));
#7089=CARTESIAN_POINT('',(0.01,-0.00530695267629576,0.018971405082006));
#7090=CARTESIAN_POINT('',(0.01,-0.00542896939495212,0.0191033474377312));
#7091=CARTESIAN_POINT('',(0.01,-0.00555858428511675,0.0192378901300353));
#7092=CARTESIAN_POINT('',(0.01,-0.00566401820669353,0.0193433557157275));
#7093=CARTESIAN_POINT('',(0.01,-0.00572658057732175,0.0194038602840217));
#7094=CARTESIAN_POINT('',(0.01,-0.0057421314451901,0.0194188162993052));
#7095=CARTESIAN_POINT('',(0.01,-0.00408314941200512,0.0169490280938198));
#7096=CARTESIAN_POINT('',(0.022,-0.00395257496912662,0.0164055714960934));
#7097=CARTESIAN_POINT('',(0.022,-0.00403411052639433,0.0167453246844021));
#7098=CARTESIAN_POINT('',(0.022,-0.0041253407211422,0.0171254747756543));
#7099=CARTESIAN_POINT('',(0.022,-0.00413026027343096,0.0171416158269907));
#7100=CARTESIAN_POINT('',(0.022,-0.00413581323058265,0.0171608286384006));
#7101=CARTESIAN_POINT('',(0.022,-0.00414304908330626,0.0171835250426038));
#7102=CARTESIAN_POINT('',(0.022,-0.00415328360325785,0.0172138263231491));
#7103=CARTESIAN_POINT('',(0.022,-0.00416642413981546,0.0172502028267301));
#7104=CARTESIAN_POINT('',(0.022,-0.00418284346642556,0.0172929975218778));
#7105=CARTESIAN_POINT('',(0.022,-0.00420276316223977,0.0173419516815315));
#7106=CARTESIAN_POINT('',(0.022,-0.0042264468474755,0.0173969815534109));
#7107=CARTESIAN_POINT('',(0.022,-0.00425414082863572,0.0174579410198017));
#7108=CARTESIAN_POINT('',(0.022,-0.00428609158453264,0.017524692713193));
#7109=CARTESIAN_POINT('',(0.022,-0.00432254033298416,0.017597087117605));
#7110=CARTESIAN_POINT('',(0.022,-0.00436372435482567,0.0176749687894636));
#7111=CARTESIAN_POINT('',(0.022,-0.00440987635518709,0.017758174692729));
#7112=CARTESIAN_POINT('',(0.022,-0.00446122439660381,0.0178465348226407));
#7113=CARTESIAN_POINT('',(0.022,-0.00451799167235183,0.0179398721811788));
#7114=CARTESIAN_POINT('',(0.022,-0.00458039632988347,0.0180380029446782));
#7115=CARTESIAN_POINT('',(0.022,-0.0046486512831184,0.0181407365836668));
#7116=CARTESIAN_POINT('',(0.022,-0.00472296403665954,0.0182478760020226));
#7117=CARTESIAN_POINT('',(0.022,-0.00480353649359203,0.0183592176785661));
#7118=CARTESIAN_POINT('',(0.022,-0.00489056484012531,0.0184745518066636));
#7119=CARTESIAN_POINT('',(0.022,-0.00498423915085416,0.0185936624677701));
#7120=CARTESIAN_POINT('',(0.022,-0.00508474409210997,0.0187163276938874));
#7121=CARTESIAN_POINT('',(0.022,-0.00519225540318337,0.0188423199801591));
#7122=CARTESIAN_POINT('',(0.022,-0.00530695267629576,0.018971405082006));
#7123=CARTESIAN_POINT('',(0.022,-0.00542896939495212,0.0191033474377312));
#7124=CARTESIAN_POINT('',(0.022,-0.00555858428511675,0.0192378901300353));
#7125=CARTESIAN_POINT('',(0.022,-0.00566401820669353,0.0193433557157275));
#7126=CARTESIAN_POINT('',(0.022,-0.00572658057732175,0.0194038602840217));
#7127=CARTESIAN_POINT('',(0.022,-0.0057421314451901,0.0194188162993052));
#7128=CARTESIAN_POINT('',(0.022,-0.00408314941200512,0.0169490280938198));
#7129=CARTESIAN_POINT('',(0.01,-0.00408314941200513,0.0169490280938198));
#7130=CARTESIAN_POINT('',(0.01,-0.00244293707386689,0.0172619153314169));
#7131=CARTESIAN_POINT('',(0.022,-0.00244293707386689,0.0172619153314169));
#7132=CARTESIAN_POINT('',(0.01,-0.00245370604624753,0.0173380962270139));
#7133=CARTESIAN_POINT('',(0.022,-0.00245370604624753,0.0173380962270139));
#7134=CARTESIAN_POINT('',(0.00999999999999999,-0.00247033565979474,0.0174566229442182));
#7135=CARTESIAN_POINT('',(0.022,-0.00247033565979474,0.0174566229442182));
#7136=CARTESIAN_POINT('',(0.01,-0.0024709658318279,0.0174679723378745));
#7137=CARTESIAN_POINT('',(0.022,-0.0024709658318279,0.0174679723378745));
#7138=CARTESIAN_POINT('',(0.01,-0.00247756692338129,0.0175663447525766));
#7139=CARTESIAN_POINT('',(0.022,-0.00247756692338129,0.0175663447525766));
#7140=CARTESIAN_POINT('',(0.01,-0.00247672255789938,0.017684464360579));
#7141=CARTESIAN_POINT('',(0.022,-0.00247672255789938,0.017684464360579));
#7142=CARTESIAN_POINT('',(0.01,-0.00246814276471528,0.0178739463850173));
#7143=CARTESIAN_POINT('',(0.022,-0.00246814276471528,0.0178739463850173));
#7144=CARTESIAN_POINT('',(0.00999999999999999,-0.00243964689221221,0.0181418562246677));
#7145=CARTESIAN_POINT('',(0.022,-0.00243964689221221,0.0181418562246677));
#7146=CARTESIAN_POINT('',(0.01,-0.00237593175681453,0.018502257168639));
#7147=CARTESIAN_POINT('',(0.022,-0.00237593175681453,0.018502257168639));
#7148=CARTESIAN_POINT('',(0.01,-0.00228179851164621,0.0188906654263344));
#7149=CARTESIAN_POINT('',(0.022,-0.00228179851164621,0.0188906654263344));
#7150=CARTESIAN_POINT('',(0.00999999999999999,-0.00211510936887088,0.0194377094409881));
#7151=CARTESIAN_POINT('',(0.022,-0.00211510936887088,0.0194377094409881));
#7152=CARTESIAN_POINT('',(0.01,-0.0019448124973712,0.01987261270986));
#7153=CARTESIAN_POINT('',(0.022,-0.0019448124973712,0.01987261270986));
#7154=CARTESIAN_POINT('',(0.01,-0.00180964426723033,0.0201689783485947));
#7155=CARTESIAN_POINT('',(0.022,-0.00180964426723033,0.0201689783485947));
#7156=CARTESIAN_POINT('',(0.015,-0.00244293707382664,0.0172619153311322));
#7157=CARTESIAN_POINT('',(0.022,-0.00244293707382663,0.0172619153311321));
#7158=CARTESIAN_POINT('',(0.01,-0.00244293707382663,0.0172619153311321));
#7159=CARTESIAN_POINT('',(0.022,-0.00236428240353145,0.0167085545070886));
#7160=CARTESIAN_POINT('',(0.022,-0.00241354405008947,0.0170544642731307));
#7161=CARTESIAN_POINT('',(0.022,-0.00246866294250512,0.0174415029637181));
#7162=CARTESIAN_POINT('',(0.022,-0.00247003077576903,0.0174583215416939));
#7163=CARTESIAN_POINT('',(0.022,-0.00247194047438834,0.0174782293418382));
#7164=CARTESIAN_POINT('',(0.022,-0.0024735678523154,0.0175019956198277));
#7165=CARTESIAN_POINT('',(0.022,-0.0024752066816666,0.0175339366160502));
#7166=CARTESIAN_POINT('',(0.022,-0.00247638000387236,0.017572595987861));
#7167=CARTESIAN_POINT('',(0.022,-0.00247686747808468,0.0176184298463937));
#7168=CARTESIAN_POINT('',(0.022,-0.00247636784143519,0.0176712792020375));
#7169=CARTESIAN_POINT('',(0.022,-0.00247460515477371,0.0177311632289656));
#7170=CARTESIAN_POINT('',(0.022,-0.00247129661858733,0.0177980367418348));
#7171=CARTESIAN_POINT('',(0.022,-0.0024661624943186,0.0178718627544656));
#7172=CARTESIAN_POINT('',(0.022,-0.00245892346280936,0.0179525910486174));
#7173=CARTESIAN_POINT('',(0.022,-0.00244930168332213,0.0180401644454115));
#7174=CARTESIAN_POINT('',(0.022,-0.00243702077452966,0.0181345170222432));
#7175=CARTESIAN_POINT('',(0.022,-0.00242180610632288,0.0182355746681029));
#7176=CARTESIAN_POINT('',(0.022,-0.00240338500152503,0.0183432549773184));
#7177=CARTESIAN_POINT('',(0.022,-0.00238148696176007,0.0184574673404018));
#7178=CARTESIAN_POINT('',(0.022,-0.00235584388609515,0.0185781129863712));
#7179=CARTESIAN_POINT('',(0.022,-0.00232619028570812,0.0187050850474263));
#7180=CARTESIAN_POINT('',(0.022,-0.00229226351471478,0.0188382686198428));
#7181=CARTESIAN_POINT('',(0.022,-0.00225380392881757,0.0189775408513067));
#7182=CARTESIAN_POINT('',(0.022,-0.00221055531620992,0.0191227709569573));
#7183=CARTESIAN_POINT('',(0.022,-0.00216226426660908,0.0192738205363796));
#7184=CARTESIAN_POINT('',(0.022,-0.00210868363163147,0.0194305427548558));
#7185=CARTESIAN_POINT('',(0.022,-0.00204956019947174,0.0195927859295902));
#7186=CARTESIAN_POINT('',(0.022,-0.0019846831442613,0.0197603801794116));
#7187=CARTESIAN_POINT('',(0.022,-0.00191369873558669,0.0199331892345272));
#7188=CARTESIAN_POINT('',(0.022,-0.0018544932260462,0.0200700614713926));
#7189=CARTESIAN_POINT('',(0.022,-0.00181859742207331,0.0201493479409836));
#7190=CARTESIAN_POINT('',(0.022,-0.00180964426723033,0.0201689783485947));
#7191=CARTESIAN_POINT('',(0.01,-0.00236428240353145,0.0167085545070886));
#7192=CARTESIAN_POINT('',(0.01,-0.00241354405008947,0.0170544642731307));
#7193=CARTESIAN_POINT('',(0.01,-0.00246866294250512,0.0174415029637181));
#7194=CARTESIAN_POINT('',(0.01,-0.00247003077576903,0.0174583215416939));
#7195=CARTESIAN_POINT('',(0.01,-0.00247194047438834,0.0174782293418382));
#7196=CARTESIAN_POINT('',(0.01,-0.0024735678523154,0.0175019956198277));
#7197=CARTESIAN_POINT('',(0.01,-0.0024752066816666,0.0175339366160502));
#7198=CARTESIAN_POINT('',(0.01,-0.00247638000387236,0.017572595987861));
#7199=CARTESIAN_POINT('',(0.01,-0.00247686747808468,0.0176184298463937));
#7200=CARTESIAN_POINT('',(0.01,-0.00247636784143519,0.0176712792020375));
#7201=CARTESIAN_POINT('',(0.01,-0.00247460515477371,0.0177311632289656));
#7202=CARTESIAN_POINT('',(0.01,-0.00247129661858733,0.0177980367418348));
#7203=CARTESIAN_POINT('',(0.01,-0.0024661624943186,0.0178718627544656));
#7204=CARTESIAN_POINT('',(0.01,-0.00245892346280936,0.0179525910486174));
#7205=CARTESIAN_POINT('',(0.01,-0.00244930168332213,0.0180401644454115));
#7206=CARTESIAN_POINT('',(0.01,-0.00243702077452966,0.0181345170222432));
#7207=CARTESIAN_POINT('',(0.01,-0.00242180610632288,0.0182355746681029));
#7208=CARTESIAN_POINT('',(0.01,-0.00240338500152503,0.0183432549773184));
#7209=CARTESIAN_POINT('',(0.01,-0.00238148696176007,0.0184574673404018));
#7210=CARTESIAN_POINT('',(0.01,-0.00235584388609515,0.0185781129863712));
#7211=CARTESIAN_POINT('',(0.01,-0.00232619028570812,0.0187050850474263));
#7212=CARTESIAN_POINT('',(0.01,-0.00229226351471478,0.0188382686198428));
#7213=CARTESIAN_POINT('',(0.01,-0.00225380392881757,0.0189775408513067));
#7214=CARTESIAN_POINT('',(0.01,-0.00221055531620992,0.0191227709569573));
#7215=CARTESIAN_POINT('',(0.01,-0.00216226426660908,0.0192738205363796));
#7216=CARTESIAN_POINT('',(0.01,-0.00210868363163147,0.0194305427548558));
#7217=CARTESIAN_POINT('',(0.01,-0.00204956019947174,0.0195927859295902));
#7218=CARTESIAN_POINT('',(0.01,-0.0019846831442613,0.0197603801794116));
#7219=CARTESIAN_POINT('',(0.01,-0.00191369873558669,0.0199331892345272));
#7220=CARTESIAN_POINT('',(0.01,-0.0018544932260462,0.0200700614713926));
#7221=CARTESIAN_POINT('',(0.01,-0.00181859742207331,0.0201493479409836));
#7222=CARTESIAN_POINT('',(0.01,-0.00180964426723033,0.0201689783485947));
#7223=CARTESIAN_POINT('',(0.01,-1.47439959829611E-16,8.85681967882379E-16));
#7224=CARTESIAN_POINT('',(0.01,-0.00341568001006204,0.0165256998359786));
#7225=CARTESIAN_POINT('',(0.022,-0.00341568001006204,0.0165256998359786));
#7226=CARTESIAN_POINT('',(0.01,-0.00341568001006204,0.0165256998359786));
#7227=CARTESIAN_POINT('',(0.022,-1.47439959829611E-16,8.85681967882379E-16));
#7228=CARTESIAN_POINT('',(0.022,-0.0029076969032466,0.0166226027961583));
#7229=CARTESIAN_POINT('',(0.01,-0.0029076969032466,0.0166226027961583));
#7230=CARTESIAN_POINT('',(0.01,-0.0029076969032466,0.0166226027961583));
#7231=CARTESIAN_POINT('',(0.01,-1.47439959829611E-16,8.85681967882379E-16));
#7232=CARTESIAN_POINT('',(0.0125,-0.00353070426360241,0.0170822087250624));
#7233=CARTESIAN_POINT('',(0.01,-0.00353070426360241,0.0170822087250624));
#7234=CARTESIAN_POINT('',(0.022,-0.00353070426360241,0.0170822087250624));
#7235=CARTESIAN_POINT('',(0.0125,-0.00300561464285696,0.0171823749272987));
#7236=CARTESIAN_POINT('',(0.01,-0.00300561464285696,0.0171823749272987));
#7237=CARTESIAN_POINT('',(0.022,-0.00300561464285696,0.0171823749272987));
#7238=CARTESIAN_POINT('',(0.01,-0.00816992164918123,0.0154011052428752));
#7239=CARTESIAN_POINT('',(0.022,-0.00816992164918123,0.0154011052428752));
#7240=CARTESIAN_POINT('',(0.01,-0.00820598737445167,0.0154690667252076));
#7241=CARTESIAN_POINT('',(0.022,-0.00820598737445167,0.0154690667252076));
#7242=CARTESIAN_POINT('',(0.01,-0.00826220199085746,0.0155747314953077));
#7243=CARTESIAN_POINT('',(0.022,-0.00826220199085746,0.0155747314953077));
#7244=CARTESIAN_POINT('',(0.01,-0.00826836317718686,0.015584283753479));
#7245=CARTESIAN_POINT('',(0.022,-0.00826836317718686,0.015584283753479));
#7246=CARTESIAN_POINT('',(0.01,-0.00832084463653304,0.0156677487330148));
#7247=CARTESIAN_POINT('',(0.022,-0.00832084463653304,0.0156677487330148));
#7248=CARTESIAN_POINT('',(0.01,-0.00839095670614773,0.0157628131976798));
#7249=CARTESIAN_POINT('',(0.022,-0.00839095670614773,0.0157628131976798));
#7250=CARTESIAN_POINT('',(0.01,-0.00850927264418125,0.0159110642996776));
#7251=CARTESIAN_POINT('',(0.022,-0.00850927264418125,0.0159110642996776));
#7252=CARTESIAN_POINT('',(0.01,-0.00868979974199634,0.0161110584593066));
#7253=CARTESIAN_POINT('',(0.022,-0.00868979974199634,0.0161110584593066));
#7254=CARTESIAN_POINT('',(0.01,-0.00895318472911054,0.0163651781308336));
#7255=CARTESIAN_POINT('',(0.022,-0.00895318472911054,0.0163651781308336));
#7256=CARTESIAN_POINT('',(0.01,-0.0092576407699294,0.0166240768788044));
#7257=CARTESIAN_POINT('',(0.022,-0.0092576407699294,0.0166240768788044));
#7258=CARTESIAN_POINT('',(0.01,-0.00971403952338072,0.0169686673634897));
#7259=CARTESIAN_POINT('',(0.022,-0.00971403952338072,0.0169686673634897));
#7260=CARTESIAN_POINT('',(0.01,-0.0101074423141297,0.0172204135093373));
#7261=CARTESIAN_POINT('',(0.022,-0.0101074423141297,0.0172204135093373));
#7262=CARTESIAN_POINT('',(0.01,-0.0103909950611476,0.0173807284553671));
#7263=CARTESIAN_POINT('',(0.022,-0.0103909950611476,0.0173807284553671));
#7264=CARTESIAN_POINT('',(0.022,-0.00790829728243299,0.0149071948767252));
#7265=CARTESIAN_POINT('',(0.022,-0.00807176443230013,0.0152159970253239));
#7266=CARTESIAN_POINT('',(0.022,-0.0082546679460186,0.0155615159755744));
#7267=CARTESIAN_POINT('',(0.022,-0.00826344705776137,0.0155759264831982));
#7268=CARTESIAN_POINT('',(0.022,-0.00827360359045461,0.0155931547245203));
#7269=CARTESIAN_POINT('',(0.022,-0.00828625648175944,0.0156133385960523));
#7270=CARTESIAN_POINT('',(0.022,-0.00830370508748656,0.0156401426845372));
#7271=CARTESIAN_POINT('',(0.022,-0.00832547925849547,0.0156721084348127));
#7272=CARTESIAN_POINT('',(0.022,-0.0083520253496746,0.0157094753354363));
#7273=CARTESIAN_POINT('',(0.022,-0.0083834936360556,0.0157519376832398));
#7274=CARTESIAN_POINT('',(0.022,-0.00842011862739678,0.0157993487974923));
#7275=CARTESIAN_POINT('',(0.022,-0.00846210255403154,0.0158515058970999));
#7276=CARTESIAN_POINT('',(0.022,-0.00850964998927616,0.0159082146334167));
#7277=CARTESIAN_POINT('',(0.022,-0.00856295738953509,0.0159692701993503));
#7278=CARTESIAN_POINT('',(0.022,-0.00862221592378509,0.0160344630255285));
#7279=CARTESIAN_POINT('',(0.022,-0.00868761044088206,0.0161035773265754));
#7280=CARTESIAN_POINT('',(0.022,-0.00875931955989285,0.016176391721897));
#7281=CARTESIAN_POINT('',(0.022,-0.00883751544444862,0.0162526792682808));
#7282=CARTESIAN_POINT('',(0.022,-0.00892236367341186,0.016332207666155));
#7283=CARTESIAN_POINT('',(0.022,-0.00901402308886693,0.0164147394223423));
#7284=CARTESIAN_POINT('',(0.022,-0.00911264566046579,0.0165000320285618));
#7285=CARTESIAN_POINT('',(0.022,-0.00921837633447772,0.0165878381463705));
#7286=CARTESIAN_POINT('',(0.022,-0.00933135295677354,0.0166779057710697));
#7287=CARTESIAN_POINT('',(0.022,-0.00945170593364655,0.0167699784979631));
#7288=CARTESIAN_POINT('',(0.022,-0.00957955892859931,0.0168637954079358));
#7289=CARTESIAN_POINT('',(0.022,-0.0097150255815924,0.0169590924390308));
#7290=CARTESIAN_POINT('',(0.022,-0.00985822158836942,0.017055598043124));
#7291=CARTESIAN_POINT('',(0.022,-0.0100092176569937,0.0171530508631241));
#7292=CARTESIAN_POINT('',(0.022,-0.0101682198640067,0.0172511327369329));
#7293=CARTESIAN_POINT('',(0.022,-0.0102965696096633,0.0173270645772527));
#7294=CARTESIAN_POINT('',(0.022,-0.0103722133426361,0.0173701096543814));
#7295=CARTESIAN_POINT('',(0.022,-0.0103909950611476,0.0173807284553671));
#7296=CARTESIAN_POINT('',(0.022,-0.00816992164904642,0.0154011052426212));
#7297=CARTESIAN_POINT('',(0.01,-0.00816992164904646,0.0154011052426213));
#7298=CARTESIAN_POINT('',(0.01,-0.00665905148946366,0.0161120667735878));
#7299=CARTESIAN_POINT('',(0.022,-0.00665905148946366,0.0161120667735878));
#7300=CARTESIAN_POINT('',(0.01,-0.00668842755310434,0.0161831761717365));
#7301=CARTESIAN_POINT('',(0.022,-0.00668842755310434,0.0161831761717365));
#7302=CARTESIAN_POINT('',(0.01,-0.00673401111268981,0.0162938435374478));
#7303=CARTESIAN_POINT('',(0.022,-0.00673401111268981,0.0162938435374478));
#7304=CARTESIAN_POINT('',(0.01,-0.00673744396613751,0.0163046796516205));
#7305=CARTESIAN_POINT('',(0.022,-0.00673744396613751,0.0163046796516205));
#7306=CARTESIAN_POINT('',(0.01,-0.00676830189697358,0.0163983198913069));
#7307=CARTESIAN_POINT('',(0.022,-0.00676830189697358,0.0163983198913069));
#7308=CARTESIAN_POINT('',(0.01,-0.00679685921077204,0.0165129385397735));
#7309=CARTESIAN_POINT('',(0.022,-0.00679685921077204,0.0165129385397735));
#7310=CARTESIAN_POINT('',(0.01,-0.00683567123084529,0.0166986013457799));
#7311=CARTESIAN_POINT('',(0.022,-0.00683567123084529,0.0166986013457799));
#7312=CARTESIAN_POINT('',(0.01,-0.00687469707637016,0.0169651809404834));
#7313=CARTESIAN_POINT('',(0.022,-0.00687469707637016,0.0169651809404834));
#7314=CARTESIAN_POINT('',(0.01,-0.00690261173920527,0.0173301045359016));
#7315=CARTESIAN_POINT('',(0.022,-0.00690261173920527,0.0173301045359016));
#7316=CARTESIAN_POINT('',(0.01,-0.00690802906881302,0.0177297202200681));
#7317=CARTESIAN_POINT('',(0.022,-0.00690802906881302,0.0177297202200681));
#7318=CARTESIAN_POINT('',(0.01,-0.00688262108625632,0.0183010317451662));
#7319=CARTESIAN_POINT('',(0.022,-0.00688262108625632,0.0183010317451662));
#7320=CARTESIAN_POINT('',(0.01,-0.00682583044899213,0.0187646228378736));
#7321=CARTESIAN_POINT('',(0.022,-0.00682583044899213,0.0187646228378736));
#7322=CARTESIAN_POINT('',(0.01,-0.00676861191461466,0.0190852925769907));
#7323=CARTESIAN_POINT('',(0.022,-0.00676861191461466,0.0190852925769907));
#7324=CARTESIAN_POINT('',(0.015,-0.00665905148935387,0.016112066773322));
#7325=CARTESIAN_POINT('',(0.022,-0.00665905148935385,0.0161120667733219));
#7326=CARTESIAN_POINT('',(0.022,-0.00644525265926897,0.0155956514182058));
#7327=CARTESIAN_POINT('',(0.022,-0.00657899092130077,0.01591844291954));
#7328=CARTESIAN_POINT('',(0.022,-0.00672863076064524,0.0162796145668127));
#7329=CARTESIAN_POINT('',(0.022,-0.00673413823117098,0.0162955645919343));
#7330=CARTESIAN_POINT('',(0.022,-0.00674093880166806,0.0163143720291949));
#7331=CARTESIAN_POINT('',(0.022,-0.00674842548551653,0.0163369869334252));
#7332=CARTESIAN_POINT('',(0.022,-0.00675795623077657,0.0163675168842295));
#7333=CARTESIAN_POINT('',(0.022,-0.00676870688572113,0.0164046699074183));
#7334=CARTESIAN_POINT('',(0.022,-0.00678057746214151,0.0164489425810958));
#7335=CARTESIAN_POINT('',(0.022,-0.00679323662278791,0.0165002558316309));
#7336=CARTESIAN_POINT('',(0.022,-0.006806421866069,0.0165586968540811));
#7337=CARTESIAN_POINT('',(0.022,-0.00681984804000064,0.0166242922120625));
#7338=CARTESIAN_POINT('',(0.022,-0.00683323499643782,0.0166970756495351));
#7339=CARTESIAN_POINT('',(0.022,-0.00684629970277868,0.0167770679898064));
#7340=CARTESIAN_POINT('',(0.022,-0.00685875882735462,0.0168642829465589));
#7341=CARTESIAN_POINT('',(0.022,-0.00687032827758088,0.0169587254015091));
#7342=CARTESIAN_POINT('',(0.022,-0.00688072362069963,0.0170603918697117));
#7343=CARTESIAN_POINT('',(0.022,-0.00688966025273173,0.0171692703464766));
#7344=CARTESIAN_POINT('',(0.022,-0.00689685363984169,0.0172853403391901));
#7345=CARTESIAN_POINT('',(0.022,-0.00690201954063617,0.0174085728539333));
#7346=CARTESIAN_POINT('',(0.022,-0.00690487423017133,0.0175389304047393));
#7347=CARTESIAN_POINT('',(0.022,-0.00690513473867218,0.0176763670151711));
#7348=CARTESIAN_POINT('',(0.022,-0.00690251902691613,0.017820828263457));
#7349=CARTESIAN_POINT('',(0.022,-0.00689674640758936,0.0179722511908685));
#7350=CARTESIAN_POINT('',(0.022,-0.00688753701297562,0.018130564765669));
#7351=CARTESIAN_POINT('',(0.022,-0.00687461494300276,0.0182956882295264));
#7352=CARTESIAN_POINT('',(0.022,-0.00685769721900271,0.0184675376362549));
#7353=CARTESIAN_POINT('',(0.022,-0.00683653739085982,0.0186460008720737));
#7354=CARTESIAN_POINT('',(0.022,-0.00681075895233268,0.018831033917533));
#7355=CARTESIAN_POINT('',(0.022,-0.00678745223388777,0.0189783298728739));
#7356=CARTESIAN_POINT('',(0.022,-0.00677240190578075,0.0190640523356649));
#7357=CARTESIAN_POINT('',(0.022,-0.00676861191461466,0.0190852925769907));
#7358=CARTESIAN_POINT('',(0.01,-3.66229281312971E-16,8.16064667773172E-16));
#7359=CARTESIAN_POINT('',(0.01,-0.00741814456907953,0.0151570695107014));
#7360=CARTESIAN_POINT('',(0.022,-0.00741814456907953,0.0151570695107014));
#7361=CARTESIAN_POINT('',(0.022,-3.66229281312971E-16,8.16064667773172E-16));
#7362=CARTESIAN_POINT('',(0.022,-0.00695021947191332,0.0153772583477106));
#7363=CARTESIAN_POINT('',(0.01,-0.00695021947191332,0.0153772583477106));
#7364=CARTESIAN_POINT('',(0.0125,-0.00766795325701263,0.0156674892810523));
#7365=CARTESIAN_POINT('',(0.022,-0.00766795325701263,0.0156674892810523));
#7366=CARTESIAN_POINT('',(0.0125,-0.00718427061380703,0.0158950930563872));
#7367=CARTESIAN_POINT('',(0.022,-0.00718427061380703,0.0158950930563872));
#7368=CARTESIAN_POINT('',(0.01,0.0132657260193412,-0.0113120367589419));
#7369=CARTESIAN_POINT('',(0.022,0.0132657260193412,-0.0113120367589419));
#7370=CARTESIAN_POINT('',(0.01,0.0133242773729276,-0.0113619490681782));
#7371=CARTESIAN_POINT('',(0.022,0.0133242773729276,-0.0113619490681782));
#7372=CARTESIAN_POINT('',(0.01,0.0134154421976525,-0.0114394997062854));
#7373=CARTESIAN_POINT('',(0.022,0.0134154421976525,-0.0114394997062854));
#7374=CARTESIAN_POINT('',(0.01,0.0134246871445932,-0.0114461130873587));
#7375=CARTESIAN_POINT('',(0.022,0.0134246871445932,-0.0114461130873587));
#7376=CARTESIAN_POINT('',(0.01,0.0135042086796948,-0.0115043971489802));
#7377=CARTESIAN_POINT('',(0.022,0.0135042086796948,-0.0115043971489802));
#7378=CARTESIAN_POINT('',(0.01,0.0136043927969306,-0.0115669758786046));
#7379=CARTESIAN_POINT('',(0.022,0.0136043927969306,-0.0115669758786046));
#7380=CARTESIAN_POINT('',(0.01,0.0137689750446279,-0.0116612612654851));
#7381=CARTESIAN_POINT('',(0.022,0.0137689750446279,-0.0116612612654851));
#7382=CARTESIAN_POINT('',(0.01,0.014010447655795,-0.0117807546752925));
#7383=CARTESIAN_POINT('',(0.022,0.014010447655795,-0.0117807546752925));
#7384=CARTESIAN_POINT('',(0.01,0.014348884513959,-0.0119200706899146));
#7385=CARTESIAN_POINT('',(0.022,0.014348884513959,-0.0119200706899146));
#7386=CARTESIAN_POINT('',(0.01,0.0147272675674864,-0.0120487109141652));
#7387=CARTESIAN_POINT('',(0.022,0.0147272675674864,-0.0120487109141652));
#7388=CARTESIAN_POINT('',(0.01,0.0152784686146683,-0.0122010914571264));
#7389=CARTESIAN_POINT('',(0.022,0.0152784686146683,-0.0122010914571264));
#7390=CARTESIAN_POINT('',(0.01,0.0157369192163198,-0.0122903378775789));
#7391=CARTESIAN_POINT('',(0.022,0.0157369192163198,-0.0122903378775789));
#7392=CARTESIAN_POINT('',(0.01,0.0160595757608019,-0.0123350122165755));
#7393=CARTESIAN_POINT('',(0.022,0.0160595757608019,-0.0123350122165755));
#7394=CARTESIAN_POINT('',(0.022,0.012840653302398,-0.0109491208673398));
#7395=CARTESIAN_POINT('',(0.022,0.0131063188673806,-0.0111760615724752));
#7396=CARTESIAN_POINT('',(0.022,0.0134035722626274,-0.0114299856936748));
#7397=CARTESIAN_POINT('',(0.022,0.0134170397359658,-0.0114401524382299));
#7398=CARTESIAN_POINT('',(0.022,0.0134328251798724,-0.0114524319828498));
#7399=CARTESIAN_POINT('',(0.022,0.0134520197193652,-0.0114665406320427));
#7400=CARTESIAN_POINT('',(0.022,0.0134781102657655,-0.0114850391830634));
#7401=CARTESIAN_POINT('',(0.022,0.0135101227554907,-0.0115067445790606));
#7402=CARTESIAN_POINT('',(0.022,0.0135485603604386,-0.0115317151766701));
#7403=CARTESIAN_POINT('',(0.022,0.0135934502659579,-0.0115596114203456));
#7404=CARTESIAN_POINT('',(0.022,0.0136449565169293,-0.0115902106009928));
#7405=CARTESIAN_POINT('',(0.022,0.0137031924936619,-0.0116232497315678));
#7406=CARTESIAN_POINT('',(0.022,0.0137682768591066,-0.0116584728028088));
#7407=CARTESIAN_POINT('',(0.022,0.0138403168792894,-0.0116956170694714));
#7408=CARTESIAN_POINT('',(0.022,0.0139194131509983,-0.0117344173048869));
#7409=CARTESIAN_POINT('',(0.022,0.0140056581064582,-0.0117746048294846));
#7410=CARTESIAN_POINT('',(0.022,0.0140991363258449,-0.0118159080547295));
#7411=CARTESIAN_POINT('',(0.022,0.014199924339486,-0.0118580525964994));
#7412=CARTESIAN_POINT('',(0.022,0.0143080905835385,-0.01190076151447));
#7413=CARTESIAN_POINT('',(0.022,0.0144236953185676,-0.0119437555193983));
#7414=CARTESIAN_POINT('',(0.022,0.0145467905691299,-0.0119867531890269));
#7415=CARTESIAN_POINT('',(0.022,0.0146774200515047,-0.0120294711956069));
#7416=CARTESIAN_POINT('',(0.022,0.0148156191624241,-0.0120716244866455));
#7417=CARTESIAN_POINT('',(0.022,0.0149614147617294,-0.0121129266573269));
#7418=CARTESIAN_POINT('',(0.022,0.0151148257781048,-0.0121530895876219));
#7419=CARTESIAN_POINT('',(0.022,0.0152758606636238,-0.0121918259252722));
#7420=CARTESIAN_POINT('',(0.022,0.0154445270259365,-0.0122288406007734));
#7421=CARTESIAN_POINT('',(0.022,0.0156207943957754,-0.0122638645810736));
#7422=CARTESIAN_POINT('',(0.022,0.0158047372549827,-0.0122965261847003));
#7423=CARTESIAN_POINT('',(0.022,0.0159520262052162,-0.0123198771316529));
#7424=CARTESIAN_POINT('',(0.022,0.0160382039192024,-0.0123320531168364));
#7425=CARTESIAN_POINT('',(0.022,0.0160595757608019,-0.0123350122165755));
#7426=CARTESIAN_POINT('',(0.022,0.0132657260191223,-0.0113120367587554));
#7427=CARTESIAN_POINT('',(0.01,0.0132657260191224,-0.0113120367587554));
#7428=CARTESIAN_POINT('',(0.01,0.0121226768670752,-0.0125292604742803));
#7429=CARTESIAN_POINT('',(0.022,0.0121226768670752,-0.0125292604742803));
#7430=CARTESIAN_POINT('',(0.01,0.0121761671556814,-0.0125845622703172));
#7431=CARTESIAN_POINT('',(0.022,0.0121761671556814,-0.0125845622703172));
#7432=CARTESIAN_POINT('',(0.01,0.0122592890520263,-0.0126706777572287));
#7433=CARTESIAN_POINT('',(0.022,0.0122592890520263,-0.0126706777572287));
#7434=CARTESIAN_POINT('',(0.01,0.0122664698781241,-0.0126794892037449));
#7435=CARTESIAN_POINT('',(0.022,0.0122664698781241,-0.0126794892037449));
#7436=CARTESIAN_POINT('',(0.01,0.0123296321279665,-0.0127551941347525));
#7437=CARTESIAN_POINT('',(0.022,0.0123296321279665,-0.0127551941347525));
#7438=CARTESIAN_POINT('',(0.00999999999999999,0.0123983779855326,-0.0128512512105731));
#7439=CARTESIAN_POINT('',(0.022,0.0123983779855326,-0.0128512512105731));
#7440=CARTESIAN_POINT('',(0.01,0.0125028115265778,-0.0130095884643736));
#7441=CARTESIAN_POINT('',(0.022,0.0125028115265778,-0.0130095884643736));
#7442=CARTESIAN_POINT('',(0.01,0.0126372313341438,-0.0132430815312196));
#7443=CARTESIAN_POINT('',(0.022,0.0126372313341438,-0.0132430815312196));
#7444=CARTESIAN_POINT('',(0.01,0.0127975230665868,-0.0135721028366157));
#7445=CARTESIAN_POINT('',(0.022,0.0127975230665868,-0.0135721028366157));
#7446=CARTESIAN_POINT('',(0.01,0.012949668317252,-0.0139416618511073));
#7447=CARTESIAN_POINT('',(0.022,0.012949668317252,-0.0139416618511073));
#7448=CARTESIAN_POINT('',(0.01,0.0131363583721372,-0.0144822071754738));
#7449=CARTESIAN_POINT('',(0.022,0.0131363583721372,-0.0144822071754738));
#7450=CARTESIAN_POINT('',(0.01,0.0132542150366219,-0.0149341493004794));
#7451=CARTESIAN_POINT('',(0.022,0.0132542150366219,-0.0149341493004794));
#7452=CARTESIAN_POINT('',(0.01,0.0133190609930727,-0.0152533640310199));
#7453=CARTESIAN_POINT('',(0.022,0.0133190609930727,-0.0152533640310199));
#7454=CARTESIAN_POINT('',(0.015,0.0121226768668752,-0.0125292604740736));
#7455=CARTESIAN_POINT('',(0.022,0.0121226768668752,-0.0125292604740735));
#7456=CARTESIAN_POINT('',(0.022,0.0117337865703502,-0.0121278142186244));
#7457=CARTESIAN_POINT('',(0.022,0.01197696073869,-0.0123787058285223));
#7458=CARTESIAN_POINT('',(0.022,0.0122490484937593,-0.0126594286346035));
#7459=CARTESIAN_POINT('',(0.022,0.012260040806214,-0.0126722311577871));
#7460=CARTESIAN_POINT('',(0.022,0.0122732872961816,-0.0126872144137396));
#7461=CARTESIAN_POINT('',(0.022,0.0122885733402849,-0.0127054851877807));
#7462=CARTESIAN_POINT('',(0.022,0.012308673627604,-0.0127303627168184));
#7463=CARTESIAN_POINT('',(0.022,0.0123323462738216,-0.0127609491441164));
#7464=CARTESIAN_POINT('',(0.022,0.0123596811148449,-0.0127977429844343));
#7465=CARTESIAN_POINT('',(0.022,0.012390340972145,-0.0128407926903459));
#7466=CARTESIAN_POINT('',(0.022,0.0124241138765564,-0.0128902759670465));
#7467=CARTESIAN_POINT('',(0.022,0.0124607444791886,-0.0129463224842082));
#7468=CARTESIAN_POINT('',(0.022,0.012499984726864,-0.0130090667455821));
#7469=CARTESIAN_POINT('',(0.022,0.0125415791280953,-0.0130786323034398));
#7470=CARTESIAN_POINT('',(0.022,0.0125852692961027,-0.0131551362097847));
#7471=CARTESIAN_POINT('',(0.022,0.0126307928853607,-0.0132386875849776));
#7472=CARTESIAN_POINT('',(0.022,0.0126778841540854,-0.0133293878954801));
#7473=CARTESIAN_POINT('',(0.022,0.0127262740649679,-0.0134273307493261));
#7474=CARTESIAN_POINT('',(0.022,0.0127756905213044,-0.0135326018368563));
#7475=CARTESIAN_POINT('',(0.022,0.0128258585687576,-0.0136452788364421));
#7476=CARTESIAN_POINT('',(0.022,0.0128765006070414,-0.0137654313406313));
#7477=CARTESIAN_POINT('',(0.022,0.0129273366124576,-0.0138931207697356));
#7478=CARTESIAN_POINT('',(0.022,0.0129780843175785,-0.0140284003492341));
#7479=CARTESIAN_POINT('',(0.022,0.0130284595692861,-0.0141713148694732));
#7480=CARTESIAN_POINT('',(0.022,0.0130781760046322,-0.0143219013129922));
#7481=CARTESIAN_POINT('',(0.022,0.0131269473690927,-0.0144801861581838));
#7482=CARTESIAN_POINT('',(0.022,0.0131744796531038,-0.0146461955252537));
#7483=CARTESIAN_POINT('',(0.022,0.0132205024413076,-0.0148199158977836));
#7484=CARTESIAN_POINT('',(0.022,0.0132646494624137,-0.0150014449487157));
#7485=CARTESIAN_POINT('',(0.022,0.0132972026813125,-0.0151469770397602));
#7486=CARTESIAN_POINT('',(0.022,0.0133147657834037,-0.0152322201652778));
#7487=CARTESIAN_POINT('',(0.022,0.0133190609930727,-0.0152533640310198));
#7488=CARTESIAN_POINT('',(0.01,6.82569098692439E-16,-6.46144853219465E-16));
#7489=CARTESIAN_POINT('',(0.01,0.0124769058228874,-0.0113618856747813));
#7490=CARTESIAN_POINT('',(0.022,0.0124769058228874,-0.0113618856747813));
#7491=CARTESIAN_POINT('',(0.022,6.82569098692439E-16,-6.46144853219465E-16));
#7492=CARTESIAN_POINT('',(0.022,0.0121228969875154,-0.0117388667949718));
#7493=CARTESIAN_POINT('',(0.01,0.0121228969875154,-0.0117388667949718));
#7494=CARTESIAN_POINT('',(0.0125,0.01289707011654,-0.0117445012636839));
#7495=CARTESIAN_POINT('',(0.022,0.01289707011654,-0.0117445012636839));
#7496=CARTESIAN_POINT('',(0.0125,0.0125311399062396,-0.012134177358761));
#7497=CARTESIAN_POINT('',(0.022,0.0125311399062396,-0.012134177358761));
#7498=CARTESIAN_POINT('',(0.01,0.0100357696972939,-0.0142557002296891));
#7499=CARTESIAN_POINT('',(0.022,0.0100357696972939,-0.0142557002296891));
#7500=CARTESIAN_POINT('',(0.01,0.0100800688658868,-0.0143186055814652));
#7501=CARTESIAN_POINT('',(0.022,0.0100800688658868,-0.0143186055814652));
#7502=CARTESIAN_POINT('',(0.01,0.0101490835205622,-0.0144163915936448));
#7503=CARTESIAN_POINT('',(0.022,0.0101490835205622,-0.0144163915936448));
#7504=CARTESIAN_POINT('',(0.01,0.0101563933395016,-0.014425096328002));
#7505=CARTESIAN_POINT('',(0.022,0.0101563933395016,-0.014425096328002));
#7506=CARTESIAN_POINT('',(0.01,0.0102189219026399,-0.0145013254902424));
#7507=CARTESIAN_POINT('',(0.022,0.0102189219026399,-0.0145013254902424));
#7508=CARTESIAN_POINT('',(0.01,0.0103003958543978,-0.0145868529708125));
#7509=CARTESIAN_POINT('',(0.022,0.0103003958543978,-0.0145868529708125));
#7510=CARTESIAN_POINT('',(0.01,0.0104363596259135,-0.0147191061494946));
#7511=CARTESIAN_POINT('',(0.022,0.0104363596259135,-0.0147191061494946));
#7512=CARTESIAN_POINT('',(0.01,0.0106405291283618,-0.0148948972505244));
#7513=CARTESIAN_POINT('',(0.022,0.0106405291283618,-0.0148948972505244));
#7514=CARTESIAN_POINT('',(0.01,0.0109336868863281,-0.0151140022204322));
#7515=CARTESIAN_POINT('',(0.022,0.0109336868863281,-0.0151140022204322));
#7516=CARTESIAN_POINT('',(0.01,0.0112681908175774,-0.015332701014372));
#7517=CARTESIAN_POINT('',(0.022,0.0112681908175774,-0.015332701014372));
#7518=CARTESIAN_POINT('',(0.01,0.0117641793702392,-0.0156173723685966));
#7519=CARTESIAN_POINT('',(0.022,0.0117641793702392,-0.0156173723685966));
#7520=CARTESIAN_POINT('',(0.01,0.0121860322209755,-0.0158178269770335));
#7521=CARTESIAN_POINT('',(0.022,0.0121860322209755,-0.0158178269770335));
#7522=CARTESIAN_POINT('',(0.01,0.012487441860465,-0.0159413392091602));
#7523=CARTESIAN_POINT('',(0.022,0.012487441860465,-0.0159413392091602));
#7524=CARTESIAN_POINT('',(0.022,0.00971430493354035,-0.0137984747221638));
#7525=CARTESIAN_POINT('',(0.022,0.009915186267921,-0.0140843540071118));
#7526=CARTESIAN_POINT('',(0.022,0.0101399525400958,-0.0144042245484334));
#7527=CARTESIAN_POINT('',(0.022,0.0101504685414381,-0.0144174211104378));
#7528=CARTESIAN_POINT('',(0.022,0.0101627042580309,-0.014433240550847));
#7529=CARTESIAN_POINT('',(0.022,0.0101777870873935,-0.0144516794387421));
#7530=CARTESIAN_POINT('',(0.022,0.0101984575487354,-0.0144760852788064));
#7531=CARTESIAN_POINT('',(0.022,0.0102240663947476,-0.0145050699423325));
#7532=CARTESIAN_POINT('',(0.022,0.0102550864765523,-0.0145388150863378));
#7533=CARTESIAN_POINT('',(0.022,0.010291628569451,-0.0145769985837591));
#7534=CARTESIAN_POINT('',(0.022,0.0103339069500523,-0.0146194455186207));
#7535=CARTESIAN_POINT('',(0.022,0.0103820968388327,-0.0146659293626365));
#7536=CARTESIAN_POINT('',(0.022,0.0104363768376426,-0.0147162316598224));
#7537=CARTESIAN_POINT('',(0.022,0.0104969161846339,-0.0147701245955349));
#7538=CARTESIAN_POINT('',(0.022,0.0105638782753518,-0.0148273762930926));
#7539=CARTESIAN_POINT('',(0.022,0.0106374194559848,-0.0148877495009473));
#7540=CARTESIAN_POINT('',(0.022,0.0107176891907894,-0.0149510021972514));
#7541=CARTESIAN_POINT('',(0.022,0.0108048298423084,-0.0150168876504832));
#7542=CARTESIAN_POINT('',(0.022,0.0108989765689091,-0.015085154640288));
#7543=CARTESIAN_POINT('',(0.022,0.0110002571943707,-0.0151555476380012));
#7544=CARTESIAN_POINT('',(0.022,0.011108792095672,-0.0152278070007441));
#7545=CARTESIAN_POINT('',(0.022,0.0112246940764108,-0.0153016691738266));
#7546=CARTESIAN_POINT('',(0.022,0.0113480683109383,-0.0153768668630136));
#7547=CARTESIAN_POINT('',(0.022,0.0114790120412256,-0.015453129341194));
#7548=CARTESIAN_POINT('',(0.022,0.0116176152538152,-0.0155301822475316));
#7549=CARTESIAN_POINT('',(0.022,0.0117639575968438,-0.0156077493594128));
#7550=CARTESIAN_POINT('',(0.022,0.0119181198197549,-0.0156855467694299));
#7551=CARTESIAN_POINT('',(0.022,0.0120801393163283,-0.0157633063193005));
#7552=CARTESIAN_POINT('',(0.022,0.0122501806618458,-0.0158406865274899));
#7553=CARTESIAN_POINT('',(0.022,0.0123870351144994,-0.0158999331339187));
#7554=CARTESIAN_POINT('',(0.022,0.0124674773527496,-0.015933158114105));
#7555=CARTESIAN_POINT('',(0.022,0.012487441860465,-0.0159413392091602));
#7556=CARTESIAN_POINT('',(0.022,0.0100357696971283,-0.0142557002294539));
#7557=CARTESIAN_POINT('',(0.01,0.0100357696971283,-0.014255700229454));
#7558=CARTESIAN_POINT('',(0.01,0.00862592030764475,-0.0151504178589913));
#7559=CARTESIAN_POINT('',(0.022,0.00862592030764475,-0.0151504178589913));
#7560=CARTESIAN_POINT('',(0.01,0.00866397710305621,-0.0152172847412508));
#7561=CARTESIAN_POINT('',(0.022,0.00866397710305621,-0.0152172847412508));
#7562=CARTESIAN_POINT('',(0.01,0.00872307152145384,-0.0153213663268085));
#7563=CARTESIAN_POINT('',(0.022,0.00872307152145384,-0.0153213663268085));
#7564=CARTESIAN_POINT('',(0.01,0.0087278354310553,-0.0153316867443614));
#7565=CARTESIAN_POINT('',(0.022,0.0087278354310553,-0.0153316867443614));
#7566=CARTESIAN_POINT('',(0.01,0.00877018627192155,-0.0154207210785361));
#7567=CARTESIAN_POINT('',(0.022,0.00877018627192155,-0.0154207210785361));
#7568=CARTESIAN_POINT('',(0.01,0.00881288392861015,-0.0155308567442444));
#7569=CARTESIAN_POINT('',(0.022,0.00881288392861015,-0.0155308567442444));
#7570=CARTESIAN_POINT('',(0.00999999999999999,0.00887465962414192,-0.0157101911075936));
#7571=CARTESIAN_POINT('',(0.022,0.00887465962414192,-0.0157101911075936));
#7572=CARTESIAN_POINT('',(0.01,0.00894678902182484,-0.0159697774071573));
#7573=CARTESIAN_POINT('',(0.022,0.00894678902182484,-0.0159697774071573));
#7574=CARTESIAN_POINT('',(0.01,0.00902022062342345,-0.0163283248360712));
#7575=CARTESIAN_POINT('',(0.022,0.00902022062342345,-0.0163283248360712));
#7576=CARTESIAN_POINT('',(0.01,0.00907568036164876,-0.0167241104597716));
#7577=CARTESIAN_POINT('',(0.022,0.00907568036164876,-0.0167241104597716));
#7578=CARTESIAN_POINT('',(0.01,0.00912207704943663,-0.0172941014874641));
#7579=CARTESIAN_POINT('',(0.022,0.00912207704943663,-0.0172941014874641));
#7580=CARTESIAN_POINT('',(0.01,0.00912383759401043,-0.0177611547801415));
#7581=CARTESIAN_POINT('',(0.022,0.00912383759401043,-0.0177611547801415));
#7582=CARTESIAN_POINT('',(0.01,0.00910726082017664,-0.0180864673265201));
#7583=CARTESIAN_POINT('',(0.022,0.00910726082017664,-0.0180864673265201));
#7584=CARTESIAN_POINT('',(0.015,0.00862592030750253,-0.0151504178587414));
#7585=CARTESIAN_POINT('',(0.022,0.00862592030750249,-0.0151504178587413));
#7586=CARTESIAN_POINT('',(0.022,0.00834908333873249,-0.0146648706916529));
#7587=CARTESIAN_POINT('',(0.022,0.00852222353725178,-0.0149683550367542));
#7588=CARTESIAN_POINT('',(0.022,0.0087159502321922,-0.0153079238927764));
#7589=CARTESIAN_POINT('',(0.022,0.00872341334289175,-0.015323057878096));
#7590=CARTESIAN_POINT('',(0.022,0.00873251748578617,-0.0153408646756059));
#7591=CARTESIAN_POINT('',(0.022,0.00874277953397026,-0.0153623629242662));
#7592=CARTESIAN_POINT('',(0.022,0.0087560615439121,-0.0153914576181678));
#7593=CARTESIAN_POINT('',(0.022,0.00877138393526429,-0.0154269702643246));
#7594=CARTESIAN_POINT('',(0.022,0.00878870974599457,-0.0154694060570195));
#7595=CARTESIAN_POINT('',(0.022,0.00880770034099241,-0.0155187280737095));
#7596=CARTESIAN_POINT('',(0.022,0.00882810621700847,-0.0155750557220664));
#7597=CARTESIAN_POINT('',(0.022,0.00884964779987108,-0.0156384510952646));
#7598=CARTESIAN_POINT('',(0.022,0.00887205137972663,-0.0157089827830555));
#7599=CARTESIAN_POINT('',(0.022,0.00889503876562233,-0.0157867069179399));
#7600=CARTESIAN_POINT('',(0.022,0.0089183305788246,-0.0158716726163381));
#7601=CARTESIAN_POINT('',(0.022,0.00894164557874485,-0.015963920327715));
#7602=CARTESIAN_POINT('',(0.022,0.00896470113868307,-0.0160634822434824));
#7603=CARTESIAN_POINT('',(0.022,0.00898721339426085,-0.0161703821239478));
#7604=CARTESIAN_POINT('',(0.022,0.00900889748687146,-0.0162846352996336));
#7605=CARTESIAN_POINT('',(0.022,0.00902946778254821,-0.0164062486301394));
#7606=CARTESIAN_POINT('',(0.022,0.00904863809536577,-0.0165352204852512));
#7607=CARTESIAN_POINT('',(0.022,0.00906612192447482,-0.0166715407165865));
#7608=CARTESIAN_POINT('',(0.022,0.00908163263375965,-0.0168151906803938));
#7609=CARTESIAN_POINT('',(0.022,0.00909488385838873,-0.0169661430938411));
#7610=CARTESIAN_POINT('',(0.022,0.00910558903484909,-0.0171243625620244));
#7611=CARTESIAN_POINT('',(0.022,0.0091134643169202,-0.0172898035428634));
#7612=CARTESIAN_POINT('',(0.022,0.00911821843605835,-0.0174624182187443));
#7613=CARTESIAN_POINT('',(0.022,0.00911959283389803,-0.0176421262483272));
#7614=CARTESIAN_POINT('',(0.022,0.00911720845596199,-0.0178289311480131));
#7615=CARTESIAN_POINT('',(0.022,0.00911254659632721,-0.0179779867371376));
#7616=CARTESIAN_POINT('',(0.022,0.00910835881800332,-0.0180649195589932));
#7617=CARTESIAN_POINT('',(0.022,0.00910726082017664,-0.01808646732652));
#7618=CARTESIAN_POINT('',(0.01,5.04771769675582E-16,-7.91415102975278E-16));
#7619=CARTESIAN_POINT('',(0.01,0.00925933481659514,-0.0141078114445221));
#7620=CARTESIAN_POINT('',(0.022,0.00925933481659514,-0.0141078114445221));
#7621=CARTESIAN_POINT('',(0.022,5.04771769675582E-16,-7.91415102975278E-16));
#7622=CARTESIAN_POINT('',(0.022,0.00882269642751967,-0.014384910592278));
#7623=CARTESIAN_POINT('',(0.01,0.00882269642751966,-0.014384910592278));
#7624=CARTESIAN_POINT('',(0.0125,0.00957114624870286,-0.0145828970718977));
#7625=CARTESIAN_POINT('',(0.022,0.00957114624870286,-0.0145828970718977));
#7626=CARTESIAN_POINT('',(0.0125,0.00911980390474212,-0.014869327633174));
#7627=CARTESIAN_POINT('',(0.022,0.00911980390474212,-0.014869327633174));
#7628=CARTESIAN_POINT('',(0.01,0.0156621479876658,-0.00765759641586942));
#7629=CARTESIAN_POINT('',(0.022,0.0156621479876658,-0.00765759641586942));
#7630=CARTESIAN_POINT('',(0.01,0.0157312725293629,-0.007691379508612));
#7631=CARTESIAN_POINT('',(0.022,0.0157312725293629,-0.007691379508612));
#7632=CARTESIAN_POINT('',(0.01,0.0158388593029192,-0.00774382198084316));
#7633=CARTESIAN_POINT('',(0.022,0.0158388593029192,-0.00774382198084316));
#7634=CARTESIAN_POINT('',(0.01,0.0158494584838444,-0.00774792846557734));
#7635=CARTESIAN_POINT('',(0.022,0.0158494584838444,-0.00774792846557734));
#7636=CARTESIAN_POINT('',(0.01,0.0159409763603991,-0.00778460522463448));
#7637=CARTESIAN_POINT('',(0.022,0.0159409763603991,-0.00778460522463448));
#7638=CARTESIAN_POINT('',(0.01,0.0160535757065754,-0.00782030315158243));
#7639=CARTESIAN_POINT('',(0.022,0.0160535757065754,-0.00782030315158243));
#7640=CARTESIAN_POINT('',(0.01,0.0162364351225403,-0.00787069644904624));
#7641=CARTESIAN_POINT('',(0.022,0.0162364351225403,-0.00787069644904624));
#7642=CARTESIAN_POINT('',(0.01,0.0165000382301924,-0.00792638395722691));
#7643=CARTESIAN_POINT('',(0.022,0.0165000382301924,-0.00792638395722691));
#7644=CARTESIAN_POINT('',(0.01,0.016862488956072,-0.00797715727899623));
#7645=CARTESIAN_POINT('',(0.022,0.016862488956072,-0.00797715727899623));
#7646=CARTESIAN_POINT('',(0.01,0.0172609759330288,-0.00800765599516235));
#7647=CARTESIAN_POINT('',(0.022,0.0172609759330288,-0.00800765599516235));
#7648=CARTESIAN_POINT('',(0.01,0.0178327554857609,-0.00801817109692932));
#7649=CARTESIAN_POINT('',(0.022,0.0178327554857609,-0.00801817109692932));
#7650=CARTESIAN_POINT('',(0.01,0.0182989977009614,-0.00799060164857542));
#7651=CARTESIAN_POINT('',(0.022,0.0182989977009614,-0.00799060164857542));
#7652=CARTESIAN_POINT('',(0.01,0.0186226274530995,-0.00795363104142173));
#7653=CARTESIAN_POINT('',(0.022,0.0186226274530995,-0.00795363104142173));
#7654=CARTESIAN_POINT('',(0.022,0.0151601761996465,-0.00741179348037109));
#7655=CARTESIAN_POINT('',(0.022,0.0154739332507336,-0.00756553608656079));
#7656=CARTESIAN_POINT('',(0.022,0.0158249962450076,-0.00773755880123579));
#7657=CARTESIAN_POINT('',(0.022,0.0158405689794623,-0.0077440569143904));
#7658=CARTESIAN_POINT('',(0.022,0.0158589122931871,-0.00775202499427166));
#7659=CARTESIAN_POINT('',(0.022,0.0158810124793014,-0.00776091690644545));
#7660=CARTESIAN_POINT('',(0.022,0.0159108837457753,-0.00777234583642902));
#7661=CARTESIAN_POINT('',(0.022,0.0159472884167503,-0.0077854081350399));
#7662=CARTESIAN_POINT('',(0.022,0.015990728368759,-0.00780003519177046));
#7663=CARTESIAN_POINT('',(0.022,0.0160411454890417,-0.00781589135811487));
#7664=CARTESIAN_POINT('',(0.022,0.0160986432832079,-0.0078327201254917));
#7665=CARTESIAN_POINT('',(0.022,0.0161632661672977,-0.00785023857254237));
#7666=CARTESIAN_POINT('',(0.022,0.0162350654093327,-0.00786816922273101));
#7667=CARTESIAN_POINT('',(0.022,0.0163140795632943,-0.00788623090946226));
#7668=CARTESIAN_POINT('',(0.022,0.0164003401063471,-0.00790414172124708));
#7669=CARTESIAN_POINT('',(0.022,0.0164938697488953,-0.00792161843261805));
#7670=CARTESIAN_POINT('',(0.022,0.0165946828725514,-0.0079383769532589));
#7671=CARTESIAN_POINT('',(0.022,0.0167027853667451,-0.00795413248701069));
#7672=CARTESIAN_POINT('',(0.022,0.0168181746453279,-0.00796859977475861));
#7673=CARTESIAN_POINT('',(0.022,0.0169408396192583,-0.00798149331545153));
#7674=CARTESIAN_POINT('',(0.022,0.0170707606917761,-0.00799252759024866));
#7675=CARTESIAN_POINT('',(0.022,0.0172079097449875,-0.00800141730086686));
#7676=CARTESIAN_POINT('',(0.022,0.0173522501738991,-0.00800787754745218));
#7677=CARTESIAN_POINT('',(0.022,0.0175037367685192,-0.00801162424335185));
#7678=CARTESIAN_POINT('',(0.022,0.0176623162103153,-0.00801237361298494));
#7679=CARTESIAN_POINT('',(0.022,0.0178279252242227,-0.00800984522984751));
#7680=CARTESIAN_POINT('',(0.022,0.0180004977980815,-0.00800375140264056));
#7681=CARTESIAN_POINT('',(0.022,0.0181799375140727,-0.00799383912787896));
#7682=CARTESIAN_POINT('',(0.022,0.0183662240806314,-0.00797972987826621));
#7683=CARTESIAN_POINT('',(0.022,0.0185146928220107,-0.00796571793986666));
#7684=CARTESIAN_POINT('',(0.022,0.0186011911490237,-0.00795607986811822));
#7685=CARTESIAN_POINT('',(0.022,0.0186226274530995,-0.00795363104142173));
#7686=CARTESIAN_POINT('',(0.022,0.0156621479874074,-0.00765759641574313));
#7687=CARTESIAN_POINT('',(0.01,0.0156621479874074,-0.00765759641574317));
#7688=CARTESIAN_POINT('',(0.01,0.0148577210548604,-0.00912084357457347));
#7689=CARTESIAN_POINT('',(0.022,0.0148577210548604,-0.00912084357457347));
#7690=CARTESIAN_POINT('',(0.01,0.0149232838451048,-0.00916110546915715));
#7691=CARTESIAN_POINT('',(0.022,0.0149232838451048,-0.00916110546915715));
#7692=CARTESIAN_POINT('',(0.01,0.0150252103649487,-0.00922384390466899));
#7693=CARTESIAN_POINT('',(0.022,0.0150252103649487,-0.00922384390466899));
#7694=CARTESIAN_POINT('',(0.01,0.0150343569098299,-0.00923059272455782));
#7695=CARTESIAN_POINT('',(0.022,0.0150343569098299,-0.00923059272455782));
#7696=CARTESIAN_POINT('',(0.01,0.0151143618521964,-0.00928821143315978));
#7697=CARTESIAN_POINT('',(0.022,0.0151143618521964,-0.00928821143315978));
#7698=CARTESIAN_POINT('',(0.01,0.0152048363555794,-0.00936415429974576));
#7699=CARTESIAN_POINT('',(0.022,0.0152048363555794,-0.00936415429974576));
#7700=CARTESIAN_POINT('',(0.01,0.0153453657986745,-0.00949154553201751));
#7701=CARTESIAN_POINT('',(0.022,0.0153453657986745,-0.00949154553201751));
#7702=CARTESIAN_POINT('',(0.01,0.0155336299252528,-0.00968427413802848));
#7703=CARTESIAN_POINT('',(0.022,0.0155336299252528,-0.00968427413802848));
#7704=CARTESIAN_POINT('',(0.01,0.015770710069479,-0.00996309570123301));
#7705=CARTESIAN_POINT('',(0.022,0.015770710069479,-0.00996309570123301));
#7706=CARTESIAN_POINT('',(0.01,0.0160099809869337,-0.0102832073544923));
#7707=CARTESIAN_POINT('',(0.022,0.0160099809869337,-0.0102832073544923));
#7708=CARTESIAN_POINT('',(0.01,0.0163252339861698,-0.0107603425248162));
#7709=CARTESIAN_POINT('',(0.022,0.0163252339861698,-0.0107603425248162));
#7710=CARTESIAN_POINT('',(0.01,0.0165517814028892,-0.0111687762963093));
#7711=CARTESIAN_POINT('',(0.022,0.0165517814028892,-0.0111687762963093));
#7712=CARTESIAN_POINT('',(0.01,0.0166939755796942,-0.0114618357755019));
#7713=CARTESIAN_POINT('',(0.022,0.0166939755796942,-0.0114618357755019));
#7714=CARTESIAN_POINT('',(0.015,0.0148577210546154,-0.00912084357442301));
#7715=CARTESIAN_POINT('',(0.022,0.0148577210546153,-0.00912084357442297));
#7716=CARTESIAN_POINT('',(0.022,0.0143812128379045,-0.00882872257525913));
#7717=CARTESIAN_POINT('',(0.022,0.014679141448736,-0.0090112570073888));
#7718=CARTESIAN_POINT('',(0.022,0.0150124939896143,-0.00921549491719673));
#7719=CARTESIAN_POINT('',(0.022,0.0150263248164058,-0.00922516154862825));
#7720=CARTESIAN_POINT('',(0.022,0.0150428813277646,-0.00923637980994745));
#7721=CARTESIAN_POINT('',(0.022,0.0150622308894181,-0.00925027508944118));
#7722=CARTESIAN_POINT('',(0.022,0.0150878864791386,-0.00926937230697213));
#7723=CARTESIAN_POINT('',(0.022,0.0151184219407978,-0.00929311065769533));
#7724=CARTESIAN_POINT('',(0.022,0.0151540482635221,-0.00932195065333076));
#7725=CARTESIAN_POINT('',(0.022,0.0151944509115313,-0.00935602307711585));
#7726=CARTESIAN_POINT('',(0.022,0.0152394687685457,-0.00939555276589817));
#7727=CARTESIAN_POINT('',(0.022,0.0152888867554662,-0.00944072881822554));
#7728=CARTESIAN_POINT('',(0.022,0.0153424980618844,-0.00949174320048307));
#7729=CARTESIAN_POINT('',(0.022,0.0154000859492484,-0.00954877912146963));
#7730=CARTESIAN_POINT('',(0.022,0.0154614292581239,-0.00961201421396393));
#7731=CARTESIAN_POINT('',(0.022,0.0155263010221825,-0.009681619412789));
#7732=CARTESIAN_POINT('',(0.022,0.0155944690820901,-0.00975775908394527));
#7733=CARTESIAN_POINT('',(0.022,0.0156656961322111,-0.00984059080145607));
#7734=CARTESIAN_POINT('',(0.022,0.0157397399345808,-0.00993026523124105));
#7735=CARTESIAN_POINT('',(0.022,0.0158163534908838,-0.010026925989626));
#7736=CARTESIAN_POINT('',(0.022,0.0158952852291201,-0.0101307095191645));
#7737=CARTESIAN_POINT('',(0.022,0.0159762791976614,-0.0102417449495982));
#7738=CARTESIAN_POINT('',(0.022,0.0160590752336686,-0.0103601540312846));
#7739=CARTESIAN_POINT('',(0.022,0.0161434092501226,-0.0104860508134059));
#7740=CARTESIAN_POINT('',(0.022,0.0162290130778775,-0.0106195423321962));
#7741=CARTESIAN_POINT('',(0.022,0.0163156160405299,-0.0107607254227861));
#7742=CARTESIAN_POINT('',(0.022,0.0164029398611979,-0.0109096985019722));
#7743=CARTESIAN_POINT('',(0.022,0.0164907192587229,-0.0110665157275443));
#7744=CARTESIAN_POINT('',(0.022,0.0165786237591737,-0.0112313627918351));
#7745=CARTESIAN_POINT('',(0.022,0.0166463466181404,-0.0113642270682899));
#7746=CARTESIAN_POINT('',(0.022,0.0166845570463496,-0.0114424243583909));
#7747=CARTESIAN_POINT('',(0.022,0.0166939755796942,-0.0114618357755019));
#7748=CARTESIAN_POINT('',(0.01,8.1865335565163E-16,-4.61222137801619E-16));
#7749=CARTESIAN_POINT('',(0.01,0.0149105069494778,-0.00790205084200139));
#7750=CARTESIAN_POINT('',(0.022,0.0149105069494778,-0.00790205084200139));
#7751=CARTESIAN_POINT('',(0.022,8.1865335565163E-16,-4.61222137801619E-16));
#7752=CARTESIAN_POINT('',(0.022,0.0146613713448892,-0.0083552268244053));
#7753=CARTESIAN_POINT('',(0.01,0.0146613713448892,-0.0083552268244053));
#7754=CARTESIAN_POINT('',(0.0125,0.015412623636849,-0.00816815524781858));
#7755=CARTESIAN_POINT('',(0.022,0.015412623636849,-0.00816815524781858));
#7756=CARTESIAN_POINT('',(0.0125,0.0151550983011193,-0.00863659209451449));
#7757=CARTESIAN_POINT('',(0.022,0.0151550983011193,-0.00863659209451449));
#7758=CARTESIAN_POINT('',(0.01,0.0170744595965743,-0.00352200112731822));
#7759=CARTESIAN_POINT('',(0.022,0.0170744595965743,-0.00352200112731822));
#7760=CARTESIAN_POINT('',(0.01,0.0171498139772051,-0.00353753228760455));
#7761=CARTESIAN_POINT('',(0.022,0.0171498139772051,-0.00353753228760455));
#7762=CARTESIAN_POINT('',(0.01,0.0172670626269337,-0.00356157144055946));
#7763=CARTESIAN_POINT('',(0.022,0.0172670626269337,-0.00356157144055946));
#7764=CARTESIAN_POINT('',(0.01,0.0172783500563248,-0.00356291300341609));
#7765=CARTESIAN_POINT('',(0.022,0.0172783500563248,-0.00356291300341609));
#7766=CARTESIAN_POINT('',(0.01,0.0173761138695694,-0.00357567792424967));
#7767=CARTESIAN_POINT('',(0.022,0.0173761138695694,-0.00357567792424967));
#7768=CARTESIAN_POINT('',(0.01,0.0174940534136545,-0.00358225201648323));
#7769=CARTESIAN_POINT('',(0.022,0.0174940534136545,-0.00358225201648323));
#7770=CARTESIAN_POINT('',(0.01,0.0176837002682722,-0.00358558682831707));
#7771=CARTESIAN_POINT('',(0.022,0.0176837002682722,-0.00358558682831707));
#7772=CARTESIAN_POINT('',(0.01,0.0179528707196911,-0.00357396938392777));
#7773=CARTESIAN_POINT('',(0.022,0.0179528707196911,-0.00357396938392777));
#7774=CARTESIAN_POINT('',(0.01,0.0183165612011787,-0.00353300973830629));
#7775=CARTESIAN_POINT('',(0.022,0.0183165612011787,-0.00353300973830629));
#7776=CARTESIAN_POINT('',(0.01,0.0187101136992702,-0.00346345059988478));
#7777=CARTESIAN_POINT('',(0.022,0.0187101136992702,-0.00346345059988478));
#7778=CARTESIAN_POINT('',(0.01,0.0192665447453959,-0.00333143955794172));
#7779=CARTESIAN_POINT('',(0.022,0.0192665447453959,-0.00333143955794172));
#7780=CARTESIAN_POINT('',(0.01,0.0197112828610473,-0.00318878653061476));
#7781=CARTESIAN_POINT('',(0.022,0.0197112828610473,-0.00318878653061476));
#7782=CARTESIAN_POINT('',(0.01,0.020015550973286,-0.00307249397652663));
#7783=CARTESIAN_POINT('',(0.022,0.020015550973286,-0.00307249397652663));
#7784=CARTESIAN_POINT('',(0.022,0.0165271294710433,-0.003408755850361));
#7785=CARTESIAN_POINT('',(0.022,0.0168692634987975,-0.00347964014423234));
#7786=CARTESIAN_POINT('',(0.022,0.0172520775130489,-0.00355895263256445));
#7787=CARTESIAN_POINT('',(0.022,0.0172687770164417,-0.00356137381397071));
#7788=CARTESIAN_POINT('',(0.022,0.0172885256221214,-0.00356452976534977));
#7789=CARTESIAN_POINT('',(0.022,0.0173121428188847,-0.00356764622896047));
#7790=CARTESIAN_POINT('',(0.022,0.017343917883901,-0.00357128741620339));
#7791=CARTESIAN_POINT('',(0.022,0.0173824272967615,-0.00357488586516647));
#7792=CARTESIAN_POINT('',(0.022,0.0174281401038851,-0.00357825030924909));
#7793=CARTESIAN_POINT('',(0.022,0.0174809165458426,-0.00358107009701606));
#7794=CARTESIAN_POINT('',(0.022,0.0175407930853341,-0.00358307103777638));
#7795=CARTESIAN_POINT('',(0.022,0.0176077423833075,-0.00358396805284622));
#7796=CARTESIAN_POINT('',(0.022,0.0176817450914965,-0.00358347963328682));
#7797=CARTESIAN_POINT('',(0.022,0.0177627686293498,-0.00358132385788316));
#7798=CARTESIAN_POINT('',(0.022,0.0178507733765822,-0.00357721984386151));
#7799=CARTESIAN_POINT('',(0.022,0.0179457108947998,-0.00357088761595543));
#7800=CARTESIAN_POINT('',(0.022,0.018047524463401,-0.00356204843250683));
#7801=CARTESIAN_POINT('',(0.022,0.018156148960864,-0.00355042498011013));
#7802=CARTESIAN_POINT('',(0.022,0.0182715109412317,-0.00353574160473918));
#7803=CARTESIAN_POINT('',(0.022,0.018393528662621,-0.00351772453261585));
#7804=CARTESIAN_POINT('',(0.022,0.0185221121382918,-0.00349610208851482));
#7805=CARTESIAN_POINT('',(0.022,0.0186571631829276,-0.00347060492995901));
#7806=CARTESIAN_POINT('',(0.022,0.0187985754898359,-0.00344096621103894));
#7807=CARTESIAN_POINT('',(0.022,0.0189462346199021,-0.00340692201347416));
#7808=CARTESIAN_POINT('',(0.022,0.0191000183575766,-0.00336821073679528));
#7809=CARTESIAN_POINT('',(0.022,0.0192597956764613,-0.00332457650048136));
#7810=CARTESIAN_POINT('',(0.022,0.019425431092373,-0.00327575706814121));
#7811=CARTESIAN_POINT('',(0.022,0.0195967682972278,-0.00322153136299588));
#7812=CARTESIAN_POINT('',(0.022,0.0197736935010468,-0.00316153779618702));
#7813=CARTESIAN_POINT('',(0.022,0.0199140131965212,-0.00311104339405731));
#7814=CARTESIAN_POINT('',(0.022,0.0199953971285562,-0.00308019686087121));
#7815=CARTESIAN_POINT('',(0.022,0.020015550973286,-0.00307249397652663));
#7816=CARTESIAN_POINT('',(0.022,0.0170744595962927,-0.00352200112726016));
#7817=CARTESIAN_POINT('',(0.01,0.0170744595962927,-0.00352200112726018));
#7818=CARTESIAN_POINT('',(0.01,0.0166591999858931,-0.00513933052896001));
#7819=CARTESIAN_POINT('',(0.022,0.0166591999858931,-0.00513933052896001));
#7820=CARTESIAN_POINT('',(0.01,0.0167327157265414,-0.00516202271918082));
#7821=CARTESIAN_POINT('',(0.022,0.0167327157265414,-0.00516202271918082));
#7822=CARTESIAN_POINT('',(0.01,0.016847042451783,-0.00519744201665406));
#7823=CARTESIAN_POINT('',(0.022,0.016847042451783,-0.00519744201665406));
#7824=CARTESIAN_POINT('',(0.01,0.0168575800043942,-0.00520170415674141));
#7825=CARTESIAN_POINT('',(0.022,0.0168575800043942,-0.00520170415674141));
#7826=CARTESIAN_POINT('',(0.01,0.0169494006345181,-0.00523761624756949));
#7827=CARTESIAN_POINT('',(0.022,0.0169494006345181,-0.00523761624756949));
#7828=CARTESIAN_POINT('',(0.01,0.0170559189379287,-0.0052886731353149));
#7829=CARTESIAN_POINT('',(0.022,0.0170559189379287,-0.0052886731353149));
#7830=CARTESIAN_POINT('',(0.01,0.0172237143013328,-0.00537711388642208));
#7831=CARTESIAN_POINT('',(0.022,0.0172237143013328,-0.00537711388642208));
#7832=CARTESIAN_POINT('',(0.01,0.0174539934194635,-0.00551696818447616));
#7833=CARTESIAN_POINT('',(0.022,0.0174539934194635,-0.00551696818447616));
#7834=CARTESIAN_POINT('',(0.01,0.0177529653580913,-0.00572807062123898));
#7835=CARTESIAN_POINT('',(0.022,0.0177529653580913,-0.00572807062123898));
#7836=CARTESIAN_POINT('',(0.01,0.0180643276706149,-0.00597862112080329));
#7837=CARTESIAN_POINT('',(0.022,0.0180643276706149,-0.00597862112080329));
#7838=CARTESIAN_POINT('',(0.01,0.0184883351088407,-0.00636236597955293));
#7839=CARTESIAN_POINT('',(0.022,0.0184883351088407,-0.00636236597955293));
#7840=CARTESIAN_POINT('',(0.01,0.0188093384704191,-0.00670162800155587));
#7841=CARTESIAN_POINT('',(0.022,0.0188093384704191,-0.00670162800155587));
#7842=CARTESIAN_POINT('',(0.01,0.0190199462844961,-0.00695011822452588));
#7843=CARTESIAN_POINT('',(0.022,0.0190199462844961,-0.00695011822452588));
#7844=CARTESIAN_POINT('',(0.015,0.0166591999856184,-0.00513933052887522));
#7845=CARTESIAN_POINT('',(0.022,0.0166591999856182,-0.0051393305288752));
#7846=CARTESIAN_POINT('',(0.022,0.0161250146124522,-0.00497488982271996));
#7847=CARTESIAN_POINT('',(0.022,0.0164589777154521,-0.00507759776739607));
#7848=CARTESIAN_POINT('',(0.022,0.0168326492760112,-0.005192517761923));
#7849=CARTESIAN_POINT('',(0.022,0.0168484495754259,-0.00519844111159824));
#7850=CARTESIAN_POINT('',(0.022,0.0168672758016767,-0.00520518949366749));
#7851=CARTESIAN_POINT('',(0.022,0.0168894730767589,-0.00521383618709999));
#7852=CARTESIAN_POINT('',(0.022,0.0169190719338239,-0.00522595314471215));
#7853=CARTESIAN_POINT('',(0.022,0.0169545515555671,-0.00524135185098105));
#7854=CARTESIAN_POINT('',(0.022,0.0169962308271112,-0.00526042587894214));
#7855=CARTESIAN_POINT('',(0.022,0.0170438376188645,-0.00528338012490467));
#7856=CARTESIAN_POINT('',(0.022,0.0170972717909617,-0.00531047243004255));
#7857=CARTESIAN_POINT('',(0.022,0.0171563720483056,-0.00534193944002194));
#7858=CARTESIAN_POINT('',(0.022,0.0172209858179158,-0.00537801852190805));
#7859=CARTESIAN_POINT('',(0.022,0.0172909487326561,-0.00541894102934447));
#7860=CARTESIAN_POINT('',(0.022,0.017366090756698,-0.0054649340145643));
#7861=CARTESIAN_POINT('',(0.022,0.0174462345640398,-0.00551621948638935));
#7862=CARTESIAN_POINT('',(0.022,0.0175311961652218,-0.00557301438263852));
#7863=CARTESIAN_POINT('',(0.022,0.0176207848970672,-0.00563553034236919));
#7864=CARTESIAN_POINT('',(0.022,0.0177148036010533,-0.00570397354018613));
#7865=CARTESIAN_POINT('',(0.022,0.0178130487546985,-0.00577854450642744));
#7866=CARTESIAN_POINT('',(0.022,0.0179153106214833,-0.00585943796046523));
#7867=CARTESIAN_POINT('',(0.022,0.0180213734042312,-0.00594684262777442));
#7868=CARTESIAN_POINT('',(0.022,0.0181310153916799,-0.00604094113356825));
#7869=CARTESIAN_POINT('',(0.022,0.0182440091564678,-0.0061419096197351));
#7870=CARTESIAN_POINT('',(0.022,0.0183601215733047,-0.00624991845072359));
#7871=CARTESIAN_POINT('',(0.022,0.018479114551502,-0.0063651287338949));
#7872=CARTESIAN_POINT('',(0.022,0.0186007430320199,-0.00648770499874736));
#7873=CARTESIAN_POINT('',(0.022,0.0187247635364897,-0.00661776567434543));
#7874=CARTESIAN_POINT('',(0.022,0.0188509021532318,-0.00675557280468068));
#7875=CARTESIAN_POINT('',(0.022,0.0189495393759702,-0.00686742091541539));
#7876=CARTESIAN_POINT('',(0.022,0.019005996228565,-0.00693365894677327));
#7877=CARTESIAN_POINT('',(0.022,0.0190199462844961,-0.00695011822452588));
#7878=CARTESIAN_POINT('',(0.01,9.04473866205522E-16,-2.48266331029617E-16));
#7879=CARTESIAN_POINT('',(0.01,0.0164072260874239,-0.00394570109310845));
#7880=CARTESIAN_POINT('',(0.022,0.0164072260874239,-0.00394570109310845));
#7881=CARTESIAN_POINT('',(0.022,9.04473866205522E-16,-2.48266331029617E-16));
#7882=CARTESIAN_POINT('',(0.022,0.0162786178199117,-0.00444659722408669));
#7883=CARTESIAN_POINT('',(0.01,0.0162786178199117,-0.00444659722408669));
#7884=CARTESIAN_POINT('',(0.0125,0.01695974533039,-0.00407857399735921));
#7885=CARTESIAN_POINT('',(0.022,0.01695974533039,-0.00407857399735921));
#7886=CARTESIAN_POINT('',(0.0125,0.016826806133187,-0.00459633798580574));
#7887=CARTESIAN_POINT('',(0.022,0.016826806133187,-0.00459633798580574));
#7888=CARTESIAN_POINT('',(0.01,0.00617522905618646,-0.0163036256262069));
#7889=CARTESIAN_POINT('',(0.022,0.00617522905618646,-0.0163036256262069));
#7890=CARTESIAN_POINT('',(0.01,0.0062024925601023,-0.0163755714459209));
#7891=CARTESIAN_POINT('',(0.022,0.0062024925601023,-0.0163755714459209));
#7892=CARTESIAN_POINT('',(0.01,0.00624502060015675,-0.016487448577396));
#7893=CARTESIAN_POINT('',(0.022,0.00624502060015675,-0.016487448577396));
#7894=CARTESIAN_POINT('',(0.01,0.00624993598828724,-0.0164976977145638));
#7895=CARTESIAN_POINT('',(0.022,0.00624993598828724,-0.0164976977145638));
#7896=CARTESIAN_POINT('',(0.01,0.00629154267987642,-0.0165870822188082));
#7897=CARTESIAN_POINT('',(0.022,0.00629154267987642,-0.0165870822188082));
#7898=CARTESIAN_POINT('',(0.01,0.00634918715812722,-0.0166901844441717));
#7899=CARTESIAN_POINT('',(0.022,0.00634918715812722,-0.0166901844441717));
#7900=CARTESIAN_POINT('',(0.01,0.00644798934965722,-0.0168520954610456));
#7901=CARTESIAN_POINT('',(0.022,0.00644798934965722,-0.0168520954610456));
#7902=CARTESIAN_POINT('',(0.01,0.00660202702266493,-0.0170731386519058));
#7903=CARTESIAN_POINT('',(0.022,0.00660202702266493,-0.0170731386519058));
#7904=CARTESIAN_POINT('',(0.01,0.0068314855003417,-0.0173582654060281));
#7905=CARTESIAN_POINT('',(0.022,0.0068314855003417,-0.0173582654060281));
#7906=CARTESIAN_POINT('',(0.01,0.00710109219709314,-0.0176532811201159));
#7907=CARTESIAN_POINT('',(0.022,0.00710109219709314,-0.0176532811201159));
#7908=CARTESIAN_POINT('',(0.01,0.00751070347035273,-0.0180523563374701));
#7909=CARTESIAN_POINT('',(0.022,0.00751070347035273,-0.0180523563374701));
#7910=CARTESIAN_POINT('',(0.01,0.00786945200409635,-0.0183514238336224));
#7911=CARTESIAN_POINT('',(0.022,0.00786945200409635,-0.0183514238336224));
#7912=CARTESIAN_POINT('',(0.01,0.00813067606243642,-0.0185460132310889));
#7913=CARTESIAN_POINT('',(0.022,0.00813067606243642,-0.0185460132310889));
#7914=CARTESIAN_POINT('',(0.022,0.00597757105899395,-0.0157808196629541));
#7915=CARTESIAN_POINT('',(0.022,0.00610104604974363,-0.0161076746808508));
#7916=CARTESIAN_POINT('',(0.022,0.00623920230733316,-0.0164733929997816));
#7917=CARTESIAN_POINT('',(0.022,0.00624610607763985,-0.0164887901907112));
#7918=CARTESIAN_POINT('',(0.022,0.00625402325184567,-0.0165071555332888));
#7919=CARTESIAN_POINT('',(0.022,0.00626404666143838,-0.0165287660767463));
#7920=CARTESIAN_POINT('',(0.022,0.00627799823661514,-0.0165575456971645));
#7921=CARTESIAN_POINT('',(0.022,0.00629559434093668,-0.0165919884152121));
#7922=CARTESIAN_POINT('',(0.022,0.00631724779377449,-0.0166323877741093));
#7923=CARTESIAN_POINT('',(0.022,0.00634314599996332,-0.0166784593157044));
#7924=CARTESIAN_POINT('',(0.022,0.00637354000405226,-0.016730086907754));
#7925=CARTESIAN_POINT('',(0.022,0.00640865585693835,-0.0167870947143355));
#7926=CARTESIAN_POINT('',(0.022,0.00644872087716042,-0.0168493155591353));
#7927=CARTESIAN_POINT('',(0.022,0.00649395564114059,-0.0169165708725425));
#7928=CARTESIAN_POINT('',(0.022,0.00654457607643826,-0.0169886766975278));
#7929=CARTESIAN_POINT('',(0.022,0.00660079261939977,-0.0170654421179528));
#7930=CARTESIAN_POINT('',(0.022,0.00666281022697301,-0.0171466698857803));
#7931=CARTESIAN_POINT('',(0.022,0.00673082814875411,-0.0172321564251376));
#7932=CARTESIAN_POINT('',(0.022,0.00680503977282328,-0.0173216920207388));
#7933=CARTESIAN_POINT('',(0.022,0.00688563245453545,-0.0174150609603031));
#7934=CARTESIAN_POINT('',(0.022,0.0069727873595635,-0.0175120416946479));
#7935=CARTESIAN_POINT('',(0.022,0.00706667929095892,-0.0176124070022521));
#7936=CARTESIAN_POINT('',(0.022,0.00716747659220046,-0.0177159241422181));
#7937=CARTESIAN_POINT('',(0.022,0.00727534077731852,-0.0178223550759197));
#7938=CARTESIAN_POINT('',(0.022,0.00739042723652832,-0.0179314564408139));
#7939=CARTESIAN_POINT('',(0.022,0.00751288180944443,-0.0180429805000147));
#7940=CARTESIAN_POINT('',(0.022,0.00764285331351936,-0.0181566723471575));
#7941=CARTESIAN_POINT('',(0.022,0.00778044465599162,-0.0182722815481004));
#7942=CARTESIAN_POINT('',(0.022,0.00792590016471214,-0.0183895182777873));
#7943=CARTESIAN_POINT('',(0.022,0.00804372105121026,-0.0184809378615168));
#7944=CARTESIAN_POINT('',(0.022,0.00811337333204931,-0.0185331241890077));
#7945=CARTESIAN_POINT('',(0.022,0.00813067606243642,-0.0185460132310889));
#7946=CARTESIAN_POINT('',(0.022,0.00617522905608455,-0.016303625625938));
#7947=CARTESIAN_POINT('',(0.01,0.00617522905608458,-0.0163036256259381));
#7948=CARTESIAN_POINT('',(0.01,0.00458716545136928,-0.0168196187702827));
#7949=CARTESIAN_POINT('',(0.022,0.00458716545136928,-0.0168196187702827));
#7950=CARTESIAN_POINT('',(0.01,0.00460739750516716,-0.0168938492466331));
#7951=CARTESIAN_POINT('',(0.022,0.00460739750516716,-0.0168938492466331));
#7952=CARTESIAN_POINT('',(0.01,0.0046387513259755,-0.0170093571020313));
#7953=CARTESIAN_POINT('',(0.022,0.0046387513259755,-0.0170093571020313));
#7954=CARTESIAN_POINT('',(0.01,0.00464079898511989,-0.01702053802083));
#7955=CARTESIAN_POINT('',(0.022,0.00464079898511989,-0.01702053802083));
#7956=CARTESIAN_POINT('',(0.01,0.00465967735792286,-0.0171173074035103));
#7957=CARTESIAN_POINT('',(0.022,0.00465967735792286,-0.0171173074035103));
#7958=CARTESIAN_POINT('',(0.01,0.00467364396293327,-0.0172346014301792));
#7959=CARTESIAN_POINT('',(0.022,0.00467364396293327,-0.0172346014301792));
#7960=CARTESIAN_POINT('',(0.01,0.00468888021880626,-0.0174236646654823));
#7961=CARTESIAN_POINT('',(0.022,0.00468888021880626,-0.0174236646654823));
#7962=CARTESIAN_POINT('',(0.01,0.00469418705127625,-0.0176930334358704));
#7963=CARTESIAN_POINT('',(0.022,0.00469418705127625,-0.0176930334358704));
#7964=CARTESIAN_POINT('',(0.01,0.00467614454443952,-0.0180585781346982));
#7965=CARTESIAN_POINT('',(0.022,0.00467614454443952,-0.0180585781346982));
#7966=CARTESIAN_POINT('',(0.01,0.00463143403090564,-0.0184557217012727));
#7967=CARTESIAN_POINT('',(0.022,0.00463143403090564,-0.0184557217012727));
#7968=CARTESIAN_POINT('',(0.00999999999999999,0.00453462207706727,-0.0190193437997408));
#7969=CARTESIAN_POINT('',(0.022,0.00453462207706727,-0.0190193437997408));
#7970=CARTESIAN_POINT('',(0.01,0.00442017588023995,-0.0194721615840092));
#7971=CARTESIAN_POINT('',(0.022,0.00442017588023995,-0.0194721615840092));
#7972=CARTESIAN_POINT('',(0.01,0.00432321795578653,-0.0197831313625211));
#7973=CARTESIAN_POINT('',(0.022,0.00432321795578653,-0.0197831313625211));
#7974=CARTESIAN_POINT('',(0.015,0.00458716545129366,-0.0168196187700052));
#7975=CARTESIAN_POINT('',(0.022,0.00458716545129364,-0.0168196187700052));
#7976=CARTESIAN_POINT('',(0.022,0.00443977649516156,-0.0162804794055031));
#7977=CARTESIAN_POINT('',(0.022,0.00453200368842226,-0.0166174874482679));
#7978=CARTESIAN_POINT('',(0.022,0.00463519676251381,-0.0169945659941602));
#7979=CARTESIAN_POINT('',(0.022,0.00463866173676555,-0.0170110805176593));
#7980=CARTESIAN_POINT('',(0.022,0.00464305148580608,-0.0170305919901502));
#7981=CARTESIAN_POINT('',(0.022,0.00464764473584232,-0.0170539668994013));
#7982=CARTESIAN_POINT('',(0.022,0.00465327391087442,-0.0170854506315464));
#7983=CARTESIAN_POINT('',(0.022,0.00465928328516074,-0.0171236581063974));
#7984=CARTESIAN_POINT('',(0.022,0.00466551142118993,-0.0171690694545464));
#7985=CARTESIAN_POINT('',(0.022,0.00467163950495928,-0.0172215646983124));
#7986=CARTESIAN_POINT('',(0.022,0.00467739617634237,-0.0172811974450208));
#7987=CARTESIAN_POINT('',(0.022,0.00468249520255974,-0.0173479583098055));
#7988=CARTESIAN_POINT('',(0.022,0.00468665441527855,-0.0174218456586721));
#7989=CARTESIAN_POINT('',(0.022,0.00468959040384111,-0.017502844677339));
#7990=CARTESIAN_POINT('',(0.022,0.00469102035195343,-0.0175909334604782));
#7991=CARTESIAN_POINT('',(0.022,0.00469066179534437,-0.01768608124507));
#7992=CARTESIAN_POINT('',(0.022,0.0046882329808728,-0.0177882489247716));
#7993=CARTESIAN_POINT('',(0.022,0.00468345305333358,-0.0178973889192165));
#7994=CARTESIAN_POINT('',(0.022,0.00467604229093104,-0.0180134452358359));
#7995=CARTESIAN_POINT('',(0.022,0.00466572232750176,-0.0181363534844433));
#7996=CARTESIAN_POINT('',(0.022,0.00465221637359524,-0.0182660409144955));
#7997=CARTESIAN_POINT('',(0.022,0.00463524945311322,-0.0184024264465765));
#7998=CARTESIAN_POINT('',(0.022,0.00461454857165323,-0.0185454207391588));
#7999=CARTESIAN_POINT('',(0.022,0.00458984314602579,-0.0186949261505135));
#8000=CARTESIAN_POINT('',(0.022,0.00456086441799243,-0.0188508371322845));
#8001=CARTESIAN_POINT('',(0.022,0.00452734878473835,-0.0190130389834955));
#8002=CARTESIAN_POINT('',(0.022,0.00448902602021374,-0.0191814129532695));
#8003=CARTESIAN_POINT('',(0.022,0.00444566566921836,-0.0193558169234866));
#8004=CARTESIAN_POINT('',(0.022,0.00439689971147499,-0.0195361600330589));
#8005=CARTESIAN_POINT('',(0.022,0.00435531569509257,-0.0196793734094103));
#8006=CARTESIAN_POINT('',(0.022,0.00432964016986731,-0.0197625336186903));
#8007=CARTESIAN_POINT('',(0.022,0.00432321795578653,-0.0197831313625211));
#8008=CARTESIAN_POINT('',(0.01,2.96433028676024E-16,-8.87905023010294E-16));
#8009=CARTESIAN_POINT('',(0.01,0.00545996575032487,-0.0159672915363026));
#8010=CARTESIAN_POINT('',(0.022,0.00545996575032487,-0.0159672915363026));
#8011=CARTESIAN_POINT('',(0.022,2.96433028676024E-16,-8.87905023010294E-16));
#8012=CARTESIAN_POINT('',(0.022,0.00496813340337514,-0.016127097553071));
#8013=CARTESIAN_POINT('',(0.01,0.00496813340337514,-0.016127097553071));
#8014=CARTESIAN_POINT('',(0.0125,0.00564383206184614,-0.0165049958249404));
#8015=CARTESIAN_POINT('',(0.022,0.00564383206184614,-0.0165049958249404));
#8016=CARTESIAN_POINT('',(0.0125,0.00513543708361707,-0.0166701833668329));
#8017=CARTESIAN_POINT('',(0.022,0.00513543708361707,-0.0166701833668329));
#8018=CARTESIAN_POINT('',(0.01,0.00192667606257503,-0.0173271342640894));
#8019=CARTESIAN_POINT('',(0.022,0.00192667606257503,-0.0173271342640894));
#8020=CARTESIAN_POINT('',(0.01,0.00193519083559461,-0.0174035999312905));
#8021=CARTESIAN_POINT('',(0.022,0.00193519083559461,-0.0174035999312905));
#8022=CARTESIAN_POINT('',(0.01,0.00194856006786428,-0.0175225385304352));
#8023=CARTESIAN_POINT('',(0.022,0.00194856006786428,-0.0175225385304352));
#8024=CARTESIAN_POINT('',(0.01,0.00195077217327211,-0.0175336880794315));
#8025=CARTESIAN_POINT('',(0.022,0.00195077217327211,-0.0175336880794315));
#8026=CARTESIAN_POINT('',(0.01,0.00196884269186082,-0.0176306115685451));
#8027=CARTESIAN_POINT('',(0.022,0.00196884269186082,-0.0176306115685451));
#8028=CARTESIAN_POINT('',(0.01,0.00199903568203451,-0.0177448102466989));
#8029=CARTESIAN_POINT('',(0.022,0.00199903568203451,-0.0177448102466989));
#8030=CARTESIAN_POINT('',(0.01,0.00205446818851592,-0.0179262056371075));
#8031=CARTESIAN_POINT('',(0.022,0.00205446818851592,-0.0179262056371075));
#8032=CARTESIAN_POINT('',(0.01,0.00214869527857709,-0.0181786119611762));
#8033=CARTESIAN_POINT('',(0.022,0.00214869527857709,-0.0181786119611762));
#8034=CARTESIAN_POINT('',(0.01,0.00230003675592263,-0.0185118449369288));
#8035=CARTESIAN_POINT('',(0.022,0.00230003675592263,-0.0185118449369288));
#8036=CARTESIAN_POINT('',(0.01,0.00248780583787525,-0.0188646406488566));
#8037=CARTESIAN_POINT('',(0.022,0.00248780583787525,-0.0188646406488566));
#8038=CARTESIAN_POINT('',(0.01,0.00278530244898883,-0.0193530443657381));
#8039=CARTESIAN_POINT('',(0.022,0.00278530244898883,-0.0193530443657381));
#8040=CARTESIAN_POINT('',(0.01,0.0030584051759797,-0.0197319332389291));
#8041=CARTESIAN_POINT('',(0.022,0.0030584051759797,-0.0197319332389291));
#8042=CARTESIAN_POINT('',(0.01,0.00326302998487015,-0.0199853730342428));
#8043=CARTESIAN_POINT('',(0.022,0.00326302998487015,-0.0199853730342428));
#8044=CARTESIAN_POINT('',(0.022,0.0018652444108424,-0.016771597666526));
#8045=CARTESIAN_POINT('',(0.022,0.00190355467018306,-0.0171188909145084));
#8046=CARTESIAN_POINT('',(0.022,0.00194642004741981,-0.0175074775840521));
#8047=CARTESIAN_POINT('',(0.022,0.00194927779741225,-0.0175241079417737));
#8048=CARTESIAN_POINT('',(0.022,0.00195237896405834,-0.0175438652245027));
#8049=CARTESIAN_POINT('',(0.022,0.00195671314619292,-0.0175672895535991));
#8050=CARTESIAN_POINT('',(0.022,0.0019630692064259,-0.0175986346249764));
#8051=CARTESIAN_POINT('',(0.022,0.00197154694110829,-0.017636371234899));
#8052=CARTESIAN_POINT('',(0.022,0.00198247319890161,-0.0176808863683902));
#8053=CARTESIAN_POINT('',(0.022,0.00199610023883876,-0.0177319511097613));
#8054=CARTESIAN_POINT('',(0.022,0.00201270009935717,-0.0177895154075175));
#8055=CARTESIAN_POINT('',(0.022,0.00203253545816502,-0.0178534651665172));
#8056=CARTESIAN_POINT('',(0.022,0.00205586806722986,-0.0179236949944197));
#8057=CARTESIAN_POINT('',(0.022,0.00208295598161621,-0.0180000867868325));
#8058=CARTESIAN_POINT('',(0.022,0.00211405409337499,-0.0180825160650751));
#8059=CARTESIAN_POINT('',(0.022,0.00214941370652073,-0.0181708502443816));
#8060=CARTESIAN_POINT('',(0.022,0.00218928239249397,-0.018264949244345));
#8061=CARTESIAN_POINT('',(0.022,0.00223390376835922,-0.0183646654361625));
#8062=CARTESIAN_POINT('',(0.022,0.00228351730062534,-0.0184698437867995));
#8063=CARTESIAN_POINT('',(0.022,0.00233835810399698,-0.0185803219543553));
#8064=CARTESIAN_POINT('',(0.022,0.00239865674953557,-0.0186959304040928));
#8065=CARTESIAN_POINT('',(0.022,0.00246463905622766,-0.0188164925248242));
#8066=CARTESIAN_POINT('',(0.022,0.00253652595903964,-0.0189418247529557));
#8067=CARTESIAN_POINT('',(0.022,0.00261453309554076,-0.0190717366951884));
#8068=CARTESIAN_POINT('',(0.022,0.00269887149588022,-0.0192060312786362));
#8069=CARTESIAN_POINT('',(0.022,0.00278974402751116,-0.01934450481836));
#8070=CARTESIAN_POINT('',(0.022,0.00288735822514718,-0.0194869474257433));
#8071=CARTESIAN_POINT('',(0.022,0.00299187604344519,-0.0196331421264824));
#8072=CARTESIAN_POINT('',(0.022,0.00310360621080786,-0.0197828689627742));
#8073=CARTESIAN_POINT('',(0.022,0.00319499041153685,-0.0199007172951408));
#8074=CARTESIAN_POINT('',(0.022,0.00324947622599647,-0.0199685859110523));
#8075=CARTESIAN_POINT('',(0.022,0.00326302998487015,-0.0199853730342428));
#8076=CARTESIAN_POINT('',(0.022,0.0019266760625432,-0.0173271342638036));
#8077=CARTESIAN_POINT('',(0.01,0.00192667606254321,-0.0173271342638036));
#8078=CARTESIAN_POINT('',(0.01,0.000260182119369825,-0.0174319811760064));
#8079=CARTESIAN_POINT('',(0.022,0.000260182119369825,-0.0174319811760064));
#8080=CARTESIAN_POINT('',(0.01,0.000261318177205717,-0.0175089110726181));
#8081=CARTESIAN_POINT('',(0.022,0.000261318177205717,-0.0175089110726181));
#8082=CARTESIAN_POINT('',(0.01,0.000262961324552096,-0.0176285874144939));
#8083=CARTESIAN_POINT('',(0.022,0.000262961324552096,-0.0176285874144939));
#8084=CARTESIAN_POINT('',(0.01,0.000262164071284624,-0.0176399262962898));
#8085=CARTESIAN_POINT('',(0.022,0.000262164071284624,-0.0176399262962898));
#8086=CARTESIAN_POINT('',(0.01,0.000256383778431318,-0.017738350351269));
#8087=CARTESIAN_POINT('',(0.022,0.000256383778431318,-0.017738350351269));
#8088=CARTESIAN_POINT('',(0.01,0.00024074175860515,-0.0178554327238256));
#8089=CARTESIAN_POINT('',(0.022,0.00024074175860515,-0.0178554327238256));
#8090=CARTESIAN_POINT('',(0.01,0.000208481224827805,-0.0180423452926825));
#8091=CARTESIAN_POINT('',(0.022,0.000208481224827805,-0.0180423452926825));
#8092=CARTESIAN_POINT('',(0.01,0.00014663204428364,-0.0183045711033825));
#8093=CARTESIAN_POINT('',(0.022,0.00014663204428364,-0.0183045711033825));
#8094=CARTESIAN_POINT('',(0.01,3.82491060718183E-5,-0.0186541445543176));
#8095=CARTESIAN_POINT('',(0.022,3.82491060718183E-5,-0.0186541445543176));
#8096=CARTESIAN_POINT('',(0.01,-0.000103822333222167,-0.0190276920728864));
#8097=CARTESIAN_POINT('',(0.022,-0.000103822333222167,-0.0190276920728864));
#8098=CARTESIAN_POINT('',(0.01,-0.000337759877577621,-0.0195495307928263));
#8099=CARTESIAN_POINT('',(0.022,-0.000337759877577621,-0.0195495307928263));
#8100=CARTESIAN_POINT('',(0.01,-0.00056122174035576,-0.0199596608619529));
#8101=CARTESIAN_POINT('',(0.022,-0.00056122174035576,-0.0199596608619529));
#8102=CARTESIAN_POINT('',(0.01,-0.000732468592449101,-0.0202367484977473));
#8103=CARTESIAN_POINT('',(0.022,-0.000732468592449101,-0.0202367484977473));
#8104=CARTESIAN_POINT('',(0.015,0.000260182119365579,-0.0174319811757189));
#8105=CARTESIAN_POINT('',(0.022,0.000260182119365578,-0.0174319811757188));
#8106=CARTESIAN_POINT('',(0.022,0.000251502166043868,-0.0168731257228907));
#8107=CARTESIAN_POINT('',(0.022,0.000257021380305515,-0.0172224820085631));
#8108=CARTESIAN_POINT('',(0.022,0.000263196833185441,-0.0176133770124893));
#8109=CARTESIAN_POINT('',(0.022,0.000262445953913843,-0.0176302344059203));
#8110=CARTESIAN_POINT('',(0.022,0.000261845485023908,-0.0176502245758174));
#8111=CARTESIAN_POINT('',(0.022,0.000260481326119731,-0.0176740074141441));
#8112=CARTESIAN_POINT('',(0.022,0.000258103964472166,-0.0177059019458529));
#8113=CARTESIAN_POINT('',(0.022,0.000254422730605274,-0.017744403533236));
#8114=CARTESIAN_POINT('',(0.022,0.000249161855241189,-0.0177899370748236));
#8115=CARTESIAN_POINT('',(0.022,0.000242042377741294,-0.0178423070764359));
#8116=CARTESIAN_POINT('',(0.022,0.000232788131656863,-0.0179014979767062));
#8117=CARTESIAN_POINT('',(0.022,0.000221124210658835,-0.0179674295024136));
#8118=CARTESIAN_POINT('',(0.022,0.000206777717609271,-0.0180400298984881));
#8119=CARTESIAN_POINT('',(0.022,0.000189477829879493,-0.0181192143347011));
#8120=CARTESIAN_POINT('',(0.022,0.000168956064002999,-0.0182048912603688));
#8121=CARTESIAN_POINT('',(0.022,0.000144946480295039,-0.0182969606329404));
#8122=CARTESIAN_POINT('',(0.022,0.00011718590275948,-0.0183953145055141));
#8123=CARTESIAN_POINT('',(0.022,8.54141325299044E-5,-0.0184998369466987));
#8124=CARTESIAN_POINT('',(0.022,4.93741605708475E-5,-0.0186104041590531));
#8125=CARTESIAN_POINT('',(0.022,8.81237929196808E-6,-0.0187268845484773));
#8126=CARTESIAN_POINT('',(0.022,-3.65212125832666E-5,-0.0188491388152829));
#8127=CARTESIAN_POINT('',(0.022,-8.68727886424957E-5,-0.0189770200435379));
#8128=CARTESIAN_POINT('',(0.022,-0.00014248454833267,-0.0191103738075961));
#8129=CARTESIAN_POINT('',(0.022,-0.000203594291464248,-0.0192490382420202));
#8130=CARTESIAN_POINT('',(0.022,-0.000270436083932687,-0.0193928442769939));
#8131=CARTESIAN_POINT('',(0.022,-0.000343236722012723,-0.0195416152597284));
#8132=CARTESIAN_POINT('',(0.022,-0.00042222840996376,-0.0196951689676384));
#8133=CARTESIAN_POINT('',(0.022,-0.000507599019472928,-0.0198533104356283));
#8134=CARTESIAN_POINT('',(0.022,-0.000599682412549958,-0.0200158601342569));
#8135=CARTESIAN_POINT('',(0.022,-0.000675575708995401,-0.0201442326746973));
#8136=CARTESIAN_POINT('',(0.022,-0.000721125693444159,-0.0202183950096106));
#8137=CARTESIAN_POINT('',(0.022,-0.000732468592449101,-0.0202367484977473));
#8138=CARTESIAN_POINT('',(0.01,7.06435650070585E-17,-9.29551796783612E-16));
#8139=CARTESIAN_POINT('',(0.01,0.00131752695561229,-0.0168234879772666));
#8140=CARTESIAN_POINT('',(0.022,0.00131752695561229,-0.0168234879772666));
#8141=CARTESIAN_POINT('',(0.022,7.06435650070585E-17,-9.29551796783612E-16));
#8142=CARTESIAN_POINT('',(0.022,0.000801404285980001,-0.0168559596632886));
#8143=CARTESIAN_POINT('',(0.01,0.000801404285980001,-0.0168559596632886));
#8144=CARTESIAN_POINT('',(0.0125,0.00136189514998125,-0.0173900249891734));
#8145=CARTESIAN_POINT('',(0.022,0.00136189514998125,-0.0173900249891734));
#8146=CARTESIAN_POINT('',(0.0125,0.000828391863711916,-0.0174235901709078));
#8147=CARTESIAN_POINT('',(0.022,0.000828391863711916,-0.0174235901709078));
#8148=CARTESIAN_POINT('',(0.01,-0.00244293707386688,-0.0172619153314169));
#8149=CARTESIAN_POINT('',(0.022,-0.00244293707386688,-0.0172619153314169));
#8150=CARTESIAN_POINT('',(0.01,-0.00245370604624753,-0.0173380962270139));
#8151=CARTESIAN_POINT('',(0.022,-0.00245370604624753,-0.0173380962270139));
#8152=CARTESIAN_POINT('',(0.01,-0.00247033565979473,-0.0174566229442182));
#8153=CARTESIAN_POINT('',(0.022,-0.00247033565979473,-0.0174566229442182));
#8154=CARTESIAN_POINT('',(0.01,-0.0024709658318279,-0.0174679723378745));
#8155=CARTESIAN_POINT('',(0.022,-0.0024709658318279,-0.0174679723378745));
#8156=CARTESIAN_POINT('',(0.00999999999999999,-0.00247756692338128,-0.0175663447525766));
#8157=CARTESIAN_POINT('',(0.022,-0.00247756692338128,-0.0175663447525766));
#8158=CARTESIAN_POINT('',(0.01,-0.00247672255789938,-0.017684464360579));
#8159=CARTESIAN_POINT('',(0.022,-0.00247672255789938,-0.017684464360579));
#8160=CARTESIAN_POINT('',(0.01,-0.00246814276471528,-0.0178739463850173));
#8161=CARTESIAN_POINT('',(0.022,-0.00246814276471528,-0.0178739463850173));
#8162=CARTESIAN_POINT('',(0.01,-0.00243964689221221,-0.0181418562246677));
#8163=CARTESIAN_POINT('',(0.022,-0.00243964689221221,-0.0181418562246677));
#8164=CARTESIAN_POINT('',(0.01,-0.00237593175681454,-0.0185022571686389));
#8165=CARTESIAN_POINT('',(0.022,-0.00237593175681454,-0.0185022571686389));
#8166=CARTESIAN_POINT('',(0.01,-0.0022817985116462,-0.0188906654263345));
#8167=CARTESIAN_POINT('',(0.022,-0.0022817985116462,-0.0188906654263345));
#8168=CARTESIAN_POINT('',(0.01,-0.0021151093688709,-0.0194377094409882));
#8169=CARTESIAN_POINT('',(0.022,-0.0021151093688709,-0.0194377094409882));
#8170=CARTESIAN_POINT('',(0.01,-0.00194481249737112,-0.0198726127098601));
#8171=CARTESIAN_POINT('',(0.022,-0.00194481249737112,-0.0198726127098601));
#8172=CARTESIAN_POINT('',(0.01,-0.00180964426723033,-0.0201689783485947));
#8173=CARTESIAN_POINT('',(0.022,-0.00180964426723033,-0.0201689783485947));
#8174=CARTESIAN_POINT('',(0.022,-0.00236428240353145,-0.0167085545070886));
#8175=CARTESIAN_POINT('',(0.022,-0.00241354405008947,-0.0170544642731307));
#8176=CARTESIAN_POINT('',(0.022,-0.00246866294250512,-0.0174415029637181));
#8177=CARTESIAN_POINT('',(0.022,-0.00247003077576903,-0.0174583215416939));
#8178=CARTESIAN_POINT('',(0.022,-0.00247194047438834,-0.0174782293418382));
#8179=CARTESIAN_POINT('',(0.022,-0.0024735678523154,-0.0175019956198277));
#8180=CARTESIAN_POINT('',(0.022,-0.00247520668166659,-0.0175339366160502));
#8181=CARTESIAN_POINT('',(0.022,-0.00247638000387235,-0.017572595987861));
#8182=CARTESIAN_POINT('',(0.022,-0.00247686747808467,-0.0176184298463938));
#8183=CARTESIAN_POINT('',(0.022,-0.00247636784143519,-0.0176712792020375));
#8184=CARTESIAN_POINT('',(0.022,-0.00247460515477371,-0.0177311632289656));
#8185=CARTESIAN_POINT('',(0.022,-0.00247129661858733,-0.0177980367418348));
#8186=CARTESIAN_POINT('',(0.022,-0.0024661624943186,-0.0178718627544657));
#8187=CARTESIAN_POINT('',(0.022,-0.00245892346280936,-0.0179525910486175));
#8188=CARTESIAN_POINT('',(0.022,-0.00244930168332213,-0.0180401644454115));
#8189=CARTESIAN_POINT('',(0.022,-0.00243702077452966,-0.0181345170222433));
#8190=CARTESIAN_POINT('',(0.022,-0.00242180610632288,-0.0182355746681029));
#8191=CARTESIAN_POINT('',(0.022,-0.00240338500152503,-0.0183432549773185));
#8192=CARTESIAN_POINT('',(0.022,-0.00238148696176007,-0.0184574673404018));
#8193=CARTESIAN_POINT('',(0.022,-0.00235584388609515,-0.0185781129863712));
#8194=CARTESIAN_POINT('',(0.022,-0.00232619028570812,-0.0187050850474263));
#8195=CARTESIAN_POINT('',(0.022,-0.00229226351471477,-0.0188382686198428));
#8196=CARTESIAN_POINT('',(0.022,-0.00225380392881757,-0.0189775408513067));
#8197=CARTESIAN_POINT('',(0.022,-0.00221055531620992,-0.0191227709569573));
#8198=CARTESIAN_POINT('',(0.022,-0.00216226426660908,-0.0192738205363797));
#8199=CARTESIAN_POINT('',(0.022,-0.00210868363163147,-0.0194305427548558));
#8200=CARTESIAN_POINT('',(0.022,-0.00204956019947174,-0.0195927859295902));
#8201=CARTESIAN_POINT('',(0.022,-0.0019846831442613,-0.0197603801794116));
#8202=CARTESIAN_POINT('',(0.022,-0.00191369873558669,-0.0199331892345272));
#8203=CARTESIAN_POINT('',(0.022,-0.0018544932260462,-0.0200700614713926));
#8204=CARTESIAN_POINT('',(0.022,-0.00181859742207331,-0.0201493479409837));
#8205=CARTESIAN_POINT('',(0.022,-0.00180964426723033,-0.0201689783485947));
#8206=CARTESIAN_POINT('',(0.022,-0.00244293707382663,-0.0172619153311321));
#8207=CARTESIAN_POINT('',(0.01,-0.00244293707382664,-0.0172619153311322));
#8208=CARTESIAN_POINT('',(0.01,-0.00408314941207252,-0.0169490280940994));
#8209=CARTESIAN_POINT('',(0.022,-0.00408314941207252,-0.0169490280940994));
#8210=CARTESIAN_POINT('',(0.01,-0.00410118073289057,-0.0170238236226399));
#8211=CARTESIAN_POINT('',(0.022,-0.00410118073289057,-0.0170238236226399));
#8212=CARTESIAN_POINT('',(0.01,-0.004129351503997,-0.0171401487462945));
#8213=CARTESIAN_POINT('',(0.022,-0.004129351503997,-0.0171401487462945));
#8214=CARTESIAN_POINT('',(0.01,-0.00413294357532146,-0.0171509331274429));
#8215=CARTESIAN_POINT('',(0.022,-0.00413294357532146,-0.0171509331274429));
#8216=CARTESIAN_POINT('',(0.01,-0.00416301933677264,-0.0172448275093683));
#8217=CARTESIAN_POINT('',(0.022,-0.00416301933677264,-0.0172448275093683));
#8218=CARTESIAN_POINT('',(0.01,-0.00420728713580238,-0.0173543415117459));
#8219=CARTESIAN_POINT('',(0.022,-0.00420728713580238,-0.0173543415117459));
#8220=CARTESIAN_POINT('',(0.01,-0.00428501741124688,-0.0175273590100392));
#8221=CARTESIAN_POINT('',(0.022,-0.00428501741124688,-0.0175273590100392));
#8222=CARTESIAN_POINT('',(0.01,-0.00441013639332624,-0.0177659652489656));
#8223=CARTESIAN_POINT('',(0.022,-0.00441013639332624,-0.0177659652489656));
#8224=CARTESIAN_POINT('',(0.01,-0.00460204966430075,-0.0180776024664446));
#8225=CARTESIAN_POINT('',(0.022,-0.00460204966430075,-0.0180776024664446));
#8226=CARTESIAN_POINT('',(0.01,-0.00483255515832178,-0.0184040825726043));
#8227=CARTESIAN_POINT('',(0.022,-0.00483255515832178,-0.0184040825726043));
#8228=CARTESIAN_POINT('',(0.01,-0.00518891913692039,-0.0188513488680535));
#8229=CARTESIAN_POINT('',(0.022,-0.00518891913692039,-0.0188513488680535));
#8230=CARTESIAN_POINT('',(0.01,-0.00550735573497563,-0.0191930212414425));
#8231=CARTESIAN_POINT('',(0.022,-0.00550735573497563,-0.0191930212414425));
#8232=CARTESIAN_POINT('',(0.01,-0.0057421314451901,-0.0194188162993052));
#8233=CARTESIAN_POINT('',(0.022,-0.0057421314451901,-0.0194188162993052));
#8234=CARTESIAN_POINT('',(0.015,-0.00408314941200514,-0.0169490280938199));
#8235=CARTESIAN_POINT('',(0.022,-0.00408314941200512,-0.0169490280938198));
#8236=CARTESIAN_POINT('',(0.022,-0.00395257496912662,-0.0164055714960934));
#8237=CARTESIAN_POINT('',(0.022,-0.00403411052639433,-0.0167453246844021));
#8238=CARTESIAN_POINT('',(0.022,-0.0041253407211422,-0.0171254747756543));
#8239=CARTESIAN_POINT('',(0.022,-0.00413026027343096,-0.0171416158269908));
#8240=CARTESIAN_POINT('',(0.022,-0.00413581323058265,-0.0171608286384007));
#8241=CARTESIAN_POINT('',(0.022,-0.00414304908330626,-0.0171835250426038));
#8242=CARTESIAN_POINT('',(0.022,-0.00415328360325785,-0.0172138263231492));
#8243=CARTESIAN_POINT('',(0.022,-0.00416642413981546,-0.0172502028267302));
#8244=CARTESIAN_POINT('',(0.022,-0.00418284346642556,-0.0172929975218778));
#8245=CARTESIAN_POINT('',(0.022,-0.00420276316223977,-0.0173419516815316));
#8246=CARTESIAN_POINT('',(0.022,-0.0042264468474755,-0.0173969815534109));
#8247=CARTESIAN_POINT('',(0.022,-0.00425414082863572,-0.0174579410198018));
#8248=CARTESIAN_POINT('',(0.022,-0.00428609158453264,-0.017524692713193));
#8249=CARTESIAN_POINT('',(0.022,-0.00432254033298416,-0.017597087117605));
#8250=CARTESIAN_POINT('',(0.022,-0.00436372435482567,-0.0176749687894637));
#8251=CARTESIAN_POINT('',(0.022,-0.00440987635518709,-0.017758174692729));
#8252=CARTESIAN_POINT('',(0.022,-0.00446122439660381,-0.0178465348226407));
#8253=CARTESIAN_POINT('',(0.022,-0.00451799167235183,-0.0179398721811788));
#8254=CARTESIAN_POINT('',(0.022,-0.00458039632988347,-0.0180380029446783));
#8255=CARTESIAN_POINT('',(0.022,-0.0046486512831184,-0.0181407365836669));
#8256=CARTESIAN_POINT('',(0.022,-0.00472296403665954,-0.0182478760020226));
#8257=CARTESIAN_POINT('',(0.022,-0.00480353649359203,-0.0183592176785662));
#8258=CARTESIAN_POINT('',(0.022,-0.00489056484012531,-0.0184745518066636));
#8259=CARTESIAN_POINT('',(0.022,-0.00498423915085416,-0.0185936624677702));
#8260=CARTESIAN_POINT('',(0.022,-0.00508474409210996,-0.0187163276938874));
#8261=CARTESIAN_POINT('',(0.022,-0.00519225540318337,-0.0188423199801591));
#8262=CARTESIAN_POINT('',(0.022,-0.00530695267629576,-0.0189714050820061));
#8263=CARTESIAN_POINT('',(0.022,-0.00542896939495212,-0.0191033474377312));
#8264=CARTESIAN_POINT('',(0.022,-0.00555858428511675,-0.0192378901300354));
#8265=CARTESIAN_POINT('',(0.022,-0.00566401820669353,-0.0193433557157276));
#8266=CARTESIAN_POINT('',(0.022,-0.00572658057732174,-0.0194038602840217));
#8267=CARTESIAN_POINT('',(0.022,-0.0057421314451901,-0.0194188162993052));
#8268=CARTESIAN_POINT('',(0.01,-1.58409438933432E-16,-9.13738604332932E-16));
#8269=CARTESIAN_POINT('',(0.01,-0.0029076969032466,-0.0166226027961583));
#8270=CARTESIAN_POINT('',(0.022,-0.0029076969032466,-0.0166226027961583));
#8271=CARTESIAN_POINT('',(0.022,-1.58409438933432E-16,-9.13738604332932E-16));
#8272=CARTESIAN_POINT('',(0.022,-0.00341568001006204,-0.0165256998359786));
#8273=CARTESIAN_POINT('',(0.01,-0.00341568001006204,-0.0165256998359786));
#8274=CARTESIAN_POINT('',(0.0125,-0.00300561464285696,-0.0171823749272987));
#8275=CARTESIAN_POINT('',(0.022,-0.00300561464285696,-0.0171823749272987));
#8276=CARTESIAN_POINT('',(0.0125,-0.00353070426360241,-0.0170822087250624));
#8277=CARTESIAN_POINT('',(0.022,-0.00353070426360241,-0.0170822087250624));
#8278=CARTESIAN_POINT('',(0.01,-0.00665905148946365,-0.0161120667735878));
#8279=CARTESIAN_POINT('',(0.022,-0.00665905148946365,-0.0161120667735878));
#8280=CARTESIAN_POINT('',(0.01,-0.00668842755310433,-0.0161831761717365));
#8281=CARTESIAN_POINT('',(0.022,-0.00668842755310433,-0.0161831761717365));
#8282=CARTESIAN_POINT('',(0.01,-0.00673401111268982,-0.0162938435374478));
#8283=CARTESIAN_POINT('',(0.022,-0.00673401111268982,-0.0162938435374478));
#8284=CARTESIAN_POINT('',(0.01,-0.00673744396613752,-0.0163046796516205));
#8285=CARTESIAN_POINT('',(0.022,-0.00673744396613752,-0.0163046796516205));
#8286=CARTESIAN_POINT('',(0.01,-0.00676830189697359,-0.0163983198913069));
#8287=CARTESIAN_POINT('',(0.022,-0.00676830189697359,-0.0163983198913069));
#8288=CARTESIAN_POINT('',(0.01,-0.00679685921077205,-0.0165129385397736));
#8289=CARTESIAN_POINT('',(0.022,-0.00679685921077205,-0.0165129385397736));
#8290=CARTESIAN_POINT('',(0.01,-0.0068356712308453,-0.0166986013457799));
#8291=CARTESIAN_POINT('',(0.022,-0.0068356712308453,-0.0166986013457799));
#8292=CARTESIAN_POINT('',(0.01,-0.00687469707637017,-0.0169651809404834));
#8293=CARTESIAN_POINT('',(0.022,-0.00687469707637017,-0.0169651809404834));
#8294=CARTESIAN_POINT('',(0.01,-0.00690261173920528,-0.0173301045359016));
#8295=CARTESIAN_POINT('',(0.022,-0.00690261173920528,-0.0173301045359016));
#8296=CARTESIAN_POINT('',(0.01,-0.00690802906881303,-0.0177297202200682));
#8297=CARTESIAN_POINT('',(0.022,-0.00690802906881303,-0.0177297202200682));
#8298=CARTESIAN_POINT('',(0.01,-0.00688262108625633,-0.0183010317451662));
#8299=CARTESIAN_POINT('',(0.022,-0.00688262108625633,-0.0183010317451662));
#8300=CARTESIAN_POINT('',(0.01,-0.00682583044899216,-0.0187646228378736));
#8301=CARTESIAN_POINT('',(0.022,-0.00682583044899216,-0.0187646228378736));
#8302=CARTESIAN_POINT('',(0.01,-0.00676861191461467,-0.0190852925769907));
#8303=CARTESIAN_POINT('',(0.022,-0.00676861191461467,-0.0190852925769907));
#8304=CARTESIAN_POINT('',(0.022,-0.00644525265926898,-0.0155956514182058));
#8305=CARTESIAN_POINT('',(0.022,-0.00657899092130078,-0.0159184429195401));
#8306=CARTESIAN_POINT('',(0.022,-0.00672863076064525,-0.0162796145668128));
#8307=CARTESIAN_POINT('',(0.022,-0.00673413823117099,-0.0162955645919343));
#8308=CARTESIAN_POINT('',(0.022,-0.00674093880166807,-0.016314372029195));
#8309=CARTESIAN_POINT('',(0.022,-0.00674842548551654,-0.0163369869334252));
#8310=CARTESIAN_POINT('',(0.022,-0.00675795623077658,-0.0163675168842296));
#8311=CARTESIAN_POINT('',(0.022,-0.00676870688572114,-0.0164046699074183));
#8312=CARTESIAN_POINT('',(0.022,-0.00678057746214152,-0.0164489425810958));
#8313=CARTESIAN_POINT('',(0.022,-0.00679323662278792,-0.0165002558316309));
#8314=CARTESIAN_POINT('',(0.022,-0.00680642186606901,-0.0165586968540811));
#8315=CARTESIAN_POINT('',(0.022,-0.00681984804000065,-0.0166242922120625));
#8316=CARTESIAN_POINT('',(0.022,-0.00683323499643783,-0.0166970756495352));
#8317=CARTESIAN_POINT('',(0.022,-0.0068462997027787,-0.0167770679898064));
#8318=CARTESIAN_POINT('',(0.022,-0.00685875882735463,-0.016864282946559));
#8319=CARTESIAN_POINT('',(0.022,-0.00687032827758089,-0.0169587254015091));
#8320=CARTESIAN_POINT('',(0.022,-0.00688072362069964,-0.0170603918697117));
#8321=CARTESIAN_POINT('',(0.022,-0.00688966025273174,-0.0171692703464766));
#8322=CARTESIAN_POINT('',(0.022,-0.0068968536398417,-0.0172853403391901));
#8323=CARTESIAN_POINT('',(0.022,-0.00690201954063618,-0.0174085728539333));
#8324=CARTESIAN_POINT('',(0.022,-0.00690487423017134,-0.0175389304047393));
#8325=CARTESIAN_POINT('',(0.022,-0.00690513473867219,-0.0176763670151711));
#8326=CARTESIAN_POINT('',(0.022,-0.00690251902691614,-0.0178208282634571));
#8327=CARTESIAN_POINT('',(0.022,-0.00689674640758937,-0.0179722511908685));
#8328=CARTESIAN_POINT('',(0.022,-0.00688753701297563,-0.018130564765669));
#8329=CARTESIAN_POINT('',(0.022,-0.00687461494300277,-0.0182956882295264));
#8330=CARTESIAN_POINT('',(0.022,-0.00685769721900272,-0.0184675376362549));
#8331=CARTESIAN_POINT('',(0.022,-0.00683653739085983,-0.0186460008720737));
#8332=CARTESIAN_POINT('',(0.022,-0.00681075895233269,-0.018831033917533));
#8333=CARTESIAN_POINT('',(0.022,-0.00678745223388778,-0.018978329872874));
#8334=CARTESIAN_POINT('',(0.022,-0.00677240190578076,-0.0190640523356649));
#8335=CARTESIAN_POINT('',(0.022,-0.00676861191461467,-0.0190852925769907));
#8336=CARTESIAN_POINT('',(0.022,-0.00665905148935385,-0.0161120667733219));
#8337=CARTESIAN_POINT('',(0.01,-0.00665905148935388,-0.0161120667733221));
#8338=CARTESIAN_POINT('',(0.01,-0.00816992164918125,-0.0154011052428752));
#8339=CARTESIAN_POINT('',(0.022,-0.00816992164918125,-0.0154011052428752));
#8340=CARTESIAN_POINT('',(0.01,-0.00820598737445169,-0.0154690667252076));
#8341=CARTESIAN_POINT('',(0.022,-0.00820598737445169,-0.0154690667252076));
#8342=CARTESIAN_POINT('',(0.01,-0.00826220199085748,-0.0155747314953077));
#8343=CARTESIAN_POINT('',(0.022,-0.00826220199085748,-0.0155747314953077));
#8344=CARTESIAN_POINT('',(0.01,-0.00826836317718688,-0.015584283753479));
#8345=CARTESIAN_POINT('',(0.022,-0.00826836317718688,-0.015584283753479));
#8346=CARTESIAN_POINT('',(0.01,-0.00832084463653305,-0.0156677487330148));
#8347=CARTESIAN_POINT('',(0.022,-0.00832084463653305,-0.0156677487330148));
#8348=CARTESIAN_POINT('',(0.01,-0.00839095670614774,-0.0157628131976798));
#8349=CARTESIAN_POINT('',(0.022,-0.00839095670614774,-0.0157628131976798));
#8350=CARTESIAN_POINT('',(0.01,-0.00850927264418126,-0.0159110642996777));
#8351=CARTESIAN_POINT('',(0.022,-0.00850927264418126,-0.0159110642996777));
#8352=CARTESIAN_POINT('',(0.01,-0.00868979974199635,-0.0161110584593066));
#8353=CARTESIAN_POINT('',(0.022,-0.00868979974199635,-0.0161110584593066));
#8354=CARTESIAN_POINT('',(0.01,-0.00895318472911056,-0.0163651781308336));
#8355=CARTESIAN_POINT('',(0.022,-0.00895318472911056,-0.0163651781308336));
#8356=CARTESIAN_POINT('',(0.01,-0.00925764076992942,-0.0166240768788044));
#8357=CARTESIAN_POINT('',(0.022,-0.00925764076992942,-0.0166240768788044));
#8358=CARTESIAN_POINT('',(0.01,-0.00971403952338074,-0.0169686673634897));
#8359=CARTESIAN_POINT('',(0.022,-0.00971403952338074,-0.0169686673634897));
#8360=CARTESIAN_POINT('',(0.01,-0.0101074423141297,-0.0172204135093373));
#8361=CARTESIAN_POINT('',(0.022,-0.0101074423141297,-0.0172204135093373));
#8362=CARTESIAN_POINT('',(0.01,-0.0103909950611476,-0.0173807284553671));
#8363=CARTESIAN_POINT('',(0.022,-0.0103909950611476,-0.0173807284553671));
#8364=CARTESIAN_POINT('',(0.015,-0.00816992164904647,-0.0154011052426213));
#8365=CARTESIAN_POINT('',(0.022,-0.00816992164904644,-0.0154011052426212));
#8366=CARTESIAN_POINT('',(0.022,-0.007908297282433,-0.0149071948767252));
#8367=CARTESIAN_POINT('',(0.022,-0.00807176443230014,-0.015215997025324));
#8368=CARTESIAN_POINT('',(0.022,-0.00825466794601861,-0.0155615159755744));
#8369=CARTESIAN_POINT('',(0.022,-0.00826344705776138,-0.0155759264831982));
#8370=CARTESIAN_POINT('',(0.022,-0.00827360359045462,-0.0155931547245203));
#8371=CARTESIAN_POINT('',(0.022,-0.00828625648175945,-0.0156133385960523));
#8372=CARTESIAN_POINT('',(0.022,-0.00830370508748657,-0.0156401426845372));
#8373=CARTESIAN_POINT('',(0.022,-0.00832547925849548,-0.0156721084348127));
#8374=CARTESIAN_POINT('',(0.022,-0.00835202534967461,-0.0157094753354363));
#8375=CARTESIAN_POINT('',(0.022,-0.00838349363605561,-0.0157519376832399));
#8376=CARTESIAN_POINT('',(0.022,-0.00842011862739679,-0.0157993487974923));
#8377=CARTESIAN_POINT('',(0.022,-0.00846210255403155,-0.0158515058971));
#8378=CARTESIAN_POINT('',(0.022,-0.00850964998927617,-0.0159082146334167));
#8379=CARTESIAN_POINT('',(0.022,-0.0085629573895351,-0.0159692701993503));
#8380=CARTESIAN_POINT('',(0.022,-0.0086222159237851,-0.0160344630255285));
#8381=CARTESIAN_POINT('',(0.022,-0.00868761044088207,-0.0161035773265755));
#8382=CARTESIAN_POINT('',(0.022,-0.00875931955989286,-0.016176391721897));
#8383=CARTESIAN_POINT('',(0.022,-0.00883751544444863,-0.0162526792682808));
#8384=CARTESIAN_POINT('',(0.022,-0.00892236367341187,-0.016332207666155));
#8385=CARTESIAN_POINT('',(0.022,-0.00901402308886694,-0.0164147394223423));
#8386=CARTESIAN_POINT('',(0.022,-0.0091126456604658,-0.0165000320285618));
#8387=CARTESIAN_POINT('',(0.022,-0.00921837633447773,-0.0165878381463705));
#8388=CARTESIAN_POINT('',(0.022,-0.00933135295677355,-0.0166779057710697));
#8389=CARTESIAN_POINT('',(0.022,-0.00945170593364656,-0.0167699784979631));
#8390=CARTESIAN_POINT('',(0.022,-0.00957955892859932,-0.0168637954079358));
#8391=CARTESIAN_POINT('',(0.022,-0.00971502558159241,-0.0169590924390308));
#8392=CARTESIAN_POINT('',(0.022,-0.00985822158836943,-0.017055598043124));
#8393=CARTESIAN_POINT('',(0.022,-0.0100092176569937,-0.0171530508631242));
#8394=CARTESIAN_POINT('',(0.022,-0.0101682198640067,-0.0172511327369329));
#8395=CARTESIAN_POINT('',(0.022,-0.0102965696096633,-0.0173270645772527));
#8396=CARTESIAN_POINT('',(0.022,-0.0103722133426361,-0.0173701096543814));
#8397=CARTESIAN_POINT('',(0.022,-0.0103909950611476,-0.0173807284553671));
#8398=CARTESIAN_POINT('',(0.01,-3.76333740509847E-16,-8.41459046696786E-16));
#8399=CARTESIAN_POINT('',(0.01,-0.00695021947191333,-0.0153772583477106));
#8400=CARTESIAN_POINT('',(0.022,-0.00695021947191333,-0.0153772583477106));
#8401=CARTESIAN_POINT('',(0.022,-3.76333740509847E-16,-8.41459046696786E-16));
#8402=CARTESIAN_POINT('',(0.022,-0.00741814456907955,-0.0151570695107014));
#8403=CARTESIAN_POINT('',(0.01,-0.00741814456907954,-0.0151570695107014));
#8404=CARTESIAN_POINT('',(0.0125,-0.00718427061380704,-0.0158950930563872));
#8405=CARTESIAN_POINT('',(0.022,-0.00718427061380704,-0.0158950930563872));
#8406=CARTESIAN_POINT('',(0.0125,-0.00766795325701264,-0.0156674892810523));
#8407=CARTESIAN_POINT('',(0.022,-0.00766795325701264,-0.0156674892810523));
#8408=CARTESIAN_POINT('',(0.01,-0.0135974186685211,-0.0109110892219261));
#8409=CARTESIAN_POINT('',(0.022,-0.0135974186685211,-0.0109110892219261));
#8410=CARTESIAN_POINT('',(0.01,-0.0136574183231441,-0.0109592508359482));
#8411=CARTESIAN_POINT('',(0.022,-0.0136574183231441,-0.0109592508359482));
#8412=CARTESIAN_POINT('',(0.01,-0.0137506779109437,-0.011034269340475));
#8413=CARTESIAN_POINT('',(0.022,-0.0137506779109437,-0.011034269340475));
#8414=CARTESIAN_POINT('',(0.01,-0.0137589064811672,-0.0110421113099491));
#8415=CARTESIAN_POINT('',(0.022,-0.0137589064811672,-0.0110421113099491));
#8416=CARTESIAN_POINT('',(0.01,-0.0138310590216038,-0.0111093029559518));
#8417=CARTESIAN_POINT('',(0.022,-0.0138310590216038,-0.0111093029559518));
#8418=CARTESIAN_POINT('',(0.01,-0.0139113019414689,-0.0111959864524158));
#8419=CARTESIAN_POINT('',(0.022,-0.0139113019414689,-0.0111959864524158));
#8420=CARTESIAN_POINT('',(0.01,-0.0140347569128627,-0.0113399861762853));
#8421=CARTESIAN_POINT('',(0.022,-0.0140347569128627,-0.0113399861762853));
#8422=CARTESIAN_POINT('',(0.01,-0.0141973812211795,-0.0115547908114208));
#8423=CARTESIAN_POINT('',(0.022,-0.0141973812211795,-0.0115547908114208));
#8424=CARTESIAN_POINT('',(0.01,-0.0143976463095522,-0.0118611278044093));
#8425=CARTESIAN_POINT('',(0.022,-0.0143976463095522,-0.0118611278044093));
#8426=CARTESIAN_POINT('',(0.01,-0.0145949098757513,-0.0122087038794523));
#8427=CARTESIAN_POINT('',(0.022,-0.0145949098757513,-0.0122087038794523));
#8428=CARTESIAN_POINT('',(0.01,-0.0148478761171832,-0.0127215883742301));
#8429=CARTESIAN_POINT('',(0.022,-0.0148478761171832,-0.0127215883742301));
#8430=CARTESIAN_POINT('',(0.01,-0.0150214468145766,-0.0131551954437347));
#8431=CARTESIAN_POINT('',(0.022,-0.0150214468145766,-0.0131551954437347));
#8432=CARTESIAN_POINT('',(0.01,-0.0151257896556728,-0.0134637657173743));
#8433=CARTESIAN_POINT('',(0.022,-0.0151257896556728,-0.0134637657173743));
#8434=CARTESIAN_POINT('',(0.022,-0.0131612803306182,-0.0105615493682927));
#8435=CARTESIAN_POINT('',(0.022,-0.0134339820547507,-0.0107799848180714));
#8436=CARTESIAN_POINT('',(0.022,-0.0137391082136239,-0.0110243924028228));
#8437=CARTESIAN_POINT('',(0.022,-0.01375161843004,-0.0110357162722228));
#8438=CARTESIAN_POINT('',(0.022,-0.0137666383673955,-0.0110489211553059));
#8439=CARTESIAN_POINT('',(0.022,-0.0137840938116657,-0.0110651320095006));
#8440=CARTESIAN_POINT('',(0.022,-0.013807153583373,-0.0110872941377859));
#8441=CARTESIAN_POINT('',(0.022,-0.0138344730595409,-0.0111146724126715));
#8442=CARTESIAN_POINT('',(0.022,-0.0138662038481606,-0.0111477501585543));
#8443=CARTESIAN_POINT('',(0.022,-0.0139020175021741,-0.0111866177056204));
#8444=CARTESIAN_POINT('',(0.022,-0.0139417259962229,-0.0112314779245875));
#8445=CARTESIAN_POINT('',(0.022,-0.0139850922468383,-0.0112824914663459));
#8446=CARTESIAN_POINT('',(0.022,-0.0140318870146058,-0.011339822863351));
#8447=CARTESIAN_POINT('',(0.022,-0.0140818723078708,-0.0114036267152023));
#8448=CARTESIAN_POINT('',(0.022,-0.0141348064478163,-0.0114740515353637));
#8449=CARTESIAN_POINT('',(0.022,-0.0141904428339975,-0.0115512384643625));
#8450=CARTESIAN_POINT('',(0.022,-0.0142485305372033,-0.0116353214748439));
#8451=CARTESIAN_POINT('',(0.022,-0.0143088143737622,-0.0117264271560304));
#8452=CARTESIAN_POINT('',(0.022,-0.0143710351323816,-0.0118246746253285));
#8453=CARTESIAN_POINT('',(0.022,-0.0144349297625025,-0.0119301754095087));
#8454=CARTESIAN_POINT('',(0.022,-0.0145002315750593,-0.0120430333449022));
#8455=CARTESIAN_POINT('',(0.022,-0.0145666704524304,-0.0121633444637787));
#8456=CARTESIAN_POINT('',(0.022,-0.0146339730238726,-0.012291196949408));
#8457=CARTESIAN_POINT('',(0.022,-0.0147018629906189,-0.0124266708527804));
#8458=CARTESIAN_POINT('',(0.022,-0.01477006088292,-0.012569838755611));
#8459=CARTESIAN_POINT('',(0.022,-0.0148382860220765,-0.0127207628047077));
#8460=CARTESIAN_POINT('',(0.022,-0.0149062499906078,-0.0128795057634799));
#8461=CARTESIAN_POINT('',(0.022,-0.0149736828114054,-0.0130460881141214));
#8462=CARTESIAN_POINT('',(0.022,-0.0150402333430032,-0.0132206526653593));
#8463=CARTESIAN_POINT('',(0.022,-0.0150907698776058,-0.0133609571922101));
#8464=CARTESIAN_POINT('',(0.022,-0.0151188782859514,-0.0134433269098456));
#8465=CARTESIAN_POINT('',(0.022,-0.0151257896556728,-0.0134637657173743));
#8466=CARTESIAN_POINT('',(0.022,-0.0135974186682968,-0.0109110892217461));
#8467=CARTESIAN_POINT('',(0.01,-0.0135974186682969,-0.0109110892217461));
#8468=CARTESIAN_POINT('',(0.01,-0.0145788959525948,-0.00956020163277393));
#8469=CARTESIAN_POINT('',(0.022,-0.0145788959525948,-0.00956020163277393));
#8470=CARTESIAN_POINT('',(0.01,-0.014643241282381,-0.00960238193806927));
#8471=CARTESIAN_POINT('',(0.022,-0.014643241282381,-0.00960238193806927));
#8472=CARTESIAN_POINT('',(0.01,-0.0147434069174723,-0.00966789508396164));
#8473=CARTESIAN_POINT('',(0.022,-0.0147434069174723,-0.00966789508396164));
#8474=CARTESIAN_POINT('',(0.01,-0.0147534078416797,-0.00967329761745561));
#8475=CARTESIAN_POINT('',(0.022,-0.0147534078416797,-0.00967329761745561));
#8476=CARTESIAN_POINT('',(0.01,-0.0148396072556334,-0.00972115540071032));
#8477=CARTESIAN_POINT('',(0.022,-0.0148396072556334,-0.00972115540071032));
#8478=CARTESIAN_POINT('',(0.01,-0.0149468445857174,-0.00977068427899533));
#8479=CARTESIAN_POINT('',(0.022,-0.0149468445857174,-0.00977068427899533));
#8480=CARTESIAN_POINT('',(0.01,-0.0151219461456489,-0.00984359857214745));
#8481=CARTESIAN_POINT('',(0.022,-0.0151219461456489,-0.00984359857214745));
#8482=CARTESIAN_POINT('',(0.01,-0.0153764911685933,-0.0099318851975527));
#8483=CARTESIAN_POINT('',(0.022,-0.0153764911685933,-0.0099318851975527));
#8484=CARTESIAN_POINT('',(0.01,-0.0157297202776444,-0.0100276852779968));
#8485=CARTESIAN_POINT('',(0.022,-0.0157297202776444,-0.0100276852779968));
#8486=CARTESIAN_POINT('',(0.01,-0.0161212425630489,-0.0101078871640317));
#8487=CARTESIAN_POINT('',(0.022,-0.0161212425630489,-0.0101078871640317));
#8488=CARTESIAN_POINT('',(0.01,-0.0166871955715198,-0.0101899823313104));
#8489=CARTESIAN_POINT('',(0.022,-0.0166871955715198,-0.0101899823313104));
#8490=CARTESIAN_POINT('',(0.01,-0.0171532166957035,-0.0102210659207468));
#8491=CARTESIAN_POINT('',(0.022,-0.0171532166957035,-0.0102210659207468));
#8492=CARTESIAN_POINT('',(0.01,-0.0174789281763238,-0.010224948401186));
#8493=CARTESIAN_POINT('',(0.022,-0.0174789281763238,-0.010224948401186));
#8494=CARTESIAN_POINT('',(0.015,-0.0145788959523544,-0.0095602016326163));
#8495=CARTESIAN_POINT('',(0.022,-0.0145788959523543,-0.00956020163261626));
#8496=CARTESIAN_POINT('',(0.022,-0.0141116896387814,-0.00925342317948927));
#8497=CARTESIAN_POINT('',(0.022,-0.0144037035638357,-0.00944527766507481));
#8498=CARTESIAN_POINT('',(0.022,-0.0147304381584656,-0.00965994378952103));
#8499=CARTESIAN_POINT('',(0.022,-0.014745073667724,-0.00966834244427717));
#8500=CARTESIAN_POINT('',(0.022,-0.0147622736737244,-0.00967854672029203));
#8501=CARTESIAN_POINT('',(0.022,-0.0147830851411649,-0.00969013840487052));
#8502=CARTESIAN_POINT('',(0.022,-0.0148112884390295,-0.00970522107674536));
#8503=CARTESIAN_POINT('',(0.022,-0.0148457689081777,-0.00972274309036032));
#8504=CARTESIAN_POINT('',(0.022,-0.0148870330668723,-0.00974269927803078));
#8505=CARTESIAN_POINT('',(0.022,-0.0149350653285028,-0.00976474935447959));
#8506=CARTESIAN_POINT('',(0.022,-0.014990000531556,-0.0097886518064648));
#8507=CARTESIAN_POINT('',(0.022,-0.015051918201287,-0.00981413151035321));
#8508=CARTESIAN_POINT('',(0.022,-0.015120903978485,-0.00984091960318119));
#8509=CARTESIAN_POINT('',(0.022,-0.0151970313526406,-0.00986874196753115));
#8510=CARTESIAN_POINT('',(0.022,-0.0152803668855899,-0.00989732286000517));
#8511=CARTESIAN_POINT('',(0.022,-0.0153709686062226,-0.00992638413482163));
#8512=CARTESIAN_POINT('',(0.022,-0.0154688863887054,-0.00995564574429523));
#8513=CARTESIAN_POINT('',(0.022,-0.0155741617704522,-0.0099848258761111));
#8514=CARTESIAN_POINT('',(0.022,-0.0156868279381539,-0.0100136411963774));
#8515=CARTESIAN_POINT('',(0.022,-0.0158069096729794,-0.0100418070654786));
#8516=CARTESIAN_POINT('',(0.022,-0.0159344233176946,-0.01006903775985));
#8517=CARTESIAN_POINT('',(0.022,-0.0160693767334797,-0.010095046706764));
#8518=CARTESIAN_POINT('',(0.022,-0.0162117693114027,-0.010119546665065));
#8519=CARTESIAN_POINT('',(0.022,-0.0163615918034651,-0.0101422501218938));
#8520=CARTESIAN_POINT('',(0.022,-0.0165188268780781,-0.0101628688567406));
#8521=CARTESIAN_POINT('',(0.022,-0.0166834469058802,-0.0101811167238798));
#8522=CARTESIAN_POINT('',(0.022,-0.0168554224525178,-0.0101967000270268));
#8523=CARTESIAN_POINT('',(0.022,-0.0170346895702002,-0.0102093556733474));
#8524=CARTESIAN_POINT('',(0.022,-0.0172212755694175,-0.0102187055771384));
#8525=CARTESIAN_POINT('',(0.022,-0.0173703297519738,-0.0102234121944986));
#8526=CARTESIAN_POINT('',(0.022,-0.01745735398454,-0.0102246912368471));
#8527=CARTESIAN_POINT('',(0.022,-0.0174789281763238,-0.010224948401186));
#8528=CARTESIAN_POINT('',(0.01,-7.25583933146265E-16,-5.48929822159412E-16));
#8529=CARTESIAN_POINT('',(0.01,-0.0134985744576295,-0.0101269004444516));
#8530=CARTESIAN_POINT('',(0.022,-0.0134985744576295,-0.0101269004444516));
#8531=CARTESIAN_POINT('',(0.022,-7.25583933146265E-16,-5.48929822159412E-16));
#8532=CARTESIAN_POINT('',(0.022,-0.013802543564811,-0.00970852286094511));
#8533=CARTESIAN_POINT('',(0.01,-0.013802543564811,-0.00970852286094511));
#8534=CARTESIAN_POINT('',(0.0125,-0.0139531438102251,-0.0104679274612884));
#8535=CARTESIAN_POINT('',(0.022,-0.0139531438102251,-0.0104679274612884));
#8536=CARTESIAN_POINT('',(0.0125,-0.0142673491864805,-0.0100354608620957));
#8537=CARTESIAN_POINT('',(0.022,-0.0142673491864805,-0.0100354608620957));
#8538=CARTESIAN_POINT('',(0.01,-0.0104567532096992,-0.0139498378043376));
#8539=CARTESIAN_POINT('',(0.022,-0.0104567532096992,-0.0139498378043376));
#8540=CARTESIAN_POINT('',(0.01,-0.0105028905584837,-0.0140114076400302));
#8541=CARTESIAN_POINT('',(0.022,-0.0105028905584837,-0.0140114076400302));
#8542=CARTESIAN_POINT('',(0.01,-0.0105745638814141,-0.0141072620166548));
#8543=CARTESIAN_POINT('',(0.022,-0.0105745638814141,-0.0141072620166548));
#8544=CARTESIAN_POINT('',(0.00999999999999999,-0.0105805837174691,-0.014116903978438));
#8545=CARTESIAN_POINT('',(0.022,-0.0105805837174691,-0.014116903978438));
#8546=CARTESIAN_POINT('',(0.01,-0.0106337595703059,-0.0141999282824645));
#8547=CARTESIAN_POINT('',(0.022,-0.0106337595703059,-0.0141999282824645));
#8548=CARTESIAN_POINT('',(0.01,-0.0106899242023323,-0.0143038440601744));
#8549=CARTESIAN_POINT('',(0.022,-0.0106899242023323,-0.0143038440601744));
#8550=CARTESIAN_POINT('',(0.01,-0.0107736893337011,-0.0144740217708273));
#8551=CARTESIAN_POINT('',(0.022,-0.0107736893337011,-0.0144740217708273));
#8552=CARTESIAN_POINT('',(0.01,-0.0108777847598525,-0.0147225209442376));
#8553=CARTESIAN_POINT('',(0.022,-0.0108777847598525,-0.0147225209442376));
#8554=CARTESIAN_POINT('',(0.01,-0.0109955752399916,-0.0150690376995074));
#8555=CARTESIAN_POINT('',(0.022,-0.0109955752399916,-0.0150690376995074));
#8556=CARTESIAN_POINT('',(0.01,-0.0111002027536326,-0.0154547514870252));
#8557=CARTESIAN_POINT('',(0.022,-0.0111002027536326,-0.0154547514870252));
#8558=CARTESIAN_POINT('',(0.00999999999999999,-0.0112176724082825,-0.0160144329183091));
#8559=CARTESIAN_POINT('',(0.022,-0.0112176724082825,-0.0160144329183091));
#8560=CARTESIAN_POINT('',(0.01,-0.0112779563698548,-0.0164775827015276));
#8561=CARTESIAN_POINT('',(0.022,-0.0112779563698548,-0.0164775827015276));
#8562=CARTESIAN_POINT('',(0.01,-0.0113022827821904,-0.0168024076819783));
#8563=CARTESIAN_POINT('',(0.022,-0.0113022827821904,-0.0168024076819783));
#8564=CARTESIAN_POINT('',(0.022,-0.0101212439864435,-0.0135028161939235));
#8565=CARTESIAN_POINT('',(0.022,-0.0103310555970907,-0.0137822072533769));
#8566=CARTESIAN_POINT('',(0.022,-0.0105658139619211,-0.0140948181144404));
#8567=CARTESIAN_POINT('',(0.022,-0.0105751150150805,-0.014108897387969));
#8568=CARTESIAN_POINT('',(0.022,-0.0105863791526003,-0.0141254227218942));
#8569=CARTESIAN_POINT('',(0.022,-0.0105992547264898,-0.0141454652747606));
#8570=CARTESIAN_POINT('',(0.022,-0.0106160785358824,-0.0141726658710565));
#8571=CARTESIAN_POINT('',(0.022,-0.0106357310203775,-0.014205978084537));
#8572=CARTESIAN_POINT('',(0.022,-0.0106582388270325,-0.0142459077584486));
#8573=CARTESIAN_POINT('',(0.022,-0.0106832613633542,-0.0142924607036269));
#8574=CARTESIAN_POINT('',(0.022,-0.0107105660592506,-0.0143457866572274));
#8575=CARTESIAN_POINT('',(0.022,-0.0107398833274141,-0.0144059822627364));
#8576=CARTESIAN_POINT('',(0.022,-0.0107709502128505,-0.0144731498739956));
#8577=CARTESIAN_POINT('',(0.022,-0.0108034977534934,-0.0145473800474558));
#8578=CARTESIAN_POINT('',(0.022,-0.010837254929514,-0.0146287565276799));
#8579=CARTESIAN_POINT('',(0.022,-0.0108719477876518,-0.014717354693969));
#8580=CARTESIAN_POINT('',(0.022,-0.0109072999644565,-0.0148132419064143));
#8581=CARTESIAN_POINT('',(0.022,-0.0109430328118613,-0.0149164773156063));
#8582=CARTESIAN_POINT('',(0.022,-0.0109788656388787,-0.0150271118334323));
#8583=CARTESIAN_POINT('',(0.022,-0.0110145159235868,-0.0151451880648303));
#8584=CARTESIAN_POINT('',(0.022,-0.0110496995324018,-0.0152707402610487));
#8585=CARTESIAN_POINT('',(0.022,-0.0110841309516897,-0.0154037942618058));
#8586=CARTESIAN_POINT('',(0.022,-0.0111175234688643,-0.0155443674953927));
#8587=CARTESIAN_POINT('',(0.022,-0.011149589557721,-0.0156924687851412));
#8588=CARTESIAN_POINT('',(0.022,-0.0111800404782277,-0.0158480989311783));
#8589=CARTESIAN_POINT('',(0.022,-0.01120858891444,-0.0160112483259014));
#8590=CARTESIAN_POINT('',(0.022,-0.0112349399014176,-0.0161819060343812));
#8591=CARTESIAN_POINT('',(0.022,-0.0112588268501649,-0.0163600247547491));
#8592=CARTESIAN_POINT('',(0.022,-0.0112798741358843,-0.0165456554838019));
#8593=CARTESIAN_POINT('',(0.022,-0.011293930655371,-0.0166941200110278));
#8594=CARTESIAN_POINT('',(0.022,-0.0113006714705961,-0.0167808922094163));
#8595=CARTESIAN_POINT('',(0.022,-0.0113022827821904,-0.0168024076819783));
#8596=CARTESIAN_POINT('',(0.022,-0.0104567532095267,-0.0139498378041074));
#8597=CARTESIAN_POINT('',(0.01,-0.0104567532095268,-0.0139498378041075));
#8598=CARTESIAN_POINT('',(0.01,-0.0117433476622019,-0.0128854743079382));
#8599=CARTESIAN_POINT('',(0.022,-0.0117433476622019,-0.0128854743079382));
#8600=CARTESIAN_POINT('',(0.01,-0.0117951816497655,-0.0129423314741827));
#8601=CARTESIAN_POINT('',(0.022,-0.0117951816497655,-0.0129423314741827));
#8602=CARTESIAN_POINT('',(0.01,-0.011875907940379,-0.0130306965846152));
#8603=CARTESIAN_POINT('',(0.022,-0.011875907940379,-0.0130306965846152));
#8604=CARTESIAN_POINT('',(0.01,-0.011884251111717,-0.0130384165162976));
#8605=CARTESIAN_POINT('',(0.022,-0.011884251111717,-0.0130384165162976));
#8606=CARTESIAN_POINT('',(0.01,-0.0119558406658541,-0.0131062076818169));
#8607=CARTESIAN_POINT('',(0.022,-0.0119558406658541,-0.0131062076818169));
#8608=CARTESIAN_POINT('',(0.01,-0.0120473916068658,-0.0131808493588318));
#8609=CARTESIAN_POINT('',(0.022,-0.0120473916068658,-0.0131808493588318));
#8610=CARTESIAN_POINT('',(0.01,-0.0121988589819661,-0.0132950189025663));
#8611=CARTESIAN_POINT('',(0.022,-0.0121988589819661,-0.0132950189025663));
#8612=CARTESIAN_POINT('',(0.01,-0.0124234510140289,-0.0134438346143211));
#8613=CARTESIAN_POINT('',(0.022,-0.0124234510140289,-0.0134438346143211));
#8614=CARTESIAN_POINT('',(0.01,-0.0127417582698802,-0.0136244694663473));
#8615=CARTESIAN_POINT('',(0.022,-0.0127417582698802,-0.0136244694663473));
#8616=CARTESIAN_POINT('',(0.01,-0.0131010347647413,-0.0137995192956312));
#8617=CARTESIAN_POINT('',(0.022,-0.0131010347647413,-0.0137995192956312));
#8618=CARTESIAN_POINT('',(0.01,-0.0136287910808488,-0.0140197820820846));
#8619=CARTESIAN_POINT('',(0.022,-0.0136287910808488,-0.0140197820820846));
#8620=CARTESIAN_POINT('',(0.01,-0.0140724411201143,-0.0141657838641901));
#8621=CARTESIAN_POINT('',(0.022,-0.0140724411201143,-0.0141657838641901));
#8622=CARTESIAN_POINT('',(0.01,-0.0143869542420065,-0.0142505455207304));
#8623=CARTESIAN_POINT('',(0.022,-0.0143869542420065,-0.0142505455207304));
#8624=CARTESIAN_POINT('',(0.015,-0.0117433476620082,-0.0128854743077258));
#8625=CARTESIAN_POINT('',(0.022,-0.0117433476620081,-0.0128854743077257));
#8626=CARTESIAN_POINT('',(0.022,-0.0113671121928012,-0.0124721443784247));
#8627=CARTESIAN_POINT('',(0.022,-0.0116022396930515,-0.0127305923126221));
#8628=CARTESIAN_POINT('',(0.022,-0.0118653240253016,-0.0130197698954968));
#8629=CARTESIAN_POINT('',(0.022,-0.0118774110726202,-0.0130315443942159));
#8630=CARTESIAN_POINT('',(0.022,-0.0118915330085528,-0.0130457055516868));
#8631=CARTESIAN_POINT('',(0.022,-0.0119088079107441,-0.0130621086636682));
#8632=CARTESIAN_POINT('',(0.022,-0.0119323742421774,-0.0130837313606346));
#8633=CARTESIAN_POINT('',(0.022,-0.0119614138963933,-0.013109277831953));
#8634=CARTESIAN_POINT('',(0.022,-0.011996418763603,-0.0131388690382606));
#8635=CARTESIAN_POINT('',(0.022,-0.0120374583723852,-0.0131721715087357));
#8636=CARTESIAN_POINT('',(0.022,-0.0120847233869286,-0.0132089848506869));
#8637=CARTESIAN_POINT('',(0.022,-0.0121383592545214,-0.0132490623611227));
#8638=CARTESIAN_POINT('',(0.022,-0.01219851578889,-0.013292164921902));
#8639=CARTESIAN_POINT('',(0.022,-0.0122653323409472,-0.0133380453036031));
#8640=CARTESIAN_POINT('',(0.022,-0.0123389419559611,-0.0133864529790694));
#8641=CARTESIAN_POINT('',(0.022,-0.0124194700117802,-0.0134371329721786));
#8642=CARTESIAN_POINT('',(0.022,-0.0125070344607099,-0.0134898264366594));
#8643=CARTESIAN_POINT('',(0.022,-0.0126017456190625,-0.0135442707437836));
#8644=CARTESIAN_POINT('',(0.022,-0.0127037060931816,-0.0136001997143091));
#8645=CARTESIAN_POINT('',(0.022,-0.012813010672684,-0.0136573438139234));
#8646=CARTESIAN_POINT('',(0.022,-0.0129297462434586,-0.0137154303598735));
#8647=CARTESIAN_POINT('',(0.022,-0.0130539916874516,-0.0137741837376373));
#8648=CARTESIAN_POINT('',(0.022,-0.0131858178488321,-0.0138333255788327));
#8649=CARTESIAN_POINT('',(0.022,-0.0133252872716851,-0.0138925751034623));
#8650=CARTESIAN_POINT('',(0.022,-0.0134724548464515,-0.0139516488358026));
#8651=CARTESIAN_POINT('',(0.022,-0.0136273649733452,-0.0140102627487793));
#8652=CARTESIAN_POINT('',(0.022,-0.013790062182043,-0.0140681250530906));
#8653=CARTESIAN_POINT('',(0.022,-0.0139605499623188,-0.0141249650182787));
#8654=CARTESIAN_POINT('',(0.022,-0.0141389487927443,-0.0141804232287408));
#8655=CARTESIAN_POINT('',(0.022,-0.0142821496759238,-0.0142220502469031));
#8656=CARTESIAN_POINT('',(0.022,-0.0143661217973003,-0.0142449311523618));
#8657=CARTESIAN_POINT('',(0.022,-0.0143869542420065,-0.0142505455207304));
#8658=CARTESIAN_POINT('',(0.01,-5.6943635438462E-16,-7.1725471430707E-16));
#8659=CARTESIAN_POINT('',(0.01,-0.0105560341900406,-0.0131657042036761));
#8660=CARTESIAN_POINT('',(0.022,-0.0105560341900406,-0.0131657042036761));
#8661=CARTESIAN_POINT('',(0.022,-5.6943635438462E-16,-7.1725471430707E-16));
#8662=CARTESIAN_POINT('',(0.022,-0.0109544998227945,-0.0128360647642646));
#8663=CARTESIAN_POINT('',(0.01,-0.0109544998227945,-0.0128360647642646));
#8664=CARTESIAN_POINT('',(0.0125,-0.0109115124401925,-0.0136090640306798));
#8665=CARTESIAN_POINT('',(0.022,-0.0109115124401925,-0.0136090640306798));
#8666=CARTESIAN_POINT('',(0.0125,-0.0113233965465253,-0.0132683238645187));
#8667=CARTESIAN_POINT('',(0.022,-0.0113233965465253,-0.0132683238645187));
#8668=CARTESIAN_POINT('',(0.01,-0.0158837083045921,-0.00718675677552193));
#8669=CARTESIAN_POINT('',(0.022,-0.0158837083045921,-0.00718675677552193));
#8670=CARTESIAN_POINT('',(0.01,-0.0159538002660903,-0.00721848399653835));
#8671=CARTESIAN_POINT('',(0.022,-0.0159538002660903,-0.00721848399653835));
#8672=CARTESIAN_POINT('',(0.01,-0.0160627862758728,-0.00726795294042913));
#8673=CARTESIAN_POINT('',(0.022,-0.0160627862758728,-0.00726795294042913));
#8674=CARTESIAN_POINT('',(0.01,-0.0160727065489352,-0.00727350217781144));
#8675=CARTESIAN_POINT('',(0.022,-0.0160727065489352,-0.00727350217781144));
#8676=CARTESIAN_POINT('',(0.01,-0.0161593021674975,-0.00732063926755829));
#8677=CARTESIAN_POINT('',(0.022,-0.0161593021674975,-0.00732063926755829));
#8678=CARTESIAN_POINT('',(0.01,-0.0162585814174333,-0.00738464383989409));
#8679=CARTESIAN_POINT('',(0.022,-0.0162585814174333,-0.00738464383989409));
#8680=CARTESIAN_POINT('',(0.01,-0.0164139690989639,-0.00749341754473536));
#8681=CARTESIAN_POINT('',(0.022,-0.0164139690989639,-0.00749341754473536));
#8682=CARTESIAN_POINT('',(0.01,-0.016624904006064,-0.00766103067637448));
#8683=CARTESIAN_POINT('',(0.022,-0.016624904006064,-0.00766103067637448));
#8684=CARTESIAN_POINT('',(0.01,-0.0168950603106445,-0.00790793962718341));
#8685=CARTESIAN_POINT('',(0.022,-0.0168950603106445,-0.00790793962718341));
#8686=CARTESIAN_POINT('',(0.01,-0.0171725651340528,-0.00819553850666149));
#8687=CARTESIAN_POINT('',(0.022,-0.0171725651340528,-0.00819553850666149));
#8688=CARTESIAN_POINT('',(0.01,-0.0175451331629727,-0.00862939964586903));
#8689=CARTESIAN_POINT('',(0.022,-0.0175451331629727,-0.00862939964586903));
#8690=CARTESIAN_POINT('',(0.01,-0.0178210845109224,-0.0090062188747874));
#8691=CARTESIAN_POINT('',(0.022,-0.0178210845109224,-0.0090062188747874));
#8692=CARTESIAN_POINT('',(0.01,-0.0179988875363262,-0.00927914583648106));
#8693=CARTESIAN_POINT('',(0.022,-0.0179988875363262,-0.00927914583648106));
#8694=CARTESIAN_POINT('',(0.022,-0.0153743450278169,-0.00695666155319054));
#8695=CARTESIAN_POINT('',(0.022,-0.0156928020131808,-0.00710041629063564));
#8696=CARTESIAN_POINT('',(0.022,-0.0160491237673592,-0.00726126357165668));
#8697=CARTESIAN_POINT('',(0.022,-0.0160640570841254,-0.00726912051656744));
#8698=CARTESIAN_POINT('',(0.022,-0.0160818890634131,-0.00727817523744025));
#8699=CARTESIAN_POINT('',(0.022,-0.0161028275883037,-0.00728953580537477));
#8700=CARTESIAN_POINT('',(0.022,-0.0161306743920615,-0.00730526693762276));
#8701=CARTESIAN_POINT('',(0.022,-0.0161639442767407,-0.00732499099621208));
#8702=CARTESIAN_POINT('',(0.022,-0.0162029042851782,-0.00734913841764079));
#8703=CARTESIAN_POINT('',(0.022,-0.0162472587532884,-0.00737787837566785));
#8704=CARTESIAN_POINT('',(0.022,-0.0162968760147711,-0.00741145412745942));
#8705=CARTESIAN_POINT('',(0.022,-0.0163515663868221,-0.00745008023702377));
#8706=CARTESIAN_POINT('',(0.022,-0.0164111487495629,-0.00749397307725094));
#8707=CARTESIAN_POINT('',(0.022,-0.016475431035641,-0.00754334157682725));
#8708=CARTESIAN_POINT('',(0.022,-0.0165442160928207,-0.00759838968647092));
#8709=CARTESIAN_POINT('',(0.022,-0.0166173001682851,-0.00765931543955671));
#8710=CARTESIAN_POINT('',(0.022,-0.016694473533868,-0.00772631100329007));
#8711=CARTESIAN_POINT('',(0.022,-0.0167755205044215,-0.00779956245145877));
#8712=CARTESIAN_POINT('',(0.022,-0.0168602196355468,-0.00787924962240403));
#8713=CARTESIAN_POINT('',(0.022,-0.0169483438764821,-0.00796554595709163));
#8714=CARTESIAN_POINT('',(0.022,-0.0170396607397344,-0.0080586183525171));
#8715=CARTESIAN_POINT('',(0.022,-0.0171339324761784,-0.00815862699944067));
#8716=CARTESIAN_POINT('',(0.022,-0.0172309162338029,-0.00826572529523181));
#8717=CARTESIAN_POINT('',(0.022,-0.0173303643021465,-0.00838005948864088));
#8718=CARTESIAN_POINT('',(0.022,-0.0174320240418544,-0.0085017693823955));
#8719=CARTESIAN_POINT('',(0.022,-0.0175356390475474,-0.00863098497280128));
#8720=CARTESIAN_POINT('',(0.022,-0.0176409455715354,-0.00876783877795044));
#8721=CARTESIAN_POINT('',(0.022,-0.0177476872122521,-0.00891241777712765));
#8722=CARTESIAN_POINT('',(0.022,-0.0178555593750723,-0.00906494761779282));
#8723=CARTESIAN_POINT('',(0.022,-0.0179394005284614,-0.00918827629484258));
#8724=CARTESIAN_POINT('',(0.022,-0.0179871103752556,-0.00926106793943143));
#8725=CARTESIAN_POINT('',(0.022,-0.0179988875363262,-0.00927914583648106));
#8726=CARTESIAN_POINT('',(0.022,-0.0158837083043301,-0.00718675677540333));
#8727=CARTESIAN_POINT('',(0.01,-0.0158837083043302,-0.00718675677540336));
#8728=CARTESIAN_POINT('',(0.01,-0.0164983985928575,-0.0056342263290603));
#8729=CARTESIAN_POINT('',(0.022,-0.0164983985928575,-0.0056342263290603));
#8730=CARTESIAN_POINT('',(0.01,-0.0165712122111501,-0.00565907942969654));
#8731=CARTESIAN_POINT('',(0.022,-0.0165712122111501,-0.00565907942969654));
#8732=CARTESIAN_POINT('',(0.01,-0.0166845234154831,-0.00569762417915178));
#8733=CARTESIAN_POINT('',(0.022,-0.0166845234154831,-0.00569762417915178));
#8734=CARTESIAN_POINT('',(0.01,-0.0166955536977112,-0.00570036985340878));
#8735=CARTESIAN_POINT('',(0.022,-0.0166955536977112,-0.00570036985340878));
#8736=CARTESIAN_POINT('',(0.01,-0.0167909467452835,-0.00572528717386842));
#8737=CARTESIAN_POINT('',(0.022,-0.0167909467452835,-0.00572528717386842));
#8738=CARTESIAN_POINT('',(0.01,-0.0169071323485993,-0.00574659117184642));
#8739=CARTESIAN_POINT('',(0.022,-0.0169071323485993,-0.00574659117184642));
#8740=CARTESIAN_POINT('',(0.01,-0.017094865818373,-0.00577366874121742));
#8741=CARTESIAN_POINT('',(0.022,-0.017094865818373,-0.00577366874121742));
#8742=CARTESIAN_POINT('',(0.01,-0.0173633698322563,-0.00579587890690339));
#8743=CARTESIAN_POINT('',(0.022,-0.0173633698322563,-0.00579587890690339));
#8744=CARTESIAN_POINT('',(0.01,-0.0177293261104996,-0.00580082474438308));
#8745=CARTESIAN_POINT('',(0.022,-0.0177293261104996,-0.00580082474438308));
#8746=CARTESIAN_POINT('',(0.01,-0.0181284934013375,-0.00578113930770744));
#8747=CARTESIAN_POINT('',(0.022,-0.0181284934013375,-0.00578113930770744));
#8748=CARTESIAN_POINT('',(0.01,-0.0186970821932197,-0.0057199085145264));
#8749=CARTESIAN_POINT('',(0.022,-0.0186970821932197,-0.0057199085145264));
#8750=CARTESIAN_POINT('',(0.01,-0.0191561925811844,-0.00563412081505218));
#8751=CARTESIAN_POINT('',(0.022,-0.0191561925811844,-0.00563412081505218));
#8752=CARTESIAN_POINT('',(0.01,-0.0194726367703213,-0.00555688016886533));
#8753=CARTESIAN_POINT('',(0.022,-0.0194726367703213,-0.00555688016886533));
#8754=CARTESIAN_POINT('',(0.015,-0.0164983985925854,-0.00563422632896742));
#8755=CARTESIAN_POINT('',(0.022,-0.0164983985925853,-0.00563422632896739));
#8756=CARTESIAN_POINT('',(0.022,-0.0159695777255929,-0.00545327537047665));
#8757=CARTESIAN_POINT('',(0.022,-0.0163001297665878,-0.0055664814845295));
#8758=CARTESIAN_POINT('',(0.022,-0.0166699846873712,-0.00569314788846149));
#8759=CARTESIAN_POINT('',(0.022,-0.0166862490556972,-0.00569764298088832));
#8760=CARTESIAN_POINT('',(0.022,-0.0167054463921312,-0.00570324920325635));
#8761=CARTESIAN_POINT('',(0.022,-0.0167284867637822,-0.0057093011122587));
#8762=CARTESIAN_POINT('',(0.022,-0.0167595549111489,-0.00571689605929785));
#8763=CARTESIAN_POINT('',(0.022,-0.0167973096605425,-0.00572529264265252));
#8764=CARTESIAN_POINT('',(0.022,-0.0168422403318722,-0.00573435989102075));
#8765=CARTESIAN_POINT('',(0.022,-0.0168942472027024,-0.00574377208604549));
#8766=CARTESIAN_POINT('',(0.022,-0.0169534008134202,-0.00575326176909938));
#8767=CARTESIAN_POINT('',(0.022,-0.0170197097703829,-0.00576254268293732));
#8768=CARTESIAN_POINT('',(0.022,-0.0170931901603171,-0.00577133311342189));
#8769=CARTESIAN_POINT('',(0.022,-0.0171738449936759,-0.00577934927894514));
#8770=CARTESIAN_POINT('',(0.022,-0.0172616701665387,-0.00578630754583953));
#8771=CARTESIAN_POINT('',(0.022,-0.0173566527126678,-0.0057919240755866));
#8772=CARTESIAN_POINT('',(0.022,-0.0174587712943141,-0.00579591521551315));
#8773=CARTESIAN_POINT('',(0.022,-0.0175679960600441,-0.00579799767702169));
#8774=CARTESIAN_POINT('',(0.022,-0.0176842886916545,-0.00579788877448111));
#8775=CARTESIAN_POINT('',(0.022,-0.0178076024047743,-0.00579530664792678));
#8776=CARTESIAN_POINT('',(0.022,-0.0179378819721701,-0.00578997048604456));
#8777=CARTESIAN_POINT('',(0.022,-0.0180750637403097,-0.00578160076432003));
#8778=CARTESIAN_POINT('',(0.022,-0.0182190756854211,-0.0057699194172419));
#8779=CARTESIAN_POINT('',(0.022,-0.0183698373485081,-0.00575465026457993));
#8780=CARTESIAN_POINT('',(0.022,-0.0185272602649596,-0.00573551845099251));
#8781=CARTESIAN_POINT('',(0.022,-0.018691246511893,-0.00571225369169089));
#8782=CARTESIAN_POINT('',(0.022,-0.0188616945403933,-0.00568457883742538));
#8783=CARTESIAN_POINT('',(0.022,-0.0190384769831801,-0.00565225496407588));
#8784=CARTESIAN_POINT('',(0.022,-0.0192215262666432,-0.00561490907235417));
#8785=CARTESIAN_POINT('',(0.022,-0.0193670681261031,-0.00558239955483377));
#8786=CARTESIAN_POINT('',(0.022,-0.0194516764172743,-0.00556199636713738));
#8787=CARTESIAN_POINT('',(0.022,-0.0194726367703213,-0.00555688016886533));
#8788=CARTESIAN_POINT('',(0.01,-8.34965150150564E-16,-3.47060842283098E-16));
#8789=CARTESIAN_POINT('',(0.01,-0.0155929496477613,-0.00645178628616758));
#8790=CARTESIAN_POINT('',(0.022,-0.0155929496477613,-0.00645178628616758));
#8791=CARTESIAN_POINT('',(0.022,-8.34965150150564E-16,-3.47060842283098E-16));
#8792=CARTESIAN_POINT('',(0.022,-0.0157833227324462,-0.00597095876082294));
#8793=CARTESIAN_POINT('',(0.01,-0.0157833227324462,-0.00597095876082294));
#8794=CARTESIAN_POINT('',(0.0125,-0.0161180478385879,-0.00666905251116004));
#8795=CARTESIAN_POINT('',(0.022,-0.0161180478385879,-0.00666905251116004));
#8796=CARTESIAN_POINT('',(0.0125,-0.0163148318054091,-0.00617203294586391));
#8797=CARTESIAN_POINT('',(0.022,-0.0163148318054091,-0.00617203294586391));
#8798=CARTESIAN_POINT('',(0.01,-0.0171719661316927,-0.00301085396986916));
#8799=CARTESIAN_POINT('',(0.022,-0.0171719661316927,-0.00301085396986916));
#8800=CARTESIAN_POINT('',(0.01,-0.017247746264345,-0.00302415325989891));
#8801=CARTESIAN_POINT('',(0.022,-0.017247746264345,-0.00302415325989891));
#8802=CARTESIAN_POINT('',(0.01,-0.0173656107042932,-0.00304496432747499));
#8803=CARTESIAN_POINT('',(0.022,-0.0173656107042932,-0.00304496432747499));
#8804=CARTESIAN_POINT('',(0.01,-0.0173765993529537,-0.0030478721537721));
#8805=CARTESIAN_POINT('',(0.022,-0.0173765993529537,-0.0030478721537721));
#8806=CARTESIAN_POINT('',(0.01,-0.0174721969284512,-0.00307199289055623));
#8807=CARTESIAN_POINT('',(0.022,-0.0174721969284512,-0.00307199289055623));
#8808=CARTESIAN_POINT('',(0.01,-0.0175842744280607,-0.00310929689609158));
#8809=CARTESIAN_POINT('',(0.022,-0.0175842744280607,-0.00310929689609158));
#8810=CARTESIAN_POINT('',(0.01,-0.0177618312402215,-0.00317600992998778));
#8811=CARTESIAN_POINT('',(0.022,-0.0177618312402215,-0.00317600992998778));
#8812=CARTESIAN_POINT('',(0.01,-0.0180078229301276,-0.0032858998086316));
#8813=CARTESIAN_POINT('',(0.022,-0.0180078229301276,-0.0032858998086316));
#8814=CARTESIAN_POINT('',(0.01,-0.0183308955367336,-0.00345786651981408));
#8815=CARTESIAN_POINT('',(0.022,-0.0183308955367336,-0.00345786651981408));
#8816=CARTESIAN_POINT('',(0.01,-0.0186712049687051,-0.00366741730841489));
#8817=CARTESIAN_POINT('',(0.022,-0.0186712049687051,-0.00366741730841489));
#8818=CARTESIAN_POINT('',(0.00999999999999999,-0.0191399649656462,-0.0039949940010461));
#8819=CARTESIAN_POINT('',(0.022,-0.0191399649656462,-0.0039949940010461));
#8820=CARTESIAN_POINT('',(0.01,-0.0195009579260831,-0.00429134845138124));
#8821=CARTESIAN_POINT('',(0.022,-0.0195009579260831,-0.00429134845138124));
#8822=CARTESIAN_POINT('',(0.01,-0.0197410491177942,-0.00451148309637054));
#8823=CARTESIAN_POINT('',(0.022,-0.0197410491177942,-0.00451148309637054));
#8824=CARTESIAN_POINT('',(0.022,-0.0166213830840322,-0.00291466110788995));
#8825=CARTESIAN_POINT('',(0.022,-0.016965585507034,-0.00297470249415477));
#8826=CARTESIAN_POINT('',(0.022,-0.017350713850243,-0.00304188284522403));
#8827=CARTESIAN_POINT('',(0.022,-0.0173671319521458,-0.00304577918490095));
#8828=CARTESIAN_POINT('',(0.022,-0.0173866555245256,-0.0030501148021501));
#8829=CARTESIAN_POINT('',(0.022,-0.0174097614855113,-0.00305591125755987));
#8830=CARTESIAN_POINT('',(0.022,-0.0174406456042261,-0.00306422294887634));
#8831=CARTESIAN_POINT('',(0.022,-0.017477775428204,-0.00307505345602822));
#8832=CARTESIAN_POINT('',(0.022,-0.0175215166558445,-0.00308875328170647));
#8833=CARTESIAN_POINT('',(0.022,-0.0175716249836958,-0.00310555981343343));
#8834=CARTESIAN_POINT('',(0.022,-0.0176280333775937,-0.00312574141008144));
#8835=CARTESIAN_POINT('',(0.022,-0.0176906114738674,-0.003149553066931));
#8836=CARTESIAN_POINT('',(0.022,-0.0177592376526018,-0.00317724940180213));
#8837=CARTESIAN_POINT('',(0.022,-0.0178337778390451,-0.00320908054471046));
#8838=CARTESIAN_POINT('',(0.022,-0.0179140917953424,-0.00324529306865465));
#8839=CARTESIAN_POINT('',(0.022,-0.0180000314188443,-0.00328612945669183));
#8840=CARTESIAN_POINT('',(0.022,-0.0180914413604209,-0.00333182799601533));
#8841=CARTESIAN_POINT('',(0.022,-0.0181881589857393,-0.00338262255327781));
#8842=CARTESIAN_POINT('',(0.022,-0.0182900145314603,-0.00343874238785086));
#8843=CARTESIAN_POINT('',(0.022,-0.0183968312130537,-0.00350041195696171));
#8844=CARTESIAN_POINT('',(0.022,-0.0185084253526435,-0.00356785073151824));
#8845=CARTESIAN_POINT('',(0.022,-0.0186246065082525,-0.00364127299539658));
#8846=CARTESIAN_POINT('',(0.022,-0.0187451776058863,-0.003720887721545));
#8847=CARTESIAN_POINT('',(0.022,-0.0188699350879486,-0.00380689816712713));
#8848=CARTESIAN_POINT('',(0.022,-0.0189986690197391,-0.00389950257156345));
#8849=CARTESIAN_POINT('',(0.022,-0.0191311633800915,-0.0039988906125114));
#8850=CARTESIAN_POINT('',(0.022,-0.0192671956633441,-0.00410525623614693));
#8851=CARTESIAN_POINT('',(0.022,-0.0194065391541252,-0.00421874745361719));
#8852=CARTESIAN_POINT('',(0.022,-0.0195489549434516,-0.00433965857285514));
#8853=CARTESIAN_POINT('',(0.022,-0.0196608326676136,-0.0044382622057537));
#8854=CARTESIAN_POINT('',(0.022,-0.0197251461677179,-0.0044969020105574));
#8855=CARTESIAN_POINT('',(0.022,-0.0197410491177942,-0.00451148309637054));
#8856=CARTESIAN_POINT('',(0.022,-0.0171719661314094,-0.00301085396981944));
#8857=CARTESIAN_POINT('',(0.01,-0.0171719661314095,-0.00301085396981946));
#8858=CARTESIAN_POINT('',(0.01,-0.0173812461726653,-0.00135423186385684));
#8859=CARTESIAN_POINT('',(0.022,-0.0173812461726653,-0.00135423186385684));
#8860=CARTESIAN_POINT('',(0.01,-0.0174579529320373,-0.00136019614811769));
#8861=CARTESIAN_POINT('',(0.022,-0.0174579529320373,-0.00136019614811769));
#8862=CARTESIAN_POINT('',(0.01,-0.0175772899459143,-0.00136935059276987));
#8863=CARTESIAN_POINT('',(0.022,-0.0175772899459143,-0.00136935059276987));
#8864=CARTESIAN_POINT('',(0.01,-0.0175886565129641,-0.00136926688697846));
#8865=CARTESIAN_POINT('',(0.022,-0.0175886565129641,-0.00136926688697846));
#8866=CARTESIAN_POINT('',(0.01,-0.0176872492981448,-0.00136967809775904));
#8867=CARTESIAN_POINT('',(0.022,-0.0176872492981448,-0.00136967809775904));
#8868=CARTESIAN_POINT('',(0.01,-0.0178050828059355,-0.00136141860688647));
#8869=CARTESIAN_POINT('',(0.022,-0.0178050828059355,-0.00136141860688647));
#8870=CARTESIAN_POINT('',(0.01,-0.0179936522012101,-0.00134095806920841));
#8871=CARTESIAN_POINT('',(0.022,-0.0179936522012101,-0.00134095806920841));
#8872=CARTESIAN_POINT('',(0.01,-0.0182592441113512,-0.00129569622878179));
#8873=CARTESIAN_POINT('',(0.022,-0.0182592441113512,-0.00129569622878179));
#8874=CARTESIAN_POINT('',(0.01,-0.0186149331799318,-0.00120947705813867));
#8875=CARTESIAN_POINT('',(0.022,-0.0186149331799318,-0.00120947705813867));
#8876=CARTESIAN_POINT('',(0.01,-0.0189966643272851,-0.00109114120713682));
#8877=CARTESIAN_POINT('',(0.022,-0.0189966643272851,-0.00109114120713682));
#8878=CARTESIAN_POINT('',(0.01,-0.0195321623776615,-0.000890431809422739));
#8879=CARTESIAN_POINT('',(0.022,-0.0195321623776615,-0.000890431809422739));
#8880=CARTESIAN_POINT('',(0.01,-0.0199555144352408,-0.000693163177700854));
#8881=CARTESIAN_POINT('',(0.022,-0.0199555144352408,-0.000693163177700854));
#8882=CARTESIAN_POINT('',(0.01,-0.0202428079806912,-0.00053965271875916));
#8883=CARTESIAN_POINT('',(0.022,-0.0202428079806912,-0.00053965271875916));
#8884=CARTESIAN_POINT('',(0.015,-0.0173812461723787,-0.00135423186383456));
#8885=CARTESIAN_POINT('',(0.022,-0.0173812461723786,-0.00135423186383455));
#8886=CARTESIAN_POINT('',(0.022,-0.0168240385119068,-0.00131047821419311));
#8887=CARTESIAN_POINT('',(0.022,-0.0171723588684215,-0.00133792280022435));
#8888=CARTESIAN_POINT('',(0.022,-0.0175620947704542,-0.00136863056763661));
#8889=CARTESIAN_POINT('',(0.022,-0.0175789660477696,-0.00136893965454517));
#8890=CARTESIAN_POINT('',(0.022,-0.0175989544753862,-0.00136959556369674));
#8891=CARTESIAN_POINT('',(0.022,-0.0176227760399604,-0.00136972743342297));
#8892=CARTESIAN_POINT('',(0.022,-0.0176547569108695,-0.0013693574371717));
#8893=CARTESIAN_POINT('',(0.022,-0.0176934136707518,-0.00136810100205343));
#8894=CARTESIAN_POINT('',(0.022,-0.0177391876953935,-0.00136570958255744));
#8895=CARTESIAN_POINT('',(0.022,-0.0177919013924614,-0.00136189249332909));
#8896=CARTESIAN_POINT('',(0.022,-0.0178515565719304,-0.00135637313576476));
#8897=CARTESIAN_POINT('',(0.022,-0.0179180903804917,-0.00134887210560298));
#8898=CARTESIAN_POINT('',(0.022,-0.0179914483400204,-0.00133911253866785));
#8899=CARTESIAN_POINT('',(0.022,-0.0180715627927749,-0.00132681882020318));
#8900=CARTESIAN_POINT('',(0.022,-0.0181583592269418,-0.00131171724801824));
#8901=CARTESIAN_POINT('',(0.022,-0.0182517544958727,-0.00129353612547576));
#8902=CARTESIAN_POINT('',(0.022,-0.0183516573906315,-0.00127200601785529));
#8903=CARTESIAN_POINT('',(0.022,-0.0184579685466134,-0.00124685996034115));
#8904=CARTESIAN_POINT('',(0.022,-0.018570580548394,-0.00121783367774085));
#8905=CARTESIAN_POINT('',(0.022,-0.0186893779856967,-0.00118466580003879));
#8906=CARTESIAN_POINT('',(0.022,-0.018814237531419,-0.00114709807257904));
#8907=CARTESIAN_POINT('',(0.022,-0.0189450280169016,-0.00110487558261362));
#8908=CARTESIAN_POINT('',(0.022,-0.0190816105290511,-0.0010577469121543));
#8909=CARTESIAN_POINT('',(0.022,-0.0192238384534083,-0.00100546456701933));
#8910=CARTESIAN_POINT('',(0.022,-0.0193715577508967,-0.000947784327207217));
#8911=CARTESIAN_POINT('',(0.022,-0.0195246063579675,-0.000884468751853497));
#8912=CARTESIAN_POINT('',(0.022,-0.0196828169918358,-0.000815274653050019));
#8913=CARTESIAN_POINT('',(0.022,-0.0198460068686863,-0.000740002287871871));
#8914=CARTESIAN_POINT('',(0.022,-0.0200140177767069,-0.000658307180362853));
#8915=CARTESIAN_POINT('',(0.022,-0.0201469023827753,-0.000590624220509318));
#8916=CARTESIAN_POINT('',(0.022,-0.0202237784824494,-0.00054982081008868));
#8917=CARTESIAN_POINT('',(0.022,-0.0202428079806912,-0.00053965271875916));
#8918=CARTESIAN_POINT('',(0.01,-8.90707181257159E-16,-1.24331945105933E-16));
#8919=CARTESIAN_POINT('',(0.01,-0.016707562464667,-0.00237128266751352));
#8920=CARTESIAN_POINT('',(0.022,-0.016707562464667,-0.00237128266751352));
#8921=CARTESIAN_POINT('',(0.022,-8.90707181257159E-16,-1.24331945105933E-16));
#8922=CARTESIAN_POINT('',(0.022,-0.0167723776858012,-0.00185821736210806));
#8923=CARTESIAN_POINT('',(0.01,-0.0167723776858012,-0.00185821736210806));
#8924=CARTESIAN_POINT('',(0.0125,-0.0172701956432189,-0.00245113646469606));
#8925=CARTESIAN_POINT('',(0.022,-0.0172701956432189,-0.00245113646469606));
#8926=CARTESIAN_POINT('',(0.0125,-0.0173371935402498,-0.00192079350049413));
#8927=CARTESIAN_POINT('',(0.022,-0.0173371935402498,-0.00192079350049413));
#8928=CARTESIAN_POINT('',(0.01,-0.0173812461726653,0.00135423186385682));
#8929=CARTESIAN_POINT('',(0.022,-0.0173812461726653,0.00135423186385682));
#8930=CARTESIAN_POINT('',(0.01,-0.0174579529320373,0.00136019614811766));
#8931=CARTESIAN_POINT('',(0.022,-0.0174579529320373,0.00136019614811766));
#8932=CARTESIAN_POINT('',(0.01,-0.0175772899459143,0.00136935059276984));
#8933=CARTESIAN_POINT('',(0.022,-0.0175772899459143,0.00136935059276984));
#8934=CARTESIAN_POINT('',(0.01,-0.0175886565129641,0.00136926688697843));
#8935=CARTESIAN_POINT('',(0.022,-0.0175886565129641,0.00136926688697843));
#8936=CARTESIAN_POINT('',(0.01,-0.0176872492981448,0.00136967809775902));
#8937=CARTESIAN_POINT('',(0.022,-0.0176872492981448,0.00136967809775902));
#8938=CARTESIAN_POINT('',(0.01,-0.0178050828059355,0.00136141860688644));
#8939=CARTESIAN_POINT('',(0.022,-0.0178050828059355,0.00136141860688644));
#8940=CARTESIAN_POINT('',(0.01,-0.0179936522012101,0.00134095806920838));
#8941=CARTESIAN_POINT('',(0.022,-0.0179936522012101,0.00134095806920838));
#8942=CARTESIAN_POINT('',(0.01,-0.0182592441113512,0.00129569622878176));
#8943=CARTESIAN_POINT('',(0.022,-0.0182592441113512,0.00129569622878176));
#8944=CARTESIAN_POINT('',(0.01,-0.0186149331799318,0.00120947705813864));
#8945=CARTESIAN_POINT('',(0.022,-0.0186149331799318,0.00120947705813864));
#8946=CARTESIAN_POINT('',(0.01,-0.0189966643272851,0.00109114120713679));
#8947=CARTESIAN_POINT('',(0.022,-0.0189966643272851,0.00109114120713679));
#8948=CARTESIAN_POINT('',(0.01,-0.0195321623776615,0.000890431809422712));
#8949=CARTESIAN_POINT('',(0.022,-0.0195321623776615,0.000890431809422712));
#8950=CARTESIAN_POINT('',(0.01,-0.0199555144352408,0.000693163177700828));
#8951=CARTESIAN_POINT('',(0.022,-0.0199555144352408,0.000693163177700828));
#8952=CARTESIAN_POINT('',(0.01,-0.0202428079806912,0.000539652718759134));
#8953=CARTESIAN_POINT('',(0.022,-0.0202428079806912,0.000539652718759134));
#8954=CARTESIAN_POINT('',(0.022,-0.0168240385119068,0.00131047821419308));
#8955=CARTESIAN_POINT('',(0.022,-0.0171723588684215,0.00133792280022433));
#8956=CARTESIAN_POINT('',(0.022,-0.0175620947704542,0.00136863056763658));
#8957=CARTESIAN_POINT('',(0.022,-0.0175789660477696,0.00136893965454515));
#8958=CARTESIAN_POINT('',(0.022,-0.0175989544753862,0.00136959556369672));
#8959=CARTESIAN_POINT('',(0.022,-0.0176227760399604,0.00136972743342294));
#8960=CARTESIAN_POINT('',(0.022,-0.0176547569108695,0.00136935743717167));
#8961=CARTESIAN_POINT('',(0.022,-0.0176934136707518,0.00136810100205341));
#8962=CARTESIAN_POINT('',(0.022,-0.0177391876953935,0.00136570958255742));
#8963=CARTESIAN_POINT('',(0.022,-0.0177919013924614,0.00136189249332906));
#8964=CARTESIAN_POINT('',(0.022,-0.0178515565719304,0.00135637313576473));
#8965=CARTESIAN_POINT('',(0.022,-0.0179180903804917,0.00134887210560295));
#8966=CARTESIAN_POINT('',(0.022,-0.0179914483400204,0.00133911253866782));
#8967=CARTESIAN_POINT('',(0.022,-0.0180715627927749,0.00132681882020315));
#8968=CARTESIAN_POINT('',(0.022,-0.0181583592269418,0.00131171724801821));
#8969=CARTESIAN_POINT('',(0.022,-0.0182517544958727,0.00129353612547574));
#8970=CARTESIAN_POINT('',(0.022,-0.0183516573906315,0.00127200601785527));
#8971=CARTESIAN_POINT('',(0.022,-0.0184579685466134,0.00124685996034112));
#8972=CARTESIAN_POINT('',(0.022,-0.018570580548394,0.00121783367774082));
#8973=CARTESIAN_POINT('',(0.022,-0.0186893779856967,0.00118466580003876));
#8974=CARTESIAN_POINT('',(0.022,-0.018814237531419,0.00114709807257902));
#8975=CARTESIAN_POINT('',(0.022,-0.0189450280169016,0.00110487558261359));
#8976=CARTESIAN_POINT('',(0.022,-0.0190816105290511,0.00105774691215427));
#8977=CARTESIAN_POINT('',(0.022,-0.0192238384534083,0.0010054645670193));
#8978=CARTESIAN_POINT('',(0.022,-0.0193715577508967,0.00094778432720719));
#8979=CARTESIAN_POINT('',(0.022,-0.0195246063579675,0.000884468751853471));
#8980=CARTESIAN_POINT('',(0.022,-0.0196828169918358,0.000815274653049993));
#8981=CARTESIAN_POINT('',(0.022,-0.0198460068686863,0.000740002287871845));
#8982=CARTESIAN_POINT('',(0.022,-0.0200140177767069,0.000658307180362826));
#8983=CARTESIAN_POINT('',(0.022,-0.0201469023827753,0.000590624220509292));
#8984=CARTESIAN_POINT('',(0.022,-0.0202237784824494,0.000549820810088654));
#8985=CARTESIAN_POINT('',(0.022,-0.0202428079806912,0.000539652718759134));
#8986=CARTESIAN_POINT('',(0.022,-0.0173812461723786,0.00135423186383452));
#8987=CARTESIAN_POINT('',(0.01,-0.0173812461723787,0.00135423186383453));
#8988=CARTESIAN_POINT('',(0.01,-0.0171719661316927,0.00301085396986913));
#8989=CARTESIAN_POINT('',(0.022,-0.0171719661316927,0.00301085396986913));
#8990=CARTESIAN_POINT('',(0.01,-0.017247746264345,0.00302415325989889));
#8991=CARTESIAN_POINT('',(0.022,-0.017247746264345,0.00302415325989889));
#8992=CARTESIAN_POINT('',(0.01,-0.0173656107042932,0.00304496432747497));
#8993=CARTESIAN_POINT('',(0.022,-0.0173656107042932,0.00304496432747497));
#8994=CARTESIAN_POINT('',(0.01,-0.0173765993529537,0.00304787215377207));
#8995=CARTESIAN_POINT('',(0.022,-0.0173765993529537,0.00304787215377207));
#8996=CARTESIAN_POINT('',(0.01,-0.0174721969284512,0.00307199289055621));
#8997=CARTESIAN_POINT('',(0.022,-0.0174721969284512,0.00307199289055621));
#8998=CARTESIAN_POINT('',(0.01,-0.0175842744280607,0.00310929689609155));
#8999=CARTESIAN_POINT('',(0.022,-0.0175842744280607,0.00310929689609155));
#9000=CARTESIAN_POINT('',(0.01,-0.0177618312402215,0.00317600992998776));
#9001=CARTESIAN_POINT('',(0.022,-0.0177618312402215,0.00317600992998776));
#9002=CARTESIAN_POINT('',(0.01,-0.0180078229301276,0.00328589980863157));
#9003=CARTESIAN_POINT('',(0.022,-0.0180078229301276,0.00328589980863157));
#9004=CARTESIAN_POINT('',(0.01,-0.0183308955367336,0.00345786651981405));
#9005=CARTESIAN_POINT('',(0.022,-0.0183308955367336,0.00345786651981405));
#9006=CARTESIAN_POINT('',(0.01,-0.0186712049687051,0.00366741730841486));
#9007=CARTESIAN_POINT('',(0.022,-0.0186712049687051,0.00366741730841486));
#9008=CARTESIAN_POINT('',(0.00999999999999999,-0.0191399649656462,0.00399499400104606));
#9009=CARTESIAN_POINT('',(0.022,-0.0191399649656462,0.00399499400104606));
#9010=CARTESIAN_POINT('',(0.01,-0.0195009579260831,0.00429134845138128));
#9011=CARTESIAN_POINT('',(0.022,-0.0195009579260831,0.00429134845138128));
#9012=CARTESIAN_POINT('',(0.01,-0.0197410491177942,0.00451148309637051));
#9013=CARTESIAN_POINT('',(0.022,-0.0197410491177942,0.00451148309637051));
#9014=CARTESIAN_POINT('',(0.015,-0.0171719661314096,0.00301085396981943));
#9015=CARTESIAN_POINT('',(0.022,-0.0171719661314094,0.00301085396981941));
#9016=CARTESIAN_POINT('',(0.022,-0.0166213830840322,0.00291466110788992));
#9017=CARTESIAN_POINT('',(0.022,-0.016965585507034,0.00297470249415475));
#9018=CARTESIAN_POINT('',(0.022,-0.017350713850243,0.00304188284522401));
#9019=CARTESIAN_POINT('',(0.022,-0.0173671319521458,0.00304577918490092));
#9020=CARTESIAN_POINT('',(0.022,-0.0173866555245256,0.00305011480215006));
#9021=CARTESIAN_POINT('',(0.022,-0.0174097614855113,0.00305591125755985));
#9022=CARTESIAN_POINT('',(0.022,-0.0174406456042261,0.00306422294887631));
#9023=CARTESIAN_POINT('',(0.022,-0.017477775428204,0.00307505345602819));
#9024=CARTESIAN_POINT('',(0.022,-0.0175215166558445,0.00308875328170644));
#9025=CARTESIAN_POINT('',(0.022,-0.0175716249836958,0.0031055598134334));
#9026=CARTESIAN_POINT('',(0.022,-0.0176280333775937,0.00312574141008141));
#9027=CARTESIAN_POINT('',(0.022,-0.0176906114738674,0.00314955306693098));
#9028=CARTESIAN_POINT('',(0.022,-0.0177592376526018,0.0031772494018021));
#9029=CARTESIAN_POINT('',(0.022,-0.0178337778390451,0.00320908054471044));
#9030=CARTESIAN_POINT('',(0.022,-0.0179140917953424,0.00324529306865462));
#9031=CARTESIAN_POINT('',(0.022,-0.0180000314188443,0.00328612945669181));
#9032=CARTESIAN_POINT('',(0.022,-0.0180914413604209,0.0033318279960153));
#9033=CARTESIAN_POINT('',(0.022,-0.0181881589857393,0.00338262255327778));
#9034=CARTESIAN_POINT('',(0.022,-0.0182900145314603,0.00343874238785084));
#9035=CARTESIAN_POINT('',(0.022,-0.0183968312130537,0.00350041195696168));
#9036=CARTESIAN_POINT('',(0.022,-0.0185084253526435,0.00356785073151821));
#9037=CARTESIAN_POINT('',(0.022,-0.0186246065082525,0.00364127299539655));
#9038=CARTESIAN_POINT('',(0.022,-0.0187451776058863,0.00372088772154498));
#9039=CARTESIAN_POINT('',(0.022,-0.0188699350879486,0.00380689816712711));
#9040=CARTESIAN_POINT('',(0.022,-0.0189986690197391,0.00389950257156343));
#9041=CARTESIAN_POINT('',(0.022,-0.0191311633800915,0.00399889061251137));
#9042=CARTESIAN_POINT('',(0.022,-0.0192671956633441,0.0041052562361469));
#9043=CARTESIAN_POINT('',(0.022,-0.0194065391541252,0.00421874745361716));
#9044=CARTESIAN_POINT('',(0.022,-0.0195489549434516,0.00433965857285511));
#9045=CARTESIAN_POINT('',(0.022,-0.0196608326676136,0.00443826220575367));
#9046=CARTESIAN_POINT('',(0.022,-0.0197251461677179,0.00449690201055738));
#9047=CARTESIAN_POINT('',(0.022,-0.0197410491177942,0.00451148309637051));
#9048=CARTESIAN_POINT('',(0.01,-8.89307549646774E-16,1.05261993622858E-16));
#9049=CARTESIAN_POINT('',(0.01,-0.0167723776858012,0.00185821736210802));
#9050=CARTESIAN_POINT('',(0.022,-0.0167723776858012,0.00185821736210802));
#9051=CARTESIAN_POINT('',(0.022,-8.89307549646774E-16,1.05261993622858E-16));
#9052=CARTESIAN_POINT('',(0.022,-0.016707562464667,0.00237128266751349));
#9053=CARTESIAN_POINT('',(0.01,-0.016707562464667,0.00237128266751349));
#9054=CARTESIAN_POINT('',(0.0125,-0.0173371935402498,0.00192079350049411));
#9055=CARTESIAN_POINT('',(0.022,-0.0173371935402498,0.00192079350049411));
#9056=CARTESIAN_POINT('',(0.0125,-0.0172701956432189,0.00245113646469603));
#9057=CARTESIAN_POINT('',(0.022,-0.0172701956432189,0.00245113646469603));
#9058=CARTESIAN_POINT('',(0.01,-0.0164983985928575,0.00563422632906026));
#9059=CARTESIAN_POINT('',(0.022,-0.0164983985928575,0.00563422632906026));
#9060=CARTESIAN_POINT('',(0.01,-0.0165712122111501,0.0056590794296965));
#9061=CARTESIAN_POINT('',(0.022,-0.0165712122111501,0.0056590794296965));
#9062=CARTESIAN_POINT('',(0.01,-0.0166845234154831,0.00569762417915175));
#9063=CARTESIAN_POINT('',(0.022,-0.0166845234154831,0.00569762417915175));
#9064=CARTESIAN_POINT('',(0.00999999999999999,-0.0166955536977112,0.00570036985340876));
#9065=CARTESIAN_POINT('',(0.022,-0.0166955536977112,0.00570036985340876));
#9066=CARTESIAN_POINT('',(0.01,-0.0167909467452835,0.00572528717386837));
#9067=CARTESIAN_POINT('',(0.022,-0.0167909467452835,0.00572528717386837));
#9068=CARTESIAN_POINT('',(0.01,-0.0169071323485992,0.0057465911718464));
#9069=CARTESIAN_POINT('',(0.022,-0.0169071323485992,0.0057465911718464));
#9070=CARTESIAN_POINT('',(0.01,-0.017094865818373,0.00577366874121737));
#9071=CARTESIAN_POINT('',(0.022,-0.017094865818373,0.00577366874121737));
#9072=CARTESIAN_POINT('',(0.01,-0.0173633698322562,0.00579587890690337));
#9073=CARTESIAN_POINT('',(0.022,-0.0173633698322562,0.00579587890690337));
#9074=CARTESIAN_POINT('',(0.01,-0.0177293261104996,0.00580082474438305));
#9075=CARTESIAN_POINT('',(0.022,-0.0177293261104996,0.00580082474438305));
#9076=CARTESIAN_POINT('',(0.01,-0.0181284934013375,0.00578113930770742));
#9077=CARTESIAN_POINT('',(0.022,-0.0181284934013375,0.00578113930770742));
#9078=CARTESIAN_POINT('',(0.01,-0.0186970821932196,0.00571990851452637));
#9079=CARTESIAN_POINT('',(0.022,-0.0186970821932196,0.00571990851452637));
#9080=CARTESIAN_POINT('',(0.01,-0.0191561925811844,0.00563412081505214));
#9081=CARTESIAN_POINT('',(0.022,-0.0191561925811844,0.00563412081505214));
#9082=CARTESIAN_POINT('',(0.01,-0.0194726367703213,0.0055568801688653));
#9083=CARTESIAN_POINT('',(0.022,-0.0194726367703213,0.0055568801688653));
#9084=CARTESIAN_POINT('',(0.022,-0.0159695777255929,0.00545327537047663));
#9085=CARTESIAN_POINT('',(0.022,-0.0163001297665878,0.00556648148452948));
#9086=CARTESIAN_POINT('',(0.022,-0.0166699846873712,0.00569314788846146));
#9087=CARTESIAN_POINT('',(0.022,-0.0166862490556972,0.0056976429808883));
#9088=CARTESIAN_POINT('',(0.022,-0.0167054463921312,0.00570324920325633));
#9089=CARTESIAN_POINT('',(0.022,-0.0167284867637822,0.00570930111225867));
#9090=CARTESIAN_POINT('',(0.022,-0.0167595549111489,0.00571689605929782));
#9091=CARTESIAN_POINT('',(0.022,-0.0167973096605425,0.00572529264265249));
#9092=CARTESIAN_POINT('',(0.022,-0.0168422403318722,0.00573435989102072));
#9093=CARTESIAN_POINT('',(0.022,-0.0168942472027024,0.00574377208604547));
#9094=CARTESIAN_POINT('',(0.022,-0.0169534008134202,0.00575326176909935));
#9095=CARTESIAN_POINT('',(0.022,-0.0170197097703829,0.00576254268293729));
#9096=CARTESIAN_POINT('',(0.022,-0.0170931901603171,0.00577133311342186));
#9097=CARTESIAN_POINT('',(0.022,-0.0171738449936759,0.00577934927894512));
#9098=CARTESIAN_POINT('',(0.022,-0.0172616701665387,0.0057863075458395));
#9099=CARTESIAN_POINT('',(0.022,-0.0173566527126678,0.00579192407558657));
#9100=CARTESIAN_POINT('',(0.022,-0.017458771294314,0.00579591521551312));
#9101=CARTESIAN_POINT('',(0.022,-0.0175679960600441,0.00579799767702166));
#9102=CARTESIAN_POINT('',(0.022,-0.0176842886916545,0.00579788877448108));
#9103=CARTESIAN_POINT('',(0.022,-0.0178076024047743,0.00579530664792676));
#9104=CARTESIAN_POINT('',(0.022,-0.0179378819721701,0.00578997048604453));
#9105=CARTESIAN_POINT('',(0.022,-0.0180750637403097,0.00578160076432001));
#9106=CARTESIAN_POINT('',(0.022,-0.0182190756854211,0.00576991941724187));
#9107=CARTESIAN_POINT('',(0.022,-0.0183698373485081,0.0057546502645799));
#9108=CARTESIAN_POINT('',(0.022,-0.0185272602649596,0.00573551845099248));
#9109=CARTESIAN_POINT('',(0.022,-0.018691246511893,0.00571225369169086));
#9110=CARTESIAN_POINT('',(0.022,-0.0188616945403933,0.00568457883742535));
#9111=CARTESIAN_POINT('',(0.022,-0.01903847698318,0.00565225496407585));
#9112=CARTESIAN_POINT('',(0.022,-0.0192215262666432,0.00561490907235414));
#9113=CARTESIAN_POINT('',(0.022,-0.0193670681261031,0.00558239955483374));
#9114=CARTESIAN_POINT('',(0.022,-0.0194516764172743,0.00556199636713735));
#9115=CARTESIAN_POINT('',(0.022,-0.0194726367703213,0.0055568801688653));
#9116=CARTESIAN_POINT('',(0.022,-0.0164983985925853,0.00563422632896736));
#9117=CARTESIAN_POINT('',(0.01,-0.0164983985925854,0.00563422632896739));
#9118=CARTESIAN_POINT('',(0.01,-0.0158837083045921,0.00718675677552191));
#9119=CARTESIAN_POINT('',(0.022,-0.0158837083045921,0.00718675677552191));
#9120=CARTESIAN_POINT('',(0.01,-0.0159538002660903,0.00721848399653832));
#9121=CARTESIAN_POINT('',(0.022,-0.0159538002660903,0.00721848399653832));
#9122=CARTESIAN_POINT('',(0.01,-0.0160627862758728,0.0072679529404291));
#9123=CARTESIAN_POINT('',(0.022,-0.0160627862758728,0.0072679529404291));
#9124=CARTESIAN_POINT('',(0.01,-0.0160727065489351,0.00727350217781142));
#9125=CARTESIAN_POINT('',(0.022,-0.0160727065489351,0.00727350217781142));
#9126=CARTESIAN_POINT('',(0.01,-0.0161593021674976,0.00732063926755826));
#9127=CARTESIAN_POINT('',(0.022,-0.0161593021674976,0.00732063926755826));
#9128=CARTESIAN_POINT('',(0.01,-0.0162585814174333,0.00738464383989406));
#9129=CARTESIAN_POINT('',(0.022,-0.0162585814174333,0.00738464383989406));
#9130=CARTESIAN_POINT('',(0.01,-0.0164139690989639,0.00749341754473534));
#9131=CARTESIAN_POINT('',(0.022,-0.0164139690989639,0.00749341754473534));
#9132=CARTESIAN_POINT('',(0.01,-0.016624904006064,0.00766103067637444));
#9133=CARTESIAN_POINT('',(0.022,-0.016624904006064,0.00766103067637444));
#9134=CARTESIAN_POINT('',(0.01,-0.0168950603106445,0.00790793962718338));
#9135=CARTESIAN_POINT('',(0.022,-0.0168950603106445,0.00790793962718338));
#9136=CARTESIAN_POINT('',(0.01,-0.0171725651340528,0.00819553850666146));
#9137=CARTESIAN_POINT('',(0.022,-0.0171725651340528,0.00819553850666146));
#9138=CARTESIAN_POINT('',(0.01,-0.0175451331629727,0.008629399645869));
#9139=CARTESIAN_POINT('',(0.022,-0.0175451331629727,0.008629399645869));
#9140=CARTESIAN_POINT('',(0.01,-0.0178210845109224,0.0090062188747874));
#9141=CARTESIAN_POINT('',(0.022,-0.0178210845109224,0.0090062188747874));
#9142=CARTESIAN_POINT('',(0.01,-0.0179988875363262,0.00927914583648103));
#9143=CARTESIAN_POINT('',(0.022,-0.0179988875363262,0.00927914583648103));
#9144=CARTESIAN_POINT('',(0.015,-0.0158837083043302,0.00718675677540334));
#9145=CARTESIAN_POINT('',(0.022,-0.0158837083043301,0.00718675677540331));
#9146=CARTESIAN_POINT('',(0.022,-0.0153743450278169,0.00695666155319051));
#9147=CARTESIAN_POINT('',(0.022,-0.0156928020131808,0.00710041629063562));
#9148=CARTESIAN_POINT('',(0.022,-0.0160491237673592,0.00726126357165665));
#9149=CARTESIAN_POINT('',(0.022,-0.0160640570841254,0.00726912051656741));
#9150=CARTESIAN_POINT('',(0.022,-0.0160818890634131,0.00727817523744023));
#9151=CARTESIAN_POINT('',(0.022,-0.0161028275883037,0.00728953580537474));
#9152=CARTESIAN_POINT('',(0.022,-0.0161306743920615,0.00730526693762273));
#9153=CARTESIAN_POINT('',(0.022,-0.0161639442767407,0.00732499099621205));
#9154=CARTESIAN_POINT('',(0.022,-0.0162029042851782,0.00734913841764076));
#9155=CARTESIAN_POINT('',(0.022,-0.0162472587532884,0.00737787837566782));
#9156=CARTESIAN_POINT('',(0.022,-0.0162968760147711,0.00741145412745939));
#9157=CARTESIAN_POINT('',(0.022,-0.0163515663868221,0.00745008023702375));
#9158=CARTESIAN_POINT('',(0.022,-0.0164111487495629,0.00749397307725091));
#9159=CARTESIAN_POINT('',(0.022,-0.016475431035641,0.00754334157682722));
#9160=CARTESIAN_POINT('',(0.022,-0.0165442160928207,0.00759838968647089));
#9161=CARTESIAN_POINT('',(0.022,-0.0166173001682851,0.00765931543955668));
#9162=CARTESIAN_POINT('',(0.022,-0.016694473533868,0.00772631100329004));
#9163=CARTESIAN_POINT('',(0.022,-0.0167755205044215,0.00779956245145874));
#9164=CARTESIAN_POINT('',(0.022,-0.0168602196355468,0.007879249622404));
#9165=CARTESIAN_POINT('',(0.022,-0.0169483438764821,0.0079655459570916));
#9166=CARTESIAN_POINT('',(0.022,-0.0170396607397344,0.00805861835251707));
#9167=CARTESIAN_POINT('',(0.022,-0.0171339324761784,0.00815862699944064));
#9168=CARTESIAN_POINT('',(0.022,-0.0172309162338029,0.00826572529523178));
#9169=CARTESIAN_POINT('',(0.022,-0.0173303643021465,0.00838005948864085));
#9170=CARTESIAN_POINT('',(0.022,-0.0174320240418544,0.00850176938239548));
#9171=CARTESIAN_POINT('',(0.022,-0.0175356390475474,0.00863098497280125));
#9172=CARTESIAN_POINT('',(0.022,-0.0176409455715354,0.00876783877795041));
#9173=CARTESIAN_POINT('',(0.022,-0.0177476872122521,0.00891241777712762));
#9174=CARTESIAN_POINT('',(0.022,-0.0178555593750723,0.00906494761779279));
#9175=CARTESIAN_POINT('',(0.022,-0.0179394005284614,0.00918827629484256));
#9176=CARTESIAN_POINT('',(0.022,-0.0179871103752556,0.0092610679394314));
#9177=CARTESIAN_POINT('',(0.022,-0.0179988875363262,0.00927914583648103));
#9178=CARTESIAN_POINT('',(0.01,-8.30854199320974E-16,3.27294742345506E-16));
#9179=CARTESIAN_POINT('',(0.01,-0.0157833227324462,0.00597095876082291));
#9180=CARTESIAN_POINT('',(0.022,-0.0157833227324462,0.00597095876082291));
#9181=CARTESIAN_POINT('',(0.022,-8.30854199320974E-16,3.27294742345506E-16));
#9182=CARTESIAN_POINT('',(0.022,-0.0155929496477613,0.00645178628616755));
#9183=CARTESIAN_POINT('',(0.01,-0.0155929496477613,0.00645178628616755));
#9184=CARTESIAN_POINT('',(0.0125,-0.0163148318054091,0.00617203294586388));
#9185=CARTESIAN_POINT('',(0.022,-0.0163148318054091,0.00617203294586388));
#9186=CARTESIAN_POINT('',(0.0125,-0.0161180478385879,0.00666905251116001));
#9187=CARTESIAN_POINT('',(0.022,-0.0161180478385879,0.00666905251116001));
#9188=CARTESIAN_POINT('',(0.01,-0.0117433476622019,0.0128854743079382));
#9189=CARTESIAN_POINT('',(0.022,-0.0117433476622019,0.0128854743079382));
#9190=CARTESIAN_POINT('',(0.01,-0.0117951816497655,0.0129423314741826));
#9191=CARTESIAN_POINT('',(0.022,-0.0117951816497655,0.0129423314741826));
#9192=CARTESIAN_POINT('',(0.01,-0.011875907940379,0.0130306965846152));
#9193=CARTESIAN_POINT('',(0.022,-0.011875907940379,0.0130306965846152));
#9194=CARTESIAN_POINT('',(0.01,-0.011884251111717,0.0130384165162976));
#9195=CARTESIAN_POINT('',(0.022,-0.011884251111717,0.0130384165162976));
#9196=CARTESIAN_POINT('',(0.01,-0.0119558406658541,0.0131062076818169));
#9197=CARTESIAN_POINT('',(0.022,-0.0119558406658541,0.0131062076818169));
#9198=CARTESIAN_POINT('',(0.01,-0.0120473916068658,0.0131808493588318));
#9199=CARTESIAN_POINT('',(0.022,-0.0120473916068658,0.0131808493588318));
#9200=CARTESIAN_POINT('',(0.01,-0.012198858981966,0.0132950189025663));
#9201=CARTESIAN_POINT('',(0.022,-0.012198858981966,0.0132950189025663));
#9202=CARTESIAN_POINT('',(0.01,-0.0124234510140289,0.0134438346143211));
#9203=CARTESIAN_POINT('',(0.022,-0.0124234510140289,0.0134438346143211));
#9204=CARTESIAN_POINT('',(0.01,-0.0127417582698802,0.0136244694663473));
#9205=CARTESIAN_POINT('',(0.022,-0.0127417582698802,0.0136244694663473));
#9206=CARTESIAN_POINT('',(0.01,-0.0131010347647413,0.0137995192956312));
#9207=CARTESIAN_POINT('',(0.022,-0.0131010347647413,0.0137995192956312));
#9208=CARTESIAN_POINT('',(0.01,-0.0136287910808487,0.0140197820820846));
#9209=CARTESIAN_POINT('',(0.022,-0.0136287910808487,0.0140197820820846));
#9210=CARTESIAN_POINT('',(0.01,-0.0140724411201146,0.0141657838641898));
#9211=CARTESIAN_POINT('',(0.022,-0.0140724411201146,0.0141657838641898));
#9212=CARTESIAN_POINT('',(0.01,-0.0143869542420065,0.0142505455207304));
#9213=CARTESIAN_POINT('',(0.022,-0.0143869542420065,0.0142505455207304));
#9214=CARTESIAN_POINT('',(0.022,-0.0113671121928012,0.0124721443784246));
#9215=CARTESIAN_POINT('',(0.022,-0.0116022396930515,0.0127305923126221));
#9216=CARTESIAN_POINT('',(0.022,-0.0118653240253016,0.0130197698954968));
#9217=CARTESIAN_POINT('',(0.022,-0.0118774110726202,0.0130315443942158));
#9218=CARTESIAN_POINT('',(0.022,-0.0118915330085528,0.0130457055516868));
#9219=CARTESIAN_POINT('',(0.022,-0.0119088079107441,0.0130621086636681));
#9220=CARTESIAN_POINT('',(0.022,-0.0119323742421774,0.0130837313606346));
#9221=CARTESIAN_POINT('',(0.022,-0.0119614138963933,0.0131092778319529));
#9222=CARTESIAN_POINT('',(0.022,-0.011996418763603,0.0131388690382606));
#9223=CARTESIAN_POINT('',(0.022,-0.0120374583723852,0.0131721715087357));
#9224=CARTESIAN_POINT('',(0.022,-0.0120847233869286,0.0132089848506869));
#9225=CARTESIAN_POINT('',(0.022,-0.0121383592545214,0.0132490623611227));
#9226=CARTESIAN_POINT('',(0.022,-0.01219851578889,0.013292164921902));
#9227=CARTESIAN_POINT('',(0.022,-0.0122653323409472,0.013338045303603));
#9228=CARTESIAN_POINT('',(0.022,-0.0123389419559611,0.0133864529790694));
#9229=CARTESIAN_POINT('',(0.022,-0.0124194700117802,0.0134371329721786));
#9230=CARTESIAN_POINT('',(0.022,-0.0125070344607099,0.0134898264366594));
#9231=CARTESIAN_POINT('',(0.022,-0.0126017456190625,0.0135442707437836));
#9232=CARTESIAN_POINT('',(0.022,-0.0127037060931816,0.0136001997143091));
#9233=CARTESIAN_POINT('',(0.022,-0.012813010672684,0.0136573438139234));
#9234=CARTESIAN_POINT('',(0.022,-0.0129297462434586,0.0137154303598735));
#9235=CARTESIAN_POINT('',(0.022,-0.0130539916874516,0.0137741837376372));
#9236=CARTESIAN_POINT('',(0.022,-0.0131858178488321,0.0138333255788327));
#9237=CARTESIAN_POINT('',(0.022,-0.0133252872716851,0.0138925751034622));
#9238=CARTESIAN_POINT('',(0.022,-0.0134724548464515,0.0139516488358025));
#9239=CARTESIAN_POINT('',(0.022,-0.0136273649733452,0.0140102627487792));
#9240=CARTESIAN_POINT('',(0.022,-0.013790062182043,0.0140681250530906));
#9241=CARTESIAN_POINT('',(0.022,-0.0139605499623188,0.0141249650182787));
#9242=CARTESIAN_POINT('',(0.022,-0.0141389487927443,0.0141804232287408));
#9243=CARTESIAN_POINT('',(0.022,-0.0142821496759238,0.0142220502469031));
#9244=CARTESIAN_POINT('',(0.022,-0.0143661217973003,0.0142449311523617));
#9245=CARTESIAN_POINT('',(0.022,-0.0143869542420065,0.0142505455207304));
#9246=CARTESIAN_POINT('',(0.022,-0.0117433476620081,0.0128854743077257));
#9247=CARTESIAN_POINT('',(0.01,-0.0117433476620082,0.0128854743077257));
#9248=CARTESIAN_POINT('',(0.01,-0.0104567532096992,0.0139498378043376));
#9249=CARTESIAN_POINT('',(0.022,-0.0104567532096992,0.0139498378043376));
#9250=CARTESIAN_POINT('',(0.01,-0.0105028905584838,0.0140114076400302));
#9251=CARTESIAN_POINT('',(0.022,-0.0105028905584838,0.0140114076400302));
#9252=CARTESIAN_POINT('',(0.01,-0.0105745638814141,0.0141072620166548));
#9253=CARTESIAN_POINT('',(0.022,-0.0105745638814141,0.0141072620166548));
#9254=CARTESIAN_POINT('',(0.01,-0.0105805837174691,0.0141169039784379));
#9255=CARTESIAN_POINT('',(0.022,-0.0105805837174691,0.0141169039784379));
#9256=CARTESIAN_POINT('',(0.01,-0.0106337595703059,0.0141999282824645));
#9257=CARTESIAN_POINT('',(0.022,-0.0106337595703059,0.0141999282824645));
#9258=CARTESIAN_POINT('',(0.01,-0.0106899242023323,0.0143038440601743));
#9259=CARTESIAN_POINT('',(0.022,-0.0106899242023323,0.0143038440601743));
#9260=CARTESIAN_POINT('',(0.01,-0.0107736893337011,0.0144740217708273));
#9261=CARTESIAN_POINT('',(0.022,-0.0107736893337011,0.0144740217708273));
#9262=CARTESIAN_POINT('',(0.01,-0.0108777847598525,0.0147225209442376));
#9263=CARTESIAN_POINT('',(0.022,-0.0108777847598525,0.0147225209442376));
#9264=CARTESIAN_POINT('',(0.01,-0.0109955752399916,0.0150690376995074));
#9265=CARTESIAN_POINT('',(0.022,-0.0109955752399916,0.0150690376995074));
#9266=CARTESIAN_POINT('',(0.01,-0.0111002027536326,0.0154547514870251));
#9267=CARTESIAN_POINT('',(0.022,-0.0111002027536326,0.0154547514870251));
#9268=CARTESIAN_POINT('',(0.01,-0.0112176724082825,0.016014432918309));
#9269=CARTESIAN_POINT('',(0.022,-0.0112176724082825,0.016014432918309));
#9270=CARTESIAN_POINT('',(0.01,-0.0112779563698548,0.0164775827015276));
#9271=CARTESIAN_POINT('',(0.022,-0.0112779563698548,0.0164775827015276));
#9272=CARTESIAN_POINT('',(0.01,-0.0113022827821904,0.0168024076819783));
#9273=CARTESIAN_POINT('',(0.022,-0.0113022827821904,0.0168024076819783));
#9274=CARTESIAN_POINT('',(0.015,-0.0104567532095268,0.0139498378041074));
#9275=CARTESIAN_POINT('',(0.022,-0.0104567532095267,0.0139498378041074));
#9276=CARTESIAN_POINT('',(0.022,-0.0101212439864435,0.0135028161939234));
#9277=CARTESIAN_POINT('',(0.022,-0.0103310555970907,0.0137822072533769));
#9278=CARTESIAN_POINT('',(0.022,-0.0105658139619211,0.0140948181144404));
#9279=CARTESIAN_POINT('',(0.022,-0.0105751150150805,0.014108897387969));
#9280=CARTESIAN_POINT('',(0.022,-0.0105863791526003,0.0141254227218941));
#9281=CARTESIAN_POINT('',(0.022,-0.0105992547264898,0.0141454652747606));
#9282=CARTESIAN_POINT('',(0.022,-0.0106160785358824,0.0141726658710565));
#9283=CARTESIAN_POINT('',(0.022,-0.0106357310203775,0.014205978084537));
#9284=CARTESIAN_POINT('',(0.022,-0.0106582388270325,0.0142459077584486));
#9285=CARTESIAN_POINT('',(0.022,-0.0106832613633542,0.0142924607036269));
#9286=CARTESIAN_POINT('',(0.022,-0.0107105660592506,0.0143457866572274));
#9287=CARTESIAN_POINT('',(0.022,-0.0107398833274141,0.0144059822627363));
#9288=CARTESIAN_POINT('',(0.022,-0.0107709502128505,0.0144731498739955));
#9289=CARTESIAN_POINT('',(0.022,-0.0108034977534934,0.0145473800474558));
#9290=CARTESIAN_POINT('',(0.022,-0.010837254929514,0.0146287565276799));
#9291=CARTESIAN_POINT('',(0.022,-0.0108719477876518,0.014717354693969));
#9292=CARTESIAN_POINT('',(0.022,-0.0109072999644565,0.0148132419064142));
#9293=CARTESIAN_POINT('',(0.022,-0.0109430328118613,0.0149164773156063));
#9294=CARTESIAN_POINT('',(0.022,-0.0109788656388787,0.0150271118334323));
#9295=CARTESIAN_POINT('',(0.022,-0.0110145159235868,0.0151451880648303));
#9296=CARTESIAN_POINT('',(0.022,-0.0110496995324018,0.0152707402610486));
#9297=CARTESIAN_POINT('',(0.022,-0.0110841309516897,0.0154037942618058));
#9298=CARTESIAN_POINT('',(0.022,-0.0111175234688643,0.0155443674953926));
#9299=CARTESIAN_POINT('',(0.022,-0.011149589557721,0.0156924687851412));
#9300=CARTESIAN_POINT('',(0.022,-0.0111800404782277,0.0158480989311783));
#9301=CARTESIAN_POINT('',(0.022,-0.01120858891444,0.0160112483259014));
#9302=CARTESIAN_POINT('',(0.022,-0.0112349399014176,0.0161819060343812));
#9303=CARTESIAN_POINT('',(0.022,-0.0112588268501649,0.0163600247547491));
#9304=CARTESIAN_POINT('',(0.022,-0.0112798741358843,0.0165456554838019));
#9305=CARTESIAN_POINT('',(0.022,-0.011293930655371,0.0166941200110278));
#9306=CARTESIAN_POINT('',(0.022,-0.0113006714705961,0.0167808922094163));
#9307=CARTESIAN_POINT('',(0.022,-0.0113022827821904,0.0168024076819783));
#9308=CARTESIAN_POINT('',(0.01,-5.60831815427632E-16,6.94223831491583E-16));
#9309=CARTESIAN_POINT('',(0.01,-0.0109544998227944,0.0128360647642646));
#9310=CARTESIAN_POINT('',(0.022,-0.0109544998227944,0.0128360647642646));
#9311=CARTESIAN_POINT('',(0.022,-5.60831815427632E-16,6.94223831491583E-16));
#9312=CARTESIAN_POINT('',(0.022,-0.0105560341900406,0.0131657042036761));
#9313=CARTESIAN_POINT('',(0.01,-0.0105560341900406,0.0131657042036761));
#9314=CARTESIAN_POINT('',(0.0125,-0.0113233965465253,0.0132683238645187));
#9315=CARTESIAN_POINT('',(0.022,-0.0113233965465253,0.0132683238645187));
#9316=CARTESIAN_POINT('',(0.0125,-0.0109115124401925,0.0136090640306798));
#9317=CARTESIAN_POINT('',(0.022,-0.0109115124401925,0.0136090640306798));
#9318=CARTESIAN_POINT('',(0.01,-0.0145788959525948,0.00956020163277389));
#9319=CARTESIAN_POINT('',(0.022,-0.0145788959525948,0.00956020163277389));
#9320=CARTESIAN_POINT('',(0.01,-0.0146432412823809,0.00960238193806923));
#9321=CARTESIAN_POINT('',(0.022,-0.0146432412823809,0.00960238193806923));
#9322=CARTESIAN_POINT('',(0.01,-0.0147434069174723,0.0096678950839616));
#9323=CARTESIAN_POINT('',(0.022,-0.0147434069174723,0.0096678950839616));
#9324=CARTESIAN_POINT('',(0.01,-0.0147534078416797,0.00967329761745558));
#9325=CARTESIAN_POINT('',(0.022,-0.0147534078416797,0.00967329761745558));
#9326=CARTESIAN_POINT('',(0.01,-0.0148396072556334,0.00972115540071027));
#9327=CARTESIAN_POINT('',(0.022,-0.0148396072556334,0.00972115540071027));
#9328=CARTESIAN_POINT('',(0.01,-0.0149468445857174,0.00977068427899529));
#9329=CARTESIAN_POINT('',(0.022,-0.0149468445857174,0.00977068427899529));
#9330=CARTESIAN_POINT('',(0.01,-0.0151219461456489,0.00984359857214741));
#9331=CARTESIAN_POINT('',(0.022,-0.0151219461456489,0.00984359857214741));
#9332=CARTESIAN_POINT('',(0.01,-0.0153764911685933,0.00993188519755268));
#9333=CARTESIAN_POINT('',(0.022,-0.0153764911685933,0.00993188519755268));
#9334=CARTESIAN_POINT('',(0.01,-0.0157297202776444,0.0100276852779968));
#9335=CARTESIAN_POINT('',(0.022,-0.0157297202776444,0.0100276852779968));
#9336=CARTESIAN_POINT('',(0.01,-0.0161212425630489,0.0101078871640317));
#9337=CARTESIAN_POINT('',(0.022,-0.0161212425630489,0.0101078871640317));
#9338=CARTESIAN_POINT('',(0.00999999999999999,-0.0166871955715198,0.0101899823313104));
#9339=CARTESIAN_POINT('',(0.022,-0.0166871955715198,0.0101899823313104));
#9340=CARTESIAN_POINT('',(0.01,-0.0171532166957035,0.0102210659207467));
#9341=CARTESIAN_POINT('',(0.022,-0.0171532166957035,0.0102210659207467));
#9342=CARTESIAN_POINT('',(0.01,-0.0174789281763238,0.010224948401186));
#9343=CARTESIAN_POINT('',(0.022,-0.0174789281763238,0.010224948401186));
#9344=CARTESIAN_POINT('',(0.022,-0.0141116896387814,0.00925342317948923));
#9345=CARTESIAN_POINT('',(0.022,-0.0144037035638357,0.00944527766507478));
#9346=CARTESIAN_POINT('',(0.022,-0.0147304381584656,0.009659943789521));
#9347=CARTESIAN_POINT('',(0.022,-0.014745073667724,0.00966834244427713));
#9348=CARTESIAN_POINT('',(0.022,-0.0147622736737244,0.009678546720292));
#9349=CARTESIAN_POINT('',(0.022,-0.0147830851411649,0.00969013840487048));
#9350=CARTESIAN_POINT('',(0.022,-0.0148112884390295,0.00970522107674532));
#9351=CARTESIAN_POINT('',(0.022,-0.0148457689081777,0.00972274309036028));
#9352=CARTESIAN_POINT('',(0.022,-0.0148870330668723,0.00974269927803074));
#9353=CARTESIAN_POINT('',(0.022,-0.0149350653285028,0.00976474935447955));
#9354=CARTESIAN_POINT('',(0.022,-0.014990000531556,0.00978865180646477));
#9355=CARTESIAN_POINT('',(0.022,-0.015051918201287,0.00981413151035317));
#9356=CARTESIAN_POINT('',(0.022,-0.015120903978485,0.00984091960318116));
#9357=CARTESIAN_POINT('',(0.022,-0.0151970313526406,0.00986874196753112));
#9358=CARTESIAN_POINT('',(0.022,-0.0152803668855899,0.00989732286000514));
#9359=CARTESIAN_POINT('',(0.022,-0.0153709686062226,0.0099263841348216));
#9360=CARTESIAN_POINT('',(0.022,-0.0154688863887054,0.00995564574429519));
#9361=CARTESIAN_POINT('',(0.022,-0.0155741617704522,0.00998482587611107));
#9362=CARTESIAN_POINT('',(0.022,-0.0156868279381539,0.0100136411963774));
#9363=CARTESIAN_POINT('',(0.022,-0.0158069096729794,0.0100418070654786));
#9364=CARTESIAN_POINT('',(0.022,-0.0159344233176946,0.01006903775985));
#9365=CARTESIAN_POINT('',(0.022,-0.0160693767334797,0.010095046706764));
#9366=CARTESIAN_POINT('',(0.022,-0.0162117693114027,0.0101195466650649));
#9367=CARTESIAN_POINT('',(0.022,-0.0163615918034651,0.0101422501218937));
#9368=CARTESIAN_POINT('',(0.022,-0.0165188268780781,0.0101628688567406));
#9369=CARTESIAN_POINT('',(0.022,-0.0166834469058802,0.0101811167238798));
#9370=CARTESIAN_POINT('',(0.022,-0.0168554224525178,0.0101967000270267));
#9371=CARTESIAN_POINT('',(0.022,-0.0170346895702002,0.0102093556733473));
#9372=CARTESIAN_POINT('',(0.022,-0.0172212755694175,0.0102187055771384));
#9373=CARTESIAN_POINT('',(0.022,-0.0173703297519738,0.0102234121944986));
#9374=CARTESIAN_POINT('',(0.022,-0.01745735398454,0.0102246912368471));
#9375=CARTESIAN_POINT('',(0.022,-0.0174789281763238,0.010224948401186));
#9376=CARTESIAN_POINT('',(0.022,-0.0145788959523543,0.00956020163261621));
#9377=CARTESIAN_POINT('',(0.01,-0.0145788959523544,0.00956020163261626));
#9378=CARTESIAN_POINT('',(0.01,-0.0135974186685211,0.0109110892219261));
#9379=CARTESIAN_POINT('',(0.022,-0.0135974186685211,0.0109110892219261));
#9380=CARTESIAN_POINT('',(0.01,-0.0136574183231441,0.0109592508359482));
#9381=CARTESIAN_POINT('',(0.022,-0.0136574183231441,0.0109592508359482));
#9382=CARTESIAN_POINT('',(0.01,-0.0137506779109437,0.0110342693404749));
#9383=CARTESIAN_POINT('',(0.022,-0.0137506779109437,0.0110342693404749));
#9384=CARTESIAN_POINT('',(0.01,-0.0137589064811672,0.0110421113099491));
#9385=CARTESIAN_POINT('',(0.022,-0.0137589064811672,0.0110421113099491));
#9386=CARTESIAN_POINT('',(0.01,-0.0138310590216038,0.0111093029559517));
#9387=CARTESIAN_POINT('',(0.022,-0.0138310590216038,0.0111093029559517));
#9388=CARTESIAN_POINT('',(0.01,-0.0139113019414689,0.0111959864524158));
#9389=CARTESIAN_POINT('',(0.022,-0.0139113019414689,0.0111959864524158));
#9390=CARTESIAN_POINT('',(0.01,-0.0140347569128627,0.0113399861762852));
#9391=CARTESIAN_POINT('',(0.022,-0.0140347569128627,0.0113399861762852));
#9392=CARTESIAN_POINT('',(0.01,-0.0141973812211795,0.0115547908114208));
#9393=CARTESIAN_POINT('',(0.022,-0.0141973812211795,0.0115547908114208));
#9394=CARTESIAN_POINT('',(0.01,-0.0143976463095522,0.0118611278044092));
#9395=CARTESIAN_POINT('',(0.022,-0.0143976463095522,0.0118611278044092));
#9396=CARTESIAN_POINT('',(0.01,-0.0145949098757513,0.0122087038794523));
#9397=CARTESIAN_POINT('',(0.022,-0.0145949098757513,0.0122087038794523));
#9398=CARTESIAN_POINT('',(0.01,-0.0148478761171833,0.01272158837423));
#9399=CARTESIAN_POINT('',(0.022,-0.0148478761171833,0.01272158837423));
#9400=CARTESIAN_POINT('',(0.01,-0.0150214468145766,0.0131551954437349));
#9401=CARTESIAN_POINT('',(0.022,-0.0150214468145766,0.0131551954437349));
#9402=CARTESIAN_POINT('',(0.01,-0.0151257896556728,0.0134637657173742));
#9403=CARTESIAN_POINT('',(0.022,-0.0151257896556728,0.0134637657173742));
#9404=CARTESIAN_POINT('',(0.015,-0.0135974186682969,0.0109110892217461));
#9405=CARTESIAN_POINT('',(0.022,-0.0135974186682968,0.0109110892217461));
#9406=CARTESIAN_POINT('',(0.022,-0.0131612803306182,0.0105615493682926));
#9407=CARTESIAN_POINT('',(0.022,-0.0134339820547507,0.0107799848180714));
#9408=CARTESIAN_POINT('',(0.022,-0.0137391082136239,0.0110243924028227));
#9409=CARTESIAN_POINT('',(0.022,-0.0137516184300401,0.0110357162722228));
#9410=CARTESIAN_POINT('',(0.022,-0.0137666383673955,0.0110489211553059));
#9411=CARTESIAN_POINT('',(0.022,-0.0137840938116657,0.0110651320095006));
#9412=CARTESIAN_POINT('',(0.022,-0.013807153583373,0.0110872941377859));
#9413=CARTESIAN_POINT('',(0.022,-0.0138344730595409,0.0111146724126715));
#9414=CARTESIAN_POINT('',(0.022,-0.0138662038481606,0.0111477501585543));
#9415=CARTESIAN_POINT('',(0.022,-0.0139020175021741,0.0111866177056204));
#9416=CARTESIAN_POINT('',(0.022,-0.0139417259962229,0.0112314779245875));
#9417=CARTESIAN_POINT('',(0.022,-0.0139850922468383,0.0112824914663458));
#9418=CARTESIAN_POINT('',(0.022,-0.0140318870146058,0.011339822863351));
#9419=CARTESIAN_POINT('',(0.022,-0.0140818723078708,0.0114036267152022));
#9420=CARTESIAN_POINT('',(0.022,-0.0141348064478163,0.0114740515353637));
#9421=CARTESIAN_POINT('',(0.022,-0.0141904428339975,0.0115512384643625));
#9422=CARTESIAN_POINT('',(0.022,-0.0142485305372034,0.0116353214748439));
#9423=CARTESIAN_POINT('',(0.022,-0.0143088143737622,0.0117264271560304));
#9424=CARTESIAN_POINT('',(0.022,-0.0143710351323816,0.0118246746253284));
#9425=CARTESIAN_POINT('',(0.022,-0.0144349297625025,0.0119301754095087));
#9426=CARTESIAN_POINT('',(0.022,-0.0145002315750593,0.0120430333449021));
#9427=CARTESIAN_POINT('',(0.022,-0.0145666704524304,0.0121633444637787));
#9428=CARTESIAN_POINT('',(0.022,-0.0146339730238726,0.012291196949408));
#9429=CARTESIAN_POINT('',(0.022,-0.0147018629906189,0.0124266708527804));
#9430=CARTESIAN_POINT('',(0.022,-0.01477006088292,0.012569838755611));
#9431=CARTESIAN_POINT('',(0.022,-0.0148382860220765,0.0127207628047077));
#9432=CARTESIAN_POINT('',(0.022,-0.0149062499906078,0.0128795057634799));
#9433=CARTESIAN_POINT('',(0.022,-0.0149736828114054,0.0130460881141214));
#9434=CARTESIAN_POINT('',(0.022,-0.0150402333430032,0.0132206526653593));
#9435=CARTESIAN_POINT('',(0.022,-0.0150907698776058,0.0133609571922101));
#9436=CARTESIAN_POINT('',(0.022,-0.0151188782859514,0.0134433269098456));
#9437=CARTESIAN_POINT('',(0.022,-0.0151257896556728,0.0134637657173742));
#9438=CARTESIAN_POINT('',(0.01,-7.19019969257114E-16,5.27815166880435E-16));
#9439=CARTESIAN_POINT('',(0.01,-0.013802543564811,0.00970852286094507));
#9440=CARTESIAN_POINT('',(0.022,-0.013802543564811,0.00970852286094507));
#9441=CARTESIAN_POINT('',(0.022,-7.19019969257114E-16,5.27815166880435E-16));
#9442=CARTESIAN_POINT('',(0.022,-0.0134985744576295,0.0101269004444515));
#9443=CARTESIAN_POINT('',(0.01,-0.0134985744576295,0.0101269004444515));
#9444=CARTESIAN_POINT('',(0.0125,-0.0142673491864805,0.0100354608620957));
#9445=CARTESIAN_POINT('',(0.022,-0.0142673491864805,0.0100354608620957));
#9446=CARTESIAN_POINT('',(0.0125,-0.0139531438102251,0.0104679274612884));
#9447=CARTESIAN_POINT('',(0.022,-0.0139531438102251,0.0104679274612884));
#9448=CARTESIAN_POINT('',(0.01,-0.02,0.0416024456129893));
#9449=CARTESIAN_POINT('',(0.01,0.,0.075));
#9450=CARTESIAN_POINT('',(0.01,0.,0.0727));
#9451=CARTESIAN_POINT('',(0.01,0.305147022494766,0.0375));
#9452=CARTESIAN_POINT('',(0.01,0.00727683520099121,0.0731840513615149));
#9453=CARTESIAN_POINT('',(0.01,-9.21571846612679E-19,0.075));
#9454=CARTESIAN_POINT('',(0.01,-0.00727683520099115,0.0731840513615149));
#9455=CARTESIAN_POINT('',(0.01,-0.305147022494766,0.0375));
#9456=CARTESIAN_POINT('',(0.01,5.14757278104916E-20,8.94641241901418E-19));
#9457=CARTESIAN_POINT('',(0.,5.14757278104916E-20,8.94641241901418E-19));
#9458=CARTESIAN_POINT('',(0.,-0.0075,-1.24041911961414E-17));
#9459=CARTESIAN_POINT('',(0.,0.00727683520099121,0.00181594863848499));
#9460=CARTESIAN_POINT('',(0.01,0.00727683520099121,0.00181594863848499));
#9461=CARTESIAN_POINT('',(0.01,-0.0075,-1.24041911961414E-17));
#9462=CARTESIAN_POINT('',(0.01,0.305147022494766,0.0375));
#9463=CARTESIAN_POINT('',(0.,0.305147022494766,0.0375));
#9464=CARTESIAN_POINT('',(0.,0.00727683520099121,0.0731840513615149));
#9465=CARTESIAN_POINT('',(0.01,0.00727683520099121,0.0731840513615149));
#9466=CARTESIAN_POINT('',(0.01,-9.21571846612679E-19,0.075));
#9467=CARTESIAN_POINT('',(0.,-9.21571846612679E-19,0.075));
#9468=CARTESIAN_POINT('',(0.,-0.00727683520099115,0.0731840513615149));
#9469=CARTESIAN_POINT('',(0.01,-0.00727683520099115,0.0731840513615149));
#9470=CARTESIAN_POINT('',(0.01,-0.305147022494766,0.0375));
#9471=CARTESIAN_POINT('',(0.,-0.305147022494766,0.0375));
#9472=CARTESIAN_POINT('',(0.01,2.16840434497101E-19,-4.33680868994202E-19));
#9473=CARTESIAN_POINT('',(0.,2.16840434497101E-19,-4.33680868994202E-19));
#9474=CARTESIAN_POINT('',(0.,2.16840434497101E-19,-0.0023));
#9475=CARTESIAN_POINT('',(0.022,0.,1.40834381901946E-19));
#9476=CARTESIAN_POINT('',(0.022,0.,-0.0023));
#9477=CARTESIAN_POINT('',(0.01,0.,0.075));
#9478=CARTESIAN_POINT('',(0.,0.,0.075));
#9479=CARTESIAN_POINT('',(0.,0.,0.0727));
#9480=CARTESIAN_POINT('',(0.,-0.02,0.0416024456129893));
#9481=CARTESIAN_POINT('',(0.022,1.87042167344994E-17,-1.50745882513151E-17));
#9482=MECHANICAL_DESIGN_GEOMETRIC_PRESENTATION_REPRESENTATION('',(#3013),
#9483);
#9483=(
GEOMETRIC_REPRESENTATION_CONTEXT(3)
GLOBAL_UNCERTAINTY_ASSIGNED_CONTEXT((#9484))
GLOBAL_UNIT_ASSIGNED_CONTEXT((#9487,#9486,#9485))
REPRESENTATION_CONTEXT('X Drive','TOP_LEVEL_ASSEMBLY_PART')
);
#9484=UNCERTAINTY_MEASURE_WITH_UNIT(LENGTH_MEASURE(2.E-5),#9487,
'DISTANCE_ACCURACY_VALUE','Maximum Tolerance applied to model');
#9485=(
NAMED_UNIT(*)
SI_UNIT($,.STERADIAN.)
SOLID_ANGLE_UNIT()
);
#9486=(
NAMED_UNIT(*)
PLANE_ANGLE_UNIT()
SI_UNIT($,.RADIAN.)
);
#9487=(
LENGTH_UNIT()
NAMED_UNIT(*)
SI_UNIT($,.METRE.)
);
#9488=PRODUCT_DEFINITION_SHAPE('','',#9489);
#9489=PRODUCT_DEFINITION('','',#9491,#9490);
#9490=PRODUCT_DEFINITION_CONTEXT('',#9497,'design');
#9491=PRODUCT_DEFINITION_FORMATION_WITH_SPECIFIED_SOURCE('','',#9493,
 .NOT_KNOWN.);
#9492=PRODUCT_RELATED_PRODUCT_CATEGORY('','',(#9493));
#9493=PRODUCT('X Drive','X Drive','X Drive',(#9495));
#9494=PRODUCT_CATEGORY('','');
#9495=PRODUCT_CONTEXT('',#9497,'mechanical');
#9496=APPLICATION_PROTOCOL_DEFINITION('international standard',
'ap242_managed_model_based_3d_engineering',2020,#9497);
#9497=APPLICATION_CONTEXT('managed model based 3d engineering');
ENDSEC;
END-ISO-10303-21;
